[2026-07-08T22:06:02.510-0500] {processor.py:161} INFO - Started process (PID=210) to work on /opt/airflow/dags/config.py
[2026-07-08T22:06:02.511-0500] {processor.py:830} INFO - Processing file /opt/airflow/dags/config.py for tasks to queue
[2026-07-08T22:06:02.514-0500] {logging_mixin.py:188} INFO - [2026-07-08T22:06:02.513-0500] {dagbag.py:545} INFO - Filling up the DagBag from /opt/airflow/dags/config.py
[2026-07-08T22:06:02.538-0500] {processor.py:842} WARNING - No viable dags retrieved from /opt/airflow/dags/config.py
[2026-07-08T22:06:02.553-0500] {processor.py:183} INFO - Processing /opt/airflow/dags/config.py took 0.050 seconds
[2026-07-08T22:06:33.326-0500] {processor.py:161} INFO - Started process (PID=259) to work on /opt/airflow/dags/config.py
[2026-07-08T22:06:33.328-0500] {processor.py:830} INFO - Processing file /opt/airflow/dags/config.py for tasks to queue
[2026-07-08T22:06:33.330-0500] {logging_mixin.py:188} INFO - [2026-07-08T22:06:33.330-0500] {dagbag.py:545} INFO - Filling up the DagBag from /opt/airflow/dags/config.py
[2026-07-08T22:06:33.352-0500] {processor.py:842} WARNING - No viable dags retrieved from /opt/airflow/dags/config.py
[2026-07-08T22:06:33.363-0500] {processor.py:183} INFO - Processing /opt/airflow/dags/config.py took 0.042 seconds
[2026-07-08T22:07:04.207-0500] {processor.py:161} INFO - Started process (PID=316) to work on /opt/airflow/dags/config.py
[2026-07-08T22:07:04.208-0500] {processor.py:830} INFO - Processing file /opt/airflow/dags/config.py for tasks to queue
[2026-07-08T22:07:04.210-0500] {logging_mixin.py:188} INFO - [2026-07-08T22:07:04.210-0500] {dagbag.py:545} INFO - Filling up the DagBag from /opt/airflow/dags/config.py
[2026-07-08T22:07:04.227-0500] {processor.py:842} WARNING - No viable dags retrieved from /opt/airflow/dags/config.py
[2026-07-08T22:07:04.238-0500] {processor.py:183} INFO - Processing /opt/airflow/dags/config.py took 0.036 seconds
[2026-07-08T22:07:35.105-0500] {processor.py:161} INFO - Started process (PID=377) to work on /opt/airflow/dags/config.py
[2026-07-08T22:07:35.107-0500] {processor.py:830} INFO - Processing file /opt/airflow/dags/config.py for tasks to queue
[2026-07-08T22:07:35.109-0500] {logging_mixin.py:188} INFO - [2026-07-08T22:07:35.108-0500] {dagbag.py:545} INFO - Filling up the DagBag from /opt/airflow/dags/config.py
[2026-07-08T22:07:35.129-0500] {processor.py:842} WARNING - No viable dags retrieved from /opt/airflow/dags/config.py
[2026-07-08T22:07:35.140-0500] {processor.py:183} INFO - Processing /opt/airflow/dags/config.py took 0.041 seconds
[2026-07-08T22:08:05.914-0500] {processor.py:161} INFO - Started process (PID=394) to work on /opt/airflow/dags/config.py
[2026-07-08T22:08:05.915-0500] {processor.py:830} INFO - Processing file /opt/airflow/dags/config.py for tasks to queue
[2026-07-08T22:08:05.917-0500] {logging_mixin.py:188} INFO - [2026-07-08T22:08:05.916-0500] {dagbag.py:545} INFO - Filling up the DagBag from /opt/airflow/dags/config.py
[2026-07-08T22:08:05.934-0500] {processor.py:842} WARNING - No viable dags retrieved from /opt/airflow/dags/config.py
[2026-07-08T22:08:05.947-0500] {processor.py:183} INFO - Processing /opt/airflow/dags/config.py took 0.037 seconds
[2026-07-08T22:08:36.726-0500] {processor.py:161} INFO - Started process (PID=411) to work on /opt/airflow/dags/config.py
[2026-07-08T22:08:36.727-0500] {processor.py:830} INFO - Processing file /opt/airflow/dags/config.py for tasks to queue
[2026-07-08T22:08:36.728-0500] {logging_mixin.py:188} INFO - [2026-07-08T22:08:36.728-0500] {dagbag.py:545} INFO - Filling up the DagBag from /opt/airflow/dags/config.py
[2026-07-08T22:08:36.741-0500] {processor.py:842} WARNING - No viable dags retrieved from /opt/airflow/dags/config.py
[2026-07-08T22:08:36.753-0500] {processor.py:183} INFO - Processing /opt/airflow/dags/config.py took 0.031 seconds
[2026-07-08T22:09:07.552-0500] {processor.py:161} INFO - Started process (PID=428) to work on /opt/airflow/dags/config.py
[2026-07-08T22:09:07.553-0500] {processor.py:830} INFO - Processing file /opt/airflow/dags/config.py for tasks to queue
[2026-07-08T22:09:07.555-0500] {logging_mixin.py:188} INFO - [2026-07-08T22:09:07.555-0500] {dagbag.py:545} INFO - Filling up the DagBag from /opt/airflow/dags/config.py
[2026-07-08T22:09:07.570-0500] {processor.py:842} WARNING - No viable dags retrieved from /opt/airflow/dags/config.py
[2026-07-08T22:09:07.581-0500] {processor.py:183} INFO - Processing /opt/airflow/dags/config.py took 0.033 seconds
[2026-07-08T22:09:38.336-0500] {processor.py:161} INFO - Started process (PID=445) to work on /opt/airflow/dags/config.py
[2026-07-08T22:09:38.337-0500] {processor.py:830} INFO - Processing file /opt/airflow/dags/config.py for tasks to queue
[2026-07-08T22:09:38.339-0500] {logging_mixin.py:188} INFO - [2026-07-08T22:09:38.338-0500] {dagbag.py:545} INFO - Filling up the DagBag from /opt/airflow/dags/config.py
[2026-07-08T22:09:38.350-0500] {processor.py:842} WARNING - No viable dags retrieved from /opt/airflow/dags/config.py
[2026-07-08T22:09:38.361-0500] {processor.py:183} INFO - Processing /opt/airflow/dags/config.py took 0.029 seconds
[2026-07-08T22:10:09.188-0500] {processor.py:161} INFO - Started process (PID=462) to work on /opt/airflow/dags/config.py
[2026-07-08T22:10:09.190-0500] {processor.py:830} INFO - Processing file /opt/airflow/dags/config.py for tasks to queue
[2026-07-08T22:10:09.192-0500] {logging_mixin.py:188} INFO - [2026-07-08T22:10:09.191-0500] {dagbag.py:545} INFO - Filling up the DagBag from /opt/airflow/dags/config.py
[2026-07-08T22:10:09.214-0500] {processor.py:842} WARNING - No viable dags retrieved from /opt/airflow/dags/config.py
[2026-07-08T22:10:09.226-0500] {processor.py:183} INFO - Processing /opt/airflow/dags/config.py took 0.043 seconds
[2026-07-08T22:10:40.064-0500] {processor.py:161} INFO - Started process (PID=477) to work on /opt/airflow/dags/config.py
[2026-07-08T22:10:40.065-0500] {processor.py:830} INFO - Processing file /opt/airflow/dags/config.py for tasks to queue
[2026-07-08T22:10:40.067-0500] {logging_mixin.py:188} INFO - [2026-07-08T22:10:40.066-0500] {dagbag.py:545} INFO - Filling up the DagBag from /opt/airflow/dags/config.py
[2026-07-08T22:10:40.089-0500] {processor.py:842} WARNING - No viable dags retrieved from /opt/airflow/dags/config.py
[2026-07-08T22:10:40.100-0500] {processor.py:183} INFO - Processing /opt/airflow/dags/config.py took 0.041 seconds
[2026-07-08T22:11:10.990-0500] {processor.py:161} INFO - Started process (PID=496) to work on /opt/airflow/dags/config.py
[2026-07-08T22:11:10.991-0500] {processor.py:830} INFO - Processing file /opt/airflow/dags/config.py for tasks to queue
[2026-07-08T22:11:10.993-0500] {logging_mixin.py:188} INFO - [2026-07-08T22:11:10.993-0500] {dagbag.py:545} INFO - Filling up the DagBag from /opt/airflow/dags/config.py
[2026-07-08T22:11:11.006-0500] {processor.py:842} WARNING - No viable dags retrieved from /opt/airflow/dags/config.py
[2026-07-08T22:11:11.018-0500] {processor.py:183} INFO - Processing /opt/airflow/dags/config.py took 0.032 seconds
[2026-07-08T22:11:41.834-0500] {processor.py:161} INFO - Started process (PID=513) to work on /opt/airflow/dags/config.py
[2026-07-08T22:11:41.835-0500] {processor.py:830} INFO - Processing file /opt/airflow/dags/config.py for tasks to queue
[2026-07-08T22:11:41.837-0500] {logging_mixin.py:188} INFO - [2026-07-08T22:11:41.836-0500] {dagbag.py:545} INFO - Filling up the DagBag from /opt/airflow/dags/config.py
[2026-07-08T22:11:41.854-0500] {processor.py:842} WARNING - No viable dags retrieved from /opt/airflow/dags/config.py
[2026-07-08T22:11:41.866-0500] {processor.py:183} INFO - Processing /opt/airflow/dags/config.py took 0.038 seconds
[2026-07-08T22:12:12.731-0500] {processor.py:161} INFO - Started process (PID=530) to work on /opt/airflow/dags/config.py
[2026-07-08T22:12:12.732-0500] {processor.py:830} INFO - Processing file /opt/airflow/dags/config.py for tasks to queue
[2026-07-08T22:12:12.735-0500] {logging_mixin.py:188} INFO - [2026-07-08T22:12:12.734-0500] {dagbag.py:545} INFO - Filling up the DagBag from /opt/airflow/dags/config.py
[2026-07-08T22:12:12.755-0500] {processor.py:842} WARNING - No viable dags retrieved from /opt/airflow/dags/config.py
[2026-07-08T22:12:12.768-0500] {processor.py:183} INFO - Processing /opt/airflow/dags/config.py took 0.042 seconds
[2026-07-08T22:12:43.607-0500] {processor.py:161} INFO - Started process (PID=547) to work on /opt/airflow/dags/config.py
[2026-07-08T22:12:43.608-0500] {processor.py:830} INFO - Processing file /opt/airflow/dags/config.py for tasks to queue
[2026-07-08T22:12:43.610-0500] {logging_mixin.py:188} INFO - [2026-07-08T22:12:43.610-0500] {dagbag.py:545} INFO - Filling up the DagBag from /opt/airflow/dags/config.py
[2026-07-08T22:12:43.624-0500] {processor.py:842} WARNING - No viable dags retrieved from /opt/airflow/dags/config.py
[2026-07-08T22:12:43.638-0500] {processor.py:183} INFO - Processing /opt/airflow/dags/config.py took 0.037 seconds
[2026-07-08T22:13:14.462-0500] {processor.py:161} INFO - Started process (PID=564) to work on /opt/airflow/dags/config.py
[2026-07-08T22:13:14.464-0500] {processor.py:830} INFO - Processing file /opt/airflow/dags/config.py for tasks to queue
[2026-07-08T22:13:14.465-0500] {logging_mixin.py:188} INFO - [2026-07-08T22:13:14.465-0500] {dagbag.py:545} INFO - Filling up the DagBag from /opt/airflow/dags/config.py
[2026-07-08T22:13:14.486-0500] {processor.py:842} WARNING - No viable dags retrieved from /opt/airflow/dags/config.py
[2026-07-08T22:13:14.498-0500] {processor.py:183} INFO - Processing /opt/airflow/dags/config.py took 0.043 seconds
[2026-07-08T22:13:45.296-0500] {processor.py:161} INFO - Started process (PID=579) to work on /opt/airflow/dags/config.py
[2026-07-08T22:13:45.297-0500] {processor.py:830} INFO - Processing file /opt/airflow/dags/config.py for tasks to queue
[2026-07-08T22:13:45.298-0500] {logging_mixin.py:188} INFO - [2026-07-08T22:13:45.298-0500] {dagbag.py:545} INFO - Filling up the DagBag from /opt/airflow/dags/config.py
[2026-07-08T22:13:45.313-0500] {processor.py:842} WARNING - No viable dags retrieved from /opt/airflow/dags/config.py
[2026-07-08T22:13:45.326-0500] {processor.py:183} INFO - Processing /opt/airflow/dags/config.py took 0.034 seconds
[2026-07-08T22:14:16.133-0500] {processor.py:161} INFO - Started process (PID=598) to work on /opt/airflow/dags/config.py
[2026-07-08T22:14:16.134-0500] {processor.py:830} INFO - Processing file /opt/airflow/dags/config.py for tasks to queue
[2026-07-08T22:14:16.135-0500] {logging_mixin.py:188} INFO - [2026-07-08T22:14:16.135-0500] {dagbag.py:545} INFO - Filling up the DagBag from /opt/airflow/dags/config.py
[2026-07-08T22:14:16.154-0500] {processor.py:842} WARNING - No viable dags retrieved from /opt/airflow/dags/config.py
[2026-07-08T22:14:16.166-0500] {processor.py:183} INFO - Processing /opt/airflow/dags/config.py took 0.037 seconds
[2026-07-08T22:14:46.964-0500] {processor.py:161} INFO - Started process (PID=615) to work on /opt/airflow/dags/config.py
[2026-07-08T22:14:46.965-0500] {processor.py:830} INFO - Processing file /opt/airflow/dags/config.py for tasks to queue
[2026-07-08T22:14:46.967-0500] {logging_mixin.py:188} INFO - [2026-07-08T22:14:46.967-0500] {dagbag.py:545} INFO - Filling up the DagBag from /opt/airflow/dags/config.py
[2026-07-08T22:14:46.988-0500] {processor.py:842} WARNING - No viable dags retrieved from /opt/airflow/dags/config.py
[2026-07-08T22:14:47.000-0500] {processor.py:183} INFO - Processing /opt/airflow/dags/config.py took 0.041 seconds
[2026-07-08T22:15:17.798-0500] {processor.py:161} INFO - Started process (PID=632) to work on /opt/airflow/dags/config.py
[2026-07-08T22:15:17.799-0500] {processor.py:830} INFO - Processing file /opt/airflow/dags/config.py for tasks to queue
[2026-07-08T22:15:17.801-0500] {logging_mixin.py:188} INFO - [2026-07-08T22:15:17.801-0500] {dagbag.py:545} INFO - Filling up the DagBag from /opt/airflow/dags/config.py
[2026-07-08T22:15:17.819-0500] {processor.py:842} WARNING - No viable dags retrieved from /opt/airflow/dags/config.py
[2026-07-08T22:15:17.830-0500] {processor.py:183} INFO - Processing /opt/airflow/dags/config.py took 0.036 seconds
[2026-07-08T22:15:48.666-0500] {processor.py:161} INFO - Started process (PID=649) to work on /opt/airflow/dags/config.py
[2026-07-08T22:15:48.667-0500] {processor.py:830} INFO - Processing file /opt/airflow/dags/config.py for tasks to queue
[2026-07-08T22:15:48.668-0500] {logging_mixin.py:188} INFO - [2026-07-08T22:15:48.668-0500] {dagbag.py:545} INFO - Filling up the DagBag from /opt/airflow/dags/config.py
[2026-07-08T22:15:48.691-0500] {processor.py:842} WARNING - No viable dags retrieved from /opt/airflow/dags/config.py
[2026-07-08T22:15:48.703-0500] {processor.py:183} INFO - Processing /opt/airflow/dags/config.py took 0.042 seconds
[2026-07-08T22:16:19.664-0500] {processor.py:161} INFO - Started process (PID=666) to work on /opt/airflow/dags/config.py
[2026-07-08T22:16:19.665-0500] {processor.py:830} INFO - Processing file /opt/airflow/dags/config.py for tasks to queue
[2026-07-08T22:16:19.668-0500] {logging_mixin.py:188} INFO - [2026-07-08T22:16:19.668-0500] {dagbag.py:545} INFO - Filling up the DagBag from /opt/airflow/dags/config.py
[2026-07-08T22:16:19.689-0500] {processor.py:842} WARNING - No viable dags retrieved from /opt/airflow/dags/config.py
[2026-07-08T22:16:19.701-0500] {processor.py:183} INFO - Processing /opt/airflow/dags/config.py took 0.043 seconds
[2026-07-08T22:16:50.582-0500] {processor.py:161} INFO - Started process (PID=683) to work on /opt/airflow/dags/config.py
[2026-07-08T22:16:50.583-0500] {processor.py:830} INFO - Processing file /opt/airflow/dags/config.py for tasks to queue
[2026-07-08T22:16:50.585-0500] {logging_mixin.py:188} INFO - [2026-07-08T22:16:50.585-0500] {dagbag.py:545} INFO - Filling up the DagBag from /opt/airflow/dags/config.py
[2026-07-08T22:16:50.603-0500] {processor.py:842} WARNING - No viable dags retrieved from /opt/airflow/dags/config.py
[2026-07-08T22:16:50.617-0500] {processor.py:183} INFO - Processing /opt/airflow/dags/config.py took 0.039 seconds
[2026-07-08T22:17:21.378-0500] {processor.py:161} INFO - Started process (PID=700) to work on /opt/airflow/dags/config.py
[2026-07-08T22:17:21.378-0500] {processor.py:830} INFO - Processing file /opt/airflow/dags/config.py for tasks to queue
[2026-07-08T22:17:21.380-0500] {logging_mixin.py:188} INFO - [2026-07-08T22:17:21.380-0500] {dagbag.py:545} INFO - Filling up the DagBag from /opt/airflow/dags/config.py
[2026-07-08T22:17:21.392-0500] {processor.py:842} WARNING - No viable dags retrieved from /opt/airflow/dags/config.py
[2026-07-08T22:17:21.405-0500] {processor.py:183} INFO - Processing /opt/airflow/dags/config.py took 0.032 seconds
[2026-07-08T22:17:52.324-0500] {processor.py:161} INFO - Started process (PID=717) to work on /opt/airflow/dags/config.py
[2026-07-08T22:17:52.325-0500] {processor.py:830} INFO - Processing file /opt/airflow/dags/config.py for tasks to queue
[2026-07-08T22:17:52.328-0500] {logging_mixin.py:188} INFO - [2026-07-08T22:17:52.327-0500] {dagbag.py:545} INFO - Filling up the DagBag from /opt/airflow/dags/config.py
[2026-07-08T22:17:52.343-0500] {processor.py:842} WARNING - No viable dags retrieved from /opt/airflow/dags/config.py
[2026-07-08T22:17:52.355-0500] {processor.py:183} INFO - Processing /opt/airflow/dags/config.py took 0.039 seconds
[2026-07-08T22:18:23.236-0500] {processor.py:161} INFO - Started process (PID=734) to work on /opt/airflow/dags/config.py
[2026-07-08T22:18:23.237-0500] {processor.py:830} INFO - Processing file /opt/airflow/dags/config.py for tasks to queue
[2026-07-08T22:18:23.239-0500] {logging_mixin.py:188} INFO - [2026-07-08T22:18:23.239-0500] {dagbag.py:545} INFO - Filling up the DagBag from /opt/airflow/dags/config.py
[2026-07-08T22:18:23.259-0500] {processor.py:842} WARNING - No viable dags retrieved from /opt/airflow/dags/config.py
[2026-07-08T22:18:23.274-0500] {processor.py:183} INFO - Processing /opt/airflow/dags/config.py took 0.043 seconds
[2026-07-08T22:18:54.063-0500] {processor.py:161} INFO - Started process (PID=751) to work on /opt/airflow/dags/config.py
[2026-07-08T22:18:54.064-0500] {processor.py:830} INFO - Processing file /opt/airflow/dags/config.py for tasks to queue
[2026-07-08T22:18:54.066-0500] {logging_mixin.py:188} INFO - [2026-07-08T22:18:54.065-0500] {dagbag.py:545} INFO - Filling up the DagBag from /opt/airflow/dags/config.py
[2026-07-08T22:18:54.078-0500] {processor.py:842} WARNING - No viable dags retrieved from /opt/airflow/dags/config.py
[2026-07-08T22:18:54.088-0500] {processor.py:183} INFO - Processing /opt/airflow/dags/config.py took 0.030 seconds
[2026-07-08T22:19:24.934-0500] {processor.py:161} INFO - Started process (PID=768) to work on /opt/airflow/dags/config.py
[2026-07-08T22:19:24.935-0500] {processor.py:830} INFO - Processing file /opt/airflow/dags/config.py for tasks to queue
[2026-07-08T22:19:24.937-0500] {logging_mixin.py:188} INFO - [2026-07-08T22:19:24.937-0500] {dagbag.py:545} INFO - Filling up the DagBag from /opt/airflow/dags/config.py
[2026-07-08T22:19:24.955-0500] {processor.py:842} WARNING - No viable dags retrieved from /opt/airflow/dags/config.py
[2026-07-08T22:19:24.966-0500] {processor.py:183} INFO - Processing /opt/airflow/dags/config.py took 0.037 seconds
[2026-07-08T22:19:55.756-0500] {processor.py:161} INFO - Started process (PID=783) to work on /opt/airflow/dags/config.py
[2026-07-08T22:19:55.757-0500] {processor.py:830} INFO - Processing file /opt/airflow/dags/config.py for tasks to queue
[2026-07-08T22:19:55.759-0500] {logging_mixin.py:188} INFO - [2026-07-08T22:19:55.759-0500] {dagbag.py:545} INFO - Filling up the DagBag from /opt/airflow/dags/config.py
[2026-07-08T22:19:55.780-0500] {processor.py:842} WARNING - No viable dags retrieved from /opt/airflow/dags/config.py
[2026-07-08T22:19:55.792-0500] {processor.py:183} INFO - Processing /opt/airflow/dags/config.py took 0.041 seconds
[2026-07-08T22:20:26.681-0500] {processor.py:161} INFO - Started process (PID=802) to work on /opt/airflow/dags/config.py
[2026-07-08T22:20:26.682-0500] {processor.py:830} INFO - Processing file /opt/airflow/dags/config.py for tasks to queue
[2026-07-08T22:20:26.684-0500] {logging_mixin.py:188} INFO - [2026-07-08T22:20:26.684-0500] {dagbag.py:545} INFO - Filling up the DagBag from /opt/airflow/dags/config.py
[2026-07-08T22:20:26.700-0500] {processor.py:842} WARNING - No viable dags retrieved from /opt/airflow/dags/config.py
[2026-07-08T22:20:26.715-0500] {processor.py:183} INFO - Processing /opt/airflow/dags/config.py took 0.041 seconds
[2026-07-08T22:20:57.447-0500] {processor.py:161} INFO - Started process (PID=819) to work on /opt/airflow/dags/config.py
[2026-07-08T22:20:57.448-0500] {processor.py:830} INFO - Processing file /opt/airflow/dags/config.py for tasks to queue
[2026-07-08T22:20:57.450-0500] {logging_mixin.py:188} INFO - [2026-07-08T22:20:57.449-0500] {dagbag.py:545} INFO - Filling up the DagBag from /opt/airflow/dags/config.py
[2026-07-08T22:20:57.463-0500] {processor.py:842} WARNING - No viable dags retrieved from /opt/airflow/dags/config.py
[2026-07-08T22:20:57.473-0500] {processor.py:183} INFO - Processing /opt/airflow/dags/config.py took 0.031 seconds
[2026-07-08T22:21:28.330-0500] {processor.py:161} INFO - Started process (PID=836) to work on /opt/airflow/dags/config.py
[2026-07-08T22:21:28.331-0500] {processor.py:830} INFO - Processing file /opt/airflow/dags/config.py for tasks to queue
[2026-07-08T22:21:28.332-0500] {logging_mixin.py:188} INFO - [2026-07-08T22:21:28.332-0500] {dagbag.py:545} INFO - Filling up the DagBag from /opt/airflow/dags/config.py
[2026-07-08T22:21:28.347-0500] {processor.py:842} WARNING - No viable dags retrieved from /opt/airflow/dags/config.py
[2026-07-08T22:21:28.358-0500] {processor.py:183} INFO - Processing /opt/airflow/dags/config.py took 0.033 seconds
[2026-07-08T22:21:59.153-0500] {processor.py:161} INFO - Started process (PID=853) to work on /opt/airflow/dags/config.py
[2026-07-08T22:21:59.154-0500] {processor.py:830} INFO - Processing file /opt/airflow/dags/config.py for tasks to queue
[2026-07-08T22:21:59.155-0500] {logging_mixin.py:188} INFO - [2026-07-08T22:21:59.155-0500] {dagbag.py:545} INFO - Filling up the DagBag from /opt/airflow/dags/config.py
[2026-07-08T22:21:59.173-0500] {processor.py:842} WARNING - No viable dags retrieved from /opt/airflow/dags/config.py
[2026-07-08T22:21:59.185-0500] {processor.py:183} INFO - Processing /opt/airflow/dags/config.py took 0.038 seconds
[2026-07-08T22:22:30.068-0500] {processor.py:161} INFO - Started process (PID=870) to work on /opt/airflow/dags/config.py
[2026-07-08T22:22:30.069-0500] {processor.py:830} INFO - Processing file /opt/airflow/dags/config.py for tasks to queue
[2026-07-08T22:22:30.070-0500] {logging_mixin.py:188} INFO - [2026-07-08T22:22:30.070-0500] {dagbag.py:545} INFO - Filling up the DagBag from /opt/airflow/dags/config.py
[2026-07-08T22:22:30.088-0500] {processor.py:842} WARNING - No viable dags retrieved from /opt/airflow/dags/config.py
[2026-07-08T22:22:30.101-0500] {processor.py:183} INFO - Processing /opt/airflow/dags/config.py took 0.039 seconds
[2026-07-08T22:23:01.115-0500] {processor.py:161} INFO - Started process (PID=887) to work on /opt/airflow/dags/config.py
[2026-07-08T22:23:01.117-0500] {processor.py:830} INFO - Processing file /opt/airflow/dags/config.py for tasks to queue
[2026-07-08T22:23:01.119-0500] {logging_mixin.py:188} INFO - [2026-07-08T22:23:01.118-0500] {dagbag.py:545} INFO - Filling up the DagBag from /opt/airflow/dags/config.py
[2026-07-08T22:23:01.143-0500] {processor.py:842} WARNING - No viable dags retrieved from /opt/airflow/dags/config.py
[2026-07-08T22:23:01.156-0500] {processor.py:183} INFO - Processing /opt/airflow/dags/config.py took 0.046 seconds
[2026-07-08T22:23:32.159-0500] {processor.py:161} INFO - Started process (PID=904) to work on /opt/airflow/dags/config.py
[2026-07-08T22:23:32.160-0500] {processor.py:830} INFO - Processing file /opt/airflow/dags/config.py for tasks to queue
[2026-07-08T22:23:32.162-0500] {logging_mixin.py:188} INFO - [2026-07-08T22:23:32.162-0500] {dagbag.py:545} INFO - Filling up the DagBag from /opt/airflow/dags/config.py
[2026-07-08T22:23:32.181-0500] {processor.py:842} WARNING - No viable dags retrieved from /opt/airflow/dags/config.py
[2026-07-08T22:23:32.196-0500] {processor.py:183} INFO - Processing /opt/airflow/dags/config.py took 0.042 seconds
[2026-07-08T22:24:03.335-0500] {processor.py:161} INFO - Started process (PID=921) to work on /opt/airflow/dags/config.py
[2026-07-08T22:24:03.337-0500] {processor.py:830} INFO - Processing file /opt/airflow/dags/config.py for tasks to queue
[2026-07-08T22:24:03.339-0500] {logging_mixin.py:188} INFO - [2026-07-08T22:24:03.339-0500] {dagbag.py:545} INFO - Filling up the DagBag from /opt/airflow/dags/config.py
[2026-07-08T22:24:03.369-0500] {processor.py:842} WARNING - No viable dags retrieved from /opt/airflow/dags/config.py
[2026-07-08T22:24:03.389-0500] {processor.py:183} INFO - Processing /opt/airflow/dags/config.py took 0.062 seconds
[2026-07-08T22:24:34.245-0500] {processor.py:161} INFO - Started process (PID=938) to work on /opt/airflow/dags/config.py
[2026-07-08T22:24:34.246-0500] {processor.py:830} INFO - Processing file /opt/airflow/dags/config.py for tasks to queue
[2026-07-08T22:24:34.248-0500] {logging_mixin.py:188} INFO - [2026-07-08T22:24:34.248-0500] {dagbag.py:545} INFO - Filling up the DagBag from /opt/airflow/dags/config.py
[2026-07-08T22:24:34.262-0500] {processor.py:842} WARNING - No viable dags retrieved from /opt/airflow/dags/config.py
[2026-07-08T22:24:34.275-0500] {processor.py:183} INFO - Processing /opt/airflow/dags/config.py took 0.035 seconds
[2026-07-08T22:25:05.075-0500] {processor.py:161} INFO - Started process (PID=955) to work on /opt/airflow/dags/config.py
[2026-07-08T22:25:05.076-0500] {processor.py:830} INFO - Processing file /opt/airflow/dags/config.py for tasks to queue
[2026-07-08T22:25:05.078-0500] {logging_mixin.py:188} INFO - [2026-07-08T22:25:05.078-0500] {dagbag.py:545} INFO - Filling up the DagBag from /opt/airflow/dags/config.py
[2026-07-08T22:25:05.098-0500] {processor.py:842} WARNING - No viable dags retrieved from /opt/airflow/dags/config.py
[2026-07-08T22:25:05.110-0500] {processor.py:183} INFO - Processing /opt/airflow/dags/config.py took 0.041 seconds
[2026-07-08T22:25:35.901-0500] {processor.py:161} INFO - Started process (PID=972) to work on /opt/airflow/dags/config.py
[2026-07-08T22:25:35.902-0500] {processor.py:830} INFO - Processing file /opt/airflow/dags/config.py for tasks to queue
[2026-07-08T22:25:35.905-0500] {logging_mixin.py:188} INFO - [2026-07-08T22:25:35.904-0500] {dagbag.py:545} INFO - Filling up the DagBag from /opt/airflow/dags/config.py
[2026-07-08T22:25:35.919-0500] {processor.py:842} WARNING - No viable dags retrieved from /opt/airflow/dags/config.py
[2026-07-08T22:25:35.932-0500] {processor.py:183} INFO - Processing /opt/airflow/dags/config.py took 0.037 seconds
[2026-07-08T22:26:06.900-0500] {processor.py:161} INFO - Started process (PID=989) to work on /opt/airflow/dags/config.py
[2026-07-08T22:26:06.901-0500] {processor.py:830} INFO - Processing file /opt/airflow/dags/config.py for tasks to queue
[2026-07-08T22:26:06.903-0500] {logging_mixin.py:188} INFO - [2026-07-08T22:26:06.903-0500] {dagbag.py:545} INFO - Filling up the DagBag from /opt/airflow/dags/config.py
[2026-07-08T22:26:06.919-0500] {processor.py:842} WARNING - No viable dags retrieved from /opt/airflow/dags/config.py
[2026-07-08T22:26:06.934-0500] {processor.py:183} INFO - Processing /opt/airflow/dags/config.py took 0.039 seconds
[2026-07-08T22:26:38.037-0500] {processor.py:161} INFO - Started process (PID=1006) to work on /opt/airflow/dags/config.py
[2026-07-08T22:26:38.039-0500] {processor.py:830} INFO - Processing file /opt/airflow/dags/config.py for tasks to queue
[2026-07-08T22:26:38.042-0500] {logging_mixin.py:188} INFO - [2026-07-08T22:26:38.041-0500] {dagbag.py:545} INFO - Filling up the DagBag from /opt/airflow/dags/config.py
[2026-07-08T22:26:38.067-0500] {processor.py:842} WARNING - No viable dags retrieved from /opt/airflow/dags/config.py
[2026-07-08T22:26:38.088-0500] {processor.py:183} INFO - Processing /opt/airflow/dags/config.py took 0.062 seconds
[2026-07-08T22:27:09.230-0500] {processor.py:161} INFO - Started process (PID=1023) to work on /opt/airflow/dags/config.py
[2026-07-08T22:27:09.232-0500] {processor.py:830} INFO - Processing file /opt/airflow/dags/config.py for tasks to queue
[2026-07-08T22:27:09.236-0500] {logging_mixin.py:188} INFO - [2026-07-08T22:27:09.236-0500] {dagbag.py:545} INFO - Filling up the DagBag from /opt/airflow/dags/config.py
[2026-07-08T22:27:09.261-0500] {processor.py:842} WARNING - No viable dags retrieved from /opt/airflow/dags/config.py
[2026-07-08T22:27:09.281-0500] {processor.py:183} INFO - Processing /opt/airflow/dags/config.py took 0.059 seconds
[2026-07-08T22:27:40.200-0500] {processor.py:161} INFO - Started process (PID=1040) to work on /opt/airflow/dags/config.py
[2026-07-08T22:27:40.201-0500] {processor.py:830} INFO - Processing file /opt/airflow/dags/config.py for tasks to queue
[2026-07-08T22:27:40.202-0500] {logging_mixin.py:188} INFO - [2026-07-08T22:27:40.202-0500] {dagbag.py:545} INFO - Filling up the DagBag from /opt/airflow/dags/config.py
[2026-07-08T22:27:40.216-0500] {processor.py:842} WARNING - No viable dags retrieved from /opt/airflow/dags/config.py
[2026-07-08T22:27:40.227-0500] {processor.py:183} INFO - Processing /opt/airflow/dags/config.py took 0.032 seconds
[2026-07-08T22:28:11.107-0500] {processor.py:161} INFO - Started process (PID=1057) to work on /opt/airflow/dags/config.py
[2026-07-08T22:28:11.108-0500] {processor.py:830} INFO - Processing file /opt/airflow/dags/config.py for tasks to queue
[2026-07-08T22:28:11.110-0500] {logging_mixin.py:188} INFO - [2026-07-08T22:28:11.110-0500] {dagbag.py:545} INFO - Filling up the DagBag from /opt/airflow/dags/config.py
[2026-07-08T22:28:11.129-0500] {processor.py:842} WARNING - No viable dags retrieved from /opt/airflow/dags/config.py
[2026-07-08T22:28:11.140-0500] {processor.py:183} INFO - Processing /opt/airflow/dags/config.py took 0.039 seconds
[2026-07-08T22:28:42.100-0500] {processor.py:161} INFO - Started process (PID=1074) to work on /opt/airflow/dags/config.py
[2026-07-08T22:28:42.101-0500] {processor.py:830} INFO - Processing file /opt/airflow/dags/config.py for tasks to queue
[2026-07-08T22:28:42.103-0500] {logging_mixin.py:188} INFO - [2026-07-08T22:28:42.102-0500] {dagbag.py:545} INFO - Filling up the DagBag from /opt/airflow/dags/config.py
[2026-07-08T22:28:42.124-0500] {processor.py:842} WARNING - No viable dags retrieved from /opt/airflow/dags/config.py
[2026-07-08T22:28:42.137-0500] {processor.py:183} INFO - Processing /opt/airflow/dags/config.py took 0.042 seconds
[2026-07-08T22:29:13.028-0500] {processor.py:161} INFO - Started process (PID=1091) to work on /opt/airflow/dags/config.py
[2026-07-08T22:29:13.029-0500] {processor.py:830} INFO - Processing file /opt/airflow/dags/config.py for tasks to queue
[2026-07-08T22:29:13.030-0500] {logging_mixin.py:188} INFO - [2026-07-08T22:29:13.030-0500] {dagbag.py:545} INFO - Filling up the DagBag from /opt/airflow/dags/config.py
[2026-07-08T22:29:13.043-0500] {processor.py:842} WARNING - No viable dags retrieved from /opt/airflow/dags/config.py
[2026-07-08T22:29:13.056-0500] {processor.py:183} INFO - Processing /opt/airflow/dags/config.py took 0.033 seconds
[2026-07-08T22:29:43.900-0500] {processor.py:161} INFO - Started process (PID=1106) to work on /opt/airflow/dags/config.py
[2026-07-08T22:29:43.901-0500] {processor.py:830} INFO - Processing file /opt/airflow/dags/config.py for tasks to queue
[2026-07-08T22:29:43.903-0500] {logging_mixin.py:188} INFO - [2026-07-08T22:29:43.903-0500] {dagbag.py:545} INFO - Filling up the DagBag from /opt/airflow/dags/config.py
[2026-07-08T22:29:43.925-0500] {processor.py:842} WARNING - No viable dags retrieved from /opt/airflow/dags/config.py
[2026-07-08T22:29:43.942-0500] {processor.py:183} INFO - Processing /opt/airflow/dags/config.py took 0.048 seconds
[2026-07-08T22:30:14.890-0500] {processor.py:161} INFO - Started process (PID=1125) to work on /opt/airflow/dags/config.py
[2026-07-08T22:30:14.891-0500] {processor.py:830} INFO - Processing file /opt/airflow/dags/config.py for tasks to queue
[2026-07-08T22:30:14.893-0500] {logging_mixin.py:188} INFO - [2026-07-08T22:30:14.893-0500] {dagbag.py:545} INFO - Filling up the DagBag from /opt/airflow/dags/config.py
[2026-07-08T22:30:14.914-0500] {processor.py:842} WARNING - No viable dags retrieved from /opt/airflow/dags/config.py
[2026-07-08T22:30:14.927-0500] {processor.py:183} INFO - Processing /opt/airflow/dags/config.py took 0.042 seconds
[2026-07-08T22:30:45.718-0500] {processor.py:161} INFO - Started process (PID=1142) to work on /opt/airflow/dags/config.py
[2026-07-08T22:30:45.719-0500] {processor.py:830} INFO - Processing file /opt/airflow/dags/config.py for tasks to queue
[2026-07-08T22:30:45.720-0500] {logging_mixin.py:188} INFO - [2026-07-08T22:30:45.720-0500] {dagbag.py:545} INFO - Filling up the DagBag from /opt/airflow/dags/config.py
[2026-07-08T22:30:45.738-0500] {processor.py:842} WARNING - No viable dags retrieved from /opt/airflow/dags/config.py
[2026-07-08T22:30:45.750-0500] {processor.py:183} INFO - Processing /opt/airflow/dags/config.py took 0.037 seconds
[2026-07-08T22:31:16.649-0500] {processor.py:161} INFO - Started process (PID=1159) to work on /opt/airflow/dags/config.py
[2026-07-08T22:31:16.650-0500] {processor.py:830} INFO - Processing file /opt/airflow/dags/config.py for tasks to queue
[2026-07-08T22:31:16.652-0500] {logging_mixin.py:188} INFO - [2026-07-08T22:31:16.652-0500] {dagbag.py:545} INFO - Filling up the DagBag from /opt/airflow/dags/config.py
[2026-07-08T22:31:16.665-0500] {processor.py:842} WARNING - No viable dags retrieved from /opt/airflow/dags/config.py
[2026-07-08T22:31:16.676-0500] {processor.py:183} INFO - Processing /opt/airflow/dags/config.py took 0.033 seconds
[2026-07-08T22:31:47.539-0500] {processor.py:161} INFO - Started process (PID=1176) to work on /opt/airflow/dags/config.py
[2026-07-08T22:31:47.540-0500] {processor.py:830} INFO - Processing file /opt/airflow/dags/config.py for tasks to queue
[2026-07-08T22:31:47.543-0500] {logging_mixin.py:188} INFO - [2026-07-08T22:31:47.542-0500] {dagbag.py:545} INFO - Filling up the DagBag from /opt/airflow/dags/config.py
[2026-07-08T22:31:47.555-0500] {processor.py:842} WARNING - No viable dags retrieved from /opt/airflow/dags/config.py
[2026-07-08T22:31:47.568-0500] {processor.py:183} INFO - Processing /opt/airflow/dags/config.py took 0.033 seconds
[2026-07-08T22:32:18.413-0500] {processor.py:161} INFO - Started process (PID=1193) to work on /opt/airflow/dags/config.py
[2026-07-08T22:32:18.414-0500] {processor.py:830} INFO - Processing file /opt/airflow/dags/config.py for tasks to queue
[2026-07-08T22:32:18.416-0500] {logging_mixin.py:188} INFO - [2026-07-08T22:32:18.416-0500] {dagbag.py:545} INFO - Filling up the DagBag from /opt/airflow/dags/config.py
[2026-07-08T22:32:18.435-0500] {processor.py:842} WARNING - No viable dags retrieved from /opt/airflow/dags/config.py
[2026-07-08T22:32:18.449-0500] {processor.py:183} INFO - Processing /opt/airflow/dags/config.py took 0.042 seconds
[2026-07-08T22:32:49.285-0500] {processor.py:161} INFO - Started process (PID=1210) to work on /opt/airflow/dags/config.py
[2026-07-08T22:32:49.286-0500] {processor.py:830} INFO - Processing file /opt/airflow/dags/config.py for tasks to queue
[2026-07-08T22:32:49.287-0500] {logging_mixin.py:188} INFO - [2026-07-08T22:32:49.287-0500] {dagbag.py:545} INFO - Filling up the DagBag from /opt/airflow/dags/config.py
[2026-07-08T22:32:49.304-0500] {processor.py:842} WARNING - No viable dags retrieved from /opt/airflow/dags/config.py
[2026-07-08T22:32:49.317-0500] {processor.py:183} INFO - Processing /opt/airflow/dags/config.py took 0.037 seconds
[2026-07-08T22:33:20.109-0500] {processor.py:161} INFO - Started process (PID=1227) to work on /opt/airflow/dags/config.py
[2026-07-08T22:33:20.110-0500] {processor.py:830} INFO - Processing file /opt/airflow/dags/config.py for tasks to queue
[2026-07-08T22:33:20.112-0500] {logging_mixin.py:188} INFO - [2026-07-08T22:33:20.111-0500] {dagbag.py:545} INFO - Filling up the DagBag from /opt/airflow/dags/config.py
[2026-07-08T22:33:20.129-0500] {processor.py:842} WARNING - No viable dags retrieved from /opt/airflow/dags/config.py
[2026-07-08T22:33:20.141-0500] {processor.py:183} INFO - Processing /opt/airflow/dags/config.py took 0.037 seconds
[2026-07-08T22:33:50.940-0500] {processor.py:161} INFO - Started process (PID=1244) to work on /opt/airflow/dags/config.py
[2026-07-08T22:33:50.941-0500] {processor.py:830} INFO - Processing file /opt/airflow/dags/config.py for tasks to queue
[2026-07-08T22:33:50.943-0500] {logging_mixin.py:188} INFO - [2026-07-08T22:33:50.942-0500] {dagbag.py:545} INFO - Filling up the DagBag from /opt/airflow/dags/config.py
[2026-07-08T22:33:50.962-0500] {processor.py:842} WARNING - No viable dags retrieved from /opt/airflow/dags/config.py
[2026-07-08T22:33:50.973-0500] {processor.py:183} INFO - Processing /opt/airflow/dags/config.py took 0.037 seconds
[2026-07-08T22:34:21.869-0500] {processor.py:161} INFO - Started process (PID=1261) to work on /opt/airflow/dags/config.py
[2026-07-08T22:34:21.870-0500] {processor.py:830} INFO - Processing file /opt/airflow/dags/config.py for tasks to queue
[2026-07-08T22:34:21.872-0500] {logging_mixin.py:188} INFO - [2026-07-08T22:34:21.871-0500] {dagbag.py:545} INFO - Filling up the DagBag from /opt/airflow/dags/config.py
[2026-07-08T22:34:21.887-0500] {processor.py:842} WARNING - No viable dags retrieved from /opt/airflow/dags/config.py
[2026-07-08T22:34:21.900-0500] {processor.py:183} INFO - Processing /opt/airflow/dags/config.py took 0.036 seconds
[2026-07-08T22:34:52.775-0500] {processor.py:161} INFO - Started process (PID=1278) to work on /opt/airflow/dags/config.py
[2026-07-08T22:34:52.776-0500] {processor.py:830} INFO - Processing file /opt/airflow/dags/config.py for tasks to queue
[2026-07-08T22:34:52.778-0500] {logging_mixin.py:188} INFO - [2026-07-08T22:34:52.778-0500] {dagbag.py:545} INFO - Filling up the DagBag from /opt/airflow/dags/config.py
[2026-07-08T22:34:52.797-0500] {processor.py:842} WARNING - No viable dags retrieved from /opt/airflow/dags/config.py
[2026-07-08T22:34:52.811-0500] {processor.py:183} INFO - Processing /opt/airflow/dags/config.py took 0.041 seconds
[2026-07-08T22:35:23.657-0500] {processor.py:161} INFO - Started process (PID=1295) to work on /opt/airflow/dags/config.py
[2026-07-08T22:35:23.659-0500] {processor.py:830} INFO - Processing file /opt/airflow/dags/config.py for tasks to queue
[2026-07-08T22:35:23.661-0500] {logging_mixin.py:188} INFO - [2026-07-08T22:35:23.660-0500] {dagbag.py:545} INFO - Filling up the DagBag from /opt/airflow/dags/config.py
[2026-07-08T22:35:23.677-0500] {processor.py:842} WARNING - No viable dags retrieved from /opt/airflow/dags/config.py
[2026-07-08T22:35:23.689-0500] {processor.py:183} INFO - Processing /opt/airflow/dags/config.py took 0.037 seconds
[2026-07-08T22:35:54.573-0500] {processor.py:161} INFO - Started process (PID=1312) to work on /opt/airflow/dags/config.py
[2026-07-08T22:35:54.574-0500] {processor.py:830} INFO - Processing file /opt/airflow/dags/config.py for tasks to queue
[2026-07-08T22:35:54.576-0500] {logging_mixin.py:188} INFO - [2026-07-08T22:35:54.576-0500] {dagbag.py:545} INFO - Filling up the DagBag from /opt/airflow/dags/config.py
[2026-07-08T22:35:54.597-0500] {processor.py:842} WARNING - No viable dags retrieved from /opt/airflow/dags/config.py
[2026-07-08T22:35:54.609-0500] {processor.py:183} INFO - Processing /opt/airflow/dags/config.py took 0.041 seconds
[2026-07-08T22:36:25.515-0500] {processor.py:161} INFO - Started process (PID=1329) to work on /opt/airflow/dags/config.py
[2026-07-08T22:36:25.516-0500] {processor.py:830} INFO - Processing file /opt/airflow/dags/config.py for tasks to queue
[2026-07-08T22:36:25.517-0500] {logging_mixin.py:188} INFO - [2026-07-08T22:36:25.517-0500] {dagbag.py:545} INFO - Filling up the DagBag from /opt/airflow/dags/config.py
[2026-07-08T22:36:25.534-0500] {processor.py:842} WARNING - No viable dags retrieved from /opt/airflow/dags/config.py
[2026-07-08T22:36:25.547-0500] {processor.py:183} INFO - Processing /opt/airflow/dags/config.py took 0.037 seconds
[2026-07-08T22:36:56.412-0500] {processor.py:161} INFO - Started process (PID=1346) to work on /opt/airflow/dags/config.py
[2026-07-08T22:36:56.413-0500] {processor.py:830} INFO - Processing file /opt/airflow/dags/config.py for tasks to queue
[2026-07-08T22:36:56.415-0500] {logging_mixin.py:188} INFO - [2026-07-08T22:36:56.414-0500] {dagbag.py:545} INFO - Filling up the DagBag from /opt/airflow/dags/config.py
[2026-07-08T22:36:56.432-0500] {processor.py:842} WARNING - No viable dags retrieved from /opt/airflow/dags/config.py
[2026-07-08T22:36:56.445-0500] {processor.py:183} INFO - Processing /opt/airflow/dags/config.py took 0.038 seconds
[2026-07-08T22:37:27.392-0500] {processor.py:161} INFO - Started process (PID=1363) to work on /opt/airflow/dags/config.py
[2026-07-08T22:37:27.394-0500] {processor.py:830} INFO - Processing file /opt/airflow/dags/config.py for tasks to queue
[2026-07-08T22:37:27.396-0500] {logging_mixin.py:188} INFO - [2026-07-08T22:37:27.396-0500] {dagbag.py:545} INFO - Filling up the DagBag from /opt/airflow/dags/config.py
[2026-07-08T22:37:27.418-0500] {processor.py:842} WARNING - No viable dags retrieved from /opt/airflow/dags/config.py
[2026-07-08T22:37:27.433-0500] {processor.py:183} INFO - Processing /opt/airflow/dags/config.py took 0.046 seconds
[2026-07-08T22:37:58.371-0500] {processor.py:161} INFO - Started process (PID=1380) to work on /opt/airflow/dags/config.py
[2026-07-08T22:37:58.372-0500] {processor.py:830} INFO - Processing file /opt/airflow/dags/config.py for tasks to queue
[2026-07-08T22:37:58.375-0500] {logging_mixin.py:188} INFO - [2026-07-08T22:37:58.374-0500] {dagbag.py:545} INFO - Filling up the DagBag from /opt/airflow/dags/config.py
[2026-07-08T22:37:58.389-0500] {processor.py:842} WARNING - No viable dags retrieved from /opt/airflow/dags/config.py
[2026-07-08T22:37:58.402-0500] {processor.py:183} INFO - Processing /opt/airflow/dags/config.py took 0.036 seconds
[2026-07-08T22:38:29.267-0500] {processor.py:161} INFO - Started process (PID=1397) to work on /opt/airflow/dags/config.py
[2026-07-08T22:38:29.268-0500] {processor.py:830} INFO - Processing file /opt/airflow/dags/config.py for tasks to queue
[2026-07-08T22:38:29.271-0500] {logging_mixin.py:188} INFO - [2026-07-08T22:38:29.270-0500] {dagbag.py:545} INFO - Filling up the DagBag from /opt/airflow/dags/config.py
[2026-07-08T22:38:29.286-0500] {processor.py:842} WARNING - No viable dags retrieved from /opt/airflow/dags/config.py
[2026-07-08T22:38:29.298-0500] {processor.py:183} INFO - Processing /opt/airflow/dags/config.py took 0.038 seconds
[2026-07-08T22:39:00.131-0500] {processor.py:161} INFO - Started process (PID=1414) to work on /opt/airflow/dags/config.py
[2026-07-08T22:39:00.132-0500] {processor.py:830} INFO - Processing file /opt/airflow/dags/config.py for tasks to queue
[2026-07-08T22:39:00.134-0500] {logging_mixin.py:188} INFO - [2026-07-08T22:39:00.134-0500] {dagbag.py:545} INFO - Filling up the DagBag from /opt/airflow/dags/config.py
[2026-07-08T22:39:00.152-0500] {processor.py:842} WARNING - No viable dags retrieved from /opt/airflow/dags/config.py
[2026-07-08T22:39:00.166-0500] {processor.py:183} INFO - Processing /opt/airflow/dags/config.py took 0.040 seconds
[2026-07-08T22:39:31.149-0500] {processor.py:161} INFO - Started process (PID=1431) to work on /opt/airflow/dags/config.py
[2026-07-08T22:39:31.150-0500] {processor.py:830} INFO - Processing file /opt/airflow/dags/config.py for tasks to queue
[2026-07-08T22:39:31.152-0500] {logging_mixin.py:188} INFO - [2026-07-08T22:39:31.152-0500] {dagbag.py:545} INFO - Filling up the DagBag from /opt/airflow/dags/config.py
[2026-07-08T22:39:31.170-0500] {processor.py:842} WARNING - No viable dags retrieved from /opt/airflow/dags/config.py
[2026-07-08T22:39:31.182-0500] {processor.py:183} INFO - Processing /opt/airflow/dags/config.py took 0.038 seconds
[2026-07-08T22:40:02.068-0500] {processor.py:161} INFO - Started process (PID=1448) to work on /opt/airflow/dags/config.py
[2026-07-08T22:40:02.069-0500] {processor.py:830} INFO - Processing file /opt/airflow/dags/config.py for tasks to queue
[2026-07-08T22:40:02.071-0500] {logging_mixin.py:188} INFO - [2026-07-08T22:40:02.071-0500] {dagbag.py:545} INFO - Filling up the DagBag from /opt/airflow/dags/config.py
[2026-07-08T22:40:02.091-0500] {processor.py:842} WARNING - No viable dags retrieved from /opt/airflow/dags/config.py
[2026-07-08T22:40:02.104-0500] {processor.py:183} INFO - Processing /opt/airflow/dags/config.py took 0.041 seconds
[2026-07-08T22:40:32.865-0500] {processor.py:161} INFO - Started process (PID=1465) to work on /opt/airflow/dags/config.py
[2026-07-08T22:40:32.866-0500] {processor.py:830} INFO - Processing file /opt/airflow/dags/config.py for tasks to queue
[2026-07-08T22:40:32.868-0500] {logging_mixin.py:188} INFO - [2026-07-08T22:40:32.868-0500] {dagbag.py:545} INFO - Filling up the DagBag from /opt/airflow/dags/config.py
[2026-07-08T22:40:32.888-0500] {processor.py:842} WARNING - No viable dags retrieved from /opt/airflow/dags/config.py
[2026-07-08T22:40:32.900-0500] {processor.py:183} INFO - Processing /opt/airflow/dags/config.py took 0.039 seconds
[2026-07-08T22:41:03.875-0500] {processor.py:161} INFO - Started process (PID=1480) to work on /opt/airflow/dags/config.py
[2026-07-08T22:41:03.877-0500] {processor.py:830} INFO - Processing file /opt/airflow/dags/config.py for tasks to queue
[2026-07-08T22:41:03.879-0500] {logging_mixin.py:188} INFO - [2026-07-08T22:41:03.878-0500] {dagbag.py:545} INFO - Filling up the DagBag from /opt/airflow/dags/config.py
[2026-07-08T22:41:03.908-0500] {processor.py:842} WARNING - No viable dags retrieved from /opt/airflow/dags/config.py
[2026-07-08T22:41:03.924-0500] {processor.py:183} INFO - Processing /opt/airflow/dags/config.py took 0.054 seconds
[2026-07-08T22:41:35.052-0500] {processor.py:161} INFO - Started process (PID=1499) to work on /opt/airflow/dags/config.py
[2026-07-08T22:41:35.053-0500] {processor.py:830} INFO - Processing file /opt/airflow/dags/config.py for tasks to queue
[2026-07-08T22:41:35.055-0500] {logging_mixin.py:188} INFO - [2026-07-08T22:41:35.054-0500] {dagbag.py:545} INFO - Filling up the DagBag from /opt/airflow/dags/config.py
[2026-07-08T22:41:35.070-0500] {processor.py:842} WARNING - No viable dags retrieved from /opt/airflow/dags/config.py
[2026-07-08T22:41:35.083-0500] {processor.py:183} INFO - Processing /opt/airflow/dags/config.py took 0.036 seconds
[2026-07-08T22:42:05.940-0500] {processor.py:161} INFO - Started process (PID=1516) to work on /opt/airflow/dags/config.py
[2026-07-08T22:42:05.941-0500] {processor.py:830} INFO - Processing file /opt/airflow/dags/config.py for tasks to queue
[2026-07-08T22:42:05.943-0500] {logging_mixin.py:188} INFO - [2026-07-08T22:42:05.943-0500] {dagbag.py:545} INFO - Filling up the DagBag from /opt/airflow/dags/config.py
[2026-07-08T22:42:05.965-0500] {processor.py:842} WARNING - No viable dags retrieved from /opt/airflow/dags/config.py
[2026-07-08T22:42:05.976-0500] {processor.py:183} INFO - Processing /opt/airflow/dags/config.py took 0.041 seconds
[2026-07-08T22:42:36.830-0500] {processor.py:161} INFO - Started process (PID=1531) to work on /opt/airflow/dags/config.py
[2026-07-08T22:42:36.832-0500] {processor.py:830} INFO - Processing file /opt/airflow/dags/config.py for tasks to queue
[2026-07-08T22:42:36.834-0500] {logging_mixin.py:188} INFO - [2026-07-08T22:42:36.833-0500] {dagbag.py:545} INFO - Filling up the DagBag from /opt/airflow/dags/config.py
[2026-07-08T22:42:36.854-0500] {processor.py:842} WARNING - No viable dags retrieved from /opt/airflow/dags/config.py
[2026-07-08T22:42:36.867-0500] {processor.py:183} INFO - Processing /opt/airflow/dags/config.py took 0.042 seconds
[2026-07-08T22:43:07.743-0500] {processor.py:161} INFO - Started process (PID=1550) to work on /opt/airflow/dags/config.py
[2026-07-08T22:43:07.745-0500] {processor.py:830} INFO - Processing file /opt/airflow/dags/config.py for tasks to queue
[2026-07-08T22:43:07.747-0500] {logging_mixin.py:188} INFO - [2026-07-08T22:43:07.747-0500] {dagbag.py:545} INFO - Filling up the DagBag from /opt/airflow/dags/config.py
[2026-07-08T22:43:07.766-0500] {processor.py:842} WARNING - No viable dags retrieved from /opt/airflow/dags/config.py
[2026-07-08T22:43:07.779-0500] {processor.py:183} INFO - Processing /opt/airflow/dags/config.py took 0.042 seconds
[2026-07-08T22:43:38.621-0500] {processor.py:161} INFO - Started process (PID=1567) to work on /opt/airflow/dags/config.py
[2026-07-08T22:43:38.621-0500] {processor.py:830} INFO - Processing file /opt/airflow/dags/config.py for tasks to queue
[2026-07-08T22:43:38.623-0500] {logging_mixin.py:188} INFO - [2026-07-08T22:43:38.623-0500] {dagbag.py:545} INFO - Filling up the DagBag from /opt/airflow/dags/config.py
[2026-07-08T22:43:38.638-0500] {processor.py:842} WARNING - No viable dags retrieved from /opt/airflow/dags/config.py
[2026-07-08T22:43:38.650-0500] {processor.py:183} INFO - Processing /opt/airflow/dags/config.py took 0.034 seconds
[2026-07-08T22:44:09.507-0500] {processor.py:161} INFO - Started process (PID=1584) to work on /opt/airflow/dags/config.py
[2026-07-08T22:44:09.508-0500] {processor.py:830} INFO - Processing file /opt/airflow/dags/config.py for tasks to queue
[2026-07-08T22:44:09.510-0500] {logging_mixin.py:188} INFO - [2026-07-08T22:44:09.510-0500] {dagbag.py:545} INFO - Filling up the DagBag from /opt/airflow/dags/config.py
[2026-07-08T22:44:09.526-0500] {processor.py:842} WARNING - No viable dags retrieved from /opt/airflow/dags/config.py
[2026-07-08T22:44:09.537-0500] {processor.py:183} INFO - Processing /opt/airflow/dags/config.py took 0.034 seconds
[2026-07-08T22:44:40.309-0500] {processor.py:161} INFO - Started process (PID=1601) to work on /opt/airflow/dags/config.py
[2026-07-08T22:44:40.310-0500] {processor.py:830} INFO - Processing file /opt/airflow/dags/config.py for tasks to queue
[2026-07-08T22:44:40.312-0500] {logging_mixin.py:188} INFO - [2026-07-08T22:44:40.312-0500] {dagbag.py:545} INFO - Filling up the DagBag from /opt/airflow/dags/config.py
[2026-07-08T22:44:40.325-0500] {processor.py:842} WARNING - No viable dags retrieved from /opt/airflow/dags/config.py
[2026-07-08T22:44:40.339-0500] {processor.py:183} INFO - Processing /opt/airflow/dags/config.py took 0.035 seconds
[2026-07-08T22:45:11.187-0500] {processor.py:161} INFO - Started process (PID=1618) to work on /opt/airflow/dags/config.py
[2026-07-08T22:45:11.188-0500] {processor.py:830} INFO - Processing file /opt/airflow/dags/config.py for tasks to queue
[2026-07-08T22:45:11.191-0500] {logging_mixin.py:188} INFO - [2026-07-08T22:45:11.190-0500] {dagbag.py:545} INFO - Filling up the DagBag from /opt/airflow/dags/config.py
[2026-07-08T22:45:11.206-0500] {processor.py:842} WARNING - No viable dags retrieved from /opt/airflow/dags/config.py
[2026-07-08T22:45:11.219-0500] {processor.py:183} INFO - Processing /opt/airflow/dags/config.py took 0.037 seconds
[2026-07-08T22:45:42.094-0500] {processor.py:161} INFO - Started process (PID=1635) to work on /opt/airflow/dags/config.py
[2026-07-08T22:45:42.095-0500] {processor.py:830} INFO - Processing file /opt/airflow/dags/config.py for tasks to queue
[2026-07-08T22:45:42.096-0500] {logging_mixin.py:188} INFO - [2026-07-08T22:45:42.096-0500] {dagbag.py:545} INFO - Filling up the DagBag from /opt/airflow/dags/config.py
[2026-07-08T22:45:42.107-0500] {processor.py:842} WARNING - No viable dags retrieved from /opt/airflow/dags/config.py
[2026-07-08T22:45:42.119-0500] {processor.py:183} INFO - Processing /opt/airflow/dags/config.py took 0.029 seconds
[2026-07-08T22:46:13.031-0500] {processor.py:161} INFO - Started process (PID=1652) to work on /opt/airflow/dags/config.py
[2026-07-08T22:46:13.032-0500] {processor.py:830} INFO - Processing file /opt/airflow/dags/config.py for tasks to queue
[2026-07-08T22:46:13.033-0500] {logging_mixin.py:188} INFO - [2026-07-08T22:46:13.033-0500] {dagbag.py:545} INFO - Filling up the DagBag from /opt/airflow/dags/config.py
[2026-07-08T22:46:13.046-0500] {processor.py:842} WARNING - No viable dags retrieved from /opt/airflow/dags/config.py
[2026-07-08T22:46:13.057-0500] {processor.py:183} INFO - Processing /opt/airflow/dags/config.py took 0.030 seconds
[2026-07-08T22:46:43.939-0500] {processor.py:161} INFO - Started process (PID=1669) to work on /opt/airflow/dags/config.py
[2026-07-08T22:46:43.943-0500] {processor.py:830} INFO - Processing file /opt/airflow/dags/config.py for tasks to queue
[2026-07-08T22:46:43.945-0500] {logging_mixin.py:188} INFO - [2026-07-08T22:46:43.945-0500] {dagbag.py:545} INFO - Filling up the DagBag from /opt/airflow/dags/config.py
[2026-07-08T22:46:43.966-0500] {processor.py:842} WARNING - No viable dags retrieved from /opt/airflow/dags/config.py
[2026-07-08T22:46:43.978-0500] {processor.py:183} INFO - Processing /opt/airflow/dags/config.py took 0.050 seconds
[2026-07-08T22:47:14.837-0500] {processor.py:161} INFO - Started process (PID=1686) to work on /opt/airflow/dags/config.py
[2026-07-08T22:47:14.838-0500] {processor.py:830} INFO - Processing file /opt/airflow/dags/config.py for tasks to queue
[2026-07-08T22:47:14.840-0500] {logging_mixin.py:188} INFO - [2026-07-08T22:47:14.839-0500] {dagbag.py:545} INFO - Filling up the DagBag from /opt/airflow/dags/config.py
[2026-07-08T22:47:14.859-0500] {processor.py:842} WARNING - No viable dags retrieved from /opt/airflow/dags/config.py
[2026-07-08T22:47:14.873-0500] {processor.py:183} INFO - Processing /opt/airflow/dags/config.py took 0.041 seconds
[2026-07-08T22:47:45.767-0500] {processor.py:161} INFO - Started process (PID=1703) to work on /opt/airflow/dags/config.py
[2026-07-08T22:47:45.768-0500] {processor.py:830} INFO - Processing file /opt/airflow/dags/config.py for tasks to queue
[2026-07-08T22:47:45.770-0500] {logging_mixin.py:188} INFO - [2026-07-08T22:47:45.770-0500] {dagbag.py:545} INFO - Filling up the DagBag from /opt/airflow/dags/config.py
[2026-07-08T22:47:45.792-0500] {processor.py:842} WARNING - No viable dags retrieved from /opt/airflow/dags/config.py
[2026-07-08T22:47:45.806-0500] {processor.py:183} INFO - Processing /opt/airflow/dags/config.py took 0.044 seconds
[2026-07-08T22:48:16.807-0500] {processor.py:161} INFO - Started process (PID=1720) to work on /opt/airflow/dags/config.py
[2026-07-08T22:48:16.809-0500] {processor.py:830} INFO - Processing file /opt/airflow/dags/config.py for tasks to queue
[2026-07-08T22:48:16.813-0500] {logging_mixin.py:188} INFO - [2026-07-08T22:48:16.813-0500] {dagbag.py:545} INFO - Filling up the DagBag from /opt/airflow/dags/config.py
[2026-07-08T22:48:16.851-0500] {processor.py:842} WARNING - No viable dags retrieved from /opt/airflow/dags/config.py
[2026-07-08T22:48:16.874-0500] {processor.py:183} INFO - Processing /opt/airflow/dags/config.py took 0.078 seconds
[2026-07-08T22:48:47.754-0500] {processor.py:161} INFO - Started process (PID=1737) to work on /opt/airflow/dags/config.py
[2026-07-08T22:48:47.755-0500] {processor.py:830} INFO - Processing file /opt/airflow/dags/config.py for tasks to queue
[2026-07-08T22:48:47.757-0500] {logging_mixin.py:188} INFO - [2026-07-08T22:48:47.757-0500] {dagbag.py:545} INFO - Filling up the DagBag from /opt/airflow/dags/config.py
[2026-07-08T22:48:47.775-0500] {processor.py:842} WARNING - No viable dags retrieved from /opt/airflow/dags/config.py
[2026-07-08T22:48:47.788-0500] {processor.py:183} INFO - Processing /opt/airflow/dags/config.py took 0.040 seconds
[2026-07-08T22:49:18.567-0500] {processor.py:161} INFO - Started process (PID=1754) to work on /opt/airflow/dags/config.py
[2026-07-08T22:49:18.568-0500] {processor.py:830} INFO - Processing file /opt/airflow/dags/config.py for tasks to queue
[2026-07-08T22:49:18.569-0500] {logging_mixin.py:188} INFO - [2026-07-08T22:49:18.569-0500] {dagbag.py:545} INFO - Filling up the DagBag from /opt/airflow/dags/config.py
[2026-07-08T22:49:18.583-0500] {processor.py:842} WARNING - No viable dags retrieved from /opt/airflow/dags/config.py
[2026-07-08T22:49:18.596-0500] {processor.py:183} INFO - Processing /opt/airflow/dags/config.py took 0.033 seconds
[2026-07-08T22:49:49.458-0500] {processor.py:161} INFO - Started process (PID=1771) to work on /opt/airflow/dags/config.py
[2026-07-08T22:49:49.459-0500] {processor.py:830} INFO - Processing file /opt/airflow/dags/config.py for tasks to queue
[2026-07-08T22:49:49.461-0500] {logging_mixin.py:188} INFO - [2026-07-08T22:49:49.461-0500] {dagbag.py:545} INFO - Filling up the DagBag from /opt/airflow/dags/config.py
[2026-07-08T22:49:49.479-0500] {processor.py:842} WARNING - No viable dags retrieved from /opt/airflow/dags/config.py
[2026-07-08T22:49:49.490-0500] {processor.py:183} INFO - Processing /opt/airflow/dags/config.py took 0.037 seconds
[2026-07-08T22:50:20.594-0500] {processor.py:161} INFO - Started process (PID=1788) to work on /opt/airflow/dags/config.py
[2026-07-08T22:50:20.596-0500] {processor.py:830} INFO - Processing file /opt/airflow/dags/config.py for tasks to queue
[2026-07-08T22:50:20.602-0500] {logging_mixin.py:188} INFO - [2026-07-08T22:50:20.601-0500] {dagbag.py:545} INFO - Filling up the DagBag from /opt/airflow/dags/config.py
[2026-07-08T22:50:20.627-0500] {processor.py:842} WARNING - No viable dags retrieved from /opt/airflow/dags/config.py
[2026-07-08T22:50:20.649-0500] {processor.py:183} INFO - Processing /opt/airflow/dags/config.py took 0.065 seconds
[2026-07-08T22:50:51.482-0500] {processor.py:161} INFO - Started process (PID=1805) to work on /opt/airflow/dags/config.py
[2026-07-08T22:50:51.483-0500] {processor.py:830} INFO - Processing file /opt/airflow/dags/config.py for tasks to queue
[2026-07-08T22:50:51.486-0500] {logging_mixin.py:188} INFO - [2026-07-08T22:50:51.485-0500] {dagbag.py:545} INFO - Filling up the DagBag from /opt/airflow/dags/config.py
[2026-07-08T22:50:51.511-0500] {processor.py:842} WARNING - No viable dags retrieved from /opt/airflow/dags/config.py
[2026-07-08T22:50:51.525-0500] {processor.py:183} INFO - Processing /opt/airflow/dags/config.py took 0.050 seconds
[2026-07-08T22:51:22.727-0500] {processor.py:161} INFO - Started process (PID=1822) to work on /opt/airflow/dags/config.py
[2026-07-08T22:51:22.728-0500] {processor.py:830} INFO - Processing file /opt/airflow/dags/config.py for tasks to queue
[2026-07-08T22:51:22.731-0500] {logging_mixin.py:188} INFO - [2026-07-08T22:51:22.730-0500] {dagbag.py:545} INFO - Filling up the DagBag from /opt/airflow/dags/config.py
[2026-07-08T22:51:22.750-0500] {processor.py:842} WARNING - No viable dags retrieved from /opt/airflow/dags/config.py
[2026-07-08T22:51:22.763-0500] {processor.py:183} INFO - Processing /opt/airflow/dags/config.py took 0.043 seconds
[2026-07-08T22:51:53.633-0500] {processor.py:161} INFO - Started process (PID=1837) to work on /opt/airflow/dags/config.py
[2026-07-08T22:51:53.634-0500] {processor.py:830} INFO - Processing file /opt/airflow/dags/config.py for tasks to queue
[2026-07-08T22:51:53.635-0500] {logging_mixin.py:188} INFO - [2026-07-08T22:51:53.635-0500] {dagbag.py:545} INFO - Filling up the DagBag from /opt/airflow/dags/config.py
[2026-07-08T22:51:53.659-0500] {processor.py:842} WARNING - No viable dags retrieved from /opt/airflow/dags/config.py
[2026-07-08T22:51:53.673-0500] {processor.py:183} INFO - Processing /opt/airflow/dags/config.py took 0.046 seconds
[2026-07-08T22:52:24.532-0500] {processor.py:161} INFO - Started process (PID=1856) to work on /opt/airflow/dags/config.py
[2026-07-08T22:52:24.533-0500] {processor.py:830} INFO - Processing file /opt/airflow/dags/config.py for tasks to queue
[2026-07-08T22:52:24.534-0500] {logging_mixin.py:188} INFO - [2026-07-08T22:52:24.534-0500] {dagbag.py:545} INFO - Filling up the DagBag from /opt/airflow/dags/config.py
[2026-07-08T22:52:24.549-0500] {processor.py:842} WARNING - No viable dags retrieved from /opt/airflow/dags/config.py
[2026-07-08T22:52:24.562-0500] {processor.py:183} INFO - Processing /opt/airflow/dags/config.py took 0.035 seconds
[2026-07-08T22:52:55.410-0500] {processor.py:161} INFO - Started process (PID=1873) to work on /opt/airflow/dags/config.py
[2026-07-08T22:52:55.411-0500] {processor.py:830} INFO - Processing file /opt/airflow/dags/config.py for tasks to queue
[2026-07-08T22:52:55.412-0500] {logging_mixin.py:188} INFO - [2026-07-08T22:52:55.412-0500] {dagbag.py:545} INFO - Filling up the DagBag from /opt/airflow/dags/config.py
[2026-07-08T22:52:55.427-0500] {processor.py:842} WARNING - No viable dags retrieved from /opt/airflow/dags/config.py
[2026-07-08T22:52:55.439-0500] {processor.py:183} INFO - Processing /opt/airflow/dags/config.py took 0.033 seconds
[2026-07-08T22:53:26.246-0500] {processor.py:161} INFO - Started process (PID=1890) to work on /opt/airflow/dags/config.py
[2026-07-08T22:53:26.247-0500] {processor.py:830} INFO - Processing file /opt/airflow/dags/config.py for tasks to queue
[2026-07-08T22:53:26.249-0500] {logging_mixin.py:188} INFO - [2026-07-08T22:53:26.249-0500] {dagbag.py:545} INFO - Filling up the DagBag from /opt/airflow/dags/config.py
[2026-07-08T22:53:26.266-0500] {processor.py:842} WARNING - No viable dags retrieved from /opt/airflow/dags/config.py
[2026-07-08T22:53:26.278-0500] {processor.py:183} INFO - Processing /opt/airflow/dags/config.py took 0.037 seconds
[2026-07-08T22:53:57.079-0500] {processor.py:161} INFO - Started process (PID=1907) to work on /opt/airflow/dags/config.py
[2026-07-08T22:53:57.080-0500] {processor.py:830} INFO - Processing file /opt/airflow/dags/config.py for tasks to queue
[2026-07-08T22:53:57.082-0500] {logging_mixin.py:188} INFO - [2026-07-08T22:53:57.081-0500] {dagbag.py:545} INFO - Filling up the DagBag from /opt/airflow/dags/config.py
[2026-07-08T22:53:57.103-0500] {processor.py:842} WARNING - No viable dags retrieved from /opt/airflow/dags/config.py
[2026-07-08T22:53:57.115-0500] {processor.py:183} INFO - Processing /opt/airflow/dags/config.py took 0.041 seconds
[2026-07-08T22:54:28.003-0500] {processor.py:161} INFO - Started process (PID=1924) to work on /opt/airflow/dags/config.py
[2026-07-08T22:54:28.004-0500] {processor.py:830} INFO - Processing file /opt/airflow/dags/config.py for tasks to queue
[2026-07-08T22:54:28.006-0500] {logging_mixin.py:188} INFO - [2026-07-08T22:54:28.006-0500] {dagbag.py:545} INFO - Filling up the DagBag from /opt/airflow/dags/config.py
[2026-07-08T22:54:28.029-0500] {processor.py:842} WARNING - No viable dags retrieved from /opt/airflow/dags/config.py
[2026-07-08T22:54:28.043-0500] {processor.py:183} INFO - Processing /opt/airflow/dags/config.py took 0.044 seconds
[2026-07-08T22:54:58.856-0500] {processor.py:161} INFO - Started process (PID=1941) to work on /opt/airflow/dags/config.py
[2026-07-08T22:54:58.857-0500] {processor.py:830} INFO - Processing file /opt/airflow/dags/config.py for tasks to queue
[2026-07-08T22:54:58.859-0500] {logging_mixin.py:188} INFO - [2026-07-08T22:54:58.859-0500] {dagbag.py:545} INFO - Filling up the DagBag from /opt/airflow/dags/config.py
[2026-07-08T22:54:58.876-0500] {processor.py:842} WARNING - No viable dags retrieved from /opt/airflow/dags/config.py
[2026-07-08T22:54:58.889-0500] {processor.py:183} INFO - Processing /opt/airflow/dags/config.py took 0.037 seconds
[2026-07-08T22:55:29.701-0500] {processor.py:161} INFO - Started process (PID=1958) to work on /opt/airflow/dags/config.py
[2026-07-08T22:55:29.703-0500] {processor.py:830} INFO - Processing file /opt/airflow/dags/config.py for tasks to queue
[2026-07-08T22:55:29.704-0500] {logging_mixin.py:188} INFO - [2026-07-08T22:55:29.704-0500] {dagbag.py:545} INFO - Filling up the DagBag from /opt/airflow/dags/config.py
[2026-07-08T22:55:29.719-0500] {processor.py:842} WARNING - No viable dags retrieved from /opt/airflow/dags/config.py
[2026-07-08T22:55:29.734-0500] {processor.py:183} INFO - Processing /opt/airflow/dags/config.py took 0.038 seconds
[2026-07-08T22:56:00.551-0500] {processor.py:161} INFO - Started process (PID=1975) to work on /opt/airflow/dags/config.py
[2026-07-08T22:56:00.552-0500] {processor.py:830} INFO - Processing file /opt/airflow/dags/config.py for tasks to queue
[2026-07-08T22:56:00.554-0500] {logging_mixin.py:188} INFO - [2026-07-08T22:56:00.554-0500] {dagbag.py:545} INFO - Filling up the DagBag from /opt/airflow/dags/config.py
[2026-07-08T22:56:00.573-0500] {processor.py:842} WARNING - No viable dags retrieved from /opt/airflow/dags/config.py
[2026-07-08T22:56:00.586-0500] {processor.py:183} INFO - Processing /opt/airflow/dags/config.py took 0.040 seconds
[2026-07-08T22:56:31.473-0500] {processor.py:161} INFO - Started process (PID=1992) to work on /opt/airflow/dags/config.py
[2026-07-08T22:56:31.474-0500] {processor.py:830} INFO - Processing file /opt/airflow/dags/config.py for tasks to queue
[2026-07-08T22:56:31.476-0500] {logging_mixin.py:188} INFO - [2026-07-08T22:56:31.476-0500] {dagbag.py:545} INFO - Filling up the DagBag from /opt/airflow/dags/config.py
[2026-07-08T22:56:31.491-0500] {processor.py:842} WARNING - No viable dags retrieved from /opt/airflow/dags/config.py
[2026-07-08T22:56:31.504-0500] {processor.py:183} INFO - Processing /opt/airflow/dags/config.py took 0.036 seconds
[2026-07-08T22:57:02.433-0500] {processor.py:161} INFO - Started process (PID=2009) to work on /opt/airflow/dags/config.py
[2026-07-08T22:57:02.434-0500] {processor.py:830} INFO - Processing file /opt/airflow/dags/config.py for tasks to queue
[2026-07-08T22:57:02.436-0500] {logging_mixin.py:188} INFO - [2026-07-08T22:57:02.436-0500] {dagbag.py:545} INFO - Filling up the DagBag from /opt/airflow/dags/config.py
[2026-07-08T22:57:02.455-0500] {processor.py:842} WARNING - No viable dags retrieved from /opt/airflow/dags/config.py
[2026-07-08T22:57:02.469-0500] {processor.py:183} INFO - Processing /opt/airflow/dags/config.py took 0.042 seconds
[2026-07-08T22:57:33.323-0500] {processor.py:161} INFO - Started process (PID=2026) to work on /opt/airflow/dags/config.py
[2026-07-08T22:57:33.324-0500] {processor.py:830} INFO - Processing file /opt/airflow/dags/config.py for tasks to queue
[2026-07-08T22:57:33.326-0500] {logging_mixin.py:188} INFO - [2026-07-08T22:57:33.326-0500] {dagbag.py:545} INFO - Filling up the DagBag from /opt/airflow/dags/config.py
[2026-07-08T22:57:33.343-0500] {processor.py:842} WARNING - No viable dags retrieved from /opt/airflow/dags/config.py
[2026-07-08T22:57:33.357-0500] {processor.py:183} INFO - Processing /opt/airflow/dags/config.py took 0.039 seconds
[2026-07-08T22:58:04.121-0500] {processor.py:161} INFO - Started process (PID=2043) to work on /opt/airflow/dags/config.py
[2026-07-08T22:58:04.122-0500] {processor.py:830} INFO - Processing file /opt/airflow/dags/config.py for tasks to queue
[2026-07-08T22:58:04.123-0500] {logging_mixin.py:188} INFO - [2026-07-08T22:58:04.123-0500] {dagbag.py:545} INFO - Filling up the DagBag from /opt/airflow/dags/config.py
[2026-07-08T22:58:04.134-0500] {processor.py:842} WARNING - No viable dags retrieved from /opt/airflow/dags/config.py
[2026-07-08T22:58:04.145-0500] {processor.py:183} INFO - Processing /opt/airflow/dags/config.py took 0.029 seconds
[2026-07-08T22:58:35.108-0500] {processor.py:161} INFO - Started process (PID=2060) to work on /opt/airflow/dags/config.py
[2026-07-08T22:58:35.109-0500] {processor.py:830} INFO - Processing file /opt/airflow/dags/config.py for tasks to queue
[2026-07-08T22:58:35.111-0500] {logging_mixin.py:188} INFO - [2026-07-08T22:58:35.111-0500] {dagbag.py:545} INFO - Filling up the DagBag from /opt/airflow/dags/config.py
[2026-07-08T22:58:35.131-0500] {processor.py:842} WARNING - No viable dags retrieved from /opt/airflow/dags/config.py
[2026-07-08T22:58:35.143-0500] {processor.py:183} INFO - Processing /opt/airflow/dags/config.py took 0.040 seconds
[2026-07-08T22:59:06.113-0500] {processor.py:161} INFO - Started process (PID=2077) to work on /opt/airflow/dags/config.py
[2026-07-08T22:59:06.115-0500] {processor.py:830} INFO - Processing file /opt/airflow/dags/config.py for tasks to queue
[2026-07-08T22:59:06.116-0500] {logging_mixin.py:188} INFO - [2026-07-08T22:59:06.116-0500] {dagbag.py:545} INFO - Filling up the DagBag from /opt/airflow/dags/config.py
[2026-07-08T22:59:06.133-0500] {processor.py:842} WARNING - No viable dags retrieved from /opt/airflow/dags/config.py
[2026-07-08T22:59:06.145-0500] {processor.py:183} INFO - Processing /opt/airflow/dags/config.py took 0.038 seconds
[2026-07-08T22:59:36.989-0500] {processor.py:161} INFO - Started process (PID=2094) to work on /opt/airflow/dags/config.py
[2026-07-08T22:59:36.990-0500] {processor.py:830} INFO - Processing file /opt/airflow/dags/config.py for tasks to queue
[2026-07-08T22:59:36.991-0500] {logging_mixin.py:188} INFO - [2026-07-08T22:59:36.991-0500] {dagbag.py:545} INFO - Filling up the DagBag from /opt/airflow/dags/config.py
[2026-07-08T22:59:37.004-0500] {processor.py:842} WARNING - No viable dags retrieved from /opt/airflow/dags/config.py
[2026-07-08T22:59:37.016-0500] {processor.py:183} INFO - Processing /opt/airflow/dags/config.py took 0.032 seconds
[2026-07-08T23:00:07.805-0500] {processor.py:161} INFO - Started process (PID=2111) to work on /opt/airflow/dags/config.py
[2026-07-08T23:00:07.806-0500] {processor.py:830} INFO - Processing file /opt/airflow/dags/config.py for tasks to queue
[2026-07-08T23:00:07.808-0500] {logging_mixin.py:188} INFO - [2026-07-08T23:00:07.808-0500] {dagbag.py:545} INFO - Filling up the DagBag from /opt/airflow/dags/config.py
[2026-07-08T23:00:07.820-0500] {processor.py:842} WARNING - No viable dags retrieved from /opt/airflow/dags/config.py
[2026-07-08T23:00:07.831-0500] {processor.py:183} INFO - Processing /opt/airflow/dags/config.py took 0.032 seconds
[2026-07-08T23:00:38.690-0500] {processor.py:161} INFO - Started process (PID=2128) to work on /opt/airflow/dags/config.py
[2026-07-08T23:00:38.691-0500] {processor.py:830} INFO - Processing file /opt/airflow/dags/config.py for tasks to queue
[2026-07-08T23:00:38.693-0500] {logging_mixin.py:188} INFO - [2026-07-08T23:00:38.693-0500] {dagbag.py:545} INFO - Filling up the DagBag from /opt/airflow/dags/config.py
[2026-07-08T23:00:38.710-0500] {processor.py:842} WARNING - No viable dags retrieved from /opt/airflow/dags/config.py
[2026-07-08T23:00:38.723-0500] {processor.py:183} INFO - Processing /opt/airflow/dags/config.py took 0.038 seconds
[2026-07-08T23:01:09.792-0500] {processor.py:161} INFO - Started process (PID=2145) to work on /opt/airflow/dags/config.py
[2026-07-08T23:01:09.793-0500] {processor.py:830} INFO - Processing file /opt/airflow/dags/config.py for tasks to queue
[2026-07-08T23:01:09.795-0500] {logging_mixin.py:188} INFO - [2026-07-08T23:01:09.795-0500] {dagbag.py:545} INFO - Filling up the DagBag from /opt/airflow/dags/config.py
[2026-07-08T23:01:09.814-0500] {processor.py:842} WARNING - No viable dags retrieved from /opt/airflow/dags/config.py
[2026-07-08T23:01:09.828-0500] {processor.py:183} INFO - Processing /opt/airflow/dags/config.py took 0.041 seconds
[2026-07-08T23:01:40.684-0500] {processor.py:161} INFO - Started process (PID=2162) to work on /opt/airflow/dags/config.py
[2026-07-08T23:01:40.686-0500] {processor.py:830} INFO - Processing file /opt/airflow/dags/config.py for tasks to queue
[2026-07-08T23:01:40.687-0500] {logging_mixin.py:188} INFO - [2026-07-08T23:01:40.687-0500] {dagbag.py:545} INFO - Filling up the DagBag from /opt/airflow/dags/config.py
[2026-07-08T23:01:40.707-0500] {processor.py:842} WARNING - No viable dags retrieved from /opt/airflow/dags/config.py
[2026-07-08T23:01:40.719-0500] {processor.py:183} INFO - Processing /opt/airflow/dags/config.py took 0.040 seconds
[2026-07-08T23:02:11.553-0500] {processor.py:161} INFO - Started process (PID=2179) to work on /opt/airflow/dags/config.py
[2026-07-08T23:02:11.554-0500] {processor.py:830} INFO - Processing file /opt/airflow/dags/config.py for tasks to queue
[2026-07-08T23:02:11.556-0500] {logging_mixin.py:188} INFO - [2026-07-08T23:02:11.556-0500] {dagbag.py:545} INFO - Filling up the DagBag from /opt/airflow/dags/config.py
[2026-07-08T23:02:11.575-0500] {processor.py:842} WARNING - No viable dags retrieved from /opt/airflow/dags/config.py
[2026-07-08T23:02:11.587-0500] {processor.py:183} INFO - Processing /opt/airflow/dags/config.py took 0.040 seconds
[2026-07-08T23:02:42.395-0500] {processor.py:161} INFO - Started process (PID=2196) to work on /opt/airflow/dags/config.py
[2026-07-08T23:02:42.395-0500] {processor.py:830} INFO - Processing file /opt/airflow/dags/config.py for tasks to queue
[2026-07-08T23:02:42.397-0500] {logging_mixin.py:188} INFO - [2026-07-08T23:02:42.397-0500] {dagbag.py:545} INFO - Filling up the DagBag from /opt/airflow/dags/config.py
[2026-07-08T23:02:42.409-0500] {processor.py:842} WARNING - No viable dags retrieved from /opt/airflow/dags/config.py
[2026-07-08T23:02:42.420-0500] {processor.py:183} INFO - Processing /opt/airflow/dags/config.py took 0.030 seconds
[2026-07-08T23:03:13.351-0500] {processor.py:161} INFO - Started process (PID=2213) to work on /opt/airflow/dags/config.py
[2026-07-08T23:03:13.352-0500] {processor.py:830} INFO - Processing file /opt/airflow/dags/config.py for tasks to queue
[2026-07-08T23:03:13.354-0500] {logging_mixin.py:188} INFO - [2026-07-08T23:03:13.354-0500] {dagbag.py:545} INFO - Filling up the DagBag from /opt/airflow/dags/config.py
[2026-07-08T23:03:13.376-0500] {processor.py:842} WARNING - No viable dags retrieved from /opt/airflow/dags/config.py
[2026-07-08T23:03:13.388-0500] {processor.py:183} INFO - Processing /opt/airflow/dags/config.py took 0.044 seconds
[2026-07-08T23:03:44.246-0500] {processor.py:161} INFO - Started process (PID=2230) to work on /opt/airflow/dags/config.py
[2026-07-08T23:03:44.247-0500] {processor.py:830} INFO - Processing file /opt/airflow/dags/config.py for tasks to queue
[2026-07-08T23:03:44.249-0500] {logging_mixin.py:188} INFO - [2026-07-08T23:03:44.249-0500] {dagbag.py:545} INFO - Filling up the DagBag from /opt/airflow/dags/config.py
[2026-07-08T23:03:44.266-0500] {processor.py:842} WARNING - No viable dags retrieved from /opt/airflow/dags/config.py
[2026-07-08T23:03:44.278-0500] {processor.py:183} INFO - Processing /opt/airflow/dags/config.py took 0.037 seconds
[2026-07-08T23:04:15.093-0500] {processor.py:161} INFO - Started process (PID=2247) to work on /opt/airflow/dags/config.py
[2026-07-08T23:04:15.094-0500] {processor.py:830} INFO - Processing file /opt/airflow/dags/config.py for tasks to queue
[2026-07-08T23:04:15.097-0500] {logging_mixin.py:188} INFO - [2026-07-08T23:04:15.096-0500] {dagbag.py:545} INFO - Filling up the DagBag from /opt/airflow/dags/config.py
[2026-07-08T23:04:15.119-0500] {processor.py:842} WARNING - No viable dags retrieved from /opt/airflow/dags/config.py
[2026-07-08T23:04:15.131-0500] {processor.py:183} INFO - Processing /opt/airflow/dags/config.py took 0.045 seconds
[2026-07-08T23:04:46.067-0500] {processor.py:161} INFO - Started process (PID=2264) to work on /opt/airflow/dags/config.py
[2026-07-08T23:04:46.068-0500] {processor.py:830} INFO - Processing file /opt/airflow/dags/config.py for tasks to queue
[2026-07-08T23:04:46.070-0500] {logging_mixin.py:188} INFO - [2026-07-08T23:04:46.069-0500] {dagbag.py:545} INFO - Filling up the DagBag from /opt/airflow/dags/config.py
[2026-07-08T23:04:46.091-0500] {processor.py:842} WARNING - No viable dags retrieved from /opt/airflow/dags/config.py
[2026-07-08T23:04:46.107-0500] {processor.py:183} INFO - Processing /opt/airflow/dags/config.py took 0.045 seconds
[2026-07-08T23:05:16.937-0500] {processor.py:161} INFO - Started process (PID=2281) to work on /opt/airflow/dags/config.py
[2026-07-08T23:05:16.938-0500] {processor.py:830} INFO - Processing file /opt/airflow/dags/config.py for tasks to queue
[2026-07-08T23:05:16.941-0500] {logging_mixin.py:188} INFO - [2026-07-08T23:05:16.940-0500] {dagbag.py:545} INFO - Filling up the DagBag from /opt/airflow/dags/config.py
[2026-07-08T23:05:16.964-0500] {processor.py:842} WARNING - No viable dags retrieved from /opt/airflow/dags/config.py
[2026-07-08T23:05:16.977-0500] {processor.py:183} INFO - Processing /opt/airflow/dags/config.py took 0.049 seconds
[2026-07-08T23:05:48.216-0500] {processor.py:161} INFO - Started process (PID=2298) to work on /opt/airflow/dags/config.py
[2026-07-08T23:05:48.217-0500] {processor.py:830} INFO - Processing file /opt/airflow/dags/config.py for tasks to queue
[2026-07-08T23:05:48.219-0500] {logging_mixin.py:188} INFO - [2026-07-08T23:05:48.219-0500] {dagbag.py:545} INFO - Filling up the DagBag from /opt/airflow/dags/config.py
[2026-07-08T23:05:48.242-0500] {processor.py:842} WARNING - No viable dags retrieved from /opt/airflow/dags/config.py
[2026-07-08T23:05:48.255-0500] {processor.py:183} INFO - Processing /opt/airflow/dags/config.py took 0.044 seconds
[2026-07-08T23:06:19.183-0500] {processor.py:161} INFO - Started process (PID=2315) to work on /opt/airflow/dags/config.py
[2026-07-08T23:06:19.185-0500] {processor.py:830} INFO - Processing file /opt/airflow/dags/config.py for tasks to queue
[2026-07-08T23:06:19.187-0500] {logging_mixin.py:188} INFO - [2026-07-08T23:06:19.186-0500] {dagbag.py:545} INFO - Filling up the DagBag from /opt/airflow/dags/config.py
[2026-07-08T23:06:19.213-0500] {processor.py:842} WARNING - No viable dags retrieved from /opt/airflow/dags/config.py
[2026-07-08T23:06:19.228-0500] {processor.py:183} INFO - Processing /opt/airflow/dags/config.py took 0.051 seconds
[2026-07-08T23:06:50.286-0500] {processor.py:161} INFO - Started process (PID=2330) to work on /opt/airflow/dags/config.py
[2026-07-08T23:06:50.288-0500] {processor.py:830} INFO - Processing file /opt/airflow/dags/config.py for tasks to queue
[2026-07-08T23:06:50.291-0500] {logging_mixin.py:188} INFO - [2026-07-08T23:06:50.290-0500] {dagbag.py:545} INFO - Filling up the DagBag from /opt/airflow/dags/config.py
[2026-07-08T23:06:50.317-0500] {processor.py:842} WARNING - No viable dags retrieved from /opt/airflow/dags/config.py
[2026-07-08T23:06:50.335-0500] {processor.py:183} INFO - Processing /opt/airflow/dags/config.py took 0.054 seconds
[2026-07-08T23:07:21.321-0500] {processor.py:161} INFO - Started process (PID=2349) to work on /opt/airflow/dags/config.py
[2026-07-08T23:07:21.322-0500] {processor.py:830} INFO - Processing file /opt/airflow/dags/config.py for tasks to queue
[2026-07-08T23:07:21.323-0500] {logging_mixin.py:188} INFO - [2026-07-08T23:07:21.323-0500] {dagbag.py:545} INFO - Filling up the DagBag from /opt/airflow/dags/config.py
[2026-07-08T23:07:21.341-0500] {processor.py:842} WARNING - No viable dags retrieved from /opt/airflow/dags/config.py
[2026-07-08T23:07:21.355-0500] {processor.py:183} INFO - Processing /opt/airflow/dags/config.py took 0.039 seconds
[2026-07-08T23:07:52.235-0500] {processor.py:161} INFO - Started process (PID=2366) to work on /opt/airflow/dags/config.py
[2026-07-08T23:07:52.236-0500] {processor.py:830} INFO - Processing file /opt/airflow/dags/config.py for tasks to queue
[2026-07-08T23:07:52.238-0500] {logging_mixin.py:188} INFO - [2026-07-08T23:07:52.238-0500] {dagbag.py:545} INFO - Filling up the DagBag from /opt/airflow/dags/config.py
[2026-07-08T23:07:52.256-0500] {processor.py:842} WARNING - No viable dags retrieved from /opt/airflow/dags/config.py
[2026-07-08T23:07:52.272-0500] {processor.py:183} INFO - Processing /opt/airflow/dags/config.py took 0.042 seconds
[2026-07-08T23:08:23.241-0500] {processor.py:161} INFO - Started process (PID=2383) to work on /opt/airflow/dags/config.py
[2026-07-08T23:08:23.242-0500] {processor.py:830} INFO - Processing file /opt/airflow/dags/config.py for tasks to queue
[2026-07-08T23:08:23.244-0500] {logging_mixin.py:188} INFO - [2026-07-08T23:08:23.244-0500] {dagbag.py:545} INFO - Filling up the DagBag from /opt/airflow/dags/config.py
[2026-07-08T23:08:23.264-0500] {processor.py:842} WARNING - No viable dags retrieved from /opt/airflow/dags/config.py
[2026-07-08T23:08:23.277-0500] {processor.py:183} INFO - Processing /opt/airflow/dags/config.py took 0.040 seconds
[2026-07-08T23:08:54.059-0500] {processor.py:161} INFO - Started process (PID=2400) to work on /opt/airflow/dags/config.py
[2026-07-08T23:08:54.060-0500] {processor.py:830} INFO - Processing file /opt/airflow/dags/config.py for tasks to queue
[2026-07-08T23:08:54.062-0500] {logging_mixin.py:188} INFO - [2026-07-08T23:08:54.061-0500] {dagbag.py:545} INFO - Filling up the DagBag from /opt/airflow/dags/config.py
[2026-07-08T23:08:54.077-0500] {processor.py:842} WARNING - No viable dags retrieved from /opt/airflow/dags/config.py
[2026-07-08T23:08:54.090-0500] {processor.py:183} INFO - Processing /opt/airflow/dags/config.py took 0.035 seconds
[2026-07-08T23:09:25.041-0500] {processor.py:161} INFO - Started process (PID=2417) to work on /opt/airflow/dags/config.py
[2026-07-08T23:09:25.043-0500] {processor.py:830} INFO - Processing file /opt/airflow/dags/config.py for tasks to queue
[2026-07-08T23:09:25.045-0500] {logging_mixin.py:188} INFO - [2026-07-08T23:09:25.045-0500] {dagbag.py:545} INFO - Filling up the DagBag from /opt/airflow/dags/config.py
[2026-07-08T23:09:25.067-0500] {processor.py:842} WARNING - No viable dags retrieved from /opt/airflow/dags/config.py
[2026-07-08T23:09:25.079-0500] {processor.py:183} INFO - Processing /opt/airflow/dags/config.py took 0.044 seconds
[2026-07-08T23:09:55.941-0500] {processor.py:161} INFO - Started process (PID=2432) to work on /opt/airflow/dags/config.py
[2026-07-08T23:09:55.943-0500] {processor.py:830} INFO - Processing file /opt/airflow/dags/config.py for tasks to queue
[2026-07-08T23:09:55.946-0500] {logging_mixin.py:188} INFO - [2026-07-08T23:09:55.946-0500] {dagbag.py:545} INFO - Filling up the DagBag from /opt/airflow/dags/config.py
[2026-07-08T23:09:55.969-0500] {processor.py:842} WARNING - No viable dags retrieved from /opt/airflow/dags/config.py
[2026-07-08T23:09:56.008-0500] {processor.py:183} INFO - Processing /opt/airflow/dags/config.py took 0.074 seconds
[2026-07-08T23:10:26.951-0500] {processor.py:161} INFO - Started process (PID=2451) to work on /opt/airflow/dags/config.py
[2026-07-08T23:10:26.952-0500] {processor.py:830} INFO - Processing file /opt/airflow/dags/config.py for tasks to queue
[2026-07-08T23:10:26.954-0500] {logging_mixin.py:188} INFO - [2026-07-08T23:10:26.953-0500] {dagbag.py:545} INFO - Filling up the DagBag from /opt/airflow/dags/config.py
[2026-07-08T23:10:26.974-0500] {processor.py:842} WARNING - No viable dags retrieved from /opt/airflow/dags/config.py
[2026-07-08T23:10:26.987-0500] {processor.py:183} INFO - Processing /opt/airflow/dags/config.py took 0.041 seconds
[2026-07-08T23:10:57.875-0500] {processor.py:161} INFO - Started process (PID=2468) to work on /opt/airflow/dags/config.py
[2026-07-08T23:10:57.876-0500] {processor.py:830} INFO - Processing file /opt/airflow/dags/config.py for tasks to queue
[2026-07-08T23:10:57.877-0500] {logging_mixin.py:188} INFO - [2026-07-08T23:10:57.877-0500] {dagbag.py:545} INFO - Filling up the DagBag from /opt/airflow/dags/config.py
[2026-07-08T23:10:57.896-0500] {processor.py:842} WARNING - No viable dags retrieved from /opt/airflow/dags/config.py
[2026-07-08T23:10:57.910-0500] {processor.py:183} INFO - Processing /opt/airflow/dags/config.py took 0.040 seconds
[2026-07-08T23:11:28.797-0500] {processor.py:161} INFO - Started process (PID=2485) to work on /opt/airflow/dags/config.py
[2026-07-08T23:11:28.798-0500] {processor.py:830} INFO - Processing file /opt/airflow/dags/config.py for tasks to queue
[2026-07-08T23:11:28.800-0500] {logging_mixin.py:188} INFO - [2026-07-08T23:11:28.800-0500] {dagbag.py:545} INFO - Filling up the DagBag from /opt/airflow/dags/config.py
[2026-07-08T23:11:28.820-0500] {processor.py:842} WARNING - No viable dags retrieved from /opt/airflow/dags/config.py
[2026-07-08T23:11:28.831-0500] {processor.py:183} INFO - Processing /opt/airflow/dags/config.py took 0.039 seconds
[2026-07-08T23:11:59.667-0500] {processor.py:161} INFO - Started process (PID=2500) to work on /opt/airflow/dags/config.py
[2026-07-08T23:11:59.668-0500] {processor.py:830} INFO - Processing file /opt/airflow/dags/config.py for tasks to queue
[2026-07-08T23:11:59.669-0500] {logging_mixin.py:188} INFO - [2026-07-08T23:11:59.669-0500] {dagbag.py:545} INFO - Filling up the DagBag from /opt/airflow/dags/config.py
[2026-07-08T23:11:59.689-0500] {processor.py:842} WARNING - No viable dags retrieved from /opt/airflow/dags/config.py
[2026-07-08T23:11:59.700-0500] {processor.py:183} INFO - Processing /opt/airflow/dags/config.py took 0.037 seconds
[2026-07-08T23:12:30.532-0500] {processor.py:161} INFO - Started process (PID=2519) to work on /opt/airflow/dags/config.py
[2026-07-08T23:12:30.533-0500] {processor.py:830} INFO - Processing file /opt/airflow/dags/config.py for tasks to queue
[2026-07-08T23:12:30.535-0500] {logging_mixin.py:188} INFO - [2026-07-08T23:12:30.535-0500] {dagbag.py:545} INFO - Filling up the DagBag from /opt/airflow/dags/config.py
[2026-07-08T23:12:30.552-0500] {processor.py:842} WARNING - No viable dags retrieved from /opt/airflow/dags/config.py
[2026-07-08T23:12:30.564-0500] {processor.py:183} INFO - Processing /opt/airflow/dags/config.py took 0.036 seconds
[2026-07-08T23:13:01.411-0500] {processor.py:161} INFO - Started process (PID=2536) to work on /opt/airflow/dags/config.py
[2026-07-08T23:13:01.412-0500] {processor.py:830} INFO - Processing file /opt/airflow/dags/config.py for tasks to queue
[2026-07-08T23:13:01.414-0500] {logging_mixin.py:188} INFO - [2026-07-08T23:13:01.413-0500] {dagbag.py:545} INFO - Filling up the DagBag from /opt/airflow/dags/config.py
[2026-07-08T23:13:01.430-0500] {processor.py:842} WARNING - No viable dags retrieved from /opt/airflow/dags/config.py
[2026-07-08T23:13:01.445-0500] {processor.py:183} INFO - Processing /opt/airflow/dags/config.py took 0.039 seconds
[2026-07-08T23:13:32.302-0500] {processor.py:161} INFO - Started process (PID=2553) to work on /opt/airflow/dags/config.py
[2026-07-08T23:13:32.303-0500] {processor.py:830} INFO - Processing file /opt/airflow/dags/config.py for tasks to queue
[2026-07-08T23:13:32.304-0500] {logging_mixin.py:188} INFO - [2026-07-08T23:13:32.304-0500] {dagbag.py:545} INFO - Filling up the DagBag from /opt/airflow/dags/config.py
[2026-07-08T23:13:32.321-0500] {processor.py:842} WARNING - No viable dags retrieved from /opt/airflow/dags/config.py
[2026-07-08T23:13:32.333-0500] {processor.py:183} INFO - Processing /opt/airflow/dags/config.py took 0.036 seconds
[2026-07-08T23:14:03.217-0500] {processor.py:161} INFO - Started process (PID=2570) to work on /opt/airflow/dags/config.py
[2026-07-08T23:14:03.218-0500] {processor.py:830} INFO - Processing file /opt/airflow/dags/config.py for tasks to queue
[2026-07-08T23:14:03.221-0500] {logging_mixin.py:188} INFO - [2026-07-08T23:14:03.220-0500] {dagbag.py:545} INFO - Filling up the DagBag from /opt/airflow/dags/config.py
[2026-07-08T23:14:03.238-0500] {processor.py:842} WARNING - No viable dags retrieved from /opt/airflow/dags/config.py
[2026-07-08T23:14:03.250-0500] {processor.py:183} INFO - Processing /opt/airflow/dags/config.py took 0.038 seconds
[2026-07-08T23:14:34.115-0500] {processor.py:161} INFO - Started process (PID=2587) to work on /opt/airflow/dags/config.py
[2026-07-08T23:14:34.116-0500] {processor.py:830} INFO - Processing file /opt/airflow/dags/config.py for tasks to queue
[2026-07-08T23:14:34.118-0500] {logging_mixin.py:188} INFO - [2026-07-08T23:14:34.118-0500] {dagbag.py:545} INFO - Filling up the DagBag from /opt/airflow/dags/config.py
[2026-07-08T23:14:34.137-0500] {processor.py:842} WARNING - No viable dags retrieved from /opt/airflow/dags/config.py
[2026-07-08T23:14:34.150-0500] {processor.py:183} INFO - Processing /opt/airflow/dags/config.py took 0.042 seconds
[2026-07-08T23:15:04.960-0500] {processor.py:161} INFO - Started process (PID=2604) to work on /opt/airflow/dags/config.py
[2026-07-08T23:15:04.961-0500] {processor.py:830} INFO - Processing file /opt/airflow/dags/config.py for tasks to queue
[2026-07-08T23:15:04.964-0500] {logging_mixin.py:188} INFO - [2026-07-08T23:15:04.963-0500] {dagbag.py:545} INFO - Filling up the DagBag from /opt/airflow/dags/config.py
[2026-07-08T23:15:04.979-0500] {processor.py:842} WARNING - No viable dags retrieved from /opt/airflow/dags/config.py
[2026-07-08T23:15:04.992-0500] {processor.py:183} INFO - Processing /opt/airflow/dags/config.py took 0.037 seconds
[2026-07-08T23:15:35.823-0500] {processor.py:161} INFO - Started process (PID=2621) to work on /opt/airflow/dags/config.py
[2026-07-08T23:15:35.824-0500] {processor.py:830} INFO - Processing file /opt/airflow/dags/config.py for tasks to queue
[2026-07-08T23:15:35.826-0500] {logging_mixin.py:188} INFO - [2026-07-08T23:15:35.826-0500] {dagbag.py:545} INFO - Filling up the DagBag from /opt/airflow/dags/config.py
[2026-07-08T23:15:35.840-0500] {processor.py:842} WARNING - No viable dags retrieved from /opt/airflow/dags/config.py
[2026-07-08T23:15:35.854-0500] {processor.py:183} INFO - Processing /opt/airflow/dags/config.py took 0.036 seconds
[2026-07-08T23:16:06.668-0500] {processor.py:161} INFO - Started process (PID=2638) to work on /opt/airflow/dags/config.py
[2026-07-08T23:16:06.669-0500] {processor.py:830} INFO - Processing file /opt/airflow/dags/config.py for tasks to queue
[2026-07-08T23:16:06.671-0500] {logging_mixin.py:188} INFO - [2026-07-08T23:16:06.671-0500] {dagbag.py:545} INFO - Filling up the DagBag from /opt/airflow/dags/config.py
[2026-07-08T23:16:06.689-0500] {processor.py:842} WARNING - No viable dags retrieved from /opt/airflow/dags/config.py
[2026-07-08T23:16:06.703-0500] {processor.py:183} INFO - Processing /opt/airflow/dags/config.py took 0.040 seconds
[2026-07-08T23:16:37.696-0500] {processor.py:161} INFO - Started process (PID=2655) to work on /opt/airflow/dags/config.py
[2026-07-08T23:16:37.697-0500] {processor.py:830} INFO - Processing file /opt/airflow/dags/config.py for tasks to queue
[2026-07-08T23:16:37.699-0500] {logging_mixin.py:188} INFO - [2026-07-08T23:16:37.699-0500] {dagbag.py:545} INFO - Filling up the DagBag from /opt/airflow/dags/config.py
[2026-07-08T23:16:37.716-0500] {processor.py:842} WARNING - No viable dags retrieved from /opt/airflow/dags/config.py
[2026-07-08T23:16:37.729-0500] {processor.py:183} INFO - Processing /opt/airflow/dags/config.py took 0.038 seconds
[2026-07-08T23:17:08.573-0500] {processor.py:161} INFO - Started process (PID=2672) to work on /opt/airflow/dags/config.py
[2026-07-08T23:17:08.574-0500] {processor.py:830} INFO - Processing file /opt/airflow/dags/config.py for tasks to queue
[2026-07-08T23:17:08.575-0500] {logging_mixin.py:188} INFO - [2026-07-08T23:17:08.575-0500] {dagbag.py:545} INFO - Filling up the DagBag from /opt/airflow/dags/config.py
[2026-07-08T23:17:08.591-0500] {processor.py:842} WARNING - No viable dags retrieved from /opt/airflow/dags/config.py
[2026-07-08T23:17:08.603-0500] {processor.py:183} INFO - Processing /opt/airflow/dags/config.py took 0.035 seconds
[2026-07-08T23:17:39.571-0500] {processor.py:161} INFO - Started process (PID=2689) to work on /opt/airflow/dags/config.py
[2026-07-08T23:17:39.572-0500] {processor.py:830} INFO - Processing file /opt/airflow/dags/config.py for tasks to queue
[2026-07-08T23:17:39.574-0500] {logging_mixin.py:188} INFO - [2026-07-08T23:17:39.574-0500] {dagbag.py:545} INFO - Filling up the DagBag from /opt/airflow/dags/config.py
[2026-07-08T23:17:39.599-0500] {processor.py:842} WARNING - No viable dags retrieved from /opt/airflow/dags/config.py
[2026-07-08T23:17:39.615-0500] {processor.py:183} INFO - Processing /opt/airflow/dags/config.py took 0.051 seconds
[2026-07-08T23:18:10.415-0500] {processor.py:161} INFO - Started process (PID=2706) to work on /opt/airflow/dags/config.py
[2026-07-08T23:18:10.416-0500] {processor.py:830} INFO - Processing file /opt/airflow/dags/config.py for tasks to queue
[2026-07-08T23:18:10.418-0500] {logging_mixin.py:188} INFO - [2026-07-08T23:18:10.418-0500] {dagbag.py:545} INFO - Filling up the DagBag from /opt/airflow/dags/config.py
[2026-07-08T23:18:10.445-0500] {processor.py:842} WARNING - No viable dags retrieved from /opt/airflow/dags/config.py
[2026-07-08T23:18:10.457-0500] {processor.py:183} INFO - Processing /opt/airflow/dags/config.py took 0.047 seconds
[2026-07-08T23:18:41.324-0500] {processor.py:161} INFO - Started process (PID=2723) to work on /opt/airflow/dags/config.py
[2026-07-08T23:18:41.325-0500] {processor.py:830} INFO - Processing file /opt/airflow/dags/config.py for tasks to queue
[2026-07-08T23:18:41.327-0500] {logging_mixin.py:188} INFO - [2026-07-08T23:18:41.326-0500] {dagbag.py:545} INFO - Filling up the DagBag from /opt/airflow/dags/config.py
[2026-07-08T23:18:41.347-0500] {processor.py:842} WARNING - No viable dags retrieved from /opt/airflow/dags/config.py
[2026-07-08T23:18:41.360-0500] {processor.py:183} INFO - Processing /opt/airflow/dags/config.py took 0.041 seconds
[2026-07-08T23:19:12.251-0500] {processor.py:161} INFO - Started process (PID=2740) to work on /opt/airflow/dags/config.py
[2026-07-08T23:19:12.252-0500] {processor.py:830} INFO - Processing file /opt/airflow/dags/config.py for tasks to queue
[2026-07-08T23:19:12.254-0500] {logging_mixin.py:188} INFO - [2026-07-08T23:19:12.253-0500] {dagbag.py:545} INFO - Filling up the DagBag from /opt/airflow/dags/config.py
[2026-07-08T23:19:12.279-0500] {processor.py:842} WARNING - No viable dags retrieved from /opt/airflow/dags/config.py
[2026-07-08T23:19:12.292-0500] {processor.py:183} INFO - Processing /opt/airflow/dags/config.py took 0.046 seconds
[2026-07-08T23:19:43.071-0500] {processor.py:161} INFO - Started process (PID=2757) to work on /opt/airflow/dags/config.py
[2026-07-08T23:19:43.072-0500] {processor.py:830} INFO - Processing file /opt/airflow/dags/config.py for tasks to queue
[2026-07-08T23:19:43.074-0500] {logging_mixin.py:188} INFO - [2026-07-08T23:19:43.073-0500] {dagbag.py:545} INFO - Filling up the DagBag from /opt/airflow/dags/config.py
[2026-07-08T23:19:43.093-0500] {processor.py:842} WARNING - No viable dags retrieved from /opt/airflow/dags/config.py
[2026-07-08T23:19:43.105-0500] {processor.py:183} INFO - Processing /opt/airflow/dags/config.py took 0.039 seconds
[2026-07-08T23:20:13.961-0500] {processor.py:161} INFO - Started process (PID=2774) to work on /opt/airflow/dags/config.py
[2026-07-08T23:20:13.962-0500] {processor.py:830} INFO - Processing file /opt/airflow/dags/config.py for tasks to queue
[2026-07-08T23:20:13.964-0500] {logging_mixin.py:188} INFO - [2026-07-08T23:20:13.964-0500] {dagbag.py:545} INFO - Filling up the DagBag from /opt/airflow/dags/config.py
[2026-07-08T23:20:13.987-0500] {processor.py:842} WARNING - No viable dags retrieved from /opt/airflow/dags/config.py
[2026-07-08T23:20:13.998-0500] {processor.py:183} INFO - Processing /opt/airflow/dags/config.py took 0.043 seconds
[2026-07-08T23:20:44.789-0500] {processor.py:161} INFO - Started process (PID=2791) to work on /opt/airflow/dags/config.py
[2026-07-08T23:20:44.790-0500] {processor.py:830} INFO - Processing file /opt/airflow/dags/config.py for tasks to queue
[2026-07-08T23:20:44.792-0500] {logging_mixin.py:188} INFO - [2026-07-08T23:20:44.792-0500] {dagbag.py:545} INFO - Filling up the DagBag from /opt/airflow/dags/config.py
[2026-07-08T23:20:44.809-0500] {processor.py:842} WARNING - No viable dags retrieved from /opt/airflow/dags/config.py
[2026-07-08T23:20:44.820-0500] {processor.py:183} INFO - Processing /opt/airflow/dags/config.py took 0.036 seconds
[2026-07-08T23:21:15.774-0500] {processor.py:161} INFO - Started process (PID=2808) to work on /opt/airflow/dags/config.py
[2026-07-08T23:21:15.775-0500] {processor.py:830} INFO - Processing file /opt/airflow/dags/config.py for tasks to queue
[2026-07-08T23:21:15.777-0500] {logging_mixin.py:188} INFO - [2026-07-08T23:21:15.777-0500] {dagbag.py:545} INFO - Filling up the DagBag from /opt/airflow/dags/config.py
[2026-07-08T23:21:15.794-0500] {processor.py:842} WARNING - No viable dags retrieved from /opt/airflow/dags/config.py
[2026-07-08T23:21:15.805-0500] {processor.py:183} INFO - Processing /opt/airflow/dags/config.py took 0.036 seconds
[2026-07-08T23:21:46.602-0500] {processor.py:161} INFO - Started process (PID=2825) to work on /opt/airflow/dags/config.py
[2026-07-08T23:21:46.603-0500] {processor.py:830} INFO - Processing file /opt/airflow/dags/config.py for tasks to queue
[2026-07-08T23:21:46.605-0500] {logging_mixin.py:188} INFO - [2026-07-08T23:21:46.604-0500] {dagbag.py:545} INFO - Filling up the DagBag from /opt/airflow/dags/config.py
[2026-07-08T23:21:46.623-0500] {processor.py:842} WARNING - No viable dags retrieved from /opt/airflow/dags/config.py
[2026-07-08T23:21:46.636-0500] {processor.py:183} INFO - Processing /opt/airflow/dags/config.py took 0.039 seconds
[2026-07-08T23:22:17.458-0500] {processor.py:161} INFO - Started process (PID=2842) to work on /opt/airflow/dags/config.py
[2026-07-08T23:22:17.459-0500] {processor.py:830} INFO - Processing file /opt/airflow/dags/config.py for tasks to queue
[2026-07-08T23:22:17.461-0500] {logging_mixin.py:188} INFO - [2026-07-08T23:22:17.460-0500] {dagbag.py:545} INFO - Filling up the DagBag from /opt/airflow/dags/config.py
[2026-07-08T23:22:17.481-0500] {processor.py:842} WARNING - No viable dags retrieved from /opt/airflow/dags/config.py
[2026-07-08T23:22:17.494-0500] {processor.py:183} INFO - Processing /opt/airflow/dags/config.py took 0.042 seconds
[2026-07-08T23:22:48.309-0500] {processor.py:161} INFO - Started process (PID=2859) to work on /opt/airflow/dags/config.py
[2026-07-08T23:22:48.310-0500] {processor.py:830} INFO - Processing file /opt/airflow/dags/config.py for tasks to queue
[2026-07-08T23:22:48.311-0500] {logging_mixin.py:188} INFO - [2026-07-08T23:22:48.311-0500] {dagbag.py:545} INFO - Filling up the DagBag from /opt/airflow/dags/config.py
[2026-07-08T23:22:48.330-0500] {processor.py:842} WARNING - No viable dags retrieved from /opt/airflow/dags/config.py
[2026-07-08T23:22:48.343-0500] {processor.py:183} INFO - Processing /opt/airflow/dags/config.py took 0.039 seconds
[2026-07-08T23:23:19.077-0500] {processor.py:161} INFO - Started process (PID=2876) to work on /opt/airflow/dags/config.py
[2026-07-08T23:23:19.078-0500] {processor.py:830} INFO - Processing file /opt/airflow/dags/config.py for tasks to queue
[2026-07-08T23:23:19.080-0500] {logging_mixin.py:188} INFO - [2026-07-08T23:23:19.080-0500] {dagbag.py:545} INFO - Filling up the DagBag from /opt/airflow/dags/config.py
[2026-07-08T23:23:19.104-0500] {processor.py:842} WARNING - No viable dags retrieved from /opt/airflow/dags/config.py
[2026-07-08T23:23:19.115-0500] {processor.py:183} INFO - Processing /opt/airflow/dags/config.py took 0.043 seconds
[2026-07-08T23:23:49.946-0500] {processor.py:161} INFO - Started process (PID=2893) to work on /opt/airflow/dags/config.py
[2026-07-08T23:23:49.947-0500] {processor.py:830} INFO - Processing file /opt/airflow/dags/config.py for tasks to queue
[2026-07-08T23:23:49.949-0500] {logging_mixin.py:188} INFO - [2026-07-08T23:23:49.949-0500] {dagbag.py:545} INFO - Filling up the DagBag from /opt/airflow/dags/config.py
[2026-07-08T23:23:49.968-0500] {processor.py:842} WARNING - No viable dags retrieved from /opt/airflow/dags/config.py
[2026-07-08T23:23:49.980-0500] {processor.py:183} INFO - Processing /opt/airflow/dags/config.py took 0.040 seconds
[2026-07-08T23:24:20.801-0500] {processor.py:161} INFO - Started process (PID=2908) to work on /opt/airflow/dags/config.py
[2026-07-08T23:24:20.801-0500] {processor.py:830} INFO - Processing file /opt/airflow/dags/config.py for tasks to queue
[2026-07-08T23:24:20.803-0500] {logging_mixin.py:188} INFO - [2026-07-08T23:24:20.803-0500] {dagbag.py:545} INFO - Filling up the DagBag from /opt/airflow/dags/config.py
[2026-07-08T23:24:20.823-0500] {processor.py:842} WARNING - No viable dags retrieved from /opt/airflow/dags/config.py
[2026-07-08T23:24:20.834-0500] {processor.py:183} INFO - Processing /opt/airflow/dags/config.py took 0.038 seconds
[2026-07-08T23:24:51.691-0500] {processor.py:161} INFO - Started process (PID=2927) to work on /opt/airflow/dags/config.py
[2026-07-08T23:24:51.692-0500] {processor.py:830} INFO - Processing file /opt/airflow/dags/config.py for tasks to queue
[2026-07-08T23:24:51.694-0500] {logging_mixin.py:188} INFO - [2026-07-08T23:24:51.694-0500] {dagbag.py:545} INFO - Filling up the DagBag from /opt/airflow/dags/config.py
[2026-07-08T23:24:51.710-0500] {processor.py:842} WARNING - No viable dags retrieved from /opt/airflow/dags/config.py
[2026-07-08T23:24:51.724-0500] {processor.py:183} INFO - Processing /opt/airflow/dags/config.py took 0.039 seconds
[2026-07-08T23:25:22.544-0500] {processor.py:161} INFO - Started process (PID=2944) to work on /opt/airflow/dags/config.py
[2026-07-08T23:25:22.545-0500] {processor.py:830} INFO - Processing file /opt/airflow/dags/config.py for tasks to queue
[2026-07-08T23:25:22.547-0500] {logging_mixin.py:188} INFO - [2026-07-08T23:25:22.546-0500] {dagbag.py:545} INFO - Filling up the DagBag from /opt/airflow/dags/config.py
[2026-07-08T23:25:22.565-0500] {processor.py:842} WARNING - No viable dags retrieved from /opt/airflow/dags/config.py
[2026-07-08T23:25:22.577-0500] {processor.py:183} INFO - Processing /opt/airflow/dags/config.py took 0.037 seconds
[2026-07-08T23:25:53.412-0500] {processor.py:161} INFO - Started process (PID=2986) to work on /opt/airflow/dags/config.py
[2026-07-08T23:25:53.413-0500] {processor.py:830} INFO - Processing file /opt/airflow/dags/config.py for tasks to queue
[2026-07-08T23:25:53.415-0500] {logging_mixin.py:188} INFO - [2026-07-08T23:25:53.414-0500] {dagbag.py:545} INFO - Filling up the DagBag from /opt/airflow/dags/config.py
[2026-07-08T23:25:53.430-0500] {processor.py:842} WARNING - No viable dags retrieved from /opt/airflow/dags/config.py
[2026-07-08T23:25:53.444-0500] {processor.py:183} INFO - Processing /opt/airflow/dags/config.py took 0.036 seconds
[2026-07-08T23:26:24.594-0500] {processor.py:161} INFO - Started process (PID=3025) to work on /opt/airflow/dags/config.py
[2026-07-08T23:26:24.595-0500] {processor.py:830} INFO - Processing file /opt/airflow/dags/config.py for tasks to queue
[2026-07-08T23:26:24.596-0500] {logging_mixin.py:188} INFO - [2026-07-08T23:26:24.596-0500] {dagbag.py:545} INFO - Filling up the DagBag from /opt/airflow/dags/config.py
[2026-07-08T23:26:24.618-0500] {processor.py:842} WARNING - No viable dags retrieved from /opt/airflow/dags/config.py
[2026-07-08T23:26:24.634-0500] {processor.py:183} INFO - Processing /opt/airflow/dags/config.py took 0.046 seconds
[2026-07-08T23:26:55.625-0500] {processor.py:161} INFO - Started process (PID=3076) to work on /opt/airflow/dags/config.py
[2026-07-08T23:26:55.626-0500] {processor.py:830} INFO - Processing file /opt/airflow/dags/config.py for tasks to queue
[2026-07-08T23:26:55.627-0500] {logging_mixin.py:188} INFO - [2026-07-08T23:26:55.627-0500] {dagbag.py:545} INFO - Filling up the DagBag from /opt/airflow/dags/config.py
[2026-07-08T23:26:55.646-0500] {processor.py:842} WARNING - No viable dags retrieved from /opt/airflow/dags/config.py
[2026-07-08T23:26:55.660-0500] {processor.py:183} INFO - Processing /opt/airflow/dags/config.py took 0.040 seconds
[2026-07-08T23:27:26.607-0500] {processor.py:161} INFO - Started process (PID=3101) to work on /opt/airflow/dags/config.py
[2026-07-08T23:27:26.609-0500] {processor.py:830} INFO - Processing file /opt/airflow/dags/config.py for tasks to queue
[2026-07-08T23:27:26.610-0500] {logging_mixin.py:188} INFO - [2026-07-08T23:27:26.610-0500] {dagbag.py:545} INFO - Filling up the DagBag from /opt/airflow/dags/config.py
[2026-07-08T23:27:26.635-0500] {processor.py:842} WARNING - No viable dags retrieved from /opt/airflow/dags/config.py
[2026-07-08T23:27:26.647-0500] {processor.py:183} INFO - Processing /opt/airflow/dags/config.py took 0.045 seconds
[2026-07-08T23:27:57.549-0500] {processor.py:161} INFO - Started process (PID=3128) to work on /opt/airflow/dags/config.py
[2026-07-08T23:27:57.550-0500] {processor.py:830} INFO - Processing file /opt/airflow/dags/config.py for tasks to queue
[2026-07-08T23:27:57.552-0500] {logging_mixin.py:188} INFO - [2026-07-08T23:27:57.552-0500] {dagbag.py:545} INFO - Filling up the DagBag from /opt/airflow/dags/config.py
[2026-07-08T23:27:57.571-0500] {processor.py:842} WARNING - No viable dags retrieved from /opt/airflow/dags/config.py
[2026-07-08T23:27:57.583-0500] {processor.py:183} INFO - Processing /opt/airflow/dags/config.py took 0.038 seconds
[2026-07-08T23:28:28.597-0500] {processor.py:161} INFO - Started process (PID=3155) to work on /opt/airflow/dags/config.py
[2026-07-08T23:28:28.598-0500] {processor.py:830} INFO - Processing file /opt/airflow/dags/config.py for tasks to queue
[2026-07-08T23:28:28.600-0500] {logging_mixin.py:188} INFO - [2026-07-08T23:28:28.600-0500] {dagbag.py:545} INFO - Filling up the DagBag from /opt/airflow/dags/config.py
[2026-07-08T23:28:28.615-0500] {processor.py:842} WARNING - No viable dags retrieved from /opt/airflow/dags/config.py
[2026-07-08T23:28:28.628-0500] {processor.py:183} INFO - Processing /opt/airflow/dags/config.py took 0.036 seconds
[2026-07-08T23:28:59.610-0500] {processor.py:161} INFO - Started process (PID=3184) to work on /opt/airflow/dags/config.py
[2026-07-08T23:28:59.611-0500] {processor.py:830} INFO - Processing file /opt/airflow/dags/config.py for tasks to queue
[2026-07-08T23:28:59.613-0500] {logging_mixin.py:188} INFO - [2026-07-08T23:28:59.613-0500] {dagbag.py:545} INFO - Filling up the DagBag from /opt/airflow/dags/config.py
[2026-07-08T23:28:59.629-0500] {processor.py:842} WARNING - No viable dags retrieved from /opt/airflow/dags/config.py
[2026-07-08T23:28:59.641-0500] {processor.py:183} INFO - Processing /opt/airflow/dags/config.py took 0.037 seconds
[2026-07-08T23:29:30.683-0500] {processor.py:161} INFO - Started process (PID=3211) to work on /opt/airflow/dags/config.py
[2026-07-08T23:29:30.685-0500] {processor.py:830} INFO - Processing file /opt/airflow/dags/config.py for tasks to queue
[2026-07-08T23:29:30.686-0500] {logging_mixin.py:188} INFO - [2026-07-08T23:29:30.686-0500] {dagbag.py:545} INFO - Filling up the DagBag from /opt/airflow/dags/config.py
[2026-07-08T23:29:30.703-0500] {processor.py:842} WARNING - No viable dags retrieved from /opt/airflow/dags/config.py
[2026-07-08T23:29:30.715-0500] {processor.py:183} INFO - Processing /opt/airflow/dags/config.py took 0.036 seconds
[2026-07-08T23:30:01.594-0500] {processor.py:161} INFO - Started process (PID=3238) to work on /opt/airflow/dags/config.py
[2026-07-08T23:30:01.595-0500] {processor.py:830} INFO - Processing file /opt/airflow/dags/config.py for tasks to queue
[2026-07-08T23:30:01.597-0500] {logging_mixin.py:188} INFO - [2026-07-08T23:30:01.597-0500] {dagbag.py:545} INFO - Filling up the DagBag from /opt/airflow/dags/config.py
[2026-07-08T23:30:01.617-0500] {processor.py:842} WARNING - No viable dags retrieved from /opt/airflow/dags/config.py
[2026-07-08T23:30:01.630-0500] {processor.py:183} INFO - Processing /opt/airflow/dags/config.py took 0.041 seconds
[2026-07-08T23:30:32.513-0500] {processor.py:161} INFO - Started process (PID=3265) to work on /opt/airflow/dags/config.py
[2026-07-08T23:30:32.514-0500] {processor.py:830} INFO - Processing file /opt/airflow/dags/config.py for tasks to queue
[2026-07-08T23:30:32.516-0500] {logging_mixin.py:188} INFO - [2026-07-08T23:30:32.516-0500] {dagbag.py:545} INFO - Filling up the DagBag from /opt/airflow/dags/config.py
[2026-07-08T23:30:32.538-0500] {processor.py:842} WARNING - No viable dags retrieved from /opt/airflow/dags/config.py
[2026-07-08T23:30:32.550-0500] {processor.py:183} INFO - Processing /opt/airflow/dags/config.py took 0.042 seconds
[2026-07-08T23:31:03.687-0500] {processor.py:161} INFO - Started process (PID=3290) to work on /opt/airflow/dags/config.py
[2026-07-08T23:31:03.688-0500] {processor.py:830} INFO - Processing file /opt/airflow/dags/config.py for tasks to queue
[2026-07-08T23:31:03.690-0500] {logging_mixin.py:188} INFO - [2026-07-08T23:31:03.689-0500] {dagbag.py:545} INFO - Filling up the DagBag from /opt/airflow/dags/config.py
[2026-07-08T23:31:03.707-0500] {processor.py:842} WARNING - No viable dags retrieved from /opt/airflow/dags/config.py
[2026-07-08T23:31:03.720-0500] {processor.py:183} INFO - Processing /opt/airflow/dags/config.py took 0.038 seconds
[2026-07-08T23:31:34.991-0500] {processor.py:161} INFO - Started process (PID=3319) to work on /opt/airflow/dags/config.py
[2026-07-08T23:31:34.993-0500] {processor.py:830} INFO - Processing file /opt/airflow/dags/config.py for tasks to queue
[2026-07-08T23:31:34.995-0500] {logging_mixin.py:188} INFO - [2026-07-08T23:31:34.994-0500] {dagbag.py:545} INFO - Filling up the DagBag from /opt/airflow/dags/config.py
[2026-07-08T23:31:35.015-0500] {processor.py:842} WARNING - No viable dags retrieved from /opt/airflow/dags/config.py
[2026-07-08T23:31:35.027-0500] {processor.py:183} INFO - Processing /opt/airflow/dags/config.py took 0.041 seconds
[2026-07-08T23:32:06.004-0500] {processor.py:161} INFO - Started process (PID=3344) to work on /opt/airflow/dags/config.py
[2026-07-08T23:32:06.006-0500] {processor.py:830} INFO - Processing file /opt/airflow/dags/config.py for tasks to queue
[2026-07-08T23:32:06.008-0500] {logging_mixin.py:188} INFO - [2026-07-08T23:32:06.007-0500] {dagbag.py:545} INFO - Filling up the DagBag from /opt/airflow/dags/config.py
[2026-07-08T23:32:06.038-0500] {processor.py:842} WARNING - No viable dags retrieved from /opt/airflow/dags/config.py
[2026-07-08T23:32:06.055-0500] {processor.py:183} INFO - Processing /opt/airflow/dags/config.py took 0.056 seconds
[2026-07-08T23:32:37.006-0500] {processor.py:161} INFO - Started process (PID=3371) to work on /opt/airflow/dags/config.py
[2026-07-08T23:32:37.007-0500] {processor.py:830} INFO - Processing file /opt/airflow/dags/config.py for tasks to queue
[2026-07-08T23:32:37.008-0500] {logging_mixin.py:188} INFO - [2026-07-08T23:32:37.008-0500] {dagbag.py:545} INFO - Filling up the DagBag from /opt/airflow/dags/config.py
[2026-07-08T23:32:37.028-0500] {processor.py:842} WARNING - No viable dags retrieved from /opt/airflow/dags/config.py
[2026-07-08T23:32:37.040-0500] {processor.py:183} INFO - Processing /opt/airflow/dags/config.py took 0.039 seconds
[2026-07-08T23:33:08.119-0500] {processor.py:161} INFO - Started process (PID=3398) to work on /opt/airflow/dags/config.py
[2026-07-08T23:33:08.120-0500] {processor.py:830} INFO - Processing file /opt/airflow/dags/config.py for tasks to queue
[2026-07-08T23:33:08.121-0500] {logging_mixin.py:188} INFO - [2026-07-08T23:33:08.121-0500] {dagbag.py:545} INFO - Filling up the DagBag from /opt/airflow/dags/config.py
[2026-07-08T23:33:08.138-0500] {processor.py:842} WARNING - No viable dags retrieved from /opt/airflow/dags/config.py
[2026-07-08T23:33:08.150-0500] {processor.py:183} INFO - Processing /opt/airflow/dags/config.py took 0.036 seconds
[2026-07-08T23:33:39.218-0500] {processor.py:161} INFO - Started process (PID=3427) to work on /opt/airflow/dags/config.py
[2026-07-08T23:33:39.219-0500] {processor.py:830} INFO - Processing file /opt/airflow/dags/config.py for tasks to queue
[2026-07-08T23:33:39.221-0500] {logging_mixin.py:188} INFO - [2026-07-08T23:33:39.220-0500] {dagbag.py:545} INFO - Filling up the DagBag from /opt/airflow/dags/config.py
[2026-07-08T23:33:39.238-0500] {processor.py:842} WARNING - No viable dags retrieved from /opt/airflow/dags/config.py
[2026-07-08T23:33:39.249-0500] {processor.py:183} INFO - Processing /opt/airflow/dags/config.py took 0.038 seconds
[2026-07-08T23:34:10.121-0500] {processor.py:161} INFO - Started process (PID=3452) to work on /opt/airflow/dags/config.py
[2026-07-08T23:34:10.122-0500] {processor.py:830} INFO - Processing file /opt/airflow/dags/config.py for tasks to queue
[2026-07-08T23:34:10.123-0500] {logging_mixin.py:188} INFO - [2026-07-08T23:34:10.123-0500] {dagbag.py:545} INFO - Filling up the DagBag from /opt/airflow/dags/config.py
[2026-07-08T23:34:10.139-0500] {processor.py:842} WARNING - No viable dags retrieved from /opt/airflow/dags/config.py
[2026-07-08T23:34:10.153-0500] {processor.py:183} INFO - Processing /opt/airflow/dags/config.py took 0.039 seconds
[2026-07-08T23:34:41.105-0500] {processor.py:161} INFO - Started process (PID=3481) to work on /opt/airflow/dags/config.py
[2026-07-08T23:34:41.106-0500] {processor.py:830} INFO - Processing file /opt/airflow/dags/config.py for tasks to queue
[2026-07-08T23:34:41.108-0500] {logging_mixin.py:188} INFO - [2026-07-08T23:34:41.107-0500] {dagbag.py:545} INFO - Filling up the DagBag from /opt/airflow/dags/config.py
[2026-07-08T23:34:41.126-0500] {processor.py:842} WARNING - No viable dags retrieved from /opt/airflow/dags/config.py
[2026-07-08T23:34:41.138-0500] {processor.py:183} INFO - Processing /opt/airflow/dags/config.py took 0.038 seconds
[2026-07-08T23:35:12.106-0500] {processor.py:161} INFO - Started process (PID=3508) to work on /opt/airflow/dags/config.py
[2026-07-08T23:35:12.107-0500] {processor.py:830} INFO - Processing file /opt/airflow/dags/config.py for tasks to queue
[2026-07-08T23:35:12.109-0500] {logging_mixin.py:188} INFO - [2026-07-08T23:35:12.108-0500] {dagbag.py:545} INFO - Filling up the DagBag from /opt/airflow/dags/config.py
[2026-07-08T23:35:12.126-0500] {processor.py:842} WARNING - No viable dags retrieved from /opt/airflow/dags/config.py
[2026-07-08T23:35:12.137-0500] {processor.py:183} INFO - Processing /opt/airflow/dags/config.py took 0.036 seconds
[2026-07-08T23:35:42.999-0500] {processor.py:161} INFO - Started process (PID=3535) to work on /opt/airflow/dags/config.py
[2026-07-08T23:35:43.000-0500] {processor.py:830} INFO - Processing file /opt/airflow/dags/config.py for tasks to queue
[2026-07-08T23:35:43.002-0500] {logging_mixin.py:188} INFO - [2026-07-08T23:35:43.002-0500] {dagbag.py:545} INFO - Filling up the DagBag from /opt/airflow/dags/config.py
[2026-07-08T23:35:43.020-0500] {processor.py:842} WARNING - No viable dags retrieved from /opt/airflow/dags/config.py
[2026-07-08T23:35:43.030-0500] {processor.py:183} INFO - Processing /opt/airflow/dags/config.py took 0.037 seconds
[2026-07-08T23:36:14.138-0500] {processor.py:161} INFO - Started process (PID=3562) to work on /opt/airflow/dags/config.py
[2026-07-08T23:36:14.140-0500] {processor.py:830} INFO - Processing file /opt/airflow/dags/config.py for tasks to queue
[2026-07-08T23:36:14.142-0500] {logging_mixin.py:188} INFO - [2026-07-08T23:36:14.141-0500] {dagbag.py:545} INFO - Filling up the DagBag from /opt/airflow/dags/config.py
[2026-07-08T23:36:14.169-0500] {processor.py:842} WARNING - No viable dags retrieved from /opt/airflow/dags/config.py
[2026-07-08T23:36:14.185-0500] {processor.py:183} INFO - Processing /opt/airflow/dags/config.py took 0.053 seconds
[2026-07-08T23:36:45.204-0500] {processor.py:161} INFO - Started process (PID=3589) to work on /opt/airflow/dags/config.py
[2026-07-08T23:36:45.205-0500] {processor.py:830} INFO - Processing file /opt/airflow/dags/config.py for tasks to queue
[2026-07-08T23:36:45.207-0500] {logging_mixin.py:188} INFO - [2026-07-08T23:36:45.206-0500] {dagbag.py:545} INFO - Filling up the DagBag from /opt/airflow/dags/config.py
[2026-07-08T23:36:45.223-0500] {processor.py:842} WARNING - No viable dags retrieved from /opt/airflow/dags/config.py
[2026-07-08T23:36:45.234-0500] {processor.py:183} INFO - Processing /opt/airflow/dags/config.py took 0.035 seconds
[2026-07-08T23:37:16.190-0500] {processor.py:161} INFO - Started process (PID=3616) to work on /opt/airflow/dags/config.py
[2026-07-08T23:37:16.191-0500] {processor.py:830} INFO - Processing file /opt/airflow/dags/config.py for tasks to queue
[2026-07-08T23:37:16.193-0500] {logging_mixin.py:188} INFO - [2026-07-08T23:37:16.193-0500] {dagbag.py:545} INFO - Filling up the DagBag from /opt/airflow/dags/config.py
[2026-07-08T23:37:16.213-0500] {processor.py:842} WARNING - No viable dags retrieved from /opt/airflow/dags/config.py
[2026-07-08T23:37:16.225-0500] {processor.py:183} INFO - Processing /opt/airflow/dags/config.py took 0.039 seconds
[2026-07-08T23:37:47.119-0500] {processor.py:161} INFO - Started process (PID=3643) to work on /opt/airflow/dags/config.py
[2026-07-08T23:37:47.120-0500] {processor.py:830} INFO - Processing file /opt/airflow/dags/config.py for tasks to queue
[2026-07-08T23:37:47.121-0500] {logging_mixin.py:188} INFO - [2026-07-08T23:37:47.121-0500] {dagbag.py:545} INFO - Filling up the DagBag from /opt/airflow/dags/config.py
[2026-07-08T23:37:47.139-0500] {processor.py:842} WARNING - No viable dags retrieved from /opt/airflow/dags/config.py
[2026-07-08T23:37:47.151-0500] {processor.py:183} INFO - Processing /opt/airflow/dags/config.py took 0.037 seconds
[2026-07-08T23:38:18.375-0500] {processor.py:161} INFO - Started process (PID=3668) to work on /opt/airflow/dags/config.py
[2026-07-08T23:38:18.376-0500] {processor.py:830} INFO - Processing file /opt/airflow/dags/config.py for tasks to queue
[2026-07-08T23:38:18.378-0500] {logging_mixin.py:188} INFO - [2026-07-08T23:38:18.378-0500] {dagbag.py:545} INFO - Filling up the DagBag from /opt/airflow/dags/config.py
[2026-07-08T23:38:18.401-0500] {processor.py:842} WARNING - No viable dags retrieved from /opt/airflow/dags/config.py
[2026-07-08T23:38:18.417-0500] {processor.py:183} INFO - Processing /opt/airflow/dags/config.py took 0.047 seconds
[2026-07-08T23:38:49.310-0500] {processor.py:161} INFO - Started process (PID=3697) to work on /opt/airflow/dags/config.py
[2026-07-08T23:38:49.310-0500] {processor.py:830} INFO - Processing file /opt/airflow/dags/config.py for tasks to queue
[2026-07-08T23:38:49.312-0500] {logging_mixin.py:188} INFO - [2026-07-08T23:38:49.312-0500] {dagbag.py:545} INFO - Filling up the DagBag from /opt/airflow/dags/config.py
[2026-07-08T23:38:49.334-0500] {processor.py:842} WARNING - No viable dags retrieved from /opt/airflow/dags/config.py
[2026-07-08T23:38:49.346-0500] {processor.py:183} INFO - Processing /opt/airflow/dags/config.py took 0.041 seconds
[2026-07-08T23:39:20.314-0500] {processor.py:161} INFO - Started process (PID=3724) to work on /opt/airflow/dags/config.py
[2026-07-08T23:39:20.315-0500] {processor.py:830} INFO - Processing file /opt/airflow/dags/config.py for tasks to queue
[2026-07-08T23:39:20.316-0500] {logging_mixin.py:188} INFO - [2026-07-08T23:39:20.316-0500] {dagbag.py:545} INFO - Filling up the DagBag from /opt/airflow/dags/config.py
[2026-07-08T23:39:20.334-0500] {processor.py:842} WARNING - No viable dags retrieved from /opt/airflow/dags/config.py
[2026-07-08T23:39:20.347-0500] {processor.py:183} INFO - Processing /opt/airflow/dags/config.py took 0.038 seconds
[2026-07-08T23:39:51.217-0500] {processor.py:161} INFO - Started process (PID=3751) to work on /opt/airflow/dags/config.py
[2026-07-08T23:39:51.217-0500] {processor.py:830} INFO - Processing file /opt/airflow/dags/config.py for tasks to queue
[2026-07-08T23:39:51.219-0500] {logging_mixin.py:188} INFO - [2026-07-08T23:39:51.219-0500] {dagbag.py:545} INFO - Filling up the DagBag from /opt/airflow/dags/config.py
[2026-07-08T23:39:51.232-0500] {processor.py:842} WARNING - No viable dags retrieved from /opt/airflow/dags/config.py
[2026-07-08T23:39:51.244-0500] {processor.py:183} INFO - Processing /opt/airflow/dags/config.py took 0.033 seconds
[2026-07-08T23:40:22.289-0500] {processor.py:161} INFO - Started process (PID=3778) to work on /opt/airflow/dags/config.py
[2026-07-08T23:40:22.290-0500] {processor.py:830} INFO - Processing file /opt/airflow/dags/config.py for tasks to queue
[2026-07-08T23:40:22.292-0500] {logging_mixin.py:188} INFO - [2026-07-08T23:40:22.292-0500] {dagbag.py:545} INFO - Filling up the DagBag from /opt/airflow/dags/config.py
[2026-07-08T23:40:22.312-0500] {processor.py:842} WARNING - No viable dags retrieved from /opt/airflow/dags/config.py
[2026-07-08T23:40:22.325-0500] {processor.py:183} INFO - Processing /opt/airflow/dags/config.py took 0.041 seconds
[2026-07-08T23:40:53.483-0500] {processor.py:161} INFO - Started process (PID=3805) to work on /opt/airflow/dags/config.py
[2026-07-08T23:40:53.485-0500] {processor.py:830} INFO - Processing file /opt/airflow/dags/config.py for tasks to queue
[2026-07-08T23:40:53.487-0500] {logging_mixin.py:188} INFO - [2026-07-08T23:40:53.487-0500] {dagbag.py:545} INFO - Filling up the DagBag from /opt/airflow/dags/config.py
[2026-07-08T23:40:53.507-0500] {processor.py:842} WARNING - No viable dags retrieved from /opt/airflow/dags/config.py
[2026-07-08T23:40:53.521-0500] {processor.py:183} INFO - Processing /opt/airflow/dags/config.py took 0.044 seconds
[2026-07-08T23:41:24.635-0500] {processor.py:161} INFO - Started process (PID=3832) to work on /opt/airflow/dags/config.py
[2026-07-08T23:41:24.636-0500] {processor.py:830} INFO - Processing file /opt/airflow/dags/config.py for tasks to queue
[2026-07-08T23:41:24.638-0500] {logging_mixin.py:188} INFO - [2026-07-08T23:41:24.637-0500] {dagbag.py:545} INFO - Filling up the DagBag from /opt/airflow/dags/config.py
[2026-07-08T23:41:24.657-0500] {processor.py:842} WARNING - No viable dags retrieved from /opt/airflow/dags/config.py
[2026-07-08T23:41:24.670-0500] {processor.py:183} INFO - Processing /opt/airflow/dags/config.py took 0.040 seconds
[2026-07-08T23:41:55.634-0500] {processor.py:161} INFO - Started process (PID=3859) to work on /opt/airflow/dags/config.py
[2026-07-08T23:41:55.635-0500] {processor.py:830} INFO - Processing file /opt/airflow/dags/config.py for tasks to queue
[2026-07-08T23:41:55.637-0500] {logging_mixin.py:188} INFO - [2026-07-08T23:41:55.637-0500] {dagbag.py:545} INFO - Filling up the DagBag from /opt/airflow/dags/config.py
[2026-07-08T23:41:55.654-0500] {processor.py:842} WARNING - No viable dags retrieved from /opt/airflow/dags/config.py
[2026-07-08T23:41:55.667-0500] {processor.py:183} INFO - Processing /opt/airflow/dags/config.py took 0.039 seconds
[2026-07-08T23:42:26.589-0500] {processor.py:161} INFO - Started process (PID=3886) to work on /opt/airflow/dags/config.py
[2026-07-08T23:42:26.590-0500] {processor.py:830} INFO - Processing file /opt/airflow/dags/config.py for tasks to queue
[2026-07-08T23:42:26.592-0500] {logging_mixin.py:188} INFO - [2026-07-08T23:42:26.592-0500] {dagbag.py:545} INFO - Filling up the DagBag from /opt/airflow/dags/config.py
[2026-07-08T23:42:26.611-0500] {processor.py:842} WARNING - No viable dags retrieved from /opt/airflow/dags/config.py
[2026-07-08T23:42:26.624-0500] {processor.py:183} INFO - Processing /opt/airflow/dags/config.py took 0.041 seconds
[2026-07-08T23:42:57.578-0500] {processor.py:161} INFO - Started process (PID=3913) to work on /opt/airflow/dags/config.py
[2026-07-08T23:42:57.580-0500] {processor.py:830} INFO - Processing file /opt/airflow/dags/config.py for tasks to queue
[2026-07-08T23:42:57.582-0500] {logging_mixin.py:188} INFO - [2026-07-08T23:42:57.581-0500] {dagbag.py:545} INFO - Filling up the DagBag from /opt/airflow/dags/config.py
[2026-07-08T23:42:57.595-0500] {processor.py:842} WARNING - No viable dags retrieved from /opt/airflow/dags/config.py
[2026-07-08T23:42:57.609-0500] {processor.py:183} INFO - Processing /opt/airflow/dags/config.py took 0.035 seconds
[2026-07-08T23:43:28.460-0500] {processor.py:161} INFO - Started process (PID=3940) to work on /opt/airflow/dags/config.py
[2026-07-08T23:43:28.461-0500] {processor.py:830} INFO - Processing file /opt/airflow/dags/config.py for tasks to queue
[2026-07-08T23:43:28.463-0500] {logging_mixin.py:188} INFO - [2026-07-08T23:43:28.462-0500] {dagbag.py:545} INFO - Filling up the DagBag from /opt/airflow/dags/config.py
[2026-07-08T23:43:28.478-0500] {processor.py:842} WARNING - No viable dags retrieved from /opt/airflow/dags/config.py
[2026-07-08T23:43:28.489-0500] {processor.py:183} INFO - Processing /opt/airflow/dags/config.py took 0.034 seconds
[2026-07-08T23:43:59.466-0500] {processor.py:161} INFO - Started process (PID=3967) to work on /opt/airflow/dags/config.py
[2026-07-08T23:43:59.467-0500] {processor.py:830} INFO - Processing file /opt/airflow/dags/config.py for tasks to queue
[2026-07-08T23:43:59.469-0500] {logging_mixin.py:188} INFO - [2026-07-08T23:43:59.469-0500] {dagbag.py:545} INFO - Filling up the DagBag from /opt/airflow/dags/config.py
[2026-07-08T23:43:59.482-0500] {processor.py:842} WARNING - No viable dags retrieved from /opt/airflow/dags/config.py
[2026-07-08T23:43:59.493-0500] {processor.py:183} INFO - Processing /opt/airflow/dags/config.py took 0.033 seconds
[2026-07-08T23:44:30.345-0500] {processor.py:161} INFO - Started process (PID=3994) to work on /opt/airflow/dags/config.py
[2026-07-08T23:44:30.346-0500] {processor.py:830} INFO - Processing file /opt/airflow/dags/config.py for tasks to queue
[2026-07-08T23:44:30.348-0500] {logging_mixin.py:188} INFO - [2026-07-08T23:44:30.348-0500] {dagbag.py:545} INFO - Filling up the DagBag from /opt/airflow/dags/config.py
[2026-07-08T23:44:30.367-0500] {processor.py:842} WARNING - No viable dags retrieved from /opt/airflow/dags/config.py
[2026-07-08T23:44:30.378-0500] {processor.py:183} INFO - Processing /opt/airflow/dags/config.py took 0.038 seconds
[2026-07-08T23:45:01.402-0500] {processor.py:161} INFO - Started process (PID=4019) to work on /opt/airflow/dags/config.py
[2026-07-08T23:45:01.402-0500] {processor.py:830} INFO - Processing file /opt/airflow/dags/config.py for tasks to queue
[2026-07-08T23:45:01.404-0500] {logging_mixin.py:188} INFO - [2026-07-08T23:45:01.404-0500] {dagbag.py:545} INFO - Filling up the DagBag from /opt/airflow/dags/config.py
[2026-07-08T23:45:01.418-0500] {processor.py:842} WARNING - No viable dags retrieved from /opt/airflow/dags/config.py
[2026-07-08T23:45:01.430-0500] {processor.py:183} INFO - Processing /opt/airflow/dags/config.py took 0.033 seconds
[2026-07-08T23:45:32.335-0500] {processor.py:161} INFO - Started process (PID=4048) to work on /opt/airflow/dags/config.py
[2026-07-08T23:45:32.336-0500] {processor.py:830} INFO - Processing file /opt/airflow/dags/config.py for tasks to queue
[2026-07-08T23:45:32.338-0500] {logging_mixin.py:188} INFO - [2026-07-08T23:45:32.337-0500] {dagbag.py:545} INFO - Filling up the DagBag from /opt/airflow/dags/config.py
[2026-07-08T23:45:32.349-0500] {processor.py:842} WARNING - No viable dags retrieved from /opt/airflow/dags/config.py
[2026-07-08T23:45:32.360-0500] {processor.py:183} INFO - Processing /opt/airflow/dags/config.py took 0.029 seconds
[2026-07-08T23:46:03.306-0500] {processor.py:161} INFO - Started process (PID=4075) to work on /opt/airflow/dags/config.py
[2026-07-08T23:46:03.307-0500] {processor.py:830} INFO - Processing file /opt/airflow/dags/config.py for tasks to queue
[2026-07-08T23:46:03.309-0500] {logging_mixin.py:188} INFO - [2026-07-08T23:46:03.308-0500] {dagbag.py:545} INFO - Filling up the DagBag from /opt/airflow/dags/config.py
[2026-07-08T23:46:03.322-0500] {processor.py:842} WARNING - No viable dags retrieved from /opt/airflow/dags/config.py
[2026-07-08T23:46:03.334-0500] {processor.py:183} INFO - Processing /opt/airflow/dags/config.py took 0.032 seconds
[2026-07-08T23:46:34.297-0500] {processor.py:161} INFO - Started process (PID=4102) to work on /opt/airflow/dags/config.py
[2026-07-08T23:46:34.298-0500] {processor.py:830} INFO - Processing file /opt/airflow/dags/config.py for tasks to queue
[2026-07-08T23:46:34.299-0500] {logging_mixin.py:188} INFO - [2026-07-08T23:46:34.299-0500] {dagbag.py:545} INFO - Filling up the DagBag from /opt/airflow/dags/config.py
[2026-07-08T23:46:34.313-0500] {processor.py:842} WARNING - No viable dags retrieved from /opt/airflow/dags/config.py
[2026-07-08T23:46:34.325-0500] {processor.py:183} INFO - Processing /opt/airflow/dags/config.py took 0.032 seconds
[2026-07-08T23:47:05.375-0500] {processor.py:161} INFO - Started process (PID=4129) to work on /opt/airflow/dags/config.py
[2026-07-08T23:47:05.376-0500] {processor.py:830} INFO - Processing file /opt/airflow/dags/config.py for tasks to queue
[2026-07-08T23:47:05.378-0500] {logging_mixin.py:188} INFO - [2026-07-08T23:47:05.377-0500] {dagbag.py:545} INFO - Filling up the DagBag from /opt/airflow/dags/config.py
[2026-07-08T23:47:05.401-0500] {processor.py:842} WARNING - No viable dags retrieved from /opt/airflow/dags/config.py
[2026-07-08T23:47:05.412-0500] {processor.py:183} INFO - Processing /opt/airflow/dags/config.py took 0.042 seconds
[2026-07-08T23:47:36.469-0500] {processor.py:161} INFO - Started process (PID=4156) to work on /opt/airflow/dags/config.py
[2026-07-08T23:47:36.470-0500] {processor.py:830} INFO - Processing file /opt/airflow/dags/config.py for tasks to queue
[2026-07-08T23:47:36.472-0500] {logging_mixin.py:188} INFO - [2026-07-08T23:47:36.471-0500] {dagbag.py:545} INFO - Filling up the DagBag from /opt/airflow/dags/config.py
[2026-07-08T23:47:36.485-0500] {processor.py:842} WARNING - No viable dags retrieved from /opt/airflow/dags/config.py
[2026-07-08T23:47:36.496-0500] {processor.py:183} INFO - Processing /opt/airflow/dags/config.py took 0.033 seconds
[2026-07-08T23:48:07.556-0500] {processor.py:161} INFO - Started process (PID=4183) to work on /opt/airflow/dags/config.py
[2026-07-08T23:48:07.557-0500] {processor.py:830} INFO - Processing file /opt/airflow/dags/config.py for tasks to queue
[2026-07-08T23:48:07.559-0500] {logging_mixin.py:188} INFO - [2026-07-08T23:48:07.559-0500] {dagbag.py:545} INFO - Filling up the DagBag from /opt/airflow/dags/config.py
[2026-07-08T23:48:07.580-0500] {processor.py:842} WARNING - No viable dags retrieved from /opt/airflow/dags/config.py
[2026-07-08T23:48:07.592-0500] {processor.py:183} INFO - Processing /opt/airflow/dags/config.py took 0.040 seconds
[2026-07-08T23:48:38.494-0500] {processor.py:161} INFO - Started process (PID=4222) to work on /opt/airflow/dags/config.py
[2026-07-08T23:48:38.495-0500] {processor.py:830} INFO - Processing file /opt/airflow/dags/config.py for tasks to queue
[2026-07-08T23:48:38.497-0500] {logging_mixin.py:188} INFO - [2026-07-08T23:48:38.496-0500] {dagbag.py:545} INFO - Filling up the DagBag from /opt/airflow/dags/config.py
[2026-07-08T23:48:38.515-0500] {processor.py:842} WARNING - No viable dags retrieved from /opt/airflow/dags/config.py
[2026-07-08T23:48:38.528-0500] {processor.py:183} INFO - Processing /opt/airflow/dags/config.py took 0.040 seconds
[2026-07-08T23:49:09.507-0500] {processor.py:161} INFO - Started process (PID=4268) to work on /opt/airflow/dags/config.py
[2026-07-08T23:49:09.508-0500] {processor.py:830} INFO - Processing file /opt/airflow/dags/config.py for tasks to queue
[2026-07-08T23:49:09.509-0500] {logging_mixin.py:188} INFO - [2026-07-08T23:49:09.509-0500] {dagbag.py:545} INFO - Filling up the DagBag from /opt/airflow/dags/config.py
[2026-07-08T23:49:09.526-0500] {processor.py:842} WARNING - No viable dags retrieved from /opt/airflow/dags/config.py
[2026-07-08T23:49:09.538-0500] {processor.py:183} INFO - Processing /opt/airflow/dags/config.py took 0.036 seconds
[2026-07-08T23:49:40.535-0500] {processor.py:161} INFO - Started process (PID=4334) to work on /opt/airflow/dags/config.py
[2026-07-08T23:49:40.536-0500] {processor.py:830} INFO - Processing file /opt/airflow/dags/config.py for tasks to queue
[2026-07-08T23:49:40.537-0500] {logging_mixin.py:188} INFO - [2026-07-08T23:49:40.537-0500] {dagbag.py:545} INFO - Filling up the DagBag from /opt/airflow/dags/config.py
[2026-07-08T23:49:40.551-0500] {processor.py:842} WARNING - No viable dags retrieved from /opt/airflow/dags/config.py
[2026-07-08T23:49:40.563-0500] {processor.py:183} INFO - Processing /opt/airflow/dags/config.py took 0.034 seconds
[2026-07-08T23:50:11.627-0500] {processor.py:161} INFO - Started process (PID=4359) to work on /opt/airflow/dags/config.py
[2026-07-08T23:50:11.628-0500] {processor.py:830} INFO - Processing file /opt/airflow/dags/config.py for tasks to queue
[2026-07-08T23:50:11.631-0500] {logging_mixin.py:188} INFO - [2026-07-08T23:50:11.630-0500] {dagbag.py:545} INFO - Filling up the DagBag from /opt/airflow/dags/config.py
[2026-07-08T23:50:11.651-0500] {processor.py:842} WARNING - No viable dags retrieved from /opt/airflow/dags/config.py
[2026-07-08T23:50:11.664-0500] {processor.py:183} INFO - Processing /opt/airflow/dags/config.py took 0.042 seconds
[2026-07-08T23:50:42.675-0500] {processor.py:161} INFO - Started process (PID=4386) to work on /opt/airflow/dags/config.py
[2026-07-08T23:50:42.676-0500] {processor.py:830} INFO - Processing file /opt/airflow/dags/config.py for tasks to queue
[2026-07-08T23:50:42.678-0500] {logging_mixin.py:188} INFO - [2026-07-08T23:50:42.677-0500] {dagbag.py:545} INFO - Filling up the DagBag from /opt/airflow/dags/config.py
[2026-07-08T23:50:42.693-0500] {processor.py:842} WARNING - No viable dags retrieved from /opt/airflow/dags/config.py
[2026-07-08T23:50:42.704-0500] {processor.py:183} INFO - Processing /opt/airflow/dags/config.py took 0.034 seconds
[2026-07-08T23:51:13.786-0500] {processor.py:161} INFO - Started process (PID=4413) to work on /opt/airflow/dags/config.py
[2026-07-08T23:51:13.787-0500] {processor.py:830} INFO - Processing file /opt/airflow/dags/config.py for tasks to queue
[2026-07-08T23:51:13.788-0500] {logging_mixin.py:188} INFO - [2026-07-08T23:51:13.788-0500] {dagbag.py:545} INFO - Filling up the DagBag from /opt/airflow/dags/config.py
[2026-07-08T23:51:13.804-0500] {processor.py:842} WARNING - No viable dags retrieved from /opt/airflow/dags/config.py
[2026-07-08T23:51:13.816-0500] {processor.py:183} INFO - Processing /opt/airflow/dags/config.py took 0.035 seconds
[2026-07-08T23:51:44.844-0500] {processor.py:161} INFO - Started process (PID=4440) to work on /opt/airflow/dags/config.py
[2026-07-08T23:51:44.845-0500] {processor.py:830} INFO - Processing file /opt/airflow/dags/config.py for tasks to queue
[2026-07-08T23:51:44.847-0500] {logging_mixin.py:188} INFO - [2026-07-08T23:51:44.846-0500] {dagbag.py:545} INFO - Filling up the DagBag from /opt/airflow/dags/config.py
[2026-07-08T23:51:44.875-0500] {processor.py:842} WARNING - No viable dags retrieved from /opt/airflow/dags/config.py
[2026-07-08T23:51:44.890-0500] {processor.py:183} INFO - Processing /opt/airflow/dags/config.py took 0.052 seconds
[2026-07-08T23:52:15.951-0500] {processor.py:161} INFO - Started process (PID=4467) to work on /opt/airflow/dags/config.py
[2026-07-08T23:52:15.952-0500] {processor.py:830} INFO - Processing file /opt/airflow/dags/config.py for tasks to queue
[2026-07-08T23:52:15.954-0500] {logging_mixin.py:188} INFO - [2026-07-08T23:52:15.954-0500] {dagbag.py:545} INFO - Filling up the DagBag from /opt/airflow/dags/config.py
[2026-07-08T23:52:15.977-0500] {processor.py:842} WARNING - No viable dags retrieved from /opt/airflow/dags/config.py
[2026-07-08T23:52:15.989-0500] {processor.py:183} INFO - Processing /opt/airflow/dags/config.py took 0.044 seconds
[2026-07-08T23:52:46.965-0500] {processor.py:161} INFO - Started process (PID=4495) to work on /opt/airflow/dags/config.py
[2026-07-08T23:52:46.966-0500] {processor.py:830} INFO - Processing file /opt/airflow/dags/config.py for tasks to queue
[2026-07-08T23:52:46.969-0500] {logging_mixin.py:188} INFO - [2026-07-08T23:52:46.968-0500] {dagbag.py:545} INFO - Filling up the DagBag from /opt/airflow/dags/config.py
[2026-07-08T23:52:46.998-0500] {processor.py:842} WARNING - No viable dags retrieved from /opt/airflow/dags/config.py
[2026-07-08T23:52:47.011-0500] {processor.py:183} INFO - Processing /opt/airflow/dags/config.py took 0.052 seconds
[2026-07-08T23:53:17.929-0500] {processor.py:161} INFO - Started process (PID=4521) to work on /opt/airflow/dags/config.py
[2026-07-08T23:53:17.930-0500] {processor.py:830} INFO - Processing file /opt/airflow/dags/config.py for tasks to queue
[2026-07-08T23:53:17.932-0500] {logging_mixin.py:188} INFO - [2026-07-08T23:53:17.932-0500] {dagbag.py:545} INFO - Filling up the DagBag from /opt/airflow/dags/config.py
[2026-07-08T23:53:17.954-0500] {processor.py:842} WARNING - No viable dags retrieved from /opt/airflow/dags/config.py
[2026-07-08T23:53:17.966-0500] {processor.py:183} INFO - Processing /opt/airflow/dags/config.py took 0.041 seconds
[2026-07-08T23:53:48.859-0500] {processor.py:161} INFO - Started process (PID=4548) to work on /opt/airflow/dags/config.py
[2026-07-08T23:53:48.860-0500] {processor.py:830} INFO - Processing file /opt/airflow/dags/config.py for tasks to queue
[2026-07-08T23:53:48.862-0500] {logging_mixin.py:188} INFO - [2026-07-08T23:53:48.861-0500] {dagbag.py:545} INFO - Filling up the DagBag from /opt/airflow/dags/config.py
[2026-07-08T23:53:48.875-0500] {processor.py:842} WARNING - No viable dags retrieved from /opt/airflow/dags/config.py
[2026-07-08T23:53:48.886-0500] {processor.py:183} INFO - Processing /opt/airflow/dags/config.py took 0.034 seconds
[2026-07-08T23:54:19.859-0500] {processor.py:161} INFO - Started process (PID=4577) to work on /opt/airflow/dags/config.py
[2026-07-08T23:54:19.860-0500] {processor.py:830} INFO - Processing file /opt/airflow/dags/config.py for tasks to queue
[2026-07-08T23:54:19.862-0500] {logging_mixin.py:188} INFO - [2026-07-08T23:54:19.861-0500] {dagbag.py:545} INFO - Filling up the DagBag from /opt/airflow/dags/config.py
[2026-07-08T23:54:19.883-0500] {processor.py:842} WARNING - No viable dags retrieved from /opt/airflow/dags/config.py
[2026-07-08T23:54:19.894-0500] {processor.py:183} INFO - Processing /opt/airflow/dags/config.py took 0.039 seconds
[2026-07-08T23:54:50.919-0500] {processor.py:161} INFO - Started process (PID=4604) to work on /opt/airflow/dags/config.py
[2026-07-08T23:54:50.920-0500] {processor.py:830} INFO - Processing file /opt/airflow/dags/config.py for tasks to queue
[2026-07-08T23:54:50.922-0500] {logging_mixin.py:188} INFO - [2026-07-08T23:54:50.922-0500] {dagbag.py:545} INFO - Filling up the DagBag from /opt/airflow/dags/config.py
[2026-07-08T23:54:50.940-0500] {processor.py:842} WARNING - No viable dags retrieved from /opt/airflow/dags/config.py
[2026-07-08T23:54:50.952-0500] {processor.py:183} INFO - Processing /opt/airflow/dags/config.py took 0.038 seconds
[2026-07-08T23:55:21.927-0500] {processor.py:161} INFO - Started process (PID=4631) to work on /opt/airflow/dags/config.py
[2026-07-08T23:55:21.928-0500] {processor.py:830} INFO - Processing file /opt/airflow/dags/config.py for tasks to queue
[2026-07-08T23:55:21.930-0500] {logging_mixin.py:188} INFO - [2026-07-08T23:55:21.930-0500] {dagbag.py:545} INFO - Filling up the DagBag from /opt/airflow/dags/config.py
[2026-07-08T23:55:21.950-0500] {processor.py:842} WARNING - No viable dags retrieved from /opt/airflow/dags/config.py
[2026-07-08T23:55:21.962-0500] {processor.py:183} INFO - Processing /opt/airflow/dags/config.py took 0.042 seconds
[2026-07-08T23:55:53.018-0500] {processor.py:161} INFO - Started process (PID=4658) to work on /opt/airflow/dags/config.py
[2026-07-08T23:55:53.019-0500] {processor.py:830} INFO - Processing file /opt/airflow/dags/config.py for tasks to queue
[2026-07-08T23:55:53.020-0500] {logging_mixin.py:188} INFO - [2026-07-08T23:55:53.020-0500] {dagbag.py:545} INFO - Filling up the DagBag from /opt/airflow/dags/config.py
[2026-07-08T23:55:53.042-0500] {processor.py:842} WARNING - No viable dags retrieved from /opt/airflow/dags/config.py
[2026-07-08T23:55:53.054-0500] {processor.py:183} INFO - Processing /opt/airflow/dags/config.py took 0.041 seconds
[2026-07-08T23:56:24.415-0500] {processor.py:161} INFO - Started process (PID=4685) to work on /opt/airflow/dags/config.py
[2026-07-08T23:56:24.416-0500] {processor.py:830} INFO - Processing file /opt/airflow/dags/config.py for tasks to queue
[2026-07-08T23:56:24.417-0500] {logging_mixin.py:188} INFO - [2026-07-08T23:56:24.417-0500] {dagbag.py:545} INFO - Filling up the DagBag from /opt/airflow/dags/config.py
[2026-07-08T23:56:24.438-0500] {processor.py:842} WARNING - No viable dags retrieved from /opt/airflow/dags/config.py
[2026-07-08T23:56:24.454-0500] {processor.py:183} INFO - Processing /opt/airflow/dags/config.py took 0.047 seconds
[2026-07-08T23:56:55.502-0500] {processor.py:161} INFO - Started process (PID=4712) to work on /opt/airflow/dags/config.py
[2026-07-08T23:56:55.503-0500] {processor.py:830} INFO - Processing file /opt/airflow/dags/config.py for tasks to queue
[2026-07-08T23:56:55.505-0500] {logging_mixin.py:188} INFO - [2026-07-08T23:56:55.504-0500] {dagbag.py:545} INFO - Filling up the DagBag from /opt/airflow/dags/config.py
[2026-07-08T23:56:55.524-0500] {processor.py:842} WARNING - No viable dags retrieved from /opt/airflow/dags/config.py
[2026-07-08T23:56:55.536-0500] {processor.py:183} INFO - Processing /opt/airflow/dags/config.py took 0.039 seconds
[2026-07-08T23:57:26.487-0500] {processor.py:161} INFO - Started process (PID=4737) to work on /opt/airflow/dags/config.py
[2026-07-08T23:57:26.488-0500] {processor.py:830} INFO - Processing file /opt/airflow/dags/config.py for tasks to queue
[2026-07-08T23:57:26.491-0500] {logging_mixin.py:188} INFO - [2026-07-08T23:57:26.490-0500] {dagbag.py:545} INFO - Filling up the DagBag from /opt/airflow/dags/config.py
[2026-07-08T23:57:26.514-0500] {processor.py:842} WARNING - No viable dags retrieved from /opt/airflow/dags/config.py
[2026-07-08T23:57:26.526-0500] {processor.py:183} INFO - Processing /opt/airflow/dags/config.py took 0.044 seconds
[2026-07-08T23:57:57.585-0500] {processor.py:161} INFO - Started process (PID=4766) to work on /opt/airflow/dags/config.py
[2026-07-08T23:57:57.586-0500] {processor.py:830} INFO - Processing file /opt/airflow/dags/config.py for tasks to queue
[2026-07-08T23:57:57.588-0500] {logging_mixin.py:188} INFO - [2026-07-08T23:57:57.588-0500] {dagbag.py:545} INFO - Filling up the DagBag from /opt/airflow/dags/config.py
[2026-07-08T23:57:57.604-0500] {processor.py:842} WARNING - No viable dags retrieved from /opt/airflow/dags/config.py
[2026-07-08T23:57:57.615-0500] {processor.py:183} INFO - Processing /opt/airflow/dags/config.py took 0.035 seconds
[2026-07-08T23:58:28.615-0500] {processor.py:161} INFO - Started process (PID=4793) to work on /opt/airflow/dags/config.py
[2026-07-08T23:58:28.615-0500] {processor.py:830} INFO - Processing file /opt/airflow/dags/config.py for tasks to queue
[2026-07-08T23:58:28.618-0500] {logging_mixin.py:188} INFO - [2026-07-08T23:58:28.617-0500] {dagbag.py:545} INFO - Filling up the DagBag from /opt/airflow/dags/config.py
[2026-07-08T23:58:28.635-0500] {processor.py:842} WARNING - No viable dags retrieved from /opt/airflow/dags/config.py
[2026-07-08T23:58:28.647-0500] {processor.py:183} INFO - Processing /opt/airflow/dags/config.py took 0.037 seconds
[2026-07-08T23:58:59.676-0500] {processor.py:161} INFO - Started process (PID=4820) to work on /opt/airflow/dags/config.py
[2026-07-08T23:58:59.677-0500] {processor.py:830} INFO - Processing file /opt/airflow/dags/config.py for tasks to queue
[2026-07-08T23:58:59.680-0500] {logging_mixin.py:188} INFO - [2026-07-08T23:58:59.679-0500] {dagbag.py:545} INFO - Filling up the DagBag from /opt/airflow/dags/config.py
[2026-07-08T23:58:59.697-0500] {processor.py:842} WARNING - No viable dags retrieved from /opt/airflow/dags/config.py
[2026-07-08T23:58:59.711-0500] {processor.py:183} INFO - Processing /opt/airflow/dags/config.py took 0.040 seconds
[2026-07-08T23:59:31.267-0500] {processor.py:161} INFO - Started process (PID=4845) to work on /opt/airflow/dags/config.py
[2026-07-08T23:59:31.270-0500] {processor.py:830} INFO - Processing file /opt/airflow/dags/config.py for tasks to queue
[2026-07-08T23:59:31.272-0500] {logging_mixin.py:188} INFO - [2026-07-08T23:59:31.272-0500] {dagbag.py:545} INFO - Filling up the DagBag from /opt/airflow/dags/config.py
[2026-07-08T23:59:31.296-0500] {processor.py:842} WARNING - No viable dags retrieved from /opt/airflow/dags/config.py
[2026-07-08T23:59:31.310-0500] {processor.py:183} INFO - Processing /opt/airflow/dags/config.py took 0.050 seconds
[2026-07-09T00:00:02.489-0500] {processor.py:161} INFO - Started process (PID=4874) to work on /opt/airflow/dags/config.py
[2026-07-09T00:00:02.490-0500] {processor.py:830} INFO - Processing file /opt/airflow/dags/config.py for tasks to queue
[2026-07-09T00:00:02.493-0500] {logging_mixin.py:188} INFO - [2026-07-09T00:00:02.492-0500] {dagbag.py:545} INFO - Filling up the DagBag from /opt/airflow/dags/config.py
[2026-07-09T00:00:02.514-0500] {processor.py:842} WARNING - No viable dags retrieved from /opt/airflow/dags/config.py
[2026-07-09T00:00:02.530-0500] {processor.py:183} INFO - Processing /opt/airflow/dags/config.py took 0.049 seconds
[2026-07-09T00:00:33.600-0500] {processor.py:161} INFO - Started process (PID=4901) to work on /opt/airflow/dags/config.py
[2026-07-09T00:00:33.601-0500] {processor.py:830} INFO - Processing file /opt/airflow/dags/config.py for tasks to queue
[2026-07-09T00:00:33.603-0500] {logging_mixin.py:188} INFO - [2026-07-09T00:00:33.603-0500] {dagbag.py:545} INFO - Filling up the DagBag from /opt/airflow/dags/config.py
[2026-07-09T00:00:33.626-0500] {processor.py:842} WARNING - No viable dags retrieved from /opt/airflow/dags/config.py
[2026-07-09T00:00:33.640-0500] {processor.py:183} INFO - Processing /opt/airflow/dags/config.py took 0.047 seconds
[2026-07-09T00:01:04.644-0500] {processor.py:161} INFO - Started process (PID=4928) to work on /opt/airflow/dags/config.py
[2026-07-09T00:01:04.645-0500] {processor.py:830} INFO - Processing file /opt/airflow/dags/config.py for tasks to queue
[2026-07-09T00:01:04.646-0500] {logging_mixin.py:188} INFO - [2026-07-09T00:01:04.646-0500] {dagbag.py:545} INFO - Filling up the DagBag from /opt/airflow/dags/config.py
[2026-07-09T00:01:04.664-0500] {processor.py:842} WARNING - No viable dags retrieved from /opt/airflow/dags/config.py
[2026-07-09T00:01:04.676-0500] {processor.py:183} INFO - Processing /opt/airflow/dags/config.py took 0.037 seconds
[2026-07-09T00:01:35.803-0500] {processor.py:161} INFO - Started process (PID=4955) to work on /opt/airflow/dags/config.py
[2026-07-09T00:01:35.804-0500] {processor.py:830} INFO - Processing file /opt/airflow/dags/config.py for tasks to queue
[2026-07-09T00:01:35.806-0500] {logging_mixin.py:188} INFO - [2026-07-09T00:01:35.806-0500] {dagbag.py:545} INFO - Filling up the DagBag from /opt/airflow/dags/config.py
[2026-07-09T00:01:35.822-0500] {processor.py:842} WARNING - No viable dags retrieved from /opt/airflow/dags/config.py
[2026-07-09T00:01:35.835-0500] {processor.py:183} INFO - Processing /opt/airflow/dags/config.py took 0.037 seconds
[2026-07-09T00:02:06.794-0500] {processor.py:161} INFO - Started process (PID=4982) to work on /opt/airflow/dags/config.py
[2026-07-09T00:02:06.795-0500] {processor.py:830} INFO - Processing file /opt/airflow/dags/config.py for tasks to queue
[2026-07-09T00:02:06.796-0500] {logging_mixin.py:188} INFO - [2026-07-09T00:02:06.796-0500] {dagbag.py:545} INFO - Filling up the DagBag from /opt/airflow/dags/config.py
[2026-07-09T00:02:06.815-0500] {processor.py:842} WARNING - No viable dags retrieved from /opt/airflow/dags/config.py
[2026-07-09T00:02:06.826-0500] {processor.py:183} INFO - Processing /opt/airflow/dags/config.py took 0.037 seconds
[2026-07-09T00:02:37.944-0500] {processor.py:161} INFO - Started process (PID=5009) to work on /opt/airflow/dags/config.py
[2026-07-09T00:02:37.945-0500] {processor.py:830} INFO - Processing file /opt/airflow/dags/config.py for tasks to queue
[2026-07-09T00:02:37.948-0500] {logging_mixin.py:188} INFO - [2026-07-09T00:02:37.947-0500] {dagbag.py:545} INFO - Filling up the DagBag from /opt/airflow/dags/config.py
[2026-07-09T00:02:37.969-0500] {processor.py:842} WARNING - No viable dags retrieved from /opt/airflow/dags/config.py
[2026-07-09T00:02:37.985-0500] {processor.py:183} INFO - Processing /opt/airflow/dags/config.py took 0.047 seconds
[2026-07-09T00:03:09.284-0500] {processor.py:161} INFO - Started process (PID=5043) to work on /opt/airflow/dags/config.py
[2026-07-09T00:03:09.285-0500] {processor.py:830} INFO - Processing file /opt/airflow/dags/config.py for tasks to queue
[2026-07-09T00:03:09.287-0500] {logging_mixin.py:188} INFO - [2026-07-09T00:03:09.287-0500] {dagbag.py:545} INFO - Filling up the DagBag from /opt/airflow/dags/config.py
[2026-07-09T00:03:09.308-0500] {processor.py:842} WARNING - No viable dags retrieved from /opt/airflow/dags/config.py
[2026-07-09T00:03:09.322-0500] {processor.py:183} INFO - Processing /opt/airflow/dags/config.py took 0.042 seconds
[2026-07-09T00:03:40.044-0500] {processor.py:161} INFO - Started process (PID=5067) to work on /opt/airflow/dags/config.py
[2026-07-09T00:03:40.045-0500] {processor.py:830} INFO - Processing file /opt/airflow/dags/config.py for tasks to queue
[2026-07-09T00:03:40.046-0500] {logging_mixin.py:188} INFO - [2026-07-09T00:03:40.046-0500] {dagbag.py:545} INFO - Filling up the DagBag from /opt/airflow/dags/config.py
[2026-07-09T00:03:40.061-0500] {processor.py:842} WARNING - No viable dags retrieved from /opt/airflow/dags/config.py
[2026-07-09T00:03:40.075-0500] {processor.py:183} INFO - Processing /opt/airflow/dags/config.py took 0.037 seconds
[2026-07-09T00:04:10.713-0500] {processor.py:161} INFO - Started process (PID=5094) to work on /opt/airflow/dags/config.py
[2026-07-09T00:04:10.714-0500] {processor.py:830} INFO - Processing file /opt/airflow/dags/config.py for tasks to queue
[2026-07-09T00:04:10.716-0500] {logging_mixin.py:188} INFO - [2026-07-09T00:04:10.715-0500] {dagbag.py:545} INFO - Filling up the DagBag from /opt/airflow/dags/config.py
[2026-07-09T00:04:10.729-0500] {processor.py:842} WARNING - No viable dags retrieved from /opt/airflow/dags/config.py
[2026-07-09T00:04:10.740-0500] {processor.py:183} INFO - Processing /opt/airflow/dags/config.py took 0.032 seconds
[2026-07-09T00:04:41.347-0500] {processor.py:161} INFO - Started process (PID=5121) to work on /opt/airflow/dags/config.py
[2026-07-09T00:04:41.348-0500] {processor.py:830} INFO - Processing file /opt/airflow/dags/config.py for tasks to queue
[2026-07-09T00:04:41.349-0500] {logging_mixin.py:188} INFO - [2026-07-09T00:04:41.349-0500] {dagbag.py:545} INFO - Filling up the DagBag from /opt/airflow/dags/config.py
[2026-07-09T00:04:41.363-0500] {processor.py:842} WARNING - No viable dags retrieved from /opt/airflow/dags/config.py
[2026-07-09T00:04:41.375-0500] {processor.py:183} INFO - Processing /opt/airflow/dags/config.py took 0.033 seconds
[2026-07-09T00:05:11.995-0500] {processor.py:161} INFO - Started process (PID=5148) to work on /opt/airflow/dags/config.py
[2026-07-09T00:05:11.996-0500] {processor.py:830} INFO - Processing file /opt/airflow/dags/config.py for tasks to queue
[2026-07-09T00:05:11.997-0500] {logging_mixin.py:188} INFO - [2026-07-09T00:05:11.997-0500] {dagbag.py:545} INFO - Filling up the DagBag from /opt/airflow/dags/config.py
[2026-07-09T00:05:12.011-0500] {processor.py:842} WARNING - No viable dags retrieved from /opt/airflow/dags/config.py
[2026-07-09T00:05:12.025-0500] {processor.py:183} INFO - Processing /opt/airflow/dags/config.py took 0.036 seconds
[2026-07-09T00:05:42.794-0500] {processor.py:161} INFO - Started process (PID=5172) to work on /opt/airflow/dags/config.py
[2026-07-09T00:05:42.795-0500] {processor.py:830} INFO - Processing file /opt/airflow/dags/config.py for tasks to queue
[2026-07-09T00:05:42.797-0500] {logging_mixin.py:188} INFO - [2026-07-09T00:05:42.796-0500] {dagbag.py:545} INFO - Filling up the DagBag from /opt/airflow/dags/config.py
[2026-07-09T00:05:42.815-0500] {processor.py:842} WARNING - No viable dags retrieved from /opt/airflow/dags/config.py
[2026-07-09T00:05:42.827-0500] {processor.py:183} INFO - Processing /opt/airflow/dags/config.py took 0.038 seconds
[2026-07-09T00:06:12.943-0500] {processor.py:161} INFO - Started process (PID=5196) to work on /opt/airflow/dags/config.py
[2026-07-09T00:06:12.944-0500] {processor.py:830} INFO - Processing file /opt/airflow/dags/config.py for tasks to queue
[2026-07-09T00:06:12.947-0500] {logging_mixin.py:188} INFO - [2026-07-09T00:06:12.946-0500] {dagbag.py:545} INFO - Filling up the DagBag from /opt/airflow/dags/config.py
[2026-07-09T00:06:12.967-0500] {processor.py:842} WARNING - No viable dags retrieved from /opt/airflow/dags/config.py
[2026-07-09T00:06:12.983-0500] {processor.py:183} INFO - Processing /opt/airflow/dags/config.py took 0.047 seconds
[2026-07-09T00:06:43.403-0500] {processor.py:161} INFO - Started process (PID=5223) to work on /opt/airflow/dags/config.py
[2026-07-09T00:06:43.404-0500] {processor.py:830} INFO - Processing file /opt/airflow/dags/config.py for tasks to queue
[2026-07-09T00:06:43.406-0500] {logging_mixin.py:188} INFO - [2026-07-09T00:06:43.406-0500] {dagbag.py:545} INFO - Filling up the DagBag from /opt/airflow/dags/config.py
[2026-07-09T00:06:43.421-0500] {processor.py:842} WARNING - No viable dags retrieved from /opt/airflow/dags/config.py
[2026-07-09T00:06:43.434-0500] {processor.py:183} INFO - Processing /opt/airflow/dags/config.py took 0.035 seconds
[2026-07-09T00:07:13.806-0500] {processor.py:161} INFO - Started process (PID=5250) to work on /opt/airflow/dags/config.py
[2026-07-09T00:07:13.807-0500] {processor.py:830} INFO - Processing file /opt/airflow/dags/config.py for tasks to queue
[2026-07-09T00:07:13.808-0500] {logging_mixin.py:188} INFO - [2026-07-09T00:07:13.808-0500] {dagbag.py:545} INFO - Filling up the DagBag from /opt/airflow/dags/config.py
[2026-07-09T00:07:13.821-0500] {processor.py:842} WARNING - No viable dags retrieved from /opt/airflow/dags/config.py
[2026-07-09T00:07:13.832-0500] {processor.py:183} INFO - Processing /opt/airflow/dags/config.py took 0.031 seconds
[2026-07-09T00:07:44.207-0500] {processor.py:161} INFO - Started process (PID=5277) to work on /opt/airflow/dags/config.py
[2026-07-09T00:07:44.208-0500] {processor.py:830} INFO - Processing file /opt/airflow/dags/config.py for tasks to queue
[2026-07-09T00:07:44.210-0500] {logging_mixin.py:188} INFO - [2026-07-09T00:07:44.210-0500] {dagbag.py:545} INFO - Filling up the DagBag from /opt/airflow/dags/config.py
[2026-07-09T00:07:44.223-0500] {processor.py:842} WARNING - No viable dags retrieved from /opt/airflow/dags/config.py
[2026-07-09T00:07:44.234-0500] {processor.py:183} INFO - Processing /opt/airflow/dags/config.py took 0.033 seconds
[2026-07-09T00:08:14.633-0500] {processor.py:161} INFO - Started process (PID=5304) to work on /opt/airflow/dags/config.py
[2026-07-09T00:08:14.633-0500] {processor.py:830} INFO - Processing file /opt/airflow/dags/config.py for tasks to queue
[2026-07-09T00:08:14.635-0500] {logging_mixin.py:188} INFO - [2026-07-09T00:08:14.635-0500] {dagbag.py:545} INFO - Filling up the DagBag from /opt/airflow/dags/config.py
[2026-07-09T00:08:14.648-0500] {processor.py:842} WARNING - No viable dags retrieved from /opt/airflow/dags/config.py
[2026-07-09T00:08:14.660-0500] {processor.py:183} INFO - Processing /opt/airflow/dags/config.py took 0.032 seconds
[2026-07-09T00:08:45.682-0500] {processor.py:161} INFO - Started process (PID=5331) to work on /opt/airflow/dags/config.py
[2026-07-09T00:08:45.683-0500] {processor.py:830} INFO - Processing file /opt/airflow/dags/config.py for tasks to queue
[2026-07-09T00:08:45.685-0500] {logging_mixin.py:188} INFO - [2026-07-09T00:08:45.685-0500] {dagbag.py:545} INFO - Filling up the DagBag from /opt/airflow/dags/config.py
[2026-07-09T00:08:45.716-0500] {processor.py:842} WARNING - No viable dags retrieved from /opt/airflow/dags/config.py
[2026-07-09T00:08:45.735-0500] {processor.py:183} INFO - Processing /opt/airflow/dags/config.py took 0.060 seconds
[2026-07-09T00:09:16.774-0500] {processor.py:161} INFO - Started process (PID=5358) to work on /opt/airflow/dags/config.py
[2026-07-09T00:09:16.775-0500] {processor.py:830} INFO - Processing file /opt/airflow/dags/config.py for tasks to queue
[2026-07-09T00:09:16.777-0500] {logging_mixin.py:188} INFO - [2026-07-09T00:09:16.776-0500] {dagbag.py:545} INFO - Filling up the DagBag from /opt/airflow/dags/config.py
[2026-07-09T00:09:16.789-0500] {processor.py:842} WARNING - No viable dags retrieved from /opt/airflow/dags/config.py
[2026-07-09T00:09:16.800-0500] {processor.py:183} INFO - Processing /opt/airflow/dags/config.py took 0.030 seconds
[2026-07-09T00:09:47.234-0500] {processor.py:161} INFO - Started process (PID=5385) to work on /opt/airflow/dags/config.py
[2026-07-09T00:09:47.235-0500] {processor.py:830} INFO - Processing file /opt/airflow/dags/config.py for tasks to queue
[2026-07-09T00:09:47.236-0500] {logging_mixin.py:188} INFO - [2026-07-09T00:09:47.236-0500] {dagbag.py:545} INFO - Filling up the DagBag from /opt/airflow/dags/config.py
[2026-07-09T00:09:47.253-0500] {processor.py:842} WARNING - No viable dags retrieved from /opt/airflow/dags/config.py
[2026-07-09T00:09:47.266-0500] {processor.py:183} INFO - Processing /opt/airflow/dags/config.py took 0.037 seconds
[2026-07-09T00:10:17.659-0500] {processor.py:161} INFO - Started process (PID=5412) to work on /opt/airflow/dags/config.py
[2026-07-09T00:10:17.660-0500] {processor.py:830} INFO - Processing file /opt/airflow/dags/config.py for tasks to queue
[2026-07-09T00:10:17.662-0500] {logging_mixin.py:188} INFO - [2026-07-09T00:10:17.662-0500] {dagbag.py:545} INFO - Filling up the DagBag from /opt/airflow/dags/config.py
[2026-07-09T00:10:17.680-0500] {processor.py:842} WARNING - No viable dags retrieved from /opt/airflow/dags/config.py
[2026-07-09T00:10:17.692-0500] {processor.py:183} INFO - Processing /opt/airflow/dags/config.py took 0.038 seconds
[2026-07-09T00:10:47.834-0500] {processor.py:161} INFO - Started process (PID=5439) to work on /opt/airflow/dags/config.py
[2026-07-09T00:10:47.835-0500] {processor.py:830} INFO - Processing file /opt/airflow/dags/config.py for tasks to queue
[2026-07-09T00:10:47.837-0500] {logging_mixin.py:188} INFO - [2026-07-09T00:10:47.836-0500] {dagbag.py:545} INFO - Filling up the DagBag from /opt/airflow/dags/config.py
[2026-07-09T00:10:47.857-0500] {processor.py:842} WARNING - No viable dags retrieved from /opt/airflow/dags/config.py
[2026-07-09T00:10:47.871-0500] {processor.py:183} INFO - Processing /opt/airflow/dags/config.py took 0.043 seconds
[2026-07-09T00:11:18.010-0500] {processor.py:161} INFO - Started process (PID=5464) to work on /opt/airflow/dags/config.py
[2026-07-09T00:11:18.011-0500] {processor.py:830} INFO - Processing file /opt/airflow/dags/config.py for tasks to queue
[2026-07-09T00:11:18.012-0500] {logging_mixin.py:188} INFO - [2026-07-09T00:11:18.012-0500] {dagbag.py:545} INFO - Filling up the DagBag from /opt/airflow/dags/config.py
[2026-07-09T00:11:18.032-0500] {processor.py:842} WARNING - No viable dags retrieved from /opt/airflow/dags/config.py
[2026-07-09T00:11:18.044-0500] {processor.py:183} INFO - Processing /opt/airflow/dags/config.py took 0.039 seconds
[2026-07-09T00:11:48.226-0500] {processor.py:161} INFO - Started process (PID=5515) to work on /opt/airflow/dags/config.py
[2026-07-09T00:11:48.227-0500] {processor.py:830} INFO - Processing file /opt/airflow/dags/config.py for tasks to queue
[2026-07-09T00:11:48.228-0500] {logging_mixin.py:188} INFO - [2026-07-09T00:11:48.228-0500] {dagbag.py:545} INFO - Filling up the DagBag from /opt/airflow/dags/config.py
[2026-07-09T00:11:48.242-0500] {processor.py:842} WARNING - No viable dags retrieved from /opt/airflow/dags/config.py
[2026-07-09T00:11:48.256-0500] {processor.py:183} INFO - Processing /opt/airflow/dags/config.py took 0.035 seconds
[2026-07-09T00:12:18.644-0500] {processor.py:161} INFO - Started process (PID=5542) to work on /opt/airflow/dags/config.py
[2026-07-09T00:12:18.645-0500] {processor.py:830} INFO - Processing file /opt/airflow/dags/config.py for tasks to queue
[2026-07-09T00:12:18.646-0500] {logging_mixin.py:188} INFO - [2026-07-09T00:12:18.646-0500] {dagbag.py:545} INFO - Filling up the DagBag from /opt/airflow/dags/config.py
[2026-07-09T00:12:18.663-0500] {processor.py:842} WARNING - No viable dags retrieved from /opt/airflow/dags/config.py
[2026-07-09T00:12:18.675-0500] {processor.py:183} INFO - Processing /opt/airflow/dags/config.py took 0.037 seconds
[2026-07-09T00:12:49.075-0500] {processor.py:161} INFO - Started process (PID=5569) to work on /opt/airflow/dags/config.py
[2026-07-09T00:12:49.076-0500] {processor.py:830} INFO - Processing file /opt/airflow/dags/config.py for tasks to queue
[2026-07-09T00:12:49.078-0500] {logging_mixin.py:188} INFO - [2026-07-09T00:12:49.077-0500] {dagbag.py:545} INFO - Filling up the DagBag from /opt/airflow/dags/config.py
[2026-07-09T00:12:49.097-0500] {processor.py:842} WARNING - No viable dags retrieved from /opt/airflow/dags/config.py
[2026-07-09T00:12:49.109-0500] {processor.py:183} INFO - Processing /opt/airflow/dags/config.py took 0.039 seconds
[2026-07-09T00:13:19.499-0500] {processor.py:161} INFO - Started process (PID=5596) to work on /opt/airflow/dags/config.py
[2026-07-09T00:13:19.500-0500] {processor.py:830} INFO - Processing file /opt/airflow/dags/config.py for tasks to queue
[2026-07-09T00:13:19.502-0500] {logging_mixin.py:188} INFO - [2026-07-09T00:13:19.502-0500] {dagbag.py:545} INFO - Filling up the DagBag from /opt/airflow/dags/config.py
[2026-07-09T00:13:19.523-0500] {processor.py:842} WARNING - No viable dags retrieved from /opt/airflow/dags/config.py
[2026-07-09T00:13:19.536-0500] {processor.py:183} INFO - Processing /opt/airflow/dags/config.py took 0.042 seconds
[2026-07-09T00:13:49.587-0500] {processor.py:161} INFO - Started process (PID=5620) to work on /opt/airflow/dags/config.py
[2026-07-09T00:13:49.588-0500] {processor.py:830} INFO - Processing file /opt/airflow/dags/config.py for tasks to queue
[2026-07-09T00:13:49.590-0500] {logging_mixin.py:188} INFO - [2026-07-09T00:13:49.589-0500] {dagbag.py:545} INFO - Filling up the DagBag from /opt/airflow/dags/config.py
[2026-07-09T00:13:49.603-0500] {processor.py:842} WARNING - No viable dags retrieved from /opt/airflow/dags/config.py
[2026-07-09T00:13:49.615-0500] {processor.py:183} INFO - Processing /opt/airflow/dags/config.py took 0.034 seconds
[2026-07-09T00:14:19.661-0500] {processor.py:161} INFO - Started process (PID=5647) to work on /opt/airflow/dags/config.py
[2026-07-09T00:14:19.662-0500] {processor.py:830} INFO - Processing file /opt/airflow/dags/config.py for tasks to queue
[2026-07-09T00:14:19.663-0500] {logging_mixin.py:188} INFO - [2026-07-09T00:14:19.663-0500] {dagbag.py:545} INFO - Filling up the DagBag from /opt/airflow/dags/config.py
[2026-07-09T00:14:19.675-0500] {processor.py:842} WARNING - No viable dags retrieved from /opt/airflow/dags/config.py
[2026-07-09T00:14:19.686-0500] {processor.py:183} INFO - Processing /opt/airflow/dags/config.py took 0.030 seconds
[2026-07-09T00:14:50.063-0500] {processor.py:161} INFO - Started process (PID=5674) to work on /opt/airflow/dags/config.py
[2026-07-09T00:14:50.064-0500] {processor.py:830} INFO - Processing file /opt/airflow/dags/config.py for tasks to queue
[2026-07-09T00:14:50.066-0500] {logging_mixin.py:188} INFO - [2026-07-09T00:14:50.065-0500] {dagbag.py:545} INFO - Filling up the DagBag from /opt/airflow/dags/config.py
[2026-07-09T00:14:50.080-0500] {processor.py:842} WARNING - No viable dags retrieved from /opt/airflow/dags/config.py
[2026-07-09T00:14:50.092-0500] {processor.py:183} INFO - Processing /opt/airflow/dags/config.py took 0.033 seconds
[2026-07-09T00:15:20.470-0500] {processor.py:161} INFO - Started process (PID=5701) to work on /opt/airflow/dags/config.py
[2026-07-09T00:15:20.471-0500] {processor.py:830} INFO - Processing file /opt/airflow/dags/config.py for tasks to queue
[2026-07-09T00:15:20.473-0500] {logging_mixin.py:188} INFO - [2026-07-09T00:15:20.472-0500] {dagbag.py:545} INFO - Filling up the DagBag from /opt/airflow/dags/config.py
[2026-07-09T00:15:20.485-0500] {processor.py:842} WARNING - No viable dags retrieved from /opt/airflow/dags/config.py
[2026-07-09T00:15:20.495-0500] {processor.py:183} INFO - Processing /opt/airflow/dags/config.py took 0.030 seconds
[2026-07-09T00:15:50.545-0500] {processor.py:161} INFO - Started process (PID=5728) to work on /opt/airflow/dags/config.py
[2026-07-09T00:15:50.546-0500] {processor.py:830} INFO - Processing file /opt/airflow/dags/config.py for tasks to queue
[2026-07-09T00:15:50.547-0500] {logging_mixin.py:188} INFO - [2026-07-09T00:15:50.547-0500] {dagbag.py:545} INFO - Filling up the DagBag from /opt/airflow/dags/config.py
[2026-07-09T00:15:50.561-0500] {processor.py:842} WARNING - No viable dags retrieved from /opt/airflow/dags/config.py
[2026-07-09T00:15:50.573-0500] {processor.py:183} INFO - Processing /opt/airflow/dags/config.py took 0.034 seconds
[2026-07-09T00:16:20.721-0500] {processor.py:161} INFO - Started process (PID=5755) to work on /opt/airflow/dags/config.py
[2026-07-09T00:16:20.722-0500] {processor.py:830} INFO - Processing file /opt/airflow/dags/config.py for tasks to queue
[2026-07-09T00:16:20.723-0500] {logging_mixin.py:188} INFO - [2026-07-09T00:16:20.723-0500] {dagbag.py:545} INFO - Filling up the DagBag from /opt/airflow/dags/config.py
[2026-07-09T00:16:20.735-0500] {processor.py:842} WARNING - No viable dags retrieved from /opt/airflow/dags/config.py
[2026-07-09T00:16:20.746-0500] {processor.py:183} INFO - Processing /opt/airflow/dags/config.py took 0.030 seconds
[2026-07-09T00:16:51.152-0500] {processor.py:161} INFO - Started process (PID=5782) to work on /opt/airflow/dags/config.py
[2026-07-09T00:16:51.153-0500] {processor.py:830} INFO - Processing file /opt/airflow/dags/config.py for tasks to queue
[2026-07-09T00:16:51.155-0500] {logging_mixin.py:188} INFO - [2026-07-09T00:16:51.155-0500] {dagbag.py:545} INFO - Filling up the DagBag from /opt/airflow/dags/config.py
[2026-07-09T00:16:51.172-0500] {processor.py:842} WARNING - No viable dags retrieved from /opt/airflow/dags/config.py
[2026-07-09T00:16:51.183-0500] {processor.py:183} INFO - Processing /opt/airflow/dags/config.py took 0.037 seconds
[2026-07-09T00:17:21.579-0500] {processor.py:161} INFO - Started process (PID=5809) to work on /opt/airflow/dags/config.py
[2026-07-09T00:17:21.581-0500] {processor.py:830} INFO - Processing file /opt/airflow/dags/config.py for tasks to queue
[2026-07-09T00:17:21.583-0500] {logging_mixin.py:188} INFO - [2026-07-09T00:17:21.582-0500] {dagbag.py:545} INFO - Filling up the DagBag from /opt/airflow/dags/config.py
[2026-07-09T00:17:21.603-0500] {processor.py:842} WARNING - No viable dags retrieved from /opt/airflow/dags/config.py
[2026-07-09T00:17:21.617-0500] {processor.py:183} INFO - Processing /opt/airflow/dags/config.py took 0.044 seconds
[2026-07-09T00:17:51.716-0500] {processor.py:161} INFO - Started process (PID=5836) to work on /opt/airflow/dags/config.py
[2026-07-09T00:17:51.718-0500] {processor.py:830} INFO - Processing file /opt/airflow/dags/config.py for tasks to queue
[2026-07-09T00:17:51.722-0500] {logging_mixin.py:188} INFO - [2026-07-09T00:17:51.721-0500] {dagbag.py:545} INFO - Filling up the DagBag from /opt/airflow/dags/config.py
[2026-07-09T00:17:51.742-0500] {processor.py:842} WARNING - No viable dags retrieved from /opt/airflow/dags/config.py
[2026-07-09T00:17:51.761-0500] {processor.py:183} INFO - Processing /opt/airflow/dags/config.py took 0.052 seconds
[2026-07-09T00:18:22.226-0500] {processor.py:161} INFO - Started process (PID=5863) to work on /opt/airflow/dags/config.py
[2026-07-09T00:18:22.227-0500] {processor.py:830} INFO - Processing file /opt/airflow/dags/config.py for tasks to queue
[2026-07-09T00:18:22.229-0500] {logging_mixin.py:188} INFO - [2026-07-09T00:18:22.229-0500] {dagbag.py:545} INFO - Filling up the DagBag from /opt/airflow/dags/config.py
[2026-07-09T00:18:22.244-0500] {processor.py:842} WARNING - No viable dags retrieved from /opt/airflow/dags/config.py
[2026-07-09T00:18:22.257-0500] {processor.py:183} INFO - Processing /opt/airflow/dags/config.py took 0.038 seconds
[2026-07-09T00:18:52.390-0500] {processor.py:161} INFO - Started process (PID=5890) to work on /opt/airflow/dags/config.py
[2026-07-09T00:18:52.391-0500] {processor.py:830} INFO - Processing file /opt/airflow/dags/config.py for tasks to queue
[2026-07-09T00:18:52.393-0500] {logging_mixin.py:188} INFO - [2026-07-09T00:18:52.393-0500] {dagbag.py:545} INFO - Filling up the DagBag from /opt/airflow/dags/config.py
[2026-07-09T00:18:52.415-0500] {processor.py:842} WARNING - No viable dags retrieved from /opt/airflow/dags/config.py
[2026-07-09T00:18:52.429-0500] {processor.py:183} INFO - Processing /opt/airflow/dags/config.py took 0.043 seconds
[2026-07-09T00:19:23.399-0500] {processor.py:161} INFO - Started process (PID=5917) to work on /opt/airflow/dags/config.py
[2026-07-09T00:19:23.400-0500] {processor.py:830} INFO - Processing file /opt/airflow/dags/config.py for tasks to queue
[2026-07-09T00:19:23.402-0500] {logging_mixin.py:188} INFO - [2026-07-09T00:19:23.402-0500] {dagbag.py:545} INFO - Filling up the DagBag from /opt/airflow/dags/config.py
[2026-07-09T00:19:23.414-0500] {processor.py:842} WARNING - No viable dags retrieved from /opt/airflow/dags/config.py
[2026-07-09T00:19:23.427-0500] {processor.py:183} INFO - Processing /opt/airflow/dags/config.py took 0.033 seconds
[2026-07-09T00:19:53.491-0500] {processor.py:161} INFO - Started process (PID=5944) to work on /opt/airflow/dags/config.py
[2026-07-09T00:19:53.491-0500] {processor.py:830} INFO - Processing file /opt/airflow/dags/config.py for tasks to queue
[2026-07-09T00:19:53.494-0500] {logging_mixin.py:188} INFO - [2026-07-09T00:19:53.494-0500] {dagbag.py:545} INFO - Filling up the DagBag from /opt/airflow/dags/config.py
[2026-07-09T00:19:53.512-0500] {processor.py:842} WARNING - No viable dags retrieved from /opt/airflow/dags/config.py
[2026-07-09T00:19:53.524-0500] {processor.py:183} INFO - Processing /opt/airflow/dags/config.py took 0.038 seconds
[2026-07-09T00:20:24.016-0500] {processor.py:161} INFO - Started process (PID=5971) to work on /opt/airflow/dags/config.py
[2026-07-09T00:20:24.017-0500] {processor.py:830} INFO - Processing file /opt/airflow/dags/config.py for tasks to queue
[2026-07-09T00:20:24.019-0500] {logging_mixin.py:188} INFO - [2026-07-09T00:20:24.019-0500] {dagbag.py:545} INFO - Filling up the DagBag from /opt/airflow/dags/config.py
[2026-07-09T00:20:24.031-0500] {processor.py:842} WARNING - No viable dags retrieved from /opt/airflow/dags/config.py
[2026-07-09T00:20:24.043-0500] {processor.py:183} INFO - Processing /opt/airflow/dags/config.py took 0.031 seconds
[2026-07-09T00:20:54.463-0500] {processor.py:161} INFO - Started process (PID=5998) to work on /opt/airflow/dags/config.py
[2026-07-09T00:20:54.465-0500] {processor.py:830} INFO - Processing file /opt/airflow/dags/config.py for tasks to queue
[2026-07-09T00:20:54.466-0500] {logging_mixin.py:188} INFO - [2026-07-09T00:20:54.466-0500] {dagbag.py:545} INFO - Filling up the DagBag from /opt/airflow/dags/config.py
[2026-07-09T00:20:54.485-0500] {processor.py:842} WARNING - No viable dags retrieved from /opt/airflow/dags/config.py
[2026-07-09T00:20:54.497-0500] {processor.py:183} INFO - Processing /opt/airflow/dags/config.py took 0.039 seconds
[2026-07-09T00:21:25.498-0500] {processor.py:161} INFO - Started process (PID=6025) to work on /opt/airflow/dags/config.py
[2026-07-09T00:21:25.499-0500] {processor.py:830} INFO - Processing file /opt/airflow/dags/config.py for tasks to queue
[2026-07-09T00:21:25.501-0500] {logging_mixin.py:188} INFO - [2026-07-09T00:21:25.501-0500] {dagbag.py:545} INFO - Filling up the DagBag from /opt/airflow/dags/config.py
[2026-07-09T00:21:25.518-0500] {processor.py:842} WARNING - No viable dags retrieved from /opt/airflow/dags/config.py
[2026-07-09T00:21:25.529-0500] {processor.py:183} INFO - Processing /opt/airflow/dags/config.py took 0.036 seconds
[2026-07-09T00:21:55.922-0500] {processor.py:161} INFO - Started process (PID=6052) to work on /opt/airflow/dags/config.py
[2026-07-09T00:21:55.923-0500] {processor.py:830} INFO - Processing file /opt/airflow/dags/config.py for tasks to queue
[2026-07-09T00:21:55.926-0500] {logging_mixin.py:188} INFO - [2026-07-09T00:21:55.926-0500] {dagbag.py:545} INFO - Filling up the DagBag from /opt/airflow/dags/config.py
[2026-07-09T00:21:55.947-0500] {processor.py:842} WARNING - No viable dags retrieved from /opt/airflow/dags/config.py
[2026-07-09T00:21:55.961-0500] {processor.py:183} INFO - Processing /opt/airflow/dags/config.py took 0.045 seconds
[2026-07-09T00:22:26.340-0500] {processor.py:161} INFO - Started process (PID=6079) to work on /opt/airflow/dags/config.py
[2026-07-09T00:22:26.341-0500] {processor.py:830} INFO - Processing file /opt/airflow/dags/config.py for tasks to queue
[2026-07-09T00:22:26.343-0500] {logging_mixin.py:188} INFO - [2026-07-09T00:22:26.343-0500] {dagbag.py:545} INFO - Filling up the DagBag from /opt/airflow/dags/config.py
[2026-07-09T00:22:26.363-0500] {processor.py:842} WARNING - No viable dags retrieved from /opt/airflow/dags/config.py
[2026-07-09T00:22:26.375-0500] {processor.py:183} INFO - Processing /opt/airflow/dags/config.py took 0.040 seconds
[2026-07-09T00:22:56.759-0500] {processor.py:161} INFO - Started process (PID=6106) to work on /opt/airflow/dags/config.py
[2026-07-09T00:22:56.760-0500] {processor.py:830} INFO - Processing file /opt/airflow/dags/config.py for tasks to queue
[2026-07-09T00:22:56.762-0500] {logging_mixin.py:188} INFO - [2026-07-09T00:22:56.762-0500] {dagbag.py:545} INFO - Filling up the DagBag from /opt/airflow/dags/config.py
[2026-07-09T00:22:56.774-0500] {processor.py:842} WARNING - No viable dags retrieved from /opt/airflow/dags/config.py
[2026-07-09T00:22:56.786-0500] {processor.py:183} INFO - Processing /opt/airflow/dags/config.py took 0.032 seconds
[2026-07-09T00:23:27.724-0500] {processor.py:161} INFO - Started process (PID=6133) to work on /opt/airflow/dags/config.py
[2026-07-09T00:23:27.725-0500] {processor.py:830} INFO - Processing file /opt/airflow/dags/config.py for tasks to queue
[2026-07-09T00:23:27.727-0500] {logging_mixin.py:188} INFO - [2026-07-09T00:23:27.726-0500] {dagbag.py:545} INFO - Filling up the DagBag from /opt/airflow/dags/config.py
[2026-07-09T00:23:27.744-0500] {processor.py:842} WARNING - No viable dags retrieved from /opt/airflow/dags/config.py
[2026-07-09T00:23:27.757-0500] {processor.py:183} INFO - Processing /opt/airflow/dags/config.py took 0.038 seconds
[2026-07-09T00:23:58.716-0500] {processor.py:161} INFO - Started process (PID=6160) to work on /opt/airflow/dags/config.py
[2026-07-09T00:23:58.717-0500] {processor.py:830} INFO - Processing file /opt/airflow/dags/config.py for tasks to queue
[2026-07-09T00:23:58.719-0500] {logging_mixin.py:188} INFO - [2026-07-09T00:23:58.718-0500] {dagbag.py:545} INFO - Filling up the DagBag from /opt/airflow/dags/config.py
[2026-07-09T00:23:58.738-0500] {processor.py:842} WARNING - No viable dags retrieved from /opt/airflow/dags/config.py
[2026-07-09T00:23:58.751-0500] {processor.py:183} INFO - Processing /opt/airflow/dags/config.py took 0.040 seconds
[2026-07-09T00:24:29.681-0500] {processor.py:161} INFO - Started process (PID=6187) to work on /opt/airflow/dags/config.py
[2026-07-09T00:24:29.683-0500] {processor.py:830} INFO - Processing file /opt/airflow/dags/config.py for tasks to queue
[2026-07-09T00:24:29.685-0500] {logging_mixin.py:188} INFO - [2026-07-09T00:24:29.684-0500] {dagbag.py:545} INFO - Filling up the DagBag from /opt/airflow/dags/config.py
[2026-07-09T00:24:29.704-0500] {processor.py:842} WARNING - No viable dags retrieved from /opt/airflow/dags/config.py
[2026-07-09T00:24:29.718-0500] {processor.py:183} INFO - Processing /opt/airflow/dags/config.py took 0.044 seconds
[2026-07-09T00:25:01.207-0500] {processor.py:161} INFO - Started process (PID=6214) to work on /opt/airflow/dags/config.py
[2026-07-09T00:25:01.212-0500] {processor.py:830} INFO - Processing file /opt/airflow/dags/config.py for tasks to queue
[2026-07-09T00:25:01.214-0500] {logging_mixin.py:188} INFO - [2026-07-09T00:25:01.214-0500] {dagbag.py:545} INFO - Filling up the DagBag from /opt/airflow/dags/config.py
[2026-07-09T00:25:01.249-0500] {processor.py:842} WARNING - No viable dags retrieved from /opt/airflow/dags/config.py
[2026-07-09T00:25:01.276-0500] {processor.py:183} INFO - Processing /opt/airflow/dags/config.py took 0.078 seconds
[2026-07-09T00:25:32.313-0500] {processor.py:161} INFO - Started process (PID=6244) to work on /opt/airflow/dags/config.py
[2026-07-09T00:25:32.314-0500] {processor.py:830} INFO - Processing file /opt/airflow/dags/config.py for tasks to queue
[2026-07-09T00:25:32.316-0500] {logging_mixin.py:188} INFO - [2026-07-09T00:25:32.316-0500] {dagbag.py:545} INFO - Filling up the DagBag from /opt/airflow/dags/config.py
[2026-07-09T00:25:32.337-0500] {processor.py:842} WARNING - No viable dags retrieved from /opt/airflow/dags/config.py
[2026-07-09T00:25:32.353-0500] {processor.py:183} INFO - Processing /opt/airflow/dags/config.py took 0.046 seconds
[2026-07-09T00:26:03.454-0500] {processor.py:161} INFO - Started process (PID=6271) to work on /opt/airflow/dags/config.py
[2026-07-09T00:26:03.456-0500] {processor.py:830} INFO - Processing file /opt/airflow/dags/config.py for tasks to queue
[2026-07-09T00:26:03.458-0500] {logging_mixin.py:188} INFO - [2026-07-09T00:26:03.457-0500] {dagbag.py:545} INFO - Filling up the DagBag from /opt/airflow/dags/config.py
[2026-07-09T00:26:03.478-0500] {processor.py:842} WARNING - No viable dags retrieved from /opt/airflow/dags/config.py
[2026-07-09T00:26:03.492-0500] {processor.py:183} INFO - Processing /opt/airflow/dags/config.py took 0.043 seconds
[2026-07-09T00:26:34.822-0500] {processor.py:161} INFO - Started process (PID=6300) to work on /opt/airflow/dags/config.py
[2026-07-09T00:26:34.823-0500] {processor.py:830} INFO - Processing file /opt/airflow/dags/config.py for tasks to queue
[2026-07-09T00:26:34.825-0500] {logging_mixin.py:188} INFO - [2026-07-09T00:26:34.825-0500] {dagbag.py:545} INFO - Filling up the DagBag from /opt/airflow/dags/config.py
[2026-07-09T00:26:34.845-0500] {processor.py:842} WARNING - No viable dags retrieved from /opt/airflow/dags/config.py
[2026-07-09T00:26:34.864-0500] {processor.py:183} INFO - Processing /opt/airflow/dags/config.py took 0.047 seconds
[2026-07-09T00:27:05.823-0500] {processor.py:161} INFO - Started process (PID=6327) to work on /opt/airflow/dags/config.py
[2026-07-09T00:27:05.824-0500] {processor.py:830} INFO - Processing file /opt/airflow/dags/config.py for tasks to queue
[2026-07-09T00:27:05.826-0500] {logging_mixin.py:188} INFO - [2026-07-09T00:27:05.825-0500] {dagbag.py:545} INFO - Filling up the DagBag from /opt/airflow/dags/config.py
[2026-07-09T00:27:05.842-0500] {processor.py:842} WARNING - No viable dags retrieved from /opt/airflow/dags/config.py
[2026-07-09T00:27:05.857-0500] {processor.py:183} INFO - Processing /opt/airflow/dags/config.py took 0.039 seconds
[2026-07-09T00:27:36.890-0500] {processor.py:161} INFO - Started process (PID=6354) to work on /opt/airflow/dags/config.py
[2026-07-09T00:27:36.891-0500] {processor.py:830} INFO - Processing file /opt/airflow/dags/config.py for tasks to queue
[2026-07-09T00:27:36.893-0500] {logging_mixin.py:188} INFO - [2026-07-09T00:27:36.893-0500] {dagbag.py:545} INFO - Filling up the DagBag from /opt/airflow/dags/config.py
[2026-07-09T00:27:36.916-0500] {processor.py:842} WARNING - No viable dags retrieved from /opt/airflow/dags/config.py
[2026-07-09T00:27:36.928-0500] {processor.py:183} INFO - Processing /opt/airflow/dags/config.py took 0.043 seconds
[2026-07-09T00:28:07.897-0500] {processor.py:161} INFO - Started process (PID=6381) to work on /opt/airflow/dags/config.py
[2026-07-09T00:28:07.899-0500] {processor.py:830} INFO - Processing file /opt/airflow/dags/config.py for tasks to queue
[2026-07-09T00:28:07.900-0500] {logging_mixin.py:188} INFO - [2026-07-09T00:28:07.900-0500] {dagbag.py:545} INFO - Filling up the DagBag from /opt/airflow/dags/config.py
[2026-07-09T00:28:07.922-0500] {processor.py:842} WARNING - No viable dags retrieved from /opt/airflow/dags/config.py
[2026-07-09T00:28:07.936-0500] {processor.py:183} INFO - Processing /opt/airflow/dags/config.py took 0.043 seconds
[2026-07-09T00:28:38.990-0500] {processor.py:161} INFO - Started process (PID=6408) to work on /opt/airflow/dags/config.py
[2026-07-09T00:28:38.991-0500] {processor.py:830} INFO - Processing file /opt/airflow/dags/config.py for tasks to queue
[2026-07-09T00:28:38.993-0500] {logging_mixin.py:188} INFO - [2026-07-09T00:28:38.993-0500] {dagbag.py:545} INFO - Filling up the DagBag from /opt/airflow/dags/config.py
[2026-07-09T00:28:39.007-0500] {processor.py:842} WARNING - No viable dags retrieved from /opt/airflow/dags/config.py
[2026-07-09T00:28:39.019-0500] {processor.py:183} INFO - Processing /opt/airflow/dags/config.py took 0.034 seconds
[2026-07-09T00:29:09.978-0500] {processor.py:161} INFO - Started process (PID=6435) to work on /opt/airflow/dags/config.py
[2026-07-09T00:29:09.979-0500] {processor.py:830} INFO - Processing file /opt/airflow/dags/config.py for tasks to queue
[2026-07-09T00:29:09.981-0500] {logging_mixin.py:188} INFO - [2026-07-09T00:29:09.980-0500] {dagbag.py:545} INFO - Filling up the DagBag from /opt/airflow/dags/config.py
[2026-07-09T00:29:09.992-0500] {processor.py:842} WARNING - No viable dags retrieved from /opt/airflow/dags/config.py
[2026-07-09T00:29:10.004-0500] {processor.py:183} INFO - Processing /opt/airflow/dags/config.py took 0.030 seconds
[2026-07-09T00:29:40.909-0500] {processor.py:161} INFO - Started process (PID=6462) to work on /opt/airflow/dags/config.py
[2026-07-09T00:29:40.910-0500] {processor.py:830} INFO - Processing file /opt/airflow/dags/config.py for tasks to queue
[2026-07-09T00:29:40.912-0500] {logging_mixin.py:188} INFO - [2026-07-09T00:29:40.911-0500] {dagbag.py:545} INFO - Filling up the DagBag from /opt/airflow/dags/config.py
[2026-07-09T00:29:40.931-0500] {processor.py:842} WARNING - No viable dags retrieved from /opt/airflow/dags/config.py
[2026-07-09T00:29:40.946-0500] {processor.py:183} INFO - Processing /opt/airflow/dags/config.py took 0.042 seconds
[2026-07-09T00:30:11.918-0500] {processor.py:161} INFO - Started process (PID=6489) to work on /opt/airflow/dags/config.py
[2026-07-09T00:30:11.919-0500] {processor.py:830} INFO - Processing file /opt/airflow/dags/config.py for tasks to queue
[2026-07-09T00:30:11.921-0500] {logging_mixin.py:188} INFO - [2026-07-09T00:30:11.920-0500] {dagbag.py:545} INFO - Filling up the DagBag from /opt/airflow/dags/config.py
[2026-07-09T00:30:11.935-0500] {processor.py:842} WARNING - No viable dags retrieved from /opt/airflow/dags/config.py
[2026-07-09T00:30:11.947-0500] {processor.py:183} INFO - Processing /opt/airflow/dags/config.py took 0.034 seconds
[2026-07-09T00:30:42.934-0500] {processor.py:161} INFO - Started process (PID=6516) to work on /opt/airflow/dags/config.py
[2026-07-09T00:30:42.935-0500] {processor.py:830} INFO - Processing file /opt/airflow/dags/config.py for tasks to queue
[2026-07-09T00:30:42.936-0500] {logging_mixin.py:188} INFO - [2026-07-09T00:30:42.936-0500] {dagbag.py:545} INFO - Filling up the DagBag from /opt/airflow/dags/config.py
[2026-07-09T00:30:42.954-0500] {processor.py:842} WARNING - No viable dags retrieved from /opt/airflow/dags/config.py
[2026-07-09T00:30:42.966-0500] {processor.py:183} INFO - Processing /opt/airflow/dags/config.py took 0.038 seconds
[2026-07-09T00:31:14.024-0500] {processor.py:161} INFO - Started process (PID=6543) to work on /opt/airflow/dags/config.py
[2026-07-09T00:31:14.025-0500] {processor.py:830} INFO - Processing file /opt/airflow/dags/config.py for tasks to queue
[2026-07-09T00:31:14.026-0500] {logging_mixin.py:188} INFO - [2026-07-09T00:31:14.026-0500] {dagbag.py:545} INFO - Filling up the DagBag from /opt/airflow/dags/config.py
[2026-07-09T00:31:14.040-0500] {processor.py:842} WARNING - No viable dags retrieved from /opt/airflow/dags/config.py
[2026-07-09T00:31:14.052-0500] {processor.py:183} INFO - Processing /opt/airflow/dags/config.py took 0.033 seconds
[2026-07-09T00:31:45.062-0500] {processor.py:161} INFO - Started process (PID=6570) to work on /opt/airflow/dags/config.py
[2026-07-09T00:31:45.063-0500] {processor.py:830} INFO - Processing file /opt/airflow/dags/config.py for tasks to queue
[2026-07-09T00:31:45.065-0500] {logging_mixin.py:188} INFO - [2026-07-09T00:31:45.065-0500] {dagbag.py:545} INFO - Filling up the DagBag from /opt/airflow/dags/config.py
[2026-07-09T00:31:45.082-0500] {processor.py:842} WARNING - No viable dags retrieved from /opt/airflow/dags/config.py
[2026-07-09T00:31:45.095-0500] {processor.py:183} INFO - Processing /opt/airflow/dags/config.py took 0.038 seconds
[2026-07-09T00:32:16.099-0500] {processor.py:161} INFO - Started process (PID=6597) to work on /opt/airflow/dags/config.py
[2026-07-09T00:32:16.100-0500] {processor.py:830} INFO - Processing file /opt/airflow/dags/config.py for tasks to queue
[2026-07-09T00:32:16.102-0500] {logging_mixin.py:188} INFO - [2026-07-09T00:32:16.102-0500] {dagbag.py:545} INFO - Filling up the DagBag from /opt/airflow/dags/config.py
[2026-07-09T00:32:16.124-0500] {processor.py:842} WARNING - No viable dags retrieved from /opt/airflow/dags/config.py
[2026-07-09T00:32:16.136-0500] {processor.py:183} INFO - Processing /opt/airflow/dags/config.py took 0.042 seconds
[2026-07-09T00:32:47.379-0500] {processor.py:161} INFO - Started process (PID=6624) to work on /opt/airflow/dags/config.py
[2026-07-09T00:32:47.380-0500] {processor.py:830} INFO - Processing file /opt/airflow/dags/config.py for tasks to queue
[2026-07-09T00:32:47.382-0500] {logging_mixin.py:188} INFO - [2026-07-09T00:32:47.382-0500] {dagbag.py:545} INFO - Filling up the DagBag from /opt/airflow/dags/config.py
[2026-07-09T00:32:47.397-0500] {processor.py:842} WARNING - No viable dags retrieved from /opt/airflow/dags/config.py
[2026-07-09T00:32:47.412-0500] {processor.py:183} INFO - Processing /opt/airflow/dags/config.py took 0.039 seconds
[2026-07-09T00:33:18.521-0500] {processor.py:161} INFO - Started process (PID=6654) to work on /opt/airflow/dags/config.py
[2026-07-09T00:33:18.523-0500] {processor.py:830} INFO - Processing file /opt/airflow/dags/config.py for tasks to queue
[2026-07-09T00:33:18.525-0500] {logging_mixin.py:188} INFO - [2026-07-09T00:33:18.525-0500] {dagbag.py:545} INFO - Filling up the DagBag from /opt/airflow/dags/config.py
[2026-07-09T00:33:18.553-0500] {processor.py:842} WARNING - No viable dags retrieved from /opt/airflow/dags/config.py
[2026-07-09T00:33:18.570-0500] {processor.py:183} INFO - Processing /opt/airflow/dags/config.py took 0.054 seconds
[2026-07-09T00:33:49.667-0500] {processor.py:161} INFO - Started process (PID=6683) to work on /opt/airflow/dags/config.py
[2026-07-09T00:33:49.668-0500] {processor.py:830} INFO - Processing file /opt/airflow/dags/config.py for tasks to queue
[2026-07-09T00:33:49.669-0500] {logging_mixin.py:188} INFO - [2026-07-09T00:33:49.669-0500] {dagbag.py:545} INFO - Filling up the DagBag from /opt/airflow/dags/config.py
[2026-07-09T00:33:49.688-0500] {processor.py:842} WARNING - No viable dags retrieved from /opt/airflow/dags/config.py
[2026-07-09T00:33:49.701-0500] {processor.py:183} INFO - Processing /opt/airflow/dags/config.py took 0.040 seconds
[2026-07-09T00:34:20.601-0500] {processor.py:161} INFO - Started process (PID=6710) to work on /opt/airflow/dags/config.py
[2026-07-09T00:34:20.602-0500] {processor.py:830} INFO - Processing file /opt/airflow/dags/config.py for tasks to queue
[2026-07-09T00:34:20.604-0500] {logging_mixin.py:188} INFO - [2026-07-09T00:34:20.603-0500] {dagbag.py:545} INFO - Filling up the DagBag from /opt/airflow/dags/config.py
[2026-07-09T00:34:20.624-0500] {processor.py:842} WARNING - No viable dags retrieved from /opt/airflow/dags/config.py
[2026-07-09T00:34:20.638-0500] {processor.py:183} INFO - Processing /opt/airflow/dags/config.py took 0.044 seconds
[2026-07-09T00:34:51.451-0500] {processor.py:161} INFO - Started process (PID=6737) to work on /opt/airflow/dags/config.py
[2026-07-09T00:34:51.452-0500] {processor.py:830} INFO - Processing file /opt/airflow/dags/config.py for tasks to queue
[2026-07-09T00:34:51.453-0500] {logging_mixin.py:188} INFO - [2026-07-09T00:34:51.453-0500] {dagbag.py:545} INFO - Filling up the DagBag from /opt/airflow/dags/config.py
[2026-07-09T00:34:51.465-0500] {processor.py:842} WARNING - No viable dags retrieved from /opt/airflow/dags/config.py
[2026-07-09T00:34:51.476-0500] {processor.py:183} INFO - Processing /opt/airflow/dags/config.py took 0.030 seconds
[2026-07-09T00:35:22.342-0500] {processor.py:161} INFO - Started process (PID=6764) to work on /opt/airflow/dags/config.py
[2026-07-09T00:35:22.343-0500] {processor.py:830} INFO - Processing file /opt/airflow/dags/config.py for tasks to queue
[2026-07-09T00:35:22.345-0500] {logging_mixin.py:188} INFO - [2026-07-09T00:35:22.344-0500] {dagbag.py:545} INFO - Filling up the DagBag from /opt/airflow/dags/config.py
[2026-07-09T00:35:22.356-0500] {processor.py:842} WARNING - No viable dags retrieved from /opt/airflow/dags/config.py
[2026-07-09T00:35:22.368-0500] {processor.py:183} INFO - Processing /opt/airflow/dags/config.py took 0.030 seconds
[2026-07-09T00:35:53.377-0500] {processor.py:161} INFO - Started process (PID=6791) to work on /opt/airflow/dags/config.py
[2026-07-09T00:35:53.378-0500] {processor.py:830} INFO - Processing file /opt/airflow/dags/config.py for tasks to queue
[2026-07-09T00:35:53.379-0500] {logging_mixin.py:188} INFO - [2026-07-09T00:35:53.379-0500] {dagbag.py:545} INFO - Filling up the DagBag from /opt/airflow/dags/config.py
[2026-07-09T00:35:53.394-0500] {processor.py:842} WARNING - No viable dags retrieved from /opt/airflow/dags/config.py
[2026-07-09T00:35:53.405-0500] {processor.py:183} INFO - Processing /opt/airflow/dags/config.py took 0.034 seconds
[2026-07-09T00:36:24.573-0500] {processor.py:161} INFO - Started process (PID=6818) to work on /opt/airflow/dags/config.py
[2026-07-09T00:36:24.574-0500] {processor.py:830} INFO - Processing file /opt/airflow/dags/config.py for tasks to queue
[2026-07-09T00:36:24.576-0500] {logging_mixin.py:188} INFO - [2026-07-09T00:36:24.576-0500] {dagbag.py:545} INFO - Filling up the DagBag from /opt/airflow/dags/config.py
[2026-07-09T00:36:24.593-0500] {processor.py:842} WARNING - No viable dags retrieved from /opt/airflow/dags/config.py
[2026-07-09T00:36:24.605-0500] {processor.py:183} INFO - Processing /opt/airflow/dags/config.py took 0.037 seconds
[2026-07-09T00:36:55.600-0500] {processor.py:161} INFO - Started process (PID=6845) to work on /opt/airflow/dags/config.py
[2026-07-09T00:36:55.601-0500] {processor.py:830} INFO - Processing file /opt/airflow/dags/config.py for tasks to queue
[2026-07-09T00:36:55.603-0500] {logging_mixin.py:188} INFO - [2026-07-09T00:36:55.603-0500] {dagbag.py:545} INFO - Filling up the DagBag from /opt/airflow/dags/config.py
[2026-07-09T00:36:55.621-0500] {processor.py:842} WARNING - No viable dags retrieved from /opt/airflow/dags/config.py
[2026-07-09T00:36:55.633-0500] {processor.py:183} INFO - Processing /opt/airflow/dags/config.py took 0.037 seconds
[2026-07-09T00:37:26.665-0500] {processor.py:161} INFO - Started process (PID=6872) to work on /opt/airflow/dags/config.py
[2026-07-09T00:37:26.666-0500] {processor.py:830} INFO - Processing file /opt/airflow/dags/config.py for tasks to queue
[2026-07-09T00:37:26.667-0500] {logging_mixin.py:188} INFO - [2026-07-09T00:37:26.667-0500] {dagbag.py:545} INFO - Filling up the DagBag from /opt/airflow/dags/config.py
[2026-07-09T00:37:26.683-0500] {processor.py:842} WARNING - No viable dags retrieved from /opt/airflow/dags/config.py
[2026-07-09T00:37:26.694-0500] {processor.py:183} INFO - Processing /opt/airflow/dags/config.py took 0.034 seconds
[2026-07-09T00:37:57.640-0500] {processor.py:161} INFO - Started process (PID=6899) to work on /opt/airflow/dags/config.py
[2026-07-09T00:37:57.640-0500] {processor.py:830} INFO - Processing file /opt/airflow/dags/config.py for tasks to queue
[2026-07-09T00:37:57.642-0500] {logging_mixin.py:188} INFO - [2026-07-09T00:37:57.642-0500] {dagbag.py:545} INFO - Filling up the DagBag from /opt/airflow/dags/config.py
[2026-07-09T00:37:57.654-0500] {processor.py:842} WARNING - No viable dags retrieved from /opt/airflow/dags/config.py
[2026-07-09T00:37:57.665-0500] {processor.py:183} INFO - Processing /opt/airflow/dags/config.py took 0.030 seconds
[2026-07-09T00:38:28.523-0500] {processor.py:161} INFO - Started process (PID=6926) to work on /opt/airflow/dags/config.py
[2026-07-09T00:38:28.524-0500] {processor.py:830} INFO - Processing file /opt/airflow/dags/config.py for tasks to queue
[2026-07-09T00:38:28.526-0500] {logging_mixin.py:188} INFO - [2026-07-09T00:38:28.525-0500] {dagbag.py:545} INFO - Filling up the DagBag from /opt/airflow/dags/config.py
[2026-07-09T00:38:28.545-0500] {processor.py:842} WARNING - No viable dags retrieved from /opt/airflow/dags/config.py
[2026-07-09T00:38:28.556-0500] {processor.py:183} INFO - Processing /opt/airflow/dags/config.py took 0.040 seconds
[2026-07-09T00:38:59.412-0500] {processor.py:161} INFO - Started process (PID=6953) to work on /opt/airflow/dags/config.py
[2026-07-09T00:38:59.412-0500] {processor.py:830} INFO - Processing file /opt/airflow/dags/config.py for tasks to queue
[2026-07-09T00:38:59.414-0500] {logging_mixin.py:188} INFO - [2026-07-09T00:38:59.414-0500] {dagbag.py:545} INFO - Filling up the DagBag from /opt/airflow/dags/config.py
[2026-07-09T00:38:59.433-0500] {processor.py:842} WARNING - No viable dags retrieved from /opt/airflow/dags/config.py
[2026-07-09T00:38:59.443-0500] {processor.py:183} INFO - Processing /opt/airflow/dags/config.py took 0.036 seconds
[2026-07-09T00:39:30.283-0500] {processor.py:161} INFO - Started process (PID=6980) to work on /opt/airflow/dags/config.py
[2026-07-09T00:39:30.284-0500] {processor.py:830} INFO - Processing file /opt/airflow/dags/config.py for tasks to queue
[2026-07-09T00:39:30.285-0500] {logging_mixin.py:188} INFO - [2026-07-09T00:39:30.285-0500] {dagbag.py:545} INFO - Filling up the DagBag from /opt/airflow/dags/config.py
[2026-07-09T00:39:30.304-0500] {processor.py:842} WARNING - No viable dags retrieved from /opt/airflow/dags/config.py
[2026-07-09T00:39:30.315-0500] {processor.py:183} INFO - Processing /opt/airflow/dags/config.py took 0.037 seconds
[2026-07-09T00:40:01.148-0500] {processor.py:161} INFO - Started process (PID=7007) to work on /opt/airflow/dags/config.py
[2026-07-09T00:40:01.149-0500] {processor.py:830} INFO - Processing file /opt/airflow/dags/config.py for tasks to queue
[2026-07-09T00:40:01.150-0500] {logging_mixin.py:188} INFO - [2026-07-09T00:40:01.150-0500] {dagbag.py:545} INFO - Filling up the DagBag from /opt/airflow/dags/config.py
[2026-07-09T00:40:01.266-0500] {processor.py:842} WARNING - No viable dags retrieved from /opt/airflow/dags/config.py
[2026-07-09T00:40:01.275-0500] {processor.py:183} INFO - Processing /opt/airflow/dags/config.py took 0.132 seconds
[2026-07-09T00:40:31.978-0500] {processor.py:161} INFO - Started process (PID=7034) to work on /opt/airflow/dags/config.py
[2026-07-09T00:40:31.979-0500] {processor.py:830} INFO - Processing file /opt/airflow/dags/config.py for tasks to queue
[2026-07-09T00:40:31.981-0500] {logging_mixin.py:188} INFO - [2026-07-09T00:40:31.981-0500] {dagbag.py:545} INFO - Filling up the DagBag from /opt/airflow/dags/config.py
[2026-07-09T00:40:31.998-0500] {processor.py:842} WARNING - No viable dags retrieved from /opt/airflow/dags/config.py
[2026-07-09T00:40:32.009-0500] {processor.py:183} INFO - Processing /opt/airflow/dags/config.py took 0.036 seconds
[2026-07-09T00:41:02.754-0500] {processor.py:161} INFO - Started process (PID=7061) to work on /opt/airflow/dags/config.py
[2026-07-09T00:41:02.756-0500] {processor.py:830} INFO - Processing file /opt/airflow/dags/config.py for tasks to queue
[2026-07-09T00:41:02.758-0500] {logging_mixin.py:188} INFO - [2026-07-09T00:41:02.757-0500] {dagbag.py:545} INFO - Filling up the DagBag from /opt/airflow/dags/config.py
[2026-07-09T00:41:02.771-0500] {processor.py:842} WARNING - No viable dags retrieved from /opt/airflow/dags/config.py
[2026-07-09T00:41:02.783-0500] {processor.py:183} INFO - Processing /opt/airflow/dags/config.py took 0.035 seconds
[2026-07-09T00:41:33.646-0500] {processor.py:161} INFO - Started process (PID=7088) to work on /opt/airflow/dags/config.py
[2026-07-09T00:41:33.647-0500] {processor.py:830} INFO - Processing file /opt/airflow/dags/config.py for tasks to queue
[2026-07-09T00:41:33.648-0500] {logging_mixin.py:188} INFO - [2026-07-09T00:41:33.648-0500] {dagbag.py:545} INFO - Filling up the DagBag from /opt/airflow/dags/config.py
[2026-07-09T00:41:33.667-0500] {processor.py:842} WARNING - No viable dags retrieved from /opt/airflow/dags/config.py
[2026-07-09T00:41:33.678-0500] {processor.py:183} INFO - Processing /opt/airflow/dags/config.py took 0.037 seconds
[2026-07-09T00:42:04.409-0500] {processor.py:161} INFO - Started process (PID=7115) to work on /opt/airflow/dags/config.py
[2026-07-09T00:42:04.409-0500] {processor.py:830} INFO - Processing file /opt/airflow/dags/config.py for tasks to queue
[2026-07-09T00:42:04.411-0500] {logging_mixin.py:188} INFO - [2026-07-09T00:42:04.411-0500] {dagbag.py:545} INFO - Filling up the DagBag from /opt/airflow/dags/config.py
[2026-07-09T00:42:04.426-0500] {processor.py:842} WARNING - No viable dags retrieved from /opt/airflow/dags/config.py
[2026-07-09T00:42:04.438-0500] {processor.py:183} INFO - Processing /opt/airflow/dags/config.py took 0.034 seconds
[2026-07-09T00:42:35.279-0500] {processor.py:161} INFO - Started process (PID=7142) to work on /opt/airflow/dags/config.py
[2026-07-09T00:42:35.279-0500] {processor.py:830} INFO - Processing file /opt/airflow/dags/config.py for tasks to queue
[2026-07-09T00:42:35.281-0500] {logging_mixin.py:188} INFO - [2026-07-09T00:42:35.281-0500] {dagbag.py:545} INFO - Filling up the DagBag from /opt/airflow/dags/config.py
[2026-07-09T00:42:35.297-0500] {processor.py:842} WARNING - No viable dags retrieved from /opt/airflow/dags/config.py
[2026-07-09T00:42:35.308-0500] {processor.py:183} INFO - Processing /opt/airflow/dags/config.py took 0.035 seconds
[2026-07-09T00:43:06.055-0500] {processor.py:161} INFO - Started process (PID=7169) to work on /opt/airflow/dags/config.py
[2026-07-09T00:43:06.056-0500] {processor.py:830} INFO - Processing file /opt/airflow/dags/config.py for tasks to queue
[2026-07-09T00:43:06.057-0500] {logging_mixin.py:188} INFO - [2026-07-09T00:43:06.057-0500] {dagbag.py:545} INFO - Filling up the DagBag from /opt/airflow/dags/config.py
[2026-07-09T00:43:06.073-0500] {processor.py:842} WARNING - No viable dags retrieved from /opt/airflow/dags/config.py
[2026-07-09T00:43:06.085-0500] {processor.py:183} INFO - Processing /opt/airflow/dags/config.py took 0.035 seconds
[2026-07-09T00:43:36.835-0500] {processor.py:161} INFO - Started process (PID=7196) to work on /opt/airflow/dags/config.py
[2026-07-09T00:43:36.837-0500] {processor.py:830} INFO - Processing file /opt/airflow/dags/config.py for tasks to queue
[2026-07-09T00:43:36.839-0500] {logging_mixin.py:188} INFO - [2026-07-09T00:43:36.839-0500] {dagbag.py:545} INFO - Filling up the DagBag from /opt/airflow/dags/config.py
[2026-07-09T00:43:36.860-0500] {processor.py:842} WARNING - No viable dags retrieved from /opt/airflow/dags/config.py
[2026-07-09T00:43:36.873-0500] {processor.py:183} INFO - Processing /opt/airflow/dags/config.py took 0.043 seconds
[2026-07-09T00:44:07.688-0500] {processor.py:161} INFO - Started process (PID=7221) to work on /opt/airflow/dags/config.py
[2026-07-09T00:44:07.689-0500] {processor.py:830} INFO - Processing file /opt/airflow/dags/config.py for tasks to queue
[2026-07-09T00:44:07.691-0500] {logging_mixin.py:188} INFO - [2026-07-09T00:44:07.690-0500] {dagbag.py:545} INFO - Filling up the DagBag from /opt/airflow/dags/config.py
[2026-07-09T00:44:07.712-0500] {processor.py:842} WARNING - No viable dags retrieved from /opt/airflow/dags/config.py
[2026-07-09T00:44:07.724-0500] {processor.py:183} INFO - Processing /opt/airflow/dags/config.py took 0.043 seconds
[2026-07-09T00:44:38.537-0500] {processor.py:161} INFO - Started process (PID=7248) to work on /opt/airflow/dags/config.py
[2026-07-09T00:44:38.538-0500] {processor.py:830} INFO - Processing file /opt/airflow/dags/config.py for tasks to queue
[2026-07-09T00:44:38.540-0500] {logging_mixin.py:188} INFO - [2026-07-09T00:44:38.540-0500] {dagbag.py:545} INFO - Filling up the DagBag from /opt/airflow/dags/config.py
[2026-07-09T00:44:38.557-0500] {processor.py:842} WARNING - No viable dags retrieved from /opt/airflow/dags/config.py
[2026-07-09T00:44:38.567-0500] {processor.py:183} INFO - Processing /opt/airflow/dags/config.py took 0.034 seconds
[2026-07-09T00:45:09.337-0500] {processor.py:161} INFO - Started process (PID=7277) to work on /opt/airflow/dags/config.py
[2026-07-09T00:45:09.338-0500] {processor.py:830} INFO - Processing file /opt/airflow/dags/config.py for tasks to queue
[2026-07-09T00:45:09.340-0500] {logging_mixin.py:188} INFO - [2026-07-09T00:45:09.340-0500] {dagbag.py:545} INFO - Filling up the DagBag from /opt/airflow/dags/config.py
[2026-07-09T00:45:09.360-0500] {processor.py:842} WARNING - No viable dags retrieved from /opt/airflow/dags/config.py
[2026-07-09T00:45:09.373-0500] {processor.py:183} INFO - Processing /opt/airflow/dags/config.py took 0.042 seconds
[2026-07-09T00:45:40.235-0500] {processor.py:161} INFO - Started process (PID=7302) to work on /opt/airflow/dags/config.py
[2026-07-09T00:45:40.236-0500] {processor.py:830} INFO - Processing file /opt/airflow/dags/config.py for tasks to queue
[2026-07-09T00:45:40.238-0500] {logging_mixin.py:188} INFO - [2026-07-09T00:45:40.237-0500] {dagbag.py:545} INFO - Filling up the DagBag from /opt/airflow/dags/config.py
[2026-07-09T00:45:40.254-0500] {processor.py:842} WARNING - No viable dags retrieved from /opt/airflow/dags/config.py
[2026-07-09T00:45:40.265-0500] {processor.py:183} INFO - Processing /opt/airflow/dags/config.py took 0.035 seconds
[2026-07-09T00:46:11.002-0500] {processor.py:161} INFO - Started process (PID=7331) to work on /opt/airflow/dags/config.py
[2026-07-09T00:46:11.003-0500] {processor.py:830} INFO - Processing file /opt/airflow/dags/config.py for tasks to queue
[2026-07-09T00:46:11.005-0500] {logging_mixin.py:188} INFO - [2026-07-09T00:46:11.004-0500] {dagbag.py:545} INFO - Filling up the DagBag from /opt/airflow/dags/config.py
[2026-07-09T00:46:11.024-0500] {processor.py:842} WARNING - No viable dags retrieved from /opt/airflow/dags/config.py
[2026-07-09T00:46:11.035-0500] {processor.py:183} INFO - Processing /opt/airflow/dags/config.py took 0.038 seconds
[2026-07-09T00:46:41.960-0500] {processor.py:161} INFO - Started process (PID=7356) to work on /opt/airflow/dags/config.py
[2026-07-09T00:46:41.961-0500] {processor.py:830} INFO - Processing file /opt/airflow/dags/config.py for tasks to queue
[2026-07-09T00:46:41.963-0500] {logging_mixin.py:188} INFO - [2026-07-09T00:46:41.963-0500] {dagbag.py:545} INFO - Filling up the DagBag from /opt/airflow/dags/config.py
[2026-07-09T00:46:41.982-0500] {processor.py:842} WARNING - No viable dags retrieved from /opt/airflow/dags/config.py
[2026-07-09T00:46:41.994-0500] {processor.py:183} INFO - Processing /opt/airflow/dags/config.py took 0.038 seconds
[2026-07-09T00:47:12.745-0500] {processor.py:161} INFO - Started process (PID=7383) to work on /opt/airflow/dags/config.py
[2026-07-09T00:47:12.746-0500] {processor.py:830} INFO - Processing file /opt/airflow/dags/config.py for tasks to queue
[2026-07-09T00:47:12.748-0500] {logging_mixin.py:188} INFO - [2026-07-09T00:47:12.747-0500] {dagbag.py:545} INFO - Filling up the DagBag from /opt/airflow/dags/config.py
[2026-07-09T00:47:12.768-0500] {processor.py:842} WARNING - No viable dags retrieved from /opt/airflow/dags/config.py
[2026-07-09T00:47:12.778-0500] {processor.py:183} INFO - Processing /opt/airflow/dags/config.py took 0.038 seconds
[2026-07-09T00:47:43.574-0500] {processor.py:161} INFO - Started process (PID=7410) to work on /opt/airflow/dags/config.py
[2026-07-09T00:47:43.575-0500] {processor.py:830} INFO - Processing file /opt/airflow/dags/config.py for tasks to queue
[2026-07-09T00:47:43.576-0500] {logging_mixin.py:188} INFO - [2026-07-09T00:47:43.576-0500] {dagbag.py:545} INFO - Filling up the DagBag from /opt/airflow/dags/config.py
[2026-07-09T00:47:43.593-0500] {processor.py:842} WARNING - No viable dags retrieved from /opt/airflow/dags/config.py
[2026-07-09T00:47:43.605-0500] {processor.py:183} INFO - Processing /opt/airflow/dags/config.py took 0.038 seconds
[2026-07-09T00:48:14.617-0500] {processor.py:161} INFO - Started process (PID=7437) to work on /opt/airflow/dags/config.py
[2026-07-09T00:48:14.618-0500] {processor.py:830} INFO - Processing file /opt/airflow/dags/config.py for tasks to queue
[2026-07-09T00:48:14.620-0500] {logging_mixin.py:188} INFO - [2026-07-09T00:48:14.619-0500] {dagbag.py:545} INFO - Filling up the DagBag from /opt/airflow/dags/config.py
[2026-07-09T00:48:14.634-0500] {processor.py:842} WARNING - No viable dags retrieved from /opt/airflow/dags/config.py
[2026-07-09T00:48:14.646-0500] {processor.py:183} INFO - Processing /opt/airflow/dags/config.py took 0.036 seconds
[2026-07-09T00:48:45.387-0500] {processor.py:161} INFO - Started process (PID=7466) to work on /opt/airflow/dags/config.py
[2026-07-09T00:48:45.388-0500] {processor.py:830} INFO - Processing file /opt/airflow/dags/config.py for tasks to queue
[2026-07-09T00:48:45.389-0500] {logging_mixin.py:188} INFO - [2026-07-09T00:48:45.389-0500] {dagbag.py:545} INFO - Filling up the DagBag from /opt/airflow/dags/config.py
[2026-07-09T00:48:45.402-0500] {processor.py:842} WARNING - No viable dags retrieved from /opt/airflow/dags/config.py
[2026-07-09T00:48:45.413-0500] {processor.py:183} INFO - Processing /opt/airflow/dags/config.py took 0.031 seconds
[2026-07-09T00:49:16.227-0500] {processor.py:161} INFO - Started process (PID=7493) to work on /opt/airflow/dags/config.py
[2026-07-09T00:49:16.229-0500] {processor.py:830} INFO - Processing file /opt/airflow/dags/config.py for tasks to queue
[2026-07-09T00:49:16.231-0500] {logging_mixin.py:188} INFO - [2026-07-09T00:49:16.230-0500] {dagbag.py:545} INFO - Filling up the DagBag from /opt/airflow/dags/config.py
[2026-07-09T00:49:16.251-0500] {processor.py:842} WARNING - No viable dags retrieved from /opt/airflow/dags/config.py
[2026-07-09T00:49:16.264-0500] {processor.py:183} INFO - Processing /opt/airflow/dags/config.py took 0.042 seconds
[2026-07-09T00:49:47.103-0500] {processor.py:161} INFO - Started process (PID=7520) to work on /opt/airflow/dags/config.py
[2026-07-09T00:49:47.104-0500] {processor.py:830} INFO - Processing file /opt/airflow/dags/config.py for tasks to queue
[2026-07-09T00:49:47.105-0500] {logging_mixin.py:188} INFO - [2026-07-09T00:49:47.105-0500] {dagbag.py:545} INFO - Filling up the DagBag from /opt/airflow/dags/config.py
[2026-07-09T00:49:47.126-0500] {processor.py:842} WARNING - No viable dags retrieved from /opt/airflow/dags/config.py
[2026-07-09T00:49:47.137-0500] {processor.py:183} INFO - Processing /opt/airflow/dags/config.py took 0.038 seconds
[2026-07-09T00:50:17.912-0500] {processor.py:161} INFO - Started process (PID=7547) to work on /opt/airflow/dags/config.py
[2026-07-09T00:50:17.913-0500] {processor.py:830} INFO - Processing file /opt/airflow/dags/config.py for tasks to queue
[2026-07-09T00:50:17.914-0500] {logging_mixin.py:188} INFO - [2026-07-09T00:50:17.914-0500] {dagbag.py:545} INFO - Filling up the DagBag from /opt/airflow/dags/config.py
[2026-07-09T00:50:17.931-0500] {processor.py:842} WARNING - No viable dags retrieved from /opt/airflow/dags/config.py
[2026-07-09T00:50:17.943-0500] {processor.py:183} INFO - Processing /opt/airflow/dags/config.py took 0.036 seconds
[2026-07-09T00:50:48.702-0500] {processor.py:161} INFO - Started process (PID=7574) to work on /opt/airflow/dags/config.py
[2026-07-09T00:50:48.703-0500] {processor.py:830} INFO - Processing file /opt/airflow/dags/config.py for tasks to queue
[2026-07-09T00:50:48.705-0500] {logging_mixin.py:188} INFO - [2026-07-09T00:50:48.704-0500] {dagbag.py:545} INFO - Filling up the DagBag from /opt/airflow/dags/config.py
[2026-07-09T00:50:48.722-0500] {processor.py:842} WARNING - No viable dags retrieved from /opt/airflow/dags/config.py
[2026-07-09T00:50:48.733-0500] {processor.py:183} INFO - Processing /opt/airflow/dags/config.py took 0.036 seconds
[2026-07-09T00:51:19.787-0500] {processor.py:161} INFO - Started process (PID=7599) to work on /opt/airflow/dags/config.py
[2026-07-09T00:51:19.788-0500] {processor.py:830} INFO - Processing file /opt/airflow/dags/config.py for tasks to queue
[2026-07-09T00:51:19.790-0500] {logging_mixin.py:188} INFO - [2026-07-09T00:51:19.789-0500] {dagbag.py:545} INFO - Filling up the DagBag from /opt/airflow/dags/config.py
[2026-07-09T00:51:19.807-0500] {processor.py:842} WARNING - No viable dags retrieved from /opt/airflow/dags/config.py
[2026-07-09T00:51:19.819-0500] {processor.py:183} INFO - Processing /opt/airflow/dags/config.py took 0.038 seconds
[2026-07-09T00:51:50.557-0500] {processor.py:161} INFO - Started process (PID=7626) to work on /opt/airflow/dags/config.py
[2026-07-09T00:51:50.558-0500] {processor.py:830} INFO - Processing file /opt/airflow/dags/config.py for tasks to queue
[2026-07-09T00:51:50.559-0500] {logging_mixin.py:188} INFO - [2026-07-09T00:51:50.559-0500] {dagbag.py:545} INFO - Filling up the DagBag from /opt/airflow/dags/config.py
[2026-07-09T00:51:50.574-0500] {processor.py:842} WARNING - No viable dags retrieved from /opt/airflow/dags/config.py
[2026-07-09T00:51:50.585-0500] {processor.py:183} INFO - Processing /opt/airflow/dags/config.py took 0.035 seconds
[2026-07-09T00:52:21.486-0500] {processor.py:161} INFO - Started process (PID=7655) to work on /opt/airflow/dags/config.py
[2026-07-09T00:52:21.487-0500] {processor.py:830} INFO - Processing file /opt/airflow/dags/config.py for tasks to queue
[2026-07-09T00:52:21.489-0500] {logging_mixin.py:188} INFO - [2026-07-09T00:52:21.489-0500] {dagbag.py:545} INFO - Filling up the DagBag from /opt/airflow/dags/config.py
[2026-07-09T00:52:21.509-0500] {processor.py:842} WARNING - No viable dags retrieved from /opt/airflow/dags/config.py
[2026-07-09T00:52:21.521-0500] {processor.py:183} INFO - Processing /opt/airflow/dags/config.py took 0.040 seconds
[2026-07-09T00:52:52.268-0500] {processor.py:161} INFO - Started process (PID=7682) to work on /opt/airflow/dags/config.py
[2026-07-09T00:52:52.269-0500] {processor.py:830} INFO - Processing file /opt/airflow/dags/config.py for tasks to queue
[2026-07-09T00:52:52.270-0500] {logging_mixin.py:188} INFO - [2026-07-09T00:52:52.270-0500] {dagbag.py:545} INFO - Filling up the DagBag from /opt/airflow/dags/config.py
[2026-07-09T00:52:52.291-0500] {processor.py:842} WARNING - No viable dags retrieved from /opt/airflow/dags/config.py
[2026-07-09T00:52:52.302-0500] {processor.py:183} INFO - Processing /opt/airflow/dags/config.py took 0.039 seconds
[2026-07-09T00:53:23.030-0500] {processor.py:161} INFO - Started process (PID=7709) to work on /opt/airflow/dags/config.py
[2026-07-09T00:53:23.031-0500] {processor.py:830} INFO - Processing file /opt/airflow/dags/config.py for tasks to queue
[2026-07-09T00:53:23.033-0500] {logging_mixin.py:188} INFO - [2026-07-09T00:53:23.032-0500] {dagbag.py:545} INFO - Filling up the DagBag from /opt/airflow/dags/config.py
[2026-07-09T00:53:23.049-0500] {processor.py:842} WARNING - No viable dags retrieved from /opt/airflow/dags/config.py
[2026-07-09T00:53:23.061-0500] {processor.py:183} INFO - Processing /opt/airflow/dags/config.py took 0.036 seconds
[2026-07-09T00:53:53.738-0500] {processor.py:161} INFO - Started process (PID=7736) to work on /opt/airflow/dags/config.py
[2026-07-09T00:53:53.739-0500] {processor.py:830} INFO - Processing file /opt/airflow/dags/config.py for tasks to queue
[2026-07-09T00:53:53.741-0500] {logging_mixin.py:188} INFO - [2026-07-09T00:53:53.741-0500] {dagbag.py:545} INFO - Filling up the DagBag from /opt/airflow/dags/config.py
[2026-07-09T00:53:53.761-0500] {processor.py:842} WARNING - No viable dags retrieved from /opt/airflow/dags/config.py
[2026-07-09T00:53:53.773-0500] {processor.py:183} INFO - Processing /opt/airflow/dags/config.py took 0.040 seconds
[2026-07-09T00:54:24.514-0500] {processor.py:161} INFO - Started process (PID=7763) to work on /opt/airflow/dags/config.py
[2026-07-09T00:54:24.515-0500] {processor.py:830} INFO - Processing file /opt/airflow/dags/config.py for tasks to queue
[2026-07-09T00:54:24.517-0500] {logging_mixin.py:188} INFO - [2026-07-09T00:54:24.517-0500] {dagbag.py:545} INFO - Filling up the DagBag from /opt/airflow/dags/config.py
[2026-07-09T00:54:24.536-0500] {processor.py:842} WARNING - No viable dags retrieved from /opt/airflow/dags/config.py
[2026-07-09T00:54:24.547-0500] {processor.py:183} INFO - Processing /opt/airflow/dags/config.py took 0.037 seconds
[2026-07-09T00:54:55.314-0500] {processor.py:161} INFO - Started process (PID=7790) to work on /opt/airflow/dags/config.py
[2026-07-09T00:54:55.315-0500] {processor.py:830} INFO - Processing file /opt/airflow/dags/config.py for tasks to queue
[2026-07-09T00:54:55.316-0500] {logging_mixin.py:188} INFO - [2026-07-09T00:54:55.316-0500] {dagbag.py:545} INFO - Filling up the DagBag from /opt/airflow/dags/config.py
[2026-07-09T00:54:55.332-0500] {processor.py:842} WARNING - No viable dags retrieved from /opt/airflow/dags/config.py
[2026-07-09T00:54:55.345-0500] {processor.py:183} INFO - Processing /opt/airflow/dags/config.py took 0.037 seconds
[2026-07-09T00:55:26.240-0500] {processor.py:161} INFO - Started process (PID=7817) to work on /opt/airflow/dags/config.py
[2026-07-09T00:55:26.242-0500] {processor.py:830} INFO - Processing file /opt/airflow/dags/config.py for tasks to queue
[2026-07-09T00:55:26.244-0500] {logging_mixin.py:188} INFO - [2026-07-09T00:55:26.243-0500] {dagbag.py:545} INFO - Filling up the DagBag from /opt/airflow/dags/config.py
[2026-07-09T00:55:26.266-0500] {processor.py:842} WARNING - No viable dags retrieved from /opt/airflow/dags/config.py
[2026-07-09T00:55:26.278-0500] {processor.py:183} INFO - Processing /opt/airflow/dags/config.py took 0.043 seconds
[2026-07-09T00:55:57.050-0500] {processor.py:161} INFO - Started process (PID=7844) to work on /opt/airflow/dags/config.py
[2026-07-09T00:55:57.051-0500] {processor.py:830} INFO - Processing file /opt/airflow/dags/config.py for tasks to queue
[2026-07-09T00:55:57.053-0500] {logging_mixin.py:188} INFO - [2026-07-09T00:55:57.053-0500] {dagbag.py:545} INFO - Filling up the DagBag from /opt/airflow/dags/config.py
[2026-07-09T00:55:57.072-0500] {processor.py:842} WARNING - No viable dags retrieved from /opt/airflow/dags/config.py
[2026-07-09T00:55:57.084-0500] {processor.py:183} INFO - Processing /opt/airflow/dags/config.py took 0.039 seconds
[2026-07-09T00:56:28.017-0500] {processor.py:161} INFO - Started process (PID=7871) to work on /opt/airflow/dags/config.py
[2026-07-09T00:56:28.018-0500] {processor.py:830} INFO - Processing file /opt/airflow/dags/config.py for tasks to queue
[2026-07-09T00:56:28.020-0500] {logging_mixin.py:188} INFO - [2026-07-09T00:56:28.020-0500] {dagbag.py:545} INFO - Filling up the DagBag from /opt/airflow/dags/config.py
[2026-07-09T00:56:28.052-0500] {processor.py:842} WARNING - No viable dags retrieved from /opt/airflow/dags/config.py
[2026-07-09T00:56:28.069-0500] {processor.py:183} INFO - Processing /opt/airflow/dags/config.py took 0.058 seconds
[2026-07-09T00:56:58.882-0500] {processor.py:161} INFO - Started process (PID=7896) to work on /opt/airflow/dags/config.py
[2026-07-09T00:56:58.883-0500] {processor.py:830} INFO - Processing file /opt/airflow/dags/config.py for tasks to queue
[2026-07-09T00:56:58.885-0500] {logging_mixin.py:188} INFO - [2026-07-09T00:56:58.884-0500] {dagbag.py:545} INFO - Filling up the DagBag from /opt/airflow/dags/config.py
[2026-07-09T00:56:58.901-0500] {processor.py:842} WARNING - No viable dags retrieved from /opt/airflow/dags/config.py
[2026-07-09T00:56:58.913-0500] {processor.py:183} INFO - Processing /opt/airflow/dags/config.py took 0.035 seconds
[2026-07-09T00:57:29.812-0500] {processor.py:161} INFO - Started process (PID=7925) to work on /opt/airflow/dags/config.py
[2026-07-09T00:57:29.813-0500] {processor.py:830} INFO - Processing file /opt/airflow/dags/config.py for tasks to queue
[2026-07-09T00:57:29.814-0500] {logging_mixin.py:188} INFO - [2026-07-09T00:57:29.814-0500] {dagbag.py:545} INFO - Filling up the DagBag from /opt/airflow/dags/config.py
[2026-07-09T00:57:29.835-0500] {processor.py:842} WARNING - No viable dags retrieved from /opt/airflow/dags/config.py
[2026-07-09T00:57:29.848-0500] {processor.py:183} INFO - Processing /opt/airflow/dags/config.py took 0.041 seconds
[2026-07-09T00:58:00.612-0500] {processor.py:161} INFO - Started process (PID=7950) to work on /opt/airflow/dags/config.py
[2026-07-09T00:58:00.612-0500] {processor.py:830} INFO - Processing file /opt/airflow/dags/config.py for tasks to queue
[2026-07-09T00:58:00.614-0500] {logging_mixin.py:188} INFO - [2026-07-09T00:58:00.614-0500] {dagbag.py:545} INFO - Filling up the DagBag from /opt/airflow/dags/config.py
[2026-07-09T00:58:00.632-0500] {processor.py:842} WARNING - No viable dags retrieved from /opt/airflow/dags/config.py
[2026-07-09T00:58:00.644-0500] {processor.py:183} INFO - Processing /opt/airflow/dags/config.py took 0.039 seconds
[2026-07-09T00:58:31.416-0500] {processor.py:161} INFO - Started process (PID=7977) to work on /opt/airflow/dags/config.py
[2026-07-09T00:58:31.417-0500] {processor.py:830} INFO - Processing file /opt/airflow/dags/config.py for tasks to queue
[2026-07-09T00:58:31.418-0500] {logging_mixin.py:188} INFO - [2026-07-09T00:58:31.418-0500] {dagbag.py:545} INFO - Filling up the DagBag from /opt/airflow/dags/config.py
[2026-07-09T00:58:31.438-0500] {processor.py:842} WARNING - No viable dags retrieved from /opt/airflow/dags/config.py
[2026-07-09T00:58:31.452-0500] {processor.py:183} INFO - Processing /opt/airflow/dags/config.py took 0.040 seconds
[2026-07-09T00:59:02.322-0500] {processor.py:161} INFO - Started process (PID=8006) to work on /opt/airflow/dags/config.py
[2026-07-09T00:59:02.323-0500] {processor.py:830} INFO - Processing file /opt/airflow/dags/config.py for tasks to queue
[2026-07-09T00:59:02.324-0500] {logging_mixin.py:188} INFO - [2026-07-09T00:59:02.324-0500] {dagbag.py:545} INFO - Filling up the DagBag from /opt/airflow/dags/config.py
[2026-07-09T00:59:02.343-0500] {processor.py:842} WARNING - No viable dags retrieved from /opt/airflow/dags/config.py
[2026-07-09T00:59:02.354-0500] {processor.py:183} INFO - Processing /opt/airflow/dags/config.py took 0.037 seconds
[2026-07-09T00:59:33.223-0500] {processor.py:161} INFO - Started process (PID=8033) to work on /opt/airflow/dags/config.py
[2026-07-09T00:59:33.224-0500] {processor.py:830} INFO - Processing file /opt/airflow/dags/config.py for tasks to queue
[2026-07-09T00:59:33.226-0500] {logging_mixin.py:188} INFO - [2026-07-09T00:59:33.226-0500] {dagbag.py:545} INFO - Filling up the DagBag from /opt/airflow/dags/config.py
[2026-07-09T00:59:33.246-0500] {processor.py:842} WARNING - No viable dags retrieved from /opt/airflow/dags/config.py
[2026-07-09T00:59:33.260-0500] {processor.py:183} INFO - Processing /opt/airflow/dags/config.py took 0.042 seconds
[2026-07-09T01:00:04.097-0500] {processor.py:161} INFO - Started process (PID=8060) to work on /opt/airflow/dags/config.py
[2026-07-09T01:00:04.098-0500] {processor.py:830} INFO - Processing file /opt/airflow/dags/config.py for tasks to queue
[2026-07-09T01:00:04.100-0500] {logging_mixin.py:188} INFO - [2026-07-09T01:00:04.100-0500] {dagbag.py:545} INFO - Filling up the DagBag from /opt/airflow/dags/config.py
[2026-07-09T01:00:04.119-0500] {processor.py:842} WARNING - No viable dags retrieved from /opt/airflow/dags/config.py
[2026-07-09T01:00:04.131-0500] {processor.py:183} INFO - Processing /opt/airflow/dags/config.py took 0.039 seconds
[2026-07-09T01:00:34.999-0500] {processor.py:161} INFO - Started process (PID=8087) to work on /opt/airflow/dags/config.py
[2026-07-09T01:00:35.000-0500] {processor.py:830} INFO - Processing file /opt/airflow/dags/config.py for tasks to queue
[2026-07-09T01:00:35.002-0500] {logging_mixin.py:188} INFO - [2026-07-09T01:00:35.001-0500] {dagbag.py:545} INFO - Filling up the DagBag from /opt/airflow/dags/config.py
[2026-07-09T01:00:35.018-0500] {processor.py:842} WARNING - No viable dags retrieved from /opt/airflow/dags/config.py
[2026-07-09T01:00:35.032-0500] {processor.py:183} INFO - Processing /opt/airflow/dags/config.py took 0.037 seconds
[2026-07-09T01:01:05.911-0500] {processor.py:161} INFO - Started process (PID=8114) to work on /opt/airflow/dags/config.py
[2026-07-09T01:01:05.911-0500] {processor.py:830} INFO - Processing file /opt/airflow/dags/config.py for tasks to queue
[2026-07-09T01:01:05.913-0500] {logging_mixin.py:188} INFO - [2026-07-09T01:01:05.913-0500] {dagbag.py:545} INFO - Filling up the DagBag from /opt/airflow/dags/config.py
[2026-07-09T01:01:05.928-0500] {processor.py:842} WARNING - No viable dags retrieved from /opt/airflow/dags/config.py
[2026-07-09T01:01:05.941-0500] {processor.py:183} INFO - Processing /opt/airflow/dags/config.py took 0.036 seconds
[2026-07-09T01:01:36.822-0500] {processor.py:161} INFO - Started process (PID=8141) to work on /opt/airflow/dags/config.py
[2026-07-09T01:01:36.823-0500] {processor.py:830} INFO - Processing file /opt/airflow/dags/config.py for tasks to queue
[2026-07-09T01:01:36.824-0500] {logging_mixin.py:188} INFO - [2026-07-09T01:01:36.824-0500] {dagbag.py:545} INFO - Filling up the DagBag from /opt/airflow/dags/config.py
[2026-07-09T01:01:36.838-0500] {processor.py:842} WARNING - No viable dags retrieved from /opt/airflow/dags/config.py
[2026-07-09T01:01:36.850-0500] {processor.py:183} INFO - Processing /opt/airflow/dags/config.py took 0.033 seconds
[2026-07-09T01:02:07.712-0500] {processor.py:161} INFO - Started process (PID=8168) to work on /opt/airflow/dags/config.py
[2026-07-09T01:02:07.713-0500] {processor.py:830} INFO - Processing file /opt/airflow/dags/config.py for tasks to queue
[2026-07-09T01:02:07.715-0500] {logging_mixin.py:188} INFO - [2026-07-09T01:02:07.714-0500] {dagbag.py:545} INFO - Filling up the DagBag from /opt/airflow/dags/config.py
[2026-07-09T01:02:07.734-0500] {processor.py:842} WARNING - No viable dags retrieved from /opt/airflow/dags/config.py
[2026-07-09T01:02:07.746-0500] {processor.py:183} INFO - Processing /opt/airflow/dags/config.py took 0.039 seconds
[2026-07-09T01:02:38.549-0500] {processor.py:161} INFO - Started process (PID=8195) to work on /opt/airflow/dags/config.py
[2026-07-09T01:02:38.550-0500] {processor.py:830} INFO - Processing file /opt/airflow/dags/config.py for tasks to queue
[2026-07-09T01:02:38.551-0500] {logging_mixin.py:188} INFO - [2026-07-09T01:02:38.551-0500] {dagbag.py:545} INFO - Filling up the DagBag from /opt/airflow/dags/config.py
[2026-07-09T01:02:38.571-0500] {processor.py:842} WARNING - No viable dags retrieved from /opt/airflow/dags/config.py
[2026-07-09T01:02:38.582-0500] {processor.py:183} INFO - Processing /opt/airflow/dags/config.py took 0.039 seconds
[2026-07-09T01:03:09.312-0500] {processor.py:161} INFO - Started process (PID=8222) to work on /opt/airflow/dags/config.py
[2026-07-09T01:03:09.313-0500] {processor.py:830} INFO - Processing file /opt/airflow/dags/config.py for tasks to queue
[2026-07-09T01:03:09.315-0500] {logging_mixin.py:188} INFO - [2026-07-09T01:03:09.314-0500] {dagbag.py:545} INFO - Filling up the DagBag from /opt/airflow/dags/config.py
[2026-07-09T01:03:09.337-0500] {processor.py:842} WARNING - No viable dags retrieved from /opt/airflow/dags/config.py
[2026-07-09T01:03:09.350-0500] {processor.py:183} INFO - Processing /opt/airflow/dags/config.py took 0.043 seconds
[2026-07-09T01:03:40.103-0500] {processor.py:161} INFO - Started process (PID=8249) to work on /opt/airflow/dags/config.py
[2026-07-09T01:03:40.104-0500] {processor.py:830} INFO - Processing file /opt/airflow/dags/config.py for tasks to queue
[2026-07-09T01:03:40.105-0500] {logging_mixin.py:188} INFO - [2026-07-09T01:03:40.105-0500] {dagbag.py:545} INFO - Filling up the DagBag from /opt/airflow/dags/config.py
[2026-07-09T01:03:40.123-0500] {processor.py:842} WARNING - No viable dags retrieved from /opt/airflow/dags/config.py
[2026-07-09T01:03:40.134-0500] {processor.py:183} INFO - Processing /opt/airflow/dags/config.py took 0.036 seconds
[2026-07-09T01:04:11.012-0500] {processor.py:161} INFO - Started process (PID=8274) to work on /opt/airflow/dags/config.py
[2026-07-09T01:04:11.014-0500] {processor.py:830} INFO - Processing file /opt/airflow/dags/config.py for tasks to queue
[2026-07-09T01:04:11.016-0500] {logging_mixin.py:188} INFO - [2026-07-09T01:04:11.016-0500] {dagbag.py:545} INFO - Filling up the DagBag from /opt/airflow/dags/config.py
[2026-07-09T01:04:11.032-0500] {processor.py:842} WARNING - No viable dags retrieved from /opt/airflow/dags/config.py
[2026-07-09T01:04:11.045-0500] {processor.py:183} INFO - Processing /opt/airflow/dags/config.py took 0.037 seconds
[2026-07-09T01:04:41.809-0500] {processor.py:161} INFO - Started process (PID=8303) to work on /opt/airflow/dags/config.py
[2026-07-09T01:04:41.809-0500] {processor.py:830} INFO - Processing file /opt/airflow/dags/config.py for tasks to queue
[2026-07-09T01:04:41.811-0500] {logging_mixin.py:188} INFO - [2026-07-09T01:04:41.811-0500] {dagbag.py:545} INFO - Filling up the DagBag from /opt/airflow/dags/config.py
[2026-07-09T01:04:41.831-0500] {processor.py:842} WARNING - No viable dags retrieved from /opt/airflow/dags/config.py
[2026-07-09T01:04:41.843-0500] {processor.py:183} INFO - Processing /opt/airflow/dags/config.py took 0.040 seconds
[2026-07-09T01:05:12.722-0500] {processor.py:161} INFO - Started process (PID=8328) to work on /opt/airflow/dags/config.py
[2026-07-09T01:05:12.723-0500] {processor.py:830} INFO - Processing file /opt/airflow/dags/config.py for tasks to queue
[2026-07-09T01:05:12.724-0500] {logging_mixin.py:188} INFO - [2026-07-09T01:05:12.724-0500] {dagbag.py:545} INFO - Filling up the DagBag from /opt/airflow/dags/config.py
[2026-07-09T01:05:12.746-0500] {processor.py:842} WARNING - No viable dags retrieved from /opt/airflow/dags/config.py
[2026-07-09T01:05:12.757-0500] {processor.py:183} INFO - Processing /opt/airflow/dags/config.py took 0.041 seconds
[2026-07-09T01:05:43.538-0500] {processor.py:161} INFO - Started process (PID=8357) to work on /opt/airflow/dags/config.py
[2026-07-09T01:05:43.539-0500] {processor.py:830} INFO - Processing file /opt/airflow/dags/config.py for tasks to queue
[2026-07-09T01:05:43.540-0500] {logging_mixin.py:188} INFO - [2026-07-09T01:05:43.540-0500] {dagbag.py:545} INFO - Filling up the DagBag from /opt/airflow/dags/config.py
[2026-07-09T01:05:43.556-0500] {processor.py:842} WARNING - No viable dags retrieved from /opt/airflow/dags/config.py
[2026-07-09T01:05:43.567-0500] {processor.py:183} INFO - Processing /opt/airflow/dags/config.py took 0.033 seconds
[2026-07-09T01:06:14.283-0500] {processor.py:161} INFO - Started process (PID=8384) to work on /opt/airflow/dags/config.py
[2026-07-09T01:06:14.284-0500] {processor.py:830} INFO - Processing file /opt/airflow/dags/config.py for tasks to queue
[2026-07-09T01:06:14.285-0500] {logging_mixin.py:188} INFO - [2026-07-09T01:06:14.285-0500] {dagbag.py:545} INFO - Filling up the DagBag from /opt/airflow/dags/config.py
[2026-07-09T01:06:14.303-0500] {processor.py:842} WARNING - No viable dags retrieved from /opt/airflow/dags/config.py
[2026-07-09T01:06:14.314-0500] {processor.py:183} INFO - Processing /opt/airflow/dags/config.py took 0.036 seconds
[2026-07-09T01:06:45.202-0500] {processor.py:161} INFO - Started process (PID=8411) to work on /opt/airflow/dags/config.py
[2026-07-09T01:06:45.203-0500] {processor.py:830} INFO - Processing file /opt/airflow/dags/config.py for tasks to queue
[2026-07-09T01:06:45.205-0500] {logging_mixin.py:188} INFO - [2026-07-09T01:06:45.204-0500] {dagbag.py:545} INFO - Filling up the DagBag from /opt/airflow/dags/config.py
[2026-07-09T01:06:45.223-0500] {processor.py:842} WARNING - No viable dags retrieved from /opt/airflow/dags/config.py
[2026-07-09T01:06:45.235-0500] {processor.py:183} INFO - Processing /opt/airflow/dags/config.py took 0.038 seconds
[2026-07-09T01:07:16.049-0500] {processor.py:161} INFO - Started process (PID=8438) to work on /opt/airflow/dags/config.py
[2026-07-09T01:07:16.050-0500] {processor.py:830} INFO - Processing file /opt/airflow/dags/config.py for tasks to queue
[2026-07-09T01:07:16.051-0500] {logging_mixin.py:188} INFO - [2026-07-09T01:07:16.051-0500] {dagbag.py:545} INFO - Filling up the DagBag from /opt/airflow/dags/config.py
[2026-07-09T01:07:16.069-0500] {processor.py:842} WARNING - No viable dags retrieved from /opt/airflow/dags/config.py
[2026-07-09T01:07:16.082-0500] {processor.py:183} INFO - Processing /opt/airflow/dags/config.py took 0.038 seconds
[2026-07-09T01:07:46.927-0500] {processor.py:161} INFO - Started process (PID=8465) to work on /opt/airflow/dags/config.py
[2026-07-09T01:07:46.928-0500] {processor.py:830} INFO - Processing file /opt/airflow/dags/config.py for tasks to queue
[2026-07-09T01:07:46.929-0500] {logging_mixin.py:188} INFO - [2026-07-09T01:07:46.929-0500] {dagbag.py:545} INFO - Filling up the DagBag from /opt/airflow/dags/config.py
[2026-07-09T01:07:46.948-0500] {processor.py:842} WARNING - No viable dags retrieved from /opt/airflow/dags/config.py
[2026-07-09T01:07:46.958-0500] {processor.py:183} INFO - Processing /opt/airflow/dags/config.py took 0.037 seconds
[2026-07-09T01:08:17.770-0500] {processor.py:161} INFO - Started process (PID=8492) to work on /opt/airflow/dags/config.py
[2026-07-09T01:08:17.771-0500] {processor.py:830} INFO - Processing file /opt/airflow/dags/config.py for tasks to queue
[2026-07-09T01:08:17.773-0500] {logging_mixin.py:188} INFO - [2026-07-09T01:08:17.773-0500] {dagbag.py:545} INFO - Filling up the DagBag from /opt/airflow/dags/config.py
[2026-07-09T01:08:17.786-0500] {processor.py:842} WARNING - No viable dags retrieved from /opt/airflow/dags/config.py
[2026-07-09T01:08:17.798-0500] {processor.py:183} INFO - Processing /opt/airflow/dags/config.py took 0.034 seconds
[2026-07-09T01:08:48.554-0500] {processor.py:161} INFO - Started process (PID=8519) to work on /opt/airflow/dags/config.py
[2026-07-09T01:08:48.555-0500] {processor.py:830} INFO - Processing file /opt/airflow/dags/config.py for tasks to queue
[2026-07-09T01:08:48.557-0500] {logging_mixin.py:188} INFO - [2026-07-09T01:08:48.557-0500] {dagbag.py:545} INFO - Filling up the DagBag from /opt/airflow/dags/config.py
[2026-07-09T01:08:48.581-0500] {processor.py:842} WARNING - No viable dags retrieved from /opt/airflow/dags/config.py
[2026-07-09T01:08:48.598-0500] {processor.py:183} INFO - Processing /opt/airflow/dags/config.py took 0.049 seconds
[2026-07-09T01:09:19.419-0500] {processor.py:161} INFO - Started process (PID=8546) to work on /opt/airflow/dags/config.py
[2026-07-09T01:09:19.420-0500] {processor.py:830} INFO - Processing file /opt/airflow/dags/config.py for tasks to queue
[2026-07-09T01:09:19.422-0500] {logging_mixin.py:188} INFO - [2026-07-09T01:09:19.421-0500] {dagbag.py:545} INFO - Filling up the DagBag from /opt/airflow/dags/config.py
[2026-07-09T01:09:19.435-0500] {processor.py:842} WARNING - No viable dags retrieved from /opt/airflow/dags/config.py
[2026-07-09T01:09:19.447-0500] {processor.py:183} INFO - Processing /opt/airflow/dags/config.py took 0.032 seconds
[2026-07-09T01:09:50.139-0500] {processor.py:161} INFO - Started process (PID=8573) to work on /opt/airflow/dags/config.py
[2026-07-09T01:09:50.139-0500] {processor.py:830} INFO - Processing file /opt/airflow/dags/config.py for tasks to queue
[2026-07-09T01:09:50.141-0500] {logging_mixin.py:188} INFO - [2026-07-09T01:09:50.141-0500] {dagbag.py:545} INFO - Filling up the DagBag from /opt/airflow/dags/config.py
[2026-07-09T01:09:50.153-0500] {processor.py:842} WARNING - No viable dags retrieved from /opt/airflow/dags/config.py
[2026-07-09T01:09:50.164-0500] {processor.py:183} INFO - Processing /opt/airflow/dags/config.py took 0.031 seconds
[2026-07-09T01:10:20.883-0500] {processor.py:161} INFO - Started process (PID=8600) to work on /opt/airflow/dags/config.py
[2026-07-09T01:10:20.884-0500] {processor.py:830} INFO - Processing file /opt/airflow/dags/config.py for tasks to queue
[2026-07-09T01:10:20.886-0500] {logging_mixin.py:188} INFO - [2026-07-09T01:10:20.886-0500] {dagbag.py:545} INFO - Filling up the DagBag from /opt/airflow/dags/config.py
[2026-07-09T01:10:20.898-0500] {processor.py:842} WARNING - No viable dags retrieved from /opt/airflow/dags/config.py
[2026-07-09T01:10:20.911-0500] {processor.py:183} INFO - Processing /opt/airflow/dags/config.py took 0.032 seconds
[2026-07-09T01:10:51.625-0500] {processor.py:161} INFO - Started process (PID=8627) to work on /opt/airflow/dags/config.py
[2026-07-09T01:10:51.626-0500] {processor.py:830} INFO - Processing file /opt/airflow/dags/config.py for tasks to queue
[2026-07-09T01:10:51.628-0500] {logging_mixin.py:188} INFO - [2026-07-09T01:10:51.627-0500] {dagbag.py:545} INFO - Filling up the DagBag from /opt/airflow/dags/config.py
[2026-07-09T01:10:51.641-0500] {processor.py:842} WARNING - No viable dags retrieved from /opt/airflow/dags/config.py
[2026-07-09T01:10:51.652-0500] {processor.py:183} INFO - Processing /opt/airflow/dags/config.py took 0.031 seconds
[2026-07-09T01:11:22.495-0500] {processor.py:161} INFO - Started process (PID=8654) to work on /opt/airflow/dags/config.py
[2026-07-09T01:11:22.496-0500] {processor.py:830} INFO - Processing file /opt/airflow/dags/config.py for tasks to queue
[2026-07-09T01:11:22.498-0500] {logging_mixin.py:188} INFO - [2026-07-09T01:11:22.498-0500] {dagbag.py:545} INFO - Filling up the DagBag from /opt/airflow/dags/config.py
[2026-07-09T01:11:22.516-0500] {processor.py:842} WARNING - No viable dags retrieved from /opt/airflow/dags/config.py
[2026-07-09T01:11:22.528-0500] {processor.py:183} INFO - Processing /opt/airflow/dags/config.py took 0.038 seconds
[2026-07-09T01:11:53.366-0500] {processor.py:161} INFO - Started process (PID=8681) to work on /opt/airflow/dags/config.py
[2026-07-09T01:11:53.367-0500] {processor.py:830} INFO - Processing file /opt/airflow/dags/config.py for tasks to queue
[2026-07-09T01:11:53.368-0500] {logging_mixin.py:188} INFO - [2026-07-09T01:11:53.368-0500] {dagbag.py:545} INFO - Filling up the DagBag from /opt/airflow/dags/config.py
[2026-07-09T01:11:53.385-0500] {processor.py:842} WARNING - No viable dags retrieved from /opt/airflow/dags/config.py
[2026-07-09T01:11:53.397-0500] {processor.py:183} INFO - Processing /opt/airflow/dags/config.py took 0.036 seconds
[2026-07-09T01:12:24.147-0500] {processor.py:161} INFO - Started process (PID=8706) to work on /opt/airflow/dags/config.py
[2026-07-09T01:12:24.149-0500] {processor.py:830} INFO - Processing file /opt/airflow/dags/config.py for tasks to queue
[2026-07-09T01:12:24.151-0500] {logging_mixin.py:188} INFO - [2026-07-09T01:12:24.150-0500] {dagbag.py:545} INFO - Filling up the DagBag from /opt/airflow/dags/config.py
[2026-07-09T01:12:24.172-0500] {processor.py:842} WARNING - No viable dags retrieved from /opt/airflow/dags/config.py
[2026-07-09T01:12:24.184-0500] {processor.py:183} INFO - Processing /opt/airflow/dags/config.py took 0.042 seconds
[2026-07-09T01:12:55.072-0500] {processor.py:161} INFO - Started process (PID=8735) to work on /opt/airflow/dags/config.py
[2026-07-09T01:12:55.073-0500] {processor.py:830} INFO - Processing file /opt/airflow/dags/config.py for tasks to queue
[2026-07-09T01:12:55.075-0500] {logging_mixin.py:188} INFO - [2026-07-09T01:12:55.074-0500] {dagbag.py:545} INFO - Filling up the DagBag from /opt/airflow/dags/config.py
[2026-07-09T01:12:55.090-0500] {processor.py:842} WARNING - No viable dags retrieved from /opt/airflow/dags/config.py
[2026-07-09T01:12:55.103-0500] {processor.py:183} INFO - Processing /opt/airflow/dags/config.py took 0.035 seconds
[2026-07-09T01:13:25.880-0500] {processor.py:161} INFO - Started process (PID=8762) to work on /opt/airflow/dags/config.py
[2026-07-09T01:13:25.881-0500] {processor.py:830} INFO - Processing file /opt/airflow/dags/config.py for tasks to queue
[2026-07-09T01:13:25.883-0500] {logging_mixin.py:188} INFO - [2026-07-09T01:13:25.882-0500] {dagbag.py:545} INFO - Filling up the DagBag from /opt/airflow/dags/config.py
[2026-07-09T01:13:25.901-0500] {processor.py:842} WARNING - No viable dags retrieved from /opt/airflow/dags/config.py
[2026-07-09T01:13:25.914-0500] {processor.py:183} INFO - Processing /opt/airflow/dags/config.py took 0.046 seconds
[2026-07-09T01:13:56.762-0500] {processor.py:161} INFO - Started process (PID=8787) to work on /opt/airflow/dags/config.py
[2026-07-09T01:13:56.763-0500] {processor.py:830} INFO - Processing file /opt/airflow/dags/config.py for tasks to queue
[2026-07-09T01:13:56.765-0500] {logging_mixin.py:188} INFO - [2026-07-09T01:13:56.765-0500] {dagbag.py:545} INFO - Filling up the DagBag from /opt/airflow/dags/config.py
[2026-07-09T01:13:56.788-0500] {processor.py:842} WARNING - No viable dags retrieved from /opt/airflow/dags/config.py
[2026-07-09T01:13:56.800-0500] {processor.py:183} INFO - Processing /opt/airflow/dags/config.py took 0.044 seconds
[2026-07-09T01:14:27.596-0500] {processor.py:161} INFO - Started process (PID=8816) to work on /opt/airflow/dags/config.py
[2026-07-09T01:14:27.597-0500] {processor.py:830} INFO - Processing file /opt/airflow/dags/config.py for tasks to queue
[2026-07-09T01:14:27.598-0500] {logging_mixin.py:188} INFO - [2026-07-09T01:14:27.598-0500] {dagbag.py:545} INFO - Filling up the DagBag from /opt/airflow/dags/config.py
[2026-07-09T01:14:27.618-0500] {processor.py:842} WARNING - No viable dags retrieved from /opt/airflow/dags/config.py
[2026-07-09T01:14:27.631-0500] {processor.py:183} INFO - Processing /opt/airflow/dags/config.py took 0.040 seconds
[2026-07-09T01:14:58.492-0500] {processor.py:161} INFO - Started process (PID=8841) to work on /opt/airflow/dags/config.py
[2026-07-09T01:14:58.493-0500] {processor.py:830} INFO - Processing file /opt/airflow/dags/config.py for tasks to queue
[2026-07-09T01:14:58.495-0500] {logging_mixin.py:188} INFO - [2026-07-09T01:14:58.495-0500] {dagbag.py:545} INFO - Filling up the DagBag from /opt/airflow/dags/config.py
[2026-07-09T01:14:58.519-0500] {processor.py:842} WARNING - No viable dags retrieved from /opt/airflow/dags/config.py
[2026-07-09T01:14:58.532-0500] {processor.py:183} INFO - Processing /opt/airflow/dags/config.py took 0.045 seconds
[2026-07-09T01:15:29.419-0500] {processor.py:161} INFO - Started process (PID=8870) to work on /opt/airflow/dags/config.py
[2026-07-09T01:15:29.420-0500] {processor.py:830} INFO - Processing file /opt/airflow/dags/config.py for tasks to queue
[2026-07-09T01:15:29.422-0500] {logging_mixin.py:188} INFO - [2026-07-09T01:15:29.422-0500] {dagbag.py:545} INFO - Filling up the DagBag from /opt/airflow/dags/config.py
[2026-07-09T01:15:29.439-0500] {processor.py:842} WARNING - No viable dags retrieved from /opt/airflow/dags/config.py
[2026-07-09T01:15:29.452-0500] {processor.py:183} INFO - Processing /opt/airflow/dags/config.py took 0.038 seconds
[2026-07-09T01:16:00.250-0500] {processor.py:161} INFO - Started process (PID=8897) to work on /opt/airflow/dags/config.py
[2026-07-09T01:16:00.251-0500] {processor.py:830} INFO - Processing file /opt/airflow/dags/config.py for tasks to queue
[2026-07-09T01:16:00.252-0500] {logging_mixin.py:188} INFO - [2026-07-09T01:16:00.252-0500] {dagbag.py:545} INFO - Filling up the DagBag from /opt/airflow/dags/config.py
[2026-07-09T01:16:00.273-0500] {processor.py:842} WARNING - No viable dags retrieved from /opt/airflow/dags/config.py
[2026-07-09T01:16:00.284-0500] {processor.py:183} INFO - Processing /opt/airflow/dags/config.py took 0.039 seconds
[2026-07-09T01:16:31.319-0500] {processor.py:161} INFO - Started process (PID=8922) to work on /opt/airflow/dags/config.py
[2026-07-09T01:16:31.320-0500] {processor.py:830} INFO - Processing file /opt/airflow/dags/config.py for tasks to queue
[2026-07-09T01:16:31.322-0500] {logging_mixin.py:188} INFO - [2026-07-09T01:16:31.322-0500] {dagbag.py:545} INFO - Filling up the DagBag from /opt/airflow/dags/config.py
[2026-07-09T01:16:31.343-0500] {processor.py:842} WARNING - No viable dags retrieved from /opt/airflow/dags/config.py
[2026-07-09T01:16:31.356-0500] {processor.py:183} INFO - Processing /opt/airflow/dags/config.py took 0.041 seconds
[2026-07-09T01:17:02.135-0500] {processor.py:161} INFO - Started process (PID=8951) to work on /opt/airflow/dags/config.py
[2026-07-09T01:17:02.136-0500] {processor.py:830} INFO - Processing file /opt/airflow/dags/config.py for tasks to queue
[2026-07-09T01:17:02.137-0500] {logging_mixin.py:188} INFO - [2026-07-09T01:17:02.137-0500] {dagbag.py:545} INFO - Filling up the DagBag from /opt/airflow/dags/config.py
[2026-07-09T01:17:02.154-0500] {processor.py:842} WARNING - No viable dags retrieved from /opt/airflow/dags/config.py
[2026-07-09T01:17:02.166-0500] {processor.py:183} INFO - Processing /opt/airflow/dags/config.py took 0.037 seconds
[2026-07-09T01:17:33.008-0500] {processor.py:161} INFO - Started process (PID=8978) to work on /opt/airflow/dags/config.py
[2026-07-09T01:17:33.009-0500] {processor.py:830} INFO - Processing file /opt/airflow/dags/config.py for tasks to queue
[2026-07-09T01:17:33.011-0500] {logging_mixin.py:188} INFO - [2026-07-09T01:17:33.010-0500] {dagbag.py:545} INFO - Filling up the DagBag from /opt/airflow/dags/config.py
[2026-07-09T01:17:33.026-0500] {processor.py:842} WARNING - No viable dags retrieved from /opt/airflow/dags/config.py
[2026-07-09T01:17:33.040-0500] {processor.py:183} INFO - Processing /opt/airflow/dags/config.py took 0.038 seconds
[2026-07-09T01:18:03.836-0500] {processor.py:161} INFO - Started process (PID=9005) to work on /opt/airflow/dags/config.py
[2026-07-09T01:18:03.837-0500] {processor.py:830} INFO - Processing file /opt/airflow/dags/config.py for tasks to queue
[2026-07-09T01:18:03.839-0500] {logging_mixin.py:188} INFO - [2026-07-09T01:18:03.839-0500] {dagbag.py:545} INFO - Filling up the DagBag from /opt/airflow/dags/config.py
[2026-07-09T01:18:03.858-0500] {processor.py:842} WARNING - No viable dags retrieved from /opt/airflow/dags/config.py
[2026-07-09T01:18:03.869-0500] {processor.py:183} INFO - Processing /opt/airflow/dags/config.py took 0.037 seconds
[2026-07-09T01:18:34.628-0500] {processor.py:161} INFO - Started process (PID=9032) to work on /opt/airflow/dags/config.py
[2026-07-09T01:18:34.629-0500] {processor.py:830} INFO - Processing file /opt/airflow/dags/config.py for tasks to queue
[2026-07-09T01:18:34.630-0500] {logging_mixin.py:188} INFO - [2026-07-09T01:18:34.630-0500] {dagbag.py:545} INFO - Filling up the DagBag from /opt/airflow/dags/config.py
[2026-07-09T01:18:34.645-0500] {processor.py:842} WARNING - No viable dags retrieved from /opt/airflow/dags/config.py
[2026-07-09T01:18:34.658-0500] {processor.py:183} INFO - Processing /opt/airflow/dags/config.py took 0.037 seconds
[2026-07-09T01:19:05.373-0500] {processor.py:161} INFO - Started process (PID=9059) to work on /opt/airflow/dags/config.py
[2026-07-09T01:19:05.374-0500] {processor.py:830} INFO - Processing file /opt/airflow/dags/config.py for tasks to queue
[2026-07-09T01:19:05.375-0500] {logging_mixin.py:188} INFO - [2026-07-09T01:19:05.375-0500] {dagbag.py:545} INFO - Filling up the DagBag from /opt/airflow/dags/config.py
[2026-07-09T01:19:05.389-0500] {processor.py:842} WARNING - No viable dags retrieved from /opt/airflow/dags/config.py
[2026-07-09T01:19:05.402-0500] {processor.py:183} INFO - Processing /opt/airflow/dags/config.py took 0.034 seconds
[2026-07-09T01:19:36.248-0500] {processor.py:161} INFO - Started process (PID=9084) to work on /opt/airflow/dags/config.py
[2026-07-09T01:19:36.249-0500] {processor.py:830} INFO - Processing file /opt/airflow/dags/config.py for tasks to queue
[2026-07-09T01:19:36.250-0500] {logging_mixin.py:188} INFO - [2026-07-09T01:19:36.250-0500] {dagbag.py:545} INFO - Filling up the DagBag from /opt/airflow/dags/config.py
[2026-07-09T01:19:36.266-0500] {processor.py:842} WARNING - No viable dags retrieved from /opt/airflow/dags/config.py
[2026-07-09T01:19:36.278-0500] {processor.py:183} INFO - Processing /opt/airflow/dags/config.py took 0.035 seconds
[2026-07-09T01:20:07.159-0500] {processor.py:161} INFO - Started process (PID=9113) to work on /opt/airflow/dags/config.py
[2026-07-09T01:20:07.160-0500] {processor.py:830} INFO - Processing file /opt/airflow/dags/config.py for tasks to queue
[2026-07-09T01:20:07.162-0500] {logging_mixin.py:188} INFO - [2026-07-09T01:20:07.161-0500] {dagbag.py:545} INFO - Filling up the DagBag from /opt/airflow/dags/config.py
[2026-07-09T01:20:07.177-0500] {processor.py:842} WARNING - No viable dags retrieved from /opt/airflow/dags/config.py
[2026-07-09T01:20:07.189-0500] {processor.py:183} INFO - Processing /opt/airflow/dags/config.py took 0.036 seconds
[2026-07-09T01:20:38.042-0500] {processor.py:161} INFO - Started process (PID=9140) to work on /opt/airflow/dags/config.py
[2026-07-09T01:20:38.044-0500] {processor.py:830} INFO - Processing file /opt/airflow/dags/config.py for tasks to queue
[2026-07-09T01:20:38.045-0500] {logging_mixin.py:188} INFO - [2026-07-09T01:20:38.045-0500] {dagbag.py:545} INFO - Filling up the DagBag from /opt/airflow/dags/config.py
[2026-07-09T01:20:38.064-0500] {processor.py:842} WARNING - No viable dags retrieved from /opt/airflow/dags/config.py
[2026-07-09T01:20:38.078-0500] {processor.py:183} INFO - Processing /opt/airflow/dags/config.py took 0.041 seconds
[2026-07-09T01:21:08.840-0500] {processor.py:161} INFO - Started process (PID=9167) to work on /opt/airflow/dags/config.py
[2026-07-09T01:21:08.841-0500] {processor.py:830} INFO - Processing file /opt/airflow/dags/config.py for tasks to queue
[2026-07-09T01:21:08.842-0500] {logging_mixin.py:188} INFO - [2026-07-09T01:21:08.842-0500] {dagbag.py:545} INFO - Filling up the DagBag from /opt/airflow/dags/config.py
[2026-07-09T01:21:08.864-0500] {processor.py:842} WARNING - No viable dags retrieved from /opt/airflow/dags/config.py
[2026-07-09T01:21:08.875-0500] {processor.py:183} INFO - Processing /opt/airflow/dags/config.py took 0.040 seconds
[2026-07-09T01:21:39.781-0500] {processor.py:161} INFO - Started process (PID=9194) to work on /opt/airflow/dags/config.py
[2026-07-09T01:21:39.782-0500] {processor.py:830} INFO - Processing file /opt/airflow/dags/config.py for tasks to queue
[2026-07-09T01:21:39.784-0500] {logging_mixin.py:188} INFO - [2026-07-09T01:21:39.784-0500] {dagbag.py:545} INFO - Filling up the DagBag from /opt/airflow/dags/config.py
[2026-07-09T01:21:39.806-0500] {processor.py:842} WARNING - No viable dags retrieved from /opt/airflow/dags/config.py
[2026-07-09T01:21:39.818-0500] {processor.py:183} INFO - Processing /opt/airflow/dags/config.py took 0.043 seconds
[2026-07-09T01:22:10.538-0500] {processor.py:161} INFO - Started process (PID=9221) to work on /opt/airflow/dags/config.py
[2026-07-09T01:22:10.539-0500] {processor.py:830} INFO - Processing file /opt/airflow/dags/config.py for tasks to queue
[2026-07-09T01:22:10.541-0500] {logging_mixin.py:188} INFO - [2026-07-09T01:22:10.541-0500] {dagbag.py:545} INFO - Filling up the DagBag from /opt/airflow/dags/config.py
[2026-07-09T01:22:10.559-0500] {processor.py:842} WARNING - No viable dags retrieved from /opt/airflow/dags/config.py
[2026-07-09T01:22:10.570-0500] {processor.py:183} INFO - Processing /opt/airflow/dags/config.py took 0.037 seconds
[2026-07-09T01:22:41.391-0500] {processor.py:161} INFO - Started process (PID=9248) to work on /opt/airflow/dags/config.py
[2026-07-09T01:22:41.392-0500] {processor.py:830} INFO - Processing file /opt/airflow/dags/config.py for tasks to queue
[2026-07-09T01:22:41.394-0500] {logging_mixin.py:188} INFO - [2026-07-09T01:22:41.394-0500] {dagbag.py:545} INFO - Filling up the DagBag from /opt/airflow/dags/config.py
[2026-07-09T01:22:41.416-0500] {processor.py:842} WARNING - No viable dags retrieved from /opt/airflow/dags/config.py
[2026-07-09T01:22:41.434-0500] {processor.py:183} INFO - Processing /opt/airflow/dags/config.py took 0.047 seconds
[2026-07-09T01:23:12.155-0500] {processor.py:161} INFO - Started process (PID=9275) to work on /opt/airflow/dags/config.py
[2026-07-09T01:23:12.156-0500] {processor.py:830} INFO - Processing file /opt/airflow/dags/config.py for tasks to queue
[2026-07-09T01:23:12.158-0500] {logging_mixin.py:188} INFO - [2026-07-09T01:23:12.157-0500] {dagbag.py:545} INFO - Filling up the DagBag from /opt/airflow/dags/config.py
[2026-07-09T01:23:12.174-0500] {processor.py:842} WARNING - No viable dags retrieved from /opt/airflow/dags/config.py
[2026-07-09T01:23:12.185-0500] {processor.py:183} INFO - Processing /opt/airflow/dags/config.py took 0.035 seconds
[2026-07-09T01:23:42.951-0500] {processor.py:161} INFO - Started process (PID=9300) to work on /opt/airflow/dags/config.py
[2026-07-09T01:23:42.952-0500] {processor.py:830} INFO - Processing file /opt/airflow/dags/config.py for tasks to queue
[2026-07-09T01:23:42.954-0500] {logging_mixin.py:188} INFO - [2026-07-09T01:23:42.953-0500] {dagbag.py:545} INFO - Filling up the DagBag from /opt/airflow/dags/config.py
[2026-07-09T01:23:42.973-0500] {processor.py:842} WARNING - No viable dags retrieved from /opt/airflow/dags/config.py
[2026-07-09T01:23:42.986-0500] {processor.py:183} INFO - Processing /opt/airflow/dags/config.py took 0.039 seconds
[2026-07-09T01:24:13.779-0500] {processor.py:161} INFO - Started process (PID=9329) to work on /opt/airflow/dags/config.py
[2026-07-09T01:24:13.780-0500] {processor.py:830} INFO - Processing file /opt/airflow/dags/config.py for tasks to queue
[2026-07-09T01:24:13.781-0500] {logging_mixin.py:188} INFO - [2026-07-09T01:24:13.781-0500] {dagbag.py:545} INFO - Filling up the DagBag from /opt/airflow/dags/config.py
[2026-07-09T01:24:13.803-0500] {processor.py:842} WARNING - No viable dags retrieved from /opt/airflow/dags/config.py
[2026-07-09T01:24:13.815-0500] {processor.py:183} INFO - Processing /opt/airflow/dags/config.py took 0.043 seconds
[2026-07-09T01:24:44.523-0500] {processor.py:161} INFO - Started process (PID=9354) to work on /opt/airflow/dags/config.py
[2026-07-09T01:24:44.525-0500] {processor.py:830} INFO - Processing file /opt/airflow/dags/config.py for tasks to queue
[2026-07-09T01:24:44.527-0500] {logging_mixin.py:188} INFO - [2026-07-09T01:24:44.527-0500] {dagbag.py:545} INFO - Filling up the DagBag from /opt/airflow/dags/config.py
[2026-07-09T01:24:44.542-0500] {processor.py:842} WARNING - No viable dags retrieved from /opt/airflow/dags/config.py
[2026-07-09T01:24:44.555-0500] {processor.py:183} INFO - Processing /opt/airflow/dags/config.py took 0.037 seconds
[2026-07-09T01:25:15.621-0500] {processor.py:161} INFO - Started process (PID=9383) to work on /opt/airflow/dags/config.py
[2026-07-09T01:25:15.621-0500] {processor.py:830} INFO - Processing file /opt/airflow/dags/config.py for tasks to queue
[2026-07-09T01:25:15.623-0500] {logging_mixin.py:188} INFO - [2026-07-09T01:25:15.623-0500] {dagbag.py:545} INFO - Filling up the DagBag from /opt/airflow/dags/config.py
[2026-07-09T01:25:15.639-0500] {processor.py:842} WARNING - No viable dags retrieved from /opt/airflow/dags/config.py
[2026-07-09T01:25:15.651-0500] {processor.py:183} INFO - Processing /opt/airflow/dags/config.py took 0.036 seconds
[2026-07-09T01:25:46.486-0500] {processor.py:161} INFO - Started process (PID=9408) to work on /opt/airflow/dags/config.py
[2026-07-09T01:25:46.487-0500] {processor.py:830} INFO - Processing file /opt/airflow/dags/config.py for tasks to queue
[2026-07-09T01:25:46.489-0500] {logging_mixin.py:188} INFO - [2026-07-09T01:25:46.488-0500] {dagbag.py:545} INFO - Filling up the DagBag from /opt/airflow/dags/config.py
[2026-07-09T01:25:46.508-0500] {processor.py:842} WARNING - No viable dags retrieved from /opt/airflow/dags/config.py
[2026-07-09T01:25:46.521-0500] {processor.py:183} INFO - Processing /opt/airflow/dags/config.py took 0.040 seconds
[2026-07-09T01:26:17.265-0500] {processor.py:161} INFO - Started process (PID=9437) to work on /opt/airflow/dags/config.py
[2026-07-09T01:26:17.266-0500] {processor.py:830} INFO - Processing file /opt/airflow/dags/config.py for tasks to queue
[2026-07-09T01:26:17.267-0500] {logging_mixin.py:188} INFO - [2026-07-09T01:26:17.267-0500] {dagbag.py:545} INFO - Filling up the DagBag from /opt/airflow/dags/config.py
[2026-07-09T01:26:17.287-0500] {processor.py:842} WARNING - No viable dags retrieved from /opt/airflow/dags/config.py
[2026-07-09T01:26:17.300-0500] {processor.py:183} INFO - Processing /opt/airflow/dags/config.py took 0.040 seconds
[2026-07-09T01:26:48.310-0500] {processor.py:161} INFO - Started process (PID=9464) to work on /opt/airflow/dags/config.py
[2026-07-09T01:26:48.311-0500] {processor.py:830} INFO - Processing file /opt/airflow/dags/config.py for tasks to queue
[2026-07-09T01:26:48.313-0500] {logging_mixin.py:188} INFO - [2026-07-09T01:26:48.313-0500] {dagbag.py:545} INFO - Filling up the DagBag from /opt/airflow/dags/config.py
[2026-07-09T01:26:48.332-0500] {processor.py:842} WARNING - No viable dags retrieved from /opt/airflow/dags/config.py
[2026-07-09T01:26:48.344-0500] {processor.py:183} INFO - Processing /opt/airflow/dags/config.py took 0.040 seconds
[2026-07-09T01:27:19.075-0500] {processor.py:161} INFO - Started process (PID=9491) to work on /opt/airflow/dags/config.py
[2026-07-09T01:27:19.075-0500] {processor.py:830} INFO - Processing file /opt/airflow/dags/config.py for tasks to queue
[2026-07-09T01:27:19.077-0500] {logging_mixin.py:188} INFO - [2026-07-09T01:27:19.077-0500] {dagbag.py:545} INFO - Filling up the DagBag from /opt/airflow/dags/config.py
[2026-07-09T01:27:19.090-0500] {processor.py:842} WARNING - No viable dags retrieved from /opt/airflow/dags/config.py
[2026-07-09T01:27:19.101-0500] {processor.py:183} INFO - Processing /opt/airflow/dags/config.py took 0.032 seconds
[2026-07-09T01:27:49.956-0500] {processor.py:161} INFO - Started process (PID=9518) to work on /opt/airflow/dags/config.py
[2026-07-09T01:27:49.957-0500] {processor.py:830} INFO - Processing file /opt/airflow/dags/config.py for tasks to queue
[2026-07-09T01:27:49.959-0500] {logging_mixin.py:188} INFO - [2026-07-09T01:27:49.958-0500] {dagbag.py:545} INFO - Filling up the DagBag from /opt/airflow/dags/config.py
[2026-07-09T01:27:49.976-0500] {processor.py:842} WARNING - No viable dags retrieved from /opt/airflow/dags/config.py
[2026-07-09T01:27:49.989-0500] {processor.py:183} INFO - Processing /opt/airflow/dags/config.py took 0.038 seconds
[2026-07-09T01:28:20.857-0500] {processor.py:161} INFO - Started process (PID=9545) to work on /opt/airflow/dags/config.py
[2026-07-09T01:28:20.858-0500] {processor.py:830} INFO - Processing file /opt/airflow/dags/config.py for tasks to queue
[2026-07-09T01:28:20.860-0500] {logging_mixin.py:188} INFO - [2026-07-09T01:28:20.860-0500] {dagbag.py:545} INFO - Filling up the DagBag from /opt/airflow/dags/config.py
[2026-07-09T01:28:20.880-0500] {processor.py:842} WARNING - No viable dags retrieved from /opt/airflow/dags/config.py
[2026-07-09T01:28:20.892-0500] {processor.py:183} INFO - Processing /opt/airflow/dags/config.py took 0.039 seconds
[2026-07-09T01:28:51.673-0500] {processor.py:161} INFO - Started process (PID=9572) to work on /opt/airflow/dags/config.py
[2026-07-09T01:28:51.674-0500] {processor.py:830} INFO - Processing file /opt/airflow/dags/config.py for tasks to queue
[2026-07-09T01:28:51.676-0500] {logging_mixin.py:188} INFO - [2026-07-09T01:28:51.675-0500] {dagbag.py:545} INFO - Filling up the DagBag from /opt/airflow/dags/config.py
[2026-07-09T01:28:51.697-0500] {processor.py:842} WARNING - No viable dags retrieved from /opt/airflow/dags/config.py
[2026-07-09T01:28:51.710-0500] {processor.py:183} INFO - Processing /opt/airflow/dags/config.py took 0.043 seconds
[2026-07-09T01:29:22.473-0500] {processor.py:161} INFO - Started process (PID=9599) to work on /opt/airflow/dags/config.py
[2026-07-09T01:29:22.474-0500] {processor.py:830} INFO - Processing file /opt/airflow/dags/config.py for tasks to queue
[2026-07-09T01:29:22.476-0500] {logging_mixin.py:188} INFO - [2026-07-09T01:29:22.476-0500] {dagbag.py:545} INFO - Filling up the DagBag from /opt/airflow/dags/config.py
[2026-07-09T01:29:22.490-0500] {processor.py:842} WARNING - No viable dags retrieved from /opt/airflow/dags/config.py
[2026-07-09T01:29:22.501-0500] {processor.py:183} INFO - Processing /opt/airflow/dags/config.py took 0.033 seconds
[2026-07-09T01:29:53.496-0500] {processor.py:161} INFO - Started process (PID=9626) to work on /opt/airflow/dags/config.py
[2026-07-09T01:29:53.497-0500] {processor.py:830} INFO - Processing file /opt/airflow/dags/config.py for tasks to queue
[2026-07-09T01:29:53.498-0500] {logging_mixin.py:188} INFO - [2026-07-09T01:29:53.498-0500] {dagbag.py:545} INFO - Filling up the DagBag from /opt/airflow/dags/config.py
[2026-07-09T01:29:53.515-0500] {processor.py:842} WARNING - No viable dags retrieved from /opt/airflow/dags/config.py
[2026-07-09T01:29:53.527-0500] {processor.py:183} INFO - Processing /opt/airflow/dags/config.py took 0.036 seconds
[2026-07-09T01:30:24.361-0500] {processor.py:161} INFO - Started process (PID=9653) to work on /opt/airflow/dags/config.py
[2026-07-09T01:30:24.362-0500] {processor.py:830} INFO - Processing file /opt/airflow/dags/config.py for tasks to queue
[2026-07-09T01:30:24.363-0500] {logging_mixin.py:188} INFO - [2026-07-09T01:30:24.363-0500] {dagbag.py:545} INFO - Filling up the DagBag from /opt/airflow/dags/config.py
[2026-07-09T01:30:24.380-0500] {processor.py:842} WARNING - No viable dags retrieved from /opt/airflow/dags/config.py
[2026-07-09T01:30:24.394-0500] {processor.py:183} INFO - Processing /opt/airflow/dags/config.py took 0.038 seconds
[2026-07-09T01:30:55.295-0500] {processor.py:161} INFO - Started process (PID=9680) to work on /opt/airflow/dags/config.py
[2026-07-09T01:30:55.297-0500] {processor.py:830} INFO - Processing file /opt/airflow/dags/config.py for tasks to queue
[2026-07-09T01:30:55.298-0500] {logging_mixin.py:188} INFO - [2026-07-09T01:30:55.298-0500] {dagbag.py:545} INFO - Filling up the DagBag from /opt/airflow/dags/config.py
[2026-07-09T01:30:55.320-0500] {processor.py:842} WARNING - No viable dags retrieved from /opt/airflow/dags/config.py
[2026-07-09T01:30:55.335-0500] {processor.py:183} INFO - Processing /opt/airflow/dags/config.py took 0.046 seconds
[2026-07-09T01:31:26.438-0500] {processor.py:161} INFO - Started process (PID=9705) to work on /opt/airflow/dags/config.py
[2026-07-09T01:31:26.439-0500] {processor.py:830} INFO - Processing file /opt/airflow/dags/config.py for tasks to queue
[2026-07-09T01:31:26.441-0500] {logging_mixin.py:188} INFO - [2026-07-09T01:31:26.440-0500] {dagbag.py:545} INFO - Filling up the DagBag from /opt/airflow/dags/config.py
[2026-07-09T01:31:26.460-0500] {processor.py:842} WARNING - No viable dags retrieved from /opt/airflow/dags/config.py
[2026-07-09T01:31:26.473-0500] {processor.py:183} INFO - Processing /opt/airflow/dags/config.py took 0.040 seconds
[2026-07-09T01:31:57.378-0500] {processor.py:161} INFO - Started process (PID=9732) to work on /opt/airflow/dags/config.py
[2026-07-09T01:31:57.379-0500] {processor.py:830} INFO - Processing file /opt/airflow/dags/config.py for tasks to queue
[2026-07-09T01:31:57.381-0500] {logging_mixin.py:188} INFO - [2026-07-09T01:31:57.380-0500] {dagbag.py:545} INFO - Filling up the DagBag from /opt/airflow/dags/config.py
[2026-07-09T01:31:57.401-0500] {processor.py:842} WARNING - No viable dags retrieved from /opt/airflow/dags/config.py
[2026-07-09T01:31:57.412-0500] {processor.py:183} INFO - Processing /opt/airflow/dags/config.py took 0.040 seconds
[2026-07-09T01:32:28.188-0500] {processor.py:161} INFO - Started process (PID=9761) to work on /opt/airflow/dags/config.py
[2026-07-09T01:32:28.189-0500] {processor.py:830} INFO - Processing file /opt/airflow/dags/config.py for tasks to queue
[2026-07-09T01:32:28.191-0500] {logging_mixin.py:188} INFO - [2026-07-09T01:32:28.191-0500] {dagbag.py:545} INFO - Filling up the DagBag from /opt/airflow/dags/config.py
[2026-07-09T01:32:28.211-0500] {processor.py:842} WARNING - No viable dags retrieved from /opt/airflow/dags/config.py
[2026-07-09T01:32:28.225-0500] {processor.py:183} INFO - Processing /opt/airflow/dags/config.py took 0.043 seconds
[2026-07-09T01:32:59.185-0500] {processor.py:161} INFO - Started process (PID=9788) to work on /opt/airflow/dags/config.py
[2026-07-09T01:32:59.186-0500] {processor.py:830} INFO - Processing file /opt/airflow/dags/config.py for tasks to queue
[2026-07-09T01:32:59.188-0500] {logging_mixin.py:188} INFO - [2026-07-09T01:32:59.188-0500] {dagbag.py:545} INFO - Filling up the DagBag from /opt/airflow/dags/config.py
[2026-07-09T01:32:59.210-0500] {processor.py:842} WARNING - No viable dags retrieved from /opt/airflow/dags/config.py
[2026-07-09T01:32:59.223-0500] {processor.py:183} INFO - Processing /opt/airflow/dags/config.py took 0.044 seconds
[2026-07-09T01:33:30.032-0500] {processor.py:161} INFO - Started process (PID=9815) to work on /opt/airflow/dags/config.py
[2026-07-09T01:33:30.032-0500] {processor.py:830} INFO - Processing file /opt/airflow/dags/config.py for tasks to queue
[2026-07-09T01:33:30.034-0500] {logging_mixin.py:188} INFO - [2026-07-09T01:33:30.034-0500] {dagbag.py:545} INFO - Filling up the DagBag from /opt/airflow/dags/config.py
[2026-07-09T01:33:30.050-0500] {processor.py:842} WARNING - No viable dags retrieved from /opt/airflow/dags/config.py
[2026-07-09T01:33:30.063-0500] {processor.py:183} INFO - Processing /opt/airflow/dags/config.py took 0.036 seconds
[2026-07-09T01:34:00.840-0500] {processor.py:161} INFO - Started process (PID=9842) to work on /opt/airflow/dags/config.py
[2026-07-09T01:34:00.841-0500] {processor.py:830} INFO - Processing file /opt/airflow/dags/config.py for tasks to queue
[2026-07-09T01:34:00.843-0500] {logging_mixin.py:188} INFO - [2026-07-09T01:34:00.843-0500] {dagbag.py:545} INFO - Filling up the DagBag from /opt/airflow/dags/config.py
[2026-07-09T01:34:00.860-0500] {processor.py:842} WARNING - No viable dags retrieved from /opt/airflow/dags/config.py
[2026-07-09T01:34:00.871-0500] {processor.py:183} INFO - Processing /opt/airflow/dags/config.py took 0.036 seconds
[2026-07-09T01:34:31.752-0500] {processor.py:161} INFO - Started process (PID=9869) to work on /opt/airflow/dags/config.py
[2026-07-09T01:34:31.753-0500] {processor.py:830} INFO - Processing file /opt/airflow/dags/config.py for tasks to queue
[2026-07-09T01:34:31.755-0500] {logging_mixin.py:188} INFO - [2026-07-09T01:34:31.755-0500] {dagbag.py:545} INFO - Filling up the DagBag from /opt/airflow/dags/config.py
[2026-07-09T01:34:31.773-0500] {processor.py:842} WARNING - No viable dags retrieved from /opt/airflow/dags/config.py
[2026-07-09T01:34:31.784-0500] {processor.py:183} INFO - Processing /opt/airflow/dags/config.py took 0.039 seconds
[2026-07-09T01:35:02.677-0500] {processor.py:161} INFO - Started process (PID=9896) to work on /opt/airflow/dags/config.py
[2026-07-09T01:35:02.678-0500] {processor.py:830} INFO - Processing file /opt/airflow/dags/config.py for tasks to queue
[2026-07-09T01:35:02.680-0500] {logging_mixin.py:188} INFO - [2026-07-09T01:35:02.679-0500] {dagbag.py:545} INFO - Filling up the DagBag from /opt/airflow/dags/config.py
[2026-07-09T01:35:02.700-0500] {processor.py:842} WARNING - No viable dags retrieved from /opt/airflow/dags/config.py
[2026-07-09T01:35:02.714-0500] {processor.py:183} INFO - Processing /opt/airflow/dags/config.py took 0.042 seconds
[2026-07-09T01:35:33.573-0500] {processor.py:161} INFO - Started process (PID=9923) to work on /opt/airflow/dags/config.py
[2026-07-09T01:35:33.574-0500] {processor.py:830} INFO - Processing file /opt/airflow/dags/config.py for tasks to queue
[2026-07-09T01:35:33.576-0500] {logging_mixin.py:188} INFO - [2026-07-09T01:35:33.576-0500] {dagbag.py:545} INFO - Filling up the DagBag from /opt/airflow/dags/config.py
[2026-07-09T01:35:33.589-0500] {processor.py:842} WARNING - No viable dags retrieved from /opt/airflow/dags/config.py
[2026-07-09T01:35:33.600-0500] {processor.py:183} INFO - Processing /opt/airflow/dags/config.py took 0.031 seconds
[2026-07-09T01:36:04.455-0500] {processor.py:161} INFO - Started process (PID=9950) to work on /opt/airflow/dags/config.py
[2026-07-09T01:36:04.456-0500] {processor.py:830} INFO - Processing file /opt/airflow/dags/config.py for tasks to queue
[2026-07-09T01:36:04.458-0500] {logging_mixin.py:188} INFO - [2026-07-09T01:36:04.458-0500] {dagbag.py:545} INFO - Filling up the DagBag from /opt/airflow/dags/config.py
[2026-07-09T01:36:04.478-0500] {processor.py:842} WARNING - No viable dags retrieved from /opt/airflow/dags/config.py
[2026-07-09T01:36:04.490-0500] {processor.py:183} INFO - Processing /opt/airflow/dags/config.py took 0.040 seconds
[2026-07-09T01:36:35.329-0500] {processor.py:161} INFO - Started process (PID=9977) to work on /opt/airflow/dags/config.py
[2026-07-09T01:36:35.330-0500] {processor.py:830} INFO - Processing file /opt/airflow/dags/config.py for tasks to queue
[2026-07-09T01:36:35.332-0500] {logging_mixin.py:188} INFO - [2026-07-09T01:36:35.332-0500] {dagbag.py:545} INFO - Filling up the DagBag from /opt/airflow/dags/config.py
[2026-07-09T01:36:35.351-0500] {processor.py:842} WARNING - No viable dags retrieved from /opt/airflow/dags/config.py
[2026-07-09T01:36:35.363-0500] {processor.py:183} INFO - Processing /opt/airflow/dags/config.py took 0.039 seconds
[2026-07-09T01:37:06.189-0500] {processor.py:161} INFO - Started process (PID=10004) to work on /opt/airflow/dags/config.py
[2026-07-09T01:37:06.190-0500] {processor.py:830} INFO - Processing file /opt/airflow/dags/config.py for tasks to queue
[2026-07-09T01:37:06.192-0500] {logging_mixin.py:188} INFO - [2026-07-09T01:37:06.191-0500] {dagbag.py:545} INFO - Filling up the DagBag from /opt/airflow/dags/config.py
[2026-07-09T01:37:06.205-0500] {processor.py:842} WARNING - No viable dags retrieved from /opt/airflow/dags/config.py
[2026-07-09T01:37:06.217-0500] {processor.py:183} INFO - Processing /opt/airflow/dags/config.py took 0.032 seconds
[2026-07-09T01:37:36.936-0500] {processor.py:161} INFO - Started process (PID=10031) to work on /opt/airflow/dags/config.py
[2026-07-09T01:37:36.937-0500] {processor.py:830} INFO - Processing file /opt/airflow/dags/config.py for tasks to queue
[2026-07-09T01:37:36.939-0500] {logging_mixin.py:188} INFO - [2026-07-09T01:37:36.939-0500] {dagbag.py:545} INFO - Filling up the DagBag from /opt/airflow/dags/config.py
[2026-07-09T01:37:36.956-0500] {processor.py:842} WARNING - No viable dags retrieved from /opt/airflow/dags/config.py
[2026-07-09T01:37:36.967-0500] {processor.py:183} INFO - Processing /opt/airflow/dags/config.py took 0.036 seconds
[2026-07-09T01:38:07.684-0500] {processor.py:161} INFO - Started process (PID=10058) to work on /opt/airflow/dags/config.py
[2026-07-09T01:38:07.685-0500] {processor.py:830} INFO - Processing file /opt/airflow/dags/config.py for tasks to queue
[2026-07-09T01:38:07.687-0500] {logging_mixin.py:188} INFO - [2026-07-09T01:38:07.687-0500] {dagbag.py:545} INFO - Filling up the DagBag from /opt/airflow/dags/config.py
[2026-07-09T01:38:07.704-0500] {processor.py:842} WARNING - No viable dags retrieved from /opt/airflow/dags/config.py
[2026-07-09T01:38:07.716-0500] {processor.py:183} INFO - Processing /opt/airflow/dags/config.py took 0.036 seconds
[2026-07-09T01:38:38.445-0500] {processor.py:161} INFO - Started process (PID=10083) to work on /opt/airflow/dags/config.py
[2026-07-09T01:38:38.446-0500] {processor.py:830} INFO - Processing file /opt/airflow/dags/config.py for tasks to queue
[2026-07-09T01:38:38.447-0500] {logging_mixin.py:188} INFO - [2026-07-09T01:38:38.447-0500] {dagbag.py:545} INFO - Filling up the DagBag from /opt/airflow/dags/config.py
[2026-07-09T01:38:38.460-0500] {processor.py:842} WARNING - No viable dags retrieved from /opt/airflow/dags/config.py
[2026-07-09T01:38:38.471-0500] {processor.py:183} INFO - Processing /opt/airflow/dags/config.py took 0.032 seconds
[2026-07-09T01:39:09.239-0500] {processor.py:161} INFO - Started process (PID=10112) to work on /opt/airflow/dags/config.py
[2026-07-09T01:39:09.240-0500] {processor.py:830} INFO - Processing file /opt/airflow/dags/config.py for tasks to queue
[2026-07-09T01:39:09.241-0500] {logging_mixin.py:188} INFO - [2026-07-09T01:39:09.241-0500] {dagbag.py:545} INFO - Filling up the DagBag from /opt/airflow/dags/config.py
[2026-07-09T01:39:09.258-0500] {processor.py:842} WARNING - No viable dags retrieved from /opt/airflow/dags/config.py
[2026-07-09T01:39:09.270-0500] {processor.py:183} INFO - Processing /opt/airflow/dags/config.py took 0.037 seconds
[2026-07-09T01:39:40.022-0500] {processor.py:161} INFO - Started process (PID=10139) to work on /opt/airflow/dags/config.py
[2026-07-09T01:39:40.024-0500] {processor.py:830} INFO - Processing file /opt/airflow/dags/config.py for tasks to queue
[2026-07-09T01:39:40.027-0500] {logging_mixin.py:188} INFO - [2026-07-09T01:39:40.026-0500] {dagbag.py:545} INFO - Filling up the DagBag from /opt/airflow/dags/config.py
[2026-07-09T01:39:40.051-0500] {processor.py:842} WARNING - No viable dags retrieved from /opt/airflow/dags/config.py
[2026-07-09T01:39:40.068-0500] {processor.py:183} INFO - Processing /opt/airflow/dags/config.py took 0.053 seconds
[2026-07-09T01:40:10.785-0500] {processor.py:161} INFO - Started process (PID=10166) to work on /opt/airflow/dags/config.py
[2026-07-09T01:40:10.785-0500] {processor.py:830} INFO - Processing file /opt/airflow/dags/config.py for tasks to queue
[2026-07-09T01:40:10.787-0500] {logging_mixin.py:188} INFO - [2026-07-09T01:40:10.787-0500] {dagbag.py:545} INFO - Filling up the DagBag from /opt/airflow/dags/config.py
[2026-07-09T01:40:10.800-0500] {processor.py:842} WARNING - No viable dags retrieved from /opt/airflow/dags/config.py
[2026-07-09T01:40:10.812-0500] {processor.py:183} INFO - Processing /opt/airflow/dags/config.py took 0.032 seconds
[2026-07-09T01:40:41.650-0500] {processor.py:161} INFO - Started process (PID=10193) to work on /opt/airflow/dags/config.py
[2026-07-09T01:40:41.651-0500] {processor.py:830} INFO - Processing file /opt/airflow/dags/config.py for tasks to queue
[2026-07-09T01:40:41.652-0500] {logging_mixin.py:188} INFO - [2026-07-09T01:40:41.652-0500] {dagbag.py:545} INFO - Filling up the DagBag from /opt/airflow/dags/config.py
[2026-07-09T01:40:41.668-0500] {processor.py:842} WARNING - No viable dags retrieved from /opt/airflow/dags/config.py
[2026-07-09T01:40:41.680-0500] {processor.py:183} INFO - Processing /opt/airflow/dags/config.py took 0.037 seconds
[2026-07-09T01:41:12.462-0500] {processor.py:161} INFO - Started process (PID=10220) to work on /opt/airflow/dags/config.py
[2026-07-09T01:41:12.464-0500] {processor.py:830} INFO - Processing file /opt/airflow/dags/config.py for tasks to queue
[2026-07-09T01:41:12.466-0500] {logging_mixin.py:188} INFO - [2026-07-09T01:41:12.466-0500] {dagbag.py:545} INFO - Filling up the DagBag from /opt/airflow/dags/config.py
[2026-07-09T01:41:12.480-0500] {processor.py:842} WARNING - No viable dags retrieved from /opt/airflow/dags/config.py
[2026-07-09T01:41:12.493-0500] {processor.py:183} INFO - Processing /opt/airflow/dags/config.py took 0.035 seconds
[2026-07-09T01:41:43.296-0500] {processor.py:161} INFO - Started process (PID=10247) to work on /opt/airflow/dags/config.py
[2026-07-09T01:41:43.297-0500] {processor.py:830} INFO - Processing file /opt/airflow/dags/config.py for tasks to queue
[2026-07-09T01:41:43.298-0500] {logging_mixin.py:188} INFO - [2026-07-09T01:41:43.298-0500] {dagbag.py:545} INFO - Filling up the DagBag from /opt/airflow/dags/config.py
[2026-07-09T01:41:43.312-0500] {processor.py:842} WARNING - No viable dags retrieved from /opt/airflow/dags/config.py
[2026-07-09T01:41:43.325-0500] {processor.py:183} INFO - Processing /opt/airflow/dags/config.py took 0.034 seconds
[2026-07-09T01:42:14.213-0500] {processor.py:161} INFO - Started process (PID=10274) to work on /opt/airflow/dags/config.py
[2026-07-09T01:42:14.214-0500] {processor.py:830} INFO - Processing file /opt/airflow/dags/config.py for tasks to queue
[2026-07-09T01:42:14.216-0500] {logging_mixin.py:188} INFO - [2026-07-09T01:42:14.216-0500] {dagbag.py:545} INFO - Filling up the DagBag from /opt/airflow/dags/config.py
[2026-07-09T01:42:14.229-0500] {processor.py:842} WARNING - No viable dags retrieved from /opt/airflow/dags/config.py
[2026-07-09T01:42:14.240-0500] {processor.py:183} INFO - Processing /opt/airflow/dags/config.py took 0.032 seconds
[2026-07-09T01:42:44.978-0500] {processor.py:161} INFO - Started process (PID=10301) to work on /opt/airflow/dags/config.py
[2026-07-09T01:42:44.979-0500] {processor.py:830} INFO - Processing file /opt/airflow/dags/config.py for tasks to queue
[2026-07-09T01:42:44.981-0500] {logging_mixin.py:188} INFO - [2026-07-09T01:42:44.980-0500] {dagbag.py:545} INFO - Filling up the DagBag from /opt/airflow/dags/config.py
[2026-07-09T01:42:44.997-0500] {processor.py:842} WARNING - No viable dags retrieved from /opt/airflow/dags/config.py
[2026-07-09T01:42:45.011-0500] {processor.py:183} INFO - Processing /opt/airflow/dags/config.py took 0.038 seconds
[2026-07-09T01:43:15.862-0500] {processor.py:161} INFO - Started process (PID=10328) to work on /opt/airflow/dags/config.py
[2026-07-09T01:43:15.863-0500] {processor.py:830} INFO - Processing file /opt/airflow/dags/config.py for tasks to queue
[2026-07-09T01:43:15.865-0500] {logging_mixin.py:188} INFO - [2026-07-09T01:43:15.865-0500] {dagbag.py:545} INFO - Filling up the DagBag from /opt/airflow/dags/config.py
[2026-07-09T01:43:15.885-0500] {processor.py:842} WARNING - No viable dags retrieved from /opt/airflow/dags/config.py
[2026-07-09T01:43:15.897-0500] {processor.py:183} INFO - Processing /opt/airflow/dags/config.py took 0.040 seconds
[2026-07-09T01:43:46.671-0500] {processor.py:161} INFO - Started process (PID=10355) to work on /opt/airflow/dags/config.py
[2026-07-09T01:43:46.672-0500] {processor.py:830} INFO - Processing file /opt/airflow/dags/config.py for tasks to queue
[2026-07-09T01:43:46.674-0500] {logging_mixin.py:188} INFO - [2026-07-09T01:43:46.673-0500] {dagbag.py:545} INFO - Filling up the DagBag from /opt/airflow/dags/config.py
[2026-07-09T01:43:46.692-0500] {processor.py:842} WARNING - No viable dags retrieved from /opt/airflow/dags/config.py
[2026-07-09T01:43:46.704-0500] {processor.py:183} INFO - Processing /opt/airflow/dags/config.py took 0.038 seconds
[2026-07-09T01:44:17.487-0500] {processor.py:161} INFO - Started process (PID=10382) to work on /opt/airflow/dags/config.py
[2026-07-09T01:44:17.488-0500] {processor.py:830} INFO - Processing file /opt/airflow/dags/config.py for tasks to queue
[2026-07-09T01:44:17.490-0500] {logging_mixin.py:188} INFO - [2026-07-09T01:44:17.490-0500] {dagbag.py:545} INFO - Filling up the DagBag from /opt/airflow/dags/config.py
[2026-07-09T01:44:17.509-0500] {processor.py:842} WARNING - No viable dags retrieved from /opt/airflow/dags/config.py
[2026-07-09T01:44:17.521-0500] {processor.py:183} INFO - Processing /opt/airflow/dags/config.py took 0.040 seconds
[2026-07-09T01:44:48.336-0500] {processor.py:161} INFO - Started process (PID=10409) to work on /opt/airflow/dags/config.py
[2026-07-09T01:44:48.337-0500] {processor.py:830} INFO - Processing file /opt/airflow/dags/config.py for tasks to queue
[2026-07-09T01:44:48.339-0500] {logging_mixin.py:188} INFO - [2026-07-09T01:44:48.339-0500] {dagbag.py:545} INFO - Filling up the DagBag from /opt/airflow/dags/config.py
[2026-07-09T01:44:48.360-0500] {processor.py:842} WARNING - No viable dags retrieved from /opt/airflow/dags/config.py
[2026-07-09T01:44:48.371-0500] {processor.py:183} INFO - Processing /opt/airflow/dags/config.py took 0.039 seconds
[2026-07-09T01:45:19.204-0500] {processor.py:161} INFO - Started process (PID=10436) to work on /opt/airflow/dags/config.py
[2026-07-09T01:45:19.205-0500] {processor.py:830} INFO - Processing file /opt/airflow/dags/config.py for tasks to queue
[2026-07-09T01:45:19.207-0500] {logging_mixin.py:188} INFO - [2026-07-09T01:45:19.207-0500] {dagbag.py:545} INFO - Filling up the DagBag from /opt/airflow/dags/config.py
[2026-07-09T01:45:19.227-0500] {processor.py:842} WARNING - No viable dags retrieved from /opt/airflow/dags/config.py
[2026-07-09T01:45:19.241-0500] {processor.py:183} INFO - Processing /opt/airflow/dags/config.py took 0.042 seconds
[2026-07-09T01:45:50.014-0500] {processor.py:161} INFO - Started process (PID=10463) to work on /opt/airflow/dags/config.py
[2026-07-09T01:45:50.015-0500] {processor.py:830} INFO - Processing file /opt/airflow/dags/config.py for tasks to queue
[2026-07-09T01:45:50.017-0500] {logging_mixin.py:188} INFO - [2026-07-09T01:45:50.017-0500] {dagbag.py:545} INFO - Filling up the DagBag from /opt/airflow/dags/config.py
[2026-07-09T01:45:50.037-0500] {processor.py:842} WARNING - No viable dags retrieved from /opt/airflow/dags/config.py
[2026-07-09T01:45:50.048-0500] {processor.py:183} INFO - Processing /opt/airflow/dags/config.py took 0.041 seconds
[2026-07-09T01:46:20.977-0500] {processor.py:161} INFO - Started process (PID=10490) to work on /opt/airflow/dags/config.py
[2026-07-09T01:46:20.978-0500] {processor.py:830} INFO - Processing file /opt/airflow/dags/config.py for tasks to queue
[2026-07-09T01:46:20.980-0500] {logging_mixin.py:188} INFO - [2026-07-09T01:46:20.979-0500] {dagbag.py:545} INFO - Filling up the DagBag from /opt/airflow/dags/config.py
[2026-07-09T01:46:20.992-0500] {processor.py:842} WARNING - No viable dags retrieved from /opt/airflow/dags/config.py
[2026-07-09T01:46:21.002-0500] {processor.py:183} INFO - Processing /opt/airflow/dags/config.py took 0.030 seconds
[2026-07-09T01:46:51.764-0500] {processor.py:161} INFO - Started process (PID=10516) to work on /opt/airflow/dags/config.py
[2026-07-09T01:46:51.765-0500] {processor.py:830} INFO - Processing file /opt/airflow/dags/config.py for tasks to queue
[2026-07-09T01:46:51.766-0500] {logging_mixin.py:188} INFO - [2026-07-09T01:46:51.766-0500] {dagbag.py:545} INFO - Filling up the DagBag from /opt/airflow/dags/config.py
[2026-07-09T01:46:51.779-0500] {processor.py:842} WARNING - No viable dags retrieved from /opt/airflow/dags/config.py
[2026-07-09T01:46:51.790-0500] {processor.py:183} INFO - Processing /opt/airflow/dags/config.py took 0.031 seconds
[2026-07-09T01:47:22.546-0500] {processor.py:161} INFO - Started process (PID=10544) to work on /opt/airflow/dags/config.py
[2026-07-09T01:47:22.548-0500] {processor.py:830} INFO - Processing file /opt/airflow/dags/config.py for tasks to queue
[2026-07-09T01:47:22.549-0500] {logging_mixin.py:188} INFO - [2026-07-09T01:47:22.549-0500] {dagbag.py:545} INFO - Filling up the DagBag from /opt/airflow/dags/config.py
[2026-07-09T01:47:22.566-0500] {processor.py:842} WARNING - No viable dags retrieved from /opt/airflow/dags/config.py
[2026-07-09T01:47:22.579-0500] {processor.py:183} INFO - Processing /opt/airflow/dags/config.py took 0.038 seconds
[2026-07-09T01:47:53.288-0500] {processor.py:161} INFO - Started process (PID=10571) to work on /opt/airflow/dags/config.py
[2026-07-09T01:47:53.289-0500] {processor.py:830} INFO - Processing file /opt/airflow/dags/config.py for tasks to queue
[2026-07-09T01:47:53.291-0500] {logging_mixin.py:188} INFO - [2026-07-09T01:47:53.291-0500] {dagbag.py:545} INFO - Filling up the DagBag from /opt/airflow/dags/config.py
[2026-07-09T01:47:53.314-0500] {processor.py:842} WARNING - No viable dags retrieved from /opt/airflow/dags/config.py
[2026-07-09T01:47:53.325-0500] {processor.py:183} INFO - Processing /opt/airflow/dags/config.py took 0.041 seconds
[2026-07-09T01:48:24.089-0500] {processor.py:161} INFO - Started process (PID=10598) to work on /opt/airflow/dags/config.py
[2026-07-09T01:48:24.090-0500] {processor.py:830} INFO - Processing file /opt/airflow/dags/config.py for tasks to queue
[2026-07-09T01:48:24.092-0500] {logging_mixin.py:188} INFO - [2026-07-09T01:48:24.092-0500] {dagbag.py:545} INFO - Filling up the DagBag from /opt/airflow/dags/config.py
[2026-07-09T01:48:24.113-0500] {processor.py:842} WARNING - No viable dags retrieved from /opt/airflow/dags/config.py
[2026-07-09T01:48:24.124-0500] {processor.py:183} INFO - Processing /opt/airflow/dags/config.py took 0.040 seconds
[2026-07-09T01:48:54.828-0500] {processor.py:161} INFO - Started process (PID=10625) to work on /opt/airflow/dags/config.py
[2026-07-09T01:48:54.829-0500] {processor.py:830} INFO - Processing file /opt/airflow/dags/config.py for tasks to queue
[2026-07-09T01:48:54.831-0500] {logging_mixin.py:188} INFO - [2026-07-09T01:48:54.830-0500] {dagbag.py:545} INFO - Filling up the DagBag from /opt/airflow/dags/config.py
[2026-07-09T01:48:54.847-0500] {processor.py:842} WARNING - No viable dags retrieved from /opt/airflow/dags/config.py
[2026-07-09T01:48:54.859-0500] {processor.py:183} INFO - Processing /opt/airflow/dags/config.py took 0.036 seconds
[2026-07-09T01:49:25.561-0500] {processor.py:161} INFO - Started process (PID=10652) to work on /opt/airflow/dags/config.py
[2026-07-09T01:49:25.561-0500] {processor.py:830} INFO - Processing file /opt/airflow/dags/config.py for tasks to queue
[2026-07-09T01:49:25.563-0500] {logging_mixin.py:188} INFO - [2026-07-09T01:49:25.562-0500] {dagbag.py:545} INFO - Filling up the DagBag from /opt/airflow/dags/config.py
[2026-07-09T01:49:25.580-0500] {processor.py:842} WARNING - No viable dags retrieved from /opt/airflow/dags/config.py
[2026-07-09T01:49:25.592-0500] {processor.py:183} INFO - Processing /opt/airflow/dags/config.py took 0.036 seconds
[2026-07-09T01:49:56.397-0500] {processor.py:161} INFO - Started process (PID=10679) to work on /opt/airflow/dags/config.py
[2026-07-09T01:49:56.398-0500] {processor.py:830} INFO - Processing file /opt/airflow/dags/config.py for tasks to queue
[2026-07-09T01:49:56.399-0500] {logging_mixin.py:188} INFO - [2026-07-09T01:49:56.399-0500] {dagbag.py:545} INFO - Filling up the DagBag from /opt/airflow/dags/config.py
[2026-07-09T01:49:56.412-0500] {processor.py:842} WARNING - No viable dags retrieved from /opt/airflow/dags/config.py
[2026-07-09T01:49:56.423-0500] {processor.py:183} INFO - Processing /opt/airflow/dags/config.py took 0.031 seconds
[2026-07-09T01:50:27.199-0500] {processor.py:161} INFO - Started process (PID=10706) to work on /opt/airflow/dags/config.py
[2026-07-09T01:50:27.200-0500] {processor.py:830} INFO - Processing file /opt/airflow/dags/config.py for tasks to queue
[2026-07-09T01:50:27.202-0500] {logging_mixin.py:188} INFO - [2026-07-09T01:50:27.202-0500] {dagbag.py:545} INFO - Filling up the DagBag from /opt/airflow/dags/config.py
[2026-07-09T01:50:27.220-0500] {processor.py:842} WARNING - No viable dags retrieved from /opt/airflow/dags/config.py
[2026-07-09T01:50:27.231-0500] {processor.py:183} INFO - Processing /opt/airflow/dags/config.py took 0.038 seconds
[2026-07-09T01:50:57.920-0500] {processor.py:161} INFO - Started process (PID=10733) to work on /opt/airflow/dags/config.py
[2026-07-09T01:50:57.921-0500] {processor.py:830} INFO - Processing file /opt/airflow/dags/config.py for tasks to queue
[2026-07-09T01:50:57.922-0500] {logging_mixin.py:188} INFO - [2026-07-09T01:50:57.922-0500] {dagbag.py:545} INFO - Filling up the DagBag from /opt/airflow/dags/config.py
[2026-07-09T01:50:57.942-0500] {processor.py:842} WARNING - No viable dags retrieved from /opt/airflow/dags/config.py
[2026-07-09T01:50:57.954-0500] {processor.py:183} INFO - Processing /opt/airflow/dags/config.py took 0.039 seconds
[2026-07-09T01:51:29.089-0500] {processor.py:161} INFO - Started process (PID=10760) to work on /opt/airflow/dags/config.py
[2026-07-09T01:51:29.090-0500] {processor.py:830} INFO - Processing file /opt/airflow/dags/config.py for tasks to queue
[2026-07-09T01:51:29.092-0500] {logging_mixin.py:188} INFO - [2026-07-09T01:51:29.092-0500] {dagbag.py:545} INFO - Filling up the DagBag from /opt/airflow/dags/config.py
[2026-07-09T01:51:29.109-0500] {processor.py:842} WARNING - No viable dags retrieved from /opt/airflow/dags/config.py
[2026-07-09T01:51:29.120-0500] {processor.py:183} INFO - Processing /opt/airflow/dags/config.py took 0.036 seconds
[2026-07-09T01:51:59.854-0500] {processor.py:161} INFO - Started process (PID=10787) to work on /opt/airflow/dags/config.py
[2026-07-09T01:51:59.855-0500] {processor.py:830} INFO - Processing file /opt/airflow/dags/config.py for tasks to queue
[2026-07-09T01:51:59.857-0500] {logging_mixin.py:188} INFO - [2026-07-09T01:51:59.857-0500] {dagbag.py:545} INFO - Filling up the DagBag from /opt/airflow/dags/config.py
[2026-07-09T01:51:59.875-0500] {processor.py:842} WARNING - No viable dags retrieved from /opt/airflow/dags/config.py
[2026-07-09T01:51:59.886-0500] {processor.py:183} INFO - Processing /opt/airflow/dags/config.py took 0.037 seconds
[2026-07-09T01:52:30.618-0500] {processor.py:161} INFO - Started process (PID=10814) to work on /opt/airflow/dags/config.py
[2026-07-09T01:52:30.621-0500] {processor.py:830} INFO - Processing file /opt/airflow/dags/config.py for tasks to queue
[2026-07-09T01:52:30.624-0500] {logging_mixin.py:188} INFO - [2026-07-09T01:52:30.623-0500] {dagbag.py:545} INFO - Filling up the DagBag from /opt/airflow/dags/config.py
[2026-07-09T01:52:30.647-0500] {processor.py:842} WARNING - No viable dags retrieved from /opt/airflow/dags/config.py
[2026-07-09T01:52:30.662-0500] {processor.py:183} INFO - Processing /opt/airflow/dags/config.py took 0.051 seconds
[2026-07-09T01:53:01.417-0500] {processor.py:161} INFO - Started process (PID=10841) to work on /opt/airflow/dags/config.py
[2026-07-09T01:53:01.418-0500] {processor.py:830} INFO - Processing file /opt/airflow/dags/config.py for tasks to queue
[2026-07-09T01:53:01.420-0500] {logging_mixin.py:188} INFO - [2026-07-09T01:53:01.420-0500] {dagbag.py:545} INFO - Filling up the DagBag from /opt/airflow/dags/config.py
[2026-07-09T01:53:01.433-0500] {processor.py:842} WARNING - No viable dags retrieved from /opt/airflow/dags/config.py
[2026-07-09T01:53:01.444-0500] {processor.py:183} INFO - Processing /opt/airflow/dags/config.py took 0.032 seconds
[2026-07-09T01:53:32.157-0500] {processor.py:161} INFO - Started process (PID=10868) to work on /opt/airflow/dags/config.py
[2026-07-09T01:53:32.158-0500] {processor.py:830} INFO - Processing file /opt/airflow/dags/config.py for tasks to queue
[2026-07-09T01:53:32.160-0500] {logging_mixin.py:188} INFO - [2026-07-09T01:53:32.160-0500] {dagbag.py:545} INFO - Filling up the DagBag from /opt/airflow/dags/config.py
[2026-07-09T01:53:32.180-0500] {processor.py:842} WARNING - No viable dags retrieved from /opt/airflow/dags/config.py
[2026-07-09T01:53:32.190-0500] {processor.py:183} INFO - Processing /opt/airflow/dags/config.py took 0.037 seconds
[2026-07-09T01:54:02.961-0500] {processor.py:161} INFO - Started process (PID=10895) to work on /opt/airflow/dags/config.py
[2026-07-09T01:54:02.962-0500] {processor.py:830} INFO - Processing file /opt/airflow/dags/config.py for tasks to queue
[2026-07-09T01:54:02.963-0500] {logging_mixin.py:188} INFO - [2026-07-09T01:54:02.963-0500] {dagbag.py:545} INFO - Filling up the DagBag from /opt/airflow/dags/config.py
[2026-07-09T01:54:02.985-0500] {processor.py:842} WARNING - No viable dags retrieved from /opt/airflow/dags/config.py
[2026-07-09T01:54:02.996-0500] {processor.py:183} INFO - Processing /opt/airflow/dags/config.py took 0.040 seconds
[2026-07-09T01:54:33.757-0500] {processor.py:161} INFO - Started process (PID=10922) to work on /opt/airflow/dags/config.py
[2026-07-09T01:54:33.758-0500] {processor.py:830} INFO - Processing file /opt/airflow/dags/config.py for tasks to queue
[2026-07-09T01:54:33.759-0500] {logging_mixin.py:188} INFO - [2026-07-09T01:54:33.759-0500] {dagbag.py:545} INFO - Filling up the DagBag from /opt/airflow/dags/config.py
[2026-07-09T01:54:33.777-0500] {processor.py:842} WARNING - No viable dags retrieved from /opt/airflow/dags/config.py
[2026-07-09T01:54:33.788-0500] {processor.py:183} INFO - Processing /opt/airflow/dags/config.py took 0.036 seconds
[2026-07-09T01:55:04.530-0500] {processor.py:161} INFO - Started process (PID=10949) to work on /opt/airflow/dags/config.py
[2026-07-09T01:55:04.531-0500] {processor.py:830} INFO - Processing file /opt/airflow/dags/config.py for tasks to queue
[2026-07-09T01:55:04.533-0500] {logging_mixin.py:188} INFO - [2026-07-09T01:55:04.533-0500] {dagbag.py:545} INFO - Filling up the DagBag from /opt/airflow/dags/config.py
[2026-07-09T01:55:04.551-0500] {processor.py:842} WARNING - No viable dags retrieved from /opt/airflow/dags/config.py
[2026-07-09T01:55:04.564-0500] {processor.py:183} INFO - Processing /opt/airflow/dags/config.py took 0.039 seconds
[2026-07-09T01:55:35.325-0500] {processor.py:161} INFO - Started process (PID=10976) to work on /opt/airflow/dags/config.py
[2026-07-09T01:55:35.326-0500] {processor.py:830} INFO - Processing file /opt/airflow/dags/config.py for tasks to queue
[2026-07-09T01:55:35.328-0500] {logging_mixin.py:188} INFO - [2026-07-09T01:55:35.328-0500] {dagbag.py:545} INFO - Filling up the DagBag from /opt/airflow/dags/config.py
[2026-07-09T01:55:35.348-0500] {processor.py:842} WARNING - No viable dags retrieved from /opt/airflow/dags/config.py
[2026-07-09T01:55:35.361-0500] {processor.py:183} INFO - Processing /opt/airflow/dags/config.py took 0.041 seconds
[2026-07-09T01:56:06.112-0500] {processor.py:161} INFO - Started process (PID=11001) to work on /opt/airflow/dags/config.py
[2026-07-09T01:56:06.113-0500] {processor.py:830} INFO - Processing file /opt/airflow/dags/config.py for tasks to queue
[2026-07-09T01:56:06.115-0500] {logging_mixin.py:188} INFO - [2026-07-09T01:56:06.115-0500] {dagbag.py:545} INFO - Filling up the DagBag from /opt/airflow/dags/config.py
[2026-07-09T01:56:06.138-0500] {processor.py:842} WARNING - No viable dags retrieved from /opt/airflow/dags/config.py
[2026-07-09T01:56:06.152-0500] {processor.py:183} INFO - Processing /opt/airflow/dags/config.py took 0.045 seconds
[2026-07-09T01:56:37.131-0500] {processor.py:161} INFO - Started process (PID=11028) to work on /opt/airflow/dags/config.py
[2026-07-09T01:56:37.132-0500] {processor.py:830} INFO - Processing file /opt/airflow/dags/config.py for tasks to queue
[2026-07-09T01:56:37.134-0500] {logging_mixin.py:188} INFO - [2026-07-09T01:56:37.133-0500] {dagbag.py:545} INFO - Filling up the DagBag from /opt/airflow/dags/config.py
[2026-07-09T01:56:37.148-0500] {processor.py:842} WARNING - No viable dags retrieved from /opt/airflow/dags/config.py
[2026-07-09T01:56:37.161-0500] {processor.py:183} INFO - Processing /opt/airflow/dags/config.py took 0.037 seconds
[2026-07-09T01:57:08.078-0500] {processor.py:161} INFO - Started process (PID=11057) to work on /opt/airflow/dags/config.py
[2026-07-09T01:57:08.079-0500] {processor.py:830} INFO - Processing file /opt/airflow/dags/config.py for tasks to queue
[2026-07-09T01:57:08.081-0500] {logging_mixin.py:188} INFO - [2026-07-09T01:57:08.080-0500] {dagbag.py:545} INFO - Filling up the DagBag from /opt/airflow/dags/config.py
[2026-07-09T01:57:08.092-0500] {processor.py:842} WARNING - No viable dags retrieved from /opt/airflow/dags/config.py
[2026-07-09T01:57:08.103-0500] {processor.py:183} INFO - Processing /opt/airflow/dags/config.py took 0.030 seconds
[2026-07-09T01:57:38.853-0500] {processor.py:161} INFO - Started process (PID=11082) to work on /opt/airflow/dags/config.py
[2026-07-09T01:57:38.854-0500] {processor.py:830} INFO - Processing file /opt/airflow/dags/config.py for tasks to queue
[2026-07-09T01:57:38.856-0500] {logging_mixin.py:188} INFO - [2026-07-09T01:57:38.856-0500] {dagbag.py:545} INFO - Filling up the DagBag from /opt/airflow/dags/config.py
[2026-07-09T01:57:38.873-0500] {processor.py:842} WARNING - No viable dags retrieved from /opt/airflow/dags/config.py
[2026-07-09T01:57:38.885-0500] {processor.py:183} INFO - Processing /opt/airflow/dags/config.py took 0.038 seconds
[2026-07-09T01:58:09.825-0500] {processor.py:161} INFO - Started process (PID=11109) to work on /opt/airflow/dags/config.py
[2026-07-09T01:58:09.826-0500] {processor.py:830} INFO - Processing file /opt/airflow/dags/config.py for tasks to queue
[2026-07-09T01:58:09.828-0500] {logging_mixin.py:188} INFO - [2026-07-09T01:58:09.827-0500] {dagbag.py:545} INFO - Filling up the DagBag from /opt/airflow/dags/config.py
[2026-07-09T01:58:09.846-0500] {processor.py:842} WARNING - No viable dags retrieved from /opt/airflow/dags/config.py
[2026-07-09T01:58:09.859-0500] {processor.py:183} INFO - Processing /opt/airflow/dags/config.py took 0.039 seconds
[2026-07-09T01:58:40.691-0500] {processor.py:161} INFO - Started process (PID=11138) to work on /opt/airflow/dags/config.py
[2026-07-09T01:58:40.692-0500] {processor.py:830} INFO - Processing file /opt/airflow/dags/config.py for tasks to queue
[2026-07-09T01:58:40.694-0500] {logging_mixin.py:188} INFO - [2026-07-09T01:58:40.693-0500] {dagbag.py:545} INFO - Filling up the DagBag from /opt/airflow/dags/config.py
[2026-07-09T01:58:40.713-0500] {processor.py:842} WARNING - No viable dags retrieved from /opt/airflow/dags/config.py
[2026-07-09T01:58:40.727-0500] {processor.py:183} INFO - Processing /opt/airflow/dags/config.py took 0.041 seconds
[2026-07-09T01:59:11.625-0500] {processor.py:161} INFO - Started process (PID=11165) to work on /opt/airflow/dags/config.py
[2026-07-09T01:59:11.626-0500] {processor.py:830} INFO - Processing file /opt/airflow/dags/config.py for tasks to queue
[2026-07-09T01:59:11.628-0500] {logging_mixin.py:188} INFO - [2026-07-09T01:59:11.628-0500] {dagbag.py:545} INFO - Filling up the DagBag from /opt/airflow/dags/config.py
[2026-07-09T01:59:11.641-0500] {processor.py:842} WARNING - No viable dags retrieved from /opt/airflow/dags/config.py
[2026-07-09T01:59:11.655-0500] {processor.py:183} INFO - Processing /opt/airflow/dags/config.py took 0.034 seconds
[2026-07-09T01:59:42.543-0500] {processor.py:161} INFO - Started process (PID=11192) to work on /opt/airflow/dags/config.py
[2026-07-09T01:59:42.544-0500] {processor.py:830} INFO - Processing file /opt/airflow/dags/config.py for tasks to queue
[2026-07-09T01:59:42.546-0500] {logging_mixin.py:188} INFO - [2026-07-09T01:59:42.545-0500] {dagbag.py:545} INFO - Filling up the DagBag from /opt/airflow/dags/config.py
[2026-07-09T01:59:42.562-0500] {processor.py:842} WARNING - No viable dags retrieved from /opt/airflow/dags/config.py
[2026-07-09T01:59:42.576-0500] {processor.py:183} INFO - Processing /opt/airflow/dags/config.py took 0.038 seconds
[2026-07-09T02:00:13.459-0500] {processor.py:161} INFO - Started process (PID=11219) to work on /opt/airflow/dags/config.py
[2026-07-09T02:00:13.460-0500] {processor.py:830} INFO - Processing file /opt/airflow/dags/config.py for tasks to queue
[2026-07-09T02:00:13.462-0500] {logging_mixin.py:188} INFO - [2026-07-09T02:00:13.462-0500] {dagbag.py:545} INFO - Filling up the DagBag from /opt/airflow/dags/config.py
[2026-07-09T02:00:13.485-0500] {processor.py:842} WARNING - No viable dags retrieved from /opt/airflow/dags/config.py
[2026-07-09T02:00:13.498-0500] {processor.py:183} INFO - Processing /opt/airflow/dags/config.py took 0.047 seconds
[2026-07-09T02:00:44.301-0500] {processor.py:161} INFO - Started process (PID=11246) to work on /opt/airflow/dags/config.py
[2026-07-09T02:00:44.302-0500] {processor.py:830} INFO - Processing file /opt/airflow/dags/config.py for tasks to queue
[2026-07-09T02:00:44.304-0500] {logging_mixin.py:188} INFO - [2026-07-09T02:00:44.304-0500] {dagbag.py:545} INFO - Filling up the DagBag from /opt/airflow/dags/config.py
[2026-07-09T02:00:44.326-0500] {processor.py:842} WARNING - No viable dags retrieved from /opt/airflow/dags/config.py
[2026-07-09T02:00:44.338-0500] {processor.py:183} INFO - Processing /opt/airflow/dags/config.py took 0.046 seconds
[2026-07-09T02:01:15.285-0500] {processor.py:161} INFO - Started process (PID=11273) to work on /opt/airflow/dags/config.py
[2026-07-09T02:01:15.286-0500] {processor.py:830} INFO - Processing file /opt/airflow/dags/config.py for tasks to queue
[2026-07-09T02:01:15.289-0500] {logging_mixin.py:188} INFO - [2026-07-09T02:01:15.288-0500] {dagbag.py:545} INFO - Filling up the DagBag from /opt/airflow/dags/config.py
[2026-07-09T02:01:15.312-0500] {processor.py:842} WARNING - No viable dags retrieved from /opt/airflow/dags/config.py
[2026-07-09T02:01:15.329-0500] {processor.py:183} INFO - Processing /opt/airflow/dags/config.py took 0.051 seconds
[2026-07-09T02:01:46.314-0500] {processor.py:161} INFO - Started process (PID=11300) to work on /opt/airflow/dags/config.py
[2026-07-09T02:01:46.315-0500] {processor.py:830} INFO - Processing file /opt/airflow/dags/config.py for tasks to queue
[2026-07-09T02:01:46.317-0500] {logging_mixin.py:188} INFO - [2026-07-09T02:01:46.316-0500] {dagbag.py:545} INFO - Filling up the DagBag from /opt/airflow/dags/config.py
[2026-07-09T02:01:46.335-0500] {processor.py:842} WARNING - No viable dags retrieved from /opt/airflow/dags/config.py
[2026-07-09T02:01:46.348-0500] {processor.py:183} INFO - Processing /opt/airflow/dags/config.py took 0.038 seconds
[2026-07-09T02:02:17.177-0500] {processor.py:161} INFO - Started process (PID=11327) to work on /opt/airflow/dags/config.py
[2026-07-09T02:02:17.178-0500] {processor.py:830} INFO - Processing file /opt/airflow/dags/config.py for tasks to queue
[2026-07-09T02:02:17.180-0500] {logging_mixin.py:188} INFO - [2026-07-09T02:02:17.179-0500] {dagbag.py:545} INFO - Filling up the DagBag from /opt/airflow/dags/config.py
[2026-07-09T02:02:17.196-0500] {processor.py:842} WARNING - No viable dags retrieved from /opt/airflow/dags/config.py
[2026-07-09T02:02:17.207-0500] {processor.py:183} INFO - Processing /opt/airflow/dags/config.py took 0.035 seconds
[2026-07-09T02:02:48.142-0500] {processor.py:161} INFO - Started process (PID=11354) to work on /opt/airflow/dags/config.py
[2026-07-09T02:02:48.143-0500] {processor.py:830} INFO - Processing file /opt/airflow/dags/config.py for tasks to queue
[2026-07-09T02:02:48.144-0500] {logging_mixin.py:188} INFO - [2026-07-09T02:02:48.144-0500] {dagbag.py:545} INFO - Filling up the DagBag from /opt/airflow/dags/config.py
[2026-07-09T02:02:48.166-0500] {processor.py:842} WARNING - No viable dags retrieved from /opt/airflow/dags/config.py
[2026-07-09T02:02:48.178-0500] {processor.py:183} INFO - Processing /opt/airflow/dags/config.py took 0.042 seconds
[2026-07-09T02:03:19.096-0500] {processor.py:161} INFO - Started process (PID=11381) to work on /opt/airflow/dags/config.py
[2026-07-09T02:03:19.097-0500] {processor.py:830} INFO - Processing file /opt/airflow/dags/config.py for tasks to queue
[2026-07-09T02:03:19.099-0500] {logging_mixin.py:188} INFO - [2026-07-09T02:03:19.098-0500] {dagbag.py:545} INFO - Filling up the DagBag from /opt/airflow/dags/config.py
[2026-07-09T02:03:19.115-0500] {processor.py:842} WARNING - No viable dags retrieved from /opt/airflow/dags/config.py
[2026-07-09T02:03:19.129-0500] {processor.py:183} INFO - Processing /opt/airflow/dags/config.py took 0.038 seconds
[2026-07-09T02:03:50.010-0500] {processor.py:161} INFO - Started process (PID=11408) to work on /opt/airflow/dags/config.py
[2026-07-09T02:03:50.011-0500] {processor.py:830} INFO - Processing file /opt/airflow/dags/config.py for tasks to queue
[2026-07-09T02:03:50.013-0500] {logging_mixin.py:188} INFO - [2026-07-09T02:03:50.013-0500] {dagbag.py:545} INFO - Filling up the DagBag from /opt/airflow/dags/config.py
[2026-07-09T02:03:50.033-0500] {processor.py:842} WARNING - No viable dags retrieved from /opt/airflow/dags/config.py
[2026-07-09T02:03:50.044-0500] {processor.py:183} INFO - Processing /opt/airflow/dags/config.py took 0.039 seconds
[2026-07-09T02:04:20.807-0500] {processor.py:161} INFO - Started process (PID=11435) to work on /opt/airflow/dags/config.py
[2026-07-09T02:04:20.808-0500] {processor.py:830} INFO - Processing file /opt/airflow/dags/config.py for tasks to queue
[2026-07-09T02:04:20.810-0500] {logging_mixin.py:188} INFO - [2026-07-09T02:04:20.809-0500] {dagbag.py:545} INFO - Filling up the DagBag from /opt/airflow/dags/config.py
[2026-07-09T02:04:20.826-0500] {processor.py:842} WARNING - No viable dags retrieved from /opt/airflow/dags/config.py
[2026-07-09T02:04:20.838-0500] {processor.py:183} INFO - Processing /opt/airflow/dags/config.py took 0.036 seconds
[2026-07-09T02:04:51.626-0500] {processor.py:161} INFO - Started process (PID=11460) to work on /opt/airflow/dags/config.py
[2026-07-09T02:04:51.627-0500] {processor.py:830} INFO - Processing file /opt/airflow/dags/config.py for tasks to queue
[2026-07-09T02:04:51.629-0500] {logging_mixin.py:188} INFO - [2026-07-09T02:04:51.629-0500] {dagbag.py:545} INFO - Filling up the DagBag from /opt/airflow/dags/config.py
[2026-07-09T02:04:51.645-0500] {processor.py:842} WARNING - No viable dags retrieved from /opt/airflow/dags/config.py
[2026-07-09T02:04:51.657-0500] {processor.py:183} INFO - Processing /opt/airflow/dags/config.py took 0.035 seconds
[2026-07-09T02:05:22.461-0500] {processor.py:161} INFO - Started process (PID=11489) to work on /opt/airflow/dags/config.py
[2026-07-09T02:05:22.462-0500] {processor.py:830} INFO - Processing file /opt/airflow/dags/config.py for tasks to queue
[2026-07-09T02:05:22.464-0500] {logging_mixin.py:188} INFO - [2026-07-09T02:05:22.464-0500] {dagbag.py:545} INFO - Filling up the DagBag from /opt/airflow/dags/config.py
[2026-07-09T02:05:22.484-0500] {processor.py:842} WARNING - No viable dags retrieved from /opt/airflow/dags/config.py
[2026-07-09T02:05:22.497-0500] {processor.py:183} INFO - Processing /opt/airflow/dags/config.py took 0.041 seconds
[2026-07-09T02:05:53.288-0500] {processor.py:161} INFO - Started process (PID=11516) to work on /opt/airflow/dags/config.py
[2026-07-09T02:05:53.289-0500] {processor.py:830} INFO - Processing file /opt/airflow/dags/config.py for tasks to queue
[2026-07-09T02:05:53.291-0500] {logging_mixin.py:188} INFO - [2026-07-09T02:05:53.291-0500] {dagbag.py:545} INFO - Filling up the DagBag from /opt/airflow/dags/config.py
[2026-07-09T02:05:53.314-0500] {processor.py:842} WARNING - No viable dags retrieved from /opt/airflow/dags/config.py
[2026-07-09T02:05:53.327-0500] {processor.py:183} INFO - Processing /opt/airflow/dags/config.py took 0.044 seconds
[2026-07-09T02:06:24.365-0500] {processor.py:161} INFO - Started process (PID=11541) to work on /opt/airflow/dags/config.py
[2026-07-09T02:06:24.366-0500] {processor.py:830} INFO - Processing file /opt/airflow/dags/config.py for tasks to queue
[2026-07-09T02:06:24.368-0500] {logging_mixin.py:188} INFO - [2026-07-09T02:06:24.367-0500] {dagbag.py:545} INFO - Filling up the DagBag from /opt/airflow/dags/config.py
[2026-07-09T02:06:24.392-0500] {processor.py:842} WARNING - No viable dags retrieved from /opt/airflow/dags/config.py
[2026-07-09T02:06:24.405-0500] {processor.py:183} INFO - Processing /opt/airflow/dags/config.py took 0.045 seconds
[2026-07-09T02:06:55.208-0500] {processor.py:161} INFO - Started process (PID=11570) to work on /opt/airflow/dags/config.py
[2026-07-09T02:06:55.209-0500] {processor.py:830} INFO - Processing file /opt/airflow/dags/config.py for tasks to queue
[2026-07-09T02:06:55.211-0500] {logging_mixin.py:188} INFO - [2026-07-09T02:06:55.211-0500] {dagbag.py:545} INFO - Filling up the DagBag from /opt/airflow/dags/config.py
[2026-07-09T02:06:55.233-0500] {processor.py:842} WARNING - No viable dags retrieved from /opt/airflow/dags/config.py
[2026-07-09T02:06:55.245-0500] {processor.py:183} INFO - Processing /opt/airflow/dags/config.py took 0.042 seconds
[2026-07-09T02:07:26.083-0500] {processor.py:161} INFO - Started process (PID=11595) to work on /opt/airflow/dags/config.py
[2026-07-09T02:07:26.085-0500] {processor.py:830} INFO - Processing file /opt/airflow/dags/config.py for tasks to queue
[2026-07-09T02:07:26.087-0500] {logging_mixin.py:188} INFO - [2026-07-09T02:07:26.087-0500] {dagbag.py:545} INFO - Filling up the DagBag from /opt/airflow/dags/config.py
[2026-07-09T02:07:26.107-0500] {processor.py:842} WARNING - No viable dags retrieved from /opt/airflow/dags/config.py
[2026-07-09T02:07:26.122-0500] {processor.py:183} INFO - Processing /opt/airflow/dags/config.py took 0.044 seconds
[2026-07-09T02:07:56.865-0500] {processor.py:161} INFO - Started process (PID=11624) to work on /opt/airflow/dags/config.py
[2026-07-09T02:07:56.866-0500] {processor.py:830} INFO - Processing file /opt/airflow/dags/config.py for tasks to queue
[2026-07-09T02:07:56.867-0500] {logging_mixin.py:188} INFO - [2026-07-09T02:07:56.867-0500] {dagbag.py:545} INFO - Filling up the DagBag from /opt/airflow/dags/config.py
[2026-07-09T02:07:56.885-0500] {processor.py:842} WARNING - No viable dags retrieved from /opt/airflow/dags/config.py
[2026-07-09T02:07:56.897-0500] {processor.py:183} INFO - Processing /opt/airflow/dags/config.py took 0.037 seconds
[2026-07-09T02:08:27.601-0500] {processor.py:161} INFO - Started process (PID=11651) to work on /opt/airflow/dags/config.py
[2026-07-09T02:08:27.602-0500] {processor.py:830} INFO - Processing file /opt/airflow/dags/config.py for tasks to queue
[2026-07-09T02:08:27.604-0500] {logging_mixin.py:188} INFO - [2026-07-09T02:08:27.603-0500] {dagbag.py:545} INFO - Filling up the DagBag from /opt/airflow/dags/config.py
[2026-07-09T02:08:27.621-0500] {processor.py:842} WARNING - No viable dags retrieved from /opt/airflow/dags/config.py
[2026-07-09T02:08:27.632-0500] {processor.py:183} INFO - Processing /opt/airflow/dags/config.py took 0.035 seconds
[2026-07-09T02:08:58.362-0500] {processor.py:161} INFO - Started process (PID=11678) to work on /opt/airflow/dags/config.py
[2026-07-09T02:08:58.363-0500] {processor.py:830} INFO - Processing file /opt/airflow/dags/config.py for tasks to queue
[2026-07-09T02:08:58.365-0500] {logging_mixin.py:188} INFO - [2026-07-09T02:08:58.364-0500] {dagbag.py:545} INFO - Filling up the DagBag from /opt/airflow/dags/config.py
[2026-07-09T02:08:58.378-0500] {processor.py:842} WARNING - No viable dags retrieved from /opt/airflow/dags/config.py
[2026-07-09T02:08:58.391-0500] {processor.py:183} INFO - Processing /opt/airflow/dags/config.py took 0.034 seconds
[2026-07-09T02:09:29.259-0500] {processor.py:161} INFO - Started process (PID=11705) to work on /opt/airflow/dags/config.py
[2026-07-09T02:09:29.260-0500] {processor.py:830} INFO - Processing file /opt/airflow/dags/config.py for tasks to queue
[2026-07-09T02:09:29.261-0500] {logging_mixin.py:188} INFO - [2026-07-09T02:09:29.261-0500] {dagbag.py:545} INFO - Filling up the DagBag from /opt/airflow/dags/config.py
[2026-07-09T02:09:29.283-0500] {processor.py:842} WARNING - No viable dags retrieved from /opt/airflow/dags/config.py
[2026-07-09T02:09:29.295-0500] {processor.py:183} INFO - Processing /opt/airflow/dags/config.py took 0.042 seconds
[2026-07-09T02:10:00.041-0500] {processor.py:161} INFO - Started process (PID=11732) to work on /opt/airflow/dags/config.py
[2026-07-09T02:10:00.042-0500] {processor.py:830} INFO - Processing file /opt/airflow/dags/config.py for tasks to queue
[2026-07-09T02:10:00.044-0500] {logging_mixin.py:188} INFO - [2026-07-09T02:10:00.044-0500] {dagbag.py:545} INFO - Filling up the DagBag from /opt/airflow/dags/config.py
[2026-07-09T02:10:00.064-0500] {processor.py:842} WARNING - No viable dags retrieved from /opt/airflow/dags/config.py
[2026-07-09T02:10:00.076-0500] {processor.py:183} INFO - Processing /opt/airflow/dags/config.py took 0.040 seconds
[2026-07-09T02:10:30.774-0500] {processor.py:161} INFO - Started process (PID=11759) to work on /opt/airflow/dags/config.py
[2026-07-09T02:10:30.775-0500] {processor.py:830} INFO - Processing file /opt/airflow/dags/config.py for tasks to queue
[2026-07-09T02:10:30.776-0500] {logging_mixin.py:188} INFO - [2026-07-09T02:10:30.776-0500] {dagbag.py:545} INFO - Filling up the DagBag from /opt/airflow/dags/config.py
[2026-07-09T02:10:30.797-0500] {processor.py:842} WARNING - No viable dags retrieved from /opt/airflow/dags/config.py
[2026-07-09T02:10:30.809-0500] {processor.py:183} INFO - Processing /opt/airflow/dags/config.py took 0.042 seconds
[2026-07-09T02:11:01.681-0500] {processor.py:161} INFO - Started process (PID=11784) to work on /opt/airflow/dags/config.py
[2026-07-09T02:11:01.682-0500] {processor.py:830} INFO - Processing file /opt/airflow/dags/config.py for tasks to queue
[2026-07-09T02:11:01.684-0500] {logging_mixin.py:188} INFO - [2026-07-09T02:11:01.683-0500] {dagbag.py:545} INFO - Filling up the DagBag from /opt/airflow/dags/config.py
[2026-07-09T02:11:01.700-0500] {processor.py:842} WARNING - No viable dags retrieved from /opt/airflow/dags/config.py
[2026-07-09T02:11:01.711-0500] {processor.py:183} INFO - Processing /opt/airflow/dags/config.py took 0.036 seconds
[2026-07-09T02:11:32.733-0500] {processor.py:161} INFO - Started process (PID=11813) to work on /opt/airflow/dags/config.py
[2026-07-09T02:11:32.734-0500] {processor.py:830} INFO - Processing file /opt/airflow/dags/config.py for tasks to queue
[2026-07-09T02:11:32.736-0500] {logging_mixin.py:188} INFO - [2026-07-09T02:11:32.735-0500] {dagbag.py:545} INFO - Filling up the DagBag from /opt/airflow/dags/config.py
[2026-07-09T02:11:32.756-0500] {processor.py:842} WARNING - No viable dags retrieved from /opt/airflow/dags/config.py
[2026-07-09T02:11:32.769-0500] {processor.py:183} INFO - Processing /opt/airflow/dags/config.py took 0.041 seconds
[2026-07-09T02:12:03.712-0500] {processor.py:161} INFO - Started process (PID=11840) to work on /opt/airflow/dags/config.py
[2026-07-09T02:12:03.713-0500] {processor.py:830} INFO - Processing file /opt/airflow/dags/config.py for tasks to queue
[2026-07-09T02:12:03.715-0500] {logging_mixin.py:188} INFO - [2026-07-09T02:12:03.715-0500] {dagbag.py:545} INFO - Filling up the DagBag from /opt/airflow/dags/config.py
[2026-07-09T02:12:03.732-0500] {processor.py:842} WARNING - No viable dags retrieved from /opt/airflow/dags/config.py
[2026-07-09T02:12:03.747-0500] {processor.py:183} INFO - Processing /opt/airflow/dags/config.py took 0.041 seconds
[2026-07-09T02:12:34.456-0500] {processor.py:161} INFO - Started process (PID=11867) to work on /opt/airflow/dags/config.py
[2026-07-09T02:12:34.457-0500] {processor.py:830} INFO - Processing file /opt/airflow/dags/config.py for tasks to queue
[2026-07-09T02:12:34.458-0500] {logging_mixin.py:188} INFO - [2026-07-09T02:12:34.458-0500] {dagbag.py:545} INFO - Filling up the DagBag from /opt/airflow/dags/config.py
[2026-07-09T02:12:34.471-0500] {processor.py:842} WARNING - No viable dags retrieved from /opt/airflow/dags/config.py
[2026-07-09T02:12:34.483-0500] {processor.py:183} INFO - Processing /opt/airflow/dags/config.py took 0.032 seconds
[2026-07-09T02:13:05.349-0500] {processor.py:161} INFO - Started process (PID=11894) to work on /opt/airflow/dags/config.py
[2026-07-09T02:13:05.350-0500] {processor.py:830} INFO - Processing file /opt/airflow/dags/config.py for tasks to queue
[2026-07-09T02:13:05.351-0500] {logging_mixin.py:188} INFO - [2026-07-09T02:13:05.351-0500] {dagbag.py:545} INFO - Filling up the DagBag from /opt/airflow/dags/config.py
[2026-07-09T02:13:05.365-0500] {processor.py:842} WARNING - No viable dags retrieved from /opt/airflow/dags/config.py
[2026-07-09T02:13:05.377-0500] {processor.py:183} INFO - Processing /opt/airflow/dags/config.py took 0.033 seconds
[2026-07-09T02:13:36.256-0500] {processor.py:161} INFO - Started process (PID=11921) to work on /opt/airflow/dags/config.py
[2026-07-09T02:13:36.257-0500] {processor.py:830} INFO - Processing file /opt/airflow/dags/config.py for tasks to queue
[2026-07-09T02:13:36.259-0500] {logging_mixin.py:188} INFO - [2026-07-09T02:13:36.259-0500] {dagbag.py:545} INFO - Filling up the DagBag from /opt/airflow/dags/config.py
[2026-07-09T02:13:36.279-0500] {processor.py:842} WARNING - No viable dags retrieved from /opt/airflow/dags/config.py
[2026-07-09T02:13:36.292-0500] {processor.py:183} INFO - Processing /opt/airflow/dags/config.py took 0.041 seconds
[2026-07-09T02:14:07.134-0500] {processor.py:161} INFO - Started process (PID=11948) to work on /opt/airflow/dags/config.py
[2026-07-09T02:14:07.136-0500] {processor.py:830} INFO - Processing file /opt/airflow/dags/config.py for tasks to queue
[2026-07-09T02:14:07.137-0500] {logging_mixin.py:188} INFO - [2026-07-09T02:14:07.137-0500] {dagbag.py:545} INFO - Filling up the DagBag from /opt/airflow/dags/config.py
[2026-07-09T02:14:07.158-0500] {processor.py:842} WARNING - No viable dags retrieved from /opt/airflow/dags/config.py
[2026-07-09T02:14:07.171-0500] {processor.py:183} INFO - Processing /opt/airflow/dags/config.py took 0.042 seconds
[2026-07-09T02:14:37.909-0500] {processor.py:161} INFO - Started process (PID=11975) to work on /opt/airflow/dags/config.py
[2026-07-09T02:14:37.910-0500] {processor.py:830} INFO - Processing file /opt/airflow/dags/config.py for tasks to queue
[2026-07-09T02:14:37.912-0500] {logging_mixin.py:188} INFO - [2026-07-09T02:14:37.912-0500] {dagbag.py:545} INFO - Filling up the DagBag from /opt/airflow/dags/config.py
[2026-07-09T02:14:37.935-0500] {processor.py:842} WARNING - No viable dags retrieved from /opt/airflow/dags/config.py
[2026-07-09T02:14:37.947-0500] {processor.py:183} INFO - Processing /opt/airflow/dags/config.py took 0.043 seconds
[2026-07-09T02:15:08.643-0500] {processor.py:161} INFO - Started process (PID=12002) to work on /opt/airflow/dags/config.py
[2026-07-09T02:15:08.644-0500] {processor.py:830} INFO - Processing file /opt/airflow/dags/config.py for tasks to queue
[2026-07-09T02:15:08.645-0500] {logging_mixin.py:188} INFO - [2026-07-09T02:15:08.645-0500] {dagbag.py:545} INFO - Filling up the DagBag from /opt/airflow/dags/config.py
[2026-07-09T02:15:08.663-0500] {processor.py:842} WARNING - No viable dags retrieved from /opt/airflow/dags/config.py
[2026-07-09T02:15:08.677-0500] {processor.py:183} INFO - Processing /opt/airflow/dags/config.py took 0.039 seconds
[2026-07-09T02:15:39.542-0500] {processor.py:161} INFO - Started process (PID=12029) to work on /opt/airflow/dags/config.py
[2026-07-09T02:15:39.543-0500] {processor.py:830} INFO - Processing file /opt/airflow/dags/config.py for tasks to queue
[2026-07-09T02:15:39.545-0500] {logging_mixin.py:188} INFO - [2026-07-09T02:15:39.544-0500] {dagbag.py:545} INFO - Filling up the DagBag from /opt/airflow/dags/config.py
[2026-07-09T02:15:39.564-0500] {processor.py:842} WARNING - No viable dags retrieved from /opt/airflow/dags/config.py
[2026-07-09T02:15:39.578-0500] {processor.py:183} INFO - Processing /opt/airflow/dags/config.py took 0.043 seconds
[2026-07-09T02:16:10.309-0500] {processor.py:161} INFO - Started process (PID=12056) to work on /opt/airflow/dags/config.py
[2026-07-09T02:16:10.309-0500] {processor.py:830} INFO - Processing file /opt/airflow/dags/config.py for tasks to queue
[2026-07-09T02:16:10.311-0500] {logging_mixin.py:188} INFO - [2026-07-09T02:16:10.311-0500] {dagbag.py:545} INFO - Filling up the DagBag from /opt/airflow/dags/config.py
[2026-07-09T02:16:10.324-0500] {processor.py:842} WARNING - No viable dags retrieved from /opt/airflow/dags/config.py
[2026-07-09T02:16:10.336-0500] {processor.py:183} INFO - Processing /opt/airflow/dags/config.py took 0.033 seconds
[2026-07-09T02:16:41.152-0500] {processor.py:161} INFO - Started process (PID=12083) to work on /opt/airflow/dags/config.py
[2026-07-09T02:16:41.153-0500] {processor.py:830} INFO - Processing file /opt/airflow/dags/config.py for tasks to queue
[2026-07-09T02:16:41.155-0500] {logging_mixin.py:188} INFO - [2026-07-09T02:16:41.154-0500] {dagbag.py:545} INFO - Filling up the DagBag from /opt/airflow/dags/config.py
[2026-07-09T02:16:41.168-0500] {processor.py:842} WARNING - No viable dags retrieved from /opt/airflow/dags/config.py
[2026-07-09T02:16:41.180-0500] {processor.py:183} INFO - Processing /opt/airflow/dags/config.py took 0.032 seconds
[2026-07-09T02:17:11.965-0500] {processor.py:161} INFO - Started process (PID=12110) to work on /opt/airflow/dags/config.py
[2026-07-09T02:17:11.966-0500] {processor.py:830} INFO - Processing file /opt/airflow/dags/config.py for tasks to queue
[2026-07-09T02:17:11.968-0500] {logging_mixin.py:188} INFO - [2026-07-09T02:17:11.968-0500] {dagbag.py:545} INFO - Filling up the DagBag from /opt/airflow/dags/config.py
[2026-07-09T02:17:11.985-0500] {processor.py:842} WARNING - No viable dags retrieved from /opt/airflow/dags/config.py
[2026-07-09T02:17:11.997-0500] {processor.py:183} INFO - Processing /opt/airflow/dags/config.py took 0.038 seconds
[2026-07-09T02:17:42.913-0500] {processor.py:161} INFO - Started process (PID=12137) to work on /opt/airflow/dags/config.py
[2026-07-09T02:17:42.914-0500] {processor.py:830} INFO - Processing file /opt/airflow/dags/config.py for tasks to queue
[2026-07-09T02:17:42.916-0500] {logging_mixin.py:188} INFO - [2026-07-09T02:17:42.916-0500] {dagbag.py:545} INFO - Filling up the DagBag from /opt/airflow/dags/config.py
[2026-07-09T02:17:42.937-0500] {processor.py:842} WARNING - No viable dags retrieved from /opt/airflow/dags/config.py
[2026-07-09T02:17:42.950-0500] {processor.py:183} INFO - Processing /opt/airflow/dags/config.py took 0.042 seconds
[2026-07-09T02:18:13.708-0500] {processor.py:161} INFO - Started process (PID=12164) to work on /opt/airflow/dags/config.py
[2026-07-09T02:18:13.709-0500] {processor.py:830} INFO - Processing file /opt/airflow/dags/config.py for tasks to queue
[2026-07-09T02:18:13.710-0500] {logging_mixin.py:188} INFO - [2026-07-09T02:18:13.710-0500] {dagbag.py:545} INFO - Filling up the DagBag from /opt/airflow/dags/config.py
[2026-07-09T02:18:13.727-0500] {processor.py:842} WARNING - No viable dags retrieved from /opt/airflow/dags/config.py
[2026-07-09T02:18:13.740-0500] {processor.py:183} INFO - Processing /opt/airflow/dags/config.py took 0.037 seconds
[2026-07-09T02:18:44.521-0500] {processor.py:161} INFO - Started process (PID=12191) to work on /opt/airflow/dags/config.py
[2026-07-09T02:18:44.522-0500] {processor.py:830} INFO - Processing file /opt/airflow/dags/config.py for tasks to queue
[2026-07-09T02:18:44.524-0500] {logging_mixin.py:188} INFO - [2026-07-09T02:18:44.523-0500] {dagbag.py:545} INFO - Filling up the DagBag from /opt/airflow/dags/config.py
[2026-07-09T02:18:44.541-0500] {processor.py:842} WARNING - No viable dags retrieved from /opt/airflow/dags/config.py
[2026-07-09T02:18:44.555-0500] {processor.py:183} INFO - Processing /opt/airflow/dags/config.py took 0.039 seconds
[2026-07-09T02:19:15.297-0500] {processor.py:161} INFO - Started process (PID=12217) to work on /opt/airflow/dags/config.py
[2026-07-09T02:19:15.298-0500] {processor.py:830} INFO - Processing file /opt/airflow/dags/config.py for tasks to queue
[2026-07-09T02:19:15.299-0500] {logging_mixin.py:188} INFO - [2026-07-09T02:19:15.299-0500] {dagbag.py:545} INFO - Filling up the DagBag from /opt/airflow/dags/config.py
[2026-07-09T02:19:15.318-0500] {processor.py:842} WARNING - No viable dags retrieved from /opt/airflow/dags/config.py
[2026-07-09T02:19:15.329-0500] {processor.py:183} INFO - Processing /opt/airflow/dags/config.py took 0.037 seconds
[2026-07-09T02:19:46.067-0500] {processor.py:161} INFO - Started process (PID=12245) to work on /opt/airflow/dags/config.py
[2026-07-09T02:19:46.067-0500] {processor.py:830} INFO - Processing file /opt/airflow/dags/config.py for tasks to queue
[2026-07-09T02:19:46.069-0500] {logging_mixin.py:188} INFO - [2026-07-09T02:19:46.069-0500] {dagbag.py:545} INFO - Filling up the DagBag from /opt/airflow/dags/config.py
[2026-07-09T02:19:46.082-0500] {processor.py:842} WARNING - No viable dags retrieved from /opt/airflow/dags/config.py
[2026-07-09T02:19:46.093-0500] {processor.py:183} INFO - Processing /opt/airflow/dags/config.py took 0.031 seconds
[2026-07-09T02:20:17.090-0500] {processor.py:161} INFO - Started process (PID=12270) to work on /opt/airflow/dags/config.py
[2026-07-09T02:20:17.091-0500] {processor.py:830} INFO - Processing file /opt/airflow/dags/config.py for tasks to queue
[2026-07-09T02:20:17.093-0500] {logging_mixin.py:188} INFO - [2026-07-09T02:20:17.093-0500] {dagbag.py:545} INFO - Filling up the DagBag from /opt/airflow/dags/config.py
[2026-07-09T02:20:17.118-0500] {processor.py:842} WARNING - No viable dags retrieved from /opt/airflow/dags/config.py
[2026-07-09T02:20:17.131-0500] {processor.py:183} INFO - Processing /opt/airflow/dags/config.py took 0.046 seconds
[2026-07-09T02:20:47.858-0500] {processor.py:161} INFO - Started process (PID=12299) to work on /opt/airflow/dags/config.py
[2026-07-09T02:20:47.859-0500] {processor.py:830} INFO - Processing file /opt/airflow/dags/config.py for tasks to queue
[2026-07-09T02:20:47.861-0500] {logging_mixin.py:188} INFO - [2026-07-09T02:20:47.860-0500] {dagbag.py:545} INFO - Filling up the DagBag from /opt/airflow/dags/config.py
[2026-07-09T02:20:47.877-0500] {processor.py:842} WARNING - No viable dags retrieved from /opt/airflow/dags/config.py
[2026-07-09T02:20:47.889-0500] {processor.py:183} INFO - Processing /opt/airflow/dags/config.py took 0.035 seconds
[2026-07-09T02:21:18.620-0500] {processor.py:161} INFO - Started process (PID=12326) to work on /opt/airflow/dags/config.py
[2026-07-09T02:21:18.621-0500] {processor.py:830} INFO - Processing file /opt/airflow/dags/config.py for tasks to queue
[2026-07-09T02:21:18.623-0500] {logging_mixin.py:188} INFO - [2026-07-09T02:21:18.623-0500] {dagbag.py:545} INFO - Filling up the DagBag from /opt/airflow/dags/config.py
[2026-07-09T02:21:18.642-0500] {processor.py:842} WARNING - No viable dags retrieved from /opt/airflow/dags/config.py
[2026-07-09T02:21:18.653-0500] {processor.py:183} INFO - Processing /opt/airflow/dags/config.py took 0.040 seconds
[2026-07-09T02:21:49.593-0500] {processor.py:161} INFO - Started process (PID=12353) to work on /opt/airflow/dags/config.py
[2026-07-09T02:21:49.594-0500] {processor.py:830} INFO - Processing file /opt/airflow/dags/config.py for tasks to queue
[2026-07-09T02:21:49.595-0500] {logging_mixin.py:188} INFO - [2026-07-09T02:21:49.595-0500] {dagbag.py:545} INFO - Filling up the DagBag from /opt/airflow/dags/config.py
[2026-07-09T02:21:49.611-0500] {processor.py:842} WARNING - No viable dags retrieved from /opt/airflow/dags/config.py
[2026-07-09T02:21:49.623-0500] {processor.py:183} INFO - Processing /opt/airflow/dags/config.py took 0.035 seconds
[2026-07-09T02:22:20.388-0500] {processor.py:161} INFO - Started process (PID=12380) to work on /opt/airflow/dags/config.py
[2026-07-09T02:22:20.389-0500] {processor.py:830} INFO - Processing file /opt/airflow/dags/config.py for tasks to queue
[2026-07-09T02:22:20.391-0500] {logging_mixin.py:188} INFO - [2026-07-09T02:22:20.390-0500] {dagbag.py:545} INFO - Filling up the DagBag from /opt/airflow/dags/config.py
[2026-07-09T02:22:20.413-0500] {processor.py:842} WARNING - No viable dags retrieved from /opt/airflow/dags/config.py
[2026-07-09T02:22:20.425-0500] {processor.py:183} INFO - Processing /opt/airflow/dags/config.py took 0.042 seconds
[2026-07-09T02:22:51.160-0500] {processor.py:161} INFO - Started process (PID=12407) to work on /opt/airflow/dags/config.py
[2026-07-09T02:22:51.161-0500] {processor.py:830} INFO - Processing file /opt/airflow/dags/config.py for tasks to queue
[2026-07-09T02:22:51.162-0500] {logging_mixin.py:188} INFO - [2026-07-09T02:22:51.162-0500] {dagbag.py:545} INFO - Filling up the DagBag from /opt/airflow/dags/config.py
[2026-07-09T02:22:51.175-0500] {processor.py:842} WARNING - No viable dags retrieved from /opt/airflow/dags/config.py
[2026-07-09T02:22:51.187-0500] {processor.py:183} INFO - Processing /opt/airflow/dags/config.py took 0.032 seconds
[2026-07-09T02:23:21.955-0500] {processor.py:161} INFO - Started process (PID=12434) to work on /opt/airflow/dags/config.py
[2026-07-09T02:23:21.956-0500] {processor.py:830} INFO - Processing file /opt/airflow/dags/config.py for tasks to queue
[2026-07-09T02:23:21.958-0500] {logging_mixin.py:188} INFO - [2026-07-09T02:23:21.958-0500] {dagbag.py:545} INFO - Filling up the DagBag from /opt/airflow/dags/config.py
[2026-07-09T02:23:21.979-0500] {processor.py:842} WARNING - No viable dags retrieved from /opt/airflow/dags/config.py
[2026-07-09T02:23:22.007-0500] {processor.py:183} INFO - Processing /opt/airflow/dags/config.py took 0.059 seconds
[2026-07-09T02:23:52.781-0500] {processor.py:161} INFO - Started process (PID=12461) to work on /opt/airflow/dags/config.py
[2026-07-09T02:23:52.782-0500] {processor.py:830} INFO - Processing file /opt/airflow/dags/config.py for tasks to queue
[2026-07-09T02:23:52.784-0500] {logging_mixin.py:188} INFO - [2026-07-09T02:23:52.783-0500] {dagbag.py:545} INFO - Filling up the DagBag from /opt/airflow/dags/config.py
[2026-07-09T02:23:52.801-0500] {processor.py:842} WARNING - No viable dags retrieved from /opt/airflow/dags/config.py
[2026-07-09T02:23:52.815-0500] {processor.py:183} INFO - Processing /opt/airflow/dags/config.py took 0.039 seconds
[2026-07-09T02:24:23.655-0500] {processor.py:161} INFO - Started process (PID=12488) to work on /opt/airflow/dags/config.py
[2026-07-09T02:24:23.656-0500] {processor.py:830} INFO - Processing file /opt/airflow/dags/config.py for tasks to queue
[2026-07-09T02:24:23.658-0500] {logging_mixin.py:188} INFO - [2026-07-09T02:24:23.658-0500] {dagbag.py:545} INFO - Filling up the DagBag from /opt/airflow/dags/config.py
[2026-07-09T02:24:23.679-0500] {processor.py:842} WARNING - No viable dags retrieved from /opt/airflow/dags/config.py
[2026-07-09T02:24:23.693-0500] {processor.py:183} INFO - Processing /opt/airflow/dags/config.py took 0.043 seconds
[2026-07-09T02:24:54.811-0500] {processor.py:161} INFO - Started process (PID=12515) to work on /opt/airflow/dags/config.py
[2026-07-09T02:24:54.812-0500] {processor.py:830} INFO - Processing file /opt/airflow/dags/config.py for tasks to queue
[2026-07-09T02:24:54.814-0500] {logging_mixin.py:188} INFO - [2026-07-09T02:24:54.814-0500] {dagbag.py:545} INFO - Filling up the DagBag from /opt/airflow/dags/config.py
[2026-07-09T02:24:54.834-0500] {processor.py:842} WARNING - No viable dags retrieved from /opt/airflow/dags/config.py
[2026-07-09T02:24:54.847-0500] {processor.py:183} INFO - Processing /opt/airflow/dags/config.py took 0.041 seconds
[2026-07-09T02:25:25.915-0500] {processor.py:161} INFO - Started process (PID=12542) to work on /opt/airflow/dags/config.py
[2026-07-09T02:25:25.916-0500] {processor.py:830} INFO - Processing file /opt/airflow/dags/config.py for tasks to queue
[2026-07-09T02:25:25.918-0500] {logging_mixin.py:188} INFO - [2026-07-09T02:25:25.917-0500] {dagbag.py:545} INFO - Filling up the DagBag from /opt/airflow/dags/config.py
[2026-07-09T02:25:25.935-0500] {processor.py:842} WARNING - No viable dags retrieved from /opt/airflow/dags/config.py
[2026-07-09T02:25:25.947-0500] {processor.py:183} INFO - Processing /opt/airflow/dags/config.py took 0.037 seconds
[2026-07-09T02:25:56.756-0500] {processor.py:161} INFO - Started process (PID=12567) to work on /opt/airflow/dags/config.py
[2026-07-09T02:25:56.757-0500] {processor.py:830} INFO - Processing file /opt/airflow/dags/config.py for tasks to queue
[2026-07-09T02:25:56.759-0500] {logging_mixin.py:188} INFO - [2026-07-09T02:25:56.758-0500] {dagbag.py:545} INFO - Filling up the DagBag from /opt/airflow/dags/config.py
[2026-07-09T02:25:56.778-0500] {processor.py:842} WARNING - No viable dags retrieved from /opt/airflow/dags/config.py
[2026-07-09T02:25:56.790-0500] {processor.py:183} INFO - Processing /opt/airflow/dags/config.py took 0.039 seconds
[2026-07-09T02:26:27.731-0500] {processor.py:161} INFO - Started process (PID=12596) to work on /opt/airflow/dags/config.py
[2026-07-09T02:26:27.732-0500] {processor.py:830} INFO - Processing file /opt/airflow/dags/config.py for tasks to queue
[2026-07-09T02:26:27.735-0500] {logging_mixin.py:188} INFO - [2026-07-09T02:26:27.735-0500] {dagbag.py:545} INFO - Filling up the DagBag from /opt/airflow/dags/config.py
[2026-07-09T02:26:27.757-0500] {processor.py:842} WARNING - No viable dags retrieved from /opt/airflow/dags/config.py
[2026-07-09T02:26:27.775-0500] {processor.py:183} INFO - Processing /opt/airflow/dags/config.py took 0.051 seconds
[2026-07-09T02:26:58.549-0500] {processor.py:161} INFO - Started process (PID=12621) to work on /opt/airflow/dags/config.py
[2026-07-09T02:26:58.550-0500] {processor.py:830} INFO - Processing file /opt/airflow/dags/config.py for tasks to queue
[2026-07-09T02:26:58.551-0500] {logging_mixin.py:188} INFO - [2026-07-09T02:26:58.551-0500] {dagbag.py:545} INFO - Filling up the DagBag from /opt/airflow/dags/config.py
[2026-07-09T02:26:58.566-0500] {processor.py:842} WARNING - No viable dags retrieved from /opt/airflow/dags/config.py
[2026-07-09T02:26:58.577-0500] {processor.py:183} INFO - Processing /opt/airflow/dags/config.py took 0.034 seconds
[2026-07-09T02:27:29.325-0500] {processor.py:161} INFO - Started process (PID=12648) to work on /opt/airflow/dags/config.py
[2026-07-09T02:27:29.326-0500] {processor.py:830} INFO - Processing file /opt/airflow/dags/config.py for tasks to queue
[2026-07-09T02:27:29.327-0500] {logging_mixin.py:188} INFO - [2026-07-09T02:27:29.327-0500] {dagbag.py:545} INFO - Filling up the DagBag from /opt/airflow/dags/config.py
[2026-07-09T02:27:29.345-0500] {processor.py:842} WARNING - No viable dags retrieved from /opt/airflow/dags/config.py
[2026-07-09T02:27:29.357-0500] {processor.py:183} INFO - Processing /opt/airflow/dags/config.py took 0.038 seconds
[2026-07-09T02:28:00.273-0500] {processor.py:161} INFO - Started process (PID=12677) to work on /opt/airflow/dags/config.py
[2026-07-09T02:28:00.274-0500] {processor.py:830} INFO - Processing file /opt/airflow/dags/config.py for tasks to queue
[2026-07-09T02:28:00.276-0500] {logging_mixin.py:188} INFO - [2026-07-09T02:28:00.276-0500] {dagbag.py:545} INFO - Filling up the DagBag from /opt/airflow/dags/config.py
[2026-07-09T02:28:00.294-0500] {processor.py:842} WARNING - No viable dags retrieved from /opt/airflow/dags/config.py
[2026-07-09T02:28:00.310-0500] {processor.py:183} INFO - Processing /opt/airflow/dags/config.py took 0.042 seconds
[2026-07-09T02:28:31.072-0500] {processor.py:161} INFO - Started process (PID=12704) to work on /opt/airflow/dags/config.py
[2026-07-09T02:28:31.073-0500] {processor.py:830} INFO - Processing file /opt/airflow/dags/config.py for tasks to queue
[2026-07-09T02:28:31.074-0500] {logging_mixin.py:188} INFO - [2026-07-09T02:28:31.074-0500] {dagbag.py:545} INFO - Filling up the DagBag from /opt/airflow/dags/config.py
[2026-07-09T02:28:31.090-0500] {processor.py:842} WARNING - No viable dags retrieved from /opt/airflow/dags/config.py
[2026-07-09T02:28:31.103-0500] {processor.py:183} INFO - Processing /opt/airflow/dags/config.py took 0.037 seconds
[2026-07-09T02:29:01.924-0500] {processor.py:161} INFO - Started process (PID=12731) to work on /opt/airflow/dags/config.py
[2026-07-09T02:29:01.925-0500] {processor.py:830} INFO - Processing file /opt/airflow/dags/config.py for tasks to queue
[2026-07-09T02:29:01.927-0500] {logging_mixin.py:188} INFO - [2026-07-09T02:29:01.926-0500] {dagbag.py:545} INFO - Filling up the DagBag from /opt/airflow/dags/config.py
[2026-07-09T02:29:01.946-0500] {processor.py:842} WARNING - No viable dags retrieved from /opt/airflow/dags/config.py
[2026-07-09T02:29:01.958-0500] {processor.py:183} INFO - Processing /opt/airflow/dags/config.py took 0.039 seconds
[2026-07-09T02:29:33.108-0500] {processor.py:161} INFO - Started process (PID=12758) to work on /opt/airflow/dags/config.py
[2026-07-09T02:29:33.109-0500] {processor.py:830} INFO - Processing file /opt/airflow/dags/config.py for tasks to queue
[2026-07-09T02:29:33.110-0500] {logging_mixin.py:188} INFO - [2026-07-09T02:29:33.110-0500] {dagbag.py:545} INFO - Filling up the DagBag from /opt/airflow/dags/config.py
[2026-07-09T02:29:33.127-0500] {processor.py:842} WARNING - No viable dags retrieved from /opt/airflow/dags/config.py
[2026-07-09T02:29:33.138-0500] {processor.py:183} INFO - Processing /opt/airflow/dags/config.py took 0.035 seconds
[2026-07-09T02:30:03.932-0500] {processor.py:161} INFO - Started process (PID=12785) to work on /opt/airflow/dags/config.py
[2026-07-09T02:30:03.933-0500] {processor.py:830} INFO - Processing file /opt/airflow/dags/config.py for tasks to queue
[2026-07-09T02:30:03.935-0500] {logging_mixin.py:188} INFO - [2026-07-09T02:30:03.934-0500] {dagbag.py:545} INFO - Filling up the DagBag from /opt/airflow/dags/config.py
[2026-07-09T02:30:03.955-0500] {processor.py:842} WARNING - No viable dags retrieved from /opt/airflow/dags/config.py
[2026-07-09T02:30:03.969-0500] {processor.py:183} INFO - Processing /opt/airflow/dags/config.py took 0.043 seconds
[2026-07-09T02:30:34.818-0500] {processor.py:161} INFO - Started process (PID=12812) to work on /opt/airflow/dags/config.py
[2026-07-09T02:30:34.819-0500] {processor.py:830} INFO - Processing file /opt/airflow/dags/config.py for tasks to queue
[2026-07-09T02:30:34.821-0500] {logging_mixin.py:188} INFO - [2026-07-09T02:30:34.821-0500] {dagbag.py:545} INFO - Filling up the DagBag from /opt/airflow/dags/config.py
[2026-07-09T02:30:34.839-0500] {processor.py:842} WARNING - No viable dags retrieved from /opt/airflow/dags/config.py
[2026-07-09T02:30:34.852-0500] {processor.py:183} INFO - Processing /opt/airflow/dags/config.py took 0.039 seconds
[2026-07-09T02:31:05.653-0500] {processor.py:161} INFO - Started process (PID=12839) to work on /opt/airflow/dags/config.py
[2026-07-09T02:31:05.654-0500] {processor.py:830} INFO - Processing file /opt/airflow/dags/config.py for tasks to queue
[2026-07-09T02:31:05.656-0500] {logging_mixin.py:188} INFO - [2026-07-09T02:31:05.656-0500] {dagbag.py:545} INFO - Filling up the DagBag from /opt/airflow/dags/config.py
[2026-07-09T02:31:05.677-0500] {processor.py:842} WARNING - No viable dags retrieved from /opt/airflow/dags/config.py
[2026-07-09T02:31:05.704-0500] {processor.py:183} INFO - Processing /opt/airflow/dags/config.py took 0.056 seconds
[2026-07-09T02:31:36.703-0500] {processor.py:161} INFO - Started process (PID=12866) to work on /opt/airflow/dags/config.py
[2026-07-09T02:31:36.704-0500] {processor.py:830} INFO - Processing file /opt/airflow/dags/config.py for tasks to queue
[2026-07-09T02:31:36.706-0500] {logging_mixin.py:188} INFO - [2026-07-09T02:31:36.706-0500] {dagbag.py:545} INFO - Filling up the DagBag from /opt/airflow/dags/config.py
[2026-07-09T02:31:36.725-0500] {processor.py:842} WARNING - No viable dags retrieved from /opt/airflow/dags/config.py
[2026-07-09T02:31:36.737-0500] {processor.py:183} INFO - Processing /opt/airflow/dags/config.py took 0.039 seconds
[2026-07-09T02:32:07.549-0500] {processor.py:161} INFO - Started process (PID=12893) to work on /opt/airflow/dags/config.py
[2026-07-09T02:32:07.550-0500] {processor.py:830} INFO - Processing file /opt/airflow/dags/config.py for tasks to queue
[2026-07-09T02:32:07.552-0500] {logging_mixin.py:188} INFO - [2026-07-09T02:32:07.552-0500] {dagbag.py:545} INFO - Filling up the DagBag from /opt/airflow/dags/config.py
[2026-07-09T02:32:07.575-0500] {processor.py:842} WARNING - No viable dags retrieved from /opt/airflow/dags/config.py
[2026-07-09T02:32:07.587-0500] {processor.py:183} INFO - Processing /opt/airflow/dags/config.py took 0.043 seconds
[2026-07-09T02:32:38.357-0500] {processor.py:161} INFO - Started process (PID=12920) to work on /opt/airflow/dags/config.py
[2026-07-09T02:32:38.358-0500] {processor.py:830} INFO - Processing file /opt/airflow/dags/config.py for tasks to queue
[2026-07-09T02:32:38.360-0500] {logging_mixin.py:188} INFO - [2026-07-09T02:32:38.360-0500] {dagbag.py:545} INFO - Filling up the DagBag from /opt/airflow/dags/config.py
[2026-07-09T02:32:38.378-0500] {processor.py:842} WARNING - No viable dags retrieved from /opt/airflow/dags/config.py
[2026-07-09T02:32:38.389-0500] {processor.py:183} INFO - Processing /opt/airflow/dags/config.py took 0.037 seconds
[2026-07-09T02:33:09.164-0500] {processor.py:161} INFO - Started process (PID=12947) to work on /opt/airflow/dags/config.py
[2026-07-09T02:33:09.165-0500] {processor.py:830} INFO - Processing file /opt/airflow/dags/config.py for tasks to queue
[2026-07-09T02:33:09.167-0500] {logging_mixin.py:188} INFO - [2026-07-09T02:33:09.166-0500] {dagbag.py:545} INFO - Filling up the DagBag from /opt/airflow/dags/config.py
[2026-07-09T02:33:09.184-0500] {processor.py:842} WARNING - No viable dags retrieved from /opt/airflow/dags/config.py
[2026-07-09T02:33:09.196-0500] {processor.py:183} INFO - Processing /opt/airflow/dags/config.py took 0.037 seconds
[2026-07-09T02:33:40.030-0500] {processor.py:161} INFO - Started process (PID=12974) to work on /opt/airflow/dags/config.py
[2026-07-09T02:33:40.031-0500] {processor.py:830} INFO - Processing file /opt/airflow/dags/config.py for tasks to queue
[2026-07-09T02:33:40.033-0500] {logging_mixin.py:188} INFO - [2026-07-09T02:33:40.032-0500] {dagbag.py:545} INFO - Filling up the DagBag from /opt/airflow/dags/config.py
[2026-07-09T02:33:40.052-0500] {processor.py:842} WARNING - No viable dags retrieved from /opt/airflow/dags/config.py
[2026-07-09T02:33:40.064-0500] {processor.py:183} INFO - Processing /opt/airflow/dags/config.py took 0.039 seconds
[2026-07-09T02:34:10.827-0500] {processor.py:161} INFO - Started process (PID=13001) to work on /opt/airflow/dags/config.py
[2026-07-09T02:34:10.828-0500] {processor.py:830} INFO - Processing file /opt/airflow/dags/config.py for tasks to queue
[2026-07-09T02:34:10.829-0500] {logging_mixin.py:188} INFO - [2026-07-09T02:34:10.829-0500] {dagbag.py:545} INFO - Filling up the DagBag from /opt/airflow/dags/config.py
[2026-07-09T02:34:10.849-0500] {processor.py:842} WARNING - No viable dags retrieved from /opt/airflow/dags/config.py
[2026-07-09T02:34:10.861-0500] {processor.py:183} INFO - Processing /opt/airflow/dags/config.py took 0.040 seconds
[2026-07-09T02:34:41.639-0500] {processor.py:161} INFO - Started process (PID=13028) to work on /opt/airflow/dags/config.py
[2026-07-09T02:34:41.640-0500] {processor.py:830} INFO - Processing file /opt/airflow/dags/config.py for tasks to queue
[2026-07-09T02:34:41.642-0500] {logging_mixin.py:188} INFO - [2026-07-09T02:34:41.642-0500] {dagbag.py:545} INFO - Filling up the DagBag from /opt/airflow/dags/config.py
[2026-07-09T02:34:41.662-0500] {processor.py:842} WARNING - No viable dags retrieved from /opt/airflow/dags/config.py
[2026-07-09T02:34:41.674-0500] {processor.py:183} INFO - Processing /opt/airflow/dags/config.py took 0.039 seconds
[2026-07-09T02:35:12.521-0500] {processor.py:161} INFO - Started process (PID=13055) to work on /opt/airflow/dags/config.py
[2026-07-09T02:35:12.522-0500] {processor.py:830} INFO - Processing file /opt/airflow/dags/config.py for tasks to queue
[2026-07-09T02:35:12.525-0500] {logging_mixin.py:188} INFO - [2026-07-09T02:35:12.524-0500] {dagbag.py:545} INFO - Filling up the DagBag from /opt/airflow/dags/config.py
[2026-07-09T02:35:12.547-0500] {processor.py:842} WARNING - No viable dags retrieved from /opt/airflow/dags/config.py
[2026-07-09T02:35:12.564-0500] {processor.py:183} INFO - Processing /opt/airflow/dags/config.py took 0.049 seconds
[2026-07-09T02:35:43.334-0500] {processor.py:161} INFO - Started process (PID=13082) to work on /opt/airflow/dags/config.py
[2026-07-09T02:35:43.335-0500] {processor.py:830} INFO - Processing file /opt/airflow/dags/config.py for tasks to queue
[2026-07-09T02:35:43.336-0500] {logging_mixin.py:188} INFO - [2026-07-09T02:35:43.336-0500] {dagbag.py:545} INFO - Filling up the DagBag from /opt/airflow/dags/config.py
[2026-07-09T02:35:43.350-0500] {processor.py:842} WARNING - No viable dags retrieved from /opt/airflow/dags/config.py
[2026-07-09T02:35:43.362-0500] {processor.py:183} INFO - Processing /opt/airflow/dags/config.py took 0.033 seconds
[2026-07-09T02:36:14.118-0500] {processor.py:161} INFO - Started process (PID=13109) to work on /opt/airflow/dags/config.py
[2026-07-09T02:36:14.119-0500] {processor.py:830} INFO - Processing file /opt/airflow/dags/config.py for tasks to queue
[2026-07-09T02:36:14.120-0500] {logging_mixin.py:188} INFO - [2026-07-09T02:36:14.120-0500] {dagbag.py:545} INFO - Filling up the DagBag from /opt/airflow/dags/config.py
[2026-07-09T02:36:14.140-0500] {processor.py:842} WARNING - No viable dags retrieved from /opt/airflow/dags/config.py
[2026-07-09T02:36:14.151-0500] {processor.py:183} INFO - Processing /opt/airflow/dags/config.py took 0.039 seconds
[2026-07-09T02:36:45.042-0500] {processor.py:161} INFO - Started process (PID=13136) to work on /opt/airflow/dags/config.py
[2026-07-09T02:36:45.043-0500] {processor.py:830} INFO - Processing file /opt/airflow/dags/config.py for tasks to queue
[2026-07-09T02:36:45.045-0500] {logging_mixin.py:188} INFO - [2026-07-09T02:36:45.045-0500] {dagbag.py:545} INFO - Filling up the DagBag from /opt/airflow/dags/config.py
[2026-07-09T02:36:45.067-0500] {processor.py:842} WARNING - No viable dags retrieved from /opt/airflow/dags/config.py
[2026-07-09T02:36:45.083-0500] {processor.py:183} INFO - Processing /opt/airflow/dags/config.py took 0.047 seconds
[2026-07-09T02:37:15.840-0500] {processor.py:161} INFO - Started process (PID=13163) to work on /opt/airflow/dags/config.py
[2026-07-09T02:37:15.841-0500] {processor.py:830} INFO - Processing file /opt/airflow/dags/config.py for tasks to queue
[2026-07-09T02:37:15.843-0500] {logging_mixin.py:188} INFO - [2026-07-09T02:37:15.843-0500] {dagbag.py:545} INFO - Filling up the DagBag from /opt/airflow/dags/config.py
[2026-07-09T02:37:15.862-0500] {processor.py:842} WARNING - No viable dags retrieved from /opt/airflow/dags/config.py
[2026-07-09T02:37:15.875-0500] {processor.py:183} INFO - Processing /opt/airflow/dags/config.py took 0.040 seconds
[2026-07-09T02:37:46.830-0500] {processor.py:161} INFO - Started process (PID=13188) to work on /opt/airflow/dags/config.py
[2026-07-09T02:37:46.831-0500] {processor.py:830} INFO - Processing file /opt/airflow/dags/config.py for tasks to queue
[2026-07-09T02:37:46.833-0500] {logging_mixin.py:188} INFO - [2026-07-09T02:37:46.833-0500] {dagbag.py:545} INFO - Filling up the DagBag from /opt/airflow/dags/config.py
[2026-07-09T02:37:46.854-0500] {processor.py:842} WARNING - No viable dags retrieved from /opt/airflow/dags/config.py
[2026-07-09T02:37:46.867-0500] {processor.py:183} INFO - Processing /opt/airflow/dags/config.py took 0.043 seconds
[2026-07-09T02:38:17.691-0500] {processor.py:161} INFO - Started process (PID=13217) to work on /opt/airflow/dags/config.py
[2026-07-09T02:38:17.692-0500] {processor.py:830} INFO - Processing file /opt/airflow/dags/config.py for tasks to queue
[2026-07-09T02:38:17.694-0500] {logging_mixin.py:188} INFO - [2026-07-09T02:38:17.693-0500] {dagbag.py:545} INFO - Filling up the DagBag from /opt/airflow/dags/config.py
[2026-07-09T02:38:17.714-0500] {processor.py:842} WARNING - No viable dags retrieved from /opt/airflow/dags/config.py
[2026-07-09T02:38:17.726-0500] {processor.py:183} INFO - Processing /opt/airflow/dags/config.py took 0.041 seconds
[2026-07-09T02:38:48.499-0500] {processor.py:161} INFO - Started process (PID=13244) to work on /opt/airflow/dags/config.py
[2026-07-09T02:38:48.500-0500] {processor.py:830} INFO - Processing file /opt/airflow/dags/config.py for tasks to queue
[2026-07-09T02:38:48.501-0500] {logging_mixin.py:188} INFO - [2026-07-09T02:38:48.501-0500] {dagbag.py:545} INFO - Filling up the DagBag from /opt/airflow/dags/config.py
[2026-07-09T02:38:48.516-0500] {processor.py:842} WARNING - No viable dags retrieved from /opt/airflow/dags/config.py
[2026-07-09T02:38:48.527-0500] {processor.py:183} INFO - Processing /opt/airflow/dags/config.py took 0.032 seconds
[2026-07-09T02:39:19.369-0500] {processor.py:161} INFO - Started process (PID=13271) to work on /opt/airflow/dags/config.py
[2026-07-09T02:39:19.370-0500] {processor.py:830} INFO - Processing file /opt/airflow/dags/config.py for tasks to queue
[2026-07-09T02:39:19.373-0500] {logging_mixin.py:188} INFO - [2026-07-09T02:39:19.372-0500] {dagbag.py:545} INFO - Filling up the DagBag from /opt/airflow/dags/config.py
[2026-07-09T02:39:19.392-0500] {processor.py:842} WARNING - No viable dags retrieved from /opt/airflow/dags/config.py
[2026-07-09T02:39:19.406-0500] {processor.py:183} INFO - Processing /opt/airflow/dags/config.py took 0.043 seconds
[2026-07-09T02:39:50.232-0500] {processor.py:161} INFO - Started process (PID=13298) to work on /opt/airflow/dags/config.py
[2026-07-09T02:39:50.233-0500] {processor.py:830} INFO - Processing file /opt/airflow/dags/config.py for tasks to queue
[2026-07-09T02:39:50.235-0500] {logging_mixin.py:188} INFO - [2026-07-09T02:39:50.235-0500] {dagbag.py:545} INFO - Filling up the DagBag from /opt/airflow/dags/config.py
[2026-07-09T02:39:50.249-0500] {processor.py:842} WARNING - No viable dags retrieved from /opt/airflow/dags/config.py
[2026-07-09T02:39:50.260-0500] {processor.py:183} INFO - Processing /opt/airflow/dags/config.py took 0.034 seconds
[2026-07-09T02:40:21.089-0500] {processor.py:161} INFO - Started process (PID=13325) to work on /opt/airflow/dags/config.py
[2026-07-09T02:40:21.090-0500] {processor.py:830} INFO - Processing file /opt/airflow/dags/config.py for tasks to queue
[2026-07-09T02:40:21.091-0500] {logging_mixin.py:188} INFO - [2026-07-09T02:40:21.091-0500] {dagbag.py:545} INFO - Filling up the DagBag from /opt/airflow/dags/config.py
[2026-07-09T02:40:21.104-0500] {processor.py:842} WARNING - No viable dags retrieved from /opt/airflow/dags/config.py
[2026-07-09T02:40:21.116-0500] {processor.py:183} INFO - Processing /opt/airflow/dags/config.py took 0.032 seconds
[2026-07-09T02:40:52.103-0500] {processor.py:161} INFO - Started process (PID=13352) to work on /opt/airflow/dags/config.py
[2026-07-09T02:40:52.104-0500] {processor.py:830} INFO - Processing file /opt/airflow/dags/config.py for tasks to queue
[2026-07-09T02:40:52.106-0500] {logging_mixin.py:188} INFO - [2026-07-09T02:40:52.105-0500] {dagbag.py:545} INFO - Filling up the DagBag from /opt/airflow/dags/config.py
[2026-07-09T02:40:52.123-0500] {processor.py:842} WARNING - No viable dags retrieved from /opt/airflow/dags/config.py
[2026-07-09T02:40:52.139-0500] {processor.py:183} INFO - Processing /opt/airflow/dags/config.py took 0.042 seconds
[2026-07-09T02:41:22.919-0500] {processor.py:161} INFO - Started process (PID=13379) to work on /opt/airflow/dags/config.py
[2026-07-09T02:41:22.920-0500] {processor.py:830} INFO - Processing file /opt/airflow/dags/config.py for tasks to queue
[2026-07-09T02:41:22.922-0500] {logging_mixin.py:188} INFO - [2026-07-09T02:41:22.922-0500] {dagbag.py:545} INFO - Filling up the DagBag from /opt/airflow/dags/config.py
[2026-07-09T02:41:22.948-0500] {processor.py:842} WARNING - No viable dags retrieved from /opt/airflow/dags/config.py
[2026-07-09T02:41:22.969-0500] {processor.py:183} INFO - Processing /opt/airflow/dags/config.py took 0.056 seconds
[2026-07-09T02:41:53.792-0500] {processor.py:161} INFO - Started process (PID=13406) to work on /opt/airflow/dags/config.py
[2026-07-09T02:41:53.793-0500] {processor.py:830} INFO - Processing file /opt/airflow/dags/config.py for tasks to queue
[2026-07-09T02:41:53.794-0500] {logging_mixin.py:188} INFO - [2026-07-09T02:41:53.794-0500] {dagbag.py:545} INFO - Filling up the DagBag from /opt/airflow/dags/config.py
[2026-07-09T02:41:53.809-0500] {processor.py:842} WARNING - No viable dags retrieved from /opt/airflow/dags/config.py
[2026-07-09T02:41:53.821-0500] {processor.py:183} INFO - Processing /opt/airflow/dags/config.py took 0.034 seconds
[2026-07-09T02:42:24.543-0500] {processor.py:161} INFO - Started process (PID=13433) to work on /opt/airflow/dags/config.py
[2026-07-09T02:42:24.543-0500] {processor.py:830} INFO - Processing file /opt/airflow/dags/config.py for tasks to queue
[2026-07-09T02:42:24.545-0500] {logging_mixin.py:188} INFO - [2026-07-09T02:42:24.545-0500] {dagbag.py:545} INFO - Filling up the DagBag from /opt/airflow/dags/config.py
[2026-07-09T02:42:24.558-0500] {processor.py:842} WARNING - No viable dags retrieved from /opt/airflow/dags/config.py
[2026-07-09T02:42:24.569-0500] {processor.py:183} INFO - Processing /opt/airflow/dags/config.py took 0.031 seconds
[2026-07-09T02:42:55.448-0500] {processor.py:161} INFO - Started process (PID=13460) to work on /opt/airflow/dags/config.py
[2026-07-09T02:42:55.449-0500] {processor.py:830} INFO - Processing file /opt/airflow/dags/config.py for tasks to queue
[2026-07-09T02:42:55.450-0500] {logging_mixin.py:188} INFO - [2026-07-09T02:42:55.450-0500] {dagbag.py:545} INFO - Filling up the DagBag from /opt/airflow/dags/config.py
[2026-07-09T02:42:55.466-0500] {processor.py:842} WARNING - No viable dags retrieved from /opt/airflow/dags/config.py
[2026-07-09T02:42:55.479-0500] {processor.py:183} INFO - Processing /opt/airflow/dags/config.py took 0.036 seconds
[2026-07-09T02:43:26.260-0500] {processor.py:161} INFO - Started process (PID=13485) to work on /opt/airflow/dags/config.py
[2026-07-09T02:43:26.261-0500] {processor.py:830} INFO - Processing file /opt/airflow/dags/config.py for tasks to queue
[2026-07-09T02:43:26.263-0500] {logging_mixin.py:188} INFO - [2026-07-09T02:43:26.263-0500] {dagbag.py:545} INFO - Filling up the DagBag from /opt/airflow/dags/config.py
[2026-07-09T02:43:26.281-0500] {processor.py:842} WARNING - No viable dags retrieved from /opt/airflow/dags/config.py
[2026-07-09T02:43:26.294-0500] {processor.py:183} INFO - Processing /opt/airflow/dags/config.py took 0.042 seconds
[2026-07-09T02:43:57.054-0500] {processor.py:161} INFO - Started process (PID=13514) to work on /opt/airflow/dags/config.py
[2026-07-09T02:43:57.055-0500] {processor.py:830} INFO - Processing file /opt/airflow/dags/config.py for tasks to queue
[2026-07-09T02:43:57.056-0500] {logging_mixin.py:188} INFO - [2026-07-09T02:43:57.056-0500] {dagbag.py:545} INFO - Filling up the DagBag from /opt/airflow/dags/config.py
[2026-07-09T02:43:57.068-0500] {processor.py:842} WARNING - No viable dags retrieved from /opt/airflow/dags/config.py
[2026-07-09T02:43:57.080-0500] {processor.py:183} INFO - Processing /opt/airflow/dags/config.py took 0.031 seconds
[2026-07-09T02:44:27.784-0500] {processor.py:161} INFO - Started process (PID=13541) to work on /opt/airflow/dags/config.py
[2026-07-09T02:44:27.785-0500] {processor.py:830} INFO - Processing file /opt/airflow/dags/config.py for tasks to queue
[2026-07-09T02:44:27.786-0500] {logging_mixin.py:188} INFO - [2026-07-09T02:44:27.786-0500] {dagbag.py:545} INFO - Filling up the DagBag from /opt/airflow/dags/config.py
[2026-07-09T02:44:27.799-0500] {processor.py:842} WARNING - No viable dags retrieved from /opt/airflow/dags/config.py
[2026-07-09T02:44:27.810-0500] {processor.py:183} INFO - Processing /opt/airflow/dags/config.py took 0.031 seconds
[2026-07-09T02:44:58.524-0500] {processor.py:161} INFO - Started process (PID=13568) to work on /opt/airflow/dags/config.py
[2026-07-09T02:44:58.524-0500] {processor.py:830} INFO - Processing file /opt/airflow/dags/config.py for tasks to queue
[2026-07-09T02:44:58.526-0500] {logging_mixin.py:188} INFO - [2026-07-09T02:44:58.526-0500] {dagbag.py:545} INFO - Filling up the DagBag from /opt/airflow/dags/config.py
[2026-07-09T02:44:58.542-0500] {processor.py:842} WARNING - No viable dags retrieved from /opt/airflow/dags/config.py
[2026-07-09T02:44:58.553-0500] {processor.py:183} INFO - Processing /opt/airflow/dags/config.py took 0.034 seconds
[2026-07-09T02:45:29.386-0500] {processor.py:161} INFO - Started process (PID=13593) to work on /opt/airflow/dags/config.py
[2026-07-09T02:45:29.387-0500] {processor.py:830} INFO - Processing file /opt/airflow/dags/config.py for tasks to queue
[2026-07-09T02:45:29.388-0500] {logging_mixin.py:188} INFO - [2026-07-09T02:45:29.388-0500] {dagbag.py:545} INFO - Filling up the DagBag from /opt/airflow/dags/config.py
[2026-07-09T02:45:29.403-0500] {processor.py:842} WARNING - No viable dags retrieved from /opt/airflow/dags/config.py
[2026-07-09T02:45:29.415-0500] {processor.py:183} INFO - Processing /opt/airflow/dags/config.py took 0.034 seconds
[2026-07-09T02:46:00.128-0500] {processor.py:161} INFO - Started process (PID=13620) to work on /opt/airflow/dags/config.py
[2026-07-09T02:46:00.129-0500] {processor.py:830} INFO - Processing file /opt/airflow/dags/config.py for tasks to queue
[2026-07-09T02:46:00.130-0500] {logging_mixin.py:188} INFO - [2026-07-09T02:46:00.130-0500] {dagbag.py:545} INFO - Filling up the DagBag from /opt/airflow/dags/config.py
[2026-07-09T02:46:00.145-0500] {processor.py:842} WARNING - No viable dags retrieved from /opt/airflow/dags/config.py
[2026-07-09T02:46:00.156-0500] {processor.py:183} INFO - Processing /opt/airflow/dags/config.py took 0.033 seconds
[2026-07-09T02:46:31.009-0500] {processor.py:161} INFO - Started process (PID=13649) to work on /opt/airflow/dags/config.py
[2026-07-09T02:46:31.010-0500] {processor.py:830} INFO - Processing file /opt/airflow/dags/config.py for tasks to queue
[2026-07-09T02:46:31.012-0500] {logging_mixin.py:188} INFO - [2026-07-09T02:46:31.012-0500] {dagbag.py:545} INFO - Filling up the DagBag from /opt/airflow/dags/config.py
[2026-07-09T02:46:31.029-0500] {processor.py:842} WARNING - No viable dags retrieved from /opt/airflow/dags/config.py
[2026-07-09T02:46:31.042-0500] {processor.py:183} INFO - Processing /opt/airflow/dags/config.py took 0.037 seconds
[2026-07-09T02:47:01.809-0500] {processor.py:161} INFO - Started process (PID=13676) to work on /opt/airflow/dags/config.py
[2026-07-09T02:47:01.810-0500] {processor.py:830} INFO - Processing file /opt/airflow/dags/config.py for tasks to queue
[2026-07-09T02:47:01.811-0500] {logging_mixin.py:188} INFO - [2026-07-09T02:47:01.811-0500] {dagbag.py:545} INFO - Filling up the DagBag from /opt/airflow/dags/config.py
[2026-07-09T02:47:01.825-0500] {processor.py:842} WARNING - No viable dags retrieved from /opt/airflow/dags/config.py
[2026-07-09T02:47:01.836-0500] {processor.py:183} INFO - Processing /opt/airflow/dags/config.py took 0.032 seconds
[2026-07-09T02:47:32.623-0500] {processor.py:161} INFO - Started process (PID=13703) to work on /opt/airflow/dags/config.py
[2026-07-09T02:47:32.624-0500] {processor.py:830} INFO - Processing file /opt/airflow/dags/config.py for tasks to queue
[2026-07-09T02:47:32.625-0500] {logging_mixin.py:188} INFO - [2026-07-09T02:47:32.625-0500] {dagbag.py:545} INFO - Filling up the DagBag from /opt/airflow/dags/config.py
[2026-07-09T02:47:32.643-0500] {processor.py:842} WARNING - No viable dags retrieved from /opt/airflow/dags/config.py
[2026-07-09T02:47:32.655-0500] {processor.py:183} INFO - Processing /opt/airflow/dags/config.py took 0.037 seconds
[2026-07-09T02:48:03.514-0500] {processor.py:161} INFO - Started process (PID=13730) to work on /opt/airflow/dags/config.py
[2026-07-09T02:48:03.515-0500] {processor.py:830} INFO - Processing file /opt/airflow/dags/config.py for tasks to queue
[2026-07-09T02:48:03.517-0500] {logging_mixin.py:188} INFO - [2026-07-09T02:48:03.516-0500] {dagbag.py:545} INFO - Filling up the DagBag from /opt/airflow/dags/config.py
[2026-07-09T02:48:03.533-0500] {processor.py:842} WARNING - No viable dags retrieved from /opt/airflow/dags/config.py
[2026-07-09T02:48:03.546-0500] {processor.py:183} INFO - Processing /opt/airflow/dags/config.py took 0.037 seconds
[2026-07-09T02:48:34.368-0500] {processor.py:161} INFO - Started process (PID=13757) to work on /opt/airflow/dags/config.py
[2026-07-09T02:48:34.369-0500] {processor.py:830} INFO - Processing file /opt/airflow/dags/config.py for tasks to queue
[2026-07-09T02:48:34.371-0500] {logging_mixin.py:188} INFO - [2026-07-09T02:48:34.371-0500] {dagbag.py:545} INFO - Filling up the DagBag from /opt/airflow/dags/config.py
[2026-07-09T02:48:34.391-0500] {processor.py:842} WARNING - No viable dags retrieved from /opt/airflow/dags/config.py
[2026-07-09T02:48:34.404-0500] {processor.py:183} INFO - Processing /opt/airflow/dags/config.py took 0.041 seconds
[2026-07-09T02:49:05.265-0500] {processor.py:161} INFO - Started process (PID=13784) to work on /opt/airflow/dags/config.py
[2026-07-09T02:49:05.266-0500] {processor.py:830} INFO - Processing file /opt/airflow/dags/config.py for tasks to queue
[2026-07-09T02:49:05.267-0500] {logging_mixin.py:188} INFO - [2026-07-09T02:49:05.267-0500] {dagbag.py:545} INFO - Filling up the DagBag from /opt/airflow/dags/config.py
[2026-07-09T02:49:05.286-0500] {processor.py:842} WARNING - No viable dags retrieved from /opt/airflow/dags/config.py
[2026-07-09T02:49:05.297-0500] {processor.py:183} INFO - Processing /opt/airflow/dags/config.py took 0.037 seconds
[2026-07-09T02:49:36.055-0500] {processor.py:161} INFO - Started process (PID=13811) to work on /opt/airflow/dags/config.py
[2026-07-09T02:49:36.056-0500] {processor.py:830} INFO - Processing file /opt/airflow/dags/config.py for tasks to queue
[2026-07-09T02:49:36.057-0500] {logging_mixin.py:188} INFO - [2026-07-09T02:49:36.057-0500] {dagbag.py:545} INFO - Filling up the DagBag from /opt/airflow/dags/config.py
[2026-07-09T02:49:36.074-0500] {processor.py:842} WARNING - No viable dags retrieved from /opt/airflow/dags/config.py
[2026-07-09T02:49:36.086-0500] {processor.py:183} INFO - Processing /opt/airflow/dags/config.py took 0.037 seconds
[2026-07-09T02:50:06.997-0500] {processor.py:161} INFO - Started process (PID=13838) to work on /opt/airflow/dags/config.py
[2026-07-09T02:50:06.998-0500] {processor.py:830} INFO - Processing file /opt/airflow/dags/config.py for tasks to queue
[2026-07-09T02:50:06.999-0500] {logging_mixin.py:188} INFO - [2026-07-09T02:50:06.999-0500] {dagbag.py:545} INFO - Filling up the DagBag from /opt/airflow/dags/config.py
[2026-07-09T02:50:07.015-0500] {processor.py:842} WARNING - No viable dags retrieved from /opt/airflow/dags/config.py
[2026-07-09T02:50:07.027-0500] {processor.py:183} INFO - Processing /opt/airflow/dags/config.py took 0.035 seconds
[2026-07-09T02:50:37.862-0500] {processor.py:161} INFO - Started process (PID=13865) to work on /opt/airflow/dags/config.py
[2026-07-09T02:50:37.863-0500] {processor.py:830} INFO - Processing file /opt/airflow/dags/config.py for tasks to queue
[2026-07-09T02:50:37.865-0500] {logging_mixin.py:188} INFO - [2026-07-09T02:50:37.864-0500] {dagbag.py:545} INFO - Filling up the DagBag from /opt/airflow/dags/config.py
[2026-07-09T02:50:37.879-0500] {processor.py:842} WARNING - No viable dags retrieved from /opt/airflow/dags/config.py
[2026-07-09T02:50:37.890-0500] {processor.py:183} INFO - Processing /opt/airflow/dags/config.py took 0.033 seconds
[2026-07-09T02:51:08.704-0500] {processor.py:161} INFO - Started process (PID=13890) to work on /opt/airflow/dags/config.py
[2026-07-09T02:51:08.705-0500] {processor.py:830} INFO - Processing file /opt/airflow/dags/config.py for tasks to queue
[2026-07-09T02:51:08.707-0500] {logging_mixin.py:188} INFO - [2026-07-09T02:51:08.707-0500] {dagbag.py:545} INFO - Filling up the DagBag from /opt/airflow/dags/config.py
[2026-07-09T02:51:08.726-0500] {processor.py:842} WARNING - No viable dags retrieved from /opt/airflow/dags/config.py
[2026-07-09T02:51:08.739-0500] {processor.py:183} INFO - Processing /opt/airflow/dags/config.py took 0.039 seconds
[2026-07-09T02:51:39.590-0500] {processor.py:161} INFO - Started process (PID=13919) to work on /opt/airflow/dags/config.py
[2026-07-09T02:51:39.590-0500] {processor.py:830} INFO - Processing file /opt/airflow/dags/config.py for tasks to queue
[2026-07-09T02:51:39.592-0500] {logging_mixin.py:188} INFO - [2026-07-09T02:51:39.592-0500] {dagbag.py:545} INFO - Filling up the DagBag from /opt/airflow/dags/config.py
[2026-07-09T02:51:39.606-0500] {processor.py:842} WARNING - No viable dags retrieved from /opt/airflow/dags/config.py
[2026-07-09T02:51:39.617-0500] {processor.py:183} INFO - Processing /opt/airflow/dags/config.py took 0.032 seconds
[2026-07-09T02:52:10.515-0500] {processor.py:161} INFO - Started process (PID=13946) to work on /opt/airflow/dags/config.py
[2026-07-09T02:52:10.516-0500] {processor.py:830} INFO - Processing file /opt/airflow/dags/config.py for tasks to queue
[2026-07-09T02:52:10.517-0500] {logging_mixin.py:188} INFO - [2026-07-09T02:52:10.517-0500] {dagbag.py:545} INFO - Filling up the DagBag from /opt/airflow/dags/config.py
[2026-07-09T02:52:10.535-0500] {processor.py:842} WARNING - No viable dags retrieved from /opt/airflow/dags/config.py
[2026-07-09T02:52:10.549-0500] {processor.py:183} INFO - Processing /opt/airflow/dags/config.py took 0.039 seconds
[2026-07-09T02:52:41.526-0500] {processor.py:161} INFO - Started process (PID=13973) to work on /opt/airflow/dags/config.py
[2026-07-09T02:52:41.527-0500] {processor.py:830} INFO - Processing file /opt/airflow/dags/config.py for tasks to queue
[2026-07-09T02:52:41.528-0500] {logging_mixin.py:188} INFO - [2026-07-09T02:52:41.528-0500] {dagbag.py:545} INFO - Filling up the DagBag from /opt/airflow/dags/config.py
[2026-07-09T02:52:41.544-0500] {processor.py:842} WARNING - No viable dags retrieved from /opt/airflow/dags/config.py
[2026-07-09T02:52:41.556-0500] {processor.py:183} INFO - Processing /opt/airflow/dags/config.py took 0.035 seconds
[2026-07-09T02:53:12.325-0500] {processor.py:161} INFO - Started process (PID=14000) to work on /opt/airflow/dags/config.py
[2026-07-09T02:53:12.327-0500] {processor.py:830} INFO - Processing file /opt/airflow/dags/config.py for tasks to queue
[2026-07-09T02:53:12.328-0500] {logging_mixin.py:188} INFO - [2026-07-09T02:53:12.328-0500] {dagbag.py:545} INFO - Filling up the DagBag from /opt/airflow/dags/config.py
[2026-07-09T02:53:12.346-0500] {processor.py:842} WARNING - No viable dags retrieved from /opt/airflow/dags/config.py
[2026-07-09T02:53:12.358-0500] {processor.py:183} INFO - Processing /opt/airflow/dags/config.py took 0.038 seconds
[2026-07-09T02:53:43.211-0500] {processor.py:161} INFO - Started process (PID=14027) to work on /opt/airflow/dags/config.py
[2026-07-09T02:53:43.212-0500] {processor.py:830} INFO - Processing file /opt/airflow/dags/config.py for tasks to queue
[2026-07-09T02:53:43.214-0500] {logging_mixin.py:188} INFO - [2026-07-09T02:53:43.213-0500] {dagbag.py:545} INFO - Filling up the DagBag from /opt/airflow/dags/config.py
[2026-07-09T02:53:43.229-0500] {processor.py:842} WARNING - No viable dags retrieved from /opt/airflow/dags/config.py
[2026-07-09T02:53:43.241-0500] {processor.py:183} INFO - Processing /opt/airflow/dags/config.py took 0.034 seconds
[2026-07-09T02:54:14.015-0500] {processor.py:161} INFO - Started process (PID=14054) to work on /opt/airflow/dags/config.py
[2026-07-09T02:54:14.016-0500] {processor.py:830} INFO - Processing file /opt/airflow/dags/config.py for tasks to queue
[2026-07-09T02:54:14.017-0500] {logging_mixin.py:188} INFO - [2026-07-09T02:54:14.017-0500] {dagbag.py:545} INFO - Filling up the DagBag from /opt/airflow/dags/config.py
[2026-07-09T02:54:14.030-0500] {processor.py:842} WARNING - No viable dags retrieved from /opt/airflow/dags/config.py
[2026-07-09T02:54:14.042-0500] {processor.py:183} INFO - Processing /opt/airflow/dags/config.py took 0.031 seconds
[2026-07-09T02:54:44.930-0500] {processor.py:161} INFO - Started process (PID=14081) to work on /opt/airflow/dags/config.py
[2026-07-09T02:54:44.931-0500] {processor.py:830} INFO - Processing file /opt/airflow/dags/config.py for tasks to queue
[2026-07-09T02:54:44.933-0500] {logging_mixin.py:188} INFO - [2026-07-09T02:54:44.933-0500] {dagbag.py:545} INFO - Filling up the DagBag from /opt/airflow/dags/config.py
[2026-07-09T02:54:44.951-0500] {processor.py:842} WARNING - No viable dags retrieved from /opt/airflow/dags/config.py
[2026-07-09T02:54:44.966-0500] {processor.py:183} INFO - Processing /opt/airflow/dags/config.py took 0.043 seconds
[2026-07-09T02:55:15.866-0500] {processor.py:161} INFO - Started process (PID=14108) to work on /opt/airflow/dags/config.py
[2026-07-09T02:55:15.867-0500] {processor.py:830} INFO - Processing file /opt/airflow/dags/config.py for tasks to queue
[2026-07-09T02:55:15.869-0500] {logging_mixin.py:188} INFO - [2026-07-09T02:55:15.869-0500] {dagbag.py:545} INFO - Filling up the DagBag from /opt/airflow/dags/config.py
[2026-07-09T02:55:15.890-0500] {processor.py:842} WARNING - No viable dags retrieved from /opt/airflow/dags/config.py
[2026-07-09T02:55:15.903-0500] {processor.py:183} INFO - Processing /opt/airflow/dags/config.py took 0.042 seconds
[2026-07-09T02:55:46.700-0500] {processor.py:161} INFO - Started process (PID=14135) to work on /opt/airflow/dags/config.py
[2026-07-09T02:55:46.701-0500] {processor.py:830} INFO - Processing file /opt/airflow/dags/config.py for tasks to queue
[2026-07-09T02:55:46.703-0500] {logging_mixin.py:188} INFO - [2026-07-09T02:55:46.702-0500] {dagbag.py:545} INFO - Filling up the DagBag from /opt/airflow/dags/config.py
[2026-07-09T02:55:46.727-0500] {processor.py:842} WARNING - No viable dags retrieved from /opt/airflow/dags/config.py
[2026-07-09T02:55:46.741-0500] {processor.py:183} INFO - Processing /opt/airflow/dags/config.py took 0.047 seconds
[2026-07-09T02:56:17.557-0500] {processor.py:161} INFO - Started process (PID=14162) to work on /opt/airflow/dags/config.py
[2026-07-09T02:56:17.558-0500] {processor.py:830} INFO - Processing file /opt/airflow/dags/config.py for tasks to queue
[2026-07-09T02:56:17.560-0500] {logging_mixin.py:188} INFO - [2026-07-09T02:56:17.559-0500] {dagbag.py:545} INFO - Filling up the DagBag from /opt/airflow/dags/config.py
[2026-07-09T02:56:17.576-0500] {processor.py:842} WARNING - No viable dags retrieved from /opt/airflow/dags/config.py
[2026-07-09T02:56:17.590-0500] {processor.py:183} INFO - Processing /opt/airflow/dags/config.py took 0.037 seconds
[2026-07-09T02:56:48.543-0500] {processor.py:161} INFO - Started process (PID=14189) to work on /opt/airflow/dags/config.py
[2026-07-09T02:56:48.544-0500] {processor.py:830} INFO - Processing file /opt/airflow/dags/config.py for tasks to queue
[2026-07-09T02:56:48.546-0500] {logging_mixin.py:188} INFO - [2026-07-09T02:56:48.545-0500] {dagbag.py:545} INFO - Filling up the DagBag from /opt/airflow/dags/config.py
[2026-07-09T02:56:48.562-0500] {processor.py:842} WARNING - No viable dags retrieved from /opt/airflow/dags/config.py
[2026-07-09T02:56:48.573-0500] {processor.py:183} INFO - Processing /opt/airflow/dags/config.py took 0.036 seconds
[2026-07-09T02:57:19.317-0500] {processor.py:161} INFO - Started process (PID=14216) to work on /opt/airflow/dags/config.py
[2026-07-09T02:57:19.318-0500] {processor.py:830} INFO - Processing file /opt/airflow/dags/config.py for tasks to queue
[2026-07-09T02:57:19.320-0500] {logging_mixin.py:188} INFO - [2026-07-09T02:57:19.319-0500] {dagbag.py:545} INFO - Filling up the DagBag from /opt/airflow/dags/config.py
[2026-07-09T02:57:19.338-0500] {processor.py:842} WARNING - No viable dags retrieved from /opt/airflow/dags/config.py
[2026-07-09T02:57:19.351-0500] {processor.py:183} INFO - Processing /opt/airflow/dags/config.py took 0.038 seconds
[2026-07-09T02:57:50.246-0500] {processor.py:161} INFO - Started process (PID=14243) to work on /opt/airflow/dags/config.py
[2026-07-09T02:57:50.247-0500] {processor.py:830} INFO - Processing file /opt/airflow/dags/config.py for tasks to queue
[2026-07-09T02:57:50.248-0500] {logging_mixin.py:188} INFO - [2026-07-09T02:57:50.248-0500] {dagbag.py:545} INFO - Filling up the DagBag from /opt/airflow/dags/config.py
[2026-07-09T02:57:50.269-0500] {processor.py:842} WARNING - No viable dags retrieved from /opt/airflow/dags/config.py
[2026-07-09T02:57:50.282-0500] {processor.py:183} INFO - Processing /opt/airflow/dags/config.py took 0.041 seconds
[2026-07-09T02:58:21.115-0500] {processor.py:161} INFO - Started process (PID=14270) to work on /opt/airflow/dags/config.py
[2026-07-09T02:58:21.116-0500] {processor.py:830} INFO - Processing file /opt/airflow/dags/config.py for tasks to queue
[2026-07-09T02:58:21.118-0500] {logging_mixin.py:188} INFO - [2026-07-09T02:58:21.117-0500] {dagbag.py:545} INFO - Filling up the DagBag from /opt/airflow/dags/config.py
[2026-07-09T02:58:21.137-0500] {processor.py:842} WARNING - No viable dags retrieved from /opt/airflow/dags/config.py
[2026-07-09T02:58:21.148-0500] {processor.py:183} INFO - Processing /opt/airflow/dags/config.py took 0.038 seconds
[2026-07-09T02:58:52.024-0500] {processor.py:161} INFO - Started process (PID=14297) to work on /opt/airflow/dags/config.py
[2026-07-09T02:58:52.025-0500] {processor.py:830} INFO - Processing file /opt/airflow/dags/config.py for tasks to queue
[2026-07-09T02:58:52.027-0500] {logging_mixin.py:188} INFO - [2026-07-09T02:58:52.027-0500] {dagbag.py:545} INFO - Filling up the DagBag from /opt/airflow/dags/config.py
[2026-07-09T02:58:52.050-0500] {processor.py:842} WARNING - No viable dags retrieved from /opt/airflow/dags/config.py
[2026-07-09T02:58:52.064-0500] {processor.py:183} INFO - Processing /opt/airflow/dags/config.py took 0.047 seconds
[2026-07-09T02:59:22.884-0500] {processor.py:161} INFO - Started process (PID=14324) to work on /opt/airflow/dags/config.py
[2026-07-09T02:59:22.885-0500] {processor.py:830} INFO - Processing file /opt/airflow/dags/config.py for tasks to queue
[2026-07-09T02:59:22.887-0500] {logging_mixin.py:188} INFO - [2026-07-09T02:59:22.887-0500] {dagbag.py:545} INFO - Filling up the DagBag from /opt/airflow/dags/config.py
[2026-07-09T02:59:22.903-0500] {processor.py:842} WARNING - No viable dags retrieved from /opt/airflow/dags/config.py
[2026-07-09T02:59:22.917-0500] {processor.py:183} INFO - Processing /opt/airflow/dags/config.py took 0.037 seconds
[2026-07-09T02:59:53.764-0500] {processor.py:161} INFO - Started process (PID=14351) to work on /opt/airflow/dags/config.py
[2026-07-09T02:59:53.765-0500] {processor.py:830} INFO - Processing file /opt/airflow/dags/config.py for tasks to queue
[2026-07-09T02:59:53.767-0500] {logging_mixin.py:188} INFO - [2026-07-09T02:59:53.766-0500] {dagbag.py:545} INFO - Filling up the DagBag from /opt/airflow/dags/config.py
[2026-07-09T02:59:53.792-0500] {processor.py:842} WARNING - No viable dags retrieved from /opt/airflow/dags/config.py
[2026-07-09T02:59:53.808-0500] {processor.py:183} INFO - Processing /opt/airflow/dags/config.py took 0.051 seconds
[2026-07-09T03:00:24.636-0500] {processor.py:161} INFO - Started process (PID=14378) to work on /opt/airflow/dags/config.py
[2026-07-09T03:00:24.637-0500] {processor.py:830} INFO - Processing file /opt/airflow/dags/config.py for tasks to queue
[2026-07-09T03:00:24.639-0500] {logging_mixin.py:188} INFO - [2026-07-09T03:00:24.638-0500] {dagbag.py:545} INFO - Filling up the DagBag from /opt/airflow/dags/config.py
[2026-07-09T03:00:24.655-0500] {processor.py:842} WARNING - No viable dags retrieved from /opt/airflow/dags/config.py
[2026-07-09T03:00:24.667-0500] {processor.py:183} INFO - Processing /opt/airflow/dags/config.py took 0.036 seconds
[2026-07-09T03:00:55.511-0500] {processor.py:161} INFO - Started process (PID=14405) to work on /opt/airflow/dags/config.py
[2026-07-09T03:00:55.512-0500] {processor.py:830} INFO - Processing file /opt/airflow/dags/config.py for tasks to queue
[2026-07-09T03:00:55.513-0500] {logging_mixin.py:188} INFO - [2026-07-09T03:00:55.513-0500] {dagbag.py:545} INFO - Filling up the DagBag from /opt/airflow/dags/config.py
[2026-07-09T03:00:55.534-0500] {processor.py:842} WARNING - No viable dags retrieved from /opt/airflow/dags/config.py
[2026-07-09T03:00:55.546-0500] {processor.py:183} INFO - Processing /opt/airflow/dags/config.py took 0.040 seconds
[2026-07-09T03:01:26.416-0500] {processor.py:161} INFO - Started process (PID=14432) to work on /opt/airflow/dags/config.py
[2026-07-09T03:01:26.417-0500] {processor.py:830} INFO - Processing file /opt/airflow/dags/config.py for tasks to queue
[2026-07-09T03:01:26.419-0500] {logging_mixin.py:188} INFO - [2026-07-09T03:01:26.418-0500] {dagbag.py:545} INFO - Filling up the DagBag from /opt/airflow/dags/config.py
[2026-07-09T03:01:26.433-0500] {processor.py:842} WARNING - No viable dags retrieved from /opt/airflow/dags/config.py
[2026-07-09T03:01:26.444-0500] {processor.py:183} INFO - Processing /opt/airflow/dags/config.py took 0.032 seconds
[2026-07-09T03:01:57.380-0500] {processor.py:161} INFO - Started process (PID=14459) to work on /opt/airflow/dags/config.py
[2026-07-09T03:01:57.381-0500] {processor.py:830} INFO - Processing file /opt/airflow/dags/config.py for tasks to queue
[2026-07-09T03:01:57.383-0500] {logging_mixin.py:188} INFO - [2026-07-09T03:01:57.383-0500] {dagbag.py:545} INFO - Filling up the DagBag from /opt/airflow/dags/config.py
[2026-07-09T03:01:57.406-0500] {processor.py:842} WARNING - No viable dags retrieved from /opt/airflow/dags/config.py
[2026-07-09T03:01:57.421-0500] {processor.py:183} INFO - Processing /opt/airflow/dags/config.py took 0.047 seconds
[2026-07-09T03:02:28.223-0500] {processor.py:161} INFO - Started process (PID=14484) to work on /opt/airflow/dags/config.py
[2026-07-09T03:02:28.224-0500] {processor.py:830} INFO - Processing file /opt/airflow/dags/config.py for tasks to queue
[2026-07-09T03:02:28.226-0500] {logging_mixin.py:188} INFO - [2026-07-09T03:02:28.226-0500] {dagbag.py:545} INFO - Filling up the DagBag from /opt/airflow/dags/config.py
[2026-07-09T03:02:28.244-0500] {processor.py:842} WARNING - No viable dags retrieved from /opt/airflow/dags/config.py
[2026-07-09T03:02:28.257-0500] {processor.py:183} INFO - Processing /opt/airflow/dags/config.py took 0.039 seconds
[2026-07-09T03:02:58.714-0500] {processor.py:161} INFO - Started process (PID=14507) to work on /opt/airflow/dags/config.py
[2026-07-09T03:02:58.715-0500] {processor.py:830} INFO - Processing file /opt/airflow/dags/config.py for tasks to queue
[2026-07-09T03:02:58.717-0500] {logging_mixin.py:188} INFO - [2026-07-09T03:02:58.717-0500] {dagbag.py:545} INFO - Filling up the DagBag from /opt/airflow/dags/config.py
[2026-07-09T03:02:58.731-0500] {processor.py:842} WARNING - No viable dags retrieved from /opt/airflow/dags/config.py
[2026-07-09T03:02:58.743-0500] {processor.py:183} INFO - Processing /opt/airflow/dags/config.py took 0.033 seconds
[2026-07-09T03:03:29.481-0500] {processor.py:161} INFO - Started process (PID=14531) to work on /opt/airflow/dags/config.py
[2026-07-09T03:03:29.482-0500] {processor.py:830} INFO - Processing file /opt/airflow/dags/config.py for tasks to queue
[2026-07-09T03:03:29.483-0500] {logging_mixin.py:188} INFO - [2026-07-09T03:03:29.483-0500] {dagbag.py:545} INFO - Filling up the DagBag from /opt/airflow/dags/config.py
[2026-07-09T03:03:29.500-0500] {processor.py:842} WARNING - No viable dags retrieved from /opt/airflow/dags/config.py
[2026-07-09T03:03:29.512-0500] {processor.py:183} INFO - Processing /opt/airflow/dags/config.py took 0.036 seconds
[2026-07-09T03:04:00.266-0500] {processor.py:161} INFO - Started process (PID=14558) to work on /opt/airflow/dags/config.py
[2026-07-09T03:04:00.267-0500] {processor.py:830} INFO - Processing file /opt/airflow/dags/config.py for tasks to queue
[2026-07-09T03:04:00.269-0500] {logging_mixin.py:188} INFO - [2026-07-09T03:04:00.268-0500] {dagbag.py:545} INFO - Filling up the DagBag from /opt/airflow/dags/config.py
[2026-07-09T03:04:00.283-0500] {processor.py:842} WARNING - No viable dags retrieved from /opt/airflow/dags/config.py
[2026-07-09T03:04:00.295-0500] {processor.py:183} INFO - Processing /opt/airflow/dags/config.py took 0.033 seconds
[2026-07-09T03:04:31.072-0500] {processor.py:161} INFO - Started process (PID=14585) to work on /opt/airflow/dags/config.py
[2026-07-09T03:04:31.073-0500] {processor.py:830} INFO - Processing file /opt/airflow/dags/config.py for tasks to queue
[2026-07-09T03:04:31.074-0500] {logging_mixin.py:188} INFO - [2026-07-09T03:04:31.074-0500] {dagbag.py:545} INFO - Filling up the DagBag from /opt/airflow/dags/config.py
[2026-07-09T03:04:31.095-0500] {processor.py:842} WARNING - No viable dags retrieved from /opt/airflow/dags/config.py
[2026-07-09T03:04:31.107-0500] {processor.py:183} INFO - Processing /opt/airflow/dags/config.py took 0.042 seconds
[2026-07-09T03:05:02.114-0500] {processor.py:161} INFO - Started process (PID=14612) to work on /opt/airflow/dags/config.py
[2026-07-09T03:05:02.115-0500] {processor.py:830} INFO - Processing file /opt/airflow/dags/config.py for tasks to queue
[2026-07-09T03:05:02.117-0500] {logging_mixin.py:188} INFO - [2026-07-09T03:05:02.116-0500] {dagbag.py:545} INFO - Filling up the DagBag from /opt/airflow/dags/config.py
[2026-07-09T03:05:02.137-0500] {processor.py:842} WARNING - No viable dags retrieved from /opt/airflow/dags/config.py
[2026-07-09T03:05:02.150-0500] {processor.py:183} INFO - Processing /opt/airflow/dags/config.py took 0.041 seconds
[2026-07-09T03:05:32.544-0500] {processor.py:161} INFO - Started process (PID=14636) to work on /opt/airflow/dags/config.py
[2026-07-09T03:05:32.545-0500] {processor.py:830} INFO - Processing file /opt/airflow/dags/config.py for tasks to queue
[2026-07-09T03:05:32.546-0500] {logging_mixin.py:188} INFO - [2026-07-09T03:05:32.546-0500] {dagbag.py:545} INFO - Filling up the DagBag from /opt/airflow/dags/config.py
[2026-07-09T03:05:32.564-0500] {processor.py:842} WARNING - No viable dags retrieved from /opt/airflow/dags/config.py
[2026-07-09T03:05:32.576-0500] {processor.py:183} INFO - Processing /opt/airflow/dags/config.py took 0.037 seconds
[2026-07-09T03:06:03.409-0500] {processor.py:161} INFO - Started process (PID=14663) to work on /opt/airflow/dags/config.py
[2026-07-09T03:06:03.420-0500] {processor.py:830} INFO - Processing file /opt/airflow/dags/config.py for tasks to queue
[2026-07-09T03:06:03.442-0500] {logging_mixin.py:188} INFO - [2026-07-09T03:06:03.439-0500] {dagbag.py:545} INFO - Filling up the DagBag from /opt/airflow/dags/config.py
[2026-07-09T03:06:03.507-0500] {processor.py:842} WARNING - No viable dags retrieved from /opt/airflow/dags/config.py
[2026-07-09T03:06:03.517-0500] {processor.py:183} INFO - Processing /opt/airflow/dags/config.py took 0.163 seconds
[2026-07-09T03:06:34.294-0500] {processor.py:161} INFO - Started process (PID=14690) to work on /opt/airflow/dags/config.py
[2026-07-09T03:06:34.295-0500] {processor.py:830} INFO - Processing file /opt/airflow/dags/config.py for tasks to queue
[2026-07-09T03:06:34.297-0500] {logging_mixin.py:188} INFO - [2026-07-09T03:06:34.296-0500] {dagbag.py:545} INFO - Filling up the DagBag from /opt/airflow/dags/config.py
[2026-07-09T03:06:34.316-0500] {processor.py:842} WARNING - No viable dags retrieved from /opt/airflow/dags/config.py
[2026-07-09T03:06:34.328-0500] {processor.py:183} INFO - Processing /opt/airflow/dags/config.py took 0.038 seconds
[2026-07-09T03:07:05.281-0500] {processor.py:161} INFO - Started process (PID=14717) to work on /opt/airflow/dags/config.py
[2026-07-09T03:07:05.282-0500] {processor.py:830} INFO - Processing file /opt/airflow/dags/config.py for tasks to queue
[2026-07-09T03:07:05.284-0500] {logging_mixin.py:188} INFO - [2026-07-09T03:07:05.284-0500] {dagbag.py:545} INFO - Filling up the DagBag from /opt/airflow/dags/config.py
[2026-07-09T03:07:05.307-0500] {processor.py:842} WARNING - No viable dags retrieved from /opt/airflow/dags/config.py
[2026-07-09T03:07:05.321-0500] {processor.py:183} INFO - Processing /opt/airflow/dags/config.py took 0.046 seconds
[2026-07-09T03:07:35.624-0500] {processor.py:161} INFO - Started process (PID=14744) to work on /opt/airflow/dags/config.py
[2026-07-09T03:07:35.625-0500] {processor.py:830} INFO - Processing file /opt/airflow/dags/config.py for tasks to queue
[2026-07-09T03:07:35.626-0500] {logging_mixin.py:188} INFO - [2026-07-09T03:07:35.626-0500] {dagbag.py:545} INFO - Filling up the DagBag from /opt/airflow/dags/config.py
[2026-07-09T03:07:35.647-0500] {processor.py:842} WARNING - No viable dags retrieved from /opt/airflow/dags/config.py
[2026-07-09T03:07:35.658-0500] {processor.py:183} INFO - Processing /opt/airflow/dags/config.py took 0.040 seconds
[2026-07-09T03:08:06.522-0500] {processor.py:161} INFO - Started process (PID=14771) to work on /opt/airflow/dags/config.py
[2026-07-09T03:08:06.523-0500] {processor.py:830} INFO - Processing file /opt/airflow/dags/config.py for tasks to queue
[2026-07-09T03:08:06.525-0500] {logging_mixin.py:188} INFO - [2026-07-09T03:08:06.525-0500] {dagbag.py:545} INFO - Filling up the DagBag from /opt/airflow/dags/config.py
[2026-07-09T03:08:06.545-0500] {processor.py:842} WARNING - No viable dags retrieved from /opt/airflow/dags/config.py
[2026-07-09T03:08:06.555-0500] {processor.py:183} INFO - Processing /opt/airflow/dags/config.py took 0.037 seconds
[2026-07-09T03:08:36.832-0500] {processor.py:161} INFO - Started process (PID=14798) to work on /opt/airflow/dags/config.py
[2026-07-09T03:08:36.833-0500] {processor.py:830} INFO - Processing file /opt/airflow/dags/config.py for tasks to queue
[2026-07-09T03:08:36.834-0500] {logging_mixin.py:188} INFO - [2026-07-09T03:08:36.834-0500] {dagbag.py:545} INFO - Filling up the DagBag from /opt/airflow/dags/config.py
[2026-07-09T03:08:36.847-0500] {processor.py:842} WARNING - No viable dags retrieved from /opt/airflow/dags/config.py
[2026-07-09T03:08:36.859-0500] {processor.py:183} INFO - Processing /opt/airflow/dags/config.py took 0.031 seconds
[2026-07-09T03:09:07.126-0500] {processor.py:161} INFO - Started process (PID=14825) to work on /opt/airflow/dags/config.py
[2026-07-09T03:09:07.127-0500] {processor.py:830} INFO - Processing file /opt/airflow/dags/config.py for tasks to queue
[2026-07-09T03:09:07.129-0500] {logging_mixin.py:188} INFO - [2026-07-09T03:09:07.129-0500] {dagbag.py:545} INFO - Filling up the DagBag from /opt/airflow/dags/config.py
[2026-07-09T03:09:07.146-0500] {processor.py:842} WARNING - No viable dags retrieved from /opt/airflow/dags/config.py
[2026-07-09T03:09:07.157-0500] {processor.py:183} INFO - Processing /opt/airflow/dags/config.py took 0.036 seconds
[2026-07-09T03:09:37.438-0500] {processor.py:161} INFO - Started process (PID=14852) to work on /opt/airflow/dags/config.py
[2026-07-09T03:09:37.439-0500] {processor.py:830} INFO - Processing file /opt/airflow/dags/config.py for tasks to queue
[2026-07-09T03:09:37.441-0500] {logging_mixin.py:188} INFO - [2026-07-09T03:09:37.440-0500] {dagbag.py:545} INFO - Filling up the DagBag from /opt/airflow/dags/config.py
[2026-07-09T03:09:37.469-0500] {processor.py:842} WARNING - No viable dags retrieved from /opt/airflow/dags/config.py
[2026-07-09T03:09:37.482-0500] {processor.py:183} INFO - Processing /opt/airflow/dags/config.py took 0.049 seconds
[2026-07-09T03:10:08.251-0500] {processor.py:161} INFO - Started process (PID=14879) to work on /opt/airflow/dags/config.py
[2026-07-09T03:10:08.252-0500] {processor.py:830} INFO - Processing file /opt/airflow/dags/config.py for tasks to queue
[2026-07-09T03:10:08.253-0500] {logging_mixin.py:188} INFO - [2026-07-09T03:10:08.253-0500] {dagbag.py:545} INFO - Filling up the DagBag from /opt/airflow/dags/config.py
[2026-07-09T03:10:08.267-0500] {processor.py:842} WARNING - No viable dags retrieved from /opt/airflow/dags/config.py
[2026-07-09T03:10:08.280-0500] {processor.py:183} INFO - Processing /opt/airflow/dags/config.py took 0.034 seconds
[2026-07-09T03:10:39.185-0500] {processor.py:161} INFO - Started process (PID=14906) to work on /opt/airflow/dags/config.py
[2026-07-09T03:10:39.186-0500] {processor.py:830} INFO - Processing file /opt/airflow/dags/config.py for tasks to queue
[2026-07-09T03:10:39.187-0500] {logging_mixin.py:188} INFO - [2026-07-09T03:10:39.187-0500] {dagbag.py:545} INFO - Filling up the DagBag from /opt/airflow/dags/config.py
[2026-07-09T03:10:39.204-0500] {processor.py:842} WARNING - No viable dags retrieved from /opt/airflow/dags/config.py
[2026-07-09T03:10:39.216-0500] {processor.py:183} INFO - Processing /opt/airflow/dags/config.py took 0.035 seconds
[2026-07-09T03:11:09.370-0500] {processor.py:161} INFO - Started process (PID=14933) to work on /opt/airflow/dags/config.py
[2026-07-09T03:11:09.371-0500] {processor.py:830} INFO - Processing file /opt/airflow/dags/config.py for tasks to queue
[2026-07-09T03:11:09.373-0500] {logging_mixin.py:188} INFO - [2026-07-09T03:11:09.373-0500] {dagbag.py:545} INFO - Filling up the DagBag from /opt/airflow/dags/config.py
[2026-07-09T03:11:09.394-0500] {processor.py:842} WARNING - No viable dags retrieved from /opt/airflow/dags/config.py
[2026-07-09T03:11:09.407-0500] {processor.py:183} INFO - Processing /opt/airflow/dags/config.py took 0.042 seconds
[2026-07-09T03:11:39.484-0500] {processor.py:161} INFO - Started process (PID=14960) to work on /opt/airflow/dags/config.py
[2026-07-09T03:11:39.485-0500] {processor.py:830} INFO - Processing file /opt/airflow/dags/config.py for tasks to queue
[2026-07-09T03:11:39.486-0500] {logging_mixin.py:188} INFO - [2026-07-09T03:11:39.486-0500] {dagbag.py:545} INFO - Filling up the DagBag from /opt/airflow/dags/config.py
[2026-07-09T03:11:39.502-0500] {processor.py:842} WARNING - No viable dags retrieved from /opt/airflow/dags/config.py
[2026-07-09T03:11:39.514-0500] {processor.py:183} INFO - Processing /opt/airflow/dags/config.py took 0.035 seconds
[2026-07-09T03:12:09.811-0500] {processor.py:161} INFO - Started process (PID=14987) to work on /opt/airflow/dags/config.py
[2026-07-09T03:12:09.812-0500] {processor.py:830} INFO - Processing file /opt/airflow/dags/config.py for tasks to queue
[2026-07-09T03:12:09.814-0500] {logging_mixin.py:188} INFO - [2026-07-09T03:12:09.813-0500] {dagbag.py:545} INFO - Filling up the DagBag from /opt/airflow/dags/config.py
[2026-07-09T03:12:09.836-0500] {processor.py:842} WARNING - No viable dags retrieved from /opt/airflow/dags/config.py
[2026-07-09T03:12:09.848-0500] {processor.py:183} INFO - Processing /opt/airflow/dags/config.py took 0.044 seconds
[2026-07-09T03:12:40.793-0500] {processor.py:161} INFO - Started process (PID=15014) to work on /opt/airflow/dags/config.py
[2026-07-09T03:12:40.794-0500] {processor.py:830} INFO - Processing file /opt/airflow/dags/config.py for tasks to queue
[2026-07-09T03:12:40.795-0500] {logging_mixin.py:188} INFO - [2026-07-09T03:12:40.795-0500] {dagbag.py:545} INFO - Filling up the DagBag from /opt/airflow/dags/config.py
[2026-07-09T03:12:40.815-0500] {processor.py:842} WARNING - No viable dags retrieved from /opt/airflow/dags/config.py
[2026-07-09T03:12:40.828-0500] {processor.py:183} INFO - Processing /opt/airflow/dags/config.py took 0.040 seconds
[2026-07-09T03:13:11.789-0500] {processor.py:161} INFO - Started process (PID=15041) to work on /opt/airflow/dags/config.py
[2026-07-09T03:13:11.790-0500] {processor.py:830} INFO - Processing file /opt/airflow/dags/config.py for tasks to queue
[2026-07-09T03:13:11.792-0500] {logging_mixin.py:188} INFO - [2026-07-09T03:13:11.792-0500] {dagbag.py:545} INFO - Filling up the DagBag from /opt/airflow/dags/config.py
[2026-07-09T03:13:11.814-0500] {processor.py:842} WARNING - No viable dags retrieved from /opt/airflow/dags/config.py
[2026-07-09T03:13:11.825-0500] {processor.py:183} INFO - Processing /opt/airflow/dags/config.py took 0.040 seconds
[2026-07-09T03:13:42.640-0500] {processor.py:161} INFO - Started process (PID=15068) to work on /opt/airflow/dags/config.py
[2026-07-09T03:13:42.641-0500] {processor.py:830} INFO - Processing file /opt/airflow/dags/config.py for tasks to queue
[2026-07-09T03:13:42.642-0500] {logging_mixin.py:188} INFO - [2026-07-09T03:13:42.642-0500] {dagbag.py:545} INFO - Filling up the DagBag from /opt/airflow/dags/config.py
[2026-07-09T03:13:42.658-0500] {processor.py:842} WARNING - No viable dags retrieved from /opt/airflow/dags/config.py
[2026-07-09T03:13:42.671-0500] {processor.py:183} INFO - Processing /opt/airflow/dags/config.py took 0.036 seconds
[2026-07-09T03:14:13.058-0500] {processor.py:161} INFO - Started process (PID=15095) to work on /opt/airflow/dags/config.py
[2026-07-09T03:14:13.059-0500] {processor.py:830} INFO - Processing file /opt/airflow/dags/config.py for tasks to queue
[2026-07-09T03:14:13.061-0500] {logging_mixin.py:188} INFO - [2026-07-09T03:14:13.060-0500] {dagbag.py:545} INFO - Filling up the DagBag from /opt/airflow/dags/config.py
[2026-07-09T03:14:13.076-0500] {processor.py:842} WARNING - No viable dags retrieved from /opt/airflow/dags/config.py
[2026-07-09T03:14:13.087-0500] {processor.py:183} INFO - Processing /opt/airflow/dags/config.py took 0.033 seconds
[2026-07-09T03:14:43.372-0500] {processor.py:161} INFO - Started process (PID=15122) to work on /opt/airflow/dags/config.py
[2026-07-09T03:14:43.373-0500] {processor.py:830} INFO - Processing file /opt/airflow/dags/config.py for tasks to queue
[2026-07-09T03:14:43.375-0500] {logging_mixin.py:188} INFO - [2026-07-09T03:14:43.375-0500] {dagbag.py:545} INFO - Filling up the DagBag from /opt/airflow/dags/config.py
[2026-07-09T03:14:43.391-0500] {processor.py:842} WARNING - No viable dags retrieved from /opt/airflow/dags/config.py
[2026-07-09T03:14:43.404-0500] {processor.py:183} INFO - Processing /opt/airflow/dags/config.py took 0.037 seconds
[2026-07-09T03:15:13.681-0500] {processor.py:161} INFO - Started process (PID=15149) to work on /opt/airflow/dags/config.py
[2026-07-09T03:15:13.682-0500] {processor.py:830} INFO - Processing file /opt/airflow/dags/config.py for tasks to queue
[2026-07-09T03:15:13.684-0500] {logging_mixin.py:188} INFO - [2026-07-09T03:15:13.683-0500] {dagbag.py:545} INFO - Filling up the DagBag from /opt/airflow/dags/config.py
[2026-07-09T03:15:13.698-0500] {processor.py:842} WARNING - No viable dags retrieved from /opt/airflow/dags/config.py
[2026-07-09T03:15:13.709-0500] {processor.py:183} INFO - Processing /opt/airflow/dags/config.py took 0.033 seconds
[2026-07-09T03:15:44.544-0500] {processor.py:161} INFO - Started process (PID=15176) to work on /opt/airflow/dags/config.py
[2026-07-09T03:15:44.545-0500] {processor.py:830} INFO - Processing file /opt/airflow/dags/config.py for tasks to queue
[2026-07-09T03:15:44.546-0500] {logging_mixin.py:188} INFO - [2026-07-09T03:15:44.546-0500] {dagbag.py:545} INFO - Filling up the DagBag from /opt/airflow/dags/config.py
[2026-07-09T03:15:44.568-0500] {processor.py:842} WARNING - No viable dags retrieved from /opt/airflow/dags/config.py
[2026-07-09T03:15:44.582-0500] {processor.py:183} INFO - Processing /opt/airflow/dags/config.py took 0.044 seconds
[2026-07-09T03:16:15.579-0500] {processor.py:161} INFO - Started process (PID=15203) to work on /opt/airflow/dags/config.py
[2026-07-09T03:16:15.579-0500] {processor.py:830} INFO - Processing file /opt/airflow/dags/config.py for tasks to queue
[2026-07-09T03:16:15.581-0500] {logging_mixin.py:188} INFO - [2026-07-09T03:16:15.581-0500] {dagbag.py:545} INFO - Filling up the DagBag from /opt/airflow/dags/config.py
[2026-07-09T03:16:15.598-0500] {processor.py:842} WARNING - No viable dags retrieved from /opt/airflow/dags/config.py
[2026-07-09T03:16:15.609-0500] {processor.py:183} INFO - Processing /opt/airflow/dags/config.py took 0.035 seconds
[2026-07-09T03:16:45.891-0500] {processor.py:161} INFO - Started process (PID=15230) to work on /opt/airflow/dags/config.py
[2026-07-09T03:16:45.892-0500] {processor.py:830} INFO - Processing file /opt/airflow/dags/config.py for tasks to queue
[2026-07-09T03:16:45.894-0500] {logging_mixin.py:188} INFO - [2026-07-09T03:16:45.893-0500] {dagbag.py:545} INFO - Filling up the DagBag from /opt/airflow/dags/config.py
[2026-07-09T03:16:45.908-0500] {processor.py:842} WARNING - No viable dags retrieved from /opt/airflow/dags/config.py
[2026-07-09T03:16:45.921-0500] {processor.py:183} INFO - Processing /opt/airflow/dags/config.py took 0.035 seconds
[2026-07-09T03:17:16.193-0500] {processor.py:161} INFO - Started process (PID=15257) to work on /opt/airflow/dags/config.py
[2026-07-09T03:17:16.194-0500] {processor.py:830} INFO - Processing file /opt/airflow/dags/config.py for tasks to queue
[2026-07-09T03:17:16.196-0500] {logging_mixin.py:188} INFO - [2026-07-09T03:17:16.195-0500] {dagbag.py:545} INFO - Filling up the DagBag from /opt/airflow/dags/config.py
[2026-07-09T03:17:16.217-0500] {processor.py:842} WARNING - No viable dags retrieved from /opt/airflow/dags/config.py
[2026-07-09T03:17:16.231-0500] {processor.py:183} INFO - Processing /opt/airflow/dags/config.py took 0.043 seconds
[2026-07-09T03:17:47.116-0500] {processor.py:161} INFO - Started process (PID=15284) to work on /opt/airflow/dags/config.py
[2026-07-09T03:17:47.117-0500] {processor.py:830} INFO - Processing file /opt/airflow/dags/config.py for tasks to queue
[2026-07-09T03:17:47.119-0500] {logging_mixin.py:188} INFO - [2026-07-09T03:17:47.119-0500] {dagbag.py:545} INFO - Filling up the DagBag from /opt/airflow/dags/config.py
[2026-07-09T03:17:47.143-0500] {processor.py:842} WARNING - No viable dags retrieved from /opt/airflow/dags/config.py
[2026-07-09T03:17:47.156-0500] {processor.py:183} INFO - Processing /opt/airflow/dags/config.py took 0.048 seconds
[2026-07-09T03:18:17.424-0500] {processor.py:161} INFO - Started process (PID=15311) to work on /opt/airflow/dags/config.py
[2026-07-09T03:18:17.425-0500] {processor.py:830} INFO - Processing file /opt/airflow/dags/config.py for tasks to queue
[2026-07-09T03:18:17.427-0500] {logging_mixin.py:188} INFO - [2026-07-09T03:18:17.427-0500] {dagbag.py:545} INFO - Filling up the DagBag from /opt/airflow/dags/config.py
[2026-07-09T03:18:17.442-0500] {processor.py:842} WARNING - No viable dags retrieved from /opt/airflow/dags/config.py
[2026-07-09T03:18:17.454-0500] {processor.py:183} INFO - Processing /opt/airflow/dags/config.py took 0.035 seconds
[2026-07-09T03:18:48.374-0500] {processor.py:161} INFO - Started process (PID=15338) to work on /opt/airflow/dags/config.py
[2026-07-09T03:18:48.375-0500] {processor.py:830} INFO - Processing file /opt/airflow/dags/config.py for tasks to queue
[2026-07-09T03:18:48.376-0500] {logging_mixin.py:188} INFO - [2026-07-09T03:18:48.376-0500] {dagbag.py:545} INFO - Filling up the DagBag from /opt/airflow/dags/config.py
[2026-07-09T03:18:48.395-0500] {processor.py:842} WARNING - No viable dags retrieved from /opt/airflow/dags/config.py
[2026-07-09T03:18:48.407-0500] {processor.py:183} INFO - Processing /opt/airflow/dags/config.py took 0.038 seconds
[2026-07-09T03:19:18.687-0500] {processor.py:161} INFO - Started process (PID=15365) to work on /opt/airflow/dags/config.py
[2026-07-09T03:19:18.688-0500] {processor.py:830} INFO - Processing file /opt/airflow/dags/config.py for tasks to queue
[2026-07-09T03:19:18.689-0500] {logging_mixin.py:188} INFO - [2026-07-09T03:19:18.689-0500] {dagbag.py:545} INFO - Filling up the DagBag from /opt/airflow/dags/config.py
[2026-07-09T03:19:18.705-0500] {processor.py:842} WARNING - No viable dags retrieved from /opt/airflow/dags/config.py
[2026-07-09T03:19:18.718-0500] {processor.py:183} INFO - Processing /opt/airflow/dags/config.py took 0.037 seconds
[2026-07-09T03:19:49.001-0500] {processor.py:161} INFO - Started process (PID=15392) to work on /opt/airflow/dags/config.py
[2026-07-09T03:19:49.003-0500] {processor.py:830} INFO - Processing file /opt/airflow/dags/config.py for tasks to queue
[2026-07-09T03:19:49.005-0500] {logging_mixin.py:188} INFO - [2026-07-09T03:19:49.005-0500] {dagbag.py:545} INFO - Filling up the DagBag from /opt/airflow/dags/config.py
[2026-07-09T03:19:49.023-0500] {processor.py:842} WARNING - No viable dags retrieved from /opt/airflow/dags/config.py
[2026-07-09T03:19:49.035-0500] {processor.py:183} INFO - Processing /opt/airflow/dags/config.py took 0.040 seconds
[2026-07-09T03:20:19.319-0500] {processor.py:161} INFO - Started process (PID=15419) to work on /opt/airflow/dags/config.py
[2026-07-09T03:20:19.320-0500] {processor.py:830} INFO - Processing file /opt/airflow/dags/config.py for tasks to queue
[2026-07-09T03:20:19.323-0500] {logging_mixin.py:188} INFO - [2026-07-09T03:20:19.323-0500] {dagbag.py:545} INFO - Filling up the DagBag from /opt/airflow/dags/config.py
[2026-07-09T03:20:19.349-0500] {processor.py:842} WARNING - No viable dags retrieved from /opt/airflow/dags/config.py
[2026-07-09T03:20:19.361-0500] {processor.py:183} INFO - Processing /opt/airflow/dags/config.py took 0.048 seconds
[2026-07-09T03:20:50.377-0500] {processor.py:161} INFO - Started process (PID=15446) to work on /opt/airflow/dags/config.py
[2026-07-09T03:20:50.379-0500] {processor.py:830} INFO - Processing file /opt/airflow/dags/config.py for tasks to queue
[2026-07-09T03:20:50.381-0500] {logging_mixin.py:188} INFO - [2026-07-09T03:20:50.381-0500] {dagbag.py:545} INFO - Filling up the DagBag from /opt/airflow/dags/config.py
[2026-07-09T03:20:50.404-0500] {processor.py:842} WARNING - No viable dags retrieved from /opt/airflow/dags/config.py
[2026-07-09T03:20:50.417-0500] {processor.py:183} INFO - Processing /opt/airflow/dags/config.py took 0.046 seconds
[2026-07-09T03:21:21.194-0500] {processor.py:161} INFO - Started process (PID=15473) to work on /opt/airflow/dags/config.py
[2026-07-09T03:21:21.195-0500] {processor.py:830} INFO - Processing file /opt/airflow/dags/config.py for tasks to queue
[2026-07-09T03:21:21.197-0500] {logging_mixin.py:188} INFO - [2026-07-09T03:21:21.197-0500] {dagbag.py:545} INFO - Filling up the DagBag from /opt/airflow/dags/config.py
[2026-07-09T03:21:21.217-0500] {processor.py:842} WARNING - No viable dags retrieved from /opt/airflow/dags/config.py
[2026-07-09T03:21:21.229-0500] {processor.py:183} INFO - Processing /opt/airflow/dags/config.py took 0.041 seconds
[2026-07-09T03:21:52.026-0500] {processor.py:161} INFO - Started process (PID=15500) to work on /opt/airflow/dags/config.py
[2026-07-09T03:21:52.027-0500] {processor.py:830} INFO - Processing file /opt/airflow/dags/config.py for tasks to queue
[2026-07-09T03:21:52.029-0500] {logging_mixin.py:188} INFO - [2026-07-09T03:21:52.028-0500] {dagbag.py:545} INFO - Filling up the DagBag from /opt/airflow/dags/config.py
[2026-07-09T03:21:52.049-0500] {processor.py:842} WARNING - No viable dags retrieved from /opt/airflow/dags/config.py
[2026-07-09T03:21:52.063-0500] {processor.py:183} INFO - Processing /opt/airflow/dags/config.py took 0.043 seconds
[2026-07-09T03:22:22.370-0500] {processor.py:161} INFO - Started process (PID=15527) to work on /opt/airflow/dags/config.py
[2026-07-09T03:22:22.372-0500] {processor.py:830} INFO - Processing file /opt/airflow/dags/config.py for tasks to queue
[2026-07-09T03:22:22.373-0500] {logging_mixin.py:188} INFO - [2026-07-09T03:22:22.373-0500] {dagbag.py:545} INFO - Filling up the DagBag from /opt/airflow/dags/config.py
[2026-07-09T03:22:22.393-0500] {processor.py:842} WARNING - No viable dags retrieved from /opt/airflow/dags/config.py
[2026-07-09T03:22:22.406-0500] {processor.py:183} INFO - Processing /opt/airflow/dags/config.py took 0.041 seconds
[2026-07-09T03:22:52.681-0500] {processor.py:161} INFO - Started process (PID=15554) to work on /opt/airflow/dags/config.py
[2026-07-09T03:22:52.682-0500] {processor.py:830} INFO - Processing file /opt/airflow/dags/config.py for tasks to queue
[2026-07-09T03:22:52.683-0500] {logging_mixin.py:188} INFO - [2026-07-09T03:22:52.683-0500] {dagbag.py:545} INFO - Filling up the DagBag from /opt/airflow/dags/config.py
[2026-07-09T03:22:52.705-0500] {processor.py:842} WARNING - No viable dags retrieved from /opt/airflow/dags/config.py
[2026-07-09T03:22:52.719-0500] {processor.py:183} INFO - Processing /opt/airflow/dags/config.py took 0.044 seconds
[2026-07-09T03:23:23.016-0500] {processor.py:161} INFO - Started process (PID=15581) to work on /opt/airflow/dags/config.py
[2026-07-09T03:23:23.017-0500] {processor.py:830} INFO - Processing file /opt/airflow/dags/config.py for tasks to queue
[2026-07-09T03:23:23.019-0500] {logging_mixin.py:188} INFO - [2026-07-09T03:23:23.019-0500] {dagbag.py:545} INFO - Filling up the DagBag from /opt/airflow/dags/config.py
[2026-07-09T03:23:23.037-0500] {processor.py:842} WARNING - No viable dags retrieved from /opt/airflow/dags/config.py
[2026-07-09T03:23:23.050-0500] {processor.py:183} INFO - Processing /opt/airflow/dags/config.py took 0.039 seconds
[2026-07-09T03:23:53.310-0500] {processor.py:161} INFO - Started process (PID=15608) to work on /opt/airflow/dags/config.py
[2026-07-09T03:23:53.311-0500] {processor.py:830} INFO - Processing file /opt/airflow/dags/config.py for tasks to queue
[2026-07-09T03:23:53.312-0500] {logging_mixin.py:188} INFO - [2026-07-09T03:23:53.312-0500] {dagbag.py:545} INFO - Filling up the DagBag from /opt/airflow/dags/config.py
[2026-07-09T03:23:53.325-0500] {processor.py:842} WARNING - No viable dags retrieved from /opt/airflow/dags/config.py
[2026-07-09T03:23:53.337-0500] {processor.py:183} INFO - Processing /opt/airflow/dags/config.py took 0.032 seconds
[2026-07-09T03:24:23.710-0500] {processor.py:161} INFO - Started process (PID=15635) to work on /opt/airflow/dags/config.py
[2026-07-09T03:24:23.711-0500] {processor.py:830} INFO - Processing file /opt/airflow/dags/config.py for tasks to queue
[2026-07-09T03:24:23.713-0500] {logging_mixin.py:188} INFO - [2026-07-09T03:24:23.712-0500] {dagbag.py:545} INFO - Filling up the DagBag from /opt/airflow/dags/config.py
[2026-07-09T03:24:23.726-0500] {processor.py:842} WARNING - No viable dags retrieved from /opt/airflow/dags/config.py
[2026-07-09T03:24:23.737-0500] {processor.py:183} INFO - Processing /opt/airflow/dags/config.py took 0.031 seconds
[2026-07-09T03:24:54.567-0500] {processor.py:161} INFO - Started process (PID=15662) to work on /opt/airflow/dags/config.py
[2026-07-09T03:24:54.568-0500] {processor.py:830} INFO - Processing file /opt/airflow/dags/config.py for tasks to queue
[2026-07-09T03:24:54.570-0500] {logging_mixin.py:188} INFO - [2026-07-09T03:24:54.569-0500] {dagbag.py:545} INFO - Filling up the DagBag from /opt/airflow/dags/config.py
[2026-07-09T03:24:54.584-0500] {processor.py:842} WARNING - No viable dags retrieved from /opt/airflow/dags/config.py
[2026-07-09T03:24:54.596-0500] {processor.py:183} INFO - Processing /opt/airflow/dags/config.py took 0.034 seconds
[2026-07-09T03:25:24.888-0500] {processor.py:161} INFO - Started process (PID=15689) to work on /opt/airflow/dags/config.py
[2026-07-09T03:25:24.889-0500] {processor.py:830} INFO - Processing file /opt/airflow/dags/config.py for tasks to queue
[2026-07-09T03:25:24.891-0500] {logging_mixin.py:188} INFO - [2026-07-09T03:25:24.891-0500] {dagbag.py:545} INFO - Filling up the DagBag from /opt/airflow/dags/config.py
[2026-07-09T03:25:24.916-0500] {processor.py:842} WARNING - No viable dags retrieved from /opt/airflow/dags/config.py
[2026-07-09T03:25:24.942-0500] {processor.py:183} INFO - Processing /opt/airflow/dags/config.py took 0.060 seconds
[2026-07-09T03:25:55.203-0500] {processor.py:161} INFO - Started process (PID=15716) to work on /opt/airflow/dags/config.py
[2026-07-09T03:25:55.204-0500] {processor.py:830} INFO - Processing file /opt/airflow/dags/config.py for tasks to queue
[2026-07-09T03:25:55.206-0500] {logging_mixin.py:188} INFO - [2026-07-09T03:25:55.206-0500] {dagbag.py:545} INFO - Filling up the DagBag from /opt/airflow/dags/config.py
[2026-07-09T03:25:55.220-0500] {processor.py:842} WARNING - No viable dags retrieved from /opt/airflow/dags/config.py
[2026-07-09T03:25:55.233-0500] {processor.py:183} INFO - Processing /opt/airflow/dags/config.py took 0.036 seconds
[2026-07-09T03:26:25.993-0500] {processor.py:161} INFO - Started process (PID=15743) to work on /opt/airflow/dags/config.py
[2026-07-09T03:26:25.994-0500] {processor.py:830} INFO - Processing file /opt/airflow/dags/config.py for tasks to queue
[2026-07-09T03:26:25.996-0500] {logging_mixin.py:188} INFO - [2026-07-09T03:26:25.995-0500] {dagbag.py:545} INFO - Filling up the DagBag from /opt/airflow/dags/config.py
[2026-07-09T03:26:26.018-0500] {processor.py:842} WARNING - No viable dags retrieved from /opt/airflow/dags/config.py
[2026-07-09T03:26:26.031-0500] {processor.py:183} INFO - Processing /opt/airflow/dags/config.py took 0.044 seconds
[2026-07-09T03:26:56.341-0500] {processor.py:161} INFO - Started process (PID=15770) to work on /opt/airflow/dags/config.py
[2026-07-09T03:26:56.342-0500] {processor.py:830} INFO - Processing file /opt/airflow/dags/config.py for tasks to queue
[2026-07-09T03:26:56.343-0500] {logging_mixin.py:188} INFO - [2026-07-09T03:26:56.343-0500] {dagbag.py:545} INFO - Filling up the DagBag from /opt/airflow/dags/config.py
[2026-07-09T03:26:56.357-0500] {processor.py:842} WARNING - No viable dags retrieved from /opt/airflow/dags/config.py
[2026-07-09T03:26:56.368-0500] {processor.py:183} INFO - Processing /opt/airflow/dags/config.py took 0.032 seconds
[2026-07-09T03:27:27.287-0500] {processor.py:161} INFO - Started process (PID=15797) to work on /opt/airflow/dags/config.py
[2026-07-09T03:27:27.289-0500] {processor.py:830} INFO - Processing file /opt/airflow/dags/config.py for tasks to queue
[2026-07-09T03:27:27.290-0500] {logging_mixin.py:188} INFO - [2026-07-09T03:27:27.290-0500] {dagbag.py:545} INFO - Filling up the DagBag from /opt/airflow/dags/config.py
[2026-07-09T03:27:27.314-0500] {processor.py:842} WARNING - No viable dags retrieved from /opt/airflow/dags/config.py
[2026-07-09T03:27:27.326-0500] {processor.py:183} INFO - Processing /opt/airflow/dags/config.py took 0.043 seconds
[2026-07-09T03:27:57.582-0500] {processor.py:161} INFO - Started process (PID=15824) to work on /opt/airflow/dags/config.py
[2026-07-09T03:27:57.583-0500] {processor.py:830} INFO - Processing file /opt/airflow/dags/config.py for tasks to queue
[2026-07-09T03:27:57.585-0500] {logging_mixin.py:188} INFO - [2026-07-09T03:27:57.584-0500] {dagbag.py:545} INFO - Filling up the DagBag from /opt/airflow/dags/config.py
[2026-07-09T03:27:57.597-0500] {processor.py:842} WARNING - No viable dags retrieved from /opt/airflow/dags/config.py
[2026-07-09T03:27:57.609-0500] {processor.py:183} INFO - Processing /opt/airflow/dags/config.py took 0.032 seconds
[2026-07-09T03:28:28.139-0500] {processor.py:161} INFO - Started process (PID=15851) to work on /opt/airflow/dags/config.py
[2026-07-09T03:28:28.140-0500] {processor.py:830} INFO - Processing file /opt/airflow/dags/config.py for tasks to queue
[2026-07-09T03:28:28.142-0500] {logging_mixin.py:188} INFO - [2026-07-09T03:28:28.141-0500] {dagbag.py:545} INFO - Filling up the DagBag from /opt/airflow/dags/config.py
[2026-07-09T03:28:28.164-0500] {processor.py:842} WARNING - No viable dags retrieved from /opt/airflow/dags/config.py
[2026-07-09T03:28:28.178-0500] {processor.py:183} INFO - Processing /opt/airflow/dags/config.py took 0.047 seconds
[2026-07-09T03:28:58.661-0500] {processor.py:161} INFO - Started process (PID=15878) to work on /opt/airflow/dags/config.py
[2026-07-09T03:28:58.662-0500] {processor.py:830} INFO - Processing file /opt/airflow/dags/config.py for tasks to queue
[2026-07-09T03:28:58.664-0500] {logging_mixin.py:188} INFO - [2026-07-09T03:28:58.663-0500] {dagbag.py:545} INFO - Filling up the DagBag from /opt/airflow/dags/config.py
[2026-07-09T03:28:58.677-0500] {processor.py:842} WARNING - No viable dags retrieved from /opt/airflow/dags/config.py
[2026-07-09T03:28:58.689-0500] {processor.py:183} INFO - Processing /opt/airflow/dags/config.py took 0.032 seconds
[2026-07-09T03:29:28.943-0500] {processor.py:161} INFO - Started process (PID=15905) to work on /opt/airflow/dags/config.py
[2026-07-09T03:29:28.944-0500] {processor.py:830} INFO - Processing file /opt/airflow/dags/config.py for tasks to queue
[2026-07-09T03:29:28.946-0500] {logging_mixin.py:188} INFO - [2026-07-09T03:29:28.946-0500] {dagbag.py:545} INFO - Filling up the DagBag from /opt/airflow/dags/config.py
[2026-07-09T03:29:28.971-0500] {processor.py:842} WARNING - No viable dags retrieved from /opt/airflow/dags/config.py
[2026-07-09T03:29:28.985-0500] {processor.py:183} INFO - Processing /opt/airflow/dags/config.py took 0.049 seconds
[2026-07-09T03:29:59.542-0500] {processor.py:161} INFO - Started process (PID=15932) to work on /opt/airflow/dags/config.py
[2026-07-09T03:29:59.543-0500] {processor.py:830} INFO - Processing file /opt/airflow/dags/config.py for tasks to queue
[2026-07-09T03:29:59.544-0500] {logging_mixin.py:188} INFO - [2026-07-09T03:29:59.544-0500] {dagbag.py:545} INFO - Filling up the DagBag from /opt/airflow/dags/config.py
[2026-07-09T03:29:59.559-0500] {processor.py:842} WARNING - No viable dags retrieved from /opt/airflow/dags/config.py
[2026-07-09T03:29:59.571-0500] {processor.py:183} INFO - Processing /opt/airflow/dags/config.py took 0.033 seconds
[2026-07-09T03:30:30.494-0500] {processor.py:161} INFO - Started process (PID=15959) to work on /opt/airflow/dags/config.py
[2026-07-09T03:30:30.495-0500] {processor.py:830} INFO - Processing file /opt/airflow/dags/config.py for tasks to queue
[2026-07-09T03:30:30.497-0500] {logging_mixin.py:188} INFO - [2026-07-09T03:30:30.497-0500] {dagbag.py:545} INFO - Filling up the DagBag from /opt/airflow/dags/config.py
[2026-07-09T03:30:30.510-0500] {processor.py:842} WARNING - No viable dags retrieved from /opt/airflow/dags/config.py
[2026-07-09T03:30:30.522-0500] {processor.py:183} INFO - Processing /opt/airflow/dags/config.py took 0.032 seconds
[2026-07-09T03:31:01.371-0500] {processor.py:161} INFO - Started process (PID=15986) to work on /opt/airflow/dags/config.py
[2026-07-09T03:31:01.372-0500] {processor.py:830} INFO - Processing file /opt/airflow/dags/config.py for tasks to queue
[2026-07-09T03:31:01.373-0500] {logging_mixin.py:188} INFO - [2026-07-09T03:31:01.373-0500] {dagbag.py:545} INFO - Filling up the DagBag from /opt/airflow/dags/config.py
[2026-07-09T03:31:01.391-0500] {processor.py:842} WARNING - No viable dags retrieved from /opt/airflow/dags/config.py
[2026-07-09T03:31:01.405-0500] {processor.py:183} INFO - Processing /opt/airflow/dags/config.py took 0.040 seconds
[2026-07-09T03:31:31.476-0500] {processor.py:161} INFO - Started process (PID=16013) to work on /opt/airflow/dags/config.py
[2026-07-09T03:31:31.477-0500] {processor.py:830} INFO - Processing file /opt/airflow/dags/config.py for tasks to queue
[2026-07-09T03:31:31.478-0500] {logging_mixin.py:188} INFO - [2026-07-09T03:31:31.478-0500] {dagbag.py:545} INFO - Filling up the DagBag from /opt/airflow/dags/config.py
[2026-07-09T03:31:31.498-0500] {processor.py:842} WARNING - No viable dags retrieved from /opt/airflow/dags/config.py
[2026-07-09T03:31:31.509-0500] {processor.py:183} INFO - Processing /opt/airflow/dags/config.py took 0.038 seconds
[2026-07-09T03:32:02.348-0500] {processor.py:161} INFO - Started process (PID=16040) to work on /opt/airflow/dags/config.py
[2026-07-09T03:32:02.349-0500] {processor.py:830} INFO - Processing file /opt/airflow/dags/config.py for tasks to queue
[2026-07-09T03:32:02.351-0500] {logging_mixin.py:188} INFO - [2026-07-09T03:32:02.350-0500] {dagbag.py:545} INFO - Filling up the DagBag from /opt/airflow/dags/config.py
[2026-07-09T03:32:02.371-0500] {processor.py:842} WARNING - No viable dags retrieved from /opt/airflow/dags/config.py
[2026-07-09T03:32:02.383-0500] {processor.py:183} INFO - Processing /opt/airflow/dags/config.py took 0.040 seconds
[2026-07-09T03:32:33.154-0500] {processor.py:161} INFO - Started process (PID=16067) to work on /opt/airflow/dags/config.py
[2026-07-09T03:32:33.155-0500] {processor.py:830} INFO - Processing file /opt/airflow/dags/config.py for tasks to queue
[2026-07-09T03:32:33.156-0500] {logging_mixin.py:188} INFO - [2026-07-09T03:32:33.156-0500] {dagbag.py:545} INFO - Filling up the DagBag from /opt/airflow/dags/config.py
[2026-07-09T03:32:33.170-0500] {processor.py:842} WARNING - No viable dags retrieved from /opt/airflow/dags/config.py
[2026-07-09T03:32:33.181-0500] {processor.py:183} INFO - Processing /opt/airflow/dags/config.py took 0.032 seconds
[2026-07-09T03:33:03.941-0500] {processor.py:161} INFO - Started process (PID=16092) to work on /opt/airflow/dags/config.py
[2026-07-09T03:33:03.942-0500] {processor.py:830} INFO - Processing file /opt/airflow/dags/config.py for tasks to queue
[2026-07-09T03:33:03.944-0500] {logging_mixin.py:188} INFO - [2026-07-09T03:33:03.944-0500] {dagbag.py:545} INFO - Filling up the DagBag from /opt/airflow/dags/config.py
[2026-07-09T03:33:03.967-0500] {processor.py:842} WARNING - No viable dags retrieved from /opt/airflow/dags/config.py
[2026-07-09T03:33:03.981-0500] {processor.py:183} INFO - Processing /opt/airflow/dags/config.py took 0.047 seconds
[2026-07-09T03:33:34.862-0500] {processor.py:161} INFO - Started process (PID=16121) to work on /opt/airflow/dags/config.py
[2026-07-09T03:33:34.863-0500] {processor.py:830} INFO - Processing file /opt/airflow/dags/config.py for tasks to queue
[2026-07-09T03:33:34.864-0500] {logging_mixin.py:188} INFO - [2026-07-09T03:33:34.864-0500] {dagbag.py:545} INFO - Filling up the DagBag from /opt/airflow/dags/config.py
[2026-07-09T03:33:34.882-0500] {processor.py:842} WARNING - No viable dags retrieved from /opt/airflow/dags/config.py
[2026-07-09T03:33:34.896-0500] {processor.py:183} INFO - Processing /opt/airflow/dags/config.py took 0.039 seconds
[2026-07-09T03:34:05.778-0500] {processor.py:161} INFO - Started process (PID=16148) to work on /opt/airflow/dags/config.py
[2026-07-09T03:34:05.779-0500] {processor.py:830} INFO - Processing file /opt/airflow/dags/config.py for tasks to queue
[2026-07-09T03:34:05.781-0500] {logging_mixin.py:188} INFO - [2026-07-09T03:34:05.781-0500] {dagbag.py:545} INFO - Filling up the DagBag from /opt/airflow/dags/config.py
[2026-07-09T03:34:05.804-0500] {processor.py:842} WARNING - No viable dags retrieved from /opt/airflow/dags/config.py
[2026-07-09T03:34:05.817-0500] {processor.py:183} INFO - Processing /opt/airflow/dags/config.py took 0.045 seconds
[2026-07-09T03:34:36.653-0500] {processor.py:161} INFO - Started process (PID=16175) to work on /opt/airflow/dags/config.py
[2026-07-09T03:34:36.654-0500] {processor.py:830} INFO - Processing file /opt/airflow/dags/config.py for tasks to queue
[2026-07-09T03:34:36.656-0500] {logging_mixin.py:188} INFO - [2026-07-09T03:34:36.655-0500] {dagbag.py:545} INFO - Filling up the DagBag from /opt/airflow/dags/config.py
[2026-07-09T03:34:36.675-0500] {processor.py:842} WARNING - No viable dags retrieved from /opt/airflow/dags/config.py
[2026-07-09T03:34:36.688-0500] {processor.py:183} INFO - Processing /opt/airflow/dags/config.py took 0.041 seconds
[2026-07-09T03:35:07.555-0500] {processor.py:161} INFO - Started process (PID=16200) to work on /opt/airflow/dags/config.py
[2026-07-09T03:35:07.557-0500] {processor.py:830} INFO - Processing file /opt/airflow/dags/config.py for tasks to queue
[2026-07-09T03:35:07.559-0500] {logging_mixin.py:188} INFO - [2026-07-09T03:35:07.559-0500] {dagbag.py:545} INFO - Filling up the DagBag from /opt/airflow/dags/config.py
[2026-07-09T03:35:07.586-0500] {processor.py:842} WARNING - No viable dags retrieved from /opt/airflow/dags/config.py
[2026-07-09T03:35:07.605-0500] {processor.py:183} INFO - Processing /opt/airflow/dags/config.py took 0.057 seconds
[2026-07-09T03:35:38.630-0500] {processor.py:161} INFO - Started process (PID=16227) to work on /opt/airflow/dags/config.py
[2026-07-09T03:35:38.631-0500] {processor.py:830} INFO - Processing file /opt/airflow/dags/config.py for tasks to queue
[2026-07-09T03:35:38.633-0500] {logging_mixin.py:188} INFO - [2026-07-09T03:35:38.633-0500] {dagbag.py:545} INFO - Filling up the DagBag from /opt/airflow/dags/config.py
[2026-07-09T03:35:38.652-0500] {processor.py:842} WARNING - No viable dags retrieved from /opt/airflow/dags/config.py
[2026-07-09T03:35:38.666-0500] {processor.py:183} INFO - Processing /opt/airflow/dags/config.py took 0.041 seconds
[2026-07-09T03:36:09.456-0500] {processor.py:161} INFO - Started process (PID=16256) to work on /opt/airflow/dags/config.py
[2026-07-09T03:36:09.457-0500] {processor.py:830} INFO - Processing file /opt/airflow/dags/config.py for tasks to queue
[2026-07-09T03:36:09.459-0500] {logging_mixin.py:188} INFO - [2026-07-09T03:36:09.458-0500] {dagbag.py:545} INFO - Filling up the DagBag from /opt/airflow/dags/config.py
[2026-07-09T03:36:09.474-0500] {processor.py:842} WARNING - No viable dags retrieved from /opt/airflow/dags/config.py
[2026-07-09T03:36:09.486-0500] {processor.py:183} INFO - Processing /opt/airflow/dags/config.py took 0.035 seconds
[2026-07-09T03:36:40.309-0500] {processor.py:161} INFO - Started process (PID=16283) to work on /opt/airflow/dags/config.py
[2026-07-09T03:36:40.310-0500] {processor.py:830} INFO - Processing file /opt/airflow/dags/config.py for tasks to queue
[2026-07-09T03:36:40.312-0500] {logging_mixin.py:188} INFO - [2026-07-09T03:36:40.311-0500] {dagbag.py:545} INFO - Filling up the DagBag from /opt/airflow/dags/config.py
[2026-07-09T03:36:40.328-0500] {processor.py:842} WARNING - No viable dags retrieved from /opt/airflow/dags/config.py
[2026-07-09T03:36:40.340-0500] {processor.py:183} INFO - Processing /opt/airflow/dags/config.py took 0.036 seconds
[2026-07-09T03:37:11.207-0500] {processor.py:161} INFO - Started process (PID=16308) to work on /opt/airflow/dags/config.py
[2026-07-09T03:37:11.208-0500] {processor.py:830} INFO - Processing file /opt/airflow/dags/config.py for tasks to queue
[2026-07-09T03:37:11.210-0500] {logging_mixin.py:188} INFO - [2026-07-09T03:37:11.210-0500] {dagbag.py:545} INFO - Filling up the DagBag from /opt/airflow/dags/config.py
[2026-07-09T03:37:11.232-0500] {processor.py:842} WARNING - No viable dags retrieved from /opt/airflow/dags/config.py
[2026-07-09T03:37:11.247-0500] {processor.py:183} INFO - Processing /opt/airflow/dags/config.py took 0.046 seconds
[2026-07-09T03:37:42.116-0500] {processor.py:161} INFO - Started process (PID=16337) to work on /opt/airflow/dags/config.py
[2026-07-09T03:37:42.117-0500] {processor.py:830} INFO - Processing file /opt/airflow/dags/config.py for tasks to queue
[2026-07-09T03:37:42.118-0500] {logging_mixin.py:188} INFO - [2026-07-09T03:37:42.118-0500] {dagbag.py:545} INFO - Filling up the DagBag from /opt/airflow/dags/config.py
[2026-07-09T03:37:42.148-0500] {processor.py:842} WARNING - No viable dags retrieved from /opt/airflow/dags/config.py
[2026-07-09T03:37:42.162-0500] {processor.py:183} INFO - Processing /opt/airflow/dags/config.py took 0.053 seconds
[2026-07-09T03:38:12.930-0500] {processor.py:161} INFO - Started process (PID=16364) to work on /opt/airflow/dags/config.py
[2026-07-09T03:38:12.931-0500] {processor.py:830} INFO - Processing file /opt/airflow/dags/config.py for tasks to queue
[2026-07-09T03:38:12.933-0500] {logging_mixin.py:188} INFO - [2026-07-09T03:38:12.933-0500] {dagbag.py:545} INFO - Filling up the DagBag from /opt/airflow/dags/config.py
[2026-07-09T03:38:12.951-0500] {processor.py:842} WARNING - No viable dags retrieved from /opt/airflow/dags/config.py
[2026-07-09T03:38:12.965-0500] {processor.py:183} INFO - Processing /opt/airflow/dags/config.py took 0.039 seconds
[2026-07-09T03:38:43.854-0500] {processor.py:161} INFO - Started process (PID=16391) to work on /opt/airflow/dags/config.py
[2026-07-09T03:38:43.855-0500] {processor.py:830} INFO - Processing file /opt/airflow/dags/config.py for tasks to queue
[2026-07-09T03:38:43.857-0500] {logging_mixin.py:188} INFO - [2026-07-09T03:38:43.856-0500] {dagbag.py:545} INFO - Filling up the DagBag from /opt/airflow/dags/config.py
[2026-07-09T03:38:43.880-0500] {processor.py:842} WARNING - No viable dags retrieved from /opt/airflow/dags/config.py
[2026-07-09T03:38:43.894-0500] {processor.py:183} INFO - Processing /opt/airflow/dags/config.py took 0.045 seconds
[2026-07-09T03:39:14.755-0500] {processor.py:161} INFO - Started process (PID=16416) to work on /opt/airflow/dags/config.py
[2026-07-09T03:39:14.756-0500] {processor.py:830} INFO - Processing file /opt/airflow/dags/config.py for tasks to queue
[2026-07-09T03:39:14.758-0500] {logging_mixin.py:188} INFO - [2026-07-09T03:39:14.758-0500] {dagbag.py:545} INFO - Filling up the DagBag from /opt/airflow/dags/config.py
[2026-07-09T03:39:14.782-0500] {processor.py:842} WARNING - No viable dags retrieved from /opt/airflow/dags/config.py
[2026-07-09T03:39:14.796-0500] {processor.py:183} INFO - Processing /opt/airflow/dags/config.py took 0.046 seconds
[2026-07-09T03:39:45.762-0500] {processor.py:161} INFO - Started process (PID=16445) to work on /opt/airflow/dags/config.py
[2026-07-09T03:39:45.763-0500] {processor.py:830} INFO - Processing file /opt/airflow/dags/config.py for tasks to queue
[2026-07-09T03:39:45.764-0500] {logging_mixin.py:188} INFO - [2026-07-09T03:39:45.764-0500] {dagbag.py:545} INFO - Filling up the DagBag from /opt/airflow/dags/config.py
[2026-07-09T03:39:45.780-0500] {processor.py:842} WARNING - No viable dags retrieved from /opt/airflow/dags/config.py
[2026-07-09T03:39:45.793-0500] {processor.py:183} INFO - Processing /opt/airflow/dags/config.py took 0.036 seconds
[2026-07-09T03:40:16.644-0500] {processor.py:161} INFO - Started process (PID=16472) to work on /opt/airflow/dags/config.py
[2026-07-09T03:40:16.645-0500] {processor.py:830} INFO - Processing file /opt/airflow/dags/config.py for tasks to queue
[2026-07-09T03:40:16.647-0500] {logging_mixin.py:188} INFO - [2026-07-09T03:40:16.647-0500] {dagbag.py:545} INFO - Filling up the DagBag from /opt/airflow/dags/config.py
[2026-07-09T03:40:16.671-0500] {processor.py:842} WARNING - No viable dags retrieved from /opt/airflow/dags/config.py
[2026-07-09T03:40:16.685-0500] {processor.py:183} INFO - Processing /opt/airflow/dags/config.py took 0.047 seconds
[2026-07-09T03:40:47.572-0500] {processor.py:161} INFO - Started process (PID=16499) to work on /opt/airflow/dags/config.py
[2026-07-09T03:40:47.573-0500] {processor.py:830} INFO - Processing file /opt/airflow/dags/config.py for tasks to queue
[2026-07-09T03:40:47.575-0500] {logging_mixin.py:188} INFO - [2026-07-09T03:40:47.575-0500] {dagbag.py:545} INFO - Filling up the DagBag from /opt/airflow/dags/config.py
[2026-07-09T03:40:47.595-0500] {processor.py:842} WARNING - No viable dags retrieved from /opt/airflow/dags/config.py
[2026-07-09T03:40:47.610-0500] {processor.py:183} INFO - Processing /opt/airflow/dags/config.py took 0.044 seconds
[2026-07-09T03:41:18.435-0500] {processor.py:161} INFO - Started process (PID=16524) to work on /opt/airflow/dags/config.py
[2026-07-09T03:41:18.436-0500] {processor.py:830} INFO - Processing file /opt/airflow/dags/config.py for tasks to queue
[2026-07-09T03:41:18.438-0500] {logging_mixin.py:188} INFO - [2026-07-09T03:41:18.437-0500] {dagbag.py:545} INFO - Filling up the DagBag from /opt/airflow/dags/config.py
[2026-07-09T03:41:18.456-0500] {processor.py:842} WARNING - No viable dags retrieved from /opt/airflow/dags/config.py
[2026-07-09T03:41:18.471-0500] {processor.py:183} INFO - Processing /opt/airflow/dags/config.py took 0.041 seconds
[2026-07-09T03:41:49.470-0500] {processor.py:161} INFO - Started process (PID=16553) to work on /opt/airflow/dags/config.py
[2026-07-09T03:41:49.471-0500] {processor.py:830} INFO - Processing file /opt/airflow/dags/config.py for tasks to queue
[2026-07-09T03:41:49.473-0500] {logging_mixin.py:188} INFO - [2026-07-09T03:41:49.472-0500] {dagbag.py:545} INFO - Filling up the DagBag from /opt/airflow/dags/config.py
[2026-07-09T03:41:49.491-0500] {processor.py:842} WARNING - No viable dags retrieved from /opt/airflow/dags/config.py
[2026-07-09T03:41:49.503-0500] {processor.py:183} INFO - Processing /opt/airflow/dags/config.py took 0.038 seconds
[2026-07-09T03:42:20.499-0500] {processor.py:161} INFO - Started process (PID=16580) to work on /opt/airflow/dags/config.py
[2026-07-09T03:42:20.500-0500] {processor.py:830} INFO - Processing file /opt/airflow/dags/config.py for tasks to queue
[2026-07-09T03:42:20.502-0500] {logging_mixin.py:188} INFO - [2026-07-09T03:42:20.502-0500] {dagbag.py:545} INFO - Filling up the DagBag from /opt/airflow/dags/config.py
[2026-07-09T03:42:20.526-0500] {processor.py:842} WARNING - No viable dags retrieved from /opt/airflow/dags/config.py
[2026-07-09T03:42:20.539-0500] {processor.py:183} INFO - Processing /opt/airflow/dags/config.py took 0.046 seconds
[2026-07-09T03:42:51.315-0500] {processor.py:161} INFO - Started process (PID=16607) to work on /opt/airflow/dags/config.py
[2026-07-09T03:42:51.316-0500] {processor.py:830} INFO - Processing file /opt/airflow/dags/config.py for tasks to queue
[2026-07-09T03:42:51.318-0500] {logging_mixin.py:188} INFO - [2026-07-09T03:42:51.318-0500] {dagbag.py:545} INFO - Filling up the DagBag from /opt/airflow/dags/config.py
[2026-07-09T03:42:51.336-0500] {processor.py:842} WARNING - No viable dags retrieved from /opt/airflow/dags/config.py
[2026-07-09T03:42:51.348-0500] {processor.py:183} INFO - Processing /opt/airflow/dags/config.py took 0.037 seconds
[2026-07-09T03:43:22.172-0500] {processor.py:161} INFO - Started process (PID=16632) to work on /opt/airflow/dags/config.py
[2026-07-09T03:43:22.173-0500] {processor.py:830} INFO - Processing file /opt/airflow/dags/config.py for tasks to queue
[2026-07-09T03:43:22.174-0500] {logging_mixin.py:188} INFO - [2026-07-09T03:43:22.174-0500] {dagbag.py:545} INFO - Filling up the DagBag from /opt/airflow/dags/config.py
[2026-07-09T03:43:22.190-0500] {processor.py:842} WARNING - No viable dags retrieved from /opt/airflow/dags/config.py
[2026-07-09T03:43:22.204-0500] {processor.py:183} INFO - Processing /opt/airflow/dags/config.py took 0.037 seconds
[2026-07-09T03:43:53.275-0500] {processor.py:161} INFO - Started process (PID=16659) to work on /opt/airflow/dags/config.py
[2026-07-09T03:43:53.276-0500] {processor.py:830} INFO - Processing file /opt/airflow/dags/config.py for tasks to queue
[2026-07-09T03:43:53.279-0500] {logging_mixin.py:188} INFO - [2026-07-09T03:43:53.278-0500] {dagbag.py:545} INFO - Filling up the DagBag from /opt/airflow/dags/config.py
[2026-07-09T03:43:53.299-0500] {processor.py:842} WARNING - No viable dags retrieved from /opt/airflow/dags/config.py
[2026-07-09T03:43:53.317-0500] {processor.py:183} INFO - Processing /opt/airflow/dags/config.py took 0.047 seconds
[2026-07-09T03:44:24.463-0500] {processor.py:161} INFO - Started process (PID=16688) to work on /opt/airflow/dags/config.py
[2026-07-09T03:44:24.464-0500] {processor.py:830} INFO - Processing file /opt/airflow/dags/config.py for tasks to queue
[2026-07-09T03:44:24.466-0500] {logging_mixin.py:188} INFO - [2026-07-09T03:44:24.465-0500] {dagbag.py:545} INFO - Filling up the DagBag from /opt/airflow/dags/config.py
[2026-07-09T03:44:24.489-0500] {processor.py:842} WARNING - No viable dags retrieved from /opt/airflow/dags/config.py
[2026-07-09T03:44:24.502-0500] {processor.py:183} INFO - Processing /opt/airflow/dags/config.py took 0.044 seconds
[2026-07-09T03:44:55.347-0500] {processor.py:161} INFO - Started process (PID=16715) to work on /opt/airflow/dags/config.py
[2026-07-09T03:44:55.348-0500] {processor.py:830} INFO - Processing file /opt/airflow/dags/config.py for tasks to queue
[2026-07-09T03:44:55.350-0500] {logging_mixin.py:188} INFO - [2026-07-09T03:44:55.350-0500] {dagbag.py:545} INFO - Filling up the DagBag from /opt/airflow/dags/config.py
[2026-07-09T03:44:55.369-0500] {processor.py:842} WARNING - No viable dags retrieved from /opt/airflow/dags/config.py
[2026-07-09T03:44:55.382-0500] {processor.py:183} INFO - Processing /opt/airflow/dags/config.py took 0.040 seconds
[2026-07-09T03:45:26.519-0500] {processor.py:161} INFO - Started process (PID=16742) to work on /opt/airflow/dags/config.py
[2026-07-09T03:45:26.520-0500] {processor.py:830} INFO - Processing file /opt/airflow/dags/config.py for tasks to queue
[2026-07-09T03:45:26.522-0500] {logging_mixin.py:188} INFO - [2026-07-09T03:45:26.521-0500] {dagbag.py:545} INFO - Filling up the DagBag from /opt/airflow/dags/config.py
[2026-07-09T03:45:26.542-0500] {processor.py:842} WARNING - No viable dags retrieved from /opt/airflow/dags/config.py
[2026-07-09T03:45:26.563-0500] {processor.py:183} INFO - Processing /opt/airflow/dags/config.py took 0.049 seconds
[2026-07-09T03:45:57.575-0500] {processor.py:161} INFO - Started process (PID=16767) to work on /opt/airflow/dags/config.py
[2026-07-09T03:45:57.576-0500] {processor.py:830} INFO - Processing file /opt/airflow/dags/config.py for tasks to queue
[2026-07-09T03:45:57.578-0500] {logging_mixin.py:188} INFO - [2026-07-09T03:45:57.577-0500] {dagbag.py:545} INFO - Filling up the DagBag from /opt/airflow/dags/config.py
[2026-07-09T03:45:57.596-0500] {processor.py:842} WARNING - No viable dags retrieved from /opt/airflow/dags/config.py
[2026-07-09T03:45:57.608-0500] {processor.py:183} INFO - Processing /opt/airflow/dags/config.py took 0.038 seconds
[2026-07-09T03:46:28.654-0500] {processor.py:161} INFO - Started process (PID=16796) to work on /opt/airflow/dags/config.py
[2026-07-09T03:46:28.655-0500] {processor.py:830} INFO - Processing file /opt/airflow/dags/config.py for tasks to queue
[2026-07-09T03:46:28.657-0500] {logging_mixin.py:188} INFO - [2026-07-09T03:46:28.656-0500] {dagbag.py:545} INFO - Filling up the DagBag from /opt/airflow/dags/config.py
[2026-07-09T03:46:28.674-0500] {processor.py:842} WARNING - No viable dags retrieved from /opt/airflow/dags/config.py
[2026-07-09T03:46:28.687-0500] {processor.py:183} INFO - Processing /opt/airflow/dags/config.py took 0.038 seconds
[2026-07-09T03:46:59.662-0500] {processor.py:161} INFO - Started process (PID=16823) to work on /opt/airflow/dags/config.py
[2026-07-09T03:46:59.663-0500] {processor.py:830} INFO - Processing file /opt/airflow/dags/config.py for tasks to queue
[2026-07-09T03:46:59.664-0500] {logging_mixin.py:188} INFO - [2026-07-09T03:46:59.664-0500] {dagbag.py:545} INFO - Filling up the DagBag from /opt/airflow/dags/config.py
[2026-07-09T03:46:59.686-0500] {processor.py:842} WARNING - No viable dags retrieved from /opt/airflow/dags/config.py
[2026-07-09T03:46:59.698-0500] {processor.py:183} INFO - Processing /opt/airflow/dags/config.py took 0.041 seconds
[2026-07-09T03:47:30.654-0500] {processor.py:161} INFO - Started process (PID=16850) to work on /opt/airflow/dags/config.py
[2026-07-09T03:47:30.655-0500] {processor.py:830} INFO - Processing file /opt/airflow/dags/config.py for tasks to queue
[2026-07-09T03:47:30.656-0500] {logging_mixin.py:188} INFO - [2026-07-09T03:47:30.656-0500] {dagbag.py:545} INFO - Filling up the DagBag from /opt/airflow/dags/config.py
[2026-07-09T03:47:30.672-0500] {processor.py:842} WARNING - No viable dags retrieved from /opt/airflow/dags/config.py
[2026-07-09T03:47:30.685-0500] {processor.py:183} INFO - Processing /opt/airflow/dags/config.py took 0.036 seconds
[2026-07-09T03:48:01.564-0500] {processor.py:161} INFO - Started process (PID=16877) to work on /opt/airflow/dags/config.py
[2026-07-09T03:48:01.565-0500] {processor.py:830} INFO - Processing file /opt/airflow/dags/config.py for tasks to queue
[2026-07-09T03:48:01.567-0500] {logging_mixin.py:188} INFO - [2026-07-09T03:48:01.566-0500] {dagbag.py:545} INFO - Filling up the DagBag from /opt/airflow/dags/config.py
[2026-07-09T03:48:01.583-0500] {processor.py:842} WARNING - No viable dags retrieved from /opt/airflow/dags/config.py
[2026-07-09T03:48:01.596-0500] {processor.py:183} INFO - Processing /opt/airflow/dags/config.py took 0.036 seconds
[2026-07-09T03:48:32.541-0500] {processor.py:161} INFO - Started process (PID=16904) to work on /opt/airflow/dags/config.py
[2026-07-09T03:48:32.542-0500] {processor.py:830} INFO - Processing file /opt/airflow/dags/config.py for tasks to queue
[2026-07-09T03:48:32.544-0500] {logging_mixin.py:188} INFO - [2026-07-09T03:48:32.543-0500] {dagbag.py:545} INFO - Filling up the DagBag from /opt/airflow/dags/config.py
[2026-07-09T03:48:32.561-0500] {processor.py:842} WARNING - No viable dags retrieved from /opt/airflow/dags/config.py
[2026-07-09T03:48:32.573-0500] {processor.py:183} INFO - Processing /opt/airflow/dags/config.py took 0.037 seconds
[2026-07-09T03:49:03.385-0500] {processor.py:161} INFO - Started process (PID=16930) to work on /opt/airflow/dags/config.py
[2026-07-09T03:49:03.386-0500] {processor.py:830} INFO - Processing file /opt/airflow/dags/config.py for tasks to queue
[2026-07-09T03:49:03.387-0500] {logging_mixin.py:188} INFO - [2026-07-09T03:49:03.387-0500] {dagbag.py:545} INFO - Filling up the DagBag from /opt/airflow/dags/config.py
[2026-07-09T03:49:03.406-0500] {processor.py:842} WARNING - No viable dags retrieved from /opt/airflow/dags/config.py
[2026-07-09T03:49:03.417-0500] {processor.py:183} INFO - Processing /opt/airflow/dags/config.py took 0.037 seconds
[2026-07-09T03:49:34.672-0500] {processor.py:161} INFO - Started process (PID=16956) to work on /opt/airflow/dags/config.py
[2026-07-09T03:49:34.674-0500] {processor.py:830} INFO - Processing file /opt/airflow/dags/config.py for tasks to queue
[2026-07-09T03:49:34.676-0500] {logging_mixin.py:188} INFO - [2026-07-09T03:49:34.675-0500] {dagbag.py:545} INFO - Filling up the DagBag from /opt/airflow/dags/config.py
[2026-07-09T03:49:34.705-0500] {processor.py:842} WARNING - No viable dags retrieved from /opt/airflow/dags/config.py
[2026-07-09T03:49:34.722-0500] {processor.py:183} INFO - Processing /opt/airflow/dags/config.py took 0.061 seconds
[2026-07-09T03:50:05.569-0500] {processor.py:161} INFO - Started process (PID=16985) to work on /opt/airflow/dags/config.py
[2026-07-09T03:50:05.571-0500] {processor.py:830} INFO - Processing file /opt/airflow/dags/config.py for tasks to queue
[2026-07-09T03:50:05.572-0500] {logging_mixin.py:188} INFO - [2026-07-09T03:50:05.572-0500] {dagbag.py:545} INFO - Filling up the DagBag from /opt/airflow/dags/config.py
[2026-07-09T03:50:05.594-0500] {processor.py:842} WARNING - No viable dags retrieved from /opt/airflow/dags/config.py
[2026-07-09T03:50:05.606-0500] {processor.py:183} INFO - Processing /opt/airflow/dags/config.py took 0.041 seconds
[2026-07-09T03:50:36.636-0500] {processor.py:161} INFO - Started process (PID=17012) to work on /opt/airflow/dags/config.py
[2026-07-09T03:50:36.638-0500] {processor.py:830} INFO - Processing file /opt/airflow/dags/config.py for tasks to queue
[2026-07-09T03:50:36.640-0500] {logging_mixin.py:188} INFO - [2026-07-09T03:50:36.639-0500] {dagbag.py:545} INFO - Filling up the DagBag from /opt/airflow/dags/config.py
[2026-07-09T03:50:36.667-0500] {processor.py:842} WARNING - No viable dags retrieved from /opt/airflow/dags/config.py
[2026-07-09T03:50:36.679-0500] {processor.py:183} INFO - Processing /opt/airflow/dags/config.py took 0.048 seconds
[2026-07-09T03:51:07.577-0500] {processor.py:161} INFO - Started process (PID=17039) to work on /opt/airflow/dags/config.py
[2026-07-09T03:51:07.578-0500] {processor.py:830} INFO - Processing file /opt/airflow/dags/config.py for tasks to queue
[2026-07-09T03:51:07.580-0500] {logging_mixin.py:188} INFO - [2026-07-09T03:51:07.579-0500] {dagbag.py:545} INFO - Filling up the DagBag from /opt/airflow/dags/config.py
[2026-07-09T03:51:07.603-0500] {processor.py:842} WARNING - No viable dags retrieved from /opt/airflow/dags/config.py
[2026-07-09T03:51:07.621-0500] {processor.py:183} INFO - Processing /opt/airflow/dags/config.py took 0.051 seconds
[2026-07-09T03:51:38.714-0500] {processor.py:161} INFO - Started process (PID=17066) to work on /opt/airflow/dags/config.py
[2026-07-09T03:51:38.715-0500] {processor.py:830} INFO - Processing file /opt/airflow/dags/config.py for tasks to queue
[2026-07-09T03:51:38.717-0500] {logging_mixin.py:188} INFO - [2026-07-09T03:51:38.717-0500] {dagbag.py:545} INFO - Filling up the DagBag from /opt/airflow/dags/config.py
[2026-07-09T03:51:38.732-0500] {processor.py:842} WARNING - No viable dags retrieved from /opt/airflow/dags/config.py
[2026-07-09T03:51:38.746-0500] {processor.py:183} INFO - Processing /opt/airflow/dags/config.py took 0.037 seconds
[2026-07-09T03:52:09.543-0500] {processor.py:161} INFO - Started process (PID=17093) to work on /opt/airflow/dags/config.py
[2026-07-09T03:52:09.544-0500] {processor.py:830} INFO - Processing file /opt/airflow/dags/config.py for tasks to queue
[2026-07-09T03:52:09.546-0500] {logging_mixin.py:188} INFO - [2026-07-09T03:52:09.545-0500] {dagbag.py:545} INFO - Filling up the DagBag from /opt/airflow/dags/config.py
[2026-07-09T03:52:09.572-0500] {processor.py:842} WARNING - No viable dags retrieved from /opt/airflow/dags/config.py
[2026-07-09T03:52:09.584-0500] {processor.py:183} INFO - Processing /opt/airflow/dags/config.py took 0.048 seconds
[2026-07-09T03:52:40.371-0500] {processor.py:161} INFO - Started process (PID=17120) to work on /opt/airflow/dags/config.py
[2026-07-09T03:52:40.372-0500] {processor.py:830} INFO - Processing file /opt/airflow/dags/config.py for tasks to queue
[2026-07-09T03:52:40.374-0500] {logging_mixin.py:188} INFO - [2026-07-09T03:52:40.373-0500] {dagbag.py:545} INFO - Filling up the DagBag from /opt/airflow/dags/config.py
[2026-07-09T03:52:40.394-0500] {processor.py:842} WARNING - No viable dags retrieved from /opt/airflow/dags/config.py
[2026-07-09T03:52:40.406-0500] {processor.py:183} INFO - Processing /opt/airflow/dags/config.py took 0.040 seconds
[2026-07-09T03:53:11.220-0500] {processor.py:161} INFO - Started process (PID=17147) to work on /opt/airflow/dags/config.py
[2026-07-09T03:53:11.221-0500] {processor.py:830} INFO - Processing file /opt/airflow/dags/config.py for tasks to queue
[2026-07-09T03:53:11.223-0500] {logging_mixin.py:188} INFO - [2026-07-09T03:53:11.222-0500] {dagbag.py:545} INFO - Filling up the DagBag from /opt/airflow/dags/config.py
[2026-07-09T03:53:11.240-0500] {processor.py:842} WARNING - No viable dags retrieved from /opt/airflow/dags/config.py
[2026-07-09T03:53:11.253-0500] {processor.py:183} INFO - Processing /opt/airflow/dags/config.py took 0.038 seconds
[2026-07-09T03:53:42.230-0500] {processor.py:161} INFO - Started process (PID=17174) to work on /opt/airflow/dags/config.py
[2026-07-09T03:53:42.231-0500] {processor.py:830} INFO - Processing file /opt/airflow/dags/config.py for tasks to queue
[2026-07-09T03:53:42.233-0500] {logging_mixin.py:188} INFO - [2026-07-09T03:53:42.232-0500] {dagbag.py:545} INFO - Filling up the DagBag from /opt/airflow/dags/config.py
[2026-07-09T03:53:42.250-0500] {processor.py:842} WARNING - No viable dags retrieved from /opt/airflow/dags/config.py
[2026-07-09T03:53:42.264-0500] {processor.py:183} INFO - Processing /opt/airflow/dags/config.py took 0.039 seconds
[2026-07-09T03:54:13.241-0500] {processor.py:161} INFO - Started process (PID=17201) to work on /opt/airflow/dags/config.py
[2026-07-09T03:54:13.242-0500] {processor.py:830} INFO - Processing file /opt/airflow/dags/config.py for tasks to queue
[2026-07-09T03:54:13.243-0500] {logging_mixin.py:188} INFO - [2026-07-09T03:54:13.243-0500] {dagbag.py:545} INFO - Filling up the DagBag from /opt/airflow/dags/config.py
[2026-07-09T03:54:13.257-0500] {processor.py:842} WARNING - No viable dags retrieved from /opt/airflow/dags/config.py
[2026-07-09T03:54:13.270-0500] {processor.py:183} INFO - Processing /opt/airflow/dags/config.py took 0.034 seconds
[2026-07-09T03:54:44.279-0500] {processor.py:161} INFO - Started process (PID=17228) to work on /opt/airflow/dags/config.py
[2026-07-09T03:54:44.280-0500] {processor.py:830} INFO - Processing file /opt/airflow/dags/config.py for tasks to queue
[2026-07-09T03:54:44.283-0500] {logging_mixin.py:188} INFO - [2026-07-09T03:54:44.282-0500] {dagbag.py:545} INFO - Filling up the DagBag from /opt/airflow/dags/config.py
[2026-07-09T03:54:44.305-0500] {processor.py:842} WARNING - No viable dags retrieved from /opt/airflow/dags/config.py
[2026-07-09T03:54:44.319-0500] {processor.py:183} INFO - Processing /opt/airflow/dags/config.py took 0.046 seconds
[2026-07-09T03:55:15.212-0500] {processor.py:161} INFO - Started process (PID=17255) to work on /opt/airflow/dags/config.py
[2026-07-09T03:55:15.213-0500] {processor.py:830} INFO - Processing file /opt/airflow/dags/config.py for tasks to queue
[2026-07-09T03:55:15.215-0500] {logging_mixin.py:188} INFO - [2026-07-09T03:55:15.215-0500] {dagbag.py:545} INFO - Filling up the DagBag from /opt/airflow/dags/config.py
[2026-07-09T03:55:15.230-0500] {processor.py:842} WARNING - No viable dags retrieved from /opt/airflow/dags/config.py
[2026-07-09T03:55:15.243-0500] {processor.py:183} INFO - Processing /opt/airflow/dags/config.py took 0.035 seconds
[2026-07-09T03:55:46.276-0500] {processor.py:161} INFO - Started process (PID=17282) to work on /opt/airflow/dags/config.py
[2026-07-09T03:55:46.277-0500] {processor.py:830} INFO - Processing file /opt/airflow/dags/config.py for tasks to queue
[2026-07-09T03:55:46.279-0500] {logging_mixin.py:188} INFO - [2026-07-09T03:55:46.278-0500] {dagbag.py:545} INFO - Filling up the DagBag from /opt/airflow/dags/config.py
[2026-07-09T03:55:46.296-0500] {processor.py:842} WARNING - No viable dags retrieved from /opt/airflow/dags/config.py
[2026-07-09T03:55:46.310-0500] {processor.py:183} INFO - Processing /opt/airflow/dags/config.py took 0.042 seconds
[2026-07-09T03:56:17.148-0500] {processor.py:161} INFO - Started process (PID=17307) to work on /opt/airflow/dags/config.py
[2026-07-09T03:56:17.149-0500] {processor.py:830} INFO - Processing file /opt/airflow/dags/config.py for tasks to queue
[2026-07-09T03:56:17.152-0500] {logging_mixin.py:188} INFO - [2026-07-09T03:56:17.151-0500] {dagbag.py:545} INFO - Filling up the DagBag from /opt/airflow/dags/config.py
[2026-07-09T03:56:17.172-0500] {processor.py:842} WARNING - No viable dags retrieved from /opt/airflow/dags/config.py
[2026-07-09T03:56:17.187-0500] {processor.py:183} INFO - Processing /opt/airflow/dags/config.py took 0.046 seconds
[2026-07-09T03:56:48.314-0500] {processor.py:161} INFO - Started process (PID=17334) to work on /opt/airflow/dags/config.py
[2026-07-09T03:56:48.315-0500] {processor.py:830} INFO - Processing file /opt/airflow/dags/config.py for tasks to queue
[2026-07-09T03:56:48.318-0500] {logging_mixin.py:188} INFO - [2026-07-09T03:56:48.318-0500] {dagbag.py:545} INFO - Filling up the DagBag from /opt/airflow/dags/config.py
[2026-07-09T03:56:48.337-0500] {processor.py:842} WARNING - No viable dags retrieved from /opt/airflow/dags/config.py
[2026-07-09T03:56:48.349-0500] {processor.py:183} INFO - Processing /opt/airflow/dags/config.py took 0.041 seconds
[2026-07-09T03:57:19.399-0500] {processor.py:161} INFO - Started process (PID=17363) to work on /opt/airflow/dags/config.py
[2026-07-09T03:57:19.400-0500] {processor.py:830} INFO - Processing file /opt/airflow/dags/config.py for tasks to queue
[2026-07-09T03:57:19.402-0500] {logging_mixin.py:188} INFO - [2026-07-09T03:57:19.402-0500] {dagbag.py:545} INFO - Filling up the DagBag from /opt/airflow/dags/config.py
[2026-07-09T03:57:19.418-0500] {processor.py:842} WARNING - No viable dags retrieved from /opt/airflow/dags/config.py
[2026-07-09T03:57:19.432-0500] {processor.py:183} INFO - Processing /opt/airflow/dags/config.py took 0.039 seconds
[2026-07-09T03:57:50.507-0500] {processor.py:161} INFO - Started process (PID=17390) to work on /opt/airflow/dags/config.py
[2026-07-09T03:57:50.508-0500] {processor.py:830} INFO - Processing file /opt/airflow/dags/config.py for tasks to queue
[2026-07-09T03:57:50.510-0500] {logging_mixin.py:188} INFO - [2026-07-09T03:57:50.510-0500] {dagbag.py:545} INFO - Filling up the DagBag from /opt/airflow/dags/config.py
[2026-07-09T03:57:50.530-0500] {processor.py:842} WARNING - No viable dags retrieved from /opt/airflow/dags/config.py
[2026-07-09T03:57:50.544-0500] {processor.py:183} INFO - Processing /opt/airflow/dags/config.py took 0.044 seconds
[2026-07-09T03:58:21.541-0500] {processor.py:161} INFO - Started process (PID=17417) to work on /opt/airflow/dags/config.py
[2026-07-09T03:58:21.543-0500] {processor.py:830} INFO - Processing file /opt/airflow/dags/config.py for tasks to queue
[2026-07-09T03:58:21.545-0500] {logging_mixin.py:188} INFO - [2026-07-09T03:58:21.544-0500] {dagbag.py:545} INFO - Filling up the DagBag from /opt/airflow/dags/config.py
[2026-07-09T03:58:21.562-0500] {processor.py:842} WARNING - No viable dags retrieved from /opt/airflow/dags/config.py
[2026-07-09T03:58:21.576-0500] {processor.py:183} INFO - Processing /opt/airflow/dags/config.py took 0.039 seconds
[2026-07-09T03:58:52.470-0500] {processor.py:161} INFO - Started process (PID=17444) to work on /opt/airflow/dags/config.py
[2026-07-09T03:58:52.471-0500] {processor.py:830} INFO - Processing file /opt/airflow/dags/config.py for tasks to queue
[2026-07-09T03:58:52.474-0500] {logging_mixin.py:188} INFO - [2026-07-09T03:58:52.474-0500] {dagbag.py:545} INFO - Filling up the DagBag from /opt/airflow/dags/config.py
[2026-07-09T03:58:52.496-0500] {processor.py:842} WARNING - No viable dags retrieved from /opt/airflow/dags/config.py
[2026-07-09T03:58:52.512-0500] {processor.py:183} INFO - Processing /opt/airflow/dags/config.py took 0.048 seconds
[2026-07-09T03:59:23.276-0500] {processor.py:161} INFO - Started process (PID=17471) to work on /opt/airflow/dags/config.py
[2026-07-09T03:59:23.277-0500] {processor.py:830} INFO - Processing file /opt/airflow/dags/config.py for tasks to queue
[2026-07-09T03:59:23.279-0500] {logging_mixin.py:188} INFO - [2026-07-09T03:59:23.279-0500] {dagbag.py:545} INFO - Filling up the DagBag from /opt/airflow/dags/config.py
[2026-07-09T03:59:23.295-0500] {processor.py:842} WARNING - No viable dags retrieved from /opt/airflow/dags/config.py
[2026-07-09T03:59:23.307-0500] {processor.py:183} INFO - Processing /opt/airflow/dags/config.py took 0.036 seconds
[2026-07-09T03:59:54.224-0500] {processor.py:161} INFO - Started process (PID=17498) to work on /opt/airflow/dags/config.py
[2026-07-09T03:59:54.225-0500] {processor.py:830} INFO - Processing file /opt/airflow/dags/config.py for tasks to queue
[2026-07-09T03:59:54.227-0500] {logging_mixin.py:188} INFO - [2026-07-09T03:59:54.227-0500] {dagbag.py:545} INFO - Filling up the DagBag from /opt/airflow/dags/config.py
[2026-07-09T03:59:54.243-0500] {processor.py:842} WARNING - No viable dags retrieved from /opt/airflow/dags/config.py
[2026-07-09T03:59:54.255-0500] {processor.py:183} INFO - Processing /opt/airflow/dags/config.py took 0.035 seconds
[2026-07-09T04:00:25.340-0500] {processor.py:161} INFO - Started process (PID=17525) to work on /opt/airflow/dags/config.py
[2026-07-09T04:00:25.341-0500] {processor.py:830} INFO - Processing file /opt/airflow/dags/config.py for tasks to queue
[2026-07-09T04:00:25.343-0500] {logging_mixin.py:188} INFO - [2026-07-09T04:00:25.343-0500] {dagbag.py:545} INFO - Filling up the DagBag from /opt/airflow/dags/config.py
[2026-07-09T04:00:25.360-0500] {processor.py:842} WARNING - No viable dags retrieved from /opt/airflow/dags/config.py
[2026-07-09T04:00:25.374-0500] {processor.py:183} INFO - Processing /opt/airflow/dags/config.py took 0.039 seconds
[2026-07-09T04:00:56.125-0500] {processor.py:161} INFO - Started process (PID=17552) to work on /opt/airflow/dags/config.py
[2026-07-09T04:00:56.126-0500] {processor.py:830} INFO - Processing file /opt/airflow/dags/config.py for tasks to queue
[2026-07-09T04:00:56.129-0500] {logging_mixin.py:188} INFO - [2026-07-09T04:00:56.128-0500] {dagbag.py:545} INFO - Filling up the DagBag from /opt/airflow/dags/config.py
[2026-07-09T04:00:56.142-0500] {processor.py:842} WARNING - No viable dags retrieved from /opt/airflow/dags/config.py
[2026-07-09T04:00:56.154-0500] {processor.py:183} INFO - Processing /opt/airflow/dags/config.py took 0.033 seconds
[2026-07-09T04:01:26.902-0500] {processor.py:161} INFO - Started process (PID=17579) to work on /opt/airflow/dags/config.py
[2026-07-09T04:01:26.902-0500] {processor.py:830} INFO - Processing file /opt/airflow/dags/config.py for tasks to queue
[2026-07-09T04:01:26.904-0500] {logging_mixin.py:188} INFO - [2026-07-09T04:01:26.904-0500] {dagbag.py:545} INFO - Filling up the DagBag from /opt/airflow/dags/config.py
[2026-07-09T04:01:26.917-0500] {processor.py:842} WARNING - No viable dags retrieved from /opt/airflow/dags/config.py
[2026-07-09T04:01:26.930-0500] {processor.py:183} INFO - Processing /opt/airflow/dags/config.py took 0.033 seconds
[2026-07-09T04:01:58.138-0500] {processor.py:161} INFO - Started process (PID=17604) to work on /opt/airflow/dags/config.py
[2026-07-09T04:01:58.140-0500] {processor.py:830} INFO - Processing file /opt/airflow/dags/config.py for tasks to queue
[2026-07-09T04:01:58.143-0500] {logging_mixin.py:188} INFO - [2026-07-09T04:01:58.141-0500] {dagbag.py:545} INFO - Filling up the DagBag from /opt/airflow/dags/config.py
[2026-07-09T04:01:58.167-0500] {processor.py:842} WARNING - No viable dags retrieved from /opt/airflow/dags/config.py
[2026-07-09T04:01:58.182-0500] {processor.py:183} INFO - Processing /opt/airflow/dags/config.py took 0.052 seconds
[2026-07-09T04:02:29.155-0500] {processor.py:161} INFO - Started process (PID=17633) to work on /opt/airflow/dags/config.py
[2026-07-09T04:02:29.156-0500] {processor.py:830} INFO - Processing file /opt/airflow/dags/config.py for tasks to queue
[2026-07-09T04:02:29.158-0500] {logging_mixin.py:188} INFO - [2026-07-09T04:02:29.158-0500] {dagbag.py:545} INFO - Filling up the DagBag from /opt/airflow/dags/config.py
[2026-07-09T04:02:29.172-0500] {processor.py:842} WARNING - No viable dags retrieved from /opt/airflow/dags/config.py
[2026-07-09T04:02:29.183-0500] {processor.py:183} INFO - Processing /opt/airflow/dags/config.py took 0.034 seconds
[2026-07-09T04:03:00.083-0500] {processor.py:161} INFO - Started process (PID=17660) to work on /opt/airflow/dags/config.py
[2026-07-09T04:03:00.084-0500] {processor.py:830} INFO - Processing file /opt/airflow/dags/config.py for tasks to queue
[2026-07-09T04:03:00.086-0500] {logging_mixin.py:188} INFO - [2026-07-09T04:03:00.086-0500] {dagbag.py:545} INFO - Filling up the DagBag from /opt/airflow/dags/config.py
[2026-07-09T04:03:00.107-0500] {processor.py:842} WARNING - No viable dags retrieved from /opt/airflow/dags/config.py
[2026-07-09T04:03:00.129-0500] {processor.py:183} INFO - Processing /opt/airflow/dags/config.py took 0.051 seconds
[2026-07-09T04:03:30.959-0500] {processor.py:161} INFO - Started process (PID=17687) to work on /opt/airflow/dags/config.py
[2026-07-09T04:03:30.961-0500] {processor.py:830} INFO - Processing file /opt/airflow/dags/config.py for tasks to queue
[2026-07-09T04:03:30.964-0500] {logging_mixin.py:188} INFO - [2026-07-09T04:03:30.963-0500] {dagbag.py:545} INFO - Filling up the DagBag from /opt/airflow/dags/config.py
[2026-07-09T04:03:30.985-0500] {processor.py:842} WARNING - No viable dags retrieved from /opt/airflow/dags/config.py
[2026-07-09T04:03:31.001-0500] {processor.py:183} INFO - Processing /opt/airflow/dags/config.py took 0.048 seconds
[2026-07-09T04:04:02.060-0500] {processor.py:161} INFO - Started process (PID=17714) to work on /opt/airflow/dags/config.py
[2026-07-09T04:04:02.061-0500] {processor.py:830} INFO - Processing file /opt/airflow/dags/config.py for tasks to queue
[2026-07-09T04:04:02.063-0500] {logging_mixin.py:188} INFO - [2026-07-09T04:04:02.062-0500] {dagbag.py:545} INFO - Filling up the DagBag from /opt/airflow/dags/config.py
[2026-07-09T04:04:02.075-0500] {processor.py:842} WARNING - No viable dags retrieved from /opt/airflow/dags/config.py
[2026-07-09T04:04:02.087-0500] {processor.py:183} INFO - Processing /opt/airflow/dags/config.py took 0.031 seconds
[2026-07-09T04:04:32.994-0500] {processor.py:161} INFO - Started process (PID=17741) to work on /opt/airflow/dags/config.py
[2026-07-09T04:04:32.995-0500] {processor.py:830} INFO - Processing file /opt/airflow/dags/config.py for tasks to queue
[2026-07-09T04:04:32.997-0500] {logging_mixin.py:188} INFO - [2026-07-09T04:04:32.997-0500] {dagbag.py:545} INFO - Filling up the DagBag from /opt/airflow/dags/config.py
[2026-07-09T04:04:33.010-0500] {processor.py:842} WARNING - No viable dags retrieved from /opt/airflow/dags/config.py
[2026-07-09T04:04:33.022-0500] {processor.py:183} INFO - Processing /opt/airflow/dags/config.py took 0.032 seconds
[2026-07-09T04:05:03.842-0500] {processor.py:161} INFO - Started process (PID=17768) to work on /opt/airflow/dags/config.py
[2026-07-09T04:05:03.843-0500] {processor.py:830} INFO - Processing file /opt/airflow/dags/config.py for tasks to queue
[2026-07-09T04:05:03.844-0500] {logging_mixin.py:188} INFO - [2026-07-09T04:05:03.844-0500] {dagbag.py:545} INFO - Filling up the DagBag from /opt/airflow/dags/config.py
[2026-07-09T04:05:03.861-0500] {processor.py:842} WARNING - No viable dags retrieved from /opt/airflow/dags/config.py
[2026-07-09T04:05:03.873-0500] {processor.py:183} INFO - Processing /opt/airflow/dags/config.py took 0.036 seconds
[2026-07-09T04:05:34.682-0500] {processor.py:161} INFO - Started process (PID=17795) to work on /opt/airflow/dags/config.py
[2026-07-09T04:05:34.683-0500] {processor.py:830} INFO - Processing file /opt/airflow/dags/config.py for tasks to queue
[2026-07-09T04:05:34.685-0500] {logging_mixin.py:188} INFO - [2026-07-09T04:05:34.685-0500] {dagbag.py:545} INFO - Filling up the DagBag from /opt/airflow/dags/config.py
[2026-07-09T04:05:34.698-0500] {processor.py:842} WARNING - No viable dags retrieved from /opt/airflow/dags/config.py
[2026-07-09T04:05:34.711-0500] {processor.py:183} INFO - Processing /opt/airflow/dags/config.py took 0.033 seconds
[2026-07-09T04:06:05.644-0500] {processor.py:161} INFO - Started process (PID=17822) to work on /opt/airflow/dags/config.py
[2026-07-09T04:06:05.645-0500] {processor.py:830} INFO - Processing file /opt/airflow/dags/config.py for tasks to queue
[2026-07-09T04:06:05.647-0500] {logging_mixin.py:188} INFO - [2026-07-09T04:06:05.647-0500] {dagbag.py:545} INFO - Filling up the DagBag from /opt/airflow/dags/config.py
[2026-07-09T04:06:05.663-0500] {processor.py:842} WARNING - No viable dags retrieved from /opt/airflow/dags/config.py
[2026-07-09T04:06:05.674-0500] {processor.py:183} INFO - Processing /opt/airflow/dags/config.py took 0.035 seconds
[2026-07-09T04:06:36.541-0500] {processor.py:161} INFO - Started process (PID=17849) to work on /opt/airflow/dags/config.py
[2026-07-09T04:06:36.542-0500] {processor.py:830} INFO - Processing file /opt/airflow/dags/config.py for tasks to queue
[2026-07-09T04:06:36.545-0500] {logging_mixin.py:188} INFO - [2026-07-09T04:06:36.544-0500] {dagbag.py:545} INFO - Filling up the DagBag from /opt/airflow/dags/config.py
[2026-07-09T04:06:36.561-0500] {processor.py:842} WARNING - No viable dags retrieved from /opt/airflow/dags/config.py
[2026-07-09T04:06:36.575-0500] {processor.py:183} INFO - Processing /opt/airflow/dags/config.py took 0.040 seconds
[2026-07-09T04:07:07.439-0500] {processor.py:161} INFO - Started process (PID=17876) to work on /opt/airflow/dags/config.py
[2026-07-09T04:07:07.440-0500] {processor.py:830} INFO - Processing file /opt/airflow/dags/config.py for tasks to queue
[2026-07-09T04:07:07.443-0500] {logging_mixin.py:188} INFO - [2026-07-09T04:07:07.442-0500] {dagbag.py:545} INFO - Filling up the DagBag from /opt/airflow/dags/config.py
[2026-07-09T04:07:07.456-0500] {processor.py:842} WARNING - No viable dags retrieved from /opt/airflow/dags/config.py
[2026-07-09T04:07:07.468-0500] {processor.py:183} INFO - Processing /opt/airflow/dags/config.py took 0.036 seconds
[2026-07-09T04:07:38.266-0500] {processor.py:161} INFO - Started process (PID=17903) to work on /opt/airflow/dags/config.py
[2026-07-09T04:07:38.267-0500] {processor.py:830} INFO - Processing file /opt/airflow/dags/config.py for tasks to queue
[2026-07-09T04:07:38.270-0500] {logging_mixin.py:188} INFO - [2026-07-09T04:07:38.269-0500] {dagbag.py:545} INFO - Filling up the DagBag from /opt/airflow/dags/config.py
[2026-07-09T04:07:38.293-0500] {processor.py:842} WARNING - No viable dags retrieved from /opt/airflow/dags/config.py
[2026-07-09T04:07:38.305-0500] {processor.py:183} INFO - Processing /opt/airflow/dags/config.py took 0.044 seconds
[2026-07-09T04:08:09.380-0500] {processor.py:161} INFO - Started process (PID=17930) to work on /opt/airflow/dags/config.py
[2026-07-09T04:08:09.381-0500] {processor.py:830} INFO - Processing file /opt/airflow/dags/config.py for tasks to queue
[2026-07-09T04:08:09.384-0500] {logging_mixin.py:188} INFO - [2026-07-09T04:08:09.383-0500] {dagbag.py:545} INFO - Filling up the DagBag from /opt/airflow/dags/config.py
[2026-07-09T04:08:09.405-0500] {processor.py:842} WARNING - No viable dags retrieved from /opt/airflow/dags/config.py
[2026-07-09T04:08:09.417-0500] {processor.py:183} INFO - Processing /opt/airflow/dags/config.py took 0.043 seconds
[2026-07-09T04:08:40.461-0500] {processor.py:161} INFO - Started process (PID=17957) to work on /opt/airflow/dags/config.py
[2026-07-09T04:08:40.462-0500] {processor.py:830} INFO - Processing file /opt/airflow/dags/config.py for tasks to queue
[2026-07-09T04:08:40.464-0500] {logging_mixin.py:188} INFO - [2026-07-09T04:08:40.464-0500] {dagbag.py:545} INFO - Filling up the DagBag from /opt/airflow/dags/config.py
[2026-07-09T04:08:40.479-0500] {processor.py:842} WARNING - No viable dags retrieved from /opt/airflow/dags/config.py
[2026-07-09T04:08:40.492-0500] {processor.py:183} INFO - Processing /opt/airflow/dags/config.py took 0.037 seconds
[2026-07-09T04:09:11.404-0500] {processor.py:161} INFO - Started process (PID=17984) to work on /opt/airflow/dags/config.py
[2026-07-09T04:09:11.405-0500] {processor.py:830} INFO - Processing file /opt/airflow/dags/config.py for tasks to queue
[2026-07-09T04:09:11.407-0500] {logging_mixin.py:188} INFO - [2026-07-09T04:09:11.406-0500] {dagbag.py:545} INFO - Filling up the DagBag from /opt/airflow/dags/config.py
[2026-07-09T04:09:11.426-0500] {processor.py:842} WARNING - No viable dags retrieved from /opt/airflow/dags/config.py
[2026-07-09T04:09:11.439-0500] {processor.py:183} INFO - Processing /opt/airflow/dags/config.py took 0.040 seconds
[2026-07-09T04:09:42.242-0500] {processor.py:161} INFO - Started process (PID=18011) to work on /opt/airflow/dags/config.py
[2026-07-09T04:09:42.243-0500] {processor.py:830} INFO - Processing file /opt/airflow/dags/config.py for tasks to queue
[2026-07-09T04:09:42.245-0500] {logging_mixin.py:188} INFO - [2026-07-09T04:09:42.244-0500] {dagbag.py:545} INFO - Filling up the DagBag from /opt/airflow/dags/config.py
[2026-07-09T04:09:42.262-0500] {processor.py:842} WARNING - No viable dags retrieved from /opt/airflow/dags/config.py
[2026-07-09T04:09:42.274-0500] {processor.py:183} INFO - Processing /opt/airflow/dags/config.py took 0.037 seconds
[2026-07-09T04:10:13.180-0500] {processor.py:161} INFO - Started process (PID=18038) to work on /opt/airflow/dags/config.py
[2026-07-09T04:10:13.181-0500] {processor.py:830} INFO - Processing file /opt/airflow/dags/config.py for tasks to queue
[2026-07-09T04:10:13.183-0500] {logging_mixin.py:188} INFO - [2026-07-09T04:10:13.183-0500] {dagbag.py:545} INFO - Filling up the DagBag from /opt/airflow/dags/config.py
[2026-07-09T04:10:13.199-0500] {processor.py:842} WARNING - No viable dags retrieved from /opt/airflow/dags/config.py
[2026-07-09T04:10:13.210-0500] {processor.py:183} INFO - Processing /opt/airflow/dags/config.py took 0.035 seconds
[2026-07-09T04:10:44.114-0500] {processor.py:161} INFO - Started process (PID=18065) to work on /opt/airflow/dags/config.py
[2026-07-09T04:10:44.115-0500] {processor.py:830} INFO - Processing file /opt/airflow/dags/config.py for tasks to queue
[2026-07-09T04:10:44.117-0500] {logging_mixin.py:188} INFO - [2026-07-09T04:10:44.117-0500] {dagbag.py:545} INFO - Filling up the DagBag from /opt/airflow/dags/config.py
[2026-07-09T04:10:44.133-0500] {processor.py:842} WARNING - No viable dags retrieved from /opt/airflow/dags/config.py
[2026-07-09T04:10:44.144-0500] {processor.py:183} INFO - Processing /opt/airflow/dags/config.py took 0.035 seconds
[2026-07-09T04:11:14.936-0500] {processor.py:161} INFO - Started process (PID=18092) to work on /opt/airflow/dags/config.py
[2026-07-09T04:11:14.937-0500] {processor.py:830} INFO - Processing file /opt/airflow/dags/config.py for tasks to queue
[2026-07-09T04:11:14.939-0500] {logging_mixin.py:188} INFO - [2026-07-09T04:11:14.939-0500] {dagbag.py:545} INFO - Filling up the DagBag from /opt/airflow/dags/config.py
[2026-07-09T04:11:14.959-0500] {processor.py:842} WARNING - No viable dags retrieved from /opt/airflow/dags/config.py
[2026-07-09T04:11:14.972-0500] {processor.py:183} INFO - Processing /opt/airflow/dags/config.py took 0.041 seconds
[2026-07-09T04:11:46.047-0500] {processor.py:161} INFO - Started process (PID=18119) to work on /opt/airflow/dags/config.py
[2026-07-09T04:11:46.048-0500] {processor.py:830} INFO - Processing file /opt/airflow/dags/config.py for tasks to queue
[2026-07-09T04:11:46.050-0500] {logging_mixin.py:188} INFO - [2026-07-09T04:11:46.049-0500] {dagbag.py:545} INFO - Filling up the DagBag from /opt/airflow/dags/config.py
[2026-07-09T04:11:46.070-0500] {processor.py:842} WARNING - No viable dags retrieved from /opt/airflow/dags/config.py
[2026-07-09T04:11:46.083-0500] {processor.py:183} INFO - Processing /opt/airflow/dags/config.py took 0.042 seconds
[2026-07-09T04:12:17.051-0500] {processor.py:161} INFO - Started process (PID=18146) to work on /opt/airflow/dags/config.py
[2026-07-09T04:12:17.052-0500] {processor.py:830} INFO - Processing file /opt/airflow/dags/config.py for tasks to queue
[2026-07-09T04:12:17.054-0500] {logging_mixin.py:188} INFO - [2026-07-09T04:12:17.054-0500] {dagbag.py:545} INFO - Filling up the DagBag from /opt/airflow/dags/config.py
[2026-07-09T04:12:17.078-0500] {processor.py:842} WARNING - No viable dags retrieved from /opt/airflow/dags/config.py
[2026-07-09T04:12:17.092-0500] {processor.py:183} INFO - Processing /opt/airflow/dags/config.py took 0.048 seconds
[2026-07-09T04:12:48.021-0500] {processor.py:161} INFO - Started process (PID=18173) to work on /opt/airflow/dags/config.py
[2026-07-09T04:12:48.022-0500] {processor.py:830} INFO - Processing file /opt/airflow/dags/config.py for tasks to queue
[2026-07-09T04:12:48.024-0500] {logging_mixin.py:188} INFO - [2026-07-09T04:12:48.024-0500] {dagbag.py:545} INFO - Filling up the DagBag from /opt/airflow/dags/config.py
[2026-07-09T04:12:48.046-0500] {processor.py:842} WARNING - No viable dags retrieved from /opt/airflow/dags/config.py
[2026-07-09T04:12:48.058-0500] {processor.py:183} INFO - Processing /opt/airflow/dags/config.py took 0.043 seconds
[2026-07-09T04:13:18.996-0500] {processor.py:161} INFO - Started process (PID=18200) to work on /opt/airflow/dags/config.py
[2026-07-09T04:13:18.997-0500] {processor.py:830} INFO - Processing file /opt/airflow/dags/config.py for tasks to queue
[2026-07-09T04:13:18.999-0500] {logging_mixin.py:188} INFO - [2026-07-09T04:13:18.998-0500] {dagbag.py:545} INFO - Filling up the DagBag from /opt/airflow/dags/config.py
[2026-07-09T04:13:19.017-0500] {processor.py:842} WARNING - No viable dags retrieved from /opt/airflow/dags/config.py
[2026-07-09T04:13:19.032-0500] {processor.py:183} INFO - Processing /opt/airflow/dags/config.py took 0.043 seconds
[2026-07-09T04:13:50.123-0500] {processor.py:161} INFO - Started process (PID=18227) to work on /opt/airflow/dags/config.py
[2026-07-09T04:13:50.123-0500] {processor.py:830} INFO - Processing file /opt/airflow/dags/config.py for tasks to queue
[2026-07-09T04:13:50.126-0500] {logging_mixin.py:188} INFO - [2026-07-09T04:13:50.125-0500] {dagbag.py:545} INFO - Filling up the DagBag from /opt/airflow/dags/config.py
[2026-07-09T04:13:50.143-0500] {processor.py:842} WARNING - No viable dags retrieved from /opt/airflow/dags/config.py
[2026-07-09T04:13:50.157-0500] {processor.py:183} INFO - Processing /opt/airflow/dags/config.py took 0.041 seconds
[2026-07-09T04:14:21.157-0500] {processor.py:161} INFO - Started process (PID=18254) to work on /opt/airflow/dags/config.py
[2026-07-09T04:14:21.158-0500] {processor.py:830} INFO - Processing file /opt/airflow/dags/config.py for tasks to queue
[2026-07-09T04:14:21.160-0500] {logging_mixin.py:188} INFO - [2026-07-09T04:14:21.159-0500] {dagbag.py:545} INFO - Filling up the DagBag from /opt/airflow/dags/config.py
[2026-07-09T04:14:21.177-0500] {processor.py:842} WARNING - No viable dags retrieved from /opt/airflow/dags/config.py
[2026-07-09T04:14:21.189-0500] {processor.py:183} INFO - Processing /opt/airflow/dags/config.py took 0.038 seconds
[2026-07-09T04:14:52.261-0500] {processor.py:161} INFO - Started process (PID=18281) to work on /opt/airflow/dags/config.py
[2026-07-09T04:14:52.263-0500] {processor.py:830} INFO - Processing file /opt/airflow/dags/config.py for tasks to queue
[2026-07-09T04:14:52.264-0500] {logging_mixin.py:188} INFO - [2026-07-09T04:14:52.264-0500] {dagbag.py:545} INFO - Filling up the DagBag from /opt/airflow/dags/config.py
[2026-07-09T04:14:52.281-0500] {processor.py:842} WARNING - No viable dags retrieved from /opt/airflow/dags/config.py
[2026-07-09T04:14:52.296-0500] {processor.py:183} INFO - Processing /opt/airflow/dags/config.py took 0.040 seconds
[2026-07-09T04:15:23.347-0500] {processor.py:161} INFO - Started process (PID=18308) to work on /opt/airflow/dags/config.py
[2026-07-09T04:15:23.350-0500] {processor.py:830} INFO - Processing file /opt/airflow/dags/config.py for tasks to queue
[2026-07-09T04:15:23.352-0500] {logging_mixin.py:188} INFO - [2026-07-09T04:15:23.351-0500] {dagbag.py:545} INFO - Filling up the DagBag from /opt/airflow/dags/config.py
[2026-07-09T04:15:23.384-0500] {processor.py:842} WARNING - No viable dags retrieved from /opt/airflow/dags/config.py
[2026-07-09T04:15:23.407-0500] {processor.py:183} INFO - Processing /opt/airflow/dags/config.py took 0.071 seconds
[2026-07-09T04:15:54.496-0500] {processor.py:161} INFO - Started process (PID=18335) to work on /opt/airflow/dags/config.py
[2026-07-09T04:15:54.496-0500] {processor.py:830} INFO - Processing file /opt/airflow/dags/config.py for tasks to queue
[2026-07-09T04:15:54.499-0500] {logging_mixin.py:188} INFO - [2026-07-09T04:15:54.498-0500] {dagbag.py:545} INFO - Filling up the DagBag from /opt/airflow/dags/config.py
[2026-07-09T04:15:54.517-0500] {processor.py:842} WARNING - No viable dags retrieved from /opt/airflow/dags/config.py
[2026-07-09T04:15:54.531-0500] {processor.py:183} INFO - Processing /opt/airflow/dags/config.py took 0.041 seconds
[2026-07-09T04:16:25.720-0500] {processor.py:161} INFO - Started process (PID=18362) to work on /opt/airflow/dags/config.py
[2026-07-09T04:16:25.722-0500] {processor.py:830} INFO - Processing file /opt/airflow/dags/config.py for tasks to queue
[2026-07-09T04:16:25.723-0500] {logging_mixin.py:188} INFO - [2026-07-09T04:16:25.723-0500] {dagbag.py:545} INFO - Filling up the DagBag from /opt/airflow/dags/config.py
[2026-07-09T04:16:25.743-0500] {processor.py:842} WARNING - No viable dags retrieved from /opt/airflow/dags/config.py
[2026-07-09T04:16:25.757-0500] {processor.py:183} INFO - Processing /opt/airflow/dags/config.py took 0.043 seconds
[2026-07-09T04:16:57.156-0500] {processor.py:161} INFO - Started process (PID=18389) to work on /opt/airflow/dags/config.py
[2026-07-09T04:16:57.158-0500] {processor.py:830} INFO - Processing file /opt/airflow/dags/config.py for tasks to queue
[2026-07-09T04:16:57.160-0500] {logging_mixin.py:188} INFO - [2026-07-09T04:16:57.159-0500] {dagbag.py:545} INFO - Filling up the DagBag from /opt/airflow/dags/config.py
[2026-07-09T04:16:57.180-0500] {processor.py:842} WARNING - No viable dags retrieved from /opt/airflow/dags/config.py
[2026-07-09T04:16:57.197-0500] {processor.py:183} INFO - Processing /opt/airflow/dags/config.py took 0.049 seconds
[2026-07-09T04:17:28.136-0500] {processor.py:161} INFO - Started process (PID=18414) to work on /opt/airflow/dags/config.py
[2026-07-09T04:17:28.137-0500] {processor.py:830} INFO - Processing file /opt/airflow/dags/config.py for tasks to queue
[2026-07-09T04:17:28.139-0500] {logging_mixin.py:188} INFO - [2026-07-09T04:17:28.139-0500] {dagbag.py:545} INFO - Filling up the DagBag from /opt/airflow/dags/config.py
[2026-07-09T04:17:28.162-0500] {processor.py:842} WARNING - No viable dags retrieved from /opt/airflow/dags/config.py
[2026-07-09T04:17:28.184-0500] {processor.py:183} INFO - Processing /opt/airflow/dags/config.py took 0.053 seconds
[2026-07-09T04:17:59.303-0500] {processor.py:161} INFO - Started process (PID=18443) to work on /opt/airflow/dags/config.py
[2026-07-09T04:17:59.305-0500] {processor.py:830} INFO - Processing file /opt/airflow/dags/config.py for tasks to queue
[2026-07-09T04:17:59.307-0500] {logging_mixin.py:188} INFO - [2026-07-09T04:17:59.307-0500] {dagbag.py:545} INFO - Filling up the DagBag from /opt/airflow/dags/config.py
[2026-07-09T04:17:59.326-0500] {processor.py:842} WARNING - No viable dags retrieved from /opt/airflow/dags/config.py
[2026-07-09T04:17:59.341-0500] {processor.py:183} INFO - Processing /opt/airflow/dags/config.py took 0.044 seconds
[2026-07-09T04:18:30.495-0500] {processor.py:161} INFO - Started process (PID=18470) to work on /opt/airflow/dags/config.py
[2026-07-09T04:18:30.496-0500] {processor.py:830} INFO - Processing file /opt/airflow/dags/config.py for tasks to queue
[2026-07-09T04:18:30.499-0500] {logging_mixin.py:188} INFO - [2026-07-09T04:18:30.499-0500] {dagbag.py:545} INFO - Filling up the DagBag from /opt/airflow/dags/config.py
[2026-07-09T04:18:30.519-0500] {processor.py:842} WARNING - No viable dags retrieved from /opt/airflow/dags/config.py
[2026-07-09T04:18:30.535-0500] {processor.py:183} INFO - Processing /opt/airflow/dags/config.py took 0.048 seconds
[2026-07-09T04:19:01.633-0500] {processor.py:161} INFO - Started process (PID=18497) to work on /opt/airflow/dags/config.py
[2026-07-09T04:19:01.634-0500] {processor.py:830} INFO - Processing file /opt/airflow/dags/config.py for tasks to queue
[2026-07-09T04:19:01.637-0500] {logging_mixin.py:188} INFO - [2026-07-09T04:19:01.636-0500] {dagbag.py:545} INFO - Filling up the DagBag from /opt/airflow/dags/config.py
[2026-07-09T04:19:01.656-0500] {processor.py:842} WARNING - No viable dags retrieved from /opt/airflow/dags/config.py
[2026-07-09T04:19:01.671-0500] {processor.py:183} INFO - Processing /opt/airflow/dags/config.py took 0.043 seconds
[2026-07-09T04:19:32.556-0500] {processor.py:161} INFO - Started process (PID=18524) to work on /opt/airflow/dags/config.py
[2026-07-09T04:19:32.557-0500] {processor.py:830} INFO - Processing file /opt/airflow/dags/config.py for tasks to queue
[2026-07-09T04:19:32.559-0500] {logging_mixin.py:188} INFO - [2026-07-09T04:19:32.559-0500] {dagbag.py:545} INFO - Filling up the DagBag from /opt/airflow/dags/config.py
[2026-07-09T04:19:32.575-0500] {processor.py:842} WARNING - No viable dags retrieved from /opt/airflow/dags/config.py
[2026-07-09T04:19:32.588-0500] {processor.py:183} INFO - Processing /opt/airflow/dags/config.py took 0.038 seconds
[2026-07-09T04:20:03.484-0500] {processor.py:161} INFO - Started process (PID=18551) to work on /opt/airflow/dags/config.py
[2026-07-09T04:20:03.485-0500] {processor.py:830} INFO - Processing file /opt/airflow/dags/config.py for tasks to queue
[2026-07-09T04:20:03.488-0500] {logging_mixin.py:188} INFO - [2026-07-09T04:20:03.487-0500] {dagbag.py:545} INFO - Filling up the DagBag from /opt/airflow/dags/config.py
[2026-07-09T04:20:03.509-0500] {processor.py:842} WARNING - No viable dags retrieved from /opt/airflow/dags/config.py
[2026-07-09T04:20:03.528-0500] {processor.py:183} INFO - Processing /opt/airflow/dags/config.py took 0.050 seconds
[2026-07-09T04:20:34.639-0500] {processor.py:161} INFO - Started process (PID=18578) to work on /opt/airflow/dags/config.py
[2026-07-09T04:20:34.640-0500] {processor.py:830} INFO - Processing file /opt/airflow/dags/config.py for tasks to queue
[2026-07-09T04:20:34.642-0500] {logging_mixin.py:188} INFO - [2026-07-09T04:20:34.642-0500] {dagbag.py:545} INFO - Filling up the DagBag from /opt/airflow/dags/config.py
[2026-07-09T04:20:34.662-0500] {processor.py:842} WARNING - No viable dags retrieved from /opt/airflow/dags/config.py
[2026-07-09T04:20:34.679-0500] {processor.py:183} INFO - Processing /opt/airflow/dags/config.py took 0.046 seconds
[2026-07-09T04:21:05.865-0500] {processor.py:161} INFO - Started process (PID=18605) to work on /opt/airflow/dags/config.py
[2026-07-09T04:21:05.867-0500] {processor.py:830} INFO - Processing file /opt/airflow/dags/config.py for tasks to queue
[2026-07-09T04:21:05.869-0500] {logging_mixin.py:188} INFO - [2026-07-09T04:21:05.869-0500] {dagbag.py:545} INFO - Filling up the DagBag from /opt/airflow/dags/config.py
[2026-07-09T04:21:05.890-0500] {processor.py:842} WARNING - No viable dags retrieved from /opt/airflow/dags/config.py
[2026-07-09T04:21:05.906-0500] {processor.py:183} INFO - Processing /opt/airflow/dags/config.py took 0.047 seconds
[2026-07-09T04:21:37.037-0500] {processor.py:161} INFO - Started process (PID=18632) to work on /opt/airflow/dags/config.py
[2026-07-09T04:21:37.038-0500] {processor.py:830} INFO - Processing file /opt/airflow/dags/config.py for tasks to queue
[2026-07-09T04:21:37.040-0500] {logging_mixin.py:188} INFO - [2026-07-09T04:21:37.039-0500] {dagbag.py:545} INFO - Filling up the DagBag from /opt/airflow/dags/config.py
[2026-07-09T04:21:37.059-0500] {processor.py:842} WARNING - No viable dags retrieved from /opt/airflow/dags/config.py
[2026-07-09T04:21:37.074-0500] {processor.py:183} INFO - Processing /opt/airflow/dags/config.py took 0.044 seconds
[2026-07-09T04:22:08.075-0500] {processor.py:161} INFO - Started process (PID=18659) to work on /opt/airflow/dags/config.py
[2026-07-09T04:22:08.076-0500] {processor.py:830} INFO - Processing file /opt/airflow/dags/config.py for tasks to queue
[2026-07-09T04:22:08.079-0500] {logging_mixin.py:188} INFO - [2026-07-09T04:22:08.079-0500] {dagbag.py:545} INFO - Filling up the DagBag from /opt/airflow/dags/config.py
[2026-07-09T04:22:08.098-0500] {processor.py:842} WARNING - No viable dags retrieved from /opt/airflow/dags/config.py
[2026-07-09T04:22:08.115-0500] {processor.py:183} INFO - Processing /opt/airflow/dags/config.py took 0.047 seconds
[2026-07-09T04:22:39.220-0500] {processor.py:161} INFO - Started process (PID=18686) to work on /opt/airflow/dags/config.py
[2026-07-09T04:22:39.221-0500] {processor.py:830} INFO - Processing file /opt/airflow/dags/config.py for tasks to queue
[2026-07-09T04:22:39.223-0500] {logging_mixin.py:188} INFO - [2026-07-09T04:22:39.223-0500] {dagbag.py:545} INFO - Filling up the DagBag from /opt/airflow/dags/config.py
[2026-07-09T04:22:39.241-0500] {processor.py:842} WARNING - No viable dags retrieved from /opt/airflow/dags/config.py
[2026-07-09T04:22:39.256-0500] {processor.py:183} INFO - Processing /opt/airflow/dags/config.py took 0.043 seconds
[2026-07-09T04:23:10.685-0500] {processor.py:161} INFO - Started process (PID=18713) to work on /opt/airflow/dags/config.py
[2026-07-09T04:23:10.687-0500] {processor.py:830} INFO - Processing file /opt/airflow/dags/config.py for tasks to queue
[2026-07-09T04:23:10.689-0500] {logging_mixin.py:188} INFO - [2026-07-09T04:23:10.688-0500] {dagbag.py:545} INFO - Filling up the DagBag from /opt/airflow/dags/config.py
[2026-07-09T04:23:10.708-0500] {processor.py:842} WARNING - No viable dags retrieved from /opt/airflow/dags/config.py
[2026-07-09T04:23:10.724-0500] {processor.py:183} INFO - Processing /opt/airflow/dags/config.py took 0.046 seconds
[2026-07-09T04:23:41.666-0500] {processor.py:161} INFO - Started process (PID=18740) to work on /opt/airflow/dags/config.py
[2026-07-09T04:23:41.667-0500] {processor.py:830} INFO - Processing file /opt/airflow/dags/config.py for tasks to queue
[2026-07-09T04:23:41.669-0500] {logging_mixin.py:188} INFO - [2026-07-09T04:23:41.668-0500] {dagbag.py:545} INFO - Filling up the DagBag from /opt/airflow/dags/config.py
[2026-07-09T04:23:41.687-0500] {processor.py:842} WARNING - No viable dags retrieved from /opt/airflow/dags/config.py
[2026-07-09T04:23:41.706-0500] {processor.py:183} INFO - Processing /opt/airflow/dags/config.py took 0.046 seconds
[2026-07-09T04:24:12.508-0500] {processor.py:161} INFO - Started process (PID=18767) to work on /opt/airflow/dags/config.py
[2026-07-09T04:24:12.509-0500] {processor.py:830} INFO - Processing file /opt/airflow/dags/config.py for tasks to queue
[2026-07-09T04:24:12.511-0500] {logging_mixin.py:188} INFO - [2026-07-09T04:24:12.511-0500] {dagbag.py:545} INFO - Filling up the DagBag from /opt/airflow/dags/config.py
[2026-07-09T04:24:12.525-0500] {processor.py:842} WARNING - No viable dags retrieved from /opt/airflow/dags/config.py
[2026-07-09T04:24:12.540-0500] {processor.py:183} INFO - Processing /opt/airflow/dags/config.py took 0.036 seconds
[2026-07-09T04:24:43.608-0500] {processor.py:161} INFO - Started process (PID=18794) to work on /opt/airflow/dags/config.py
[2026-07-09T04:24:43.609-0500] {processor.py:830} INFO - Processing file /opt/airflow/dags/config.py for tasks to queue
[2026-07-09T04:24:43.610-0500] {logging_mixin.py:188} INFO - [2026-07-09T04:24:43.610-0500] {dagbag.py:545} INFO - Filling up the DagBag from /opt/airflow/dags/config.py
[2026-07-09T04:24:43.625-0500] {processor.py:842} WARNING - No viable dags retrieved from /opt/airflow/dags/config.py
[2026-07-09T04:24:43.637-0500] {processor.py:183} INFO - Processing /opt/airflow/dags/config.py took 0.034 seconds
[2026-07-09T04:25:14.542-0500] {processor.py:161} INFO - Started process (PID=18821) to work on /opt/airflow/dags/config.py
[2026-07-09T04:25:14.543-0500] {processor.py:830} INFO - Processing file /opt/airflow/dags/config.py for tasks to queue
[2026-07-09T04:25:14.544-0500] {logging_mixin.py:188} INFO - [2026-07-09T04:25:14.544-0500] {dagbag.py:545} INFO - Filling up the DagBag from /opt/airflow/dags/config.py
[2026-07-09T04:25:14.560-0500] {processor.py:842} WARNING - No viable dags retrieved from /opt/airflow/dags/config.py
[2026-07-09T04:25:14.573-0500] {processor.py:183} INFO - Processing /opt/airflow/dags/config.py took 0.036 seconds
[2026-07-09T04:25:45.409-0500] {processor.py:161} INFO - Started process (PID=18848) to work on /opt/airflow/dags/config.py
[2026-07-09T04:25:45.410-0500] {processor.py:830} INFO - Processing file /opt/airflow/dags/config.py for tasks to queue
[2026-07-09T04:25:45.413-0500] {logging_mixin.py:188} INFO - [2026-07-09T04:25:45.412-0500] {dagbag.py:545} INFO - Filling up the DagBag from /opt/airflow/dags/config.py
[2026-07-09T04:25:45.436-0500] {processor.py:842} WARNING - No viable dags retrieved from /opt/airflow/dags/config.py
[2026-07-09T04:25:45.453-0500] {processor.py:183} INFO - Processing /opt/airflow/dags/config.py took 0.053 seconds
[2026-07-09T04:26:16.208-0500] {processor.py:161} INFO - Started process (PID=18873) to work on /opt/airflow/dags/config.py
[2026-07-09T04:26:16.210-0500] {processor.py:830} INFO - Processing file /opt/airflow/dags/config.py for tasks to queue
[2026-07-09T04:26:16.213-0500] {logging_mixin.py:188} INFO - [2026-07-09T04:26:16.213-0500] {dagbag.py:545} INFO - Filling up the DagBag from /opt/airflow/dags/config.py
[2026-07-09T04:26:16.232-0500] {processor.py:842} WARNING - No viable dags retrieved from /opt/airflow/dags/config.py
[2026-07-09T04:26:16.245-0500] {processor.py:183} INFO - Processing /opt/airflow/dags/config.py took 0.043 seconds
[2026-07-09T04:26:47.482-0500] {processor.py:161} INFO - Started process (PID=18902) to work on /opt/airflow/dags/config.py
[2026-07-09T04:26:47.483-0500] {processor.py:830} INFO - Processing file /opt/airflow/dags/config.py for tasks to queue
[2026-07-09T04:26:47.485-0500] {logging_mixin.py:188} INFO - [2026-07-09T04:26:47.484-0500] {dagbag.py:545} INFO - Filling up the DagBag from /opt/airflow/dags/config.py
[2026-07-09T04:26:47.505-0500] {processor.py:842} WARNING - No viable dags retrieved from /opt/airflow/dags/config.py
[2026-07-09T04:26:47.519-0500] {processor.py:183} INFO - Processing /opt/airflow/dags/config.py took 0.044 seconds
[2026-07-09T04:27:18.574-0500] {processor.py:161} INFO - Started process (PID=18929) to work on /opt/airflow/dags/config.py
[2026-07-09T04:27:18.575-0500] {processor.py:830} INFO - Processing file /opt/airflow/dags/config.py for tasks to queue
[2026-07-09T04:27:18.577-0500] {logging_mixin.py:188} INFO - [2026-07-09T04:27:18.576-0500] {dagbag.py:545} INFO - Filling up the DagBag from /opt/airflow/dags/config.py
[2026-07-09T04:27:18.592-0500] {processor.py:842} WARNING - No viable dags retrieved from /opt/airflow/dags/config.py
[2026-07-09T04:27:18.602-0500] {processor.py:183} INFO - Processing /opt/airflow/dags/config.py took 0.033 seconds
[2026-07-09T04:27:49.429-0500] {processor.py:161} INFO - Started process (PID=18956) to work on /opt/airflow/dags/config.py
[2026-07-09T04:27:49.431-0500] {processor.py:830} INFO - Processing file /opt/airflow/dags/config.py for tasks to queue
[2026-07-09T04:27:49.432-0500] {logging_mixin.py:188} INFO - [2026-07-09T04:27:49.432-0500] {dagbag.py:545} INFO - Filling up the DagBag from /opt/airflow/dags/config.py
[2026-07-09T04:27:49.449-0500] {processor.py:842} WARNING - No viable dags retrieved from /opt/airflow/dags/config.py
[2026-07-09T04:27:49.462-0500] {processor.py:183} INFO - Processing /opt/airflow/dags/config.py took 0.038 seconds
[2026-07-09T04:28:20.701-0500] {processor.py:161} INFO - Started process (PID=18983) to work on /opt/airflow/dags/config.py
[2026-07-09T04:28:20.702-0500] {processor.py:830} INFO - Processing file /opt/airflow/dags/config.py for tasks to queue
[2026-07-09T04:28:20.704-0500] {logging_mixin.py:188} INFO - [2026-07-09T04:28:20.704-0500] {dagbag.py:545} INFO - Filling up the DagBag from /opt/airflow/dags/config.py
[2026-07-09T04:28:20.729-0500] {processor.py:842} WARNING - No viable dags retrieved from /opt/airflow/dags/config.py
[2026-07-09T04:28:20.741-0500] {processor.py:183} INFO - Processing /opt/airflow/dags/config.py took 0.045 seconds
[2026-07-09T04:28:51.682-0500] {processor.py:161} INFO - Started process (PID=19010) to work on /opt/airflow/dags/config.py
[2026-07-09T04:28:51.683-0500] {processor.py:830} INFO - Processing file /opt/airflow/dags/config.py for tasks to queue
[2026-07-09T04:28:51.684-0500] {logging_mixin.py:188} INFO - [2026-07-09T04:28:51.684-0500] {dagbag.py:545} INFO - Filling up the DagBag from /opt/airflow/dags/config.py
[2026-07-09T04:28:51.697-0500] {processor.py:842} WARNING - No viable dags retrieved from /opt/airflow/dags/config.py
[2026-07-09T04:28:51.710-0500] {processor.py:183} INFO - Processing /opt/airflow/dags/config.py took 0.033 seconds
[2026-07-09T04:29:22.692-0500] {processor.py:161} INFO - Started process (PID=19037) to work on /opt/airflow/dags/config.py
[2026-07-09T04:29:22.692-0500] {processor.py:830} INFO - Processing file /opt/airflow/dags/config.py for tasks to queue
[2026-07-09T04:29:22.694-0500] {logging_mixin.py:188} INFO - [2026-07-09T04:29:22.694-0500] {dagbag.py:545} INFO - Filling up the DagBag from /opt/airflow/dags/config.py
[2026-07-09T04:29:22.706-0500] {processor.py:842} WARNING - No viable dags retrieved from /opt/airflow/dags/config.py
[2026-07-09T04:29:22.718-0500] {processor.py:183} INFO - Processing /opt/airflow/dags/config.py took 0.031 seconds
[2026-07-09T04:29:53.591-0500] {processor.py:161} INFO - Started process (PID=19064) to work on /opt/airflow/dags/config.py
[2026-07-09T04:29:53.592-0500] {processor.py:830} INFO - Processing file /opt/airflow/dags/config.py for tasks to queue
[2026-07-09T04:29:53.594-0500] {logging_mixin.py:188} INFO - [2026-07-09T04:29:53.594-0500] {dagbag.py:545} INFO - Filling up the DagBag from /opt/airflow/dags/config.py
[2026-07-09T04:29:53.613-0500] {processor.py:842} WARNING - No viable dags retrieved from /opt/airflow/dags/config.py
[2026-07-09T04:29:53.627-0500] {processor.py:183} INFO - Processing /opt/airflow/dags/config.py took 0.041 seconds
[2026-07-09T04:30:24.563-0500] {processor.py:161} INFO - Started process (PID=19091) to work on /opt/airflow/dags/config.py
[2026-07-09T04:30:24.564-0500] {processor.py:830} INFO - Processing file /opt/airflow/dags/config.py for tasks to queue
[2026-07-09T04:30:24.565-0500] {logging_mixin.py:188} INFO - [2026-07-09T04:30:24.565-0500] {dagbag.py:545} INFO - Filling up the DagBag from /opt/airflow/dags/config.py
[2026-07-09T04:30:24.582-0500] {processor.py:842} WARNING - No viable dags retrieved from /opt/airflow/dags/config.py
[2026-07-09T04:30:24.594-0500] {processor.py:183} INFO - Processing /opt/airflow/dags/config.py took 0.036 seconds
[2026-07-09T04:30:55.598-0500] {processor.py:161} INFO - Started process (PID=19118) to work on /opt/airflow/dags/config.py
[2026-07-09T04:30:55.599-0500] {processor.py:830} INFO - Processing file /opt/airflow/dags/config.py for tasks to queue
[2026-07-09T04:30:55.601-0500] {logging_mixin.py:188} INFO - [2026-07-09T04:30:55.600-0500] {dagbag.py:545} INFO - Filling up the DagBag from /opt/airflow/dags/config.py
[2026-07-09T04:30:55.619-0500] {processor.py:842} WARNING - No viable dags retrieved from /opt/airflow/dags/config.py
[2026-07-09T04:30:55.631-0500] {processor.py:183} INFO - Processing /opt/airflow/dags/config.py took 0.040 seconds
[2026-07-09T04:31:26.620-0500] {processor.py:161} INFO - Started process (PID=19143) to work on /opt/airflow/dags/config.py
[2026-07-09T04:31:26.621-0500] {processor.py:830} INFO - Processing file /opt/airflow/dags/config.py for tasks to queue
[2026-07-09T04:31:26.623-0500] {logging_mixin.py:188} INFO - [2026-07-09T04:31:26.622-0500] {dagbag.py:545} INFO - Filling up the DagBag from /opt/airflow/dags/config.py
[2026-07-09T04:31:26.644-0500] {processor.py:842} WARNING - No viable dags retrieved from /opt/airflow/dags/config.py
[2026-07-09T04:31:26.656-0500] {processor.py:183} INFO - Processing /opt/airflow/dags/config.py took 0.041 seconds
[2026-07-09T04:31:57.710-0500] {processor.py:161} INFO - Started process (PID=19170) to work on /opt/airflow/dags/config.py
[2026-07-09T04:31:57.711-0500] {processor.py:830} INFO - Processing file /opt/airflow/dags/config.py for tasks to queue
[2026-07-09T04:31:57.713-0500] {logging_mixin.py:188} INFO - [2026-07-09T04:31:57.712-0500] {dagbag.py:545} INFO - Filling up the DagBag from /opt/airflow/dags/config.py
[2026-07-09T04:31:57.727-0500] {processor.py:842} WARNING - No viable dags retrieved from /opt/airflow/dags/config.py
[2026-07-09T04:31:57.739-0500] {processor.py:183} INFO - Processing /opt/airflow/dags/config.py took 0.034 seconds
[2026-07-09T04:32:28.818-0500] {processor.py:161} INFO - Started process (PID=19199) to work on /opt/airflow/dags/config.py
[2026-07-09T04:32:28.819-0500] {processor.py:830} INFO - Processing file /opt/airflow/dags/config.py for tasks to queue
[2026-07-09T04:32:28.821-0500] {logging_mixin.py:188} INFO - [2026-07-09T04:32:28.820-0500] {dagbag.py:545} INFO - Filling up the DagBag from /opt/airflow/dags/config.py
[2026-07-09T04:32:28.836-0500] {processor.py:842} WARNING - No viable dags retrieved from /opt/airflow/dags/config.py
[2026-07-09T04:32:28.850-0500] {processor.py:183} INFO - Processing /opt/airflow/dags/config.py took 0.037 seconds
[2026-07-09T04:32:59.895-0500] {processor.py:161} INFO - Started process (PID=19226) to work on /opt/airflow/dags/config.py
[2026-07-09T04:32:59.896-0500] {processor.py:830} INFO - Processing file /opt/airflow/dags/config.py for tasks to queue
[2026-07-09T04:32:59.898-0500] {logging_mixin.py:188} INFO - [2026-07-09T04:32:59.897-0500] {dagbag.py:545} INFO - Filling up the DagBag from /opt/airflow/dags/config.py
[2026-07-09T04:32:59.916-0500] {processor.py:842} WARNING - No viable dags retrieved from /opt/airflow/dags/config.py
[2026-07-09T04:32:59.931-0500] {processor.py:183} INFO - Processing /opt/airflow/dags/config.py took 0.042 seconds
[2026-07-09T04:33:31.032-0500] {processor.py:161} INFO - Started process (PID=19253) to work on /opt/airflow/dags/config.py
[2026-07-09T04:33:31.033-0500] {processor.py:830} INFO - Processing file /opt/airflow/dags/config.py for tasks to queue
[2026-07-09T04:33:31.034-0500] {logging_mixin.py:188} INFO - [2026-07-09T04:33:31.034-0500] {dagbag.py:545} INFO - Filling up the DagBag from /opt/airflow/dags/config.py
[2026-07-09T04:33:31.051-0500] {processor.py:842} WARNING - No viable dags retrieved from /opt/airflow/dags/config.py
[2026-07-09T04:33:31.065-0500] {processor.py:183} INFO - Processing /opt/airflow/dags/config.py took 0.038 seconds
[2026-07-09T04:34:02.065-0500] {processor.py:161} INFO - Started process (PID=19280) to work on /opt/airflow/dags/config.py
[2026-07-09T04:34:02.067-0500] {processor.py:830} INFO - Processing file /opt/airflow/dags/config.py for tasks to queue
[2026-07-09T04:34:02.069-0500] {logging_mixin.py:188} INFO - [2026-07-09T04:34:02.069-0500] {dagbag.py:545} INFO - Filling up the DagBag from /opt/airflow/dags/config.py
[2026-07-09T04:34:02.086-0500] {processor.py:842} WARNING - No viable dags retrieved from /opt/airflow/dags/config.py
[2026-07-09T04:34:02.100-0500] {processor.py:183} INFO - Processing /opt/airflow/dags/config.py took 0.040 seconds
[2026-07-09T04:34:33.053-0500] {processor.py:161} INFO - Started process (PID=19307) to work on /opt/airflow/dags/config.py
[2026-07-09T04:34:33.054-0500] {processor.py:830} INFO - Processing file /opt/airflow/dags/config.py for tasks to queue
[2026-07-09T04:34:33.055-0500] {logging_mixin.py:188} INFO - [2026-07-09T04:34:33.055-0500] {dagbag.py:545} INFO - Filling up the DagBag from /opt/airflow/dags/config.py
[2026-07-09T04:34:33.070-0500] {processor.py:842} WARNING - No viable dags retrieved from /opt/airflow/dags/config.py
[2026-07-09T04:34:33.083-0500] {processor.py:183} INFO - Processing /opt/airflow/dags/config.py took 0.036 seconds
[2026-07-09T04:35:04.019-0500] {processor.py:161} INFO - Started process (PID=19334) to work on /opt/airflow/dags/config.py
[2026-07-09T04:35:04.020-0500] {processor.py:830} INFO - Processing file /opt/airflow/dags/config.py for tasks to queue
[2026-07-09T04:35:04.022-0500] {logging_mixin.py:188} INFO - [2026-07-09T04:35:04.021-0500] {dagbag.py:545} INFO - Filling up the DagBag from /opt/airflow/dags/config.py
[2026-07-09T04:35:04.041-0500] {processor.py:842} WARNING - No viable dags retrieved from /opt/airflow/dags/config.py
[2026-07-09T04:35:04.053-0500] {processor.py:183} INFO - Processing /opt/airflow/dags/config.py took 0.040 seconds
[2026-07-09T04:35:35.067-0500] {processor.py:161} INFO - Started process (PID=19361) to work on /opt/airflow/dags/config.py
[2026-07-09T04:35:35.068-0500] {processor.py:830} INFO - Processing file /opt/airflow/dags/config.py for tasks to queue
[2026-07-09T04:35:35.069-0500] {logging_mixin.py:188} INFO - [2026-07-09T04:35:35.069-0500] {dagbag.py:545} INFO - Filling up the DagBag from /opt/airflow/dags/config.py
[2026-07-09T04:35:35.088-0500] {processor.py:842} WARNING - No viable dags retrieved from /opt/airflow/dags/config.py
[2026-07-09T04:35:35.104-0500] {processor.py:183} INFO - Processing /opt/airflow/dags/config.py took 0.043 seconds
[2026-07-09T04:36:06.127-0500] {processor.py:161} INFO - Started process (PID=19386) to work on /opt/airflow/dags/config.py
[2026-07-09T04:36:06.128-0500] {processor.py:830} INFO - Processing file /opt/airflow/dags/config.py for tasks to queue
[2026-07-09T04:36:06.130-0500] {logging_mixin.py:188} INFO - [2026-07-09T04:36:06.130-0500] {dagbag.py:545} INFO - Filling up the DagBag from /opt/airflow/dags/config.py
[2026-07-09T04:36:06.148-0500] {processor.py:842} WARNING - No viable dags retrieved from /opt/airflow/dags/config.py
[2026-07-09T04:36:06.161-0500] {processor.py:183} INFO - Processing /opt/airflow/dags/config.py took 0.040 seconds
[2026-07-09T04:36:37.420-0500] {processor.py:161} INFO - Started process (PID=19415) to work on /opt/airflow/dags/config.py
[2026-07-09T04:36:37.421-0500] {processor.py:830} INFO - Processing file /opt/airflow/dags/config.py for tasks to queue
[2026-07-09T04:36:37.423-0500] {logging_mixin.py:188} INFO - [2026-07-09T04:36:37.423-0500] {dagbag.py:545} INFO - Filling up the DagBag from /opt/airflow/dags/config.py
[2026-07-09T04:36:37.442-0500] {processor.py:842} WARNING - No viable dags retrieved from /opt/airflow/dags/config.py
[2026-07-09T04:36:37.456-0500] {processor.py:183} INFO - Processing /opt/airflow/dags/config.py took 0.041 seconds
[2026-07-09T04:37:08.614-0500] {processor.py:161} INFO - Started process (PID=19440) to work on /opt/airflow/dags/config.py
[2026-07-09T04:37:08.615-0500] {processor.py:830} INFO - Processing file /opt/airflow/dags/config.py for tasks to queue
[2026-07-09T04:37:08.618-0500] {logging_mixin.py:188} INFO - [2026-07-09T04:37:08.617-0500] {dagbag.py:545} INFO - Filling up the DagBag from /opt/airflow/dags/config.py
[2026-07-09T04:37:08.635-0500] {processor.py:842} WARNING - No viable dags retrieved from /opt/airflow/dags/config.py
[2026-07-09T04:37:08.648-0500] {processor.py:183} INFO - Processing /opt/airflow/dags/config.py took 0.038 seconds
[2026-07-09T04:37:39.687-0500] {processor.py:161} INFO - Started process (PID=19469) to work on /opt/airflow/dags/config.py
[2026-07-09T04:37:39.688-0500] {processor.py:830} INFO - Processing file /opt/airflow/dags/config.py for tasks to queue
[2026-07-09T04:37:39.689-0500] {logging_mixin.py:188} INFO - [2026-07-09T04:37:39.689-0500] {dagbag.py:545} INFO - Filling up the DagBag from /opt/airflow/dags/config.py
[2026-07-09T04:37:39.703-0500] {processor.py:842} WARNING - No viable dags retrieved from /opt/airflow/dags/config.py
[2026-07-09T04:37:39.715-0500] {processor.py:183} INFO - Processing /opt/airflow/dags/config.py took 0.033 seconds
[2026-07-09T04:38:10.689-0500] {processor.py:161} INFO - Started process (PID=19496) to work on /opt/airflow/dags/config.py
[2026-07-09T04:38:10.691-0500] {processor.py:830} INFO - Processing file /opt/airflow/dags/config.py for tasks to queue
[2026-07-09T04:38:10.695-0500] {logging_mixin.py:188} INFO - [2026-07-09T04:38:10.694-0500] {dagbag.py:545} INFO - Filling up the DagBag from /opt/airflow/dags/config.py
[2026-07-09T04:38:10.720-0500] {processor.py:842} WARNING - No viable dags retrieved from /opt/airflow/dags/config.py
[2026-07-09T04:38:10.738-0500] {processor.py:183} INFO - Processing /opt/airflow/dags/config.py took 0.054 seconds
[2026-07-09T04:38:41.726-0500] {processor.py:161} INFO - Started process (PID=19523) to work on /opt/airflow/dags/config.py
[2026-07-09T04:38:41.727-0500] {processor.py:830} INFO - Processing file /opt/airflow/dags/config.py for tasks to queue
[2026-07-09T04:38:41.730-0500] {logging_mixin.py:188} INFO - [2026-07-09T04:38:41.729-0500] {dagbag.py:545} INFO - Filling up the DagBag from /opt/airflow/dags/config.py
[2026-07-09T04:38:41.750-0500] {processor.py:842} WARNING - No viable dags retrieved from /opt/airflow/dags/config.py
[2026-07-09T04:38:41.765-0500] {processor.py:183} INFO - Processing /opt/airflow/dags/config.py took 0.045 seconds
[2026-07-09T04:39:12.858-0500] {processor.py:161} INFO - Started process (PID=19550) to work on /opt/airflow/dags/config.py
[2026-07-09T04:39:12.859-0500] {processor.py:830} INFO - Processing file /opt/airflow/dags/config.py for tasks to queue
[2026-07-09T04:39:12.862-0500] {logging_mixin.py:188} INFO - [2026-07-09T04:39:12.861-0500] {dagbag.py:545} INFO - Filling up the DagBag from /opt/airflow/dags/config.py
[2026-07-09T04:39:12.882-0500] {processor.py:842} WARNING - No viable dags retrieved from /opt/airflow/dags/config.py
[2026-07-09T04:39:12.895-0500] {processor.py:183} INFO - Processing /opt/airflow/dags/config.py took 0.043 seconds
[2026-07-09T04:39:44.006-0500] {processor.py:161} INFO - Started process (PID=19577) to work on /opt/airflow/dags/config.py
[2026-07-09T04:39:44.007-0500] {processor.py:830} INFO - Processing file /opt/airflow/dags/config.py for tasks to queue
[2026-07-09T04:39:44.010-0500] {logging_mixin.py:188} INFO - [2026-07-09T04:39:44.010-0500] {dagbag.py:545} INFO - Filling up the DagBag from /opt/airflow/dags/config.py
[2026-07-09T04:39:44.030-0500] {processor.py:842} WARNING - No viable dags retrieved from /opt/airflow/dags/config.py
[2026-07-09T04:39:44.046-0500] {processor.py:183} INFO - Processing /opt/airflow/dags/config.py took 0.047 seconds
[2026-07-09T04:40:15.173-0500] {processor.py:161} INFO - Started process (PID=19602) to work on /opt/airflow/dags/config.py
[2026-07-09T04:40:15.175-0500] {processor.py:830} INFO - Processing file /opt/airflow/dags/config.py for tasks to queue
[2026-07-09T04:40:15.177-0500] {logging_mixin.py:188} INFO - [2026-07-09T04:40:15.176-0500] {dagbag.py:545} INFO - Filling up the DagBag from /opt/airflow/dags/config.py
[2026-07-09T04:40:15.200-0500] {processor.py:842} WARNING - No viable dags retrieved from /opt/airflow/dags/config.py
[2026-07-09T04:40:15.219-0500] {processor.py:183} INFO - Processing /opt/airflow/dags/config.py took 0.055 seconds
[2026-07-09T04:40:46.497-0500] {processor.py:161} INFO - Started process (PID=19631) to work on /opt/airflow/dags/config.py
[2026-07-09T04:40:46.498-0500] {processor.py:830} INFO - Processing file /opt/airflow/dags/config.py for tasks to queue
[2026-07-09T04:40:46.501-0500] {logging_mixin.py:188} INFO - [2026-07-09T04:40:46.501-0500] {dagbag.py:545} INFO - Filling up the DagBag from /opt/airflow/dags/config.py
[2026-07-09T04:40:46.529-0500] {processor.py:842} WARNING - No viable dags retrieved from /opt/airflow/dags/config.py
[2026-07-09T04:40:46.559-0500] {processor.py:183} INFO - Processing /opt/airflow/dags/config.py took 0.071 seconds
[2026-07-09T04:41:17.689-0500] {processor.py:161} INFO - Started process (PID=19658) to work on /opt/airflow/dags/config.py
[2026-07-09T04:41:17.689-0500] {processor.py:830} INFO - Processing file /opt/airflow/dags/config.py for tasks to queue
[2026-07-09T04:41:17.691-0500] {logging_mixin.py:188} INFO - [2026-07-09T04:41:17.691-0500] {dagbag.py:545} INFO - Filling up the DagBag from /opt/airflow/dags/config.py
[2026-07-09T04:41:17.707-0500] {processor.py:842} WARNING - No viable dags retrieved from /opt/airflow/dags/config.py
[2026-07-09T04:41:17.720-0500] {processor.py:183} INFO - Processing /opt/airflow/dags/config.py took 0.037 seconds
[2026-07-09T04:41:48.764-0500] {processor.py:161} INFO - Started process (PID=19685) to work on /opt/airflow/dags/config.py
[2026-07-09T04:41:48.765-0500] {processor.py:830} INFO - Processing file /opt/airflow/dags/config.py for tasks to queue
[2026-07-09T04:41:48.766-0500] {logging_mixin.py:188} INFO - [2026-07-09T04:41:48.766-0500] {dagbag.py:545} INFO - Filling up the DagBag from /opt/airflow/dags/config.py
[2026-07-09T04:41:48.782-0500] {processor.py:842} WARNING - No viable dags retrieved from /opt/airflow/dags/config.py
[2026-07-09T04:41:48.794-0500] {processor.py:183} INFO - Processing /opt/airflow/dags/config.py took 0.035 seconds
[2026-07-09T04:42:19.811-0500] {processor.py:161} INFO - Started process (PID=19710) to work on /opt/airflow/dags/config.py
[2026-07-09T04:42:19.812-0500] {processor.py:830} INFO - Processing file /opt/airflow/dags/config.py for tasks to queue
[2026-07-09T04:42:19.814-0500] {logging_mixin.py:188} INFO - [2026-07-09T04:42:19.814-0500] {dagbag.py:545} INFO - Filling up the DagBag from /opt/airflow/dags/config.py
[2026-07-09T04:42:19.832-0500] {processor.py:842} WARNING - No viable dags retrieved from /opt/airflow/dags/config.py
[2026-07-09T04:42:19.846-0500] {processor.py:183} INFO - Processing /opt/airflow/dags/config.py took 0.042 seconds
[2026-07-09T04:42:51.031-0500] {processor.py:161} INFO - Started process (PID=19739) to work on /opt/airflow/dags/config.py
[2026-07-09T04:42:51.032-0500] {processor.py:830} INFO - Processing file /opt/airflow/dags/config.py for tasks to queue
[2026-07-09T04:42:51.033-0500] {logging_mixin.py:188} INFO - [2026-07-09T04:42:51.033-0500] {dagbag.py:545} INFO - Filling up the DagBag from /opt/airflow/dags/config.py
[2026-07-09T04:42:51.052-0500] {processor.py:842} WARNING - No viable dags retrieved from /opt/airflow/dags/config.py
[2026-07-09T04:42:51.067-0500] {processor.py:183} INFO - Processing /opt/airflow/dags/config.py took 0.043 seconds
[2026-07-09T04:43:22.087-0500] {processor.py:161} INFO - Started process (PID=19766) to work on /opt/airflow/dags/config.py
[2026-07-09T04:43:22.088-0500] {processor.py:830} INFO - Processing file /opt/airflow/dags/config.py for tasks to queue
[2026-07-09T04:43:22.090-0500] {logging_mixin.py:188} INFO - [2026-07-09T04:43:22.089-0500] {dagbag.py:545} INFO - Filling up the DagBag from /opt/airflow/dags/config.py
[2026-07-09T04:43:22.107-0500] {processor.py:842} WARNING - No viable dags retrieved from /opt/airflow/dags/config.py
[2026-07-09T04:43:22.119-0500] {processor.py:183} INFO - Processing /opt/airflow/dags/config.py took 0.037 seconds
[2026-07-09T04:43:53.099-0500] {processor.py:161} INFO - Started process (PID=19793) to work on /opt/airflow/dags/config.py
[2026-07-09T04:43:53.101-0500] {processor.py:830} INFO - Processing file /opt/airflow/dags/config.py for tasks to queue
[2026-07-09T04:43:53.102-0500] {logging_mixin.py:188} INFO - [2026-07-09T04:43:53.102-0500] {dagbag.py:545} INFO - Filling up the DagBag from /opt/airflow/dags/config.py
[2026-07-09T04:43:53.125-0500] {processor.py:842} WARNING - No viable dags retrieved from /opt/airflow/dags/config.py
[2026-07-09T04:43:53.142-0500] {processor.py:183} INFO - Processing /opt/airflow/dags/config.py took 0.048 seconds
[2026-07-09T04:44:24.088-0500] {processor.py:161} INFO - Started process (PID=19820) to work on /opt/airflow/dags/config.py
[2026-07-09T04:44:24.089-0500] {processor.py:830} INFO - Processing file /opt/airflow/dags/config.py for tasks to queue
[2026-07-09T04:44:24.091-0500] {logging_mixin.py:188} INFO - [2026-07-09T04:44:24.090-0500] {dagbag.py:545} INFO - Filling up the DagBag from /opt/airflow/dags/config.py
[2026-07-09T04:44:24.107-0500] {processor.py:842} WARNING - No viable dags retrieved from /opt/airflow/dags/config.py
[2026-07-09T04:44:24.120-0500] {processor.py:183} INFO - Processing /opt/airflow/dags/config.py took 0.038 seconds
[2026-07-09T04:44:55.079-0500] {processor.py:161} INFO - Started process (PID=19847) to work on /opt/airflow/dags/config.py
[2026-07-09T04:44:55.080-0500] {processor.py:830} INFO - Processing file /opt/airflow/dags/config.py for tasks to queue
[2026-07-09T04:44:55.082-0500] {logging_mixin.py:188} INFO - [2026-07-09T04:44:55.082-0500] {dagbag.py:545} INFO - Filling up the DagBag from /opt/airflow/dags/config.py
[2026-07-09T04:44:55.105-0500] {processor.py:842} WARNING - No viable dags retrieved from /opt/airflow/dags/config.py
[2026-07-09T04:44:55.117-0500] {processor.py:183} INFO - Processing /opt/airflow/dags/config.py took 0.043 seconds
[2026-07-09T04:45:26.058-0500] {processor.py:161} INFO - Started process (PID=19874) to work on /opt/airflow/dags/config.py
[2026-07-09T04:45:26.059-0500] {processor.py:830} INFO - Processing file /opt/airflow/dags/config.py for tasks to queue
[2026-07-09T04:45:26.060-0500] {logging_mixin.py:188} INFO - [2026-07-09T04:45:26.060-0500] {dagbag.py:545} INFO - Filling up the DagBag from /opt/airflow/dags/config.py
[2026-07-09T04:45:26.075-0500] {processor.py:842} WARNING - No viable dags retrieved from /opt/airflow/dags/config.py
[2026-07-09T04:45:26.088-0500] {processor.py:183} INFO - Processing /opt/airflow/dags/config.py took 0.035 seconds
[2026-07-09T04:45:57.042-0500] {processor.py:161} INFO - Started process (PID=19901) to work on /opt/airflow/dags/config.py
[2026-07-09T04:45:57.043-0500] {processor.py:830} INFO - Processing file /opt/airflow/dags/config.py for tasks to queue
[2026-07-09T04:45:57.045-0500] {logging_mixin.py:188} INFO - [2026-07-09T04:45:57.044-0500] {dagbag.py:545} INFO - Filling up the DagBag from /opt/airflow/dags/config.py
[2026-07-09T04:45:57.067-0500] {processor.py:842} WARNING - No viable dags retrieved from /opt/airflow/dags/config.py
[2026-07-09T04:45:57.083-0500] {processor.py:183} INFO - Processing /opt/airflow/dags/config.py took 0.046 seconds
[2026-07-09T04:46:28.082-0500] {processor.py:161} INFO - Started process (PID=19928) to work on /opt/airflow/dags/config.py
[2026-07-09T04:46:28.083-0500] {processor.py:830} INFO - Processing file /opt/airflow/dags/config.py for tasks to queue
[2026-07-09T04:46:28.085-0500] {logging_mixin.py:188} INFO - [2026-07-09T04:46:28.084-0500] {dagbag.py:545} INFO - Filling up the DagBag from /opt/airflow/dags/config.py
[2026-07-09T04:46:28.108-0500] {processor.py:842} WARNING - No viable dags retrieved from /opt/airflow/dags/config.py
[2026-07-09T04:46:28.121-0500] {processor.py:183} INFO - Processing /opt/airflow/dags/config.py took 0.045 seconds
[2026-07-09T04:46:59.288-0500] {processor.py:161} INFO - Started process (PID=19955) to work on /opt/airflow/dags/config.py
[2026-07-09T04:46:59.289-0500] {processor.py:830} INFO - Processing file /opt/airflow/dags/config.py for tasks to queue
[2026-07-09T04:46:59.291-0500] {logging_mixin.py:188} INFO - [2026-07-09T04:46:59.291-0500] {dagbag.py:545} INFO - Filling up the DagBag from /opt/airflow/dags/config.py
[2026-07-09T04:46:59.313-0500] {processor.py:842} WARNING - No viable dags retrieved from /opt/airflow/dags/config.py
[2026-07-09T04:46:59.324-0500] {processor.py:183} INFO - Processing /opt/airflow/dags/config.py took 0.040 seconds
[2026-07-09T04:47:30.296-0500] {processor.py:161} INFO - Started process (PID=19982) to work on /opt/airflow/dags/config.py
[2026-07-09T04:47:30.298-0500] {processor.py:830} INFO - Processing file /opt/airflow/dags/config.py for tasks to queue
[2026-07-09T04:47:30.299-0500] {logging_mixin.py:188} INFO - [2026-07-09T04:47:30.299-0500] {dagbag.py:545} INFO - Filling up the DagBag from /opt/airflow/dags/config.py
[2026-07-09T04:47:30.318-0500] {processor.py:842} WARNING - No viable dags retrieved from /opt/airflow/dags/config.py
[2026-07-09T04:47:30.330-0500] {processor.py:183} INFO - Processing /opt/airflow/dags/config.py took 0.039 seconds
[2026-07-09T04:48:01.269-0500] {processor.py:161} INFO - Started process (PID=20009) to work on /opt/airflow/dags/config.py
[2026-07-09T04:48:01.270-0500] {processor.py:830} INFO - Processing file /opt/airflow/dags/config.py for tasks to queue
[2026-07-09T04:48:01.272-0500] {logging_mixin.py:188} INFO - [2026-07-09T04:48:01.272-0500] {dagbag.py:545} INFO - Filling up the DagBag from /opt/airflow/dags/config.py
[2026-07-09T04:48:01.289-0500] {processor.py:842} WARNING - No viable dags retrieved from /opt/airflow/dags/config.py
[2026-07-09T04:48:01.302-0500] {processor.py:183} INFO - Processing /opt/airflow/dags/config.py took 0.038 seconds
[2026-07-09T04:48:32.211-0500] {processor.py:161} INFO - Started process (PID=20034) to work on /opt/airflow/dags/config.py
[2026-07-09T04:48:32.211-0500] {processor.py:830} INFO - Processing file /opt/airflow/dags/config.py for tasks to queue
[2026-07-09T04:48:32.213-0500] {logging_mixin.py:188} INFO - [2026-07-09T04:48:32.213-0500] {dagbag.py:545} INFO - Filling up the DagBag from /opt/airflow/dags/config.py
[2026-07-09T04:48:32.230-0500] {processor.py:842} WARNING - No viable dags retrieved from /opt/airflow/dags/config.py
[2026-07-09T04:48:32.242-0500] {processor.py:183} INFO - Processing /opt/airflow/dags/config.py took 0.037 seconds
[2026-07-09T04:49:03.319-0500] {processor.py:161} INFO - Started process (PID=20063) to work on /opt/airflow/dags/config.py
[2026-07-09T04:49:03.320-0500] {processor.py:830} INFO - Processing file /opt/airflow/dags/config.py for tasks to queue
[2026-07-09T04:49:03.322-0500] {logging_mixin.py:188} INFO - [2026-07-09T04:49:03.322-0500] {dagbag.py:545} INFO - Filling up the DagBag from /opt/airflow/dags/config.py
[2026-07-09T04:49:03.340-0500] {processor.py:842} WARNING - No viable dags retrieved from /opt/airflow/dags/config.py
[2026-07-09T04:49:03.356-0500] {processor.py:183} INFO - Processing /opt/airflow/dags/config.py took 0.043 seconds
[2026-07-09T04:49:34.517-0500] {processor.py:161} INFO - Started process (PID=20090) to work on /opt/airflow/dags/config.py
[2026-07-09T04:49:34.519-0500] {processor.py:830} INFO - Processing file /opt/airflow/dags/config.py for tasks to queue
[2026-07-09T04:49:34.521-0500] {logging_mixin.py:188} INFO - [2026-07-09T04:49:34.521-0500] {dagbag.py:545} INFO - Filling up the DagBag from /opt/airflow/dags/config.py
[2026-07-09T04:49:34.542-0500] {processor.py:842} WARNING - No viable dags retrieved from /opt/airflow/dags/config.py
[2026-07-09T04:49:34.561-0500] {processor.py:183} INFO - Processing /opt/airflow/dags/config.py took 0.052 seconds
[2026-07-09T04:50:05.894-0500] {processor.py:161} INFO - Started process (PID=20124) to work on /opt/airflow/dags/config.py
[2026-07-09T04:50:05.895-0500] {processor.py:830} INFO - Processing file /opt/airflow/dags/config.py for tasks to queue
[2026-07-09T04:50:05.897-0500] {logging_mixin.py:188} INFO - [2026-07-09T04:50:05.897-0500] {dagbag.py:545} INFO - Filling up the DagBag from /opt/airflow/dags/config.py
[2026-07-09T04:50:05.916-0500] {processor.py:842} WARNING - No viable dags retrieved from /opt/airflow/dags/config.py
[2026-07-09T04:50:05.935-0500] {processor.py:183} INFO - Processing /opt/airflow/dags/config.py took 0.046 seconds
[2026-07-09T04:50:36.549-0500] {processor.py:161} INFO - Started process (PID=20148) to work on /opt/airflow/dags/config.py
[2026-07-09T04:50:36.550-0500] {processor.py:830} INFO - Processing file /opt/airflow/dags/config.py for tasks to queue
[2026-07-09T04:50:36.552-0500] {logging_mixin.py:188} INFO - [2026-07-09T04:50:36.552-0500] {dagbag.py:545} INFO - Filling up the DagBag from /opt/airflow/dags/config.py
[2026-07-09T04:50:36.565-0500] {processor.py:842} WARNING - No viable dags retrieved from /opt/airflow/dags/config.py
[2026-07-09T04:50:36.577-0500] {processor.py:183} INFO - Processing /opt/airflow/dags/config.py took 0.033 seconds
[2026-07-09T04:51:07.155-0500] {processor.py:161} INFO - Started process (PID=20175) to work on /opt/airflow/dags/config.py
[2026-07-09T04:51:07.156-0500] {processor.py:830} INFO - Processing file /opt/airflow/dags/config.py for tasks to queue
[2026-07-09T04:51:07.158-0500] {logging_mixin.py:188} INFO - [2026-07-09T04:51:07.157-0500] {dagbag.py:545} INFO - Filling up the DagBag from /opt/airflow/dags/config.py
[2026-07-09T04:51:07.170-0500] {processor.py:842} WARNING - No viable dags retrieved from /opt/airflow/dags/config.py
[2026-07-09T04:51:07.181-0500] {processor.py:183} INFO - Processing /opt/airflow/dags/config.py took 0.031 seconds
