[2026-07-08T22:06:00.551-0500] {processor.py:161} INFO - Started process (PID=195) to work on /opt/airflow/dags/dag_generar_catalogo_vuelos.py
[2026-07-08T22:06:00.552-0500] {processor.py:830} INFO - Processing file /opt/airflow/dags/dag_generar_catalogo_vuelos.py for tasks to queue
[2026-07-08T22:06:00.554-0500] {logging_mixin.py:188} INFO - [2026-07-08T22:06:00.554-0500] {dagbag.py:545} INFO - Filling up the DagBag from /opt/airflow/dags/dag_generar_catalogo_vuelos.py
[2026-07-08T22:06:02.178-0500] {processor.py:840} INFO - DAG(s) 'aerotrack_travel_catalogo_vuelos' retrieved from /opt/airflow/dags/dag_generar_catalogo_vuelos.py
[2026-07-08T22:06:02.399-0500] {logging_mixin.py:188} INFO - [2026-07-08T22:06:02.398-0500] {override.py:1858} INFO - Created Permission View: can delete on DAG:aerotrack_travel_catalogo_vuelos
[2026-07-08T22:06:02.411-0500] {logging_mixin.py:188} INFO - [2026-07-08T22:06:02.411-0500] {override.py:1858} INFO - Created Permission View: can edit on DAG:aerotrack_travel_catalogo_vuelos
[2026-07-08T22:06:02.420-0500] {logging_mixin.py:188} INFO - [2026-07-08T22:06:02.419-0500] {override.py:1858} INFO - Created Permission View: can read on DAG:aerotrack_travel_catalogo_vuelos
[2026-07-08T22:06:02.421-0500] {logging_mixin.py:188} INFO - [2026-07-08T22:06:02.420-0500] {dag.py:3089} INFO - Sync 1 DAGs
[2026-07-08T22:06:02.430-0500] {logging_mixin.py:188} INFO - [2026-07-08T22:06:02.429-0500] {dag.py:3111} INFO - Creating ORM DAG for aerotrack_travel_catalogo_vuelos
[2026-07-08T22:06:02.439-0500] {logging_mixin.py:188} INFO - [2026-07-08T22:06:02.438-0500] {dag.py:3947} INFO - Setting next_dagrun for aerotrack_travel_catalogo_vuelos to 2026-07-08 00:00:00+00:00, run_after=2026-07-09 00:00:00+00:00
[2026-07-08T22:06:02.459-0500] {processor.py:183} INFO - Processing /opt/airflow/dags/dag_generar_catalogo_vuelos.py took 1.914 seconds
[2026-07-08T22:06:32.687-0500] {processor.py:161} INFO - Started process (PID=250) to work on /opt/airflow/dags/dag_generar_catalogo_vuelos.py
[2026-07-08T22:06:32.687-0500] {processor.py:830} INFO - Processing file /opt/airflow/dags/dag_generar_catalogo_vuelos.py for tasks to queue
[2026-07-08T22:06:32.689-0500] {logging_mixin.py:188} INFO - [2026-07-08T22:06:32.689-0500] {dagbag.py:545} INFO - Filling up the DagBag from /opt/airflow/dags/dag_generar_catalogo_vuelos.py
[2026-07-08T22:06:33.225-0500] {processor.py:840} INFO - DAG(s) 'aerotrack_travel_catalogo_vuelos' retrieved from /opt/airflow/dags/dag_generar_catalogo_vuelos.py
[2026-07-08T22:06:33.249-0500] {logging_mixin.py:188} INFO - [2026-07-08T22:06:33.249-0500] {dag.py:3089} INFO - Sync 1 DAGs
[2026-07-08T22:06:33.265-0500] {logging_mixin.py:188} INFO - [2026-07-08T22:06:33.265-0500] {dag.py:3947} INFO - Setting next_dagrun for aerotrack_travel_catalogo_vuelos to 2026-07-08 00:00:00+00:00, run_after=2026-07-09 00:00:00+00:00
[2026-07-08T22:06:33.279-0500] {processor.py:183} INFO - Processing /opt/airflow/dags/dag_generar_catalogo_vuelos.py took 0.596 seconds
[2026-07-08T22:07:03.539-0500] {processor.py:161} INFO - Started process (PID=307) to work on /opt/airflow/dags/dag_generar_catalogo_vuelos.py
[2026-07-08T22:07:03.540-0500] {processor.py:830} INFO - Processing file /opt/airflow/dags/dag_generar_catalogo_vuelos.py for tasks to queue
[2026-07-08T22:07:03.543-0500] {logging_mixin.py:188} INFO - [2026-07-08T22:07:03.543-0500] {dagbag.py:545} INFO - Filling up the DagBag from /opt/airflow/dags/dag_generar_catalogo_vuelos.py
[2026-07-08T22:07:04.113-0500] {processor.py:840} INFO - DAG(s) 'aerotrack_travel_catalogo_vuelos' retrieved from /opt/airflow/dags/dag_generar_catalogo_vuelos.py
[2026-07-08T22:07:04.142-0500] {logging_mixin.py:188} INFO - [2026-07-08T22:07:04.142-0500] {dag.py:3089} INFO - Sync 1 DAGs
[2026-07-08T22:07:04.155-0500] {logging_mixin.py:188} INFO - [2026-07-08T22:07:04.155-0500] {dag.py:3947} INFO - Setting next_dagrun for aerotrack_travel_catalogo_vuelos to 2026-07-08 00:00:00+00:00, run_after=2026-07-09 00:00:00+00:00
[2026-07-08T22:07:04.169-0500] {processor.py:183} INFO - Processing /opt/airflow/dags/dag_generar_catalogo_vuelos.py took 0.635 seconds
[2026-07-08T22:07:34.417-0500] {processor.py:161} INFO - Started process (PID=368) to work on /opt/airflow/dags/dag_generar_catalogo_vuelos.py
[2026-07-08T22:07:34.418-0500] {processor.py:830} INFO - Processing file /opt/airflow/dags/dag_generar_catalogo_vuelos.py for tasks to queue
[2026-07-08T22:07:34.419-0500] {logging_mixin.py:188} INFO - [2026-07-08T22:07:34.419-0500] {dagbag.py:545} INFO - Filling up the DagBag from /opt/airflow/dags/dag_generar_catalogo_vuelos.py
[2026-07-08T22:07:34.996-0500] {processor.py:840} INFO - DAG(s) 'aerotrack_travel_catalogo_vuelos' retrieved from /opt/airflow/dags/dag_generar_catalogo_vuelos.py
[2026-07-08T22:07:35.028-0500] {logging_mixin.py:188} INFO - [2026-07-08T22:07:35.028-0500] {dag.py:3089} INFO - Sync 1 DAGs
[2026-07-08T22:07:35.040-0500] {logging_mixin.py:188} INFO - [2026-07-08T22:07:35.040-0500] {dag.py:3947} INFO - Setting next_dagrun for aerotrack_travel_catalogo_vuelos to 2026-07-09 00:00:00+00:00, run_after=2026-07-10 00:00:00+00:00
[2026-07-08T22:07:35.055-0500] {processor.py:183} INFO - Processing /opt/airflow/dags/dag_generar_catalogo_vuelos.py took 0.643 seconds
[2026-07-08T22:08:05.304-0500] {processor.py:161} INFO - Started process (PID=385) to work on /opt/airflow/dags/dag_generar_catalogo_vuelos.py
[2026-07-08T22:08:05.305-0500] {processor.py:830} INFO - Processing file /opt/airflow/dags/dag_generar_catalogo_vuelos.py for tasks to queue
[2026-07-08T22:08:05.307-0500] {logging_mixin.py:188} INFO - [2026-07-08T22:08:05.307-0500] {dagbag.py:545} INFO - Filling up the DagBag from /opt/airflow/dags/dag_generar_catalogo_vuelos.py
[2026-07-08T22:08:05.835-0500] {processor.py:840} INFO - DAG(s) 'aerotrack_travel_catalogo_vuelos' retrieved from /opt/airflow/dags/dag_generar_catalogo_vuelos.py
[2026-07-08T22:08:05.858-0500] {logging_mixin.py:188} INFO - [2026-07-08T22:08:05.858-0500] {dag.py:3089} INFO - Sync 1 DAGs
[2026-07-08T22:08:05.871-0500] {logging_mixin.py:188} INFO - [2026-07-08T22:08:05.871-0500] {dag.py:3947} INFO - Setting next_dagrun for aerotrack_travel_catalogo_vuelos to 2026-07-09 00:00:00+00:00, run_after=2026-07-10 00:00:00+00:00
[2026-07-08T22:08:05.884-0500] {processor.py:183} INFO - Processing /opt/airflow/dags/dag_generar_catalogo_vuelos.py took 0.585 seconds
[2026-07-08T22:08:36.143-0500] {processor.py:161} INFO - Started process (PID=402) to work on /opt/airflow/dags/dag_generar_catalogo_vuelos.py
[2026-07-08T22:08:36.144-0500] {processor.py:830} INFO - Processing file /opt/airflow/dags/dag_generar_catalogo_vuelos.py for tasks to queue
[2026-07-08T22:08:36.146-0500] {logging_mixin.py:188} INFO - [2026-07-08T22:08:36.146-0500] {dagbag.py:545} INFO - Filling up the DagBag from /opt/airflow/dags/dag_generar_catalogo_vuelos.py
[2026-07-08T22:08:36.646-0500] {processor.py:840} INFO - DAG(s) 'aerotrack_travel_catalogo_vuelos' retrieved from /opt/airflow/dags/dag_generar_catalogo_vuelos.py
[2026-07-08T22:08:36.667-0500] {logging_mixin.py:188} INFO - [2026-07-08T22:08:36.667-0500] {dag.py:3089} INFO - Sync 1 DAGs
[2026-07-08T22:08:36.679-0500] {logging_mixin.py:188} INFO - [2026-07-08T22:08:36.679-0500] {dag.py:3947} INFO - Setting next_dagrun for aerotrack_travel_catalogo_vuelos to 2026-07-09 00:00:00+00:00, run_after=2026-07-10 00:00:00+00:00
[2026-07-08T22:08:36.693-0500] {processor.py:183} INFO - Processing /opt/airflow/dags/dag_generar_catalogo_vuelos.py took 0.554 seconds
[2026-07-08T22:09:06.973-0500] {processor.py:161} INFO - Started process (PID=419) to work on /opt/airflow/dags/dag_generar_catalogo_vuelos.py
[2026-07-08T22:09:06.974-0500] {processor.py:830} INFO - Processing file /opt/airflow/dags/dag_generar_catalogo_vuelos.py for tasks to queue
[2026-07-08T22:09:06.975-0500] {logging_mixin.py:188} INFO - [2026-07-08T22:09:06.975-0500] {dagbag.py:545} INFO - Filling up the DagBag from /opt/airflow/dags/dag_generar_catalogo_vuelos.py
[2026-07-08T22:09:07.464-0500] {processor.py:840} INFO - DAG(s) 'aerotrack_travel_catalogo_vuelos' retrieved from /opt/airflow/dags/dag_generar_catalogo_vuelos.py
[2026-07-08T22:09:07.487-0500] {logging_mixin.py:188} INFO - [2026-07-08T22:09:07.486-0500] {dag.py:3089} INFO - Sync 1 DAGs
[2026-07-08T22:09:07.499-0500] {logging_mixin.py:188} INFO - [2026-07-08T22:09:07.499-0500] {dag.py:3947} INFO - Setting next_dagrun for aerotrack_travel_catalogo_vuelos to 2026-07-09 00:00:00+00:00, run_after=2026-07-10 00:00:00+00:00
[2026-07-08T22:09:07.512-0500] {processor.py:183} INFO - Processing /opt/airflow/dags/dag_generar_catalogo_vuelos.py took 0.543 seconds
[2026-07-08T22:09:37.747-0500] {processor.py:161} INFO - Started process (PID=436) to work on /opt/airflow/dags/dag_generar_catalogo_vuelos.py
[2026-07-08T22:09:37.747-0500] {processor.py:830} INFO - Processing file /opt/airflow/dags/dag_generar_catalogo_vuelos.py for tasks to queue
[2026-07-08T22:09:37.748-0500] {logging_mixin.py:188} INFO - [2026-07-08T22:09:37.748-0500] {dagbag.py:545} INFO - Filling up the DagBag from /opt/airflow/dags/dag_generar_catalogo_vuelos.py
[2026-07-08T22:09:38.255-0500] {processor.py:840} INFO - DAG(s) 'aerotrack_travel_catalogo_vuelos' retrieved from /opt/airflow/dags/dag_generar_catalogo_vuelos.py
[2026-07-08T22:09:38.278-0500] {logging_mixin.py:188} INFO - [2026-07-08T22:09:38.278-0500] {dag.py:3089} INFO - Sync 1 DAGs
[2026-07-08T22:09:38.291-0500] {logging_mixin.py:188} INFO - [2026-07-08T22:09:38.291-0500] {dag.py:3947} INFO - Setting next_dagrun for aerotrack_travel_catalogo_vuelos to 2026-07-09 00:00:00+00:00, run_after=2026-07-10 00:00:00+00:00
[2026-07-08T22:09:38.304-0500] {processor.py:183} INFO - Processing /opt/airflow/dags/dag_generar_catalogo_vuelos.py took 0.562 seconds
[2026-07-08T22:10:08.549-0500] {processor.py:161} INFO - Started process (PID=453) to work on /opt/airflow/dags/dag_generar_catalogo_vuelos.py
[2026-07-08T22:10:08.550-0500] {processor.py:830} INFO - Processing file /opt/airflow/dags/dag_generar_catalogo_vuelos.py for tasks to queue
[2026-07-08T22:10:08.552-0500] {logging_mixin.py:188} INFO - [2026-07-08T22:10:08.551-0500] {dagbag.py:545} INFO - Filling up the DagBag from /opt/airflow/dags/dag_generar_catalogo_vuelos.py
[2026-07-08T22:10:09.087-0500] {processor.py:840} INFO - DAG(s) 'aerotrack_travel_catalogo_vuelos' retrieved from /opt/airflow/dags/dag_generar_catalogo_vuelos.py
[2026-07-08T22:10:09.116-0500] {logging_mixin.py:188} INFO - [2026-07-08T22:10:09.116-0500] {dag.py:3089} INFO - Sync 1 DAGs
[2026-07-08T22:10:09.131-0500] {logging_mixin.py:188} INFO - [2026-07-08T22:10:09.131-0500] {dag.py:3947} INFO - Setting next_dagrun for aerotrack_travel_catalogo_vuelos to 2026-07-09 00:00:00+00:00, run_after=2026-07-10 00:00:00+00:00
[2026-07-08T22:10:09.147-0500] {processor.py:183} INFO - Processing /opt/airflow/dags/dag_generar_catalogo_vuelos.py took 0.603 seconds
[2026-07-08T22:10:39.399-0500] {processor.py:161} INFO - Started process (PID=470) to work on /opt/airflow/dags/dag_generar_catalogo_vuelos.py
[2026-07-08T22:10:39.400-0500] {processor.py:830} INFO - Processing file /opt/airflow/dags/dag_generar_catalogo_vuelos.py for tasks to queue
[2026-07-08T22:10:39.401-0500] {logging_mixin.py:188} INFO - [2026-07-08T22:10:39.401-0500] {dagbag.py:545} INFO - Filling up the DagBag from /opt/airflow/dags/dag_generar_catalogo_vuelos.py
[2026-07-08T22:10:39.969-0500] {processor.py:840} INFO - DAG(s) 'aerotrack_travel_catalogo_vuelos' retrieved from /opt/airflow/dags/dag_generar_catalogo_vuelos.py
[2026-07-08T22:10:39.998-0500] {logging_mixin.py:188} INFO - [2026-07-08T22:10:39.998-0500] {dag.py:3089} INFO - Sync 1 DAGs
[2026-07-08T22:10:40.013-0500] {logging_mixin.py:188} INFO - [2026-07-08T22:10:40.013-0500] {dag.py:3947} INFO - Setting next_dagrun for aerotrack_travel_catalogo_vuelos to 2026-07-09 00:00:00+00:00, run_after=2026-07-10 00:00:00+00:00
[2026-07-08T22:10:40.027-0500] {processor.py:183} INFO - Processing /opt/airflow/dags/dag_generar_catalogo_vuelos.py took 0.633 seconds
[2026-07-08T22:11:10.362-0500] {processor.py:161} INFO - Started process (PID=487) to work on /opt/airflow/dags/dag_generar_catalogo_vuelos.py
[2026-07-08T22:11:10.363-0500] {processor.py:830} INFO - Processing file /opt/airflow/dags/dag_generar_catalogo_vuelos.py for tasks to queue
[2026-07-08T22:11:10.365-0500] {logging_mixin.py:188} INFO - [2026-07-08T22:11:10.364-0500] {dagbag.py:545} INFO - Filling up the DagBag from /opt/airflow/dags/dag_generar_catalogo_vuelos.py
[2026-07-08T22:11:10.893-0500] {processor.py:840} INFO - DAG(s) 'aerotrack_travel_catalogo_vuelos' retrieved from /opt/airflow/dags/dag_generar_catalogo_vuelos.py
[2026-07-08T22:11:10.918-0500] {logging_mixin.py:188} INFO - [2026-07-08T22:11:10.918-0500] {dag.py:3089} INFO - Sync 1 DAGs
[2026-07-08T22:11:10.933-0500] {logging_mixin.py:188} INFO - [2026-07-08T22:11:10.933-0500] {dag.py:3947} INFO - Setting next_dagrun for aerotrack_travel_catalogo_vuelos to 2026-07-09 00:00:00+00:00, run_after=2026-07-10 00:00:00+00:00
[2026-07-08T22:11:10.946-0500] {processor.py:183} INFO - Processing /opt/airflow/dags/dag_generar_catalogo_vuelos.py took 0.588 seconds
[2026-07-08T22:11:41.187-0500] {processor.py:161} INFO - Started process (PID=504) to work on /opt/airflow/dags/dag_generar_catalogo_vuelos.py
[2026-07-08T22:11:41.188-0500] {processor.py:830} INFO - Processing file /opt/airflow/dags/dag_generar_catalogo_vuelos.py for tasks to queue
[2026-07-08T22:11:41.190-0500] {logging_mixin.py:188} INFO - [2026-07-08T22:11:41.190-0500] {dagbag.py:545} INFO - Filling up the DagBag from /opt/airflow/dags/dag_generar_catalogo_vuelos.py
[2026-07-08T22:11:41.742-0500] {processor.py:840} INFO - DAG(s) 'aerotrack_travel_catalogo_vuelos' retrieved from /opt/airflow/dags/dag_generar_catalogo_vuelos.py
[2026-07-08T22:11:41.767-0500] {logging_mixin.py:188} INFO - [2026-07-08T22:11:41.767-0500] {dag.py:3089} INFO - Sync 1 DAGs
[2026-07-08T22:11:41.781-0500] {logging_mixin.py:188} INFO - [2026-07-08T22:11:41.781-0500] {dag.py:3947} INFO - Setting next_dagrun for aerotrack_travel_catalogo_vuelos to 2026-07-09 00:00:00+00:00, run_after=2026-07-10 00:00:00+00:00
[2026-07-08T22:11:41.794-0500] {processor.py:183} INFO - Processing /opt/airflow/dags/dag_generar_catalogo_vuelos.py took 0.611 seconds
[2026-07-08T22:12:12.038-0500] {processor.py:161} INFO - Started process (PID=521) to work on /opt/airflow/dags/dag_generar_catalogo_vuelos.py
[2026-07-08T22:12:12.038-0500] {processor.py:830} INFO - Processing file /opt/airflow/dags/dag_generar_catalogo_vuelos.py for tasks to queue
[2026-07-08T22:12:12.040-0500] {logging_mixin.py:188} INFO - [2026-07-08T22:12:12.039-0500] {dagbag.py:545} INFO - Filling up the DagBag from /opt/airflow/dags/dag_generar_catalogo_vuelos.py
[2026-07-08T22:12:12.641-0500] {processor.py:840} INFO - DAG(s) 'aerotrack_travel_catalogo_vuelos' retrieved from /opt/airflow/dags/dag_generar_catalogo_vuelos.py
[2026-07-08T22:12:12.667-0500] {logging_mixin.py:188} INFO - [2026-07-08T22:12:12.667-0500] {dag.py:3089} INFO - Sync 1 DAGs
[2026-07-08T22:12:12.680-0500] {logging_mixin.py:188} INFO - [2026-07-08T22:12:12.680-0500] {dag.py:3947} INFO - Setting next_dagrun for aerotrack_travel_catalogo_vuelos to 2026-07-09 00:00:00+00:00, run_after=2026-07-10 00:00:00+00:00
[2026-07-08T22:12:12.693-0500] {processor.py:183} INFO - Processing /opt/airflow/dags/dag_generar_catalogo_vuelos.py took 0.659 seconds
[2026-07-08T22:12:42.927-0500] {processor.py:161} INFO - Started process (PID=538) to work on /opt/airflow/dags/dag_generar_catalogo_vuelos.py
[2026-07-08T22:12:42.928-0500] {processor.py:830} INFO - Processing file /opt/airflow/dags/dag_generar_catalogo_vuelos.py for tasks to queue
[2026-07-08T22:12:42.930-0500] {logging_mixin.py:188} INFO - [2026-07-08T22:12:42.930-0500] {dagbag.py:545} INFO - Filling up the DagBag from /opt/airflow/dags/dag_generar_catalogo_vuelos.py
[2026-07-08T22:12:43.521-0500] {processor.py:840} INFO - DAG(s) 'aerotrack_travel_catalogo_vuelos' retrieved from /opt/airflow/dags/dag_generar_catalogo_vuelos.py
[2026-07-08T22:12:43.547-0500] {logging_mixin.py:188} INFO - [2026-07-08T22:12:43.546-0500] {dag.py:3089} INFO - Sync 1 DAGs
[2026-07-08T22:12:43.564-0500] {logging_mixin.py:188} INFO - [2026-07-08T22:12:43.564-0500] {dag.py:3947} INFO - Setting next_dagrun for aerotrack_travel_catalogo_vuelos to 2026-07-09 00:00:00+00:00, run_after=2026-07-10 00:00:00+00:00
[2026-07-08T22:12:43.576-0500] {processor.py:183} INFO - Processing /opt/airflow/dags/dag_generar_catalogo_vuelos.py took 0.654 seconds
[2026-07-08T22:13:13.808-0500] {processor.py:161} INFO - Started process (PID=555) to work on /opt/airflow/dags/dag_generar_catalogo_vuelos.py
[2026-07-08T22:13:13.809-0500] {processor.py:830} INFO - Processing file /opt/airflow/dags/dag_generar_catalogo_vuelos.py for tasks to queue
[2026-07-08T22:13:13.811-0500] {logging_mixin.py:188} INFO - [2026-07-08T22:13:13.811-0500] {dagbag.py:545} INFO - Filling up the DagBag from /opt/airflow/dags/dag_generar_catalogo_vuelos.py
[2026-07-08T22:13:14.369-0500] {processor.py:840} INFO - DAG(s) 'aerotrack_travel_catalogo_vuelos' retrieved from /opt/airflow/dags/dag_generar_catalogo_vuelos.py
[2026-07-08T22:13:14.393-0500] {logging_mixin.py:188} INFO - [2026-07-08T22:13:14.393-0500] {dag.py:3089} INFO - Sync 1 DAGs
[2026-07-08T22:13:14.406-0500] {logging_mixin.py:188} INFO - [2026-07-08T22:13:14.406-0500] {dag.py:3947} INFO - Setting next_dagrun for aerotrack_travel_catalogo_vuelos to 2026-07-09 00:00:00+00:00, run_after=2026-07-10 00:00:00+00:00
[2026-07-08T22:13:14.420-0500] {processor.py:183} INFO - Processing /opt/airflow/dags/dag_generar_catalogo_vuelos.py took 0.617 seconds
[2026-07-08T22:13:44.648-0500] {processor.py:161} INFO - Started process (PID=572) to work on /opt/airflow/dags/dag_generar_catalogo_vuelos.py
[2026-07-08T22:13:44.649-0500] {processor.py:830} INFO - Processing file /opt/airflow/dags/dag_generar_catalogo_vuelos.py for tasks to queue
[2026-07-08T22:13:44.651-0500] {logging_mixin.py:188} INFO - [2026-07-08T22:13:44.650-0500] {dagbag.py:545} INFO - Filling up the DagBag from /opt/airflow/dags/dag_generar_catalogo_vuelos.py
[2026-07-08T22:13:45.232-0500] {processor.py:840} INFO - DAG(s) 'aerotrack_travel_catalogo_vuelos' retrieved from /opt/airflow/dags/dag_generar_catalogo_vuelos.py
[2026-07-08T22:13:45.259-0500] {logging_mixin.py:188} INFO - [2026-07-08T22:13:45.259-0500] {dag.py:3089} INFO - Sync 1 DAGs
[2026-07-08T22:13:45.275-0500] {logging_mixin.py:188} INFO - [2026-07-08T22:13:45.275-0500] {dag.py:3947} INFO - Setting next_dagrun for aerotrack_travel_catalogo_vuelos to 2026-07-09 00:00:00+00:00, run_after=2026-07-10 00:00:00+00:00
[2026-07-08T22:13:45.288-0500] {processor.py:183} INFO - Processing /opt/airflow/dags/dag_generar_catalogo_vuelos.py took 0.645 seconds
[2026-07-08T22:14:15.512-0500] {processor.py:161} INFO - Started process (PID=589) to work on /opt/airflow/dags/dag_generar_catalogo_vuelos.py
[2026-07-08T22:14:15.513-0500] {processor.py:830} INFO - Processing file /opt/airflow/dags/dag_generar_catalogo_vuelos.py for tasks to queue
[2026-07-08T22:14:15.514-0500] {logging_mixin.py:188} INFO - [2026-07-08T22:14:15.514-0500] {dagbag.py:545} INFO - Filling up the DagBag from /opt/airflow/dags/dag_generar_catalogo_vuelos.py
[2026-07-08T22:14:16.044-0500] {processor.py:840} INFO - DAG(s) 'aerotrack_travel_catalogo_vuelos' retrieved from /opt/airflow/dags/dag_generar_catalogo_vuelos.py
[2026-07-08T22:14:16.068-0500] {logging_mixin.py:188} INFO - [2026-07-08T22:14:16.068-0500] {dag.py:3089} INFO - Sync 1 DAGs
[2026-07-08T22:14:16.082-0500] {logging_mixin.py:188} INFO - [2026-07-08T22:14:16.082-0500] {dag.py:3947} INFO - Setting next_dagrun for aerotrack_travel_catalogo_vuelos to 2026-07-09 00:00:00+00:00, run_after=2026-07-10 00:00:00+00:00
[2026-07-08T22:14:16.094-0500] {processor.py:183} INFO - Processing /opt/airflow/dags/dag_generar_catalogo_vuelos.py took 0.588 seconds
[2026-07-08T22:14:46.346-0500] {processor.py:161} INFO - Started process (PID=606) to work on /opt/airflow/dags/dag_generar_catalogo_vuelos.py
[2026-07-08T22:14:46.347-0500] {processor.py:830} INFO - Processing file /opt/airflow/dags/dag_generar_catalogo_vuelos.py for tasks to queue
[2026-07-08T22:14:46.347-0500] {logging_mixin.py:188} INFO - [2026-07-08T22:14:46.347-0500] {dagbag.py:545} INFO - Filling up the DagBag from /opt/airflow/dags/dag_generar_catalogo_vuelos.py
[2026-07-08T22:14:46.862-0500] {processor.py:840} INFO - DAG(s) 'aerotrack_travel_catalogo_vuelos' retrieved from /opt/airflow/dags/dag_generar_catalogo_vuelos.py
[2026-07-08T22:14:46.889-0500] {logging_mixin.py:188} INFO - [2026-07-08T22:14:46.889-0500] {dag.py:3089} INFO - Sync 1 DAGs
[2026-07-08T22:14:46.903-0500] {logging_mixin.py:188} INFO - [2026-07-08T22:14:46.903-0500] {dag.py:3947} INFO - Setting next_dagrun for aerotrack_travel_catalogo_vuelos to 2026-07-09 00:00:00+00:00, run_after=2026-07-10 00:00:00+00:00
[2026-07-08T22:14:46.916-0500] {processor.py:183} INFO - Processing /opt/airflow/dags/dag_generar_catalogo_vuelos.py took 0.576 seconds
[2026-07-08T22:15:17.167-0500] {processor.py:161} INFO - Started process (PID=623) to work on /opt/airflow/dags/dag_generar_catalogo_vuelos.py
[2026-07-08T22:15:17.168-0500] {processor.py:830} INFO - Processing file /opt/airflow/dags/dag_generar_catalogo_vuelos.py for tasks to queue
[2026-07-08T22:15:17.169-0500] {logging_mixin.py:188} INFO - [2026-07-08T22:15:17.169-0500] {dagbag.py:545} INFO - Filling up the DagBag from /opt/airflow/dags/dag_generar_catalogo_vuelos.py
[2026-07-08T22:15:17.707-0500] {processor.py:840} INFO - DAG(s) 'aerotrack_travel_catalogo_vuelos' retrieved from /opt/airflow/dags/dag_generar_catalogo_vuelos.py
[2026-07-08T22:15:17.736-0500] {logging_mixin.py:188} INFO - [2026-07-08T22:15:17.735-0500] {dag.py:3089} INFO - Sync 1 DAGs
[2026-07-08T22:15:17.750-0500] {logging_mixin.py:188} INFO - [2026-07-08T22:15:17.750-0500] {dag.py:3947} INFO - Setting next_dagrun for aerotrack_travel_catalogo_vuelos to 2026-07-09 00:00:00+00:00, run_after=2026-07-10 00:00:00+00:00
[2026-07-08T22:15:17.763-0500] {processor.py:183} INFO - Processing /opt/airflow/dags/dag_generar_catalogo_vuelos.py took 0.600 seconds
[2026-07-08T22:15:47.992-0500] {processor.py:161} INFO - Started process (PID=640) to work on /opt/airflow/dags/dag_generar_catalogo_vuelos.py
[2026-07-08T22:15:47.993-0500] {processor.py:830} INFO - Processing file /opt/airflow/dags/dag_generar_catalogo_vuelos.py for tasks to queue
[2026-07-08T22:15:47.995-0500] {logging_mixin.py:188} INFO - [2026-07-08T22:15:47.995-0500] {dagbag.py:545} INFO - Filling up the DagBag from /opt/airflow/dags/dag_generar_catalogo_vuelos.py
[2026-07-08T22:15:48.573-0500] {processor.py:840} INFO - DAG(s) 'aerotrack_travel_catalogo_vuelos' retrieved from /opt/airflow/dags/dag_generar_catalogo_vuelos.py
[2026-07-08T22:15:48.600-0500] {logging_mixin.py:188} INFO - [2026-07-08T22:15:48.600-0500] {dag.py:3089} INFO - Sync 1 DAGs
[2026-07-08T22:15:48.618-0500] {logging_mixin.py:188} INFO - [2026-07-08T22:15:48.618-0500] {dag.py:3947} INFO - Setting next_dagrun for aerotrack_travel_catalogo_vuelos to 2026-07-09 00:00:00+00:00, run_after=2026-07-10 00:00:00+00:00
[2026-07-08T22:15:48.630-0500] {processor.py:183} INFO - Processing /opt/airflow/dags/dag_generar_catalogo_vuelos.py took 0.642 seconds
[2026-07-08T22:16:18.949-0500] {processor.py:161} INFO - Started process (PID=657) to work on /opt/airflow/dags/dag_generar_catalogo_vuelos.py
[2026-07-08T22:16:18.950-0500] {processor.py:830} INFO - Processing file /opt/airflow/dags/dag_generar_catalogo_vuelos.py for tasks to queue
[2026-07-08T22:16:18.952-0500] {logging_mixin.py:188} INFO - [2026-07-08T22:16:18.951-0500] {dagbag.py:545} INFO - Filling up the DagBag from /opt/airflow/dags/dag_generar_catalogo_vuelos.py
[2026-07-08T22:16:19.562-0500] {processor.py:840} INFO - DAG(s) 'aerotrack_travel_catalogo_vuelos' retrieved from /opt/airflow/dags/dag_generar_catalogo_vuelos.py
[2026-07-08T22:16:19.589-0500] {logging_mixin.py:188} INFO - [2026-07-08T22:16:19.589-0500] {dag.py:3089} INFO - Sync 1 DAGs
[2026-07-08T22:16:19.603-0500] {logging_mixin.py:188} INFO - [2026-07-08T22:16:19.603-0500] {dag.py:3947} INFO - Setting next_dagrun for aerotrack_travel_catalogo_vuelos to 2026-07-09 00:00:00+00:00, run_after=2026-07-10 00:00:00+00:00
[2026-07-08T22:16:19.617-0500] {processor.py:183} INFO - Processing /opt/airflow/dags/dag_generar_catalogo_vuelos.py took 0.672 seconds
[2026-07-08T22:16:49.855-0500] {processor.py:161} INFO - Started process (PID=674) to work on /opt/airflow/dags/dag_generar_catalogo_vuelos.py
[2026-07-08T22:16:49.857-0500] {processor.py:830} INFO - Processing file /opt/airflow/dags/dag_generar_catalogo_vuelos.py for tasks to queue
[2026-07-08T22:16:49.859-0500] {logging_mixin.py:188} INFO - [2026-07-08T22:16:49.859-0500] {dagbag.py:545} INFO - Filling up the DagBag from /opt/airflow/dags/dag_generar_catalogo_vuelos.py
[2026-07-08T22:16:50.454-0500] {processor.py:840} INFO - DAG(s) 'aerotrack_travel_catalogo_vuelos' retrieved from /opt/airflow/dags/dag_generar_catalogo_vuelos.py
[2026-07-08T22:16:50.494-0500] {logging_mixin.py:188} INFO - [2026-07-08T22:16:50.493-0500] {dag.py:3089} INFO - Sync 1 DAGs
[2026-07-08T22:16:50.513-0500] {logging_mixin.py:188} INFO - [2026-07-08T22:16:50.512-0500] {dag.py:3947} INFO - Setting next_dagrun for aerotrack_travel_catalogo_vuelos to 2026-07-09 00:00:00+00:00, run_after=2026-07-10 00:00:00+00:00
[2026-07-08T22:16:50.536-0500] {processor.py:183} INFO - Processing /opt/airflow/dags/dag_generar_catalogo_vuelos.py took 0.688 seconds
[2026-07-08T22:17:20.759-0500] {processor.py:161} INFO - Started process (PID=691) to work on /opt/airflow/dags/dag_generar_catalogo_vuelos.py
[2026-07-08T22:17:20.760-0500] {processor.py:830} INFO - Processing file /opt/airflow/dags/dag_generar_catalogo_vuelos.py for tasks to queue
[2026-07-08T22:17:20.762-0500] {logging_mixin.py:188} INFO - [2026-07-08T22:17:20.761-0500] {dagbag.py:545} INFO - Filling up the DagBag from /opt/airflow/dags/dag_generar_catalogo_vuelos.py
[2026-07-08T22:17:21.294-0500] {processor.py:840} INFO - DAG(s) 'aerotrack_travel_catalogo_vuelos' retrieved from /opt/airflow/dags/dag_generar_catalogo_vuelos.py
[2026-07-08T22:17:21.320-0500] {logging_mixin.py:188} INFO - [2026-07-08T22:17:21.320-0500] {dag.py:3089} INFO - Sync 1 DAGs
[2026-07-08T22:17:21.333-0500] {logging_mixin.py:188} INFO - [2026-07-08T22:17:21.332-0500] {dag.py:3947} INFO - Setting next_dagrun for aerotrack_travel_catalogo_vuelos to 2026-07-09 00:00:00+00:00, run_after=2026-07-10 00:00:00+00:00
[2026-07-08T22:17:21.346-0500] {processor.py:183} INFO - Processing /opt/airflow/dags/dag_generar_catalogo_vuelos.py took 0.592 seconds
[2026-07-08T22:17:51.583-0500] {processor.py:161} INFO - Started process (PID=708) to work on /opt/airflow/dags/dag_generar_catalogo_vuelos.py
[2026-07-08T22:17:51.584-0500] {processor.py:830} INFO - Processing file /opt/airflow/dags/dag_generar_catalogo_vuelos.py for tasks to queue
[2026-07-08T22:17:51.586-0500] {logging_mixin.py:188} INFO - [2026-07-08T22:17:51.586-0500] {dagbag.py:545} INFO - Filling up the DagBag from /opt/airflow/dags/dag_generar_catalogo_vuelos.py
[2026-07-08T22:17:52.219-0500] {processor.py:840} INFO - DAG(s) 'aerotrack_travel_catalogo_vuelos' retrieved from /opt/airflow/dags/dag_generar_catalogo_vuelos.py
[2026-07-08T22:17:52.245-0500] {logging_mixin.py:188} INFO - [2026-07-08T22:17:52.244-0500] {dag.py:3089} INFO - Sync 1 DAGs
[2026-07-08T22:17:52.260-0500] {logging_mixin.py:188} INFO - [2026-07-08T22:17:52.260-0500] {dag.py:3947} INFO - Setting next_dagrun for aerotrack_travel_catalogo_vuelos to 2026-07-09 00:00:00+00:00, run_after=2026-07-10 00:00:00+00:00
[2026-07-08T22:17:52.276-0500] {processor.py:183} INFO - Processing /opt/airflow/dags/dag_generar_catalogo_vuelos.py took 0.698 seconds
[2026-07-08T22:18:22.510-0500] {processor.py:161} INFO - Started process (PID=725) to work on /opt/airflow/dags/dag_generar_catalogo_vuelos.py
[2026-07-08T22:18:22.511-0500] {processor.py:830} INFO - Processing file /opt/airflow/dags/dag_generar_catalogo_vuelos.py for tasks to queue
[2026-07-08T22:18:22.512-0500] {logging_mixin.py:188} INFO - [2026-07-08T22:18:22.512-0500] {dagbag.py:545} INFO - Filling up the DagBag from /opt/airflow/dags/dag_generar_catalogo_vuelos.py
[2026-07-08T22:18:23.140-0500] {processor.py:840} INFO - DAG(s) 'aerotrack_travel_catalogo_vuelos' retrieved from /opt/airflow/dags/dag_generar_catalogo_vuelos.py
[2026-07-08T22:18:23.169-0500] {logging_mixin.py:188} INFO - [2026-07-08T22:18:23.169-0500] {dag.py:3089} INFO - Sync 1 DAGs
[2026-07-08T22:18:23.184-0500] {logging_mixin.py:188} INFO - [2026-07-08T22:18:23.184-0500] {dag.py:3947} INFO - Setting next_dagrun for aerotrack_travel_catalogo_vuelos to 2026-07-09 00:00:00+00:00, run_after=2026-07-10 00:00:00+00:00
[2026-07-08T22:18:23.201-0500] {processor.py:183} INFO - Processing /opt/airflow/dags/dag_generar_catalogo_vuelos.py took 0.697 seconds
[2026-07-08T22:18:53.432-0500] {processor.py:161} INFO - Started process (PID=742) to work on /opt/airflow/dags/dag_generar_catalogo_vuelos.py
[2026-07-08T22:18:53.433-0500] {processor.py:830} INFO - Processing file /opt/airflow/dags/dag_generar_catalogo_vuelos.py for tasks to queue
[2026-07-08T22:18:53.435-0500] {logging_mixin.py:188} INFO - [2026-07-08T22:18:53.435-0500] {dagbag.py:545} INFO - Filling up the DagBag from /opt/airflow/dags/dag_generar_catalogo_vuelos.py
[2026-07-08T22:18:53.976-0500] {processor.py:840} INFO - DAG(s) 'aerotrack_travel_catalogo_vuelos' retrieved from /opt/airflow/dags/dag_generar_catalogo_vuelos.py
[2026-07-08T22:18:53.999-0500] {logging_mixin.py:188} INFO - [2026-07-08T22:18:53.999-0500] {dag.py:3089} INFO - Sync 1 DAGs
[2026-07-08T22:18:54.013-0500] {logging_mixin.py:188} INFO - [2026-07-08T22:18:54.013-0500] {dag.py:3947} INFO - Setting next_dagrun for aerotrack_travel_catalogo_vuelos to 2026-07-09 00:00:00+00:00, run_after=2026-07-10 00:00:00+00:00
[2026-07-08T22:18:54.027-0500] {processor.py:183} INFO - Processing /opt/airflow/dags/dag_generar_catalogo_vuelos.py took 0.600 seconds
[2026-07-08T22:19:24.273-0500] {processor.py:161} INFO - Started process (PID=759) to work on /opt/airflow/dags/dag_generar_catalogo_vuelos.py
[2026-07-08T22:19:24.274-0500] {processor.py:830} INFO - Processing file /opt/airflow/dags/dag_generar_catalogo_vuelos.py for tasks to queue
[2026-07-08T22:19:24.276-0500] {logging_mixin.py:188} INFO - [2026-07-08T22:19:24.275-0500] {dagbag.py:545} INFO - Filling up the DagBag from /opt/airflow/dags/dag_generar_catalogo_vuelos.py
[2026-07-08T22:19:24.818-0500] {processor.py:840} INFO - DAG(s) 'aerotrack_travel_catalogo_vuelos' retrieved from /opt/airflow/dags/dag_generar_catalogo_vuelos.py
[2026-07-08T22:19:24.849-0500] {logging_mixin.py:188} INFO - [2026-07-08T22:19:24.849-0500] {dag.py:3089} INFO - Sync 1 DAGs
[2026-07-08T22:19:24.872-0500] {logging_mixin.py:188} INFO - [2026-07-08T22:19:24.871-0500] {dag.py:3947} INFO - Setting next_dagrun for aerotrack_travel_catalogo_vuelos to 2026-07-09 00:00:00+00:00, run_after=2026-07-10 00:00:00+00:00
[2026-07-08T22:19:24.889-0500] {processor.py:183} INFO - Processing /opt/airflow/dags/dag_generar_catalogo_vuelos.py took 0.621 seconds
[2026-07-08T22:19:55.120-0500] {processor.py:161} INFO - Started process (PID=776) to work on /opt/airflow/dags/dag_generar_catalogo_vuelos.py
[2026-07-08T22:19:55.121-0500] {processor.py:830} INFO - Processing file /opt/airflow/dags/dag_generar_catalogo_vuelos.py for tasks to queue
[2026-07-08T22:19:55.123-0500] {logging_mixin.py:188} INFO - [2026-07-08T22:19:55.123-0500] {dagbag.py:545} INFO - Filling up the DagBag from /opt/airflow/dags/dag_generar_catalogo_vuelos.py
[2026-07-08T22:19:55.693-0500] {processor.py:840} INFO - DAG(s) 'aerotrack_travel_catalogo_vuelos' retrieved from /opt/airflow/dags/dag_generar_catalogo_vuelos.py
[2026-07-08T22:19:55.727-0500] {logging_mixin.py:188} INFO - [2026-07-08T22:19:55.727-0500] {dag.py:3089} INFO - Sync 1 DAGs
[2026-07-08T22:19:55.742-0500] {logging_mixin.py:188} INFO - [2026-07-08T22:19:55.742-0500] {dag.py:3947} INFO - Setting next_dagrun for aerotrack_travel_catalogo_vuelos to 2026-07-09 00:00:00+00:00, run_after=2026-07-10 00:00:00+00:00
[2026-07-08T22:19:55.757-0500] {processor.py:183} INFO - Processing /opt/airflow/dags/dag_generar_catalogo_vuelos.py took 0.641 seconds
[2026-07-08T22:20:26.014-0500] {processor.py:161} INFO - Started process (PID=793) to work on /opt/airflow/dags/dag_generar_catalogo_vuelos.py
[2026-07-08T22:20:26.015-0500] {processor.py:830} INFO - Processing file /opt/airflow/dags/dag_generar_catalogo_vuelos.py for tasks to queue
[2026-07-08T22:20:26.016-0500] {logging_mixin.py:188} INFO - [2026-07-08T22:20:26.016-0500] {dagbag.py:545} INFO - Filling up the DagBag from /opt/airflow/dags/dag_generar_catalogo_vuelos.py
[2026-07-08T22:20:26.569-0500] {processor.py:840} INFO - DAG(s) 'aerotrack_travel_catalogo_vuelos' retrieved from /opt/airflow/dags/dag_generar_catalogo_vuelos.py
[2026-07-08T22:20:26.600-0500] {logging_mixin.py:188} INFO - [2026-07-08T22:20:26.600-0500] {dag.py:3089} INFO - Sync 1 DAGs
[2026-07-08T22:20:26.617-0500] {logging_mixin.py:188} INFO - [2026-07-08T22:20:26.617-0500] {dag.py:3947} INFO - Setting next_dagrun for aerotrack_travel_catalogo_vuelos to 2026-07-09 00:00:00+00:00, run_after=2026-07-10 00:00:00+00:00
[2026-07-08T22:20:26.634-0500] {processor.py:183} INFO - Processing /opt/airflow/dags/dag_generar_catalogo_vuelos.py took 0.624 seconds
[2026-07-08T22:20:56.882-0500] {processor.py:161} INFO - Started process (PID=810) to work on /opt/airflow/dags/dag_generar_catalogo_vuelos.py
[2026-07-08T22:20:56.883-0500] {processor.py:830} INFO - Processing file /opt/airflow/dags/dag_generar_catalogo_vuelos.py for tasks to queue
[2026-07-08T22:20:56.884-0500] {logging_mixin.py:188} INFO - [2026-07-08T22:20:56.884-0500] {dagbag.py:545} INFO - Filling up the DagBag from /opt/airflow/dags/dag_generar_catalogo_vuelos.py
[2026-07-08T22:20:57.373-0500] {processor.py:840} INFO - DAG(s) 'aerotrack_travel_catalogo_vuelos' retrieved from /opt/airflow/dags/dag_generar_catalogo_vuelos.py
[2026-07-08T22:20:57.393-0500] {logging_mixin.py:188} INFO - [2026-07-08T22:20:57.393-0500] {dag.py:3089} INFO - Sync 1 DAGs
[2026-07-08T22:20:57.406-0500] {logging_mixin.py:188} INFO - [2026-07-08T22:20:57.406-0500] {dag.py:3947} INFO - Setting next_dagrun for aerotrack_travel_catalogo_vuelos to 2026-07-09 00:00:00+00:00, run_after=2026-07-10 00:00:00+00:00
[2026-07-08T22:20:57.417-0500] {processor.py:183} INFO - Processing /opt/airflow/dags/dag_generar_catalogo_vuelos.py took 0.539 seconds
[2026-07-08T22:21:27.701-0500] {processor.py:161} INFO - Started process (PID=827) to work on /opt/airflow/dags/dag_generar_catalogo_vuelos.py
[2026-07-08T22:21:27.702-0500] {processor.py:830} INFO - Processing file /opt/airflow/dags/dag_generar_catalogo_vuelos.py for tasks to queue
[2026-07-08T22:21:27.703-0500] {logging_mixin.py:188} INFO - [2026-07-08T22:21:27.703-0500] {dagbag.py:545} INFO - Filling up the DagBag from /opt/airflow/dags/dag_generar_catalogo_vuelos.py
[2026-07-08T22:21:28.233-0500] {processor.py:840} INFO - DAG(s) 'aerotrack_travel_catalogo_vuelos' retrieved from /opt/airflow/dags/dag_generar_catalogo_vuelos.py
[2026-07-08T22:21:28.262-0500] {logging_mixin.py:188} INFO - [2026-07-08T22:21:28.262-0500] {dag.py:3089} INFO - Sync 1 DAGs
[2026-07-08T22:21:28.279-0500] {logging_mixin.py:188} INFO - [2026-07-08T22:21:28.279-0500] {dag.py:3947} INFO - Setting next_dagrun for aerotrack_travel_catalogo_vuelos to 2026-07-09 00:00:00+00:00, run_after=2026-07-10 00:00:00+00:00
[2026-07-08T22:21:28.291-0500] {processor.py:183} INFO - Processing /opt/airflow/dags/dag_generar_catalogo_vuelos.py took 0.594 seconds
[2026-07-08T22:21:58.554-0500] {processor.py:161} INFO - Started process (PID=844) to work on /opt/airflow/dags/dag_generar_catalogo_vuelos.py
[2026-07-08T22:21:58.555-0500] {processor.py:830} INFO - Processing file /opt/airflow/dags/dag_generar_catalogo_vuelos.py for tasks to queue
[2026-07-08T22:21:58.556-0500] {logging_mixin.py:188} INFO - [2026-07-08T22:21:58.556-0500] {dagbag.py:545} INFO - Filling up the DagBag from /opt/airflow/dags/dag_generar_catalogo_vuelos.py
[2026-07-08T22:21:59.056-0500] {processor.py:840} INFO - DAG(s) 'aerotrack_travel_catalogo_vuelos' retrieved from /opt/airflow/dags/dag_generar_catalogo_vuelos.py
[2026-07-08T22:21:59.081-0500] {logging_mixin.py:188} INFO - [2026-07-08T22:21:59.081-0500] {dag.py:3089} INFO - Sync 1 DAGs
[2026-07-08T22:21:59.098-0500] {logging_mixin.py:188} INFO - [2026-07-08T22:21:59.097-0500] {dag.py:3947} INFO - Setting next_dagrun for aerotrack_travel_catalogo_vuelos to 2026-07-09 00:00:00+00:00, run_after=2026-07-10 00:00:00+00:00
[2026-07-08T22:21:59.111-0500] {processor.py:183} INFO - Processing /opt/airflow/dags/dag_generar_catalogo_vuelos.py took 0.561 seconds
[2026-07-08T22:22:29.383-0500] {processor.py:161} INFO - Started process (PID=861) to work on /opt/airflow/dags/dag_generar_catalogo_vuelos.py
[2026-07-08T22:22:29.384-0500] {processor.py:830} INFO - Processing file /opt/airflow/dags/dag_generar_catalogo_vuelos.py for tasks to queue
[2026-07-08T22:22:29.386-0500] {logging_mixin.py:188} INFO - [2026-07-08T22:22:29.385-0500] {dagbag.py:545} INFO - Filling up the DagBag from /opt/airflow/dags/dag_generar_catalogo_vuelos.py
[2026-07-08T22:22:29.968-0500] {processor.py:840} INFO - DAG(s) 'aerotrack_travel_catalogo_vuelos' retrieved from /opt/airflow/dags/dag_generar_catalogo_vuelos.py
[2026-07-08T22:22:29.998-0500] {logging_mixin.py:188} INFO - [2026-07-08T22:22:29.998-0500] {dag.py:3089} INFO - Sync 1 DAGs
[2026-07-08T22:22:30.012-0500] {logging_mixin.py:188} INFO - [2026-07-08T22:22:30.012-0500] {dag.py:3947} INFO - Setting next_dagrun for aerotrack_travel_catalogo_vuelos to 2026-07-09 00:00:00+00:00, run_after=2026-07-10 00:00:00+00:00
[2026-07-08T22:22:30.025-0500] {processor.py:183} INFO - Processing /opt/airflow/dags/dag_generar_catalogo_vuelos.py took 0.648 seconds
[2026-07-08T22:23:00.300-0500] {processor.py:161} INFO - Started process (PID=878) to work on /opt/airflow/dags/dag_generar_catalogo_vuelos.py
[2026-07-08T22:23:00.301-0500] {processor.py:830} INFO - Processing file /opt/airflow/dags/dag_generar_catalogo_vuelos.py for tasks to queue
[2026-07-08T22:23:00.303-0500] {logging_mixin.py:188} INFO - [2026-07-08T22:23:00.302-0500] {dagbag.py:545} INFO - Filling up the DagBag from /opt/airflow/dags/dag_generar_catalogo_vuelos.py
[2026-07-08T22:23:00.995-0500] {processor.py:840} INFO - DAG(s) 'aerotrack_travel_catalogo_vuelos' retrieved from /opt/airflow/dags/dag_generar_catalogo_vuelos.py
[2026-07-08T22:23:01.024-0500] {logging_mixin.py:188} INFO - [2026-07-08T22:23:01.024-0500] {dag.py:3089} INFO - Sync 1 DAGs
[2026-07-08T22:23:01.039-0500] {logging_mixin.py:188} INFO - [2026-07-08T22:23:01.039-0500] {dag.py:3947} INFO - Setting next_dagrun for aerotrack_travel_catalogo_vuelos to 2026-07-09 00:00:00+00:00, run_after=2026-07-10 00:00:00+00:00
[2026-07-08T22:23:01.063-0500] {processor.py:183} INFO - Processing /opt/airflow/dags/dag_generar_catalogo_vuelos.py took 0.769 seconds
[2026-07-08T22:23:31.333-0500] {processor.py:161} INFO - Started process (PID=895) to work on /opt/airflow/dags/dag_generar_catalogo_vuelos.py
[2026-07-08T22:23:31.334-0500] {processor.py:830} INFO - Processing file /opt/airflow/dags/dag_generar_catalogo_vuelos.py for tasks to queue
[2026-07-08T22:23:31.336-0500] {logging_mixin.py:188} INFO - [2026-07-08T22:23:31.335-0500] {dagbag.py:545} INFO - Filling up the DagBag from /opt/airflow/dags/dag_generar_catalogo_vuelos.py
[2026-07-08T22:23:32.028-0500] {processor.py:840} INFO - DAG(s) 'aerotrack_travel_catalogo_vuelos' retrieved from /opt/airflow/dags/dag_generar_catalogo_vuelos.py
[2026-07-08T22:23:32.063-0500] {logging_mixin.py:188} INFO - [2026-07-08T22:23:32.063-0500] {dag.py:3089} INFO - Sync 1 DAGs
[2026-07-08T22:23:32.084-0500] {logging_mixin.py:188} INFO - [2026-07-08T22:23:32.084-0500] {dag.py:3947} INFO - Setting next_dagrun for aerotrack_travel_catalogo_vuelos to 2026-07-09 00:00:00+00:00, run_after=2026-07-10 00:00:00+00:00
[2026-07-08T22:23:32.103-0500] {processor.py:183} INFO - Processing /opt/airflow/dags/dag_generar_catalogo_vuelos.py took 0.775 seconds
[2026-07-08T22:24:02.366-0500] {processor.py:161} INFO - Started process (PID=912) to work on /opt/airflow/dags/dag_generar_catalogo_vuelos.py
[2026-07-08T22:24:02.367-0500] {processor.py:830} INFO - Processing file /opt/airflow/dags/dag_generar_catalogo_vuelos.py for tasks to queue
[2026-07-08T22:24:02.369-0500] {logging_mixin.py:188} INFO - [2026-07-08T22:24:02.369-0500] {dagbag.py:545} INFO - Filling up the DagBag from /opt/airflow/dags/dag_generar_catalogo_vuelos.py
[2026-07-08T22:24:03.123-0500] {processor.py:840} INFO - DAG(s) 'aerotrack_travel_catalogo_vuelos' retrieved from /opt/airflow/dags/dag_generar_catalogo_vuelos.py
[2026-07-08T22:24:03.176-0500] {logging_mixin.py:188} INFO - [2026-07-08T22:24:03.175-0500] {dag.py:3089} INFO - Sync 1 DAGs
[2026-07-08T22:24:03.203-0500] {logging_mixin.py:188} INFO - [2026-07-08T22:24:03.203-0500] {dag.py:3947} INFO - Setting next_dagrun for aerotrack_travel_catalogo_vuelos to 2026-07-09 00:00:00+00:00, run_after=2026-07-10 00:00:00+00:00
[2026-07-08T22:24:03.264-0500] {processor.py:183} INFO - Processing /opt/airflow/dags/dag_generar_catalogo_vuelos.py took 0.904 seconds
[2026-07-08T22:24:33.618-0500] {processor.py:161} INFO - Started process (PID=929) to work on /opt/airflow/dags/dag_generar_catalogo_vuelos.py
[2026-07-08T22:24:33.619-0500] {processor.py:830} INFO - Processing file /opt/airflow/dags/dag_generar_catalogo_vuelos.py for tasks to queue
[2026-07-08T22:24:33.620-0500] {logging_mixin.py:188} INFO - [2026-07-08T22:24:33.620-0500] {dagbag.py:545} INFO - Filling up the DagBag from /opt/airflow/dags/dag_generar_catalogo_vuelos.py
[2026-07-08T22:24:34.134-0500] {processor.py:840} INFO - DAG(s) 'aerotrack_travel_catalogo_vuelos' retrieved from /opt/airflow/dags/dag_generar_catalogo_vuelos.py
[2026-07-08T22:24:34.160-0500] {logging_mixin.py:188} INFO - [2026-07-08T22:24:34.159-0500] {dag.py:3089} INFO - Sync 1 DAGs
[2026-07-08T22:24:34.175-0500] {logging_mixin.py:188} INFO - [2026-07-08T22:24:34.175-0500] {dag.py:3947} INFO - Setting next_dagrun for aerotrack_travel_catalogo_vuelos to 2026-07-09 00:00:00+00:00, run_after=2026-07-10 00:00:00+00:00
[2026-07-08T22:24:34.210-0500] {processor.py:183} INFO - Processing /opt/airflow/dags/dag_generar_catalogo_vuelos.py took 0.596 seconds
[2026-07-08T22:25:04.461-0500] {processor.py:161} INFO - Started process (PID=946) to work on /opt/airflow/dags/dag_generar_catalogo_vuelos.py
[2026-07-08T22:25:04.462-0500] {processor.py:830} INFO - Processing file /opt/airflow/dags/dag_generar_catalogo_vuelos.py for tasks to queue
[2026-07-08T22:25:04.464-0500] {logging_mixin.py:188} INFO - [2026-07-08T22:25:04.464-0500] {dagbag.py:545} INFO - Filling up the DagBag from /opt/airflow/dags/dag_generar_catalogo_vuelos.py
[2026-07-08T22:25:04.981-0500] {processor.py:840} INFO - DAG(s) 'aerotrack_travel_catalogo_vuelos' retrieved from /opt/airflow/dags/dag_generar_catalogo_vuelos.py
[2026-07-08T22:25:05.007-0500] {logging_mixin.py:188} INFO - [2026-07-08T22:25:05.007-0500] {dag.py:3089} INFO - Sync 1 DAGs
[2026-07-08T22:25:05.022-0500] {logging_mixin.py:188} INFO - [2026-07-08T22:25:05.021-0500] {dag.py:3947} INFO - Setting next_dagrun for aerotrack_travel_catalogo_vuelos to 2026-07-09 00:00:00+00:00, run_after=2026-07-10 00:00:00+00:00
[2026-07-08T22:25:05.037-0500] {processor.py:183} INFO - Processing /opt/airflow/dags/dag_generar_catalogo_vuelos.py took 0.580 seconds
[2026-07-08T22:25:35.280-0500] {processor.py:161} INFO - Started process (PID=963) to work on /opt/airflow/dags/dag_generar_catalogo_vuelos.py
[2026-07-08T22:25:35.281-0500] {processor.py:830} INFO - Processing file /opt/airflow/dags/dag_generar_catalogo_vuelos.py for tasks to queue
[2026-07-08T22:25:35.282-0500] {logging_mixin.py:188} INFO - [2026-07-08T22:25:35.282-0500] {dagbag.py:545} INFO - Filling up the DagBag from /opt/airflow/dags/dag_generar_catalogo_vuelos.py
[2026-07-08T22:25:35.797-0500] {processor.py:840} INFO - DAG(s) 'aerotrack_travel_catalogo_vuelos' retrieved from /opt/airflow/dags/dag_generar_catalogo_vuelos.py
[2026-07-08T22:25:35.826-0500] {logging_mixin.py:188} INFO - [2026-07-08T22:25:35.826-0500] {dag.py:3089} INFO - Sync 1 DAGs
[2026-07-08T22:25:35.840-0500] {logging_mixin.py:188} INFO - [2026-07-08T22:25:35.840-0500] {dag.py:3947} INFO - Setting next_dagrun for aerotrack_travel_catalogo_vuelos to 2026-07-09 00:00:00+00:00, run_after=2026-07-10 00:00:00+00:00
[2026-07-08T22:25:35.854-0500] {processor.py:183} INFO - Processing /opt/airflow/dags/dag_generar_catalogo_vuelos.py took 0.579 seconds
[2026-07-08T22:26:06.198-0500] {processor.py:161} INFO - Started process (PID=980) to work on /opt/airflow/dags/dag_generar_catalogo_vuelos.py
[2026-07-08T22:26:06.199-0500] {processor.py:830} INFO - Processing file /opt/airflow/dags/dag_generar_catalogo_vuelos.py for tasks to queue
[2026-07-08T22:26:06.201-0500] {logging_mixin.py:188} INFO - [2026-07-08T22:26:06.201-0500] {dagbag.py:545} INFO - Filling up the DagBag from /opt/airflow/dags/dag_generar_catalogo_vuelos.py
[2026-07-08T22:26:06.798-0500] {processor.py:840} INFO - DAG(s) 'aerotrack_travel_catalogo_vuelos' retrieved from /opt/airflow/dags/dag_generar_catalogo_vuelos.py
[2026-07-08T22:26:06.825-0500] {logging_mixin.py:188} INFO - [2026-07-08T22:26:06.824-0500] {dag.py:3089} INFO - Sync 1 DAGs
[2026-07-08T22:26:06.840-0500] {logging_mixin.py:188} INFO - [2026-07-08T22:26:06.840-0500] {dag.py:3947} INFO - Setting next_dagrun for aerotrack_travel_catalogo_vuelos to 2026-07-09 00:00:00+00:00, run_after=2026-07-10 00:00:00+00:00
[2026-07-08T22:26:06.855-0500] {processor.py:183} INFO - Processing /opt/airflow/dags/dag_generar_catalogo_vuelos.py took 0.663 seconds
[2026-07-08T22:26:37.145-0500] {processor.py:161} INFO - Started process (PID=997) to work on /opt/airflow/dags/dag_generar_catalogo_vuelos.py
[2026-07-08T22:26:37.148-0500] {processor.py:830} INFO - Processing file /opt/airflow/dags/dag_generar_catalogo_vuelos.py for tasks to queue
[2026-07-08T22:26:37.154-0500] {logging_mixin.py:188} INFO - [2026-07-08T22:26:37.153-0500] {dagbag.py:545} INFO - Filling up the DagBag from /opt/airflow/dags/dag_generar_catalogo_vuelos.py
[2026-07-08T22:26:37.861-0500] {processor.py:840} INFO - DAG(s) 'aerotrack_travel_catalogo_vuelos' retrieved from /opt/airflow/dags/dag_generar_catalogo_vuelos.py
[2026-07-08T22:26:37.910-0500] {logging_mixin.py:188} INFO - [2026-07-08T22:26:37.909-0500] {dag.py:3089} INFO - Sync 1 DAGs
[2026-07-08T22:26:37.941-0500] {logging_mixin.py:188} INFO - [2026-07-08T22:26:37.940-0500] {dag.py:3947} INFO - Setting next_dagrun for aerotrack_travel_catalogo_vuelos to 2026-07-09 00:00:00+00:00, run_after=2026-07-10 00:00:00+00:00
[2026-07-08T22:26:37.976-0500] {processor.py:183} INFO - Processing /opt/airflow/dags/dag_generar_catalogo_vuelos.py took 0.841 seconds
[2026-07-08T22:27:08.247-0500] {processor.py:161} INFO - Started process (PID=1014) to work on /opt/airflow/dags/dag_generar_catalogo_vuelos.py
[2026-07-08T22:27:08.248-0500] {processor.py:830} INFO - Processing file /opt/airflow/dags/dag_generar_catalogo_vuelos.py for tasks to queue
[2026-07-08T22:27:08.250-0500] {logging_mixin.py:188} INFO - [2026-07-08T22:27:08.249-0500] {dagbag.py:545} INFO - Filling up the DagBag from /opt/airflow/dags/dag_generar_catalogo_vuelos.py
[2026-07-08T22:27:09.071-0500] {processor.py:840} INFO - DAG(s) 'aerotrack_travel_catalogo_vuelos' retrieved from /opt/airflow/dags/dag_generar_catalogo_vuelos.py
[2026-07-08T22:27:09.106-0500] {logging_mixin.py:188} INFO - [2026-07-08T22:27:09.106-0500] {dag.py:3089} INFO - Sync 1 DAGs
[2026-07-08T22:27:09.128-0500] {logging_mixin.py:188} INFO - [2026-07-08T22:27:09.128-0500] {dag.py:3947} INFO - Setting next_dagrun for aerotrack_travel_catalogo_vuelos to 2026-07-09 00:00:00+00:00, run_after=2026-07-10 00:00:00+00:00
[2026-07-08T22:27:09.154-0500] {processor.py:183} INFO - Processing /opt/airflow/dags/dag_generar_catalogo_vuelos.py took 0.913 seconds
[2026-07-08T22:27:39.527-0500] {processor.py:161} INFO - Started process (PID=1031) to work on /opt/airflow/dags/dag_generar_catalogo_vuelos.py
[2026-07-08T22:27:39.528-0500] {processor.py:830} INFO - Processing file /opt/airflow/dags/dag_generar_catalogo_vuelos.py for tasks to queue
[2026-07-08T22:27:39.530-0500] {logging_mixin.py:188} INFO - [2026-07-08T22:27:39.530-0500] {dagbag.py:545} INFO - Filling up the DagBag from /opt/airflow/dags/dag_generar_catalogo_vuelos.py
[2026-07-08T22:27:40.112-0500] {processor.py:840} INFO - DAG(s) 'aerotrack_travel_catalogo_vuelos' retrieved from /opt/airflow/dags/dag_generar_catalogo_vuelos.py
[2026-07-08T22:27:40.137-0500] {logging_mixin.py:188} INFO - [2026-07-08T22:27:40.136-0500] {dag.py:3089} INFO - Sync 1 DAGs
[2026-07-08T22:27:40.151-0500] {logging_mixin.py:188} INFO - [2026-07-08T22:27:40.151-0500] {dag.py:3947} INFO - Setting next_dagrun for aerotrack_travel_catalogo_vuelos to 2026-07-09 00:00:00+00:00, run_after=2026-07-10 00:00:00+00:00
[2026-07-08T22:27:40.163-0500] {processor.py:183} INFO - Processing /opt/airflow/dags/dag_generar_catalogo_vuelos.py took 0.641 seconds
[2026-07-08T22:28:10.387-0500] {processor.py:161} INFO - Started process (PID=1048) to work on /opt/airflow/dags/dag_generar_catalogo_vuelos.py
[2026-07-08T22:28:10.388-0500] {processor.py:830} INFO - Processing file /opt/airflow/dags/dag_generar_catalogo_vuelos.py for tasks to queue
[2026-07-08T22:28:10.390-0500] {logging_mixin.py:188} INFO - [2026-07-08T22:28:10.390-0500] {dagbag.py:545} INFO - Filling up the DagBag from /opt/airflow/dags/dag_generar_catalogo_vuelos.py
[2026-07-08T22:28:10.990-0500] {processor.py:840} INFO - DAG(s) 'aerotrack_travel_catalogo_vuelos' retrieved from /opt/airflow/dags/dag_generar_catalogo_vuelos.py
[2026-07-08T22:28:11.023-0500] {logging_mixin.py:188} INFO - [2026-07-08T22:28:11.022-0500] {dag.py:3089} INFO - Sync 1 DAGs
[2026-07-08T22:28:11.047-0500] {logging_mixin.py:188} INFO - [2026-07-08T22:28:11.046-0500] {dag.py:3947} INFO - Setting next_dagrun for aerotrack_travel_catalogo_vuelos to 2026-07-09 00:00:00+00:00, run_after=2026-07-10 00:00:00+00:00
[2026-07-08T22:28:11.063-0500] {processor.py:183} INFO - Processing /opt/airflow/dags/dag_generar_catalogo_vuelos.py took 0.681 seconds
[2026-07-08T22:28:41.334-0500] {processor.py:161} INFO - Started process (PID=1065) to work on /opt/airflow/dags/dag_generar_catalogo_vuelos.py
[2026-07-08T22:28:41.335-0500] {processor.py:830} INFO - Processing file /opt/airflow/dags/dag_generar_catalogo_vuelos.py for tasks to queue
[2026-07-08T22:28:41.337-0500] {logging_mixin.py:188} INFO - [2026-07-08T22:28:41.336-0500] {dagbag.py:545} INFO - Filling up the DagBag from /opt/airflow/dags/dag_generar_catalogo_vuelos.py
[2026-07-08T22:28:41.994-0500] {processor.py:840} INFO - DAG(s) 'aerotrack_travel_catalogo_vuelos' retrieved from /opt/airflow/dags/dag_generar_catalogo_vuelos.py
[2026-07-08T22:28:42.025-0500] {logging_mixin.py:188} INFO - [2026-07-08T22:28:42.025-0500] {dag.py:3089} INFO - Sync 1 DAGs
[2026-07-08T22:28:42.043-0500] {logging_mixin.py:188} INFO - [2026-07-08T22:28:42.043-0500] {dag.py:3947} INFO - Setting next_dagrun for aerotrack_travel_catalogo_vuelos to 2026-07-09 00:00:00+00:00, run_after=2026-07-10 00:00:00+00:00
[2026-07-08T22:28:42.058-0500] {processor.py:183} INFO - Processing /opt/airflow/dags/dag_generar_catalogo_vuelos.py took 0.729 seconds
[2026-07-08T22:29:12.304-0500] {processor.py:161} INFO - Started process (PID=1082) to work on /opt/airflow/dags/dag_generar_catalogo_vuelos.py
[2026-07-08T22:29:12.306-0500] {processor.py:830} INFO - Processing file /opt/airflow/dags/dag_generar_catalogo_vuelos.py for tasks to queue
[2026-07-08T22:29:12.307-0500] {logging_mixin.py:188} INFO - [2026-07-08T22:29:12.307-0500] {dagbag.py:545} INFO - Filling up the DagBag from /opt/airflow/dags/dag_generar_catalogo_vuelos.py
[2026-07-08T22:29:12.931-0500] {processor.py:840} INFO - DAG(s) 'aerotrack_travel_catalogo_vuelos' retrieved from /opt/airflow/dags/dag_generar_catalogo_vuelos.py
[2026-07-08T22:29:12.966-0500] {logging_mixin.py:188} INFO - [2026-07-08T22:29:12.966-0500] {dag.py:3089} INFO - Sync 1 DAGs
[2026-07-08T22:29:12.981-0500] {logging_mixin.py:188} INFO - [2026-07-08T22:29:12.981-0500] {dag.py:3947} INFO - Setting next_dagrun for aerotrack_travel_catalogo_vuelos to 2026-07-09 00:00:00+00:00, run_after=2026-07-10 00:00:00+00:00
[2026-07-08T22:29:12.995-0500] {processor.py:183} INFO - Processing /opt/airflow/dags/dag_generar_catalogo_vuelos.py took 0.696 seconds
[2026-07-08T22:29:43.234-0500] {processor.py:161} INFO - Started process (PID=1099) to work on /opt/airflow/dags/dag_generar_catalogo_vuelos.py
[2026-07-08T22:29:43.235-0500] {processor.py:830} INFO - Processing file /opt/airflow/dags/dag_generar_catalogo_vuelos.py for tasks to queue
[2026-07-08T22:29:43.237-0500] {logging_mixin.py:188} INFO - [2026-07-08T22:29:43.236-0500] {dagbag.py:545} INFO - Filling up the DagBag from /opt/airflow/dags/dag_generar_catalogo_vuelos.py
[2026-07-08T22:29:43.812-0500] {processor.py:840} INFO - DAG(s) 'aerotrack_travel_catalogo_vuelos' retrieved from /opt/airflow/dags/dag_generar_catalogo_vuelos.py
[2026-07-08T22:29:43.842-0500] {logging_mixin.py:188} INFO - [2026-07-08T22:29:43.842-0500] {dag.py:3089} INFO - Sync 1 DAGs
[2026-07-08T22:29:43.864-0500] {logging_mixin.py:188} INFO - [2026-07-08T22:29:43.864-0500] {dag.py:3947} INFO - Setting next_dagrun for aerotrack_travel_catalogo_vuelos to 2026-07-09 00:00:00+00:00, run_after=2026-07-10 00:00:00+00:00
[2026-07-08T22:29:43.885-0500] {processor.py:183} INFO - Processing /opt/airflow/dags/dag_generar_catalogo_vuelos.py took 0.656 seconds
[2026-07-08T22:30:14.174-0500] {processor.py:161} INFO - Started process (PID=1116) to work on /opt/airflow/dags/dag_generar_catalogo_vuelos.py
[2026-07-08T22:30:14.175-0500] {processor.py:830} INFO - Processing file /opt/airflow/dags/dag_generar_catalogo_vuelos.py for tasks to queue
[2026-07-08T22:30:14.176-0500] {logging_mixin.py:188} INFO - [2026-07-08T22:30:14.176-0500] {dagbag.py:545} INFO - Filling up the DagBag from /opt/airflow/dags/dag_generar_catalogo_vuelos.py
[2026-07-08T22:30:14.778-0500] {processor.py:840} INFO - DAG(s) 'aerotrack_travel_catalogo_vuelos' retrieved from /opt/airflow/dags/dag_generar_catalogo_vuelos.py
[2026-07-08T22:30:14.809-0500] {logging_mixin.py:188} INFO - [2026-07-08T22:30:14.808-0500] {dag.py:3089} INFO - Sync 1 DAGs
[2026-07-08T22:30:14.825-0500] {logging_mixin.py:188} INFO - [2026-07-08T22:30:14.824-0500] {dag.py:3947} INFO - Setting next_dagrun for aerotrack_travel_catalogo_vuelos to 2026-07-09 00:00:00+00:00, run_after=2026-07-10 00:00:00+00:00
[2026-07-08T22:30:14.841-0500] {processor.py:183} INFO - Processing /opt/airflow/dags/dag_generar_catalogo_vuelos.py took 0.673 seconds
[2026-07-08T22:30:45.089-0500] {processor.py:161} INFO - Started process (PID=1133) to work on /opt/airflow/dags/dag_generar_catalogo_vuelos.py
[2026-07-08T22:30:45.089-0500] {processor.py:830} INFO - Processing file /opt/airflow/dags/dag_generar_catalogo_vuelos.py for tasks to queue
[2026-07-08T22:30:45.091-0500] {logging_mixin.py:188} INFO - [2026-07-08T22:30:45.090-0500] {dagbag.py:545} INFO - Filling up the DagBag from /opt/airflow/dags/dag_generar_catalogo_vuelos.py
[2026-07-08T22:30:45.620-0500] {processor.py:840} INFO - DAG(s) 'aerotrack_travel_catalogo_vuelos' retrieved from /opt/airflow/dags/dag_generar_catalogo_vuelos.py
[2026-07-08T22:30:45.647-0500] {logging_mixin.py:188} INFO - [2026-07-08T22:30:45.647-0500] {dag.py:3089} INFO - Sync 1 DAGs
[2026-07-08T22:30:45.661-0500] {logging_mixin.py:188} INFO - [2026-07-08T22:30:45.661-0500] {dag.py:3947} INFO - Setting next_dagrun for aerotrack_travel_catalogo_vuelos to 2026-07-09 00:00:00+00:00, run_after=2026-07-10 00:00:00+00:00
[2026-07-08T22:30:45.674-0500] {processor.py:183} INFO - Processing /opt/airflow/dags/dag_generar_catalogo_vuelos.py took 0.590 seconds
[2026-07-08T22:31:16.010-0500] {processor.py:161} INFO - Started process (PID=1150) to work on /opt/airflow/dags/dag_generar_catalogo_vuelos.py
[2026-07-08T22:31:16.011-0500] {processor.py:830} INFO - Processing file /opt/airflow/dags/dag_generar_catalogo_vuelos.py for tasks to queue
[2026-07-08T22:31:16.012-0500] {logging_mixin.py:188} INFO - [2026-07-08T22:31:16.012-0500] {dagbag.py:545} INFO - Filling up the DagBag from /opt/airflow/dags/dag_generar_catalogo_vuelos.py
[2026-07-08T22:31:16.548-0500] {processor.py:840} INFO - DAG(s) 'aerotrack_travel_catalogo_vuelos' retrieved from /opt/airflow/dags/dag_generar_catalogo_vuelos.py
[2026-07-08T22:31:16.574-0500] {logging_mixin.py:188} INFO - [2026-07-08T22:31:16.574-0500] {dag.py:3089} INFO - Sync 1 DAGs
[2026-07-08T22:31:16.587-0500] {logging_mixin.py:188} INFO - [2026-07-08T22:31:16.587-0500] {dag.py:3947} INFO - Setting next_dagrun for aerotrack_travel_catalogo_vuelos to 2026-07-09 00:00:00+00:00, run_after=2026-07-10 00:00:00+00:00
[2026-07-08T22:31:16.602-0500] {processor.py:183} INFO - Processing /opt/airflow/dags/dag_generar_catalogo_vuelos.py took 0.598 seconds
[2026-07-08T22:31:46.855-0500] {processor.py:161} INFO - Started process (PID=1167) to work on /opt/airflow/dags/dag_generar_catalogo_vuelos.py
[2026-07-08T22:31:46.855-0500] {processor.py:830} INFO - Processing file /opt/airflow/dags/dag_generar_catalogo_vuelos.py for tasks to queue
[2026-07-08T22:31:46.857-0500] {logging_mixin.py:188} INFO - [2026-07-08T22:31:46.857-0500] {dagbag.py:545} INFO - Filling up the DagBag from /opt/airflow/dags/dag_generar_catalogo_vuelos.py
[2026-07-08T22:31:47.450-0500] {processor.py:840} INFO - DAG(s) 'aerotrack_travel_catalogo_vuelos' retrieved from /opt/airflow/dags/dag_generar_catalogo_vuelos.py
[2026-07-08T22:31:47.477-0500] {logging_mixin.py:188} INFO - [2026-07-08T22:31:47.477-0500] {dag.py:3089} INFO - Sync 1 DAGs
[2026-07-08T22:31:47.492-0500] {logging_mixin.py:188} INFO - [2026-07-08T22:31:47.492-0500] {dag.py:3947} INFO - Setting next_dagrun for aerotrack_travel_catalogo_vuelos to 2026-07-09 00:00:00+00:00, run_after=2026-07-10 00:00:00+00:00
[2026-07-08T22:31:47.506-0500] {processor.py:183} INFO - Processing /opt/airflow/dags/dag_generar_catalogo_vuelos.py took 0.655 seconds
[2026-07-08T22:32:17.737-0500] {processor.py:161} INFO - Started process (PID=1184) to work on /opt/airflow/dags/dag_generar_catalogo_vuelos.py
[2026-07-08T22:32:17.738-0500] {processor.py:830} INFO - Processing file /opt/airflow/dags/dag_generar_catalogo_vuelos.py for tasks to queue
[2026-07-08T22:32:17.739-0500] {logging_mixin.py:188} INFO - [2026-07-08T22:32:17.739-0500] {dagbag.py:545} INFO - Filling up the DagBag from /opt/airflow/dags/dag_generar_catalogo_vuelos.py
[2026-07-08T22:32:18.302-0500] {processor.py:840} INFO - DAG(s) 'aerotrack_travel_catalogo_vuelos' retrieved from /opt/airflow/dags/dag_generar_catalogo_vuelos.py
[2026-07-08T22:32:18.334-0500] {logging_mixin.py:188} INFO - [2026-07-08T22:32:18.333-0500] {dag.py:3089} INFO - Sync 1 DAGs
[2026-07-08T22:32:18.352-0500] {logging_mixin.py:188} INFO - [2026-07-08T22:32:18.352-0500] {dag.py:3947} INFO - Setting next_dagrun for aerotrack_travel_catalogo_vuelos to 2026-07-09 00:00:00+00:00, run_after=2026-07-10 00:00:00+00:00
[2026-07-08T22:32:18.368-0500] {processor.py:183} INFO - Processing /opt/airflow/dags/dag_generar_catalogo_vuelos.py took 0.636 seconds
[2026-07-08T22:32:48.618-0500] {processor.py:161} INFO - Started process (PID=1201) to work on /opt/airflow/dags/dag_generar_catalogo_vuelos.py
[2026-07-08T22:32:48.619-0500] {processor.py:830} INFO - Processing file /opt/airflow/dags/dag_generar_catalogo_vuelos.py for tasks to queue
[2026-07-08T22:32:48.621-0500] {logging_mixin.py:188} INFO - [2026-07-08T22:32:48.620-0500] {dagbag.py:545} INFO - Filling up the DagBag from /opt/airflow/dags/dag_generar_catalogo_vuelos.py
[2026-07-08T22:32:49.193-0500] {processor.py:840} INFO - DAG(s) 'aerotrack_travel_catalogo_vuelos' retrieved from /opt/airflow/dags/dag_generar_catalogo_vuelos.py
[2026-07-08T22:32:49.218-0500] {logging_mixin.py:188} INFO - [2026-07-08T22:32:49.217-0500] {dag.py:3089} INFO - Sync 1 DAGs
[2026-07-08T22:32:49.231-0500] {logging_mixin.py:188} INFO - [2026-07-08T22:32:49.231-0500] {dag.py:3947} INFO - Setting next_dagrun for aerotrack_travel_catalogo_vuelos to 2026-07-09 00:00:00+00:00, run_after=2026-07-10 00:00:00+00:00
[2026-07-08T22:32:49.245-0500] {processor.py:183} INFO - Processing /opt/airflow/dags/dag_generar_catalogo_vuelos.py took 0.631 seconds
[2026-07-08T22:33:19.484-0500] {processor.py:161} INFO - Started process (PID=1218) to work on /opt/airflow/dags/dag_generar_catalogo_vuelos.py
[2026-07-08T22:33:19.485-0500] {processor.py:830} INFO - Processing file /opt/airflow/dags/dag_generar_catalogo_vuelos.py for tasks to queue
[2026-07-08T22:33:19.486-0500] {logging_mixin.py:188} INFO - [2026-07-08T22:33:19.486-0500] {dagbag.py:545} INFO - Filling up the DagBag from /opt/airflow/dags/dag_generar_catalogo_vuelos.py
[2026-07-08T22:33:19.994-0500] {processor.py:840} INFO - DAG(s) 'aerotrack_travel_catalogo_vuelos' retrieved from /opt/airflow/dags/dag_generar_catalogo_vuelos.py
[2026-07-08T22:33:20.030-0500] {logging_mixin.py:188} INFO - [2026-07-08T22:33:20.030-0500] {dag.py:3089} INFO - Sync 1 DAGs
[2026-07-08T22:33:20.049-0500] {logging_mixin.py:188} INFO - [2026-07-08T22:33:20.048-0500] {dag.py:3947} INFO - Setting next_dagrun for aerotrack_travel_catalogo_vuelos to 2026-07-09 00:00:00+00:00, run_after=2026-07-10 00:00:00+00:00
[2026-07-08T22:33:20.064-0500] {processor.py:183} INFO - Processing /opt/airflow/dags/dag_generar_catalogo_vuelos.py took 0.584 seconds
[2026-07-08T22:33:50.303-0500] {processor.py:161} INFO - Started process (PID=1235) to work on /opt/airflow/dags/dag_generar_catalogo_vuelos.py
[2026-07-08T22:33:50.304-0500] {processor.py:830} INFO - Processing file /opt/airflow/dags/dag_generar_catalogo_vuelos.py for tasks to queue
[2026-07-08T22:33:50.305-0500] {logging_mixin.py:188} INFO - [2026-07-08T22:33:50.305-0500] {dagbag.py:545} INFO - Filling up the DagBag from /opt/airflow/dags/dag_generar_catalogo_vuelos.py
[2026-07-08T22:33:50.854-0500] {processor.py:840} INFO - DAG(s) 'aerotrack_travel_catalogo_vuelos' retrieved from /opt/airflow/dags/dag_generar_catalogo_vuelos.py
[2026-07-08T22:33:50.883-0500] {logging_mixin.py:188} INFO - [2026-07-08T22:33:50.883-0500] {dag.py:3089} INFO - Sync 1 DAGs
[2026-07-08T22:33:50.898-0500] {logging_mixin.py:188} INFO - [2026-07-08T22:33:50.898-0500] {dag.py:3947} INFO - Setting next_dagrun for aerotrack_travel_catalogo_vuelos to 2026-07-09 00:00:00+00:00, run_after=2026-07-10 00:00:00+00:00
[2026-07-08T22:33:50.913-0500] {processor.py:183} INFO - Processing /opt/airflow/dags/dag_generar_catalogo_vuelos.py took 0.615 seconds
[2026-07-08T22:34:21.187-0500] {processor.py:161} INFO - Started process (PID=1252) to work on /opt/airflow/dags/dag_generar_catalogo_vuelos.py
[2026-07-08T22:34:21.188-0500] {processor.py:830} INFO - Processing file /opt/airflow/dags/dag_generar_catalogo_vuelos.py for tasks to queue
[2026-07-08T22:34:21.190-0500] {logging_mixin.py:188} INFO - [2026-07-08T22:34:21.190-0500] {dagbag.py:545} INFO - Filling up the DagBag from /opt/airflow/dags/dag_generar_catalogo_vuelos.py
[2026-07-08T22:34:21.779-0500] {processor.py:840} INFO - DAG(s) 'aerotrack_travel_catalogo_vuelos' retrieved from /opt/airflow/dags/dag_generar_catalogo_vuelos.py
[2026-07-08T22:34:21.806-0500] {logging_mixin.py:188} INFO - [2026-07-08T22:34:21.806-0500] {dag.py:3089} INFO - Sync 1 DAGs
[2026-07-08T22:34:21.820-0500] {logging_mixin.py:188} INFO - [2026-07-08T22:34:21.820-0500] {dag.py:3947} INFO - Setting next_dagrun for aerotrack_travel_catalogo_vuelos to 2026-07-09 00:00:00+00:00, run_after=2026-07-10 00:00:00+00:00
[2026-07-08T22:34:21.834-0500] {processor.py:183} INFO - Processing /opt/airflow/dags/dag_generar_catalogo_vuelos.py took 0.655 seconds
[2026-07-08T22:34:52.094-0500] {processor.py:161} INFO - Started process (PID=1269) to work on /opt/airflow/dags/dag_generar_catalogo_vuelos.py
[2026-07-08T22:34:52.095-0500] {processor.py:830} INFO - Processing file /opt/airflow/dags/dag_generar_catalogo_vuelos.py for tasks to queue
[2026-07-08T22:34:52.096-0500] {logging_mixin.py:188} INFO - [2026-07-08T22:34:52.096-0500] {dagbag.py:545} INFO - Filling up the DagBag from /opt/airflow/dags/dag_generar_catalogo_vuelos.py
[2026-07-08T22:34:52.663-0500] {processor.py:840} INFO - DAG(s) 'aerotrack_travel_catalogo_vuelos' retrieved from /opt/airflow/dags/dag_generar_catalogo_vuelos.py
[2026-07-08T22:34:52.697-0500] {logging_mixin.py:188} INFO - [2026-07-08T22:34:52.697-0500] {dag.py:3089} INFO - Sync 1 DAGs
[2026-07-08T22:34:52.715-0500] {logging_mixin.py:188} INFO - [2026-07-08T22:34:52.715-0500] {dag.py:3947} INFO - Setting next_dagrun for aerotrack_travel_catalogo_vuelos to 2026-07-09 00:00:00+00:00, run_after=2026-07-10 00:00:00+00:00
[2026-07-08T22:34:52.733-0500] {processor.py:183} INFO - Processing /opt/airflow/dags/dag_generar_catalogo_vuelos.py took 0.645 seconds
[2026-07-08T22:35:22.971-0500] {processor.py:161} INFO - Started process (PID=1286) to work on /opt/airflow/dags/dag_generar_catalogo_vuelos.py
[2026-07-08T22:35:22.972-0500] {processor.py:830} INFO - Processing file /opt/airflow/dags/dag_generar_catalogo_vuelos.py for tasks to queue
[2026-07-08T22:35:22.974-0500] {logging_mixin.py:188} INFO - [2026-07-08T22:35:22.973-0500] {dagbag.py:545} INFO - Filling up the DagBag from /opt/airflow/dags/dag_generar_catalogo_vuelos.py
[2026-07-08T22:35:23.533-0500] {processor.py:840} INFO - DAG(s) 'aerotrack_travel_catalogo_vuelos' retrieved from /opt/airflow/dags/dag_generar_catalogo_vuelos.py
[2026-07-08T22:35:23.566-0500] {logging_mixin.py:188} INFO - [2026-07-08T22:35:23.566-0500] {dag.py:3089} INFO - Sync 1 DAGs
[2026-07-08T22:35:23.583-0500] {logging_mixin.py:188} INFO - [2026-07-08T22:35:23.583-0500] {dag.py:3947} INFO - Setting next_dagrun for aerotrack_travel_catalogo_vuelos to 2026-07-09 00:00:00+00:00, run_after=2026-07-10 00:00:00+00:00
[2026-07-08T22:35:23.607-0500] {processor.py:183} INFO - Processing /opt/airflow/dags/dag_generar_catalogo_vuelos.py took 0.642 seconds
[2026-07-08T22:35:53.855-0500] {processor.py:161} INFO - Started process (PID=1303) to work on /opt/airflow/dags/dag_generar_catalogo_vuelos.py
[2026-07-08T22:35:53.856-0500] {processor.py:830} INFO - Processing file /opt/airflow/dags/dag_generar_catalogo_vuelos.py for tasks to queue
[2026-07-08T22:35:53.858-0500] {logging_mixin.py:188} INFO - [2026-07-08T22:35:53.858-0500] {dagbag.py:545} INFO - Filling up the DagBag from /opt/airflow/dags/dag_generar_catalogo_vuelos.py
[2026-07-08T22:35:54.481-0500] {processor.py:840} INFO - DAG(s) 'aerotrack_travel_catalogo_vuelos' retrieved from /opt/airflow/dags/dag_generar_catalogo_vuelos.py
[2026-07-08T22:35:54.508-0500] {logging_mixin.py:188} INFO - [2026-07-08T22:35:54.508-0500] {dag.py:3089} INFO - Sync 1 DAGs
[2026-07-08T22:35:54.524-0500] {logging_mixin.py:188} INFO - [2026-07-08T22:35:54.523-0500] {dag.py:3947} INFO - Setting next_dagrun for aerotrack_travel_catalogo_vuelos to 2026-07-09 00:00:00+00:00, run_after=2026-07-10 00:00:00+00:00
[2026-07-08T22:35:54.539-0500] {processor.py:183} INFO - Processing /opt/airflow/dags/dag_generar_catalogo_vuelos.py took 0.688 seconds
[2026-07-08T22:36:24.840-0500] {processor.py:161} INFO - Started process (PID=1320) to work on /opt/airflow/dags/dag_generar_catalogo_vuelos.py
[2026-07-08T22:36:24.841-0500] {processor.py:830} INFO - Processing file /opt/airflow/dags/dag_generar_catalogo_vuelos.py for tasks to queue
[2026-07-08T22:36:24.843-0500] {logging_mixin.py:188} INFO - [2026-07-08T22:36:24.843-0500] {dagbag.py:545} INFO - Filling up the DagBag from /opt/airflow/dags/dag_generar_catalogo_vuelos.py
[2026-07-08T22:36:25.420-0500] {processor.py:840} INFO - DAG(s) 'aerotrack_travel_catalogo_vuelos' retrieved from /opt/airflow/dags/dag_generar_catalogo_vuelos.py
[2026-07-08T22:36:25.442-0500] {logging_mixin.py:188} INFO - [2026-07-08T22:36:25.442-0500] {dag.py:3089} INFO - Sync 1 DAGs
[2026-07-08T22:36:25.457-0500] {logging_mixin.py:188} INFO - [2026-07-08T22:36:25.457-0500] {dag.py:3947} INFO - Setting next_dagrun for aerotrack_travel_catalogo_vuelos to 2026-07-09 00:00:00+00:00, run_after=2026-07-10 00:00:00+00:00
[2026-07-08T22:36:25.472-0500] {processor.py:183} INFO - Processing /opt/airflow/dags/dag_generar_catalogo_vuelos.py took 0.636 seconds
[2026-07-08T22:36:55.724-0500] {processor.py:161} INFO - Started process (PID=1337) to work on /opt/airflow/dags/dag_generar_catalogo_vuelos.py
[2026-07-08T22:36:55.725-0500] {processor.py:830} INFO - Processing file /opt/airflow/dags/dag_generar_catalogo_vuelos.py for tasks to queue
[2026-07-08T22:36:55.726-0500] {logging_mixin.py:188} INFO - [2026-07-08T22:36:55.726-0500] {dagbag.py:545} INFO - Filling up the DagBag from /opt/airflow/dags/dag_generar_catalogo_vuelos.py
[2026-07-08T22:36:56.320-0500] {processor.py:840} INFO - DAG(s) 'aerotrack_travel_catalogo_vuelos' retrieved from /opt/airflow/dags/dag_generar_catalogo_vuelos.py
[2026-07-08T22:36:56.344-0500] {logging_mixin.py:188} INFO - [2026-07-08T22:36:56.344-0500] {dag.py:3089} INFO - Sync 1 DAGs
[2026-07-08T22:36:56.357-0500] {logging_mixin.py:188} INFO - [2026-07-08T22:36:56.357-0500] {dag.py:3947} INFO - Setting next_dagrun for aerotrack_travel_catalogo_vuelos to 2026-07-09 00:00:00+00:00, run_after=2026-07-10 00:00:00+00:00
[2026-07-08T22:36:56.375-0500] {processor.py:183} INFO - Processing /opt/airflow/dags/dag_generar_catalogo_vuelos.py took 0.655 seconds
[2026-07-08T22:37:26.647-0500] {processor.py:161} INFO - Started process (PID=1354) to work on /opt/airflow/dags/dag_generar_catalogo_vuelos.py
[2026-07-08T22:37:26.648-0500] {processor.py:830} INFO - Processing file /opt/airflow/dags/dag_generar_catalogo_vuelos.py for tasks to queue
[2026-07-08T22:37:26.650-0500] {logging_mixin.py:188} INFO - [2026-07-08T22:37:26.649-0500] {dagbag.py:545} INFO - Filling up the DagBag from /opt/airflow/dags/dag_generar_catalogo_vuelos.py
[2026-07-08T22:37:27.279-0500] {processor.py:840} INFO - DAG(s) 'aerotrack_travel_catalogo_vuelos' retrieved from /opt/airflow/dags/dag_generar_catalogo_vuelos.py
[2026-07-08T22:37:27.312-0500] {logging_mixin.py:188} INFO - [2026-07-08T22:37:27.312-0500] {dag.py:3089} INFO - Sync 1 DAGs
[2026-07-08T22:37:27.328-0500] {logging_mixin.py:188} INFO - [2026-07-08T22:37:27.328-0500] {dag.py:3947} INFO - Setting next_dagrun for aerotrack_travel_catalogo_vuelos to 2026-07-09 00:00:00+00:00, run_after=2026-07-10 00:00:00+00:00
[2026-07-08T22:37:27.345-0500] {processor.py:183} INFO - Processing /opt/airflow/dags/dag_generar_catalogo_vuelos.py took 0.703 seconds
[2026-07-08T22:37:57.606-0500] {processor.py:161} INFO - Started process (PID=1371) to work on /opt/airflow/dags/dag_generar_catalogo_vuelos.py
[2026-07-08T22:37:57.608-0500] {processor.py:830} INFO - Processing file /opt/airflow/dags/dag_generar_catalogo_vuelos.py for tasks to queue
[2026-07-08T22:37:57.611-0500] {logging_mixin.py:188} INFO - [2026-07-08T22:37:57.610-0500] {dagbag.py:545} INFO - Filling up the DagBag from /opt/airflow/dags/dag_generar_catalogo_vuelos.py
[2026-07-08T22:37:58.270-0500] {processor.py:840} INFO - DAG(s) 'aerotrack_travel_catalogo_vuelos' retrieved from /opt/airflow/dags/dag_generar_catalogo_vuelos.py
[2026-07-08T22:37:58.308-0500] {logging_mixin.py:188} INFO - [2026-07-08T22:37:58.308-0500] {dag.py:3089} INFO - Sync 1 DAGs
[2026-07-08T22:37:58.325-0500] {logging_mixin.py:188} INFO - [2026-07-08T22:37:58.325-0500] {dag.py:3947} INFO - Setting next_dagrun for aerotrack_travel_catalogo_vuelos to 2026-07-09 00:00:00+00:00, run_after=2026-07-10 00:00:00+00:00
[2026-07-08T22:37:58.342-0500] {processor.py:183} INFO - Processing /opt/airflow/dags/dag_generar_catalogo_vuelos.py took 0.741 seconds
[2026-07-08T22:38:28.567-0500] {processor.py:161} INFO - Started process (PID=1388) to work on /opt/airflow/dags/dag_generar_catalogo_vuelos.py
[2026-07-08T22:38:28.568-0500] {processor.py:830} INFO - Processing file /opt/airflow/dags/dag_generar_catalogo_vuelos.py for tasks to queue
[2026-07-08T22:38:28.569-0500] {logging_mixin.py:188} INFO - [2026-07-08T22:38:28.569-0500] {dagbag.py:545} INFO - Filling up the DagBag from /opt/airflow/dags/dag_generar_catalogo_vuelos.py
[2026-07-08T22:38:29.166-0500] {processor.py:840} INFO - DAG(s) 'aerotrack_travel_catalogo_vuelos' retrieved from /opt/airflow/dags/dag_generar_catalogo_vuelos.py
[2026-07-08T22:38:29.196-0500] {logging_mixin.py:188} INFO - [2026-07-08T22:38:29.196-0500] {dag.py:3089} INFO - Sync 1 DAGs
[2026-07-08T22:38:29.212-0500] {logging_mixin.py:188} INFO - [2026-07-08T22:38:29.212-0500] {dag.py:3947} INFO - Setting next_dagrun for aerotrack_travel_catalogo_vuelos to 2026-07-09 00:00:00+00:00, run_after=2026-07-10 00:00:00+00:00
[2026-07-08T22:38:29.226-0500] {processor.py:183} INFO - Processing /opt/airflow/dags/dag_generar_catalogo_vuelos.py took 0.664 seconds
[2026-07-08T22:38:59.465-0500] {processor.py:161} INFO - Started process (PID=1405) to work on /opt/airflow/dags/dag_generar_catalogo_vuelos.py
[2026-07-08T22:38:59.466-0500] {processor.py:830} INFO - Processing file /opt/airflow/dags/dag_generar_catalogo_vuelos.py for tasks to queue
[2026-07-08T22:38:59.468-0500] {logging_mixin.py:188} INFO - [2026-07-08T22:38:59.468-0500] {dagbag.py:545} INFO - Filling up the DagBag from /opt/airflow/dags/dag_generar_catalogo_vuelos.py
[2026-07-08T22:39:00.021-0500] {processor.py:840} INFO - DAG(s) 'aerotrack_travel_catalogo_vuelos' retrieved from /opt/airflow/dags/dag_generar_catalogo_vuelos.py
[2026-07-08T22:39:00.049-0500] {logging_mixin.py:188} INFO - [2026-07-08T22:39:00.049-0500] {dag.py:3089} INFO - Sync 1 DAGs
[2026-07-08T22:39:00.063-0500] {logging_mixin.py:188} INFO - [2026-07-08T22:39:00.063-0500] {dag.py:3947} INFO - Setting next_dagrun for aerotrack_travel_catalogo_vuelos to 2026-07-09 00:00:00+00:00, run_after=2026-07-10 00:00:00+00:00
[2026-07-08T22:39:00.083-0500] {processor.py:183} INFO - Processing /opt/airflow/dags/dag_generar_catalogo_vuelos.py took 0.622 seconds
[2026-07-08T22:39:30.382-0500] {processor.py:161} INFO - Started process (PID=1422) to work on /opt/airflow/dags/dag_generar_catalogo_vuelos.py
[2026-07-08T22:39:30.384-0500] {processor.py:830} INFO - Processing file /opt/airflow/dags/dag_generar_catalogo_vuelos.py for tasks to queue
[2026-07-08T22:39:30.390-0500] {logging_mixin.py:188} INFO - [2026-07-08T22:39:30.389-0500] {dagbag.py:545} INFO - Filling up the DagBag from /opt/airflow/dags/dag_generar_catalogo_vuelos.py
[2026-07-08T22:39:31.056-0500] {processor.py:840} INFO - DAG(s) 'aerotrack_travel_catalogo_vuelos' retrieved from /opt/airflow/dags/dag_generar_catalogo_vuelos.py
[2026-07-08T22:39:31.084-0500] {logging_mixin.py:188} INFO - [2026-07-08T22:39:31.083-0500] {dag.py:3089} INFO - Sync 1 DAGs
[2026-07-08T22:39:31.100-0500] {logging_mixin.py:188} INFO - [2026-07-08T22:39:31.100-0500] {dag.py:3947} INFO - Setting next_dagrun for aerotrack_travel_catalogo_vuelos to 2026-07-09 00:00:00+00:00, run_after=2026-07-10 00:00:00+00:00
[2026-07-08T22:39:31.114-0500] {processor.py:183} INFO - Processing /opt/airflow/dags/dag_generar_catalogo_vuelos.py took 0.743 seconds
[2026-07-08T22:40:01.359-0500] {processor.py:161} INFO - Started process (PID=1439) to work on /opt/airflow/dags/dag_generar_catalogo_vuelos.py
[2026-07-08T22:40:01.360-0500] {processor.py:830} INFO - Processing file /opt/airflow/dags/dag_generar_catalogo_vuelos.py for tasks to queue
[2026-07-08T22:40:01.362-0500] {logging_mixin.py:188} INFO - [2026-07-08T22:40:01.361-0500] {dagbag.py:545} INFO - Filling up the DagBag from /opt/airflow/dags/dag_generar_catalogo_vuelos.py
[2026-07-08T22:40:01.953-0500] {processor.py:840} INFO - DAG(s) 'aerotrack_travel_catalogo_vuelos' retrieved from /opt/airflow/dags/dag_generar_catalogo_vuelos.py
[2026-07-08T22:40:01.986-0500] {logging_mixin.py:188} INFO - [2026-07-08T22:40:01.986-0500] {dag.py:3089} INFO - Sync 1 DAGs
[2026-07-08T22:40:02.003-0500] {logging_mixin.py:188} INFO - [2026-07-08T22:40:02.003-0500] {dag.py:3947} INFO - Setting next_dagrun for aerotrack_travel_catalogo_vuelos to 2026-07-09 00:00:00+00:00, run_after=2026-07-10 00:00:00+00:00
[2026-07-08T22:40:02.020-0500] {processor.py:183} INFO - Processing /opt/airflow/dags/dag_generar_catalogo_vuelos.py took 0.665 seconds
[2026-07-08T22:40:32.270-0500] {processor.py:161} INFO - Started process (PID=1456) to work on /opt/airflow/dags/dag_generar_catalogo_vuelos.py
[2026-07-08T22:40:32.270-0500] {processor.py:830} INFO - Processing file /opt/airflow/dags/dag_generar_catalogo_vuelos.py for tasks to queue
[2026-07-08T22:40:32.272-0500] {logging_mixin.py:188} INFO - [2026-07-08T22:40:32.272-0500] {dagbag.py:545} INFO - Filling up the DagBag from /opt/airflow/dags/dag_generar_catalogo_vuelos.py
[2026-07-08T22:40:32.768-0500] {processor.py:840} INFO - DAG(s) 'aerotrack_travel_catalogo_vuelos' retrieved from /opt/airflow/dags/dag_generar_catalogo_vuelos.py
[2026-07-08T22:40:32.793-0500] {logging_mixin.py:188} INFO - [2026-07-08T22:40:32.793-0500] {dag.py:3089} INFO - Sync 1 DAGs
[2026-07-08T22:40:32.807-0500] {logging_mixin.py:188} INFO - [2026-07-08T22:40:32.806-0500] {dag.py:3947} INFO - Setting next_dagrun for aerotrack_travel_catalogo_vuelos to 2026-07-09 00:00:00+00:00, run_after=2026-07-10 00:00:00+00:00
[2026-07-08T22:40:32.822-0500] {processor.py:183} INFO - Processing /opt/airflow/dags/dag_generar_catalogo_vuelos.py took 0.556 seconds
[2026-07-08T22:41:03.117-0500] {processor.py:161} INFO - Started process (PID=1473) to work on /opt/airflow/dags/dag_generar_catalogo_vuelos.py
[2026-07-08T22:41:03.118-0500] {processor.py:830} INFO - Processing file /opt/airflow/dags/dag_generar_catalogo_vuelos.py for tasks to queue
[2026-07-08T22:41:03.120-0500] {logging_mixin.py:188} INFO - [2026-07-08T22:41:03.120-0500] {dagbag.py:545} INFO - Filling up the DagBag from /opt/airflow/dags/dag_generar_catalogo_vuelos.py
[2026-07-08T22:41:03.788-0500] {processor.py:840} INFO - DAG(s) 'aerotrack_travel_catalogo_vuelos' retrieved from /opt/airflow/dags/dag_generar_catalogo_vuelos.py
[2026-07-08T22:41:03.854-0500] {logging_mixin.py:188} INFO - [2026-07-08T22:41:03.854-0500] {dag.py:3089} INFO - Sync 1 DAGs
[2026-07-08T22:41:03.870-0500] {logging_mixin.py:188} INFO - [2026-07-08T22:41:03.870-0500] {dag.py:3947} INFO - Setting next_dagrun for aerotrack_travel_catalogo_vuelos to 2026-07-09 00:00:00+00:00, run_after=2026-07-10 00:00:00+00:00
[2026-07-08T22:41:03.886-0500] {processor.py:183} INFO - Processing /opt/airflow/dags/dag_generar_catalogo_vuelos.py took 0.774 seconds
[2026-07-08T22:41:34.275-0500] {processor.py:161} INFO - Started process (PID=1490) to work on /opt/airflow/dags/dag_generar_catalogo_vuelos.py
[2026-07-08T22:41:34.276-0500] {processor.py:830} INFO - Processing file /opt/airflow/dags/dag_generar_catalogo_vuelos.py for tasks to queue
[2026-07-08T22:41:34.278-0500] {logging_mixin.py:188} INFO - [2026-07-08T22:41:34.278-0500] {dagbag.py:545} INFO - Filling up the DagBag from /opt/airflow/dags/dag_generar_catalogo_vuelos.py
[2026-07-08T22:41:34.919-0500] {processor.py:840} INFO - DAG(s) 'aerotrack_travel_catalogo_vuelos' retrieved from /opt/airflow/dags/dag_generar_catalogo_vuelos.py
[2026-07-08T22:41:34.958-0500] {logging_mixin.py:188} INFO - [2026-07-08T22:41:34.958-0500] {dag.py:3089} INFO - Sync 1 DAGs
[2026-07-08T22:41:34.975-0500] {logging_mixin.py:188} INFO - [2026-07-08T22:41:34.975-0500] {dag.py:3947} INFO - Setting next_dagrun for aerotrack_travel_catalogo_vuelos to 2026-07-09 00:00:00+00:00, run_after=2026-07-10 00:00:00+00:00
[2026-07-08T22:41:34.998-0500] {processor.py:183} INFO - Processing /opt/airflow/dags/dag_generar_catalogo_vuelos.py took 0.728 seconds
[2026-07-08T22:42:05.240-0500] {processor.py:161} INFO - Started process (PID=1507) to work on /opt/airflow/dags/dag_generar_catalogo_vuelos.py
[2026-07-08T22:42:05.242-0500] {processor.py:830} INFO - Processing file /opt/airflow/dags/dag_generar_catalogo_vuelos.py for tasks to queue
[2026-07-08T22:42:05.243-0500] {logging_mixin.py:188} INFO - [2026-07-08T22:42:05.243-0500] {dagbag.py:545} INFO - Filling up the DagBag from /opt/airflow/dags/dag_generar_catalogo_vuelos.py
[2026-07-08T22:42:05.856-0500] {processor.py:840} INFO - DAG(s) 'aerotrack_travel_catalogo_vuelos' retrieved from /opt/airflow/dags/dag_generar_catalogo_vuelos.py
[2026-07-08T22:42:05.883-0500] {logging_mixin.py:188} INFO - [2026-07-08T22:42:05.882-0500] {dag.py:3089} INFO - Sync 1 DAGs
[2026-07-08T22:42:05.900-0500] {logging_mixin.py:188} INFO - [2026-07-08T22:42:05.900-0500] {dag.py:3947} INFO - Setting next_dagrun for aerotrack_travel_catalogo_vuelos to 2026-07-09 00:00:00+00:00, run_after=2026-07-10 00:00:00+00:00
[2026-07-08T22:42:05.915-0500] {processor.py:183} INFO - Processing /opt/airflow/dags/dag_generar_catalogo_vuelos.py took 0.680 seconds
[2026-07-08T22:42:36.150-0500] {processor.py:161} INFO - Started process (PID=1524) to work on /opt/airflow/dags/dag_generar_catalogo_vuelos.py
[2026-07-08T22:42:36.150-0500] {processor.py:830} INFO - Processing file /opt/airflow/dags/dag_generar_catalogo_vuelos.py for tasks to queue
[2026-07-08T22:42:36.152-0500] {logging_mixin.py:188} INFO - [2026-07-08T22:42:36.152-0500] {dagbag.py:545} INFO - Filling up the DagBag from /opt/airflow/dags/dag_generar_catalogo_vuelos.py
[2026-07-08T22:42:36.731-0500] {processor.py:840} INFO - DAG(s) 'aerotrack_travel_catalogo_vuelos' retrieved from /opt/airflow/dags/dag_generar_catalogo_vuelos.py
[2026-07-08T22:42:36.769-0500] {logging_mixin.py:188} INFO - [2026-07-08T22:42:36.769-0500] {dag.py:3089} INFO - Sync 1 DAGs
[2026-07-08T22:42:36.791-0500] {logging_mixin.py:188} INFO - [2026-07-08T22:42:36.791-0500] {dag.py:3947} INFO - Setting next_dagrun for aerotrack_travel_catalogo_vuelos to 2026-07-09 00:00:00+00:00, run_after=2026-07-10 00:00:00+00:00
[2026-07-08T22:42:36.814-0500] {processor.py:183} INFO - Processing /opt/airflow/dags/dag_generar_catalogo_vuelos.py took 0.668 seconds
[2026-07-08T22:43:07.069-0500] {processor.py:161} INFO - Started process (PID=1541) to work on /opt/airflow/dags/dag_generar_catalogo_vuelos.py
[2026-07-08T22:43:07.070-0500] {processor.py:830} INFO - Processing file /opt/airflow/dags/dag_generar_catalogo_vuelos.py for tasks to queue
[2026-07-08T22:43:07.071-0500] {logging_mixin.py:188} INFO - [2026-07-08T22:43:07.071-0500] {dagbag.py:545} INFO - Filling up the DagBag from /opt/airflow/dags/dag_generar_catalogo_vuelos.py
[2026-07-08T22:43:07.655-0500] {processor.py:840} INFO - DAG(s) 'aerotrack_travel_catalogo_vuelos' retrieved from /opt/airflow/dags/dag_generar_catalogo_vuelos.py
[2026-07-08T22:43:07.685-0500] {logging_mixin.py:188} INFO - [2026-07-08T22:43:07.685-0500] {dag.py:3089} INFO - Sync 1 DAGs
[2026-07-08T22:43:07.699-0500] {logging_mixin.py:188} INFO - [2026-07-08T22:43:07.699-0500] {dag.py:3947} INFO - Setting next_dagrun for aerotrack_travel_catalogo_vuelos to 2026-07-09 00:00:00+00:00, run_after=2026-07-10 00:00:00+00:00
[2026-07-08T22:43:07.712-0500] {processor.py:183} INFO - Processing /opt/airflow/dags/dag_generar_catalogo_vuelos.py took 0.648 seconds
[2026-07-08T22:43:37.959-0500] {processor.py:161} INFO - Started process (PID=1558) to work on /opt/airflow/dags/dag_generar_catalogo_vuelos.py
[2026-07-08T22:43:37.960-0500] {processor.py:830} INFO - Processing file /opt/airflow/dags/dag_generar_catalogo_vuelos.py for tasks to queue
[2026-07-08T22:43:37.963-0500] {logging_mixin.py:188} INFO - [2026-07-08T22:43:37.962-0500] {dagbag.py:545} INFO - Filling up the DagBag from /opt/airflow/dags/dag_generar_catalogo_vuelos.py
[2026-07-08T22:43:38.532-0500] {processor.py:840} INFO - DAG(s) 'aerotrack_travel_catalogo_vuelos' retrieved from /opt/airflow/dags/dag_generar_catalogo_vuelos.py
[2026-07-08T22:43:38.561-0500] {logging_mixin.py:188} INFO - [2026-07-08T22:43:38.561-0500] {dag.py:3089} INFO - Sync 1 DAGs
[2026-07-08T22:43:38.577-0500] {logging_mixin.py:188} INFO - [2026-07-08T22:43:38.576-0500] {dag.py:3947} INFO - Setting next_dagrun for aerotrack_travel_catalogo_vuelos to 2026-07-09 00:00:00+00:00, run_after=2026-07-10 00:00:00+00:00
[2026-07-08T22:43:38.592-0500] {processor.py:183} INFO - Processing /opt/airflow/dags/dag_generar_catalogo_vuelos.py took 0.639 seconds
[2026-07-08T22:44:08.844-0500] {processor.py:161} INFO - Started process (PID=1575) to work on /opt/airflow/dags/dag_generar_catalogo_vuelos.py
[2026-07-08T22:44:08.844-0500] {processor.py:830} INFO - Processing file /opt/airflow/dags/dag_generar_catalogo_vuelos.py for tasks to queue
[2026-07-08T22:44:08.847-0500] {logging_mixin.py:188} INFO - [2026-07-08T22:44:08.847-0500] {dagbag.py:545} INFO - Filling up the DagBag from /opt/airflow/dags/dag_generar_catalogo_vuelos.py
[2026-07-08T22:44:09.408-0500] {processor.py:840} INFO - DAG(s) 'aerotrack_travel_catalogo_vuelos' retrieved from /opt/airflow/dags/dag_generar_catalogo_vuelos.py
[2026-07-08T22:44:09.439-0500] {logging_mixin.py:188} INFO - [2026-07-08T22:44:09.439-0500] {dag.py:3089} INFO - Sync 1 DAGs
[2026-07-08T22:44:09.453-0500] {logging_mixin.py:188} INFO - [2026-07-08T22:44:09.452-0500] {dag.py:3947} INFO - Setting next_dagrun for aerotrack_travel_catalogo_vuelos to 2026-07-09 00:00:00+00:00, run_after=2026-07-10 00:00:00+00:00
[2026-07-08T22:44:09.466-0500] {processor.py:183} INFO - Processing /opt/airflow/dags/dag_generar_catalogo_vuelos.py took 0.628 seconds
[2026-07-08T22:44:39.709-0500] {processor.py:161} INFO - Started process (PID=1592) to work on /opt/airflow/dags/dag_generar_catalogo_vuelos.py
[2026-07-08T22:44:39.710-0500] {processor.py:830} INFO - Processing file /opt/airflow/dags/dag_generar_catalogo_vuelos.py for tasks to queue
[2026-07-08T22:44:39.712-0500] {logging_mixin.py:188} INFO - [2026-07-08T22:44:39.712-0500] {dagbag.py:545} INFO - Filling up the DagBag from /opt/airflow/dags/dag_generar_catalogo_vuelos.py
[2026-07-08T22:44:40.217-0500] {processor.py:840} INFO - DAG(s) 'aerotrack_travel_catalogo_vuelos' retrieved from /opt/airflow/dags/dag_generar_catalogo_vuelos.py
[2026-07-08T22:44:40.243-0500] {logging_mixin.py:188} INFO - [2026-07-08T22:44:40.243-0500] {dag.py:3089} INFO - Sync 1 DAGs
[2026-07-08T22:44:40.256-0500] {logging_mixin.py:188} INFO - [2026-07-08T22:44:40.256-0500] {dag.py:3947} INFO - Setting next_dagrun for aerotrack_travel_catalogo_vuelos to 2026-07-09 00:00:00+00:00, run_after=2026-07-10 00:00:00+00:00
[2026-07-08T22:44:40.269-0500] {processor.py:183} INFO - Processing /opt/airflow/dags/dag_generar_catalogo_vuelos.py took 0.565 seconds
[2026-07-08T22:45:10.525-0500] {processor.py:161} INFO - Started process (PID=1609) to work on /opt/airflow/dags/dag_generar_catalogo_vuelos.py
[2026-07-08T22:45:10.526-0500] {processor.py:830} INFO - Processing file /opt/airflow/dags/dag_generar_catalogo_vuelos.py for tasks to queue
[2026-07-08T22:45:10.528-0500] {logging_mixin.py:188} INFO - [2026-07-08T22:45:10.528-0500] {dagbag.py:545} INFO - Filling up the DagBag from /opt/airflow/dags/dag_generar_catalogo_vuelos.py
[2026-07-08T22:45:11.084-0500] {processor.py:840} INFO - DAG(s) 'aerotrack_travel_catalogo_vuelos' retrieved from /opt/airflow/dags/dag_generar_catalogo_vuelos.py
[2026-07-08T22:45:11.113-0500] {logging_mixin.py:188} INFO - [2026-07-08T22:45:11.113-0500] {dag.py:3089} INFO - Sync 1 DAGs
[2026-07-08T22:45:11.129-0500] {logging_mixin.py:188} INFO - [2026-07-08T22:45:11.129-0500] {dag.py:3947} INFO - Setting next_dagrun for aerotrack_travel_catalogo_vuelos to 2026-07-09 00:00:00+00:00, run_after=2026-07-10 00:00:00+00:00
[2026-07-08T22:45:11.143-0500] {processor.py:183} INFO - Processing /opt/airflow/dags/dag_generar_catalogo_vuelos.py took 0.623 seconds
[2026-07-08T22:45:41.407-0500] {processor.py:161} INFO - Started process (PID=1626) to work on /opt/airflow/dags/dag_generar_catalogo_vuelos.py
[2026-07-08T22:45:41.408-0500] {processor.py:830} INFO - Processing file /opt/airflow/dags/dag_generar_catalogo_vuelos.py for tasks to queue
[2026-07-08T22:45:41.410-0500] {logging_mixin.py:188} INFO - [2026-07-08T22:45:41.410-0500] {dagbag.py:545} INFO - Filling up the DagBag from /opt/airflow/dags/dag_generar_catalogo_vuelos.py
[2026-07-08T22:45:42.002-0500] {processor.py:840} INFO - DAG(s) 'aerotrack_travel_catalogo_vuelos' retrieved from /opt/airflow/dags/dag_generar_catalogo_vuelos.py
[2026-07-08T22:45:42.029-0500] {logging_mixin.py:188} INFO - [2026-07-08T22:45:42.028-0500] {dag.py:3089} INFO - Sync 1 DAGs
[2026-07-08T22:45:42.044-0500] {logging_mixin.py:188} INFO - [2026-07-08T22:45:42.044-0500] {dag.py:3947} INFO - Setting next_dagrun for aerotrack_travel_catalogo_vuelos to 2026-07-09 00:00:00+00:00, run_after=2026-07-10 00:00:00+00:00
[2026-07-08T22:45:42.059-0500] {processor.py:183} INFO - Processing /opt/airflow/dags/dag_generar_catalogo_vuelos.py took 0.657 seconds
[2026-07-08T22:46:12.337-0500] {processor.py:161} INFO - Started process (PID=1643) to work on /opt/airflow/dags/dag_generar_catalogo_vuelos.py
[2026-07-08T22:46:12.338-0500] {processor.py:830} INFO - Processing file /opt/airflow/dags/dag_generar_catalogo_vuelos.py for tasks to queue
[2026-07-08T22:46:12.340-0500] {logging_mixin.py:188} INFO - [2026-07-08T22:46:12.340-0500] {dagbag.py:545} INFO - Filling up the DagBag from /opt/airflow/dags/dag_generar_catalogo_vuelos.py
[2026-07-08T22:46:12.938-0500] {processor.py:840} INFO - DAG(s) 'aerotrack_travel_catalogo_vuelos' retrieved from /opt/airflow/dags/dag_generar_catalogo_vuelos.py
[2026-07-08T22:46:12.974-0500] {logging_mixin.py:188} INFO - [2026-07-08T22:46:12.973-0500] {dag.py:3089} INFO - Sync 1 DAGs
[2026-07-08T22:46:12.988-0500] {logging_mixin.py:188} INFO - [2026-07-08T22:46:12.988-0500] {dag.py:3947} INFO - Setting next_dagrun for aerotrack_travel_catalogo_vuelos to 2026-07-09 00:00:00+00:00, run_after=2026-07-10 00:00:00+00:00
[2026-07-08T22:46:13.001-0500] {processor.py:183} INFO - Processing /opt/airflow/dags/dag_generar_catalogo_vuelos.py took 0.668 seconds
[2026-07-08T22:46:43.243-0500] {processor.py:161} INFO - Started process (PID=1660) to work on /opt/airflow/dags/dag_generar_catalogo_vuelos.py
[2026-07-08T22:46:43.244-0500] {processor.py:830} INFO - Processing file /opt/airflow/dags/dag_generar_catalogo_vuelos.py for tasks to queue
[2026-07-08T22:46:43.246-0500] {logging_mixin.py:188} INFO - [2026-07-08T22:46:43.246-0500] {dagbag.py:545} INFO - Filling up the DagBag from /opt/airflow/dags/dag_generar_catalogo_vuelos.py
[2026-07-08T22:46:43.829-0500] {processor.py:840} INFO - DAG(s) 'aerotrack_travel_catalogo_vuelos' retrieved from /opt/airflow/dags/dag_generar_catalogo_vuelos.py
[2026-07-08T22:46:43.854-0500] {logging_mixin.py:188} INFO - [2026-07-08T22:46:43.854-0500] {dag.py:3089} INFO - Sync 1 DAGs
[2026-07-08T22:46:43.868-0500] {logging_mixin.py:188} INFO - [2026-07-08T22:46:43.868-0500] {dag.py:3947} INFO - Setting next_dagrun for aerotrack_travel_catalogo_vuelos to 2026-07-09 00:00:00+00:00, run_after=2026-07-10 00:00:00+00:00
[2026-07-08T22:46:43.883-0500] {processor.py:183} INFO - Processing /opt/airflow/dags/dag_generar_catalogo_vuelos.py took 0.645 seconds
[2026-07-08T22:47:14.144-0500] {processor.py:161} INFO - Started process (PID=1677) to work on /opt/airflow/dags/dag_generar_catalogo_vuelos.py
[2026-07-08T22:47:14.145-0500] {processor.py:830} INFO - Processing file /opt/airflow/dags/dag_generar_catalogo_vuelos.py for tasks to queue
[2026-07-08T22:47:14.147-0500] {logging_mixin.py:188} INFO - [2026-07-08T22:47:14.146-0500] {dagbag.py:545} INFO - Filling up the DagBag from /opt/airflow/dags/dag_generar_catalogo_vuelos.py
[2026-07-08T22:47:14.731-0500] {processor.py:840} INFO - DAG(s) 'aerotrack_travel_catalogo_vuelos' retrieved from /opt/airflow/dags/dag_generar_catalogo_vuelos.py
[2026-07-08T22:47:14.762-0500] {logging_mixin.py:188} INFO - [2026-07-08T22:47:14.762-0500] {dag.py:3089} INFO - Sync 1 DAGs
[2026-07-08T22:47:14.778-0500] {logging_mixin.py:188} INFO - [2026-07-08T22:47:14.778-0500] {dag.py:3947} INFO - Setting next_dagrun for aerotrack_travel_catalogo_vuelos to 2026-07-09 00:00:00+00:00, run_after=2026-07-10 00:00:00+00:00
[2026-07-08T22:47:14.791-0500] {processor.py:183} INFO - Processing /opt/airflow/dags/dag_generar_catalogo_vuelos.py took 0.652 seconds
[2026-07-08T22:47:45.050-0500] {processor.py:161} INFO - Started process (PID=1694) to work on /opt/airflow/dags/dag_generar_catalogo_vuelos.py
[2026-07-08T22:47:45.051-0500] {processor.py:830} INFO - Processing file /opt/airflow/dags/dag_generar_catalogo_vuelos.py for tasks to queue
[2026-07-08T22:47:45.053-0500] {logging_mixin.py:188} INFO - [2026-07-08T22:47:45.052-0500] {dagbag.py:545} INFO - Filling up the DagBag from /opt/airflow/dags/dag_generar_catalogo_vuelos.py
[2026-07-08T22:47:45.663-0500] {processor.py:840} INFO - DAG(s) 'aerotrack_travel_catalogo_vuelos' retrieved from /opt/airflow/dags/dag_generar_catalogo_vuelos.py
[2026-07-08T22:47:45.688-0500] {logging_mixin.py:188} INFO - [2026-07-08T22:47:45.688-0500] {dag.py:3089} INFO - Sync 1 DAGs
[2026-07-08T22:47:45.704-0500] {logging_mixin.py:188} INFO - [2026-07-08T22:47:45.703-0500] {dag.py:3947} INFO - Setting next_dagrun for aerotrack_travel_catalogo_vuelos to 2026-07-09 00:00:00+00:00, run_after=2026-07-10 00:00:00+00:00
[2026-07-08T22:47:45.718-0500] {processor.py:183} INFO - Processing /opt/airflow/dags/dag_generar_catalogo_vuelos.py took 0.673 seconds
[2026-07-08T22:48:15.994-0500] {processor.py:161} INFO - Started process (PID=1711) to work on /opt/airflow/dags/dag_generar_catalogo_vuelos.py
[2026-07-08T22:48:15.995-0500] {processor.py:830} INFO - Processing file /opt/airflow/dags/dag_generar_catalogo_vuelos.py for tasks to queue
[2026-07-08T22:48:15.997-0500] {logging_mixin.py:188} INFO - [2026-07-08T22:48:15.997-0500] {dagbag.py:545} INFO - Filling up the DagBag from /opt/airflow/dags/dag_generar_catalogo_vuelos.py
[2026-07-08T22:48:16.659-0500] {processor.py:840} INFO - DAG(s) 'aerotrack_travel_catalogo_vuelos' retrieved from /opt/airflow/dags/dag_generar_catalogo_vuelos.py
[2026-07-08T22:48:16.689-0500] {logging_mixin.py:188} INFO - [2026-07-08T22:48:16.688-0500] {dag.py:3089} INFO - Sync 1 DAGs
[2026-07-08T22:48:16.714-0500] {logging_mixin.py:188} INFO - [2026-07-08T22:48:16.713-0500] {dag.py:3947} INFO - Setting next_dagrun for aerotrack_travel_catalogo_vuelos to 2026-07-09 00:00:00+00:00, run_after=2026-07-10 00:00:00+00:00
[2026-07-08T22:48:16.737-0500] {processor.py:183} INFO - Processing /opt/airflow/dags/dag_generar_catalogo_vuelos.py took 0.750 seconds
[2026-07-08T22:48:47.022-0500] {processor.py:161} INFO - Started process (PID=1728) to work on /opt/airflow/dags/dag_generar_catalogo_vuelos.py
[2026-07-08T22:48:47.023-0500] {processor.py:830} INFO - Processing file /opt/airflow/dags/dag_generar_catalogo_vuelos.py for tasks to queue
[2026-07-08T22:48:47.024-0500] {logging_mixin.py:188} INFO - [2026-07-08T22:48:47.024-0500] {dagbag.py:545} INFO - Filling up the DagBag from /opt/airflow/dags/dag_generar_catalogo_vuelos.py
[2026-07-08T22:48:47.644-0500] {processor.py:840} INFO - DAG(s) 'aerotrack_travel_catalogo_vuelos' retrieved from /opt/airflow/dags/dag_generar_catalogo_vuelos.py
[2026-07-08T22:48:47.676-0500] {logging_mixin.py:188} INFO - [2026-07-08T22:48:47.675-0500] {dag.py:3089} INFO - Sync 1 DAGs
[2026-07-08T22:48:47.692-0500] {logging_mixin.py:188} INFO - [2026-07-08T22:48:47.692-0500] {dag.py:3947} INFO - Setting next_dagrun for aerotrack_travel_catalogo_vuelos to 2026-07-09 00:00:00+00:00, run_after=2026-07-10 00:00:00+00:00
[2026-07-08T22:48:47.709-0500] {processor.py:183} INFO - Processing /opt/airflow/dags/dag_generar_catalogo_vuelos.py took 0.692 seconds
[2026-07-08T22:49:17.973-0500] {processor.py:161} INFO - Started process (PID=1745) to work on /opt/airflow/dags/dag_generar_catalogo_vuelos.py
[2026-07-08T22:49:17.974-0500] {processor.py:830} INFO - Processing file /opt/airflow/dags/dag_generar_catalogo_vuelos.py for tasks to queue
[2026-07-08T22:49:17.976-0500] {logging_mixin.py:188} INFO - [2026-07-08T22:49:17.975-0500] {dagbag.py:545} INFO - Filling up the DagBag from /opt/airflow/dags/dag_generar_catalogo_vuelos.py
[2026-07-08T22:49:18.487-0500] {processor.py:840} INFO - DAG(s) 'aerotrack_travel_catalogo_vuelos' retrieved from /opt/airflow/dags/dag_generar_catalogo_vuelos.py
[2026-07-08T22:49:18.511-0500] {logging_mixin.py:188} INFO - [2026-07-08T22:49:18.511-0500] {dag.py:3089} INFO - Sync 1 DAGs
[2026-07-08T22:49:18.525-0500] {logging_mixin.py:188} INFO - [2026-07-08T22:49:18.525-0500] {dag.py:3947} INFO - Setting next_dagrun for aerotrack_travel_catalogo_vuelos to 2026-07-09 00:00:00+00:00, run_after=2026-07-10 00:00:00+00:00
[2026-07-08T22:49:18.537-0500] {processor.py:183} INFO - Processing /opt/airflow/dags/dag_generar_catalogo_vuelos.py took 0.568 seconds
[2026-07-08T22:49:48.778-0500] {processor.py:161} INFO - Started process (PID=1762) to work on /opt/airflow/dags/dag_generar_catalogo_vuelos.py
[2026-07-08T22:49:48.779-0500] {processor.py:830} INFO - Processing file /opt/airflow/dags/dag_generar_catalogo_vuelos.py for tasks to queue
[2026-07-08T22:49:48.781-0500] {logging_mixin.py:188} INFO - [2026-07-08T22:49:48.780-0500] {dagbag.py:545} INFO - Filling up the DagBag from /opt/airflow/dags/dag_generar_catalogo_vuelos.py
[2026-07-08T22:49:49.373-0500] {processor.py:840} INFO - DAG(s) 'aerotrack_travel_catalogo_vuelos' retrieved from /opt/airflow/dags/dag_generar_catalogo_vuelos.py
[2026-07-08T22:49:49.399-0500] {logging_mixin.py:188} INFO - [2026-07-08T22:49:49.398-0500] {dag.py:3089} INFO - Sync 1 DAGs
[2026-07-08T22:49:49.413-0500] {logging_mixin.py:188} INFO - [2026-07-08T22:49:49.413-0500] {dag.py:3947} INFO - Setting next_dagrun for aerotrack_travel_catalogo_vuelos to 2026-07-09 00:00:00+00:00, run_after=2026-07-10 00:00:00+00:00
[2026-07-08T22:49:49.426-0500] {processor.py:183} INFO - Processing /opt/airflow/dags/dag_generar_catalogo_vuelos.py took 0.652 seconds
[2026-07-08T22:50:19.669-0500] {processor.py:161} INFO - Started process (PID=1779) to work on /opt/airflow/dags/dag_generar_catalogo_vuelos.py
[2026-07-08T22:50:19.670-0500] {processor.py:830} INFO - Processing file /opt/airflow/dags/dag_generar_catalogo_vuelos.py for tasks to queue
[2026-07-08T22:50:19.673-0500] {logging_mixin.py:188} INFO - [2026-07-08T22:50:19.672-0500] {dagbag.py:545} INFO - Filling up the DagBag from /opt/airflow/dags/dag_generar_catalogo_vuelos.py
[2026-07-08T22:50:20.428-0500] {processor.py:840} INFO - DAG(s) 'aerotrack_travel_catalogo_vuelos' retrieved from /opt/airflow/dags/dag_generar_catalogo_vuelos.py
[2026-07-08T22:50:20.464-0500] {logging_mixin.py:188} INFO - [2026-07-08T22:50:20.463-0500] {dag.py:3089} INFO - Sync 1 DAGs
[2026-07-08T22:50:20.485-0500] {logging_mixin.py:188} INFO - [2026-07-08T22:50:20.484-0500] {dag.py:3947} INFO - Setting next_dagrun for aerotrack_travel_catalogo_vuelos to 2026-07-09 00:00:00+00:00, run_after=2026-07-10 00:00:00+00:00
[2026-07-08T22:50:20.516-0500] {processor.py:183} INFO - Processing /opt/airflow/dags/dag_generar_catalogo_vuelos.py took 0.852 seconds
[2026-07-08T22:50:50.796-0500] {processor.py:161} INFO - Started process (PID=1796) to work on /opt/airflow/dags/dag_generar_catalogo_vuelos.py
[2026-07-08T22:50:50.796-0500] {processor.py:830} INFO - Processing file /opt/airflow/dags/dag_generar_catalogo_vuelos.py for tasks to queue
[2026-07-08T22:50:50.798-0500] {logging_mixin.py:188} INFO - [2026-07-08T22:50:50.798-0500] {dagbag.py:545} INFO - Filling up the DagBag from /opt/airflow/dags/dag_generar_catalogo_vuelos.py
[2026-07-08T22:50:51.362-0500] {processor.py:840} INFO - DAG(s) 'aerotrack_travel_catalogo_vuelos' retrieved from /opt/airflow/dags/dag_generar_catalogo_vuelos.py
[2026-07-08T22:50:51.407-0500] {logging_mixin.py:188} INFO - [2026-07-08T22:50:51.407-0500] {dag.py:3089} INFO - Sync 1 DAGs
[2026-07-08T22:50:51.422-0500] {logging_mixin.py:188} INFO - [2026-07-08T22:50:51.422-0500] {dag.py:3947} INFO - Setting next_dagrun for aerotrack_travel_catalogo_vuelos to 2026-07-09 00:00:00+00:00, run_after=2026-07-10 00:00:00+00:00
[2026-07-08T22:50:51.438-0500] {processor.py:183} INFO - Processing /opt/airflow/dags/dag_generar_catalogo_vuelos.py took 0.646 seconds
[2026-07-08T22:51:21.755-0500] {processor.py:161} INFO - Started process (PID=1813) to work on /opt/airflow/dags/dag_generar_catalogo_vuelos.py
[2026-07-08T22:51:21.756-0500] {processor.py:830} INFO - Processing file /opt/airflow/dags/dag_generar_catalogo_vuelos.py for tasks to queue
[2026-07-08T22:51:21.757-0500] {logging_mixin.py:188} INFO - [2026-07-08T22:51:21.757-0500] {dagbag.py:545} INFO - Filling up the DagBag from /opt/airflow/dags/dag_generar_catalogo_vuelos.py
[2026-07-08T22:51:22.563-0500] {processor.py:840} INFO - DAG(s) 'aerotrack_travel_catalogo_vuelos' retrieved from /opt/airflow/dags/dag_generar_catalogo_vuelos.py
[2026-07-08T22:51:22.617-0500] {logging_mixin.py:188} INFO - [2026-07-08T22:51:22.617-0500] {dag.py:3089} INFO - Sync 1 DAGs
[2026-07-08T22:51:22.647-0500] {logging_mixin.py:188} INFO - [2026-07-08T22:51:22.646-0500] {dag.py:3947} INFO - Setting next_dagrun for aerotrack_travel_catalogo_vuelos to 2026-07-09 00:00:00+00:00, run_after=2026-07-10 00:00:00+00:00
[2026-07-08T22:51:22.681-0500] {processor.py:183} INFO - Processing /opt/airflow/dags/dag_generar_catalogo_vuelos.py took 0.931 seconds
[2026-07-08T22:51:52.966-0500] {processor.py:161} INFO - Started process (PID=1830) to work on /opt/airflow/dags/dag_generar_catalogo_vuelos.py
[2026-07-08T22:51:52.967-0500] {processor.py:830} INFO - Processing file /opt/airflow/dags/dag_generar_catalogo_vuelos.py for tasks to queue
[2026-07-08T22:51:52.969-0500] {logging_mixin.py:188} INFO - [2026-07-08T22:51:52.969-0500] {dagbag.py:545} INFO - Filling up the DagBag from /opt/airflow/dags/dag_generar_catalogo_vuelos.py
[2026-07-08T22:51:53.555-0500] {processor.py:840} INFO - DAG(s) 'aerotrack_travel_catalogo_vuelos' retrieved from /opt/airflow/dags/dag_generar_catalogo_vuelos.py
[2026-07-08T22:51:53.587-0500] {logging_mixin.py:188} INFO - [2026-07-08T22:51:53.587-0500] {dag.py:3089} INFO - Sync 1 DAGs
[2026-07-08T22:51:53.601-0500] {logging_mixin.py:188} INFO - [2026-07-08T22:51:53.601-0500] {dag.py:3947} INFO - Setting next_dagrun for aerotrack_travel_catalogo_vuelos to 2026-07-09 00:00:00+00:00, run_after=2026-07-10 00:00:00+00:00
[2026-07-08T22:51:53.615-0500] {processor.py:183} INFO - Processing /opt/airflow/dags/dag_generar_catalogo_vuelos.py took 0.654 seconds
[2026-07-08T22:52:23.857-0500] {processor.py:161} INFO - Started process (PID=1847) to work on /opt/airflow/dags/dag_generar_catalogo_vuelos.py
[2026-07-08T22:52:23.857-0500] {processor.py:830} INFO - Processing file /opt/airflow/dags/dag_generar_catalogo_vuelos.py for tasks to queue
[2026-07-08T22:52:23.859-0500] {logging_mixin.py:188} INFO - [2026-07-08T22:52:23.859-0500] {dagbag.py:545} INFO - Filling up the DagBag from /opt/airflow/dags/dag_generar_catalogo_vuelos.py
[2026-07-08T22:52:24.445-0500] {processor.py:840} INFO - DAG(s) 'aerotrack_travel_catalogo_vuelos' retrieved from /opt/airflow/dags/dag_generar_catalogo_vuelos.py
[2026-07-08T22:52:24.469-0500] {logging_mixin.py:188} INFO - [2026-07-08T22:52:24.468-0500] {dag.py:3089} INFO - Sync 1 DAGs
[2026-07-08T22:52:24.483-0500] {logging_mixin.py:188} INFO - [2026-07-08T22:52:24.483-0500] {dag.py:3947} INFO - Setting next_dagrun for aerotrack_travel_catalogo_vuelos to 2026-07-09 00:00:00+00:00, run_after=2026-07-10 00:00:00+00:00
[2026-07-08T22:52:24.497-0500] {processor.py:183} INFO - Processing /opt/airflow/dags/dag_generar_catalogo_vuelos.py took 0.644 seconds
[2026-07-08T22:52:54.734-0500] {processor.py:161} INFO - Started process (PID=1864) to work on /opt/airflow/dags/dag_generar_catalogo_vuelos.py
[2026-07-08T22:52:54.735-0500] {processor.py:830} INFO - Processing file /opt/airflow/dags/dag_generar_catalogo_vuelos.py for tasks to queue
[2026-07-08T22:52:54.737-0500] {logging_mixin.py:188} INFO - [2026-07-08T22:52:54.737-0500] {dagbag.py:545} INFO - Filling up the DagBag from /opt/airflow/dags/dag_generar_catalogo_vuelos.py
[2026-07-08T22:52:55.312-0500] {processor.py:840} INFO - DAG(s) 'aerotrack_travel_catalogo_vuelos' retrieved from /opt/airflow/dags/dag_generar_catalogo_vuelos.py
[2026-07-08T22:52:55.340-0500] {logging_mixin.py:188} INFO - [2026-07-08T22:52:55.340-0500] {dag.py:3089} INFO - Sync 1 DAGs
[2026-07-08T22:52:55.357-0500] {logging_mixin.py:188} INFO - [2026-07-08T22:52:55.356-0500] {dag.py:3947} INFO - Setting next_dagrun for aerotrack_travel_catalogo_vuelos to 2026-07-09 00:00:00+00:00, run_after=2026-07-10 00:00:00+00:00
[2026-07-08T22:52:55.370-0500] {processor.py:183} INFO - Processing /opt/airflow/dags/dag_generar_catalogo_vuelos.py took 0.641 seconds
[2026-07-08T22:53:25.610-0500] {processor.py:161} INFO - Started process (PID=1881) to work on /opt/airflow/dags/dag_generar_catalogo_vuelos.py
[2026-07-08T22:53:25.610-0500] {processor.py:830} INFO - Processing file /opt/airflow/dags/dag_generar_catalogo_vuelos.py for tasks to queue
[2026-07-08T22:53:25.612-0500] {logging_mixin.py:188} INFO - [2026-07-08T22:53:25.612-0500] {dagbag.py:545} INFO - Filling up the DagBag from /opt/airflow/dags/dag_generar_catalogo_vuelos.py
[2026-07-08T22:53:26.138-0500] {processor.py:840} INFO - DAG(s) 'aerotrack_travel_catalogo_vuelos' retrieved from /opt/airflow/dags/dag_generar_catalogo_vuelos.py
[2026-07-08T22:53:26.168-0500] {logging_mixin.py:188} INFO - [2026-07-08T22:53:26.167-0500] {dag.py:3089} INFO - Sync 1 DAGs
[2026-07-08T22:53:26.182-0500] {logging_mixin.py:188} INFO - [2026-07-08T22:53:26.182-0500] {dag.py:3947} INFO - Setting next_dagrun for aerotrack_travel_catalogo_vuelos to 2026-07-09 00:00:00+00:00, run_after=2026-07-10 00:00:00+00:00
[2026-07-08T22:53:26.195-0500] {processor.py:183} INFO - Processing /opt/airflow/dags/dag_generar_catalogo_vuelos.py took 0.590 seconds
[2026-07-08T22:53:56.431-0500] {processor.py:161} INFO - Started process (PID=1898) to work on /opt/airflow/dags/dag_generar_catalogo_vuelos.py
[2026-07-08T22:53:56.432-0500] {processor.py:830} INFO - Processing file /opt/airflow/dags/dag_generar_catalogo_vuelos.py for tasks to queue
[2026-07-08T22:53:56.433-0500] {logging_mixin.py:188} INFO - [2026-07-08T22:53:56.433-0500] {dagbag.py:545} INFO - Filling up the DagBag from /opt/airflow/dags/dag_generar_catalogo_vuelos.py
[2026-07-08T22:53:56.980-0500] {processor.py:840} INFO - DAG(s) 'aerotrack_travel_catalogo_vuelos' retrieved from /opt/airflow/dags/dag_generar_catalogo_vuelos.py
[2026-07-08T22:53:57.007-0500] {logging_mixin.py:188} INFO - [2026-07-08T22:53:57.007-0500] {dag.py:3089} INFO - Sync 1 DAGs
[2026-07-08T22:53:57.022-0500] {logging_mixin.py:188} INFO - [2026-07-08T22:53:57.022-0500] {dag.py:3947} INFO - Setting next_dagrun for aerotrack_travel_catalogo_vuelos to 2026-07-09 00:00:00+00:00, run_after=2026-07-10 00:00:00+00:00
[2026-07-08T22:53:57.036-0500] {processor.py:183} INFO - Processing /opt/airflow/dags/dag_generar_catalogo_vuelos.py took 0.610 seconds
[2026-07-08T22:54:27.279-0500] {processor.py:161} INFO - Started process (PID=1915) to work on /opt/airflow/dags/dag_generar_catalogo_vuelos.py
[2026-07-08T22:54:27.280-0500] {processor.py:830} INFO - Processing file /opt/airflow/dags/dag_generar_catalogo_vuelos.py for tasks to queue
[2026-07-08T22:54:27.282-0500] {logging_mixin.py:188} INFO - [2026-07-08T22:54:27.282-0500] {dagbag.py:545} INFO - Filling up the DagBag from /opt/airflow/dags/dag_generar_catalogo_vuelos.py
[2026-07-08T22:54:27.889-0500] {processor.py:840} INFO - DAG(s) 'aerotrack_travel_catalogo_vuelos' retrieved from /opt/airflow/dags/dag_generar_catalogo_vuelos.py
[2026-07-08T22:54:27.921-0500] {logging_mixin.py:188} INFO - [2026-07-08T22:54:27.920-0500] {dag.py:3089} INFO - Sync 1 DAGs
[2026-07-08T22:54:27.939-0500] {logging_mixin.py:188} INFO - [2026-07-08T22:54:27.939-0500] {dag.py:3947} INFO - Setting next_dagrun for aerotrack_travel_catalogo_vuelos to 2026-07-09 00:00:00+00:00, run_after=2026-07-10 00:00:00+00:00
[2026-07-08T22:54:27.954-0500] {processor.py:183} INFO - Processing /opt/airflow/dags/dag_generar_catalogo_vuelos.py took 0.680 seconds
[2026-07-08T22:54:58.231-0500] {processor.py:161} INFO - Started process (PID=1932) to work on /opt/airflow/dags/dag_generar_catalogo_vuelos.py
[2026-07-08T22:54:58.232-0500] {processor.py:830} INFO - Processing file /opt/airflow/dags/dag_generar_catalogo_vuelos.py for tasks to queue
[2026-07-08T22:54:58.234-0500] {logging_mixin.py:188} INFO - [2026-07-08T22:54:58.233-0500] {dagbag.py:545} INFO - Filling up the DagBag from /opt/airflow/dags/dag_generar_catalogo_vuelos.py
[2026-07-08T22:54:58.759-0500] {processor.py:840} INFO - DAG(s) 'aerotrack_travel_catalogo_vuelos' retrieved from /opt/airflow/dags/dag_generar_catalogo_vuelos.py
[2026-07-08T22:54:58.787-0500] {logging_mixin.py:188} INFO - [2026-07-08T22:54:58.787-0500] {dag.py:3089} INFO - Sync 1 DAGs
[2026-07-08T22:54:58.802-0500] {logging_mixin.py:188} INFO - [2026-07-08T22:54:58.802-0500] {dag.py:3947} INFO - Setting next_dagrun for aerotrack_travel_catalogo_vuelos to 2026-07-09 00:00:00+00:00, run_after=2026-07-10 00:00:00+00:00
[2026-07-08T22:54:58.815-0500] {processor.py:183} INFO - Processing /opt/airflow/dags/dag_generar_catalogo_vuelos.py took 0.589 seconds
[2026-07-08T22:55:29.065-0500] {processor.py:161} INFO - Started process (PID=1949) to work on /opt/airflow/dags/dag_generar_catalogo_vuelos.py
[2026-07-08T22:55:29.066-0500] {processor.py:830} INFO - Processing file /opt/airflow/dags/dag_generar_catalogo_vuelos.py for tasks to queue
[2026-07-08T22:55:29.068-0500] {logging_mixin.py:188} INFO - [2026-07-08T22:55:29.067-0500] {dagbag.py:545} INFO - Filling up the DagBag from /opt/airflow/dags/dag_generar_catalogo_vuelos.py
[2026-07-08T22:55:29.610-0500] {processor.py:840} INFO - DAG(s) 'aerotrack_travel_catalogo_vuelos' retrieved from /opt/airflow/dags/dag_generar_catalogo_vuelos.py
[2026-07-08T22:55:29.638-0500] {logging_mixin.py:188} INFO - [2026-07-08T22:55:29.638-0500] {dag.py:3089} INFO - Sync 1 DAGs
[2026-07-08T22:55:29.653-0500] {logging_mixin.py:188} INFO - [2026-07-08T22:55:29.653-0500] {dag.py:3947} INFO - Setting next_dagrun for aerotrack_travel_catalogo_vuelos to 2026-07-09 00:00:00+00:00, run_after=2026-07-10 00:00:00+00:00
[2026-07-08T22:55:29.667-0500] {processor.py:183} INFO - Processing /opt/airflow/dags/dag_generar_catalogo_vuelos.py took 0.606 seconds
[2026-07-08T22:55:59.911-0500] {processor.py:161} INFO - Started process (PID=1966) to work on /opt/airflow/dags/dag_generar_catalogo_vuelos.py
[2026-07-08T22:55:59.912-0500] {processor.py:830} INFO - Processing file /opt/airflow/dags/dag_generar_catalogo_vuelos.py for tasks to queue
[2026-07-08T22:55:59.914-0500] {logging_mixin.py:188} INFO - [2026-07-08T22:55:59.913-0500] {dagbag.py:545} INFO - Filling up the DagBag from /opt/airflow/dags/dag_generar_catalogo_vuelos.py
[2026-07-08T22:56:00.457-0500] {processor.py:840} INFO - DAG(s) 'aerotrack_travel_catalogo_vuelos' retrieved from /opt/airflow/dags/dag_generar_catalogo_vuelos.py
[2026-07-08T22:56:00.482-0500] {logging_mixin.py:188} INFO - [2026-07-08T22:56:00.482-0500] {dag.py:3089} INFO - Sync 1 DAGs
[2026-07-08T22:56:00.497-0500] {logging_mixin.py:188} INFO - [2026-07-08T22:56:00.496-0500] {dag.py:3947} INFO - Setting next_dagrun for aerotrack_travel_catalogo_vuelos to 2026-07-09 00:00:00+00:00, run_after=2026-07-10 00:00:00+00:00
[2026-07-08T22:56:00.512-0500] {processor.py:183} INFO - Processing /opt/airflow/dags/dag_generar_catalogo_vuelos.py took 0.605 seconds
[2026-07-08T22:56:30.822-0500] {processor.py:161} INFO - Started process (PID=1983) to work on /opt/airflow/dags/dag_generar_catalogo_vuelos.py
[2026-07-08T22:56:30.823-0500] {processor.py:830} INFO - Processing file /opt/airflow/dags/dag_generar_catalogo_vuelos.py for tasks to queue
[2026-07-08T22:56:30.825-0500] {logging_mixin.py:188} INFO - [2026-07-08T22:56:30.824-0500] {dagbag.py:545} INFO - Filling up the DagBag from /opt/airflow/dags/dag_generar_catalogo_vuelos.py
[2026-07-08T22:56:31.377-0500] {processor.py:840} INFO - DAG(s) 'aerotrack_travel_catalogo_vuelos' retrieved from /opt/airflow/dags/dag_generar_catalogo_vuelos.py
[2026-07-08T22:56:31.401-0500] {logging_mixin.py:188} INFO - [2026-07-08T22:56:31.401-0500] {dag.py:3089} INFO - Sync 1 DAGs
[2026-07-08T22:56:31.416-0500] {logging_mixin.py:188} INFO - [2026-07-08T22:56:31.416-0500] {dag.py:3947} INFO - Setting next_dagrun for aerotrack_travel_catalogo_vuelos to 2026-07-09 00:00:00+00:00, run_after=2026-07-10 00:00:00+00:00
[2026-07-08T22:56:31.431-0500] {processor.py:183} INFO - Processing /opt/airflow/dags/dag_generar_catalogo_vuelos.py took 0.613 seconds
[2026-07-08T22:57:01.686-0500] {processor.py:161} INFO - Started process (PID=2000) to work on /opt/airflow/dags/dag_generar_catalogo_vuelos.py
[2026-07-08T22:57:01.687-0500] {processor.py:830} INFO - Processing file /opt/airflow/dags/dag_generar_catalogo_vuelos.py for tasks to queue
[2026-07-08T22:57:01.689-0500] {logging_mixin.py:188} INFO - [2026-07-08T22:57:01.689-0500] {dagbag.py:545} INFO - Filling up the DagBag from /opt/airflow/dags/dag_generar_catalogo_vuelos.py
[2026-07-08T22:57:02.302-0500] {processor.py:840} INFO - DAG(s) 'aerotrack_travel_catalogo_vuelos' retrieved from /opt/airflow/dags/dag_generar_catalogo_vuelos.py
[2026-07-08T22:57:02.336-0500] {logging_mixin.py:188} INFO - [2026-07-08T22:57:02.336-0500] {dag.py:3089} INFO - Sync 1 DAGs
[2026-07-08T22:57:02.355-0500] {logging_mixin.py:188} INFO - [2026-07-08T22:57:02.355-0500] {dag.py:3947} INFO - Setting next_dagrun for aerotrack_travel_catalogo_vuelos to 2026-07-09 00:00:00+00:00, run_after=2026-07-10 00:00:00+00:00
[2026-07-08T22:57:02.383-0500] {processor.py:183} INFO - Processing /opt/airflow/dags/dag_generar_catalogo_vuelos.py took 0.701 seconds
[2026-07-08T22:57:32.638-0500] {processor.py:161} INFO - Started process (PID=2017) to work on /opt/airflow/dags/dag_generar_catalogo_vuelos.py
[2026-07-08T22:57:32.639-0500] {processor.py:830} INFO - Processing file /opt/airflow/dags/dag_generar_catalogo_vuelos.py for tasks to queue
[2026-07-08T22:57:32.640-0500] {logging_mixin.py:188} INFO - [2026-07-08T22:57:32.640-0500] {dagbag.py:545} INFO - Filling up the DagBag from /opt/airflow/dags/dag_generar_catalogo_vuelos.py
[2026-07-08T22:57:33.209-0500] {processor.py:840} INFO - DAG(s) 'aerotrack_travel_catalogo_vuelos' retrieved from /opt/airflow/dags/dag_generar_catalogo_vuelos.py
[2026-07-08T22:57:33.239-0500] {logging_mixin.py:188} INFO - [2026-07-08T22:57:33.239-0500] {dag.py:3089} INFO - Sync 1 DAGs
[2026-07-08T22:57:33.257-0500] {logging_mixin.py:188} INFO - [2026-07-08T22:57:33.257-0500] {dag.py:3947} INFO - Setting next_dagrun for aerotrack_travel_catalogo_vuelos to 2026-07-09 00:00:00+00:00, run_after=2026-07-10 00:00:00+00:00
[2026-07-08T22:57:33.274-0500] {processor.py:183} INFO - Processing /opt/airflow/dags/dag_generar_catalogo_vuelos.py took 0.641 seconds
[2026-07-08T22:58:03.529-0500] {processor.py:161} INFO - Started process (PID=2034) to work on /opt/airflow/dags/dag_generar_catalogo_vuelos.py
[2026-07-08T22:58:03.530-0500] {processor.py:830} INFO - Processing file /opt/airflow/dags/dag_generar_catalogo_vuelos.py for tasks to queue
[2026-07-08T22:58:03.531-0500] {logging_mixin.py:188} INFO - [2026-07-08T22:58:03.531-0500] {dagbag.py:545} INFO - Filling up the DagBag from /opt/airflow/dags/dag_generar_catalogo_vuelos.py
[2026-07-08T22:58:04.040-0500] {processor.py:840} INFO - DAG(s) 'aerotrack_travel_catalogo_vuelos' retrieved from /opt/airflow/dags/dag_generar_catalogo_vuelos.py
[2026-07-08T22:58:04.063-0500] {logging_mixin.py:188} INFO - [2026-07-08T22:58:04.063-0500] {dag.py:3089} INFO - Sync 1 DAGs
[2026-07-08T22:58:04.076-0500] {logging_mixin.py:188} INFO - [2026-07-08T22:58:04.076-0500] {dag.py:3947} INFO - Setting next_dagrun for aerotrack_travel_catalogo_vuelos to 2026-07-09 00:00:00+00:00, run_after=2026-07-10 00:00:00+00:00
[2026-07-08T22:58:04.088-0500] {processor.py:183} INFO - Processing /opt/airflow/dags/dag_generar_catalogo_vuelos.py took 0.563 seconds
[2026-07-08T22:58:34.351-0500] {processor.py:161} INFO - Started process (PID=2051) to work on /opt/airflow/dags/dag_generar_catalogo_vuelos.py
[2026-07-08T22:58:34.352-0500] {processor.py:830} INFO - Processing file /opt/airflow/dags/dag_generar_catalogo_vuelos.py for tasks to queue
[2026-07-08T22:58:34.355-0500] {logging_mixin.py:188} INFO - [2026-07-08T22:58:34.354-0500] {dagbag.py:545} INFO - Filling up the DagBag from /opt/airflow/dags/dag_generar_catalogo_vuelos.py
[2026-07-08T22:58:35.000-0500] {processor.py:840} INFO - DAG(s) 'aerotrack_travel_catalogo_vuelos' retrieved from /opt/airflow/dags/dag_generar_catalogo_vuelos.py
[2026-07-08T22:58:35.029-0500] {logging_mixin.py:188} INFO - [2026-07-08T22:58:35.028-0500] {dag.py:3089} INFO - Sync 1 DAGs
[2026-07-08T22:58:35.044-0500] {logging_mixin.py:188} INFO - [2026-07-08T22:58:35.044-0500] {dag.py:3947} INFO - Setting next_dagrun for aerotrack_travel_catalogo_vuelos to 2026-07-09 00:00:00+00:00, run_after=2026-07-10 00:00:00+00:00
[2026-07-08T22:58:35.061-0500] {processor.py:183} INFO - Processing /opt/airflow/dags/dag_generar_catalogo_vuelos.py took 0.720 seconds
[2026-07-08T22:59:05.314-0500] {processor.py:161} INFO - Started process (PID=2068) to work on /opt/airflow/dags/dag_generar_catalogo_vuelos.py
[2026-07-08T22:59:05.315-0500] {processor.py:830} INFO - Processing file /opt/airflow/dags/dag_generar_catalogo_vuelos.py for tasks to queue
[2026-07-08T22:59:05.316-0500] {logging_mixin.py:188} INFO - [2026-07-08T22:59:05.316-0500] {dagbag.py:545} INFO - Filling up the DagBag from /opt/airflow/dags/dag_generar_catalogo_vuelos.py
[2026-07-08T22:59:05.955-0500] {processor.py:840} INFO - DAG(s) 'aerotrack_travel_catalogo_vuelos' retrieved from /opt/airflow/dags/dag_generar_catalogo_vuelos.py
[2026-07-08T22:59:06.017-0500] {logging_mixin.py:188} INFO - [2026-07-08T22:59:06.016-0500] {dag.py:3089} INFO - Sync 1 DAGs
[2026-07-08T22:59:06.049-0500] {logging_mixin.py:188} INFO - [2026-07-08T22:59:06.049-0500] {dag.py:3947} INFO - Setting next_dagrun for aerotrack_travel_catalogo_vuelos to 2026-07-09 00:00:00+00:00, run_after=2026-07-10 00:00:00+00:00
[2026-07-08T22:59:06.068-0500] {processor.py:183} INFO - Processing /opt/airflow/dags/dag_generar_catalogo_vuelos.py took 0.759 seconds
[2026-07-08T22:59:36.314-0500] {processor.py:161} INFO - Started process (PID=2085) to work on /opt/airflow/dags/dag_generar_catalogo_vuelos.py
[2026-07-08T22:59:36.315-0500] {processor.py:830} INFO - Processing file /opt/airflow/dags/dag_generar_catalogo_vuelos.py for tasks to queue
[2026-07-08T22:59:36.317-0500] {logging_mixin.py:188} INFO - [2026-07-08T22:59:36.317-0500] {dagbag.py:545} INFO - Filling up the DagBag from /opt/airflow/dags/dag_generar_catalogo_vuelos.py
[2026-07-08T22:59:36.877-0500] {processor.py:840} INFO - DAG(s) 'aerotrack_travel_catalogo_vuelos' retrieved from /opt/airflow/dags/dag_generar_catalogo_vuelos.py
[2026-07-08T22:59:36.907-0500] {logging_mixin.py:188} INFO - [2026-07-08T22:59:36.907-0500] {dag.py:3089} INFO - Sync 1 DAGs
[2026-07-08T22:59:36.923-0500] {logging_mixin.py:188} INFO - [2026-07-08T22:59:36.923-0500] {dag.py:3947} INFO - Setting next_dagrun for aerotrack_travel_catalogo_vuelos to 2026-07-09 00:00:00+00:00, run_after=2026-07-10 00:00:00+00:00
[2026-07-08T22:59:36.940-0500] {processor.py:183} INFO - Processing /opt/airflow/dags/dag_generar_catalogo_vuelos.py took 0.630 seconds
[2026-07-08T23:00:07.183-0500] {processor.py:161} INFO - Started process (PID=2102) to work on /opt/airflow/dags/dag_generar_catalogo_vuelos.py
[2026-07-08T23:00:07.183-0500] {processor.py:830} INFO - Processing file /opt/airflow/dags/dag_generar_catalogo_vuelos.py for tasks to queue
[2026-07-08T23:00:07.185-0500] {logging_mixin.py:188} INFO - [2026-07-08T23:00:07.185-0500] {dagbag.py:545} INFO - Filling up the DagBag from /opt/airflow/dags/dag_generar_catalogo_vuelos.py
[2026-07-08T23:00:07.721-0500] {processor.py:840} INFO - DAG(s) 'aerotrack_travel_catalogo_vuelos' retrieved from /opt/airflow/dags/dag_generar_catalogo_vuelos.py
[2026-07-08T23:00:07.745-0500] {logging_mixin.py:188} INFO - [2026-07-08T23:00:07.745-0500] {dag.py:3089} INFO - Sync 1 DAGs
[2026-07-08T23:00:07.760-0500] {logging_mixin.py:188} INFO - [2026-07-08T23:00:07.760-0500] {dag.py:3947} INFO - Setting next_dagrun for aerotrack_travel_catalogo_vuelos to 2026-07-09 00:00:00+00:00, run_after=2026-07-10 00:00:00+00:00
[2026-07-08T23:00:07.772-0500] {processor.py:183} INFO - Processing /opt/airflow/dags/dag_generar_catalogo_vuelos.py took 0.594 seconds
[2026-07-08T23:00:38.027-0500] {processor.py:161} INFO - Started process (PID=2119) to work on /opt/airflow/dags/dag_generar_catalogo_vuelos.py
[2026-07-08T23:00:38.028-0500] {processor.py:830} INFO - Processing file /opt/airflow/dags/dag_generar_catalogo_vuelos.py for tasks to queue
[2026-07-08T23:00:38.030-0500] {logging_mixin.py:188} INFO - [2026-07-08T23:00:38.030-0500] {dagbag.py:545} INFO - Filling up the DagBag from /opt/airflow/dags/dag_generar_catalogo_vuelos.py
[2026-07-08T23:00:38.592-0500] {processor.py:840} INFO - DAG(s) 'aerotrack_travel_catalogo_vuelos' retrieved from /opt/airflow/dags/dag_generar_catalogo_vuelos.py
[2026-07-08T23:00:38.616-0500] {logging_mixin.py:188} INFO - [2026-07-08T23:00:38.615-0500] {dag.py:3089} INFO - Sync 1 DAGs
[2026-07-08T23:00:38.631-0500] {logging_mixin.py:188} INFO - [2026-07-08T23:00:38.630-0500] {dag.py:3947} INFO - Setting next_dagrun for aerotrack_travel_catalogo_vuelos to 2026-07-09 00:00:00+00:00, run_after=2026-07-10 00:00:00+00:00
[2026-07-08T23:00:38.646-0500] {processor.py:183} INFO - Processing /opt/airflow/dags/dag_generar_catalogo_vuelos.py took 0.623 seconds
[2026-07-08T23:01:09.026-0500] {processor.py:161} INFO - Started process (PID=2136) to work on /opt/airflow/dags/dag_generar_catalogo_vuelos.py
[2026-07-08T23:01:09.027-0500] {processor.py:830} INFO - Processing file /opt/airflow/dags/dag_generar_catalogo_vuelos.py for tasks to queue
[2026-07-08T23:01:09.029-0500] {logging_mixin.py:188} INFO - [2026-07-08T23:01:09.028-0500] {dagbag.py:545} INFO - Filling up the DagBag from /opt/airflow/dags/dag_generar_catalogo_vuelos.py
[2026-07-08T23:01:09.685-0500] {processor.py:840} INFO - DAG(s) 'aerotrack_travel_catalogo_vuelos' retrieved from /opt/airflow/dags/dag_generar_catalogo_vuelos.py
[2026-07-08T23:01:09.715-0500] {logging_mixin.py:188} INFO - [2026-07-08T23:01:09.715-0500] {dag.py:3089} INFO - Sync 1 DAGs
[2026-07-08T23:01:09.732-0500] {logging_mixin.py:188} INFO - [2026-07-08T23:01:09.732-0500] {dag.py:3947} INFO - Setting next_dagrun for aerotrack_travel_catalogo_vuelos to 2026-07-09 00:00:00+00:00, run_after=2026-07-10 00:00:00+00:00
[2026-07-08T23:01:09.750-0500] {processor.py:183} INFO - Processing /opt/airflow/dags/dag_generar_catalogo_vuelos.py took 0.728 seconds
[2026-07-08T23:01:40.013-0500] {processor.py:161} INFO - Started process (PID=2153) to work on /opt/airflow/dags/dag_generar_catalogo_vuelos.py
[2026-07-08T23:01:40.014-0500] {processor.py:830} INFO - Processing file /opt/airflow/dags/dag_generar_catalogo_vuelos.py for tasks to queue
[2026-07-08T23:01:40.015-0500] {logging_mixin.py:188} INFO - [2026-07-08T23:01:40.015-0500] {dagbag.py:545} INFO - Filling up the DagBag from /opt/airflow/dags/dag_generar_catalogo_vuelos.py
[2026-07-08T23:01:40.572-0500] {processor.py:840} INFO - DAG(s) 'aerotrack_travel_catalogo_vuelos' retrieved from /opt/airflow/dags/dag_generar_catalogo_vuelos.py
[2026-07-08T23:01:40.602-0500] {logging_mixin.py:188} INFO - [2026-07-08T23:01:40.602-0500] {dag.py:3089} INFO - Sync 1 DAGs
[2026-07-08T23:01:40.619-0500] {logging_mixin.py:188} INFO - [2026-07-08T23:01:40.619-0500] {dag.py:3947} INFO - Setting next_dagrun for aerotrack_travel_catalogo_vuelos to 2026-07-09 00:00:00+00:00, run_after=2026-07-10 00:00:00+00:00
[2026-07-08T23:01:40.635-0500] {processor.py:183} INFO - Processing /opt/airflow/dags/dag_generar_catalogo_vuelos.py took 0.626 seconds
[2026-07-08T23:02:10.893-0500] {processor.py:161} INFO - Started process (PID=2170) to work on /opt/airflow/dags/dag_generar_catalogo_vuelos.py
[2026-07-08T23:02:10.894-0500] {processor.py:830} INFO - Processing file /opt/airflow/dags/dag_generar_catalogo_vuelos.py for tasks to queue
[2026-07-08T23:02:10.897-0500] {logging_mixin.py:188} INFO - [2026-07-08T23:02:10.896-0500] {dagbag.py:545} INFO - Filling up the DagBag from /opt/airflow/dags/dag_generar_catalogo_vuelos.py
[2026-07-08T23:02:11.436-0500] {processor.py:840} INFO - DAG(s) 'aerotrack_travel_catalogo_vuelos' retrieved from /opt/airflow/dags/dag_generar_catalogo_vuelos.py
[2026-07-08T23:02:11.466-0500] {logging_mixin.py:188} INFO - [2026-07-08T23:02:11.466-0500] {dag.py:3089} INFO - Sync 1 DAGs
[2026-07-08T23:02:11.496-0500] {logging_mixin.py:188} INFO - [2026-07-08T23:02:11.496-0500] {dag.py:3947} INFO - Setting next_dagrun for aerotrack_travel_catalogo_vuelos to 2026-07-09 00:00:00+00:00, run_after=2026-07-10 00:00:00+00:00
[2026-07-08T23:02:11.510-0500] {processor.py:183} INFO - Processing /opt/airflow/dags/dag_generar_catalogo_vuelos.py took 0.621 seconds
[2026-07-08T23:02:41.754-0500] {processor.py:161} INFO - Started process (PID=2187) to work on /opt/airflow/dags/dag_generar_catalogo_vuelos.py
[2026-07-08T23:02:41.755-0500] {processor.py:830} INFO - Processing file /opt/airflow/dags/dag_generar_catalogo_vuelos.py for tasks to queue
[2026-07-08T23:02:41.757-0500] {logging_mixin.py:188} INFO - [2026-07-08T23:02:41.757-0500] {dagbag.py:545} INFO - Filling up the DagBag from /opt/airflow/dags/dag_generar_catalogo_vuelos.py
[2026-07-08T23:02:42.304-0500] {processor.py:840} INFO - DAG(s) 'aerotrack_travel_catalogo_vuelos' retrieved from /opt/airflow/dags/dag_generar_catalogo_vuelos.py
[2026-07-08T23:02:42.331-0500] {logging_mixin.py:188} INFO - [2026-07-08T23:02:42.331-0500] {dag.py:3089} INFO - Sync 1 DAGs
[2026-07-08T23:02:42.344-0500] {logging_mixin.py:188} INFO - [2026-07-08T23:02:42.344-0500] {dag.py:3947} INFO - Setting next_dagrun for aerotrack_travel_catalogo_vuelos to 2026-07-09 00:00:00+00:00, run_after=2026-07-10 00:00:00+00:00
[2026-07-08T23:02:42.359-0500] {processor.py:183} INFO - Processing /opt/airflow/dags/dag_generar_catalogo_vuelos.py took 0.609 seconds
[2026-07-08T23:03:12.645-0500] {processor.py:161} INFO - Started process (PID=2204) to work on /opt/airflow/dags/dag_generar_catalogo_vuelos.py
[2026-07-08T23:03:12.646-0500] {processor.py:830} INFO - Processing file /opt/airflow/dags/dag_generar_catalogo_vuelos.py for tasks to queue
[2026-07-08T23:03:12.650-0500] {logging_mixin.py:188} INFO - [2026-07-08T23:03:12.650-0500] {dagbag.py:545} INFO - Filling up the DagBag from /opt/airflow/dags/dag_generar_catalogo_vuelos.py
[2026-07-08T23:03:13.249-0500] {processor.py:840} INFO - DAG(s) 'aerotrack_travel_catalogo_vuelos' retrieved from /opt/airflow/dags/dag_generar_catalogo_vuelos.py
[2026-07-08T23:03:13.274-0500] {logging_mixin.py:188} INFO - [2026-07-08T23:03:13.274-0500] {dag.py:3089} INFO - Sync 1 DAGs
[2026-07-08T23:03:13.289-0500] {logging_mixin.py:188} INFO - [2026-07-08T23:03:13.289-0500] {dag.py:3947} INFO - Setting next_dagrun for aerotrack_travel_catalogo_vuelos to 2026-07-09 00:00:00+00:00, run_after=2026-07-10 00:00:00+00:00
[2026-07-08T23:03:13.303-0500] {processor.py:183} INFO - Processing /opt/airflow/dags/dag_generar_catalogo_vuelos.py took 0.665 seconds
[2026-07-08T23:03:43.561-0500] {processor.py:161} INFO - Started process (PID=2221) to work on /opt/airflow/dags/dag_generar_catalogo_vuelos.py
[2026-07-08T23:03:43.561-0500] {processor.py:830} INFO - Processing file /opt/airflow/dags/dag_generar_catalogo_vuelos.py for tasks to queue
[2026-07-08T23:03:43.563-0500] {logging_mixin.py:188} INFO - [2026-07-08T23:03:43.563-0500] {dagbag.py:545} INFO - Filling up the DagBag from /opt/airflow/dags/dag_generar_catalogo_vuelos.py
[2026-07-08T23:03:44.148-0500] {processor.py:840} INFO - DAG(s) 'aerotrack_travel_catalogo_vuelos' retrieved from /opt/airflow/dags/dag_generar_catalogo_vuelos.py
[2026-07-08T23:03:44.187-0500] {logging_mixin.py:188} INFO - [2026-07-08T23:03:44.186-0500] {dag.py:3089} INFO - Sync 1 DAGs
[2026-07-08T23:03:44.204-0500] {logging_mixin.py:188} INFO - [2026-07-08T23:03:44.203-0500] {dag.py:3947} INFO - Setting next_dagrun for aerotrack_travel_catalogo_vuelos to 2026-07-09 00:00:00+00:00, run_after=2026-07-10 00:00:00+00:00
[2026-07-08T23:03:44.219-0500] {processor.py:183} INFO - Processing /opt/airflow/dags/dag_generar_catalogo_vuelos.py took 0.663 seconds
[2026-07-08T23:04:14.439-0500] {processor.py:161} INFO - Started process (PID=2238) to work on /opt/airflow/dags/dag_generar_catalogo_vuelos.py
[2026-07-08T23:04:14.440-0500] {processor.py:830} INFO - Processing file /opt/airflow/dags/dag_generar_catalogo_vuelos.py for tasks to queue
[2026-07-08T23:04:14.442-0500] {logging_mixin.py:188} INFO - [2026-07-08T23:04:14.441-0500] {dagbag.py:545} INFO - Filling up the DagBag from /opt/airflow/dags/dag_generar_catalogo_vuelos.py
[2026-07-08T23:04:14.985-0500] {processor.py:840} INFO - DAG(s) 'aerotrack_travel_catalogo_vuelos' retrieved from /opt/airflow/dags/dag_generar_catalogo_vuelos.py
[2026-07-08T23:04:15.013-0500] {logging_mixin.py:188} INFO - [2026-07-08T23:04:15.013-0500] {dag.py:3089} INFO - Sync 1 DAGs
[2026-07-08T23:04:15.028-0500] {logging_mixin.py:188} INFO - [2026-07-08T23:04:15.028-0500] {dag.py:3947} INFO - Setting next_dagrun for aerotrack_travel_catalogo_vuelos to 2026-07-09 00:00:00+00:00, run_after=2026-07-10 00:00:00+00:00
[2026-07-08T23:04:15.040-0500] {processor.py:183} INFO - Processing /opt/airflow/dags/dag_generar_catalogo_vuelos.py took 0.606 seconds
[2026-07-08T23:04:45.302-0500] {processor.py:161} INFO - Started process (PID=2255) to work on /opt/airflow/dags/dag_generar_catalogo_vuelos.py
[2026-07-08T23:04:45.303-0500] {processor.py:830} INFO - Processing file /opt/airflow/dags/dag_generar_catalogo_vuelos.py for tasks to queue
[2026-07-08T23:04:45.305-0500] {logging_mixin.py:188} INFO - [2026-07-08T23:04:45.305-0500] {dagbag.py:545} INFO - Filling up the DagBag from /opt/airflow/dags/dag_generar_catalogo_vuelos.py
[2026-07-08T23:04:45.946-0500] {processor.py:840} INFO - DAG(s) 'aerotrack_travel_catalogo_vuelos' retrieved from /opt/airflow/dags/dag_generar_catalogo_vuelos.py
[2026-07-08T23:04:45.975-0500] {logging_mixin.py:188} INFO - [2026-07-08T23:04:45.975-0500] {dag.py:3089} INFO - Sync 1 DAGs
[2026-07-08T23:04:45.991-0500] {logging_mixin.py:188} INFO - [2026-07-08T23:04:45.990-0500] {dag.py:3947} INFO - Setting next_dagrun for aerotrack_travel_catalogo_vuelos to 2026-07-09 00:00:00+00:00, run_after=2026-07-10 00:00:00+00:00
[2026-07-08T23:04:46.019-0500] {processor.py:183} INFO - Processing /opt/airflow/dags/dag_generar_catalogo_vuelos.py took 0.722 seconds
[2026-07-08T23:05:16.267-0500] {processor.py:161} INFO - Started process (PID=2272) to work on /opt/airflow/dags/dag_generar_catalogo_vuelos.py
[2026-07-08T23:05:16.268-0500] {processor.py:830} INFO - Processing file /opt/airflow/dags/dag_generar_catalogo_vuelos.py for tasks to queue
[2026-07-08T23:05:16.269-0500] {logging_mixin.py:188} INFO - [2026-07-08T23:05:16.269-0500] {dagbag.py:545} INFO - Filling up the DagBag from /opt/airflow/dags/dag_generar_catalogo_vuelos.py
[2026-07-08T23:05:16.775-0500] {processor.py:840} INFO - DAG(s) 'aerotrack_travel_catalogo_vuelos' retrieved from /opt/airflow/dags/dag_generar_catalogo_vuelos.py
[2026-07-08T23:05:16.801-0500] {logging_mixin.py:188} INFO - [2026-07-08T23:05:16.801-0500] {dag.py:3089} INFO - Sync 1 DAGs
[2026-07-08T23:05:16.814-0500] {logging_mixin.py:188} INFO - [2026-07-08T23:05:16.814-0500] {dag.py:3947} INFO - Setting next_dagrun for aerotrack_travel_catalogo_vuelos to 2026-07-09 00:00:00+00:00, run_after=2026-07-10 00:00:00+00:00
[2026-07-08T23:05:16.893-0500] {processor.py:183} INFO - Processing /opt/airflow/dags/dag_generar_catalogo_vuelos.py took 0.631 seconds
[2026-07-08T23:05:47.186-0500] {processor.py:161} INFO - Started process (PID=2289) to work on /opt/airflow/dags/dag_generar_catalogo_vuelos.py
[2026-07-08T23:05:47.187-0500] {processor.py:830} INFO - Processing file /opt/airflow/dags/dag_generar_catalogo_vuelos.py for tasks to queue
[2026-07-08T23:05:47.189-0500] {logging_mixin.py:188} INFO - [2026-07-08T23:05:47.188-0500] {dagbag.py:545} INFO - Filling up the DagBag from /opt/airflow/dags/dag_generar_catalogo_vuelos.py
[2026-07-08T23:05:48.097-0500] {processor.py:840} INFO - DAG(s) 'aerotrack_travel_catalogo_vuelos' retrieved from /opt/airflow/dags/dag_generar_catalogo_vuelos.py
[2026-07-08T23:05:48.134-0500] {logging_mixin.py:188} INFO - [2026-07-08T23:05:48.134-0500] {dag.py:3089} INFO - Sync 1 DAGs
[2026-07-08T23:05:48.150-0500] {logging_mixin.py:188} INFO - [2026-07-08T23:05:48.149-0500] {dag.py:3947} INFO - Setting next_dagrun for aerotrack_travel_catalogo_vuelos to 2026-07-09 00:00:00+00:00, run_after=2026-07-10 00:00:00+00:00
[2026-07-08T23:05:48.167-0500] {processor.py:183} INFO - Processing /opt/airflow/dags/dag_generar_catalogo_vuelos.py took 0.987 seconds
[2026-07-08T23:06:18.502-0500] {processor.py:161} INFO - Started process (PID=2306) to work on /opt/airflow/dags/dag_generar_catalogo_vuelos.py
[2026-07-08T23:06:18.503-0500] {processor.py:830} INFO - Processing file /opt/airflow/dags/dag_generar_catalogo_vuelos.py for tasks to queue
[2026-07-08T23:06:18.504-0500] {logging_mixin.py:188} INFO - [2026-07-08T23:06:18.504-0500] {dagbag.py:545} INFO - Filling up the DagBag from /opt/airflow/dags/dag_generar_catalogo_vuelos.py
[2026-07-08T23:06:19.042-0500] {processor.py:840} INFO - DAG(s) 'aerotrack_travel_catalogo_vuelos' retrieved from /opt/airflow/dags/dag_generar_catalogo_vuelos.py
[2026-07-08T23:06:19.076-0500] {logging_mixin.py:188} INFO - [2026-07-08T23:06:19.075-0500] {dag.py:3089} INFO - Sync 1 DAGs
[2026-07-08T23:06:19.098-0500] {logging_mixin.py:188} INFO - [2026-07-08T23:06:19.098-0500] {dag.py:3947} INFO - Setting next_dagrun for aerotrack_travel_catalogo_vuelos to 2026-07-09 00:00:00+00:00, run_after=2026-07-10 00:00:00+00:00
[2026-07-08T23:06:19.118-0500] {processor.py:183} INFO - Processing /opt/airflow/dags/dag_generar_catalogo_vuelos.py took 0.621 seconds
[2026-07-08T23:06:49.461-0500] {processor.py:161} INFO - Started process (PID=2323) to work on /opt/airflow/dags/dag_generar_catalogo_vuelos.py
[2026-07-08T23:06:49.463-0500] {processor.py:830} INFO - Processing file /opt/airflow/dags/dag_generar_catalogo_vuelos.py for tasks to queue
[2026-07-08T23:06:49.466-0500] {logging_mixin.py:188} INFO - [2026-07-08T23:06:49.466-0500] {dagbag.py:545} INFO - Filling up the DagBag from /opt/airflow/dags/dag_generar_catalogo_vuelos.py
[2026-07-08T23:06:50.241-0500] {processor.py:840} INFO - DAG(s) 'aerotrack_travel_catalogo_vuelos' retrieved from /opt/airflow/dags/dag_generar_catalogo_vuelos.py
[2026-07-08T23:06:50.277-0500] {logging_mixin.py:188} INFO - [2026-07-08T23:06:50.277-0500] {dag.py:3089} INFO - Sync 1 DAGs
[2026-07-08T23:06:50.295-0500] {logging_mixin.py:188} INFO - [2026-07-08T23:06:50.295-0500] {dag.py:3947} INFO - Setting next_dagrun for aerotrack_travel_catalogo_vuelos to 2026-07-09 00:00:00+00:00, run_after=2026-07-10 00:00:00+00:00
[2026-07-08T23:06:50.430-0500] {processor.py:183} INFO - Processing /opt/airflow/dags/dag_generar_catalogo_vuelos.py took 0.975 seconds
[2026-07-08T23:07:20.595-0500] {processor.py:161} INFO - Started process (PID=2340) to work on /opt/airflow/dags/dag_generar_catalogo_vuelos.py
[2026-07-08T23:07:20.596-0500] {processor.py:830} INFO - Processing file /opt/airflow/dags/dag_generar_catalogo_vuelos.py for tasks to queue
[2026-07-08T23:07:20.598-0500] {logging_mixin.py:188} INFO - [2026-07-08T23:07:20.598-0500] {dagbag.py:545} INFO - Filling up the DagBag from /opt/airflow/dags/dag_generar_catalogo_vuelos.py
[2026-07-08T23:07:21.145-0500] {processor.py:840} INFO - DAG(s) 'aerotrack_travel_catalogo_vuelos' retrieved from /opt/airflow/dags/dag_generar_catalogo_vuelos.py
[2026-07-08T23:07:21.177-0500] {logging_mixin.py:188} INFO - [2026-07-08T23:07:21.177-0500] {dag.py:3089} INFO - Sync 1 DAGs
[2026-07-08T23:07:21.263-0500] {logging_mixin.py:188} INFO - [2026-07-08T23:07:21.263-0500] {dag.py:3947} INFO - Setting next_dagrun for aerotrack_travel_catalogo_vuelos to 2026-07-09 00:00:00+00:00, run_after=2026-07-10 00:00:00+00:00
[2026-07-08T23:07:21.277-0500] {processor.py:183} INFO - Processing /opt/airflow/dags/dag_generar_catalogo_vuelos.py took 0.688 seconds
[2026-07-08T23:07:51.567-0500] {processor.py:161} INFO - Started process (PID=2357) to work on /opt/airflow/dags/dag_generar_catalogo_vuelos.py
[2026-07-08T23:07:51.568-0500] {processor.py:830} INFO - Processing file /opt/airflow/dags/dag_generar_catalogo_vuelos.py for tasks to queue
[2026-07-08T23:07:51.569-0500] {logging_mixin.py:188} INFO - [2026-07-08T23:07:51.569-0500] {dagbag.py:545} INFO - Filling up the DagBag from /opt/airflow/dags/dag_generar_catalogo_vuelos.py
[2026-07-08T23:07:52.124-0500] {processor.py:840} INFO - DAG(s) 'aerotrack_travel_catalogo_vuelos' retrieved from /opt/airflow/dags/dag_generar_catalogo_vuelos.py
[2026-07-08T23:07:52.173-0500] {logging_mixin.py:188} INFO - [2026-07-08T23:07:52.172-0500] {dag.py:3089} INFO - Sync 1 DAGs
[2026-07-08T23:07:52.190-0500] {logging_mixin.py:188} INFO - [2026-07-08T23:07:52.190-0500] {dag.py:3947} INFO - Setting next_dagrun for aerotrack_travel_catalogo_vuelos to 2026-07-09 00:00:00+00:00, run_after=2026-07-10 00:00:00+00:00
[2026-07-08T23:07:52.207-0500] {processor.py:183} INFO - Processing /opt/airflow/dags/dag_generar_catalogo_vuelos.py took 0.645 seconds
[2026-07-08T23:08:22.455-0500] {processor.py:161} INFO - Started process (PID=2374) to work on /opt/airflow/dags/dag_generar_catalogo_vuelos.py
[2026-07-08T23:08:22.455-0500] {processor.py:830} INFO - Processing file /opt/airflow/dags/dag_generar_catalogo_vuelos.py for tasks to queue
[2026-07-08T23:08:22.457-0500] {logging_mixin.py:188} INFO - [2026-07-08T23:08:22.457-0500] {dagbag.py:545} INFO - Filling up the DagBag from /opt/airflow/dags/dag_generar_catalogo_vuelos.py
[2026-07-08T23:08:23.142-0500] {processor.py:840} INFO - DAG(s) 'aerotrack_travel_catalogo_vuelos' retrieved from /opt/airflow/dags/dag_generar_catalogo_vuelos.py
[2026-07-08T23:08:23.171-0500] {logging_mixin.py:188} INFO - [2026-07-08T23:08:23.170-0500] {dag.py:3089} INFO - Sync 1 DAGs
[2026-07-08T23:08:23.186-0500] {logging_mixin.py:188} INFO - [2026-07-08T23:08:23.186-0500] {dag.py:3947} INFO - Setting next_dagrun for aerotrack_travel_catalogo_vuelos to 2026-07-09 00:00:00+00:00, run_after=2026-07-10 00:00:00+00:00
[2026-07-08T23:08:23.199-0500] {processor.py:183} INFO - Processing /opt/airflow/dags/dag_generar_catalogo_vuelos.py took 0.749 seconds
[2026-07-08T23:08:53.400-0500] {processor.py:161} INFO - Started process (PID=2391) to work on /opt/airflow/dags/dag_generar_catalogo_vuelos.py
[2026-07-08T23:08:53.401-0500] {processor.py:830} INFO - Processing file /opt/airflow/dags/dag_generar_catalogo_vuelos.py for tasks to queue
[2026-07-08T23:08:53.403-0500] {logging_mixin.py:188} INFO - [2026-07-08T23:08:53.402-0500] {dagbag.py:545} INFO - Filling up the DagBag from /opt/airflow/dags/dag_generar_catalogo_vuelos.py
[2026-07-08T23:08:53.941-0500] {processor.py:840} INFO - DAG(s) 'aerotrack_travel_catalogo_vuelos' retrieved from /opt/airflow/dags/dag_generar_catalogo_vuelos.py
[2026-07-08T23:08:53.979-0500] {logging_mixin.py:188} INFO - [2026-07-08T23:08:53.979-0500] {dag.py:3089} INFO - Sync 1 DAGs
[2026-07-08T23:08:53.995-0500] {logging_mixin.py:188} INFO - [2026-07-08T23:08:53.994-0500] {dag.py:3947} INFO - Setting next_dagrun for aerotrack_travel_catalogo_vuelos to 2026-07-09 00:00:00+00:00, run_after=2026-07-10 00:00:00+00:00
[2026-07-08T23:08:54.010-0500] {processor.py:183} INFO - Processing /opt/airflow/dags/dag_generar_catalogo_vuelos.py took 0.615 seconds
[2026-07-08T23:09:24.311-0500] {processor.py:161} INFO - Started process (PID=2408) to work on /opt/airflow/dags/dag_generar_catalogo_vuelos.py
[2026-07-08T23:09:24.312-0500] {processor.py:830} INFO - Processing file /opt/airflow/dags/dag_generar_catalogo_vuelos.py for tasks to queue
[2026-07-08T23:09:24.315-0500] {logging_mixin.py:188} INFO - [2026-07-08T23:09:24.315-0500] {dagbag.py:545} INFO - Filling up the DagBag from /opt/airflow/dags/dag_generar_catalogo_vuelos.py
[2026-07-08T23:09:24.920-0500] {processor.py:840} INFO - DAG(s) 'aerotrack_travel_catalogo_vuelos' retrieved from /opt/airflow/dags/dag_generar_catalogo_vuelos.py
[2026-07-08T23:09:24.957-0500] {logging_mixin.py:188} INFO - [2026-07-08T23:09:24.957-0500] {dag.py:3089} INFO - Sync 1 DAGs
[2026-07-08T23:09:24.975-0500] {logging_mixin.py:188} INFO - [2026-07-08T23:09:24.975-0500] {dag.py:3947} INFO - Setting next_dagrun for aerotrack_travel_catalogo_vuelos to 2026-07-09 00:00:00+00:00, run_after=2026-07-10 00:00:00+00:00
[2026-07-08T23:09:24.991-0500] {processor.py:183} INFO - Processing /opt/airflow/dags/dag_generar_catalogo_vuelos.py took 0.686 seconds
[2026-07-08T23:09:55.257-0500] {processor.py:161} INFO - Started process (PID=2425) to work on /opt/airflow/dags/dag_generar_catalogo_vuelos.py
[2026-07-08T23:09:55.258-0500] {processor.py:830} INFO - Processing file /opt/airflow/dags/dag_generar_catalogo_vuelos.py for tasks to queue
[2026-07-08T23:09:55.259-0500] {logging_mixin.py:188} INFO - [2026-07-08T23:09:55.259-0500] {dagbag.py:545} INFO - Filling up the DagBag from /opt/airflow/dags/dag_generar_catalogo_vuelos.py
[2026-07-08T23:09:55.811-0500] {processor.py:840} INFO - DAG(s) 'aerotrack_travel_catalogo_vuelos' retrieved from /opt/airflow/dags/dag_generar_catalogo_vuelos.py
[2026-07-08T23:09:55.851-0500] {logging_mixin.py:188} INFO - [2026-07-08T23:09:55.851-0500] {dag.py:3089} INFO - Sync 1 DAGs
[2026-07-08T23:09:55.872-0500] {logging_mixin.py:188} INFO - [2026-07-08T23:09:55.872-0500] {dag.py:3947} INFO - Setting next_dagrun for aerotrack_travel_catalogo_vuelos to 2026-07-09 00:00:00+00:00, run_after=2026-07-10 00:00:00+00:00
[2026-07-08T23:09:55.893-0500] {processor.py:183} INFO - Processing /opt/airflow/dags/dag_generar_catalogo_vuelos.py took 0.640 seconds
[2026-07-08T23:10:26.166-0500] {processor.py:161} INFO - Started process (PID=2442) to work on /opt/airflow/dags/dag_generar_catalogo_vuelos.py
[2026-07-08T23:10:26.168-0500] {processor.py:830} INFO - Processing file /opt/airflow/dags/dag_generar_catalogo_vuelos.py for tasks to queue
[2026-07-08T23:10:26.169-0500] {logging_mixin.py:188} INFO - [2026-07-08T23:10:26.169-0500] {dagbag.py:545} INFO - Filling up the DagBag from /opt/airflow/dags/dag_generar_catalogo_vuelos.py
[2026-07-08T23:10:26.855-0500] {processor.py:840} INFO - DAG(s) 'aerotrack_travel_catalogo_vuelos' retrieved from /opt/airflow/dags/dag_generar_catalogo_vuelos.py
[2026-07-08T23:10:26.880-0500] {logging_mixin.py:188} INFO - [2026-07-08T23:10:26.880-0500] {dag.py:3089} INFO - Sync 1 DAGs
[2026-07-08T23:10:26.897-0500] {logging_mixin.py:188} INFO - [2026-07-08T23:10:26.897-0500] {dag.py:3947} INFO - Setting next_dagrun for aerotrack_travel_catalogo_vuelos to 2026-07-09 00:00:00+00:00, run_after=2026-07-10 00:00:00+00:00
[2026-07-08T23:10:26.910-0500] {processor.py:183} INFO - Processing /opt/airflow/dags/dag_generar_catalogo_vuelos.py took 0.750 seconds
[2026-07-08T23:10:57.182-0500] {processor.py:161} INFO - Started process (PID=2459) to work on /opt/airflow/dags/dag_generar_catalogo_vuelos.py
[2026-07-08T23:10:57.183-0500] {processor.py:830} INFO - Processing file /opt/airflow/dags/dag_generar_catalogo_vuelos.py for tasks to queue
[2026-07-08T23:10:57.185-0500] {logging_mixin.py:188} INFO - [2026-07-08T23:10:57.184-0500] {dagbag.py:545} INFO - Filling up the DagBag from /opt/airflow/dags/dag_generar_catalogo_vuelos.py
[2026-07-08T23:10:57.749-0500] {processor.py:840} INFO - DAG(s) 'aerotrack_travel_catalogo_vuelos' retrieved from /opt/airflow/dags/dag_generar_catalogo_vuelos.py
[2026-07-08T23:10:57.777-0500] {logging_mixin.py:188} INFO - [2026-07-08T23:10:57.777-0500] {dag.py:3089} INFO - Sync 1 DAGs
[2026-07-08T23:10:57.793-0500] {logging_mixin.py:188} INFO - [2026-07-08T23:10:57.793-0500] {dag.py:3947} INFO - Setting next_dagrun for aerotrack_travel_catalogo_vuelos to 2026-07-09 00:00:00+00:00, run_after=2026-07-10 00:00:00+00:00
[2026-07-08T23:10:57.828-0500] {processor.py:183} INFO - Processing /opt/airflow/dags/dag_generar_catalogo_vuelos.py took 0.651 seconds
[2026-07-08T23:11:28.182-0500] {processor.py:161} INFO - Started process (PID=2476) to work on /opt/airflow/dags/dag_generar_catalogo_vuelos.py
[2026-07-08T23:11:28.183-0500] {processor.py:830} INFO - Processing file /opt/airflow/dags/dag_generar_catalogo_vuelos.py for tasks to queue
[2026-07-08T23:11:28.184-0500] {logging_mixin.py:188} INFO - [2026-07-08T23:11:28.184-0500] {dagbag.py:545} INFO - Filling up the DagBag from /opt/airflow/dags/dag_generar_catalogo_vuelos.py
[2026-07-08T23:11:28.701-0500] {processor.py:840} INFO - DAG(s) 'aerotrack_travel_catalogo_vuelos' retrieved from /opt/airflow/dags/dag_generar_catalogo_vuelos.py
[2026-07-08T23:11:28.727-0500] {logging_mixin.py:188} INFO - [2026-07-08T23:11:28.727-0500] {dag.py:3089} INFO - Sync 1 DAGs
[2026-07-08T23:11:28.740-0500] {logging_mixin.py:188} INFO - [2026-07-08T23:11:28.740-0500] {dag.py:3947} INFO - Setting next_dagrun for aerotrack_travel_catalogo_vuelos to 2026-07-09 00:00:00+00:00, run_after=2026-07-10 00:00:00+00:00
[2026-07-08T23:11:28.754-0500] {processor.py:183} INFO - Processing /opt/airflow/dags/dag_generar_catalogo_vuelos.py took 0.576 seconds
[2026-07-08T23:11:59.012-0500] {processor.py:161} INFO - Started process (PID=2493) to work on /opt/airflow/dags/dag_generar_catalogo_vuelos.py
[2026-07-08T23:11:59.013-0500] {processor.py:830} INFO - Processing file /opt/airflow/dags/dag_generar_catalogo_vuelos.py for tasks to queue
[2026-07-08T23:11:59.015-0500] {logging_mixin.py:188} INFO - [2026-07-08T23:11:59.015-0500] {dagbag.py:545} INFO - Filling up the DagBag from /opt/airflow/dags/dag_generar_catalogo_vuelos.py
[2026-07-08T23:11:59.602-0500] {processor.py:840} INFO - DAG(s) 'aerotrack_travel_catalogo_vuelos' retrieved from /opt/airflow/dags/dag_generar_catalogo_vuelos.py
[2026-07-08T23:11:59.632-0500] {logging_mixin.py:188} INFO - [2026-07-08T23:11:59.631-0500] {dag.py:3089} INFO - Sync 1 DAGs
[2026-07-08T23:11:59.650-0500] {logging_mixin.py:188} INFO - [2026-07-08T23:11:59.650-0500] {dag.py:3947} INFO - Setting next_dagrun for aerotrack_travel_catalogo_vuelos to 2026-07-09 00:00:00+00:00, run_after=2026-07-10 00:00:00+00:00
[2026-07-08T23:11:59.663-0500] {processor.py:183} INFO - Processing /opt/airflow/dags/dag_generar_catalogo_vuelos.py took 0.656 seconds
[2026-07-08T23:12:29.888-0500] {processor.py:161} INFO - Started process (PID=2510) to work on /opt/airflow/dags/dag_generar_catalogo_vuelos.py
[2026-07-08T23:12:29.888-0500] {processor.py:830} INFO - Processing file /opt/airflow/dags/dag_generar_catalogo_vuelos.py for tasks to queue
[2026-07-08T23:12:29.890-0500] {logging_mixin.py:188} INFO - [2026-07-08T23:12:29.889-0500] {dagbag.py:545} INFO - Filling up the DagBag from /opt/airflow/dags/dag_generar_catalogo_vuelos.py
[2026-07-08T23:12:30.438-0500] {processor.py:840} INFO - DAG(s) 'aerotrack_travel_catalogo_vuelos' retrieved from /opt/airflow/dags/dag_generar_catalogo_vuelos.py
[2026-07-08T23:12:30.464-0500] {logging_mixin.py:188} INFO - [2026-07-08T23:12:30.463-0500] {dag.py:3089} INFO - Sync 1 DAGs
[2026-07-08T23:12:30.478-0500] {logging_mixin.py:188} INFO - [2026-07-08T23:12:30.477-0500] {dag.py:3947} INFO - Setting next_dagrun for aerotrack_travel_catalogo_vuelos to 2026-07-09 00:00:00+00:00, run_after=2026-07-10 00:00:00+00:00
[2026-07-08T23:12:30.490-0500] {processor.py:183} INFO - Processing /opt/airflow/dags/dag_generar_catalogo_vuelos.py took 0.607 seconds
[2026-07-08T23:13:00.723-0500] {processor.py:161} INFO - Started process (PID=2527) to work on /opt/airflow/dags/dag_generar_catalogo_vuelos.py
[2026-07-08T23:13:00.724-0500] {processor.py:830} INFO - Processing file /opt/airflow/dags/dag_generar_catalogo_vuelos.py for tasks to queue
[2026-07-08T23:13:00.725-0500] {logging_mixin.py:188} INFO - [2026-07-08T23:13:00.725-0500] {dagbag.py:545} INFO - Filling up the DagBag from /opt/airflow/dags/dag_generar_catalogo_vuelos.py
[2026-07-08T23:13:01.308-0500] {processor.py:840} INFO - DAG(s) 'aerotrack_travel_catalogo_vuelos' retrieved from /opt/airflow/dags/dag_generar_catalogo_vuelos.py
[2026-07-08T23:13:01.335-0500] {logging_mixin.py:188} INFO - [2026-07-08T23:13:01.334-0500] {dag.py:3089} INFO - Sync 1 DAGs
[2026-07-08T23:13:01.349-0500] {logging_mixin.py:188} INFO - [2026-07-08T23:13:01.349-0500] {dag.py:3947} INFO - Setting next_dagrun for aerotrack_travel_catalogo_vuelos to 2026-07-09 00:00:00+00:00, run_after=2026-07-10 00:00:00+00:00
[2026-07-08T23:13:01.366-0500] {processor.py:183} INFO - Processing /opt/airflow/dags/dag_generar_catalogo_vuelos.py took 0.647 seconds
[2026-07-08T23:13:31.619-0500] {processor.py:161} INFO - Started process (PID=2544) to work on /opt/airflow/dags/dag_generar_catalogo_vuelos.py
[2026-07-08T23:13:31.620-0500] {processor.py:830} INFO - Processing file /opt/airflow/dags/dag_generar_catalogo_vuelos.py for tasks to queue
[2026-07-08T23:13:31.621-0500] {logging_mixin.py:188} INFO - [2026-07-08T23:13:31.621-0500] {dagbag.py:545} INFO - Filling up the DagBag from /opt/airflow/dags/dag_generar_catalogo_vuelos.py
[2026-07-08T23:13:32.200-0500] {processor.py:840} INFO - DAG(s) 'aerotrack_travel_catalogo_vuelos' retrieved from /opt/airflow/dags/dag_generar_catalogo_vuelos.py
[2026-07-08T23:13:32.229-0500] {logging_mixin.py:188} INFO - [2026-07-08T23:13:32.229-0500] {dag.py:3089} INFO - Sync 1 DAGs
[2026-07-08T23:13:32.245-0500] {logging_mixin.py:188} INFO - [2026-07-08T23:13:32.245-0500] {dag.py:3947} INFO - Setting next_dagrun for aerotrack_travel_catalogo_vuelos to 2026-07-09 00:00:00+00:00, run_after=2026-07-10 00:00:00+00:00
[2026-07-08T23:13:32.261-0500] {processor.py:183} INFO - Processing /opt/airflow/dags/dag_generar_catalogo_vuelos.py took 0.646 seconds
[2026-07-08T23:14:02.499-0500] {processor.py:161} INFO - Started process (PID=2561) to work on /opt/airflow/dags/dag_generar_catalogo_vuelos.py
[2026-07-08T23:14:02.500-0500] {processor.py:830} INFO - Processing file /opt/airflow/dags/dag_generar_catalogo_vuelos.py for tasks to queue
[2026-07-08T23:14:02.502-0500] {logging_mixin.py:188} INFO - [2026-07-08T23:14:02.502-0500] {dagbag.py:545} INFO - Filling up the DagBag from /opt/airflow/dags/dag_generar_catalogo_vuelos.py
[2026-07-08T23:14:03.118-0500] {processor.py:840} INFO - DAG(s) 'aerotrack_travel_catalogo_vuelos' retrieved from /opt/airflow/dags/dag_generar_catalogo_vuelos.py
[2026-07-08T23:14:03.154-0500] {logging_mixin.py:188} INFO - [2026-07-08T23:14:03.154-0500] {dag.py:3089} INFO - Sync 1 DAGs
[2026-07-08T23:14:03.178-0500] {logging_mixin.py:188} INFO - [2026-07-08T23:14:03.177-0500] {dag.py:3947} INFO - Setting next_dagrun for aerotrack_travel_catalogo_vuelos to 2026-07-09 00:00:00+00:00, run_after=2026-07-10 00:00:00+00:00
[2026-07-08T23:14:03.195-0500] {processor.py:183} INFO - Processing /opt/airflow/dags/dag_generar_catalogo_vuelos.py took 0.702 seconds
[2026-07-08T23:14:33.425-0500] {processor.py:161} INFO - Started process (PID=2578) to work on /opt/airflow/dags/dag_generar_catalogo_vuelos.py
[2026-07-08T23:14:33.426-0500] {processor.py:830} INFO - Processing file /opt/airflow/dags/dag_generar_catalogo_vuelos.py for tasks to queue
[2026-07-08T23:14:33.428-0500] {logging_mixin.py:188} INFO - [2026-07-08T23:14:33.427-0500] {dagbag.py:545} INFO - Filling up the DagBag from /opt/airflow/dags/dag_generar_catalogo_vuelos.py
[2026-07-08T23:14:34.012-0500] {processor.py:840} INFO - DAG(s) 'aerotrack_travel_catalogo_vuelos' retrieved from /opt/airflow/dags/dag_generar_catalogo_vuelos.py
[2026-07-08T23:14:34.040-0500] {logging_mixin.py:188} INFO - [2026-07-08T23:14:34.040-0500] {dag.py:3089} INFO - Sync 1 DAGs
[2026-07-08T23:14:34.055-0500] {logging_mixin.py:188} INFO - [2026-07-08T23:14:34.055-0500] {dag.py:3947} INFO - Setting next_dagrun for aerotrack_travel_catalogo_vuelos to 2026-07-09 00:00:00+00:00, run_after=2026-07-10 00:00:00+00:00
[2026-07-08T23:14:34.072-0500] {processor.py:183} INFO - Processing /opt/airflow/dags/dag_generar_catalogo_vuelos.py took 0.652 seconds
[2026-07-08T23:15:04.307-0500] {processor.py:161} INFO - Started process (PID=2595) to work on /opt/airflow/dags/dag_generar_catalogo_vuelos.py
[2026-07-08T23:15:04.308-0500] {processor.py:830} INFO - Processing file /opt/airflow/dags/dag_generar_catalogo_vuelos.py for tasks to queue
[2026-07-08T23:15:04.310-0500] {logging_mixin.py:188} INFO - [2026-07-08T23:15:04.310-0500] {dagbag.py:545} INFO - Filling up the DagBag from /opt/airflow/dags/dag_generar_catalogo_vuelos.py
[2026-07-08T23:15:04.857-0500] {processor.py:840} INFO - DAG(s) 'aerotrack_travel_catalogo_vuelos' retrieved from /opt/airflow/dags/dag_generar_catalogo_vuelos.py
[2026-07-08T23:15:04.888-0500] {logging_mixin.py:188} INFO - [2026-07-08T23:15:04.887-0500] {dag.py:3089} INFO - Sync 1 DAGs
[2026-07-08T23:15:04.903-0500] {logging_mixin.py:188} INFO - [2026-07-08T23:15:04.903-0500] {dag.py:3947} INFO - Setting next_dagrun for aerotrack_travel_catalogo_vuelos to 2026-07-09 00:00:00+00:00, run_after=2026-07-10 00:00:00+00:00
[2026-07-08T23:15:04.921-0500] {processor.py:183} INFO - Processing /opt/airflow/dags/dag_generar_catalogo_vuelos.py took 0.618 seconds
[2026-07-08T23:15:35.153-0500] {processor.py:161} INFO - Started process (PID=2612) to work on /opt/airflow/dags/dag_generar_catalogo_vuelos.py
[2026-07-08T23:15:35.154-0500] {processor.py:830} INFO - Processing file /opt/airflow/dags/dag_generar_catalogo_vuelos.py for tasks to queue
[2026-07-08T23:15:35.156-0500] {logging_mixin.py:188} INFO - [2026-07-08T23:15:35.156-0500] {dagbag.py:545} INFO - Filling up the DagBag from /opt/airflow/dags/dag_generar_catalogo_vuelos.py
[2026-07-08T23:15:35.727-0500] {processor.py:840} INFO - DAG(s) 'aerotrack_travel_catalogo_vuelos' retrieved from /opt/airflow/dags/dag_generar_catalogo_vuelos.py
[2026-07-08T23:15:35.754-0500] {logging_mixin.py:188} INFO - [2026-07-08T23:15:35.753-0500] {dag.py:3089} INFO - Sync 1 DAGs
[2026-07-08T23:15:35.769-0500] {logging_mixin.py:188} INFO - [2026-07-08T23:15:35.768-0500] {dag.py:3947} INFO - Setting next_dagrun for aerotrack_travel_catalogo_vuelos to 2026-07-09 00:00:00+00:00, run_after=2026-07-10 00:00:00+00:00
[2026-07-08T23:15:35.782-0500] {processor.py:183} INFO - Processing /opt/airflow/dags/dag_generar_catalogo_vuelos.py took 0.634 seconds
[2026-07-08T23:16:06.044-0500] {processor.py:161} INFO - Started process (PID=2629) to work on /opt/airflow/dags/dag_generar_catalogo_vuelos.py
[2026-07-08T23:16:06.045-0500] {processor.py:830} INFO - Processing file /opt/airflow/dags/dag_generar_catalogo_vuelos.py for tasks to queue
[2026-07-08T23:16:06.046-0500] {logging_mixin.py:188} INFO - [2026-07-08T23:16:06.046-0500] {dagbag.py:545} INFO - Filling up the DagBag from /opt/airflow/dags/dag_generar_catalogo_vuelos.py
[2026-07-08T23:16:06.568-0500] {processor.py:840} INFO - DAG(s) 'aerotrack_travel_catalogo_vuelos' retrieved from /opt/airflow/dags/dag_generar_catalogo_vuelos.py
[2026-07-08T23:16:06.597-0500] {logging_mixin.py:188} INFO - [2026-07-08T23:16:06.597-0500] {dag.py:3089} INFO - Sync 1 DAGs
[2026-07-08T23:16:06.612-0500] {logging_mixin.py:188} INFO - [2026-07-08T23:16:06.611-0500] {dag.py:3947} INFO - Setting next_dagrun for aerotrack_travel_catalogo_vuelos to 2026-07-09 00:00:00+00:00, run_after=2026-07-10 00:00:00+00:00
[2026-07-08T23:16:06.625-0500] {processor.py:183} INFO - Processing /opt/airflow/dags/dag_generar_catalogo_vuelos.py took 0.586 seconds
[2026-07-08T23:16:36.958-0500] {processor.py:161} INFO - Started process (PID=2646) to work on /opt/airflow/dags/dag_generar_catalogo_vuelos.py
[2026-07-08T23:16:36.960-0500] {processor.py:830} INFO - Processing file /opt/airflow/dags/dag_generar_catalogo_vuelos.py for tasks to queue
[2026-07-08T23:16:36.962-0500] {logging_mixin.py:188} INFO - [2026-07-08T23:16:36.961-0500] {dagbag.py:545} INFO - Filling up the DagBag from /opt/airflow/dags/dag_generar_catalogo_vuelos.py
[2026-07-08T23:16:37.583-0500] {processor.py:840} INFO - DAG(s) 'aerotrack_travel_catalogo_vuelos' retrieved from /opt/airflow/dags/dag_generar_catalogo_vuelos.py
[2026-07-08T23:16:37.610-0500] {logging_mixin.py:188} INFO - [2026-07-08T23:16:37.610-0500] {dag.py:3089} INFO - Sync 1 DAGs
[2026-07-08T23:16:37.625-0500] {logging_mixin.py:188} INFO - [2026-07-08T23:16:37.625-0500] {dag.py:3947} INFO - Setting next_dagrun for aerotrack_travel_catalogo_vuelos to 2026-07-09 00:00:00+00:00, run_after=2026-07-10 00:00:00+00:00
[2026-07-08T23:16:37.651-0500] {processor.py:183} INFO - Processing /opt/airflow/dags/dag_generar_catalogo_vuelos.py took 0.698 seconds
[2026-07-08T23:17:07.914-0500] {processor.py:161} INFO - Started process (PID=2663) to work on /opt/airflow/dags/dag_generar_catalogo_vuelos.py
[2026-07-08T23:17:07.915-0500] {processor.py:830} INFO - Processing file /opt/airflow/dags/dag_generar_catalogo_vuelos.py for tasks to queue
[2026-07-08T23:17:07.917-0500] {logging_mixin.py:188} INFO - [2026-07-08T23:17:07.916-0500] {dagbag.py:545} INFO - Filling up the DagBag from /opt/airflow/dags/dag_generar_catalogo_vuelos.py
[2026-07-08T23:17:08.455-0500] {processor.py:840} INFO - DAG(s) 'aerotrack_travel_catalogo_vuelos' retrieved from /opt/airflow/dags/dag_generar_catalogo_vuelos.py
[2026-07-08T23:17:08.483-0500] {logging_mixin.py:188} INFO - [2026-07-08T23:17:08.482-0500] {dag.py:3089} INFO - Sync 1 DAGs
[2026-07-08T23:17:08.502-0500] {logging_mixin.py:188} INFO - [2026-07-08T23:17:08.502-0500] {dag.py:3947} INFO - Setting next_dagrun for aerotrack_travel_catalogo_vuelos to 2026-07-09 00:00:00+00:00, run_after=2026-07-10 00:00:00+00:00
[2026-07-08T23:17:08.521-0500] {processor.py:183} INFO - Processing /opt/airflow/dags/dag_generar_catalogo_vuelos.py took 0.611 seconds
[2026-07-08T23:17:38.789-0500] {processor.py:161} INFO - Started process (PID=2680) to work on /opt/airflow/dags/dag_generar_catalogo_vuelos.py
[2026-07-08T23:17:38.790-0500] {processor.py:830} INFO - Processing file /opt/airflow/dags/dag_generar_catalogo_vuelos.py for tasks to queue
[2026-07-08T23:17:38.791-0500] {logging_mixin.py:188} INFO - [2026-07-08T23:17:38.791-0500] {dagbag.py:545} INFO - Filling up the DagBag from /opt/airflow/dags/dag_generar_catalogo_vuelos.py
[2026-07-08T23:17:39.441-0500] {processor.py:840} INFO - DAG(s) 'aerotrack_travel_catalogo_vuelos' retrieved from /opt/airflow/dags/dag_generar_catalogo_vuelos.py
[2026-07-08T23:17:39.476-0500] {logging_mixin.py:188} INFO - [2026-07-08T23:17:39.476-0500] {dag.py:3089} INFO - Sync 1 DAGs
[2026-07-08T23:17:39.494-0500] {logging_mixin.py:188} INFO - [2026-07-08T23:17:39.494-0500] {dag.py:3947} INFO - Setting next_dagrun for aerotrack_travel_catalogo_vuelos to 2026-07-09 00:00:00+00:00, run_after=2026-07-10 00:00:00+00:00
[2026-07-08T23:17:39.513-0500] {processor.py:183} INFO - Processing /opt/airflow/dags/dag_generar_catalogo_vuelos.py took 0.729 seconds
[2026-07-08T23:18:09.784-0500] {processor.py:161} INFO - Started process (PID=2697) to work on /opt/airflow/dags/dag_generar_catalogo_vuelos.py
[2026-07-08T23:18:09.785-0500] {processor.py:830} INFO - Processing file /opt/airflow/dags/dag_generar_catalogo_vuelos.py for tasks to queue
[2026-07-08T23:18:09.786-0500] {logging_mixin.py:188} INFO - [2026-07-08T23:18:09.786-0500] {dagbag.py:545} INFO - Filling up the DagBag from /opt/airflow/dags/dag_generar_catalogo_vuelos.py
[2026-07-08T23:18:10.303-0500] {processor.py:840} INFO - DAG(s) 'aerotrack_travel_catalogo_vuelos' retrieved from /opt/airflow/dags/dag_generar_catalogo_vuelos.py
[2026-07-08T23:18:10.329-0500] {logging_mixin.py:188} INFO - [2026-07-08T23:18:10.328-0500] {dag.py:3089} INFO - Sync 1 DAGs
[2026-07-08T23:18:10.343-0500] {logging_mixin.py:188} INFO - [2026-07-08T23:18:10.343-0500] {dag.py:3947} INFO - Setting next_dagrun for aerotrack_travel_catalogo_vuelos to 2026-07-09 00:00:00+00:00, run_after=2026-07-10 00:00:00+00:00
[2026-07-08T23:18:10.358-0500] {processor.py:183} INFO - Processing /opt/airflow/dags/dag_generar_catalogo_vuelos.py took 0.578 seconds
[2026-07-08T23:18:40.623-0500] {processor.py:161} INFO - Started process (PID=2714) to work on /opt/airflow/dags/dag_generar_catalogo_vuelos.py
[2026-07-08T23:18:40.624-0500] {processor.py:830} INFO - Processing file /opt/airflow/dags/dag_generar_catalogo_vuelos.py for tasks to queue
[2026-07-08T23:18:40.626-0500] {logging_mixin.py:188} INFO - [2026-07-08T23:18:40.625-0500] {dagbag.py:545} INFO - Filling up the DagBag from /opt/airflow/dags/dag_generar_catalogo_vuelos.py
[2026-07-08T23:18:41.224-0500] {processor.py:840} INFO - DAG(s) 'aerotrack_travel_catalogo_vuelos' retrieved from /opt/airflow/dags/dag_generar_catalogo_vuelos.py
[2026-07-08T23:18:41.253-0500] {logging_mixin.py:188} INFO - [2026-07-08T23:18:41.253-0500] {dag.py:3089} INFO - Sync 1 DAGs
[2026-07-08T23:18:41.268-0500] {logging_mixin.py:188} INFO - [2026-07-08T23:18:41.267-0500] {dag.py:3947} INFO - Setting next_dagrun for aerotrack_travel_catalogo_vuelos to 2026-07-09 00:00:00+00:00, run_after=2026-07-10 00:00:00+00:00
[2026-07-08T23:18:41.282-0500] {processor.py:183} INFO - Processing /opt/airflow/dags/dag_generar_catalogo_vuelos.py took 0.663 seconds
[2026-07-08T23:19:11.567-0500] {processor.py:161} INFO - Started process (PID=2731) to work on /opt/airflow/dags/dag_generar_catalogo_vuelos.py
[2026-07-08T23:19:11.568-0500] {processor.py:830} INFO - Processing file /opt/airflow/dags/dag_generar_catalogo_vuelos.py for tasks to queue
[2026-07-08T23:19:11.569-0500] {logging_mixin.py:188} INFO - [2026-07-08T23:19:11.569-0500] {dagbag.py:545} INFO - Filling up the DagBag from /opt/airflow/dags/dag_generar_catalogo_vuelos.py
[2026-07-08T23:19:12.139-0500] {processor.py:840} INFO - DAG(s) 'aerotrack_travel_catalogo_vuelos' retrieved from /opt/airflow/dags/dag_generar_catalogo_vuelos.py
[2026-07-08T23:19:12.169-0500] {logging_mixin.py:188} INFO - [2026-07-08T23:19:12.168-0500] {dag.py:3089} INFO - Sync 1 DAGs
[2026-07-08T23:19:12.184-0500] {logging_mixin.py:188} INFO - [2026-07-08T23:19:12.184-0500] {dag.py:3947} INFO - Setting next_dagrun for aerotrack_travel_catalogo_vuelos to 2026-07-09 00:00:00+00:00, run_after=2026-07-10 00:00:00+00:00
[2026-07-08T23:19:12.199-0500] {processor.py:183} INFO - Processing /opt/airflow/dags/dag_generar_catalogo_vuelos.py took 0.637 seconds
[2026-07-08T23:19:42.478-0500] {processor.py:161} INFO - Started process (PID=2748) to work on /opt/airflow/dags/dag_generar_catalogo_vuelos.py
[2026-07-08T23:19:42.479-0500] {processor.py:830} INFO - Processing file /opt/airflow/dags/dag_generar_catalogo_vuelos.py for tasks to queue
[2026-07-08T23:19:42.480-0500] {logging_mixin.py:188} INFO - [2026-07-08T23:19:42.480-0500] {dagbag.py:545} INFO - Filling up the DagBag from /opt/airflow/dags/dag_generar_catalogo_vuelos.py
[2026-07-08T23:19:42.971-0500] {processor.py:840} INFO - DAG(s) 'aerotrack_travel_catalogo_vuelos' retrieved from /opt/airflow/dags/dag_generar_catalogo_vuelos.py
[2026-07-08T23:19:42.997-0500] {logging_mixin.py:188} INFO - [2026-07-08T23:19:42.996-0500] {dag.py:3089} INFO - Sync 1 DAGs
[2026-07-08T23:19:43.010-0500] {logging_mixin.py:188} INFO - [2026-07-08T23:19:43.010-0500] {dag.py:3947} INFO - Setting next_dagrun for aerotrack_travel_catalogo_vuelos to 2026-07-09 00:00:00+00:00, run_after=2026-07-10 00:00:00+00:00
[2026-07-08T23:19:43.024-0500] {processor.py:183} INFO - Processing /opt/airflow/dags/dag_generar_catalogo_vuelos.py took 0.550 seconds
[2026-07-08T23:20:13.282-0500] {processor.py:161} INFO - Started process (PID=2765) to work on /opt/airflow/dags/dag_generar_catalogo_vuelos.py
[2026-07-08T23:20:13.283-0500] {processor.py:830} INFO - Processing file /opt/airflow/dags/dag_generar_catalogo_vuelos.py for tasks to queue
[2026-07-08T23:20:13.285-0500] {logging_mixin.py:188} INFO - [2026-07-08T23:20:13.284-0500] {dagbag.py:545} INFO - Filling up the DagBag from /opt/airflow/dags/dag_generar_catalogo_vuelos.py
[2026-07-08T23:20:13.860-0500] {processor.py:840} INFO - DAG(s) 'aerotrack_travel_catalogo_vuelos' retrieved from /opt/airflow/dags/dag_generar_catalogo_vuelos.py
[2026-07-08T23:20:13.889-0500] {logging_mixin.py:188} INFO - [2026-07-08T23:20:13.889-0500] {dag.py:3089} INFO - Sync 1 DAGs
[2026-07-08T23:20:13.904-0500] {logging_mixin.py:188} INFO - [2026-07-08T23:20:13.903-0500] {dag.py:3947} INFO - Setting next_dagrun for aerotrack_travel_catalogo_vuelos to 2026-07-09 00:00:00+00:00, run_after=2026-07-10 00:00:00+00:00
[2026-07-08T23:20:13.920-0500] {processor.py:183} INFO - Processing /opt/airflow/dags/dag_generar_catalogo_vuelos.py took 0.643 seconds
[2026-07-08T23:20:44.166-0500] {processor.py:161} INFO - Started process (PID=2782) to work on /opt/airflow/dags/dag_generar_catalogo_vuelos.py
[2026-07-08T23:20:44.167-0500] {processor.py:830} INFO - Processing file /opt/airflow/dags/dag_generar_catalogo_vuelos.py for tasks to queue
[2026-07-08T23:20:44.169-0500] {logging_mixin.py:188} INFO - [2026-07-08T23:20:44.168-0500] {dagbag.py:545} INFO - Filling up the DagBag from /opt/airflow/dags/dag_generar_catalogo_vuelos.py
[2026-07-08T23:20:44.695-0500] {processor.py:840} INFO - DAG(s) 'aerotrack_travel_catalogo_vuelos' retrieved from /opt/airflow/dags/dag_generar_catalogo_vuelos.py
[2026-07-08T23:20:44.720-0500] {logging_mixin.py:188} INFO - [2026-07-08T23:20:44.720-0500] {dag.py:3089} INFO - Sync 1 DAGs
[2026-07-08T23:20:44.734-0500] {logging_mixin.py:188} INFO - [2026-07-08T23:20:44.734-0500] {dag.py:3947} INFO - Setting next_dagrun for aerotrack_travel_catalogo_vuelos to 2026-07-09 00:00:00+00:00, run_after=2026-07-10 00:00:00+00:00
[2026-07-08T23:20:44.749-0500] {processor.py:183} INFO - Processing /opt/airflow/dags/dag_generar_catalogo_vuelos.py took 0.587 seconds
[2026-07-08T23:21:15.110-0500] {processor.py:161} INFO - Started process (PID=2799) to work on /opt/airflow/dags/dag_generar_catalogo_vuelos.py
[2026-07-08T23:21:15.111-0500] {processor.py:830} INFO - Processing file /opt/airflow/dags/dag_generar_catalogo_vuelos.py for tasks to queue
[2026-07-08T23:21:15.113-0500] {logging_mixin.py:188} INFO - [2026-07-08T23:21:15.112-0500] {dagbag.py:545} INFO - Filling up the DagBag from /opt/airflow/dags/dag_generar_catalogo_vuelos.py
[2026-07-08T23:21:15.656-0500] {processor.py:840} INFO - DAG(s) 'aerotrack_travel_catalogo_vuelos' retrieved from /opt/airflow/dags/dag_generar_catalogo_vuelos.py
[2026-07-08T23:21:15.690-0500] {logging_mixin.py:188} INFO - [2026-07-08T23:21:15.690-0500] {dag.py:3089} INFO - Sync 1 DAGs
[2026-07-08T23:21:15.709-0500] {logging_mixin.py:188} INFO - [2026-07-08T23:21:15.709-0500] {dag.py:3947} INFO - Setting next_dagrun for aerotrack_travel_catalogo_vuelos to 2026-07-09 00:00:00+00:00, run_after=2026-07-10 00:00:00+00:00
[2026-07-08T23:21:15.724-0500] {processor.py:183} INFO - Processing /opt/airflow/dags/dag_generar_catalogo_vuelos.py took 0.619 seconds
[2026-07-08T23:21:45.965-0500] {processor.py:161} INFO - Started process (PID=2816) to work on /opt/airflow/dags/dag_generar_catalogo_vuelos.py
[2026-07-08T23:21:45.966-0500] {processor.py:830} INFO - Processing file /opt/airflow/dags/dag_generar_catalogo_vuelos.py for tasks to queue
[2026-07-08T23:21:45.967-0500] {logging_mixin.py:188} INFO - [2026-07-08T23:21:45.967-0500] {dagbag.py:545} INFO - Filling up the DagBag from /opt/airflow/dags/dag_generar_catalogo_vuelos.py
[2026-07-08T23:21:46.500-0500] {processor.py:840} INFO - DAG(s) 'aerotrack_travel_catalogo_vuelos' retrieved from /opt/airflow/dags/dag_generar_catalogo_vuelos.py
[2026-07-08T23:21:46.530-0500] {logging_mixin.py:188} INFO - [2026-07-08T23:21:46.530-0500] {dag.py:3089} INFO - Sync 1 DAGs
[2026-07-08T23:21:46.544-0500] {logging_mixin.py:188} INFO - [2026-07-08T23:21:46.544-0500] {dag.py:3947} INFO - Setting next_dagrun for aerotrack_travel_catalogo_vuelos to 2026-07-09 00:00:00+00:00, run_after=2026-07-10 00:00:00+00:00
[2026-07-08T23:21:46.558-0500] {processor.py:183} INFO - Processing /opt/airflow/dags/dag_generar_catalogo_vuelos.py took 0.599 seconds
[2026-07-08T23:22:16.800-0500] {processor.py:161} INFO - Started process (PID=2833) to work on /opt/airflow/dags/dag_generar_catalogo_vuelos.py
[2026-07-08T23:22:16.801-0500] {processor.py:830} INFO - Processing file /opt/airflow/dags/dag_generar_catalogo_vuelos.py for tasks to queue
[2026-07-08T23:22:16.802-0500] {logging_mixin.py:188} INFO - [2026-07-08T23:22:16.802-0500] {dagbag.py:545} INFO - Filling up the DagBag from /opt/airflow/dags/dag_generar_catalogo_vuelos.py
[2026-07-08T23:22:17.357-0500] {processor.py:840} INFO - DAG(s) 'aerotrack_travel_catalogo_vuelos' retrieved from /opt/airflow/dags/dag_generar_catalogo_vuelos.py
[2026-07-08T23:22:17.387-0500] {logging_mixin.py:188} INFO - [2026-07-08T23:22:17.387-0500] {dag.py:3089} INFO - Sync 1 DAGs
[2026-07-08T23:22:17.402-0500] {logging_mixin.py:188} INFO - [2026-07-08T23:22:17.402-0500] {dag.py:3947} INFO - Setting next_dagrun for aerotrack_travel_catalogo_vuelos to 2026-07-09 00:00:00+00:00, run_after=2026-07-10 00:00:00+00:00
[2026-07-08T23:22:17.416-0500] {processor.py:183} INFO - Processing /opt/airflow/dags/dag_generar_catalogo_vuelos.py took 0.620 seconds
[2026-07-08T23:22:47.691-0500] {processor.py:161} INFO - Started process (PID=2850) to work on /opt/airflow/dags/dag_generar_catalogo_vuelos.py
[2026-07-08T23:22:47.692-0500] {processor.py:830} INFO - Processing file /opt/airflow/dags/dag_generar_catalogo_vuelos.py for tasks to queue
[2026-07-08T23:22:47.693-0500] {logging_mixin.py:188} INFO - [2026-07-08T23:22:47.693-0500] {dagbag.py:545} INFO - Filling up the DagBag from /opt/airflow/dags/dag_generar_catalogo_vuelos.py
[2026-07-08T23:22:48.212-0500] {processor.py:840} INFO - DAG(s) 'aerotrack_travel_catalogo_vuelos' retrieved from /opt/airflow/dags/dag_generar_catalogo_vuelos.py
[2026-07-08T23:22:48.242-0500] {logging_mixin.py:188} INFO - [2026-07-08T23:22:48.241-0500] {dag.py:3089} INFO - Sync 1 DAGs
[2026-07-08T23:22:48.259-0500] {logging_mixin.py:188} INFO - [2026-07-08T23:22:48.259-0500] {dag.py:3947} INFO - Setting next_dagrun for aerotrack_travel_catalogo_vuelos to 2026-07-09 00:00:00+00:00, run_after=2026-07-10 00:00:00+00:00
[2026-07-08T23:22:48.273-0500] {processor.py:183} INFO - Processing /opt/airflow/dags/dag_generar_catalogo_vuelos.py took 0.586 seconds
[2026-07-08T23:23:18.471-0500] {processor.py:161} INFO - Started process (PID=2867) to work on /opt/airflow/dags/dag_generar_catalogo_vuelos.py
[2026-07-08T23:23:18.472-0500] {processor.py:830} INFO - Processing file /opt/airflow/dags/dag_generar_catalogo_vuelos.py for tasks to queue
[2026-07-08T23:23:18.473-0500] {logging_mixin.py:188} INFO - [2026-07-08T23:23:18.473-0500] {dagbag.py:545} INFO - Filling up the DagBag from /opt/airflow/dags/dag_generar_catalogo_vuelos.py
[2026-07-08T23:23:18.986-0500] {processor.py:840} INFO - DAG(s) 'aerotrack_travel_catalogo_vuelos' retrieved from /opt/airflow/dags/dag_generar_catalogo_vuelos.py
[2026-07-08T23:23:19.011-0500] {logging_mixin.py:188} INFO - [2026-07-08T23:23:19.011-0500] {dag.py:3089} INFO - Sync 1 DAGs
[2026-07-08T23:23:19.024-0500] {logging_mixin.py:188} INFO - [2026-07-08T23:23:19.024-0500] {dag.py:3947} INFO - Setting next_dagrun for aerotrack_travel_catalogo_vuelos to 2026-07-09 00:00:00+00:00, run_after=2026-07-10 00:00:00+00:00
[2026-07-08T23:23:19.038-0500] {processor.py:183} INFO - Processing /opt/airflow/dags/dag_generar_catalogo_vuelos.py took 0.572 seconds
[2026-07-08T23:23:49.287-0500] {processor.py:161} INFO - Started process (PID=2884) to work on /opt/airflow/dags/dag_generar_catalogo_vuelos.py
[2026-07-08T23:23:49.288-0500] {processor.py:830} INFO - Processing file /opt/airflow/dags/dag_generar_catalogo_vuelos.py for tasks to queue
[2026-07-08T23:23:49.290-0500] {logging_mixin.py:188} INFO - [2026-07-08T23:23:49.290-0500] {dagbag.py:545} INFO - Filling up the DagBag from /opt/airflow/dags/dag_generar_catalogo_vuelos.py
[2026-07-08T23:23:49.838-0500] {processor.py:840} INFO - DAG(s) 'aerotrack_travel_catalogo_vuelos' retrieved from /opt/airflow/dags/dag_generar_catalogo_vuelos.py
[2026-07-08T23:23:49.866-0500] {logging_mixin.py:188} INFO - [2026-07-08T23:23:49.866-0500] {dag.py:3089} INFO - Sync 1 DAGs
[2026-07-08T23:23:49.881-0500] {logging_mixin.py:188} INFO - [2026-07-08T23:23:49.881-0500] {dag.py:3947} INFO - Setting next_dagrun for aerotrack_travel_catalogo_vuelos to 2026-07-09 00:00:00+00:00, run_after=2026-07-10 00:00:00+00:00
[2026-07-08T23:23:49.896-0500] {processor.py:183} INFO - Processing /opt/airflow/dags/dag_generar_catalogo_vuelos.py took 0.614 seconds
[2026-07-08T23:24:20.158-0500] {processor.py:161} INFO - Started process (PID=2901) to work on /opt/airflow/dags/dag_generar_catalogo_vuelos.py
[2026-07-08T23:24:20.159-0500] {processor.py:830} INFO - Processing file /opt/airflow/dags/dag_generar_catalogo_vuelos.py for tasks to queue
[2026-07-08T23:24:20.160-0500] {logging_mixin.py:188} INFO - [2026-07-08T23:24:20.160-0500] {dagbag.py:545} INFO - Filling up the DagBag from /opt/airflow/dags/dag_generar_catalogo_vuelos.py
[2026-07-08T23:24:20.721-0500] {processor.py:840} INFO - DAG(s) 'aerotrack_travel_catalogo_vuelos' retrieved from /opt/airflow/dags/dag_generar_catalogo_vuelos.py
[2026-07-08T23:24:20.753-0500] {logging_mixin.py:188} INFO - [2026-07-08T23:24:20.753-0500] {dag.py:3089} INFO - Sync 1 DAGs
[2026-07-08T23:24:20.767-0500] {logging_mixin.py:188} INFO - [2026-07-08T23:24:20.767-0500] {dag.py:3947} INFO - Setting next_dagrun for aerotrack_travel_catalogo_vuelos to 2026-07-09 00:00:00+00:00, run_after=2026-07-10 00:00:00+00:00
[2026-07-08T23:24:20.782-0500] {processor.py:183} INFO - Processing /opt/airflow/dags/dag_generar_catalogo_vuelos.py took 0.629 seconds
[2026-07-08T23:24:51.018-0500] {processor.py:161} INFO - Started process (PID=2918) to work on /opt/airflow/dags/dag_generar_catalogo_vuelos.py
[2026-07-08T23:24:51.019-0500] {processor.py:830} INFO - Processing file /opt/airflow/dags/dag_generar_catalogo_vuelos.py for tasks to queue
[2026-07-08T23:24:51.020-0500] {logging_mixin.py:188} INFO - [2026-07-08T23:24:51.020-0500] {dagbag.py:545} INFO - Filling up the DagBag from /opt/airflow/dags/dag_generar_catalogo_vuelos.py
[2026-07-08T23:24:51.596-0500] {processor.py:840} INFO - DAG(s) 'aerotrack_travel_catalogo_vuelos' retrieved from /opt/airflow/dags/dag_generar_catalogo_vuelos.py
[2026-07-08T23:24:51.622-0500] {logging_mixin.py:188} INFO - [2026-07-08T23:24:51.622-0500] {dag.py:3089} INFO - Sync 1 DAGs
[2026-07-08T23:24:51.636-0500] {logging_mixin.py:188} INFO - [2026-07-08T23:24:51.636-0500] {dag.py:3947} INFO - Setting next_dagrun for aerotrack_travel_catalogo_vuelos to 2026-07-09 00:00:00+00:00, run_after=2026-07-10 00:00:00+00:00
[2026-07-08T23:24:51.651-0500] {processor.py:183} INFO - Processing /opt/airflow/dags/dag_generar_catalogo_vuelos.py took 0.637 seconds
[2026-07-08T23:25:21.899-0500] {processor.py:161} INFO - Started process (PID=2935) to work on /opt/airflow/dags/dag_generar_catalogo_vuelos.py
[2026-07-08T23:25:21.900-0500] {processor.py:830} INFO - Processing file /opt/airflow/dags/dag_generar_catalogo_vuelos.py for tasks to queue
[2026-07-08T23:25:21.901-0500] {logging_mixin.py:188} INFO - [2026-07-08T23:25:21.901-0500] {dagbag.py:545} INFO - Filling up the DagBag from /opt/airflow/dags/dag_generar_catalogo_vuelos.py
[2026-07-08T23:25:22.455-0500] {processor.py:840} INFO - DAG(s) 'aerotrack_travel_catalogo_vuelos' retrieved from /opt/airflow/dags/dag_generar_catalogo_vuelos.py
[2026-07-08T23:25:22.481-0500] {logging_mixin.py:188} INFO - [2026-07-08T23:25:22.481-0500] {dag.py:3089} INFO - Sync 1 DAGs
[2026-07-08T23:25:22.495-0500] {logging_mixin.py:188} INFO - [2026-07-08T23:25:22.494-0500] {dag.py:3947} INFO - Setting next_dagrun for aerotrack_travel_catalogo_vuelos to 2026-07-09 00:00:00+00:00, run_after=2026-07-10 00:00:00+00:00
[2026-07-08T23:25:22.508-0500] {processor.py:183} INFO - Processing /opt/airflow/dags/dag_generar_catalogo_vuelos.py took 0.613 seconds
[2026-07-08T23:25:52.750-0500] {processor.py:161} INFO - Started process (PID=2977) to work on /opt/airflow/dags/dag_generar_catalogo_vuelos.py
[2026-07-08T23:25:52.751-0500] {processor.py:830} INFO - Processing file /opt/airflow/dags/dag_generar_catalogo_vuelos.py for tasks to queue
[2026-07-08T23:25:52.752-0500] {logging_mixin.py:188} INFO - [2026-07-08T23:25:52.752-0500] {dagbag.py:545} INFO - Filling up the DagBag from /opt/airflow/dags/dag_generar_catalogo_vuelos.py
[2026-07-08T23:25:53.321-0500] {processor.py:840} INFO - DAG(s) 'aerotrack_travel_catalogo_vuelos' retrieved from /opt/airflow/dags/dag_generar_catalogo_vuelos.py
[2026-07-08T23:25:53.347-0500] {logging_mixin.py:188} INFO - [2026-07-08T23:25:53.346-0500] {dag.py:3089} INFO - Sync 1 DAGs
[2026-07-08T23:25:53.362-0500] {logging_mixin.py:188} INFO - [2026-07-08T23:25:53.361-0500] {dag.py:3947} INFO - Setting next_dagrun for aerotrack_travel_catalogo_vuelos to 2026-07-09 00:00:00+00:00, run_after=2026-07-10 00:00:00+00:00
[2026-07-08T23:25:53.380-0500] {processor.py:183} INFO - Processing /opt/airflow/dags/dag_generar_catalogo_vuelos.py took 0.634 seconds
[2026-07-08T23:26:23.854-0500] {processor.py:161} INFO - Started process (PID=3016) to work on /opt/airflow/dags/dag_generar_catalogo_vuelos.py
[2026-07-08T23:26:23.855-0500] {processor.py:830} INFO - Processing file /opt/airflow/dags/dag_generar_catalogo_vuelos.py for tasks to queue
[2026-07-08T23:26:23.856-0500] {logging_mixin.py:188} INFO - [2026-07-08T23:26:23.856-0500] {dagbag.py:545} INFO - Filling up the DagBag from /opt/airflow/dags/dag_generar_catalogo_vuelos.py
[2026-07-08T23:26:24.477-0500] {processor.py:840} INFO - DAG(s) 'aerotrack_travel_catalogo_vuelos' retrieved from /opt/airflow/dags/dag_generar_catalogo_vuelos.py
[2026-07-08T23:26:24.508-0500] {logging_mixin.py:188} INFO - [2026-07-08T23:26:24.508-0500] {dag.py:3089} INFO - Sync 1 DAGs
[2026-07-08T23:26:24.525-0500] {logging_mixin.py:188} INFO - [2026-07-08T23:26:24.525-0500] {dag.py:3947} INFO - Setting next_dagrun for aerotrack_travel_catalogo_vuelos to 2026-07-09 00:00:00+00:00, run_after=2026-07-10 00:00:00+00:00
[2026-07-08T23:26:24.540-0500] {processor.py:183} INFO - Processing /opt/airflow/dags/dag_generar_catalogo_vuelos.py took 0.691 seconds
[2026-07-08T23:26:54.904-0500] {processor.py:161} INFO - Started process (PID=3067) to work on /opt/airflow/dags/dag_generar_catalogo_vuelos.py
[2026-07-08T23:26:54.905-0500] {processor.py:830} INFO - Processing file /opt/airflow/dags/dag_generar_catalogo_vuelos.py for tasks to queue
[2026-07-08T23:26:54.906-0500] {logging_mixin.py:188} INFO - [2026-07-08T23:26:54.906-0500] {dagbag.py:545} INFO - Filling up the DagBag from /opt/airflow/dags/dag_generar_catalogo_vuelos.py
[2026-07-08T23:26:55.533-0500] {processor.py:840} INFO - DAG(s) 'aerotrack_travel_catalogo_vuelos' retrieved from /opt/airflow/dags/dag_generar_catalogo_vuelos.py
[2026-07-08T23:26:55.561-0500] {logging_mixin.py:188} INFO - [2026-07-08T23:26:55.561-0500] {dag.py:3089} INFO - Sync 1 DAGs
[2026-07-08T23:26:55.575-0500] {logging_mixin.py:188} INFO - [2026-07-08T23:26:55.575-0500] {dag.py:3947} INFO - Setting next_dagrun for aerotrack_travel_catalogo_vuelos to 2026-07-09 00:00:00+00:00, run_after=2026-07-10 00:00:00+00:00
[2026-07-08T23:26:55.588-0500] {processor.py:183} INFO - Processing /opt/airflow/dags/dag_generar_catalogo_vuelos.py took 0.689 seconds
[2026-07-08T23:27:25.937-0500] {processor.py:161} INFO - Started process (PID=3094) to work on /opt/airflow/dags/dag_generar_catalogo_vuelos.py
[2026-07-08T23:27:25.938-0500] {processor.py:830} INFO - Processing file /opt/airflow/dags/dag_generar_catalogo_vuelos.py for tasks to queue
[2026-07-08T23:27:25.940-0500] {logging_mixin.py:188} INFO - [2026-07-08T23:27:25.939-0500] {dagbag.py:545} INFO - Filling up the DagBag from /opt/airflow/dags/dag_generar_catalogo_vuelos.py
[2026-07-08T23:27:26.544-0500] {processor.py:840} INFO - DAG(s) 'aerotrack_travel_catalogo_vuelos' retrieved from /opt/airflow/dags/dag_generar_catalogo_vuelos.py
[2026-07-08T23:27:26.572-0500] {logging_mixin.py:188} INFO - [2026-07-08T23:27:26.572-0500] {dag.py:3089} INFO - Sync 1 DAGs
[2026-07-08T23:27:26.588-0500] {logging_mixin.py:188} INFO - [2026-07-08T23:27:26.588-0500] {dag.py:3947} INFO - Setting next_dagrun for aerotrack_travel_catalogo_vuelos to 2026-07-09 00:00:00+00:00, run_after=2026-07-10 00:00:00+00:00
[2026-07-08T23:27:26.601-0500] {processor.py:183} INFO - Processing /opt/airflow/dags/dag_generar_catalogo_vuelos.py took 0.670 seconds
[2026-07-08T23:27:56.896-0500] {processor.py:161} INFO - Started process (PID=3121) to work on /opt/airflow/dags/dag_generar_catalogo_vuelos.py
[2026-07-08T23:27:56.897-0500] {processor.py:830} INFO - Processing file /opt/airflow/dags/dag_generar_catalogo_vuelos.py for tasks to queue
[2026-07-08T23:27:56.898-0500] {logging_mixin.py:188} INFO - [2026-07-08T23:27:56.898-0500] {dagbag.py:545} INFO - Filling up the DagBag from /opt/airflow/dags/dag_generar_catalogo_vuelos.py
[2026-07-08T23:27:57.456-0500] {processor.py:840} INFO - DAG(s) 'aerotrack_travel_catalogo_vuelos' retrieved from /opt/airflow/dags/dag_generar_catalogo_vuelos.py
[2026-07-08T23:27:57.480-0500] {logging_mixin.py:188} INFO - [2026-07-08T23:27:57.480-0500] {dag.py:3089} INFO - Sync 1 DAGs
[2026-07-08T23:27:57.496-0500] {logging_mixin.py:188} INFO - [2026-07-08T23:27:57.496-0500] {dag.py:3947} INFO - Setting next_dagrun for aerotrack_travel_catalogo_vuelos to 2026-07-09 00:00:00+00:00, run_after=2026-07-10 00:00:00+00:00
[2026-07-08T23:27:57.509-0500] {processor.py:183} INFO - Processing /opt/airflow/dags/dag_generar_catalogo_vuelos.py took 0.617 seconds
[2026-07-08T23:28:27.961-0500] {processor.py:161} INFO - Started process (PID=3148) to work on /opt/airflow/dags/dag_generar_catalogo_vuelos.py
[2026-07-08T23:28:27.962-0500] {processor.py:830} INFO - Processing file /opt/airflow/dags/dag_generar_catalogo_vuelos.py for tasks to queue
[2026-07-08T23:28:27.963-0500] {logging_mixin.py:188} INFO - [2026-07-08T23:28:27.963-0500] {dagbag.py:545} INFO - Filling up the DagBag from /opt/airflow/dags/dag_generar_catalogo_vuelos.py
[2026-07-08T23:28:28.509-0500] {processor.py:840} INFO - DAG(s) 'aerotrack_travel_catalogo_vuelos' retrieved from /opt/airflow/dags/dag_generar_catalogo_vuelos.py
[2026-07-08T23:28:28.535-0500] {logging_mixin.py:188} INFO - [2026-07-08T23:28:28.534-0500] {dag.py:3089} INFO - Sync 1 DAGs
[2026-07-08T23:28:28.550-0500] {logging_mixin.py:188} INFO - [2026-07-08T23:28:28.550-0500] {dag.py:3947} INFO - Setting next_dagrun for aerotrack_travel_catalogo_vuelos to 2026-07-09 00:00:00+00:00, run_after=2026-07-10 00:00:00+00:00
[2026-07-08T23:28:28.562-0500] {processor.py:183} INFO - Processing /opt/airflow/dags/dag_generar_catalogo_vuelos.py took 0.607 seconds
[2026-07-08T23:28:58.946-0500] {processor.py:161} INFO - Started process (PID=3175) to work on /opt/airflow/dags/dag_generar_catalogo_vuelos.py
[2026-07-08T23:28:58.947-0500] {processor.py:830} INFO - Processing file /opt/airflow/dags/dag_generar_catalogo_vuelos.py for tasks to queue
[2026-07-08T23:28:58.949-0500] {logging_mixin.py:188} INFO - [2026-07-08T23:28:58.949-0500] {dagbag.py:545} INFO - Filling up the DagBag from /opt/airflow/dags/dag_generar_catalogo_vuelos.py
[2026-07-08T23:28:59.516-0500] {processor.py:840} INFO - DAG(s) 'aerotrack_travel_catalogo_vuelos' retrieved from /opt/airflow/dags/dag_generar_catalogo_vuelos.py
[2026-07-08T23:28:59.543-0500] {logging_mixin.py:188} INFO - [2026-07-08T23:28:59.543-0500] {dag.py:3089} INFO - Sync 1 DAGs
[2026-07-08T23:28:59.558-0500] {logging_mixin.py:188} INFO - [2026-07-08T23:28:59.558-0500] {dag.py:3947} INFO - Setting next_dagrun for aerotrack_travel_catalogo_vuelos to 2026-07-09 00:00:00+00:00, run_after=2026-07-10 00:00:00+00:00
[2026-07-08T23:28:59.570-0500] {processor.py:183} INFO - Processing /opt/airflow/dags/dag_generar_catalogo_vuelos.py took 0.628 seconds
[2026-07-08T23:29:30.011-0500] {processor.py:161} INFO - Started process (PID=3202) to work on /opt/airflow/dags/dag_generar_catalogo_vuelos.py
[2026-07-08T23:29:30.011-0500] {processor.py:830} INFO - Processing file /opt/airflow/dags/dag_generar_catalogo_vuelos.py for tasks to queue
[2026-07-08T23:29:30.013-0500] {logging_mixin.py:188} INFO - [2026-07-08T23:29:30.013-0500] {dagbag.py:545} INFO - Filling up the DagBag from /opt/airflow/dags/dag_generar_catalogo_vuelos.py
[2026-07-08T23:29:30.596-0500] {processor.py:840} INFO - DAG(s) 'aerotrack_travel_catalogo_vuelos' retrieved from /opt/airflow/dags/dag_generar_catalogo_vuelos.py
[2026-07-08T23:29:30.624-0500] {logging_mixin.py:188} INFO - [2026-07-08T23:29:30.624-0500] {dag.py:3089} INFO - Sync 1 DAGs
[2026-07-08T23:29:30.638-0500] {logging_mixin.py:188} INFO - [2026-07-08T23:29:30.638-0500] {dag.py:3947} INFO - Setting next_dagrun for aerotrack_travel_catalogo_vuelos to 2026-07-09 00:00:00+00:00, run_after=2026-07-10 00:00:00+00:00
[2026-07-08T23:29:30.650-0500] {processor.py:183} INFO - Processing /opt/airflow/dags/dag_generar_catalogo_vuelos.py took 0.645 seconds
[2026-07-08T23:30:00.973-0500] {processor.py:161} INFO - Started process (PID=3229) to work on /opt/airflow/dags/dag_generar_catalogo_vuelos.py
[2026-07-08T23:30:00.974-0500] {processor.py:830} INFO - Processing file /opt/airflow/dags/dag_generar_catalogo_vuelos.py for tasks to queue
[2026-07-08T23:30:00.976-0500] {logging_mixin.py:188} INFO - [2026-07-08T23:30:00.975-0500] {dagbag.py:545} INFO - Filling up the DagBag from /opt/airflow/dags/dag_generar_catalogo_vuelos.py
[2026-07-08T23:30:01.497-0500] {processor.py:840} INFO - DAG(s) 'aerotrack_travel_catalogo_vuelos' retrieved from /opt/airflow/dags/dag_generar_catalogo_vuelos.py
[2026-07-08T23:30:01.522-0500] {logging_mixin.py:188} INFO - [2026-07-08T23:30:01.521-0500] {dag.py:3089} INFO - Sync 1 DAGs
[2026-07-08T23:30:01.536-0500] {logging_mixin.py:188} INFO - [2026-07-08T23:30:01.535-0500] {dag.py:3947} INFO - Setting next_dagrun for aerotrack_travel_catalogo_vuelos to 2026-07-09 00:00:00+00:00, run_after=2026-07-10 00:00:00+00:00
[2026-07-08T23:30:01.548-0500] {processor.py:183} INFO - Processing /opt/airflow/dags/dag_generar_catalogo_vuelos.py took 0.580 seconds
[2026-07-08T23:30:31.896-0500] {processor.py:161} INFO - Started process (PID=3256) to work on /opt/airflow/dags/dag_generar_catalogo_vuelos.py
[2026-07-08T23:30:31.897-0500] {processor.py:830} INFO - Processing file /opt/airflow/dags/dag_generar_catalogo_vuelos.py for tasks to queue
[2026-07-08T23:30:31.898-0500] {logging_mixin.py:188} INFO - [2026-07-08T23:30:31.898-0500] {dagbag.py:545} INFO - Filling up the DagBag from /opt/airflow/dags/dag_generar_catalogo_vuelos.py
[2026-07-08T23:30:32.434-0500] {processor.py:840} INFO - DAG(s) 'aerotrack_travel_catalogo_vuelos' retrieved from /opt/airflow/dags/dag_generar_catalogo_vuelos.py
[2026-07-08T23:30:32.457-0500] {logging_mixin.py:188} INFO - [2026-07-08T23:30:32.457-0500] {dag.py:3089} INFO - Sync 1 DAGs
[2026-07-08T23:30:32.474-0500] {logging_mixin.py:188} INFO - [2026-07-08T23:30:32.474-0500] {dag.py:3947} INFO - Setting next_dagrun for aerotrack_travel_catalogo_vuelos to 2026-07-09 00:00:00+00:00, run_after=2026-07-10 00:00:00+00:00
[2026-07-08T23:30:32.491-0500] {processor.py:183} INFO - Processing /opt/airflow/dags/dag_generar_catalogo_vuelos.py took 0.599 seconds
[2026-07-08T23:31:02.906-0500] {processor.py:161} INFO - Started process (PID=3283) to work on /opt/airflow/dags/dag_generar_catalogo_vuelos.py
[2026-07-08T23:31:02.907-0500] {processor.py:830} INFO - Processing file /opt/airflow/dags/dag_generar_catalogo_vuelos.py for tasks to queue
[2026-07-08T23:31:02.908-0500] {logging_mixin.py:188} INFO - [2026-07-08T23:31:02.908-0500] {dagbag.py:545} INFO - Filling up the DagBag from /opt/airflow/dags/dag_generar_catalogo_vuelos.py
[2026-07-08T23:31:03.620-0500] {processor.py:840} INFO - DAG(s) 'aerotrack_travel_catalogo_vuelos' retrieved from /opt/airflow/dags/dag_generar_catalogo_vuelos.py
[2026-07-08T23:31:03.650-0500] {logging_mixin.py:188} INFO - [2026-07-08T23:31:03.650-0500] {dag.py:3089} INFO - Sync 1 DAGs
[2026-07-08T23:31:03.664-0500] {logging_mixin.py:188} INFO - [2026-07-08T23:31:03.664-0500] {dag.py:3947} INFO - Setting next_dagrun for aerotrack_travel_catalogo_vuelos to 2026-07-09 00:00:00+00:00, run_after=2026-07-10 00:00:00+00:00
[2026-07-08T23:31:03.679-0500] {processor.py:183} INFO - Processing /opt/airflow/dags/dag_generar_catalogo_vuelos.py took 0.778 seconds
[2026-07-08T23:31:34.242-0500] {processor.py:161} INFO - Started process (PID=3310) to work on /opt/airflow/dags/dag_generar_catalogo_vuelos.py
[2026-07-08T23:31:34.243-0500] {processor.py:830} INFO - Processing file /opt/airflow/dags/dag_generar_catalogo_vuelos.py for tasks to queue
[2026-07-08T23:31:34.246-0500] {logging_mixin.py:188} INFO - [2026-07-08T23:31:34.245-0500] {dagbag.py:545} INFO - Filling up the DagBag from /opt/airflow/dags/dag_generar_catalogo_vuelos.py
[2026-07-08T23:31:34.892-0500] {processor.py:840} INFO - DAG(s) 'aerotrack_travel_catalogo_vuelos' retrieved from /opt/airflow/dags/dag_generar_catalogo_vuelos.py
[2026-07-08T23:31:34.923-0500] {logging_mixin.py:188} INFO - [2026-07-08T23:31:34.923-0500] {dag.py:3089} INFO - Sync 1 DAGs
[2026-07-08T23:31:34.942-0500] {logging_mixin.py:188} INFO - [2026-07-08T23:31:34.942-0500] {dag.py:3947} INFO - Setting next_dagrun for aerotrack_travel_catalogo_vuelos to 2026-07-09 00:00:00+00:00, run_after=2026-07-10 00:00:00+00:00
[2026-07-08T23:31:34.959-0500] {processor.py:183} INFO - Processing /opt/airflow/dags/dag_generar_catalogo_vuelos.py took 0.721 seconds
[2026-07-08T23:32:05.325-0500] {processor.py:161} INFO - Started process (PID=3337) to work on /opt/airflow/dags/dag_generar_catalogo_vuelos.py
[2026-07-08T23:32:05.326-0500] {processor.py:830} INFO - Processing file /opt/airflow/dags/dag_generar_catalogo_vuelos.py for tasks to queue
[2026-07-08T23:32:05.329-0500] {logging_mixin.py:188} INFO - [2026-07-08T23:32:05.328-0500] {dagbag.py:545} INFO - Filling up the DagBag from /opt/airflow/dags/dag_generar_catalogo_vuelos.py
[2026-07-08T23:32:05.938-0500] {processor.py:840} INFO - DAG(s) 'aerotrack_travel_catalogo_vuelos' retrieved from /opt/airflow/dags/dag_generar_catalogo_vuelos.py
[2026-07-08T23:32:05.968-0500] {logging_mixin.py:188} INFO - [2026-07-08T23:32:05.967-0500] {dag.py:3089} INFO - Sync 1 DAGs
[2026-07-08T23:32:05.985-0500] {logging_mixin.py:188} INFO - [2026-07-08T23:32:05.985-0500] {dag.py:3947} INFO - Setting next_dagrun for aerotrack_travel_catalogo_vuelos to 2026-07-09 00:00:00+00:00, run_after=2026-07-10 00:00:00+00:00
[2026-07-08T23:32:05.998-0500] {processor.py:183} INFO - Processing /opt/airflow/dags/dag_generar_catalogo_vuelos.py took 0.681 seconds
[2026-07-08T23:32:36.301-0500] {processor.py:161} INFO - Started process (PID=3364) to work on /opt/airflow/dags/dag_generar_catalogo_vuelos.py
[2026-07-08T23:32:36.302-0500] {processor.py:830} INFO - Processing file /opt/airflow/dags/dag_generar_catalogo_vuelos.py for tasks to queue
[2026-07-08T23:32:36.304-0500] {logging_mixin.py:188} INFO - [2026-07-08T23:32:36.303-0500] {dagbag.py:545} INFO - Filling up the DagBag from /opt/airflow/dags/dag_generar_catalogo_vuelos.py
[2026-07-08T23:32:36.932-0500] {processor.py:840} INFO - DAG(s) 'aerotrack_travel_catalogo_vuelos' retrieved from /opt/airflow/dags/dag_generar_catalogo_vuelos.py
[2026-07-08T23:32:36.964-0500] {logging_mixin.py:188} INFO - [2026-07-08T23:32:36.964-0500] {dag.py:3089} INFO - Sync 1 DAGs
[2026-07-08T23:32:36.979-0500] {logging_mixin.py:188} INFO - [2026-07-08T23:32:36.979-0500] {dag.py:3947} INFO - Setting next_dagrun for aerotrack_travel_catalogo_vuelos to 2026-07-09 00:00:00+00:00, run_after=2026-07-10 00:00:00+00:00
[2026-07-08T23:32:36.992-0500] {processor.py:183} INFO - Processing /opt/airflow/dags/dag_generar_catalogo_vuelos.py took 0.697 seconds
[2026-07-08T23:33:07.427-0500] {processor.py:161} INFO - Started process (PID=3391) to work on /opt/airflow/dags/dag_generar_catalogo_vuelos.py
[2026-07-08T23:33:07.428-0500] {processor.py:830} INFO - Processing file /opt/airflow/dags/dag_generar_catalogo_vuelos.py for tasks to queue
[2026-07-08T23:33:07.430-0500] {logging_mixin.py:188} INFO - [2026-07-08T23:33:07.430-0500] {dagbag.py:545} INFO - Filling up the DagBag from /opt/airflow/dags/dag_generar_catalogo_vuelos.py
[2026-07-08T23:33:08.047-0500] {processor.py:840} INFO - DAG(s) 'aerotrack_travel_catalogo_vuelos' retrieved from /opt/airflow/dags/dag_generar_catalogo_vuelos.py
[2026-07-08T23:33:08.079-0500] {logging_mixin.py:188} INFO - [2026-07-08T23:33:08.079-0500] {dag.py:3089} INFO - Sync 1 DAGs
[2026-07-08T23:33:08.094-0500] {logging_mixin.py:188} INFO - [2026-07-08T23:33:08.093-0500] {dag.py:3947} INFO - Setting next_dagrun for aerotrack_travel_catalogo_vuelos to 2026-07-09 00:00:00+00:00, run_after=2026-07-10 00:00:00+00:00
[2026-07-08T23:33:08.107-0500] {processor.py:183} INFO - Processing /opt/airflow/dags/dag_generar_catalogo_vuelos.py took 0.685 seconds
[2026-07-08T23:33:38.540-0500] {processor.py:161} INFO - Started process (PID=3418) to work on /opt/airflow/dags/dag_generar_catalogo_vuelos.py
[2026-07-08T23:33:38.541-0500] {processor.py:830} INFO - Processing file /opt/airflow/dags/dag_generar_catalogo_vuelos.py for tasks to queue
[2026-07-08T23:33:38.543-0500] {logging_mixin.py:188} INFO - [2026-07-08T23:33:38.543-0500] {dagbag.py:545} INFO - Filling up the DagBag from /opt/airflow/dags/dag_generar_catalogo_vuelos.py
[2026-07-08T23:33:39.118-0500] {processor.py:840} INFO - DAG(s) 'aerotrack_travel_catalogo_vuelos' retrieved from /opt/airflow/dags/dag_generar_catalogo_vuelos.py
[2026-07-08T23:33:39.146-0500] {logging_mixin.py:188} INFO - [2026-07-08T23:33:39.146-0500] {dag.py:3089} INFO - Sync 1 DAGs
[2026-07-08T23:33:39.163-0500] {logging_mixin.py:188} INFO - [2026-07-08T23:33:39.163-0500] {dag.py:3947} INFO - Setting next_dagrun for aerotrack_travel_catalogo_vuelos to 2026-07-09 00:00:00+00:00, run_after=2026-07-10 00:00:00+00:00
[2026-07-08T23:33:39.177-0500] {processor.py:183} INFO - Processing /opt/airflow/dags/dag_generar_catalogo_vuelos.py took 0.642 seconds
[2026-07-08T23:34:09.493-0500] {processor.py:161} INFO - Started process (PID=3445) to work on /opt/airflow/dags/dag_generar_catalogo_vuelos.py
[2026-07-08T23:34:09.494-0500] {processor.py:830} INFO - Processing file /opt/airflow/dags/dag_generar_catalogo_vuelos.py for tasks to queue
[2026-07-08T23:34:09.495-0500] {logging_mixin.py:188} INFO - [2026-07-08T23:34:09.495-0500] {dagbag.py:545} INFO - Filling up the DagBag from /opt/airflow/dags/dag_generar_catalogo_vuelos.py
[2026-07-08T23:34:10.060-0500] {processor.py:840} INFO - DAG(s) 'aerotrack_travel_catalogo_vuelos' retrieved from /opt/airflow/dags/dag_generar_catalogo_vuelos.py
[2026-07-08T23:34:10.086-0500] {logging_mixin.py:188} INFO - [2026-07-08T23:34:10.085-0500] {dag.py:3089} INFO - Sync 1 DAGs
[2026-07-08T23:34:10.101-0500] {logging_mixin.py:188} INFO - [2026-07-08T23:34:10.100-0500] {dag.py:3947} INFO - Setting next_dagrun for aerotrack_travel_catalogo_vuelos to 2026-07-09 00:00:00+00:00, run_after=2026-07-10 00:00:00+00:00
[2026-07-08T23:34:10.113-0500] {processor.py:183} INFO - Processing /opt/airflow/dags/dag_generar_catalogo_vuelos.py took 0.626 seconds
[2026-07-08T23:34:40.498-0500] {processor.py:161} INFO - Started process (PID=3472) to work on /opt/airflow/dags/dag_generar_catalogo_vuelos.py
[2026-07-08T23:34:40.498-0500] {processor.py:830} INFO - Processing file /opt/airflow/dags/dag_generar_catalogo_vuelos.py for tasks to queue
[2026-07-08T23:34:40.500-0500] {logging_mixin.py:188} INFO - [2026-07-08T23:34:40.499-0500] {dagbag.py:545} INFO - Filling up the DagBag from /opt/airflow/dags/dag_generar_catalogo_vuelos.py
[2026-07-08T23:34:41.014-0500] {processor.py:840} INFO - DAG(s) 'aerotrack_travel_catalogo_vuelos' retrieved from /opt/airflow/dags/dag_generar_catalogo_vuelos.py
[2026-07-08T23:34:41.038-0500] {logging_mixin.py:188} INFO - [2026-07-08T23:34:41.038-0500] {dag.py:3089} INFO - Sync 1 DAGs
[2026-07-08T23:34:41.053-0500] {logging_mixin.py:188} INFO - [2026-07-08T23:34:41.052-0500] {dag.py:3947} INFO - Setting next_dagrun for aerotrack_travel_catalogo_vuelos to 2026-07-09 00:00:00+00:00, run_after=2026-07-10 00:00:00+00:00
[2026-07-08T23:34:41.064-0500] {processor.py:183} INFO - Processing /opt/airflow/dags/dag_generar_catalogo_vuelos.py took 0.570 seconds
[2026-07-08T23:35:11.493-0500] {processor.py:161} INFO - Started process (PID=3499) to work on /opt/airflow/dags/dag_generar_catalogo_vuelos.py
[2026-07-08T23:35:11.494-0500] {processor.py:830} INFO - Processing file /opt/airflow/dags/dag_generar_catalogo_vuelos.py for tasks to queue
[2026-07-08T23:35:11.496-0500] {logging_mixin.py:188} INFO - [2026-07-08T23:35:11.495-0500] {dagbag.py:545} INFO - Filling up the DagBag from /opt/airflow/dags/dag_generar_catalogo_vuelos.py
[2026-07-08T23:35:12.011-0500] {processor.py:840} INFO - DAG(s) 'aerotrack_travel_catalogo_vuelos' retrieved from /opt/airflow/dags/dag_generar_catalogo_vuelos.py
[2026-07-08T23:35:12.038-0500] {logging_mixin.py:188} INFO - [2026-07-08T23:35:12.037-0500] {dag.py:3089} INFO - Sync 1 DAGs
[2026-07-08T23:35:12.052-0500] {logging_mixin.py:188} INFO - [2026-07-08T23:35:12.052-0500] {dag.py:3947} INFO - Setting next_dagrun for aerotrack_travel_catalogo_vuelos to 2026-07-09 00:00:00+00:00, run_after=2026-07-10 00:00:00+00:00
[2026-07-08T23:35:12.066-0500] {processor.py:183} INFO - Processing /opt/airflow/dags/dag_generar_catalogo_vuelos.py took 0.576 seconds
[2026-07-08T23:35:42.384-0500] {processor.py:161} INFO - Started process (PID=3526) to work on /opt/airflow/dags/dag_generar_catalogo_vuelos.py
[2026-07-08T23:35:42.385-0500] {processor.py:830} INFO - Processing file /opt/airflow/dags/dag_generar_catalogo_vuelos.py for tasks to queue
[2026-07-08T23:35:42.387-0500] {logging_mixin.py:188} INFO - [2026-07-08T23:35:42.386-0500] {dagbag.py:545} INFO - Filling up the DagBag from /opt/airflow/dags/dag_generar_catalogo_vuelos.py
[2026-07-08T23:35:42.918-0500] {processor.py:840} INFO - DAG(s) 'aerotrack_travel_catalogo_vuelos' retrieved from /opt/airflow/dags/dag_generar_catalogo_vuelos.py
[2026-07-08T23:35:42.945-0500] {logging_mixin.py:188} INFO - [2026-07-08T23:35:42.945-0500] {dag.py:3089} INFO - Sync 1 DAGs
[2026-07-08T23:35:42.959-0500] {logging_mixin.py:188} INFO - [2026-07-08T23:35:42.959-0500] {dag.py:3947} INFO - Setting next_dagrun for aerotrack_travel_catalogo_vuelos to 2026-07-09 00:00:00+00:00, run_after=2026-07-10 00:00:00+00:00
[2026-07-08T23:35:42.971-0500] {processor.py:183} INFO - Processing /opt/airflow/dags/dag_generar_catalogo_vuelos.py took 0.592 seconds
[2026-07-08T23:36:13.496-0500] {processor.py:161} INFO - Started process (PID=3553) to work on /opt/airflow/dags/dag_generar_catalogo_vuelos.py
[2026-07-08T23:36:13.497-0500] {processor.py:830} INFO - Processing file /opt/airflow/dags/dag_generar_catalogo_vuelos.py for tasks to queue
[2026-07-08T23:36:13.499-0500] {logging_mixin.py:188} INFO - [2026-07-08T23:36:13.498-0500] {dagbag.py:545} INFO - Filling up the DagBag from /opt/airflow/dags/dag_generar_catalogo_vuelos.py
[2026-07-08T23:36:14.046-0500] {processor.py:840} INFO - DAG(s) 'aerotrack_travel_catalogo_vuelos' retrieved from /opt/airflow/dags/dag_generar_catalogo_vuelos.py
[2026-07-08T23:36:14.074-0500] {logging_mixin.py:188} INFO - [2026-07-08T23:36:14.073-0500] {dag.py:3089} INFO - Sync 1 DAGs
[2026-07-08T23:36:14.090-0500] {logging_mixin.py:188} INFO - [2026-07-08T23:36:14.089-0500] {dag.py:3947} INFO - Setting next_dagrun for aerotrack_travel_catalogo_vuelos to 2026-07-09 00:00:00+00:00, run_after=2026-07-10 00:00:00+00:00
[2026-07-08T23:36:14.109-0500] {processor.py:183} INFO - Processing /opt/airflow/dags/dag_generar_catalogo_vuelos.py took 0.617 seconds
[2026-07-08T23:36:44.584-0500] {processor.py:161} INFO - Started process (PID=3580) to work on /opt/airflow/dags/dag_generar_catalogo_vuelos.py
[2026-07-08T23:36:44.585-0500] {processor.py:830} INFO - Processing file /opt/airflow/dags/dag_generar_catalogo_vuelos.py for tasks to queue
[2026-07-08T23:36:44.586-0500] {logging_mixin.py:188} INFO - [2026-07-08T23:36:44.586-0500] {dagbag.py:545} INFO - Filling up the DagBag from /opt/airflow/dags/dag_generar_catalogo_vuelos.py
[2026-07-08T23:36:45.108-0500] {processor.py:840} INFO - DAG(s) 'aerotrack_travel_catalogo_vuelos' retrieved from /opt/airflow/dags/dag_generar_catalogo_vuelos.py
[2026-07-08T23:36:45.132-0500] {logging_mixin.py:188} INFO - [2026-07-08T23:36:45.131-0500] {dag.py:3089} INFO - Sync 1 DAGs
[2026-07-08T23:36:45.145-0500] {logging_mixin.py:188} INFO - [2026-07-08T23:36:45.145-0500] {dag.py:3947} INFO - Setting next_dagrun for aerotrack_travel_catalogo_vuelos to 2026-07-09 00:00:00+00:00, run_after=2026-07-10 00:00:00+00:00
[2026-07-08T23:36:45.160-0500] {processor.py:183} INFO - Processing /opt/airflow/dags/dag_generar_catalogo_vuelos.py took 0.579 seconds
[2026-07-08T23:37:15.554-0500] {processor.py:161} INFO - Started process (PID=3607) to work on /opt/airflow/dags/dag_generar_catalogo_vuelos.py
[2026-07-08T23:37:15.555-0500] {processor.py:830} INFO - Processing file /opt/airflow/dags/dag_generar_catalogo_vuelos.py for tasks to queue
[2026-07-08T23:37:15.557-0500] {logging_mixin.py:188} INFO - [2026-07-08T23:37:15.557-0500] {dagbag.py:545} INFO - Filling up the DagBag from /opt/airflow/dags/dag_generar_catalogo_vuelos.py
[2026-07-08T23:37:16.072-0500] {processor.py:840} INFO - DAG(s) 'aerotrack_travel_catalogo_vuelos' retrieved from /opt/airflow/dags/dag_generar_catalogo_vuelos.py
[2026-07-08T23:37:16.100-0500] {logging_mixin.py:188} INFO - [2026-07-08T23:37:16.099-0500] {dag.py:3089} INFO - Sync 1 DAGs
[2026-07-08T23:37:16.114-0500] {logging_mixin.py:188} INFO - [2026-07-08T23:37:16.114-0500] {dag.py:3947} INFO - Setting next_dagrun for aerotrack_travel_catalogo_vuelos to 2026-07-09 00:00:00+00:00, run_after=2026-07-10 00:00:00+00:00
[2026-07-08T23:37:16.143-0500] {processor.py:183} INFO - Processing /opt/airflow/dags/dag_generar_catalogo_vuelos.py took 0.594 seconds
[2026-07-08T23:37:46.494-0500] {processor.py:161} INFO - Started process (PID=3634) to work on /opt/airflow/dags/dag_generar_catalogo_vuelos.py
[2026-07-08T23:37:46.495-0500] {processor.py:830} INFO - Processing file /opt/airflow/dags/dag_generar_catalogo_vuelos.py for tasks to queue
[2026-07-08T23:37:46.496-0500] {logging_mixin.py:188} INFO - [2026-07-08T23:37:46.496-0500] {dagbag.py:545} INFO - Filling up the DagBag from /opt/airflow/dags/dag_generar_catalogo_vuelos.py
[2026-07-08T23:37:47.025-0500] {processor.py:840} INFO - DAG(s) 'aerotrack_travel_catalogo_vuelos' retrieved from /opt/airflow/dags/dag_generar_catalogo_vuelos.py
[2026-07-08T23:37:47.054-0500] {logging_mixin.py:188} INFO - [2026-07-08T23:37:47.054-0500] {dag.py:3089} INFO - Sync 1 DAGs
[2026-07-08T23:37:47.068-0500] {logging_mixin.py:188} INFO - [2026-07-08T23:37:47.068-0500] {dag.py:3947} INFO - Setting next_dagrun for aerotrack_travel_catalogo_vuelos to 2026-07-09 00:00:00+00:00, run_after=2026-07-10 00:00:00+00:00
[2026-07-08T23:37:47.080-0500] {processor.py:183} INFO - Processing /opt/airflow/dags/dag_generar_catalogo_vuelos.py took 0.593 seconds
[2026-07-08T23:38:17.545-0500] {processor.py:161} INFO - Started process (PID=3661) to work on /opt/airflow/dags/dag_generar_catalogo_vuelos.py
[2026-07-08T23:38:17.546-0500] {processor.py:830} INFO - Processing file /opt/airflow/dags/dag_generar_catalogo_vuelos.py for tasks to queue
[2026-07-08T23:38:17.547-0500] {logging_mixin.py:188} INFO - [2026-07-08T23:38:17.547-0500] {dagbag.py:545} INFO - Filling up the DagBag from /opt/airflow/dags/dag_generar_catalogo_vuelos.py
[2026-07-08T23:38:18.242-0500] {processor.py:840} INFO - DAG(s) 'aerotrack_travel_catalogo_vuelos' retrieved from /opt/airflow/dags/dag_generar_catalogo_vuelos.py
[2026-07-08T23:38:18.293-0500] {logging_mixin.py:188} INFO - [2026-07-08T23:38:18.292-0500] {dag.py:3089} INFO - Sync 1 DAGs
[2026-07-08T23:38:18.316-0500] {logging_mixin.py:188} INFO - [2026-07-08T23:38:18.316-0500] {dag.py:3947} INFO - Setting next_dagrun for aerotrack_travel_catalogo_vuelos to 2026-07-09 00:00:00+00:00, run_after=2026-07-10 00:00:00+00:00
[2026-07-08T23:38:18.346-0500] {processor.py:183} INFO - Processing /opt/airflow/dags/dag_generar_catalogo_vuelos.py took 0.805 seconds
[2026-07-08T23:38:48.680-0500] {processor.py:161} INFO - Started process (PID=3688) to work on /opt/airflow/dags/dag_generar_catalogo_vuelos.py
[2026-07-08T23:38:48.681-0500] {processor.py:830} INFO - Processing file /opt/airflow/dags/dag_generar_catalogo_vuelos.py for tasks to queue
[2026-07-08T23:38:48.682-0500] {logging_mixin.py:188} INFO - [2026-07-08T23:38:48.682-0500] {dagbag.py:545} INFO - Filling up the DagBag from /opt/airflow/dags/dag_generar_catalogo_vuelos.py
[2026-07-08T23:38:49.202-0500] {processor.py:840} INFO - DAG(s) 'aerotrack_travel_catalogo_vuelos' retrieved from /opt/airflow/dags/dag_generar_catalogo_vuelos.py
[2026-07-08T23:38:49.229-0500] {logging_mixin.py:188} INFO - [2026-07-08T23:38:49.229-0500] {dag.py:3089} INFO - Sync 1 DAGs
[2026-07-08T23:38:49.244-0500] {logging_mixin.py:188} INFO - [2026-07-08T23:38:49.244-0500] {dag.py:3947} INFO - Setting next_dagrun for aerotrack_travel_catalogo_vuelos to 2026-07-09 00:00:00+00:00, run_after=2026-07-10 00:00:00+00:00
[2026-07-08T23:38:49.257-0500] {processor.py:183} INFO - Processing /opt/airflow/dags/dag_generar_catalogo_vuelos.py took 0.581 seconds
[2026-07-08T23:39:19.620-0500] {processor.py:161} INFO - Started process (PID=3715) to work on /opt/airflow/dags/dag_generar_catalogo_vuelos.py
[2026-07-08T23:39:19.621-0500] {processor.py:830} INFO - Processing file /opt/airflow/dags/dag_generar_catalogo_vuelos.py for tasks to queue
[2026-07-08T23:39:19.623-0500] {logging_mixin.py:188} INFO - [2026-07-08T23:39:19.622-0500] {dagbag.py:545} INFO - Filling up the DagBag from /opt/airflow/dags/dag_generar_catalogo_vuelos.py
[2026-07-08T23:39:20.211-0500] {processor.py:840} INFO - DAG(s) 'aerotrack_travel_catalogo_vuelos' retrieved from /opt/airflow/dags/dag_generar_catalogo_vuelos.py
[2026-07-08T23:39:20.240-0500] {logging_mixin.py:188} INFO - [2026-07-08T23:39:20.239-0500] {dag.py:3089} INFO - Sync 1 DAGs
[2026-07-08T23:39:20.254-0500] {logging_mixin.py:188} INFO - [2026-07-08T23:39:20.254-0500] {dag.py:3947} INFO - Setting next_dagrun for aerotrack_travel_catalogo_vuelos to 2026-07-09 00:00:00+00:00, run_after=2026-07-10 00:00:00+00:00
[2026-07-08T23:39:20.268-0500] {processor.py:183} INFO - Processing /opt/airflow/dags/dag_generar_catalogo_vuelos.py took 0.653 seconds
[2026-07-08T23:39:50.629-0500] {processor.py:161} INFO - Started process (PID=3742) to work on /opt/airflow/dags/dag_generar_catalogo_vuelos.py
[2026-07-08T23:39:50.630-0500] {processor.py:830} INFO - Processing file /opt/airflow/dags/dag_generar_catalogo_vuelos.py for tasks to queue
[2026-07-08T23:39:50.632-0500] {logging_mixin.py:188} INFO - [2026-07-08T23:39:50.631-0500] {dagbag.py:545} INFO - Filling up the DagBag from /opt/airflow/dags/dag_generar_catalogo_vuelos.py
[2026-07-08T23:39:51.133-0500] {processor.py:840} INFO - DAG(s) 'aerotrack_travel_catalogo_vuelos' retrieved from /opt/airflow/dags/dag_generar_catalogo_vuelos.py
[2026-07-08T23:39:51.156-0500] {logging_mixin.py:188} INFO - [2026-07-08T23:39:51.156-0500] {dag.py:3089} INFO - Sync 1 DAGs
[2026-07-08T23:39:51.170-0500] {logging_mixin.py:188} INFO - [2026-07-08T23:39:51.170-0500] {dag.py:3947} INFO - Setting next_dagrun for aerotrack_travel_catalogo_vuelos to 2026-07-09 00:00:00+00:00, run_after=2026-07-10 00:00:00+00:00
[2026-07-08T23:39:51.181-0500] {processor.py:183} INFO - Processing /opt/airflow/dags/dag_generar_catalogo_vuelos.py took 0.557 seconds
[2026-07-08T23:40:21.653-0500] {processor.py:161} INFO - Started process (PID=3769) to work on /opt/airflow/dags/dag_generar_catalogo_vuelos.py
[2026-07-08T23:40:21.653-0500] {processor.py:830} INFO - Processing file /opt/airflow/dags/dag_generar_catalogo_vuelos.py for tasks to queue
[2026-07-08T23:40:21.655-0500] {logging_mixin.py:188} INFO - [2026-07-08T23:40:21.655-0500] {dagbag.py:545} INFO - Filling up the DagBag from /opt/airflow/dags/dag_generar_catalogo_vuelos.py
[2026-07-08T23:40:22.184-0500] {processor.py:840} INFO - DAG(s) 'aerotrack_travel_catalogo_vuelos' retrieved from /opt/airflow/dags/dag_generar_catalogo_vuelos.py
[2026-07-08T23:40:22.212-0500] {logging_mixin.py:188} INFO - [2026-07-08T23:40:22.212-0500] {dag.py:3089} INFO - Sync 1 DAGs
[2026-07-08T23:40:22.225-0500] {logging_mixin.py:188} INFO - [2026-07-08T23:40:22.225-0500] {dag.py:3947} INFO - Setting next_dagrun for aerotrack_travel_catalogo_vuelos to 2026-07-09 00:00:00+00:00, run_after=2026-07-10 00:00:00+00:00
[2026-07-08T23:40:22.241-0500] {processor.py:183} INFO - Processing /opt/airflow/dags/dag_generar_catalogo_vuelos.py took 0.592 seconds
[2026-07-08T23:40:52.680-0500] {processor.py:161} INFO - Started process (PID=3796) to work on /opt/airflow/dags/dag_generar_catalogo_vuelos.py
[2026-07-08T23:40:52.682-0500] {processor.py:830} INFO - Processing file /opt/airflow/dags/dag_generar_catalogo_vuelos.py for tasks to queue
[2026-07-08T23:40:52.684-0500] {logging_mixin.py:188} INFO - [2026-07-08T23:40:52.683-0500] {dagbag.py:545} INFO - Filling up the DagBag from /opt/airflow/dags/dag_generar_catalogo_vuelos.py
[2026-07-08T23:40:53.356-0500] {processor.py:840} INFO - DAG(s) 'aerotrack_travel_catalogo_vuelos' retrieved from /opt/airflow/dags/dag_generar_catalogo_vuelos.py
[2026-07-08T23:40:53.391-0500] {logging_mixin.py:188} INFO - [2026-07-08T23:40:53.391-0500] {dag.py:3089} INFO - Sync 1 DAGs
[2026-07-08T23:40:53.412-0500] {logging_mixin.py:188} INFO - [2026-07-08T23:40:53.412-0500] {dag.py:3947} INFO - Setting next_dagrun for aerotrack_travel_catalogo_vuelos to 2026-07-09 00:00:00+00:00, run_after=2026-07-10 00:00:00+00:00
[2026-07-08T23:40:53.430-0500] {processor.py:183} INFO - Processing /opt/airflow/dags/dag_generar_catalogo_vuelos.py took 0.755 seconds
[2026-07-08T23:41:23.962-0500] {processor.py:161} INFO - Started process (PID=3823) to work on /opt/airflow/dags/dag_generar_catalogo_vuelos.py
[2026-07-08T23:41:23.963-0500] {processor.py:830} INFO - Processing file /opt/airflow/dags/dag_generar_catalogo_vuelos.py for tasks to queue
[2026-07-08T23:41:23.965-0500] {logging_mixin.py:188} INFO - [2026-07-08T23:41:23.965-0500] {dagbag.py:545} INFO - Filling up the DagBag from /opt/airflow/dags/dag_generar_catalogo_vuelos.py
[2026-07-08T23:41:24.546-0500] {processor.py:840} INFO - DAG(s) 'aerotrack_travel_catalogo_vuelos' retrieved from /opt/airflow/dags/dag_generar_catalogo_vuelos.py
[2026-07-08T23:41:24.576-0500] {logging_mixin.py:188} INFO - [2026-07-08T23:41:24.576-0500] {dag.py:3089} INFO - Sync 1 DAGs
[2026-07-08T23:41:24.589-0500] {logging_mixin.py:188} INFO - [2026-07-08T23:41:24.588-0500] {dag.py:3947} INFO - Setting next_dagrun for aerotrack_travel_catalogo_vuelos to 2026-07-09 00:00:00+00:00, run_after=2026-07-10 00:00:00+00:00
[2026-07-08T23:41:24.601-0500] {processor.py:183} INFO - Processing /opt/airflow/dags/dag_generar_catalogo_vuelos.py took 0.644 seconds
[2026-07-08T23:41:54.941-0500] {processor.py:161} INFO - Started process (PID=3850) to work on /opt/airflow/dags/dag_generar_catalogo_vuelos.py
[2026-07-08T23:41:54.942-0500] {processor.py:830} INFO - Processing file /opt/airflow/dags/dag_generar_catalogo_vuelos.py for tasks to queue
[2026-07-08T23:41:54.944-0500] {logging_mixin.py:188} INFO - [2026-07-08T23:41:54.943-0500] {dagbag.py:545} INFO - Filling up the DagBag from /opt/airflow/dags/dag_generar_catalogo_vuelos.py
[2026-07-08T23:41:55.527-0500] {processor.py:840} INFO - DAG(s) 'aerotrack_travel_catalogo_vuelos' retrieved from /opt/airflow/dags/dag_generar_catalogo_vuelos.py
[2026-07-08T23:41:55.558-0500] {logging_mixin.py:188} INFO - [2026-07-08T23:41:55.558-0500] {dag.py:3089} INFO - Sync 1 DAGs
[2026-07-08T23:41:55.573-0500] {logging_mixin.py:188} INFO - [2026-07-08T23:41:55.573-0500] {dag.py:3947} INFO - Setting next_dagrun for aerotrack_travel_catalogo_vuelos to 2026-07-09 00:00:00+00:00, run_after=2026-07-10 00:00:00+00:00
[2026-07-08T23:41:55.589-0500] {processor.py:183} INFO - Processing /opt/airflow/dags/dag_generar_catalogo_vuelos.py took 0.654 seconds
[2026-07-08T23:42:25.964-0500] {processor.py:161} INFO - Started process (PID=3877) to work on /opt/airflow/dags/dag_generar_catalogo_vuelos.py
[2026-07-08T23:42:25.965-0500] {processor.py:830} INFO - Processing file /opt/airflow/dags/dag_generar_catalogo_vuelos.py for tasks to queue
[2026-07-08T23:42:25.967-0500] {logging_mixin.py:188} INFO - [2026-07-08T23:42:25.967-0500] {dagbag.py:545} INFO - Filling up the DagBag from /opt/airflow/dags/dag_generar_catalogo_vuelos.py
[2026-07-08T23:42:26.466-0500] {processor.py:840} INFO - DAG(s) 'aerotrack_travel_catalogo_vuelos' retrieved from /opt/airflow/dags/dag_generar_catalogo_vuelos.py
[2026-07-08T23:42:26.498-0500] {logging_mixin.py:188} INFO - [2026-07-08T23:42:26.498-0500] {dag.py:3089} INFO - Sync 1 DAGs
[2026-07-08T23:42:26.519-0500] {logging_mixin.py:188} INFO - [2026-07-08T23:42:26.519-0500] {dag.py:3947} INFO - Setting next_dagrun for aerotrack_travel_catalogo_vuelos to 2026-07-09 00:00:00+00:00, run_after=2026-07-10 00:00:00+00:00
[2026-07-08T23:42:26.539-0500] {processor.py:183} INFO - Processing /opt/airflow/dags/dag_generar_catalogo_vuelos.py took 0.579 seconds
[2026-07-08T23:42:56.895-0500] {processor.py:161} INFO - Started process (PID=3904) to work on /opt/airflow/dags/dag_generar_catalogo_vuelos.py
[2026-07-08T23:42:56.896-0500] {processor.py:830} INFO - Processing file /opt/airflow/dags/dag_generar_catalogo_vuelos.py for tasks to queue
[2026-07-08T23:42:56.899-0500] {logging_mixin.py:188} INFO - [2026-07-08T23:42:56.898-0500] {dagbag.py:545} INFO - Filling up the DagBag from /opt/airflow/dags/dag_generar_catalogo_vuelos.py
[2026-07-08T23:42:57.461-0500] {processor.py:840} INFO - DAG(s) 'aerotrack_travel_catalogo_vuelos' retrieved from /opt/airflow/dags/dag_generar_catalogo_vuelos.py
[2026-07-08T23:42:57.497-0500] {logging_mixin.py:188} INFO - [2026-07-08T23:42:57.497-0500] {dag.py:3089} INFO - Sync 1 DAGs
[2026-07-08T23:42:57.514-0500] {logging_mixin.py:188} INFO - [2026-07-08T23:42:57.513-0500] {dag.py:3947} INFO - Setting next_dagrun for aerotrack_travel_catalogo_vuelos to 2026-07-09 00:00:00+00:00, run_after=2026-07-10 00:00:00+00:00
[2026-07-08T23:42:57.529-0500] {processor.py:183} INFO - Processing /opt/airflow/dags/dag_generar_catalogo_vuelos.py took 0.638 seconds
[2026-07-08T23:43:27.860-0500] {processor.py:161} INFO - Started process (PID=3931) to work on /opt/airflow/dags/dag_generar_catalogo_vuelos.py
[2026-07-08T23:43:27.861-0500] {processor.py:830} INFO - Processing file /opt/airflow/dags/dag_generar_catalogo_vuelos.py for tasks to queue
[2026-07-08T23:43:27.862-0500] {logging_mixin.py:188} INFO - [2026-07-08T23:43:27.862-0500] {dagbag.py:545} INFO - Filling up the DagBag from /opt/airflow/dags/dag_generar_catalogo_vuelos.py
[2026-07-08T23:43:28.374-0500] {processor.py:840} INFO - DAG(s) 'aerotrack_travel_catalogo_vuelos' retrieved from /opt/airflow/dags/dag_generar_catalogo_vuelos.py
[2026-07-08T23:43:28.398-0500] {logging_mixin.py:188} INFO - [2026-07-08T23:43:28.398-0500] {dag.py:3089} INFO - Sync 1 DAGs
[2026-07-08T23:43:28.412-0500] {logging_mixin.py:188} INFO - [2026-07-08T23:43:28.412-0500] {dag.py:3947} INFO - Setting next_dagrun for aerotrack_travel_catalogo_vuelos to 2026-07-09 00:00:00+00:00, run_after=2026-07-10 00:00:00+00:00
[2026-07-08T23:43:28.425-0500] {processor.py:183} INFO - Processing /opt/airflow/dags/dag_generar_catalogo_vuelos.py took 0.569 seconds
[2026-07-08T23:43:58.867-0500] {processor.py:161} INFO - Started process (PID=3958) to work on /opt/airflow/dags/dag_generar_catalogo_vuelos.py
[2026-07-08T23:43:58.868-0500] {processor.py:830} INFO - Processing file /opt/airflow/dags/dag_generar_catalogo_vuelos.py for tasks to queue
[2026-07-08T23:43:58.869-0500] {logging_mixin.py:188} INFO - [2026-07-08T23:43:58.869-0500] {dagbag.py:545} INFO - Filling up the DagBag from /opt/airflow/dags/dag_generar_catalogo_vuelos.py
[2026-07-08T23:43:59.372-0500] {processor.py:840} INFO - DAG(s) 'aerotrack_travel_catalogo_vuelos' retrieved from /opt/airflow/dags/dag_generar_catalogo_vuelos.py
[2026-07-08T23:43:59.406-0500] {logging_mixin.py:188} INFO - [2026-07-08T23:43:59.405-0500] {dag.py:3089} INFO - Sync 1 DAGs
[2026-07-08T23:43:59.420-0500] {logging_mixin.py:188} INFO - [2026-07-08T23:43:59.419-0500] {dag.py:3947} INFO - Setting next_dagrun for aerotrack_travel_catalogo_vuelos to 2026-07-09 00:00:00+00:00, run_after=2026-07-10 00:00:00+00:00
[2026-07-08T23:43:59.433-0500] {processor.py:183} INFO - Processing /opt/airflow/dags/dag_generar_catalogo_vuelos.py took 0.570 seconds
[2026-07-08T23:44:29.737-0500] {processor.py:161} INFO - Started process (PID=3985) to work on /opt/airflow/dags/dag_generar_catalogo_vuelos.py
[2026-07-08T23:44:29.737-0500] {processor.py:830} INFO - Processing file /opt/airflow/dags/dag_generar_catalogo_vuelos.py for tasks to queue
[2026-07-08T23:44:29.739-0500] {logging_mixin.py:188} INFO - [2026-07-08T23:44:29.738-0500] {dagbag.py:545} INFO - Filling up the DagBag from /opt/airflow/dags/dag_generar_catalogo_vuelos.py
[2026-07-08T23:44:30.271-0500] {processor.py:840} INFO - DAG(s) 'aerotrack_travel_catalogo_vuelos' retrieved from /opt/airflow/dags/dag_generar_catalogo_vuelos.py
[2026-07-08T23:44:30.297-0500] {logging_mixin.py:188} INFO - [2026-07-08T23:44:30.297-0500] {dag.py:3089} INFO - Sync 1 DAGs
[2026-07-08T23:44:30.313-0500] {logging_mixin.py:188} INFO - [2026-07-08T23:44:30.313-0500] {dag.py:3947} INFO - Setting next_dagrun for aerotrack_travel_catalogo_vuelos to 2026-07-09 00:00:00+00:00, run_after=2026-07-10 00:00:00+00:00
[2026-07-08T23:44:30.326-0500] {processor.py:183} INFO - Processing /opt/airflow/dags/dag_generar_catalogo_vuelos.py took 0.593 seconds
[2026-07-08T23:45:00.654-0500] {processor.py:161} INFO - Started process (PID=4012) to work on /opt/airflow/dags/dag_generar_catalogo_vuelos.py
[2026-07-08T23:45:00.655-0500] {processor.py:830} INFO - Processing file /opt/airflow/dags/dag_generar_catalogo_vuelos.py for tasks to queue
[2026-07-08T23:45:00.657-0500] {logging_mixin.py:188} INFO - [2026-07-08T23:45:00.656-0500] {dagbag.py:545} INFO - Filling up the DagBag from /opt/airflow/dags/dag_generar_catalogo_vuelos.py
[2026-07-08T23:45:01.368-0500] {processor.py:840} INFO - DAG(s) 'aerotrack_travel_catalogo_vuelos' retrieved from /opt/airflow/dags/dag_generar_catalogo_vuelos.py
[2026-07-08T23:45:01.393-0500] {logging_mixin.py:188} INFO - [2026-07-08T23:45:01.393-0500] {dag.py:3089} INFO - Sync 1 DAGs
[2026-07-08T23:45:01.406-0500] {logging_mixin.py:188} INFO - [2026-07-08T23:45:01.406-0500] {dag.py:3947} INFO - Setting next_dagrun for aerotrack_travel_catalogo_vuelos to 2026-07-09 00:00:00+00:00, run_after=2026-07-10 00:00:00+00:00
[2026-07-08T23:45:01.419-0500] {processor.py:183} INFO - Processing /opt/airflow/dags/dag_generar_catalogo_vuelos.py took 0.770 seconds
[2026-07-08T23:45:31.717-0500] {processor.py:161} INFO - Started process (PID=4039) to work on /opt/airflow/dags/dag_generar_catalogo_vuelos.py
[2026-07-08T23:45:31.718-0500] {processor.py:830} INFO - Processing file /opt/airflow/dags/dag_generar_catalogo_vuelos.py for tasks to queue
[2026-07-08T23:45:31.720-0500] {logging_mixin.py:188} INFO - [2026-07-08T23:45:31.719-0500] {dagbag.py:545} INFO - Filling up the DagBag from /opt/airflow/dags/dag_generar_catalogo_vuelos.py
[2026-07-08T23:45:32.250-0500] {processor.py:840} INFO - DAG(s) 'aerotrack_travel_catalogo_vuelos' retrieved from /opt/airflow/dags/dag_generar_catalogo_vuelos.py
[2026-07-08T23:45:32.273-0500] {logging_mixin.py:188} INFO - [2026-07-08T23:45:32.273-0500] {dag.py:3089} INFO - Sync 1 DAGs
[2026-07-08T23:45:32.287-0500] {logging_mixin.py:188} INFO - [2026-07-08T23:45:32.287-0500] {dag.py:3947} INFO - Setting next_dagrun for aerotrack_travel_catalogo_vuelos to 2026-07-09 00:00:00+00:00, run_after=2026-07-10 00:00:00+00:00
[2026-07-08T23:45:32.301-0500] {processor.py:183} INFO - Processing /opt/airflow/dags/dag_generar_catalogo_vuelos.py took 0.588 seconds
[2026-07-08T23:46:02.653-0500] {processor.py:161} INFO - Started process (PID=4066) to work on /opt/airflow/dags/dag_generar_catalogo_vuelos.py
[2026-07-08T23:46:02.654-0500] {processor.py:830} INFO - Processing file /opt/airflow/dags/dag_generar_catalogo_vuelos.py for tasks to queue
[2026-07-08T23:46:02.665-0500] {logging_mixin.py:188} INFO - [2026-07-08T23:46:02.663-0500] {dagbag.py:545} INFO - Filling up the DagBag from /opt/airflow/dags/dag_generar_catalogo_vuelos.py
[2026-07-08T23:46:03.225-0500] {processor.py:840} INFO - DAG(s) 'aerotrack_travel_catalogo_vuelos' retrieved from /opt/airflow/dags/dag_generar_catalogo_vuelos.py
[2026-07-08T23:46:03.248-0500] {logging_mixin.py:188} INFO - [2026-07-08T23:46:03.248-0500] {dag.py:3089} INFO - Sync 1 DAGs
[2026-07-08T23:46:03.262-0500] {logging_mixin.py:188} INFO - [2026-07-08T23:46:03.261-0500] {dag.py:3947} INFO - Setting next_dagrun for aerotrack_travel_catalogo_vuelos to 2026-07-09 00:00:00+00:00, run_after=2026-07-10 00:00:00+00:00
[2026-07-08T23:46:03.273-0500] {processor.py:183} INFO - Processing /opt/airflow/dags/dag_generar_catalogo_vuelos.py took 0.629 seconds
[2026-07-08T23:46:33.667-0500] {processor.py:161} INFO - Started process (PID=4093) to work on /opt/airflow/dags/dag_generar_catalogo_vuelos.py
[2026-07-08T23:46:33.668-0500] {processor.py:830} INFO - Processing file /opt/airflow/dags/dag_generar_catalogo_vuelos.py for tasks to queue
[2026-07-08T23:46:33.670-0500] {logging_mixin.py:188} INFO - [2026-07-08T23:46:33.669-0500] {dagbag.py:545} INFO - Filling up the DagBag from /opt/airflow/dags/dag_generar_catalogo_vuelos.py
[2026-07-08T23:46:34.209-0500] {processor.py:840} INFO - DAG(s) 'aerotrack_travel_catalogo_vuelos' retrieved from /opt/airflow/dags/dag_generar_catalogo_vuelos.py
[2026-07-08T23:46:34.237-0500] {logging_mixin.py:188} INFO - [2026-07-08T23:46:34.236-0500] {dag.py:3089} INFO - Sync 1 DAGs
[2026-07-08T23:46:34.250-0500] {logging_mixin.py:188} INFO - [2026-07-08T23:46:34.250-0500] {dag.py:3947} INFO - Setting next_dagrun for aerotrack_travel_catalogo_vuelos to 2026-07-09 00:00:00+00:00, run_after=2026-07-10 00:00:00+00:00
[2026-07-08T23:46:34.263-0500] {processor.py:183} INFO - Processing /opt/airflow/dags/dag_generar_catalogo_vuelos.py took 0.600 seconds
[2026-07-08T23:47:04.710-0500] {processor.py:161} INFO - Started process (PID=4120) to work on /opt/airflow/dags/dag_generar_catalogo_vuelos.py
[2026-07-08T23:47:04.711-0500] {processor.py:830} INFO - Processing file /opt/airflow/dags/dag_generar_catalogo_vuelos.py for tasks to queue
[2026-07-08T23:47:04.714-0500] {logging_mixin.py:188} INFO - [2026-07-08T23:47:04.713-0500] {dagbag.py:545} INFO - Filling up the DagBag from /opt/airflow/dags/dag_generar_catalogo_vuelos.py
[2026-07-08T23:47:05.277-0500] {processor.py:840} INFO - DAG(s) 'aerotrack_travel_catalogo_vuelos' retrieved from /opt/airflow/dags/dag_generar_catalogo_vuelos.py
[2026-07-08T23:47:05.300-0500] {logging_mixin.py:188} INFO - [2026-07-08T23:47:05.300-0500] {dag.py:3089} INFO - Sync 1 DAGs
[2026-07-08T23:47:05.313-0500] {logging_mixin.py:188} INFO - [2026-07-08T23:47:05.313-0500] {dag.py:3947} INFO - Setting next_dagrun for aerotrack_travel_catalogo_vuelos to 2026-07-09 00:00:00+00:00, run_after=2026-07-10 00:00:00+00:00
[2026-07-08T23:47:05.326-0500] {processor.py:183} INFO - Processing /opt/airflow/dags/dag_generar_catalogo_vuelos.py took 0.622 seconds
[2026-07-08T23:47:35.828-0500] {processor.py:161} INFO - Started process (PID=4147) to work on /opt/airflow/dags/dag_generar_catalogo_vuelos.py
[2026-07-08T23:47:35.829-0500] {processor.py:830} INFO - Processing file /opt/airflow/dags/dag_generar_catalogo_vuelos.py for tasks to queue
[2026-07-08T23:47:35.831-0500] {logging_mixin.py:188} INFO - [2026-07-08T23:47:35.831-0500] {dagbag.py:545} INFO - Filling up the DagBag from /opt/airflow/dags/dag_generar_catalogo_vuelos.py
[2026-07-08T23:47:36.379-0500] {processor.py:840} INFO - DAG(s) 'aerotrack_travel_catalogo_vuelos' retrieved from /opt/airflow/dags/dag_generar_catalogo_vuelos.py
[2026-07-08T23:47:36.406-0500] {logging_mixin.py:188} INFO - [2026-07-08T23:47:36.406-0500] {dag.py:3089} INFO - Sync 1 DAGs
[2026-07-08T23:47:36.419-0500] {logging_mixin.py:188} INFO - [2026-07-08T23:47:36.419-0500] {dag.py:3947} INFO - Setting next_dagrun for aerotrack_travel_catalogo_vuelos to 2026-07-09 00:00:00+00:00, run_after=2026-07-10 00:00:00+00:00
[2026-07-08T23:47:36.432-0500] {processor.py:183} INFO - Processing /opt/airflow/dags/dag_generar_catalogo_vuelos.py took 0.609 seconds
[2026-07-08T23:48:06.801-0500] {processor.py:161} INFO - Started process (PID=4174) to work on /opt/airflow/dags/dag_generar_catalogo_vuelos.py
[2026-07-08T23:48:06.803-0500] {processor.py:830} INFO - Processing file /opt/airflow/dags/dag_generar_catalogo_vuelos.py for tasks to queue
[2026-07-08T23:48:06.806-0500] {logging_mixin.py:188} INFO - [2026-07-08T23:48:06.806-0500] {dagbag.py:545} INFO - Filling up the DagBag from /opt/airflow/dags/dag_generar_catalogo_vuelos.py
[2026-07-08T23:48:07.459-0500] {processor.py:840} INFO - DAG(s) 'aerotrack_travel_catalogo_vuelos' retrieved from /opt/airflow/dags/dag_generar_catalogo_vuelos.py
[2026-07-08T23:48:07.490-0500] {logging_mixin.py:188} INFO - [2026-07-08T23:48:07.490-0500] {dag.py:3089} INFO - Sync 1 DAGs
[2026-07-08T23:48:07.505-0500] {logging_mixin.py:188} INFO - [2026-07-08T23:48:07.505-0500] {dag.py:3947} INFO - Setting next_dagrun for aerotrack_travel_catalogo_vuelos to 2026-07-09 00:00:00+00:00, run_after=2026-07-10 00:00:00+00:00
[2026-07-08T23:48:07.519-0500] {processor.py:183} INFO - Processing /opt/airflow/dags/dag_generar_catalogo_vuelos.py took 0.726 seconds
[2026-07-08T23:48:37.863-0500] {processor.py:161} INFO - Started process (PID=4213) to work on /opt/airflow/dags/dag_generar_catalogo_vuelos.py
[2026-07-08T23:48:37.864-0500] {processor.py:830} INFO - Processing file /opt/airflow/dags/dag_generar_catalogo_vuelos.py for tasks to queue
[2026-07-08T23:48:37.866-0500] {logging_mixin.py:188} INFO - [2026-07-08T23:48:37.866-0500] {dagbag.py:545} INFO - Filling up the DagBag from /opt/airflow/dags/dag_generar_catalogo_vuelos.py
[2026-07-08T23:48:38.410-0500] {processor.py:840} INFO - DAG(s) 'aerotrack_travel_catalogo_vuelos' retrieved from /opt/airflow/dags/dag_generar_catalogo_vuelos.py
[2026-07-08T23:48:38.436-0500] {logging_mixin.py:188} INFO - [2026-07-08T23:48:38.436-0500] {dag.py:3089} INFO - Sync 1 DAGs
[2026-07-08T23:48:38.450-0500] {logging_mixin.py:188} INFO - [2026-07-08T23:48:38.450-0500] {dag.py:3947} INFO - Setting next_dagrun for aerotrack_travel_catalogo_vuelos to 2026-07-09 00:00:00+00:00, run_after=2026-07-10 00:00:00+00:00
[2026-07-08T23:48:38.463-0500] {processor.py:183} INFO - Processing /opt/airflow/dags/dag_generar_catalogo_vuelos.py took 0.603 seconds
[2026-07-08T23:49:08.895-0500] {processor.py:161} INFO - Started process (PID=4259) to work on /opt/airflow/dags/dag_generar_catalogo_vuelos.py
[2026-07-08T23:49:08.896-0500] {processor.py:830} INFO - Processing file /opt/airflow/dags/dag_generar_catalogo_vuelos.py for tasks to queue
[2026-07-08T23:49:08.898-0500] {logging_mixin.py:188} INFO - [2026-07-08T23:49:08.898-0500] {dagbag.py:545} INFO - Filling up the DagBag from /opt/airflow/dags/dag_generar_catalogo_vuelos.py
[2026-07-08T23:49:09.421-0500] {processor.py:840} INFO - DAG(s) 'aerotrack_travel_catalogo_vuelos' retrieved from /opt/airflow/dags/dag_generar_catalogo_vuelos.py
[2026-07-08T23:49:09.446-0500] {logging_mixin.py:188} INFO - [2026-07-08T23:49:09.445-0500] {dag.py:3089} INFO - Sync 1 DAGs
[2026-07-08T23:49:09.460-0500] {logging_mixin.py:188} INFO - [2026-07-08T23:49:09.460-0500] {dag.py:3947} INFO - Setting next_dagrun for aerotrack_travel_catalogo_vuelos to 2026-07-09 00:00:00+00:00, run_after=2026-07-10 00:00:00+00:00
[2026-07-08T23:49:09.472-0500] {processor.py:183} INFO - Processing /opt/airflow/dags/dag_generar_catalogo_vuelos.py took 0.581 seconds
[2026-07-08T23:49:39.893-0500] {processor.py:161} INFO - Started process (PID=4325) to work on /opt/airflow/dags/dag_generar_catalogo_vuelos.py
[2026-07-08T23:49:39.894-0500] {processor.py:830} INFO - Processing file /opt/airflow/dags/dag_generar_catalogo_vuelos.py for tasks to queue
[2026-07-08T23:49:39.895-0500] {logging_mixin.py:188} INFO - [2026-07-08T23:49:39.895-0500] {dagbag.py:545} INFO - Filling up the DagBag from /opt/airflow/dags/dag_generar_catalogo_vuelos.py
[2026-07-08T23:49:40.456-0500] {processor.py:840} INFO - DAG(s) 'aerotrack_travel_catalogo_vuelos' retrieved from /opt/airflow/dags/dag_generar_catalogo_vuelos.py
[2026-07-08T23:49:40.482-0500] {logging_mixin.py:188} INFO - [2026-07-08T23:49:40.482-0500] {dag.py:3089} INFO - Sync 1 DAGs
[2026-07-08T23:49:40.496-0500] {logging_mixin.py:188} INFO - [2026-07-08T23:49:40.496-0500] {dag.py:3947} INFO - Setting next_dagrun for aerotrack_travel_catalogo_vuelos to 2026-07-09 00:00:00+00:00, run_after=2026-07-10 00:00:00+00:00
[2026-07-08T23:49:40.509-0500] {processor.py:183} INFO - Processing /opt/airflow/dags/dag_generar_catalogo_vuelos.py took 0.621 seconds
[2026-07-08T23:50:10.950-0500] {processor.py:161} INFO - Started process (PID=4352) to work on /opt/airflow/dags/dag_generar_catalogo_vuelos.py
[2026-07-08T23:50:10.951-0500] {processor.py:830} INFO - Processing file /opt/airflow/dags/dag_generar_catalogo_vuelos.py for tasks to queue
[2026-07-08T23:50:10.953-0500] {logging_mixin.py:188} INFO - [2026-07-08T23:50:10.952-0500] {dagbag.py:545} INFO - Filling up the DagBag from /opt/airflow/dags/dag_generar_catalogo_vuelos.py
[2026-07-08T23:50:11.570-0500] {processor.py:840} INFO - DAG(s) 'aerotrack_travel_catalogo_vuelos' retrieved from /opt/airflow/dags/dag_generar_catalogo_vuelos.py
[2026-07-08T23:50:11.598-0500] {logging_mixin.py:188} INFO - [2026-07-08T23:50:11.598-0500] {dag.py:3089} INFO - Sync 1 DAGs
[2026-07-08T23:50:11.612-0500] {logging_mixin.py:188} INFO - [2026-07-08T23:50:11.612-0500] {dag.py:3947} INFO - Setting next_dagrun for aerotrack_travel_catalogo_vuelos to 2026-07-09 00:00:00+00:00, run_after=2026-07-10 00:00:00+00:00
[2026-07-08T23:50:11.625-0500] {processor.py:183} INFO - Processing /opt/airflow/dags/dag_generar_catalogo_vuelos.py took 0.680 seconds
[2026-07-08T23:50:42.047-0500] {processor.py:161} INFO - Started process (PID=4379) to work on /opt/airflow/dags/dag_generar_catalogo_vuelos.py
[2026-07-08T23:50:42.047-0500] {processor.py:830} INFO - Processing file /opt/airflow/dags/dag_generar_catalogo_vuelos.py for tasks to queue
[2026-07-08T23:50:42.049-0500] {logging_mixin.py:188} INFO - [2026-07-08T23:50:42.049-0500] {dagbag.py:545} INFO - Filling up the DagBag from /opt/airflow/dags/dag_generar_catalogo_vuelos.py
[2026-07-08T23:50:42.613-0500] {processor.py:840} INFO - DAG(s) 'aerotrack_travel_catalogo_vuelos' retrieved from /opt/airflow/dags/dag_generar_catalogo_vuelos.py
[2026-07-08T23:50:42.640-0500] {logging_mixin.py:188} INFO - [2026-07-08T23:50:42.639-0500] {dag.py:3089} INFO - Sync 1 DAGs
[2026-07-08T23:50:42.654-0500] {logging_mixin.py:188} INFO - [2026-07-08T23:50:42.654-0500] {dag.py:3947} INFO - Setting next_dagrun for aerotrack_travel_catalogo_vuelos to 2026-07-09 00:00:00+00:00, run_after=2026-07-10 00:00:00+00:00
[2026-07-08T23:50:42.668-0500] {processor.py:183} INFO - Processing /opt/airflow/dags/dag_generar_catalogo_vuelos.py took 0.627 seconds
[2026-07-08T23:51:13.178-0500] {processor.py:161} INFO - Started process (PID=4406) to work on /opt/airflow/dags/dag_generar_catalogo_vuelos.py
[2026-07-08T23:51:13.179-0500] {processor.py:830} INFO - Processing file /opt/airflow/dags/dag_generar_catalogo_vuelos.py for tasks to queue
[2026-07-08T23:51:13.180-0500] {logging_mixin.py:188} INFO - [2026-07-08T23:51:13.180-0500] {dagbag.py:545} INFO - Filling up the DagBag from /opt/airflow/dags/dag_generar_catalogo_vuelos.py
[2026-07-08T23:51:13.727-0500] {processor.py:840} INFO - DAG(s) 'aerotrack_travel_catalogo_vuelos' retrieved from /opt/airflow/dags/dag_generar_catalogo_vuelos.py
[2026-07-08T23:51:13.752-0500] {logging_mixin.py:188} INFO - [2026-07-08T23:51:13.752-0500] {dag.py:3089} INFO - Sync 1 DAGs
[2026-07-08T23:51:13.767-0500] {logging_mixin.py:188} INFO - [2026-07-08T23:51:13.767-0500] {dag.py:3947} INFO - Setting next_dagrun for aerotrack_travel_catalogo_vuelos to 2026-07-09 00:00:00+00:00, run_after=2026-07-10 00:00:00+00:00
[2026-07-08T23:51:13.780-0500] {processor.py:183} INFO - Processing /opt/airflow/dags/dag_generar_catalogo_vuelos.py took 0.606 seconds
[2026-07-08T23:51:44.198-0500] {processor.py:161} INFO - Started process (PID=4433) to work on /opt/airflow/dags/dag_generar_catalogo_vuelos.py
[2026-07-08T23:51:44.199-0500] {processor.py:830} INFO - Processing file /opt/airflow/dags/dag_generar_catalogo_vuelos.py for tasks to queue
[2026-07-08T23:51:44.201-0500] {logging_mixin.py:188} INFO - [2026-07-08T23:51:44.200-0500] {dagbag.py:545} INFO - Filling up the DagBag from /opt/airflow/dags/dag_generar_catalogo_vuelos.py
[2026-07-08T23:51:44.737-0500] {processor.py:840} INFO - DAG(s) 'aerotrack_travel_catalogo_vuelos' retrieved from /opt/airflow/dags/dag_generar_catalogo_vuelos.py
[2026-07-08T23:51:44.761-0500] {logging_mixin.py:188} INFO - [2026-07-08T23:51:44.761-0500] {dag.py:3089} INFO - Sync 1 DAGs
[2026-07-08T23:51:44.775-0500] {logging_mixin.py:188} INFO - [2026-07-08T23:51:44.775-0500] {dag.py:3947} INFO - Setting next_dagrun for aerotrack_travel_catalogo_vuelos to 2026-07-09 00:00:00+00:00, run_after=2026-07-10 00:00:00+00:00
[2026-07-08T23:51:44.795-0500] {processor.py:183} INFO - Processing /opt/airflow/dags/dag_generar_catalogo_vuelos.py took 0.601 seconds
[2026-07-08T23:52:15.297-0500] {processor.py:161} INFO - Started process (PID=4460) to work on /opt/airflow/dags/dag_generar_catalogo_vuelos.py
[2026-07-08T23:52:15.298-0500] {processor.py:830} INFO - Processing file /opt/airflow/dags/dag_generar_catalogo_vuelos.py for tasks to queue
[2026-07-08T23:52:15.300-0500] {logging_mixin.py:188} INFO - [2026-07-08T23:52:15.299-0500] {dagbag.py:545} INFO - Filling up the DagBag from /opt/airflow/dags/dag_generar_catalogo_vuelos.py
[2026-07-08T23:52:15.872-0500] {processor.py:840} INFO - DAG(s) 'aerotrack_travel_catalogo_vuelos' retrieved from /opt/airflow/dags/dag_generar_catalogo_vuelos.py
[2026-07-08T23:52:15.898-0500] {logging_mixin.py:188} INFO - [2026-07-08T23:52:15.898-0500] {dag.py:3089} INFO - Sync 1 DAGs
[2026-07-08T23:52:15.915-0500] {logging_mixin.py:188} INFO - [2026-07-08T23:52:15.915-0500] {dag.py:3947} INFO - Setting next_dagrun for aerotrack_travel_catalogo_vuelos to 2026-07-09 00:00:00+00:00, run_after=2026-07-10 00:00:00+00:00
[2026-07-08T23:52:15.932-0500] {processor.py:183} INFO - Processing /opt/airflow/dags/dag_generar_catalogo_vuelos.py took 0.640 seconds
[2026-07-08T23:52:46.333-0500] {processor.py:161} INFO - Started process (PID=4487) to work on /opt/airflow/dags/dag_generar_catalogo_vuelos.py
[2026-07-08T23:52:46.334-0500] {processor.py:830} INFO - Processing file /opt/airflow/dags/dag_generar_catalogo_vuelos.py for tasks to queue
[2026-07-08T23:52:46.335-0500] {logging_mixin.py:188} INFO - [2026-07-08T23:52:46.335-0500] {dagbag.py:545} INFO - Filling up the DagBag from /opt/airflow/dags/dag_generar_catalogo_vuelos.py
[2026-07-08T23:52:46.882-0500] {processor.py:840} INFO - DAG(s) 'aerotrack_travel_catalogo_vuelos' retrieved from /opt/airflow/dags/dag_generar_catalogo_vuelos.py
[2026-07-08T23:52:46.907-0500] {logging_mixin.py:188} INFO - [2026-07-08T23:52:46.907-0500] {dag.py:3089} INFO - Sync 1 DAGs
[2026-07-08T23:52:46.923-0500] {logging_mixin.py:188} INFO - [2026-07-08T23:52:46.922-0500] {dag.py:3947} INFO - Setting next_dagrun for aerotrack_travel_catalogo_vuelos to 2026-07-09 00:00:00+00:00, run_after=2026-07-10 00:00:00+00:00
[2026-07-08T23:52:46.943-0500] {processor.py:183} INFO - Processing /opt/airflow/dags/dag_generar_catalogo_vuelos.py took 0.616 seconds
[2026-07-08T23:53:17.341-0500] {processor.py:161} INFO - Started process (PID=4514) to work on /opt/airflow/dags/dag_generar_catalogo_vuelos.py
[2026-07-08T23:53:17.342-0500] {processor.py:830} INFO - Processing file /opt/airflow/dags/dag_generar_catalogo_vuelos.py for tasks to queue
[2026-07-08T23:53:17.344-0500] {logging_mixin.py:188} INFO - [2026-07-08T23:53:17.344-0500] {dagbag.py:545} INFO - Filling up the DagBag from /opt/airflow/dags/dag_generar_catalogo_vuelos.py
[2026-07-08T23:53:17.854-0500] {processor.py:840} INFO - DAG(s) 'aerotrack_travel_catalogo_vuelos' retrieved from /opt/airflow/dags/dag_generar_catalogo_vuelos.py
[2026-07-08T23:53:17.883-0500] {logging_mixin.py:188} INFO - [2026-07-08T23:53:17.883-0500] {dag.py:3089} INFO - Sync 1 DAGs
[2026-07-08T23:53:17.898-0500] {logging_mixin.py:188} INFO - [2026-07-08T23:53:17.898-0500] {dag.py:3947} INFO - Setting next_dagrun for aerotrack_travel_catalogo_vuelos to 2026-07-09 00:00:00+00:00, run_after=2026-07-10 00:00:00+00:00
[2026-07-08T23:53:17.911-0500] {processor.py:183} INFO - Processing /opt/airflow/dags/dag_generar_catalogo_vuelos.py took 0.576 seconds
[2026-07-08T23:53:48.237-0500] {processor.py:161} INFO - Started process (PID=4541) to work on /opt/airflow/dags/dag_generar_catalogo_vuelos.py
[2026-07-08T23:53:48.238-0500] {processor.py:830} INFO - Processing file /opt/airflow/dags/dag_generar_catalogo_vuelos.py for tasks to queue
[2026-07-08T23:53:48.240-0500] {logging_mixin.py:188} INFO - [2026-07-08T23:53:48.239-0500] {dagbag.py:545} INFO - Filling up the DagBag from /opt/airflow/dags/dag_generar_catalogo_vuelos.py
[2026-07-08T23:53:48.770-0500] {processor.py:840} INFO - DAG(s) 'aerotrack_travel_catalogo_vuelos' retrieved from /opt/airflow/dags/dag_generar_catalogo_vuelos.py
[2026-07-08T23:53:48.794-0500] {logging_mixin.py:188} INFO - [2026-07-08T23:53:48.794-0500] {dag.py:3089} INFO - Sync 1 DAGs
[2026-07-08T23:53:48.808-0500] {logging_mixin.py:188} INFO - [2026-07-08T23:53:48.808-0500] {dag.py:3947} INFO - Setting next_dagrun for aerotrack_travel_catalogo_vuelos to 2026-07-09 00:00:00+00:00, run_after=2026-07-10 00:00:00+00:00
[2026-07-08T23:53:48.821-0500] {processor.py:183} INFO - Processing /opt/airflow/dags/dag_generar_catalogo_vuelos.py took 0.589 seconds
[2026-07-08T23:54:19.264-0500] {processor.py:161} INFO - Started process (PID=4568) to work on /opt/airflow/dags/dag_generar_catalogo_vuelos.py
[2026-07-08T23:54:19.265-0500] {processor.py:830} INFO - Processing file /opt/airflow/dags/dag_generar_catalogo_vuelos.py for tasks to queue
[2026-07-08T23:54:19.266-0500] {logging_mixin.py:188} INFO - [2026-07-08T23:54:19.266-0500] {dagbag.py:545} INFO - Filling up the DagBag from /opt/airflow/dags/dag_generar_catalogo_vuelos.py
[2026-07-08T23:54:19.779-0500] {processor.py:840} INFO - DAG(s) 'aerotrack_travel_catalogo_vuelos' retrieved from /opt/airflow/dags/dag_generar_catalogo_vuelos.py
[2026-07-08T23:54:19.806-0500] {logging_mixin.py:188} INFO - [2026-07-08T23:54:19.806-0500] {dag.py:3089} INFO - Sync 1 DAGs
[2026-07-08T23:54:19.820-0500] {logging_mixin.py:188} INFO - [2026-07-08T23:54:19.820-0500] {dag.py:3947} INFO - Setting next_dagrun for aerotrack_travel_catalogo_vuelos to 2026-07-09 00:00:00+00:00, run_after=2026-07-10 00:00:00+00:00
[2026-07-08T23:54:19.833-0500] {processor.py:183} INFO - Processing /opt/airflow/dags/dag_generar_catalogo_vuelos.py took 0.574 seconds
[2026-07-08T23:54:50.262-0500] {processor.py:161} INFO - Started process (PID=4595) to work on /opt/airflow/dags/dag_generar_catalogo_vuelos.py
[2026-07-08T23:54:50.263-0500] {processor.py:830} INFO - Processing file /opt/airflow/dags/dag_generar_catalogo_vuelos.py for tasks to queue
[2026-07-08T23:54:50.265-0500] {logging_mixin.py:188} INFO - [2026-07-08T23:54:50.265-0500] {dagbag.py:545} INFO - Filling up the DagBag from /opt/airflow/dags/dag_generar_catalogo_vuelos.py
[2026-07-08T23:54:50.834-0500] {processor.py:840} INFO - DAG(s) 'aerotrack_travel_catalogo_vuelos' retrieved from /opt/airflow/dags/dag_generar_catalogo_vuelos.py
[2026-07-08T23:54:50.860-0500] {logging_mixin.py:188} INFO - [2026-07-08T23:54:50.860-0500] {dag.py:3089} INFO - Sync 1 DAGs
[2026-07-08T23:54:50.874-0500] {logging_mixin.py:188} INFO - [2026-07-08T23:54:50.874-0500] {dag.py:3947} INFO - Setting next_dagrun for aerotrack_travel_catalogo_vuelos to 2026-07-09 00:00:00+00:00, run_after=2026-07-10 00:00:00+00:00
[2026-07-08T23:54:50.888-0500] {processor.py:183} INFO - Processing /opt/airflow/dags/dag_generar_catalogo_vuelos.py took 0.630 seconds
[2026-07-08T23:55:21.300-0500] {processor.py:161} INFO - Started process (PID=4622) to work on /opt/airflow/dags/dag_generar_catalogo_vuelos.py
[2026-07-08T23:55:21.301-0500] {processor.py:830} INFO - Processing file /opt/airflow/dags/dag_generar_catalogo_vuelos.py for tasks to queue
[2026-07-08T23:55:21.303-0500] {logging_mixin.py:188} INFO - [2026-07-08T23:55:21.302-0500] {dagbag.py:545} INFO - Filling up the DagBag from /opt/airflow/dags/dag_generar_catalogo_vuelos.py
[2026-07-08T23:55:21.847-0500] {processor.py:840} INFO - DAG(s) 'aerotrack_travel_catalogo_vuelos' retrieved from /opt/airflow/dags/dag_generar_catalogo_vuelos.py
[2026-07-08T23:55:21.875-0500] {logging_mixin.py:188} INFO - [2026-07-08T23:55:21.875-0500] {dag.py:3089} INFO - Sync 1 DAGs
[2026-07-08T23:55:21.890-0500] {logging_mixin.py:188} INFO - [2026-07-08T23:55:21.890-0500] {dag.py:3947} INFO - Setting next_dagrun for aerotrack_travel_catalogo_vuelos to 2026-07-09 00:00:00+00:00, run_after=2026-07-10 00:00:00+00:00
[2026-07-08T23:55:21.903-0500] {processor.py:183} INFO - Processing /opt/airflow/dags/dag_generar_catalogo_vuelos.py took 0.608 seconds
[2026-07-08T23:55:52.343-0500] {processor.py:161} INFO - Started process (PID=4649) to work on /opt/airflow/dags/dag_generar_catalogo_vuelos.py
[2026-07-08T23:55:52.344-0500] {processor.py:830} INFO - Processing file /opt/airflow/dags/dag_generar_catalogo_vuelos.py for tasks to queue
[2026-07-08T23:55:52.345-0500] {logging_mixin.py:188} INFO - [2026-07-08T23:55:52.345-0500] {dagbag.py:545} INFO - Filling up the DagBag from /opt/airflow/dags/dag_generar_catalogo_vuelos.py
[2026-07-08T23:55:52.917-0500] {processor.py:840} INFO - DAG(s) 'aerotrack_travel_catalogo_vuelos' retrieved from /opt/airflow/dags/dag_generar_catalogo_vuelos.py
[2026-07-08T23:55:52.950-0500] {logging_mixin.py:188} INFO - [2026-07-08T23:55:52.949-0500] {dag.py:3089} INFO - Sync 1 DAGs
[2026-07-08T23:55:52.965-0500] {logging_mixin.py:188} INFO - [2026-07-08T23:55:52.965-0500] {dag.py:3947} INFO - Setting next_dagrun for aerotrack_travel_catalogo_vuelos to 2026-07-09 00:00:00+00:00, run_after=2026-07-10 00:00:00+00:00
[2026-07-08T23:55:52.981-0500] {processor.py:183} INFO - Processing /opt/airflow/dags/dag_generar_catalogo_vuelos.py took 0.643 seconds
[2026-07-08T23:56:23.609-0500] {processor.py:161} INFO - Started process (PID=4676) to work on /opt/airflow/dags/dag_generar_catalogo_vuelos.py
[2026-07-08T23:56:23.610-0500] {processor.py:830} INFO - Processing file /opt/airflow/dags/dag_generar_catalogo_vuelos.py for tasks to queue
[2026-07-08T23:56:23.612-0500] {logging_mixin.py:188} INFO - [2026-07-08T23:56:23.612-0500] {dagbag.py:545} INFO - Filling up the DagBag from /opt/airflow/dags/dag_generar_catalogo_vuelos.py
[2026-07-08T23:56:24.284-0500] {processor.py:840} INFO - DAG(s) 'aerotrack_travel_catalogo_vuelos' retrieved from /opt/airflow/dags/dag_generar_catalogo_vuelos.py
[2026-07-08T23:56:24.325-0500] {logging_mixin.py:188} INFO - [2026-07-08T23:56:24.325-0500] {dag.py:3089} INFO - Sync 1 DAGs
[2026-07-08T23:56:24.343-0500] {logging_mixin.py:188} INFO - [2026-07-08T23:56:24.343-0500] {dag.py:3947} INFO - Setting next_dagrun for aerotrack_travel_catalogo_vuelos to 2026-07-09 00:00:00+00:00, run_after=2026-07-10 00:00:00+00:00
[2026-07-08T23:56:24.362-0500] {processor.py:183} INFO - Processing /opt/airflow/dags/dag_generar_catalogo_vuelos.py took 0.759 seconds
[2026-07-08T23:56:54.807-0500] {processor.py:161} INFO - Started process (PID=4703) to work on /opt/airflow/dags/dag_generar_catalogo_vuelos.py
[2026-07-08T23:56:54.808-0500] {processor.py:830} INFO - Processing file /opt/airflow/dags/dag_generar_catalogo_vuelos.py for tasks to queue
[2026-07-08T23:56:54.809-0500] {logging_mixin.py:188} INFO - [2026-07-08T23:56:54.809-0500] {dagbag.py:545} INFO - Filling up the DagBag from /opt/airflow/dags/dag_generar_catalogo_vuelos.py
[2026-07-08T23:56:55.395-0500] {processor.py:840} INFO - DAG(s) 'aerotrack_travel_catalogo_vuelos' retrieved from /opt/airflow/dags/dag_generar_catalogo_vuelos.py
[2026-07-08T23:56:55.427-0500] {logging_mixin.py:188} INFO - [2026-07-08T23:56:55.427-0500] {dag.py:3089} INFO - Sync 1 DAGs
[2026-07-08T23:56:55.442-0500] {logging_mixin.py:188} INFO - [2026-07-08T23:56:55.442-0500] {dag.py:3947} INFO - Setting next_dagrun for aerotrack_travel_catalogo_vuelos to 2026-07-09 00:00:00+00:00, run_after=2026-07-10 00:00:00+00:00
[2026-07-08T23:56:55.457-0500] {processor.py:183} INFO - Processing /opt/airflow/dags/dag_generar_catalogo_vuelos.py took 0.654 seconds
[2026-07-08T23:57:25.849-0500] {processor.py:161} INFO - Started process (PID=4730) to work on /opt/airflow/dags/dag_generar_catalogo_vuelos.py
[2026-07-08T23:57:25.851-0500] {processor.py:830} INFO - Processing file /opt/airflow/dags/dag_generar_catalogo_vuelos.py for tasks to queue
[2026-07-08T23:57:25.852-0500] {logging_mixin.py:188} INFO - [2026-07-08T23:57:25.852-0500] {dagbag.py:545} INFO - Filling up the DagBag from /opt/airflow/dags/dag_generar_catalogo_vuelos.py
[2026-07-08T23:57:26.428-0500] {processor.py:840} INFO - DAG(s) 'aerotrack_travel_catalogo_vuelos' retrieved from /opt/airflow/dags/dag_generar_catalogo_vuelos.py
[2026-07-08T23:57:26.455-0500] {logging_mixin.py:188} INFO - [2026-07-08T23:57:26.455-0500] {dag.py:3089} INFO - Sync 1 DAGs
[2026-07-08T23:57:26.470-0500] {logging_mixin.py:188} INFO - [2026-07-08T23:57:26.470-0500] {dag.py:3947} INFO - Setting next_dagrun for aerotrack_travel_catalogo_vuelos to 2026-07-09 00:00:00+00:00, run_after=2026-07-10 00:00:00+00:00
[2026-07-08T23:57:26.484-0500] {processor.py:183} INFO - Processing /opt/airflow/dags/dag_generar_catalogo_vuelos.py took 0.640 seconds
[2026-07-08T23:57:56.880-0500] {processor.py:161} INFO - Started process (PID=4757) to work on /opt/airflow/dags/dag_generar_catalogo_vuelos.py
[2026-07-08T23:57:56.881-0500] {processor.py:830} INFO - Processing file /opt/airflow/dags/dag_generar_catalogo_vuelos.py for tasks to queue
[2026-07-08T23:57:56.883-0500] {logging_mixin.py:188} INFO - [2026-07-08T23:57:56.882-0500] {dagbag.py:545} INFO - Filling up the DagBag from /opt/airflow/dags/dag_generar_catalogo_vuelos.py
[2026-07-08T23:57:57.484-0500] {processor.py:840} INFO - DAG(s) 'aerotrack_travel_catalogo_vuelos' retrieved from /opt/airflow/dags/dag_generar_catalogo_vuelos.py
[2026-07-08T23:57:57.511-0500] {logging_mixin.py:188} INFO - [2026-07-08T23:57:57.510-0500] {dag.py:3089} INFO - Sync 1 DAGs
[2026-07-08T23:57:57.525-0500] {logging_mixin.py:188} INFO - [2026-07-08T23:57:57.525-0500] {dag.py:3947} INFO - Setting next_dagrun for aerotrack_travel_catalogo_vuelos to 2026-07-09 00:00:00+00:00, run_after=2026-07-10 00:00:00+00:00
[2026-07-08T23:57:57.538-0500] {processor.py:183} INFO - Processing /opt/airflow/dags/dag_generar_catalogo_vuelos.py took 0.663 seconds
[2026-07-08T23:58:27.950-0500] {processor.py:161} INFO - Started process (PID=4784) to work on /opt/airflow/dags/dag_generar_catalogo_vuelos.py
[2026-07-08T23:58:27.951-0500] {processor.py:830} INFO - Processing file /opt/airflow/dags/dag_generar_catalogo_vuelos.py for tasks to queue
[2026-07-08T23:58:27.954-0500] {logging_mixin.py:188} INFO - [2026-07-08T23:58:27.953-0500] {dagbag.py:545} INFO - Filling up the DagBag from /opt/airflow/dags/dag_generar_catalogo_vuelos.py
[2026-07-08T23:58:28.506-0500] {processor.py:840} INFO - DAG(s) 'aerotrack_travel_catalogo_vuelos' retrieved from /opt/airflow/dags/dag_generar_catalogo_vuelos.py
[2026-07-08T23:58:28.537-0500] {logging_mixin.py:188} INFO - [2026-07-08T23:58:28.537-0500] {dag.py:3089} INFO - Sync 1 DAGs
[2026-07-08T23:58:28.551-0500] {logging_mixin.py:188} INFO - [2026-07-08T23:58:28.551-0500] {dag.py:3947} INFO - Setting next_dagrun for aerotrack_travel_catalogo_vuelos to 2026-07-09 00:00:00+00:00, run_after=2026-07-10 00:00:00+00:00
[2026-07-08T23:58:28.569-0500] {processor.py:183} INFO - Processing /opt/airflow/dags/dag_generar_catalogo_vuelos.py took 0.623 seconds
[2026-07-08T23:58:58.944-0500] {processor.py:161} INFO - Started process (PID=4811) to work on /opt/airflow/dags/dag_generar_catalogo_vuelos.py
[2026-07-08T23:58:58.945-0500] {processor.py:830} INFO - Processing file /opt/airflow/dags/dag_generar_catalogo_vuelos.py for tasks to queue
[2026-07-08T23:58:58.947-0500] {logging_mixin.py:188} INFO - [2026-07-08T23:58:58.946-0500] {dagbag.py:545} INFO - Filling up the DagBag from /opt/airflow/dags/dag_generar_catalogo_vuelos.py
[2026-07-08T23:58:59.576-0500] {processor.py:840} INFO - DAG(s) 'aerotrack_travel_catalogo_vuelos' retrieved from /opt/airflow/dags/dag_generar_catalogo_vuelos.py
[2026-07-08T23:58:59.604-0500] {logging_mixin.py:188} INFO - [2026-07-08T23:58:59.603-0500] {dag.py:3089} INFO - Sync 1 DAGs
[2026-07-08T23:58:59.619-0500] {logging_mixin.py:188} INFO - [2026-07-08T23:58:59.619-0500] {dag.py:3947} INFO - Setting next_dagrun for aerotrack_travel_catalogo_vuelos to 2026-07-09 00:00:00+00:00, run_after=2026-07-10 00:00:00+00:00
[2026-07-08T23:58:59.636-0500] {processor.py:183} INFO - Processing /opt/airflow/dags/dag_generar_catalogo_vuelos.py took 0.699 seconds
[2026-07-08T23:59:30.131-0500] {processor.py:161} INFO - Started process (PID=4838) to work on /opt/airflow/dags/dag_generar_catalogo_vuelos.py
[2026-07-08T23:59:30.132-0500] {processor.py:830} INFO - Processing file /opt/airflow/dags/dag_generar_catalogo_vuelos.py for tasks to queue
[2026-07-08T23:59:30.135-0500] {logging_mixin.py:188} INFO - [2026-07-08T23:59:30.135-0500] {dagbag.py:545} INFO - Filling up the DagBag from /opt/airflow/dags/dag_generar_catalogo_vuelos.py
[2026-07-08T23:59:31.194-0500] {processor.py:840} INFO - DAG(s) 'aerotrack_travel_catalogo_vuelos' retrieved from /opt/airflow/dags/dag_generar_catalogo_vuelos.py
[2026-07-08T23:59:31.225-0500] {logging_mixin.py:188} INFO - [2026-07-08T23:59:31.225-0500] {dag.py:3089} INFO - Sync 1 DAGs
[2026-07-08T23:59:31.245-0500] {logging_mixin.py:188} INFO - [2026-07-08T23:59:31.245-0500] {dag.py:3947} INFO - Setting next_dagrun for aerotrack_travel_catalogo_vuelos to 2026-07-09 00:00:00+00:00, run_after=2026-07-10 00:00:00+00:00
[2026-07-08T23:59:31.261-0500] {processor.py:183} INFO - Processing /opt/airflow/dags/dag_generar_catalogo_vuelos.py took 1.136 seconds
[2026-07-09T00:00:01.621-0500] {processor.py:161} INFO - Started process (PID=4865) to work on /opt/airflow/dags/dag_generar_catalogo_vuelos.py
[2026-07-09T00:00:01.622-0500] {processor.py:830} INFO - Processing file /opt/airflow/dags/dag_generar_catalogo_vuelos.py for tasks to queue
[2026-07-09T00:00:01.624-0500] {logging_mixin.py:188} INFO - [2026-07-09T00:00:01.624-0500] {dagbag.py:545} INFO - Filling up the DagBag from /opt/airflow/dags/dag_generar_catalogo_vuelos.py
[2026-07-09T00:00:02.356-0500] {processor.py:840} INFO - DAG(s) 'aerotrack_travel_catalogo_vuelos' retrieved from /opt/airflow/dags/dag_generar_catalogo_vuelos.py
[2026-07-09T00:00:02.391-0500] {logging_mixin.py:188} INFO - [2026-07-09T00:00:02.391-0500] {dag.py:3089} INFO - Sync 1 DAGs
[2026-07-09T00:00:02.410-0500] {logging_mixin.py:188} INFO - [2026-07-09T00:00:02.410-0500] {dag.py:3947} INFO - Setting next_dagrun for aerotrack_travel_catalogo_vuelos to 2026-07-09 00:00:00+00:00, run_after=2026-07-10 00:00:00+00:00
[2026-07-09T00:00:02.429-0500] {processor.py:183} INFO - Processing /opt/airflow/dags/dag_generar_catalogo_vuelos.py took 0.813 seconds
[2026-07-09T00:00:32.841-0500] {processor.py:161} INFO - Started process (PID=4892) to work on /opt/airflow/dags/dag_generar_catalogo_vuelos.py
[2026-07-09T00:00:32.842-0500] {processor.py:830} INFO - Processing file /opt/airflow/dags/dag_generar_catalogo_vuelos.py for tasks to queue
[2026-07-09T00:00:32.843-0500] {logging_mixin.py:188} INFO - [2026-07-09T00:00:32.843-0500] {dagbag.py:545} INFO - Filling up the DagBag from /opt/airflow/dags/dag_generar_catalogo_vuelos.py
[2026-07-09T00:00:33.450-0500] {processor.py:840} INFO - DAG(s) 'aerotrack_travel_catalogo_vuelos' retrieved from /opt/airflow/dags/dag_generar_catalogo_vuelos.py
[2026-07-09T00:00:33.488-0500] {logging_mixin.py:188} INFO - [2026-07-09T00:00:33.488-0500] {dag.py:3089} INFO - Sync 1 DAGs
[2026-07-09T00:00:33.508-0500] {logging_mixin.py:188} INFO - [2026-07-09T00:00:33.508-0500] {dag.py:3947} INFO - Setting next_dagrun for aerotrack_travel_catalogo_vuelos to 2026-07-09 00:00:00+00:00, run_after=2026-07-10 00:00:00+00:00
[2026-07-09T00:00:33.545-0500] {processor.py:183} INFO - Processing /opt/airflow/dags/dag_generar_catalogo_vuelos.py took 0.710 seconds
[2026-07-09T00:01:03.943-0500] {processor.py:161} INFO - Started process (PID=4919) to work on /opt/airflow/dags/dag_generar_catalogo_vuelos.py
[2026-07-09T00:01:03.943-0500] {processor.py:830} INFO - Processing file /opt/airflow/dags/dag_generar_catalogo_vuelos.py for tasks to queue
[2026-07-09T00:01:03.946-0500] {logging_mixin.py:188} INFO - [2026-07-09T00:01:03.945-0500] {dagbag.py:545} INFO - Filling up the DagBag from /opt/airflow/dags/dag_generar_catalogo_vuelos.py
[2026-07-09T00:01:04.476-0500] {processor.py:840} INFO - DAG(s) 'aerotrack_travel_catalogo_vuelos' retrieved from /opt/airflow/dags/dag_generar_catalogo_vuelos.py
[2026-07-09T00:01:04.500-0500] {logging_mixin.py:188} INFO - [2026-07-09T00:01:04.500-0500] {dag.py:3089} INFO - Sync 1 DAGs
[2026-07-09T00:01:04.515-0500] {logging_mixin.py:188} INFO - [2026-07-09T00:01:04.515-0500] {dag.py:3947} INFO - Setting next_dagrun for aerotrack_travel_catalogo_vuelos to 2026-07-09 00:00:00+00:00, run_after=2026-07-10 00:00:00+00:00
[2026-07-09T00:01:04.599-0500] {processor.py:183} INFO - Processing /opt/airflow/dags/dag_generar_catalogo_vuelos.py took 0.662 seconds
[2026-07-09T00:01:35.077-0500] {processor.py:161} INFO - Started process (PID=4946) to work on /opt/airflow/dags/dag_generar_catalogo_vuelos.py
[2026-07-09T00:01:35.078-0500] {processor.py:830} INFO - Processing file /opt/airflow/dags/dag_generar_catalogo_vuelos.py for tasks to queue
[2026-07-09T00:01:35.079-0500] {logging_mixin.py:188} INFO - [2026-07-09T00:01:35.079-0500] {dagbag.py:545} INFO - Filling up the DagBag from /opt/airflow/dags/dag_generar_catalogo_vuelos.py
[2026-07-09T00:01:35.709-0500] {processor.py:840} INFO - DAG(s) 'aerotrack_travel_catalogo_vuelos' retrieved from /opt/airflow/dags/dag_generar_catalogo_vuelos.py
[2026-07-09T00:01:35.734-0500] {logging_mixin.py:188} INFO - [2026-07-09T00:01:35.734-0500] {dag.py:3089} INFO - Sync 1 DAGs
[2026-07-09T00:01:35.750-0500] {logging_mixin.py:188} INFO - [2026-07-09T00:01:35.750-0500] {dag.py:3947} INFO - Setting next_dagrun for aerotrack_travel_catalogo_vuelos to 2026-07-09 00:00:00+00:00, run_after=2026-07-10 00:00:00+00:00
[2026-07-09T00:01:35.763-0500] {processor.py:183} INFO - Processing /opt/airflow/dags/dag_generar_catalogo_vuelos.py took 0.690 seconds
[2026-07-09T00:02:06.137-0500] {processor.py:161} INFO - Started process (PID=4973) to work on /opt/airflow/dags/dag_generar_catalogo_vuelos.py
[2026-07-09T00:02:06.138-0500] {processor.py:830} INFO - Processing file /opt/airflow/dags/dag_generar_catalogo_vuelos.py for tasks to queue
[2026-07-09T00:02:06.140-0500] {logging_mixin.py:188} INFO - [2026-07-09T00:02:06.139-0500] {dagbag.py:545} INFO - Filling up the DagBag from /opt/airflow/dags/dag_generar_catalogo_vuelos.py
[2026-07-09T00:02:06.695-0500] {processor.py:840} INFO - DAG(s) 'aerotrack_travel_catalogo_vuelos' retrieved from /opt/airflow/dags/dag_generar_catalogo_vuelos.py
[2026-07-09T00:02:06.720-0500] {logging_mixin.py:188} INFO - [2026-07-09T00:02:06.720-0500] {dag.py:3089} INFO - Sync 1 DAGs
[2026-07-09T00:02:06.734-0500] {logging_mixin.py:188} INFO - [2026-07-09T00:02:06.733-0500] {dag.py:3947} INFO - Setting next_dagrun for aerotrack_travel_catalogo_vuelos to 2026-07-09 00:00:00+00:00, run_after=2026-07-10 00:00:00+00:00
[2026-07-09T00:02:06.748-0500] {processor.py:183} INFO - Processing /opt/airflow/dags/dag_generar_catalogo_vuelos.py took 0.617 seconds
[2026-07-09T00:02:37.103-0500] {processor.py:161} INFO - Started process (PID=5000) to work on /opt/airflow/dags/dag_generar_catalogo_vuelos.py
[2026-07-09T00:02:37.104-0500] {processor.py:830} INFO - Processing file /opt/airflow/dags/dag_generar_catalogo_vuelos.py for tasks to queue
[2026-07-09T00:02:37.106-0500] {logging_mixin.py:188} INFO - [2026-07-09T00:02:37.105-0500] {dagbag.py:545} INFO - Filling up the DagBag from /opt/airflow/dags/dag_generar_catalogo_vuelos.py
[2026-07-09T00:02:37.782-0500] {processor.py:840} INFO - DAG(s) 'aerotrack_travel_catalogo_vuelos' retrieved from /opt/airflow/dags/dag_generar_catalogo_vuelos.py
[2026-07-09T00:02:37.818-0500] {logging_mixin.py:188} INFO - [2026-07-09T00:02:37.818-0500] {dag.py:3089} INFO - Sync 1 DAGs
[2026-07-09T00:02:37.856-0500] {logging_mixin.py:188} INFO - [2026-07-09T00:02:37.855-0500] {dag.py:3947} INFO - Setting next_dagrun for aerotrack_travel_catalogo_vuelos to 2026-07-09 00:00:00+00:00, run_after=2026-07-10 00:00:00+00:00
[2026-07-09T00:02:37.887-0500] {processor.py:183} INFO - Processing /opt/airflow/dags/dag_generar_catalogo_vuelos.py took 0.790 seconds
[2026-07-09T00:03:09.277-0500] {processor.py:161} INFO - Started process (PID=5040) to work on /opt/airflow/dags/dag_generar_catalogo_vuelos.py
[2026-07-09T00:03:09.279-0500] {processor.py:830} INFO - Processing file /opt/airflow/dags/dag_generar_catalogo_vuelos.py for tasks to queue
[2026-07-09T00:03:09.280-0500] {logging_mixin.py:188} INFO - [2026-07-09T00:03:09.280-0500] {dagbag.py:545} INFO - Filling up the DagBag from /opt/airflow/dags/dag_generar_catalogo_vuelos.py
[2026-07-09T00:03:09.810-0500] {processor.py:840} INFO - DAG(s) 'aerotrack_travel_catalogo_vuelos' retrieved from /opt/airflow/dags/dag_generar_catalogo_vuelos.py
[2026-07-09T00:03:09.836-0500] {logging_mixin.py:188} INFO - [2026-07-09T00:03:09.836-0500] {dag.py:3089} INFO - Sync 1 DAGs
[2026-07-09T00:03:09.850-0500] {logging_mixin.py:188} INFO - [2026-07-09T00:03:09.850-0500] {dag.py:3947} INFO - Setting next_dagrun for aerotrack_travel_catalogo_vuelos to 2026-07-09 00:00:00+00:00, run_after=2026-07-10 00:00:00+00:00
[2026-07-09T00:03:09.865-0500] {processor.py:183} INFO - Processing /opt/airflow/dags/dag_generar_catalogo_vuelos.py took 0.592 seconds
[2026-07-09T00:03:40.125-0500] {processor.py:161} INFO - Started process (PID=5072) to work on /opt/airflow/dags/dag_generar_catalogo_vuelos.py
[2026-07-09T00:03:40.126-0500] {processor.py:830} INFO - Processing file /opt/airflow/dags/dag_generar_catalogo_vuelos.py for tasks to queue
[2026-07-09T00:03:40.128-0500] {logging_mixin.py:188} INFO - [2026-07-09T00:03:40.127-0500] {dagbag.py:545} INFO - Filling up the DagBag from /opt/airflow/dags/dag_generar_catalogo_vuelos.py
[2026-07-09T00:03:40.638-0500] {processor.py:840} INFO - DAG(s) 'aerotrack_travel_catalogo_vuelos' retrieved from /opt/airflow/dags/dag_generar_catalogo_vuelos.py
[2026-07-09T00:03:40.670-0500] {logging_mixin.py:188} INFO - [2026-07-09T00:03:40.670-0500] {dag.py:3089} INFO - Sync 1 DAGs
[2026-07-09T00:03:40.690-0500] {logging_mixin.py:188} INFO - [2026-07-09T00:03:40.689-0500] {dag.py:3947} INFO - Setting next_dagrun for aerotrack_travel_catalogo_vuelos to 2026-07-09 00:00:00+00:00, run_after=2026-07-10 00:00:00+00:00
[2026-07-09T00:03:40.742-0500] {processor.py:183} INFO - Processing /opt/airflow/dags/dag_generar_catalogo_vuelos.py took 0.623 seconds
[2026-07-09T00:04:11.734-0500] {processor.py:161} INFO - Started process (PID=5099) to work on /opt/airflow/dags/dag_generar_catalogo_vuelos.py
[2026-07-09T00:04:11.735-0500] {processor.py:830} INFO - Processing file /opt/airflow/dags/dag_generar_catalogo_vuelos.py for tasks to queue
[2026-07-09T00:04:11.737-0500] {logging_mixin.py:188} INFO - [2026-07-09T00:04:11.737-0500] {dagbag.py:545} INFO - Filling up the DagBag from /opt/airflow/dags/dag_generar_catalogo_vuelos.py
[2026-07-09T00:04:12.250-0500] {processor.py:840} INFO - DAG(s) 'aerotrack_travel_catalogo_vuelos' retrieved from /opt/airflow/dags/dag_generar_catalogo_vuelos.py
[2026-07-09T00:04:12.274-0500] {logging_mixin.py:188} INFO - [2026-07-09T00:04:12.274-0500] {dag.py:3089} INFO - Sync 1 DAGs
[2026-07-09T00:04:12.286-0500] {logging_mixin.py:188} INFO - [2026-07-09T00:04:12.286-0500] {dag.py:3947} INFO - Setting next_dagrun for aerotrack_travel_catalogo_vuelos to 2026-07-09 00:00:00+00:00, run_after=2026-07-10 00:00:00+00:00
[2026-07-09T00:04:12.298-0500] {processor.py:183} INFO - Processing /opt/airflow/dags/dag_generar_catalogo_vuelos.py took 0.569 seconds
[2026-07-09T00:04:42.372-0500] {processor.py:161} INFO - Started process (PID=5126) to work on /opt/airflow/dags/dag_generar_catalogo_vuelos.py
[2026-07-09T00:04:42.373-0500] {processor.py:830} INFO - Processing file /opt/airflow/dags/dag_generar_catalogo_vuelos.py for tasks to queue
[2026-07-09T00:04:42.375-0500] {logging_mixin.py:188} INFO - [2026-07-09T00:04:42.374-0500] {dagbag.py:545} INFO - Filling up the DagBag from /opt/airflow/dags/dag_generar_catalogo_vuelos.py
[2026-07-09T00:04:42.874-0500] {processor.py:840} INFO - DAG(s) 'aerotrack_travel_catalogo_vuelos' retrieved from /opt/airflow/dags/dag_generar_catalogo_vuelos.py
[2026-07-09T00:04:42.909-0500] {logging_mixin.py:188} INFO - [2026-07-09T00:04:42.909-0500] {dag.py:3089} INFO - Sync 1 DAGs
[2026-07-09T00:04:42.924-0500] {logging_mixin.py:188} INFO - [2026-07-09T00:04:42.923-0500] {dag.py:3947} INFO - Setting next_dagrun for aerotrack_travel_catalogo_vuelos to 2026-07-09 00:00:00+00:00, run_after=2026-07-10 00:00:00+00:00
[2026-07-09T00:04:42.940-0500] {processor.py:183} INFO - Processing /opt/airflow/dags/dag_generar_catalogo_vuelos.py took 0.573 seconds
[2026-07-09T00:05:13.008-0500] {processor.py:161} INFO - Started process (PID=5153) to work on /opt/airflow/dags/dag_generar_catalogo_vuelos.py
[2026-07-09T00:05:13.009-0500] {processor.py:830} INFO - Processing file /opt/airflow/dags/dag_generar_catalogo_vuelos.py for tasks to queue
[2026-07-09T00:05:13.010-0500] {logging_mixin.py:188} INFO - [2026-07-09T00:05:13.010-0500] {dagbag.py:545} INFO - Filling up the DagBag from /opt/airflow/dags/dag_generar_catalogo_vuelos.py
[2026-07-09T00:05:13.460-0500] {processor.py:840} INFO - DAG(s) 'aerotrack_travel_catalogo_vuelos' retrieved from /opt/airflow/dags/dag_generar_catalogo_vuelos.py
[2026-07-09T00:05:13.482-0500] {logging_mixin.py:188} INFO - [2026-07-09T00:05:13.482-0500] {dag.py:3089} INFO - Sync 1 DAGs
[2026-07-09T00:05:13.495-0500] {logging_mixin.py:188} INFO - [2026-07-09T00:05:13.495-0500] {dag.py:3947} INFO - Setting next_dagrun for aerotrack_travel_catalogo_vuelos to 2026-07-09 00:00:00+00:00, run_after=2026-07-10 00:00:00+00:00
[2026-07-09T00:05:13.506-0500] {processor.py:183} INFO - Processing /opt/airflow/dags/dag_generar_catalogo_vuelos.py took 0.503 seconds
[2026-07-09T00:05:43.878-0500] {processor.py:161} INFO - Started process (PID=5180) to work on /opt/airflow/dags/dag_generar_catalogo_vuelos.py
[2026-07-09T00:05:43.879-0500] {processor.py:830} INFO - Processing file /opt/airflow/dags/dag_generar_catalogo_vuelos.py for tasks to queue
[2026-07-09T00:05:43.880-0500] {logging_mixin.py:188} INFO - [2026-07-09T00:05:43.880-0500] {dagbag.py:545} INFO - Filling up the DagBag from /opt/airflow/dags/dag_generar_catalogo_vuelos.py
[2026-07-09T00:05:44.383-0500] {processor.py:840} INFO - DAG(s) 'aerotrack_travel_catalogo_vuelos' retrieved from /opt/airflow/dags/dag_generar_catalogo_vuelos.py
[2026-07-09T00:05:44.405-0500] {logging_mixin.py:188} INFO - [2026-07-09T00:05:44.405-0500] {dag.py:3089} INFO - Sync 1 DAGs
[2026-07-09T00:05:44.418-0500] {logging_mixin.py:188} INFO - [2026-07-09T00:05:44.418-0500] {dag.py:3947} INFO - Setting next_dagrun for aerotrack_travel_catalogo_vuelos to 2026-07-09 00:00:00+00:00, run_after=2026-07-10 00:00:00+00:00
[2026-07-09T00:05:44.430-0500] {processor.py:183} INFO - Processing /opt/airflow/dags/dag_generar_catalogo_vuelos.py took 0.558 seconds
[2026-07-09T00:06:14.556-0500] {processor.py:161} INFO - Started process (PID=5207) to work on /opt/airflow/dags/dag_generar_catalogo_vuelos.py
[2026-07-09T00:06:14.557-0500] {processor.py:830} INFO - Processing file /opt/airflow/dags/dag_generar_catalogo_vuelos.py for tasks to queue
[2026-07-09T00:06:14.559-0500] {logging_mixin.py:188} INFO - [2026-07-09T00:06:14.559-0500] {dagbag.py:545} INFO - Filling up the DagBag from /opt/airflow/dags/dag_generar_catalogo_vuelos.py
[2026-07-09T00:06:15.082-0500] {processor.py:840} INFO - DAG(s) 'aerotrack_travel_catalogo_vuelos' retrieved from /opt/airflow/dags/dag_generar_catalogo_vuelos.py
[2026-07-09T00:06:15.108-0500] {logging_mixin.py:188} INFO - [2026-07-09T00:06:15.107-0500] {dag.py:3089} INFO - Sync 1 DAGs
[2026-07-09T00:06:15.121-0500] {logging_mixin.py:188} INFO - [2026-07-09T00:06:15.121-0500] {dag.py:3947} INFO - Setting next_dagrun for aerotrack_travel_catalogo_vuelos to 2026-07-09 00:00:00+00:00, run_after=2026-07-10 00:00:00+00:00
[2026-07-09T00:06:15.134-0500] {processor.py:183} INFO - Processing /opt/airflow/dags/dag_generar_catalogo_vuelos.py took 0.583 seconds
[2026-07-09T00:06:45.436-0500] {processor.py:161} INFO - Started process (PID=5231) to work on /opt/airflow/dags/dag_generar_catalogo_vuelos.py
[2026-07-09T00:06:45.437-0500] {processor.py:830} INFO - Processing file /opt/airflow/dags/dag_generar_catalogo_vuelos.py for tasks to queue
[2026-07-09T00:06:45.438-0500] {logging_mixin.py:188} INFO - [2026-07-09T00:06:45.438-0500] {dagbag.py:545} INFO - Filling up the DagBag from /opt/airflow/dags/dag_generar_catalogo_vuelos.py
[2026-07-09T00:06:46.016-0500] {processor.py:840} INFO - DAG(s) 'aerotrack_travel_catalogo_vuelos' retrieved from /opt/airflow/dags/dag_generar_catalogo_vuelos.py
[2026-07-09T00:06:46.039-0500] {logging_mixin.py:188} INFO - [2026-07-09T00:06:46.038-0500] {dag.py:3089} INFO - Sync 1 DAGs
[2026-07-09T00:06:46.051-0500] {logging_mixin.py:188} INFO - [2026-07-09T00:06:46.051-0500] {dag.py:3947} INFO - Setting next_dagrun for aerotrack_travel_catalogo_vuelos to 2026-07-09 00:00:00+00:00, run_after=2026-07-10 00:00:00+00:00
[2026-07-09T00:06:46.064-0500] {processor.py:183} INFO - Processing /opt/airflow/dags/dag_generar_catalogo_vuelos.py took 0.634 seconds
[2026-07-09T00:07:16.837-0500] {processor.py:161} INFO - Started process (PID=5258) to work on /opt/airflow/dags/dag_generar_catalogo_vuelos.py
[2026-07-09T00:07:16.837-0500] {processor.py:830} INFO - Processing file /opt/airflow/dags/dag_generar_catalogo_vuelos.py for tasks to queue
[2026-07-09T00:07:16.839-0500] {logging_mixin.py:188} INFO - [2026-07-09T00:07:16.839-0500] {dagbag.py:545} INFO - Filling up the DagBag from /opt/airflow/dags/dag_generar_catalogo_vuelos.py
[2026-07-09T00:07:17.375-0500] {processor.py:840} INFO - DAG(s) 'aerotrack_travel_catalogo_vuelos' retrieved from /opt/airflow/dags/dag_generar_catalogo_vuelos.py
[2026-07-09T00:07:17.408-0500] {logging_mixin.py:188} INFO - [2026-07-09T00:07:17.408-0500] {dag.py:3089} INFO - Sync 1 DAGs
[2026-07-09T00:07:17.427-0500] {logging_mixin.py:188} INFO - [2026-07-09T00:07:17.427-0500] {dag.py:3947} INFO - Setting next_dagrun for aerotrack_travel_catalogo_vuelos to 2026-07-09 00:00:00+00:00, run_after=2026-07-10 00:00:00+00:00
[2026-07-09T00:07:17.446-0500] {processor.py:183} INFO - Processing /opt/airflow/dags/dag_generar_catalogo_vuelos.py took 0.613 seconds
[2026-07-09T00:07:48.258-0500] {processor.py:161} INFO - Started process (PID=5285) to work on /opt/airflow/dags/dag_generar_catalogo_vuelos.py
[2026-07-09T00:07:48.259-0500] {processor.py:830} INFO - Processing file /opt/airflow/dags/dag_generar_catalogo_vuelos.py for tasks to queue
[2026-07-09T00:07:48.260-0500] {logging_mixin.py:188} INFO - [2026-07-09T00:07:48.260-0500] {dagbag.py:545} INFO - Filling up the DagBag from /opt/airflow/dags/dag_generar_catalogo_vuelos.py
[2026-07-09T00:07:48.761-0500] {processor.py:840} INFO - DAG(s) 'aerotrack_travel_catalogo_vuelos' retrieved from /opt/airflow/dags/dag_generar_catalogo_vuelos.py
[2026-07-09T00:07:48.785-0500] {logging_mixin.py:188} INFO - [2026-07-09T00:07:48.785-0500] {dag.py:3089} INFO - Sync 1 DAGs
[2026-07-09T00:07:48.798-0500] {logging_mixin.py:188} INFO - [2026-07-09T00:07:48.798-0500] {dag.py:3947} INFO - Setting next_dagrun for aerotrack_travel_catalogo_vuelos to 2026-07-09 00:00:00+00:00, run_after=2026-07-10 00:00:00+00:00
[2026-07-09T00:07:48.813-0500] {processor.py:183} INFO - Processing /opt/airflow/dags/dag_generar_catalogo_vuelos.py took 0.559 seconds
[2026-07-09T00:08:19.681-0500] {processor.py:161} INFO - Started process (PID=5312) to work on /opt/airflow/dags/dag_generar_catalogo_vuelos.py
[2026-07-09T00:08:19.682-0500] {processor.py:830} INFO - Processing file /opt/airflow/dags/dag_generar_catalogo_vuelos.py for tasks to queue
[2026-07-09T00:08:19.684-0500] {logging_mixin.py:188} INFO - [2026-07-09T00:08:19.683-0500] {dagbag.py:545} INFO - Filling up the DagBag from /opt/airflow/dags/dag_generar_catalogo_vuelos.py
[2026-07-09T00:08:20.221-0500] {processor.py:840} INFO - DAG(s) 'aerotrack_travel_catalogo_vuelos' retrieved from /opt/airflow/dags/dag_generar_catalogo_vuelos.py
[2026-07-09T00:08:20.248-0500] {logging_mixin.py:188} INFO - [2026-07-09T00:08:20.248-0500] {dag.py:3089} INFO - Sync 1 DAGs
[2026-07-09T00:08:20.262-0500] {logging_mixin.py:188} INFO - [2026-07-09T00:08:20.262-0500] {dag.py:3947} INFO - Setting next_dagrun for aerotrack_travel_catalogo_vuelos to 2026-07-09 00:00:00+00:00, run_after=2026-07-10 00:00:00+00:00
[2026-07-09T00:08:20.273-0500] {processor.py:183} INFO - Processing /opt/airflow/dags/dag_generar_catalogo_vuelos.py took 0.597 seconds
[2026-07-09T00:08:50.727-0500] {processor.py:161} INFO - Started process (PID=5339) to work on /opt/airflow/dags/dag_generar_catalogo_vuelos.py
[2026-07-09T00:08:50.728-0500] {processor.py:830} INFO - Processing file /opt/airflow/dags/dag_generar_catalogo_vuelos.py for tasks to queue
[2026-07-09T00:08:50.729-0500] {logging_mixin.py:188} INFO - [2026-07-09T00:08:50.729-0500] {dagbag.py:545} INFO - Filling up the DagBag from /opt/airflow/dags/dag_generar_catalogo_vuelos.py
[2026-07-09T00:08:51.364-0500] {processor.py:840} INFO - DAG(s) 'aerotrack_travel_catalogo_vuelos' retrieved from /opt/airflow/dags/dag_generar_catalogo_vuelos.py
[2026-07-09T00:08:51.391-0500] {logging_mixin.py:188} INFO - [2026-07-09T00:08:51.391-0500] {dag.py:3089} INFO - Sync 1 DAGs
[2026-07-09T00:08:51.405-0500] {logging_mixin.py:188} INFO - [2026-07-09T00:08:51.405-0500] {dag.py:3947} INFO - Setting next_dagrun for aerotrack_travel_catalogo_vuelos to 2026-07-09 00:00:00+00:00, run_after=2026-07-10 00:00:00+00:00
[2026-07-09T00:08:51.419-0500] {processor.py:183} INFO - Processing /opt/airflow/dags/dag_generar_catalogo_vuelos.py took 0.696 seconds
[2026-07-09T00:09:21.817-0500] {processor.py:161} INFO - Started process (PID=5366) to work on /opt/airflow/dags/dag_generar_catalogo_vuelos.py
[2026-07-09T00:09:21.818-0500] {processor.py:830} INFO - Processing file /opt/airflow/dags/dag_generar_catalogo_vuelos.py for tasks to queue
[2026-07-09T00:09:21.819-0500] {logging_mixin.py:188} INFO - [2026-07-09T00:09:21.819-0500] {dagbag.py:545} INFO - Filling up the DagBag from /opt/airflow/dags/dag_generar_catalogo_vuelos.py
[2026-07-09T00:09:22.370-0500] {processor.py:840} INFO - DAG(s) 'aerotrack_travel_catalogo_vuelos' retrieved from /opt/airflow/dags/dag_generar_catalogo_vuelos.py
[2026-07-09T00:09:22.397-0500] {logging_mixin.py:188} INFO - [2026-07-09T00:09:22.396-0500] {dag.py:3089} INFO - Sync 1 DAGs
[2026-07-09T00:09:22.412-0500] {logging_mixin.py:188} INFO - [2026-07-09T00:09:22.412-0500] {dag.py:3947} INFO - Setting next_dagrun for aerotrack_travel_catalogo_vuelos to 2026-07-09 00:00:00+00:00, run_after=2026-07-10 00:00:00+00:00
[2026-07-09T00:09:22.426-0500] {processor.py:183} INFO - Processing /opt/airflow/dags/dag_generar_catalogo_vuelos.py took 0.614 seconds
[2026-07-09T00:09:53.292-0500] {processor.py:161} INFO - Started process (PID=5393) to work on /opt/airflow/dags/dag_generar_catalogo_vuelos.py
[2026-07-09T00:09:53.293-0500] {processor.py:830} INFO - Processing file /opt/airflow/dags/dag_generar_catalogo_vuelos.py for tasks to queue
[2026-07-09T00:09:53.294-0500] {logging_mixin.py:188} INFO - [2026-07-09T00:09:53.294-0500] {dagbag.py:545} INFO - Filling up the DagBag from /opt/airflow/dags/dag_generar_catalogo_vuelos.py
[2026-07-09T00:09:53.831-0500] {processor.py:840} INFO - DAG(s) 'aerotrack_travel_catalogo_vuelos' retrieved from /opt/airflow/dags/dag_generar_catalogo_vuelos.py
[2026-07-09T00:09:53.855-0500] {logging_mixin.py:188} INFO - [2026-07-09T00:09:53.855-0500] {dag.py:3089} INFO - Sync 1 DAGs
[2026-07-09T00:09:53.870-0500] {logging_mixin.py:188} INFO - [2026-07-09T00:09:53.870-0500] {dag.py:3947} INFO - Setting next_dagrun for aerotrack_travel_catalogo_vuelos to 2026-07-09 00:00:00+00:00, run_after=2026-07-10 00:00:00+00:00
[2026-07-09T00:09:53.882-0500] {processor.py:183} INFO - Processing /opt/airflow/dags/dag_generar_catalogo_vuelos.py took 0.595 seconds
[2026-07-09T00:10:24.721-0500] {processor.py:161} INFO - Started process (PID=5420) to work on /opt/airflow/dags/dag_generar_catalogo_vuelos.py
[2026-07-09T00:10:24.722-0500] {processor.py:830} INFO - Processing file /opt/airflow/dags/dag_generar_catalogo_vuelos.py for tasks to queue
[2026-07-09T00:10:24.724-0500] {logging_mixin.py:188} INFO - [2026-07-09T00:10:24.723-0500] {dagbag.py:545} INFO - Filling up the DagBag from /opt/airflow/dags/dag_generar_catalogo_vuelos.py
[2026-07-09T00:10:25.385-0500] {processor.py:840} INFO - DAG(s) 'aerotrack_travel_catalogo_vuelos' retrieved from /opt/airflow/dags/dag_generar_catalogo_vuelos.py
[2026-07-09T00:10:25.421-0500] {logging_mixin.py:188} INFO - [2026-07-09T00:10:25.421-0500] {dag.py:3089} INFO - Sync 1 DAGs
[2026-07-09T00:10:25.439-0500] {logging_mixin.py:188} INFO - [2026-07-09T00:10:25.439-0500] {dag.py:3947} INFO - Setting next_dagrun for aerotrack_travel_catalogo_vuelos to 2026-07-09 00:00:00+00:00, run_after=2026-07-10 00:00:00+00:00
[2026-07-09T00:10:25.457-0500] {processor.py:183} INFO - Processing /opt/airflow/dags/dag_generar_catalogo_vuelos.py took 0.742 seconds
[2026-07-09T00:10:55.901-0500] {processor.py:161} INFO - Started process (PID=5447) to work on /opt/airflow/dags/dag_generar_catalogo_vuelos.py
[2026-07-09T00:10:55.902-0500] {processor.py:830} INFO - Processing file /opt/airflow/dags/dag_generar_catalogo_vuelos.py for tasks to queue
[2026-07-09T00:10:55.903-0500] {logging_mixin.py:188} INFO - [2026-07-09T00:10:55.903-0500] {dagbag.py:545} INFO - Filling up the DagBag from /opt/airflow/dags/dag_generar_catalogo_vuelos.py
[2026-07-09T00:10:56.432-0500] {processor.py:840} INFO - DAG(s) 'aerotrack_travel_catalogo_vuelos' retrieved from /opt/airflow/dags/dag_generar_catalogo_vuelos.py
[2026-07-09T00:10:56.456-0500] {logging_mixin.py:188} INFO - [2026-07-09T00:10:56.456-0500] {dag.py:3089} INFO - Sync 1 DAGs
[2026-07-09T00:10:56.470-0500] {logging_mixin.py:188} INFO - [2026-07-09T00:10:56.469-0500] {dag.py:3947} INFO - Setting next_dagrun for aerotrack_travel_catalogo_vuelos to 2026-07-09 00:00:00+00:00, run_after=2026-07-10 00:00:00+00:00
[2026-07-09T00:10:56.483-0500] {processor.py:183} INFO - Processing /opt/airflow/dags/dag_generar_catalogo_vuelos.py took 0.587 seconds
[2026-07-09T00:11:27.244-0500] {processor.py:161} INFO - Started process (PID=5485) to work on /opt/airflow/dags/dag_generar_catalogo_vuelos.py
[2026-07-09T00:11:27.246-0500] {processor.py:830} INFO - Processing file /opt/airflow/dags/dag_generar_catalogo_vuelos.py for tasks to queue
[2026-07-09T00:11:27.248-0500] {logging_mixin.py:188} INFO - [2026-07-09T00:11:27.248-0500] {dagbag.py:545} INFO - Filling up the DagBag from /opt/airflow/dags/dag_generar_catalogo_vuelos.py
[2026-07-09T00:11:27.960-0500] {processor.py:840} INFO - DAG(s) 'aerotrack_travel_catalogo_vuelos' retrieved from /opt/airflow/dags/dag_generar_catalogo_vuelos.py
[2026-07-09T00:11:27.991-0500] {logging_mixin.py:188} INFO - [2026-07-09T00:11:27.991-0500] {dag.py:3089} INFO - Sync 1 DAGs
[2026-07-09T00:11:28.008-0500] {logging_mixin.py:188} INFO - [2026-07-09T00:11:28.007-0500] {dag.py:3947} INFO - Setting next_dagrun for aerotrack_travel_catalogo_vuelos to 2026-07-09 00:00:00+00:00, run_after=2026-07-10 00:00:00+00:00
[2026-07-09T00:11:28.024-0500] {processor.py:183} INFO - Processing /opt/airflow/dags/dag_generar_catalogo_vuelos.py took 0.788 seconds
[2026-07-09T00:11:58.430-0500] {processor.py:161} INFO - Started process (PID=5530) to work on /opt/airflow/dags/dag_generar_catalogo_vuelos.py
[2026-07-09T00:11:58.430-0500] {processor.py:830} INFO - Processing file /opt/airflow/dags/dag_generar_catalogo_vuelos.py for tasks to queue
[2026-07-09T00:11:58.432-0500] {logging_mixin.py:188} INFO - [2026-07-09T00:11:58.431-0500] {dagbag.py:545} INFO - Filling up the DagBag from /opt/airflow/dags/dag_generar_catalogo_vuelos.py
[2026-07-09T00:11:58.952-0500] {processor.py:840} INFO - DAG(s) 'aerotrack_travel_catalogo_vuelos' retrieved from /opt/airflow/dags/dag_generar_catalogo_vuelos.py
[2026-07-09T00:11:58.978-0500] {logging_mixin.py:188} INFO - [2026-07-09T00:11:58.978-0500] {dag.py:3089} INFO - Sync 1 DAGs
[2026-07-09T00:11:58.993-0500] {logging_mixin.py:188} INFO - [2026-07-09T00:11:58.993-0500] {dag.py:3947} INFO - Setting next_dagrun for aerotrack_travel_catalogo_vuelos to 2026-07-09 00:00:00+00:00, run_after=2026-07-10 00:00:00+00:00
[2026-07-09T00:11:59.007-0500] {processor.py:183} INFO - Processing /opt/airflow/dags/dag_generar_catalogo_vuelos.py took 0.582 seconds
[2026-07-09T00:12:29.870-0500] {processor.py:161} INFO - Started process (PID=5557) to work on /opt/airflow/dags/dag_generar_catalogo_vuelos.py
[2026-07-09T00:12:29.871-0500] {processor.py:830} INFO - Processing file /opt/airflow/dags/dag_generar_catalogo_vuelos.py for tasks to queue
[2026-07-09T00:12:29.873-0500] {logging_mixin.py:188} INFO - [2026-07-09T00:12:29.872-0500] {dagbag.py:545} INFO - Filling up the DagBag from /opt/airflow/dags/dag_generar_catalogo_vuelos.py
[2026-07-09T00:12:30.391-0500] {processor.py:840} INFO - DAG(s) 'aerotrack_travel_catalogo_vuelos' retrieved from /opt/airflow/dags/dag_generar_catalogo_vuelos.py
[2026-07-09T00:12:30.415-0500] {logging_mixin.py:188} INFO - [2026-07-09T00:12:30.415-0500] {dag.py:3089} INFO - Sync 1 DAGs
[2026-07-09T00:12:30.429-0500] {logging_mixin.py:188} INFO - [2026-07-09T00:12:30.429-0500] {dag.py:3947} INFO - Setting next_dagrun for aerotrack_travel_catalogo_vuelos to 2026-07-09 00:00:00+00:00, run_after=2026-07-10 00:00:00+00:00
[2026-07-09T00:12:30.444-0500] {processor.py:183} INFO - Processing /opt/airflow/dags/dag_generar_catalogo_vuelos.py took 0.578 seconds
[2026-07-09T00:13:01.296-0500] {processor.py:161} INFO - Started process (PID=5584) to work on /opt/airflow/dags/dag_generar_catalogo_vuelos.py
[2026-07-09T00:13:01.297-0500] {processor.py:830} INFO - Processing file /opt/airflow/dags/dag_generar_catalogo_vuelos.py for tasks to queue
[2026-07-09T00:13:01.299-0500] {logging_mixin.py:188} INFO - [2026-07-09T00:13:01.299-0500] {dagbag.py:545} INFO - Filling up the DagBag from /opt/airflow/dags/dag_generar_catalogo_vuelos.py
[2026-07-09T00:13:01.864-0500] {processor.py:840} INFO - DAG(s) 'aerotrack_travel_catalogo_vuelos' retrieved from /opt/airflow/dags/dag_generar_catalogo_vuelos.py
[2026-07-09T00:13:01.893-0500] {logging_mixin.py:188} INFO - [2026-07-09T00:13:01.892-0500] {dag.py:3089} INFO - Sync 1 DAGs
[2026-07-09T00:13:01.908-0500] {logging_mixin.py:188} INFO - [2026-07-09T00:13:01.908-0500] {dag.py:3947} INFO - Setting next_dagrun for aerotrack_travel_catalogo_vuelos to 2026-07-09 00:00:00+00:00, run_after=2026-07-10 00:00:00+00:00
[2026-07-09T00:13:01.923-0500] {processor.py:183} INFO - Processing /opt/airflow/dags/dag_generar_catalogo_vuelos.py took 0.631 seconds
[2026-07-09T00:13:32.753-0500] {processor.py:161} INFO - Started process (PID=5611) to work on /opt/airflow/dags/dag_generar_catalogo_vuelos.py
[2026-07-09T00:13:32.754-0500] {processor.py:830} INFO - Processing file /opt/airflow/dags/dag_generar_catalogo_vuelos.py for tasks to queue
[2026-07-09T00:13:32.756-0500] {logging_mixin.py:188} INFO - [2026-07-09T00:13:32.755-0500] {dagbag.py:545} INFO - Filling up the DagBag from /opt/airflow/dags/dag_generar_catalogo_vuelos.py
[2026-07-09T00:13:33.371-0500] {processor.py:840} INFO - DAG(s) 'aerotrack_travel_catalogo_vuelos' retrieved from /opt/airflow/dags/dag_generar_catalogo_vuelos.py
[2026-07-09T00:13:33.401-0500] {logging_mixin.py:188} INFO - [2026-07-09T00:13:33.401-0500] {dag.py:3089} INFO - Sync 1 DAGs
[2026-07-09T00:13:33.417-0500] {logging_mixin.py:188} INFO - [2026-07-09T00:13:33.417-0500] {dag.py:3947} INFO - Setting next_dagrun for aerotrack_travel_catalogo_vuelos to 2026-07-09 00:00:00+00:00, run_after=2026-07-10 00:00:00+00:00
[2026-07-09T00:13:33.436-0500] {processor.py:183} INFO - Processing /opt/airflow/dags/dag_generar_catalogo_vuelos.py took 0.688 seconds
[2026-07-09T00:14:03.887-0500] {processor.py:161} INFO - Started process (PID=5638) to work on /opt/airflow/dags/dag_generar_catalogo_vuelos.py
[2026-07-09T00:14:03.888-0500] {processor.py:830} INFO - Processing file /opt/airflow/dags/dag_generar_catalogo_vuelos.py for tasks to queue
[2026-07-09T00:14:03.890-0500] {logging_mixin.py:188} INFO - [2026-07-09T00:14:03.890-0500] {dagbag.py:545} INFO - Filling up the DagBag from /opt/airflow/dags/dag_generar_catalogo_vuelos.py
[2026-07-09T00:14:04.437-0500] {processor.py:840} INFO - DAG(s) 'aerotrack_travel_catalogo_vuelos' retrieved from /opt/airflow/dags/dag_generar_catalogo_vuelos.py
[2026-07-09T00:14:04.470-0500] {logging_mixin.py:188} INFO - [2026-07-09T00:14:04.469-0500] {dag.py:3089} INFO - Sync 1 DAGs
[2026-07-09T00:14:04.484-0500] {logging_mixin.py:188} INFO - [2026-07-09T00:14:04.484-0500] {dag.py:3947} INFO - Setting next_dagrun for aerotrack_travel_catalogo_vuelos to 2026-07-09 00:00:00+00:00, run_after=2026-07-10 00:00:00+00:00
[2026-07-09T00:14:04.496-0500] {processor.py:183} INFO - Processing /opt/airflow/dags/dag_generar_catalogo_vuelos.py took 0.613 seconds
[2026-07-09T00:14:34.909-0500] {processor.py:161} INFO - Started process (PID=5665) to work on /opt/airflow/dags/dag_generar_catalogo_vuelos.py
[2026-07-09T00:14:34.910-0500] {processor.py:830} INFO - Processing file /opt/airflow/dags/dag_generar_catalogo_vuelos.py for tasks to queue
[2026-07-09T00:14:34.911-0500] {logging_mixin.py:188} INFO - [2026-07-09T00:14:34.911-0500] {dagbag.py:545} INFO - Filling up the DagBag from /opt/airflow/dags/dag_generar_catalogo_vuelos.py
[2026-07-09T00:14:35.441-0500] {processor.py:840} INFO - DAG(s) 'aerotrack_travel_catalogo_vuelos' retrieved from /opt/airflow/dags/dag_generar_catalogo_vuelos.py
[2026-07-09T00:14:35.473-0500] {logging_mixin.py:188} INFO - [2026-07-09T00:14:35.472-0500] {dag.py:3089} INFO - Sync 1 DAGs
[2026-07-09T00:14:35.489-0500] {logging_mixin.py:188} INFO - [2026-07-09T00:14:35.489-0500] {dag.py:3947} INFO - Setting next_dagrun for aerotrack_travel_catalogo_vuelos to 2026-07-09 00:00:00+00:00, run_after=2026-07-10 00:00:00+00:00
[2026-07-09T00:14:35.504-0500] {processor.py:183} INFO - Processing /opt/airflow/dags/dag_generar_catalogo_vuelos.py took 0.600 seconds
[2026-07-09T00:15:06.324-0500] {processor.py:161} INFO - Started process (PID=5692) to work on /opt/airflow/dags/dag_generar_catalogo_vuelos.py
[2026-07-09T00:15:06.324-0500] {processor.py:830} INFO - Processing file /opt/airflow/dags/dag_generar_catalogo_vuelos.py for tasks to queue
[2026-07-09T00:15:06.326-0500] {logging_mixin.py:188} INFO - [2026-07-09T00:15:06.326-0500] {dagbag.py:545} INFO - Filling up the DagBag from /opt/airflow/dags/dag_generar_catalogo_vuelos.py
[2026-07-09T00:15:06.843-0500] {processor.py:840} INFO - DAG(s) 'aerotrack_travel_catalogo_vuelos' retrieved from /opt/airflow/dags/dag_generar_catalogo_vuelos.py
[2026-07-09T00:15:06.873-0500] {logging_mixin.py:188} INFO - [2026-07-09T00:15:06.872-0500] {dag.py:3089} INFO - Sync 1 DAGs
[2026-07-09T00:15:06.886-0500] {logging_mixin.py:188} INFO - [2026-07-09T00:15:06.886-0500] {dag.py:3947} INFO - Setting next_dagrun for aerotrack_travel_catalogo_vuelos to 2026-07-09 00:00:00+00:00, run_after=2026-07-10 00:00:00+00:00
[2026-07-09T00:15:06.900-0500] {processor.py:183} INFO - Processing /opt/airflow/dags/dag_generar_catalogo_vuelos.py took 0.580 seconds
[2026-07-09T00:15:37.737-0500] {processor.py:161} INFO - Started process (PID=5719) to work on /opt/airflow/dags/dag_generar_catalogo_vuelos.py
[2026-07-09T00:15:37.738-0500] {processor.py:830} INFO - Processing file /opt/airflow/dags/dag_generar_catalogo_vuelos.py for tasks to queue
[2026-07-09T00:15:37.739-0500] {logging_mixin.py:188} INFO - [2026-07-09T00:15:37.739-0500] {dagbag.py:545} INFO - Filling up the DagBag from /opt/airflow/dags/dag_generar_catalogo_vuelos.py
[2026-07-09T00:15:38.353-0500] {processor.py:840} INFO - DAG(s) 'aerotrack_travel_catalogo_vuelos' retrieved from /opt/airflow/dags/dag_generar_catalogo_vuelos.py
[2026-07-09T00:15:38.379-0500] {logging_mixin.py:188} INFO - [2026-07-09T00:15:38.379-0500] {dag.py:3089} INFO - Sync 1 DAGs
[2026-07-09T00:15:38.392-0500] {logging_mixin.py:188} INFO - [2026-07-09T00:15:38.392-0500] {dag.py:3947} INFO - Setting next_dagrun for aerotrack_travel_catalogo_vuelos to 2026-07-09 00:00:00+00:00, run_after=2026-07-10 00:00:00+00:00
[2026-07-09T00:15:38.406-0500] {processor.py:183} INFO - Processing /opt/airflow/dags/dag_generar_catalogo_vuelos.py took 0.674 seconds
[2026-07-09T00:16:08.903-0500] {processor.py:161} INFO - Started process (PID=5746) to work on /opt/airflow/dags/dag_generar_catalogo_vuelos.py
[2026-07-09T00:16:08.904-0500] {processor.py:830} INFO - Processing file /opt/airflow/dags/dag_generar_catalogo_vuelos.py for tasks to queue
[2026-07-09T00:16:08.906-0500] {logging_mixin.py:188} INFO - [2026-07-09T00:16:08.906-0500] {dagbag.py:545} INFO - Filling up the DagBag from /opt/airflow/dags/dag_generar_catalogo_vuelos.py
[2026-07-09T00:16:09.468-0500] {processor.py:840} INFO - DAG(s) 'aerotrack_travel_catalogo_vuelos' retrieved from /opt/airflow/dags/dag_generar_catalogo_vuelos.py
[2026-07-09T00:16:09.494-0500] {logging_mixin.py:188} INFO - [2026-07-09T00:16:09.494-0500] {dag.py:3089} INFO - Sync 1 DAGs
[2026-07-09T00:16:09.510-0500] {logging_mixin.py:188} INFO - [2026-07-09T00:16:09.510-0500] {dag.py:3947} INFO - Setting next_dagrun for aerotrack_travel_catalogo_vuelos to 2026-07-09 00:00:00+00:00, run_after=2026-07-10 00:00:00+00:00
[2026-07-09T00:16:09.524-0500] {processor.py:183} INFO - Processing /opt/airflow/dags/dag_generar_catalogo_vuelos.py took 0.625 seconds
[2026-07-09T00:16:40.002-0500] {processor.py:161} INFO - Started process (PID=5773) to work on /opt/airflow/dags/dag_generar_catalogo_vuelos.py
[2026-07-09T00:16:40.002-0500] {processor.py:830} INFO - Processing file /opt/airflow/dags/dag_generar_catalogo_vuelos.py for tasks to queue
[2026-07-09T00:16:40.004-0500] {logging_mixin.py:188} INFO - [2026-07-09T00:16:40.003-0500] {dagbag.py:545} INFO - Filling up the DagBag from /opt/airflow/dags/dag_generar_catalogo_vuelos.py
[2026-07-09T00:16:40.525-0500] {processor.py:840} INFO - DAG(s) 'aerotrack_travel_catalogo_vuelos' retrieved from /opt/airflow/dags/dag_generar_catalogo_vuelos.py
[2026-07-09T00:16:40.551-0500] {logging_mixin.py:188} INFO - [2026-07-09T00:16:40.550-0500] {dag.py:3089} INFO - Sync 1 DAGs
[2026-07-09T00:16:40.563-0500] {logging_mixin.py:188} INFO - [2026-07-09T00:16:40.563-0500] {dag.py:3947} INFO - Setting next_dagrun for aerotrack_travel_catalogo_vuelos to 2026-07-09 00:00:00+00:00, run_after=2026-07-10 00:00:00+00:00
[2026-07-09T00:16:40.576-0500] {processor.py:183} INFO - Processing /opt/airflow/dags/dag_generar_catalogo_vuelos.py took 0.579 seconds
[2026-07-09T00:17:11.452-0500] {processor.py:161} INFO - Started process (PID=5800) to work on /opt/airflow/dags/dag_generar_catalogo_vuelos.py
[2026-07-09T00:17:11.453-0500] {processor.py:830} INFO - Processing file /opt/airflow/dags/dag_generar_catalogo_vuelos.py for tasks to queue
[2026-07-09T00:17:11.454-0500] {logging_mixin.py:188} INFO - [2026-07-09T00:17:11.454-0500] {dagbag.py:545} INFO - Filling up the DagBag from /opt/airflow/dags/dag_generar_catalogo_vuelos.py
[2026-07-09T00:17:11.950-0500] {processor.py:840} INFO - DAG(s) 'aerotrack_travel_catalogo_vuelos' retrieved from /opt/airflow/dags/dag_generar_catalogo_vuelos.py
[2026-07-09T00:17:11.978-0500] {logging_mixin.py:188} INFO - [2026-07-09T00:17:11.978-0500] {dag.py:3089} INFO - Sync 1 DAGs
[2026-07-09T00:17:11.994-0500] {logging_mixin.py:188} INFO - [2026-07-09T00:17:11.994-0500] {dag.py:3947} INFO - Setting next_dagrun for aerotrack_travel_catalogo_vuelos to 2026-07-09 00:00:00+00:00, run_after=2026-07-10 00:00:00+00:00
[2026-07-09T00:17:12.007-0500] {processor.py:183} INFO - Processing /opt/airflow/dags/dag_generar_catalogo_vuelos.py took 0.560 seconds
[2026-07-09T00:17:42.870-0500] {processor.py:161} INFO - Started process (PID=5827) to work on /opt/airflow/dags/dag_generar_catalogo_vuelos.py
[2026-07-09T00:17:42.871-0500] {processor.py:830} INFO - Processing file /opt/airflow/dags/dag_generar_catalogo_vuelos.py for tasks to queue
[2026-07-09T00:17:42.873-0500] {logging_mixin.py:188} INFO - [2026-07-09T00:17:42.873-0500] {dagbag.py:545} INFO - Filling up the DagBag from /opt/airflow/dags/dag_generar_catalogo_vuelos.py
[2026-07-09T00:17:43.586-0500] {processor.py:840} INFO - DAG(s) 'aerotrack_travel_catalogo_vuelos' retrieved from /opt/airflow/dags/dag_generar_catalogo_vuelos.py
[2026-07-09T00:17:43.621-0500] {logging_mixin.py:188} INFO - [2026-07-09T00:17:43.620-0500] {dag.py:3089} INFO - Sync 1 DAGs
[2026-07-09T00:17:43.637-0500] {logging_mixin.py:188} INFO - [2026-07-09T00:17:43.637-0500] {dag.py:3947} INFO - Setting next_dagrun for aerotrack_travel_catalogo_vuelos to 2026-07-09 00:00:00+00:00, run_after=2026-07-10 00:00:00+00:00
[2026-07-09T00:17:43.655-0500] {processor.py:183} INFO - Processing /opt/airflow/dags/dag_generar_catalogo_vuelos.py took 0.791 seconds
[2026-07-09T00:18:14.058-0500] {processor.py:161} INFO - Started process (PID=5854) to work on /opt/airflow/dags/dag_generar_catalogo_vuelos.py
[2026-07-09T00:18:14.059-0500] {processor.py:830} INFO - Processing file /opt/airflow/dags/dag_generar_catalogo_vuelos.py for tasks to queue
[2026-07-09T00:18:14.061-0500] {logging_mixin.py:188} INFO - [2026-07-09T00:18:14.060-0500] {dagbag.py:545} INFO - Filling up the DagBag from /opt/airflow/dags/dag_generar_catalogo_vuelos.py
[2026-07-09T00:18:14.651-0500] {processor.py:840} INFO - DAG(s) 'aerotrack_travel_catalogo_vuelos' retrieved from /opt/airflow/dags/dag_generar_catalogo_vuelos.py
[2026-07-09T00:18:14.678-0500] {logging_mixin.py:188} INFO - [2026-07-09T00:18:14.678-0500] {dag.py:3089} INFO - Sync 1 DAGs
[2026-07-09T00:18:14.695-0500] {logging_mixin.py:188} INFO - [2026-07-09T00:18:14.695-0500] {dag.py:3947} INFO - Setting next_dagrun for aerotrack_travel_catalogo_vuelos to 2026-07-09 00:00:00+00:00, run_after=2026-07-10 00:00:00+00:00
[2026-07-09T00:18:14.708-0500] {processor.py:183} INFO - Processing /opt/airflow/dags/dag_generar_catalogo_vuelos.py took 0.654 seconds
[2026-07-09T00:18:45.585-0500] {processor.py:161} INFO - Started process (PID=5881) to work on /opt/airflow/dags/dag_generar_catalogo_vuelos.py
[2026-07-09T00:18:45.587-0500] {processor.py:830} INFO - Processing file /opt/airflow/dags/dag_generar_catalogo_vuelos.py for tasks to queue
[2026-07-09T00:18:45.589-0500] {logging_mixin.py:188} INFO - [2026-07-09T00:18:45.588-0500] {dagbag.py:545} INFO - Filling up the DagBag from /opt/airflow/dags/dag_generar_catalogo_vuelos.py
[2026-07-09T00:18:46.255-0500] {processor.py:840} INFO - DAG(s) 'aerotrack_travel_catalogo_vuelos' retrieved from /opt/airflow/dags/dag_generar_catalogo_vuelos.py
[2026-07-09T00:18:46.290-0500] {logging_mixin.py:188} INFO - [2026-07-09T00:18:46.290-0500] {dag.py:3089} INFO - Sync 1 DAGs
[2026-07-09T00:18:46.306-0500] {logging_mixin.py:188} INFO - [2026-07-09T00:18:46.306-0500] {dag.py:3947} INFO - Setting next_dagrun for aerotrack_travel_catalogo_vuelos to 2026-07-09 00:00:00+00:00, run_after=2026-07-10 00:00:00+00:00
[2026-07-09T00:18:46.324-0500] {processor.py:183} INFO - Processing /opt/airflow/dags/dag_generar_catalogo_vuelos.py took 0.745 seconds
[2026-07-09T00:19:16.733-0500] {processor.py:161} INFO - Started process (PID=5908) to work on /opt/airflow/dags/dag_generar_catalogo_vuelos.py
[2026-07-09T00:19:16.734-0500] {processor.py:830} INFO - Processing file /opt/airflow/dags/dag_generar_catalogo_vuelos.py for tasks to queue
[2026-07-09T00:19:16.735-0500] {logging_mixin.py:188} INFO - [2026-07-09T00:19:16.735-0500] {dagbag.py:545} INFO - Filling up the DagBag from /opt/airflow/dags/dag_generar_catalogo_vuelos.py
[2026-07-09T00:19:17.272-0500] {processor.py:840} INFO - DAG(s) 'aerotrack_travel_catalogo_vuelos' retrieved from /opt/airflow/dags/dag_generar_catalogo_vuelos.py
[2026-07-09T00:19:17.299-0500] {logging_mixin.py:188} INFO - [2026-07-09T00:19:17.299-0500] {dag.py:3089} INFO - Sync 1 DAGs
[2026-07-09T00:19:17.315-0500] {logging_mixin.py:188} INFO - [2026-07-09T00:19:17.315-0500] {dag.py:3947} INFO - Setting next_dagrun for aerotrack_travel_catalogo_vuelos to 2026-07-09 00:00:00+00:00, run_after=2026-07-10 00:00:00+00:00
[2026-07-09T00:19:17.330-0500] {processor.py:183} INFO - Processing /opt/airflow/dags/dag_generar_catalogo_vuelos.py took 0.601 seconds
[2026-07-09T00:19:47.733-0500] {processor.py:161} INFO - Started process (PID=5935) to work on /opt/airflow/dags/dag_generar_catalogo_vuelos.py
[2026-07-09T00:19:47.735-0500] {processor.py:830} INFO - Processing file /opt/airflow/dags/dag_generar_catalogo_vuelos.py for tasks to queue
[2026-07-09T00:19:47.737-0500] {logging_mixin.py:188} INFO - [2026-07-09T00:19:47.737-0500] {dagbag.py:545} INFO - Filling up the DagBag from /opt/airflow/dags/dag_generar_catalogo_vuelos.py
[2026-07-09T00:19:48.356-0500] {processor.py:840} INFO - DAG(s) 'aerotrack_travel_catalogo_vuelos' retrieved from /opt/airflow/dags/dag_generar_catalogo_vuelos.py
[2026-07-09T00:19:48.381-0500] {logging_mixin.py:188} INFO - [2026-07-09T00:19:48.381-0500] {dag.py:3089} INFO - Sync 1 DAGs
[2026-07-09T00:19:48.396-0500] {logging_mixin.py:188} INFO - [2026-07-09T00:19:48.396-0500] {dag.py:3947} INFO - Setting next_dagrun for aerotrack_travel_catalogo_vuelos to 2026-07-09 00:00:00+00:00, run_after=2026-07-10 00:00:00+00:00
[2026-07-09T00:19:48.411-0500] {processor.py:183} INFO - Processing /opt/airflow/dags/dag_generar_catalogo_vuelos.py took 0.683 seconds
[2026-07-09T00:20:18.854-0500] {processor.py:161} INFO - Started process (PID=5962) to work on /opt/airflow/dags/dag_generar_catalogo_vuelos.py
[2026-07-09T00:20:18.855-0500] {processor.py:830} INFO - Processing file /opt/airflow/dags/dag_generar_catalogo_vuelos.py for tasks to queue
[2026-07-09T00:20:18.857-0500] {logging_mixin.py:188} INFO - [2026-07-09T00:20:18.856-0500] {dagbag.py:545} INFO - Filling up the DagBag from /opt/airflow/dags/dag_generar_catalogo_vuelos.py
[2026-07-09T00:20:19.382-0500] {processor.py:840} INFO - DAG(s) 'aerotrack_travel_catalogo_vuelos' retrieved from /opt/airflow/dags/dag_generar_catalogo_vuelos.py
[2026-07-09T00:20:19.407-0500] {logging_mixin.py:188} INFO - [2026-07-09T00:20:19.407-0500] {dag.py:3089} INFO - Sync 1 DAGs
[2026-07-09T00:20:19.422-0500] {logging_mixin.py:188} INFO - [2026-07-09T00:20:19.422-0500] {dag.py:3947} INFO - Setting next_dagrun for aerotrack_travel_catalogo_vuelos to 2026-07-09 00:00:00+00:00, run_after=2026-07-10 00:00:00+00:00
[2026-07-09T00:20:19.445-0500] {processor.py:183} INFO - Processing /opt/airflow/dags/dag_generar_catalogo_vuelos.py took 0.595 seconds
[2026-07-09T00:20:50.396-0500] {processor.py:161} INFO - Started process (PID=5989) to work on /opt/airflow/dags/dag_generar_catalogo_vuelos.py
[2026-07-09T00:20:50.397-0500] {processor.py:830} INFO - Processing file /opt/airflow/dags/dag_generar_catalogo_vuelos.py for tasks to queue
[2026-07-09T00:20:50.399-0500] {logging_mixin.py:188} INFO - [2026-07-09T00:20:50.399-0500] {dagbag.py:545} INFO - Filling up the DagBag from /opt/airflow/dags/dag_generar_catalogo_vuelos.py
[2026-07-09T00:20:50.939-0500] {processor.py:840} INFO - DAG(s) 'aerotrack_travel_catalogo_vuelos' retrieved from /opt/airflow/dags/dag_generar_catalogo_vuelos.py
[2026-07-09T00:20:50.967-0500] {logging_mixin.py:188} INFO - [2026-07-09T00:20:50.966-0500] {dag.py:3089} INFO - Sync 1 DAGs
[2026-07-09T00:20:50.982-0500] {logging_mixin.py:188} INFO - [2026-07-09T00:20:50.982-0500] {dag.py:3947} INFO - Setting next_dagrun for aerotrack_travel_catalogo_vuelos to 2026-07-09 00:00:00+00:00, run_after=2026-07-10 00:00:00+00:00
[2026-07-09T00:20:50.996-0500] {processor.py:183} INFO - Processing /opt/airflow/dags/dag_generar_catalogo_vuelos.py took 0.607 seconds
[2026-07-09T00:21:21.859-0500] {processor.py:161} INFO - Started process (PID=6016) to work on /opt/airflow/dags/dag_generar_catalogo_vuelos.py
[2026-07-09T00:21:21.859-0500] {processor.py:830} INFO - Processing file /opt/airflow/dags/dag_generar_catalogo_vuelos.py for tasks to queue
[2026-07-09T00:21:21.861-0500] {logging_mixin.py:188} INFO - [2026-07-09T00:21:21.861-0500] {dagbag.py:545} INFO - Filling up the DagBag from /opt/airflow/dags/dag_generar_catalogo_vuelos.py
[2026-07-09T00:21:22.388-0500] {processor.py:840} INFO - DAG(s) 'aerotrack_travel_catalogo_vuelos' retrieved from /opt/airflow/dags/dag_generar_catalogo_vuelos.py
[2026-07-09T00:21:22.413-0500] {logging_mixin.py:188} INFO - [2026-07-09T00:21:22.413-0500] {dag.py:3089} INFO - Sync 1 DAGs
[2026-07-09T00:21:22.426-0500] {logging_mixin.py:188} INFO - [2026-07-09T00:21:22.426-0500] {dag.py:3947} INFO - Setting next_dagrun for aerotrack_travel_catalogo_vuelos to 2026-07-09 00:00:00+00:00, run_after=2026-07-10 00:00:00+00:00
[2026-07-09T00:21:22.440-0500] {processor.py:183} INFO - Processing /opt/airflow/dags/dag_generar_catalogo_vuelos.py took 0.585 seconds
[2026-07-09T00:21:52.837-0500] {processor.py:161} INFO - Started process (PID=6043) to work on /opt/airflow/dags/dag_generar_catalogo_vuelos.py
[2026-07-09T00:21:52.837-0500] {processor.py:830} INFO - Processing file /opt/airflow/dags/dag_generar_catalogo_vuelos.py for tasks to queue
[2026-07-09T00:21:52.839-0500] {logging_mixin.py:188} INFO - [2026-07-09T00:21:52.839-0500] {dagbag.py:545} INFO - Filling up the DagBag from /opt/airflow/dags/dag_generar_catalogo_vuelos.py
[2026-07-09T00:21:53.382-0500] {processor.py:840} INFO - DAG(s) 'aerotrack_travel_catalogo_vuelos' retrieved from /opt/airflow/dags/dag_generar_catalogo_vuelos.py
[2026-07-09T00:21:53.407-0500] {logging_mixin.py:188} INFO - [2026-07-09T00:21:53.407-0500] {dag.py:3089} INFO - Sync 1 DAGs
[2026-07-09T00:21:53.421-0500] {logging_mixin.py:188} INFO - [2026-07-09T00:21:53.421-0500] {dag.py:3947} INFO - Setting next_dagrun for aerotrack_travel_catalogo_vuelos to 2026-07-09 00:00:00+00:00, run_after=2026-07-10 00:00:00+00:00
[2026-07-09T00:21:53.434-0500] {processor.py:183} INFO - Processing /opt/airflow/dags/dag_generar_catalogo_vuelos.py took 0.602 seconds
[2026-07-09T00:22:24.273-0500] {processor.py:161} INFO - Started process (PID=6070) to work on /opt/airflow/dags/dag_generar_catalogo_vuelos.py
[2026-07-09T00:22:24.274-0500] {processor.py:830} INFO - Processing file /opt/airflow/dags/dag_generar_catalogo_vuelos.py for tasks to queue
[2026-07-09T00:22:24.275-0500] {logging_mixin.py:188} INFO - [2026-07-09T00:22:24.275-0500] {dagbag.py:545} INFO - Filling up the DagBag from /opt/airflow/dags/dag_generar_catalogo_vuelos.py
[2026-07-09T00:22:24.789-0500] {processor.py:840} INFO - DAG(s) 'aerotrack_travel_catalogo_vuelos' retrieved from /opt/airflow/dags/dag_generar_catalogo_vuelos.py
[2026-07-09T00:22:24.822-0500] {logging_mixin.py:188} INFO - [2026-07-09T00:22:24.822-0500] {dag.py:3089} INFO - Sync 1 DAGs
[2026-07-09T00:22:24.837-0500] {logging_mixin.py:188} INFO - [2026-07-09T00:22:24.837-0500] {dag.py:3947} INFO - Setting next_dagrun for aerotrack_travel_catalogo_vuelos to 2026-07-09 00:00:00+00:00, run_after=2026-07-10 00:00:00+00:00
[2026-07-09T00:22:24.853-0500] {processor.py:183} INFO - Processing /opt/airflow/dags/dag_generar_catalogo_vuelos.py took 0.585 seconds
[2026-07-09T00:22:55.691-0500] {processor.py:161} INFO - Started process (PID=6097) to work on /opt/airflow/dags/dag_generar_catalogo_vuelos.py
[2026-07-09T00:22:55.692-0500] {processor.py:830} INFO - Processing file /opt/airflow/dags/dag_generar_catalogo_vuelos.py for tasks to queue
[2026-07-09T00:22:55.694-0500] {logging_mixin.py:188} INFO - [2026-07-09T00:22:55.694-0500] {dagbag.py:545} INFO - Filling up the DagBag from /opt/airflow/dags/dag_generar_catalogo_vuelos.py
[2026-07-09T00:22:56.200-0500] {processor.py:840} INFO - DAG(s) 'aerotrack_travel_catalogo_vuelos' retrieved from /opt/airflow/dags/dag_generar_catalogo_vuelos.py
[2026-07-09T00:22:56.230-0500] {logging_mixin.py:188} INFO - [2026-07-09T00:22:56.230-0500] {dag.py:3089} INFO - Sync 1 DAGs
[2026-07-09T00:22:56.247-0500] {logging_mixin.py:188} INFO - [2026-07-09T00:22:56.247-0500] {dag.py:3947} INFO - Setting next_dagrun for aerotrack_travel_catalogo_vuelos to 2026-07-09 00:00:00+00:00, run_after=2026-07-10 00:00:00+00:00
[2026-07-09T00:22:56.270-0500] {processor.py:183} INFO - Processing /opt/airflow/dags/dag_generar_catalogo_vuelos.py took 0.584 seconds
[2026-07-09T00:23:27.126-0500] {processor.py:161} INFO - Started process (PID=6124) to work on /opt/airflow/dags/dag_generar_catalogo_vuelos.py
[2026-07-09T00:23:27.127-0500] {processor.py:830} INFO - Processing file /opt/airflow/dags/dag_generar_catalogo_vuelos.py for tasks to queue
[2026-07-09T00:23:27.129-0500] {logging_mixin.py:188} INFO - [2026-07-09T00:23:27.129-0500] {dagbag.py:545} INFO - Filling up the DagBag from /opt/airflow/dags/dag_generar_catalogo_vuelos.py
[2026-07-09T00:23:27.636-0500] {processor.py:840} INFO - DAG(s) 'aerotrack_travel_catalogo_vuelos' retrieved from /opt/airflow/dags/dag_generar_catalogo_vuelos.py
[2026-07-09T00:23:27.659-0500] {logging_mixin.py:188} INFO - [2026-07-09T00:23:27.659-0500] {dag.py:3089} INFO - Sync 1 DAGs
[2026-07-09T00:23:27.674-0500] {logging_mixin.py:188} INFO - [2026-07-09T00:23:27.673-0500] {dag.py:3947} INFO - Setting next_dagrun for aerotrack_travel_catalogo_vuelos to 2026-07-09 00:00:00+00:00, run_after=2026-07-10 00:00:00+00:00
[2026-07-09T00:23:27.688-0500] {processor.py:183} INFO - Processing /opt/airflow/dags/dag_generar_catalogo_vuelos.py took 0.567 seconds
[2026-07-09T00:23:58.099-0500] {processor.py:161} INFO - Started process (PID=6151) to work on /opt/airflow/dags/dag_generar_catalogo_vuelos.py
[2026-07-09T00:23:58.100-0500] {processor.py:830} INFO - Processing file /opt/airflow/dags/dag_generar_catalogo_vuelos.py for tasks to queue
[2026-07-09T00:23:58.102-0500] {logging_mixin.py:188} INFO - [2026-07-09T00:23:58.101-0500] {dagbag.py:545} INFO - Filling up the DagBag from /opt/airflow/dags/dag_generar_catalogo_vuelos.py
[2026-07-09T00:23:58.628-0500] {processor.py:840} INFO - DAG(s) 'aerotrack_travel_catalogo_vuelos' retrieved from /opt/airflow/dags/dag_generar_catalogo_vuelos.py
[2026-07-09T00:23:58.654-0500] {logging_mixin.py:188} INFO - [2026-07-09T00:23:58.654-0500] {dag.py:3089} INFO - Sync 1 DAGs
[2026-07-09T00:23:58.670-0500] {logging_mixin.py:188} INFO - [2026-07-09T00:23:58.670-0500] {dag.py:3947} INFO - Setting next_dagrun for aerotrack_travel_catalogo_vuelos to 2026-07-09 00:00:00+00:00, run_after=2026-07-10 00:00:00+00:00
[2026-07-09T00:23:58.683-0500] {processor.py:183} INFO - Processing /opt/airflow/dags/dag_generar_catalogo_vuelos.py took 0.588 seconds
[2026-07-09T00:24:29.073-0500] {processor.py:161} INFO - Started process (PID=6178) to work on /opt/airflow/dags/dag_generar_catalogo_vuelos.py
[2026-07-09T00:24:29.073-0500] {processor.py:830} INFO - Processing file /opt/airflow/dags/dag_generar_catalogo_vuelos.py for tasks to queue
[2026-07-09T00:24:29.075-0500] {logging_mixin.py:188} INFO - [2026-07-09T00:24:29.075-0500] {dagbag.py:545} INFO - Filling up the DagBag from /opt/airflow/dags/dag_generar_catalogo_vuelos.py
[2026-07-09T00:24:29.594-0500] {processor.py:840} INFO - DAG(s) 'aerotrack_travel_catalogo_vuelos' retrieved from /opt/airflow/dags/dag_generar_catalogo_vuelos.py
[2026-07-09T00:24:29.617-0500] {logging_mixin.py:188} INFO - [2026-07-09T00:24:29.617-0500] {dag.py:3089} INFO - Sync 1 DAGs
[2026-07-09T00:24:29.632-0500] {logging_mixin.py:188} INFO - [2026-07-09T00:24:29.632-0500] {dag.py:3947} INFO - Setting next_dagrun for aerotrack_travel_catalogo_vuelos to 2026-07-09 00:00:00+00:00, run_after=2026-07-10 00:00:00+00:00
[2026-07-09T00:24:29.643-0500] {processor.py:183} INFO - Processing /opt/airflow/dags/dag_generar_catalogo_vuelos.py took 0.576 seconds
[2026-07-09T00:25:00.085-0500] {processor.py:161} INFO - Started process (PID=6205) to work on /opt/airflow/dags/dag_generar_catalogo_vuelos.py
[2026-07-09T00:25:00.086-0500] {processor.py:830} INFO - Processing file /opt/airflow/dags/dag_generar_catalogo_vuelos.py for tasks to queue
[2026-07-09T00:25:00.088-0500] {logging_mixin.py:188} INFO - [2026-07-09T00:25:00.087-0500] {dagbag.py:545} INFO - Filling up the DagBag from /opt/airflow/dags/dag_generar_catalogo_vuelos.py
[2026-07-09T00:25:00.945-0500] {processor.py:840} INFO - DAG(s) 'aerotrack_travel_catalogo_vuelos' retrieved from /opt/airflow/dags/dag_generar_catalogo_vuelos.py
[2026-07-09T00:25:01.035-0500] {logging_mixin.py:188} INFO - [2026-07-09T00:25:01.034-0500] {dag.py:3089} INFO - Sync 1 DAGs
[2026-07-09T00:25:01.080-0500] {logging_mixin.py:188} INFO - [2026-07-09T00:25:01.079-0500] {dag.py:3947} INFO - Setting next_dagrun for aerotrack_travel_catalogo_vuelos to 2026-07-09 00:00:00+00:00, run_after=2026-07-10 00:00:00+00:00
[2026-07-09T00:25:01.109-0500] {processor.py:183} INFO - Processing /opt/airflow/dags/dag_generar_catalogo_vuelos.py took 1.029 seconds
[2026-07-09T00:25:31.808-0500] {processor.py:161} INFO - Started process (PID=6238) to work on /opt/airflow/dags/dag_generar_catalogo_vuelos.py
[2026-07-09T00:25:31.810-0500] {processor.py:830} INFO - Processing file /opt/airflow/dags/dag_generar_catalogo_vuelos.py for tasks to queue
[2026-07-09T00:25:31.812-0500] {logging_mixin.py:188} INFO - [2026-07-09T00:25:31.811-0500] {dagbag.py:545} INFO - Filling up the DagBag from /opt/airflow/dags/dag_generar_catalogo_vuelos.py
[2026-07-09T00:25:32.366-0500] {processor.py:840} INFO - DAG(s) 'aerotrack_travel_catalogo_vuelos' retrieved from /opt/airflow/dags/dag_generar_catalogo_vuelos.py
[2026-07-09T00:25:32.392-0500] {logging_mixin.py:188} INFO - [2026-07-09T00:25:32.392-0500] {dag.py:3089} INFO - Sync 1 DAGs
[2026-07-09T00:25:32.405-0500] {logging_mixin.py:188} INFO - [2026-07-09T00:25:32.405-0500] {dag.py:3947} INFO - Setting next_dagrun for aerotrack_travel_catalogo_vuelos to 2026-07-09 00:00:00+00:00, run_after=2026-07-10 00:00:00+00:00
[2026-07-09T00:25:32.419-0500] {processor.py:183} INFO - Processing /opt/airflow/dags/dag_generar_catalogo_vuelos.py took 0.617 seconds
[2026-07-09T00:26:02.901-0500] {processor.py:161} INFO - Started process (PID=6265) to work on /opt/airflow/dags/dag_generar_catalogo_vuelos.py
[2026-07-09T00:26:02.903-0500] {processor.py:830} INFO - Processing file /opt/airflow/dags/dag_generar_catalogo_vuelos.py for tasks to queue
[2026-07-09T00:26:02.905-0500] {logging_mixin.py:188} INFO - [2026-07-09T00:26:02.905-0500] {dagbag.py:545} INFO - Filling up the DagBag from /opt/airflow/dags/dag_generar_catalogo_vuelos.py
[2026-07-09T00:26:03.528-0500] {processor.py:840} INFO - DAG(s) 'aerotrack_travel_catalogo_vuelos' retrieved from /opt/airflow/dags/dag_generar_catalogo_vuelos.py
[2026-07-09T00:26:03.559-0500] {logging_mixin.py:188} INFO - [2026-07-09T00:26:03.559-0500] {dag.py:3089} INFO - Sync 1 DAGs
[2026-07-09T00:26:03.578-0500] {logging_mixin.py:188} INFO - [2026-07-09T00:26:03.577-0500] {dag.py:3947} INFO - Setting next_dagrun for aerotrack_travel_catalogo_vuelos to 2026-07-09 00:00:00+00:00, run_after=2026-07-10 00:00:00+00:00
[2026-07-09T00:26:03.594-0500] {processor.py:183} INFO - Processing /opt/airflow/dags/dag_generar_catalogo_vuelos.py took 0.699 seconds
[2026-07-09T00:26:34.055-0500] {processor.py:161} INFO - Started process (PID=6291) to work on /opt/airflow/dags/dag_generar_catalogo_vuelos.py
[2026-07-09T00:26:34.056-0500] {processor.py:830} INFO - Processing file /opt/airflow/dags/dag_generar_catalogo_vuelos.py for tasks to queue
[2026-07-09T00:26:34.058-0500] {logging_mixin.py:188} INFO - [2026-07-09T00:26:34.058-0500] {dagbag.py:545} INFO - Filling up the DagBag from /opt/airflow/dags/dag_generar_catalogo_vuelos.py
[2026-07-09T00:26:34.710-0500] {processor.py:840} INFO - DAG(s) 'aerotrack_travel_catalogo_vuelos' retrieved from /opt/airflow/dags/dag_generar_catalogo_vuelos.py
[2026-07-09T00:26:34.740-0500] {logging_mixin.py:188} INFO - [2026-07-09T00:26:34.739-0500] {dag.py:3089} INFO - Sync 1 DAGs
[2026-07-09T00:26:34.758-0500] {logging_mixin.py:188} INFO - [2026-07-09T00:26:34.758-0500] {dag.py:3947} INFO - Setting next_dagrun for aerotrack_travel_catalogo_vuelos to 2026-07-09 00:00:00+00:00, run_after=2026-07-10 00:00:00+00:00
[2026-07-09T00:26:34.773-0500] {processor.py:183} INFO - Processing /opt/airflow/dags/dag_generar_catalogo_vuelos.py took 0.724 seconds
[2026-07-09T00:27:05.181-0500] {processor.py:161} INFO - Started process (PID=6318) to work on /opt/airflow/dags/dag_generar_catalogo_vuelos.py
[2026-07-09T00:27:05.182-0500] {processor.py:830} INFO - Processing file /opt/airflow/dags/dag_generar_catalogo_vuelos.py for tasks to queue
[2026-07-09T00:27:05.183-0500] {logging_mixin.py:188} INFO - [2026-07-09T00:27:05.183-0500] {dagbag.py:545} INFO - Filling up the DagBag from /opt/airflow/dags/dag_generar_catalogo_vuelos.py
[2026-07-09T00:27:05.726-0500] {processor.py:840} INFO - DAG(s) 'aerotrack_travel_catalogo_vuelos' retrieved from /opt/airflow/dags/dag_generar_catalogo_vuelos.py
[2026-07-09T00:27:05.755-0500] {logging_mixin.py:188} INFO - [2026-07-09T00:27:05.755-0500] {dag.py:3089} INFO - Sync 1 DAGs
[2026-07-09T00:27:05.771-0500] {logging_mixin.py:188} INFO - [2026-07-09T00:27:05.770-0500] {dag.py:3947} INFO - Setting next_dagrun for aerotrack_travel_catalogo_vuelos to 2026-07-09 00:00:00+00:00, run_after=2026-07-10 00:00:00+00:00
[2026-07-09T00:27:05.785-0500] {processor.py:183} INFO - Processing /opt/airflow/dags/dag_generar_catalogo_vuelos.py took 0.609 seconds
[2026-07-09T00:27:36.221-0500] {processor.py:161} INFO - Started process (PID=6345) to work on /opt/airflow/dags/dag_generar_catalogo_vuelos.py
[2026-07-09T00:27:36.222-0500] {processor.py:830} INFO - Processing file /opt/airflow/dags/dag_generar_catalogo_vuelos.py for tasks to queue
[2026-07-09T00:27:36.224-0500] {logging_mixin.py:188} INFO - [2026-07-09T00:27:36.224-0500] {dagbag.py:545} INFO - Filling up the DagBag from /opt/airflow/dags/dag_generar_catalogo_vuelos.py
[2026-07-09T00:27:36.789-0500] {processor.py:840} INFO - DAG(s) 'aerotrack_travel_catalogo_vuelos' retrieved from /opt/airflow/dags/dag_generar_catalogo_vuelos.py
[2026-07-09T00:27:36.816-0500] {logging_mixin.py:188} INFO - [2026-07-09T00:27:36.816-0500] {dag.py:3089} INFO - Sync 1 DAGs
[2026-07-09T00:27:36.831-0500] {logging_mixin.py:188} INFO - [2026-07-09T00:27:36.831-0500] {dag.py:3947} INFO - Setting next_dagrun for aerotrack_travel_catalogo_vuelos to 2026-07-09 00:00:00+00:00, run_after=2026-07-10 00:00:00+00:00
[2026-07-09T00:27:36.851-0500] {processor.py:183} INFO - Processing /opt/airflow/dags/dag_generar_catalogo_vuelos.py took 0.634 seconds
[2026-07-09T00:28:07.256-0500] {processor.py:161} INFO - Started process (PID=6372) to work on /opt/airflow/dags/dag_generar_catalogo_vuelos.py
[2026-07-09T00:28:07.257-0500] {processor.py:830} INFO - Processing file /opt/airflow/dags/dag_generar_catalogo_vuelos.py for tasks to queue
[2026-07-09T00:28:07.258-0500] {logging_mixin.py:188} INFO - [2026-07-09T00:28:07.258-0500] {dagbag.py:545} INFO - Filling up the DagBag from /opt/airflow/dags/dag_generar_catalogo_vuelos.py
[2026-07-09T00:28:07.795-0500] {processor.py:840} INFO - DAG(s) 'aerotrack_travel_catalogo_vuelos' retrieved from /opt/airflow/dags/dag_generar_catalogo_vuelos.py
[2026-07-09T00:28:07.819-0500] {logging_mixin.py:188} INFO - [2026-07-09T00:28:07.819-0500] {dag.py:3089} INFO - Sync 1 DAGs
[2026-07-09T00:28:07.833-0500] {logging_mixin.py:188} INFO - [2026-07-09T00:28:07.833-0500] {dag.py:3947} INFO - Setting next_dagrun for aerotrack_travel_catalogo_vuelos to 2026-07-09 00:00:00+00:00, run_after=2026-07-10 00:00:00+00:00
[2026-07-09T00:28:07.849-0500] {processor.py:183} INFO - Processing /opt/airflow/dags/dag_generar_catalogo_vuelos.py took 0.597 seconds
[2026-07-09T00:28:38.300-0500] {processor.py:161} INFO - Started process (PID=6399) to work on /opt/airflow/dags/dag_generar_catalogo_vuelos.py
[2026-07-09T00:28:38.301-0500] {processor.py:830} INFO - Processing file /opt/airflow/dags/dag_generar_catalogo_vuelos.py for tasks to queue
[2026-07-09T00:28:38.302-0500] {logging_mixin.py:188} INFO - [2026-07-09T00:28:38.302-0500] {dagbag.py:545} INFO - Filling up the DagBag from /opt/airflow/dags/dag_generar_catalogo_vuelos.py
[2026-07-09T00:28:38.886-0500] {processor.py:840} INFO - DAG(s) 'aerotrack_travel_catalogo_vuelos' retrieved from /opt/airflow/dags/dag_generar_catalogo_vuelos.py
[2026-07-09T00:28:38.915-0500] {logging_mixin.py:188} INFO - [2026-07-09T00:28:38.915-0500] {dag.py:3089} INFO - Sync 1 DAGs
[2026-07-09T00:28:38.932-0500] {logging_mixin.py:188} INFO - [2026-07-09T00:28:38.932-0500] {dag.py:3947} INFO - Setting next_dagrun for aerotrack_travel_catalogo_vuelos to 2026-07-09 00:00:00+00:00, run_after=2026-07-10 00:00:00+00:00
[2026-07-09T00:28:38.946-0500] {processor.py:183} INFO - Processing /opt/airflow/dags/dag_generar_catalogo_vuelos.py took 0.650 seconds
[2026-07-09T00:29:09.336-0500] {processor.py:161} INFO - Started process (PID=6426) to work on /opt/airflow/dags/dag_generar_catalogo_vuelos.py
[2026-07-09T00:29:09.337-0500] {processor.py:830} INFO - Processing file /opt/airflow/dags/dag_generar_catalogo_vuelos.py for tasks to queue
[2026-07-09T00:29:09.339-0500] {logging_mixin.py:188} INFO - [2026-07-09T00:29:09.338-0500] {dagbag.py:545} INFO - Filling up the DagBag from /opt/airflow/dags/dag_generar_catalogo_vuelos.py
[2026-07-09T00:29:09.877-0500] {processor.py:840} INFO - DAG(s) 'aerotrack_travel_catalogo_vuelos' retrieved from /opt/airflow/dags/dag_generar_catalogo_vuelos.py
[2026-07-09T00:29:09.901-0500] {logging_mixin.py:188} INFO - [2026-07-09T00:29:09.901-0500] {dag.py:3089} INFO - Sync 1 DAGs
[2026-07-09T00:29:09.915-0500] {logging_mixin.py:188} INFO - [2026-07-09T00:29:09.915-0500] {dag.py:3947} INFO - Setting next_dagrun for aerotrack_travel_catalogo_vuelos to 2026-07-09 00:00:00+00:00, run_after=2026-07-10 00:00:00+00:00
[2026-07-09T00:29:09.929-0500] {processor.py:183} INFO - Processing /opt/airflow/dags/dag_generar_catalogo_vuelos.py took 0.598 seconds
[2026-07-09T00:29:40.303-0500] {processor.py:161} INFO - Started process (PID=6453) to work on /opt/airflow/dags/dag_generar_catalogo_vuelos.py
[2026-07-09T00:29:40.304-0500] {processor.py:830} INFO - Processing file /opt/airflow/dags/dag_generar_catalogo_vuelos.py for tasks to queue
[2026-07-09T00:29:40.306-0500] {logging_mixin.py:188} INFO - [2026-07-09T00:29:40.305-0500] {dagbag.py:545} INFO - Filling up the DagBag from /opt/airflow/dags/dag_generar_catalogo_vuelos.py
[2026-07-09T00:29:40.812-0500] {processor.py:840} INFO - DAG(s) 'aerotrack_travel_catalogo_vuelos' retrieved from /opt/airflow/dags/dag_generar_catalogo_vuelos.py
[2026-07-09T00:29:40.838-0500] {logging_mixin.py:188} INFO - [2026-07-09T00:29:40.838-0500] {dag.py:3089} INFO - Sync 1 DAGs
[2026-07-09T00:29:40.852-0500] {logging_mixin.py:188} INFO - [2026-07-09T00:29:40.852-0500] {dag.py:3947} INFO - Setting next_dagrun for aerotrack_travel_catalogo_vuelos to 2026-07-09 00:00:00+00:00, run_after=2026-07-10 00:00:00+00:00
[2026-07-09T00:29:40.867-0500] {processor.py:183} INFO - Processing /opt/airflow/dags/dag_generar_catalogo_vuelos.py took 0.569 seconds
[2026-07-09T00:30:11.305-0500] {processor.py:161} INFO - Started process (PID=6480) to work on /opt/airflow/dags/dag_generar_catalogo_vuelos.py
[2026-07-09T00:30:11.307-0500] {processor.py:830} INFO - Processing file /opt/airflow/dags/dag_generar_catalogo_vuelos.py for tasks to queue
[2026-07-09T00:30:11.308-0500] {logging_mixin.py:188} INFO - [2026-07-09T00:30:11.308-0500] {dagbag.py:545} INFO - Filling up the DagBag from /opt/airflow/dags/dag_generar_catalogo_vuelos.py
[2026-07-09T00:30:11.832-0500] {processor.py:840} INFO - DAG(s) 'aerotrack_travel_catalogo_vuelos' retrieved from /opt/airflow/dags/dag_generar_catalogo_vuelos.py
[2026-07-09T00:30:11.855-0500] {logging_mixin.py:188} INFO - [2026-07-09T00:30:11.855-0500] {dag.py:3089} INFO - Sync 1 DAGs
[2026-07-09T00:30:11.869-0500] {logging_mixin.py:188} INFO - [2026-07-09T00:30:11.868-0500] {dag.py:3947} INFO - Setting next_dagrun for aerotrack_travel_catalogo_vuelos to 2026-07-09 00:00:00+00:00, run_after=2026-07-10 00:00:00+00:00
[2026-07-09T00:30:11.884-0500] {processor.py:183} INFO - Processing /opt/airflow/dags/dag_generar_catalogo_vuelos.py took 0.582 seconds
[2026-07-09T00:30:42.305-0500] {processor.py:161} INFO - Started process (PID=6507) to work on /opt/airflow/dags/dag_generar_catalogo_vuelos.py
[2026-07-09T00:30:42.306-0500] {processor.py:830} INFO - Processing file /opt/airflow/dags/dag_generar_catalogo_vuelos.py for tasks to queue
[2026-07-09T00:30:42.308-0500] {logging_mixin.py:188} INFO - [2026-07-09T00:30:42.308-0500] {dagbag.py:545} INFO - Filling up the DagBag from /opt/airflow/dags/dag_generar_catalogo_vuelos.py
[2026-07-09T00:30:42.832-0500] {processor.py:840} INFO - DAG(s) 'aerotrack_travel_catalogo_vuelos' retrieved from /opt/airflow/dags/dag_generar_catalogo_vuelos.py
[2026-07-09T00:30:42.857-0500] {logging_mixin.py:188} INFO - [2026-07-09T00:30:42.857-0500] {dag.py:3089} INFO - Sync 1 DAGs
[2026-07-09T00:30:42.876-0500] {logging_mixin.py:188} INFO - [2026-07-09T00:30:42.876-0500] {dag.py:3947} INFO - Setting next_dagrun for aerotrack_travel_catalogo_vuelos to 2026-07-09 00:00:00+00:00, run_after=2026-07-10 00:00:00+00:00
[2026-07-09T00:30:42.890-0500] {processor.py:183} INFO - Processing /opt/airflow/dags/dag_generar_catalogo_vuelos.py took 0.588 seconds
[2026-07-09T00:31:13.300-0500] {processor.py:161} INFO - Started process (PID=6534) to work on /opt/airflow/dags/dag_generar_catalogo_vuelos.py
[2026-07-09T00:31:13.301-0500] {processor.py:830} INFO - Processing file /opt/airflow/dags/dag_generar_catalogo_vuelos.py for tasks to queue
[2026-07-09T00:31:13.302-0500] {logging_mixin.py:188} INFO - [2026-07-09T00:31:13.302-0500] {dagbag.py:545} INFO - Filling up the DagBag from /opt/airflow/dags/dag_generar_catalogo_vuelos.py
[2026-07-09T00:31:13.835-0500] {processor.py:840} INFO - DAG(s) 'aerotrack_travel_catalogo_vuelos' retrieved from /opt/airflow/dags/dag_generar_catalogo_vuelos.py
[2026-07-09T00:31:13.859-0500] {logging_mixin.py:188} INFO - [2026-07-09T00:31:13.859-0500] {dag.py:3089} INFO - Sync 1 DAGs
[2026-07-09T00:31:13.873-0500] {logging_mixin.py:188} INFO - [2026-07-09T00:31:13.873-0500] {dag.py:3947} INFO - Setting next_dagrun for aerotrack_travel_catalogo_vuelos to 2026-07-09 00:00:00+00:00, run_after=2026-07-10 00:00:00+00:00
[2026-07-09T00:31:13.893-0500] {processor.py:183} INFO - Processing /opt/airflow/dags/dag_generar_catalogo_vuelos.py took 0.597 seconds
[2026-07-09T00:31:44.369-0500] {processor.py:161} INFO - Started process (PID=6561) to work on /opt/airflow/dags/dag_generar_catalogo_vuelos.py
[2026-07-09T00:31:44.370-0500] {processor.py:830} INFO - Processing file /opt/airflow/dags/dag_generar_catalogo_vuelos.py for tasks to queue
[2026-07-09T00:31:44.372-0500] {logging_mixin.py:188} INFO - [2026-07-09T00:31:44.371-0500] {dagbag.py:545} INFO - Filling up the DagBag from /opt/airflow/dags/dag_generar_catalogo_vuelos.py
[2026-07-09T00:31:44.948-0500] {processor.py:840} INFO - DAG(s) 'aerotrack_travel_catalogo_vuelos' retrieved from /opt/airflow/dags/dag_generar_catalogo_vuelos.py
[2026-07-09T00:31:44.983-0500] {logging_mixin.py:188} INFO - [2026-07-09T00:31:44.983-0500] {dag.py:3089} INFO - Sync 1 DAGs
[2026-07-09T00:31:45.000-0500] {logging_mixin.py:188} INFO - [2026-07-09T00:31:45.000-0500] {dag.py:3947} INFO - Setting next_dagrun for aerotrack_travel_catalogo_vuelos to 2026-07-09 00:00:00+00:00, run_after=2026-07-10 00:00:00+00:00
[2026-07-09T00:31:45.015-0500] {processor.py:183} INFO - Processing /opt/airflow/dags/dag_generar_catalogo_vuelos.py took 0.651 seconds
[2026-07-09T00:32:15.406-0500] {processor.py:161} INFO - Started process (PID=6588) to work on /opt/airflow/dags/dag_generar_catalogo_vuelos.py
[2026-07-09T00:32:15.408-0500] {processor.py:830} INFO - Processing file /opt/airflow/dags/dag_generar_catalogo_vuelos.py for tasks to queue
[2026-07-09T00:32:15.409-0500] {logging_mixin.py:188} INFO - [2026-07-09T00:32:15.409-0500] {dagbag.py:545} INFO - Filling up the DagBag from /opt/airflow/dags/dag_generar_catalogo_vuelos.py
[2026-07-09T00:32:15.997-0500] {processor.py:840} INFO - DAG(s) 'aerotrack_travel_catalogo_vuelos' retrieved from /opt/airflow/dags/dag_generar_catalogo_vuelos.py
[2026-07-09T00:32:16.023-0500] {logging_mixin.py:188} INFO - [2026-07-09T00:32:16.023-0500] {dag.py:3089} INFO - Sync 1 DAGs
[2026-07-09T00:32:16.039-0500] {logging_mixin.py:188} INFO - [2026-07-09T00:32:16.038-0500] {dag.py:3947} INFO - Setting next_dagrun for aerotrack_travel_catalogo_vuelos to 2026-07-09 00:00:00+00:00, run_after=2026-07-10 00:00:00+00:00
[2026-07-09T00:32:16.053-0500] {processor.py:183} INFO - Processing /opt/airflow/dags/dag_generar_catalogo_vuelos.py took 0.652 seconds
[2026-07-09T00:32:46.492-0500] {processor.py:161} INFO - Started process (PID=6615) to work on /opt/airflow/dags/dag_generar_catalogo_vuelos.py
[2026-07-09T00:32:46.493-0500] {processor.py:830} INFO - Processing file /opt/airflow/dags/dag_generar_catalogo_vuelos.py for tasks to queue
[2026-07-09T00:32:46.494-0500] {logging_mixin.py:188} INFO - [2026-07-09T00:32:46.494-0500] {dagbag.py:545} INFO - Filling up the DagBag from /opt/airflow/dags/dag_generar_catalogo_vuelos.py
[2026-07-09T00:32:47.271-0500] {processor.py:840} INFO - DAG(s) 'aerotrack_travel_catalogo_vuelos' retrieved from /opt/airflow/dags/dag_generar_catalogo_vuelos.py
[2026-07-09T00:32:47.302-0500] {logging_mixin.py:188} INFO - [2026-07-09T00:32:47.301-0500] {dag.py:3089} INFO - Sync 1 DAGs
[2026-07-09T00:32:47.318-0500] {logging_mixin.py:188} INFO - [2026-07-09T00:32:47.318-0500] {dag.py:3947} INFO - Setting next_dagrun for aerotrack_travel_catalogo_vuelos to 2026-07-09 00:00:00+00:00, run_after=2026-07-10 00:00:00+00:00
[2026-07-09T00:32:47.334-0500] {processor.py:183} INFO - Processing /opt/airflow/dags/dag_generar_catalogo_vuelos.py took 0.849 seconds
[2026-07-09T00:33:17.922-0500] {processor.py:161} INFO - Started process (PID=6648) to work on /opt/airflow/dags/dag_generar_catalogo_vuelos.py
[2026-07-09T00:33:17.924-0500] {processor.py:830} INFO - Processing file /opt/airflow/dags/dag_generar_catalogo_vuelos.py for tasks to queue
[2026-07-09T00:33:17.927-0500] {logging_mixin.py:188} INFO - [2026-07-09T00:33:17.927-0500] {dagbag.py:545} INFO - Filling up the DagBag from /opt/airflow/dags/dag_generar_catalogo_vuelos.py
[2026-07-09T00:33:18.596-0500] {processor.py:840} INFO - DAG(s) 'aerotrack_travel_catalogo_vuelos' retrieved from /opt/airflow/dags/dag_generar_catalogo_vuelos.py
[2026-07-09T00:33:18.633-0500] {logging_mixin.py:188} INFO - [2026-07-09T00:33:18.632-0500] {dag.py:3089} INFO - Sync 1 DAGs
[2026-07-09T00:33:18.654-0500] {logging_mixin.py:188} INFO - [2026-07-09T00:33:18.654-0500] {dag.py:3947} INFO - Setting next_dagrun for aerotrack_travel_catalogo_vuelos to 2026-07-09 00:00:00+00:00, run_after=2026-07-10 00:00:00+00:00
[2026-07-09T00:33:18.673-0500] {processor.py:183} INFO - Processing /opt/airflow/dags/dag_generar_catalogo_vuelos.py took 0.762 seconds
[2026-07-09T00:33:49.075-0500] {processor.py:161} INFO - Started process (PID=6674) to work on /opt/airflow/dags/dag_generar_catalogo_vuelos.py
[2026-07-09T00:33:49.076-0500] {processor.py:830} INFO - Processing file /opt/airflow/dags/dag_generar_catalogo_vuelos.py for tasks to queue
[2026-07-09T00:33:49.078-0500] {logging_mixin.py:188} INFO - [2026-07-09T00:33:49.077-0500] {dagbag.py:545} INFO - Filling up the DagBag from /opt/airflow/dags/dag_generar_catalogo_vuelos.py
[2026-07-09T00:33:49.583-0500] {processor.py:840} INFO - DAG(s) 'aerotrack_travel_catalogo_vuelos' retrieved from /opt/airflow/dags/dag_generar_catalogo_vuelos.py
[2026-07-09T00:33:49.603-0500] {logging_mixin.py:188} INFO - [2026-07-09T00:33:49.603-0500] {dag.py:3089} INFO - Sync 1 DAGs
[2026-07-09T00:33:49.616-0500] {logging_mixin.py:188} INFO - [2026-07-09T00:33:49.616-0500] {dag.py:3947} INFO - Setting next_dagrun for aerotrack_travel_catalogo_vuelos to 2026-07-09 00:00:00+00:00, run_after=2026-07-10 00:00:00+00:00
[2026-07-09T00:33:49.627-0500] {processor.py:183} INFO - Processing /opt/airflow/dags/dag_generar_catalogo_vuelos.py took 0.556 seconds
[2026-07-09T00:34:19.964-0500] {processor.py:161} INFO - Started process (PID=6701) to work on /opt/airflow/dags/dag_generar_catalogo_vuelos.py
[2026-07-09T00:34:19.965-0500] {processor.py:830} INFO - Processing file /opt/airflow/dags/dag_generar_catalogo_vuelos.py for tasks to queue
[2026-07-09T00:34:19.966-0500] {logging_mixin.py:188} INFO - [2026-07-09T00:34:19.966-0500] {dagbag.py:545} INFO - Filling up the DagBag from /opt/airflow/dags/dag_generar_catalogo_vuelos.py
[2026-07-09T00:34:20.506-0500] {processor.py:840} INFO - DAG(s) 'aerotrack_travel_catalogo_vuelos' retrieved from /opt/airflow/dags/dag_generar_catalogo_vuelos.py
[2026-07-09T00:34:20.534-0500] {logging_mixin.py:188} INFO - [2026-07-09T00:34:20.533-0500] {dag.py:3089} INFO - Sync 1 DAGs
[2026-07-09T00:34:20.555-0500] {logging_mixin.py:188} INFO - [2026-07-09T00:34:20.554-0500] {dag.py:3947} INFO - Setting next_dagrun for aerotrack_travel_catalogo_vuelos to 2026-07-09 00:00:00+00:00, run_after=2026-07-10 00:00:00+00:00
[2026-07-09T00:34:20.577-0500] {processor.py:183} INFO - Processing /opt/airflow/dags/dag_generar_catalogo_vuelos.py took 0.618 seconds
[2026-07-09T00:34:50.889-0500] {processor.py:161} INFO - Started process (PID=6728) to work on /opt/airflow/dags/dag_generar_catalogo_vuelos.py
[2026-07-09T00:34:50.889-0500] {processor.py:830} INFO - Processing file /opt/airflow/dags/dag_generar_catalogo_vuelos.py for tasks to queue
[2026-07-09T00:34:50.891-0500] {logging_mixin.py:188} INFO - [2026-07-09T00:34:50.890-0500] {dagbag.py:545} INFO - Filling up the DagBag from /opt/airflow/dags/dag_generar_catalogo_vuelos.py
[2026-07-09T00:34:51.366-0500] {processor.py:840} INFO - DAG(s) 'aerotrack_travel_catalogo_vuelos' retrieved from /opt/airflow/dags/dag_generar_catalogo_vuelos.py
[2026-07-09T00:34:51.391-0500] {logging_mixin.py:188} INFO - [2026-07-09T00:34:51.391-0500] {dag.py:3089} INFO - Sync 1 DAGs
[2026-07-09T00:34:51.404-0500] {logging_mixin.py:188} INFO - [2026-07-09T00:34:51.404-0500] {dag.py:3947} INFO - Setting next_dagrun for aerotrack_travel_catalogo_vuelos to 2026-07-09 00:00:00+00:00, run_after=2026-07-10 00:00:00+00:00
[2026-07-09T00:34:51.418-0500] {processor.py:183} INFO - Processing /opt/airflow/dags/dag_generar_catalogo_vuelos.py took 0.534 seconds
[2026-07-09T00:35:21.779-0500] {processor.py:161} INFO - Started process (PID=6755) to work on /opt/airflow/dags/dag_generar_catalogo_vuelos.py
[2026-07-09T00:35:21.780-0500] {processor.py:830} INFO - Processing file /opt/airflow/dags/dag_generar_catalogo_vuelos.py for tasks to queue
[2026-07-09T00:35:21.782-0500] {logging_mixin.py:188} INFO - [2026-07-09T00:35:21.781-0500] {dagbag.py:545} INFO - Filling up the DagBag from /opt/airflow/dags/dag_generar_catalogo_vuelos.py
[2026-07-09T00:35:22.263-0500] {processor.py:840} INFO - DAG(s) 'aerotrack_travel_catalogo_vuelos' retrieved from /opt/airflow/dags/dag_generar_catalogo_vuelos.py
[2026-07-09T00:35:22.284-0500] {logging_mixin.py:188} INFO - [2026-07-09T00:35:22.284-0500] {dag.py:3089} INFO - Sync 1 DAGs
[2026-07-09T00:35:22.297-0500] {logging_mixin.py:188} INFO - [2026-07-09T00:35:22.297-0500] {dag.py:3947} INFO - Setting next_dagrun for aerotrack_travel_catalogo_vuelos to 2026-07-09 00:00:00+00:00, run_after=2026-07-10 00:00:00+00:00
[2026-07-09T00:35:22.310-0500] {processor.py:183} INFO - Processing /opt/airflow/dags/dag_generar_catalogo_vuelos.py took 0.535 seconds
[2026-07-09T00:35:52.740-0500] {processor.py:161} INFO - Started process (PID=6782) to work on /opt/airflow/dags/dag_generar_catalogo_vuelos.py
[2026-07-09T00:35:52.741-0500] {processor.py:830} INFO - Processing file /opt/airflow/dags/dag_generar_catalogo_vuelos.py for tasks to queue
[2026-07-09T00:35:52.742-0500] {logging_mixin.py:188} INFO - [2026-07-09T00:35:52.742-0500] {dagbag.py:545} INFO - Filling up the DagBag from /opt/airflow/dags/dag_generar_catalogo_vuelos.py
[2026-07-09T00:35:53.298-0500] {processor.py:840} INFO - DAG(s) 'aerotrack_travel_catalogo_vuelos' retrieved from /opt/airflow/dags/dag_generar_catalogo_vuelos.py
[2026-07-09T00:35:53.322-0500] {logging_mixin.py:188} INFO - [2026-07-09T00:35:53.322-0500] {dag.py:3089} INFO - Sync 1 DAGs
[2026-07-09T00:35:53.337-0500] {logging_mixin.py:188} INFO - [2026-07-09T00:35:53.337-0500] {dag.py:3947} INFO - Setting next_dagrun for aerotrack_travel_catalogo_vuelos to 2026-07-09 00:00:00+00:00, run_after=2026-07-10 00:00:00+00:00
[2026-07-09T00:35:53.350-0500] {processor.py:183} INFO - Processing /opt/airflow/dags/dag_generar_catalogo_vuelos.py took 0.614 seconds
[2026-07-09T00:36:23.900-0500] {processor.py:161} INFO - Started process (PID=6809) to work on /opt/airflow/dags/dag_generar_catalogo_vuelos.py
[2026-07-09T00:36:23.901-0500] {processor.py:830} INFO - Processing file /opt/airflow/dags/dag_generar_catalogo_vuelos.py for tasks to queue
[2026-07-09T00:36:23.902-0500] {logging_mixin.py:188} INFO - [2026-07-09T00:36:23.902-0500] {dagbag.py:545} INFO - Filling up the DagBag from /opt/airflow/dags/dag_generar_catalogo_vuelos.py
[2026-07-09T00:36:24.478-0500] {processor.py:840} INFO - DAG(s) 'aerotrack_travel_catalogo_vuelos' retrieved from /opt/airflow/dags/dag_generar_catalogo_vuelos.py
[2026-07-09T00:36:24.506-0500] {logging_mixin.py:188} INFO - [2026-07-09T00:36:24.505-0500] {dag.py:3089} INFO - Sync 1 DAGs
[2026-07-09T00:36:24.522-0500] {logging_mixin.py:188} INFO - [2026-07-09T00:36:24.522-0500] {dag.py:3947} INFO - Setting next_dagrun for aerotrack_travel_catalogo_vuelos to 2026-07-09 00:00:00+00:00, run_after=2026-07-10 00:00:00+00:00
[2026-07-09T00:36:24.536-0500] {processor.py:183} INFO - Processing /opt/airflow/dags/dag_generar_catalogo_vuelos.py took 0.641 seconds
[2026-07-09T00:36:55.026-0500] {processor.py:161} INFO - Started process (PID=6836) to work on /opt/airflow/dags/dag_generar_catalogo_vuelos.py
[2026-07-09T00:36:55.027-0500] {processor.py:830} INFO - Processing file /opt/airflow/dags/dag_generar_catalogo_vuelos.py for tasks to queue
[2026-07-09T00:36:55.029-0500] {logging_mixin.py:188} INFO - [2026-07-09T00:36:55.028-0500] {dagbag.py:545} INFO - Filling up the DagBag from /opt/airflow/dags/dag_generar_catalogo_vuelos.py
[2026-07-09T00:36:55.511-0500] {processor.py:840} INFO - DAG(s) 'aerotrack_travel_catalogo_vuelos' retrieved from /opt/airflow/dags/dag_generar_catalogo_vuelos.py
[2026-07-09T00:36:55.536-0500] {logging_mixin.py:188} INFO - [2026-07-09T00:36:55.536-0500] {dag.py:3089} INFO - Sync 1 DAGs
[2026-07-09T00:36:55.549-0500] {logging_mixin.py:188} INFO - [2026-07-09T00:36:55.549-0500] {dag.py:3947} INFO - Setting next_dagrun for aerotrack_travel_catalogo_vuelos to 2026-07-09 00:00:00+00:00, run_after=2026-07-10 00:00:00+00:00
[2026-07-09T00:36:55.562-0500] {processor.py:183} INFO - Processing /opt/airflow/dags/dag_generar_catalogo_vuelos.py took 0.541 seconds
[2026-07-09T00:37:26.088-0500] {processor.py:161} INFO - Started process (PID=6863) to work on /opt/airflow/dags/dag_generar_catalogo_vuelos.py
[2026-07-09T00:37:26.089-0500] {processor.py:830} INFO - Processing file /opt/airflow/dags/dag_generar_catalogo_vuelos.py for tasks to queue
[2026-07-09T00:37:26.091-0500] {logging_mixin.py:188} INFO - [2026-07-09T00:37:26.091-0500] {dagbag.py:545} INFO - Filling up the DagBag from /opt/airflow/dags/dag_generar_catalogo_vuelos.py
[2026-07-09T00:37:26.583-0500] {processor.py:840} INFO - DAG(s) 'aerotrack_travel_catalogo_vuelos' retrieved from /opt/airflow/dags/dag_generar_catalogo_vuelos.py
[2026-07-09T00:37:26.606-0500] {logging_mixin.py:188} INFO - [2026-07-09T00:37:26.606-0500] {dag.py:3089} INFO - Sync 1 DAGs
[2026-07-09T00:37:26.619-0500] {logging_mixin.py:188} INFO - [2026-07-09T00:37:26.619-0500] {dag.py:3947} INFO - Setting next_dagrun for aerotrack_travel_catalogo_vuelos to 2026-07-09 00:00:00+00:00, run_after=2026-07-10 00:00:00+00:00
[2026-07-09T00:37:26.631-0500] {processor.py:183} INFO - Processing /opt/airflow/dags/dag_generar_catalogo_vuelos.py took 0.548 seconds
[2026-07-09T00:37:57.062-0500] {processor.py:161} INFO - Started process (PID=6890) to work on /opt/airflow/dags/dag_generar_catalogo_vuelos.py
[2026-07-09T00:37:57.063-0500] {processor.py:830} INFO - Processing file /opt/airflow/dags/dag_generar_catalogo_vuelos.py for tasks to queue
[2026-07-09T00:37:57.064-0500] {logging_mixin.py:188} INFO - [2026-07-09T00:37:57.064-0500] {dagbag.py:545} INFO - Filling up the DagBag from /opt/airflow/dags/dag_generar_catalogo_vuelos.py
[2026-07-09T00:37:57.558-0500] {processor.py:840} INFO - DAG(s) 'aerotrack_travel_catalogo_vuelos' retrieved from /opt/airflow/dags/dag_generar_catalogo_vuelos.py
[2026-07-09T00:37:57.581-0500] {logging_mixin.py:188} INFO - [2026-07-09T00:37:57.581-0500] {dag.py:3089} INFO - Sync 1 DAGs
[2026-07-09T00:37:57.594-0500] {logging_mixin.py:188} INFO - [2026-07-09T00:37:57.594-0500] {dag.py:3947} INFO - Setting next_dagrun for aerotrack_travel_catalogo_vuelos to 2026-07-09 00:00:00+00:00, run_after=2026-07-10 00:00:00+00:00
[2026-07-09T00:37:57.607-0500] {processor.py:183} INFO - Processing /opt/airflow/dags/dag_generar_catalogo_vuelos.py took 0.550 seconds
[2026-07-09T00:38:27.908-0500] {processor.py:161} INFO - Started process (PID=6917) to work on /opt/airflow/dags/dag_generar_catalogo_vuelos.py
[2026-07-09T00:38:27.909-0500] {processor.py:830} INFO - Processing file /opt/airflow/dags/dag_generar_catalogo_vuelos.py for tasks to queue
[2026-07-09T00:38:27.910-0500] {logging_mixin.py:188} INFO - [2026-07-09T00:38:27.910-0500] {dagbag.py:545} INFO - Filling up the DagBag from /opt/airflow/dags/dag_generar_catalogo_vuelos.py
[2026-07-09T00:38:28.424-0500] {processor.py:840} INFO - DAG(s) 'aerotrack_travel_catalogo_vuelos' retrieved from /opt/airflow/dags/dag_generar_catalogo_vuelos.py
[2026-07-09T00:38:28.449-0500] {logging_mixin.py:188} INFO - [2026-07-09T00:38:28.449-0500] {dag.py:3089} INFO - Sync 1 DAGs
[2026-07-09T00:38:28.464-0500] {logging_mixin.py:188} INFO - [2026-07-09T00:38:28.463-0500] {dag.py:3947} INFO - Setting next_dagrun for aerotrack_travel_catalogo_vuelos to 2026-07-09 00:00:00+00:00, run_after=2026-07-10 00:00:00+00:00
[2026-07-09T00:38:28.477-0500] {processor.py:183} INFO - Processing /opt/airflow/dags/dag_generar_catalogo_vuelos.py took 0.574 seconds
[2026-07-09T00:38:58.783-0500] {processor.py:161} INFO - Started process (PID=6944) to work on /opt/airflow/dags/dag_generar_catalogo_vuelos.py
[2026-07-09T00:38:58.784-0500] {processor.py:830} INFO - Processing file /opt/airflow/dags/dag_generar_catalogo_vuelos.py for tasks to queue
[2026-07-09T00:38:58.785-0500] {logging_mixin.py:188} INFO - [2026-07-09T00:38:58.785-0500] {dagbag.py:545} INFO - Filling up the DagBag from /opt/airflow/dags/dag_generar_catalogo_vuelos.py
[2026-07-09T00:38:59.314-0500] {processor.py:840} INFO - DAG(s) 'aerotrack_travel_catalogo_vuelos' retrieved from /opt/airflow/dags/dag_generar_catalogo_vuelos.py
[2026-07-09T00:38:59.343-0500] {logging_mixin.py:188} INFO - [2026-07-09T00:38:59.343-0500] {dag.py:3089} INFO - Sync 1 DAGs
[2026-07-09T00:38:59.356-0500] {logging_mixin.py:188} INFO - [2026-07-09T00:38:59.356-0500] {dag.py:3947} INFO - Setting next_dagrun for aerotrack_travel_catalogo_vuelos to 2026-07-09 00:00:00+00:00, run_after=2026-07-10 00:00:00+00:00
[2026-07-09T00:38:59.373-0500] {processor.py:183} INFO - Processing /opt/airflow/dags/dag_generar_catalogo_vuelos.py took 0.594 seconds
[2026-07-09T00:39:29.656-0500] {processor.py:161} INFO - Started process (PID=6971) to work on /opt/airflow/dags/dag_generar_catalogo_vuelos.py
[2026-07-09T00:39:29.657-0500] {processor.py:830} INFO - Processing file /opt/airflow/dags/dag_generar_catalogo_vuelos.py for tasks to queue
[2026-07-09T00:39:29.659-0500] {logging_mixin.py:188} INFO - [2026-07-09T00:39:29.659-0500] {dagbag.py:545} INFO - Filling up the DagBag from /opt/airflow/dags/dag_generar_catalogo_vuelos.py
[2026-07-09T00:39:30.193-0500] {processor.py:840} INFO - DAG(s) 'aerotrack_travel_catalogo_vuelos' retrieved from /opt/airflow/dags/dag_generar_catalogo_vuelos.py
[2026-07-09T00:39:30.214-0500] {logging_mixin.py:188} INFO - [2026-07-09T00:39:30.213-0500] {dag.py:3089} INFO - Sync 1 DAGs
[2026-07-09T00:39:30.226-0500] {logging_mixin.py:188} INFO - [2026-07-09T00:39:30.226-0500] {dag.py:3947} INFO - Setting next_dagrun for aerotrack_travel_catalogo_vuelos to 2026-07-09 00:00:00+00:00, run_after=2026-07-10 00:00:00+00:00
[2026-07-09T00:39:30.241-0500] {processor.py:183} INFO - Processing /opt/airflow/dags/dag_generar_catalogo_vuelos.py took 0.589 seconds
[2026-07-09T00:40:00.571-0500] {processor.py:161} INFO - Started process (PID=6998) to work on /opt/airflow/dags/dag_generar_catalogo_vuelos.py
[2026-07-09T00:40:00.572-0500] {processor.py:830} INFO - Processing file /opt/airflow/dags/dag_generar_catalogo_vuelos.py for tasks to queue
[2026-07-09T00:40:00.574-0500] {logging_mixin.py:188} INFO - [2026-07-09T00:40:00.573-0500] {dagbag.py:545} INFO - Filling up the DagBag from /opt/airflow/dags/dag_generar_catalogo_vuelos.py
[2026-07-09T00:40:01.065-0500] {processor.py:840} INFO - DAG(s) 'aerotrack_travel_catalogo_vuelos' retrieved from /opt/airflow/dags/dag_generar_catalogo_vuelos.py
[2026-07-09T00:40:01.086-0500] {logging_mixin.py:188} INFO - [2026-07-09T00:40:01.086-0500] {dag.py:3089} INFO - Sync 1 DAGs
[2026-07-09T00:40:01.100-0500] {logging_mixin.py:188} INFO - [2026-07-09T00:40:01.099-0500] {dag.py:3947} INFO - Setting next_dagrun for aerotrack_travel_catalogo_vuelos to 2026-07-09 00:00:00+00:00, run_after=2026-07-10 00:00:00+00:00
[2026-07-09T00:40:01.114-0500] {processor.py:183} INFO - Processing /opt/airflow/dags/dag_generar_catalogo_vuelos.py took 0.547 seconds
[2026-07-09T00:40:31.508-0500] {processor.py:161} INFO - Started process (PID=7025) to work on /opt/airflow/dags/dag_generar_catalogo_vuelos.py
[2026-07-09T00:40:31.509-0500] {processor.py:830} INFO - Processing file /opt/airflow/dags/dag_generar_catalogo_vuelos.py for tasks to queue
[2026-07-09T00:40:31.511-0500] {logging_mixin.py:188} INFO - [2026-07-09T00:40:31.510-0500] {dagbag.py:545} INFO - Filling up the DagBag from /opt/airflow/dags/dag_generar_catalogo_vuelos.py
[2026-07-09T00:40:31.878-0500] {processor.py:840} INFO - DAG(s) 'aerotrack_travel_catalogo_vuelos' retrieved from /opt/airflow/dags/dag_generar_catalogo_vuelos.py
[2026-07-09T00:40:31.903-0500] {logging_mixin.py:188} INFO - [2026-07-09T00:40:31.903-0500] {dag.py:3089} INFO - Sync 1 DAGs
[2026-07-09T00:40:31.918-0500] {logging_mixin.py:188} INFO - [2026-07-09T00:40:31.918-0500] {dag.py:3947} INFO - Setting next_dagrun for aerotrack_travel_catalogo_vuelos to 2026-07-09 00:00:00+00:00, run_after=2026-07-10 00:00:00+00:00
[2026-07-09T00:40:31.932-0500] {processor.py:183} INFO - Processing /opt/airflow/dags/dag_generar_catalogo_vuelos.py took 0.428 seconds
[2026-07-09T00:41:02.276-0500] {processor.py:161} INFO - Started process (PID=7052) to work on /opt/airflow/dags/dag_generar_catalogo_vuelos.py
[2026-07-09T00:41:02.277-0500] {processor.py:830} INFO - Processing file /opt/airflow/dags/dag_generar_catalogo_vuelos.py for tasks to queue
[2026-07-09T00:41:02.278-0500] {logging_mixin.py:188} INFO - [2026-07-09T00:41:02.278-0500] {dagbag.py:545} INFO - Filling up the DagBag from /opt/airflow/dags/dag_generar_catalogo_vuelos.py
[2026-07-09T00:41:02.647-0500] {processor.py:840} INFO - DAG(s) 'aerotrack_travel_catalogo_vuelos' retrieved from /opt/airflow/dags/dag_generar_catalogo_vuelos.py
[2026-07-09T00:41:02.676-0500] {logging_mixin.py:188} INFO - [2026-07-09T00:41:02.676-0500] {dag.py:3089} INFO - Sync 1 DAGs
[2026-07-09T00:41:02.694-0500] {logging_mixin.py:188} INFO - [2026-07-09T00:41:02.694-0500] {dag.py:3947} INFO - Setting next_dagrun for aerotrack_travel_catalogo_vuelos to 2026-07-09 00:00:00+00:00, run_after=2026-07-10 00:00:00+00:00
[2026-07-09T00:41:02.708-0500] {processor.py:183} INFO - Processing /opt/airflow/dags/dag_generar_catalogo_vuelos.py took 0.437 seconds
[2026-07-09T00:41:33.114-0500] {processor.py:161} INFO - Started process (PID=7079) to work on /opt/airflow/dags/dag_generar_catalogo_vuelos.py
[2026-07-09T00:41:33.115-0500] {processor.py:830} INFO - Processing file /opt/airflow/dags/dag_generar_catalogo_vuelos.py for tasks to queue
[2026-07-09T00:41:33.116-0500] {logging_mixin.py:188} INFO - [2026-07-09T00:41:33.116-0500] {dagbag.py:545} INFO - Filling up the DagBag from /opt/airflow/dags/dag_generar_catalogo_vuelos.py
[2026-07-09T00:41:33.550-0500] {processor.py:840} INFO - DAG(s) 'aerotrack_travel_catalogo_vuelos' retrieved from /opt/airflow/dags/dag_generar_catalogo_vuelos.py
[2026-07-09T00:41:33.582-0500] {logging_mixin.py:188} INFO - [2026-07-09T00:41:33.582-0500] {dag.py:3089} INFO - Sync 1 DAGs
[2026-07-09T00:41:33.601-0500] {logging_mixin.py:188} INFO - [2026-07-09T00:41:33.601-0500] {dag.py:3947} INFO - Setting next_dagrun for aerotrack_travel_catalogo_vuelos to 2026-07-09 00:00:00+00:00, run_after=2026-07-10 00:00:00+00:00
[2026-07-09T00:41:33.617-0500] {processor.py:183} INFO - Processing /opt/airflow/dags/dag_generar_catalogo_vuelos.py took 0.508 seconds
[2026-07-09T00:42:03.908-0500] {processor.py:161} INFO - Started process (PID=7106) to work on /opt/airflow/dags/dag_generar_catalogo_vuelos.py
[2026-07-09T00:42:03.909-0500] {processor.py:830} INFO - Processing file /opt/airflow/dags/dag_generar_catalogo_vuelos.py for tasks to queue
[2026-07-09T00:42:03.910-0500] {logging_mixin.py:188} INFO - [2026-07-09T00:42:03.910-0500] {dagbag.py:545} INFO - Filling up the DagBag from /opt/airflow/dags/dag_generar_catalogo_vuelos.py
[2026-07-09T00:42:04.314-0500] {processor.py:840} INFO - DAG(s) 'aerotrack_travel_catalogo_vuelos' retrieved from /opt/airflow/dags/dag_generar_catalogo_vuelos.py
[2026-07-09T00:42:04.345-0500] {logging_mixin.py:188} INFO - [2026-07-09T00:42:04.345-0500] {dag.py:3089} INFO - Sync 1 DAGs
[2026-07-09T00:42:04.363-0500] {logging_mixin.py:188} INFO - [2026-07-09T00:42:04.363-0500] {dag.py:3947} INFO - Setting next_dagrun for aerotrack_travel_catalogo_vuelos to 2026-07-09 00:00:00+00:00, run_after=2026-07-10 00:00:00+00:00
[2026-07-09T00:42:04.378-0500] {processor.py:183} INFO - Processing /opt/airflow/dags/dag_generar_catalogo_vuelos.py took 0.475 seconds
[2026-07-09T00:42:34.788-0500] {processor.py:161} INFO - Started process (PID=7133) to work on /opt/airflow/dags/dag_generar_catalogo_vuelos.py
[2026-07-09T00:42:34.789-0500] {processor.py:830} INFO - Processing file /opt/airflow/dags/dag_generar_catalogo_vuelos.py for tasks to queue
[2026-07-09T00:42:34.790-0500] {logging_mixin.py:188} INFO - [2026-07-09T00:42:34.790-0500] {dagbag.py:545} INFO - Filling up the DagBag from /opt/airflow/dags/dag_generar_catalogo_vuelos.py
[2026-07-09T00:42:35.184-0500] {processor.py:840} INFO - DAG(s) 'aerotrack_travel_catalogo_vuelos' retrieved from /opt/airflow/dags/dag_generar_catalogo_vuelos.py
[2026-07-09T00:42:35.213-0500] {logging_mixin.py:188} INFO - [2026-07-09T00:42:35.213-0500] {dag.py:3089} INFO - Sync 1 DAGs
[2026-07-09T00:42:35.231-0500] {logging_mixin.py:188} INFO - [2026-07-09T00:42:35.230-0500] {dag.py:3947} INFO - Setting next_dagrun for aerotrack_travel_catalogo_vuelos to 2026-07-09 00:00:00+00:00, run_after=2026-07-10 00:00:00+00:00
[2026-07-09T00:42:35.244-0500] {processor.py:183} INFO - Processing /opt/airflow/dags/dag_generar_catalogo_vuelos.py took 0.460 seconds
[2026-07-09T00:43:05.551-0500] {processor.py:161} INFO - Started process (PID=7160) to work on /opt/airflow/dags/dag_generar_catalogo_vuelos.py
[2026-07-09T00:43:05.552-0500] {processor.py:830} INFO - Processing file /opt/airflow/dags/dag_generar_catalogo_vuelos.py for tasks to queue
[2026-07-09T00:43:05.554-0500] {logging_mixin.py:188} INFO - [2026-07-09T00:43:05.553-0500] {dagbag.py:545} INFO - Filling up the DagBag from /opt/airflow/dags/dag_generar_catalogo_vuelos.py
[2026-07-09T00:43:05.959-0500] {processor.py:840} INFO - DAG(s) 'aerotrack_travel_catalogo_vuelos' retrieved from /opt/airflow/dags/dag_generar_catalogo_vuelos.py
[2026-07-09T00:43:05.991-0500] {logging_mixin.py:188} INFO - [2026-07-09T00:43:05.991-0500] {dag.py:3089} INFO - Sync 1 DAGs
[2026-07-09T00:43:06.009-0500] {logging_mixin.py:188} INFO - [2026-07-09T00:43:06.009-0500] {dag.py:3947} INFO - Setting next_dagrun for aerotrack_travel_catalogo_vuelos to 2026-07-09 00:00:00+00:00, run_after=2026-07-10 00:00:00+00:00
[2026-07-09T00:43:06.022-0500] {processor.py:183} INFO - Processing /opt/airflow/dags/dag_generar_catalogo_vuelos.py took 0.475 seconds
[2026-07-09T00:43:36.330-0500] {processor.py:161} INFO - Started process (PID=7187) to work on /opt/airflow/dags/dag_generar_catalogo_vuelos.py
[2026-07-09T00:43:36.330-0500] {processor.py:830} INFO - Processing file /opt/airflow/dags/dag_generar_catalogo_vuelos.py for tasks to queue
[2026-07-09T00:43:36.332-0500] {logging_mixin.py:188} INFO - [2026-07-09T00:43:36.332-0500] {dagbag.py:545} INFO - Filling up the DagBag from /opt/airflow/dags/dag_generar_catalogo_vuelos.py
[2026-07-09T00:43:36.730-0500] {processor.py:840} INFO - DAG(s) 'aerotrack_travel_catalogo_vuelos' retrieved from /opt/airflow/dags/dag_generar_catalogo_vuelos.py
[2026-07-09T00:43:36.760-0500] {logging_mixin.py:188} INFO - [2026-07-09T00:43:36.759-0500] {dag.py:3089} INFO - Sync 1 DAGs
[2026-07-09T00:43:36.777-0500] {logging_mixin.py:188} INFO - [2026-07-09T00:43:36.777-0500] {dag.py:3947} INFO - Setting next_dagrun for aerotrack_travel_catalogo_vuelos to 2026-07-09 00:00:00+00:00, run_after=2026-07-10 00:00:00+00:00
[2026-07-09T00:43:36.791-0500] {processor.py:183} INFO - Processing /opt/airflow/dags/dag_generar_catalogo_vuelos.py took 0.466 seconds
[2026-07-09T00:44:07.148-0500] {processor.py:161} INFO - Started process (PID=7214) to work on /opt/airflow/dags/dag_generar_catalogo_vuelos.py
[2026-07-09T00:44:07.149-0500] {processor.py:830} INFO - Processing file /opt/airflow/dags/dag_generar_catalogo_vuelos.py for tasks to queue
[2026-07-09T00:44:07.151-0500] {logging_mixin.py:188} INFO - [2026-07-09T00:44:07.150-0500] {dagbag.py:545} INFO - Filling up the DagBag from /opt/airflow/dags/dag_generar_catalogo_vuelos.py
[2026-07-09T00:44:07.618-0500] {processor.py:840} INFO - DAG(s) 'aerotrack_travel_catalogo_vuelos' retrieved from /opt/airflow/dags/dag_generar_catalogo_vuelos.py
[2026-07-09T00:44:07.650-0500] {logging_mixin.py:188} INFO - [2026-07-09T00:44:07.650-0500] {dag.py:3089} INFO - Sync 1 DAGs
[2026-07-09T00:44:07.667-0500] {logging_mixin.py:188} INFO - [2026-07-09T00:44:07.667-0500] {dag.py:3947} INFO - Setting next_dagrun for aerotrack_travel_catalogo_vuelos to 2026-07-09 00:00:00+00:00, run_after=2026-07-10 00:00:00+00:00
[2026-07-09T00:44:07.682-0500] {processor.py:183} INFO - Processing /opt/airflow/dags/dag_generar_catalogo_vuelos.py took 0.539 seconds
[2026-07-09T00:44:38.004-0500] {processor.py:161} INFO - Started process (PID=7241) to work on /opt/airflow/dags/dag_generar_catalogo_vuelos.py
[2026-07-09T00:44:38.006-0500] {processor.py:830} INFO - Processing file /opt/airflow/dags/dag_generar_catalogo_vuelos.py for tasks to queue
[2026-07-09T00:44:38.007-0500] {logging_mixin.py:188} INFO - [2026-07-09T00:44:38.007-0500] {dagbag.py:545} INFO - Filling up the DagBag from /opt/airflow/dags/dag_generar_catalogo_vuelos.py
[2026-07-09T00:44:38.437-0500] {processor.py:840} INFO - DAG(s) 'aerotrack_travel_catalogo_vuelos' retrieved from /opt/airflow/dags/dag_generar_catalogo_vuelos.py
[2026-07-09T00:44:38.468-0500] {logging_mixin.py:188} INFO - [2026-07-09T00:44:38.468-0500] {dag.py:3089} INFO - Sync 1 DAGs
[2026-07-09T00:44:38.486-0500] {logging_mixin.py:188} INFO - [2026-07-09T00:44:38.486-0500] {dag.py:3947} INFO - Setting next_dagrun for aerotrack_travel_catalogo_vuelos to 2026-07-09 00:00:00+00:00, run_after=2026-07-10 00:00:00+00:00
[2026-07-09T00:44:38.501-0500] {processor.py:183} INFO - Processing /opt/airflow/dags/dag_generar_catalogo_vuelos.py took 0.502 seconds
[2026-07-09T00:45:08.816-0500] {processor.py:161} INFO - Started process (PID=7268) to work on /opt/airflow/dags/dag_generar_catalogo_vuelos.py
[2026-07-09T00:45:08.817-0500] {processor.py:830} INFO - Processing file /opt/airflow/dags/dag_generar_catalogo_vuelos.py for tasks to queue
[2026-07-09T00:45:08.818-0500] {logging_mixin.py:188} INFO - [2026-07-09T00:45:08.818-0500] {dagbag.py:545} INFO - Filling up the DagBag from /opt/airflow/dags/dag_generar_catalogo_vuelos.py
[2026-07-09T00:45:09.232-0500] {processor.py:840} INFO - DAG(s) 'aerotrack_travel_catalogo_vuelos' retrieved from /opt/airflow/dags/dag_generar_catalogo_vuelos.py
[2026-07-09T00:45:09.263-0500] {logging_mixin.py:188} INFO - [2026-07-09T00:45:09.263-0500] {dag.py:3089} INFO - Sync 1 DAGs
[2026-07-09T00:45:09.281-0500] {logging_mixin.py:188} INFO - [2026-07-09T00:45:09.281-0500] {dag.py:3947} INFO - Setting next_dagrun for aerotrack_travel_catalogo_vuelos to 2026-07-09 00:00:00+00:00, run_after=2026-07-10 00:00:00+00:00
[2026-07-09T00:45:09.295-0500] {processor.py:183} INFO - Processing /opt/airflow/dags/dag_generar_catalogo_vuelos.py took 0.484 seconds
[2026-07-09T00:45:39.736-0500] {processor.py:161} INFO - Started process (PID=7295) to work on /opt/airflow/dags/dag_generar_catalogo_vuelos.py
[2026-07-09T00:45:39.737-0500] {processor.py:830} INFO - Processing file /opt/airflow/dags/dag_generar_catalogo_vuelos.py for tasks to queue
[2026-07-09T00:45:39.739-0500] {logging_mixin.py:188} INFO - [2026-07-09T00:45:39.738-0500] {dagbag.py:545} INFO - Filling up the DagBag from /opt/airflow/dags/dag_generar_catalogo_vuelos.py
[2026-07-09T00:45:40.136-0500] {processor.py:840} INFO - DAG(s) 'aerotrack_travel_catalogo_vuelos' retrieved from /opt/airflow/dags/dag_generar_catalogo_vuelos.py
[2026-07-09T00:45:40.167-0500] {logging_mixin.py:188} INFO - [2026-07-09T00:45:40.167-0500] {dag.py:3089} INFO - Sync 1 DAGs
[2026-07-09T00:45:40.184-0500] {logging_mixin.py:188} INFO - [2026-07-09T00:45:40.184-0500] {dag.py:3947} INFO - Setting next_dagrun for aerotrack_travel_catalogo_vuelos to 2026-07-09 00:00:00+00:00, run_after=2026-07-10 00:00:00+00:00
[2026-07-09T00:45:40.198-0500] {processor.py:183} INFO - Processing /opt/airflow/dags/dag_generar_catalogo_vuelos.py took 0.466 seconds
[2026-07-09T00:46:10.524-0500] {processor.py:161} INFO - Started process (PID=7322) to work on /opt/airflow/dags/dag_generar_catalogo_vuelos.py
[2026-07-09T00:46:10.525-0500] {processor.py:830} INFO - Processing file /opt/airflow/dags/dag_generar_catalogo_vuelos.py for tasks to queue
[2026-07-09T00:46:10.526-0500] {logging_mixin.py:188} INFO - [2026-07-09T00:46:10.526-0500] {dagbag.py:545} INFO - Filling up the DagBag from /opt/airflow/dags/dag_generar_catalogo_vuelos.py
[2026-07-09T00:46:10.894-0500] {processor.py:840} INFO - DAG(s) 'aerotrack_travel_catalogo_vuelos' retrieved from /opt/airflow/dags/dag_generar_catalogo_vuelos.py
[2026-07-09T00:46:10.923-0500] {logging_mixin.py:188} INFO - [2026-07-09T00:46:10.922-0500] {dag.py:3089} INFO - Sync 1 DAGs
[2026-07-09T00:46:10.941-0500] {logging_mixin.py:188} INFO - [2026-07-09T00:46:10.941-0500] {dag.py:3947} INFO - Setting next_dagrun for aerotrack_travel_catalogo_vuelos to 2026-07-09 00:00:00+00:00, run_after=2026-07-10 00:00:00+00:00
[2026-07-09T00:46:10.955-0500] {processor.py:183} INFO - Processing /opt/airflow/dags/dag_generar_catalogo_vuelos.py took 0.435 seconds
[2026-07-09T00:46:41.452-0500] {processor.py:161} INFO - Started process (PID=7349) to work on /opt/airflow/dags/dag_generar_catalogo_vuelos.py
[2026-07-09T00:46:41.453-0500] {processor.py:830} INFO - Processing file /opt/airflow/dags/dag_generar_catalogo_vuelos.py for tasks to queue
[2026-07-09T00:46:41.455-0500] {logging_mixin.py:188} INFO - [2026-07-09T00:46:41.454-0500] {dagbag.py:545} INFO - Filling up the DagBag from /opt/airflow/dags/dag_generar_catalogo_vuelos.py
[2026-07-09T00:46:41.852-0500] {processor.py:840} INFO - DAG(s) 'aerotrack_travel_catalogo_vuelos' retrieved from /opt/airflow/dags/dag_generar_catalogo_vuelos.py
[2026-07-09T00:46:41.885-0500] {logging_mixin.py:188} INFO - [2026-07-09T00:46:41.885-0500] {dag.py:3089} INFO - Sync 1 DAGs
[2026-07-09T00:46:41.905-0500] {logging_mixin.py:188} INFO - [2026-07-09T00:46:41.905-0500] {dag.py:3947} INFO - Setting next_dagrun for aerotrack_travel_catalogo_vuelos to 2026-07-09 00:00:00+00:00, run_after=2026-07-10 00:00:00+00:00
[2026-07-09T00:46:41.922-0500] {processor.py:183} INFO - Processing /opt/airflow/dags/dag_generar_catalogo_vuelos.py took 0.476 seconds
[2026-07-09T00:47:12.256-0500] {processor.py:161} INFO - Started process (PID=7376) to work on /opt/airflow/dags/dag_generar_catalogo_vuelos.py
[2026-07-09T00:47:12.257-0500] {processor.py:830} INFO - Processing file /opt/airflow/dags/dag_generar_catalogo_vuelos.py for tasks to queue
[2026-07-09T00:47:12.258-0500] {logging_mixin.py:188} INFO - [2026-07-09T00:47:12.258-0500] {dagbag.py:545} INFO - Filling up the DagBag from /opt/airflow/dags/dag_generar_catalogo_vuelos.py
[2026-07-09T00:47:12.664-0500] {processor.py:840} INFO - DAG(s) 'aerotrack_travel_catalogo_vuelos' retrieved from /opt/airflow/dags/dag_generar_catalogo_vuelos.py
[2026-07-09T00:47:12.692-0500] {logging_mixin.py:188} INFO - [2026-07-09T00:47:12.692-0500] {dag.py:3089} INFO - Sync 1 DAGs
[2026-07-09T00:47:12.711-0500] {logging_mixin.py:188} INFO - [2026-07-09T00:47:12.711-0500] {dag.py:3947} INFO - Setting next_dagrun for aerotrack_travel_catalogo_vuelos to 2026-07-09 00:00:00+00:00, run_after=2026-07-10 00:00:00+00:00
[2026-07-09T00:47:12.726-0500] {processor.py:183} INFO - Processing /opt/airflow/dags/dag_generar_catalogo_vuelos.py took 0.474 seconds
[2026-07-09T00:47:43.057-0500] {processor.py:161} INFO - Started process (PID=7403) to work on /opt/airflow/dags/dag_generar_catalogo_vuelos.py
[2026-07-09T00:47:43.058-0500] {processor.py:830} INFO - Processing file /opt/airflow/dags/dag_generar_catalogo_vuelos.py for tasks to queue
[2026-07-09T00:47:43.059-0500] {logging_mixin.py:188} INFO - [2026-07-09T00:47:43.059-0500] {dagbag.py:545} INFO - Filling up the DagBag from /opt/airflow/dags/dag_generar_catalogo_vuelos.py
[2026-07-09T00:47:43.476-0500] {processor.py:840} INFO - DAG(s) 'aerotrack_travel_catalogo_vuelos' retrieved from /opt/airflow/dags/dag_generar_catalogo_vuelos.py
[2026-07-09T00:47:43.508-0500] {logging_mixin.py:188} INFO - [2026-07-09T00:47:43.508-0500] {dag.py:3089} INFO - Sync 1 DAGs
[2026-07-09T00:47:43.527-0500] {logging_mixin.py:188} INFO - [2026-07-09T00:47:43.527-0500] {dag.py:3947} INFO - Setting next_dagrun for aerotrack_travel_catalogo_vuelos to 2026-07-09 00:00:00+00:00, run_after=2026-07-10 00:00:00+00:00
[2026-07-09T00:47:43.541-0500] {processor.py:183} INFO - Processing /opt/airflow/dags/dag_generar_catalogo_vuelos.py took 0.488 seconds
[2026-07-09T00:48:14.066-0500] {processor.py:161} INFO - Started process (PID=7430) to work on /opt/airflow/dags/dag_generar_catalogo_vuelos.py
[2026-07-09T00:48:14.066-0500] {processor.py:830} INFO - Processing file /opt/airflow/dags/dag_generar_catalogo_vuelos.py for tasks to queue
[2026-07-09T00:48:14.068-0500] {logging_mixin.py:188} INFO - [2026-07-09T00:48:14.068-0500] {dagbag.py:545} INFO - Filling up the DagBag from /opt/airflow/dags/dag_generar_catalogo_vuelos.py
[2026-07-09T00:48:14.494-0500] {processor.py:840} INFO - DAG(s) 'aerotrack_travel_catalogo_vuelos' retrieved from /opt/airflow/dags/dag_generar_catalogo_vuelos.py
[2026-07-09T00:48:14.523-0500] {logging_mixin.py:188} INFO - [2026-07-09T00:48:14.522-0500] {dag.py:3089} INFO - Sync 1 DAGs
[2026-07-09T00:48:14.542-0500] {logging_mixin.py:188} INFO - [2026-07-09T00:48:14.541-0500] {dag.py:3947} INFO - Setting next_dagrun for aerotrack_travel_catalogo_vuelos to 2026-07-09 00:00:00+00:00, run_after=2026-07-10 00:00:00+00:00
[2026-07-09T00:48:14.560-0500] {processor.py:183} INFO - Processing /opt/airflow/dags/dag_generar_catalogo_vuelos.py took 0.501 seconds
[2026-07-09T00:48:44.886-0500] {processor.py:161} INFO - Started process (PID=7457) to work on /opt/airflow/dags/dag_generar_catalogo_vuelos.py
[2026-07-09T00:48:44.887-0500] {processor.py:830} INFO - Processing file /opt/airflow/dags/dag_generar_catalogo_vuelos.py for tasks to queue
[2026-07-09T00:48:44.888-0500] {logging_mixin.py:188} INFO - [2026-07-09T00:48:44.888-0500] {dagbag.py:545} INFO - Filling up the DagBag from /opt/airflow/dags/dag_generar_catalogo_vuelos.py
[2026-07-09T00:48:45.298-0500] {processor.py:840} INFO - DAG(s) 'aerotrack_travel_catalogo_vuelos' retrieved from /opt/airflow/dags/dag_generar_catalogo_vuelos.py
[2026-07-09T00:48:45.327-0500] {logging_mixin.py:188} INFO - [2026-07-09T00:48:45.327-0500] {dag.py:3089} INFO - Sync 1 DAGs
[2026-07-09T00:48:45.344-0500] {logging_mixin.py:188} INFO - [2026-07-09T00:48:45.344-0500] {dag.py:3947} INFO - Setting next_dagrun for aerotrack_travel_catalogo_vuelos to 2026-07-09 00:00:00+00:00, run_after=2026-07-10 00:00:00+00:00
[2026-07-09T00:48:45.357-0500] {processor.py:183} INFO - Processing /opt/airflow/dags/dag_generar_catalogo_vuelos.py took 0.476 seconds
[2026-07-09T00:49:15.745-0500] {processor.py:161} INFO - Started process (PID=7484) to work on /opt/airflow/dags/dag_generar_catalogo_vuelos.py
[2026-07-09T00:49:15.746-0500] {processor.py:830} INFO - Processing file /opt/airflow/dags/dag_generar_catalogo_vuelos.py for tasks to queue
[2026-07-09T00:49:15.748-0500] {logging_mixin.py:188} INFO - [2026-07-09T00:49:15.748-0500] {dagbag.py:545} INFO - Filling up the DagBag from /opt/airflow/dags/dag_generar_catalogo_vuelos.py
[2026-07-09T00:49:16.127-0500] {processor.py:840} INFO - DAG(s) 'aerotrack_travel_catalogo_vuelos' retrieved from /opt/airflow/dags/dag_generar_catalogo_vuelos.py
[2026-07-09T00:49:16.157-0500] {logging_mixin.py:188} INFO - [2026-07-09T00:49:16.156-0500] {dag.py:3089} INFO - Sync 1 DAGs
[2026-07-09T00:49:16.174-0500] {logging_mixin.py:188} INFO - [2026-07-09T00:49:16.174-0500] {dag.py:3947} INFO - Setting next_dagrun for aerotrack_travel_catalogo_vuelos to 2026-07-09 00:00:00+00:00, run_after=2026-07-10 00:00:00+00:00
[2026-07-09T00:49:16.189-0500] {processor.py:183} INFO - Processing /opt/airflow/dags/dag_generar_catalogo_vuelos.py took 0.449 seconds
[2026-07-09T00:49:46.596-0500] {processor.py:161} INFO - Started process (PID=7511) to work on /opt/airflow/dags/dag_generar_catalogo_vuelos.py
[2026-07-09T00:49:46.597-0500] {processor.py:830} INFO - Processing file /opt/airflow/dags/dag_generar_catalogo_vuelos.py for tasks to queue
[2026-07-09T00:49:46.598-0500] {logging_mixin.py:188} INFO - [2026-07-09T00:49:46.598-0500] {dagbag.py:545} INFO - Filling up the DagBag from /opt/airflow/dags/dag_generar_catalogo_vuelos.py
[2026-07-09T00:49:46.991-0500] {processor.py:840} INFO - DAG(s) 'aerotrack_travel_catalogo_vuelos' retrieved from /opt/airflow/dags/dag_generar_catalogo_vuelos.py
[2026-07-09T00:49:47.025-0500] {logging_mixin.py:188} INFO - [2026-07-09T00:49:47.025-0500] {dag.py:3089} INFO - Sync 1 DAGs
[2026-07-09T00:49:47.043-0500] {logging_mixin.py:188} INFO - [2026-07-09T00:49:47.042-0500] {dag.py:3947} INFO - Setting next_dagrun for aerotrack_travel_catalogo_vuelos to 2026-07-09 00:00:00+00:00, run_after=2026-07-10 00:00:00+00:00
[2026-07-09T00:49:47.058-0500] {processor.py:183} INFO - Processing /opt/airflow/dags/dag_generar_catalogo_vuelos.py took 0.469 seconds
[2026-07-09T00:50:17.396-0500] {processor.py:161} INFO - Started process (PID=7538) to work on /opt/airflow/dags/dag_generar_catalogo_vuelos.py
[2026-07-09T00:50:17.396-0500] {processor.py:830} INFO - Processing file /opt/airflow/dags/dag_generar_catalogo_vuelos.py for tasks to queue
[2026-07-09T00:50:17.398-0500] {logging_mixin.py:188} INFO - [2026-07-09T00:50:17.398-0500] {dagbag.py:545} INFO - Filling up the DagBag from /opt/airflow/dags/dag_generar_catalogo_vuelos.py
[2026-07-09T00:50:17.824-0500] {processor.py:840} INFO - DAG(s) 'aerotrack_travel_catalogo_vuelos' retrieved from /opt/airflow/dags/dag_generar_catalogo_vuelos.py
[2026-07-09T00:50:17.856-0500] {logging_mixin.py:188} INFO - [2026-07-09T00:50:17.856-0500] {dag.py:3089} INFO - Sync 1 DAGs
[2026-07-09T00:50:17.874-0500] {logging_mixin.py:188} INFO - [2026-07-09T00:50:17.874-0500] {dag.py:3947} INFO - Setting next_dagrun for aerotrack_travel_catalogo_vuelos to 2026-07-09 00:00:00+00:00, run_after=2026-07-10 00:00:00+00:00
[2026-07-09T00:50:17.889-0500] {processor.py:183} INFO - Processing /opt/airflow/dags/dag_generar_catalogo_vuelos.py took 0.499 seconds
[2026-07-09T00:50:48.207-0500] {processor.py:161} INFO - Started process (PID=7565) to work on /opt/airflow/dags/dag_generar_catalogo_vuelos.py
[2026-07-09T00:50:48.208-0500] {processor.py:830} INFO - Processing file /opt/airflow/dags/dag_generar_catalogo_vuelos.py for tasks to queue
[2026-07-09T00:50:48.209-0500] {logging_mixin.py:188} INFO - [2026-07-09T00:50:48.209-0500] {dagbag.py:545} INFO - Filling up the DagBag from /opt/airflow/dags/dag_generar_catalogo_vuelos.py
[2026-07-09T00:50:48.593-0500] {processor.py:840} INFO - DAG(s) 'aerotrack_travel_catalogo_vuelos' retrieved from /opt/airflow/dags/dag_generar_catalogo_vuelos.py
[2026-07-09T00:50:48.623-0500] {logging_mixin.py:188} INFO - [2026-07-09T00:50:48.623-0500] {dag.py:3089} INFO - Sync 1 DAGs
[2026-07-09T00:50:48.641-0500] {logging_mixin.py:188} INFO - [2026-07-09T00:50:48.641-0500] {dag.py:3947} INFO - Setting next_dagrun for aerotrack_travel_catalogo_vuelos to 2026-07-09 00:00:00+00:00, run_after=2026-07-10 00:00:00+00:00
[2026-07-09T00:50:48.655-0500] {processor.py:183} INFO - Processing /opt/airflow/dags/dag_generar_catalogo_vuelos.py took 0.453 seconds
[2026-07-09T00:51:19.273-0500] {processor.py:161} INFO - Started process (PID=7592) to work on /opt/airflow/dags/dag_generar_catalogo_vuelos.py
[2026-07-09T00:51:19.273-0500] {processor.py:830} INFO - Processing file /opt/airflow/dags/dag_generar_catalogo_vuelos.py for tasks to queue
[2026-07-09T00:51:19.275-0500] {logging_mixin.py:188} INFO - [2026-07-09T00:51:19.275-0500] {dagbag.py:545} INFO - Filling up the DagBag from /opt/airflow/dags/dag_generar_catalogo_vuelos.py
[2026-07-09T00:51:19.698-0500] {processor.py:840} INFO - DAG(s) 'aerotrack_travel_catalogo_vuelos' retrieved from /opt/airflow/dags/dag_generar_catalogo_vuelos.py
[2026-07-09T00:51:19.732-0500] {logging_mixin.py:188} INFO - [2026-07-09T00:51:19.732-0500] {dag.py:3089} INFO - Sync 1 DAGs
[2026-07-09T00:51:19.759-0500] {logging_mixin.py:188} INFO - [2026-07-09T00:51:19.759-0500] {dag.py:3947} INFO - Setting next_dagrun for aerotrack_travel_catalogo_vuelos to 2026-07-09 00:00:00+00:00, run_after=2026-07-10 00:00:00+00:00
[2026-07-09T00:51:19.775-0500] {processor.py:183} INFO - Processing /opt/airflow/dags/dag_generar_catalogo_vuelos.py took 0.506 seconds
[2026-07-09T00:51:50.068-0500] {processor.py:161} INFO - Started process (PID=7619) to work on /opt/airflow/dags/dag_generar_catalogo_vuelos.py
[2026-07-09T00:51:50.069-0500] {processor.py:830} INFO - Processing file /opt/airflow/dags/dag_generar_catalogo_vuelos.py for tasks to queue
[2026-07-09T00:51:50.071-0500] {logging_mixin.py:188} INFO - [2026-07-09T00:51:50.071-0500] {dagbag.py:545} INFO - Filling up the DagBag from /opt/airflow/dags/dag_generar_catalogo_vuelos.py
[2026-07-09T00:51:50.495-0500] {processor.py:840} INFO - DAG(s) 'aerotrack_travel_catalogo_vuelos' retrieved from /opt/airflow/dags/dag_generar_catalogo_vuelos.py
[2026-07-09T00:51:50.527-0500] {logging_mixin.py:188} INFO - [2026-07-09T00:51:50.527-0500] {dag.py:3089} INFO - Sync 1 DAGs
[2026-07-09T00:51:50.543-0500] {logging_mixin.py:188} INFO - [2026-07-09T00:51:50.542-0500] {dag.py:3947} INFO - Setting next_dagrun for aerotrack_travel_catalogo_vuelos to 2026-07-09 00:00:00+00:00, run_after=2026-07-10 00:00:00+00:00
[2026-07-09T00:51:50.556-0500] {processor.py:183} INFO - Processing /opt/airflow/dags/dag_generar_catalogo_vuelos.py took 0.492 seconds
[2026-07-09T00:52:20.994-0500] {processor.py:161} INFO - Started process (PID=7646) to work on /opt/airflow/dags/dag_generar_catalogo_vuelos.py
[2026-07-09T00:52:20.995-0500] {processor.py:830} INFO - Processing file /opt/airflow/dags/dag_generar_catalogo_vuelos.py for tasks to queue
[2026-07-09T00:52:20.996-0500] {logging_mixin.py:188} INFO - [2026-07-09T00:52:20.996-0500] {dagbag.py:545} INFO - Filling up the DagBag from /opt/airflow/dags/dag_generar_catalogo_vuelos.py
[2026-07-09T00:52:21.386-0500] {processor.py:840} INFO - DAG(s) 'aerotrack_travel_catalogo_vuelos' retrieved from /opt/airflow/dags/dag_generar_catalogo_vuelos.py
[2026-07-09T00:52:21.416-0500] {logging_mixin.py:188} INFO - [2026-07-09T00:52:21.416-0500] {dag.py:3089} INFO - Sync 1 DAGs
[2026-07-09T00:52:21.433-0500] {logging_mixin.py:188} INFO - [2026-07-09T00:52:21.433-0500] {dag.py:3947} INFO - Setting next_dagrun for aerotrack_travel_catalogo_vuelos to 2026-07-09 00:00:00+00:00, run_after=2026-07-10 00:00:00+00:00
[2026-07-09T00:52:21.447-0500] {processor.py:183} INFO - Processing /opt/airflow/dags/dag_generar_catalogo_vuelos.py took 0.459 seconds
[2026-07-09T00:52:51.763-0500] {processor.py:161} INFO - Started process (PID=7673) to work on /opt/airflow/dags/dag_generar_catalogo_vuelos.py
[2026-07-09T00:52:51.764-0500] {processor.py:830} INFO - Processing file /opt/airflow/dags/dag_generar_catalogo_vuelos.py for tasks to queue
[2026-07-09T00:52:51.766-0500] {logging_mixin.py:188} INFO - [2026-07-09T00:52:51.765-0500] {dagbag.py:545} INFO - Filling up the DagBag from /opt/airflow/dags/dag_generar_catalogo_vuelos.py
[2026-07-09T00:52:52.168-0500] {processor.py:840} INFO - DAG(s) 'aerotrack_travel_catalogo_vuelos' retrieved from /opt/airflow/dags/dag_generar_catalogo_vuelos.py
[2026-07-09T00:52:52.197-0500] {logging_mixin.py:188} INFO - [2026-07-09T00:52:52.197-0500] {dag.py:3089} INFO - Sync 1 DAGs
[2026-07-09T00:52:52.215-0500] {logging_mixin.py:188} INFO - [2026-07-09T00:52:52.215-0500] {dag.py:3947} INFO - Setting next_dagrun for aerotrack_travel_catalogo_vuelos to 2026-07-09 00:00:00+00:00, run_after=2026-07-10 00:00:00+00:00
[2026-07-09T00:52:52.229-0500] {processor.py:183} INFO - Processing /opt/airflow/dags/dag_generar_catalogo_vuelos.py took 0.470 seconds
[2026-07-09T00:53:22.534-0500] {processor.py:161} INFO - Started process (PID=7700) to work on /opt/airflow/dags/dag_generar_catalogo_vuelos.py
[2026-07-09T00:53:22.535-0500] {processor.py:830} INFO - Processing file /opt/airflow/dags/dag_generar_catalogo_vuelos.py for tasks to queue
[2026-07-09T00:53:22.536-0500] {logging_mixin.py:188} INFO - [2026-07-09T00:53:22.536-0500] {dagbag.py:545} INFO - Filling up the DagBag from /opt/airflow/dags/dag_generar_catalogo_vuelos.py
[2026-07-09T00:53:22.928-0500] {processor.py:840} INFO - DAG(s) 'aerotrack_travel_catalogo_vuelos' retrieved from /opt/airflow/dags/dag_generar_catalogo_vuelos.py
[2026-07-09T00:53:22.960-0500] {logging_mixin.py:188} INFO - [2026-07-09T00:53:22.959-0500] {dag.py:3089} INFO - Sync 1 DAGs
[2026-07-09T00:53:22.976-0500] {logging_mixin.py:188} INFO - [2026-07-09T00:53:22.976-0500] {dag.py:3947} INFO - Setting next_dagrun for aerotrack_travel_catalogo_vuelos to 2026-07-09 00:00:00+00:00, run_after=2026-07-10 00:00:00+00:00
[2026-07-09T00:53:22.991-0500] {processor.py:183} INFO - Processing /opt/airflow/dags/dag_generar_catalogo_vuelos.py took 0.461 seconds
[2026-07-09T00:53:53.292-0500] {processor.py:161} INFO - Started process (PID=7727) to work on /opt/airflow/dags/dag_generar_catalogo_vuelos.py
[2026-07-09T00:53:53.292-0500] {processor.py:830} INFO - Processing file /opt/airflow/dags/dag_generar_catalogo_vuelos.py for tasks to queue
[2026-07-09T00:53:53.294-0500] {logging_mixin.py:188} INFO - [2026-07-09T00:53:53.294-0500] {dagbag.py:545} INFO - Filling up the DagBag from /opt/airflow/dags/dag_generar_catalogo_vuelos.py
[2026-07-09T00:53:53.655-0500] {processor.py:840} INFO - DAG(s) 'aerotrack_travel_catalogo_vuelos' retrieved from /opt/airflow/dags/dag_generar_catalogo_vuelos.py
[2026-07-09T00:53:53.685-0500] {logging_mixin.py:188} INFO - [2026-07-09T00:53:53.685-0500] {dag.py:3089} INFO - Sync 1 DAGs
[2026-07-09T00:53:53.700-0500] {logging_mixin.py:188} INFO - [2026-07-09T00:53:53.699-0500] {dag.py:3947} INFO - Setting next_dagrun for aerotrack_travel_catalogo_vuelos to 2026-07-09 00:00:00+00:00, run_after=2026-07-10 00:00:00+00:00
[2026-07-09T00:53:53.713-0500] {processor.py:183} INFO - Processing /opt/airflow/dags/dag_generar_catalogo_vuelos.py took 0.426 seconds
[2026-07-09T00:54:24.037-0500] {processor.py:161} INFO - Started process (PID=7754) to work on /opt/airflow/dags/dag_generar_catalogo_vuelos.py
[2026-07-09T00:54:24.038-0500] {processor.py:830} INFO - Processing file /opt/airflow/dags/dag_generar_catalogo_vuelos.py for tasks to queue
[2026-07-09T00:54:24.039-0500] {logging_mixin.py:188} INFO - [2026-07-09T00:54:24.039-0500] {dagbag.py:545} INFO - Filling up the DagBag from /opt/airflow/dags/dag_generar_catalogo_vuelos.py
[2026-07-09T00:54:24.423-0500] {processor.py:840} INFO - DAG(s) 'aerotrack_travel_catalogo_vuelos' retrieved from /opt/airflow/dags/dag_generar_catalogo_vuelos.py
[2026-07-09T00:54:24.450-0500] {logging_mixin.py:188} INFO - [2026-07-09T00:54:24.449-0500] {dag.py:3089} INFO - Sync 1 DAGs
[2026-07-09T00:54:24.467-0500] {logging_mixin.py:188} INFO - [2026-07-09T00:54:24.466-0500] {dag.py:3947} INFO - Setting next_dagrun for aerotrack_travel_catalogo_vuelos to 2026-07-09 00:00:00+00:00, run_after=2026-07-10 00:00:00+00:00
[2026-07-09T00:54:24.482-0500] {processor.py:183} INFO - Processing /opt/airflow/dags/dag_generar_catalogo_vuelos.py took 0.450 seconds
[2026-07-09T00:54:54.812-0500] {processor.py:161} INFO - Started process (PID=7781) to work on /opt/airflow/dags/dag_generar_catalogo_vuelos.py
[2026-07-09T00:54:54.812-0500] {processor.py:830} INFO - Processing file /opt/airflow/dags/dag_generar_catalogo_vuelos.py for tasks to queue
[2026-07-09T00:54:54.814-0500] {logging_mixin.py:188} INFO - [2026-07-09T00:54:54.814-0500] {dagbag.py:545} INFO - Filling up the DagBag from /opt/airflow/dags/dag_generar_catalogo_vuelos.py
[2026-07-09T00:54:55.205-0500] {processor.py:840} INFO - DAG(s) 'aerotrack_travel_catalogo_vuelos' retrieved from /opt/airflow/dags/dag_generar_catalogo_vuelos.py
[2026-07-09T00:54:55.238-0500] {logging_mixin.py:188} INFO - [2026-07-09T00:54:55.238-0500] {dag.py:3089} INFO - Sync 1 DAGs
[2026-07-09T00:54:55.257-0500] {logging_mixin.py:188} INFO - [2026-07-09T00:54:55.257-0500] {dag.py:3947} INFO - Setting next_dagrun for aerotrack_travel_catalogo_vuelos to 2026-07-09 00:00:00+00:00, run_after=2026-07-10 00:00:00+00:00
[2026-07-09T00:54:55.272-0500] {processor.py:183} INFO - Processing /opt/airflow/dags/dag_generar_catalogo_vuelos.py took 0.465 seconds
[2026-07-09T00:55:25.720-0500] {processor.py:161} INFO - Started process (PID=7808) to work on /opt/airflow/dags/dag_generar_catalogo_vuelos.py
[2026-07-09T00:55:25.721-0500] {processor.py:830} INFO - Processing file /opt/airflow/dags/dag_generar_catalogo_vuelos.py for tasks to queue
[2026-07-09T00:55:25.722-0500] {logging_mixin.py:188} INFO - [2026-07-09T00:55:25.722-0500] {dagbag.py:545} INFO - Filling up the DagBag from /opt/airflow/dags/dag_generar_catalogo_vuelos.py
[2026-07-09T00:55:26.149-0500] {processor.py:840} INFO - DAG(s) 'aerotrack_travel_catalogo_vuelos' retrieved from /opt/airflow/dags/dag_generar_catalogo_vuelos.py
[2026-07-09T00:55:26.177-0500] {logging_mixin.py:188} INFO - [2026-07-09T00:55:26.177-0500] {dag.py:3089} INFO - Sync 1 DAGs
[2026-07-09T00:55:26.193-0500] {logging_mixin.py:188} INFO - [2026-07-09T00:55:26.192-0500] {dag.py:3947} INFO - Setting next_dagrun for aerotrack_travel_catalogo_vuelos to 2026-07-09 00:00:00+00:00, run_after=2026-07-10 00:00:00+00:00
[2026-07-09T00:55:26.207-0500] {processor.py:183} INFO - Processing /opt/airflow/dags/dag_generar_catalogo_vuelos.py took 0.493 seconds
[2026-07-09T00:55:56.512-0500] {processor.py:161} INFO - Started process (PID=7835) to work on /opt/airflow/dags/dag_generar_catalogo_vuelos.py
[2026-07-09T00:55:56.513-0500] {processor.py:830} INFO - Processing file /opt/airflow/dags/dag_generar_catalogo_vuelos.py for tasks to queue
[2026-07-09T00:55:56.515-0500] {logging_mixin.py:188} INFO - [2026-07-09T00:55:56.515-0500] {dagbag.py:545} INFO - Filling up the DagBag from /opt/airflow/dags/dag_generar_catalogo_vuelos.py
[2026-07-09T00:55:56.943-0500] {processor.py:840} INFO - DAG(s) 'aerotrack_travel_catalogo_vuelos' retrieved from /opt/airflow/dags/dag_generar_catalogo_vuelos.py
[2026-07-09T00:55:56.979-0500] {logging_mixin.py:188} INFO - [2026-07-09T00:55:56.979-0500] {dag.py:3089} INFO - Sync 1 DAGs
[2026-07-09T00:55:56.996-0500] {logging_mixin.py:188} INFO - [2026-07-09T00:55:56.996-0500] {dag.py:3947} INFO - Setting next_dagrun for aerotrack_travel_catalogo_vuelos to 2026-07-09 00:00:00+00:00, run_after=2026-07-10 00:00:00+00:00
[2026-07-09T00:55:57.010-0500] {processor.py:183} INFO - Processing /opt/airflow/dags/dag_generar_catalogo_vuelos.py took 0.502 seconds
[2026-07-09T00:56:27.454-0500] {processor.py:161} INFO - Started process (PID=7862) to work on /opt/airflow/dags/dag_generar_catalogo_vuelos.py
[2026-07-09T00:56:27.455-0500] {processor.py:830} INFO - Processing file /opt/airflow/dags/dag_generar_catalogo_vuelos.py for tasks to queue
[2026-07-09T00:56:27.456-0500] {logging_mixin.py:188} INFO - [2026-07-09T00:56:27.456-0500] {dagbag.py:545} INFO - Filling up the DagBag from /opt/airflow/dags/dag_generar_catalogo_vuelos.py
[2026-07-09T00:56:27.854-0500] {processor.py:840} INFO - DAG(s) 'aerotrack_travel_catalogo_vuelos' retrieved from /opt/airflow/dags/dag_generar_catalogo_vuelos.py
[2026-07-09T00:56:27.889-0500] {logging_mixin.py:188} INFO - [2026-07-09T00:56:27.888-0500] {dag.py:3089} INFO - Sync 1 DAGs
[2026-07-09T00:56:27.922-0500] {logging_mixin.py:188} INFO - [2026-07-09T00:56:27.922-0500] {dag.py:3947} INFO - Setting next_dagrun for aerotrack_travel_catalogo_vuelos to 2026-07-09 00:00:00+00:00, run_after=2026-07-10 00:00:00+00:00
[2026-07-09T00:56:27.951-0500] {processor.py:183} INFO - Processing /opt/airflow/dags/dag_generar_catalogo_vuelos.py took 0.501 seconds
[2026-07-09T00:56:58.387-0500] {processor.py:161} INFO - Started process (PID=7889) to work on /opt/airflow/dags/dag_generar_catalogo_vuelos.py
[2026-07-09T00:56:58.388-0500] {processor.py:830} INFO - Processing file /opt/airflow/dags/dag_generar_catalogo_vuelos.py for tasks to queue
[2026-07-09T00:56:58.389-0500] {logging_mixin.py:188} INFO - [2026-07-09T00:56:58.389-0500] {dagbag.py:545} INFO - Filling up the DagBag from /opt/airflow/dags/dag_generar_catalogo_vuelos.py
[2026-07-09T00:56:58.808-0500] {processor.py:840} INFO - DAG(s) 'aerotrack_travel_catalogo_vuelos' retrieved from /opt/airflow/dags/dag_generar_catalogo_vuelos.py
[2026-07-09T00:56:58.838-0500] {logging_mixin.py:188} INFO - [2026-07-09T00:56:58.838-0500] {dag.py:3089} INFO - Sync 1 DAGs
[2026-07-09T00:56:58.856-0500] {logging_mixin.py:188} INFO - [2026-07-09T00:56:58.856-0500] {dag.py:3947} INFO - Setting next_dagrun for aerotrack_travel_catalogo_vuelos to 2026-07-09 00:00:00+00:00, run_after=2026-07-10 00:00:00+00:00
[2026-07-09T00:56:58.870-0500] {processor.py:183} INFO - Processing /opt/airflow/dags/dag_generar_catalogo_vuelos.py took 0.487 seconds
[2026-07-09T00:57:29.289-0500] {processor.py:161} INFO - Started process (PID=7916) to work on /opt/airflow/dags/dag_generar_catalogo_vuelos.py
[2026-07-09T00:57:29.289-0500] {processor.py:830} INFO - Processing file /opt/airflow/dags/dag_generar_catalogo_vuelos.py for tasks to queue
[2026-07-09T00:57:29.291-0500] {logging_mixin.py:188} INFO - [2026-07-09T00:57:29.291-0500] {dagbag.py:545} INFO - Filling up the DagBag from /opt/airflow/dags/dag_generar_catalogo_vuelos.py
[2026-07-09T00:57:29.709-0500] {processor.py:840} INFO - DAG(s) 'aerotrack_travel_catalogo_vuelos' retrieved from /opt/airflow/dags/dag_generar_catalogo_vuelos.py
[2026-07-09T00:57:29.743-0500] {logging_mixin.py:188} INFO - [2026-07-09T00:57:29.743-0500] {dag.py:3089} INFO - Sync 1 DAGs
[2026-07-09T00:57:29.760-0500] {logging_mixin.py:188} INFO - [2026-07-09T00:57:29.760-0500] {dag.py:3947} INFO - Setting next_dagrun for aerotrack_travel_catalogo_vuelos to 2026-07-09 00:00:00+00:00, run_after=2026-07-10 00:00:00+00:00
[2026-07-09T00:57:29.776-0500] {processor.py:183} INFO - Processing /opt/airflow/dags/dag_generar_catalogo_vuelos.py took 0.491 seconds
[2026-07-09T00:58:00.079-0500] {processor.py:161} INFO - Started process (PID=7943) to work on /opt/airflow/dags/dag_generar_catalogo_vuelos.py
[2026-07-09T00:58:00.080-0500] {processor.py:830} INFO - Processing file /opt/airflow/dags/dag_generar_catalogo_vuelos.py for tasks to queue
[2026-07-09T00:58:00.082-0500] {logging_mixin.py:188} INFO - [2026-07-09T00:58:00.081-0500] {dagbag.py:545} INFO - Filling up the DagBag from /opt/airflow/dags/dag_generar_catalogo_vuelos.py
[2026-07-09T00:58:00.507-0500] {processor.py:840} INFO - DAG(s) 'aerotrack_travel_catalogo_vuelos' retrieved from /opt/airflow/dags/dag_generar_catalogo_vuelos.py
[2026-07-09T00:58:00.538-0500] {logging_mixin.py:188} INFO - [2026-07-09T00:58:00.537-0500] {dag.py:3089} INFO - Sync 1 DAGs
[2026-07-09T00:58:00.557-0500] {logging_mixin.py:188} INFO - [2026-07-09T00:58:00.557-0500] {dag.py:3947} INFO - Setting next_dagrun for aerotrack_travel_catalogo_vuelos to 2026-07-09 00:00:00+00:00, run_after=2026-07-10 00:00:00+00:00
[2026-07-09T00:58:00.571-0500] {processor.py:183} INFO - Processing /opt/airflow/dags/dag_generar_catalogo_vuelos.py took 0.497 seconds
[2026-07-09T00:58:30.897-0500] {processor.py:161} INFO - Started process (PID=7970) to work on /opt/airflow/dags/dag_generar_catalogo_vuelos.py
[2026-07-09T00:58:30.898-0500] {processor.py:830} INFO - Processing file /opt/airflow/dags/dag_generar_catalogo_vuelos.py for tasks to queue
[2026-07-09T00:58:30.900-0500] {logging_mixin.py:188} INFO - [2026-07-09T00:58:30.899-0500] {dagbag.py:545} INFO - Filling up the DagBag from /opt/airflow/dags/dag_generar_catalogo_vuelos.py
[2026-07-09T00:58:31.319-0500] {processor.py:840} INFO - DAG(s) 'aerotrack_travel_catalogo_vuelos' retrieved from /opt/airflow/dags/dag_generar_catalogo_vuelos.py
[2026-07-09T00:58:31.349-0500] {logging_mixin.py:188} INFO - [2026-07-09T00:58:31.349-0500] {dag.py:3089} INFO - Sync 1 DAGs
[2026-07-09T00:58:31.366-0500] {logging_mixin.py:188} INFO - [2026-07-09T00:58:31.366-0500] {dag.py:3947} INFO - Setting next_dagrun for aerotrack_travel_catalogo_vuelos to 2026-07-09 00:00:00+00:00, run_after=2026-07-10 00:00:00+00:00
[2026-07-09T00:58:31.380-0500] {processor.py:183} INFO - Processing /opt/airflow/dags/dag_generar_catalogo_vuelos.py took 0.489 seconds
[2026-07-09T00:59:01.826-0500] {processor.py:161} INFO - Started process (PID=7997) to work on /opt/airflow/dags/dag_generar_catalogo_vuelos.py
[2026-07-09T00:59:01.827-0500] {processor.py:830} INFO - Processing file /opt/airflow/dags/dag_generar_catalogo_vuelos.py for tasks to queue
[2026-07-09T00:59:01.829-0500] {logging_mixin.py:188} INFO - [2026-07-09T00:59:01.829-0500] {dagbag.py:545} INFO - Filling up the DagBag from /opt/airflow/dags/dag_generar_catalogo_vuelos.py
[2026-07-09T00:59:02.219-0500] {processor.py:840} INFO - DAG(s) 'aerotrack_travel_catalogo_vuelos' retrieved from /opt/airflow/dags/dag_generar_catalogo_vuelos.py
[2026-07-09T00:59:02.247-0500] {logging_mixin.py:188} INFO - [2026-07-09T00:59:02.247-0500] {dag.py:3089} INFO - Sync 1 DAGs
[2026-07-09T00:59:02.266-0500] {logging_mixin.py:188} INFO - [2026-07-09T00:59:02.266-0500] {dag.py:3947} INFO - Setting next_dagrun for aerotrack_travel_catalogo_vuelos to 2026-07-09 00:00:00+00:00, run_after=2026-07-10 00:00:00+00:00
[2026-07-09T00:59:02.279-0500] {processor.py:183} INFO - Processing /opt/airflow/dags/dag_generar_catalogo_vuelos.py took 0.457 seconds
[2026-07-09T00:59:32.683-0500] {processor.py:161} INFO - Started process (PID=8024) to work on /opt/airflow/dags/dag_generar_catalogo_vuelos.py
[2026-07-09T00:59:32.684-0500] {processor.py:830} INFO - Processing file /opt/airflow/dags/dag_generar_catalogo_vuelos.py for tasks to queue
[2026-07-09T00:59:32.686-0500] {logging_mixin.py:188} INFO - [2026-07-09T00:59:32.686-0500] {dagbag.py:545} INFO - Filling up the DagBag from /opt/airflow/dags/dag_generar_catalogo_vuelos.py
[2026-07-09T00:59:33.113-0500] {processor.py:840} INFO - DAG(s) 'aerotrack_travel_catalogo_vuelos' retrieved from /opt/airflow/dags/dag_generar_catalogo_vuelos.py
[2026-07-09T00:59:33.145-0500] {logging_mixin.py:188} INFO - [2026-07-09T00:59:33.145-0500] {dag.py:3089} INFO - Sync 1 DAGs
[2026-07-09T00:59:33.162-0500] {logging_mixin.py:188} INFO - [2026-07-09T00:59:33.161-0500] {dag.py:3947} INFO - Setting next_dagrun for aerotrack_travel_catalogo_vuelos to 2026-07-09 00:00:00+00:00, run_after=2026-07-10 00:00:00+00:00
[2026-07-09T00:59:33.175-0500] {processor.py:183} INFO - Processing /opt/airflow/dags/dag_generar_catalogo_vuelos.py took 0.497 seconds
[2026-07-09T01:00:03.600-0500] {processor.py:161} INFO - Started process (PID=8051) to work on /opt/airflow/dags/dag_generar_catalogo_vuelos.py
[2026-07-09T01:00:03.601-0500] {processor.py:830} INFO - Processing file /opt/airflow/dags/dag_generar_catalogo_vuelos.py for tasks to queue
[2026-07-09T01:00:03.603-0500] {logging_mixin.py:188} INFO - [2026-07-09T01:00:03.602-0500] {dagbag.py:545} INFO - Filling up the DagBag from /opt/airflow/dags/dag_generar_catalogo_vuelos.py
[2026-07-09T01:00:03.993-0500] {processor.py:840} INFO - DAG(s) 'aerotrack_travel_catalogo_vuelos' retrieved from /opt/airflow/dags/dag_generar_catalogo_vuelos.py
[2026-07-09T01:00:04.024-0500] {logging_mixin.py:188} INFO - [2026-07-09T01:00:04.024-0500] {dag.py:3089} INFO - Sync 1 DAGs
[2026-07-09T01:00:04.042-0500] {logging_mixin.py:188} INFO - [2026-07-09T01:00:04.042-0500] {dag.py:3947} INFO - Setting next_dagrun for aerotrack_travel_catalogo_vuelos to 2026-07-09 00:00:00+00:00, run_after=2026-07-10 00:00:00+00:00
[2026-07-09T01:00:04.057-0500] {processor.py:183} INFO - Processing /opt/airflow/dags/dag_generar_catalogo_vuelos.py took 0.462 seconds
[2026-07-09T01:00:34.465-0500] {processor.py:161} INFO - Started process (PID=8078) to work on /opt/airflow/dags/dag_generar_catalogo_vuelos.py
[2026-07-09T01:00:34.466-0500] {processor.py:830} INFO - Processing file /opt/airflow/dags/dag_generar_catalogo_vuelos.py for tasks to queue
[2026-07-09T01:00:34.468-0500] {logging_mixin.py:188} INFO - [2026-07-09T01:00:34.468-0500] {dagbag.py:545} INFO - Filling up the DagBag from /opt/airflow/dags/dag_generar_catalogo_vuelos.py
[2026-07-09T01:00:34.897-0500] {processor.py:840} INFO - DAG(s) 'aerotrack_travel_catalogo_vuelos' retrieved from /opt/airflow/dags/dag_generar_catalogo_vuelos.py
[2026-07-09T01:00:34.933-0500] {logging_mixin.py:188} INFO - [2026-07-09T01:00:34.932-0500] {dag.py:3089} INFO - Sync 1 DAGs
[2026-07-09T01:00:34.954-0500] {logging_mixin.py:188} INFO - [2026-07-09T01:00:34.953-0500] {dag.py:3947} INFO - Setting next_dagrun for aerotrack_travel_catalogo_vuelos to 2026-07-09 00:00:00+00:00, run_after=2026-07-10 00:00:00+00:00
[2026-07-09T01:00:34.970-0500] {processor.py:183} INFO - Processing /opt/airflow/dags/dag_generar_catalogo_vuelos.py took 0.509 seconds
[2026-07-09T01:01:05.399-0500] {processor.py:161} INFO - Started process (PID=8105) to work on /opt/airflow/dags/dag_generar_catalogo_vuelos.py
[2026-07-09T01:01:05.400-0500] {processor.py:830} INFO - Processing file /opt/airflow/dags/dag_generar_catalogo_vuelos.py for tasks to queue
[2026-07-09T01:01:05.402-0500] {logging_mixin.py:188} INFO - [2026-07-09T01:01:05.402-0500] {dagbag.py:545} INFO - Filling up the DagBag from /opt/airflow/dags/dag_generar_catalogo_vuelos.py
[2026-07-09T01:01:05.821-0500] {processor.py:840} INFO - DAG(s) 'aerotrack_travel_catalogo_vuelos' retrieved from /opt/airflow/dags/dag_generar_catalogo_vuelos.py
[2026-07-09T01:01:05.848-0500] {logging_mixin.py:188} INFO - [2026-07-09T01:01:05.848-0500] {dag.py:3089} INFO - Sync 1 DAGs
[2026-07-09T01:01:05.865-0500] {logging_mixin.py:188} INFO - [2026-07-09T01:01:05.865-0500] {dag.py:3947} INFO - Setting next_dagrun for aerotrack_travel_catalogo_vuelos to 2026-07-09 00:00:00+00:00, run_after=2026-07-10 00:00:00+00:00
[2026-07-09T01:01:05.879-0500] {processor.py:183} INFO - Processing /opt/airflow/dags/dag_generar_catalogo_vuelos.py took 0.486 seconds
[2026-07-09T01:01:36.304-0500] {processor.py:161} INFO - Started process (PID=8132) to work on /opt/airflow/dags/dag_generar_catalogo_vuelos.py
[2026-07-09T01:01:36.305-0500] {processor.py:830} INFO - Processing file /opt/airflow/dags/dag_generar_catalogo_vuelos.py for tasks to queue
[2026-07-09T01:01:36.306-0500] {logging_mixin.py:188} INFO - [2026-07-09T01:01:36.306-0500] {dagbag.py:545} INFO - Filling up the DagBag from /opt/airflow/dags/dag_generar_catalogo_vuelos.py
[2026-07-09T01:01:36.716-0500] {processor.py:840} INFO - DAG(s) 'aerotrack_travel_catalogo_vuelos' retrieved from /opt/airflow/dags/dag_generar_catalogo_vuelos.py
[2026-07-09T01:01:36.750-0500] {logging_mixin.py:188} INFO - [2026-07-09T01:01:36.750-0500] {dag.py:3089} INFO - Sync 1 DAGs
[2026-07-09T01:01:36.767-0500] {logging_mixin.py:188} INFO - [2026-07-09T01:01:36.767-0500] {dag.py:3947} INFO - Setting next_dagrun for aerotrack_travel_catalogo_vuelos to 2026-07-09 00:00:00+00:00, run_after=2026-07-10 00:00:00+00:00
[2026-07-09T01:01:36.783-0500] {processor.py:183} INFO - Processing /opt/airflow/dags/dag_generar_catalogo_vuelos.py took 0.484 seconds
[2026-07-09T01:02:07.188-0500] {processor.py:161} INFO - Started process (PID=8159) to work on /opt/airflow/dags/dag_generar_catalogo_vuelos.py
[2026-07-09T01:02:07.189-0500] {processor.py:830} INFO - Processing file /opt/airflow/dags/dag_generar_catalogo_vuelos.py for tasks to queue
[2026-07-09T01:02:07.190-0500] {logging_mixin.py:188} INFO - [2026-07-09T01:02:07.190-0500] {dagbag.py:545} INFO - Filling up the DagBag from /opt/airflow/dags/dag_generar_catalogo_vuelos.py
[2026-07-09T01:02:07.597-0500] {processor.py:840} INFO - DAG(s) 'aerotrack_travel_catalogo_vuelos' retrieved from /opt/airflow/dags/dag_generar_catalogo_vuelos.py
[2026-07-09T01:02:07.630-0500] {logging_mixin.py:188} INFO - [2026-07-09T01:02:07.630-0500] {dag.py:3089} INFO - Sync 1 DAGs
[2026-07-09T01:02:07.649-0500] {logging_mixin.py:188} INFO - [2026-07-09T01:02:07.649-0500] {dag.py:3947} INFO - Setting next_dagrun for aerotrack_travel_catalogo_vuelos to 2026-07-09 00:00:00+00:00, run_after=2026-07-10 00:00:00+00:00
[2026-07-09T01:02:07.665-0500] {processor.py:183} INFO - Processing /opt/airflow/dags/dag_generar_catalogo_vuelos.py took 0.481 seconds
[2026-07-09T01:02:37.992-0500] {processor.py:161} INFO - Started process (PID=8186) to work on /opt/airflow/dags/dag_generar_catalogo_vuelos.py
[2026-07-09T01:02:37.992-0500] {processor.py:830} INFO - Processing file /opt/airflow/dags/dag_generar_catalogo_vuelos.py for tasks to queue
[2026-07-09T01:02:37.994-0500] {logging_mixin.py:188} INFO - [2026-07-09T01:02:37.994-0500] {dagbag.py:545} INFO - Filling up the DagBag from /opt/airflow/dags/dag_generar_catalogo_vuelos.py
[2026-07-09T01:02:38.448-0500] {processor.py:840} INFO - DAG(s) 'aerotrack_travel_catalogo_vuelos' retrieved from /opt/airflow/dags/dag_generar_catalogo_vuelos.py
[2026-07-09T01:02:38.479-0500] {logging_mixin.py:188} INFO - [2026-07-09T01:02:38.479-0500] {dag.py:3089} INFO - Sync 1 DAGs
[2026-07-09T01:02:38.499-0500] {logging_mixin.py:188} INFO - [2026-07-09T01:02:38.499-0500] {dag.py:3947} INFO - Setting next_dagrun for aerotrack_travel_catalogo_vuelos to 2026-07-09 00:00:00+00:00, run_after=2026-07-10 00:00:00+00:00
[2026-07-09T01:02:38.515-0500] {processor.py:183} INFO - Processing /opt/airflow/dags/dag_generar_catalogo_vuelos.py took 0.528 seconds
[2026-07-09T01:03:08.823-0500] {processor.py:161} INFO - Started process (PID=8213) to work on /opt/airflow/dags/dag_generar_catalogo_vuelos.py
[2026-07-09T01:03:08.824-0500] {processor.py:830} INFO - Processing file /opt/airflow/dags/dag_generar_catalogo_vuelos.py for tasks to queue
[2026-07-09T01:03:08.825-0500] {logging_mixin.py:188} INFO - [2026-07-09T01:03:08.825-0500] {dagbag.py:545} INFO - Filling up the DagBag from /opt/airflow/dags/dag_generar_catalogo_vuelos.py
[2026-07-09T01:03:09.210-0500] {processor.py:840} INFO - DAG(s) 'aerotrack_travel_catalogo_vuelos' retrieved from /opt/airflow/dags/dag_generar_catalogo_vuelos.py
[2026-07-09T01:03:09.240-0500] {logging_mixin.py:188} INFO - [2026-07-09T01:03:09.240-0500] {dag.py:3089} INFO - Sync 1 DAGs
[2026-07-09T01:03:09.259-0500] {logging_mixin.py:188} INFO - [2026-07-09T01:03:09.259-0500] {dag.py:3947} INFO - Setting next_dagrun for aerotrack_travel_catalogo_vuelos to 2026-07-09 00:00:00+00:00, run_after=2026-07-10 00:00:00+00:00
[2026-07-09T01:03:09.272-0500] {processor.py:183} INFO - Processing /opt/airflow/dags/dag_generar_catalogo_vuelos.py took 0.454 seconds
[2026-07-09T01:03:39.598-0500] {processor.py:161} INFO - Started process (PID=8240) to work on /opt/airflow/dags/dag_generar_catalogo_vuelos.py
[2026-07-09T01:03:39.599-0500] {processor.py:830} INFO - Processing file /opt/airflow/dags/dag_generar_catalogo_vuelos.py for tasks to queue
[2026-07-09T01:03:39.600-0500] {logging_mixin.py:188} INFO - [2026-07-09T01:03:39.600-0500] {dagbag.py:545} INFO - Filling up the DagBag from /opt/airflow/dags/dag_generar_catalogo_vuelos.py
[2026-07-09T01:03:39.996-0500] {processor.py:840} INFO - DAG(s) 'aerotrack_travel_catalogo_vuelos' retrieved from /opt/airflow/dags/dag_generar_catalogo_vuelos.py
[2026-07-09T01:03:40.025-0500] {logging_mixin.py:188} INFO - [2026-07-09T01:03:40.025-0500] {dag.py:3089} INFO - Sync 1 DAGs
[2026-07-09T01:03:40.042-0500] {logging_mixin.py:188} INFO - [2026-07-09T01:03:40.042-0500] {dag.py:3947} INFO - Setting next_dagrun for aerotrack_travel_catalogo_vuelos to 2026-07-09 00:00:00+00:00, run_after=2026-07-10 00:00:00+00:00
[2026-07-09T01:03:40.056-0500] {processor.py:183} INFO - Processing /opt/airflow/dags/dag_generar_catalogo_vuelos.py took 0.464 seconds
[2026-07-09T01:04:10.507-0500] {processor.py:161} INFO - Started process (PID=8267) to work on /opt/airflow/dags/dag_generar_catalogo_vuelos.py
[2026-07-09T01:04:10.507-0500] {processor.py:830} INFO - Processing file /opt/airflow/dags/dag_generar_catalogo_vuelos.py for tasks to queue
[2026-07-09T01:04:10.509-0500] {logging_mixin.py:188} INFO - [2026-07-09T01:04:10.509-0500] {dagbag.py:545} INFO - Filling up the DagBag from /opt/airflow/dags/dag_generar_catalogo_vuelos.py
[2026-07-09T01:04:10.913-0500] {processor.py:840} INFO - DAG(s) 'aerotrack_travel_catalogo_vuelos' retrieved from /opt/airflow/dags/dag_generar_catalogo_vuelos.py
[2026-07-09T01:04:10.947-0500] {logging_mixin.py:188} INFO - [2026-07-09T01:04:10.946-0500] {dag.py:3089} INFO - Sync 1 DAGs
[2026-07-09T01:04:10.964-0500] {logging_mixin.py:188} INFO - [2026-07-09T01:04:10.963-0500] {dag.py:3947} INFO - Setting next_dagrun for aerotrack_travel_catalogo_vuelos to 2026-07-09 00:00:00+00:00, run_after=2026-07-10 00:00:00+00:00
[2026-07-09T01:04:10.978-0500] {processor.py:183} INFO - Processing /opt/airflow/dags/dag_generar_catalogo_vuelos.py took 0.476 seconds
[2026-07-09T01:04:41.297-0500] {processor.py:161} INFO - Started process (PID=8294) to work on /opt/airflow/dags/dag_generar_catalogo_vuelos.py
[2026-07-09T01:04:41.298-0500] {processor.py:830} INFO - Processing file /opt/airflow/dags/dag_generar_catalogo_vuelos.py for tasks to queue
[2026-07-09T01:04:41.300-0500] {logging_mixin.py:188} INFO - [2026-07-09T01:04:41.299-0500] {dagbag.py:545} INFO - Filling up the DagBag from /opt/airflow/dags/dag_generar_catalogo_vuelos.py
[2026-07-09T01:04:41.702-0500] {processor.py:840} INFO - DAG(s) 'aerotrack_travel_catalogo_vuelos' retrieved from /opt/airflow/dags/dag_generar_catalogo_vuelos.py
[2026-07-09T01:04:41.733-0500] {logging_mixin.py:188} INFO - [2026-07-09T01:04:41.733-0500] {dag.py:3089} INFO - Sync 1 DAGs
[2026-07-09T01:04:41.753-0500] {logging_mixin.py:188} INFO - [2026-07-09T01:04:41.752-0500] {dag.py:3947} INFO - Setting next_dagrun for aerotrack_travel_catalogo_vuelos to 2026-07-09 00:00:00+00:00, run_after=2026-07-10 00:00:00+00:00
[2026-07-09T01:04:41.768-0500] {processor.py:183} INFO - Processing /opt/airflow/dags/dag_generar_catalogo_vuelos.py took 0.475 seconds
[2026-07-09T01:05:12.204-0500] {processor.py:161} INFO - Started process (PID=8321) to work on /opt/airflow/dags/dag_generar_catalogo_vuelos.py
[2026-07-09T01:05:12.205-0500] {processor.py:830} INFO - Processing file /opt/airflow/dags/dag_generar_catalogo_vuelos.py for tasks to queue
[2026-07-09T01:05:12.206-0500] {logging_mixin.py:188} INFO - [2026-07-09T01:05:12.206-0500] {dagbag.py:545} INFO - Filling up the DagBag from /opt/airflow/dags/dag_generar_catalogo_vuelos.py
[2026-07-09T01:05:12.669-0500] {processor.py:840} INFO - DAG(s) 'aerotrack_travel_catalogo_vuelos' retrieved from /opt/airflow/dags/dag_generar_catalogo_vuelos.py
[2026-07-09T01:05:12.701-0500] {logging_mixin.py:188} INFO - [2026-07-09T01:05:12.701-0500] {dag.py:3089} INFO - Sync 1 DAGs
[2026-07-09T01:05:12.719-0500] {logging_mixin.py:188} INFO - [2026-07-09T01:05:12.719-0500] {dag.py:3947} INFO - Setting next_dagrun for aerotrack_travel_catalogo_vuelos to 2026-07-09 00:00:00+00:00, run_after=2026-07-10 00:00:00+00:00
[2026-07-09T01:05:12.735-0500] {processor.py:183} INFO - Processing /opt/airflow/dags/dag_generar_catalogo_vuelos.py took 0.536 seconds
[2026-07-09T01:05:43.035-0500] {processor.py:161} INFO - Started process (PID=8348) to work on /opt/airflow/dags/dag_generar_catalogo_vuelos.py
[2026-07-09T01:05:43.036-0500] {processor.py:830} INFO - Processing file /opt/airflow/dags/dag_generar_catalogo_vuelos.py for tasks to queue
[2026-07-09T01:05:43.038-0500] {logging_mixin.py:188} INFO - [2026-07-09T01:05:43.038-0500] {dagbag.py:545} INFO - Filling up the DagBag from /opt/airflow/dags/dag_generar_catalogo_vuelos.py
[2026-07-09T01:05:43.456-0500] {processor.py:840} INFO - DAG(s) 'aerotrack_travel_catalogo_vuelos' retrieved from /opt/airflow/dags/dag_generar_catalogo_vuelos.py
[2026-07-09T01:05:43.486-0500] {logging_mixin.py:188} INFO - [2026-07-09T01:05:43.486-0500] {dag.py:3089} INFO - Sync 1 DAGs
[2026-07-09T01:05:43.506-0500] {logging_mixin.py:188} INFO - [2026-07-09T01:05:43.505-0500] {dag.py:3947} INFO - Setting next_dagrun for aerotrack_travel_catalogo_vuelos to 2026-07-09 00:00:00+00:00, run_after=2026-07-10 00:00:00+00:00
[2026-07-09T01:05:43.520-0500] {processor.py:183} INFO - Processing /opt/airflow/dags/dag_generar_catalogo_vuelos.py took 0.489 seconds
[2026-07-09T01:06:13.804-0500] {processor.py:161} INFO - Started process (PID=8375) to work on /opt/airflow/dags/dag_generar_catalogo_vuelos.py
[2026-07-09T01:06:13.805-0500] {processor.py:830} INFO - Processing file /opt/airflow/dags/dag_generar_catalogo_vuelos.py for tasks to queue
[2026-07-09T01:06:13.806-0500] {logging_mixin.py:188} INFO - [2026-07-09T01:06:13.806-0500] {dagbag.py:545} INFO - Filling up the DagBag from /opt/airflow/dags/dag_generar_catalogo_vuelos.py
[2026-07-09T01:06:14.192-0500] {processor.py:840} INFO - DAG(s) 'aerotrack_travel_catalogo_vuelos' retrieved from /opt/airflow/dags/dag_generar_catalogo_vuelos.py
[2026-07-09T01:06:14.219-0500] {logging_mixin.py:188} INFO - [2026-07-09T01:06:14.219-0500] {dag.py:3089} INFO - Sync 1 DAGs
[2026-07-09T01:06:14.236-0500] {logging_mixin.py:188} INFO - [2026-07-09T01:06:14.236-0500] {dag.py:3947} INFO - Setting next_dagrun for aerotrack_travel_catalogo_vuelos to 2026-07-09 00:00:00+00:00, run_after=2026-07-10 00:00:00+00:00
[2026-07-09T01:06:14.249-0500] {processor.py:183} INFO - Processing /opt/airflow/dags/dag_generar_catalogo_vuelos.py took 0.450 seconds
[2026-07-09T01:06:44.716-0500] {processor.py:161} INFO - Started process (PID=8402) to work on /opt/airflow/dags/dag_generar_catalogo_vuelos.py
[2026-07-09T01:06:44.716-0500] {processor.py:830} INFO - Processing file /opt/airflow/dags/dag_generar_catalogo_vuelos.py for tasks to queue
[2026-07-09T01:06:44.718-0500] {logging_mixin.py:188} INFO - [2026-07-09T01:06:44.718-0500] {dagbag.py:545} INFO - Filling up the DagBag from /opt/airflow/dags/dag_generar_catalogo_vuelos.py
[2026-07-09T01:06:45.096-0500] {processor.py:840} INFO - DAG(s) 'aerotrack_travel_catalogo_vuelos' retrieved from /opt/airflow/dags/dag_generar_catalogo_vuelos.py
[2026-07-09T01:06:45.127-0500] {logging_mixin.py:188} INFO - [2026-07-09T01:06:45.127-0500] {dag.py:3089} INFO - Sync 1 DAGs
[2026-07-09T01:06:45.145-0500] {logging_mixin.py:188} INFO - [2026-07-09T01:06:45.144-0500] {dag.py:3947} INFO - Setting next_dagrun for aerotrack_travel_catalogo_vuelos to 2026-07-09 00:00:00+00:00, run_after=2026-07-10 00:00:00+00:00
[2026-07-09T01:06:45.159-0500] {processor.py:183} INFO - Processing /opt/airflow/dags/dag_generar_catalogo_vuelos.py took 0.448 seconds
[2026-07-09T01:07:15.562-0500] {processor.py:161} INFO - Started process (PID=8429) to work on /opt/airflow/dags/dag_generar_catalogo_vuelos.py
[2026-07-09T01:07:15.563-0500] {processor.py:830} INFO - Processing file /opt/airflow/dags/dag_generar_catalogo_vuelos.py for tasks to queue
[2026-07-09T01:07:15.565-0500] {logging_mixin.py:188} INFO - [2026-07-09T01:07:15.565-0500] {dagbag.py:545} INFO - Filling up the DagBag from /opt/airflow/dags/dag_generar_catalogo_vuelos.py
[2026-07-09T01:07:15.938-0500] {processor.py:840} INFO - DAG(s) 'aerotrack_travel_catalogo_vuelos' retrieved from /opt/airflow/dags/dag_generar_catalogo_vuelos.py
[2026-07-09T01:07:15.971-0500] {logging_mixin.py:188} INFO - [2026-07-09T01:07:15.971-0500] {dag.py:3089} INFO - Sync 1 DAGs
[2026-07-09T01:07:15.989-0500] {logging_mixin.py:188} INFO - [2026-07-09T01:07:15.989-0500] {dag.py:3947} INFO - Setting next_dagrun for aerotrack_travel_catalogo_vuelos to 2026-07-09 00:00:00+00:00, run_after=2026-07-10 00:00:00+00:00
[2026-07-09T01:07:16.005-0500] {processor.py:183} INFO - Processing /opt/airflow/dags/dag_generar_catalogo_vuelos.py took 0.447 seconds
[2026-07-09T01:07:46.445-0500] {processor.py:161} INFO - Started process (PID=8456) to work on /opt/airflow/dags/dag_generar_catalogo_vuelos.py
[2026-07-09T01:07:46.446-0500] {processor.py:830} INFO - Processing file /opt/airflow/dags/dag_generar_catalogo_vuelos.py for tasks to queue
[2026-07-09T01:07:46.447-0500] {logging_mixin.py:188} INFO - [2026-07-09T01:07:46.447-0500] {dagbag.py:545} INFO - Filling up the DagBag from /opt/airflow/dags/dag_generar_catalogo_vuelos.py
[2026-07-09T01:07:46.834-0500] {processor.py:840} INFO - DAG(s) 'aerotrack_travel_catalogo_vuelos' retrieved from /opt/airflow/dags/dag_generar_catalogo_vuelos.py
[2026-07-09T01:07:46.861-0500] {logging_mixin.py:188} INFO - [2026-07-09T01:07:46.860-0500] {dag.py:3089} INFO - Sync 1 DAGs
[2026-07-09T01:07:46.875-0500] {logging_mixin.py:188} INFO - [2026-07-09T01:07:46.875-0500] {dag.py:3947} INFO - Setting next_dagrun for aerotrack_travel_catalogo_vuelos to 2026-07-09 00:00:00+00:00, run_after=2026-07-10 00:00:00+00:00
[2026-07-09T01:07:46.889-0500] {processor.py:183} INFO - Processing /opt/airflow/dags/dag_generar_catalogo_vuelos.py took 0.449 seconds
[2026-07-09T01:08:17.315-0500] {processor.py:161} INFO - Started process (PID=8483) to work on /opt/airflow/dags/dag_generar_catalogo_vuelos.py
[2026-07-09T01:08:17.316-0500] {processor.py:830} INFO - Processing file /opt/airflow/dags/dag_generar_catalogo_vuelos.py for tasks to queue
[2026-07-09T01:08:17.317-0500] {logging_mixin.py:188} INFO - [2026-07-09T01:08:17.317-0500] {dagbag.py:545} INFO - Filling up the DagBag from /opt/airflow/dags/dag_generar_catalogo_vuelos.py
[2026-07-09T01:08:17.680-0500] {processor.py:840} INFO - DAG(s) 'aerotrack_travel_catalogo_vuelos' retrieved from /opt/airflow/dags/dag_generar_catalogo_vuelos.py
[2026-07-09T01:08:17.709-0500] {logging_mixin.py:188} INFO - [2026-07-09T01:08:17.709-0500] {dag.py:3089} INFO - Sync 1 DAGs
[2026-07-09T01:08:17.725-0500] {logging_mixin.py:188} INFO - [2026-07-09T01:08:17.724-0500] {dag.py:3947} INFO - Setting next_dagrun for aerotrack_travel_catalogo_vuelos to 2026-07-09 00:00:00+00:00, run_after=2026-07-10 00:00:00+00:00
[2026-07-09T01:08:17.738-0500] {processor.py:183} INFO - Processing /opt/airflow/dags/dag_generar_catalogo_vuelos.py took 0.427 seconds
[2026-07-09T01:08:48.045-0500] {processor.py:161} INFO - Started process (PID=8510) to work on /opt/airflow/dags/dag_generar_catalogo_vuelos.py
[2026-07-09T01:08:48.046-0500] {processor.py:830} INFO - Processing file /opt/airflow/dags/dag_generar_catalogo_vuelos.py for tasks to queue
[2026-07-09T01:08:48.047-0500] {logging_mixin.py:188} INFO - [2026-07-09T01:08:48.047-0500] {dagbag.py:545} INFO - Filling up the DagBag from /opt/airflow/dags/dag_generar_catalogo_vuelos.py
[2026-07-09T01:08:48.425-0500] {processor.py:840} INFO - DAG(s) 'aerotrack_travel_catalogo_vuelos' retrieved from /opt/airflow/dags/dag_generar_catalogo_vuelos.py
[2026-07-09T01:08:48.457-0500] {logging_mixin.py:188} INFO - [2026-07-09T01:08:48.457-0500] {dag.py:3089} INFO - Sync 1 DAGs
[2026-07-09T01:08:48.479-0500] {logging_mixin.py:188} INFO - [2026-07-09T01:08:48.478-0500] {dag.py:3947} INFO - Setting next_dagrun for aerotrack_travel_catalogo_vuelos to 2026-07-09 00:00:00+00:00, run_after=2026-07-10 00:00:00+00:00
[2026-07-09T01:08:48.498-0500] {processor.py:183} INFO - Processing /opt/airflow/dags/dag_generar_catalogo_vuelos.py took 0.457 seconds
[2026-07-09T01:09:18.924-0500] {processor.py:161} INFO - Started process (PID=8537) to work on /opt/airflow/dags/dag_generar_catalogo_vuelos.py
[2026-07-09T01:09:18.925-0500] {processor.py:830} INFO - Processing file /opt/airflow/dags/dag_generar_catalogo_vuelos.py for tasks to queue
[2026-07-09T01:09:18.926-0500] {logging_mixin.py:188} INFO - [2026-07-09T01:09:18.926-0500] {dagbag.py:545} INFO - Filling up the DagBag from /opt/airflow/dags/dag_generar_catalogo_vuelos.py
[2026-07-09T01:09:19.331-0500] {processor.py:840} INFO - DAG(s) 'aerotrack_travel_catalogo_vuelos' retrieved from /opt/airflow/dags/dag_generar_catalogo_vuelos.py
[2026-07-09T01:09:19.357-0500] {logging_mixin.py:188} INFO - [2026-07-09T01:09:19.357-0500] {dag.py:3089} INFO - Sync 1 DAGs
[2026-07-09T01:09:19.373-0500] {logging_mixin.py:188} INFO - [2026-07-09T01:09:19.373-0500] {dag.py:3947} INFO - Setting next_dagrun for aerotrack_travel_catalogo_vuelos to 2026-07-09 00:00:00+00:00, run_after=2026-07-10 00:00:00+00:00
[2026-07-09T01:09:19.386-0500] {processor.py:183} INFO - Processing /opt/airflow/dags/dag_generar_catalogo_vuelos.py took 0.467 seconds
[2026-07-09T01:09:49.700-0500] {processor.py:161} INFO - Started process (PID=8564) to work on /opt/airflow/dags/dag_generar_catalogo_vuelos.py
[2026-07-09T01:09:49.701-0500] {processor.py:830} INFO - Processing file /opt/airflow/dags/dag_generar_catalogo_vuelos.py for tasks to queue
[2026-07-09T01:09:49.702-0500] {logging_mixin.py:188} INFO - [2026-07-09T01:09:49.702-0500] {dagbag.py:545} INFO - Filling up the DagBag from /opt/airflow/dags/dag_generar_catalogo_vuelos.py
[2026-07-09T01:09:50.058-0500] {processor.py:840} INFO - DAG(s) 'aerotrack_travel_catalogo_vuelos' retrieved from /opt/airflow/dags/dag_generar_catalogo_vuelos.py
[2026-07-09T01:09:50.084-0500] {logging_mixin.py:188} INFO - [2026-07-09T01:09:50.084-0500] {dag.py:3089} INFO - Sync 1 DAGs
[2026-07-09T01:09:50.099-0500] {logging_mixin.py:188} INFO - [2026-07-09T01:09:50.099-0500] {dag.py:3947} INFO - Setting next_dagrun for aerotrack_travel_catalogo_vuelos to 2026-07-09 00:00:00+00:00, run_after=2026-07-10 00:00:00+00:00
[2026-07-09T01:09:50.112-0500] {processor.py:183} INFO - Processing /opt/airflow/dags/dag_generar_catalogo_vuelos.py took 0.417 seconds
[2026-07-09T01:10:20.405-0500] {processor.py:161} INFO - Started process (PID=8591) to work on /opt/airflow/dags/dag_generar_catalogo_vuelos.py
[2026-07-09T01:10:20.406-0500] {processor.py:830} INFO - Processing file /opt/airflow/dags/dag_generar_catalogo_vuelos.py for tasks to queue
[2026-07-09T01:10:20.407-0500] {logging_mixin.py:188} INFO - [2026-07-09T01:10:20.407-0500] {dagbag.py:545} INFO - Filling up the DagBag from /opt/airflow/dags/dag_generar_catalogo_vuelos.py
[2026-07-09T01:10:20.777-0500] {processor.py:840} INFO - DAG(s) 'aerotrack_travel_catalogo_vuelos' retrieved from /opt/airflow/dags/dag_generar_catalogo_vuelos.py
[2026-07-09T01:10:20.803-0500] {logging_mixin.py:188} INFO - [2026-07-09T01:10:20.802-0500] {dag.py:3089} INFO - Sync 1 DAGs
[2026-07-09T01:10:20.820-0500] {logging_mixin.py:188} INFO - [2026-07-09T01:10:20.819-0500] {dag.py:3947} INFO - Setting next_dagrun for aerotrack_travel_catalogo_vuelos to 2026-07-09 00:00:00+00:00, run_after=2026-07-10 00:00:00+00:00
[2026-07-09T01:10:20.836-0500] {processor.py:183} INFO - Processing /opt/airflow/dags/dag_generar_catalogo_vuelos.py took 0.436 seconds
[2026-07-09T01:10:51.159-0500] {processor.py:161} INFO - Started process (PID=8618) to work on /opt/airflow/dags/dag_generar_catalogo_vuelos.py
[2026-07-09T01:10:51.160-0500] {processor.py:830} INFO - Processing file /opt/airflow/dags/dag_generar_catalogo_vuelos.py for tasks to queue
[2026-07-09T01:10:51.162-0500] {logging_mixin.py:188} INFO - [2026-07-09T01:10:51.161-0500] {dagbag.py:545} INFO - Filling up the DagBag from /opt/airflow/dags/dag_generar_catalogo_vuelos.py
[2026-07-09T01:10:51.527-0500] {processor.py:840} INFO - DAG(s) 'aerotrack_travel_catalogo_vuelos' retrieved from /opt/airflow/dags/dag_generar_catalogo_vuelos.py
[2026-07-09T01:10:51.558-0500] {logging_mixin.py:188} INFO - [2026-07-09T01:10:51.558-0500] {dag.py:3089} INFO - Sync 1 DAGs
[2026-07-09T01:10:51.575-0500] {logging_mixin.py:188} INFO - [2026-07-09T01:10:51.575-0500] {dag.py:3947} INFO - Setting next_dagrun for aerotrack_travel_catalogo_vuelos to 2026-07-09 00:00:00+00:00, run_after=2026-07-10 00:00:00+00:00
[2026-07-09T01:10:51.588-0500] {processor.py:183} INFO - Processing /opt/airflow/dags/dag_generar_catalogo_vuelos.py took 0.433 seconds
[2026-07-09T01:11:21.998-0500] {processor.py:161} INFO - Started process (PID=8645) to work on /opt/airflow/dags/dag_generar_catalogo_vuelos.py
[2026-07-09T01:11:21.999-0500] {processor.py:830} INFO - Processing file /opt/airflow/dags/dag_generar_catalogo_vuelos.py for tasks to queue
[2026-07-09T01:11:22.001-0500] {logging_mixin.py:188} INFO - [2026-07-09T01:11:22.001-0500] {dagbag.py:545} INFO - Filling up the DagBag from /opt/airflow/dags/dag_generar_catalogo_vuelos.py
[2026-07-09T01:11:22.393-0500] {processor.py:840} INFO - DAG(s) 'aerotrack_travel_catalogo_vuelos' retrieved from /opt/airflow/dags/dag_generar_catalogo_vuelos.py
[2026-07-09T01:11:22.423-0500] {logging_mixin.py:188} INFO - [2026-07-09T01:11:22.423-0500] {dag.py:3089} INFO - Sync 1 DAGs
[2026-07-09T01:11:22.444-0500] {logging_mixin.py:188} INFO - [2026-07-09T01:11:22.444-0500] {dag.py:3947} INFO - Setting next_dagrun for aerotrack_travel_catalogo_vuelos to 2026-07-09 00:00:00+00:00, run_after=2026-07-10 00:00:00+00:00
[2026-07-09T01:11:22.458-0500] {processor.py:183} INFO - Processing /opt/airflow/dags/dag_generar_catalogo_vuelos.py took 0.464 seconds
[2026-07-09T01:11:52.875-0500] {processor.py:161} INFO - Started process (PID=8672) to work on /opt/airflow/dags/dag_generar_catalogo_vuelos.py
[2026-07-09T01:11:52.876-0500] {processor.py:830} INFO - Processing file /opt/airflow/dags/dag_generar_catalogo_vuelos.py for tasks to queue
[2026-07-09T01:11:52.878-0500] {logging_mixin.py:188} INFO - [2026-07-09T01:11:52.878-0500] {dagbag.py:545} INFO - Filling up the DagBag from /opt/airflow/dags/dag_generar_catalogo_vuelos.py
[2026-07-09T01:11:53.271-0500] {processor.py:840} INFO - DAG(s) 'aerotrack_travel_catalogo_vuelos' retrieved from /opt/airflow/dags/dag_generar_catalogo_vuelos.py
[2026-07-09T01:11:53.299-0500] {logging_mixin.py:188} INFO - [2026-07-09T01:11:53.299-0500] {dag.py:3089} INFO - Sync 1 DAGs
[2026-07-09T01:11:53.316-0500] {logging_mixin.py:188} INFO - [2026-07-09T01:11:53.315-0500] {dag.py:3947} INFO - Setting next_dagrun for aerotrack_travel_catalogo_vuelos to 2026-07-09 00:00:00+00:00, run_after=2026-07-10 00:00:00+00:00
[2026-07-09T01:11:53.331-0500] {processor.py:183} INFO - Processing /opt/airflow/dags/dag_generar_catalogo_vuelos.py took 0.460 seconds
[2026-07-09T01:12:23.663-0500] {processor.py:161} INFO - Started process (PID=8699) to work on /opt/airflow/dags/dag_generar_catalogo_vuelos.py
[2026-07-09T01:12:23.664-0500] {processor.py:830} INFO - Processing file /opt/airflow/dags/dag_generar_catalogo_vuelos.py for tasks to queue
[2026-07-09T01:12:23.665-0500] {logging_mixin.py:188} INFO - [2026-07-09T01:12:23.665-0500] {dagbag.py:545} INFO - Filling up the DagBag from /opt/airflow/dags/dag_generar_catalogo_vuelos.py
[2026-07-09T01:12:24.084-0500] {processor.py:840} INFO - DAG(s) 'aerotrack_travel_catalogo_vuelos' retrieved from /opt/airflow/dags/dag_generar_catalogo_vuelos.py
[2026-07-09T01:12:24.113-0500] {logging_mixin.py:188} INFO - [2026-07-09T01:12:24.112-0500] {dag.py:3089} INFO - Sync 1 DAGs
[2026-07-09T01:12:24.132-0500] {logging_mixin.py:188} INFO - [2026-07-09T01:12:24.131-0500] {dag.py:3947} INFO - Setting next_dagrun for aerotrack_travel_catalogo_vuelos to 2026-07-09 00:00:00+00:00, run_after=2026-07-10 00:00:00+00:00
[2026-07-09T01:12:24.146-0500] {processor.py:183} INFO - Processing /opt/airflow/dags/dag_generar_catalogo_vuelos.py took 0.487 seconds
[2026-07-09T01:12:54.572-0500] {processor.py:161} INFO - Started process (PID=8726) to work on /opt/airflow/dags/dag_generar_catalogo_vuelos.py
[2026-07-09T01:12:54.573-0500] {processor.py:830} INFO - Processing file /opt/airflow/dags/dag_generar_catalogo_vuelos.py for tasks to queue
[2026-07-09T01:12:54.574-0500] {logging_mixin.py:188} INFO - [2026-07-09T01:12:54.574-0500] {dagbag.py:545} INFO - Filling up the DagBag from /opt/airflow/dags/dag_generar_catalogo_vuelos.py
[2026-07-09T01:12:54.976-0500] {processor.py:840} INFO - DAG(s) 'aerotrack_travel_catalogo_vuelos' retrieved from /opt/airflow/dags/dag_generar_catalogo_vuelos.py
[2026-07-09T01:12:55.005-0500] {logging_mixin.py:188} INFO - [2026-07-09T01:12:55.005-0500] {dag.py:3089} INFO - Sync 1 DAGs
[2026-07-09T01:12:55.023-0500] {logging_mixin.py:188} INFO - [2026-07-09T01:12:55.023-0500] {dag.py:3947} INFO - Setting next_dagrun for aerotrack_travel_catalogo_vuelos to 2026-07-09 00:00:00+00:00, run_after=2026-07-10 00:00:00+00:00
[2026-07-09T01:12:55.036-0500] {processor.py:183} INFO - Processing /opt/airflow/dags/dag_generar_catalogo_vuelos.py took 0.468 seconds
[2026-07-09T01:13:25.343-0500] {processor.py:161} INFO - Started process (PID=8753) to work on /opt/airflow/dags/dag_generar_catalogo_vuelos.py
[2026-07-09T01:13:25.344-0500] {processor.py:830} INFO - Processing file /opt/airflow/dags/dag_generar_catalogo_vuelos.py for tasks to queue
[2026-07-09T01:13:25.345-0500] {logging_mixin.py:188} INFO - [2026-07-09T01:13:25.345-0500] {dagbag.py:545} INFO - Filling up the DagBag from /opt/airflow/dags/dag_generar_catalogo_vuelos.py
[2026-07-09T01:13:25.766-0500] {processor.py:840} INFO - DAG(s) 'aerotrack_travel_catalogo_vuelos' retrieved from /opt/airflow/dags/dag_generar_catalogo_vuelos.py
[2026-07-09T01:13:25.800-0500] {logging_mixin.py:188} INFO - [2026-07-09T01:13:25.800-0500] {dag.py:3089} INFO - Sync 1 DAGs
[2026-07-09T01:13:25.821-0500] {logging_mixin.py:188} INFO - [2026-07-09T01:13:25.821-0500] {dag.py:3947} INFO - Setting next_dagrun for aerotrack_travel_catalogo_vuelos to 2026-07-09 00:00:00+00:00, run_after=2026-07-10 00:00:00+00:00
[2026-07-09T01:13:25.838-0500] {processor.py:183} INFO - Processing /opt/airflow/dags/dag_generar_catalogo_vuelos.py took 0.500 seconds
[2026-07-09T01:13:56.173-0500] {processor.py:161} INFO - Started process (PID=8780) to work on /opt/airflow/dags/dag_generar_catalogo_vuelos.py
[2026-07-09T01:13:56.174-0500] {processor.py:830} INFO - Processing file /opt/airflow/dags/dag_generar_catalogo_vuelos.py for tasks to queue
[2026-07-09T01:13:56.176-0500] {logging_mixin.py:188} INFO - [2026-07-09T01:13:56.175-0500] {dagbag.py:545} INFO - Filling up the DagBag from /opt/airflow/dags/dag_generar_catalogo_vuelos.py
[2026-07-09T01:13:56.649-0500] {processor.py:840} INFO - DAG(s) 'aerotrack_travel_catalogo_vuelos' retrieved from /opt/airflow/dags/dag_generar_catalogo_vuelos.py
[2026-07-09T01:13:56.707-0500] {logging_mixin.py:188} INFO - [2026-07-09T01:13:56.707-0500] {dag.py:3089} INFO - Sync 1 DAGs
[2026-07-09T01:13:56.729-0500] {logging_mixin.py:188} INFO - [2026-07-09T01:13:56.729-0500] {dag.py:3947} INFO - Setting next_dagrun for aerotrack_travel_catalogo_vuelos to 2026-07-09 00:00:00+00:00, run_after=2026-07-10 00:00:00+00:00
[2026-07-09T01:13:56.747-0500] {processor.py:183} INFO - Processing /opt/airflow/dags/dag_generar_catalogo_vuelos.py took 0.580 seconds
[2026-07-09T01:14:27.094-0500] {processor.py:161} INFO - Started process (PID=8807) to work on /opt/airflow/dags/dag_generar_catalogo_vuelos.py
[2026-07-09T01:14:27.095-0500] {processor.py:830} INFO - Processing file /opt/airflow/dags/dag_generar_catalogo_vuelos.py for tasks to queue
[2026-07-09T01:14:27.097-0500] {logging_mixin.py:188} INFO - [2026-07-09T01:14:27.096-0500] {dagbag.py:545} INFO - Filling up the DagBag from /opt/airflow/dags/dag_generar_catalogo_vuelos.py
[2026-07-09T01:14:27.492-0500] {processor.py:840} INFO - DAG(s) 'aerotrack_travel_catalogo_vuelos' retrieved from /opt/airflow/dags/dag_generar_catalogo_vuelos.py
[2026-07-09T01:14:27.521-0500] {logging_mixin.py:188} INFO - [2026-07-09T01:14:27.521-0500] {dag.py:3089} INFO - Sync 1 DAGs
[2026-07-09T01:14:27.538-0500] {logging_mixin.py:188} INFO - [2026-07-09T01:14:27.538-0500] {dag.py:3947} INFO - Setting next_dagrun for aerotrack_travel_catalogo_vuelos to 2026-07-09 00:00:00+00:00, run_after=2026-07-10 00:00:00+00:00
[2026-07-09T01:14:27.552-0500] {processor.py:183} INFO - Processing /opt/airflow/dags/dag_generar_catalogo_vuelos.py took 0.463 seconds
[2026-07-09T01:14:57.912-0500] {processor.py:161} INFO - Started process (PID=8834) to work on /opt/airflow/dags/dag_generar_catalogo_vuelos.py
[2026-07-09T01:14:57.913-0500] {processor.py:830} INFO - Processing file /opt/airflow/dags/dag_generar_catalogo_vuelos.py for tasks to queue
[2026-07-09T01:14:57.915-0500] {logging_mixin.py:188} INFO - [2026-07-09T01:14:57.914-0500] {dagbag.py:545} INFO - Filling up the DagBag from /opt/airflow/dags/dag_generar_catalogo_vuelos.py
[2026-07-09T01:14:58.374-0500] {processor.py:840} INFO - DAG(s) 'aerotrack_travel_catalogo_vuelos' retrieved from /opt/airflow/dags/dag_generar_catalogo_vuelos.py
[2026-07-09T01:14:58.407-0500] {logging_mixin.py:188} INFO - [2026-07-09T01:14:58.407-0500] {dag.py:3089} INFO - Sync 1 DAGs
[2026-07-09T01:14:58.429-0500] {logging_mixin.py:188} INFO - [2026-07-09T01:14:58.429-0500] {dag.py:3947} INFO - Setting next_dagrun for aerotrack_travel_catalogo_vuelos to 2026-07-09 00:00:00+00:00, run_after=2026-07-10 00:00:00+00:00
[2026-07-09T01:14:58.445-0500] {processor.py:183} INFO - Processing /opt/airflow/dags/dag_generar_catalogo_vuelos.py took 0.539 seconds
[2026-07-09T01:15:28.836-0500] {processor.py:161} INFO - Started process (PID=8861) to work on /opt/airflow/dags/dag_generar_catalogo_vuelos.py
[2026-07-09T01:15:28.838-0500] {processor.py:830} INFO - Processing file /opt/airflow/dags/dag_generar_catalogo_vuelos.py for tasks to queue
[2026-07-09T01:15:28.840-0500] {logging_mixin.py:188} INFO - [2026-07-09T01:15:28.840-0500] {dagbag.py:545} INFO - Filling up the DagBag from /opt/airflow/dags/dag_generar_catalogo_vuelos.py
[2026-07-09T01:15:29.313-0500] {processor.py:840} INFO - DAG(s) 'aerotrack_travel_catalogo_vuelos' retrieved from /opt/airflow/dags/dag_generar_catalogo_vuelos.py
[2026-07-09T01:15:29.344-0500] {logging_mixin.py:188} INFO - [2026-07-09T01:15:29.344-0500] {dag.py:3089} INFO - Sync 1 DAGs
[2026-07-09T01:15:29.363-0500] {logging_mixin.py:188} INFO - [2026-07-09T01:15:29.363-0500] {dag.py:3947} INFO - Setting next_dagrun for aerotrack_travel_catalogo_vuelos to 2026-07-09 00:00:00+00:00, run_after=2026-07-10 00:00:00+00:00
[2026-07-09T01:15:29.378-0500] {processor.py:183} INFO - Processing /opt/airflow/dags/dag_generar_catalogo_vuelos.py took 0.549 seconds
[2026-07-09T01:15:59.719-0500] {processor.py:161} INFO - Started process (PID=8888) to work on /opt/airflow/dags/dag_generar_catalogo_vuelos.py
[2026-07-09T01:15:59.720-0500] {processor.py:830} INFO - Processing file /opt/airflow/dags/dag_generar_catalogo_vuelos.py for tasks to queue
[2026-07-09T01:15:59.722-0500] {logging_mixin.py:188} INFO - [2026-07-09T01:15:59.722-0500] {dagbag.py:545} INFO - Filling up the DagBag from /opt/airflow/dags/dag_generar_catalogo_vuelos.py
[2026-07-09T01:16:00.144-0500] {processor.py:840} INFO - DAG(s) 'aerotrack_travel_catalogo_vuelos' retrieved from /opt/airflow/dags/dag_generar_catalogo_vuelos.py
[2026-07-09T01:16:00.178-0500] {logging_mixin.py:188} INFO - [2026-07-09T01:16:00.178-0500] {dag.py:3089} INFO - Sync 1 DAGs
[2026-07-09T01:16:00.195-0500] {logging_mixin.py:188} INFO - [2026-07-09T01:16:00.195-0500] {dag.py:3947} INFO - Setting next_dagrun for aerotrack_travel_catalogo_vuelos to 2026-07-09 00:00:00+00:00, run_after=2026-07-10 00:00:00+00:00
[2026-07-09T01:16:00.209-0500] {processor.py:183} INFO - Processing /opt/airflow/dags/dag_generar_catalogo_vuelos.py took 0.496 seconds
[2026-07-09T01:16:30.788-0500] {processor.py:161} INFO - Started process (PID=8915) to work on /opt/airflow/dags/dag_generar_catalogo_vuelos.py
[2026-07-09T01:16:30.789-0500] {processor.py:830} INFO - Processing file /opt/airflow/dags/dag_generar_catalogo_vuelos.py for tasks to queue
[2026-07-09T01:16:30.790-0500] {logging_mixin.py:188} INFO - [2026-07-09T01:16:30.790-0500] {dagbag.py:545} INFO - Filling up the DagBag from /opt/airflow/dags/dag_generar_catalogo_vuelos.py
[2026-07-09T01:16:31.259-0500] {processor.py:840} INFO - DAG(s) 'aerotrack_travel_catalogo_vuelos' retrieved from /opt/airflow/dags/dag_generar_catalogo_vuelos.py
[2026-07-09T01:16:31.289-0500] {logging_mixin.py:188} INFO - [2026-07-09T01:16:31.289-0500] {dag.py:3089} INFO - Sync 1 DAGs
[2026-07-09T01:16:31.308-0500] {logging_mixin.py:188} INFO - [2026-07-09T01:16:31.307-0500] {dag.py:3947} INFO - Setting next_dagrun for aerotrack_travel_catalogo_vuelos to 2026-07-09 00:00:00+00:00, run_after=2026-07-10 00:00:00+00:00
[2026-07-09T01:16:31.322-0500] {processor.py:183} INFO - Processing /opt/airflow/dags/dag_generar_catalogo_vuelos.py took 0.538 seconds
[2026-07-09T01:17:01.636-0500] {processor.py:161} INFO - Started process (PID=8942) to work on /opt/airflow/dags/dag_generar_catalogo_vuelos.py
[2026-07-09T01:17:01.637-0500] {processor.py:830} INFO - Processing file /opt/airflow/dags/dag_generar_catalogo_vuelos.py for tasks to queue
[2026-07-09T01:17:01.639-0500] {logging_mixin.py:188} INFO - [2026-07-09T01:17:01.639-0500] {dagbag.py:545} INFO - Filling up the DagBag from /opt/airflow/dags/dag_generar_catalogo_vuelos.py
[2026-07-09T01:17:02.040-0500] {processor.py:840} INFO - DAG(s) 'aerotrack_travel_catalogo_vuelos' retrieved from /opt/airflow/dags/dag_generar_catalogo_vuelos.py
[2026-07-09T01:17:02.072-0500] {logging_mixin.py:188} INFO - [2026-07-09T01:17:02.072-0500] {dag.py:3089} INFO - Sync 1 DAGs
[2026-07-09T01:17:02.090-0500] {logging_mixin.py:188} INFO - [2026-07-09T01:17:02.090-0500] {dag.py:3947} INFO - Setting next_dagrun for aerotrack_travel_catalogo_vuelos to 2026-07-09 00:00:00+00:00, run_after=2026-07-10 00:00:00+00:00
[2026-07-09T01:17:02.107-0500] {processor.py:183} INFO - Processing /opt/airflow/dags/dag_generar_catalogo_vuelos.py took 0.475 seconds
[2026-07-09T01:17:32.515-0500] {processor.py:161} INFO - Started process (PID=8969) to work on /opt/airflow/dags/dag_generar_catalogo_vuelos.py
[2026-07-09T01:17:32.516-0500] {processor.py:830} INFO - Processing file /opt/airflow/dags/dag_generar_catalogo_vuelos.py for tasks to queue
[2026-07-09T01:17:32.518-0500] {logging_mixin.py:188} INFO - [2026-07-09T01:17:32.517-0500] {dagbag.py:545} INFO - Filling up the DagBag from /opt/airflow/dags/dag_generar_catalogo_vuelos.py
[2026-07-09T01:17:32.906-0500] {processor.py:840} INFO - DAG(s) 'aerotrack_travel_catalogo_vuelos' retrieved from /opt/airflow/dags/dag_generar_catalogo_vuelos.py
[2026-07-09T01:17:32.936-0500] {logging_mixin.py:188} INFO - [2026-07-09T01:17:32.936-0500] {dag.py:3089} INFO - Sync 1 DAGs
[2026-07-09T01:17:32.955-0500] {logging_mixin.py:188} INFO - [2026-07-09T01:17:32.955-0500] {dag.py:3947} INFO - Setting next_dagrun for aerotrack_travel_catalogo_vuelos to 2026-07-09 00:00:00+00:00, run_after=2026-07-10 00:00:00+00:00
[2026-07-09T01:17:32.969-0500] {processor.py:183} INFO - Processing /opt/airflow/dags/dag_generar_catalogo_vuelos.py took 0.459 seconds
[2026-07-09T01:18:03.363-0500] {processor.py:161} INFO - Started process (PID=8996) to work on /opt/airflow/dags/dag_generar_catalogo_vuelos.py
[2026-07-09T01:18:03.364-0500] {processor.py:830} INFO - Processing file /opt/airflow/dags/dag_generar_catalogo_vuelos.py for tasks to queue
[2026-07-09T01:18:03.365-0500] {logging_mixin.py:188} INFO - [2026-07-09T01:18:03.365-0500] {dagbag.py:545} INFO - Filling up the DagBag from /opt/airflow/dags/dag_generar_catalogo_vuelos.py
[2026-07-09T01:18:03.746-0500] {processor.py:840} INFO - DAG(s) 'aerotrack_travel_catalogo_vuelos' retrieved from /opt/airflow/dags/dag_generar_catalogo_vuelos.py
[2026-07-09T01:18:03.772-0500] {logging_mixin.py:188} INFO - [2026-07-09T01:18:03.772-0500] {dag.py:3089} INFO - Sync 1 DAGs
[2026-07-09T01:18:03.788-0500] {logging_mixin.py:188} INFO - [2026-07-09T01:18:03.787-0500] {dag.py:3947} INFO - Setting next_dagrun for aerotrack_travel_catalogo_vuelos to 2026-07-09 00:00:00+00:00, run_after=2026-07-10 00:00:00+00:00
[2026-07-09T01:18:03.801-0500] {processor.py:183} INFO - Processing /opt/airflow/dags/dag_generar_catalogo_vuelos.py took 0.442 seconds
[2026-07-09T01:18:34.141-0500] {processor.py:161} INFO - Started process (PID=9023) to work on /opt/airflow/dags/dag_generar_catalogo_vuelos.py
[2026-07-09T01:18:34.142-0500] {processor.py:830} INFO - Processing file /opt/airflow/dags/dag_generar_catalogo_vuelos.py for tasks to queue
[2026-07-09T01:18:34.144-0500] {logging_mixin.py:188} INFO - [2026-07-09T01:18:34.143-0500] {dagbag.py:545} INFO - Filling up the DagBag from /opt/airflow/dags/dag_generar_catalogo_vuelos.py
[2026-07-09T01:18:34.524-0500] {processor.py:840} INFO - DAG(s) 'aerotrack_travel_catalogo_vuelos' retrieved from /opt/airflow/dags/dag_generar_catalogo_vuelos.py
[2026-07-09T01:18:34.555-0500] {logging_mixin.py:188} INFO - [2026-07-09T01:18:34.555-0500] {dag.py:3089} INFO - Sync 1 DAGs
[2026-07-09T01:18:34.573-0500] {logging_mixin.py:188} INFO - [2026-07-09T01:18:34.573-0500] {dag.py:3947} INFO - Setting next_dagrun for aerotrack_travel_catalogo_vuelos to 2026-07-09 00:00:00+00:00, run_after=2026-07-10 00:00:00+00:00
[2026-07-09T01:18:34.587-0500] {processor.py:183} INFO - Processing /opt/airflow/dags/dag_generar_catalogo_vuelos.py took 0.450 seconds
[2026-07-09T01:19:04.888-0500] {processor.py:161} INFO - Started process (PID=9050) to work on /opt/airflow/dags/dag_generar_catalogo_vuelos.py
[2026-07-09T01:19:04.889-0500] {processor.py:830} INFO - Processing file /opt/airflow/dags/dag_generar_catalogo_vuelos.py for tasks to queue
[2026-07-09T01:19:04.891-0500] {logging_mixin.py:188} INFO - [2026-07-09T01:19:04.891-0500] {dagbag.py:545} INFO - Filling up the DagBag from /opt/airflow/dags/dag_generar_catalogo_vuelos.py
[2026-07-09T01:19:05.288-0500] {processor.py:840} INFO - DAG(s) 'aerotrack_travel_catalogo_vuelos' retrieved from /opt/airflow/dags/dag_generar_catalogo_vuelos.py
[2026-07-09T01:19:05.315-0500] {logging_mixin.py:188} INFO - [2026-07-09T01:19:05.315-0500] {dag.py:3089} INFO - Sync 1 DAGs
[2026-07-09T01:19:05.330-0500] {logging_mixin.py:188} INFO - [2026-07-09T01:19:05.330-0500] {dag.py:3947} INFO - Setting next_dagrun for aerotrack_travel_catalogo_vuelos to 2026-07-09 00:00:00+00:00, run_after=2026-07-10 00:00:00+00:00
[2026-07-09T01:19:05.344-0500] {processor.py:183} INFO - Processing /opt/airflow/dags/dag_generar_catalogo_vuelos.py took 0.461 seconds
[2026-07-09T01:19:35.742-0500] {processor.py:161} INFO - Started process (PID=9077) to work on /opt/airflow/dags/dag_generar_catalogo_vuelos.py
[2026-07-09T01:19:35.743-0500] {processor.py:830} INFO - Processing file /opt/airflow/dags/dag_generar_catalogo_vuelos.py for tasks to queue
[2026-07-09T01:19:35.745-0500] {logging_mixin.py:188} INFO - [2026-07-09T01:19:35.745-0500] {dagbag.py:545} INFO - Filling up the DagBag from /opt/airflow/dags/dag_generar_catalogo_vuelos.py
[2026-07-09T01:19:36.173-0500] {processor.py:840} INFO - DAG(s) 'aerotrack_travel_catalogo_vuelos' retrieved from /opt/airflow/dags/dag_generar_catalogo_vuelos.py
[2026-07-09T01:19:36.203-0500] {logging_mixin.py:188} INFO - [2026-07-09T01:19:36.203-0500] {dag.py:3089} INFO - Sync 1 DAGs
[2026-07-09T01:19:36.221-0500] {logging_mixin.py:188} INFO - [2026-07-09T01:19:36.221-0500] {dag.py:3947} INFO - Setting next_dagrun for aerotrack_travel_catalogo_vuelos to 2026-07-09 00:00:00+00:00, run_after=2026-07-10 00:00:00+00:00
[2026-07-09T01:19:36.234-0500] {processor.py:183} INFO - Processing /opt/airflow/dags/dag_generar_catalogo_vuelos.py took 0.496 seconds
[2026-07-09T01:20:06.654-0500] {processor.py:161} INFO - Started process (PID=9104) to work on /opt/airflow/dags/dag_generar_catalogo_vuelos.py
[2026-07-09T01:20:06.655-0500] {processor.py:830} INFO - Processing file /opt/airflow/dags/dag_generar_catalogo_vuelos.py for tasks to queue
[2026-07-09T01:20:06.656-0500] {logging_mixin.py:188} INFO - [2026-07-09T01:20:06.656-0500] {dagbag.py:545} INFO - Filling up the DagBag from /opt/airflow/dags/dag_generar_catalogo_vuelos.py
[2026-07-09T01:20:07.065-0500] {processor.py:840} INFO - DAG(s) 'aerotrack_travel_catalogo_vuelos' retrieved from /opt/airflow/dags/dag_generar_catalogo_vuelos.py
[2026-07-09T01:20:07.094-0500] {logging_mixin.py:188} INFO - [2026-07-09T01:20:07.094-0500] {dag.py:3089} INFO - Sync 1 DAGs
[2026-07-09T01:20:07.111-0500] {logging_mixin.py:188} INFO - [2026-07-09T01:20:07.110-0500] {dag.py:3947} INFO - Setting next_dagrun for aerotrack_travel_catalogo_vuelos to 2026-07-09 00:00:00+00:00, run_after=2026-07-10 00:00:00+00:00
[2026-07-09T01:20:07.125-0500] {processor.py:183} INFO - Processing /opt/airflow/dags/dag_generar_catalogo_vuelos.py took 0.475 seconds
[2026-07-09T01:20:37.520-0500] {processor.py:161} INFO - Started process (PID=9131) to work on /opt/airflow/dags/dag_generar_catalogo_vuelos.py
[2026-07-09T01:20:37.521-0500] {processor.py:830} INFO - Processing file /opt/airflow/dags/dag_generar_catalogo_vuelos.py for tasks to queue
[2026-07-09T01:20:37.523-0500] {logging_mixin.py:188} INFO - [2026-07-09T01:20:37.523-0500] {dagbag.py:545} INFO - Filling up the DagBag from /opt/airflow/dags/dag_generar_catalogo_vuelos.py
[2026-07-09T01:20:37.938-0500] {processor.py:840} INFO - DAG(s) 'aerotrack_travel_catalogo_vuelos' retrieved from /opt/airflow/dags/dag_generar_catalogo_vuelos.py
[2026-07-09T01:20:37.970-0500] {logging_mixin.py:188} INFO - [2026-07-09T01:20:37.970-0500] {dag.py:3089} INFO - Sync 1 DAGs
[2026-07-09T01:20:37.988-0500] {logging_mixin.py:188} INFO - [2026-07-09T01:20:37.988-0500] {dag.py:3947} INFO - Setting next_dagrun for aerotrack_travel_catalogo_vuelos to 2026-07-09 00:00:00+00:00, run_after=2026-07-10 00:00:00+00:00
[2026-07-09T01:20:38.003-0500] {processor.py:183} INFO - Processing /opt/airflow/dags/dag_generar_catalogo_vuelos.py took 0.487 seconds
[2026-07-09T01:21:08.328-0500] {processor.py:161} INFO - Started process (PID=9158) to work on /opt/airflow/dags/dag_generar_catalogo_vuelos.py
[2026-07-09T01:21:08.329-0500] {processor.py:830} INFO - Processing file /opt/airflow/dags/dag_generar_catalogo_vuelos.py for tasks to queue
[2026-07-09T01:21:08.330-0500] {logging_mixin.py:188} INFO - [2026-07-09T01:21:08.330-0500] {dagbag.py:545} INFO - Filling up the DagBag from /opt/airflow/dags/dag_generar_catalogo_vuelos.py
[2026-07-09T01:21:08.733-0500] {processor.py:840} INFO - DAG(s) 'aerotrack_travel_catalogo_vuelos' retrieved from /opt/airflow/dags/dag_generar_catalogo_vuelos.py
[2026-07-09T01:21:08.764-0500] {logging_mixin.py:188} INFO - [2026-07-09T01:21:08.764-0500] {dag.py:3089} INFO - Sync 1 DAGs
[2026-07-09T01:21:08.781-0500] {logging_mixin.py:188} INFO - [2026-07-09T01:21:08.781-0500] {dag.py:3947} INFO - Setting next_dagrun for aerotrack_travel_catalogo_vuelos to 2026-07-09 00:00:00+00:00, run_after=2026-07-10 00:00:00+00:00
[2026-07-09T01:21:08.795-0500] {processor.py:183} INFO - Processing /opt/airflow/dags/dag_generar_catalogo_vuelos.py took 0.471 seconds
[2026-07-09T01:21:39.219-0500] {processor.py:161} INFO - Started process (PID=9185) to work on /opt/airflow/dags/dag_generar_catalogo_vuelos.py
[2026-07-09T01:21:39.220-0500] {processor.py:830} INFO - Processing file /opt/airflow/dags/dag_generar_catalogo_vuelos.py for tasks to queue
[2026-07-09T01:21:39.224-0500] {logging_mixin.py:188} INFO - [2026-07-09T01:21:39.223-0500] {dagbag.py:545} INFO - Filling up the DagBag from /opt/airflow/dags/dag_generar_catalogo_vuelos.py
[2026-07-09T01:21:39.673-0500] {processor.py:840} INFO - DAG(s) 'aerotrack_travel_catalogo_vuelos' retrieved from /opt/airflow/dags/dag_generar_catalogo_vuelos.py
[2026-07-09T01:21:39.717-0500] {logging_mixin.py:188} INFO - [2026-07-09T01:21:39.717-0500] {dag.py:3089} INFO - Sync 1 DAGs
[2026-07-09T01:21:39.736-0500] {logging_mixin.py:188} INFO - [2026-07-09T01:21:39.736-0500] {dag.py:3947} INFO - Setting next_dagrun for aerotrack_travel_catalogo_vuelos to 2026-07-09 00:00:00+00:00, run_after=2026-07-10 00:00:00+00:00
[2026-07-09T01:21:39.751-0500] {processor.py:183} INFO - Processing /opt/airflow/dags/dag_generar_catalogo_vuelos.py took 0.536 seconds
[2026-07-09T01:22:10.060-0500] {processor.py:161} INFO - Started process (PID=9212) to work on /opt/airflow/dags/dag_generar_catalogo_vuelos.py
[2026-07-09T01:22:10.061-0500] {processor.py:830} INFO - Processing file /opt/airflow/dags/dag_generar_catalogo_vuelos.py for tasks to queue
[2026-07-09T01:22:10.062-0500] {logging_mixin.py:188} INFO - [2026-07-09T01:22:10.062-0500] {dagbag.py:545} INFO - Filling up the DagBag from /opt/airflow/dags/dag_generar_catalogo_vuelos.py
[2026-07-09T01:22:10.424-0500] {processor.py:840} INFO - DAG(s) 'aerotrack_travel_catalogo_vuelos' retrieved from /opt/airflow/dags/dag_generar_catalogo_vuelos.py
[2026-07-09T01:22:10.461-0500] {logging_mixin.py:188} INFO - [2026-07-09T01:22:10.461-0500] {dag.py:3089} INFO - Sync 1 DAGs
[2026-07-09T01:22:10.477-0500] {logging_mixin.py:188} INFO - [2026-07-09T01:22:10.477-0500] {dag.py:3947} INFO - Setting next_dagrun for aerotrack_travel_catalogo_vuelos to 2026-07-09 00:00:00+00:00, run_after=2026-07-10 00:00:00+00:00
[2026-07-09T01:22:10.493-0500] {processor.py:183} INFO - Processing /opt/airflow/dags/dag_generar_catalogo_vuelos.py took 0.437 seconds
[2026-07-09T01:22:40.836-0500] {processor.py:161} INFO - Started process (PID=9239) to work on /opt/airflow/dags/dag_generar_catalogo_vuelos.py
[2026-07-09T01:22:40.837-0500] {processor.py:830} INFO - Processing file /opt/airflow/dags/dag_generar_catalogo_vuelos.py for tasks to queue
[2026-07-09T01:22:40.839-0500] {logging_mixin.py:188} INFO - [2026-07-09T01:22:40.839-0500] {dagbag.py:545} INFO - Filling up the DagBag from /opt/airflow/dags/dag_generar_catalogo_vuelos.py
[2026-07-09T01:22:41.279-0500] {processor.py:840} INFO - DAG(s) 'aerotrack_travel_catalogo_vuelos' retrieved from /opt/airflow/dags/dag_generar_catalogo_vuelos.py
[2026-07-09T01:22:41.324-0500] {logging_mixin.py:188} INFO - [2026-07-09T01:22:41.324-0500] {dag.py:3089} INFO - Sync 1 DAGs
[2026-07-09T01:22:41.342-0500] {logging_mixin.py:188} INFO - [2026-07-09T01:22:41.342-0500] {dag.py:3947} INFO - Setting next_dagrun for aerotrack_travel_catalogo_vuelos to 2026-07-09 00:00:00+00:00, run_after=2026-07-10 00:00:00+00:00
[2026-07-09T01:22:41.358-0500] {processor.py:183} INFO - Processing /opt/airflow/dags/dag_generar_catalogo_vuelos.py took 0.526 seconds
[2026-07-09T01:23:11.677-0500] {processor.py:161} INFO - Started process (PID=9266) to work on /opt/airflow/dags/dag_generar_catalogo_vuelos.py
[2026-07-09T01:23:11.678-0500] {processor.py:830} INFO - Processing file /opt/airflow/dags/dag_generar_catalogo_vuelos.py for tasks to queue
[2026-07-09T01:23:11.679-0500] {logging_mixin.py:188} INFO - [2026-07-09T01:23:11.679-0500] {dagbag.py:545} INFO - Filling up the DagBag from /opt/airflow/dags/dag_generar_catalogo_vuelos.py
[2026-07-09T01:23:12.067-0500] {processor.py:840} INFO - DAG(s) 'aerotrack_travel_catalogo_vuelos' retrieved from /opt/airflow/dags/dag_generar_catalogo_vuelos.py
[2026-07-09T01:23:12.093-0500] {logging_mixin.py:188} INFO - [2026-07-09T01:23:12.093-0500] {dag.py:3089} INFO - Sync 1 DAGs
[2026-07-09T01:23:12.108-0500] {logging_mixin.py:188} INFO - [2026-07-09T01:23:12.107-0500] {dag.py:3947} INFO - Setting next_dagrun for aerotrack_travel_catalogo_vuelos to 2026-07-09 00:00:00+00:00, run_after=2026-07-10 00:00:00+00:00
[2026-07-09T01:23:12.121-0500] {processor.py:183} INFO - Processing /opt/airflow/dags/dag_generar_catalogo_vuelos.py took 0.449 seconds
[2026-07-09T01:23:42.445-0500] {processor.py:161} INFO - Started process (PID=9293) to work on /opt/airflow/dags/dag_generar_catalogo_vuelos.py
[2026-07-09T01:23:42.446-0500] {processor.py:830} INFO - Processing file /opt/airflow/dags/dag_generar_catalogo_vuelos.py for tasks to queue
[2026-07-09T01:23:42.448-0500] {logging_mixin.py:188} INFO - [2026-07-09T01:23:42.448-0500] {dagbag.py:545} INFO - Filling up the DagBag from /opt/airflow/dags/dag_generar_catalogo_vuelos.py
[2026-07-09T01:23:42.905-0500] {processor.py:840} INFO - DAG(s) 'aerotrack_travel_catalogo_vuelos' retrieved from /opt/airflow/dags/dag_generar_catalogo_vuelos.py
[2026-07-09T01:23:42.939-0500] {logging_mixin.py:188} INFO - [2026-07-09T01:23:42.939-0500] {dag.py:3089} INFO - Sync 1 DAGs
[2026-07-09T01:23:42.960-0500] {logging_mixin.py:188} INFO - [2026-07-09T01:23:42.960-0500] {dag.py:3947} INFO - Setting next_dagrun for aerotrack_travel_catalogo_vuelos to 2026-07-09 00:00:00+00:00, run_after=2026-07-10 00:00:00+00:00
[2026-07-09T01:23:42.975-0500] {processor.py:183} INFO - Processing /opt/airflow/dags/dag_generar_catalogo_vuelos.py took 0.535 seconds
[2026-07-09T01:24:13.270-0500] {processor.py:161} INFO - Started process (PID=9320) to work on /opt/airflow/dags/dag_generar_catalogo_vuelos.py
[2026-07-09T01:24:13.271-0500] {processor.py:830} INFO - Processing file /opt/airflow/dags/dag_generar_catalogo_vuelos.py for tasks to queue
[2026-07-09T01:24:13.272-0500] {logging_mixin.py:188} INFO - [2026-07-09T01:24:13.272-0500] {dagbag.py:545} INFO - Filling up the DagBag from /opt/airflow/dags/dag_generar_catalogo_vuelos.py
[2026-07-09T01:24:13.680-0500] {processor.py:840} INFO - DAG(s) 'aerotrack_travel_catalogo_vuelos' retrieved from /opt/airflow/dags/dag_generar_catalogo_vuelos.py
[2026-07-09T01:24:13.711-0500] {logging_mixin.py:188} INFO - [2026-07-09T01:24:13.711-0500] {dag.py:3089} INFO - Sync 1 DAGs
[2026-07-09T01:24:13.727-0500] {logging_mixin.py:188} INFO - [2026-07-09T01:24:13.727-0500] {dag.py:3947} INFO - Setting next_dagrun for aerotrack_travel_catalogo_vuelos to 2026-07-09 00:00:00+00:00, run_after=2026-07-10 00:00:00+00:00
[2026-07-09T01:24:13.743-0500] {processor.py:183} INFO - Processing /opt/airflow/dags/dag_generar_catalogo_vuelos.py took 0.477 seconds
[2026-07-09T01:24:44.041-0500] {processor.py:161} INFO - Started process (PID=9347) to work on /opt/airflow/dags/dag_generar_catalogo_vuelos.py
[2026-07-09T01:24:44.042-0500] {processor.py:830} INFO - Processing file /opt/airflow/dags/dag_generar_catalogo_vuelos.py for tasks to queue
[2026-07-09T01:24:44.043-0500] {logging_mixin.py:188} INFO - [2026-07-09T01:24:44.043-0500] {dagbag.py:545} INFO - Filling up the DagBag from /opt/airflow/dags/dag_generar_catalogo_vuelos.py
[2026-07-09T01:24:44.463-0500] {processor.py:840} INFO - DAG(s) 'aerotrack_travel_catalogo_vuelos' retrieved from /opt/airflow/dags/dag_generar_catalogo_vuelos.py
[2026-07-09T01:24:44.489-0500] {logging_mixin.py:188} INFO - [2026-07-09T01:24:44.489-0500] {dag.py:3089} INFO - Sync 1 DAGs
[2026-07-09T01:24:44.507-0500] {logging_mixin.py:188} INFO - [2026-07-09T01:24:44.507-0500] {dag.py:3947} INFO - Setting next_dagrun for aerotrack_travel_catalogo_vuelos to 2026-07-09 00:00:00+00:00, run_after=2026-07-10 00:00:00+00:00
[2026-07-09T01:24:44.520-0500] {processor.py:183} INFO - Processing /opt/airflow/dags/dag_generar_catalogo_vuelos.py took 0.484 seconds
[2026-07-09T01:25:15.023-0500] {processor.py:161} INFO - Started process (PID=9374) to work on /opt/airflow/dags/dag_generar_catalogo_vuelos.py
[2026-07-09T01:25:15.024-0500] {processor.py:830} INFO - Processing file /opt/airflow/dags/dag_generar_catalogo_vuelos.py for tasks to queue
[2026-07-09T01:25:15.025-0500] {logging_mixin.py:188} INFO - [2026-07-09T01:25:15.025-0500] {dagbag.py:545} INFO - Filling up the DagBag from /opt/airflow/dags/dag_generar_catalogo_vuelos.py
[2026-07-09T01:25:15.511-0500] {processor.py:840} INFO - DAG(s) 'aerotrack_travel_catalogo_vuelos' retrieved from /opt/airflow/dags/dag_generar_catalogo_vuelos.py
[2026-07-09T01:25:15.553-0500] {logging_mixin.py:188} INFO - [2026-07-09T01:25:15.553-0500] {dag.py:3089} INFO - Sync 1 DAGs
[2026-07-09T01:25:15.570-0500] {logging_mixin.py:188} INFO - [2026-07-09T01:25:15.569-0500] {dag.py:3947} INFO - Setting next_dagrun for aerotrack_travel_catalogo_vuelos to 2026-07-09 00:00:00+00:00, run_after=2026-07-10 00:00:00+00:00
[2026-07-09T01:25:15.584-0500] {processor.py:183} INFO - Processing /opt/airflow/dags/dag_generar_catalogo_vuelos.py took 0.565 seconds
[2026-07-09T01:25:45.997-0500] {processor.py:161} INFO - Started process (PID=9401) to work on /opt/airflow/dags/dag_generar_catalogo_vuelos.py
[2026-07-09T01:25:45.997-0500] {processor.py:830} INFO - Processing file /opt/airflow/dags/dag_generar_catalogo_vuelos.py for tasks to queue
[2026-07-09T01:25:45.999-0500] {logging_mixin.py:188} INFO - [2026-07-09T01:25:45.999-0500] {dagbag.py:545} INFO - Filling up the DagBag from /opt/airflow/dags/dag_generar_catalogo_vuelos.py
[2026-07-09T01:25:46.378-0500] {processor.py:840} INFO - DAG(s) 'aerotrack_travel_catalogo_vuelos' retrieved from /opt/airflow/dags/dag_generar_catalogo_vuelos.py
[2026-07-09T01:25:46.408-0500] {logging_mixin.py:188} INFO - [2026-07-09T01:25:46.408-0500] {dag.py:3089} INFO - Sync 1 DAGs
[2026-07-09T01:25:46.429-0500] {logging_mixin.py:188} INFO - [2026-07-09T01:25:46.429-0500] {dag.py:3947} INFO - Setting next_dagrun for aerotrack_travel_catalogo_vuelos to 2026-07-09 00:00:00+00:00, run_after=2026-07-10 00:00:00+00:00
[2026-07-09T01:25:46.446-0500] {processor.py:183} INFO - Processing /opt/airflow/dags/dag_generar_catalogo_vuelos.py took 0.454 seconds
[2026-07-09T01:26:16.779-0500] {processor.py:161} INFO - Started process (PID=9428) to work on /opt/airflow/dags/dag_generar_catalogo_vuelos.py
[2026-07-09T01:26:16.780-0500] {processor.py:830} INFO - Processing file /opt/airflow/dags/dag_generar_catalogo_vuelos.py for tasks to queue
[2026-07-09T01:26:16.782-0500] {logging_mixin.py:188} INFO - [2026-07-09T01:26:16.781-0500] {dagbag.py:545} INFO - Filling up the DagBag from /opt/airflow/dags/dag_generar_catalogo_vuelos.py
[2026-07-09T01:26:17.169-0500] {processor.py:840} INFO - DAG(s) 'aerotrack_travel_catalogo_vuelos' retrieved from /opt/airflow/dags/dag_generar_catalogo_vuelos.py
[2026-07-09T01:26:17.197-0500] {logging_mixin.py:188} INFO - [2026-07-09T01:26:17.196-0500] {dag.py:3089} INFO - Sync 1 DAGs
[2026-07-09T01:26:17.213-0500] {logging_mixin.py:188} INFO - [2026-07-09T01:26:17.213-0500] {dag.py:3947} INFO - Setting next_dagrun for aerotrack_travel_catalogo_vuelos to 2026-07-09 00:00:00+00:00, run_after=2026-07-10 00:00:00+00:00
[2026-07-09T01:26:17.227-0500] {processor.py:183} INFO - Processing /opt/airflow/dags/dag_generar_catalogo_vuelos.py took 0.454 seconds
[2026-07-09T01:26:47.803-0500] {processor.py:161} INFO - Started process (PID=9455) to work on /opt/airflow/dags/dag_generar_catalogo_vuelos.py
[2026-07-09T01:26:47.804-0500] {processor.py:830} INFO - Processing file /opt/airflow/dags/dag_generar_catalogo_vuelos.py for tasks to queue
[2026-07-09T01:26:47.806-0500] {logging_mixin.py:188} INFO - [2026-07-09T01:26:47.805-0500] {dagbag.py:545} INFO - Filling up the DagBag from /opt/airflow/dags/dag_generar_catalogo_vuelos.py
[2026-07-09T01:26:48.205-0500] {processor.py:840} INFO - DAG(s) 'aerotrack_travel_catalogo_vuelos' retrieved from /opt/airflow/dags/dag_generar_catalogo_vuelos.py
[2026-07-09T01:26:48.235-0500] {logging_mixin.py:188} INFO - [2026-07-09T01:26:48.235-0500] {dag.py:3089} INFO - Sync 1 DAGs
[2026-07-09T01:26:48.253-0500] {logging_mixin.py:188} INFO - [2026-07-09T01:26:48.253-0500] {dag.py:3947} INFO - Setting next_dagrun for aerotrack_travel_catalogo_vuelos to 2026-07-09 00:00:00+00:00, run_after=2026-07-10 00:00:00+00:00
[2026-07-09T01:26:48.269-0500] {processor.py:183} INFO - Processing /opt/airflow/dags/dag_generar_catalogo_vuelos.py took 0.471 seconds
[2026-07-09T01:27:18.599-0500] {processor.py:161} INFO - Started process (PID=9482) to work on /opt/airflow/dags/dag_generar_catalogo_vuelos.py
[2026-07-09T01:27:18.600-0500] {processor.py:830} INFO - Processing file /opt/airflow/dags/dag_generar_catalogo_vuelos.py for tasks to queue
[2026-07-09T01:27:18.602-0500] {logging_mixin.py:188} INFO - [2026-07-09T01:27:18.602-0500] {dagbag.py:545} INFO - Filling up the DagBag from /opt/airflow/dags/dag_generar_catalogo_vuelos.py
[2026-07-09T01:27:18.981-0500] {processor.py:840} INFO - DAG(s) 'aerotrack_travel_catalogo_vuelos' retrieved from /opt/airflow/dags/dag_generar_catalogo_vuelos.py
[2026-07-09T01:27:19.009-0500] {logging_mixin.py:188} INFO - [2026-07-09T01:27:19.009-0500] {dag.py:3089} INFO - Sync 1 DAGs
[2026-07-09T01:27:19.026-0500] {logging_mixin.py:188} INFO - [2026-07-09T01:27:19.025-0500] {dag.py:3947} INFO - Setting next_dagrun for aerotrack_travel_catalogo_vuelos to 2026-07-09 00:00:00+00:00, run_after=2026-07-10 00:00:00+00:00
[2026-07-09T01:27:19.040-0500] {processor.py:183} INFO - Processing /opt/airflow/dags/dag_generar_catalogo_vuelos.py took 0.445 seconds
[2026-07-09T01:27:49.372-0500] {processor.py:161} INFO - Started process (PID=9509) to work on /opt/airflow/dags/dag_generar_catalogo_vuelos.py
[2026-07-09T01:27:49.373-0500] {processor.py:830} INFO - Processing file /opt/airflow/dags/dag_generar_catalogo_vuelos.py for tasks to queue
[2026-07-09T01:27:49.376-0500] {logging_mixin.py:188} INFO - [2026-07-09T01:27:49.375-0500] {dagbag.py:545} INFO - Filling up the DagBag from /opt/airflow/dags/dag_generar_catalogo_vuelos.py
[2026-07-09T01:27:49.855-0500] {processor.py:840} INFO - DAG(s) 'aerotrack_travel_catalogo_vuelos' retrieved from /opt/airflow/dags/dag_generar_catalogo_vuelos.py
[2026-07-09T01:27:49.882-0500] {logging_mixin.py:188} INFO - [2026-07-09T01:27:49.881-0500] {dag.py:3089} INFO - Sync 1 DAGs
[2026-07-09T01:27:49.897-0500] {logging_mixin.py:188} INFO - [2026-07-09T01:27:49.897-0500] {dag.py:3947} INFO - Setting next_dagrun for aerotrack_travel_catalogo_vuelos to 2026-07-09 00:00:00+00:00, run_after=2026-07-10 00:00:00+00:00
[2026-07-09T01:27:49.912-0500] {processor.py:183} INFO - Processing /opt/airflow/dags/dag_generar_catalogo_vuelos.py took 0.547 seconds
[2026-07-09T01:28:20.344-0500] {processor.py:161} INFO - Started process (PID=9536) to work on /opt/airflow/dags/dag_generar_catalogo_vuelos.py
[2026-07-09T01:28:20.345-0500] {processor.py:830} INFO - Processing file /opt/airflow/dags/dag_generar_catalogo_vuelos.py for tasks to queue
[2026-07-09T01:28:20.346-0500] {logging_mixin.py:188} INFO - [2026-07-09T01:28:20.346-0500] {dagbag.py:545} INFO - Filling up the DagBag from /opt/airflow/dags/dag_generar_catalogo_vuelos.py
[2026-07-09T01:28:20.765-0500] {processor.py:840} INFO - DAG(s) 'aerotrack_travel_catalogo_vuelos' retrieved from /opt/airflow/dags/dag_generar_catalogo_vuelos.py
[2026-07-09T01:28:20.792-0500] {logging_mixin.py:188} INFO - [2026-07-09T01:28:20.792-0500] {dag.py:3089} INFO - Sync 1 DAGs
[2026-07-09T01:28:20.809-0500] {logging_mixin.py:188} INFO - [2026-07-09T01:28:20.809-0500] {dag.py:3947} INFO - Setting next_dagrun for aerotrack_travel_catalogo_vuelos to 2026-07-09 00:00:00+00:00, run_after=2026-07-10 00:00:00+00:00
[2026-07-09T01:28:20.823-0500] {processor.py:183} INFO - Processing /opt/airflow/dags/dag_generar_catalogo_vuelos.py took 0.484 seconds
[2026-07-09T01:28:51.141-0500] {processor.py:161} INFO - Started process (PID=9563) to work on /opt/airflow/dags/dag_generar_catalogo_vuelos.py
[2026-07-09T01:28:51.142-0500] {processor.py:830} INFO - Processing file /opt/airflow/dags/dag_generar_catalogo_vuelos.py for tasks to queue
[2026-07-09T01:28:51.145-0500] {logging_mixin.py:188} INFO - [2026-07-09T01:28:51.144-0500] {dagbag.py:545} INFO - Filling up the DagBag from /opt/airflow/dags/dag_generar_catalogo_vuelos.py
[2026-07-09T01:28:51.575-0500] {processor.py:840} INFO - DAG(s) 'aerotrack_travel_catalogo_vuelos' retrieved from /opt/airflow/dags/dag_generar_catalogo_vuelos.py
[2026-07-09T01:28:51.606-0500] {logging_mixin.py:188} INFO - [2026-07-09T01:28:51.606-0500] {dag.py:3089} INFO - Sync 1 DAGs
[2026-07-09T01:28:51.625-0500] {logging_mixin.py:188} INFO - [2026-07-09T01:28:51.625-0500] {dag.py:3947} INFO - Setting next_dagrun for aerotrack_travel_catalogo_vuelos to 2026-07-09 00:00:00+00:00, run_after=2026-07-10 00:00:00+00:00
[2026-07-09T01:28:51.642-0500] {processor.py:183} INFO - Processing /opt/airflow/dags/dag_generar_catalogo_vuelos.py took 0.507 seconds
[2026-07-09T01:29:21.977-0500] {processor.py:161} INFO - Started process (PID=9590) to work on /opt/airflow/dags/dag_generar_catalogo_vuelos.py
[2026-07-09T01:29:21.978-0500] {processor.py:830} INFO - Processing file /opt/airflow/dags/dag_generar_catalogo_vuelos.py for tasks to queue
[2026-07-09T01:29:21.979-0500] {logging_mixin.py:188} INFO - [2026-07-09T01:29:21.979-0500] {dagbag.py:545} INFO - Filling up the DagBag from /opt/airflow/dags/dag_generar_catalogo_vuelos.py
[2026-07-09T01:29:22.395-0500] {processor.py:840} INFO - DAG(s) 'aerotrack_travel_catalogo_vuelos' retrieved from /opt/airflow/dags/dag_generar_catalogo_vuelos.py
[2026-07-09T01:29:22.424-0500] {logging_mixin.py:188} INFO - [2026-07-09T01:29:22.423-0500] {dag.py:3089} INFO - Sync 1 DAGs
[2026-07-09T01:29:22.441-0500] {logging_mixin.py:188} INFO - [2026-07-09T01:29:22.441-0500] {dag.py:3947} INFO - Setting next_dagrun for aerotrack_travel_catalogo_vuelos to 2026-07-09 00:00:00+00:00, run_after=2026-07-10 00:00:00+00:00
[2026-07-09T01:29:22.455-0500] {processor.py:183} INFO - Processing /opt/airflow/dags/dag_generar_catalogo_vuelos.py took 0.484 seconds
[2026-07-09T01:29:52.947-0500] {processor.py:161} INFO - Started process (PID=9617) to work on /opt/airflow/dags/dag_generar_catalogo_vuelos.py
[2026-07-09T01:29:52.948-0500] {processor.py:830} INFO - Processing file /opt/airflow/dags/dag_generar_catalogo_vuelos.py for tasks to queue
[2026-07-09T01:29:52.950-0500] {logging_mixin.py:188} INFO - [2026-07-09T01:29:52.950-0500] {dagbag.py:545} INFO - Filling up the DagBag from /opt/airflow/dags/dag_generar_catalogo_vuelos.py
[2026-07-09T01:29:53.377-0500] {processor.py:840} INFO - DAG(s) 'aerotrack_travel_catalogo_vuelos' retrieved from /opt/airflow/dags/dag_generar_catalogo_vuelos.py
[2026-07-09T01:29:53.407-0500] {logging_mixin.py:188} INFO - [2026-07-09T01:29:53.407-0500] {dag.py:3089} INFO - Sync 1 DAGs
[2026-07-09T01:29:53.430-0500] {logging_mixin.py:188} INFO - [2026-07-09T01:29:53.429-0500] {dag.py:3947} INFO - Setting next_dagrun for aerotrack_travel_catalogo_vuelos to 2026-07-09 00:00:00+00:00, run_after=2026-07-10 00:00:00+00:00
[2026-07-09T01:29:53.450-0500] {processor.py:183} INFO - Processing /opt/airflow/dags/dag_generar_catalogo_vuelos.py took 0.508 seconds
[2026-07-09T01:30:23.792-0500] {processor.py:161} INFO - Started process (PID=9644) to work on /opt/airflow/dags/dag_generar_catalogo_vuelos.py
[2026-07-09T01:30:23.793-0500] {processor.py:830} INFO - Processing file /opt/airflow/dags/dag_generar_catalogo_vuelos.py for tasks to queue
[2026-07-09T01:30:23.795-0500] {logging_mixin.py:188} INFO - [2026-07-09T01:30:23.794-0500] {dagbag.py:545} INFO - Filling up the DagBag from /opt/airflow/dags/dag_generar_catalogo_vuelos.py
[2026-07-09T01:30:24.246-0500] {processor.py:840} INFO - DAG(s) 'aerotrack_travel_catalogo_vuelos' retrieved from /opt/airflow/dags/dag_generar_catalogo_vuelos.py
[2026-07-09T01:30:24.284-0500] {logging_mixin.py:188} INFO - [2026-07-09T01:30:24.284-0500] {dag.py:3089} INFO - Sync 1 DAGs
[2026-07-09T01:30:24.306-0500] {logging_mixin.py:188} INFO - [2026-07-09T01:30:24.306-0500] {dag.py:3947} INFO - Setting next_dagrun for aerotrack_travel_catalogo_vuelos to 2026-07-09 00:00:00+00:00, run_after=2026-07-10 00:00:00+00:00
[2026-07-09T01:30:24.322-0500] {processor.py:183} INFO - Processing /opt/airflow/dags/dag_generar_catalogo_vuelos.py took 0.535 seconds
[2026-07-09T01:30:54.685-0500] {processor.py:161} INFO - Started process (PID=9671) to work on /opt/airflow/dags/dag_generar_catalogo_vuelos.py
[2026-07-09T01:30:54.686-0500] {processor.py:830} INFO - Processing file /opt/airflow/dags/dag_generar_catalogo_vuelos.py for tasks to queue
[2026-07-09T01:30:54.688-0500] {logging_mixin.py:188} INFO - [2026-07-09T01:30:54.688-0500] {dagbag.py:545} INFO - Filling up the DagBag from /opt/airflow/dags/dag_generar_catalogo_vuelos.py
[2026-07-09T01:30:55.175-0500] {processor.py:840} INFO - DAG(s) 'aerotrack_travel_catalogo_vuelos' retrieved from /opt/airflow/dags/dag_generar_catalogo_vuelos.py
[2026-07-09T01:30:55.212-0500] {logging_mixin.py:188} INFO - [2026-07-09T01:30:55.211-0500] {dag.py:3089} INFO - Sync 1 DAGs
[2026-07-09T01:30:55.237-0500] {logging_mixin.py:188} INFO - [2026-07-09T01:30:55.236-0500] {dag.py:3947} INFO - Setting next_dagrun for aerotrack_travel_catalogo_vuelos to 2026-07-09 00:00:00+00:00, run_after=2026-07-10 00:00:00+00:00
[2026-07-09T01:30:55.257-0500] {processor.py:183} INFO - Processing /opt/airflow/dags/dag_generar_catalogo_vuelos.py took 0.580 seconds
[2026-07-09T01:31:25.795-0500] {processor.py:161} INFO - Started process (PID=9698) to work on /opt/airflow/dags/dag_generar_catalogo_vuelos.py
[2026-07-09T01:31:25.796-0500] {processor.py:830} INFO - Processing file /opt/airflow/dags/dag_generar_catalogo_vuelos.py for tasks to queue
[2026-07-09T01:31:25.798-0500] {logging_mixin.py:188} INFO - [2026-07-09T01:31:25.798-0500] {dagbag.py:545} INFO - Filling up the DagBag from /opt/airflow/dags/dag_generar_catalogo_vuelos.py
[2026-07-09T01:31:26.346-0500] {processor.py:840} INFO - DAG(s) 'aerotrack_travel_catalogo_vuelos' retrieved from /opt/airflow/dags/dag_generar_catalogo_vuelos.py
[2026-07-09T01:31:26.383-0500] {logging_mixin.py:188} INFO - [2026-07-09T01:31:26.383-0500] {dag.py:3089} INFO - Sync 1 DAGs
[2026-07-09T01:31:26.403-0500] {logging_mixin.py:188} INFO - [2026-07-09T01:31:26.402-0500] {dag.py:3947} INFO - Setting next_dagrun for aerotrack_travel_catalogo_vuelos to 2026-07-09 00:00:00+00:00, run_after=2026-07-10 00:00:00+00:00
[2026-07-09T01:31:26.422-0500] {processor.py:183} INFO - Processing /opt/airflow/dags/dag_generar_catalogo_vuelos.py took 0.633 seconds
[2026-07-09T01:31:56.841-0500] {processor.py:161} INFO - Started process (PID=9725) to work on /opt/airflow/dags/dag_generar_catalogo_vuelos.py
[2026-07-09T01:31:56.842-0500] {processor.py:830} INFO - Processing file /opt/airflow/dags/dag_generar_catalogo_vuelos.py for tasks to queue
[2026-07-09T01:31:56.844-0500] {logging_mixin.py:188} INFO - [2026-07-09T01:31:56.843-0500] {dagbag.py:545} INFO - Filling up the DagBag from /opt/airflow/dags/dag_generar_catalogo_vuelos.py
[2026-07-09T01:31:57.298-0500] {processor.py:840} INFO - DAG(s) 'aerotrack_travel_catalogo_vuelos' retrieved from /opt/airflow/dags/dag_generar_catalogo_vuelos.py
[2026-07-09T01:31:57.331-0500] {logging_mixin.py:188} INFO - [2026-07-09T01:31:57.330-0500] {dag.py:3089} INFO - Sync 1 DAGs
[2026-07-09T01:31:57.351-0500] {logging_mixin.py:188} INFO - [2026-07-09T01:31:57.350-0500] {dag.py:3947} INFO - Setting next_dagrun for aerotrack_travel_catalogo_vuelos to 2026-07-09 00:00:00+00:00, run_after=2026-07-10 00:00:00+00:00
[2026-07-09T01:31:57.364-0500] {processor.py:183} INFO - Processing /opt/airflow/dags/dag_generar_catalogo_vuelos.py took 0.527 seconds
[2026-07-09T01:32:27.668-0500] {processor.py:161} INFO - Started process (PID=9752) to work on /opt/airflow/dags/dag_generar_catalogo_vuelos.py
[2026-07-09T01:32:27.669-0500] {processor.py:830} INFO - Processing file /opt/airflow/dags/dag_generar_catalogo_vuelos.py for tasks to queue
[2026-07-09T01:32:27.670-0500] {logging_mixin.py:188} INFO - [2026-07-09T01:32:27.670-0500] {dagbag.py:545} INFO - Filling up the DagBag from /opt/airflow/dags/dag_generar_catalogo_vuelos.py
[2026-07-09T01:32:28.079-0500] {processor.py:840} INFO - DAG(s) 'aerotrack_travel_catalogo_vuelos' retrieved from /opt/airflow/dags/dag_generar_catalogo_vuelos.py
[2026-07-09T01:32:28.110-0500] {logging_mixin.py:188} INFO - [2026-07-09T01:32:28.110-0500] {dag.py:3089} INFO - Sync 1 DAGs
[2026-07-09T01:32:28.128-0500] {logging_mixin.py:188} INFO - [2026-07-09T01:32:28.128-0500] {dag.py:3947} INFO - Setting next_dagrun for aerotrack_travel_catalogo_vuelos to 2026-07-09 00:00:00+00:00, run_after=2026-07-10 00:00:00+00:00
[2026-07-09T01:32:28.144-0500] {processor.py:183} INFO - Processing /opt/airflow/dags/dag_generar_catalogo_vuelos.py took 0.480 seconds
[2026-07-09T01:32:58.664-0500] {processor.py:161} INFO - Started process (PID=9779) to work on /opt/airflow/dags/dag_generar_catalogo_vuelos.py
[2026-07-09T01:32:58.665-0500] {processor.py:830} INFO - Processing file /opt/airflow/dags/dag_generar_catalogo_vuelos.py for tasks to queue
[2026-07-09T01:32:58.666-0500] {logging_mixin.py:188} INFO - [2026-07-09T01:32:58.666-0500] {dagbag.py:545} INFO - Filling up the DagBag from /opt/airflow/dags/dag_generar_catalogo_vuelos.py
[2026-07-09T01:32:59.076-0500] {processor.py:840} INFO - DAG(s) 'aerotrack_travel_catalogo_vuelos' retrieved from /opt/airflow/dags/dag_generar_catalogo_vuelos.py
[2026-07-09T01:32:59.107-0500] {logging_mixin.py:188} INFO - [2026-07-09T01:32:59.107-0500] {dag.py:3089} INFO - Sync 1 DAGs
[2026-07-09T01:32:59.124-0500] {logging_mixin.py:188} INFO - [2026-07-09T01:32:59.124-0500] {dag.py:3947} INFO - Setting next_dagrun for aerotrack_travel_catalogo_vuelos to 2026-07-09 00:00:00+00:00, run_after=2026-07-10 00:00:00+00:00
[2026-07-09T01:32:59.139-0500] {processor.py:183} INFO - Processing /opt/airflow/dags/dag_generar_catalogo_vuelos.py took 0.479 seconds
[2026-07-09T01:33:29.477-0500] {processor.py:161} INFO - Started process (PID=9806) to work on /opt/airflow/dags/dag_generar_catalogo_vuelos.py
[2026-07-09T01:33:29.478-0500] {processor.py:830} INFO - Processing file /opt/airflow/dags/dag_generar_catalogo_vuelos.py for tasks to queue
[2026-07-09T01:33:29.479-0500] {logging_mixin.py:188} INFO - [2026-07-09T01:33:29.479-0500] {dagbag.py:545} INFO - Filling up the DagBag from /opt/airflow/dags/dag_generar_catalogo_vuelos.py
[2026-07-09T01:33:29.933-0500] {processor.py:840} INFO - DAG(s) 'aerotrack_travel_catalogo_vuelos' retrieved from /opt/airflow/dags/dag_generar_catalogo_vuelos.py
[2026-07-09T01:33:29.966-0500] {logging_mixin.py:188} INFO - [2026-07-09T01:33:29.965-0500] {dag.py:3089} INFO - Sync 1 DAGs
[2026-07-09T01:33:29.983-0500] {logging_mixin.py:188} INFO - [2026-07-09T01:33:29.983-0500] {dag.py:3947} INFO - Setting next_dagrun for aerotrack_travel_catalogo_vuelos to 2026-07-09 00:00:00+00:00, run_after=2026-07-10 00:00:00+00:00
[2026-07-09T01:33:29.997-0500] {processor.py:183} INFO - Processing /opt/airflow/dags/dag_generar_catalogo_vuelos.py took 0.525 seconds
[2026-07-09T01:34:00.330-0500] {processor.py:161} INFO - Started process (PID=9833) to work on /opt/airflow/dags/dag_generar_catalogo_vuelos.py
[2026-07-09T01:34:00.331-0500] {processor.py:830} INFO - Processing file /opt/airflow/dags/dag_generar_catalogo_vuelos.py for tasks to queue
[2026-07-09T01:34:00.333-0500] {logging_mixin.py:188} INFO - [2026-07-09T01:34:00.333-0500] {dagbag.py:545} INFO - Filling up the DagBag from /opt/airflow/dags/dag_generar_catalogo_vuelos.py
[2026-07-09T01:34:00.745-0500] {processor.py:840} INFO - DAG(s) 'aerotrack_travel_catalogo_vuelos' retrieved from /opt/airflow/dags/dag_generar_catalogo_vuelos.py
[2026-07-09T01:34:00.779-0500] {logging_mixin.py:188} INFO - [2026-07-09T01:34:00.779-0500] {dag.py:3089} INFO - Sync 1 DAGs
[2026-07-09T01:34:00.799-0500] {logging_mixin.py:188} INFO - [2026-07-09T01:34:00.798-0500] {dag.py:3947} INFO - Setting next_dagrun for aerotrack_travel_catalogo_vuelos to 2026-07-09 00:00:00+00:00, run_after=2026-07-10 00:00:00+00:00
[2026-07-09T01:34:00.813-0500] {processor.py:183} INFO - Processing /opt/airflow/dags/dag_generar_catalogo_vuelos.py took 0.487 seconds
[2026-07-09T01:34:31.169-0500] {processor.py:161} INFO - Started process (PID=9860) to work on /opt/airflow/dags/dag_generar_catalogo_vuelos.py
[2026-07-09T01:34:31.170-0500] {processor.py:830} INFO - Processing file /opt/airflow/dags/dag_generar_catalogo_vuelos.py for tasks to queue
[2026-07-09T01:34:31.172-0500] {logging_mixin.py:188} INFO - [2026-07-09T01:34:31.172-0500] {dagbag.py:545} INFO - Filling up the DagBag from /opt/airflow/dags/dag_generar_catalogo_vuelos.py
[2026-07-09T01:34:31.650-0500] {processor.py:840} INFO - DAG(s) 'aerotrack_travel_catalogo_vuelos' retrieved from /opt/airflow/dags/dag_generar_catalogo_vuelos.py
[2026-07-09T01:34:31.681-0500] {logging_mixin.py:188} INFO - [2026-07-09T01:34:31.681-0500] {dag.py:3089} INFO - Sync 1 DAGs
[2026-07-09T01:34:31.699-0500] {logging_mixin.py:188} INFO - [2026-07-09T01:34:31.699-0500] {dag.py:3947} INFO - Setting next_dagrun for aerotrack_travel_catalogo_vuelos to 2026-07-09 00:00:00+00:00, run_after=2026-07-10 00:00:00+00:00
[2026-07-09T01:34:31.715-0500] {processor.py:183} INFO - Processing /opt/airflow/dags/dag_generar_catalogo_vuelos.py took 0.550 seconds
[2026-07-09T01:35:02.182-0500] {processor.py:161} INFO - Started process (PID=9887) to work on /opt/airflow/dags/dag_generar_catalogo_vuelos.py
[2026-07-09T01:35:02.183-0500] {processor.py:830} INFO - Processing file /opt/airflow/dags/dag_generar_catalogo_vuelos.py for tasks to queue
[2026-07-09T01:35:02.185-0500] {logging_mixin.py:188} INFO - [2026-07-09T01:35:02.184-0500] {dagbag.py:545} INFO - Filling up the DagBag from /opt/airflow/dags/dag_generar_catalogo_vuelos.py
[2026-07-09T01:35:02.558-0500] {processor.py:840} INFO - DAG(s) 'aerotrack_travel_catalogo_vuelos' retrieved from /opt/airflow/dags/dag_generar_catalogo_vuelos.py
[2026-07-09T01:35:02.587-0500] {logging_mixin.py:188} INFO - [2026-07-09T01:35:02.587-0500] {dag.py:3089} INFO - Sync 1 DAGs
[2026-07-09T01:35:02.606-0500] {logging_mixin.py:188} INFO - [2026-07-09T01:35:02.606-0500] {dag.py:3947} INFO - Setting next_dagrun for aerotrack_travel_catalogo_vuelos to 2026-07-09 00:00:00+00:00, run_after=2026-07-10 00:00:00+00:00
[2026-07-09T01:35:02.624-0500] {processor.py:183} INFO - Processing /opt/airflow/dags/dag_generar_catalogo_vuelos.py took 0.447 seconds
[2026-07-09T01:35:33.026-0500] {processor.py:161} INFO - Started process (PID=9914) to work on /opt/airflow/dags/dag_generar_catalogo_vuelos.py
[2026-07-09T01:35:33.027-0500] {processor.py:830} INFO - Processing file /opt/airflow/dags/dag_generar_catalogo_vuelos.py for tasks to queue
[2026-07-09T01:35:33.029-0500] {logging_mixin.py:188} INFO - [2026-07-09T01:35:33.028-0500] {dagbag.py:545} INFO - Filling up the DagBag from /opt/airflow/dags/dag_generar_catalogo_vuelos.py
[2026-07-09T01:35:33.489-0500] {processor.py:840} INFO - DAG(s) 'aerotrack_travel_catalogo_vuelos' retrieved from /opt/airflow/dags/dag_generar_catalogo_vuelos.py
[2026-07-09T01:35:33.514-0500] {logging_mixin.py:188} INFO - [2026-07-09T01:35:33.514-0500] {dag.py:3089} INFO - Sync 1 DAGs
[2026-07-09T01:35:33.530-0500] {logging_mixin.py:188} INFO - [2026-07-09T01:35:33.529-0500] {dag.py:3947} INFO - Setting next_dagrun for aerotrack_travel_catalogo_vuelos to 2026-07-09 00:00:00+00:00, run_after=2026-07-10 00:00:00+00:00
[2026-07-09T01:35:33.543-0500] {processor.py:183} INFO - Processing /opt/airflow/dags/dag_generar_catalogo_vuelos.py took 0.522 seconds
[2026-07-09T01:36:03.893-0500] {processor.py:161} INFO - Started process (PID=9941) to work on /opt/airflow/dags/dag_generar_catalogo_vuelos.py
[2026-07-09T01:36:03.894-0500] {processor.py:830} INFO - Processing file /opt/airflow/dags/dag_generar_catalogo_vuelos.py for tasks to queue
[2026-07-09T01:36:03.896-0500] {logging_mixin.py:188} INFO - [2026-07-09T01:36:03.895-0500] {dagbag.py:545} INFO - Filling up the DagBag from /opt/airflow/dags/dag_generar_catalogo_vuelos.py
[2026-07-09T01:36:04.358-0500] {processor.py:840} INFO - DAG(s) 'aerotrack_travel_catalogo_vuelos' retrieved from /opt/airflow/dags/dag_generar_catalogo_vuelos.py
[2026-07-09T01:36:04.390-0500] {logging_mixin.py:188} INFO - [2026-07-09T01:36:04.389-0500] {dag.py:3089} INFO - Sync 1 DAGs
[2026-07-09T01:36:04.410-0500] {logging_mixin.py:188} INFO - [2026-07-09T01:36:04.410-0500] {dag.py:3947} INFO - Setting next_dagrun for aerotrack_travel_catalogo_vuelos to 2026-07-09 00:00:00+00:00, run_after=2026-07-10 00:00:00+00:00
[2026-07-09T01:36:04.426-0500] {processor.py:183} INFO - Processing /opt/airflow/dags/dag_generar_catalogo_vuelos.py took 0.538 seconds
[2026-07-09T01:36:34.819-0500] {processor.py:161} INFO - Started process (PID=9968) to work on /opt/airflow/dags/dag_generar_catalogo_vuelos.py
[2026-07-09T01:36:34.820-0500] {processor.py:830} INFO - Processing file /opt/airflow/dags/dag_generar_catalogo_vuelos.py for tasks to queue
[2026-07-09T01:36:34.822-0500] {logging_mixin.py:188} INFO - [2026-07-09T01:36:34.821-0500] {dagbag.py:545} INFO - Filling up the DagBag from /opt/airflow/dags/dag_generar_catalogo_vuelos.py
[2026-07-09T01:36:35.229-0500] {processor.py:840} INFO - DAG(s) 'aerotrack_travel_catalogo_vuelos' retrieved from /opt/airflow/dags/dag_generar_catalogo_vuelos.py
[2026-07-09T01:36:35.255-0500] {logging_mixin.py:188} INFO - [2026-07-09T01:36:35.255-0500] {dag.py:3089} INFO - Sync 1 DAGs
[2026-07-09T01:36:35.273-0500] {logging_mixin.py:188} INFO - [2026-07-09T01:36:35.273-0500] {dag.py:3947} INFO - Setting next_dagrun for aerotrack_travel_catalogo_vuelos to 2026-07-09 00:00:00+00:00, run_after=2026-07-10 00:00:00+00:00
[2026-07-09T01:36:35.289-0500] {processor.py:183} INFO - Processing /opt/airflow/dags/dag_generar_catalogo_vuelos.py took 0.475 seconds
[2026-07-09T01:37:05.682-0500] {processor.py:161} INFO - Started process (PID=9995) to work on /opt/airflow/dags/dag_generar_catalogo_vuelos.py
[2026-07-09T01:37:05.683-0500] {processor.py:830} INFO - Processing file /opt/airflow/dags/dag_generar_catalogo_vuelos.py for tasks to queue
[2026-07-09T01:37:05.685-0500] {logging_mixin.py:188} INFO - [2026-07-09T01:37:05.684-0500] {dagbag.py:545} INFO - Filling up the DagBag from /opt/airflow/dags/dag_generar_catalogo_vuelos.py
[2026-07-09T01:37:06.082-0500] {processor.py:840} INFO - DAG(s) 'aerotrack_travel_catalogo_vuelos' retrieved from /opt/airflow/dags/dag_generar_catalogo_vuelos.py
[2026-07-09T01:37:06.108-0500] {logging_mixin.py:188} INFO - [2026-07-09T01:37:06.108-0500] {dag.py:3089} INFO - Sync 1 DAGs
[2026-07-09T01:37:06.127-0500] {logging_mixin.py:188} INFO - [2026-07-09T01:37:06.127-0500] {dag.py:3947} INFO - Setting next_dagrun for aerotrack_travel_catalogo_vuelos to 2026-07-09 00:00:00+00:00, run_after=2026-07-10 00:00:00+00:00
[2026-07-09T01:37:06.141-0500] {processor.py:183} INFO - Processing /opt/airflow/dags/dag_generar_catalogo_vuelos.py took 0.463 seconds
[2026-07-09T01:37:36.475-0500] {processor.py:161} INFO - Started process (PID=10022) to work on /opt/airflow/dags/dag_generar_catalogo_vuelos.py
[2026-07-09T01:37:36.475-0500] {processor.py:830} INFO - Processing file /opt/airflow/dags/dag_generar_catalogo_vuelos.py for tasks to queue
[2026-07-09T01:37:36.477-0500] {logging_mixin.py:188} INFO - [2026-07-09T01:37:36.477-0500] {dagbag.py:545} INFO - Filling up the DagBag from /opt/airflow/dags/dag_generar_catalogo_vuelos.py
[2026-07-09T01:37:36.842-0500] {processor.py:840} INFO - DAG(s) 'aerotrack_travel_catalogo_vuelos' retrieved from /opt/airflow/dags/dag_generar_catalogo_vuelos.py
[2026-07-09T01:37:36.869-0500] {logging_mixin.py:188} INFO - [2026-07-09T01:37:36.869-0500] {dag.py:3089} INFO - Sync 1 DAGs
[2026-07-09T01:37:36.885-0500] {logging_mixin.py:188} INFO - [2026-07-09T01:37:36.885-0500] {dag.py:3947} INFO - Setting next_dagrun for aerotrack_travel_catalogo_vuelos to 2026-07-09 00:00:00+00:00, run_after=2026-07-10 00:00:00+00:00
[2026-07-09T01:37:36.901-0500] {processor.py:183} INFO - Processing /opt/airflow/dags/dag_generar_catalogo_vuelos.py took 0.431 seconds
[2026-07-09T01:38:07.213-0500] {processor.py:161} INFO - Started process (PID=10049) to work on /opt/airflow/dags/dag_generar_catalogo_vuelos.py
[2026-07-09T01:38:07.214-0500] {processor.py:830} INFO - Processing file /opt/airflow/dags/dag_generar_catalogo_vuelos.py for tasks to queue
[2026-07-09T01:38:07.215-0500] {logging_mixin.py:188} INFO - [2026-07-09T01:38:07.215-0500] {dagbag.py:545} INFO - Filling up the DagBag from /opt/airflow/dags/dag_generar_catalogo_vuelos.py
[2026-07-09T01:38:07.595-0500] {processor.py:840} INFO - DAG(s) 'aerotrack_travel_catalogo_vuelos' retrieved from /opt/airflow/dags/dag_generar_catalogo_vuelos.py
[2026-07-09T01:38:07.627-0500] {logging_mixin.py:188} INFO - [2026-07-09T01:38:07.626-0500] {dag.py:3089} INFO - Sync 1 DAGs
[2026-07-09T01:38:07.644-0500] {logging_mixin.py:188} INFO - [2026-07-09T01:38:07.644-0500] {dag.py:3947} INFO - Setting next_dagrun for aerotrack_travel_catalogo_vuelos to 2026-07-09 00:00:00+00:00, run_after=2026-07-10 00:00:00+00:00
[2026-07-09T01:38:07.657-0500] {processor.py:183} INFO - Processing /opt/airflow/dags/dag_generar_catalogo_vuelos.py took 0.449 seconds
[2026-07-09T01:38:37.954-0500] {processor.py:161} INFO - Started process (PID=10076) to work on /opt/airflow/dags/dag_generar_catalogo_vuelos.py
[2026-07-09T01:38:37.956-0500] {processor.py:830} INFO - Processing file /opt/airflow/dags/dag_generar_catalogo_vuelos.py for tasks to queue
[2026-07-09T01:38:37.957-0500] {logging_mixin.py:188} INFO - [2026-07-09T01:38:37.957-0500] {dagbag.py:545} INFO - Filling up the DagBag from /opt/airflow/dags/dag_generar_catalogo_vuelos.py
[2026-07-09T01:38:38.369-0500] {processor.py:840} INFO - DAG(s) 'aerotrack_travel_catalogo_vuelos' retrieved from /opt/airflow/dags/dag_generar_catalogo_vuelos.py
[2026-07-09T01:38:38.402-0500] {logging_mixin.py:188} INFO - [2026-07-09T01:38:38.402-0500] {dag.py:3089} INFO - Sync 1 DAGs
[2026-07-09T01:38:38.419-0500] {logging_mixin.py:188} INFO - [2026-07-09T01:38:38.419-0500] {dag.py:3947} INFO - Setting next_dagrun for aerotrack_travel_catalogo_vuelos to 2026-07-09 00:00:00+00:00, run_after=2026-07-10 00:00:00+00:00
[2026-07-09T01:38:38.433-0500] {processor.py:183} INFO - Processing /opt/airflow/dags/dag_generar_catalogo_vuelos.py took 0.483 seconds
[2026-07-09T01:39:08.755-0500] {processor.py:161} INFO - Started process (PID=10103) to work on /opt/airflow/dags/dag_generar_catalogo_vuelos.py
[2026-07-09T01:39:08.756-0500] {processor.py:830} INFO - Processing file /opt/airflow/dags/dag_generar_catalogo_vuelos.py for tasks to queue
[2026-07-09T01:39:08.757-0500] {logging_mixin.py:188} INFO - [2026-07-09T01:39:08.757-0500] {dagbag.py:545} INFO - Filling up the DagBag from /opt/airflow/dags/dag_generar_catalogo_vuelos.py
[2026-07-09T01:39:09.138-0500] {processor.py:840} INFO - DAG(s) 'aerotrack_travel_catalogo_vuelos' retrieved from /opt/airflow/dags/dag_generar_catalogo_vuelos.py
[2026-07-09T01:39:09.169-0500] {logging_mixin.py:188} INFO - [2026-07-09T01:39:09.169-0500] {dag.py:3089} INFO - Sync 1 DAGs
[2026-07-09T01:39:09.188-0500] {logging_mixin.py:188} INFO - [2026-07-09T01:39:09.188-0500] {dag.py:3947} INFO - Setting next_dagrun for aerotrack_travel_catalogo_vuelos to 2026-07-09 00:00:00+00:00, run_after=2026-07-10 00:00:00+00:00
[2026-07-09T01:39:09.202-0500] {processor.py:183} INFO - Processing /opt/airflow/dags/dag_generar_catalogo_vuelos.py took 0.452 seconds
[2026-07-09T01:39:39.509-0500] {processor.py:161} INFO - Started process (PID=10130) to work on /opt/airflow/dags/dag_generar_catalogo_vuelos.py
[2026-07-09T01:39:39.510-0500] {processor.py:830} INFO - Processing file /opt/airflow/dags/dag_generar_catalogo_vuelos.py for tasks to queue
[2026-07-09T01:39:39.511-0500] {logging_mixin.py:188} INFO - [2026-07-09T01:39:39.511-0500] {dagbag.py:545} INFO - Filling up the DagBag from /opt/airflow/dags/dag_generar_catalogo_vuelos.py
[2026-07-09T01:39:39.892-0500] {processor.py:840} INFO - DAG(s) 'aerotrack_travel_catalogo_vuelos' retrieved from /opt/airflow/dags/dag_generar_catalogo_vuelos.py
[2026-07-09T01:39:39.928-0500] {logging_mixin.py:188} INFO - [2026-07-09T01:39:39.928-0500] {dag.py:3089} INFO - Sync 1 DAGs
[2026-07-09T01:39:39.951-0500] {logging_mixin.py:188} INFO - [2026-07-09T01:39:39.951-0500] {dag.py:3947} INFO - Setting next_dagrun for aerotrack_travel_catalogo_vuelos to 2026-07-09 00:00:00+00:00, run_after=2026-07-10 00:00:00+00:00
[2026-07-09T01:39:39.971-0500] {processor.py:183} INFO - Processing /opt/airflow/dags/dag_generar_catalogo_vuelos.py took 0.467 seconds
[2026-07-09T01:40:10.312-0500] {processor.py:161} INFO - Started process (PID=10157) to work on /opt/airflow/dags/dag_generar_catalogo_vuelos.py
[2026-07-09T01:40:10.312-0500] {processor.py:830} INFO - Processing file /opt/airflow/dags/dag_generar_catalogo_vuelos.py for tasks to queue
[2026-07-09T01:40:10.314-0500] {logging_mixin.py:188} INFO - [2026-07-09T01:40:10.314-0500] {dagbag.py:545} INFO - Filling up the DagBag from /opt/airflow/dags/dag_generar_catalogo_vuelos.py
[2026-07-09T01:40:10.698-0500] {processor.py:840} INFO - DAG(s) 'aerotrack_travel_catalogo_vuelos' retrieved from /opt/airflow/dags/dag_generar_catalogo_vuelos.py
[2026-07-09T01:40:10.726-0500] {logging_mixin.py:188} INFO - [2026-07-09T01:40:10.726-0500] {dag.py:3089} INFO - Sync 1 DAGs
[2026-07-09T01:40:10.742-0500] {logging_mixin.py:188} INFO - [2026-07-09T01:40:10.742-0500] {dag.py:3947} INFO - Setting next_dagrun for aerotrack_travel_catalogo_vuelos to 2026-07-09 00:00:00+00:00, run_after=2026-07-10 00:00:00+00:00
[2026-07-09T01:40:10.755-0500] {processor.py:183} INFO - Processing /opt/airflow/dags/dag_generar_catalogo_vuelos.py took 0.448 seconds
[2026-07-09T01:40:41.176-0500] {processor.py:161} INFO - Started process (PID=10184) to work on /opt/airflow/dags/dag_generar_catalogo_vuelos.py
[2026-07-09T01:40:41.177-0500] {processor.py:830} INFO - Processing file /opt/airflow/dags/dag_generar_catalogo_vuelos.py for tasks to queue
[2026-07-09T01:40:41.179-0500] {logging_mixin.py:188} INFO - [2026-07-09T01:40:41.178-0500] {dagbag.py:545} INFO - Filling up the DagBag from /opt/airflow/dags/dag_generar_catalogo_vuelos.py
[2026-07-09T01:40:41.563-0500] {processor.py:840} INFO - DAG(s) 'aerotrack_travel_catalogo_vuelos' retrieved from /opt/airflow/dags/dag_generar_catalogo_vuelos.py
[2026-07-09T01:40:41.591-0500] {logging_mixin.py:188} INFO - [2026-07-09T01:40:41.591-0500] {dag.py:3089} INFO - Sync 1 DAGs
[2026-07-09T01:40:41.608-0500] {logging_mixin.py:188} INFO - [2026-07-09T01:40:41.608-0500] {dag.py:3947} INFO - Setting next_dagrun for aerotrack_travel_catalogo_vuelos to 2026-07-09 00:00:00+00:00, run_after=2026-07-10 00:00:00+00:00
[2026-07-09T01:40:41.623-0500] {processor.py:183} INFO - Processing /opt/airflow/dags/dag_generar_catalogo_vuelos.py took 0.451 seconds
[2026-07-09T01:41:11.938-0500] {processor.py:161} INFO - Started process (PID=10211) to work on /opt/airflow/dags/dag_generar_catalogo_vuelos.py
[2026-07-09T01:41:11.939-0500] {processor.py:830} INFO - Processing file /opt/airflow/dags/dag_generar_catalogo_vuelos.py for tasks to queue
[2026-07-09T01:41:11.940-0500] {logging_mixin.py:188} INFO - [2026-07-09T01:41:11.940-0500] {dagbag.py:545} INFO - Filling up the DagBag from /opt/airflow/dags/dag_generar_catalogo_vuelos.py
[2026-07-09T01:41:12.347-0500] {processor.py:840} INFO - DAG(s) 'aerotrack_travel_catalogo_vuelos' retrieved from /opt/airflow/dags/dag_generar_catalogo_vuelos.py
[2026-07-09T01:41:12.378-0500] {logging_mixin.py:188} INFO - [2026-07-09T01:41:12.378-0500] {dag.py:3089} INFO - Sync 1 DAGs
[2026-07-09T01:41:12.398-0500] {logging_mixin.py:188} INFO - [2026-07-09T01:41:12.398-0500] {dag.py:3947} INFO - Setting next_dagrun for aerotrack_travel_catalogo_vuelos to 2026-07-09 00:00:00+00:00, run_after=2026-07-10 00:00:00+00:00
[2026-07-09T01:41:12.414-0500] {processor.py:183} INFO - Processing /opt/airflow/dags/dag_generar_catalogo_vuelos.py took 0.481 seconds
[2026-07-09T01:41:42.796-0500] {processor.py:161} INFO - Started process (PID=10238) to work on /opt/airflow/dags/dag_generar_catalogo_vuelos.py
[2026-07-09T01:41:42.797-0500] {processor.py:830} INFO - Processing file /opt/airflow/dags/dag_generar_catalogo_vuelos.py for tasks to queue
[2026-07-09T01:41:42.798-0500] {logging_mixin.py:188} INFO - [2026-07-09T01:41:42.798-0500] {dagbag.py:545} INFO - Filling up the DagBag from /opt/airflow/dags/dag_generar_catalogo_vuelos.py
[2026-07-09T01:41:43.196-0500] {processor.py:840} INFO - DAG(s) 'aerotrack_travel_catalogo_vuelos' retrieved from /opt/airflow/dags/dag_generar_catalogo_vuelos.py
[2026-07-09T01:41:43.225-0500] {logging_mixin.py:188} INFO - [2026-07-09T01:41:43.224-0500] {dag.py:3089} INFO - Sync 1 DAGs
[2026-07-09T01:41:43.242-0500] {logging_mixin.py:188} INFO - [2026-07-09T01:41:43.241-0500] {dag.py:3947} INFO - Setting next_dagrun for aerotrack_travel_catalogo_vuelos to 2026-07-09 00:00:00+00:00, run_after=2026-07-10 00:00:00+00:00
[2026-07-09T01:41:43.256-0500] {processor.py:183} INFO - Processing /opt/airflow/dags/dag_generar_catalogo_vuelos.py took 0.465 seconds
[2026-07-09T01:42:13.674-0500] {processor.py:161} INFO - Started process (PID=10265) to work on /opt/airflow/dags/dag_generar_catalogo_vuelos.py
[2026-07-09T01:42:13.675-0500] {processor.py:830} INFO - Processing file /opt/airflow/dags/dag_generar_catalogo_vuelos.py for tasks to queue
[2026-07-09T01:42:13.677-0500] {logging_mixin.py:188} INFO - [2026-07-09T01:42:13.677-0500] {dagbag.py:545} INFO - Filling up the DagBag from /opt/airflow/dags/dag_generar_catalogo_vuelos.py
[2026-07-09T01:42:14.098-0500] {processor.py:840} INFO - DAG(s) 'aerotrack_travel_catalogo_vuelos' retrieved from /opt/airflow/dags/dag_generar_catalogo_vuelos.py
[2026-07-09T01:42:14.129-0500] {logging_mixin.py:188} INFO - [2026-07-09T01:42:14.129-0500] {dag.py:3089} INFO - Sync 1 DAGs
[2026-07-09T01:42:14.147-0500] {logging_mixin.py:188} INFO - [2026-07-09T01:42:14.147-0500] {dag.py:3947} INFO - Setting next_dagrun for aerotrack_travel_catalogo_vuelos to 2026-07-09 00:00:00+00:00, run_after=2026-07-10 00:00:00+00:00
[2026-07-09T01:42:14.164-0500] {processor.py:183} INFO - Processing /opt/airflow/dags/dag_generar_catalogo_vuelos.py took 0.495 seconds
[2026-07-09T01:42:44.482-0500] {processor.py:161} INFO - Started process (PID=10292) to work on /opt/airflow/dags/dag_generar_catalogo_vuelos.py
[2026-07-09T01:42:44.482-0500] {processor.py:830} INFO - Processing file /opt/airflow/dags/dag_generar_catalogo_vuelos.py for tasks to queue
[2026-07-09T01:42:44.484-0500] {logging_mixin.py:188} INFO - [2026-07-09T01:42:44.484-0500] {dagbag.py:545} INFO - Filling up the DagBag from /opt/airflow/dags/dag_generar_catalogo_vuelos.py
[2026-07-09T01:42:44.868-0500] {processor.py:840} INFO - DAG(s) 'aerotrack_travel_catalogo_vuelos' retrieved from /opt/airflow/dags/dag_generar_catalogo_vuelos.py
[2026-07-09T01:42:44.895-0500] {logging_mixin.py:188} INFO - [2026-07-09T01:42:44.895-0500] {dag.py:3089} INFO - Sync 1 DAGs
[2026-07-09T01:42:44.912-0500] {logging_mixin.py:188} INFO - [2026-07-09T01:42:44.912-0500] {dag.py:3947} INFO - Setting next_dagrun for aerotrack_travel_catalogo_vuelos to 2026-07-09 00:00:00+00:00, run_after=2026-07-10 00:00:00+00:00
[2026-07-09T01:42:44.928-0500] {processor.py:183} INFO - Processing /opt/airflow/dags/dag_generar_catalogo_vuelos.py took 0.450 seconds
[2026-07-09T01:43:15.376-0500] {processor.py:161} INFO - Started process (PID=10319) to work on /opt/airflow/dags/dag_generar_catalogo_vuelos.py
[2026-07-09T01:43:15.376-0500] {processor.py:830} INFO - Processing file /opt/airflow/dags/dag_generar_catalogo_vuelos.py for tasks to queue
[2026-07-09T01:43:15.378-0500] {logging_mixin.py:188} INFO - [2026-07-09T01:43:15.377-0500] {dagbag.py:545} INFO - Filling up the DagBag from /opt/airflow/dags/dag_generar_catalogo_vuelos.py
[2026-07-09T01:43:15.762-0500] {processor.py:840} INFO - DAG(s) 'aerotrack_travel_catalogo_vuelos' retrieved from /opt/airflow/dags/dag_generar_catalogo_vuelos.py
[2026-07-09T01:43:15.791-0500] {logging_mixin.py:188} INFO - [2026-07-09T01:43:15.791-0500] {dag.py:3089} INFO - Sync 1 DAGs
[2026-07-09T01:43:15.807-0500] {logging_mixin.py:188} INFO - [2026-07-09T01:43:15.807-0500] {dag.py:3947} INFO - Setting next_dagrun for aerotrack_travel_catalogo_vuelos to 2026-07-09 00:00:00+00:00, run_after=2026-07-10 00:00:00+00:00
[2026-07-09T01:43:15.823-0500] {processor.py:183} INFO - Processing /opt/airflow/dags/dag_generar_catalogo_vuelos.py took 0.451 seconds
[2026-07-09T01:43:46.157-0500] {processor.py:161} INFO - Started process (PID=10346) to work on /opt/airflow/dags/dag_generar_catalogo_vuelos.py
[2026-07-09T01:43:46.158-0500] {processor.py:830} INFO - Processing file /opt/airflow/dags/dag_generar_catalogo_vuelos.py for tasks to queue
[2026-07-09T01:43:46.159-0500] {logging_mixin.py:188} INFO - [2026-07-09T01:43:46.159-0500] {dagbag.py:545} INFO - Filling up the DagBag from /opt/airflow/dags/dag_generar_catalogo_vuelos.py
[2026-07-09T01:43:46.560-0500] {processor.py:840} INFO - DAG(s) 'aerotrack_travel_catalogo_vuelos' retrieved from /opt/airflow/dags/dag_generar_catalogo_vuelos.py
[2026-07-09T01:43:46.597-0500] {logging_mixin.py:188} INFO - [2026-07-09T01:43:46.596-0500] {dag.py:3089} INFO - Sync 1 DAGs
[2026-07-09T01:43:46.614-0500] {logging_mixin.py:188} INFO - [2026-07-09T01:43:46.614-0500] {dag.py:3947} INFO - Setting next_dagrun for aerotrack_travel_catalogo_vuelos to 2026-07-09 00:00:00+00:00, run_after=2026-07-10 00:00:00+00:00
[2026-07-09T01:43:46.628-0500] {processor.py:183} INFO - Processing /opt/airflow/dags/dag_generar_catalogo_vuelos.py took 0.476 seconds
[2026-07-09T01:44:16.955-0500] {processor.py:161} INFO - Started process (PID=10373) to work on /opt/airflow/dags/dag_generar_catalogo_vuelos.py
[2026-07-09T01:44:16.957-0500] {processor.py:830} INFO - Processing file /opt/airflow/dags/dag_generar_catalogo_vuelos.py for tasks to queue
[2026-07-09T01:44:16.960-0500] {logging_mixin.py:188} INFO - [2026-07-09T01:44:16.959-0500] {dagbag.py:545} INFO - Filling up the DagBag from /opt/airflow/dags/dag_generar_catalogo_vuelos.py
[2026-07-09T01:44:17.392-0500] {processor.py:840} INFO - DAG(s) 'aerotrack_travel_catalogo_vuelos' retrieved from /opt/airflow/dags/dag_generar_catalogo_vuelos.py
[2026-07-09T01:44:17.419-0500] {logging_mixin.py:188} INFO - [2026-07-09T01:44:17.419-0500] {dag.py:3089} INFO - Sync 1 DAGs
[2026-07-09T01:44:17.435-0500] {logging_mixin.py:188} INFO - [2026-07-09T01:44:17.435-0500] {dag.py:3947} INFO - Setting next_dagrun for aerotrack_travel_catalogo_vuelos to 2026-07-09 00:00:00+00:00, run_after=2026-07-10 00:00:00+00:00
[2026-07-09T01:44:17.450-0500] {processor.py:183} INFO - Processing /opt/airflow/dags/dag_generar_catalogo_vuelos.py took 0.503 seconds
[2026-07-09T01:44:47.868-0500] {processor.py:161} INFO - Started process (PID=10400) to work on /opt/airflow/dags/dag_generar_catalogo_vuelos.py
[2026-07-09T01:44:47.869-0500] {processor.py:830} INFO - Processing file /opt/airflow/dags/dag_generar_catalogo_vuelos.py for tasks to queue
[2026-07-09T01:44:47.871-0500] {logging_mixin.py:188} INFO - [2026-07-09T01:44:47.870-0500] {dagbag.py:545} INFO - Filling up the DagBag from /opt/airflow/dags/dag_generar_catalogo_vuelos.py
[2026-07-09T01:44:48.239-0500] {processor.py:840} INFO - DAG(s) 'aerotrack_travel_catalogo_vuelos' retrieved from /opt/airflow/dags/dag_generar_catalogo_vuelos.py
[2026-07-09T01:44:48.266-0500] {logging_mixin.py:188} INFO - [2026-07-09T01:44:48.265-0500] {dag.py:3089} INFO - Sync 1 DAGs
[2026-07-09T01:44:48.282-0500] {logging_mixin.py:188} INFO - [2026-07-09T01:44:48.282-0500] {dag.py:3947} INFO - Setting next_dagrun for aerotrack_travel_catalogo_vuelos to 2026-07-09 00:00:00+00:00, run_after=2026-07-10 00:00:00+00:00
[2026-07-09T01:44:48.298-0500] {processor.py:183} INFO - Processing /opt/airflow/dags/dag_generar_catalogo_vuelos.py took 0.434 seconds
[2026-07-09T01:45:18.722-0500] {processor.py:161} INFO - Started process (PID=10427) to work on /opt/airflow/dags/dag_generar_catalogo_vuelos.py
[2026-07-09T01:45:18.723-0500] {processor.py:830} INFO - Processing file /opt/airflow/dags/dag_generar_catalogo_vuelos.py for tasks to queue
[2026-07-09T01:45:18.724-0500] {logging_mixin.py:188} INFO - [2026-07-09T01:45:18.724-0500] {dagbag.py:545} INFO - Filling up the DagBag from /opt/airflow/dags/dag_generar_catalogo_vuelos.py
[2026-07-09T01:45:19.107-0500] {processor.py:840} INFO - DAG(s) 'aerotrack_travel_catalogo_vuelos' retrieved from /opt/airflow/dags/dag_generar_catalogo_vuelos.py
[2026-07-09T01:45:19.138-0500] {logging_mixin.py:188} INFO - [2026-07-09T01:45:19.138-0500] {dag.py:3089} INFO - Sync 1 DAGs
[2026-07-09T01:45:19.154-0500] {logging_mixin.py:188} INFO - [2026-07-09T01:45:19.154-0500] {dag.py:3947} INFO - Setting next_dagrun for aerotrack_travel_catalogo_vuelos to 2026-07-09 00:00:00+00:00, run_after=2026-07-10 00:00:00+00:00
[2026-07-09T01:45:19.169-0500] {processor.py:183} INFO - Processing /opt/airflow/dags/dag_generar_catalogo_vuelos.py took 0.452 seconds
[2026-07-09T01:45:49.504-0500] {processor.py:161} INFO - Started process (PID=10454) to work on /opt/airflow/dags/dag_generar_catalogo_vuelos.py
[2026-07-09T01:45:49.505-0500] {processor.py:830} INFO - Processing file /opt/airflow/dags/dag_generar_catalogo_vuelos.py for tasks to queue
[2026-07-09T01:45:49.506-0500] {logging_mixin.py:188} INFO - [2026-07-09T01:45:49.506-0500] {dagbag.py:545} INFO - Filling up the DagBag from /opt/airflow/dags/dag_generar_catalogo_vuelos.py
[2026-07-09T01:45:49.892-0500] {processor.py:840} INFO - DAG(s) 'aerotrack_travel_catalogo_vuelos' retrieved from /opt/airflow/dags/dag_generar_catalogo_vuelos.py
[2026-07-09T01:45:49.927-0500] {logging_mixin.py:188} INFO - [2026-07-09T01:45:49.927-0500] {dag.py:3089} INFO - Sync 1 DAGs
[2026-07-09T01:45:49.946-0500] {logging_mixin.py:188} INFO - [2026-07-09T01:45:49.946-0500] {dag.py:3947} INFO - Setting next_dagrun for aerotrack_travel_catalogo_vuelos to 2026-07-09 00:00:00+00:00, run_after=2026-07-10 00:00:00+00:00
[2026-07-09T01:45:49.965-0500] {processor.py:183} INFO - Processing /opt/airflow/dags/dag_generar_catalogo_vuelos.py took 0.465 seconds
[2026-07-09T01:46:20.421-0500] {processor.py:161} INFO - Started process (PID=10481) to work on /opt/airflow/dags/dag_generar_catalogo_vuelos.py
[2026-07-09T01:46:20.422-0500] {processor.py:830} INFO - Processing file /opt/airflow/dags/dag_generar_catalogo_vuelos.py for tasks to queue
[2026-07-09T01:46:20.424-0500] {logging_mixin.py:188} INFO - [2026-07-09T01:46:20.423-0500] {dagbag.py:545} INFO - Filling up the DagBag from /opt/airflow/dags/dag_generar_catalogo_vuelos.py
[2026-07-09T01:46:20.818-0500] {processor.py:840} INFO - DAG(s) 'aerotrack_travel_catalogo_vuelos' retrieved from /opt/airflow/dags/dag_generar_catalogo_vuelos.py
[2026-07-09T01:46:20.847-0500] {logging_mixin.py:188} INFO - [2026-07-09T01:46:20.847-0500] {dag.py:3089} INFO - Sync 1 DAGs
[2026-07-09T01:46:20.864-0500] {logging_mixin.py:188} INFO - [2026-07-09T01:46:20.864-0500] {dag.py:3947} INFO - Setting next_dagrun for aerotrack_travel_catalogo_vuelos to 2026-07-09 00:00:00+00:00, run_after=2026-07-10 00:00:00+00:00
[2026-07-09T01:46:20.878-0500] {processor.py:183} INFO - Processing /opt/airflow/dags/dag_generar_catalogo_vuelos.py took 0.461 seconds
[2026-07-09T01:46:51.282-0500] {processor.py:161} INFO - Started process (PID=10508) to work on /opt/airflow/dags/dag_generar_catalogo_vuelos.py
[2026-07-09T01:46:51.283-0500] {processor.py:830} INFO - Processing file /opt/airflow/dags/dag_generar_catalogo_vuelos.py for tasks to queue
[2026-07-09T01:46:51.285-0500] {logging_mixin.py:188} INFO - [2026-07-09T01:46:51.284-0500] {dagbag.py:545} INFO - Filling up the DagBag from /opt/airflow/dags/dag_generar_catalogo_vuelos.py
[2026-07-09T01:46:51.684-0500] {processor.py:840} INFO - DAG(s) 'aerotrack_travel_catalogo_vuelos' retrieved from /opt/airflow/dags/dag_generar_catalogo_vuelos.py
[2026-07-09T01:46:51.715-0500] {logging_mixin.py:188} INFO - [2026-07-09T01:46:51.715-0500] {dag.py:3089} INFO - Sync 1 DAGs
[2026-07-09T01:46:51.732-0500] {logging_mixin.py:188} INFO - [2026-07-09T01:46:51.732-0500] {dag.py:3947} INFO - Setting next_dagrun for aerotrack_travel_catalogo_vuelos to 2026-07-09 00:00:00+00:00, run_after=2026-07-10 00:00:00+00:00
[2026-07-09T01:46:51.746-0500] {processor.py:183} INFO - Processing /opt/airflow/dags/dag_generar_catalogo_vuelos.py took 0.468 seconds
[2026-07-09T01:47:22.066-0500] {processor.py:161} INFO - Started process (PID=10535) to work on /opt/airflow/dags/dag_generar_catalogo_vuelos.py
[2026-07-09T01:47:22.067-0500] {processor.py:830} INFO - Processing file /opt/airflow/dags/dag_generar_catalogo_vuelos.py for tasks to queue
[2026-07-09T01:47:22.068-0500] {logging_mixin.py:188} INFO - [2026-07-09T01:47:22.068-0500] {dagbag.py:545} INFO - Filling up the DagBag from /opt/airflow/dags/dag_generar_catalogo_vuelos.py
[2026-07-09T01:47:22.448-0500] {processor.py:840} INFO - DAG(s) 'aerotrack_travel_catalogo_vuelos' retrieved from /opt/airflow/dags/dag_generar_catalogo_vuelos.py
[2026-07-09T01:47:22.475-0500] {logging_mixin.py:188} INFO - [2026-07-09T01:47:22.475-0500] {dag.py:3089} INFO - Sync 1 DAGs
[2026-07-09T01:47:22.491-0500] {logging_mixin.py:188} INFO - [2026-07-09T01:47:22.491-0500] {dag.py:3947} INFO - Setting next_dagrun for aerotrack_travel_catalogo_vuelos to 2026-07-09 00:00:00+00:00, run_after=2026-07-10 00:00:00+00:00
[2026-07-09T01:47:22.506-0500] {processor.py:183} INFO - Processing /opt/airflow/dags/dag_generar_catalogo_vuelos.py took 0.444 seconds
[2026-07-09T01:47:52.818-0500] {processor.py:161} INFO - Started process (PID=10562) to work on /opt/airflow/dags/dag_generar_catalogo_vuelos.py
[2026-07-09T01:47:52.818-0500] {processor.py:830} INFO - Processing file /opt/airflow/dags/dag_generar_catalogo_vuelos.py for tasks to queue
[2026-07-09T01:47:52.820-0500] {logging_mixin.py:188} INFO - [2026-07-09T01:47:52.819-0500] {dagbag.py:545} INFO - Filling up the DagBag from /opt/airflow/dags/dag_generar_catalogo_vuelos.py
[2026-07-09T01:47:53.198-0500] {processor.py:840} INFO - DAG(s) 'aerotrack_travel_catalogo_vuelos' retrieved from /opt/airflow/dags/dag_generar_catalogo_vuelos.py
[2026-07-09T01:47:53.226-0500] {logging_mixin.py:188} INFO - [2026-07-09T01:47:53.226-0500] {dag.py:3089} INFO - Sync 1 DAGs
[2026-07-09T01:47:53.244-0500] {logging_mixin.py:188} INFO - [2026-07-09T01:47:53.243-0500] {dag.py:3947} INFO - Setting next_dagrun for aerotrack_travel_catalogo_vuelos to 2026-07-09 00:00:00+00:00, run_after=2026-07-10 00:00:00+00:00
[2026-07-09T01:47:53.257-0500] {processor.py:183} INFO - Processing /opt/airflow/dags/dag_generar_catalogo_vuelos.py took 0.444 seconds
[2026-07-09T01:48:23.599-0500] {processor.py:161} INFO - Started process (PID=10589) to work on /opt/airflow/dags/dag_generar_catalogo_vuelos.py
[2026-07-09T01:48:23.600-0500] {processor.py:830} INFO - Processing file /opt/airflow/dags/dag_generar_catalogo_vuelos.py for tasks to queue
[2026-07-09T01:48:23.602-0500] {logging_mixin.py:188} INFO - [2026-07-09T01:48:23.601-0500] {dagbag.py:545} INFO - Filling up the DagBag from /opt/airflow/dags/dag_generar_catalogo_vuelos.py
[2026-07-09T01:48:23.989-0500] {processor.py:840} INFO - DAG(s) 'aerotrack_travel_catalogo_vuelos' retrieved from /opt/airflow/dags/dag_generar_catalogo_vuelos.py
[2026-07-09T01:48:24.017-0500] {logging_mixin.py:188} INFO - [2026-07-09T01:48:24.016-0500] {dag.py:3089} INFO - Sync 1 DAGs
[2026-07-09T01:48:24.032-0500] {logging_mixin.py:188} INFO - [2026-07-09T01:48:24.032-0500] {dag.py:3947} INFO - Setting next_dagrun for aerotrack_travel_catalogo_vuelos to 2026-07-09 00:00:00+00:00, run_after=2026-07-10 00:00:00+00:00
[2026-07-09T01:48:24.050-0500] {processor.py:183} INFO - Processing /opt/airflow/dags/dag_generar_catalogo_vuelos.py took 0.455 seconds
[2026-07-09T01:48:54.373-0500] {processor.py:161} INFO - Started process (PID=10616) to work on /opt/airflow/dags/dag_generar_catalogo_vuelos.py
[2026-07-09T01:48:54.374-0500] {processor.py:830} INFO - Processing file /opt/airflow/dags/dag_generar_catalogo_vuelos.py for tasks to queue
[2026-07-09T01:48:54.375-0500] {logging_mixin.py:188} INFO - [2026-07-09T01:48:54.375-0500] {dagbag.py:545} INFO - Filling up the DagBag from /opt/airflow/dags/dag_generar_catalogo_vuelos.py
[2026-07-09T01:48:54.743-0500] {processor.py:840} INFO - DAG(s) 'aerotrack_travel_catalogo_vuelos' retrieved from /opt/airflow/dags/dag_generar_catalogo_vuelos.py
[2026-07-09T01:48:54.770-0500] {logging_mixin.py:188} INFO - [2026-07-09T01:48:54.770-0500] {dag.py:3089} INFO - Sync 1 DAGs
[2026-07-09T01:48:54.786-0500] {logging_mixin.py:188} INFO - [2026-07-09T01:48:54.786-0500] {dag.py:3947} INFO - Setting next_dagrun for aerotrack_travel_catalogo_vuelos to 2026-07-09 00:00:00+00:00, run_after=2026-07-10 00:00:00+00:00
[2026-07-09T01:48:54.800-0500] {processor.py:183} INFO - Processing /opt/airflow/dags/dag_generar_catalogo_vuelos.py took 0.431 seconds
[2026-07-09T01:49:25.120-0500] {processor.py:161} INFO - Started process (PID=10643) to work on /opt/airflow/dags/dag_generar_catalogo_vuelos.py
[2026-07-09T01:49:25.121-0500] {processor.py:830} INFO - Processing file /opt/airflow/dags/dag_generar_catalogo_vuelos.py for tasks to queue
[2026-07-09T01:49:25.122-0500] {logging_mixin.py:188} INFO - [2026-07-09T01:49:25.122-0500] {dagbag.py:545} INFO - Filling up the DagBag from /opt/airflow/dags/dag_generar_catalogo_vuelos.py
[2026-07-09T01:49:25.480-0500] {processor.py:840} INFO - DAG(s) 'aerotrack_travel_catalogo_vuelos' retrieved from /opt/airflow/dags/dag_generar_catalogo_vuelos.py
[2026-07-09T01:49:25.507-0500] {logging_mixin.py:188} INFO - [2026-07-09T01:49:25.506-0500] {dag.py:3089} INFO - Sync 1 DAGs
[2026-07-09T01:49:25.523-0500] {logging_mixin.py:188} INFO - [2026-07-09T01:49:25.523-0500] {dag.py:3947} INFO - Setting next_dagrun for aerotrack_travel_catalogo_vuelos to 2026-07-09 00:00:00+00:00, run_after=2026-07-10 00:00:00+00:00
[2026-07-09T01:49:25.537-0500] {processor.py:183} INFO - Processing /opt/airflow/dags/dag_generar_catalogo_vuelos.py took 0.421 seconds
[2026-07-09T01:49:55.914-0500] {processor.py:161} INFO - Started process (PID=10670) to work on /opt/airflow/dags/dag_generar_catalogo_vuelos.py
[2026-07-09T01:49:55.915-0500] {processor.py:830} INFO - Processing file /opt/airflow/dags/dag_generar_catalogo_vuelos.py for tasks to queue
[2026-07-09T01:49:55.917-0500] {logging_mixin.py:188} INFO - [2026-07-09T01:49:55.917-0500] {dagbag.py:545} INFO - Filling up the DagBag from /opt/airflow/dags/dag_generar_catalogo_vuelos.py
[2026-07-09T01:49:56.308-0500] {processor.py:840} INFO - DAG(s) 'aerotrack_travel_catalogo_vuelos' retrieved from /opt/airflow/dags/dag_generar_catalogo_vuelos.py
[2026-07-09T01:49:56.335-0500] {logging_mixin.py:188} INFO - [2026-07-09T01:49:56.335-0500] {dag.py:3089} INFO - Sync 1 DAGs
[2026-07-09T01:49:56.352-0500] {logging_mixin.py:188} INFO - [2026-07-09T01:49:56.352-0500] {dag.py:3947} INFO - Setting next_dagrun for aerotrack_travel_catalogo_vuelos to 2026-07-09 00:00:00+00:00, run_after=2026-07-10 00:00:00+00:00
[2026-07-09T01:49:56.365-0500] {processor.py:183} INFO - Processing /opt/airflow/dags/dag_generar_catalogo_vuelos.py took 0.457 seconds
[2026-07-09T01:50:26.697-0500] {processor.py:161} INFO - Started process (PID=10697) to work on /opt/airflow/dags/dag_generar_catalogo_vuelos.py
[2026-07-09T01:50:26.698-0500] {processor.py:830} INFO - Processing file /opt/airflow/dags/dag_generar_catalogo_vuelos.py for tasks to queue
[2026-07-09T01:50:26.700-0500] {logging_mixin.py:188} INFO - [2026-07-09T01:50:26.699-0500] {dagbag.py:545} INFO - Filling up the DagBag from /opt/airflow/dags/dag_generar_catalogo_vuelos.py
[2026-07-09T01:50:27.083-0500] {processor.py:840} INFO - DAG(s) 'aerotrack_travel_catalogo_vuelos' retrieved from /opt/airflow/dags/dag_generar_catalogo_vuelos.py
[2026-07-09T01:50:27.116-0500] {logging_mixin.py:188} INFO - [2026-07-09T01:50:27.115-0500] {dag.py:3089} INFO - Sync 1 DAGs
[2026-07-09T01:50:27.132-0500] {logging_mixin.py:188} INFO - [2026-07-09T01:50:27.132-0500] {dag.py:3947} INFO - Setting next_dagrun for aerotrack_travel_catalogo_vuelos to 2026-07-09 00:00:00+00:00, run_after=2026-07-10 00:00:00+00:00
[2026-07-09T01:50:27.151-0500] {processor.py:183} INFO - Processing /opt/airflow/dags/dag_generar_catalogo_vuelos.py took 0.458 seconds
[2026-07-09T01:50:57.465-0500] {processor.py:161} INFO - Started process (PID=10724) to work on /opt/airflow/dags/dag_generar_catalogo_vuelos.py
[2026-07-09T01:50:57.466-0500] {processor.py:830} INFO - Processing file /opt/airflow/dags/dag_generar_catalogo_vuelos.py for tasks to queue
[2026-07-09T01:50:57.468-0500] {logging_mixin.py:188} INFO - [2026-07-09T01:50:57.467-0500] {dagbag.py:545} INFO - Filling up the DagBag from /opt/airflow/dags/dag_generar_catalogo_vuelos.py
[2026-07-09T01:50:57.827-0500] {processor.py:840} INFO - DAG(s) 'aerotrack_travel_catalogo_vuelos' retrieved from /opt/airflow/dags/dag_generar_catalogo_vuelos.py
[2026-07-09T01:50:57.857-0500] {logging_mixin.py:188} INFO - [2026-07-09T01:50:57.857-0500] {dag.py:3089} INFO - Sync 1 DAGs
[2026-07-09T01:50:57.874-0500] {logging_mixin.py:188} INFO - [2026-07-09T01:50:57.873-0500] {dag.py:3947} INFO - Setting next_dagrun for aerotrack_travel_catalogo_vuelos to 2026-07-09 00:00:00+00:00, run_after=2026-07-10 00:00:00+00:00
[2026-07-09T01:50:57.887-0500] {processor.py:183} INFO - Processing /opt/airflow/dags/dag_generar_catalogo_vuelos.py took 0.426 seconds
[2026-07-09T01:51:28.348-0500] {processor.py:161} INFO - Started process (PID=10751) to work on /opt/airflow/dags/dag_generar_catalogo_vuelos.py
[2026-07-09T01:51:28.349-0500] {processor.py:830} INFO - Processing file /opt/airflow/dags/dag_generar_catalogo_vuelos.py for tasks to queue
[2026-07-09T01:51:28.354-0500] {logging_mixin.py:188} INFO - [2026-07-09T01:51:28.353-0500] {dagbag.py:545} INFO - Filling up the DagBag from /opt/airflow/dags/dag_generar_catalogo_vuelos.py
[2026-07-09T01:51:29.004-0500] {processor.py:840} INFO - DAG(s) 'aerotrack_travel_catalogo_vuelos' retrieved from /opt/airflow/dags/dag_generar_catalogo_vuelos.py
[2026-07-09T01:51:29.034-0500] {logging_mixin.py:188} INFO - [2026-07-09T01:51:29.034-0500] {dag.py:3089} INFO - Sync 1 DAGs
[2026-07-09T01:51:29.051-0500] {logging_mixin.py:188} INFO - [2026-07-09T01:51:29.051-0500] {dag.py:3947} INFO - Setting next_dagrun for aerotrack_travel_catalogo_vuelos to 2026-07-09 00:00:00+00:00, run_after=2026-07-10 00:00:00+00:00
[2026-07-09T01:51:29.065-0500] {processor.py:183} INFO - Processing /opt/airflow/dags/dag_generar_catalogo_vuelos.py took 0.731 seconds
[2026-07-09T01:51:59.387-0500] {processor.py:161} INFO - Started process (PID=10778) to work on /opt/airflow/dags/dag_generar_catalogo_vuelos.py
[2026-07-09T01:51:59.388-0500] {processor.py:830} INFO - Processing file /opt/airflow/dags/dag_generar_catalogo_vuelos.py for tasks to queue
[2026-07-09T01:51:59.389-0500] {logging_mixin.py:188} INFO - [2026-07-09T01:51:59.389-0500] {dagbag.py:545} INFO - Filling up the DagBag from /opt/airflow/dags/dag_generar_catalogo_vuelos.py
[2026-07-09T01:51:59.760-0500] {processor.py:840} INFO - DAG(s) 'aerotrack_travel_catalogo_vuelos' retrieved from /opt/airflow/dags/dag_generar_catalogo_vuelos.py
[2026-07-09T01:51:59.787-0500] {logging_mixin.py:188} INFO - [2026-07-09T01:51:59.787-0500] {dag.py:3089} INFO - Sync 1 DAGs
[2026-07-09T01:51:59.803-0500] {logging_mixin.py:188} INFO - [2026-07-09T01:51:59.802-0500] {dag.py:3947} INFO - Setting next_dagrun for aerotrack_travel_catalogo_vuelos to 2026-07-09 00:00:00+00:00, run_after=2026-07-10 00:00:00+00:00
[2026-07-09T01:51:59.817-0500] {processor.py:183} INFO - Processing /opt/airflow/dags/dag_generar_catalogo_vuelos.py took 0.435 seconds
[2026-07-09T01:52:30.122-0500] {processor.py:161} INFO - Started process (PID=10805) to work on /opt/airflow/dags/dag_generar_catalogo_vuelos.py
[2026-07-09T01:52:30.123-0500] {processor.py:830} INFO - Processing file /opt/airflow/dags/dag_generar_catalogo_vuelos.py for tasks to queue
[2026-07-09T01:52:30.125-0500] {logging_mixin.py:188} INFO - [2026-07-09T01:52:30.124-0500] {dagbag.py:545} INFO - Filling up the DagBag from /opt/airflow/dags/dag_generar_catalogo_vuelos.py
[2026-07-09T01:52:30.510-0500] {processor.py:840} INFO - DAG(s) 'aerotrack_travel_catalogo_vuelos' retrieved from /opt/airflow/dags/dag_generar_catalogo_vuelos.py
[2026-07-09T01:52:30.542-0500] {logging_mixin.py:188} INFO - [2026-07-09T01:52:30.542-0500] {dag.py:3089} INFO - Sync 1 DAGs
[2026-07-09T01:52:30.563-0500] {logging_mixin.py:188} INFO - [2026-07-09T01:52:30.563-0500] {dag.py:3947} INFO - Setting next_dagrun for aerotrack_travel_catalogo_vuelos to 2026-07-09 00:00:00+00:00, run_after=2026-07-10 00:00:00+00:00
[2026-07-09T01:52:30.591-0500] {processor.py:183} INFO - Processing /opt/airflow/dags/dag_generar_catalogo_vuelos.py took 0.473 seconds
[2026-07-09T01:53:00.944-0500] {processor.py:161} INFO - Started process (PID=10832) to work on /opt/airflow/dags/dag_generar_catalogo_vuelos.py
[2026-07-09T01:53:00.945-0500] {processor.py:830} INFO - Processing file /opt/airflow/dags/dag_generar_catalogo_vuelos.py for tasks to queue
[2026-07-09T01:53:00.947-0500] {logging_mixin.py:188} INFO - [2026-07-09T01:53:00.946-0500] {dagbag.py:545} INFO - Filling up the DagBag from /opt/airflow/dags/dag_generar_catalogo_vuelos.py
[2026-07-09T01:53:01.330-0500] {processor.py:840} INFO - DAG(s) 'aerotrack_travel_catalogo_vuelos' retrieved from /opt/airflow/dags/dag_generar_catalogo_vuelos.py
[2026-07-09T01:53:01.355-0500] {logging_mixin.py:188} INFO - [2026-07-09T01:53:01.355-0500] {dag.py:3089} INFO - Sync 1 DAGs
[2026-07-09T01:53:01.370-0500] {logging_mixin.py:188} INFO - [2026-07-09T01:53:01.370-0500] {dag.py:3947} INFO - Setting next_dagrun for aerotrack_travel_catalogo_vuelos to 2026-07-09 00:00:00+00:00, run_after=2026-07-10 00:00:00+00:00
[2026-07-09T01:53:01.383-0500] {processor.py:183} INFO - Processing /opt/airflow/dags/dag_generar_catalogo_vuelos.py took 0.444 seconds
[2026-07-09T01:53:31.703-0500] {processor.py:161} INFO - Started process (PID=10859) to work on /opt/airflow/dags/dag_generar_catalogo_vuelos.py
[2026-07-09T01:53:31.704-0500] {processor.py:830} INFO - Processing file /opt/airflow/dags/dag_generar_catalogo_vuelos.py for tasks to queue
[2026-07-09T01:53:31.705-0500] {logging_mixin.py:188} INFO - [2026-07-09T01:53:31.705-0500] {dagbag.py:545} INFO - Filling up the DagBag from /opt/airflow/dags/dag_generar_catalogo_vuelos.py
[2026-07-09T01:53:32.078-0500] {processor.py:840} INFO - DAG(s) 'aerotrack_travel_catalogo_vuelos' retrieved from /opt/airflow/dags/dag_generar_catalogo_vuelos.py
[2026-07-09T01:53:32.103-0500] {logging_mixin.py:188} INFO - [2026-07-09T01:53:32.102-0500] {dag.py:3089} INFO - Sync 1 DAGs
[2026-07-09T01:53:32.119-0500] {logging_mixin.py:188} INFO - [2026-07-09T01:53:32.119-0500] {dag.py:3947} INFO - Setting next_dagrun for aerotrack_travel_catalogo_vuelos to 2026-07-09 00:00:00+00:00, run_after=2026-07-10 00:00:00+00:00
[2026-07-09T01:53:32.133-0500] {processor.py:183} INFO - Processing /opt/airflow/dags/dag_generar_catalogo_vuelos.py took 0.435 seconds
[2026-07-09T01:54:02.452-0500] {processor.py:161} INFO - Started process (PID=10886) to work on /opt/airflow/dags/dag_generar_catalogo_vuelos.py
[2026-07-09T01:54:02.452-0500] {processor.py:830} INFO - Processing file /opt/airflow/dags/dag_generar_catalogo_vuelos.py for tasks to queue
[2026-07-09T01:54:02.454-0500] {logging_mixin.py:188} INFO - [2026-07-09T01:54:02.454-0500] {dagbag.py:545} INFO - Filling up the DagBag from /opt/airflow/dags/dag_generar_catalogo_vuelos.py
[2026-07-09T01:54:02.846-0500] {processor.py:840} INFO - DAG(s) 'aerotrack_travel_catalogo_vuelos' retrieved from /opt/airflow/dags/dag_generar_catalogo_vuelos.py
[2026-07-09T01:54:02.880-0500] {logging_mixin.py:188} INFO - [2026-07-09T01:54:02.879-0500] {dag.py:3089} INFO - Sync 1 DAGs
[2026-07-09T01:54:02.895-0500] {logging_mixin.py:188} INFO - [2026-07-09T01:54:02.894-0500] {dag.py:3947} INFO - Setting next_dagrun for aerotrack_travel_catalogo_vuelos to 2026-07-09 00:00:00+00:00, run_after=2026-07-10 00:00:00+00:00
[2026-07-09T01:54:02.910-0500] {processor.py:183} INFO - Processing /opt/airflow/dags/dag_generar_catalogo_vuelos.py took 0.464 seconds
[2026-07-09T01:54:33.243-0500] {processor.py:161} INFO - Started process (PID=10913) to work on /opt/airflow/dags/dag_generar_catalogo_vuelos.py
[2026-07-09T01:54:33.244-0500] {processor.py:830} INFO - Processing file /opt/airflow/dags/dag_generar_catalogo_vuelos.py for tasks to queue
[2026-07-09T01:54:33.246-0500] {logging_mixin.py:188} INFO - [2026-07-09T01:54:33.245-0500] {dagbag.py:545} INFO - Filling up the DagBag from /opt/airflow/dags/dag_generar_catalogo_vuelos.py
[2026-07-09T01:54:33.668-0500] {processor.py:840} INFO - DAG(s) 'aerotrack_travel_catalogo_vuelos' retrieved from /opt/airflow/dags/dag_generar_catalogo_vuelos.py
[2026-07-09T01:54:33.696-0500] {logging_mixin.py:188} INFO - [2026-07-09T01:54:33.696-0500] {dag.py:3089} INFO - Sync 1 DAGs
[2026-07-09T01:54:33.715-0500] {logging_mixin.py:188} INFO - [2026-07-09T01:54:33.715-0500] {dag.py:3947} INFO - Setting next_dagrun for aerotrack_travel_catalogo_vuelos to 2026-07-09 00:00:00+00:00, run_after=2026-07-10 00:00:00+00:00
[2026-07-09T01:54:33.730-0500] {processor.py:183} INFO - Processing /opt/airflow/dags/dag_generar_catalogo_vuelos.py took 0.492 seconds
[2026-07-09T01:55:04.061-0500] {processor.py:161} INFO - Started process (PID=10940) to work on /opt/airflow/dags/dag_generar_catalogo_vuelos.py
[2026-07-09T01:55:04.063-0500] {processor.py:830} INFO - Processing file /opt/airflow/dags/dag_generar_catalogo_vuelos.py for tasks to queue
[2026-07-09T01:55:04.064-0500] {logging_mixin.py:188} INFO - [2026-07-09T01:55:04.064-0500] {dagbag.py:545} INFO - Filling up the DagBag from /opt/airflow/dags/dag_generar_catalogo_vuelos.py
[2026-07-09T01:55:04.435-0500] {processor.py:840} INFO - DAG(s) 'aerotrack_travel_catalogo_vuelos' retrieved from /opt/airflow/dags/dag_generar_catalogo_vuelos.py
[2026-07-09T01:55:04.463-0500] {logging_mixin.py:188} INFO - [2026-07-09T01:55:04.463-0500] {dag.py:3089} INFO - Sync 1 DAGs
[2026-07-09T01:55:04.479-0500] {logging_mixin.py:188} INFO - [2026-07-09T01:55:04.479-0500] {dag.py:3947} INFO - Setting next_dagrun for aerotrack_travel_catalogo_vuelos to 2026-07-09 00:00:00+00:00, run_after=2026-07-10 00:00:00+00:00
[2026-07-09T01:55:04.493-0500] {processor.py:183} INFO - Processing /opt/airflow/dags/dag_generar_catalogo_vuelos.py took 0.438 seconds
[2026-07-09T01:55:34.810-0500] {processor.py:161} INFO - Started process (PID=10967) to work on /opt/airflow/dags/dag_generar_catalogo_vuelos.py
[2026-07-09T01:55:34.811-0500] {processor.py:830} INFO - Processing file /opt/airflow/dags/dag_generar_catalogo_vuelos.py for tasks to queue
[2026-07-09T01:55:34.813-0500] {logging_mixin.py:188} INFO - [2026-07-09T01:55:34.812-0500] {dagbag.py:545} INFO - Filling up the DagBag from /opt/airflow/dags/dag_generar_catalogo_vuelos.py
[2026-07-09T01:55:35.212-0500] {processor.py:840} INFO - DAG(s) 'aerotrack_travel_catalogo_vuelos' retrieved from /opt/airflow/dags/dag_generar_catalogo_vuelos.py
[2026-07-09T01:55:35.250-0500] {logging_mixin.py:188} INFO - [2026-07-09T01:55:35.250-0500] {dag.py:3089} INFO - Sync 1 DAGs
[2026-07-09T01:55:35.269-0500] {logging_mixin.py:188} INFO - [2026-07-09T01:55:35.269-0500] {dag.py:3947} INFO - Setting next_dagrun for aerotrack_travel_catalogo_vuelos to 2026-07-09 00:00:00+00:00, run_after=2026-07-10 00:00:00+00:00
[2026-07-09T01:55:35.283-0500] {processor.py:183} INFO - Processing /opt/airflow/dags/dag_generar_catalogo_vuelos.py took 0.477 seconds
[2026-07-09T01:56:05.606-0500] {processor.py:161} INFO - Started process (PID=10994) to work on /opt/airflow/dags/dag_generar_catalogo_vuelos.py
[2026-07-09T01:56:05.607-0500] {processor.py:830} INFO - Processing file /opt/airflow/dags/dag_generar_catalogo_vuelos.py for tasks to queue
[2026-07-09T01:56:05.608-0500] {logging_mixin.py:188} INFO - [2026-07-09T01:56:05.608-0500] {dagbag.py:545} INFO - Filling up the DagBag from /opt/airflow/dags/dag_generar_catalogo_vuelos.py
[2026-07-09T01:56:06.012-0500] {processor.py:840} INFO - DAG(s) 'aerotrack_travel_catalogo_vuelos' retrieved from /opt/airflow/dags/dag_generar_catalogo_vuelos.py
[2026-07-09T01:56:06.041-0500] {logging_mixin.py:188} INFO - [2026-07-09T01:56:06.041-0500] {dag.py:3089} INFO - Sync 1 DAGs
[2026-07-09T01:56:06.058-0500] {logging_mixin.py:188} INFO - [2026-07-09T01:56:06.058-0500] {dag.py:3947} INFO - Setting next_dagrun for aerotrack_travel_catalogo_vuelos to 2026-07-09 00:00:00+00:00, run_after=2026-07-10 00:00:00+00:00
[2026-07-09T01:56:06.072-0500] {processor.py:183} INFO - Processing /opt/airflow/dags/dag_generar_catalogo_vuelos.py took 0.472 seconds
[2026-07-09T01:56:36.549-0500] {processor.py:161} INFO - Started process (PID=11021) to work on /opt/airflow/dags/dag_generar_catalogo_vuelos.py
[2026-07-09T01:56:36.550-0500] {processor.py:830} INFO - Processing file /opt/airflow/dags/dag_generar_catalogo_vuelos.py for tasks to queue
[2026-07-09T01:56:36.552-0500] {logging_mixin.py:188} INFO - [2026-07-09T01:56:36.552-0500] {dagbag.py:545} INFO - Filling up the DagBag from /opt/airflow/dags/dag_generar_catalogo_vuelos.py
[2026-07-09T01:56:37.076-0500] {processor.py:840} INFO - DAG(s) 'aerotrack_travel_catalogo_vuelos' retrieved from /opt/airflow/dags/dag_generar_catalogo_vuelos.py
[2026-07-09T01:56:37.113-0500] {logging_mixin.py:188} INFO - [2026-07-09T01:56:37.112-0500] {dag.py:3089} INFO - Sync 1 DAGs
[2026-07-09T01:56:37.130-0500] {logging_mixin.py:188} INFO - [2026-07-09T01:56:37.130-0500] {dag.py:3947} INFO - Setting next_dagrun for aerotrack_travel_catalogo_vuelos to 2026-07-09 00:00:00+00:00, run_after=2026-07-10 00:00:00+00:00
[2026-07-09T01:56:37.146-0500] {processor.py:183} INFO - Processing /opt/airflow/dags/dag_generar_catalogo_vuelos.py took 0.603 seconds
[2026-07-09T01:57:07.604-0500] {processor.py:161} INFO - Started process (PID=11048) to work on /opt/airflow/dags/dag_generar_catalogo_vuelos.py
[2026-07-09T01:57:07.605-0500] {processor.py:830} INFO - Processing file /opt/airflow/dags/dag_generar_catalogo_vuelos.py for tasks to queue
[2026-07-09T01:57:07.606-0500] {logging_mixin.py:188} INFO - [2026-07-09T01:57:07.606-0500] {dagbag.py:545} INFO - Filling up the DagBag from /opt/airflow/dags/dag_generar_catalogo_vuelos.py
[2026-07-09T01:57:07.980-0500] {processor.py:840} INFO - DAG(s) 'aerotrack_travel_catalogo_vuelos' retrieved from /opt/airflow/dags/dag_generar_catalogo_vuelos.py
[2026-07-09T01:57:08.012-0500] {logging_mixin.py:188} INFO - [2026-07-09T01:57:08.012-0500] {dag.py:3089} INFO - Sync 1 DAGs
[2026-07-09T01:57:08.028-0500] {logging_mixin.py:188} INFO - [2026-07-09T01:57:08.028-0500] {dag.py:3947} INFO - Setting next_dagrun for aerotrack_travel_catalogo_vuelos to 2026-07-09 00:00:00+00:00, run_after=2026-07-10 00:00:00+00:00
[2026-07-09T01:57:08.041-0500] {processor.py:183} INFO - Processing /opt/airflow/dags/dag_generar_catalogo_vuelos.py took 0.441 seconds
[2026-07-09T01:57:38.353-0500] {processor.py:161} INFO - Started process (PID=11075) to work on /opt/airflow/dags/dag_generar_catalogo_vuelos.py
[2026-07-09T01:57:38.354-0500] {processor.py:830} INFO - Processing file /opt/airflow/dags/dag_generar_catalogo_vuelos.py for tasks to queue
[2026-07-09T01:57:38.355-0500] {logging_mixin.py:188} INFO - [2026-07-09T01:57:38.355-0500] {dagbag.py:545} INFO - Filling up the DagBag from /opt/airflow/dags/dag_generar_catalogo_vuelos.py
[2026-07-09T01:57:38.801-0500] {processor.py:840} INFO - DAG(s) 'aerotrack_travel_catalogo_vuelos' retrieved from /opt/airflow/dags/dag_generar_catalogo_vuelos.py
[2026-07-09T01:57:38.832-0500] {logging_mixin.py:188} INFO - [2026-07-09T01:57:38.831-0500] {dag.py:3089} INFO - Sync 1 DAGs
[2026-07-09T01:57:38.849-0500] {logging_mixin.py:188} INFO - [2026-07-09T01:57:38.848-0500] {dag.py:3947} INFO - Setting next_dagrun for aerotrack_travel_catalogo_vuelos to 2026-07-09 00:00:00+00:00, run_after=2026-07-10 00:00:00+00:00
[2026-07-09T01:57:38.863-0500] {processor.py:183} INFO - Processing /opt/airflow/dags/dag_generar_catalogo_vuelos.py took 0.514 seconds
[2026-07-09T01:58:09.296-0500] {processor.py:161} INFO - Started process (PID=11102) to work on /opt/airflow/dags/dag_generar_catalogo_vuelos.py
[2026-07-09T01:58:09.298-0500] {processor.py:830} INFO - Processing file /opt/airflow/dags/dag_generar_catalogo_vuelos.py for tasks to queue
[2026-07-09T01:58:09.299-0500] {logging_mixin.py:188} INFO - [2026-07-09T01:58:09.299-0500] {dagbag.py:545} INFO - Filling up the DagBag from /opt/airflow/dags/dag_generar_catalogo_vuelos.py
[2026-07-09T01:58:09.743-0500] {processor.py:840} INFO - DAG(s) 'aerotrack_travel_catalogo_vuelos' retrieved from /opt/airflow/dags/dag_generar_catalogo_vuelos.py
[2026-07-09T01:58:09.776-0500] {logging_mixin.py:188} INFO - [2026-07-09T01:58:09.776-0500] {dag.py:3089} INFO - Sync 1 DAGs
[2026-07-09T01:58:09.793-0500] {logging_mixin.py:188} INFO - [2026-07-09T01:58:09.793-0500] {dag.py:3947} INFO - Setting next_dagrun for aerotrack_travel_catalogo_vuelos to 2026-07-09 00:00:00+00:00, run_after=2026-07-10 00:00:00+00:00
[2026-07-09T01:58:09.809-0500] {processor.py:183} INFO - Processing /opt/airflow/dags/dag_generar_catalogo_vuelos.py took 0.517 seconds
[2026-07-09T01:58:40.142-0500] {processor.py:161} INFO - Started process (PID=11129) to work on /opt/airflow/dags/dag_generar_catalogo_vuelos.py
[2026-07-09T01:58:40.143-0500] {processor.py:830} INFO - Processing file /opt/airflow/dags/dag_generar_catalogo_vuelos.py for tasks to queue
[2026-07-09T01:58:40.146-0500] {logging_mixin.py:188} INFO - [2026-07-09T01:58:40.145-0500] {dagbag.py:545} INFO - Filling up the DagBag from /opt/airflow/dags/dag_generar_catalogo_vuelos.py
[2026-07-09T01:58:40.586-0500] {processor.py:840} INFO - DAG(s) 'aerotrack_travel_catalogo_vuelos' retrieved from /opt/airflow/dags/dag_generar_catalogo_vuelos.py
[2026-07-09T01:58:40.617-0500] {logging_mixin.py:188} INFO - [2026-07-09T01:58:40.617-0500] {dag.py:3089} INFO - Sync 1 DAGs
[2026-07-09T01:58:40.640-0500] {logging_mixin.py:188} INFO - [2026-07-09T01:58:40.640-0500] {dag.py:3947} INFO - Setting next_dagrun for aerotrack_travel_catalogo_vuelos to 2026-07-09 00:00:00+00:00, run_after=2026-07-10 00:00:00+00:00
[2026-07-09T01:58:40.659-0500] {processor.py:183} INFO - Processing /opt/airflow/dags/dag_generar_catalogo_vuelos.py took 0.523 seconds
[2026-07-09T01:59:11.107-0500] {processor.py:161} INFO - Started process (PID=11156) to work on /opt/airflow/dags/dag_generar_catalogo_vuelos.py
[2026-07-09T01:59:11.107-0500] {processor.py:830} INFO - Processing file /opt/airflow/dags/dag_generar_catalogo_vuelos.py for tasks to queue
[2026-07-09T01:59:11.109-0500] {logging_mixin.py:188} INFO - [2026-07-09T01:59:11.109-0500] {dagbag.py:545} INFO - Filling up the DagBag from /opt/airflow/dags/dag_generar_catalogo_vuelos.py
[2026-07-09T01:59:11.528-0500] {processor.py:840} INFO - DAG(s) 'aerotrack_travel_catalogo_vuelos' retrieved from /opt/airflow/dags/dag_generar_catalogo_vuelos.py
[2026-07-09T01:59:11.559-0500] {logging_mixin.py:188} INFO - [2026-07-09T01:59:11.559-0500] {dag.py:3089} INFO - Sync 1 DAGs
[2026-07-09T01:59:11.577-0500] {logging_mixin.py:188} INFO - [2026-07-09T01:59:11.576-0500] {dag.py:3947} INFO - Setting next_dagrun for aerotrack_travel_catalogo_vuelos to 2026-07-09 00:00:00+00:00, run_after=2026-07-10 00:00:00+00:00
[2026-07-09T01:59:11.591-0500] {processor.py:183} INFO - Processing /opt/airflow/dags/dag_generar_catalogo_vuelos.py took 0.490 seconds
[2026-07-09T01:59:42.022-0500] {processor.py:161} INFO - Started process (PID=11183) to work on /opt/airflow/dags/dag_generar_catalogo_vuelos.py
[2026-07-09T01:59:42.023-0500] {processor.py:830} INFO - Processing file /opt/airflow/dags/dag_generar_catalogo_vuelos.py for tasks to queue
[2026-07-09T01:59:42.025-0500] {logging_mixin.py:188} INFO - [2026-07-09T01:59:42.025-0500] {dagbag.py:545} INFO - Filling up the DagBag from /opt/airflow/dags/dag_generar_catalogo_vuelos.py
[2026-07-09T01:59:42.430-0500] {processor.py:840} INFO - DAG(s) 'aerotrack_travel_catalogo_vuelos' retrieved from /opt/airflow/dags/dag_generar_catalogo_vuelos.py
[2026-07-09T01:59:42.461-0500] {logging_mixin.py:188} INFO - [2026-07-09T01:59:42.461-0500] {dag.py:3089} INFO - Sync 1 DAGs
[2026-07-09T01:59:42.482-0500] {logging_mixin.py:188} INFO - [2026-07-09T01:59:42.482-0500] {dag.py:3947} INFO - Setting next_dagrun for aerotrack_travel_catalogo_vuelos to 2026-07-09 00:00:00+00:00, run_after=2026-07-10 00:00:00+00:00
[2026-07-09T01:59:42.498-0500] {processor.py:183} INFO - Processing /opt/airflow/dags/dag_generar_catalogo_vuelos.py took 0.480 seconds
[2026-07-09T02:00:12.825-0500] {processor.py:161} INFO - Started process (PID=11210) to work on /opt/airflow/dags/dag_generar_catalogo_vuelos.py
[2026-07-09T02:00:12.826-0500] {processor.py:830} INFO - Processing file /opt/airflow/dags/dag_generar_catalogo_vuelos.py for tasks to queue
[2026-07-09T02:00:12.827-0500] {logging_mixin.py:188} INFO - [2026-07-09T02:00:12.827-0500] {dagbag.py:545} INFO - Filling up the DagBag from /opt/airflow/dags/dag_generar_catalogo_vuelos.py
[2026-07-09T02:00:13.313-0500] {processor.py:840} INFO - DAG(s) 'aerotrack_travel_catalogo_vuelos' retrieved from /opt/airflow/dags/dag_generar_catalogo_vuelos.py
[2026-07-09T02:00:13.361-0500] {logging_mixin.py:188} INFO - [2026-07-09T02:00:13.361-0500] {dag.py:3089} INFO - Sync 1 DAGs
[2026-07-09T02:00:13.386-0500] {logging_mixin.py:188} INFO - [2026-07-09T02:00:13.385-0500] {dag.py:3947} INFO - Setting next_dagrun for aerotrack_travel_catalogo_vuelos to 2026-07-09 00:00:00+00:00, run_after=2026-07-10 00:00:00+00:00
[2026-07-09T02:00:13.406-0500] {processor.py:183} INFO - Processing /opt/airflow/dags/dag_generar_catalogo_vuelos.py took 0.587 seconds
[2026-07-09T02:00:43.752-0500] {processor.py:161} INFO - Started process (PID=11237) to work on /opt/airflow/dags/dag_generar_catalogo_vuelos.py
[2026-07-09T02:00:43.753-0500] {processor.py:830} INFO - Processing file /opt/airflow/dags/dag_generar_catalogo_vuelos.py for tasks to queue
[2026-07-09T02:00:43.755-0500] {logging_mixin.py:188} INFO - [2026-07-09T02:00:43.755-0500] {dagbag.py:545} INFO - Filling up the DagBag from /opt/airflow/dags/dag_generar_catalogo_vuelos.py
[2026-07-09T02:00:44.185-0500] {processor.py:840} INFO - DAG(s) 'aerotrack_travel_catalogo_vuelos' retrieved from /opt/airflow/dags/dag_generar_catalogo_vuelos.py
[2026-07-09T02:00:44.216-0500] {logging_mixin.py:188} INFO - [2026-07-09T02:00:44.215-0500] {dag.py:3089} INFO - Sync 1 DAGs
[2026-07-09T02:00:44.239-0500] {logging_mixin.py:188} INFO - [2026-07-09T02:00:44.239-0500] {dag.py:3947} INFO - Setting next_dagrun for aerotrack_travel_catalogo_vuelos to 2026-07-09 00:00:00+00:00, run_after=2026-07-10 00:00:00+00:00
[2026-07-09T02:00:44.254-0500] {processor.py:183} INFO - Processing /opt/airflow/dags/dag_generar_catalogo_vuelos.py took 0.507 seconds
[2026-07-09T02:01:14.605-0500] {processor.py:161} INFO - Started process (PID=11264) to work on /opt/airflow/dags/dag_generar_catalogo_vuelos.py
[2026-07-09T02:01:14.606-0500] {processor.py:830} INFO - Processing file /opt/airflow/dags/dag_generar_catalogo_vuelos.py for tasks to queue
[2026-07-09T02:01:14.608-0500] {logging_mixin.py:188} INFO - [2026-07-09T02:01:14.608-0500] {dagbag.py:545} INFO - Filling up the DagBag from /opt/airflow/dags/dag_generar_catalogo_vuelos.py
[2026-07-09T02:01:15.144-0500] {processor.py:840} INFO - DAG(s) 'aerotrack_travel_catalogo_vuelos' retrieved from /opt/airflow/dags/dag_generar_catalogo_vuelos.py
[2026-07-09T02:01:15.185-0500] {logging_mixin.py:188} INFO - [2026-07-09T02:01:15.184-0500] {dag.py:3089} INFO - Sync 1 DAGs
[2026-07-09T02:01:15.209-0500] {logging_mixin.py:188} INFO - [2026-07-09T02:01:15.209-0500] {dag.py:3947} INFO - Setting next_dagrun for aerotrack_travel_catalogo_vuelos to 2026-07-09 00:00:00+00:00, run_after=2026-07-10 00:00:00+00:00
[2026-07-09T02:01:15.232-0500] {processor.py:183} INFO - Processing /opt/airflow/dags/dag_generar_catalogo_vuelos.py took 0.631 seconds
[2026-07-09T02:01:45.771-0500] {processor.py:161} INFO - Started process (PID=11291) to work on /opt/airflow/dags/dag_generar_catalogo_vuelos.py
[2026-07-09T02:01:45.772-0500] {processor.py:830} INFO - Processing file /opt/airflow/dags/dag_generar_catalogo_vuelos.py for tasks to queue
[2026-07-09T02:01:45.774-0500] {logging_mixin.py:188} INFO - [2026-07-09T02:01:45.773-0500] {dagbag.py:545} INFO - Filling up the DagBag from /opt/airflow/dags/dag_generar_catalogo_vuelos.py
[2026-07-09T02:01:46.218-0500] {processor.py:840} INFO - DAG(s) 'aerotrack_travel_catalogo_vuelos' retrieved from /opt/airflow/dags/dag_generar_catalogo_vuelos.py
[2026-07-09T02:01:46.251-0500] {logging_mixin.py:188} INFO - [2026-07-09T02:01:46.251-0500] {dag.py:3089} INFO - Sync 1 DAGs
[2026-07-09T02:01:46.271-0500] {logging_mixin.py:188} INFO - [2026-07-09T02:01:46.271-0500] {dag.py:3947} INFO - Setting next_dagrun for aerotrack_travel_catalogo_vuelos to 2026-07-09 00:00:00+00:00, run_after=2026-07-10 00:00:00+00:00
[2026-07-09T02:01:46.285-0500] {processor.py:183} INFO - Processing /opt/airflow/dags/dag_generar_catalogo_vuelos.py took 0.518 seconds
[2026-07-09T02:02:16.679-0500] {processor.py:161} INFO - Started process (PID=11318) to work on /opt/airflow/dags/dag_generar_catalogo_vuelos.py
[2026-07-09T02:02:16.679-0500] {processor.py:830} INFO - Processing file /opt/airflow/dags/dag_generar_catalogo_vuelos.py for tasks to queue
[2026-07-09T02:02:16.681-0500] {logging_mixin.py:188} INFO - [2026-07-09T02:02:16.680-0500] {dagbag.py:545} INFO - Filling up the DagBag from /opt/airflow/dags/dag_generar_catalogo_vuelos.py
[2026-07-09T02:02:17.074-0500] {processor.py:840} INFO - DAG(s) 'aerotrack_travel_catalogo_vuelos' retrieved from /opt/airflow/dags/dag_generar_catalogo_vuelos.py
[2026-07-09T02:02:17.108-0500] {logging_mixin.py:188} INFO - [2026-07-09T02:02:17.108-0500] {dag.py:3089} INFO - Sync 1 DAGs
[2026-07-09T02:02:17.125-0500] {logging_mixin.py:188} INFO - [2026-07-09T02:02:17.125-0500] {dag.py:3947} INFO - Setting next_dagrun for aerotrack_travel_catalogo_vuelos to 2026-07-09 00:00:00+00:00, run_after=2026-07-10 00:00:00+00:00
[2026-07-09T02:02:17.140-0500] {processor.py:183} INFO - Processing /opt/airflow/dags/dag_generar_catalogo_vuelos.py took 0.467 seconds
[2026-07-09T02:02:47.615-0500] {processor.py:161} INFO - Started process (PID=11345) to work on /opt/airflow/dags/dag_generar_catalogo_vuelos.py
[2026-07-09T02:02:47.616-0500] {processor.py:830} INFO - Processing file /opt/airflow/dags/dag_generar_catalogo_vuelos.py for tasks to queue
[2026-07-09T02:02:47.618-0500] {logging_mixin.py:188} INFO - [2026-07-09T02:02:47.617-0500] {dagbag.py:545} INFO - Filling up the DagBag from /opt/airflow/dags/dag_generar_catalogo_vuelos.py
[2026-07-09T02:02:48.027-0500] {processor.py:840} INFO - DAG(s) 'aerotrack_travel_catalogo_vuelos' retrieved from /opt/airflow/dags/dag_generar_catalogo_vuelos.py
[2026-07-09T02:02:48.062-0500] {logging_mixin.py:188} INFO - [2026-07-09T02:02:48.061-0500] {dag.py:3089} INFO - Sync 1 DAGs
[2026-07-09T02:02:48.082-0500] {logging_mixin.py:188} INFO - [2026-07-09T02:02:48.082-0500] {dag.py:3947} INFO - Setting next_dagrun for aerotrack_travel_catalogo_vuelos to 2026-07-09 00:00:00+00:00, run_after=2026-07-10 00:00:00+00:00
[2026-07-09T02:02:48.100-0500] {processor.py:183} INFO - Processing /opt/airflow/dags/dag_generar_catalogo_vuelos.py took 0.489 seconds
[2026-07-09T02:03:18.536-0500] {processor.py:161} INFO - Started process (PID=11372) to work on /opt/airflow/dags/dag_generar_catalogo_vuelos.py
[2026-07-09T02:03:18.537-0500] {processor.py:830} INFO - Processing file /opt/airflow/dags/dag_generar_catalogo_vuelos.py for tasks to queue
[2026-07-09T02:03:18.539-0500] {logging_mixin.py:188} INFO - [2026-07-09T02:03:18.538-0500] {dagbag.py:545} INFO - Filling up the DagBag from /opt/airflow/dags/dag_generar_catalogo_vuelos.py
[2026-07-09T02:03:18.992-0500] {processor.py:840} INFO - DAG(s) 'aerotrack_travel_catalogo_vuelos' retrieved from /opt/airflow/dags/dag_generar_catalogo_vuelos.py
[2026-07-09T02:03:19.025-0500] {logging_mixin.py:188} INFO - [2026-07-09T02:03:19.025-0500] {dag.py:3089} INFO - Sync 1 DAGs
[2026-07-09T02:03:19.045-0500] {logging_mixin.py:188} INFO - [2026-07-09T02:03:19.044-0500] {dag.py:3947} INFO - Setting next_dagrun for aerotrack_travel_catalogo_vuelos to 2026-07-09 00:00:00+00:00, run_after=2026-07-10 00:00:00+00:00
[2026-07-09T02:03:19.060-0500] {processor.py:183} INFO - Processing /opt/airflow/dags/dag_generar_catalogo_vuelos.py took 0.529 seconds
[2026-07-09T02:03:49.497-0500] {processor.py:161} INFO - Started process (PID=11399) to work on /opt/airflow/dags/dag_generar_catalogo_vuelos.py
[2026-07-09T02:03:49.498-0500] {processor.py:830} INFO - Processing file /opt/airflow/dags/dag_generar_catalogo_vuelos.py for tasks to queue
[2026-07-09T02:03:49.499-0500] {logging_mixin.py:188} INFO - [2026-07-09T02:03:49.499-0500] {dagbag.py:545} INFO - Filling up the DagBag from /opt/airflow/dags/dag_generar_catalogo_vuelos.py
[2026-07-09T02:03:49.905-0500] {processor.py:840} INFO - DAG(s) 'aerotrack_travel_catalogo_vuelos' retrieved from /opt/airflow/dags/dag_generar_catalogo_vuelos.py
[2026-07-09T02:03:49.940-0500] {logging_mixin.py:188} INFO - [2026-07-09T02:03:49.940-0500] {dag.py:3089} INFO - Sync 1 DAGs
[2026-07-09T02:03:49.959-0500] {logging_mixin.py:188} INFO - [2026-07-09T02:03:49.959-0500] {dag.py:3947} INFO - Setting next_dagrun for aerotrack_travel_catalogo_vuelos to 2026-07-09 00:00:00+00:00, run_after=2026-07-10 00:00:00+00:00
[2026-07-09T02:03:49.973-0500] {processor.py:183} INFO - Processing /opt/airflow/dags/dag_generar_catalogo_vuelos.py took 0.480 seconds
[2026-07-09T02:04:20.309-0500] {processor.py:161} INFO - Started process (PID=11426) to work on /opt/airflow/dags/dag_generar_catalogo_vuelos.py
[2026-07-09T02:04:20.310-0500] {processor.py:830} INFO - Processing file /opt/airflow/dags/dag_generar_catalogo_vuelos.py for tasks to queue
[2026-07-09T02:04:20.312-0500] {logging_mixin.py:188} INFO - [2026-07-09T02:04:20.312-0500] {dagbag.py:545} INFO - Filling up the DagBag from /opt/airflow/dags/dag_generar_catalogo_vuelos.py
[2026-07-09T02:04:20.704-0500] {processor.py:840} INFO - DAG(s) 'aerotrack_travel_catalogo_vuelos' retrieved from /opt/airflow/dags/dag_generar_catalogo_vuelos.py
[2026-07-09T02:04:20.733-0500] {logging_mixin.py:188} INFO - [2026-07-09T02:04:20.733-0500] {dag.py:3089} INFO - Sync 1 DAGs
[2026-07-09T02:04:20.750-0500] {logging_mixin.py:188} INFO - [2026-07-09T02:04:20.750-0500] {dag.py:3947} INFO - Setting next_dagrun for aerotrack_travel_catalogo_vuelos to 2026-07-09 00:00:00+00:00, run_after=2026-07-10 00:00:00+00:00
[2026-07-09T02:04:20.766-0500] {processor.py:183} INFO - Processing /opt/airflow/dags/dag_generar_catalogo_vuelos.py took 0.462 seconds
[2026-07-09T02:04:51.100-0500] {processor.py:161} INFO - Started process (PID=11453) to work on /opt/airflow/dags/dag_generar_catalogo_vuelos.py
[2026-07-09T02:04:51.101-0500] {processor.py:830} INFO - Processing file /opt/airflow/dags/dag_generar_catalogo_vuelos.py for tasks to queue
[2026-07-09T02:04:51.103-0500] {logging_mixin.py:188} INFO - [2026-07-09T02:04:51.102-0500] {dagbag.py:545} INFO - Filling up the DagBag from /opt/airflow/dags/dag_generar_catalogo_vuelos.py
[2026-07-09T02:04:51.546-0500] {processor.py:840} INFO - DAG(s) 'aerotrack_travel_catalogo_vuelos' retrieved from /opt/airflow/dags/dag_generar_catalogo_vuelos.py
[2026-07-09T02:04:51.578-0500] {logging_mixin.py:188} INFO - [2026-07-09T02:04:51.578-0500] {dag.py:3089} INFO - Sync 1 DAGs
[2026-07-09T02:04:51.597-0500] {logging_mixin.py:188} INFO - [2026-07-09T02:04:51.597-0500] {dag.py:3947} INFO - Setting next_dagrun for aerotrack_travel_catalogo_vuelos to 2026-07-09 00:00:00+00:00, run_after=2026-07-10 00:00:00+00:00
[2026-07-09T02:04:51.611-0500] {processor.py:183} INFO - Processing /opt/airflow/dags/dag_generar_catalogo_vuelos.py took 0.517 seconds
[2026-07-09T02:05:21.912-0500] {processor.py:161} INFO - Started process (PID=11480) to work on /opt/airflow/dags/dag_generar_catalogo_vuelos.py
[2026-07-09T02:05:21.913-0500] {processor.py:830} INFO - Processing file /opt/airflow/dags/dag_generar_catalogo_vuelos.py for tasks to queue
[2026-07-09T02:05:21.914-0500] {logging_mixin.py:188} INFO - [2026-07-09T02:05:21.914-0500] {dagbag.py:545} INFO - Filling up the DagBag from /opt/airflow/dags/dag_generar_catalogo_vuelos.py
[2026-07-09T02:05:22.349-0500] {processor.py:840} INFO - DAG(s) 'aerotrack_travel_catalogo_vuelos' retrieved from /opt/airflow/dags/dag_generar_catalogo_vuelos.py
[2026-07-09T02:05:22.384-0500] {logging_mixin.py:188} INFO - [2026-07-09T02:05:22.384-0500] {dag.py:3089} INFO - Sync 1 DAGs
[2026-07-09T02:05:22.401-0500] {logging_mixin.py:188} INFO - [2026-07-09T02:05:22.400-0500] {dag.py:3947} INFO - Setting next_dagrun for aerotrack_travel_catalogo_vuelos to 2026-07-09 00:00:00+00:00, run_after=2026-07-10 00:00:00+00:00
[2026-07-09T02:05:22.415-0500] {processor.py:183} INFO - Processing /opt/airflow/dags/dag_generar_catalogo_vuelos.py took 0.509 seconds
[2026-07-09T02:05:52.755-0500] {processor.py:161} INFO - Started process (PID=11507) to work on /opt/airflow/dags/dag_generar_catalogo_vuelos.py
[2026-07-09T02:05:52.756-0500] {processor.py:830} INFO - Processing file /opt/airflow/dags/dag_generar_catalogo_vuelos.py for tasks to queue
[2026-07-09T02:05:52.758-0500] {logging_mixin.py:188} INFO - [2026-07-09T02:05:52.758-0500] {dagbag.py:545} INFO - Filling up the DagBag from /opt/airflow/dags/dag_generar_catalogo_vuelos.py
[2026-07-09T02:05:53.164-0500] {processor.py:840} INFO - DAG(s) 'aerotrack_travel_catalogo_vuelos' retrieved from /opt/airflow/dags/dag_generar_catalogo_vuelos.py
[2026-07-09T02:05:53.206-0500] {logging_mixin.py:188} INFO - [2026-07-09T02:05:53.205-0500] {dag.py:3089} INFO - Sync 1 DAGs
[2026-07-09T02:05:53.228-0500] {logging_mixin.py:188} INFO - [2026-07-09T02:05:53.227-0500] {dag.py:3947} INFO - Setting next_dagrun for aerotrack_travel_catalogo_vuelos to 2026-07-09 00:00:00+00:00, run_after=2026-07-10 00:00:00+00:00
[2026-07-09T02:05:53.244-0500] {processor.py:183} INFO - Processing /opt/airflow/dags/dag_generar_catalogo_vuelos.py took 0.493 seconds
[2026-07-09T02:06:23.845-0500] {processor.py:161} INFO - Started process (PID=11534) to work on /opt/airflow/dags/dag_generar_catalogo_vuelos.py
[2026-07-09T02:06:23.846-0500] {processor.py:830} INFO - Processing file /opt/airflow/dags/dag_generar_catalogo_vuelos.py for tasks to queue
[2026-07-09T02:06:23.848-0500] {logging_mixin.py:188} INFO - [2026-07-09T02:06:23.847-0500] {dagbag.py:545} INFO - Filling up the DagBag from /opt/airflow/dags/dag_generar_catalogo_vuelos.py
[2026-07-09T02:06:24.279-0500] {processor.py:840} INFO - DAG(s) 'aerotrack_travel_catalogo_vuelos' retrieved from /opt/airflow/dags/dag_generar_catalogo_vuelos.py
[2026-07-09T02:06:24.316-0500] {logging_mixin.py:188} INFO - [2026-07-09T02:06:24.316-0500] {dag.py:3089} INFO - Sync 1 DAGs
[2026-07-09T02:06:24.333-0500] {logging_mixin.py:188} INFO - [2026-07-09T02:06:24.333-0500] {dag.py:3947} INFO - Setting next_dagrun for aerotrack_travel_catalogo_vuelos to 2026-07-09 00:00:00+00:00, run_after=2026-07-10 00:00:00+00:00
[2026-07-09T02:06:24.350-0500] {processor.py:183} INFO - Processing /opt/airflow/dags/dag_generar_catalogo_vuelos.py took 0.509 seconds
[2026-07-09T02:06:54.701-0500] {processor.py:161} INFO - Started process (PID=11561) to work on /opt/airflow/dags/dag_generar_catalogo_vuelos.py
[2026-07-09T02:06:54.702-0500] {processor.py:830} INFO - Processing file /opt/airflow/dags/dag_generar_catalogo_vuelos.py for tasks to queue
[2026-07-09T02:06:54.704-0500] {logging_mixin.py:188} INFO - [2026-07-09T02:06:54.704-0500] {dagbag.py:545} INFO - Filling up the DagBag from /opt/airflow/dags/dag_generar_catalogo_vuelos.py
[2026-07-09T02:06:55.098-0500] {processor.py:840} INFO - DAG(s) 'aerotrack_travel_catalogo_vuelos' retrieved from /opt/airflow/dags/dag_generar_catalogo_vuelos.py
[2026-07-09T02:06:55.132-0500] {logging_mixin.py:188} INFO - [2026-07-09T02:06:55.132-0500] {dag.py:3089} INFO - Sync 1 DAGs
[2026-07-09T02:06:55.148-0500] {logging_mixin.py:188} INFO - [2026-07-09T02:06:55.148-0500] {dag.py:3947} INFO - Setting next_dagrun for aerotrack_travel_catalogo_vuelos to 2026-07-09 00:00:00+00:00, run_after=2026-07-10 00:00:00+00:00
[2026-07-09T02:06:55.164-0500] {processor.py:183} INFO - Processing /opt/airflow/dags/dag_generar_catalogo_vuelos.py took 0.468 seconds
[2026-07-09T02:07:25.554-0500] {processor.py:161} INFO - Started process (PID=11588) to work on /opt/airflow/dags/dag_generar_catalogo_vuelos.py
[2026-07-09T02:07:25.555-0500] {processor.py:830} INFO - Processing file /opt/airflow/dags/dag_generar_catalogo_vuelos.py for tasks to queue
[2026-07-09T02:07:25.557-0500] {logging_mixin.py:188} INFO - [2026-07-09T02:07:25.556-0500] {dagbag.py:545} INFO - Filling up the DagBag from /opt/airflow/dags/dag_generar_catalogo_vuelos.py
[2026-07-09T02:07:25.993-0500] {processor.py:840} INFO - DAG(s) 'aerotrack_travel_catalogo_vuelos' retrieved from /opt/airflow/dags/dag_generar_catalogo_vuelos.py
[2026-07-09T02:07:26.035-0500] {logging_mixin.py:188} INFO - [2026-07-09T02:07:26.035-0500] {dag.py:3089} INFO - Sync 1 DAGs
[2026-07-09T02:07:26.059-0500] {logging_mixin.py:188} INFO - [2026-07-09T02:07:26.059-0500] {dag.py:3947} INFO - Setting next_dagrun for aerotrack_travel_catalogo_vuelos to 2026-07-09 00:00:00+00:00, run_after=2026-07-10 00:00:00+00:00
[2026-07-09T02:07:26.075-0500] {processor.py:183} INFO - Processing /opt/airflow/dags/dag_generar_catalogo_vuelos.py took 0.526 seconds
[2026-07-09T02:07:56.389-0500] {processor.py:161} INFO - Started process (PID=11615) to work on /opt/airflow/dags/dag_generar_catalogo_vuelos.py
[2026-07-09T02:07:56.390-0500] {processor.py:830} INFO - Processing file /opt/airflow/dags/dag_generar_catalogo_vuelos.py for tasks to queue
[2026-07-09T02:07:56.391-0500] {logging_mixin.py:188} INFO - [2026-07-09T02:07:56.391-0500] {dagbag.py:545} INFO - Filling up the DagBag from /opt/airflow/dags/dag_generar_catalogo_vuelos.py
[2026-07-09T02:07:56.771-0500] {processor.py:840} INFO - DAG(s) 'aerotrack_travel_catalogo_vuelos' retrieved from /opt/airflow/dags/dag_generar_catalogo_vuelos.py
[2026-07-09T02:07:56.799-0500] {logging_mixin.py:188} INFO - [2026-07-09T02:07:56.799-0500] {dag.py:3089} INFO - Sync 1 DAGs
[2026-07-09T02:07:56.815-0500] {logging_mixin.py:188} INFO - [2026-07-09T02:07:56.815-0500] {dag.py:3947} INFO - Setting next_dagrun for aerotrack_travel_catalogo_vuelos to 2026-07-09 00:00:00+00:00, run_after=2026-07-10 00:00:00+00:00
[2026-07-09T02:07:56.828-0500] {processor.py:183} INFO - Processing /opt/airflow/dags/dag_generar_catalogo_vuelos.py took 0.443 seconds
[2026-07-09T02:08:27.139-0500] {processor.py:161} INFO - Started process (PID=11642) to work on /opt/airflow/dags/dag_generar_catalogo_vuelos.py
[2026-07-09T02:08:27.140-0500] {processor.py:830} INFO - Processing file /opt/airflow/dags/dag_generar_catalogo_vuelos.py for tasks to queue
[2026-07-09T02:08:27.141-0500] {logging_mixin.py:188} INFO - [2026-07-09T02:08:27.141-0500] {dagbag.py:545} INFO - Filling up the DagBag from /opt/airflow/dags/dag_generar_catalogo_vuelos.py
[2026-07-09T02:08:27.499-0500] {processor.py:840} INFO - DAG(s) 'aerotrack_travel_catalogo_vuelos' retrieved from /opt/airflow/dags/dag_generar_catalogo_vuelos.py
[2026-07-09T02:08:27.526-0500] {logging_mixin.py:188} INFO - [2026-07-09T02:08:27.526-0500] {dag.py:3089} INFO - Sync 1 DAGs
[2026-07-09T02:08:27.542-0500] {logging_mixin.py:188} INFO - [2026-07-09T02:08:27.541-0500] {dag.py:3947} INFO - Setting next_dagrun for aerotrack_travel_catalogo_vuelos to 2026-07-09 00:00:00+00:00, run_after=2026-07-10 00:00:00+00:00
[2026-07-09T02:08:27.555-0500] {processor.py:183} INFO - Processing /opt/airflow/dags/dag_generar_catalogo_vuelos.py took 0.420 seconds
[2026-07-09T02:08:57.876-0500] {processor.py:161} INFO - Started process (PID=11669) to work on /opt/airflow/dags/dag_generar_catalogo_vuelos.py
[2026-07-09T02:08:57.877-0500] {processor.py:830} INFO - Processing file /opt/airflow/dags/dag_generar_catalogo_vuelos.py for tasks to queue
[2026-07-09T02:08:57.879-0500] {logging_mixin.py:188} INFO - [2026-07-09T02:08:57.878-0500] {dagbag.py:545} INFO - Filling up the DagBag from /opt/airflow/dags/dag_generar_catalogo_vuelos.py
[2026-07-09T02:08:58.271-0500] {processor.py:840} INFO - DAG(s) 'aerotrack_travel_catalogo_vuelos' retrieved from /opt/airflow/dags/dag_generar_catalogo_vuelos.py
[2026-07-09T02:08:58.296-0500] {logging_mixin.py:188} INFO - [2026-07-09T02:08:58.296-0500] {dag.py:3089} INFO - Sync 1 DAGs
[2026-07-09T02:08:58.317-0500] {logging_mixin.py:188} INFO - [2026-07-09T02:08:58.317-0500] {dag.py:3947} INFO - Setting next_dagrun for aerotrack_travel_catalogo_vuelos to 2026-07-09 00:00:00+00:00, run_after=2026-07-10 00:00:00+00:00
[2026-07-09T02:08:58.331-0500] {processor.py:183} INFO - Processing /opt/airflow/dags/dag_generar_catalogo_vuelos.py took 0.460 seconds
[2026-07-09T02:09:28.765-0500] {processor.py:161} INFO - Started process (PID=11696) to work on /opt/airflow/dags/dag_generar_catalogo_vuelos.py
[2026-07-09T02:09:28.766-0500] {processor.py:830} INFO - Processing file /opt/airflow/dags/dag_generar_catalogo_vuelos.py for tasks to queue
[2026-07-09T02:09:28.768-0500] {logging_mixin.py:188} INFO - [2026-07-09T02:09:28.767-0500] {dagbag.py:545} INFO - Filling up the DagBag from /opt/airflow/dags/dag_generar_catalogo_vuelos.py
[2026-07-09T02:09:29.149-0500] {processor.py:840} INFO - DAG(s) 'aerotrack_travel_catalogo_vuelos' retrieved from /opt/airflow/dags/dag_generar_catalogo_vuelos.py
[2026-07-09T02:09:29.180-0500] {logging_mixin.py:188} INFO - [2026-07-09T02:09:29.180-0500] {dag.py:3089} INFO - Sync 1 DAGs
[2026-07-09T02:09:29.198-0500] {logging_mixin.py:188} INFO - [2026-07-09T02:09:29.198-0500] {dag.py:3947} INFO - Setting next_dagrun for aerotrack_travel_catalogo_vuelos to 2026-07-09 00:00:00+00:00, run_after=2026-07-10 00:00:00+00:00
[2026-07-09T02:09:29.216-0500] {processor.py:183} INFO - Processing /opt/airflow/dags/dag_generar_catalogo_vuelos.py took 0.455 seconds
[2026-07-09T02:09:59.562-0500] {processor.py:161} INFO - Started process (PID=11723) to work on /opt/airflow/dags/dag_generar_catalogo_vuelos.py
[2026-07-09T02:09:59.563-0500] {processor.py:830} INFO - Processing file /opt/airflow/dags/dag_generar_catalogo_vuelos.py for tasks to queue
[2026-07-09T02:09:59.564-0500] {logging_mixin.py:188} INFO - [2026-07-09T02:09:59.564-0500] {dagbag.py:545} INFO - Filling up the DagBag from /opt/airflow/dags/dag_generar_catalogo_vuelos.py
[2026-07-09T02:09:59.929-0500] {processor.py:840} INFO - DAG(s) 'aerotrack_travel_catalogo_vuelos' retrieved from /opt/airflow/dags/dag_generar_catalogo_vuelos.py
[2026-07-09T02:09:59.960-0500] {logging_mixin.py:188} INFO - [2026-07-09T02:09:59.960-0500] {dag.py:3089} INFO - Sync 1 DAGs
[2026-07-09T02:09:59.975-0500] {logging_mixin.py:188} INFO - [2026-07-09T02:09:59.975-0500] {dag.py:3947} INFO - Setting next_dagrun for aerotrack_travel_catalogo_vuelos to 2026-07-09 00:00:00+00:00, run_after=2026-07-10 00:00:00+00:00
[2026-07-09T02:09:59.992-0500] {processor.py:183} INFO - Processing /opt/airflow/dags/dag_generar_catalogo_vuelos.py took 0.434 seconds
[2026-07-09T02:10:30.297-0500] {processor.py:161} INFO - Started process (PID=11750) to work on /opt/airflow/dags/dag_generar_catalogo_vuelos.py
[2026-07-09T02:10:30.298-0500] {processor.py:830} INFO - Processing file /opt/airflow/dags/dag_generar_catalogo_vuelos.py for tasks to queue
[2026-07-09T02:10:30.299-0500] {logging_mixin.py:188} INFO - [2026-07-09T02:10:30.299-0500] {dagbag.py:545} INFO - Filling up the DagBag from /opt/airflow/dags/dag_generar_catalogo_vuelos.py
[2026-07-09T02:10:30.682-0500] {processor.py:840} INFO - DAG(s) 'aerotrack_travel_catalogo_vuelos' retrieved from /opt/airflow/dags/dag_generar_catalogo_vuelos.py
[2026-07-09T02:10:30.713-0500] {logging_mixin.py:188} INFO - [2026-07-09T02:10:30.713-0500] {dag.py:3089} INFO - Sync 1 DAGs
[2026-07-09T02:10:30.731-0500] {logging_mixin.py:188} INFO - [2026-07-09T02:10:30.731-0500] {dag.py:3947} INFO - Setting next_dagrun for aerotrack_travel_catalogo_vuelos to 2026-07-09 00:00:00+00:00, run_after=2026-07-10 00:00:00+00:00
[2026-07-09T02:10:30.745-0500] {processor.py:183} INFO - Processing /opt/airflow/dags/dag_generar_catalogo_vuelos.py took 0.452 seconds
[2026-07-09T02:11:01.144-0500] {processor.py:161} INFO - Started process (PID=11777) to work on /opt/airflow/dags/dag_generar_catalogo_vuelos.py
[2026-07-09T02:11:01.145-0500] {processor.py:830} INFO - Processing file /opt/airflow/dags/dag_generar_catalogo_vuelos.py for tasks to queue
[2026-07-09T02:11:01.146-0500] {logging_mixin.py:188} INFO - [2026-07-09T02:11:01.146-0500] {dagbag.py:545} INFO - Filling up the DagBag from /opt/airflow/dags/dag_generar_catalogo_vuelos.py
[2026-07-09T02:11:01.608-0500] {processor.py:840} INFO - DAG(s) 'aerotrack_travel_catalogo_vuelos' retrieved from /opt/airflow/dags/dag_generar_catalogo_vuelos.py
[2026-07-09T02:11:01.641-0500] {logging_mixin.py:188} INFO - [2026-07-09T02:11:01.641-0500] {dag.py:3089} INFO - Sync 1 DAGs
[2026-07-09T02:11:01.658-0500] {logging_mixin.py:188} INFO - [2026-07-09T02:11:01.658-0500] {dag.py:3947} INFO - Setting next_dagrun for aerotrack_travel_catalogo_vuelos to 2026-07-09 00:00:00+00:00, run_after=2026-07-10 00:00:00+00:00
[2026-07-09T02:11:01.673-0500] {processor.py:183} INFO - Processing /opt/airflow/dags/dag_generar_catalogo_vuelos.py took 0.534 seconds
[2026-07-09T02:11:32.240-0500] {processor.py:161} INFO - Started process (PID=11804) to work on /opt/airflow/dags/dag_generar_catalogo_vuelos.py
[2026-07-09T02:11:32.241-0500] {processor.py:830} INFO - Processing file /opt/airflow/dags/dag_generar_catalogo_vuelos.py for tasks to queue
[2026-07-09T02:11:32.243-0500] {logging_mixin.py:188} INFO - [2026-07-09T02:11:32.243-0500] {dagbag.py:545} INFO - Filling up the DagBag from /opt/airflow/dags/dag_generar_catalogo_vuelos.py
[2026-07-09T02:11:32.630-0500] {processor.py:840} INFO - DAG(s) 'aerotrack_travel_catalogo_vuelos' retrieved from /opt/airflow/dags/dag_generar_catalogo_vuelos.py
[2026-07-09T02:11:32.659-0500] {logging_mixin.py:188} INFO - [2026-07-09T02:11:32.659-0500] {dag.py:3089} INFO - Sync 1 DAGs
[2026-07-09T02:11:32.675-0500] {logging_mixin.py:188} INFO - [2026-07-09T02:11:32.675-0500] {dag.py:3947} INFO - Setting next_dagrun for aerotrack_travel_catalogo_vuelos to 2026-07-09 00:00:00+00:00, run_after=2026-07-10 00:00:00+00:00
[2026-07-09T02:11:32.690-0500] {processor.py:183} INFO - Processing /opt/airflow/dags/dag_generar_catalogo_vuelos.py took 0.455 seconds
[2026-07-09T02:12:03.168-0500] {processor.py:161} INFO - Started process (PID=11831) to work on /opt/airflow/dags/dag_generar_catalogo_vuelos.py
[2026-07-09T02:12:03.168-0500] {processor.py:830} INFO - Processing file /opt/airflow/dags/dag_generar_catalogo_vuelos.py for tasks to queue
[2026-07-09T02:12:03.170-0500] {logging_mixin.py:188} INFO - [2026-07-09T02:12:03.170-0500] {dagbag.py:545} INFO - Filling up the DagBag from /opt/airflow/dags/dag_generar_catalogo_vuelos.py
[2026-07-09T02:12:03.601-0500] {processor.py:840} INFO - DAG(s) 'aerotrack_travel_catalogo_vuelos' retrieved from /opt/airflow/dags/dag_generar_catalogo_vuelos.py
[2026-07-09T02:12:03.631-0500] {logging_mixin.py:188} INFO - [2026-07-09T02:12:03.631-0500] {dag.py:3089} INFO - Sync 1 DAGs
[2026-07-09T02:12:03.650-0500] {logging_mixin.py:188} INFO - [2026-07-09T02:12:03.650-0500] {dag.py:3947} INFO - Setting next_dagrun for aerotrack_travel_catalogo_vuelos to 2026-07-09 00:00:00+00:00, run_after=2026-07-10 00:00:00+00:00
[2026-07-09T02:12:03.668-0500] {processor.py:183} INFO - Processing /opt/airflow/dags/dag_generar_catalogo_vuelos.py took 0.504 seconds
[2026-07-09T02:12:34.008-0500] {processor.py:161} INFO - Started process (PID=11858) to work on /opt/airflow/dags/dag_generar_catalogo_vuelos.py
[2026-07-09T02:12:34.009-0500] {processor.py:830} INFO - Processing file /opt/airflow/dags/dag_generar_catalogo_vuelos.py for tasks to queue
[2026-07-09T02:12:34.010-0500] {logging_mixin.py:188} INFO - [2026-07-09T02:12:34.010-0500] {dagbag.py:545} INFO - Filling up the DagBag from /opt/airflow/dags/dag_generar_catalogo_vuelos.py
[2026-07-09T02:12:34.367-0500] {processor.py:840} INFO - DAG(s) 'aerotrack_travel_catalogo_vuelos' retrieved from /opt/airflow/dags/dag_generar_catalogo_vuelos.py
[2026-07-09T02:12:34.392-0500] {logging_mixin.py:188} INFO - [2026-07-09T02:12:34.392-0500] {dag.py:3089} INFO - Sync 1 DAGs
[2026-07-09T02:12:34.407-0500] {logging_mixin.py:188} INFO - [2026-07-09T02:12:34.407-0500] {dag.py:3947} INFO - Setting next_dagrun for aerotrack_travel_catalogo_vuelos to 2026-07-09 00:00:00+00:00, run_after=2026-07-10 00:00:00+00:00
[2026-07-09T02:12:34.422-0500] {processor.py:183} INFO - Processing /opt/airflow/dags/dag_generar_catalogo_vuelos.py took 0.419 seconds
[2026-07-09T02:13:04.845-0500] {processor.py:161} INFO - Started process (PID=11885) to work on /opt/airflow/dags/dag_generar_catalogo_vuelos.py
[2026-07-09T02:13:04.846-0500] {processor.py:830} INFO - Processing file /opt/airflow/dags/dag_generar_catalogo_vuelos.py for tasks to queue
[2026-07-09T02:13:04.847-0500] {logging_mixin.py:188} INFO - [2026-07-09T02:13:04.847-0500] {dagbag.py:545} INFO - Filling up the DagBag from /opt/airflow/dags/dag_generar_catalogo_vuelos.py
[2026-07-09T02:13:05.243-0500] {processor.py:840} INFO - DAG(s) 'aerotrack_travel_catalogo_vuelos' retrieved from /opt/airflow/dags/dag_generar_catalogo_vuelos.py
[2026-07-09T02:13:05.272-0500] {logging_mixin.py:188} INFO - [2026-07-09T02:13:05.272-0500] {dag.py:3089} INFO - Sync 1 DAGs
[2026-07-09T02:13:05.290-0500] {logging_mixin.py:188} INFO - [2026-07-09T02:13:05.290-0500] {dag.py:3947} INFO - Setting next_dagrun for aerotrack_travel_catalogo_vuelos to 2026-07-09 00:00:00+00:00, run_after=2026-07-10 00:00:00+00:00
[2026-07-09T02:13:05.307-0500] {processor.py:183} INFO - Processing /opt/airflow/dags/dag_generar_catalogo_vuelos.py took 0.467 seconds
[2026-07-09T02:13:35.637-0500] {processor.py:161} INFO - Started process (PID=11912) to work on /opt/airflow/dags/dag_generar_catalogo_vuelos.py
[2026-07-09T02:13:35.639-0500] {processor.py:830} INFO - Processing file /opt/airflow/dags/dag_generar_catalogo_vuelos.py for tasks to queue
[2026-07-09T02:13:35.641-0500] {logging_mixin.py:188} INFO - [2026-07-09T02:13:35.641-0500] {dagbag.py:545} INFO - Filling up the DagBag from /opt/airflow/dags/dag_generar_catalogo_vuelos.py
[2026-07-09T02:13:36.140-0500] {processor.py:840} INFO - DAG(s) 'aerotrack_travel_catalogo_vuelos' retrieved from /opt/airflow/dags/dag_generar_catalogo_vuelos.py
[2026-07-09T02:13:36.176-0500] {logging_mixin.py:188} INFO - [2026-07-09T02:13:36.175-0500] {dag.py:3089} INFO - Sync 1 DAGs
[2026-07-09T02:13:36.193-0500] {logging_mixin.py:188} INFO - [2026-07-09T02:13:36.193-0500] {dag.py:3947} INFO - Setting next_dagrun for aerotrack_travel_catalogo_vuelos to 2026-07-09 00:00:00+00:00, run_after=2026-07-10 00:00:00+00:00
[2026-07-09T02:13:36.211-0500] {processor.py:183} INFO - Processing /opt/airflow/dags/dag_generar_catalogo_vuelos.py took 0.578 seconds
[2026-07-09T02:14:06.526-0500] {processor.py:161} INFO - Started process (PID=11939) to work on /opt/airflow/dags/dag_generar_catalogo_vuelos.py
[2026-07-09T02:14:06.527-0500] {processor.py:830} INFO - Processing file /opt/airflow/dags/dag_generar_catalogo_vuelos.py for tasks to queue
[2026-07-09T02:14:06.528-0500] {logging_mixin.py:188} INFO - [2026-07-09T02:14:06.528-0500] {dagbag.py:545} INFO - Filling up the DagBag from /opt/airflow/dags/dag_generar_catalogo_vuelos.py
[2026-07-09T02:14:07.028-0500] {processor.py:840} INFO - DAG(s) 'aerotrack_travel_catalogo_vuelos' retrieved from /opt/airflow/dags/dag_generar_catalogo_vuelos.py
[2026-07-09T02:14:07.060-0500] {logging_mixin.py:188} INFO - [2026-07-09T02:14:07.060-0500] {dag.py:3089} INFO - Sync 1 DAGs
[2026-07-09T02:14:07.077-0500] {logging_mixin.py:188} INFO - [2026-07-09T02:14:07.077-0500] {dag.py:3947} INFO - Setting next_dagrun for aerotrack_travel_catalogo_vuelos to 2026-07-09 00:00:00+00:00, run_after=2026-07-10 00:00:00+00:00
[2026-07-09T02:14:07.095-0500] {processor.py:183} INFO - Processing /opt/airflow/dags/dag_generar_catalogo_vuelos.py took 0.574 seconds
[2026-07-09T02:14:37.422-0500] {processor.py:161} INFO - Started process (PID=11966) to work on /opt/airflow/dags/dag_generar_catalogo_vuelos.py
[2026-07-09T02:14:37.423-0500] {processor.py:830} INFO - Processing file /opt/airflow/dags/dag_generar_catalogo_vuelos.py for tasks to queue
[2026-07-09T02:14:37.424-0500] {logging_mixin.py:188} INFO - [2026-07-09T02:14:37.424-0500] {dagbag.py:545} INFO - Filling up the DagBag from /opt/airflow/dags/dag_generar_catalogo_vuelos.py
[2026-07-09T02:14:37.821-0500] {processor.py:840} INFO - DAG(s) 'aerotrack_travel_catalogo_vuelos' retrieved from /opt/airflow/dags/dag_generar_catalogo_vuelos.py
[2026-07-09T02:14:37.847-0500] {logging_mixin.py:188} INFO - [2026-07-09T02:14:37.847-0500] {dag.py:3089} INFO - Sync 1 DAGs
[2026-07-09T02:14:37.865-0500] {logging_mixin.py:188} INFO - [2026-07-09T02:14:37.864-0500] {dag.py:3947} INFO - Setting next_dagrun for aerotrack_travel_catalogo_vuelos to 2026-07-09 00:00:00+00:00, run_after=2026-07-10 00:00:00+00:00
[2026-07-09T02:14:37.878-0500] {processor.py:183} INFO - Processing /opt/airflow/dags/dag_generar_catalogo_vuelos.py took 0.462 seconds
[2026-07-09T02:15:08.202-0500] {processor.py:161} INFO - Started process (PID=11993) to work on /opt/airflow/dags/dag_generar_catalogo_vuelos.py
[2026-07-09T02:15:08.203-0500] {processor.py:830} INFO - Processing file /opt/airflow/dags/dag_generar_catalogo_vuelos.py for tasks to queue
[2026-07-09T02:15:08.205-0500] {logging_mixin.py:188} INFO - [2026-07-09T02:15:08.204-0500] {dagbag.py:545} INFO - Filling up the DagBag from /opt/airflow/dags/dag_generar_catalogo_vuelos.py
[2026-07-09T02:15:08.551-0500] {processor.py:840} INFO - DAG(s) 'aerotrack_travel_catalogo_vuelos' retrieved from /opt/airflow/dags/dag_generar_catalogo_vuelos.py
[2026-07-09T02:15:08.576-0500] {logging_mixin.py:188} INFO - [2026-07-09T02:15:08.576-0500] {dag.py:3089} INFO - Sync 1 DAGs
[2026-07-09T02:15:08.592-0500] {logging_mixin.py:188} INFO - [2026-07-09T02:15:08.592-0500] {dag.py:3947} INFO - Setting next_dagrun for aerotrack_travel_catalogo_vuelos to 2026-07-09 00:00:00+00:00, run_after=2026-07-10 00:00:00+00:00
[2026-07-09T02:15:08.605-0500] {processor.py:183} INFO - Processing /opt/airflow/dags/dag_generar_catalogo_vuelos.py took 0.408 seconds
[2026-07-09T02:15:38.961-0500] {processor.py:161} INFO - Started process (PID=12020) to work on /opt/airflow/dags/dag_generar_catalogo_vuelos.py
[2026-07-09T02:15:38.962-0500] {processor.py:830} INFO - Processing file /opt/airflow/dags/dag_generar_catalogo_vuelos.py for tasks to queue
[2026-07-09T02:15:38.965-0500] {logging_mixin.py:188} INFO - [2026-07-09T02:15:38.965-0500] {dagbag.py:545} INFO - Filling up the DagBag from /opt/airflow/dags/dag_generar_catalogo_vuelos.py
[2026-07-09T02:15:39.408-0500] {processor.py:840} INFO - DAG(s) 'aerotrack_travel_catalogo_vuelos' retrieved from /opt/airflow/dags/dag_generar_catalogo_vuelos.py
[2026-07-09T02:15:39.440-0500] {logging_mixin.py:188} INFO - [2026-07-09T02:15:39.440-0500] {dag.py:3089} INFO - Sync 1 DAGs
[2026-07-09T02:15:39.459-0500] {logging_mixin.py:188} INFO - [2026-07-09T02:15:39.459-0500] {dag.py:3947} INFO - Setting next_dagrun for aerotrack_travel_catalogo_vuelos to 2026-07-09 00:00:00+00:00, run_after=2026-07-10 00:00:00+00:00
[2026-07-09T02:15:39.496-0500] {processor.py:183} INFO - Processing /opt/airflow/dags/dag_generar_catalogo_vuelos.py took 0.544 seconds
[2026-07-09T02:16:09.826-0500] {processor.py:161} INFO - Started process (PID=12047) to work on /opt/airflow/dags/dag_generar_catalogo_vuelos.py
[2026-07-09T02:16:09.827-0500] {processor.py:830} INFO - Processing file /opt/airflow/dags/dag_generar_catalogo_vuelos.py for tasks to queue
[2026-07-09T02:16:09.828-0500] {logging_mixin.py:188} INFO - [2026-07-09T02:16:09.828-0500] {dagbag.py:545} INFO - Filling up the DagBag from /opt/airflow/dags/dag_generar_catalogo_vuelos.py
[2026-07-09T02:16:10.217-0500] {processor.py:840} INFO - DAG(s) 'aerotrack_travel_catalogo_vuelos' retrieved from /opt/airflow/dags/dag_generar_catalogo_vuelos.py
[2026-07-09T02:16:10.246-0500] {logging_mixin.py:188} INFO - [2026-07-09T02:16:10.246-0500] {dag.py:3089} INFO - Sync 1 DAGs
[2026-07-09T02:16:10.263-0500] {logging_mixin.py:188} INFO - [2026-07-09T02:16:10.263-0500] {dag.py:3947} INFO - Setting next_dagrun for aerotrack_travel_catalogo_vuelos to 2026-07-09 00:00:00+00:00, run_after=2026-07-10 00:00:00+00:00
[2026-07-09T02:16:10.278-0500] {processor.py:183} INFO - Processing /opt/airflow/dags/dag_generar_catalogo_vuelos.py took 0.456 seconds
[2026-07-09T02:16:40.679-0500] {processor.py:161} INFO - Started process (PID=12074) to work on /opt/airflow/dags/dag_generar_catalogo_vuelos.py
[2026-07-09T02:16:40.680-0500] {processor.py:830} INFO - Processing file /opt/airflow/dags/dag_generar_catalogo_vuelos.py for tasks to queue
[2026-07-09T02:16:40.682-0500] {logging_mixin.py:188} INFO - [2026-07-09T02:16:40.681-0500] {dagbag.py:545} INFO - Filling up the DagBag from /opt/airflow/dags/dag_generar_catalogo_vuelos.py
[2026-07-09T02:16:41.059-0500] {processor.py:840} INFO - DAG(s) 'aerotrack_travel_catalogo_vuelos' retrieved from /opt/airflow/dags/dag_generar_catalogo_vuelos.py
[2026-07-09T02:16:41.083-0500] {logging_mixin.py:188} INFO - [2026-07-09T02:16:41.083-0500] {dag.py:3089} INFO - Sync 1 DAGs
[2026-07-09T02:16:41.100-0500] {logging_mixin.py:188} INFO - [2026-07-09T02:16:41.100-0500] {dag.py:3947} INFO - Setting next_dagrun for aerotrack_travel_catalogo_vuelos to 2026-07-09 00:00:00+00:00, run_after=2026-07-10 00:00:00+00:00
[2026-07-09T02:16:41.115-0500] {processor.py:183} INFO - Processing /opt/airflow/dags/dag_generar_catalogo_vuelos.py took 0.440 seconds
[2026-07-09T02:17:11.441-0500] {processor.py:161} INFO - Started process (PID=12101) to work on /opt/airflow/dags/dag_generar_catalogo_vuelos.py
[2026-07-09T02:17:11.442-0500] {processor.py:830} INFO - Processing file /opt/airflow/dags/dag_generar_catalogo_vuelos.py for tasks to queue
[2026-07-09T02:17:11.444-0500] {logging_mixin.py:188} INFO - [2026-07-09T02:17:11.444-0500] {dagbag.py:545} INFO - Filling up the DagBag from /opt/airflow/dags/dag_generar_catalogo_vuelos.py
[2026-07-09T02:17:11.851-0500] {processor.py:840} INFO - DAG(s) 'aerotrack_travel_catalogo_vuelos' retrieved from /opt/airflow/dags/dag_generar_catalogo_vuelos.py
[2026-07-09T02:17:11.883-0500] {logging_mixin.py:188} INFO - [2026-07-09T02:17:11.883-0500] {dag.py:3089} INFO - Sync 1 DAGs
[2026-07-09T02:17:11.901-0500] {logging_mixin.py:188} INFO - [2026-07-09T02:17:11.900-0500] {dag.py:3947} INFO - Setting next_dagrun for aerotrack_travel_catalogo_vuelos to 2026-07-09 00:00:00+00:00, run_after=2026-07-10 00:00:00+00:00
[2026-07-09T02:17:11.917-0500] {processor.py:183} INFO - Processing /opt/airflow/dags/dag_generar_catalogo_vuelos.py took 0.481 seconds
[2026-07-09T02:17:42.389-0500] {processor.py:161} INFO - Started process (PID=12128) to work on /opt/airflow/dags/dag_generar_catalogo_vuelos.py
[2026-07-09T02:17:42.390-0500] {processor.py:830} INFO - Processing file /opt/airflow/dags/dag_generar_catalogo_vuelos.py for tasks to queue
[2026-07-09T02:17:42.392-0500] {logging_mixin.py:188} INFO - [2026-07-09T02:17:42.392-0500] {dagbag.py:545} INFO - Filling up the DagBag from /opt/airflow/dags/dag_generar_catalogo_vuelos.py
[2026-07-09T02:17:42.803-0500] {processor.py:840} INFO - DAG(s) 'aerotrack_travel_catalogo_vuelos' retrieved from /opt/airflow/dags/dag_generar_catalogo_vuelos.py
[2026-07-09T02:17:42.836-0500] {logging_mixin.py:188} INFO - [2026-07-09T02:17:42.836-0500] {dag.py:3089} INFO - Sync 1 DAGs
[2026-07-09T02:17:42.863-0500] {logging_mixin.py:188} INFO - [2026-07-09T02:17:42.863-0500] {dag.py:3947} INFO - Setting next_dagrun for aerotrack_travel_catalogo_vuelos to 2026-07-09 00:00:00+00:00, run_after=2026-07-10 00:00:00+00:00
[2026-07-09T02:17:42.878-0500] {processor.py:183} INFO - Processing /opt/airflow/dags/dag_generar_catalogo_vuelos.py took 0.494 seconds
[2026-07-09T02:18:13.184-0500] {processor.py:161} INFO - Started process (PID=12155) to work on /opt/airflow/dags/dag_generar_catalogo_vuelos.py
[2026-07-09T02:18:13.185-0500] {processor.py:830} INFO - Processing file /opt/airflow/dags/dag_generar_catalogo_vuelos.py for tasks to queue
[2026-07-09T02:18:13.187-0500] {logging_mixin.py:188} INFO - [2026-07-09T02:18:13.186-0500] {dagbag.py:545} INFO - Filling up the DagBag from /opt/airflow/dags/dag_generar_catalogo_vuelos.py
[2026-07-09T02:18:13.600-0500] {processor.py:840} INFO - DAG(s) 'aerotrack_travel_catalogo_vuelos' retrieved from /opt/airflow/dags/dag_generar_catalogo_vuelos.py
[2026-07-09T02:18:13.631-0500] {logging_mixin.py:188} INFO - [2026-07-09T02:18:13.630-0500] {dag.py:3089} INFO - Sync 1 DAGs
[2026-07-09T02:18:13.649-0500] {logging_mixin.py:188} INFO - [2026-07-09T02:18:13.649-0500] {dag.py:3947} INFO - Setting next_dagrun for aerotrack_travel_catalogo_vuelos to 2026-07-09 00:00:00+00:00, run_after=2026-07-10 00:00:00+00:00
[2026-07-09T02:18:13.665-0500] {processor.py:183} INFO - Processing /opt/airflow/dags/dag_generar_catalogo_vuelos.py took 0.486 seconds
[2026-07-09T02:18:44.010-0500] {processor.py:161} INFO - Started process (PID=12182) to work on /opt/airflow/dags/dag_generar_catalogo_vuelos.py
[2026-07-09T02:18:44.012-0500] {processor.py:830} INFO - Processing file /opt/airflow/dags/dag_generar_catalogo_vuelos.py for tasks to queue
[2026-07-09T02:18:44.014-0500] {logging_mixin.py:188} INFO - [2026-07-09T02:18:44.013-0500] {dagbag.py:545} INFO - Filling up the DagBag from /opt/airflow/dags/dag_generar_catalogo_vuelos.py
[2026-07-09T02:18:44.422-0500] {processor.py:840} INFO - DAG(s) 'aerotrack_travel_catalogo_vuelos' retrieved from /opt/airflow/dags/dag_generar_catalogo_vuelos.py
[2026-07-09T02:18:44.449-0500] {logging_mixin.py:188} INFO - [2026-07-09T02:18:44.449-0500] {dag.py:3089} INFO - Sync 1 DAGs
[2026-07-09T02:18:44.468-0500] {logging_mixin.py:188} INFO - [2026-07-09T02:18:44.468-0500] {dag.py:3947} INFO - Setting next_dagrun for aerotrack_travel_catalogo_vuelos to 2026-07-09 00:00:00+00:00, run_after=2026-07-10 00:00:00+00:00
[2026-07-09T02:18:44.482-0500] {processor.py:183} INFO - Processing /opt/airflow/dags/dag_generar_catalogo_vuelos.py took 0.478 seconds
[2026-07-09T02:19:14.809-0500] {processor.py:161} INFO - Started process (PID=12209) to work on /opt/airflow/dags/dag_generar_catalogo_vuelos.py
[2026-07-09T02:19:14.810-0500] {processor.py:830} INFO - Processing file /opt/airflow/dags/dag_generar_catalogo_vuelos.py for tasks to queue
[2026-07-09T02:19:14.811-0500] {logging_mixin.py:188} INFO - [2026-07-09T02:19:14.811-0500] {dagbag.py:545} INFO - Filling up the DagBag from /opt/airflow/dags/dag_generar_catalogo_vuelos.py
[2026-07-09T02:19:15.212-0500] {processor.py:840} INFO - DAG(s) 'aerotrack_travel_catalogo_vuelos' retrieved from /opt/airflow/dags/dag_generar_catalogo_vuelos.py
[2026-07-09T02:19:15.241-0500] {logging_mixin.py:188} INFO - [2026-07-09T02:19:15.240-0500] {dag.py:3089} INFO - Sync 1 DAGs
[2026-07-09T02:19:15.262-0500] {logging_mixin.py:188} INFO - [2026-07-09T02:19:15.261-0500] {dag.py:3947} INFO - Setting next_dagrun for aerotrack_travel_catalogo_vuelos to 2026-07-09 00:00:00+00:00, run_after=2026-07-10 00:00:00+00:00
[2026-07-09T02:19:15.275-0500] {processor.py:183} INFO - Processing /opt/airflow/dags/dag_generar_catalogo_vuelos.py took 0.471 seconds
[2026-07-09T02:19:45.576-0500] {processor.py:161} INFO - Started process (PID=12236) to work on /opt/airflow/dags/dag_generar_catalogo_vuelos.py
[2026-07-09T02:19:45.577-0500] {processor.py:830} INFO - Processing file /opt/airflow/dags/dag_generar_catalogo_vuelos.py for tasks to queue
[2026-07-09T02:19:45.578-0500] {logging_mixin.py:188} INFO - [2026-07-09T02:19:45.578-0500] {dagbag.py:545} INFO - Filling up the DagBag from /opt/airflow/dags/dag_generar_catalogo_vuelos.py
[2026-07-09T02:19:45.977-0500] {processor.py:840} INFO - DAG(s) 'aerotrack_travel_catalogo_vuelos' retrieved from /opt/airflow/dags/dag_generar_catalogo_vuelos.py
[2026-07-09T02:19:46.013-0500] {logging_mixin.py:188} INFO - [2026-07-09T02:19:46.013-0500] {dag.py:3089} INFO - Sync 1 DAGs
[2026-07-09T02:19:46.030-0500] {logging_mixin.py:188} INFO - [2026-07-09T02:19:46.030-0500] {dag.py:3947} INFO - Setting next_dagrun for aerotrack_travel_catalogo_vuelos to 2026-07-09 00:00:00+00:00, run_after=2026-07-10 00:00:00+00:00
[2026-07-09T02:19:46.044-0500] {processor.py:183} INFO - Processing /opt/airflow/dags/dag_generar_catalogo_vuelos.py took 0.473 seconds
[2026-07-09T02:20:16.498-0500] {processor.py:161} INFO - Started process (PID=12263) to work on /opt/airflow/dags/dag_generar_catalogo_vuelos.py
[2026-07-09T02:20:16.500-0500] {processor.py:830} INFO - Processing file /opt/airflow/dags/dag_generar_catalogo_vuelos.py for tasks to queue
[2026-07-09T02:20:16.501-0500] {logging_mixin.py:188} INFO - [2026-07-09T02:20:16.501-0500] {dagbag.py:545} INFO - Filling up the DagBag from /opt/airflow/dags/dag_generar_catalogo_vuelos.py
[2026-07-09T02:20:16.965-0500] {processor.py:840} INFO - DAG(s) 'aerotrack_travel_catalogo_vuelos' retrieved from /opt/airflow/dags/dag_generar_catalogo_vuelos.py
[2026-07-09T02:20:17.015-0500] {logging_mixin.py:188} INFO - [2026-07-09T02:20:17.015-0500] {dag.py:3089} INFO - Sync 1 DAGs
[2026-07-09T02:20:17.044-0500] {logging_mixin.py:188} INFO - [2026-07-09T02:20:17.044-0500] {dag.py:3947} INFO - Setting next_dagrun for aerotrack_travel_catalogo_vuelos to 2026-07-09 00:00:00+00:00, run_after=2026-07-10 00:00:00+00:00
[2026-07-09T02:20:17.070-0500] {processor.py:183} INFO - Processing /opt/airflow/dags/dag_generar_catalogo_vuelos.py took 0.577 seconds
[2026-07-09T02:20:47.391-0500] {processor.py:161} INFO - Started process (PID=12290) to work on /opt/airflow/dags/dag_generar_catalogo_vuelos.py
[2026-07-09T02:20:47.392-0500] {processor.py:830} INFO - Processing file /opt/airflow/dags/dag_generar_catalogo_vuelos.py for tasks to queue
[2026-07-09T02:20:47.394-0500] {logging_mixin.py:188} INFO - [2026-07-09T02:20:47.393-0500] {dagbag.py:545} INFO - Filling up the DagBag from /opt/airflow/dags/dag_generar_catalogo_vuelos.py
[2026-07-09T02:20:47.776-0500] {processor.py:840} INFO - DAG(s) 'aerotrack_travel_catalogo_vuelos' retrieved from /opt/airflow/dags/dag_generar_catalogo_vuelos.py
[2026-07-09T02:20:47.803-0500] {logging_mixin.py:188} INFO - [2026-07-09T02:20:47.803-0500] {dag.py:3089} INFO - Sync 1 DAGs
[2026-07-09T02:20:47.819-0500] {logging_mixin.py:188} INFO - [2026-07-09T02:20:47.819-0500] {dag.py:3947} INFO - Setting next_dagrun for aerotrack_travel_catalogo_vuelos to 2026-07-09 00:00:00+00:00, run_after=2026-07-10 00:00:00+00:00
[2026-07-09T02:20:47.836-0500] {processor.py:183} INFO - Processing /opt/airflow/dags/dag_generar_catalogo_vuelos.py took 0.449 seconds
[2026-07-09T02:21:18.142-0500] {processor.py:161} INFO - Started process (PID=12317) to work on /opt/airflow/dags/dag_generar_catalogo_vuelos.py
[2026-07-09T02:21:18.142-0500] {processor.py:830} INFO - Processing file /opt/airflow/dags/dag_generar_catalogo_vuelos.py for tasks to queue
[2026-07-09T02:21:18.144-0500] {logging_mixin.py:188} INFO - [2026-07-09T02:21:18.144-0500] {dagbag.py:545} INFO - Filling up the DagBag from /opt/airflow/dags/dag_generar_catalogo_vuelos.py
[2026-07-09T02:21:18.511-0500] {processor.py:840} INFO - DAG(s) 'aerotrack_travel_catalogo_vuelos' retrieved from /opt/airflow/dags/dag_generar_catalogo_vuelos.py
[2026-07-09T02:21:18.544-0500] {logging_mixin.py:188} INFO - [2026-07-09T02:21:18.543-0500] {dag.py:3089} INFO - Sync 1 DAGs
[2026-07-09T02:21:18.560-0500] {logging_mixin.py:188} INFO - [2026-07-09T02:21:18.560-0500] {dag.py:3947} INFO - Setting next_dagrun for aerotrack_travel_catalogo_vuelos to 2026-07-09 00:00:00+00:00, run_after=2026-07-10 00:00:00+00:00
[2026-07-09T02:21:18.576-0500] {processor.py:183} INFO - Processing /opt/airflow/dags/dag_generar_catalogo_vuelos.py took 0.439 seconds
[2026-07-09T02:21:49.114-0500] {processor.py:161} INFO - Started process (PID=12344) to work on /opt/airflow/dags/dag_generar_catalogo_vuelos.py
[2026-07-09T02:21:49.115-0500] {processor.py:830} INFO - Processing file /opt/airflow/dags/dag_generar_catalogo_vuelos.py for tasks to queue
[2026-07-09T02:21:49.117-0500] {logging_mixin.py:188} INFO - [2026-07-09T02:21:49.116-0500] {dagbag.py:545} INFO - Filling up the DagBag from /opt/airflow/dags/dag_generar_catalogo_vuelos.py
[2026-07-09T02:21:49.493-0500] {processor.py:840} INFO - DAG(s) 'aerotrack_travel_catalogo_vuelos' retrieved from /opt/airflow/dags/dag_generar_catalogo_vuelos.py
[2026-07-09T02:21:49.522-0500] {logging_mixin.py:188} INFO - [2026-07-09T02:21:49.522-0500] {dag.py:3089} INFO - Sync 1 DAGs
[2026-07-09T02:21:49.536-0500] {logging_mixin.py:188} INFO - [2026-07-09T02:21:49.536-0500] {dag.py:3947} INFO - Setting next_dagrun for aerotrack_travel_catalogo_vuelos to 2026-07-09 00:00:00+00:00, run_after=2026-07-10 00:00:00+00:00
[2026-07-09T02:21:49.551-0500] {processor.py:183} INFO - Processing /opt/airflow/dags/dag_generar_catalogo_vuelos.py took 0.441 seconds
[2026-07-09T02:22:19.886-0500] {processor.py:161} INFO - Started process (PID=12371) to work on /opt/airflow/dags/dag_generar_catalogo_vuelos.py
[2026-07-09T02:22:19.887-0500] {processor.py:830} INFO - Processing file /opt/airflow/dags/dag_generar_catalogo_vuelos.py for tasks to queue
[2026-07-09T02:22:19.888-0500] {logging_mixin.py:188} INFO - [2026-07-09T02:22:19.888-0500] {dagbag.py:545} INFO - Filling up the DagBag from /opt/airflow/dags/dag_generar_catalogo_vuelos.py
[2026-07-09T02:22:20.283-0500] {processor.py:840} INFO - DAG(s) 'aerotrack_travel_catalogo_vuelos' retrieved from /opt/airflow/dags/dag_generar_catalogo_vuelos.py
[2026-07-09T02:22:20.312-0500] {logging_mixin.py:188} INFO - [2026-07-09T02:22:20.311-0500] {dag.py:3089} INFO - Sync 1 DAGs
[2026-07-09T02:22:20.328-0500] {logging_mixin.py:188} INFO - [2026-07-09T02:22:20.328-0500] {dag.py:3947} INFO - Setting next_dagrun for aerotrack_travel_catalogo_vuelos to 2026-07-09 00:00:00+00:00, run_after=2026-07-10 00:00:00+00:00
[2026-07-09T02:22:20.343-0500] {processor.py:183} INFO - Processing /opt/airflow/dags/dag_generar_catalogo_vuelos.py took 0.462 seconds
[2026-07-09T02:22:50.679-0500] {processor.py:161} INFO - Started process (PID=12398) to work on /opt/airflow/dags/dag_generar_catalogo_vuelos.py
[2026-07-09T02:22:50.681-0500] {processor.py:830} INFO - Processing file /opt/airflow/dags/dag_generar_catalogo_vuelos.py for tasks to queue
[2026-07-09T02:22:50.683-0500] {logging_mixin.py:188} INFO - [2026-07-09T02:22:50.682-0500] {dagbag.py:545} INFO - Filling up the DagBag from /opt/airflow/dags/dag_generar_catalogo_vuelos.py
[2026-07-09T02:22:51.066-0500] {processor.py:840} INFO - DAG(s) 'aerotrack_travel_catalogo_vuelos' retrieved from /opt/airflow/dags/dag_generar_catalogo_vuelos.py
[2026-07-09T02:22:51.094-0500] {logging_mixin.py:188} INFO - [2026-07-09T02:22:51.094-0500] {dag.py:3089} INFO - Sync 1 DAGs
[2026-07-09T02:22:51.111-0500] {logging_mixin.py:188} INFO - [2026-07-09T02:22:51.111-0500] {dag.py:3947} INFO - Setting next_dagrun for aerotrack_travel_catalogo_vuelos to 2026-07-09 00:00:00+00:00, run_after=2026-07-10 00:00:00+00:00
[2026-07-09T02:22:51.125-0500] {processor.py:183} INFO - Processing /opt/airflow/dags/dag_generar_catalogo_vuelos.py took 0.451 seconds
[2026-07-09T02:23:21.444-0500] {processor.py:161} INFO - Started process (PID=12425) to work on /opt/airflow/dags/dag_generar_catalogo_vuelos.py
[2026-07-09T02:23:21.444-0500] {processor.py:830} INFO - Processing file /opt/airflow/dags/dag_generar_catalogo_vuelos.py for tasks to queue
[2026-07-09T02:23:21.446-0500] {logging_mixin.py:188} INFO - [2026-07-09T02:23:21.446-0500] {dagbag.py:545} INFO - Filling up the DagBag from /opt/airflow/dags/dag_generar_catalogo_vuelos.py
[2026-07-09T02:23:21.844-0500] {processor.py:840} INFO - DAG(s) 'aerotrack_travel_catalogo_vuelos' retrieved from /opt/airflow/dags/dag_generar_catalogo_vuelos.py
[2026-07-09T02:23:21.875-0500] {logging_mixin.py:188} INFO - [2026-07-09T02:23:21.875-0500] {dag.py:3089} INFO - Sync 1 DAGs
[2026-07-09T02:23:21.893-0500] {logging_mixin.py:188} INFO - [2026-07-09T02:23:21.893-0500] {dag.py:3947} INFO - Setting next_dagrun for aerotrack_travel_catalogo_vuelos to 2026-07-09 00:00:00+00:00, run_after=2026-07-10 00:00:00+00:00
[2026-07-09T02:23:21.908-0500] {processor.py:183} INFO - Processing /opt/airflow/dags/dag_generar_catalogo_vuelos.py took 0.470 seconds
[2026-07-09T02:23:52.273-0500] {processor.py:161} INFO - Started process (PID=12452) to work on /opt/airflow/dags/dag_generar_catalogo_vuelos.py
[2026-07-09T02:23:52.274-0500] {processor.py:830} INFO - Processing file /opt/airflow/dags/dag_generar_catalogo_vuelos.py for tasks to queue
[2026-07-09T02:23:52.275-0500] {logging_mixin.py:188} INFO - [2026-07-09T02:23:52.275-0500] {dagbag.py:545} INFO - Filling up the DagBag from /opt/airflow/dags/dag_generar_catalogo_vuelos.py
[2026-07-09T02:23:52.680-0500] {processor.py:840} INFO - DAG(s) 'aerotrack_travel_catalogo_vuelos' retrieved from /opt/airflow/dags/dag_generar_catalogo_vuelos.py
[2026-07-09T02:23:52.708-0500] {logging_mixin.py:188} INFO - [2026-07-09T02:23:52.708-0500] {dag.py:3089} INFO - Sync 1 DAGs
[2026-07-09T02:23:52.724-0500] {logging_mixin.py:188} INFO - [2026-07-09T02:23:52.724-0500] {dag.py:3947} INFO - Setting next_dagrun for aerotrack_travel_catalogo_vuelos to 2026-07-09 00:00:00+00:00, run_after=2026-07-10 00:00:00+00:00
[2026-07-09T02:23:52.739-0500] {processor.py:183} INFO - Processing /opt/airflow/dags/dag_generar_catalogo_vuelos.py took 0.471 seconds
[2026-07-09T02:24:23.102-0500] {processor.py:161} INFO - Started process (PID=12479) to work on /opt/airflow/dags/dag_generar_catalogo_vuelos.py
[2026-07-09T02:24:23.103-0500] {processor.py:830} INFO - Processing file /opt/airflow/dags/dag_generar_catalogo_vuelos.py for tasks to queue
[2026-07-09T02:24:23.105-0500] {logging_mixin.py:188} INFO - [2026-07-09T02:24:23.104-0500] {dagbag.py:545} INFO - Filling up the DagBag from /opt/airflow/dags/dag_generar_catalogo_vuelos.py
[2026-07-09T02:24:23.528-0500] {processor.py:840} INFO - DAG(s) 'aerotrack_travel_catalogo_vuelos' retrieved from /opt/airflow/dags/dag_generar_catalogo_vuelos.py
[2026-07-09T02:24:23.567-0500] {logging_mixin.py:188} INFO - [2026-07-09T02:24:23.567-0500] {dag.py:3089} INFO - Sync 1 DAGs
[2026-07-09T02:24:23.587-0500] {logging_mixin.py:188} INFO - [2026-07-09T02:24:23.586-0500] {dag.py:3947} INFO - Setting next_dagrun for aerotrack_travel_catalogo_vuelos to 2026-07-09 00:00:00+00:00, run_after=2026-07-10 00:00:00+00:00
[2026-07-09T02:24:23.605-0500] {processor.py:183} INFO - Processing /opt/airflow/dags/dag_generar_catalogo_vuelos.py took 0.508 seconds
[2026-07-09T02:24:54.218-0500] {processor.py:161} INFO - Started process (PID=12506) to work on /opt/airflow/dags/dag_generar_catalogo_vuelos.py
[2026-07-09T02:24:54.220-0500] {processor.py:830} INFO - Processing file /opt/airflow/dags/dag_generar_catalogo_vuelos.py for tasks to queue
[2026-07-09T02:24:54.221-0500] {logging_mixin.py:188} INFO - [2026-07-09T02:24:54.221-0500] {dagbag.py:545} INFO - Filling up the DagBag from /opt/airflow/dags/dag_generar_catalogo_vuelos.py
[2026-07-09T02:24:54.689-0500] {processor.py:840} INFO - DAG(s) 'aerotrack_travel_catalogo_vuelos' retrieved from /opt/airflow/dags/dag_generar_catalogo_vuelos.py
[2026-07-09T02:24:54.728-0500] {logging_mixin.py:188} INFO - [2026-07-09T02:24:54.728-0500] {dag.py:3089} INFO - Sync 1 DAGs
[2026-07-09T02:24:54.750-0500] {logging_mixin.py:188} INFO - [2026-07-09T02:24:54.750-0500] {dag.py:3947} INFO - Setting next_dagrun for aerotrack_travel_catalogo_vuelos to 2026-07-09 00:00:00+00:00, run_after=2026-07-10 00:00:00+00:00
[2026-07-09T02:24:54.768-0500] {processor.py:183} INFO - Processing /opt/airflow/dags/dag_generar_catalogo_vuelos.py took 0.556 seconds
[2026-07-09T02:25:25.361-0500] {processor.py:161} INFO - Started process (PID=12533) to work on /opt/airflow/dags/dag_generar_catalogo_vuelos.py
[2026-07-09T02:25:25.362-0500] {processor.py:830} INFO - Processing file /opt/airflow/dags/dag_generar_catalogo_vuelos.py for tasks to queue
[2026-07-09T02:25:25.364-0500] {logging_mixin.py:188} INFO - [2026-07-09T02:25:25.363-0500] {dagbag.py:545} INFO - Filling up the DagBag from /opt/airflow/dags/dag_generar_catalogo_vuelos.py
[2026-07-09T02:25:25.773-0500] {processor.py:840} INFO - DAG(s) 'aerotrack_travel_catalogo_vuelos' retrieved from /opt/airflow/dags/dag_generar_catalogo_vuelos.py
[2026-07-09T02:25:25.804-0500] {logging_mixin.py:188} INFO - [2026-07-09T02:25:25.804-0500] {dag.py:3089} INFO - Sync 1 DAGs
[2026-07-09T02:25:25.825-0500] {logging_mixin.py:188} INFO - [2026-07-09T02:25:25.825-0500] {dag.py:3947} INFO - Setting next_dagrun for aerotrack_travel_catalogo_vuelos to 2026-07-09 00:00:00+00:00, run_after=2026-07-10 00:00:00+00:00
[2026-07-09T02:25:25.875-0500] {processor.py:183} INFO - Processing /opt/airflow/dags/dag_generar_catalogo_vuelos.py took 0.518 seconds
[2026-07-09T02:25:56.218-0500] {processor.py:161} INFO - Started process (PID=12560) to work on /opt/airflow/dags/dag_generar_catalogo_vuelos.py
[2026-07-09T02:25:56.219-0500] {processor.py:830} INFO - Processing file /opt/airflow/dags/dag_generar_catalogo_vuelos.py for tasks to queue
[2026-07-09T02:25:56.221-0500] {logging_mixin.py:188} INFO - [2026-07-09T02:25:56.220-0500] {dagbag.py:545} INFO - Filling up the DagBag from /opt/airflow/dags/dag_generar_catalogo_vuelos.py
[2026-07-09T02:25:56.683-0500] {processor.py:840} INFO - DAG(s) 'aerotrack_travel_catalogo_vuelos' retrieved from /opt/airflow/dags/dag_generar_catalogo_vuelos.py
[2026-07-09T02:25:56.715-0500] {logging_mixin.py:188} INFO - [2026-07-09T02:25:56.715-0500] {dag.py:3089} INFO - Sync 1 DAGs
[2026-07-09T02:25:56.735-0500] {logging_mixin.py:188} INFO - [2026-07-09T02:25:56.735-0500] {dag.py:3947} INFO - Setting next_dagrun for aerotrack_travel_catalogo_vuelos to 2026-07-09 00:00:00+00:00, run_after=2026-07-10 00:00:00+00:00
[2026-07-09T02:25:56.751-0500] {processor.py:183} INFO - Processing /opt/airflow/dags/dag_generar_catalogo_vuelos.py took 0.539 seconds
[2026-07-09T02:26:27.186-0500] {processor.py:161} INFO - Started process (PID=12587) to work on /opt/airflow/dags/dag_generar_catalogo_vuelos.py
[2026-07-09T02:26:27.187-0500] {processor.py:830} INFO - Processing file /opt/airflow/dags/dag_generar_catalogo_vuelos.py for tasks to queue
[2026-07-09T02:26:27.189-0500] {logging_mixin.py:188} INFO - [2026-07-09T02:26:27.189-0500] {dagbag.py:545} INFO - Filling up the DagBag from /opt/airflow/dags/dag_generar_catalogo_vuelos.py
[2026-07-09T02:26:27.624-0500] {processor.py:840} INFO - DAG(s) 'aerotrack_travel_catalogo_vuelos' retrieved from /opt/airflow/dags/dag_generar_catalogo_vuelos.py
[2026-07-09T02:26:27.654-0500] {logging_mixin.py:188} INFO - [2026-07-09T02:26:27.654-0500] {dag.py:3089} INFO - Sync 1 DAGs
[2026-07-09T02:26:27.672-0500] {logging_mixin.py:188} INFO - [2026-07-09T02:26:27.671-0500] {dag.py:3947} INFO - Setting next_dagrun for aerotrack_travel_catalogo_vuelos to 2026-07-09 00:00:00+00:00, run_after=2026-07-10 00:00:00+00:00
[2026-07-09T02:26:27.687-0500] {processor.py:183} INFO - Processing /opt/airflow/dags/dag_generar_catalogo_vuelos.py took 0.506 seconds
[2026-07-09T02:26:58.037-0500] {processor.py:161} INFO - Started process (PID=12614) to work on /opt/airflow/dags/dag_generar_catalogo_vuelos.py
[2026-07-09T02:26:58.038-0500] {processor.py:830} INFO - Processing file /opt/airflow/dags/dag_generar_catalogo_vuelos.py for tasks to queue
[2026-07-09T02:26:58.039-0500] {logging_mixin.py:188} INFO - [2026-07-09T02:26:58.039-0500] {dagbag.py:545} INFO - Filling up the DagBag from /opt/airflow/dags/dag_generar_catalogo_vuelos.py
[2026-07-09T02:26:58.469-0500] {processor.py:840} INFO - DAG(s) 'aerotrack_travel_catalogo_vuelos' retrieved from /opt/airflow/dags/dag_generar_catalogo_vuelos.py
[2026-07-09T02:26:58.500-0500] {logging_mixin.py:188} INFO - [2026-07-09T02:26:58.500-0500] {dag.py:3089} INFO - Sync 1 DAGs
[2026-07-09T02:26:58.519-0500] {logging_mixin.py:188} INFO - [2026-07-09T02:26:58.519-0500] {dag.py:3947} INFO - Setting next_dagrun for aerotrack_travel_catalogo_vuelos to 2026-07-09 00:00:00+00:00, run_after=2026-07-10 00:00:00+00:00
[2026-07-09T02:26:58.536-0500] {processor.py:183} INFO - Processing /opt/airflow/dags/dag_generar_catalogo_vuelos.py took 0.504 seconds
[2026-07-09T02:27:28.835-0500] {processor.py:161} INFO - Started process (PID=12641) to work on /opt/airflow/dags/dag_generar_catalogo_vuelos.py
[2026-07-09T02:27:28.836-0500] {processor.py:830} INFO - Processing file /opt/airflow/dags/dag_generar_catalogo_vuelos.py for tasks to queue
[2026-07-09T02:27:28.838-0500] {logging_mixin.py:188} INFO - [2026-07-09T02:27:28.838-0500] {dagbag.py:545} INFO - Filling up the DagBag from /opt/airflow/dags/dag_generar_catalogo_vuelos.py
[2026-07-09T02:27:29.233-0500] {processor.py:840} INFO - DAG(s) 'aerotrack_travel_catalogo_vuelos' retrieved from /opt/airflow/dags/dag_generar_catalogo_vuelos.py
[2026-07-09T02:27:29.262-0500] {logging_mixin.py:188} INFO - [2026-07-09T02:27:29.262-0500] {dag.py:3089} INFO - Sync 1 DAGs
[2026-07-09T02:27:29.287-0500] {logging_mixin.py:188} INFO - [2026-07-09T02:27:29.287-0500] {dag.py:3947} INFO - Setting next_dagrun for aerotrack_travel_catalogo_vuelos to 2026-07-09 00:00:00+00:00, run_after=2026-07-10 00:00:00+00:00
[2026-07-09T02:27:29.308-0500] {processor.py:183} INFO - Processing /opt/airflow/dags/dag_generar_catalogo_vuelos.py took 0.478 seconds
[2026-07-09T02:27:59.725-0500] {processor.py:161} INFO - Started process (PID=12668) to work on /opt/airflow/dags/dag_generar_catalogo_vuelos.py
[2026-07-09T02:27:59.726-0500] {processor.py:830} INFO - Processing file /opt/airflow/dags/dag_generar_catalogo_vuelos.py for tasks to queue
[2026-07-09T02:27:59.728-0500] {logging_mixin.py:188} INFO - [2026-07-09T02:27:59.728-0500] {dagbag.py:545} INFO - Filling up the DagBag from /opt/airflow/dags/dag_generar_catalogo_vuelos.py
[2026-07-09T02:28:00.158-0500] {processor.py:840} INFO - DAG(s) 'aerotrack_travel_catalogo_vuelos' retrieved from /opt/airflow/dags/dag_generar_catalogo_vuelos.py
[2026-07-09T02:28:00.190-0500] {logging_mixin.py:188} INFO - [2026-07-09T02:28:00.190-0500] {dag.py:3089} INFO - Sync 1 DAGs
[2026-07-09T02:28:00.209-0500] {logging_mixin.py:188} INFO - [2026-07-09T02:28:00.209-0500] {dag.py:3947} INFO - Setting next_dagrun for aerotrack_travel_catalogo_vuelos to 2026-07-09 00:00:00+00:00, run_after=2026-07-10 00:00:00+00:00
[2026-07-09T02:28:00.227-0500] {processor.py:183} INFO - Processing /opt/airflow/dags/dag_generar_catalogo_vuelos.py took 0.507 seconds
[2026-07-09T02:28:30.554-0500] {processor.py:161} INFO - Started process (PID=12695) to work on /opt/airflow/dags/dag_generar_catalogo_vuelos.py
[2026-07-09T02:28:30.555-0500] {processor.py:830} INFO - Processing file /opt/airflow/dags/dag_generar_catalogo_vuelos.py for tasks to queue
[2026-07-09T02:28:30.557-0500] {logging_mixin.py:188} INFO - [2026-07-09T02:28:30.557-0500] {dagbag.py:545} INFO - Filling up the DagBag from /opt/airflow/dags/dag_generar_catalogo_vuelos.py
[2026-07-09T02:28:30.959-0500] {processor.py:840} INFO - DAG(s) 'aerotrack_travel_catalogo_vuelos' retrieved from /opt/airflow/dags/dag_generar_catalogo_vuelos.py
[2026-07-09T02:28:30.991-0500] {logging_mixin.py:188} INFO - [2026-07-09T02:28:30.991-0500] {dag.py:3089} INFO - Sync 1 DAGs
[2026-07-09T02:28:31.009-0500] {logging_mixin.py:188} INFO - [2026-07-09T02:28:31.009-0500] {dag.py:3947} INFO - Setting next_dagrun for aerotrack_travel_catalogo_vuelos to 2026-07-09 00:00:00+00:00, run_after=2026-07-10 00:00:00+00:00
[2026-07-09T02:28:31.032-0500] {processor.py:183} INFO - Processing /opt/airflow/dags/dag_generar_catalogo_vuelos.py took 0.482 seconds
[2026-07-09T02:29:01.358-0500] {processor.py:161} INFO - Started process (PID=12722) to work on /opt/airflow/dags/dag_generar_catalogo_vuelos.py
[2026-07-09T02:29:01.359-0500] {processor.py:830} INFO - Processing file /opt/airflow/dags/dag_generar_catalogo_vuelos.py for tasks to queue
[2026-07-09T02:29:01.361-0500] {logging_mixin.py:188} INFO - [2026-07-09T02:29:01.361-0500] {dagbag.py:545} INFO - Filling up the DagBag from /opt/airflow/dags/dag_generar_catalogo_vuelos.py
[2026-07-09T02:29:01.826-0500] {processor.py:840} INFO - DAG(s) 'aerotrack_travel_catalogo_vuelos' retrieved from /opt/airflow/dags/dag_generar_catalogo_vuelos.py
[2026-07-09T02:29:01.857-0500] {logging_mixin.py:188} INFO - [2026-07-09T02:29:01.856-0500] {dag.py:3089} INFO - Sync 1 DAGs
[2026-07-09T02:29:01.880-0500] {logging_mixin.py:188} INFO - [2026-07-09T02:29:01.880-0500] {dag.py:3947} INFO - Setting next_dagrun for aerotrack_travel_catalogo_vuelos to 2026-07-09 00:00:00+00:00, run_after=2026-07-10 00:00:00+00:00
[2026-07-09T02:29:01.897-0500] {processor.py:183} INFO - Processing /opt/airflow/dags/dag_generar_catalogo_vuelos.py took 0.545 seconds
[2026-07-09T02:29:32.469-0500] {processor.py:161} INFO - Started process (PID=12749) to work on /opt/airflow/dags/dag_generar_catalogo_vuelos.py
[2026-07-09T02:29:32.470-0500] {processor.py:830} INFO - Processing file /opt/airflow/dags/dag_generar_catalogo_vuelos.py for tasks to queue
[2026-07-09T02:29:32.473-0500] {logging_mixin.py:188} INFO - [2026-07-09T02:29:32.472-0500] {dagbag.py:545} INFO - Filling up the DagBag from /opt/airflow/dags/dag_generar_catalogo_vuelos.py
[2026-07-09T02:29:33.005-0500] {processor.py:840} INFO - DAG(s) 'aerotrack_travel_catalogo_vuelos' retrieved from /opt/airflow/dags/dag_generar_catalogo_vuelos.py
[2026-07-09T02:29:33.034-0500] {logging_mixin.py:188} INFO - [2026-07-09T02:29:33.034-0500] {dag.py:3089} INFO - Sync 1 DAGs
[2026-07-09T02:29:33.053-0500] {logging_mixin.py:188} INFO - [2026-07-09T02:29:33.053-0500] {dag.py:3947} INFO - Setting next_dagrun for aerotrack_travel_catalogo_vuelos to 2026-07-09 00:00:00+00:00, run_after=2026-07-10 00:00:00+00:00
[2026-07-09T02:29:33.068-0500] {processor.py:183} INFO - Processing /opt/airflow/dags/dag_generar_catalogo_vuelos.py took 0.605 seconds
[2026-07-09T02:30:03.374-0500] {processor.py:161} INFO - Started process (PID=12776) to work on /opt/airflow/dags/dag_generar_catalogo_vuelos.py
[2026-07-09T02:30:03.375-0500] {processor.py:830} INFO - Processing file /opt/airflow/dags/dag_generar_catalogo_vuelos.py for tasks to queue
[2026-07-09T02:30:03.376-0500] {logging_mixin.py:188} INFO - [2026-07-09T02:30:03.376-0500] {dagbag.py:545} INFO - Filling up the DagBag from /opt/airflow/dags/dag_generar_catalogo_vuelos.py
[2026-07-09T02:30:03.810-0500] {processor.py:840} INFO - DAG(s) 'aerotrack_travel_catalogo_vuelos' retrieved from /opt/airflow/dags/dag_generar_catalogo_vuelos.py
[2026-07-09T02:30:03.844-0500] {logging_mixin.py:188} INFO - [2026-07-09T02:30:03.844-0500] {dag.py:3089} INFO - Sync 1 DAGs
[2026-07-09T02:30:03.862-0500] {logging_mixin.py:188} INFO - [2026-07-09T02:30:03.862-0500] {dag.py:3947} INFO - Setting next_dagrun for aerotrack_travel_catalogo_vuelos to 2026-07-09 00:00:00+00:00, run_after=2026-07-10 00:00:00+00:00
[2026-07-09T02:30:03.891-0500] {processor.py:183} INFO - Processing /opt/airflow/dags/dag_generar_catalogo_vuelos.py took 0.522 seconds
[2026-07-09T02:30:34.233-0500] {processor.py:161} INFO - Started process (PID=12803) to work on /opt/airflow/dags/dag_generar_catalogo_vuelos.py
[2026-07-09T02:30:34.234-0500] {processor.py:830} INFO - Processing file /opt/airflow/dags/dag_generar_catalogo_vuelos.py for tasks to queue
[2026-07-09T02:30:34.236-0500] {logging_mixin.py:188} INFO - [2026-07-09T02:30:34.236-0500] {dagbag.py:545} INFO - Filling up the DagBag from /opt/airflow/dags/dag_generar_catalogo_vuelos.py
[2026-07-09T02:30:34.709-0500] {processor.py:840} INFO - DAG(s) 'aerotrack_travel_catalogo_vuelos' retrieved from /opt/airflow/dags/dag_generar_catalogo_vuelos.py
[2026-07-09T02:30:34.742-0500] {logging_mixin.py:188} INFO - [2026-07-09T02:30:34.742-0500] {dag.py:3089} INFO - Sync 1 DAGs
[2026-07-09T02:30:34.759-0500] {logging_mixin.py:188} INFO - [2026-07-09T02:30:34.759-0500] {dag.py:3947} INFO - Setting next_dagrun for aerotrack_travel_catalogo_vuelos to 2026-07-09 00:00:00+00:00, run_after=2026-07-10 00:00:00+00:00
[2026-07-09T02:30:34.775-0500] {processor.py:183} INFO - Processing /opt/airflow/dags/dag_generar_catalogo_vuelos.py took 0.547 seconds
[2026-07-09T02:31:05.113-0500] {processor.py:161} INFO - Started process (PID=12830) to work on /opt/airflow/dags/dag_generar_catalogo_vuelos.py
[2026-07-09T02:31:05.114-0500] {processor.py:830} INFO - Processing file /opt/airflow/dags/dag_generar_catalogo_vuelos.py for tasks to queue
[2026-07-09T02:31:05.116-0500] {logging_mixin.py:188} INFO - [2026-07-09T02:31:05.116-0500] {dagbag.py:545} INFO - Filling up the DagBag from /opt/airflow/dags/dag_generar_catalogo_vuelos.py
[2026-07-09T02:31:05.548-0500] {processor.py:840} INFO - DAG(s) 'aerotrack_travel_catalogo_vuelos' retrieved from /opt/airflow/dags/dag_generar_catalogo_vuelos.py
[2026-07-09T02:31:05.580-0500] {logging_mixin.py:188} INFO - [2026-07-09T02:31:05.580-0500] {dag.py:3089} INFO - Sync 1 DAGs
[2026-07-09T02:31:05.598-0500] {logging_mixin.py:188} INFO - [2026-07-09T02:31:05.598-0500] {dag.py:3947} INFO - Setting next_dagrun for aerotrack_travel_catalogo_vuelos to 2026-07-09 00:00:00+00:00, run_after=2026-07-10 00:00:00+00:00
[2026-07-09T02:31:05.612-0500] {processor.py:183} INFO - Processing /opt/airflow/dags/dag_generar_catalogo_vuelos.py took 0.504 seconds
[2026-07-09T02:31:36.174-0500] {processor.py:161} INFO - Started process (PID=12857) to work on /opt/airflow/dags/dag_generar_catalogo_vuelos.py
[2026-07-09T02:31:36.175-0500] {processor.py:830} INFO - Processing file /opt/airflow/dags/dag_generar_catalogo_vuelos.py for tasks to queue
[2026-07-09T02:31:36.177-0500] {logging_mixin.py:188} INFO - [2026-07-09T02:31:36.177-0500] {dagbag.py:545} INFO - Filling up the DagBag from /opt/airflow/dags/dag_generar_catalogo_vuelos.py
[2026-07-09T02:31:36.593-0500] {processor.py:840} INFO - DAG(s) 'aerotrack_travel_catalogo_vuelos' retrieved from /opt/airflow/dags/dag_generar_catalogo_vuelos.py
[2026-07-09T02:31:36.621-0500] {logging_mixin.py:188} INFO - [2026-07-09T02:31:36.621-0500] {dag.py:3089} INFO - Sync 1 DAGs
[2026-07-09T02:31:36.640-0500] {logging_mixin.py:188} INFO - [2026-07-09T02:31:36.640-0500] {dag.py:3947} INFO - Setting next_dagrun for aerotrack_travel_catalogo_vuelos to 2026-07-09 00:00:00+00:00, run_after=2026-07-10 00:00:00+00:00
[2026-07-09T02:31:36.657-0500] {processor.py:183} INFO - Processing /opt/airflow/dags/dag_generar_catalogo_vuelos.py took 0.487 seconds
[2026-07-09T02:32:06.997-0500] {processor.py:161} INFO - Started process (PID=12884) to work on /opt/airflow/dags/dag_generar_catalogo_vuelos.py
[2026-07-09T02:32:06.998-0500] {processor.py:830} INFO - Processing file /opt/airflow/dags/dag_generar_catalogo_vuelos.py for tasks to queue
[2026-07-09T02:32:06.999-0500] {logging_mixin.py:188} INFO - [2026-07-09T02:32:06.999-0500] {dagbag.py:545} INFO - Filling up the DagBag from /opt/airflow/dags/dag_generar_catalogo_vuelos.py
[2026-07-09T02:32:07.442-0500] {processor.py:840} INFO - DAG(s) 'aerotrack_travel_catalogo_vuelos' retrieved from /opt/airflow/dags/dag_generar_catalogo_vuelos.py
[2026-07-09T02:32:07.472-0500] {logging_mixin.py:188} INFO - [2026-07-09T02:32:07.472-0500] {dag.py:3089} INFO - Sync 1 DAGs
[2026-07-09T02:32:07.490-0500] {logging_mixin.py:188} INFO - [2026-07-09T02:32:07.489-0500] {dag.py:3947} INFO - Setting next_dagrun for aerotrack_travel_catalogo_vuelos to 2026-07-09 00:00:00+00:00, run_after=2026-07-10 00:00:00+00:00
[2026-07-09T02:32:07.506-0500] {processor.py:183} INFO - Processing /opt/airflow/dags/dag_generar_catalogo_vuelos.py took 0.514 seconds
[2026-07-09T02:32:37.832-0500] {processor.py:161} INFO - Started process (PID=12911) to work on /opt/airflow/dags/dag_generar_catalogo_vuelos.py
[2026-07-09T02:32:37.832-0500] {processor.py:830} INFO - Processing file /opt/airflow/dags/dag_generar_catalogo_vuelos.py for tasks to queue
[2026-07-09T02:32:37.834-0500] {logging_mixin.py:188} INFO - [2026-07-09T02:32:37.834-0500] {dagbag.py:545} INFO - Filling up the DagBag from /opt/airflow/dags/dag_generar_catalogo_vuelos.py
[2026-07-09T02:32:38.266-0500] {processor.py:840} INFO - DAG(s) 'aerotrack_travel_catalogo_vuelos' retrieved from /opt/airflow/dags/dag_generar_catalogo_vuelos.py
[2026-07-09T02:32:38.295-0500] {logging_mixin.py:188} INFO - [2026-07-09T02:32:38.295-0500] {dag.py:3089} INFO - Sync 1 DAGs
[2026-07-09T02:32:38.312-0500] {logging_mixin.py:188} INFO - [2026-07-09T02:32:38.312-0500] {dag.py:3947} INFO - Setting next_dagrun for aerotrack_travel_catalogo_vuelos to 2026-07-09 00:00:00+00:00, run_after=2026-07-10 00:00:00+00:00
[2026-07-09T02:32:38.328-0500] {processor.py:183} INFO - Processing /opt/airflow/dags/dag_generar_catalogo_vuelos.py took 0.501 seconds
[2026-07-09T02:33:08.646-0500] {processor.py:161} INFO - Started process (PID=12938) to work on /opt/airflow/dags/dag_generar_catalogo_vuelos.py
[2026-07-09T02:33:08.646-0500] {processor.py:830} INFO - Processing file /opt/airflow/dags/dag_generar_catalogo_vuelos.py for tasks to queue
[2026-07-09T02:33:08.648-0500] {logging_mixin.py:188} INFO - [2026-07-09T02:33:08.648-0500] {dagbag.py:545} INFO - Filling up the DagBag from /opt/airflow/dags/dag_generar_catalogo_vuelos.py
[2026-07-09T02:33:09.063-0500] {processor.py:840} INFO - DAG(s) 'aerotrack_travel_catalogo_vuelos' retrieved from /opt/airflow/dags/dag_generar_catalogo_vuelos.py
[2026-07-09T02:33:09.093-0500] {logging_mixin.py:188} INFO - [2026-07-09T02:33:09.093-0500] {dag.py:3089} INFO - Sync 1 DAGs
[2026-07-09T02:33:09.110-0500] {logging_mixin.py:188} INFO - [2026-07-09T02:33:09.110-0500] {dag.py:3947} INFO - Setting next_dagrun for aerotrack_travel_catalogo_vuelos to 2026-07-09 00:00:00+00:00, run_after=2026-07-10 00:00:00+00:00
[2026-07-09T02:33:09.125-0500] {processor.py:183} INFO - Processing /opt/airflow/dags/dag_generar_catalogo_vuelos.py took 0.483 seconds
[2026-07-09T02:33:39.514-0500] {processor.py:161} INFO - Started process (PID=12965) to work on /opt/airflow/dags/dag_generar_catalogo_vuelos.py
[2026-07-09T02:33:39.514-0500] {processor.py:830} INFO - Processing file /opt/airflow/dags/dag_generar_catalogo_vuelos.py for tasks to queue
[2026-07-09T02:33:39.516-0500] {logging_mixin.py:188} INFO - [2026-07-09T02:33:39.516-0500] {dagbag.py:545} INFO - Filling up the DagBag from /opt/airflow/dags/dag_generar_catalogo_vuelos.py
[2026-07-09T02:33:39.923-0500] {processor.py:840} INFO - DAG(s) 'aerotrack_travel_catalogo_vuelos' retrieved from /opt/airflow/dags/dag_generar_catalogo_vuelos.py
[2026-07-09T02:33:39.953-0500] {logging_mixin.py:188} INFO - [2026-07-09T02:33:39.953-0500] {dag.py:3089} INFO - Sync 1 DAGs
[2026-07-09T02:33:39.971-0500] {logging_mixin.py:188} INFO - [2026-07-09T02:33:39.971-0500] {dag.py:3947} INFO - Setting next_dagrun for aerotrack_travel_catalogo_vuelos to 2026-07-09 00:00:00+00:00, run_after=2026-07-10 00:00:00+00:00
[2026-07-09T02:33:39.986-0500] {processor.py:183} INFO - Processing /opt/airflow/dags/dag_generar_catalogo_vuelos.py took 0.477 seconds
[2026-07-09T02:34:10.292-0500] {processor.py:161} INFO - Started process (PID=12992) to work on /opt/airflow/dags/dag_generar_catalogo_vuelos.py
[2026-07-09T02:34:10.293-0500] {processor.py:830} INFO - Processing file /opt/airflow/dags/dag_generar_catalogo_vuelos.py for tasks to queue
[2026-07-09T02:34:10.295-0500] {logging_mixin.py:188} INFO - [2026-07-09T02:34:10.294-0500] {dagbag.py:545} INFO - Filling up the DagBag from /opt/airflow/dags/dag_generar_catalogo_vuelos.py
[2026-07-09T02:34:10.711-0500] {processor.py:840} INFO - DAG(s) 'aerotrack_travel_catalogo_vuelos' retrieved from /opt/airflow/dags/dag_generar_catalogo_vuelos.py
[2026-07-09T02:34:10.745-0500] {logging_mixin.py:188} INFO - [2026-07-09T02:34:10.744-0500] {dag.py:3089} INFO - Sync 1 DAGs
[2026-07-09T02:34:10.764-0500] {logging_mixin.py:188} INFO - [2026-07-09T02:34:10.764-0500] {dag.py:3947} INFO - Setting next_dagrun for aerotrack_travel_catalogo_vuelos to 2026-07-09 00:00:00+00:00, run_after=2026-07-10 00:00:00+00:00
[2026-07-09T02:34:10.782-0500] {processor.py:183} INFO - Processing /opt/airflow/dags/dag_generar_catalogo_vuelos.py took 0.495 seconds
[2026-07-09T02:34:41.111-0500] {processor.py:161} INFO - Started process (PID=13019) to work on /opt/airflow/dags/dag_generar_catalogo_vuelos.py
[2026-07-09T02:34:41.111-0500] {processor.py:830} INFO - Processing file /opt/airflow/dags/dag_generar_catalogo_vuelos.py for tasks to queue
[2026-07-09T02:34:41.113-0500] {logging_mixin.py:188} INFO - [2026-07-09T02:34:41.112-0500] {dagbag.py:545} INFO - Filling up the DagBag from /opt/airflow/dags/dag_generar_catalogo_vuelos.py
[2026-07-09T02:34:41.522-0500] {processor.py:840} INFO - DAG(s) 'aerotrack_travel_catalogo_vuelos' retrieved from /opt/airflow/dags/dag_generar_catalogo_vuelos.py
[2026-07-09T02:34:41.553-0500] {logging_mixin.py:188} INFO - [2026-07-09T02:34:41.553-0500] {dag.py:3089} INFO - Sync 1 DAGs
[2026-07-09T02:34:41.573-0500] {logging_mixin.py:188} INFO - [2026-07-09T02:34:41.573-0500] {dag.py:3947} INFO - Setting next_dagrun for aerotrack_travel_catalogo_vuelos to 2026-07-09 00:00:00+00:00, run_after=2026-07-10 00:00:00+00:00
[2026-07-09T02:34:41.592-0500] {processor.py:183} INFO - Processing /opt/airflow/dags/dag_generar_catalogo_vuelos.py took 0.486 seconds
[2026-07-09T02:35:12.007-0500] {processor.py:161} INFO - Started process (PID=13046) to work on /opt/airflow/dags/dag_generar_catalogo_vuelos.py
[2026-07-09T02:35:12.008-0500] {processor.py:830} INFO - Processing file /opt/airflow/dags/dag_generar_catalogo_vuelos.py for tasks to queue
[2026-07-09T02:35:12.009-0500] {logging_mixin.py:188} INFO - [2026-07-09T02:35:12.009-0500] {dagbag.py:545} INFO - Filling up the DagBag from /opt/airflow/dags/dag_generar_catalogo_vuelos.py
[2026-07-09T02:35:12.407-0500] {processor.py:840} INFO - DAG(s) 'aerotrack_travel_catalogo_vuelos' retrieved from /opt/airflow/dags/dag_generar_catalogo_vuelos.py
[2026-07-09T02:35:12.440-0500] {logging_mixin.py:188} INFO - [2026-07-09T02:35:12.440-0500] {dag.py:3089} INFO - Sync 1 DAGs
[2026-07-09T02:35:12.459-0500] {logging_mixin.py:188} INFO - [2026-07-09T02:35:12.458-0500] {dag.py:3947} INFO - Setting next_dagrun for aerotrack_travel_catalogo_vuelos to 2026-07-09 00:00:00+00:00, run_after=2026-07-10 00:00:00+00:00
[2026-07-09T02:35:12.473-0500] {processor.py:183} INFO - Processing /opt/airflow/dags/dag_generar_catalogo_vuelos.py took 0.470 seconds
[2026-07-09T02:35:42.816-0500] {processor.py:161} INFO - Started process (PID=13073) to work on /opt/airflow/dags/dag_generar_catalogo_vuelos.py
[2026-07-09T02:35:42.817-0500] {processor.py:830} INFO - Processing file /opt/airflow/dags/dag_generar_catalogo_vuelos.py for tasks to queue
[2026-07-09T02:35:42.818-0500] {logging_mixin.py:188} INFO - [2026-07-09T02:35:42.818-0500] {dagbag.py:545} INFO - Filling up the DagBag from /opt/airflow/dags/dag_generar_catalogo_vuelos.py
[2026-07-09T02:35:43.234-0500] {processor.py:840} INFO - DAG(s) 'aerotrack_travel_catalogo_vuelos' retrieved from /opt/airflow/dags/dag_generar_catalogo_vuelos.py
[2026-07-09T02:35:43.262-0500] {logging_mixin.py:188} INFO - [2026-07-09T02:35:43.262-0500] {dag.py:3089} INFO - Sync 1 DAGs
[2026-07-09T02:35:43.283-0500] {logging_mixin.py:188} INFO - [2026-07-09T02:35:43.282-0500] {dag.py:3947} INFO - Setting next_dagrun for aerotrack_travel_catalogo_vuelos to 2026-07-09 00:00:00+00:00, run_after=2026-07-10 00:00:00+00:00
[2026-07-09T02:35:43.297-0500] {processor.py:183} INFO - Processing /opt/airflow/dags/dag_generar_catalogo_vuelos.py took 0.486 seconds
[2026-07-09T02:36:13.600-0500] {processor.py:161} INFO - Started process (PID=13100) to work on /opt/airflow/dags/dag_generar_catalogo_vuelos.py
[2026-07-09T02:36:13.601-0500] {processor.py:830} INFO - Processing file /opt/airflow/dags/dag_generar_catalogo_vuelos.py for tasks to queue
[2026-07-09T02:36:13.603-0500] {logging_mixin.py:188} INFO - [2026-07-09T02:36:13.603-0500] {dagbag.py:545} INFO - Filling up the DagBag from /opt/airflow/dags/dag_generar_catalogo_vuelos.py
[2026-07-09T02:36:14.018-0500] {processor.py:840} INFO - DAG(s) 'aerotrack_travel_catalogo_vuelos' retrieved from /opt/airflow/dags/dag_generar_catalogo_vuelos.py
[2026-07-09T02:36:14.047-0500] {logging_mixin.py:188} INFO - [2026-07-09T02:36:14.046-0500] {dag.py:3089} INFO - Sync 1 DAGs
[2026-07-09T02:36:14.064-0500] {logging_mixin.py:188} INFO - [2026-07-09T02:36:14.063-0500] {dag.py:3947} INFO - Setting next_dagrun for aerotrack_travel_catalogo_vuelos to 2026-07-09 00:00:00+00:00, run_after=2026-07-10 00:00:00+00:00
[2026-07-09T02:36:14.078-0500] {processor.py:183} INFO - Processing /opt/airflow/dags/dag_generar_catalogo_vuelos.py took 0.482 seconds
[2026-07-09T02:36:44.474-0500] {processor.py:161} INFO - Started process (PID=13127) to work on /opt/airflow/dags/dag_generar_catalogo_vuelos.py
[2026-07-09T02:36:44.475-0500] {processor.py:830} INFO - Processing file /opt/airflow/dags/dag_generar_catalogo_vuelos.py for tasks to queue
[2026-07-09T02:36:44.477-0500] {logging_mixin.py:188} INFO - [2026-07-09T02:36:44.476-0500] {dagbag.py:545} INFO - Filling up the DagBag from /opt/airflow/dags/dag_generar_catalogo_vuelos.py
[2026-07-09T02:36:44.923-0500] {processor.py:840} INFO - DAG(s) 'aerotrack_travel_catalogo_vuelos' retrieved from /opt/airflow/dags/dag_generar_catalogo_vuelos.py
[2026-07-09T02:36:44.955-0500] {logging_mixin.py:188} INFO - [2026-07-09T02:36:44.954-0500] {dag.py:3089} INFO - Sync 1 DAGs
[2026-07-09T02:36:44.974-0500] {logging_mixin.py:188} INFO - [2026-07-09T02:36:44.974-0500] {dag.py:3947} INFO - Setting next_dagrun for aerotrack_travel_catalogo_vuelos to 2026-07-09 00:00:00+00:00, run_after=2026-07-10 00:00:00+00:00
[2026-07-09T02:36:44.992-0500] {processor.py:183} INFO - Processing /opt/airflow/dags/dag_generar_catalogo_vuelos.py took 0.523 seconds
[2026-07-09T02:37:15.310-0500] {processor.py:161} INFO - Started process (PID=13154) to work on /opt/airflow/dags/dag_generar_catalogo_vuelos.py
[2026-07-09T02:37:15.311-0500] {processor.py:830} INFO - Processing file /opt/airflow/dags/dag_generar_catalogo_vuelos.py for tasks to queue
[2026-07-09T02:37:15.313-0500] {logging_mixin.py:188} INFO - [2026-07-09T02:37:15.312-0500] {dagbag.py:545} INFO - Filling up the DagBag from /opt/airflow/dags/dag_generar_catalogo_vuelos.py
[2026-07-09T02:37:15.719-0500] {processor.py:840} INFO - DAG(s) 'aerotrack_travel_catalogo_vuelos' retrieved from /opt/airflow/dags/dag_generar_catalogo_vuelos.py
[2026-07-09T02:37:15.761-0500] {logging_mixin.py:188} INFO - [2026-07-09T02:37:15.761-0500] {dag.py:3089} INFO - Sync 1 DAGs
[2026-07-09T02:37:15.781-0500] {logging_mixin.py:188} INFO - [2026-07-09T02:37:15.781-0500] {dag.py:3947} INFO - Setting next_dagrun for aerotrack_travel_catalogo_vuelos to 2026-07-09 00:00:00+00:00, run_after=2026-07-10 00:00:00+00:00
[2026-07-09T02:37:15.803-0500] {processor.py:183} INFO - Processing /opt/airflow/dags/dag_generar_catalogo_vuelos.py took 0.497 seconds
[2026-07-09T02:37:46.266-0500] {processor.py:161} INFO - Started process (PID=13181) to work on /opt/airflow/dags/dag_generar_catalogo_vuelos.py
[2026-07-09T02:37:46.267-0500] {processor.py:830} INFO - Processing file /opt/airflow/dags/dag_generar_catalogo_vuelos.py for tasks to queue
[2026-07-09T02:37:46.268-0500] {logging_mixin.py:188} INFO - [2026-07-09T02:37:46.268-0500] {dagbag.py:545} INFO - Filling up the DagBag from /opt/airflow/dags/dag_generar_catalogo_vuelos.py
[2026-07-09T02:37:46.736-0500] {processor.py:840} INFO - DAG(s) 'aerotrack_travel_catalogo_vuelos' retrieved from /opt/airflow/dags/dag_generar_catalogo_vuelos.py
[2026-07-09T02:37:46.773-0500] {logging_mixin.py:188} INFO - [2026-07-09T02:37:46.773-0500] {dag.py:3089} INFO - Sync 1 DAGs
[2026-07-09T02:37:46.793-0500] {logging_mixin.py:188} INFO - [2026-07-09T02:37:46.793-0500] {dag.py:3947} INFO - Setting next_dagrun for aerotrack_travel_catalogo_vuelos to 2026-07-09 00:00:00+00:00, run_after=2026-07-10 00:00:00+00:00
[2026-07-09T02:37:46.812-0500] {processor.py:183} INFO - Processing /opt/airflow/dags/dag_generar_catalogo_vuelos.py took 0.550 seconds
[2026-07-09T02:38:17.146-0500] {processor.py:161} INFO - Started process (PID=13208) to work on /opt/airflow/dags/dag_generar_catalogo_vuelos.py
[2026-07-09T02:38:17.147-0500] {processor.py:830} INFO - Processing file /opt/airflow/dags/dag_generar_catalogo_vuelos.py for tasks to queue
[2026-07-09T02:38:17.148-0500] {logging_mixin.py:188} INFO - [2026-07-09T02:38:17.148-0500] {dagbag.py:545} INFO - Filling up the DagBag from /opt/airflow/dags/dag_generar_catalogo_vuelos.py
[2026-07-09T02:38:17.578-0500] {processor.py:840} INFO - DAG(s) 'aerotrack_travel_catalogo_vuelos' retrieved from /opt/airflow/dags/dag_generar_catalogo_vuelos.py
[2026-07-09T02:38:17.610-0500] {logging_mixin.py:188} INFO - [2026-07-09T02:38:17.609-0500] {dag.py:3089} INFO - Sync 1 DAGs
[2026-07-09T02:38:17.629-0500] {logging_mixin.py:188} INFO - [2026-07-09T02:38:17.629-0500] {dag.py:3947} INFO - Setting next_dagrun for aerotrack_travel_catalogo_vuelos to 2026-07-09 00:00:00+00:00, run_after=2026-07-10 00:00:00+00:00
[2026-07-09T02:38:17.647-0500] {processor.py:183} INFO - Processing /opt/airflow/dags/dag_generar_catalogo_vuelos.py took 0.506 seconds
[2026-07-09T02:38:47.989-0500] {processor.py:161} INFO - Started process (PID=13235) to work on /opt/airflow/dags/dag_generar_catalogo_vuelos.py
[2026-07-09T02:38:47.990-0500] {processor.py:830} INFO - Processing file /opt/airflow/dags/dag_generar_catalogo_vuelos.py for tasks to queue
[2026-07-09T02:38:47.991-0500] {logging_mixin.py:188} INFO - [2026-07-09T02:38:47.991-0500] {dagbag.py:545} INFO - Filling up the DagBag from /opt/airflow/dags/dag_generar_catalogo_vuelos.py
[2026-07-09T02:38:48.412-0500] {processor.py:840} INFO - DAG(s) 'aerotrack_travel_catalogo_vuelos' retrieved from /opt/airflow/dags/dag_generar_catalogo_vuelos.py
[2026-07-09T02:38:48.440-0500] {logging_mixin.py:188} INFO - [2026-07-09T02:38:48.440-0500] {dag.py:3089} INFO - Sync 1 DAGs
[2026-07-09T02:38:48.459-0500] {logging_mixin.py:188} INFO - [2026-07-09T02:38:48.459-0500] {dag.py:3947} INFO - Setting next_dagrun for aerotrack_travel_catalogo_vuelos to 2026-07-09 00:00:00+00:00, run_after=2026-07-10 00:00:00+00:00
[2026-07-09T02:38:48.476-0500] {processor.py:183} INFO - Processing /opt/airflow/dags/dag_generar_catalogo_vuelos.py took 0.492 seconds
[2026-07-09T02:39:18.788-0500] {processor.py:161} INFO - Started process (PID=13262) to work on /opt/airflow/dags/dag_generar_catalogo_vuelos.py
[2026-07-09T02:39:18.789-0500] {processor.py:830} INFO - Processing file /opt/airflow/dags/dag_generar_catalogo_vuelos.py for tasks to queue
[2026-07-09T02:39:18.790-0500] {logging_mixin.py:188} INFO - [2026-07-09T02:39:18.790-0500] {dagbag.py:545} INFO - Filling up the DagBag from /opt/airflow/dags/dag_generar_catalogo_vuelos.py
[2026-07-09T02:39:19.244-0500] {processor.py:840} INFO - DAG(s) 'aerotrack_travel_catalogo_vuelos' retrieved from /opt/airflow/dags/dag_generar_catalogo_vuelos.py
[2026-07-09T02:39:19.279-0500] {logging_mixin.py:188} INFO - [2026-07-09T02:39:19.279-0500] {dag.py:3089} INFO - Sync 1 DAGs
[2026-07-09T02:39:19.299-0500] {logging_mixin.py:188} INFO - [2026-07-09T02:39:19.298-0500] {dag.py:3947} INFO - Setting next_dagrun for aerotrack_travel_catalogo_vuelos to 2026-07-09 00:00:00+00:00, run_after=2026-07-10 00:00:00+00:00
[2026-07-09T02:39:19.319-0500] {processor.py:183} INFO - Processing /opt/airflow/dags/dag_generar_catalogo_vuelos.py took 0.535 seconds
[2026-07-09T02:39:49.728-0500] {processor.py:161} INFO - Started process (PID=13289) to work on /opt/airflow/dags/dag_generar_catalogo_vuelos.py
[2026-07-09T02:39:49.729-0500] {processor.py:830} INFO - Processing file /opt/airflow/dags/dag_generar_catalogo_vuelos.py for tasks to queue
[2026-07-09T02:39:49.730-0500] {logging_mixin.py:188} INFO - [2026-07-09T02:39:49.730-0500] {dagbag.py:545} INFO - Filling up the DagBag from /opt/airflow/dags/dag_generar_catalogo_vuelos.py
[2026-07-09T02:39:50.128-0500] {processor.py:840} INFO - DAG(s) 'aerotrack_travel_catalogo_vuelos' retrieved from /opt/airflow/dags/dag_generar_catalogo_vuelos.py
[2026-07-09T02:39:50.158-0500] {logging_mixin.py:188} INFO - [2026-07-09T02:39:50.157-0500] {dag.py:3089} INFO - Sync 1 DAGs
[2026-07-09T02:39:50.175-0500] {logging_mixin.py:188} INFO - [2026-07-09T02:39:50.175-0500] {dag.py:3947} INFO - Setting next_dagrun for aerotrack_travel_catalogo_vuelos to 2026-07-09 00:00:00+00:00, run_after=2026-07-10 00:00:00+00:00
[2026-07-09T02:39:50.191-0500] {processor.py:183} INFO - Processing /opt/airflow/dags/dag_generar_catalogo_vuelos.py took 0.467 seconds
[2026-07-09T02:40:20.593-0500] {processor.py:161} INFO - Started process (PID=13316) to work on /opt/airflow/dags/dag_generar_catalogo_vuelos.py
[2026-07-09T02:40:20.594-0500] {processor.py:830} INFO - Processing file /opt/airflow/dags/dag_generar_catalogo_vuelos.py for tasks to queue
[2026-07-09T02:40:20.595-0500] {logging_mixin.py:188} INFO - [2026-07-09T02:40:20.595-0500] {dagbag.py:545} INFO - Filling up the DagBag from /opt/airflow/dags/dag_generar_catalogo_vuelos.py
[2026-07-09T02:40:20.985-0500] {processor.py:840} INFO - DAG(s) 'aerotrack_travel_catalogo_vuelos' retrieved from /opt/airflow/dags/dag_generar_catalogo_vuelos.py
[2026-07-09T02:40:21.014-0500] {logging_mixin.py:188} INFO - [2026-07-09T02:40:21.014-0500] {dag.py:3089} INFO - Sync 1 DAGs
[2026-07-09T02:40:21.031-0500] {logging_mixin.py:188} INFO - [2026-07-09T02:40:21.031-0500] {dag.py:3947} INFO - Setting next_dagrun for aerotrack_travel_catalogo_vuelos to 2026-07-09 00:00:00+00:00, run_after=2026-07-10 00:00:00+00:00
[2026-07-09T02:40:21.047-0500] {processor.py:183} INFO - Processing /opt/airflow/dags/dag_generar_catalogo_vuelos.py took 0.458 seconds
[2026-07-09T02:40:51.506-0500] {processor.py:161} INFO - Started process (PID=13343) to work on /opt/airflow/dags/dag_generar_catalogo_vuelos.py
[2026-07-09T02:40:51.507-0500] {processor.py:830} INFO - Processing file /opt/airflow/dags/dag_generar_catalogo_vuelos.py for tasks to queue
[2026-07-09T02:40:51.509-0500] {logging_mixin.py:188} INFO - [2026-07-09T02:40:51.508-0500] {dagbag.py:545} INFO - Filling up the DagBag from /opt/airflow/dags/dag_generar_catalogo_vuelos.py
[2026-07-09T02:40:51.984-0500] {processor.py:840} INFO - DAG(s) 'aerotrack_travel_catalogo_vuelos' retrieved from /opt/airflow/dags/dag_generar_catalogo_vuelos.py
[2026-07-09T02:40:52.020-0500] {logging_mixin.py:188} INFO - [2026-07-09T02:40:52.020-0500] {dag.py:3089} INFO - Sync 1 DAGs
[2026-07-09T02:40:52.042-0500] {logging_mixin.py:188} INFO - [2026-07-09T02:40:52.042-0500] {dag.py:3947} INFO - Setting next_dagrun for aerotrack_travel_catalogo_vuelos to 2026-07-09 00:00:00+00:00, run_after=2026-07-10 00:00:00+00:00
[2026-07-09T02:40:52.060-0500] {processor.py:183} INFO - Processing /opt/airflow/dags/dag_generar_catalogo_vuelos.py took 0.559 seconds
[2026-07-09T02:41:22.374-0500] {processor.py:161} INFO - Started process (PID=13370) to work on /opt/airflow/dags/dag_generar_catalogo_vuelos.py
[2026-07-09T02:41:22.375-0500] {processor.py:830} INFO - Processing file /opt/airflow/dags/dag_generar_catalogo_vuelos.py for tasks to queue
[2026-07-09T02:41:22.377-0500] {logging_mixin.py:188} INFO - [2026-07-09T02:41:22.377-0500] {dagbag.py:545} INFO - Filling up the DagBag from /opt/airflow/dags/dag_generar_catalogo_vuelos.py
[2026-07-09T02:41:22.782-0500] {processor.py:840} INFO - DAG(s) 'aerotrack_travel_catalogo_vuelos' retrieved from /opt/airflow/dags/dag_generar_catalogo_vuelos.py
[2026-07-09T02:41:22.823-0500] {logging_mixin.py:188} INFO - [2026-07-09T02:41:22.822-0500] {dag.py:3089} INFO - Sync 1 DAGs
[2026-07-09T02:41:22.848-0500] {logging_mixin.py:188} INFO - [2026-07-09T02:41:22.848-0500] {dag.py:3947} INFO - Setting next_dagrun for aerotrack_travel_catalogo_vuelos to 2026-07-09 00:00:00+00:00, run_after=2026-07-10 00:00:00+00:00
[2026-07-09T02:41:22.868-0500] {processor.py:183} INFO - Processing /opt/airflow/dags/dag_generar_catalogo_vuelos.py took 0.499 seconds
[2026-07-09T02:41:53.301-0500] {processor.py:161} INFO - Started process (PID=13397) to work on /opt/airflow/dags/dag_generar_catalogo_vuelos.py
[2026-07-09T02:41:53.301-0500] {processor.py:830} INFO - Processing file /opt/airflow/dags/dag_generar_catalogo_vuelos.py for tasks to queue
[2026-07-09T02:41:53.303-0500] {logging_mixin.py:188} INFO - [2026-07-09T02:41:53.302-0500] {dagbag.py:545} INFO - Filling up the DagBag from /opt/airflow/dags/dag_generar_catalogo_vuelos.py
[2026-07-09T02:41:53.691-0500] {processor.py:840} INFO - DAG(s) 'aerotrack_travel_catalogo_vuelos' retrieved from /opt/airflow/dags/dag_generar_catalogo_vuelos.py
[2026-07-09T02:41:53.720-0500] {logging_mixin.py:188} INFO - [2026-07-09T02:41:53.720-0500] {dag.py:3089} INFO - Sync 1 DAGs
[2026-07-09T02:41:53.740-0500] {logging_mixin.py:188} INFO - [2026-07-09T02:41:53.739-0500] {dag.py:3947} INFO - Setting next_dagrun for aerotrack_travel_catalogo_vuelos to 2026-07-09 00:00:00+00:00, run_after=2026-07-10 00:00:00+00:00
[2026-07-09T02:41:53.754-0500] {processor.py:183} INFO - Processing /opt/airflow/dags/dag_generar_catalogo_vuelos.py took 0.457 seconds
[2026-07-09T02:42:24.054-0500] {processor.py:161} INFO - Started process (PID=13424) to work on /opt/airflow/dags/dag_generar_catalogo_vuelos.py
[2026-07-09T02:42:24.055-0500] {processor.py:830} INFO - Processing file /opt/airflow/dags/dag_generar_catalogo_vuelos.py for tasks to queue
[2026-07-09T02:42:24.057-0500] {logging_mixin.py:188} INFO - [2026-07-09T02:42:24.056-0500] {dagbag.py:545} INFO - Filling up the DagBag from /opt/airflow/dags/dag_generar_catalogo_vuelos.py
[2026-07-09T02:42:24.451-0500] {processor.py:840} INFO - DAG(s) 'aerotrack_travel_catalogo_vuelos' retrieved from /opt/airflow/dags/dag_generar_catalogo_vuelos.py
[2026-07-09T02:42:24.478-0500] {logging_mixin.py:188} INFO - [2026-07-09T02:42:24.478-0500] {dag.py:3089} INFO - Sync 1 DAGs
[2026-07-09T02:42:24.494-0500] {logging_mixin.py:188} INFO - [2026-07-09T02:42:24.494-0500] {dag.py:3947} INFO - Setting next_dagrun for aerotrack_travel_catalogo_vuelos to 2026-07-09 00:00:00+00:00, run_after=2026-07-10 00:00:00+00:00
[2026-07-09T02:42:24.509-0500] {processor.py:183} INFO - Processing /opt/airflow/dags/dag_generar_catalogo_vuelos.py took 0.460 seconds
[2026-07-09T02:42:54.817-0500] {processor.py:161} INFO - Started process (PID=13451) to work on /opt/airflow/dags/dag_generar_catalogo_vuelos.py
[2026-07-09T02:42:54.818-0500] {processor.py:830} INFO - Processing file /opt/airflow/dags/dag_generar_catalogo_vuelos.py for tasks to queue
[2026-07-09T02:42:54.820-0500] {logging_mixin.py:188} INFO - [2026-07-09T02:42:54.819-0500] {dagbag.py:545} INFO - Filling up the DagBag from /opt/airflow/dags/dag_generar_catalogo_vuelos.py
[2026-07-09T02:42:55.346-0500] {processor.py:840} INFO - DAG(s) 'aerotrack_travel_catalogo_vuelos' retrieved from /opt/airflow/dags/dag_generar_catalogo_vuelos.py
[2026-07-09T02:42:55.374-0500] {logging_mixin.py:188} INFO - [2026-07-09T02:42:55.374-0500] {dag.py:3089} INFO - Sync 1 DAGs
[2026-07-09T02:42:55.391-0500] {logging_mixin.py:188} INFO - [2026-07-09T02:42:55.391-0500] {dag.py:3947} INFO - Setting next_dagrun for aerotrack_travel_catalogo_vuelos to 2026-07-09 00:00:00+00:00, run_after=2026-07-10 00:00:00+00:00
[2026-07-09T02:42:55.408-0500] {processor.py:183} INFO - Processing /opt/airflow/dags/dag_generar_catalogo_vuelos.py took 0.595 seconds
[2026-07-09T02:43:25.716-0500] {processor.py:161} INFO - Started process (PID=13478) to work on /opt/airflow/dags/dag_generar_catalogo_vuelos.py
[2026-07-09T02:43:25.717-0500] {processor.py:830} INFO - Processing file /opt/airflow/dags/dag_generar_catalogo_vuelos.py for tasks to queue
[2026-07-09T02:43:25.719-0500] {logging_mixin.py:188} INFO - [2026-07-09T02:43:25.719-0500] {dagbag.py:545} INFO - Filling up the DagBag from /opt/airflow/dags/dag_generar_catalogo_vuelos.py
[2026-07-09T02:43:26.166-0500] {processor.py:840} INFO - DAG(s) 'aerotrack_travel_catalogo_vuelos' retrieved from /opt/airflow/dags/dag_generar_catalogo_vuelos.py
[2026-07-09T02:43:26.197-0500] {logging_mixin.py:188} INFO - [2026-07-09T02:43:26.197-0500] {dag.py:3089} INFO - Sync 1 DAGs
[2026-07-09T02:43:26.216-0500] {logging_mixin.py:188} INFO - [2026-07-09T02:43:26.216-0500] {dag.py:3947} INFO - Setting next_dagrun for aerotrack_travel_catalogo_vuelos to 2026-07-09 00:00:00+00:00, run_after=2026-07-10 00:00:00+00:00
[2026-07-09T02:43:26.235-0500] {processor.py:183} INFO - Processing /opt/airflow/dags/dag_generar_catalogo_vuelos.py took 0.524 seconds
[2026-07-09T02:43:56.534-0500] {processor.py:161} INFO - Started process (PID=13505) to work on /opt/airflow/dags/dag_generar_catalogo_vuelos.py
[2026-07-09T02:43:56.535-0500] {processor.py:830} INFO - Processing file /opt/airflow/dags/dag_generar_catalogo_vuelos.py for tasks to queue
[2026-07-09T02:43:56.536-0500] {logging_mixin.py:188} INFO - [2026-07-09T02:43:56.536-0500] {dagbag.py:545} INFO - Filling up the DagBag from /opt/airflow/dags/dag_generar_catalogo_vuelos.py
[2026-07-09T02:43:56.952-0500] {processor.py:840} INFO - DAG(s) 'aerotrack_travel_catalogo_vuelos' retrieved from /opt/airflow/dags/dag_generar_catalogo_vuelos.py
[2026-07-09T02:43:56.983-0500] {logging_mixin.py:188} INFO - [2026-07-09T02:43:56.983-0500] {dag.py:3089} INFO - Sync 1 DAGs
[2026-07-09T02:43:57.003-0500] {logging_mixin.py:188} INFO - [2026-07-09T02:43:57.002-0500] {dag.py:3947} INFO - Setting next_dagrun for aerotrack_travel_catalogo_vuelos to 2026-07-09 00:00:00+00:00, run_after=2026-07-10 00:00:00+00:00
[2026-07-09T02:43:57.019-0500] {processor.py:183} INFO - Processing /opt/airflow/dags/dag_generar_catalogo_vuelos.py took 0.489 seconds
[2026-07-09T02:44:27.306-0500] {processor.py:161} INFO - Started process (PID=13532) to work on /opt/airflow/dags/dag_generar_catalogo_vuelos.py
[2026-07-09T02:44:27.307-0500] {processor.py:830} INFO - Processing file /opt/airflow/dags/dag_generar_catalogo_vuelos.py for tasks to queue
[2026-07-09T02:44:27.309-0500] {logging_mixin.py:188} INFO - [2026-07-09T02:44:27.308-0500] {dagbag.py:545} INFO - Filling up the DagBag from /opt/airflow/dags/dag_generar_catalogo_vuelos.py
[2026-07-09T02:44:27.697-0500] {processor.py:840} INFO - DAG(s) 'aerotrack_travel_catalogo_vuelos' retrieved from /opt/airflow/dags/dag_generar_catalogo_vuelos.py
[2026-07-09T02:44:27.723-0500] {logging_mixin.py:188} INFO - [2026-07-09T02:44:27.723-0500] {dag.py:3089} INFO - Sync 1 DAGs
[2026-07-09T02:44:27.741-0500] {logging_mixin.py:188} INFO - [2026-07-09T02:44:27.740-0500] {dag.py:3947} INFO - Setting next_dagrun for aerotrack_travel_catalogo_vuelos to 2026-07-09 00:00:00+00:00, run_after=2026-07-10 00:00:00+00:00
[2026-07-09T02:44:27.754-0500] {processor.py:183} INFO - Processing /opt/airflow/dags/dag_generar_catalogo_vuelos.py took 0.452 seconds
[2026-07-09T02:44:58.031-0500] {processor.py:161} INFO - Started process (PID=13559) to work on /opt/airflow/dags/dag_generar_catalogo_vuelos.py
[2026-07-09T02:44:58.032-0500] {processor.py:830} INFO - Processing file /opt/airflow/dags/dag_generar_catalogo_vuelos.py for tasks to queue
[2026-07-09T02:44:58.033-0500] {logging_mixin.py:188} INFO - [2026-07-09T02:44:58.033-0500] {dagbag.py:545} INFO - Filling up the DagBag from /opt/airflow/dags/dag_generar_catalogo_vuelos.py
[2026-07-09T02:44:58.437-0500] {processor.py:840} INFO - DAG(s) 'aerotrack_travel_catalogo_vuelos' retrieved from /opt/airflow/dags/dag_generar_catalogo_vuelos.py
[2026-07-09T02:44:58.466-0500] {logging_mixin.py:188} INFO - [2026-07-09T02:44:58.466-0500] {dag.py:3089} INFO - Sync 1 DAGs
[2026-07-09T02:44:58.483-0500] {logging_mixin.py:188} INFO - [2026-07-09T02:44:58.483-0500] {dag.py:3947} INFO - Setting next_dagrun for aerotrack_travel_catalogo_vuelos to 2026-07-09 00:00:00+00:00, run_after=2026-07-10 00:00:00+00:00
[2026-07-09T02:44:58.498-0500] {processor.py:183} INFO - Processing /opt/airflow/dags/dag_generar_catalogo_vuelos.py took 0.472 seconds
[2026-07-09T02:45:28.871-0500] {processor.py:161} INFO - Started process (PID=13586) to work on /opt/airflow/dags/dag_generar_catalogo_vuelos.py
[2026-07-09T02:45:28.873-0500] {processor.py:830} INFO - Processing file /opt/airflow/dags/dag_generar_catalogo_vuelos.py for tasks to queue
[2026-07-09T02:45:28.874-0500] {logging_mixin.py:188} INFO - [2026-07-09T02:45:28.874-0500] {dagbag.py:545} INFO - Filling up the DagBag from /opt/airflow/dags/dag_generar_catalogo_vuelos.py
[2026-07-09T02:45:29.297-0500] {processor.py:840} INFO - DAG(s) 'aerotrack_travel_catalogo_vuelos' retrieved from /opt/airflow/dags/dag_generar_catalogo_vuelos.py
[2026-07-09T02:45:29.330-0500] {logging_mixin.py:188} INFO - [2026-07-09T02:45:29.329-0500] {dag.py:3089} INFO - Sync 1 DAGs
[2026-07-09T02:45:29.349-0500] {logging_mixin.py:188} INFO - [2026-07-09T02:45:29.348-0500] {dag.py:3947} INFO - Setting next_dagrun for aerotrack_travel_catalogo_vuelos to 2026-07-09 00:00:00+00:00, run_after=2026-07-10 00:00:00+00:00
[2026-07-09T02:45:29.369-0500] {processor.py:183} INFO - Processing /opt/airflow/dags/dag_generar_catalogo_vuelos.py took 0.502 seconds
[2026-07-09T02:45:59.649-0500] {processor.py:161} INFO - Started process (PID=13613) to work on /opt/airflow/dags/dag_generar_catalogo_vuelos.py
[2026-07-09T02:45:59.650-0500] {processor.py:830} INFO - Processing file /opt/airflow/dags/dag_generar_catalogo_vuelos.py for tasks to queue
[2026-07-09T02:45:59.651-0500] {logging_mixin.py:188} INFO - [2026-07-09T02:45:59.651-0500] {dagbag.py:545} INFO - Filling up the DagBag from /opt/airflow/dags/dag_generar_catalogo_vuelos.py
[2026-07-09T02:46:00.054-0500] {processor.py:840} INFO - DAG(s) 'aerotrack_travel_catalogo_vuelos' retrieved from /opt/airflow/dags/dag_generar_catalogo_vuelos.py
[2026-07-09T02:46:00.082-0500] {logging_mixin.py:188} INFO - [2026-07-09T02:46:00.082-0500] {dag.py:3089} INFO - Sync 1 DAGs
[2026-07-09T02:46:00.100-0500] {logging_mixin.py:188} INFO - [2026-07-09T02:46:00.100-0500] {dag.py:3947} INFO - Setting next_dagrun for aerotrack_travel_catalogo_vuelos to 2026-07-09 00:00:00+00:00, run_after=2026-07-10 00:00:00+00:00
[2026-07-09T02:46:00.114-0500] {processor.py:183} INFO - Processing /opt/airflow/dags/dag_generar_catalogo_vuelos.py took 0.469 seconds
[2026-07-09T02:46:30.502-0500] {processor.py:161} INFO - Started process (PID=13640) to work on /opt/airflow/dags/dag_generar_catalogo_vuelos.py
[2026-07-09T02:46:30.503-0500] {processor.py:830} INFO - Processing file /opt/airflow/dags/dag_generar_catalogo_vuelos.py for tasks to queue
[2026-07-09T02:46:30.504-0500] {logging_mixin.py:188} INFO - [2026-07-09T02:46:30.504-0500] {dagbag.py:545} INFO - Filling up the DagBag from /opt/airflow/dags/dag_generar_catalogo_vuelos.py
[2026-07-09T02:46:30.900-0500] {processor.py:840} INFO - DAG(s) 'aerotrack_travel_catalogo_vuelos' retrieved from /opt/airflow/dags/dag_generar_catalogo_vuelos.py
[2026-07-09T02:46:30.934-0500] {logging_mixin.py:188} INFO - [2026-07-09T02:46:30.933-0500] {dag.py:3089} INFO - Sync 1 DAGs
[2026-07-09T02:46:30.950-0500] {logging_mixin.py:188} INFO - [2026-07-09T02:46:30.950-0500] {dag.py:3947} INFO - Setting next_dagrun for aerotrack_travel_catalogo_vuelos to 2026-07-09 00:00:00+00:00, run_after=2026-07-10 00:00:00+00:00
[2026-07-09T02:46:30.966-0500] {processor.py:183} INFO - Processing /opt/airflow/dags/dag_generar_catalogo_vuelos.py took 0.469 seconds
[2026-07-09T02:47:01.278-0500] {processor.py:161} INFO - Started process (PID=13667) to work on /opt/airflow/dags/dag_generar_catalogo_vuelos.py
[2026-07-09T02:47:01.279-0500] {processor.py:830} INFO - Processing file /opt/airflow/dags/dag_generar_catalogo_vuelos.py for tasks to queue
[2026-07-09T02:47:01.281-0500] {logging_mixin.py:188} INFO - [2026-07-09T02:47:01.281-0500] {dagbag.py:545} INFO - Filling up the DagBag from /opt/airflow/dags/dag_generar_catalogo_vuelos.py
[2026-07-09T02:47:01.722-0500] {processor.py:840} INFO - DAG(s) 'aerotrack_travel_catalogo_vuelos' retrieved from /opt/airflow/dags/dag_generar_catalogo_vuelos.py
[2026-07-09T02:47:01.751-0500] {logging_mixin.py:188} INFO - [2026-07-09T02:47:01.751-0500] {dag.py:3089} INFO - Sync 1 DAGs
[2026-07-09T02:47:01.766-0500] {logging_mixin.py:188} INFO - [2026-07-09T02:47:01.766-0500] {dag.py:3947} INFO - Setting next_dagrun for aerotrack_travel_catalogo_vuelos to 2026-07-09 00:00:00+00:00, run_after=2026-07-10 00:00:00+00:00
[2026-07-09T02:47:01.779-0500] {processor.py:183} INFO - Processing /opt/airflow/dags/dag_generar_catalogo_vuelos.py took 0.507 seconds
[2026-07-09T02:47:32.069-0500] {processor.py:161} INFO - Started process (PID=13694) to work on /opt/airflow/dags/dag_generar_catalogo_vuelos.py
[2026-07-09T02:47:32.069-0500] {processor.py:830} INFO - Processing file /opt/airflow/dags/dag_generar_catalogo_vuelos.py for tasks to queue
[2026-07-09T02:47:32.071-0500] {logging_mixin.py:188} INFO - [2026-07-09T02:47:32.071-0500] {dagbag.py:545} INFO - Filling up the DagBag from /opt/airflow/dags/dag_generar_catalogo_vuelos.py
[2026-07-09T02:47:32.514-0500] {processor.py:840} INFO - DAG(s) 'aerotrack_travel_catalogo_vuelos' retrieved from /opt/airflow/dags/dag_generar_catalogo_vuelos.py
[2026-07-09T02:47:32.550-0500] {logging_mixin.py:188} INFO - [2026-07-09T02:47:32.549-0500] {dag.py:3089} INFO - Sync 1 DAGs
[2026-07-09T02:47:32.569-0500] {logging_mixin.py:188} INFO - [2026-07-09T02:47:32.569-0500] {dag.py:3947} INFO - Setting next_dagrun for aerotrack_travel_catalogo_vuelos to 2026-07-09 00:00:00+00:00, run_after=2026-07-10 00:00:00+00:00
[2026-07-09T02:47:32.584-0500] {processor.py:183} INFO - Processing /opt/airflow/dags/dag_generar_catalogo_vuelos.py took 0.521 seconds
[2026-07-09T02:48:02.887-0500] {processor.py:161} INFO - Started process (PID=13721) to work on /opt/airflow/dags/dag_generar_catalogo_vuelos.py
[2026-07-09T02:48:02.888-0500] {processor.py:830} INFO - Processing file /opt/airflow/dags/dag_generar_catalogo_vuelos.py for tasks to queue
[2026-07-09T02:48:02.890-0500] {logging_mixin.py:188} INFO - [2026-07-09T02:48:02.889-0500] {dagbag.py:545} INFO - Filling up the DagBag from /opt/airflow/dags/dag_generar_catalogo_vuelos.py
[2026-07-09T02:48:03.373-0500] {processor.py:840} INFO - DAG(s) 'aerotrack_travel_catalogo_vuelos' retrieved from /opt/airflow/dags/dag_generar_catalogo_vuelos.py
[2026-07-09T02:48:03.406-0500] {logging_mixin.py:188} INFO - [2026-07-09T02:48:03.406-0500] {dag.py:3089} INFO - Sync 1 DAGs
[2026-07-09T02:48:03.453-0500] {logging_mixin.py:188} INFO - [2026-07-09T02:48:03.452-0500] {dag.py:3947} INFO - Setting next_dagrun for aerotrack_travel_catalogo_vuelos to 2026-07-09 00:00:00+00:00, run_after=2026-07-10 00:00:00+00:00
[2026-07-09T02:48:03.474-0500] {processor.py:183} INFO - Processing /opt/airflow/dags/dag_generar_catalogo_vuelos.py took 0.591 seconds
[2026-07-09T02:48:33.801-0500] {processor.py:161} INFO - Started process (PID=13748) to work on /opt/airflow/dags/dag_generar_catalogo_vuelos.py
[2026-07-09T02:48:33.802-0500] {processor.py:830} INFO - Processing file /opt/airflow/dags/dag_generar_catalogo_vuelos.py for tasks to queue
[2026-07-09T02:48:33.803-0500] {logging_mixin.py:188} INFO - [2026-07-09T02:48:33.803-0500] {dagbag.py:545} INFO - Filling up the DagBag from /opt/airflow/dags/dag_generar_catalogo_vuelos.py
[2026-07-09T02:48:34.233-0500] {processor.py:840} INFO - DAG(s) 'aerotrack_travel_catalogo_vuelos' retrieved from /opt/airflow/dags/dag_generar_catalogo_vuelos.py
[2026-07-09T02:48:34.273-0500] {logging_mixin.py:188} INFO - [2026-07-09T02:48:34.273-0500] {dag.py:3089} INFO - Sync 1 DAGs
[2026-07-09T02:48:34.302-0500] {logging_mixin.py:188} INFO - [2026-07-09T02:48:34.301-0500] {dag.py:3947} INFO - Setting next_dagrun for aerotrack_travel_catalogo_vuelos to 2026-07-09 00:00:00+00:00, run_after=2026-07-10 00:00:00+00:00
[2026-07-09T02:48:34.319-0500] {processor.py:183} INFO - Processing /opt/airflow/dags/dag_generar_catalogo_vuelos.py took 0.523 seconds
[2026-07-09T02:49:04.731-0500] {processor.py:161} INFO - Started process (PID=13775) to work on /opt/airflow/dags/dag_generar_catalogo_vuelos.py
[2026-07-09T02:49:04.732-0500] {processor.py:830} INFO - Processing file /opt/airflow/dags/dag_generar_catalogo_vuelos.py for tasks to queue
[2026-07-09T02:49:04.733-0500] {logging_mixin.py:188} INFO - [2026-07-09T02:49:04.733-0500] {dagbag.py:545} INFO - Filling up the DagBag from /opt/airflow/dags/dag_generar_catalogo_vuelos.py
[2026-07-09T02:49:05.178-0500] {processor.py:840} INFO - DAG(s) 'aerotrack_travel_catalogo_vuelos' retrieved from /opt/airflow/dags/dag_generar_catalogo_vuelos.py
[2026-07-09T02:49:05.210-0500] {logging_mixin.py:188} INFO - [2026-07-09T02:49:05.210-0500] {dag.py:3089} INFO - Sync 1 DAGs
[2026-07-09T02:49:05.228-0500] {logging_mixin.py:188} INFO - [2026-07-09T02:49:05.228-0500] {dag.py:3947} INFO - Setting next_dagrun for aerotrack_travel_catalogo_vuelos to 2026-07-09 00:00:00+00:00, run_after=2026-07-10 00:00:00+00:00
[2026-07-09T02:49:05.242-0500] {processor.py:183} INFO - Processing /opt/airflow/dags/dag_generar_catalogo_vuelos.py took 0.515 seconds
[2026-07-09T02:49:35.530-0500] {processor.py:161} INFO - Started process (PID=13802) to work on /opt/airflow/dags/dag_generar_catalogo_vuelos.py
[2026-07-09T02:49:35.531-0500] {processor.py:830} INFO - Processing file /opt/airflow/dags/dag_generar_catalogo_vuelos.py for tasks to queue
[2026-07-09T02:49:35.533-0500] {logging_mixin.py:188} INFO - [2026-07-09T02:49:35.533-0500] {dagbag.py:545} INFO - Filling up the DagBag from /opt/airflow/dags/dag_generar_catalogo_vuelos.py
[2026-07-09T02:49:35.956-0500] {processor.py:840} INFO - DAG(s) 'aerotrack_travel_catalogo_vuelos' retrieved from /opt/airflow/dags/dag_generar_catalogo_vuelos.py
[2026-07-09T02:49:35.984-0500] {logging_mixin.py:188} INFO - [2026-07-09T02:49:35.984-0500] {dag.py:3089} INFO - Sync 1 DAGs
[2026-07-09T02:49:36.001-0500] {logging_mixin.py:188} INFO - [2026-07-09T02:49:36.001-0500] {dag.py:3947} INFO - Setting next_dagrun for aerotrack_travel_catalogo_vuelos to 2026-07-09 00:00:00+00:00, run_after=2026-07-10 00:00:00+00:00
[2026-07-09T02:49:36.016-0500] {processor.py:183} INFO - Processing /opt/airflow/dags/dag_generar_catalogo_vuelos.py took 0.490 seconds
[2026-07-09T02:50:06.479-0500] {processor.py:161} INFO - Started process (PID=13829) to work on /opt/airflow/dags/dag_generar_catalogo_vuelos.py
[2026-07-09T02:50:06.480-0500] {processor.py:830} INFO - Processing file /opt/airflow/dags/dag_generar_catalogo_vuelos.py for tasks to queue
[2026-07-09T02:50:06.482-0500] {logging_mixin.py:188} INFO - [2026-07-09T02:50:06.481-0500] {dagbag.py:545} INFO - Filling up the DagBag from /opt/airflow/dags/dag_generar_catalogo_vuelos.py
[2026-07-09T02:50:06.905-0500] {processor.py:840} INFO - DAG(s) 'aerotrack_travel_catalogo_vuelos' retrieved from /opt/airflow/dags/dag_generar_catalogo_vuelos.py
[2026-07-09T02:50:06.932-0500] {logging_mixin.py:188} INFO - [2026-07-09T02:50:06.932-0500] {dag.py:3089} INFO - Sync 1 DAGs
[2026-07-09T02:50:06.950-0500] {logging_mixin.py:188} INFO - [2026-07-09T02:50:06.950-0500] {dag.py:3947} INFO - Setting next_dagrun for aerotrack_travel_catalogo_vuelos to 2026-07-09 00:00:00+00:00, run_after=2026-07-10 00:00:00+00:00
[2026-07-09T02:50:06.964-0500] {processor.py:183} INFO - Processing /opt/airflow/dags/dag_generar_catalogo_vuelos.py took 0.490 seconds
[2026-07-09T02:50:37.374-0500] {processor.py:161} INFO - Started process (PID=13856) to work on /opt/airflow/dags/dag_generar_catalogo_vuelos.py
[2026-07-09T02:50:37.374-0500] {processor.py:830} INFO - Processing file /opt/airflow/dags/dag_generar_catalogo_vuelos.py for tasks to queue
[2026-07-09T02:50:37.376-0500] {logging_mixin.py:188} INFO - [2026-07-09T02:50:37.376-0500] {dagbag.py:545} INFO - Filling up the DagBag from /opt/airflow/dags/dag_generar_catalogo_vuelos.py
[2026-07-09T02:50:37.767-0500] {processor.py:840} INFO - DAG(s) 'aerotrack_travel_catalogo_vuelos' retrieved from /opt/airflow/dags/dag_generar_catalogo_vuelos.py
[2026-07-09T02:50:37.792-0500] {logging_mixin.py:188} INFO - [2026-07-09T02:50:37.792-0500] {dag.py:3089} INFO - Sync 1 DAGs
[2026-07-09T02:50:37.808-0500] {logging_mixin.py:188} INFO - [2026-07-09T02:50:37.808-0500] {dag.py:3947} INFO - Setting next_dagrun for aerotrack_travel_catalogo_vuelos to 2026-07-09 00:00:00+00:00, run_after=2026-07-10 00:00:00+00:00
[2026-07-09T02:50:37.823-0500] {processor.py:183} INFO - Processing /opt/airflow/dags/dag_generar_catalogo_vuelos.py took 0.454 seconds
[2026-07-09T02:51:08.154-0500] {processor.py:161} INFO - Started process (PID=13883) to work on /opt/airflow/dags/dag_generar_catalogo_vuelos.py
[2026-07-09T02:51:08.155-0500] {processor.py:830} INFO - Processing file /opt/airflow/dags/dag_generar_catalogo_vuelos.py for tasks to queue
[2026-07-09T02:51:08.157-0500] {logging_mixin.py:188} INFO - [2026-07-09T02:51:08.156-0500] {dagbag.py:545} INFO - Filling up the DagBag from /opt/airflow/dags/dag_generar_catalogo_vuelos.py
[2026-07-09T02:51:08.620-0500] {processor.py:840} INFO - DAG(s) 'aerotrack_travel_catalogo_vuelos' retrieved from /opt/airflow/dags/dag_generar_catalogo_vuelos.py
[2026-07-09T02:51:08.655-0500] {logging_mixin.py:188} INFO - [2026-07-09T02:51:08.654-0500] {dag.py:3089} INFO - Sync 1 DAGs
[2026-07-09T02:51:08.673-0500] {logging_mixin.py:188} INFO - [2026-07-09T02:51:08.673-0500] {dag.py:3947} INFO - Setting next_dagrun for aerotrack_travel_catalogo_vuelos to 2026-07-09 00:00:00+00:00, run_after=2026-07-10 00:00:00+00:00
[2026-07-09T02:51:08.689-0500] {processor.py:183} INFO - Processing /opt/airflow/dags/dag_generar_catalogo_vuelos.py took 0.541 seconds
[2026-07-09T02:51:39.073-0500] {processor.py:161} INFO - Started process (PID=13910) to work on /opt/airflow/dags/dag_generar_catalogo_vuelos.py
[2026-07-09T02:51:39.074-0500] {processor.py:830} INFO - Processing file /opt/airflow/dags/dag_generar_catalogo_vuelos.py for tasks to queue
[2026-07-09T02:51:39.076-0500] {logging_mixin.py:188} INFO - [2026-07-09T02:51:39.076-0500] {dagbag.py:545} INFO - Filling up the DagBag from /opt/airflow/dags/dag_generar_catalogo_vuelos.py
[2026-07-09T02:51:39.508-0500] {processor.py:840} INFO - DAG(s) 'aerotrack_travel_catalogo_vuelos' retrieved from /opt/airflow/dags/dag_generar_catalogo_vuelos.py
[2026-07-09T02:51:39.538-0500] {logging_mixin.py:188} INFO - [2026-07-09T02:51:39.538-0500] {dag.py:3089} INFO - Sync 1 DAGs
[2026-07-09T02:51:39.554-0500] {logging_mixin.py:188} INFO - [2026-07-09T02:51:39.554-0500] {dag.py:3947} INFO - Setting next_dagrun for aerotrack_travel_catalogo_vuelos to 2026-07-09 00:00:00+00:00, run_after=2026-07-10 00:00:00+00:00
[2026-07-09T02:51:39.568-0500] {processor.py:183} INFO - Processing /opt/airflow/dags/dag_generar_catalogo_vuelos.py took 0.499 seconds
[2026-07-09T02:52:09.968-0500] {processor.py:161} INFO - Started process (PID=13937) to work on /opt/airflow/dags/dag_generar_catalogo_vuelos.py
[2026-07-09T02:52:09.969-0500] {processor.py:830} INFO - Processing file /opt/airflow/dags/dag_generar_catalogo_vuelos.py for tasks to queue
[2026-07-09T02:52:09.970-0500] {logging_mixin.py:188} INFO - [2026-07-09T02:52:09.970-0500] {dagbag.py:545} INFO - Filling up the DagBag from /opt/airflow/dags/dag_generar_catalogo_vuelos.py
[2026-07-09T02:52:10.401-0500] {processor.py:840} INFO - DAG(s) 'aerotrack_travel_catalogo_vuelos' retrieved from /opt/airflow/dags/dag_generar_catalogo_vuelos.py
[2026-07-09T02:52:10.434-0500] {logging_mixin.py:188} INFO - [2026-07-09T02:52:10.434-0500] {dag.py:3089} INFO - Sync 1 DAGs
[2026-07-09T02:52:10.456-0500] {logging_mixin.py:188} INFO - [2026-07-09T02:52:10.455-0500] {dag.py:3947} INFO - Setting next_dagrun for aerotrack_travel_catalogo_vuelos to 2026-07-09 00:00:00+00:00, run_after=2026-07-10 00:00:00+00:00
[2026-07-09T02:52:10.472-0500] {processor.py:183} INFO - Processing /opt/airflow/dags/dag_generar_catalogo_vuelos.py took 0.509 seconds
[2026-07-09T02:52:41.000-0500] {processor.py:161} INFO - Started process (PID=13964) to work on /opt/airflow/dags/dag_generar_catalogo_vuelos.py
[2026-07-09T02:52:41.001-0500] {processor.py:830} INFO - Processing file /opt/airflow/dags/dag_generar_catalogo_vuelos.py for tasks to queue
[2026-07-09T02:52:41.003-0500] {logging_mixin.py:188} INFO - [2026-07-09T02:52:41.002-0500] {dagbag.py:545} INFO - Filling up the DagBag from /opt/airflow/dags/dag_generar_catalogo_vuelos.py
[2026-07-09T02:52:41.415-0500] {processor.py:840} INFO - DAG(s) 'aerotrack_travel_catalogo_vuelos' retrieved from /opt/airflow/dags/dag_generar_catalogo_vuelos.py
[2026-07-09T02:52:41.447-0500] {logging_mixin.py:188} INFO - [2026-07-09T02:52:41.447-0500] {dag.py:3089} INFO - Sync 1 DAGs
[2026-07-09T02:52:41.466-0500] {logging_mixin.py:188} INFO - [2026-07-09T02:52:41.466-0500] {dag.py:3947} INFO - Setting next_dagrun for aerotrack_travel_catalogo_vuelos to 2026-07-09 00:00:00+00:00, run_after=2026-07-10 00:00:00+00:00
[2026-07-09T02:52:41.484-0500] {processor.py:183} INFO - Processing /opt/airflow/dags/dag_generar_catalogo_vuelos.py took 0.488 seconds
[2026-07-09T02:53:11.782-0500] {processor.py:161} INFO - Started process (PID=13991) to work on /opt/airflow/dags/dag_generar_catalogo_vuelos.py
[2026-07-09T02:53:11.783-0500] {processor.py:830} INFO - Processing file /opt/airflow/dags/dag_generar_catalogo_vuelos.py for tasks to queue
[2026-07-09T02:53:11.784-0500] {logging_mixin.py:188} INFO - [2026-07-09T02:53:11.784-0500] {dagbag.py:545} INFO - Filling up the DagBag from /opt/airflow/dags/dag_generar_catalogo_vuelos.py
[2026-07-09T02:53:12.227-0500] {processor.py:840} INFO - DAG(s) 'aerotrack_travel_catalogo_vuelos' retrieved from /opt/airflow/dags/dag_generar_catalogo_vuelos.py
[2026-07-09T02:53:12.260-0500] {logging_mixin.py:188} INFO - [2026-07-09T02:53:12.260-0500] {dag.py:3089} INFO - Sync 1 DAGs
[2026-07-09T02:53:12.280-0500] {logging_mixin.py:188} INFO - [2026-07-09T02:53:12.280-0500] {dag.py:3947} INFO - Setting next_dagrun for aerotrack_travel_catalogo_vuelos to 2026-07-09 00:00:00+00:00, run_after=2026-07-10 00:00:00+00:00
[2026-07-09T02:53:12.296-0500] {processor.py:183} INFO - Processing /opt/airflow/dags/dag_generar_catalogo_vuelos.py took 0.519 seconds
[2026-07-09T02:53:42.687-0500] {processor.py:161} INFO - Started process (PID=14018) to work on /opt/airflow/dags/dag_generar_catalogo_vuelos.py
[2026-07-09T02:53:42.688-0500] {processor.py:830} INFO - Processing file /opt/airflow/dags/dag_generar_catalogo_vuelos.py for tasks to queue
[2026-07-09T02:53:42.690-0500] {logging_mixin.py:188} INFO - [2026-07-09T02:53:42.689-0500] {dagbag.py:545} INFO - Filling up the DagBag from /opt/airflow/dags/dag_generar_catalogo_vuelos.py
[2026-07-09T02:53:43.109-0500] {processor.py:840} INFO - DAG(s) 'aerotrack_travel_catalogo_vuelos' retrieved from /opt/airflow/dags/dag_generar_catalogo_vuelos.py
[2026-07-09T02:53:43.145-0500] {logging_mixin.py:188} INFO - [2026-07-09T02:53:43.144-0500] {dag.py:3089} INFO - Sync 1 DAGs
[2026-07-09T02:53:43.163-0500] {logging_mixin.py:188} INFO - [2026-07-09T02:53:43.163-0500] {dag.py:3947} INFO - Setting next_dagrun for aerotrack_travel_catalogo_vuelos to 2026-07-09 00:00:00+00:00, run_after=2026-07-10 00:00:00+00:00
[2026-07-09T02:53:43.176-0500] {processor.py:183} INFO - Processing /opt/airflow/dags/dag_generar_catalogo_vuelos.py took 0.493 seconds
[2026-07-09T02:54:13.487-0500] {processor.py:161} INFO - Started process (PID=14045) to work on /opt/airflow/dags/dag_generar_catalogo_vuelos.py
[2026-07-09T02:54:13.487-0500] {processor.py:830} INFO - Processing file /opt/airflow/dags/dag_generar_catalogo_vuelos.py for tasks to queue
[2026-07-09T02:54:13.490-0500] {logging_mixin.py:188} INFO - [2026-07-09T02:54:13.490-0500] {dagbag.py:545} INFO - Filling up the DagBag from /opt/airflow/dags/dag_generar_catalogo_vuelos.py
[2026-07-09T02:54:13.924-0500] {processor.py:840} INFO - DAG(s) 'aerotrack_travel_catalogo_vuelos' retrieved from /opt/airflow/dags/dag_generar_catalogo_vuelos.py
[2026-07-09T02:54:13.953-0500] {logging_mixin.py:188} INFO - [2026-07-09T02:54:13.953-0500] {dag.py:3089} INFO - Sync 1 DAGs
[2026-07-09T02:54:13.971-0500] {logging_mixin.py:188} INFO - [2026-07-09T02:54:13.971-0500] {dag.py:3947} INFO - Setting next_dagrun for aerotrack_travel_catalogo_vuelos to 2026-07-09 00:00:00+00:00, run_after=2026-07-10 00:00:00+00:00
[2026-07-09T02:54:13.985-0500] {processor.py:183} INFO - Processing /opt/airflow/dags/dag_generar_catalogo_vuelos.py took 0.503 seconds
[2026-07-09T02:54:44.279-0500] {processor.py:161} INFO - Started process (PID=14072) to work on /opt/airflow/dags/dag_generar_catalogo_vuelos.py
[2026-07-09T02:54:44.280-0500] {processor.py:830} INFO - Processing file /opt/airflow/dags/dag_generar_catalogo_vuelos.py for tasks to queue
[2026-07-09T02:54:44.282-0500] {logging_mixin.py:188} INFO - [2026-07-09T02:54:44.282-0500] {dagbag.py:545} INFO - Filling up the DagBag from /opt/airflow/dags/dag_generar_catalogo_vuelos.py
[2026-07-09T02:54:44.805-0500] {processor.py:840} INFO - DAG(s) 'aerotrack_travel_catalogo_vuelos' retrieved from /opt/airflow/dags/dag_generar_catalogo_vuelos.py
[2026-07-09T02:54:44.841-0500] {logging_mixin.py:188} INFO - [2026-07-09T02:54:44.841-0500] {dag.py:3089} INFO - Sync 1 DAGs
[2026-07-09T02:54:44.863-0500] {logging_mixin.py:188} INFO - [2026-07-09T02:54:44.863-0500] {dag.py:3947} INFO - Setting next_dagrun for aerotrack_travel_catalogo_vuelos to 2026-07-09 00:00:00+00:00, run_after=2026-07-10 00:00:00+00:00
[2026-07-09T02:54:44.882-0500] {processor.py:183} INFO - Processing /opt/airflow/dags/dag_generar_catalogo_vuelos.py took 0.608 seconds
[2026-07-09T02:55:15.325-0500] {processor.py:161} INFO - Started process (PID=14099) to work on /opt/airflow/dags/dag_generar_catalogo_vuelos.py
[2026-07-09T02:55:15.326-0500] {processor.py:830} INFO - Processing file /opt/airflow/dags/dag_generar_catalogo_vuelos.py for tasks to queue
[2026-07-09T02:55:15.327-0500] {logging_mixin.py:188} INFO - [2026-07-09T02:55:15.327-0500] {dagbag.py:545} INFO - Filling up the DagBag from /opt/airflow/dags/dag_generar_catalogo_vuelos.py
[2026-07-09T02:55:15.777-0500] {processor.py:840} INFO - DAG(s) 'aerotrack_travel_catalogo_vuelos' retrieved from /opt/airflow/dags/dag_generar_catalogo_vuelos.py
[2026-07-09T02:55:15.806-0500] {logging_mixin.py:188} INFO - [2026-07-09T02:55:15.805-0500] {dag.py:3089} INFO - Sync 1 DAGs
[2026-07-09T02:55:15.824-0500] {logging_mixin.py:188} INFO - [2026-07-09T02:55:15.824-0500] {dag.py:3947} INFO - Setting next_dagrun for aerotrack_travel_catalogo_vuelos to 2026-07-09 00:00:00+00:00, run_after=2026-07-10 00:00:00+00:00
[2026-07-09T02:55:15.839-0500] {processor.py:183} INFO - Processing /opt/airflow/dags/dag_generar_catalogo_vuelos.py took 0.519 seconds
[2026-07-09T02:55:46.148-0500] {processor.py:161} INFO - Started process (PID=14126) to work on /opt/airflow/dags/dag_generar_catalogo_vuelos.py
[2026-07-09T02:55:46.149-0500] {processor.py:830} INFO - Processing file /opt/airflow/dags/dag_generar_catalogo_vuelos.py for tasks to queue
[2026-07-09T02:55:46.151-0500] {logging_mixin.py:188} INFO - [2026-07-09T02:55:46.150-0500] {dagbag.py:545} INFO - Filling up the DagBag from /opt/airflow/dags/dag_generar_catalogo_vuelos.py
[2026-07-09T02:55:46.578-0500] {processor.py:840} INFO - DAG(s) 'aerotrack_travel_catalogo_vuelos' retrieved from /opt/airflow/dags/dag_generar_catalogo_vuelos.py
[2026-07-09T02:55:46.617-0500] {logging_mixin.py:188} INFO - [2026-07-09T02:55:46.616-0500] {dag.py:3089} INFO - Sync 1 DAGs
[2026-07-09T02:55:46.638-0500] {logging_mixin.py:188} INFO - [2026-07-09T02:55:46.638-0500] {dag.py:3947} INFO - Setting next_dagrun for aerotrack_travel_catalogo_vuelos to 2026-07-09 00:00:00+00:00, run_after=2026-07-10 00:00:00+00:00
[2026-07-09T02:55:46.656-0500] {processor.py:183} INFO - Processing /opt/airflow/dags/dag_generar_catalogo_vuelos.py took 0.513 seconds
[2026-07-09T02:56:17.007-0500] {processor.py:161} INFO - Started process (PID=14153) to work on /opt/airflow/dags/dag_generar_catalogo_vuelos.py
[2026-07-09T02:56:17.008-0500] {processor.py:830} INFO - Processing file /opt/airflow/dags/dag_generar_catalogo_vuelos.py for tasks to queue
[2026-07-09T02:56:17.011-0500] {logging_mixin.py:188} INFO - [2026-07-09T02:56:17.010-0500] {dagbag.py:545} INFO - Filling up the DagBag from /opt/airflow/dags/dag_generar_catalogo_vuelos.py
[2026-07-09T02:56:17.464-0500] {processor.py:840} INFO - DAG(s) 'aerotrack_travel_catalogo_vuelos' retrieved from /opt/airflow/dags/dag_generar_catalogo_vuelos.py
[2026-07-09T02:56:17.494-0500] {logging_mixin.py:188} INFO - [2026-07-09T02:56:17.494-0500] {dag.py:3089} INFO - Sync 1 DAGs
[2026-07-09T02:56:17.514-0500] {logging_mixin.py:188} INFO - [2026-07-09T02:56:17.514-0500] {dag.py:3947} INFO - Setting next_dagrun for aerotrack_travel_catalogo_vuelos to 2026-07-09 00:00:00+00:00, run_after=2026-07-10 00:00:00+00:00
[2026-07-09T02:56:17.531-0500] {processor.py:183} INFO - Processing /opt/airflow/dags/dag_generar_catalogo_vuelos.py took 0.532 seconds
[2026-07-09T02:56:48.037-0500] {processor.py:161} INFO - Started process (PID=14180) to work on /opt/airflow/dags/dag_generar_catalogo_vuelos.py
[2026-07-09T02:56:48.038-0500] {processor.py:830} INFO - Processing file /opt/airflow/dags/dag_generar_catalogo_vuelos.py for tasks to queue
[2026-07-09T02:56:48.040-0500] {logging_mixin.py:188} INFO - [2026-07-09T02:56:48.039-0500] {dagbag.py:545} INFO - Filling up the DagBag from /opt/airflow/dags/dag_generar_catalogo_vuelos.py
[2026-07-09T02:56:48.441-0500] {processor.py:840} INFO - DAG(s) 'aerotrack_travel_catalogo_vuelos' retrieved from /opt/airflow/dags/dag_generar_catalogo_vuelos.py
[2026-07-09T02:56:48.469-0500] {logging_mixin.py:188} INFO - [2026-07-09T02:56:48.468-0500] {dag.py:3089} INFO - Sync 1 DAGs
[2026-07-09T02:56:48.485-0500] {logging_mixin.py:188} INFO - [2026-07-09T02:56:48.485-0500] {dag.py:3947} INFO - Setting next_dagrun for aerotrack_travel_catalogo_vuelos to 2026-07-09 00:00:00+00:00, run_after=2026-07-10 00:00:00+00:00
[2026-07-09T02:56:48.500-0500] {processor.py:183} INFO - Processing /opt/airflow/dags/dag_generar_catalogo_vuelos.py took 0.467 seconds
[2026-07-09T02:57:18.808-0500] {processor.py:161} INFO - Started process (PID=14207) to work on /opt/airflow/dags/dag_generar_catalogo_vuelos.py
[2026-07-09T02:57:18.809-0500] {processor.py:830} INFO - Processing file /opt/airflow/dags/dag_generar_catalogo_vuelos.py for tasks to queue
[2026-07-09T02:57:18.811-0500] {logging_mixin.py:188} INFO - [2026-07-09T02:57:18.810-0500] {dagbag.py:545} INFO - Filling up the DagBag from /opt/airflow/dags/dag_generar_catalogo_vuelos.py
[2026-07-09T02:57:19.219-0500] {processor.py:840} INFO - DAG(s) 'aerotrack_travel_catalogo_vuelos' retrieved from /opt/airflow/dags/dag_generar_catalogo_vuelos.py
[2026-07-09T02:57:19.246-0500] {logging_mixin.py:188} INFO - [2026-07-09T02:57:19.246-0500] {dag.py:3089} INFO - Sync 1 DAGs
[2026-07-09T02:57:19.264-0500] {logging_mixin.py:188} INFO - [2026-07-09T02:57:19.264-0500] {dag.py:3947} INFO - Setting next_dagrun for aerotrack_travel_catalogo_vuelos to 2026-07-09 00:00:00+00:00, run_after=2026-07-10 00:00:00+00:00
[2026-07-09T02:57:19.279-0500] {processor.py:183} INFO - Processing /opt/airflow/dags/dag_generar_catalogo_vuelos.py took 0.476 seconds
[2026-07-09T02:57:49.700-0500] {processor.py:161} INFO - Started process (PID=14234) to work on /opt/airflow/dags/dag_generar_catalogo_vuelos.py
[2026-07-09T02:57:49.701-0500] {processor.py:830} INFO - Processing file /opt/airflow/dags/dag_generar_catalogo_vuelos.py for tasks to queue
[2026-07-09T02:57:49.703-0500] {logging_mixin.py:188} INFO - [2026-07-09T02:57:49.703-0500] {dagbag.py:545} INFO - Filling up the DagBag from /opt/airflow/dags/dag_generar_catalogo_vuelos.py
[2026-07-09T02:57:50.131-0500] {processor.py:840} INFO - DAG(s) 'aerotrack_travel_catalogo_vuelos' retrieved from /opt/airflow/dags/dag_generar_catalogo_vuelos.py
[2026-07-09T02:57:50.167-0500] {logging_mixin.py:188} INFO - [2026-07-09T02:57:50.166-0500] {dag.py:3089} INFO - Sync 1 DAGs
[2026-07-09T02:57:50.186-0500] {logging_mixin.py:188} INFO - [2026-07-09T02:57:50.185-0500] {dag.py:3947} INFO - Setting next_dagrun for aerotrack_travel_catalogo_vuelos to 2026-07-09 00:00:00+00:00, run_after=2026-07-10 00:00:00+00:00
[2026-07-09T02:57:50.202-0500] {processor.py:183} INFO - Processing /opt/airflow/dags/dag_generar_catalogo_vuelos.py took 0.507 seconds
[2026-07-09T02:58:20.616-0500] {processor.py:161} INFO - Started process (PID=14261) to work on /opt/airflow/dags/dag_generar_catalogo_vuelos.py
[2026-07-09T02:58:20.617-0500] {processor.py:830} INFO - Processing file /opt/airflow/dags/dag_generar_catalogo_vuelos.py for tasks to queue
[2026-07-09T02:58:20.619-0500] {logging_mixin.py:188} INFO - [2026-07-09T02:58:20.619-0500] {dagbag.py:545} INFO - Filling up the DagBag from /opt/airflow/dags/dag_generar_catalogo_vuelos.py
[2026-07-09T02:58:21.021-0500] {processor.py:840} INFO - DAG(s) 'aerotrack_travel_catalogo_vuelos' retrieved from /opt/airflow/dags/dag_generar_catalogo_vuelos.py
[2026-07-09T02:58:21.052-0500] {logging_mixin.py:188} INFO - [2026-07-09T02:58:21.052-0500] {dag.py:3089} INFO - Sync 1 DAGs
[2026-07-09T02:58:21.070-0500] {logging_mixin.py:188} INFO - [2026-07-09T02:58:21.070-0500] {dag.py:3947} INFO - Setting next_dagrun for aerotrack_travel_catalogo_vuelos to 2026-07-09 00:00:00+00:00, run_after=2026-07-10 00:00:00+00:00
[2026-07-09T02:58:21.085-0500] {processor.py:183} INFO - Processing /opt/airflow/dags/dag_generar_catalogo_vuelos.py took 0.474 seconds
[2026-07-09T02:58:51.487-0500] {processor.py:161} INFO - Started process (PID=14288) to work on /opt/airflow/dags/dag_generar_catalogo_vuelos.py
[2026-07-09T02:58:51.488-0500] {processor.py:830} INFO - Processing file /opt/airflow/dags/dag_generar_catalogo_vuelos.py for tasks to queue
[2026-07-09T02:58:51.489-0500] {logging_mixin.py:188} INFO - [2026-07-09T02:58:51.489-0500] {dagbag.py:545} INFO - Filling up the DagBag from /opt/airflow/dags/dag_generar_catalogo_vuelos.py
[2026-07-09T02:58:51.901-0500] {processor.py:840} INFO - DAG(s) 'aerotrack_travel_catalogo_vuelos' retrieved from /opt/airflow/dags/dag_generar_catalogo_vuelos.py
[2026-07-09T02:58:51.942-0500] {logging_mixin.py:188} INFO - [2026-07-09T02:58:51.942-0500] {dag.py:3089} INFO - Sync 1 DAGs
[2026-07-09T02:58:51.962-0500] {logging_mixin.py:188} INFO - [2026-07-09T02:58:51.962-0500] {dag.py:3947} INFO - Setting next_dagrun for aerotrack_travel_catalogo_vuelos to 2026-07-09 00:00:00+00:00, run_after=2026-07-10 00:00:00+00:00
[2026-07-09T02:58:51.982-0500] {processor.py:183} INFO - Processing /opt/airflow/dags/dag_generar_catalogo_vuelos.py took 0.499 seconds
[2026-07-09T02:59:22.298-0500] {processor.py:161} INFO - Started process (PID=14315) to work on /opt/airflow/dags/dag_generar_catalogo_vuelos.py
[2026-07-09T02:59:22.299-0500] {processor.py:830} INFO - Processing file /opt/airflow/dags/dag_generar_catalogo_vuelos.py for tasks to queue
[2026-07-09T02:59:22.301-0500] {logging_mixin.py:188} INFO - [2026-07-09T02:59:22.300-0500] {dagbag.py:545} INFO - Filling up the DagBag from /opt/airflow/dags/dag_generar_catalogo_vuelos.py
[2026-07-09T02:59:22.772-0500] {processor.py:840} INFO - DAG(s) 'aerotrack_travel_catalogo_vuelos' retrieved from /opt/airflow/dags/dag_generar_catalogo_vuelos.py
[2026-07-09T02:59:22.804-0500] {logging_mixin.py:188} INFO - [2026-07-09T02:59:22.804-0500] {dag.py:3089} INFO - Sync 1 DAGs
[2026-07-09T02:59:22.822-0500] {logging_mixin.py:188} INFO - [2026-07-09T02:59:22.822-0500] {dag.py:3947} INFO - Setting next_dagrun for aerotrack_travel_catalogo_vuelos to 2026-07-09 00:00:00+00:00, run_after=2026-07-10 00:00:00+00:00
[2026-07-09T02:59:22.838-0500] {processor.py:183} INFO - Processing /opt/airflow/dags/dag_generar_catalogo_vuelos.py took 0.546 seconds
[2026-07-09T02:59:53.187-0500] {processor.py:161} INFO - Started process (PID=14342) to work on /opt/airflow/dags/dag_generar_catalogo_vuelos.py
[2026-07-09T02:59:53.188-0500] {processor.py:830} INFO - Processing file /opt/airflow/dags/dag_generar_catalogo_vuelos.py for tasks to queue
[2026-07-09T02:59:53.189-0500] {logging_mixin.py:188} INFO - [2026-07-09T02:59:53.189-0500] {dagbag.py:545} INFO - Filling up the DagBag from /opt/airflow/dags/dag_generar_catalogo_vuelos.py
[2026-07-09T02:59:53.608-0500] {processor.py:840} INFO - DAG(s) 'aerotrack_travel_catalogo_vuelos' retrieved from /opt/airflow/dags/dag_generar_catalogo_vuelos.py
[2026-07-09T02:59:53.642-0500] {logging_mixin.py:188} INFO - [2026-07-09T02:59:53.641-0500] {dag.py:3089} INFO - Sync 1 DAGs
[2026-07-09T02:59:53.670-0500] {logging_mixin.py:188} INFO - [2026-07-09T02:59:53.669-0500] {dag.py:3947} INFO - Setting next_dagrun for aerotrack_travel_catalogo_vuelos to 2026-07-09 00:00:00+00:00, run_after=2026-07-10 00:00:00+00:00
[2026-07-09T02:59:53.697-0500] {processor.py:183} INFO - Processing /opt/airflow/dags/dag_generar_catalogo_vuelos.py took 0.514 seconds
[2026-07-09T03:00:24.116-0500] {processor.py:161} INFO - Started process (PID=14369) to work on /opt/airflow/dags/dag_generar_catalogo_vuelos.py
[2026-07-09T03:00:24.117-0500] {processor.py:830} INFO - Processing file /opt/airflow/dags/dag_generar_catalogo_vuelos.py for tasks to queue
[2026-07-09T03:00:24.119-0500] {logging_mixin.py:188} INFO - [2026-07-09T03:00:24.119-0500] {dagbag.py:545} INFO - Filling up the DagBag from /opt/airflow/dags/dag_generar_catalogo_vuelos.py
[2026-07-09T03:00:24.523-0500] {processor.py:840} INFO - DAG(s) 'aerotrack_travel_catalogo_vuelos' retrieved from /opt/airflow/dags/dag_generar_catalogo_vuelos.py
[2026-07-09T03:00:24.555-0500] {logging_mixin.py:188} INFO - [2026-07-09T03:00:24.554-0500] {dag.py:3089} INFO - Sync 1 DAGs
[2026-07-09T03:00:24.573-0500] {logging_mixin.py:188} INFO - [2026-07-09T03:00:24.573-0500] {dag.py:3947} INFO - Setting next_dagrun for aerotrack_travel_catalogo_vuelos to 2026-07-09 00:00:00+00:00, run_after=2026-07-10 00:00:00+00:00
[2026-07-09T03:00:24.590-0500] {processor.py:183} INFO - Processing /opt/airflow/dags/dag_generar_catalogo_vuelos.py took 0.480 seconds
[2026-07-09T03:00:54.933-0500] {processor.py:161} INFO - Started process (PID=14396) to work on /opt/airflow/dags/dag_generar_catalogo_vuelos.py
[2026-07-09T03:00:54.934-0500] {processor.py:830} INFO - Processing file /opt/airflow/dags/dag_generar_catalogo_vuelos.py for tasks to queue
[2026-07-09T03:00:54.936-0500] {logging_mixin.py:188} INFO - [2026-07-09T03:00:54.935-0500] {dagbag.py:545} INFO - Filling up the DagBag from /opt/airflow/dags/dag_generar_catalogo_vuelos.py
[2026-07-09T03:00:55.394-0500] {processor.py:840} INFO - DAG(s) 'aerotrack_travel_catalogo_vuelos' retrieved from /opt/airflow/dags/dag_generar_catalogo_vuelos.py
[2026-07-09T03:00:55.426-0500] {logging_mixin.py:188} INFO - [2026-07-09T03:00:55.425-0500] {dag.py:3089} INFO - Sync 1 DAGs
[2026-07-09T03:00:55.444-0500] {logging_mixin.py:188} INFO - [2026-07-09T03:00:55.444-0500] {dag.py:3947} INFO - Setting next_dagrun for aerotrack_travel_catalogo_vuelos to 2026-07-09 00:00:00+00:00, run_after=2026-07-10 00:00:00+00:00
[2026-07-09T03:00:55.460-0500] {processor.py:183} INFO - Processing /opt/airflow/dags/dag_generar_catalogo_vuelos.py took 0.532 seconds
[2026-07-09T03:01:25.872-0500] {processor.py:161} INFO - Started process (PID=14423) to work on /opt/airflow/dags/dag_generar_catalogo_vuelos.py
[2026-07-09T03:01:25.873-0500] {processor.py:830} INFO - Processing file /opt/airflow/dags/dag_generar_catalogo_vuelos.py for tasks to queue
[2026-07-09T03:01:25.875-0500] {logging_mixin.py:188} INFO - [2026-07-09T03:01:25.874-0500] {dagbag.py:545} INFO - Filling up the DagBag from /opt/airflow/dags/dag_generar_catalogo_vuelos.py
[2026-07-09T03:01:26.305-0500] {processor.py:840} INFO - DAG(s) 'aerotrack_travel_catalogo_vuelos' retrieved from /opt/airflow/dags/dag_generar_catalogo_vuelos.py
[2026-07-09T03:01:26.336-0500] {logging_mixin.py:188} INFO - [2026-07-09T03:01:26.336-0500] {dag.py:3089} INFO - Sync 1 DAGs
[2026-07-09T03:01:26.355-0500] {logging_mixin.py:188} INFO - [2026-07-09T03:01:26.354-0500] {dag.py:3947} INFO - Setting next_dagrun for aerotrack_travel_catalogo_vuelos to 2026-07-09 00:00:00+00:00, run_after=2026-07-10 00:00:00+00:00
[2026-07-09T03:01:26.370-0500] {processor.py:183} INFO - Processing /opt/airflow/dags/dag_generar_catalogo_vuelos.py took 0.502 seconds
[2026-07-09T03:01:56.777-0500] {processor.py:161} INFO - Started process (PID=14450) to work on /opt/airflow/dags/dag_generar_catalogo_vuelos.py
[2026-07-09T03:01:56.778-0500] {processor.py:830} INFO - Processing file /opt/airflow/dags/dag_generar_catalogo_vuelos.py for tasks to queue
[2026-07-09T03:01:56.780-0500] {logging_mixin.py:188} INFO - [2026-07-09T03:01:56.780-0500] {dagbag.py:545} INFO - Filling up the DagBag from /opt/airflow/dags/dag_generar_catalogo_vuelos.py
[2026-07-09T03:01:57.241-0500] {processor.py:840} INFO - DAG(s) 'aerotrack_travel_catalogo_vuelos' retrieved from /opt/airflow/dags/dag_generar_catalogo_vuelos.py
[2026-07-09T03:01:57.275-0500] {logging_mixin.py:188} INFO - [2026-07-09T03:01:57.275-0500] {dag.py:3089} INFO - Sync 1 DAGs
[2026-07-09T03:01:57.296-0500] {logging_mixin.py:188} INFO - [2026-07-09T03:01:57.296-0500] {dag.py:3947} INFO - Setting next_dagrun for aerotrack_travel_catalogo_vuelos to 2026-07-09 00:00:00+00:00, run_after=2026-07-10 00:00:00+00:00
[2026-07-09T03:01:57.323-0500] {processor.py:183} INFO - Processing /opt/airflow/dags/dag_generar_catalogo_vuelos.py took 0.551 seconds
[2026-07-09T03:02:27.698-0500] {processor.py:161} INFO - Started process (PID=14477) to work on /opt/airflow/dags/dag_generar_catalogo_vuelos.py
[2026-07-09T03:02:27.699-0500] {processor.py:830} INFO - Processing file /opt/airflow/dags/dag_generar_catalogo_vuelos.py for tasks to queue
[2026-07-09T03:02:27.700-0500] {logging_mixin.py:188} INFO - [2026-07-09T03:02:27.700-0500] {dagbag.py:545} INFO - Filling up the DagBag from /opt/airflow/dags/dag_generar_catalogo_vuelos.py
[2026-07-09T03:02:28.124-0500] {processor.py:840} INFO - DAG(s) 'aerotrack_travel_catalogo_vuelos' retrieved from /opt/airflow/dags/dag_generar_catalogo_vuelos.py
[2026-07-09T03:02:28.154-0500] {logging_mixin.py:188} INFO - [2026-07-09T03:02:28.154-0500] {dag.py:3089} INFO - Sync 1 DAGs
[2026-07-09T03:02:28.173-0500] {logging_mixin.py:188} INFO - [2026-07-09T03:02:28.173-0500] {dag.py:3947} INFO - Setting next_dagrun for aerotrack_travel_catalogo_vuelos to 2026-07-09 00:00:00+00:00, run_after=2026-07-10 00:00:00+00:00
[2026-07-09T03:02:28.187-0500] {processor.py:183} INFO - Processing /opt/airflow/dags/dag_generar_catalogo_vuelos.py took 0.493 seconds
[2026-07-09T03:02:58.248-0500] {processor.py:161} INFO - Started process (PID=14501) to work on /opt/airflow/dags/dag_generar_catalogo_vuelos.py
[2026-07-09T03:02:58.249-0500] {processor.py:830} INFO - Processing file /opt/airflow/dags/dag_generar_catalogo_vuelos.py for tasks to queue
[2026-07-09T03:02:58.251-0500] {logging_mixin.py:188} INFO - [2026-07-09T03:02:58.250-0500] {dagbag.py:545} INFO - Filling up the DagBag from /opt/airflow/dags/dag_generar_catalogo_vuelos.py
[2026-07-09T03:02:58.617-0500] {processor.py:840} INFO - DAG(s) 'aerotrack_travel_catalogo_vuelos' retrieved from /opt/airflow/dags/dag_generar_catalogo_vuelos.py
[2026-07-09T03:02:58.645-0500] {logging_mixin.py:188} INFO - [2026-07-09T03:02:58.645-0500] {dag.py:3089} INFO - Sync 1 DAGs
[2026-07-09T03:02:58.662-0500] {logging_mixin.py:188} INFO - [2026-07-09T03:02:58.662-0500] {dag.py:3947} INFO - Setting next_dagrun for aerotrack_travel_catalogo_vuelos to 2026-07-09 00:00:00+00:00, run_after=2026-07-10 00:00:00+00:00
[2026-07-09T03:02:58.677-0500] {processor.py:183} INFO - Processing /opt/airflow/dags/dag_generar_catalogo_vuelos.py took 0.433 seconds
[2026-07-09T03:03:29.474-0500] {processor.py:161} INFO - Started process (PID=14528) to work on /opt/airflow/dags/dag_generar_catalogo_vuelos.py
[2026-07-09T03:03:29.475-0500] {processor.py:830} INFO - Processing file /opt/airflow/dags/dag_generar_catalogo_vuelos.py for tasks to queue
[2026-07-09T03:03:29.476-0500] {logging_mixin.py:188} INFO - [2026-07-09T03:03:29.476-0500] {dagbag.py:545} INFO - Filling up the DagBag from /opt/airflow/dags/dag_generar_catalogo_vuelos.py
[2026-07-09T03:03:29.881-0500] {processor.py:840} INFO - DAG(s) 'aerotrack_travel_catalogo_vuelos' retrieved from /opt/airflow/dags/dag_generar_catalogo_vuelos.py
[2026-07-09T03:03:29.914-0500] {logging_mixin.py:188} INFO - [2026-07-09T03:03:29.913-0500] {dag.py:3089} INFO - Sync 1 DAGs
[2026-07-09T03:03:29.932-0500] {logging_mixin.py:188} INFO - [2026-07-09T03:03:29.932-0500] {dag.py:3947} INFO - Setting next_dagrun for aerotrack_travel_catalogo_vuelos to 2026-07-09 00:00:00+00:00, run_after=2026-07-10 00:00:00+00:00
[2026-07-09T03:03:29.949-0500] {processor.py:183} INFO - Processing /opt/airflow/dags/dag_generar_catalogo_vuelos.py took 0.480 seconds
[2026-07-09T03:04:00.262-0500] {processor.py:161} INFO - Started process (PID=14555) to work on /opt/airflow/dags/dag_generar_catalogo_vuelos.py
[2026-07-09T03:04:00.263-0500] {processor.py:830} INFO - Processing file /opt/airflow/dags/dag_generar_catalogo_vuelos.py for tasks to queue
[2026-07-09T03:04:00.264-0500] {logging_mixin.py:188} INFO - [2026-07-09T03:04:00.264-0500] {dagbag.py:545} INFO - Filling up the DagBag from /opt/airflow/dags/dag_generar_catalogo_vuelos.py
[2026-07-09T03:04:00.648-0500] {processor.py:840} INFO - DAG(s) 'aerotrack_travel_catalogo_vuelos' retrieved from /opt/airflow/dags/dag_generar_catalogo_vuelos.py
[2026-07-09T03:04:00.675-0500] {logging_mixin.py:188} INFO - [2026-07-09T03:04:00.675-0500] {dag.py:3089} INFO - Sync 1 DAGs
[2026-07-09T03:04:00.692-0500] {logging_mixin.py:188} INFO - [2026-07-09T03:04:00.692-0500] {dag.py:3947} INFO - Setting next_dagrun for aerotrack_travel_catalogo_vuelos to 2026-07-09 00:00:00+00:00, run_after=2026-07-10 00:00:00+00:00
[2026-07-09T03:04:00.707-0500] {processor.py:183} INFO - Processing /opt/airflow/dags/dag_generar_catalogo_vuelos.py took 0.450 seconds
[2026-07-09T03:04:31.065-0500] {processor.py:161} INFO - Started process (PID=14582) to work on /opt/airflow/dags/dag_generar_catalogo_vuelos.py
[2026-07-09T03:04:31.066-0500] {processor.py:830} INFO - Processing file /opt/airflow/dags/dag_generar_catalogo_vuelos.py for tasks to queue
[2026-07-09T03:04:31.068-0500] {logging_mixin.py:188} INFO - [2026-07-09T03:04:31.068-0500] {dagbag.py:545} INFO - Filling up the DagBag from /opt/airflow/dags/dag_generar_catalogo_vuelos.py
[2026-07-09T03:04:31.453-0500] {processor.py:840} INFO - DAG(s) 'aerotrack_travel_catalogo_vuelos' retrieved from /opt/airflow/dags/dag_generar_catalogo_vuelos.py
[2026-07-09T03:04:31.480-0500] {logging_mixin.py:188} INFO - [2026-07-09T03:04:31.479-0500] {dag.py:3089} INFO - Sync 1 DAGs
[2026-07-09T03:04:31.497-0500] {logging_mixin.py:188} INFO - [2026-07-09T03:04:31.497-0500] {dag.py:3947} INFO - Setting next_dagrun for aerotrack_travel_catalogo_vuelos to 2026-07-09 00:00:00+00:00, run_after=2026-07-10 00:00:00+00:00
[2026-07-09T03:04:31.512-0500] {processor.py:183} INFO - Processing /opt/airflow/dags/dag_generar_catalogo_vuelos.py took 0.451 seconds
[2026-07-09T03:05:02.108-0500] {processor.py:161} INFO - Started process (PID=14609) to work on /opt/airflow/dags/dag_generar_catalogo_vuelos.py
[2026-07-09T03:05:02.109-0500] {processor.py:830} INFO - Processing file /opt/airflow/dags/dag_generar_catalogo_vuelos.py for tasks to queue
[2026-07-09T03:05:02.111-0500] {logging_mixin.py:188} INFO - [2026-07-09T03:05:02.110-0500] {dagbag.py:545} INFO - Filling up the DagBag from /opt/airflow/dags/dag_generar_catalogo_vuelos.py
[2026-07-09T03:05:02.567-0500] {processor.py:840} INFO - DAG(s) 'aerotrack_travel_catalogo_vuelos' retrieved from /opt/airflow/dags/dag_generar_catalogo_vuelos.py
[2026-07-09T03:05:02.597-0500] {logging_mixin.py:188} INFO - [2026-07-09T03:05:02.596-0500] {dag.py:3089} INFO - Sync 1 DAGs
[2026-07-09T03:05:02.614-0500] {logging_mixin.py:188} INFO - [2026-07-09T03:05:02.614-0500] {dag.py:3947} INFO - Setting next_dagrun for aerotrack_travel_catalogo_vuelos to 2026-07-09 00:00:00+00:00, run_after=2026-07-10 00:00:00+00:00
[2026-07-09T03:05:02.630-0500] {processor.py:183} INFO - Processing /opt/airflow/dags/dag_generar_catalogo_vuelos.py took 0.528 seconds
[2026-07-09T03:05:33.568-0500] {processor.py:161} INFO - Started process (PID=14644) to work on /opt/airflow/dags/dag_generar_catalogo_vuelos.py
[2026-07-09T03:05:33.569-0500] {processor.py:830} INFO - Processing file /opt/airflow/dags/dag_generar_catalogo_vuelos.py for tasks to queue
[2026-07-09T03:05:33.570-0500] {logging_mixin.py:188} INFO - [2026-07-09T03:05:33.570-0500] {dagbag.py:545} INFO - Filling up the DagBag from /opt/airflow/dags/dag_generar_catalogo_vuelos.py
[2026-07-09T03:05:34.028-0500] {processor.py:840} INFO - DAG(s) 'aerotrack_travel_catalogo_vuelos' retrieved from /opt/airflow/dags/dag_generar_catalogo_vuelos.py
[2026-07-09T03:05:34.067-0500] {logging_mixin.py:188} INFO - [2026-07-09T03:05:34.066-0500] {dag.py:3089} INFO - Sync 1 DAGs
[2026-07-09T03:05:34.086-0500] {logging_mixin.py:188} INFO - [2026-07-09T03:05:34.086-0500] {dag.py:3947} INFO - Setting next_dagrun for aerotrack_travel_catalogo_vuelos to 2026-07-09 00:00:00+00:00, run_after=2026-07-10 00:00:00+00:00
[2026-07-09T03:05:34.108-0500] {processor.py:183} INFO - Processing /opt/airflow/dags/dag_generar_catalogo_vuelos.py took 0.544 seconds
[2026-07-09T03:06:04.505-0500] {processor.py:161} INFO - Started process (PID=14671) to work on /opt/airflow/dags/dag_generar_catalogo_vuelos.py
[2026-07-09T03:06:04.506-0500] {processor.py:830} INFO - Processing file /opt/airflow/dags/dag_generar_catalogo_vuelos.py for tasks to queue
[2026-07-09T03:06:04.507-0500] {logging_mixin.py:188} INFO - [2026-07-09T03:06:04.507-0500] {dagbag.py:545} INFO - Filling up the DagBag from /opt/airflow/dags/dag_generar_catalogo_vuelos.py
[2026-07-09T03:06:04.947-0500] {processor.py:840} INFO - DAG(s) 'aerotrack_travel_catalogo_vuelos' retrieved from /opt/airflow/dags/dag_generar_catalogo_vuelos.py
[2026-07-09T03:06:04.982-0500] {logging_mixin.py:188} INFO - [2026-07-09T03:06:04.982-0500] {dag.py:3089} INFO - Sync 1 DAGs
[2026-07-09T03:06:05.002-0500] {logging_mixin.py:188} INFO - [2026-07-09T03:06:05.002-0500] {dag.py:3947} INFO - Setting next_dagrun for aerotrack_travel_catalogo_vuelos to 2026-07-09 00:00:00+00:00, run_after=2026-07-10 00:00:00+00:00
[2026-07-09T03:06:05.019-0500] {processor.py:183} INFO - Processing /opt/airflow/dags/dag_generar_catalogo_vuelos.py took 0.519 seconds
[2026-07-09T03:06:35.320-0500] {processor.py:161} INFO - Started process (PID=14698) to work on /opt/airflow/dags/dag_generar_catalogo_vuelos.py
[2026-07-09T03:06:35.321-0500] {processor.py:830} INFO - Processing file /opt/airflow/dags/dag_generar_catalogo_vuelos.py for tasks to queue
[2026-07-09T03:06:35.323-0500] {logging_mixin.py:188} INFO - [2026-07-09T03:06:35.322-0500] {dagbag.py:545} INFO - Filling up the DagBag from /opt/airflow/dags/dag_generar_catalogo_vuelos.py
[2026-07-09T03:06:35.738-0500] {processor.py:840} INFO - DAG(s) 'aerotrack_travel_catalogo_vuelos' retrieved from /opt/airflow/dags/dag_generar_catalogo_vuelos.py
[2026-07-09T03:06:35.770-0500] {logging_mixin.py:188} INFO - [2026-07-09T03:06:35.770-0500] {dag.py:3089} INFO - Sync 1 DAGs
[2026-07-09T03:06:35.789-0500] {logging_mixin.py:188} INFO - [2026-07-09T03:06:35.788-0500] {dag.py:3947} INFO - Setting next_dagrun for aerotrack_travel_catalogo_vuelos to 2026-07-09 00:00:00+00:00, run_after=2026-07-10 00:00:00+00:00
[2026-07-09T03:06:35.804-0500] {processor.py:183} INFO - Processing /opt/airflow/dags/dag_generar_catalogo_vuelos.py took 0.489 seconds
[2026-07-09T03:07:06.324-0500] {processor.py:161} INFO - Started process (PID=14725) to work on /opt/airflow/dags/dag_generar_catalogo_vuelos.py
[2026-07-09T03:07:06.326-0500] {processor.py:830} INFO - Processing file /opt/airflow/dags/dag_generar_catalogo_vuelos.py for tasks to queue
[2026-07-09T03:07:06.330-0500] {logging_mixin.py:188} INFO - [2026-07-09T03:07:06.330-0500] {dagbag.py:545} INFO - Filling up the DagBag from /opt/airflow/dags/dag_generar_catalogo_vuelos.py
[2026-07-09T03:07:06.811-0500] {processor.py:840} INFO - DAG(s) 'aerotrack_travel_catalogo_vuelos' retrieved from /opt/airflow/dags/dag_generar_catalogo_vuelos.py
[2026-07-09T03:07:06.848-0500] {logging_mixin.py:188} INFO - [2026-07-09T03:07:06.848-0500] {dag.py:3089} INFO - Sync 1 DAGs
[2026-07-09T03:07:06.867-0500] {logging_mixin.py:188} INFO - [2026-07-09T03:07:06.867-0500] {dag.py:3947} INFO - Setting next_dagrun for aerotrack_travel_catalogo_vuelos to 2026-07-09 00:00:00+00:00, run_after=2026-07-10 00:00:00+00:00
[2026-07-09T03:07:06.883-0500] {processor.py:183} INFO - Processing /opt/airflow/dags/dag_generar_catalogo_vuelos.py took 0.565 seconds
[2026-07-09T03:07:37.648-0500] {processor.py:161} INFO - Started process (PID=14752) to work on /opt/airflow/dags/dag_generar_catalogo_vuelos.py
[2026-07-09T03:07:37.649-0500] {processor.py:830} INFO - Processing file /opt/airflow/dags/dag_generar_catalogo_vuelos.py for tasks to queue
[2026-07-09T03:07:37.651-0500] {logging_mixin.py:188} INFO - [2026-07-09T03:07:37.651-0500] {dagbag.py:545} INFO - Filling up the DagBag from /opt/airflow/dags/dag_generar_catalogo_vuelos.py
[2026-07-09T03:07:38.056-0500] {processor.py:840} INFO - DAG(s) 'aerotrack_travel_catalogo_vuelos' retrieved from /opt/airflow/dags/dag_generar_catalogo_vuelos.py
[2026-07-09T03:07:38.087-0500] {logging_mixin.py:188} INFO - [2026-07-09T03:07:38.087-0500] {dag.py:3089} INFO - Sync 1 DAGs
[2026-07-09T03:07:38.104-0500] {logging_mixin.py:188} INFO - [2026-07-09T03:07:38.104-0500] {dag.py:3947} INFO - Setting next_dagrun for aerotrack_travel_catalogo_vuelos to 2026-07-09 00:00:00+00:00, run_after=2026-07-10 00:00:00+00:00
[2026-07-09T03:07:38.120-0500] {processor.py:183} INFO - Processing /opt/airflow/dags/dag_generar_catalogo_vuelos.py took 0.477 seconds
[2026-07-09T03:08:08.554-0500] {processor.py:161} INFO - Started process (PID=14779) to work on /opt/airflow/dags/dag_generar_catalogo_vuelos.py
[2026-07-09T03:08:08.554-0500] {processor.py:830} INFO - Processing file /opt/airflow/dags/dag_generar_catalogo_vuelos.py for tasks to queue
[2026-07-09T03:08:08.556-0500] {logging_mixin.py:188} INFO - [2026-07-09T03:08:08.556-0500] {dagbag.py:545} INFO - Filling up the DagBag from /opt/airflow/dags/dag_generar_catalogo_vuelos.py
[2026-07-09T03:08:08.969-0500] {processor.py:840} INFO - DAG(s) 'aerotrack_travel_catalogo_vuelos' retrieved from /opt/airflow/dags/dag_generar_catalogo_vuelos.py
[2026-07-09T03:08:08.997-0500] {logging_mixin.py:188} INFO - [2026-07-09T03:08:08.997-0500] {dag.py:3089} INFO - Sync 1 DAGs
[2026-07-09T03:08:09.015-0500] {logging_mixin.py:188} INFO - [2026-07-09T03:08:09.015-0500] {dag.py:3947} INFO - Setting next_dagrun for aerotrack_travel_catalogo_vuelos to 2026-07-09 00:00:00+00:00, run_after=2026-07-10 00:00:00+00:00
[2026-07-09T03:08:09.033-0500] {processor.py:183} INFO - Processing /opt/airflow/dags/dag_generar_catalogo_vuelos.py took 0.484 seconds
[2026-07-09T03:08:39.873-0500] {processor.py:161} INFO - Started process (PID=14806) to work on /opt/airflow/dags/dag_generar_catalogo_vuelos.py
[2026-07-09T03:08:39.874-0500] {processor.py:830} INFO - Processing file /opt/airflow/dags/dag_generar_catalogo_vuelos.py for tasks to queue
[2026-07-09T03:08:39.875-0500] {logging_mixin.py:188} INFO - [2026-07-09T03:08:39.875-0500] {dagbag.py:545} INFO - Filling up the DagBag from /opt/airflow/dags/dag_generar_catalogo_vuelos.py
[2026-07-09T03:08:40.294-0500] {processor.py:840} INFO - DAG(s) 'aerotrack_travel_catalogo_vuelos' retrieved from /opt/airflow/dags/dag_generar_catalogo_vuelos.py
[2026-07-09T03:08:40.327-0500] {logging_mixin.py:188} INFO - [2026-07-09T03:08:40.327-0500] {dag.py:3089} INFO - Sync 1 DAGs
[2026-07-09T03:08:40.345-0500] {logging_mixin.py:188} INFO - [2026-07-09T03:08:40.345-0500] {dag.py:3947} INFO - Setting next_dagrun for aerotrack_travel_catalogo_vuelos to 2026-07-09 00:00:00+00:00, run_after=2026-07-10 00:00:00+00:00
[2026-07-09T03:08:40.361-0500] {processor.py:183} INFO - Processing /opt/airflow/dags/dag_generar_catalogo_vuelos.py took 0.492 seconds
[2026-07-09T03:09:11.165-0500] {processor.py:161} INFO - Started process (PID=14833) to work on /opt/airflow/dags/dag_generar_catalogo_vuelos.py
[2026-07-09T03:09:11.165-0500] {processor.py:830} INFO - Processing file /opt/airflow/dags/dag_generar_catalogo_vuelos.py for tasks to queue
[2026-07-09T03:09:11.167-0500] {logging_mixin.py:188} INFO - [2026-07-09T03:09:11.167-0500] {dagbag.py:545} INFO - Filling up the DagBag from /opt/airflow/dags/dag_generar_catalogo_vuelos.py
[2026-07-09T03:09:11.583-0500] {processor.py:840} INFO - DAG(s) 'aerotrack_travel_catalogo_vuelos' retrieved from /opt/airflow/dags/dag_generar_catalogo_vuelos.py
[2026-07-09T03:09:11.619-0500] {logging_mixin.py:188} INFO - [2026-07-09T03:09:11.619-0500] {dag.py:3089} INFO - Sync 1 DAGs
[2026-07-09T03:09:11.638-0500] {logging_mixin.py:188} INFO - [2026-07-09T03:09:11.638-0500] {dag.py:3947} INFO - Setting next_dagrun for aerotrack_travel_catalogo_vuelos to 2026-07-09 00:00:00+00:00, run_after=2026-07-10 00:00:00+00:00
[2026-07-09T03:09:11.655-0500] {processor.py:183} INFO - Processing /opt/airflow/dags/dag_generar_catalogo_vuelos.py took 0.495 seconds
[2026-07-09T03:09:42.476-0500] {processor.py:161} INFO - Started process (PID=14860) to work on /opt/airflow/dags/dag_generar_catalogo_vuelos.py
[2026-07-09T03:09:42.478-0500] {processor.py:830} INFO - Processing file /opt/airflow/dags/dag_generar_catalogo_vuelos.py for tasks to queue
[2026-07-09T03:09:42.480-0500] {logging_mixin.py:188} INFO - [2026-07-09T03:09:42.480-0500] {dagbag.py:545} INFO - Filling up the DagBag from /opt/airflow/dags/dag_generar_catalogo_vuelos.py
[2026-07-09T03:09:42.910-0500] {processor.py:840} INFO - DAG(s) 'aerotrack_travel_catalogo_vuelos' retrieved from /opt/airflow/dags/dag_generar_catalogo_vuelos.py
[2026-07-09T03:09:42.942-0500] {logging_mixin.py:188} INFO - [2026-07-09T03:09:42.942-0500] {dag.py:3089} INFO - Sync 1 DAGs
[2026-07-09T03:09:42.961-0500] {logging_mixin.py:188} INFO - [2026-07-09T03:09:42.960-0500] {dag.py:3947} INFO - Setting next_dagrun for aerotrack_travel_catalogo_vuelos to 2026-07-09 00:00:00+00:00, run_after=2026-07-10 00:00:00+00:00
[2026-07-09T03:09:42.975-0500] {processor.py:183} INFO - Processing /opt/airflow/dags/dag_generar_catalogo_vuelos.py took 0.504 seconds
[2026-07-09T03:10:13.304-0500] {processor.py:161} INFO - Started process (PID=14887) to work on /opt/airflow/dags/dag_generar_catalogo_vuelos.py
[2026-07-09T03:10:13.304-0500] {processor.py:830} INFO - Processing file /opt/airflow/dags/dag_generar_catalogo_vuelos.py for tasks to queue
[2026-07-09T03:10:13.307-0500] {logging_mixin.py:188} INFO - [2026-07-09T03:10:13.306-0500] {dagbag.py:545} INFO - Filling up the DagBag from /opt/airflow/dags/dag_generar_catalogo_vuelos.py
[2026-07-09T03:10:13.724-0500] {processor.py:840} INFO - DAG(s) 'aerotrack_travel_catalogo_vuelos' retrieved from /opt/airflow/dags/dag_generar_catalogo_vuelos.py
[2026-07-09T03:10:13.756-0500] {logging_mixin.py:188} INFO - [2026-07-09T03:10:13.756-0500] {dag.py:3089} INFO - Sync 1 DAGs
[2026-07-09T03:10:13.775-0500] {logging_mixin.py:188} INFO - [2026-07-09T03:10:13.775-0500] {dag.py:3947} INFO - Setting next_dagrun for aerotrack_travel_catalogo_vuelos to 2026-07-09 00:00:00+00:00, run_after=2026-07-10 00:00:00+00:00
[2026-07-09T03:10:13.793-0500] {processor.py:183} INFO - Processing /opt/airflow/dags/dag_generar_catalogo_vuelos.py took 0.494 seconds
[2026-07-09T03:10:44.277-0500] {processor.py:161} INFO - Started process (PID=14914) to work on /opt/airflow/dags/dag_generar_catalogo_vuelos.py
[2026-07-09T03:10:44.278-0500] {processor.py:830} INFO - Processing file /opt/airflow/dags/dag_generar_catalogo_vuelos.py for tasks to queue
[2026-07-09T03:10:44.280-0500] {logging_mixin.py:188} INFO - [2026-07-09T03:10:44.280-0500] {dagbag.py:545} INFO - Filling up the DagBag from /opt/airflow/dags/dag_generar_catalogo_vuelos.py
[2026-07-09T03:10:44.728-0500] {processor.py:840} INFO - DAG(s) 'aerotrack_travel_catalogo_vuelos' retrieved from /opt/airflow/dags/dag_generar_catalogo_vuelos.py
[2026-07-09T03:10:44.760-0500] {logging_mixin.py:188} INFO - [2026-07-09T03:10:44.760-0500] {dag.py:3089} INFO - Sync 1 DAGs
[2026-07-09T03:10:44.779-0500] {logging_mixin.py:188} INFO - [2026-07-09T03:10:44.779-0500] {dag.py:3947} INFO - Setting next_dagrun for aerotrack_travel_catalogo_vuelos to 2026-07-09 00:00:00+00:00, run_after=2026-07-10 00:00:00+00:00
[2026-07-09T03:10:44.993-0500] {processor.py:183} INFO - Processing /opt/airflow/dags/dag_generar_catalogo_vuelos.py took 0.721 seconds
[2026-07-09T03:11:15.431-0500] {processor.py:161} INFO - Started process (PID=14941) to work on /opt/airflow/dags/dag_generar_catalogo_vuelos.py
[2026-07-09T03:11:15.432-0500] {processor.py:830} INFO - Processing file /opt/airflow/dags/dag_generar_catalogo_vuelos.py for tasks to queue
[2026-07-09T03:11:15.434-0500] {logging_mixin.py:188} INFO - [2026-07-09T03:11:15.434-0500] {dagbag.py:545} INFO - Filling up the DagBag from /opt/airflow/dags/dag_generar_catalogo_vuelos.py
[2026-07-09T03:11:15.901-0500] {processor.py:840} INFO - DAG(s) 'aerotrack_travel_catalogo_vuelos' retrieved from /opt/airflow/dags/dag_generar_catalogo_vuelos.py
[2026-07-09T03:11:15.936-0500] {logging_mixin.py:188} INFO - [2026-07-09T03:11:15.936-0500] {dag.py:3089} INFO - Sync 1 DAGs
[2026-07-09T03:11:15.956-0500] {logging_mixin.py:188} INFO - [2026-07-09T03:11:15.955-0500] {dag.py:3947} INFO - Setting next_dagrun for aerotrack_travel_catalogo_vuelos to 2026-07-09 00:00:00+00:00, run_after=2026-07-10 00:00:00+00:00
[2026-07-09T03:11:15.973-0500] {processor.py:183} INFO - Processing /opt/airflow/dags/dag_generar_catalogo_vuelos.py took 0.547 seconds
[2026-07-09T03:11:46.560-0500] {processor.py:161} INFO - Started process (PID=14968) to work on /opt/airflow/dags/dag_generar_catalogo_vuelos.py
[2026-07-09T03:11:46.561-0500] {processor.py:830} INFO - Processing file /opt/airflow/dags/dag_generar_catalogo_vuelos.py for tasks to queue
[2026-07-09T03:11:46.563-0500] {logging_mixin.py:188} INFO - [2026-07-09T03:11:46.563-0500] {dagbag.py:545} INFO - Filling up the DagBag from /opt/airflow/dags/dag_generar_catalogo_vuelos.py
[2026-07-09T03:11:47.016-0500] {processor.py:840} INFO - DAG(s) 'aerotrack_travel_catalogo_vuelos' retrieved from /opt/airflow/dags/dag_generar_catalogo_vuelos.py
[2026-07-09T03:11:47.053-0500] {logging_mixin.py:188} INFO - [2026-07-09T03:11:47.053-0500] {dag.py:3089} INFO - Sync 1 DAGs
[2026-07-09T03:11:47.070-0500] {logging_mixin.py:188} INFO - [2026-07-09T03:11:47.070-0500] {dag.py:3947} INFO - Setting next_dagrun for aerotrack_travel_catalogo_vuelos to 2026-07-09 00:00:00+00:00, run_after=2026-07-10 00:00:00+00:00
[2026-07-09T03:11:47.084-0500] {processor.py:183} INFO - Processing /opt/airflow/dags/dag_generar_catalogo_vuelos.py took 0.531 seconds
[2026-07-09T03:12:17.887-0500] {processor.py:161} INFO - Started process (PID=14995) to work on /opt/airflow/dags/dag_generar_catalogo_vuelos.py
[2026-07-09T03:12:17.888-0500] {processor.py:830} INFO - Processing file /opt/airflow/dags/dag_generar_catalogo_vuelos.py for tasks to queue
[2026-07-09T03:12:17.890-0500] {logging_mixin.py:188} INFO - [2026-07-09T03:12:17.890-0500] {dagbag.py:545} INFO - Filling up the DagBag from /opt/airflow/dags/dag_generar_catalogo_vuelos.py
[2026-07-09T03:12:18.349-0500] {processor.py:840} INFO - DAG(s) 'aerotrack_travel_catalogo_vuelos' retrieved from /opt/airflow/dags/dag_generar_catalogo_vuelos.py
[2026-07-09T03:12:18.388-0500] {logging_mixin.py:188} INFO - [2026-07-09T03:12:18.387-0500] {dag.py:3089} INFO - Sync 1 DAGs
[2026-07-09T03:12:18.410-0500] {logging_mixin.py:188} INFO - [2026-07-09T03:12:18.410-0500] {dag.py:3947} INFO - Setting next_dagrun for aerotrack_travel_catalogo_vuelos to 2026-07-09 00:00:00+00:00, run_after=2026-07-10 00:00:00+00:00
[2026-07-09T03:12:18.428-0500] {processor.py:183} INFO - Processing /opt/airflow/dags/dag_generar_catalogo_vuelos.py took 0.547 seconds
[2026-07-09T03:12:48.871-0500] {processor.py:161} INFO - Started process (PID=15022) to work on /opt/airflow/dags/dag_generar_catalogo_vuelos.py
[2026-07-09T03:12:48.872-0500] {processor.py:830} INFO - Processing file /opt/airflow/dags/dag_generar_catalogo_vuelos.py for tasks to queue
[2026-07-09T03:12:48.873-0500] {logging_mixin.py:188} INFO - [2026-07-09T03:12:48.873-0500] {dagbag.py:545} INFO - Filling up the DagBag from /opt/airflow/dags/dag_generar_catalogo_vuelos.py
[2026-07-09T03:12:49.350-0500] {processor.py:840} INFO - DAG(s) 'aerotrack_travel_catalogo_vuelos' retrieved from /opt/airflow/dags/dag_generar_catalogo_vuelos.py
[2026-07-09T03:12:49.385-0500] {logging_mixin.py:188} INFO - [2026-07-09T03:12:49.385-0500] {dag.py:3089} INFO - Sync 1 DAGs
[2026-07-09T03:12:49.407-0500] {logging_mixin.py:188} INFO - [2026-07-09T03:12:49.407-0500] {dag.py:3947} INFO - Setting next_dagrun for aerotrack_travel_catalogo_vuelos to 2026-07-09 00:00:00+00:00, run_after=2026-07-10 00:00:00+00:00
[2026-07-09T03:12:49.571-0500] {processor.py:183} INFO - Processing /opt/airflow/dags/dag_generar_catalogo_vuelos.py took 0.705 seconds
[2026-07-09T03:13:19.877-0500] {processor.py:161} INFO - Started process (PID=15049) to work on /opt/airflow/dags/dag_generar_catalogo_vuelos.py
[2026-07-09T03:13:19.877-0500] {processor.py:830} INFO - Processing file /opt/airflow/dags/dag_generar_catalogo_vuelos.py for tasks to queue
[2026-07-09T03:13:19.879-0500] {logging_mixin.py:188} INFO - [2026-07-09T03:13:19.879-0500] {dagbag.py:545} INFO - Filling up the DagBag from /opt/airflow/dags/dag_generar_catalogo_vuelos.py
[2026-07-09T03:13:20.347-0500] {processor.py:840} INFO - DAG(s) 'aerotrack_travel_catalogo_vuelos' retrieved from /opt/airflow/dags/dag_generar_catalogo_vuelos.py
[2026-07-09T03:13:20.382-0500] {logging_mixin.py:188} INFO - [2026-07-09T03:13:20.381-0500] {dag.py:3089} INFO - Sync 1 DAGs
[2026-07-09T03:13:20.398-0500] {logging_mixin.py:188} INFO - [2026-07-09T03:13:20.398-0500] {dag.py:3947} INFO - Setting next_dagrun for aerotrack_travel_catalogo_vuelos to 2026-07-09 00:00:00+00:00, run_after=2026-07-10 00:00:00+00:00
[2026-07-09T03:13:20.413-0500] {processor.py:183} INFO - Processing /opt/airflow/dags/dag_generar_catalogo_vuelos.py took 0.541 seconds
[2026-07-09T03:13:50.729-0500] {processor.py:161} INFO - Started process (PID=15076) to work on /opt/airflow/dags/dag_generar_catalogo_vuelos.py
[2026-07-09T03:13:50.730-0500] {processor.py:830} INFO - Processing file /opt/airflow/dags/dag_generar_catalogo_vuelos.py for tasks to queue
[2026-07-09T03:13:50.731-0500] {logging_mixin.py:188} INFO - [2026-07-09T03:13:50.731-0500] {dagbag.py:545} INFO - Filling up the DagBag from /opt/airflow/dags/dag_generar_catalogo_vuelos.py
[2026-07-09T03:13:51.192-0500] {processor.py:840} INFO - DAG(s) 'aerotrack_travel_catalogo_vuelos' retrieved from /opt/airflow/dags/dag_generar_catalogo_vuelos.py
[2026-07-09T03:13:51.225-0500] {logging_mixin.py:188} INFO - [2026-07-09T03:13:51.225-0500] {dag.py:3089} INFO - Sync 1 DAGs
[2026-07-09T03:13:51.244-0500] {logging_mixin.py:188} INFO - [2026-07-09T03:13:51.244-0500] {dag.py:3947} INFO - Setting next_dagrun for aerotrack_travel_catalogo_vuelos to 2026-07-09 00:00:00+00:00, run_after=2026-07-10 00:00:00+00:00
[2026-07-09T03:13:51.258-0500] {processor.py:183} INFO - Processing /opt/airflow/dags/dag_generar_catalogo_vuelos.py took 0.534 seconds
[2026-07-09T03:14:22.156-0500] {processor.py:161} INFO - Started process (PID=15103) to work on /opt/airflow/dags/dag_generar_catalogo_vuelos.py
[2026-07-09T03:14:22.157-0500] {processor.py:830} INFO - Processing file /opt/airflow/dags/dag_generar_catalogo_vuelos.py for tasks to queue
[2026-07-09T03:14:22.158-0500] {logging_mixin.py:188} INFO - [2026-07-09T03:14:22.158-0500] {dagbag.py:545} INFO - Filling up the DagBag from /opt/airflow/dags/dag_generar_catalogo_vuelos.py
[2026-07-09T03:14:22.600-0500] {processor.py:840} INFO - DAG(s) 'aerotrack_travel_catalogo_vuelos' retrieved from /opt/airflow/dags/dag_generar_catalogo_vuelos.py
[2026-07-09T03:14:22.632-0500] {logging_mixin.py:188} INFO - [2026-07-09T03:14:22.632-0500] {dag.py:3089} INFO - Sync 1 DAGs
[2026-07-09T03:14:22.652-0500] {logging_mixin.py:188} INFO - [2026-07-09T03:14:22.651-0500] {dag.py:3947} INFO - Setting next_dagrun for aerotrack_travel_catalogo_vuelos to 2026-07-09 00:00:00+00:00, run_after=2026-07-10 00:00:00+00:00
[2026-07-09T03:14:22.668-0500] {processor.py:183} INFO - Processing /opt/airflow/dags/dag_generar_catalogo_vuelos.py took 0.517 seconds
[2026-07-09T03:14:53.477-0500] {processor.py:161} INFO - Started process (PID=15130) to work on /opt/airflow/dags/dag_generar_catalogo_vuelos.py
[2026-07-09T03:14:53.479-0500] {processor.py:830} INFO - Processing file /opt/airflow/dags/dag_generar_catalogo_vuelos.py for tasks to queue
[2026-07-09T03:14:53.481-0500] {logging_mixin.py:188} INFO - [2026-07-09T03:14:53.481-0500] {dagbag.py:545} INFO - Filling up the DagBag from /opt/airflow/dags/dag_generar_catalogo_vuelos.py
[2026-07-09T03:14:53.953-0500] {processor.py:840} INFO - DAG(s) 'aerotrack_travel_catalogo_vuelos' retrieved from /opt/airflow/dags/dag_generar_catalogo_vuelos.py
[2026-07-09T03:14:53.992-0500] {logging_mixin.py:188} INFO - [2026-07-09T03:14:53.992-0500] {dag.py:3089} INFO - Sync 1 DAGs
[2026-07-09T03:14:54.017-0500] {logging_mixin.py:188} INFO - [2026-07-09T03:14:54.017-0500] {dag.py:3947} INFO - Setting next_dagrun for aerotrack_travel_catalogo_vuelos to 2026-07-09 00:00:00+00:00, run_after=2026-07-10 00:00:00+00:00
[2026-07-09T03:14:54.202-0500] {processor.py:183} INFO - Processing /opt/airflow/dags/dag_generar_catalogo_vuelos.py took 0.731 seconds
[2026-07-09T03:15:24.788-0500] {processor.py:161} INFO - Started process (PID=15157) to work on /opt/airflow/dags/dag_generar_catalogo_vuelos.py
[2026-07-09T03:15:24.789-0500] {processor.py:830} INFO - Processing file /opt/airflow/dags/dag_generar_catalogo_vuelos.py for tasks to queue
[2026-07-09T03:15:24.791-0500] {logging_mixin.py:188} INFO - [2026-07-09T03:15:24.790-0500] {dagbag.py:545} INFO - Filling up the DagBag from /opt/airflow/dags/dag_generar_catalogo_vuelos.py
[2026-07-09T03:15:25.256-0500] {processor.py:840} INFO - DAG(s) 'aerotrack_travel_catalogo_vuelos' retrieved from /opt/airflow/dags/dag_generar_catalogo_vuelos.py
[2026-07-09T03:15:25.289-0500] {logging_mixin.py:188} INFO - [2026-07-09T03:15:25.289-0500] {dag.py:3089} INFO - Sync 1 DAGs
[2026-07-09T03:15:25.308-0500] {logging_mixin.py:188} INFO - [2026-07-09T03:15:25.308-0500] {dag.py:3947} INFO - Setting next_dagrun for aerotrack_travel_catalogo_vuelos to 2026-07-09 00:00:00+00:00, run_after=2026-07-10 00:00:00+00:00
[2026-07-09T03:15:25.322-0500] {processor.py:183} INFO - Processing /opt/airflow/dags/dag_generar_catalogo_vuelos.py took 0.539 seconds
[2026-07-09T03:15:55.641-0500] {processor.py:161} INFO - Started process (PID=15184) to work on /opt/airflow/dags/dag_generar_catalogo_vuelos.py
[2026-07-09T03:15:55.642-0500] {processor.py:830} INFO - Processing file /opt/airflow/dags/dag_generar_catalogo_vuelos.py for tasks to queue
[2026-07-09T03:15:55.643-0500] {logging_mixin.py:188} INFO - [2026-07-09T03:15:55.643-0500] {dagbag.py:545} INFO - Filling up the DagBag from /opt/airflow/dags/dag_generar_catalogo_vuelos.py
[2026-07-09T03:15:56.146-0500] {processor.py:840} INFO - DAG(s) 'aerotrack_travel_catalogo_vuelos' retrieved from /opt/airflow/dags/dag_generar_catalogo_vuelos.py
[2026-07-09T03:15:56.185-0500] {logging_mixin.py:188} INFO - [2026-07-09T03:15:56.185-0500] {dag.py:3089} INFO - Sync 1 DAGs
[2026-07-09T03:15:56.205-0500] {logging_mixin.py:188} INFO - [2026-07-09T03:15:56.205-0500] {dag.py:3947} INFO - Setting next_dagrun for aerotrack_travel_catalogo_vuelos to 2026-07-09 00:00:00+00:00, run_after=2026-07-10 00:00:00+00:00
[2026-07-09T03:15:56.221-0500] {processor.py:183} INFO - Processing /opt/airflow/dags/dag_generar_catalogo_vuelos.py took 0.585 seconds
[2026-07-09T03:16:26.700-0500] {processor.py:161} INFO - Started process (PID=15211) to work on /opt/airflow/dags/dag_generar_catalogo_vuelos.py
[2026-07-09T03:16:26.701-0500] {processor.py:830} INFO - Processing file /opt/airflow/dags/dag_generar_catalogo_vuelos.py for tasks to queue
[2026-07-09T03:16:26.702-0500] {logging_mixin.py:188} INFO - [2026-07-09T03:16:26.702-0500] {dagbag.py:545} INFO - Filling up the DagBag from /opt/airflow/dags/dag_generar_catalogo_vuelos.py
[2026-07-09T03:16:27.172-0500] {processor.py:840} INFO - DAG(s) 'aerotrack_travel_catalogo_vuelos' retrieved from /opt/airflow/dags/dag_generar_catalogo_vuelos.py
[2026-07-09T03:16:27.207-0500] {logging_mixin.py:188} INFO - [2026-07-09T03:16:27.206-0500] {dag.py:3089} INFO - Sync 1 DAGs
[2026-07-09T03:16:27.229-0500] {logging_mixin.py:188} INFO - [2026-07-09T03:16:27.229-0500] {dag.py:3947} INFO - Setting next_dagrun for aerotrack_travel_catalogo_vuelos to 2026-07-09 00:00:00+00:00, run_after=2026-07-10 00:00:00+00:00
[2026-07-09T03:16:27.245-0500] {processor.py:183} INFO - Processing /opt/airflow/dags/dag_generar_catalogo_vuelos.py took 0.551 seconds
[2026-07-09T03:16:58.005-0500] {processor.py:161} INFO - Started process (PID=15238) to work on /opt/airflow/dags/dag_generar_catalogo_vuelos.py
[2026-07-09T03:16:58.006-0500] {processor.py:830} INFO - Processing file /opt/airflow/dags/dag_generar_catalogo_vuelos.py for tasks to queue
[2026-07-09T03:16:58.007-0500] {logging_mixin.py:188} INFO - [2026-07-09T03:16:58.007-0500] {dagbag.py:545} INFO - Filling up the DagBag from /opt/airflow/dags/dag_generar_catalogo_vuelos.py
[2026-07-09T03:16:58.473-0500] {processor.py:840} INFO - DAG(s) 'aerotrack_travel_catalogo_vuelos' retrieved from /opt/airflow/dags/dag_generar_catalogo_vuelos.py
[2026-07-09T03:16:58.505-0500] {logging_mixin.py:188} INFO - [2026-07-09T03:16:58.505-0500] {dag.py:3089} INFO - Sync 1 DAGs
[2026-07-09T03:16:58.526-0500] {logging_mixin.py:188} INFO - [2026-07-09T03:16:58.526-0500] {dag.py:3947} INFO - Setting next_dagrun for aerotrack_travel_catalogo_vuelos to 2026-07-09 00:00:00+00:00, run_after=2026-07-10 00:00:00+00:00
[2026-07-09T03:16:58.696-0500] {processor.py:183} INFO - Processing /opt/airflow/dags/dag_generar_catalogo_vuelos.py took 0.696 seconds
[2026-07-09T03:17:29.330-0500] {processor.py:161} INFO - Started process (PID=15265) to work on /opt/airflow/dags/dag_generar_catalogo_vuelos.py
[2026-07-09T03:17:29.331-0500] {processor.py:830} INFO - Processing file /opt/airflow/dags/dag_generar_catalogo_vuelos.py for tasks to queue
[2026-07-09T03:17:29.333-0500] {logging_mixin.py:188} INFO - [2026-07-09T03:17:29.333-0500] {dagbag.py:545} INFO - Filling up the DagBag from /opt/airflow/dags/dag_generar_catalogo_vuelos.py
[2026-07-09T03:17:29.836-0500] {processor.py:840} INFO - DAG(s) 'aerotrack_travel_catalogo_vuelos' retrieved from /opt/airflow/dags/dag_generar_catalogo_vuelos.py
[2026-07-09T03:17:29.879-0500] {logging_mixin.py:188} INFO - [2026-07-09T03:17:29.879-0500] {dag.py:3089} INFO - Sync 1 DAGs
[2026-07-09T03:17:29.901-0500] {logging_mixin.py:188} INFO - [2026-07-09T03:17:29.901-0500] {dag.py:3947} INFO - Setting next_dagrun for aerotrack_travel_catalogo_vuelos to 2026-07-09 00:00:00+00:00, run_after=2026-07-10 00:00:00+00:00
[2026-07-09T03:17:29.920-0500] {processor.py:183} INFO - Processing /opt/airflow/dags/dag_generar_catalogo_vuelos.py took 0.597 seconds
[2026-07-09T03:18:00.229-0500] {processor.py:161} INFO - Started process (PID=15292) to work on /opt/airflow/dags/dag_generar_catalogo_vuelos.py
[2026-07-09T03:18:00.230-0500] {processor.py:830} INFO - Processing file /opt/airflow/dags/dag_generar_catalogo_vuelos.py for tasks to queue
[2026-07-09T03:18:00.231-0500] {logging_mixin.py:188} INFO - [2026-07-09T03:18:00.231-0500] {dagbag.py:545} INFO - Filling up the DagBag from /opt/airflow/dags/dag_generar_catalogo_vuelos.py
[2026-07-09T03:18:00.672-0500] {processor.py:840} INFO - DAG(s) 'aerotrack_travel_catalogo_vuelos' retrieved from /opt/airflow/dags/dag_generar_catalogo_vuelos.py
[2026-07-09T03:18:00.706-0500] {logging_mixin.py:188} INFO - [2026-07-09T03:18:00.705-0500] {dag.py:3089} INFO - Sync 1 DAGs
[2026-07-09T03:18:00.724-0500] {logging_mixin.py:188} INFO - [2026-07-09T03:18:00.724-0500] {dag.py:3947} INFO - Setting next_dagrun for aerotrack_travel_catalogo_vuelos to 2026-07-09 00:00:00+00:00, run_after=2026-07-10 00:00:00+00:00
[2026-07-09T03:18:00.739-0500] {processor.py:183} INFO - Processing /opt/airflow/dags/dag_generar_catalogo_vuelos.py took 0.515 seconds
[2026-07-09T03:18:31.552-0500] {processor.py:161} INFO - Started process (PID=15319) to work on /opt/airflow/dags/dag_generar_catalogo_vuelos.py
[2026-07-09T03:18:31.553-0500] {processor.py:830} INFO - Processing file /opt/airflow/dags/dag_generar_catalogo_vuelos.py for tasks to queue
[2026-07-09T03:18:31.555-0500] {logging_mixin.py:188} INFO - [2026-07-09T03:18:31.555-0500] {dagbag.py:545} INFO - Filling up the DagBag from /opt/airflow/dags/dag_generar_catalogo_vuelos.py
[2026-07-09T03:18:32.002-0500] {processor.py:840} INFO - DAG(s) 'aerotrack_travel_catalogo_vuelos' retrieved from /opt/airflow/dags/dag_generar_catalogo_vuelos.py
[2026-07-09T03:18:32.035-0500] {logging_mixin.py:188} INFO - [2026-07-09T03:18:32.035-0500] {dag.py:3089} INFO - Sync 1 DAGs
[2026-07-09T03:18:32.054-0500] {logging_mixin.py:188} INFO - [2026-07-09T03:18:32.053-0500] {dag.py:3947} INFO - Setting next_dagrun for aerotrack_travel_catalogo_vuelos to 2026-07-09 00:00:00+00:00, run_after=2026-07-10 00:00:00+00:00
[2026-07-09T03:18:32.068-0500] {processor.py:183} INFO - Processing /opt/airflow/dags/dag_generar_catalogo_vuelos.py took 0.520 seconds
[2026-07-09T03:19:02.519-0500] {processor.py:161} INFO - Started process (PID=15346) to work on /opt/airflow/dags/dag_generar_catalogo_vuelos.py
[2026-07-09T03:19:02.520-0500] {processor.py:830} INFO - Processing file /opt/airflow/dags/dag_generar_catalogo_vuelos.py for tasks to queue
[2026-07-09T03:19:02.522-0500] {logging_mixin.py:188} INFO - [2026-07-09T03:19:02.522-0500] {dagbag.py:545} INFO - Filling up the DagBag from /opt/airflow/dags/dag_generar_catalogo_vuelos.py
[2026-07-09T03:19:02.959-0500] {processor.py:840} INFO - DAG(s) 'aerotrack_travel_catalogo_vuelos' retrieved from /opt/airflow/dags/dag_generar_catalogo_vuelos.py
[2026-07-09T03:19:02.993-0500] {logging_mixin.py:188} INFO - [2026-07-09T03:19:02.993-0500] {dag.py:3089} INFO - Sync 1 DAGs
[2026-07-09T03:19:03.012-0500] {logging_mixin.py:188} INFO - [2026-07-09T03:19:03.012-0500] {dag.py:3947} INFO - Setting next_dagrun for aerotrack_travel_catalogo_vuelos to 2026-07-09 00:00:00+00:00, run_after=2026-07-10 00:00:00+00:00
[2026-07-09T03:19:03.175-0500] {processor.py:183} INFO - Processing /opt/airflow/dags/dag_generar_catalogo_vuelos.py took 0.661 seconds
[2026-07-09T03:19:33.833-0500] {processor.py:161} INFO - Started process (PID=15373) to work on /opt/airflow/dags/dag_generar_catalogo_vuelos.py
[2026-07-09T03:19:33.834-0500] {processor.py:830} INFO - Processing file /opt/airflow/dags/dag_generar_catalogo_vuelos.py for tasks to queue
[2026-07-09T03:19:33.836-0500] {logging_mixin.py:188} INFO - [2026-07-09T03:19:33.836-0500] {dagbag.py:545} INFO - Filling up the DagBag from /opt/airflow/dags/dag_generar_catalogo_vuelos.py
[2026-07-09T03:19:34.312-0500] {processor.py:840} INFO - DAG(s) 'aerotrack_travel_catalogo_vuelos' retrieved from /opt/airflow/dags/dag_generar_catalogo_vuelos.py
[2026-07-09T03:19:34.348-0500] {logging_mixin.py:188} INFO - [2026-07-09T03:19:34.348-0500] {dag.py:3089} INFO - Sync 1 DAGs
[2026-07-09T03:19:34.370-0500] {logging_mixin.py:188} INFO - [2026-07-09T03:19:34.370-0500] {dag.py:3947} INFO - Setting next_dagrun for aerotrack_travel_catalogo_vuelos to 2026-07-09 00:00:00+00:00, run_after=2026-07-10 00:00:00+00:00
[2026-07-09T03:19:34.388-0500] {processor.py:183} INFO - Processing /opt/airflow/dags/dag_generar_catalogo_vuelos.py took 0.561 seconds
[2026-07-09T03:20:05.143-0500] {processor.py:161} INFO - Started process (PID=15400) to work on /opt/airflow/dags/dag_generar_catalogo_vuelos.py
[2026-07-09T03:20:05.144-0500] {processor.py:830} INFO - Processing file /opt/airflow/dags/dag_generar_catalogo_vuelos.py for tasks to queue
[2026-07-09T03:20:05.146-0500] {logging_mixin.py:188} INFO - [2026-07-09T03:20:05.145-0500] {dagbag.py:545} INFO - Filling up the DagBag from /opt/airflow/dags/dag_generar_catalogo_vuelos.py
[2026-07-09T03:20:05.628-0500] {processor.py:840} INFO - DAG(s) 'aerotrack_travel_catalogo_vuelos' retrieved from /opt/airflow/dags/dag_generar_catalogo_vuelos.py
[2026-07-09T03:20:05.666-0500] {logging_mixin.py:188} INFO - [2026-07-09T03:20:05.666-0500] {dag.py:3089} INFO - Sync 1 DAGs
[2026-07-09T03:20:05.687-0500] {logging_mixin.py:188} INFO - [2026-07-09T03:20:05.687-0500] {dag.py:3947} INFO - Setting next_dagrun for aerotrack_travel_catalogo_vuelos to 2026-07-09 00:00:00+00:00, run_after=2026-07-10 00:00:00+00:00
[2026-07-09T03:20:05.703-0500] {processor.py:183} INFO - Processing /opt/airflow/dags/dag_generar_catalogo_vuelos.py took 0.564 seconds
[2026-07-09T03:20:36.451-0500] {processor.py:161} INFO - Started process (PID=15427) to work on /opt/airflow/dags/dag_generar_catalogo_vuelos.py
[2026-07-09T03:20:36.452-0500] {processor.py:830} INFO - Processing file /opt/airflow/dags/dag_generar_catalogo_vuelos.py for tasks to queue
[2026-07-09T03:20:36.453-0500] {logging_mixin.py:188} INFO - [2026-07-09T03:20:36.453-0500] {dagbag.py:545} INFO - Filling up the DagBag from /opt/airflow/dags/dag_generar_catalogo_vuelos.py
[2026-07-09T03:20:36.955-0500] {processor.py:840} INFO - DAG(s) 'aerotrack_travel_catalogo_vuelos' retrieved from /opt/airflow/dags/dag_generar_catalogo_vuelos.py
[2026-07-09T03:20:37.013-0500] {logging_mixin.py:188} INFO - [2026-07-09T03:20:37.012-0500] {dag.py:3089} INFO - Sync 1 DAGs
[2026-07-09T03:20:37.062-0500] {logging_mixin.py:188} INFO - [2026-07-09T03:20:37.062-0500] {dag.py:3947} INFO - Setting next_dagrun for aerotrack_travel_catalogo_vuelos to 2026-07-09 00:00:00+00:00, run_after=2026-07-10 00:00:00+00:00
[2026-07-09T03:20:37.086-0500] {processor.py:183} INFO - Processing /opt/airflow/dags/dag_generar_catalogo_vuelos.py took 0.642 seconds
[2026-07-09T03:21:07.529-0500] {processor.py:161} INFO - Started process (PID=15454) to work on /opt/airflow/dags/dag_generar_catalogo_vuelos.py
[2026-07-09T03:21:07.530-0500] {processor.py:830} INFO - Processing file /opt/airflow/dags/dag_generar_catalogo_vuelos.py for tasks to queue
[2026-07-09T03:21:07.532-0500] {logging_mixin.py:188} INFO - [2026-07-09T03:21:07.532-0500] {dagbag.py:545} INFO - Filling up the DagBag from /opt/airflow/dags/dag_generar_catalogo_vuelos.py
[2026-07-09T03:21:07.965-0500] {processor.py:840} INFO - DAG(s) 'aerotrack_travel_catalogo_vuelos' retrieved from /opt/airflow/dags/dag_generar_catalogo_vuelos.py
[2026-07-09T03:21:07.998-0500] {logging_mixin.py:188} INFO - [2026-07-09T03:21:07.998-0500] {dag.py:3089} INFO - Sync 1 DAGs
[2026-07-09T03:21:08.018-0500] {logging_mixin.py:188} INFO - [2026-07-09T03:21:08.018-0500] {dag.py:3947} INFO - Setting next_dagrun for aerotrack_travel_catalogo_vuelos to 2026-07-09 00:00:00+00:00, run_after=2026-07-10 00:00:00+00:00
[2026-07-09T03:21:08.034-0500] {processor.py:183} INFO - Processing /opt/airflow/dags/dag_generar_catalogo_vuelos.py took 0.510 seconds
[2026-07-09T03:21:38.336-0500] {processor.py:161} INFO - Started process (PID=15481) to work on /opt/airflow/dags/dag_generar_catalogo_vuelos.py
[2026-07-09T03:21:38.337-0500] {processor.py:830} INFO - Processing file /opt/airflow/dags/dag_generar_catalogo_vuelos.py for tasks to queue
[2026-07-09T03:21:38.339-0500] {logging_mixin.py:188} INFO - [2026-07-09T03:21:38.339-0500] {dagbag.py:545} INFO - Filling up the DagBag from /opt/airflow/dags/dag_generar_catalogo_vuelos.py
[2026-07-09T03:21:38.798-0500] {processor.py:840} INFO - DAG(s) 'aerotrack_travel_catalogo_vuelos' retrieved from /opt/airflow/dags/dag_generar_catalogo_vuelos.py
[2026-07-09T03:21:38.830-0500] {logging_mixin.py:188} INFO - [2026-07-09T03:21:38.830-0500] {dag.py:3089} INFO - Sync 1 DAGs
[2026-07-09T03:21:38.851-0500] {logging_mixin.py:188} INFO - [2026-07-09T03:21:38.850-0500] {dag.py:3947} INFO - Setting next_dagrun for aerotrack_travel_catalogo_vuelos to 2026-07-09 00:00:00+00:00, run_after=2026-07-10 00:00:00+00:00
[2026-07-09T03:21:38.868-0500] {processor.py:183} INFO - Processing /opt/airflow/dags/dag_generar_catalogo_vuelos.py took 0.536 seconds
[2026-07-09T03:22:09.211-0500] {processor.py:161} INFO - Started process (PID=15508) to work on /opt/airflow/dags/dag_generar_catalogo_vuelos.py
[2026-07-09T03:22:09.213-0500] {processor.py:830} INFO - Processing file /opt/airflow/dags/dag_generar_catalogo_vuelos.py for tasks to queue
[2026-07-09T03:22:09.214-0500] {logging_mixin.py:188} INFO - [2026-07-09T03:22:09.214-0500] {dagbag.py:545} INFO - Filling up the DagBag from /opt/airflow/dags/dag_generar_catalogo_vuelos.py
[2026-07-09T03:22:09.683-0500] {processor.py:840} INFO - DAG(s) 'aerotrack_travel_catalogo_vuelos' retrieved from /opt/airflow/dags/dag_generar_catalogo_vuelos.py
[2026-07-09T03:22:09.719-0500] {logging_mixin.py:188} INFO - [2026-07-09T03:22:09.719-0500] {dag.py:3089} INFO - Sync 1 DAGs
[2026-07-09T03:22:09.740-0500] {logging_mixin.py:188} INFO - [2026-07-09T03:22:09.740-0500] {dag.py:3947} INFO - Setting next_dagrun for aerotrack_travel_catalogo_vuelos to 2026-07-09 00:00:00+00:00, run_after=2026-07-10 00:00:00+00:00
[2026-07-09T03:22:09.757-0500] {processor.py:183} INFO - Processing /opt/airflow/dags/dag_generar_catalogo_vuelos.py took 0.552 seconds
[2026-07-09T03:22:40.537-0500] {processor.py:161} INFO - Started process (PID=15535) to work on /opt/airflow/dags/dag_generar_catalogo_vuelos.py
[2026-07-09T03:22:40.538-0500] {processor.py:830} INFO - Processing file /opt/airflow/dags/dag_generar_catalogo_vuelos.py for tasks to queue
[2026-07-09T03:22:40.540-0500] {logging_mixin.py:188} INFO - [2026-07-09T03:22:40.540-0500] {dagbag.py:545} INFO - Filling up the DagBag from /opt/airflow/dags/dag_generar_catalogo_vuelos.py
[2026-07-09T03:22:40.984-0500] {processor.py:840} INFO - DAG(s) 'aerotrack_travel_catalogo_vuelos' retrieved from /opt/airflow/dags/dag_generar_catalogo_vuelos.py
[2026-07-09T03:22:41.020-0500] {logging_mixin.py:188} INFO - [2026-07-09T03:22:41.019-0500] {dag.py:3089} INFO - Sync 1 DAGs
[2026-07-09T03:22:41.039-0500] {logging_mixin.py:188} INFO - [2026-07-09T03:22:41.038-0500] {dag.py:3947} INFO - Setting next_dagrun for aerotrack_travel_catalogo_vuelos to 2026-07-09 00:00:00+00:00, run_after=2026-07-10 00:00:00+00:00
[2026-07-09T03:22:41.053-0500] {processor.py:183} INFO - Processing /opt/airflow/dags/dag_generar_catalogo_vuelos.py took 0.521 seconds
[2026-07-09T03:23:11.831-0500] {processor.py:161} INFO - Started process (PID=15562) to work on /opt/airflow/dags/dag_generar_catalogo_vuelos.py
[2026-07-09T03:23:11.832-0500] {processor.py:830} INFO - Processing file /opt/airflow/dags/dag_generar_catalogo_vuelos.py for tasks to queue
[2026-07-09T03:23:11.833-0500] {logging_mixin.py:188} INFO - [2026-07-09T03:23:11.833-0500] {dagbag.py:545} INFO - Filling up the DagBag from /opt/airflow/dags/dag_generar_catalogo_vuelos.py
[2026-07-09T03:23:12.261-0500] {processor.py:840} INFO - DAG(s) 'aerotrack_travel_catalogo_vuelos' retrieved from /opt/airflow/dags/dag_generar_catalogo_vuelos.py
[2026-07-09T03:23:12.295-0500] {logging_mixin.py:188} INFO - [2026-07-09T03:23:12.295-0500] {dag.py:3089} INFO - Sync 1 DAGs
[2026-07-09T03:23:12.316-0500] {logging_mixin.py:188} INFO - [2026-07-09T03:23:12.316-0500] {dag.py:3947} INFO - Setting next_dagrun for aerotrack_travel_catalogo_vuelos to 2026-07-09 00:00:00+00:00, run_after=2026-07-10 00:00:00+00:00
[2026-07-09T03:23:12.334-0500] {processor.py:183} INFO - Processing /opt/airflow/dags/dag_generar_catalogo_vuelos.py took 0.507 seconds
[2026-07-09T03:23:43.186-0500] {processor.py:161} INFO - Started process (PID=15589) to work on /opt/airflow/dags/dag_generar_catalogo_vuelos.py
[2026-07-09T03:23:43.187-0500] {processor.py:830} INFO - Processing file /opt/airflow/dags/dag_generar_catalogo_vuelos.py for tasks to queue
[2026-07-09T03:23:43.188-0500] {logging_mixin.py:188} INFO - [2026-07-09T03:23:43.188-0500] {dagbag.py:545} INFO - Filling up the DagBag from /opt/airflow/dags/dag_generar_catalogo_vuelos.py
[2026-07-09T03:23:43.609-0500] {processor.py:840} INFO - DAG(s) 'aerotrack_travel_catalogo_vuelos' retrieved from /opt/airflow/dags/dag_generar_catalogo_vuelos.py
[2026-07-09T03:23:43.637-0500] {logging_mixin.py:188} INFO - [2026-07-09T03:23:43.637-0500] {dag.py:3089} INFO - Sync 1 DAGs
[2026-07-09T03:23:43.655-0500] {logging_mixin.py:188} INFO - [2026-07-09T03:23:43.655-0500] {dag.py:3947} INFO - Setting next_dagrun for aerotrack_travel_catalogo_vuelos to 2026-07-09 00:00:00+00:00, run_after=2026-07-10 00:00:00+00:00
[2026-07-09T03:23:43.758-0500] {processor.py:183} INFO - Processing /opt/airflow/dags/dag_generar_catalogo_vuelos.py took 0.577 seconds
[2026-07-09T03:24:14.479-0500] {processor.py:161} INFO - Started process (PID=15616) to work on /opt/airflow/dags/dag_generar_catalogo_vuelos.py
[2026-07-09T03:24:14.480-0500] {processor.py:830} INFO - Processing file /opt/airflow/dags/dag_generar_catalogo_vuelos.py for tasks to queue
[2026-07-09T03:24:14.483-0500] {logging_mixin.py:188} INFO - [2026-07-09T03:24:14.482-0500] {dagbag.py:545} INFO - Filling up the DagBag from /opt/airflow/dags/dag_generar_catalogo_vuelos.py
[2026-07-09T03:24:14.912-0500] {processor.py:840} INFO - DAG(s) 'aerotrack_travel_catalogo_vuelos' retrieved from /opt/airflow/dags/dag_generar_catalogo_vuelos.py
[2026-07-09T03:24:14.957-0500] {logging_mixin.py:188} INFO - [2026-07-09T03:24:14.956-0500] {dag.py:3089} INFO - Sync 1 DAGs
[2026-07-09T03:24:14.983-0500] {logging_mixin.py:188} INFO - [2026-07-09T03:24:14.982-0500] {dag.py:3947} INFO - Setting next_dagrun for aerotrack_travel_catalogo_vuelos to 2026-07-09 00:00:00+00:00, run_after=2026-07-10 00:00:00+00:00
[2026-07-09T03:24:15.023-0500] {processor.py:183} INFO - Processing /opt/airflow/dags/dag_generar_catalogo_vuelos.py took 0.548 seconds
[2026-07-09T03:24:45.906-0500] {processor.py:161} INFO - Started process (PID=15643) to work on /opt/airflow/dags/dag_generar_catalogo_vuelos.py
[2026-07-09T03:24:45.907-0500] {processor.py:830} INFO - Processing file /opt/airflow/dags/dag_generar_catalogo_vuelos.py for tasks to queue
[2026-07-09T03:24:45.910-0500] {logging_mixin.py:188} INFO - [2026-07-09T03:24:45.909-0500] {dagbag.py:545} INFO - Filling up the DagBag from /opt/airflow/dags/dag_generar_catalogo_vuelos.py
[2026-07-09T03:24:46.361-0500] {processor.py:840} INFO - DAG(s) 'aerotrack_travel_catalogo_vuelos' retrieved from /opt/airflow/dags/dag_generar_catalogo_vuelos.py
[2026-07-09T03:24:46.402-0500] {logging_mixin.py:188} INFO - [2026-07-09T03:24:46.402-0500] {dag.py:3089} INFO - Sync 1 DAGs
[2026-07-09T03:24:46.423-0500] {logging_mixin.py:188} INFO - [2026-07-09T03:24:46.423-0500] {dag.py:3947} INFO - Setting next_dagrun for aerotrack_travel_catalogo_vuelos to 2026-07-09 00:00:00+00:00, run_after=2026-07-10 00:00:00+00:00
[2026-07-09T03:24:46.440-0500] {processor.py:183} INFO - Processing /opt/airflow/dags/dag_generar_catalogo_vuelos.py took 0.539 seconds
[2026-07-09T03:25:16.771-0500] {processor.py:161} INFO - Started process (PID=15670) to work on /opt/airflow/dags/dag_generar_catalogo_vuelos.py
[2026-07-09T03:25:16.772-0500] {processor.py:830} INFO - Processing file /opt/airflow/dags/dag_generar_catalogo_vuelos.py for tasks to queue
[2026-07-09T03:25:16.774-0500] {logging_mixin.py:188} INFO - [2026-07-09T03:25:16.774-0500] {dagbag.py:545} INFO - Filling up the DagBag from /opt/airflow/dags/dag_generar_catalogo_vuelos.py
[2026-07-09T03:25:17.246-0500] {processor.py:840} INFO - DAG(s) 'aerotrack_travel_catalogo_vuelos' retrieved from /opt/airflow/dags/dag_generar_catalogo_vuelos.py
[2026-07-09T03:25:17.283-0500] {logging_mixin.py:188} INFO - [2026-07-09T03:25:17.283-0500] {dag.py:3089} INFO - Sync 1 DAGs
[2026-07-09T03:25:17.305-0500] {logging_mixin.py:188} INFO - [2026-07-09T03:25:17.305-0500] {dag.py:3947} INFO - Setting next_dagrun for aerotrack_travel_catalogo_vuelos to 2026-07-09 00:00:00+00:00, run_after=2026-07-10 00:00:00+00:00
[2026-07-09T03:25:17.322-0500] {processor.py:183} INFO - Processing /opt/airflow/dags/dag_generar_catalogo_vuelos.py took 0.556 seconds
[2026-07-09T03:25:48.068-0500] {processor.py:161} INFO - Started process (PID=15697) to work on /opt/airflow/dags/dag_generar_catalogo_vuelos.py
[2026-07-09T03:25:48.069-0500] {processor.py:830} INFO - Processing file /opt/airflow/dags/dag_generar_catalogo_vuelos.py for tasks to queue
[2026-07-09T03:25:48.071-0500] {logging_mixin.py:188} INFO - [2026-07-09T03:25:48.071-0500] {dagbag.py:545} INFO - Filling up the DagBag from /opt/airflow/dags/dag_generar_catalogo_vuelos.py
[2026-07-09T03:25:48.506-0500] {processor.py:840} INFO - DAG(s) 'aerotrack_travel_catalogo_vuelos' retrieved from /opt/airflow/dags/dag_generar_catalogo_vuelos.py
[2026-07-09T03:25:48.534-0500] {logging_mixin.py:188} INFO - [2026-07-09T03:25:48.534-0500] {dag.py:3089} INFO - Sync 1 DAGs
[2026-07-09T03:25:48.552-0500] {logging_mixin.py:188} INFO - [2026-07-09T03:25:48.552-0500] {dag.py:3947} INFO - Setting next_dagrun for aerotrack_travel_catalogo_vuelos to 2026-07-09 00:00:00+00:00, run_after=2026-07-10 00:00:00+00:00
[2026-07-09T03:25:48.566-0500] {processor.py:183} INFO - Processing /opt/airflow/dags/dag_generar_catalogo_vuelos.py took 0.504 seconds
[2026-07-09T03:26:19.384-0500] {processor.py:161} INFO - Started process (PID=15724) to work on /opt/airflow/dags/dag_generar_catalogo_vuelos.py
[2026-07-09T03:26:19.384-0500] {processor.py:830} INFO - Processing file /opt/airflow/dags/dag_generar_catalogo_vuelos.py for tasks to queue
[2026-07-09T03:26:19.386-0500] {logging_mixin.py:188} INFO - [2026-07-09T03:26:19.386-0500] {dagbag.py:545} INFO - Filling up the DagBag from /opt/airflow/dags/dag_generar_catalogo_vuelos.py
[2026-07-09T03:26:19.811-0500] {processor.py:840} INFO - DAG(s) 'aerotrack_travel_catalogo_vuelos' retrieved from /opt/airflow/dags/dag_generar_catalogo_vuelos.py
[2026-07-09T03:26:19.845-0500] {logging_mixin.py:188} INFO - [2026-07-09T03:26:19.845-0500] {dag.py:3089} INFO - Sync 1 DAGs
[2026-07-09T03:26:19.863-0500] {logging_mixin.py:188} INFO - [2026-07-09T03:26:19.862-0500] {dag.py:3947} INFO - Setting next_dagrun for aerotrack_travel_catalogo_vuelos to 2026-07-09 00:00:00+00:00, run_after=2026-07-10 00:00:00+00:00
[2026-07-09T03:26:19.877-0500] {processor.py:183} INFO - Processing /opt/airflow/dags/dag_generar_catalogo_vuelos.py took 0.498 seconds
[2026-07-09T03:26:50.254-0500] {processor.py:161} INFO - Started process (PID=15751) to work on /opt/airflow/dags/dag_generar_catalogo_vuelos.py
[2026-07-09T03:26:50.255-0500] {processor.py:830} INFO - Processing file /opt/airflow/dags/dag_generar_catalogo_vuelos.py for tasks to queue
[2026-07-09T03:26:50.257-0500] {logging_mixin.py:188} INFO - [2026-07-09T03:26:50.257-0500] {dagbag.py:545} INFO - Filling up the DagBag from /opt/airflow/dags/dag_generar_catalogo_vuelos.py
[2026-07-09T03:26:50.687-0500] {processor.py:840} INFO - DAG(s) 'aerotrack_travel_catalogo_vuelos' retrieved from /opt/airflow/dags/dag_generar_catalogo_vuelos.py
[2026-07-09T03:26:50.724-0500] {logging_mixin.py:188} INFO - [2026-07-09T03:26:50.724-0500] {dag.py:3089} INFO - Sync 1 DAGs
[2026-07-09T03:26:50.744-0500] {logging_mixin.py:188} INFO - [2026-07-09T03:26:50.743-0500] {dag.py:3947} INFO - Setting next_dagrun for aerotrack_travel_catalogo_vuelos to 2026-07-09 00:00:00+00:00, run_after=2026-07-10 00:00:00+00:00
[2026-07-09T03:26:50.764-0500] {processor.py:183} INFO - Processing /opt/airflow/dags/dag_generar_catalogo_vuelos.py took 0.514 seconds
[2026-07-09T03:27:21.568-0500] {processor.py:161} INFO - Started process (PID=15778) to work on /opt/airflow/dags/dag_generar_catalogo_vuelos.py
[2026-07-09T03:27:21.569-0500] {processor.py:830} INFO - Processing file /opt/airflow/dags/dag_generar_catalogo_vuelos.py for tasks to queue
[2026-07-09T03:27:21.571-0500] {logging_mixin.py:188} INFO - [2026-07-09T03:27:21.571-0500] {dagbag.py:545} INFO - Filling up the DagBag from /opt/airflow/dags/dag_generar_catalogo_vuelos.py
[2026-07-09T03:27:21.989-0500] {processor.py:840} INFO - DAG(s) 'aerotrack_travel_catalogo_vuelos' retrieved from /opt/airflow/dags/dag_generar_catalogo_vuelos.py
[2026-07-09T03:27:22.022-0500] {logging_mixin.py:188} INFO - [2026-07-09T03:27:22.022-0500] {dag.py:3089} INFO - Sync 1 DAGs
[2026-07-09T03:27:22.171-0500] {logging_mixin.py:188} INFO - [2026-07-09T03:27:22.171-0500] {dag.py:3947} INFO - Setting next_dagrun for aerotrack_travel_catalogo_vuelos to 2026-07-09 00:00:00+00:00, run_after=2026-07-10 00:00:00+00:00
[2026-07-09T03:27:22.186-0500] {processor.py:183} INFO - Processing /opt/airflow/dags/dag_generar_catalogo_vuelos.py took 0.622 seconds
[2026-07-09T03:27:52.482-0500] {processor.py:161} INFO - Started process (PID=15805) to work on /opt/airflow/dags/dag_generar_catalogo_vuelos.py
[2026-07-09T03:27:52.483-0500] {processor.py:830} INFO - Processing file /opt/airflow/dags/dag_generar_catalogo_vuelos.py for tasks to queue
[2026-07-09T03:27:52.484-0500] {logging_mixin.py:188} INFO - [2026-07-09T03:27:52.484-0500] {dagbag.py:545} INFO - Filling up the DagBag from /opt/airflow/dags/dag_generar_catalogo_vuelos.py
[2026-07-09T03:27:52.893-0500] {processor.py:840} INFO - DAG(s) 'aerotrack_travel_catalogo_vuelos' retrieved from /opt/airflow/dags/dag_generar_catalogo_vuelos.py
[2026-07-09T03:27:52.924-0500] {logging_mixin.py:188} INFO - [2026-07-09T03:27:52.924-0500] {dag.py:3089} INFO - Sync 1 DAGs
[2026-07-09T03:27:52.944-0500] {logging_mixin.py:188} INFO - [2026-07-09T03:27:52.944-0500] {dag.py:3947} INFO - Setting next_dagrun for aerotrack_travel_catalogo_vuelos to 2026-07-09 00:00:00+00:00, run_after=2026-07-10 00:00:00+00:00
[2026-07-09T03:27:52.961-0500] {processor.py:183} INFO - Processing /opt/airflow/dags/dag_generar_catalogo_vuelos.py took 0.483 seconds
[2026-07-09T03:28:23.848-0500] {processor.py:161} INFO - Started process (PID=15831) to work on /opt/airflow/dags/dag_generar_catalogo_vuelos.py
[2026-07-09T03:28:23.849-0500] {processor.py:830} INFO - Processing file /opt/airflow/dags/dag_generar_catalogo_vuelos.py for tasks to queue
[2026-07-09T03:28:23.852-0500] {logging_mixin.py:188} INFO - [2026-07-09T03:28:23.851-0500] {dagbag.py:545} INFO - Filling up the DagBag from /opt/airflow/dags/dag_generar_catalogo_vuelos.py
[2026-07-09T03:28:24.683-0500] {processor.py:840} INFO - DAG(s) 'aerotrack_travel_catalogo_vuelos' retrieved from /opt/airflow/dags/dag_generar_catalogo_vuelos.py
[2026-07-09T03:28:24.810-0500] {logging_mixin.py:188} INFO - [2026-07-09T03:28:24.810-0500] {dag.py:3089} INFO - Sync 1 DAGs
[2026-07-09T03:28:24.833-0500] {logging_mixin.py:188} INFO - [2026-07-09T03:28:24.832-0500] {dag.py:3947} INFO - Setting next_dagrun for aerotrack_travel_catalogo_vuelos to 2026-07-09 00:00:00+00:00, run_after=2026-07-10 00:00:00+00:00
[2026-07-09T03:28:24.855-0500] {processor.py:183} INFO - Processing /opt/airflow/dags/dag_generar_catalogo_vuelos.py took 1.023 seconds
[2026-07-09T03:28:56.389-0500] {processor.py:161} INFO - Started process (PID=15872) to work on /opt/airflow/dags/dag_generar_catalogo_vuelos.py
[2026-07-09T03:28:56.391-0500] {processor.py:830} INFO - Processing file /opt/airflow/dags/dag_generar_catalogo_vuelos.py for tasks to queue
[2026-07-09T03:28:56.393-0500] {logging_mixin.py:188} INFO - [2026-07-09T03:28:56.393-0500] {dagbag.py:545} INFO - Filling up the DagBag from /opt/airflow/dags/dag_generar_catalogo_vuelos.py
[2026-07-09T03:28:56.865-0500] {processor.py:840} INFO - DAG(s) 'aerotrack_travel_catalogo_vuelos' retrieved from /opt/airflow/dags/dag_generar_catalogo_vuelos.py
[2026-07-09T03:28:56.902-0500] {logging_mixin.py:188} INFO - [2026-07-09T03:28:56.902-0500] {dag.py:3089} INFO - Sync 1 DAGs
[2026-07-09T03:28:56.921-0500] {logging_mixin.py:188} INFO - [2026-07-09T03:28:56.920-0500] {dag.py:3947} INFO - Setting next_dagrun for aerotrack_travel_catalogo_vuelos to 2026-07-09 00:00:00+00:00, run_after=2026-07-10 00:00:00+00:00
[2026-07-09T03:28:56.938-0500] {processor.py:183} INFO - Processing /opt/airflow/dags/dag_generar_catalogo_vuelos.py took 0.557 seconds
[2026-07-09T03:29:27.131-0500] {processor.py:161} INFO - Started process (PID=15897) to work on /opt/airflow/dags/dag_generar_catalogo_vuelos.py
[2026-07-09T03:29:27.132-0500] {processor.py:830} INFO - Processing file /opt/airflow/dags/dag_generar_catalogo_vuelos.py for tasks to queue
[2026-07-09T03:29:27.134-0500] {logging_mixin.py:188} INFO - [2026-07-09T03:29:27.134-0500] {dagbag.py:545} INFO - Filling up the DagBag from /opt/airflow/dags/dag_generar_catalogo_vuelos.py
[2026-07-09T03:29:27.748-0500] {processor.py:840} INFO - DAG(s) 'aerotrack_travel_catalogo_vuelos' retrieved from /opt/airflow/dags/dag_generar_catalogo_vuelos.py
[2026-07-09T03:29:27.847-0500] {logging_mixin.py:188} INFO - [2026-07-09T03:29:27.847-0500] {dag.py:3089} INFO - Sync 1 DAGs
[2026-07-09T03:29:27.863-0500] {logging_mixin.py:188} INFO - [2026-07-09T03:29:27.862-0500] {dag.py:3947} INFO - Setting next_dagrun for aerotrack_travel_catalogo_vuelos to 2026-07-09 00:00:00+00:00, run_after=2026-07-10 00:00:00+00:00
[2026-07-09T03:29:27.876-0500] {processor.py:183} INFO - Processing /opt/airflow/dags/dag_generar_catalogo_vuelos.py took 0.752 seconds
[2026-07-09T03:29:58.345-0500] {processor.py:161} INFO - Started process (PID=15923) to work on /opt/airflow/dags/dag_generar_catalogo_vuelos.py
[2026-07-09T03:29:58.346-0500] {processor.py:830} INFO - Processing file /opt/airflow/dags/dag_generar_catalogo_vuelos.py for tasks to queue
[2026-07-09T03:29:58.348-0500] {logging_mixin.py:188} INFO - [2026-07-09T03:29:58.348-0500] {dagbag.py:545} INFO - Filling up the DagBag from /opt/airflow/dags/dag_generar_catalogo_vuelos.py
[2026-07-09T03:29:58.801-0500] {processor.py:840} INFO - DAG(s) 'aerotrack_travel_catalogo_vuelos' retrieved from /opt/airflow/dags/dag_generar_catalogo_vuelos.py
[2026-07-09T03:29:58.832-0500] {logging_mixin.py:188} INFO - [2026-07-09T03:29:58.831-0500] {dag.py:3089} INFO - Sync 1 DAGs
[2026-07-09T03:29:58.850-0500] {logging_mixin.py:188} INFO - [2026-07-09T03:29:58.850-0500] {dag.py:3947} INFO - Setting next_dagrun for aerotrack_travel_catalogo_vuelos to 2026-07-09 00:00:00+00:00, run_after=2026-07-10 00:00:00+00:00
[2026-07-09T03:29:58.883-0500] {processor.py:183} INFO - Processing /opt/airflow/dags/dag_generar_catalogo_vuelos.py took 0.545 seconds
[2026-07-09T03:30:28.950-0500] {processor.py:161} INFO - Started process (PID=15950) to work on /opt/airflow/dags/dag_generar_catalogo_vuelos.py
[2026-07-09T03:30:28.951-0500] {processor.py:830} INFO - Processing file /opt/airflow/dags/dag_generar_catalogo_vuelos.py for tasks to queue
[2026-07-09T03:30:28.953-0500] {logging_mixin.py:188} INFO - [2026-07-09T03:30:28.952-0500] {dagbag.py:545} INFO - Filling up the DagBag from /opt/airflow/dags/dag_generar_catalogo_vuelos.py
[2026-07-09T03:30:29.393-0500] {processor.py:840} INFO - DAG(s) 'aerotrack_travel_catalogo_vuelos' retrieved from /opt/airflow/dags/dag_generar_catalogo_vuelos.py
[2026-07-09T03:30:29.427-0500] {logging_mixin.py:188} INFO - [2026-07-09T03:30:29.427-0500] {dag.py:3089} INFO - Sync 1 DAGs
[2026-07-09T03:30:29.445-0500] {logging_mixin.py:188} INFO - [2026-07-09T03:30:29.444-0500] {dag.py:3947} INFO - Setting next_dagrun for aerotrack_travel_catalogo_vuelos to 2026-07-09 00:00:00+00:00, run_after=2026-07-10 00:00:00+00:00
[2026-07-09T03:30:29.459-0500] {processor.py:183} INFO - Processing /opt/airflow/dags/dag_generar_catalogo_vuelos.py took 0.514 seconds
[2026-07-09T03:30:59.779-0500] {processor.py:161} INFO - Started process (PID=15977) to work on /opt/airflow/dags/dag_generar_catalogo_vuelos.py
[2026-07-09T03:30:59.780-0500] {processor.py:830} INFO - Processing file /opt/airflow/dags/dag_generar_catalogo_vuelos.py for tasks to queue
[2026-07-09T03:30:59.782-0500] {logging_mixin.py:188} INFO - [2026-07-09T03:30:59.782-0500] {dagbag.py:545} INFO - Filling up the DagBag from /opt/airflow/dags/dag_generar_catalogo_vuelos.py
[2026-07-09T03:31:00.224-0500] {processor.py:840} INFO - DAG(s) 'aerotrack_travel_catalogo_vuelos' retrieved from /opt/airflow/dags/dag_generar_catalogo_vuelos.py
[2026-07-09T03:31:00.259-0500] {logging_mixin.py:188} INFO - [2026-07-09T03:31:00.258-0500] {dag.py:3089} INFO - Sync 1 DAGs
[2026-07-09T03:31:00.279-0500] {logging_mixin.py:188} INFO - [2026-07-09T03:31:00.279-0500] {dag.py:3947} INFO - Setting next_dagrun for aerotrack_travel_catalogo_vuelos to 2026-07-09 00:00:00+00:00, run_after=2026-07-10 00:00:00+00:00
[2026-07-09T03:31:00.315-0500] {processor.py:183} INFO - Processing /opt/airflow/dags/dag_generar_catalogo_vuelos.py took 0.541 seconds
[2026-07-09T03:31:30.892-0500] {processor.py:161} INFO - Started process (PID=16004) to work on /opt/airflow/dags/dag_generar_catalogo_vuelos.py
[2026-07-09T03:31:30.893-0500] {processor.py:830} INFO - Processing file /opt/airflow/dags/dag_generar_catalogo_vuelos.py for tasks to queue
[2026-07-09T03:31:30.894-0500] {logging_mixin.py:188} INFO - [2026-07-09T03:31:30.894-0500] {dagbag.py:545} INFO - Filling up the DagBag from /opt/airflow/dags/dag_generar_catalogo_vuelos.py
[2026-07-09T03:31:31.380-0500] {processor.py:840} INFO - DAG(s) 'aerotrack_travel_catalogo_vuelos' retrieved from /opt/airflow/dags/dag_generar_catalogo_vuelos.py
[2026-07-09T03:31:31.418-0500] {logging_mixin.py:188} INFO - [2026-07-09T03:31:31.418-0500] {dag.py:3089} INFO - Sync 1 DAGs
[2026-07-09T03:31:31.439-0500] {logging_mixin.py:188} INFO - [2026-07-09T03:31:31.439-0500] {dag.py:3947} INFO - Setting next_dagrun for aerotrack_travel_catalogo_vuelos to 2026-07-09 00:00:00+00:00, run_after=2026-07-10 00:00:00+00:00
[2026-07-09T03:31:31.456-0500] {processor.py:183} INFO - Processing /opt/airflow/dags/dag_generar_catalogo_vuelos.py took 0.569 seconds
[2026-07-09T03:32:01.797-0500] {processor.py:161} INFO - Started process (PID=16031) to work on /opt/airflow/dags/dag_generar_catalogo_vuelos.py
[2026-07-09T03:32:01.798-0500] {processor.py:830} INFO - Processing file /opt/airflow/dags/dag_generar_catalogo_vuelos.py for tasks to queue
[2026-07-09T03:32:01.800-0500] {logging_mixin.py:188} INFO - [2026-07-09T03:32:01.799-0500] {dagbag.py:545} INFO - Filling up the DagBag from /opt/airflow/dags/dag_generar_catalogo_vuelos.py
[2026-07-09T03:32:02.216-0500] {processor.py:840} INFO - DAG(s) 'aerotrack_travel_catalogo_vuelos' retrieved from /opt/airflow/dags/dag_generar_catalogo_vuelos.py
[2026-07-09T03:32:02.247-0500] {logging_mixin.py:188} INFO - [2026-07-09T03:32:02.247-0500] {dag.py:3089} INFO - Sync 1 DAGs
[2026-07-09T03:32:02.266-0500] {logging_mixin.py:188} INFO - [2026-07-09T03:32:02.265-0500] {dag.py:3947} INFO - Setting next_dagrun for aerotrack_travel_catalogo_vuelos to 2026-07-09 00:00:00+00:00, run_after=2026-07-10 00:00:00+00:00
[2026-07-09T03:32:02.307-0500] {processor.py:183} INFO - Processing /opt/airflow/dags/dag_generar_catalogo_vuelos.py took 0.515 seconds
[2026-07-09T03:32:32.632-0500] {processor.py:161} INFO - Started process (PID=16058) to work on /opt/airflow/dags/dag_generar_catalogo_vuelos.py
[2026-07-09T03:32:32.633-0500] {processor.py:830} INFO - Processing file /opt/airflow/dags/dag_generar_catalogo_vuelos.py for tasks to queue
[2026-07-09T03:32:32.634-0500] {logging_mixin.py:188} INFO - [2026-07-09T03:32:32.634-0500] {dagbag.py:545} INFO - Filling up the DagBag from /opt/airflow/dags/dag_generar_catalogo_vuelos.py
[2026-07-09T03:32:33.041-0500] {processor.py:840} INFO - DAG(s) 'aerotrack_travel_catalogo_vuelos' retrieved from /opt/airflow/dags/dag_generar_catalogo_vuelos.py
[2026-07-09T03:32:33.071-0500] {logging_mixin.py:188} INFO - [2026-07-09T03:32:33.071-0500] {dag.py:3089} INFO - Sync 1 DAGs
[2026-07-09T03:32:33.089-0500] {logging_mixin.py:188} INFO - [2026-07-09T03:32:33.088-0500] {dag.py:3947} INFO - Setting next_dagrun for aerotrack_travel_catalogo_vuelos to 2026-07-09 00:00:00+00:00, run_after=2026-07-10 00:00:00+00:00
[2026-07-09T03:32:33.120-0500] {processor.py:183} INFO - Processing /opt/airflow/dags/dag_generar_catalogo_vuelos.py took 0.493 seconds
[2026-07-09T03:33:03.417-0500] {processor.py:161} INFO - Started process (PID=16085) to work on /opt/airflow/dags/dag_generar_catalogo_vuelos.py
[2026-07-09T03:33:03.418-0500] {processor.py:830} INFO - Processing file /opt/airflow/dags/dag_generar_catalogo_vuelos.py for tasks to queue
[2026-07-09T03:33:03.420-0500] {logging_mixin.py:188} INFO - [2026-07-09T03:33:03.419-0500] {dagbag.py:545} INFO - Filling up the DagBag from /opt/airflow/dags/dag_generar_catalogo_vuelos.py
[2026-07-09T03:33:03.834-0500] {processor.py:840} INFO - DAG(s) 'aerotrack_travel_catalogo_vuelos' retrieved from /opt/airflow/dags/dag_generar_catalogo_vuelos.py
[2026-07-09T03:33:03.863-0500] {logging_mixin.py:188} INFO - [2026-07-09T03:33:03.863-0500] {dag.py:3089} INFO - Sync 1 DAGs
[2026-07-09T03:33:03.880-0500] {logging_mixin.py:188} INFO - [2026-07-09T03:33:03.880-0500] {dag.py:3947} INFO - Setting next_dagrun for aerotrack_travel_catalogo_vuelos to 2026-07-09 00:00:00+00:00, run_after=2026-07-10 00:00:00+00:00
[2026-07-09T03:33:03.897-0500] {processor.py:183} INFO - Processing /opt/airflow/dags/dag_generar_catalogo_vuelos.py took 0.485 seconds
[2026-07-09T03:33:34.299-0500] {processor.py:161} INFO - Started process (PID=16112) to work on /opt/airflow/dags/dag_generar_catalogo_vuelos.py
[2026-07-09T03:33:34.300-0500] {processor.py:830} INFO - Processing file /opt/airflow/dags/dag_generar_catalogo_vuelos.py for tasks to queue
[2026-07-09T03:33:34.302-0500] {logging_mixin.py:188} INFO - [2026-07-09T03:33:34.301-0500] {dagbag.py:545} INFO - Filling up the DagBag from /opt/airflow/dags/dag_generar_catalogo_vuelos.py
[2026-07-09T03:33:34.751-0500] {processor.py:840} INFO - DAG(s) 'aerotrack_travel_catalogo_vuelos' retrieved from /opt/airflow/dags/dag_generar_catalogo_vuelos.py
[2026-07-09T03:33:34.784-0500] {logging_mixin.py:188} INFO - [2026-07-09T03:33:34.784-0500] {dag.py:3089} INFO - Sync 1 DAGs
[2026-07-09T03:33:34.803-0500] {logging_mixin.py:188} INFO - [2026-07-09T03:33:34.803-0500] {dag.py:3947} INFO - Setting next_dagrun for aerotrack_travel_catalogo_vuelos to 2026-07-09 00:00:00+00:00, run_after=2026-07-10 00:00:00+00:00
[2026-07-09T03:33:34.819-0500] {processor.py:183} INFO - Processing /opt/airflow/dags/dag_generar_catalogo_vuelos.py took 0.527 seconds
[2026-07-09T03:34:05.167-0500] {processor.py:161} INFO - Started process (PID=16139) to work on /opt/airflow/dags/dag_generar_catalogo_vuelos.py
[2026-07-09T03:34:05.168-0500] {processor.py:830} INFO - Processing file /opt/airflow/dags/dag_generar_catalogo_vuelos.py for tasks to queue
[2026-07-09T03:34:05.169-0500] {logging_mixin.py:188} INFO - [2026-07-09T03:34:05.169-0500] {dagbag.py:545} INFO - Filling up the DagBag from /opt/airflow/dags/dag_generar_catalogo_vuelos.py
[2026-07-09T03:34:05.665-0500] {processor.py:840} INFO - DAG(s) 'aerotrack_travel_catalogo_vuelos' retrieved from /opt/airflow/dags/dag_generar_catalogo_vuelos.py
[2026-07-09T03:34:05.694-0500] {logging_mixin.py:188} INFO - [2026-07-09T03:34:05.694-0500] {dag.py:3089} INFO - Sync 1 DAGs
[2026-07-09T03:34:05.710-0500] {logging_mixin.py:188} INFO - [2026-07-09T03:34:05.710-0500] {dag.py:3947} INFO - Setting next_dagrun for aerotrack_travel_catalogo_vuelos to 2026-07-09 00:00:00+00:00, run_after=2026-07-10 00:00:00+00:00
[2026-07-09T03:34:05.727-0500] {processor.py:183} INFO - Processing /opt/airflow/dags/dag_generar_catalogo_vuelos.py took 0.565 seconds
[2026-07-09T03:34:36.088-0500] {processor.py:161} INFO - Started process (PID=16166) to work on /opt/airflow/dags/dag_generar_catalogo_vuelos.py
[2026-07-09T03:34:36.089-0500] {processor.py:830} INFO - Processing file /opt/airflow/dags/dag_generar_catalogo_vuelos.py for tasks to queue
[2026-07-09T03:34:36.090-0500] {logging_mixin.py:188} INFO - [2026-07-09T03:34:36.090-0500] {dagbag.py:545} INFO - Filling up the DagBag from /opt/airflow/dags/dag_generar_catalogo_vuelos.py
[2026-07-09T03:34:36.546-0500] {processor.py:840} INFO - DAG(s) 'aerotrack_travel_catalogo_vuelos' retrieved from /opt/airflow/dags/dag_generar_catalogo_vuelos.py
[2026-07-09T03:34:36.582-0500] {logging_mixin.py:188} INFO - [2026-07-09T03:34:36.582-0500] {dag.py:3089} INFO - Sync 1 DAGs
[2026-07-09T03:34:36.602-0500] {logging_mixin.py:188} INFO - [2026-07-09T03:34:36.601-0500] {dag.py:3947} INFO - Setting next_dagrun for aerotrack_travel_catalogo_vuelos to 2026-07-09 00:00:00+00:00, run_after=2026-07-10 00:00:00+00:00
[2026-07-09T03:34:36.617-0500] {processor.py:183} INFO - Processing /opt/airflow/dags/dag_generar_catalogo_vuelos.py took 0.535 seconds
[2026-07-09T03:35:06.959-0500] {processor.py:161} INFO - Started process (PID=16193) to work on /opt/airflow/dags/dag_generar_catalogo_vuelos.py
[2026-07-09T03:35:06.960-0500] {processor.py:830} INFO - Processing file /opt/airflow/dags/dag_generar_catalogo_vuelos.py for tasks to queue
[2026-07-09T03:35:06.961-0500] {logging_mixin.py:188} INFO - [2026-07-09T03:35:06.961-0500] {dagbag.py:545} INFO - Filling up the DagBag from /opt/airflow/dags/dag_generar_catalogo_vuelos.py
[2026-07-09T03:35:07.417-0500] {processor.py:840} INFO - DAG(s) 'aerotrack_travel_catalogo_vuelos' retrieved from /opt/airflow/dags/dag_generar_catalogo_vuelos.py
[2026-07-09T03:35:07.458-0500] {logging_mixin.py:188} INFO - [2026-07-09T03:35:07.458-0500] {dag.py:3089} INFO - Sync 1 DAGs
[2026-07-09T03:35:07.479-0500] {logging_mixin.py:188} INFO - [2026-07-09T03:35:07.478-0500] {dag.py:3947} INFO - Setting next_dagrun for aerotrack_travel_catalogo_vuelos to 2026-07-09 00:00:00+00:00, run_after=2026-07-10 00:00:00+00:00
[2026-07-09T03:35:07.500-0500] {processor.py:183} INFO - Processing /opt/airflow/dags/dag_generar_catalogo_vuelos.py took 0.547 seconds
[2026-07-09T03:35:38.084-0500] {processor.py:161} INFO - Started process (PID=16220) to work on /opt/airflow/dags/dag_generar_catalogo_vuelos.py
[2026-07-09T03:35:38.085-0500] {processor.py:830} INFO - Processing file /opt/airflow/dags/dag_generar_catalogo_vuelos.py for tasks to queue
[2026-07-09T03:35:38.088-0500] {logging_mixin.py:188} INFO - [2026-07-09T03:35:38.087-0500] {dagbag.py:545} INFO - Filling up the DagBag from /opt/airflow/dags/dag_generar_catalogo_vuelos.py
[2026-07-09T03:35:38.545-0500] {processor.py:840} INFO - DAG(s) 'aerotrack_travel_catalogo_vuelos' retrieved from /opt/airflow/dags/dag_generar_catalogo_vuelos.py
[2026-07-09T03:35:38.575-0500] {logging_mixin.py:188} INFO - [2026-07-09T03:35:38.575-0500] {dag.py:3089} INFO - Sync 1 DAGs
[2026-07-09T03:35:38.594-0500] {logging_mixin.py:188} INFO - [2026-07-09T03:35:38.594-0500] {dag.py:3947} INFO - Setting next_dagrun for aerotrack_travel_catalogo_vuelos to 2026-07-09 00:00:00+00:00, run_after=2026-07-10 00:00:00+00:00
[2026-07-09T03:35:38.611-0500] {processor.py:183} INFO - Processing /opt/airflow/dags/dag_generar_catalogo_vuelos.py took 0.533 seconds
[2026-07-09T03:36:08.938-0500] {processor.py:161} INFO - Started process (PID=16247) to work on /opt/airflow/dags/dag_generar_catalogo_vuelos.py
[2026-07-09T03:36:08.939-0500] {processor.py:830} INFO - Processing file /opt/airflow/dags/dag_generar_catalogo_vuelos.py for tasks to queue
[2026-07-09T03:36:08.941-0500] {logging_mixin.py:188} INFO - [2026-07-09T03:36:08.941-0500] {dagbag.py:545} INFO - Filling up the DagBag from /opt/airflow/dags/dag_generar_catalogo_vuelos.py
[2026-07-09T03:36:09.350-0500] {processor.py:840} INFO - DAG(s) 'aerotrack_travel_catalogo_vuelos' retrieved from /opt/airflow/dags/dag_generar_catalogo_vuelos.py
[2026-07-09T03:36:09.384-0500] {logging_mixin.py:188} INFO - [2026-07-09T03:36:09.384-0500] {dag.py:3089} INFO - Sync 1 DAGs
[2026-07-09T03:36:09.402-0500] {logging_mixin.py:188} INFO - [2026-07-09T03:36:09.402-0500] {dag.py:3947} INFO - Setting next_dagrun for aerotrack_travel_catalogo_vuelos to 2026-07-09 00:00:00+00:00, run_after=2026-07-10 00:00:00+00:00
[2026-07-09T03:36:09.417-0500] {processor.py:183} INFO - Processing /opt/airflow/dags/dag_generar_catalogo_vuelos.py took 0.484 seconds
[2026-07-09T03:36:39.797-0500] {processor.py:161} INFO - Started process (PID=16274) to work on /opt/airflow/dags/dag_generar_catalogo_vuelos.py
[2026-07-09T03:36:39.798-0500] {processor.py:830} INFO - Processing file /opt/airflow/dags/dag_generar_catalogo_vuelos.py for tasks to queue
[2026-07-09T03:36:39.799-0500] {logging_mixin.py:188} INFO - [2026-07-09T03:36:39.799-0500] {dagbag.py:545} INFO - Filling up the DagBag from /opt/airflow/dags/dag_generar_catalogo_vuelos.py
[2026-07-09T03:36:40.203-0500] {processor.py:840} INFO - DAG(s) 'aerotrack_travel_catalogo_vuelos' retrieved from /opt/airflow/dags/dag_generar_catalogo_vuelos.py
[2026-07-09T03:36:40.233-0500] {logging_mixin.py:188} INFO - [2026-07-09T03:36:40.232-0500] {dag.py:3089} INFO - Sync 1 DAGs
[2026-07-09T03:36:40.250-0500] {logging_mixin.py:188} INFO - [2026-07-09T03:36:40.250-0500] {dag.py:3947} INFO - Setting next_dagrun for aerotrack_travel_catalogo_vuelos to 2026-07-09 00:00:00+00:00, run_after=2026-07-10 00:00:00+00:00
[2026-07-09T03:36:40.266-0500] {processor.py:183} INFO - Processing /opt/airflow/dags/dag_generar_catalogo_vuelos.py took 0.474 seconds
[2026-07-09T03:37:10.680-0500] {processor.py:161} INFO - Started process (PID=16301) to work on /opt/airflow/dags/dag_generar_catalogo_vuelos.py
[2026-07-09T03:37:10.681-0500] {processor.py:830} INFO - Processing file /opt/airflow/dags/dag_generar_catalogo_vuelos.py for tasks to queue
[2026-07-09T03:37:10.682-0500] {logging_mixin.py:188} INFO - [2026-07-09T03:37:10.682-0500] {dagbag.py:545} INFO - Filling up the DagBag from /opt/airflow/dags/dag_generar_catalogo_vuelos.py
[2026-07-09T03:37:11.092-0500] {processor.py:840} INFO - DAG(s) 'aerotrack_travel_catalogo_vuelos' retrieved from /opt/airflow/dags/dag_generar_catalogo_vuelos.py
[2026-07-09T03:37:11.128-0500] {logging_mixin.py:188} INFO - [2026-07-09T03:37:11.128-0500] {dag.py:3089} INFO - Sync 1 DAGs
[2026-07-09T03:37:11.146-0500] {logging_mixin.py:188} INFO - [2026-07-09T03:37:11.146-0500] {dag.py:3947} INFO - Setting next_dagrun for aerotrack_travel_catalogo_vuelos to 2026-07-09 00:00:00+00:00, run_after=2026-07-10 00:00:00+00:00
[2026-07-09T03:37:11.166-0500] {processor.py:183} INFO - Processing /opt/airflow/dags/dag_generar_catalogo_vuelos.py took 0.491 seconds
[2026-07-09T03:37:41.558-0500] {processor.py:161} INFO - Started process (PID=16328) to work on /opt/airflow/dags/dag_generar_catalogo_vuelos.py
[2026-07-09T03:37:41.559-0500] {processor.py:830} INFO - Processing file /opt/airflow/dags/dag_generar_catalogo_vuelos.py for tasks to queue
[2026-07-09T03:37:41.561-0500] {logging_mixin.py:188} INFO - [2026-07-09T03:37:41.560-0500] {dagbag.py:545} INFO - Filling up the DagBag from /opt/airflow/dags/dag_generar_catalogo_vuelos.py
[2026-07-09T03:37:41.997-0500] {processor.py:840} INFO - DAG(s) 'aerotrack_travel_catalogo_vuelos' retrieved from /opt/airflow/dags/dag_generar_catalogo_vuelos.py
[2026-07-09T03:37:42.032-0500] {logging_mixin.py:188} INFO - [2026-07-09T03:37:42.031-0500] {dag.py:3089} INFO - Sync 1 DAGs
[2026-07-09T03:37:42.052-0500] {logging_mixin.py:188} INFO - [2026-07-09T03:37:42.052-0500] {dag.py:3947} INFO - Setting next_dagrun for aerotrack_travel_catalogo_vuelos to 2026-07-09 00:00:00+00:00, run_after=2026-07-10 00:00:00+00:00
[2026-07-09T03:37:42.066-0500] {processor.py:183} INFO - Processing /opt/airflow/dags/dag_generar_catalogo_vuelos.py took 0.512 seconds
[2026-07-09T03:38:12.417-0500] {processor.py:161} INFO - Started process (PID=16355) to work on /opt/airflow/dags/dag_generar_catalogo_vuelos.py
[2026-07-09T03:38:12.418-0500] {processor.py:830} INFO - Processing file /opt/airflow/dags/dag_generar_catalogo_vuelos.py for tasks to queue
[2026-07-09T03:38:12.420-0500] {logging_mixin.py:188} INFO - [2026-07-09T03:38:12.419-0500] {dagbag.py:545} INFO - Filling up the DagBag from /opt/airflow/dags/dag_generar_catalogo_vuelos.py
[2026-07-09T03:38:12.824-0500] {processor.py:840} INFO - DAG(s) 'aerotrack_travel_catalogo_vuelos' retrieved from /opt/airflow/dags/dag_generar_catalogo_vuelos.py
[2026-07-09T03:38:12.854-0500] {logging_mixin.py:188} INFO - [2026-07-09T03:38:12.854-0500] {dag.py:3089} INFO - Sync 1 DAGs
[2026-07-09T03:38:12.871-0500] {logging_mixin.py:188} INFO - [2026-07-09T03:38:12.870-0500] {dag.py:3947} INFO - Setting next_dagrun for aerotrack_travel_catalogo_vuelos to 2026-07-09 00:00:00+00:00, run_after=2026-07-10 00:00:00+00:00
[2026-07-09T03:38:12.886-0500] {processor.py:183} INFO - Processing /opt/airflow/dags/dag_generar_catalogo_vuelos.py took 0.473 seconds
[2026-07-09T03:38:43.355-0500] {processor.py:161} INFO - Started process (PID=16382) to work on /opt/airflow/dags/dag_generar_catalogo_vuelos.py
[2026-07-09T03:38:43.356-0500] {processor.py:830} INFO - Processing file /opt/airflow/dags/dag_generar_catalogo_vuelos.py for tasks to queue
[2026-07-09T03:38:43.357-0500] {logging_mixin.py:188} INFO - [2026-07-09T03:38:43.357-0500] {dagbag.py:545} INFO - Filling up the DagBag from /opt/airflow/dags/dag_generar_catalogo_vuelos.py
[2026-07-09T03:38:43.750-0500] {processor.py:840} INFO - DAG(s) 'aerotrack_travel_catalogo_vuelos' retrieved from /opt/airflow/dags/dag_generar_catalogo_vuelos.py
[2026-07-09T03:38:43.779-0500] {logging_mixin.py:188} INFO - [2026-07-09T03:38:43.778-0500] {dag.py:3089} INFO - Sync 1 DAGs
[2026-07-09T03:38:43.796-0500] {logging_mixin.py:188} INFO - [2026-07-09T03:38:43.795-0500] {dag.py:3947} INFO - Setting next_dagrun for aerotrack_travel_catalogo_vuelos to 2026-07-09 00:00:00+00:00, run_after=2026-07-10 00:00:00+00:00
[2026-07-09T03:38:43.810-0500] {processor.py:183} INFO - Processing /opt/airflow/dags/dag_generar_catalogo_vuelos.py took 0.459 seconds
[2026-07-09T03:39:14.153-0500] {processor.py:161} INFO - Started process (PID=16409) to work on /opt/airflow/dags/dag_generar_catalogo_vuelos.py
[2026-07-09T03:39:14.154-0500] {processor.py:830} INFO - Processing file /opt/airflow/dags/dag_generar_catalogo_vuelos.py for tasks to queue
[2026-07-09T03:39:14.156-0500] {logging_mixin.py:188} INFO - [2026-07-09T03:39:14.156-0500] {dagbag.py:545} INFO - Filling up the DagBag from /opt/airflow/dags/dag_generar_catalogo_vuelos.py
[2026-07-09T03:39:14.618-0500] {processor.py:840} INFO - DAG(s) 'aerotrack_travel_catalogo_vuelos' retrieved from /opt/airflow/dags/dag_generar_catalogo_vuelos.py
[2026-07-09T03:39:14.655-0500] {logging_mixin.py:188} INFO - [2026-07-09T03:39:14.655-0500] {dag.py:3089} INFO - Sync 1 DAGs
[2026-07-09T03:39:14.678-0500] {logging_mixin.py:188} INFO - [2026-07-09T03:39:14.678-0500] {dag.py:3947} INFO - Setting next_dagrun for aerotrack_travel_catalogo_vuelos to 2026-07-09 00:00:00+00:00, run_after=2026-07-10 00:00:00+00:00
[2026-07-09T03:39:14.699-0500] {processor.py:183} INFO - Processing /opt/airflow/dags/dag_generar_catalogo_vuelos.py took 0.551 seconds
[2026-07-09T03:39:45.127-0500] {processor.py:161} INFO - Started process (PID=16436) to work on /opt/airflow/dags/dag_generar_catalogo_vuelos.py
[2026-07-09T03:39:45.128-0500] {processor.py:830} INFO - Processing file /opt/airflow/dags/dag_generar_catalogo_vuelos.py for tasks to queue
[2026-07-09T03:39:45.130-0500] {logging_mixin.py:188} INFO - [2026-07-09T03:39:45.130-0500] {dagbag.py:545} INFO - Filling up the DagBag from /opt/airflow/dags/dag_generar_catalogo_vuelos.py
[2026-07-09T03:39:45.594-0500] {processor.py:840} INFO - DAG(s) 'aerotrack_travel_catalogo_vuelos' retrieved from /opt/airflow/dags/dag_generar_catalogo_vuelos.py
[2026-07-09T03:39:45.643-0500] {logging_mixin.py:188} INFO - [2026-07-09T03:39:45.642-0500] {dag.py:3089} INFO - Sync 1 DAGs
[2026-07-09T03:39:45.668-0500] {logging_mixin.py:188} INFO - [2026-07-09T03:39:45.668-0500] {dag.py:3947} INFO - Setting next_dagrun for aerotrack_travel_catalogo_vuelos to 2026-07-09 00:00:00+00:00, run_after=2026-07-10 00:00:00+00:00
[2026-07-09T03:39:45.719-0500] {processor.py:183} INFO - Processing /opt/airflow/dags/dag_generar_catalogo_vuelos.py took 0.598 seconds
[2026-07-09T03:40:16.070-0500] {processor.py:161} INFO - Started process (PID=16463) to work on /opt/airflow/dags/dag_generar_catalogo_vuelos.py
[2026-07-09T03:40:16.071-0500] {processor.py:830} INFO - Processing file /opt/airflow/dags/dag_generar_catalogo_vuelos.py for tasks to queue
[2026-07-09T03:40:16.073-0500] {logging_mixin.py:188} INFO - [2026-07-09T03:40:16.073-0500] {dagbag.py:545} INFO - Filling up the DagBag from /opt/airflow/dags/dag_generar_catalogo_vuelos.py
[2026-07-09T03:40:16.522-0500] {processor.py:840} INFO - DAG(s) 'aerotrack_travel_catalogo_vuelos' retrieved from /opt/airflow/dags/dag_generar_catalogo_vuelos.py
[2026-07-09T03:40:16.556-0500] {logging_mixin.py:188} INFO - [2026-07-09T03:40:16.555-0500] {dag.py:3089} INFO - Sync 1 DAGs
[2026-07-09T03:40:16.575-0500] {logging_mixin.py:188} INFO - [2026-07-09T03:40:16.575-0500] {dag.py:3947} INFO - Setting next_dagrun for aerotrack_travel_catalogo_vuelos to 2026-07-09 00:00:00+00:00, run_after=2026-07-10 00:00:00+00:00
[2026-07-09T03:40:16.590-0500] {processor.py:183} INFO - Processing /opt/airflow/dags/dag_generar_catalogo_vuelos.py took 0.525 seconds
[2026-07-09T03:40:46.954-0500] {processor.py:161} INFO - Started process (PID=16490) to work on /opt/airflow/dags/dag_generar_catalogo_vuelos.py
[2026-07-09T03:40:46.955-0500] {processor.py:830} INFO - Processing file /opt/airflow/dags/dag_generar_catalogo_vuelos.py for tasks to queue
[2026-07-09T03:40:46.957-0500] {logging_mixin.py:188} INFO - [2026-07-09T03:40:46.957-0500] {dagbag.py:545} INFO - Filling up the DagBag from /opt/airflow/dags/dag_generar_catalogo_vuelos.py
[2026-07-09T03:40:47.446-0500] {processor.py:840} INFO - DAG(s) 'aerotrack_travel_catalogo_vuelos' retrieved from /opt/airflow/dags/dag_generar_catalogo_vuelos.py
[2026-07-09T03:40:47.487-0500] {logging_mixin.py:188} INFO - [2026-07-09T03:40:47.487-0500] {dag.py:3089} INFO - Sync 1 DAGs
[2026-07-09T03:40:47.510-0500] {logging_mixin.py:188} INFO - [2026-07-09T03:40:47.510-0500] {dag.py:3947} INFO - Setting next_dagrun for aerotrack_travel_catalogo_vuelos to 2026-07-09 00:00:00+00:00, run_after=2026-07-10 00:00:00+00:00
[2026-07-09T03:40:47.533-0500] {processor.py:183} INFO - Processing /opt/airflow/dags/dag_generar_catalogo_vuelos.py took 0.584 seconds
[2026-07-09T03:41:17.899-0500] {processor.py:161} INFO - Started process (PID=16517) to work on /opt/airflow/dags/dag_generar_catalogo_vuelos.py
[2026-07-09T03:41:17.900-0500] {processor.py:830} INFO - Processing file /opt/airflow/dags/dag_generar_catalogo_vuelos.py for tasks to queue
[2026-07-09T03:41:17.902-0500] {logging_mixin.py:188} INFO - [2026-07-09T03:41:17.901-0500] {dagbag.py:545} INFO - Filling up the DagBag from /opt/airflow/dags/dag_generar_catalogo_vuelos.py
[2026-07-09T03:41:18.337-0500] {processor.py:840} INFO - DAG(s) 'aerotrack_travel_catalogo_vuelos' retrieved from /opt/airflow/dags/dag_generar_catalogo_vuelos.py
[2026-07-09T03:41:18.366-0500] {logging_mixin.py:188} INFO - [2026-07-09T03:41:18.365-0500] {dag.py:3089} INFO - Sync 1 DAGs
[2026-07-09T03:41:18.384-0500] {logging_mixin.py:188} INFO - [2026-07-09T03:41:18.384-0500] {dag.py:3947} INFO - Setting next_dagrun for aerotrack_travel_catalogo_vuelos to 2026-07-09 00:00:00+00:00, run_after=2026-07-10 00:00:00+00:00
[2026-07-09T03:41:18.400-0500] {processor.py:183} INFO - Processing /opt/airflow/dags/dag_generar_catalogo_vuelos.py took 0.507 seconds
[2026-07-09T03:41:48.915-0500] {processor.py:161} INFO - Started process (PID=16544) to work on /opt/airflow/dags/dag_generar_catalogo_vuelos.py
[2026-07-09T03:41:48.916-0500] {processor.py:830} INFO - Processing file /opt/airflow/dags/dag_generar_catalogo_vuelos.py for tasks to queue
[2026-07-09T03:41:48.918-0500] {logging_mixin.py:188} INFO - [2026-07-09T03:41:48.917-0500] {dagbag.py:545} INFO - Filling up the DagBag from /opt/airflow/dags/dag_generar_catalogo_vuelos.py
[2026-07-09T03:41:49.353-0500] {processor.py:840} INFO - DAG(s) 'aerotrack_travel_catalogo_vuelos' retrieved from /opt/airflow/dags/dag_generar_catalogo_vuelos.py
[2026-07-09T03:41:49.390-0500] {logging_mixin.py:188} INFO - [2026-07-09T03:41:49.390-0500] {dag.py:3089} INFO - Sync 1 DAGs
[2026-07-09T03:41:49.411-0500] {logging_mixin.py:188} INFO - [2026-07-09T03:41:49.411-0500] {dag.py:3947} INFO - Setting next_dagrun for aerotrack_travel_catalogo_vuelos to 2026-07-09 00:00:00+00:00, run_after=2026-07-10 00:00:00+00:00
[2026-07-09T03:41:49.425-0500] {processor.py:183} INFO - Processing /opt/airflow/dags/dag_generar_catalogo_vuelos.py took 0.515 seconds
[2026-07-09T03:42:19.902-0500] {processor.py:161} INFO - Started process (PID=16571) to work on /opt/airflow/dags/dag_generar_catalogo_vuelos.py
[2026-07-09T03:42:19.903-0500] {processor.py:830} INFO - Processing file /opt/airflow/dags/dag_generar_catalogo_vuelos.py for tasks to queue
[2026-07-09T03:42:19.905-0500] {logging_mixin.py:188} INFO - [2026-07-09T03:42:19.905-0500] {dagbag.py:545} INFO - Filling up the DagBag from /opt/airflow/dags/dag_generar_catalogo_vuelos.py
[2026-07-09T03:42:20.376-0500] {processor.py:840} INFO - DAG(s) 'aerotrack_travel_catalogo_vuelos' retrieved from /opt/airflow/dags/dag_generar_catalogo_vuelos.py
[2026-07-09T03:42:20.409-0500] {logging_mixin.py:188} INFO - [2026-07-09T03:42:20.409-0500] {dag.py:3089} INFO - Sync 1 DAGs
[2026-07-09T03:42:20.428-0500] {logging_mixin.py:188} INFO - [2026-07-09T03:42:20.428-0500] {dag.py:3947} INFO - Setting next_dagrun for aerotrack_travel_catalogo_vuelos to 2026-07-09 00:00:00+00:00, run_after=2026-07-10 00:00:00+00:00
[2026-07-09T03:42:20.447-0500] {processor.py:183} INFO - Processing /opt/airflow/dags/dag_generar_catalogo_vuelos.py took 0.550 seconds
[2026-07-09T03:42:50.791-0500] {processor.py:161} INFO - Started process (PID=16598) to work on /opt/airflow/dags/dag_generar_catalogo_vuelos.py
[2026-07-09T03:42:50.792-0500] {processor.py:830} INFO - Processing file /opt/airflow/dags/dag_generar_catalogo_vuelos.py for tasks to queue
[2026-07-09T03:42:50.793-0500] {logging_mixin.py:188} INFO - [2026-07-09T03:42:50.793-0500] {dagbag.py:545} INFO - Filling up the DagBag from /opt/airflow/dags/dag_generar_catalogo_vuelos.py
[2026-07-09T03:42:51.200-0500] {processor.py:840} INFO - DAG(s) 'aerotrack_travel_catalogo_vuelos' retrieved from /opt/airflow/dags/dag_generar_catalogo_vuelos.py
[2026-07-09T03:42:51.233-0500] {logging_mixin.py:188} INFO - [2026-07-09T03:42:51.233-0500] {dag.py:3089} INFO - Sync 1 DAGs
[2026-07-09T03:42:51.250-0500] {logging_mixin.py:188} INFO - [2026-07-09T03:42:51.250-0500] {dag.py:3947} INFO - Setting next_dagrun for aerotrack_travel_catalogo_vuelos to 2026-07-09 00:00:00+00:00, run_after=2026-07-10 00:00:00+00:00
[2026-07-09T03:42:51.267-0500] {processor.py:183} INFO - Processing /opt/airflow/dags/dag_generar_catalogo_vuelos.py took 0.480 seconds
[2026-07-09T03:43:21.597-0500] {processor.py:161} INFO - Started process (PID=16625) to work on /opt/airflow/dags/dag_generar_catalogo_vuelos.py
[2026-07-09T03:43:21.598-0500] {processor.py:830} INFO - Processing file /opt/airflow/dags/dag_generar_catalogo_vuelos.py for tasks to queue
[2026-07-09T03:43:21.601-0500] {logging_mixin.py:188} INFO - [2026-07-09T03:43:21.600-0500] {dagbag.py:545} INFO - Filling up the DagBag from /opt/airflow/dags/dag_generar_catalogo_vuelos.py
[2026-07-09T03:43:22.067-0500] {processor.py:840} INFO - DAG(s) 'aerotrack_travel_catalogo_vuelos' retrieved from /opt/airflow/dags/dag_generar_catalogo_vuelos.py
[2026-07-09T03:43:22.103-0500] {logging_mixin.py:188} INFO - [2026-07-09T03:43:22.103-0500] {dag.py:3089} INFO - Sync 1 DAGs
[2026-07-09T03:43:22.120-0500] {logging_mixin.py:188} INFO - [2026-07-09T03:43:22.120-0500] {dag.py:3947} INFO - Setting next_dagrun for aerotrack_travel_catalogo_vuelos to 2026-07-09 00:00:00+00:00, run_after=2026-07-10 00:00:00+00:00
[2026-07-09T03:43:22.135-0500] {processor.py:183} INFO - Processing /opt/airflow/dags/dag_generar_catalogo_vuelos.py took 0.546 seconds
[2026-07-09T03:43:52.677-0500] {processor.py:161} INFO - Started process (PID=16652) to work on /opt/airflow/dags/dag_generar_catalogo_vuelos.py
[2026-07-09T03:43:52.678-0500] {processor.py:830} INFO - Processing file /opt/airflow/dags/dag_generar_catalogo_vuelos.py for tasks to queue
[2026-07-09T03:43:52.680-0500] {logging_mixin.py:188} INFO - [2026-07-09T03:43:52.680-0500] {dagbag.py:545} INFO - Filling up the DagBag from /opt/airflow/dags/dag_generar_catalogo_vuelos.py
[2026-07-09T03:43:53.145-0500] {processor.py:840} INFO - DAG(s) 'aerotrack_travel_catalogo_vuelos' retrieved from /opt/airflow/dags/dag_generar_catalogo_vuelos.py
[2026-07-09T03:43:53.175-0500] {logging_mixin.py:188} INFO - [2026-07-09T03:43:53.175-0500] {dag.py:3089} INFO - Sync 1 DAGs
[2026-07-09T03:43:53.337-0500] {logging_mixin.py:188} INFO - [2026-07-09T03:43:53.337-0500] {dag.py:3947} INFO - Setting next_dagrun for aerotrack_travel_catalogo_vuelos to 2026-07-09 00:00:00+00:00, run_after=2026-07-10 00:00:00+00:00
[2026-07-09T03:43:53.351-0500] {processor.py:183} INFO - Processing /opt/airflow/dags/dag_generar_catalogo_vuelos.py took 0.679 seconds
[2026-07-09T03:44:23.846-0500] {processor.py:161} INFO - Started process (PID=16679) to work on /opt/airflow/dags/dag_generar_catalogo_vuelos.py
[2026-07-09T03:44:23.847-0500] {processor.py:830} INFO - Processing file /opt/airflow/dags/dag_generar_catalogo_vuelos.py for tasks to queue
[2026-07-09T03:44:23.849-0500] {logging_mixin.py:188} INFO - [2026-07-09T03:44:23.849-0500] {dagbag.py:545} INFO - Filling up the DagBag from /opt/airflow/dags/dag_generar_catalogo_vuelos.py
[2026-07-09T03:44:24.356-0500] {processor.py:840} INFO - DAG(s) 'aerotrack_travel_catalogo_vuelos' retrieved from /opt/airflow/dags/dag_generar_catalogo_vuelos.py
[2026-07-09T03:44:24.394-0500] {logging_mixin.py:188} INFO - [2026-07-09T03:44:24.393-0500] {dag.py:3089} INFO - Sync 1 DAGs
[2026-07-09T03:44:24.413-0500] {logging_mixin.py:188} INFO - [2026-07-09T03:44:24.413-0500] {dag.py:3947} INFO - Setting next_dagrun for aerotrack_travel_catalogo_vuelos to 2026-07-09 00:00:00+00:00, run_after=2026-07-10 00:00:00+00:00
[2026-07-09T03:44:24.429-0500] {processor.py:183} INFO - Processing /opt/airflow/dags/dag_generar_catalogo_vuelos.py took 0.588 seconds
[2026-07-09T03:44:54.745-0500] {processor.py:161} INFO - Started process (PID=16706) to work on /opt/airflow/dags/dag_generar_catalogo_vuelos.py
[2026-07-09T03:44:54.745-0500] {processor.py:830} INFO - Processing file /opt/airflow/dags/dag_generar_catalogo_vuelos.py for tasks to queue
[2026-07-09T03:44:54.747-0500] {logging_mixin.py:188} INFO - [2026-07-09T03:44:54.747-0500] {dagbag.py:545} INFO - Filling up the DagBag from /opt/airflow/dags/dag_generar_catalogo_vuelos.py
[2026-07-09T03:44:55.223-0500] {processor.py:840} INFO - DAG(s) 'aerotrack_travel_catalogo_vuelos' retrieved from /opt/airflow/dags/dag_generar_catalogo_vuelos.py
[2026-07-09T03:44:55.256-0500] {logging_mixin.py:188} INFO - [2026-07-09T03:44:55.255-0500] {dag.py:3089} INFO - Sync 1 DAGs
[2026-07-09T03:44:55.273-0500] {logging_mixin.py:188} INFO - [2026-07-09T03:44:55.273-0500] {dag.py:3947} INFO - Setting next_dagrun for aerotrack_travel_catalogo_vuelos to 2026-07-09 00:00:00+00:00, run_after=2026-07-10 00:00:00+00:00
[2026-07-09T03:44:55.305-0500] {processor.py:183} INFO - Processing /opt/airflow/dags/dag_generar_catalogo_vuelos.py took 0.566 seconds
[2026-07-09T03:45:25.688-0500] {processor.py:161} INFO - Started process (PID=16733) to work on /opt/airflow/dags/dag_generar_catalogo_vuelos.py
[2026-07-09T03:45:25.689-0500] {processor.py:830} INFO - Processing file /opt/airflow/dags/dag_generar_catalogo_vuelos.py for tasks to queue
[2026-07-09T03:45:25.691-0500] {logging_mixin.py:188} INFO - [2026-07-09T03:45:25.691-0500] {dagbag.py:545} INFO - Filling up the DagBag from /opt/airflow/dags/dag_generar_catalogo_vuelos.py
[2026-07-09T03:45:26.214-0500] {processor.py:840} INFO - DAG(s) 'aerotrack_travel_catalogo_vuelos' retrieved from /opt/airflow/dags/dag_generar_catalogo_vuelos.py
[2026-07-09T03:45:26.256-0500] {logging_mixin.py:188} INFO - [2026-07-09T03:45:26.256-0500] {dag.py:3089} INFO - Sync 1 DAGs
[2026-07-09T03:45:26.297-0500] {logging_mixin.py:188} INFO - [2026-07-09T03:45:26.296-0500] {dag.py:3947} INFO - Setting next_dagrun for aerotrack_travel_catalogo_vuelos to 2026-07-09 00:00:00+00:00, run_after=2026-07-10 00:00:00+00:00
[2026-07-09T03:45:26.482-0500] {processor.py:183} INFO - Processing /opt/airflow/dags/dag_generar_catalogo_vuelos.py took 0.799 seconds
[2026-07-09T03:45:57.011-0500] {processor.py:161} INFO - Started process (PID=16760) to work on /opt/airflow/dags/dag_generar_catalogo_vuelos.py
[2026-07-09T03:45:57.012-0500] {processor.py:830} INFO - Processing file /opt/airflow/dags/dag_generar_catalogo_vuelos.py for tasks to queue
[2026-07-09T03:45:57.014-0500] {logging_mixin.py:188} INFO - [2026-07-09T03:45:57.014-0500] {dagbag.py:545} INFO - Filling up the DagBag from /opt/airflow/dags/dag_generar_catalogo_vuelos.py
[2026-07-09T03:45:57.486-0500] {processor.py:840} INFO - DAG(s) 'aerotrack_travel_catalogo_vuelos' retrieved from /opt/airflow/dags/dag_generar_catalogo_vuelos.py
[2026-07-09T03:45:57.520-0500] {logging_mixin.py:188} INFO - [2026-07-09T03:45:57.519-0500] {dag.py:3089} INFO - Sync 1 DAGs
[2026-07-09T03:45:57.539-0500] {logging_mixin.py:188} INFO - [2026-07-09T03:45:57.538-0500] {dag.py:3947} INFO - Setting next_dagrun for aerotrack_travel_catalogo_vuelos to 2026-07-09 00:00:00+00:00, run_after=2026-07-10 00:00:00+00:00
[2026-07-09T03:45:57.554-0500] {processor.py:183} INFO - Processing /opt/airflow/dags/dag_generar_catalogo_vuelos.py took 0.548 seconds
[2026-07-09T03:46:28.005-0500] {processor.py:161} INFO - Started process (PID=16787) to work on /opt/airflow/dags/dag_generar_catalogo_vuelos.py
[2026-07-09T03:46:28.006-0500] {processor.py:830} INFO - Processing file /opt/airflow/dags/dag_generar_catalogo_vuelos.py for tasks to queue
[2026-07-09T03:46:28.008-0500] {logging_mixin.py:188} INFO - [2026-07-09T03:46:28.008-0500] {dagbag.py:545} INFO - Filling up the DagBag from /opt/airflow/dags/dag_generar_catalogo_vuelos.py
[2026-07-09T03:46:28.519-0500] {processor.py:840} INFO - DAG(s) 'aerotrack_travel_catalogo_vuelos' retrieved from /opt/airflow/dags/dag_generar_catalogo_vuelos.py
[2026-07-09T03:46:28.559-0500] {logging_mixin.py:188} INFO - [2026-07-09T03:46:28.559-0500] {dag.py:3089} INFO - Sync 1 DAGs
[2026-07-09T03:46:28.581-0500] {logging_mixin.py:188} INFO - [2026-07-09T03:46:28.580-0500] {dag.py:3947} INFO - Setting next_dagrun for aerotrack_travel_catalogo_vuelos to 2026-07-09 00:00:00+00:00, run_after=2026-07-10 00:00:00+00:00
[2026-07-09T03:46:28.604-0500] {processor.py:183} INFO - Processing /opt/airflow/dags/dag_generar_catalogo_vuelos.py took 0.604 seconds
[2026-07-09T03:46:59.119-0500] {processor.py:161} INFO - Started process (PID=16814) to work on /opt/airflow/dags/dag_generar_catalogo_vuelos.py
[2026-07-09T03:46:59.120-0500] {processor.py:830} INFO - Processing file /opt/airflow/dags/dag_generar_catalogo_vuelos.py for tasks to queue
[2026-07-09T03:46:59.122-0500] {logging_mixin.py:188} INFO - [2026-07-09T03:46:59.122-0500] {dagbag.py:545} INFO - Filling up the DagBag from /opt/airflow/dags/dag_generar_catalogo_vuelos.py
[2026-07-09T03:46:59.554-0500] {processor.py:840} INFO - DAG(s) 'aerotrack_travel_catalogo_vuelos' retrieved from /opt/airflow/dags/dag_generar_catalogo_vuelos.py
[2026-07-09T03:46:59.582-0500] {logging_mixin.py:188} INFO - [2026-07-09T03:46:59.581-0500] {dag.py:3089} INFO - Sync 1 DAGs
[2026-07-09T03:46:59.600-0500] {logging_mixin.py:188} INFO - [2026-07-09T03:46:59.599-0500] {dag.py:3947} INFO - Setting next_dagrun for aerotrack_travel_catalogo_vuelos to 2026-07-09 00:00:00+00:00, run_after=2026-07-10 00:00:00+00:00
[2026-07-09T03:46:59.617-0500] {processor.py:183} INFO - Processing /opt/airflow/dags/dag_generar_catalogo_vuelos.py took 0.503 seconds
[2026-07-09T03:47:29.951-0500] {processor.py:161} INFO - Started process (PID=16841) to work on /opt/airflow/dags/dag_generar_catalogo_vuelos.py
[2026-07-09T03:47:29.952-0500] {processor.py:830} INFO - Processing file /opt/airflow/dags/dag_generar_catalogo_vuelos.py for tasks to queue
[2026-07-09T03:47:29.954-0500] {logging_mixin.py:188} INFO - [2026-07-09T03:47:29.954-0500] {dagbag.py:545} INFO - Filling up the DagBag from /opt/airflow/dags/dag_generar_catalogo_vuelos.py
[2026-07-09T03:47:30.382-0500] {processor.py:840} INFO - DAG(s) 'aerotrack_travel_catalogo_vuelos' retrieved from /opt/airflow/dags/dag_generar_catalogo_vuelos.py
[2026-07-09T03:47:30.411-0500] {logging_mixin.py:188} INFO - [2026-07-09T03:47:30.411-0500] {dag.py:3089} INFO - Sync 1 DAGs
[2026-07-09T03:47:30.431-0500] {logging_mixin.py:188} INFO - [2026-07-09T03:47:30.431-0500] {dag.py:3947} INFO - Setting next_dagrun for aerotrack_travel_catalogo_vuelos to 2026-07-09 00:00:00+00:00, run_after=2026-07-10 00:00:00+00:00
[2026-07-09T03:47:30.614-0500] {processor.py:183} INFO - Processing /opt/airflow/dags/dag_generar_catalogo_vuelos.py took 0.668 seconds
[2026-07-09T03:48:01.052-0500] {processor.py:161} INFO - Started process (PID=16868) to work on /opt/airflow/dags/dag_generar_catalogo_vuelos.py
[2026-07-09T03:48:01.053-0500] {processor.py:830} INFO - Processing file /opt/airflow/dags/dag_generar_catalogo_vuelos.py for tasks to queue
[2026-07-09T03:48:01.054-0500] {logging_mixin.py:188} INFO - [2026-07-09T03:48:01.054-0500] {dagbag.py:545} INFO - Filling up the DagBag from /opt/airflow/dags/dag_generar_catalogo_vuelos.py
[2026-07-09T03:48:01.462-0500] {processor.py:840} INFO - DAG(s) 'aerotrack_travel_catalogo_vuelos' retrieved from /opt/airflow/dags/dag_generar_catalogo_vuelos.py
[2026-07-09T03:48:01.489-0500] {logging_mixin.py:188} INFO - [2026-07-09T03:48:01.489-0500] {dag.py:3089} INFO - Sync 1 DAGs
[2026-07-09T03:48:01.507-0500] {logging_mixin.py:188} INFO - [2026-07-09T03:48:01.507-0500] {dag.py:3947} INFO - Setting next_dagrun for aerotrack_travel_catalogo_vuelos to 2026-07-09 00:00:00+00:00, run_after=2026-07-10 00:00:00+00:00
[2026-07-09T03:48:01.524-0500] {processor.py:183} INFO - Processing /opt/airflow/dags/dag_generar_catalogo_vuelos.py took 0.476 seconds
[2026-07-09T03:48:31.958-0500] {processor.py:161} INFO - Started process (PID=16895) to work on /opt/airflow/dags/dag_generar_catalogo_vuelos.py
[2026-07-09T03:48:31.959-0500] {processor.py:830} INFO - Processing file /opt/airflow/dags/dag_generar_catalogo_vuelos.py for tasks to queue
[2026-07-09T03:48:31.961-0500] {logging_mixin.py:188} INFO - [2026-07-09T03:48:31.960-0500] {dagbag.py:545} INFO - Filling up the DagBag from /opt/airflow/dags/dag_generar_catalogo_vuelos.py
[2026-07-09T03:48:32.424-0500] {processor.py:840} INFO - DAG(s) 'aerotrack_travel_catalogo_vuelos' retrieved from /opt/airflow/dags/dag_generar_catalogo_vuelos.py
[2026-07-09T03:48:32.463-0500] {logging_mixin.py:188} INFO - [2026-07-09T03:48:32.462-0500] {dag.py:3089} INFO - Sync 1 DAGs
[2026-07-09T03:48:32.482-0500] {logging_mixin.py:188} INFO - [2026-07-09T03:48:32.482-0500] {dag.py:3947} INFO - Setting next_dagrun for aerotrack_travel_catalogo_vuelos to 2026-07-09 00:00:00+00:00, run_after=2026-07-10 00:00:00+00:00
[2026-07-09T03:48:32.499-0500] {processor.py:183} INFO - Processing /opt/airflow/dags/dag_generar_catalogo_vuelos.py took 0.545 seconds
[2026-07-09T03:49:02.853-0500] {processor.py:161} INFO - Started process (PID=16922) to work on /opt/airflow/dags/dag_generar_catalogo_vuelos.py
[2026-07-09T03:49:02.854-0500] {processor.py:830} INFO - Processing file /opt/airflow/dags/dag_generar_catalogo_vuelos.py for tasks to queue
[2026-07-09T03:49:02.856-0500] {logging_mixin.py:188} INFO - [2026-07-09T03:49:02.856-0500] {dagbag.py:545} INFO - Filling up the DagBag from /opt/airflow/dags/dag_generar_catalogo_vuelos.py
[2026-07-09T03:49:03.298-0500] {processor.py:840} INFO - DAG(s) 'aerotrack_travel_catalogo_vuelos' retrieved from /opt/airflow/dags/dag_generar_catalogo_vuelos.py
[2026-07-09T03:49:03.331-0500] {logging_mixin.py:188} INFO - [2026-07-09T03:49:03.331-0500] {dag.py:3089} INFO - Sync 1 DAGs
[2026-07-09T03:49:03.349-0500] {logging_mixin.py:188} INFO - [2026-07-09T03:49:03.349-0500] {dag.py:3947} INFO - Setting next_dagrun for aerotrack_travel_catalogo_vuelos to 2026-07-09 00:00:00+00:00, run_after=2026-07-10 00:00:00+00:00
[2026-07-09T03:49:03.364-0500] {processor.py:183} INFO - Processing /opt/airflow/dags/dag_generar_catalogo_vuelos.py took 0.516 seconds
[2026-07-09T03:49:33.851-0500] {processor.py:161} INFO - Started process (PID=16949) to work on /opt/airflow/dags/dag_generar_catalogo_vuelos.py
[2026-07-09T03:49:33.852-0500] {processor.py:830} INFO - Processing file /opt/airflow/dags/dag_generar_catalogo_vuelos.py for tasks to queue
[2026-07-09T03:49:33.853-0500] {logging_mixin.py:188} INFO - [2026-07-09T03:49:33.853-0500] {dagbag.py:545} INFO - Filling up the DagBag from /opt/airflow/dags/dag_generar_catalogo_vuelos.py
[2026-07-09T03:49:34.342-0500] {processor.py:840} INFO - DAG(s) 'aerotrack_travel_catalogo_vuelos' retrieved from /opt/airflow/dags/dag_generar_catalogo_vuelos.py
[2026-07-09T03:49:34.387-0500] {logging_mixin.py:188} INFO - [2026-07-09T03:49:34.387-0500] {dag.py:3089} INFO - Sync 1 DAGs
[2026-07-09T03:49:34.413-0500] {logging_mixin.py:188} INFO - [2026-07-09T03:49:34.413-0500] {dag.py:3947} INFO - Setting next_dagrun for aerotrack_travel_catalogo_vuelos to 2026-07-09 00:00:00+00:00, run_after=2026-07-10 00:00:00+00:00
[2026-07-09T03:49:34.650-0500] {processor.py:183} INFO - Processing /opt/airflow/dags/dag_generar_catalogo_vuelos.py took 0.804 seconds
[2026-07-09T03:50:05.006-0500] {processor.py:161} INFO - Started process (PID=16976) to work on /opt/airflow/dags/dag_generar_catalogo_vuelos.py
[2026-07-09T03:50:05.006-0500] {processor.py:830} INFO - Processing file /opt/airflow/dags/dag_generar_catalogo_vuelos.py for tasks to queue
[2026-07-09T03:50:05.008-0500] {logging_mixin.py:188} INFO - [2026-07-09T03:50:05.008-0500] {dagbag.py:545} INFO - Filling up the DagBag from /opt/airflow/dags/dag_generar_catalogo_vuelos.py
[2026-07-09T03:50:05.450-0500] {processor.py:840} INFO - DAG(s) 'aerotrack_travel_catalogo_vuelos' retrieved from /opt/airflow/dags/dag_generar_catalogo_vuelos.py
[2026-07-09T03:50:05.484-0500] {logging_mixin.py:188} INFO - [2026-07-09T03:50:05.483-0500] {dag.py:3089} INFO - Sync 1 DAGs
[2026-07-09T03:50:05.501-0500] {logging_mixin.py:188} INFO - [2026-07-09T03:50:05.501-0500] {dag.py:3947} INFO - Setting next_dagrun for aerotrack_travel_catalogo_vuelos to 2026-07-09 00:00:00+00:00, run_after=2026-07-10 00:00:00+00:00
[2026-07-09T03:50:05.523-0500] {processor.py:183} INFO - Processing /opt/airflow/dags/dag_generar_catalogo_vuelos.py took 0.523 seconds
[2026-07-09T03:50:36.017-0500] {processor.py:161} INFO - Started process (PID=17003) to work on /opt/airflow/dags/dag_generar_catalogo_vuelos.py
[2026-07-09T03:50:36.018-0500] {processor.py:830} INFO - Processing file /opt/airflow/dags/dag_generar_catalogo_vuelos.py for tasks to queue
[2026-07-09T03:50:36.019-0500] {logging_mixin.py:188} INFO - [2026-07-09T03:50:36.019-0500] {dagbag.py:545} INFO - Filling up the DagBag from /opt/airflow/dags/dag_generar_catalogo_vuelos.py
[2026-07-09T03:50:36.542-0500] {processor.py:840} INFO - DAG(s) 'aerotrack_travel_catalogo_vuelos' retrieved from /opt/airflow/dags/dag_generar_catalogo_vuelos.py
[2026-07-09T03:50:36.578-0500] {logging_mixin.py:188} INFO - [2026-07-09T03:50:36.578-0500] {dag.py:3089} INFO - Sync 1 DAGs
[2026-07-09T03:50:36.597-0500] {logging_mixin.py:188} INFO - [2026-07-09T03:50:36.597-0500] {dag.py:3947} INFO - Setting next_dagrun for aerotrack_travel_catalogo_vuelos to 2026-07-09 00:00:00+00:00, run_after=2026-07-10 00:00:00+00:00
[2026-07-09T03:50:36.613-0500] {processor.py:183} INFO - Processing /opt/airflow/dags/dag_generar_catalogo_vuelos.py took 0.601 seconds
[2026-07-09T03:51:06.954-0500] {processor.py:161} INFO - Started process (PID=17030) to work on /opt/airflow/dags/dag_generar_catalogo_vuelos.py
[2026-07-09T03:51:06.954-0500] {processor.py:830} INFO - Processing file /opt/airflow/dags/dag_generar_catalogo_vuelos.py for tasks to queue
[2026-07-09T03:51:06.956-0500] {logging_mixin.py:188} INFO - [2026-07-09T03:51:06.956-0500] {dagbag.py:545} INFO - Filling up the DagBag from /opt/airflow/dags/dag_generar_catalogo_vuelos.py
[2026-07-09T03:51:07.451-0500] {processor.py:840} INFO - DAG(s) 'aerotrack_travel_catalogo_vuelos' retrieved from /opt/airflow/dags/dag_generar_catalogo_vuelos.py
[2026-07-09T03:51:07.494-0500] {logging_mixin.py:188} INFO - [2026-07-09T03:51:07.494-0500] {dag.py:3089} INFO - Sync 1 DAGs
[2026-07-09T03:51:07.518-0500] {logging_mixin.py:188} INFO - [2026-07-09T03:51:07.518-0500] {dag.py:3947} INFO - Setting next_dagrun for aerotrack_travel_catalogo_vuelos to 2026-07-09 00:00:00+00:00, run_after=2026-07-10 00:00:00+00:00
[2026-07-09T03:51:07.538-0500] {processor.py:183} INFO - Processing /opt/airflow/dags/dag_generar_catalogo_vuelos.py took 0.589 seconds
[2026-07-09T03:51:37.985-0500] {processor.py:161} INFO - Started process (PID=17057) to work on /opt/airflow/dags/dag_generar_catalogo_vuelos.py
[2026-07-09T03:51:37.985-0500] {processor.py:830} INFO - Processing file /opt/airflow/dags/dag_generar_catalogo_vuelos.py for tasks to queue
[2026-07-09T03:51:37.987-0500] {logging_mixin.py:188} INFO - [2026-07-09T03:51:37.987-0500] {dagbag.py:545} INFO - Filling up the DagBag from /opt/airflow/dags/dag_generar_catalogo_vuelos.py
[2026-07-09T03:51:38.399-0500] {processor.py:840} INFO - DAG(s) 'aerotrack_travel_catalogo_vuelos' retrieved from /opt/airflow/dags/dag_generar_catalogo_vuelos.py
[2026-07-09T03:51:38.434-0500] {logging_mixin.py:188} INFO - [2026-07-09T03:51:38.434-0500] {dag.py:3089} INFO - Sync 1 DAGs
[2026-07-09T03:51:38.456-0500] {logging_mixin.py:188} INFO - [2026-07-09T03:51:38.455-0500] {dag.py:3947} INFO - Setting next_dagrun for aerotrack_travel_catalogo_vuelos to 2026-07-09 00:00:00+00:00, run_after=2026-07-10 00:00:00+00:00
[2026-07-09T03:51:38.661-0500] {processor.py:183} INFO - Processing /opt/airflow/dags/dag_generar_catalogo_vuelos.py took 0.681 seconds
[2026-07-09T03:52:08.988-0500] {processor.py:161} INFO - Started process (PID=17084) to work on /opt/airflow/dags/dag_generar_catalogo_vuelos.py
[2026-07-09T03:52:08.989-0500] {processor.py:830} INFO - Processing file /opt/airflow/dags/dag_generar_catalogo_vuelos.py for tasks to queue
[2026-07-09T03:52:08.990-0500] {logging_mixin.py:188} INFO - [2026-07-09T03:52:08.990-0500] {dagbag.py:545} INFO - Filling up the DagBag from /opt/airflow/dags/dag_generar_catalogo_vuelos.py
[2026-07-09T03:52:09.412-0500] {processor.py:840} INFO - DAG(s) 'aerotrack_travel_catalogo_vuelos' retrieved from /opt/airflow/dags/dag_generar_catalogo_vuelos.py
[2026-07-09T03:52:09.451-0500] {logging_mixin.py:188} INFO - [2026-07-09T03:52:09.451-0500] {dag.py:3089} INFO - Sync 1 DAGs
[2026-07-09T03:52:09.476-0500] {logging_mixin.py:188} INFO - [2026-07-09T03:52:09.475-0500] {dag.py:3947} INFO - Setting next_dagrun for aerotrack_travel_catalogo_vuelos to 2026-07-09 00:00:00+00:00, run_after=2026-07-10 00:00:00+00:00
[2026-07-09T03:52:09.493-0500] {processor.py:183} INFO - Processing /opt/airflow/dags/dag_generar_catalogo_vuelos.py took 0.510 seconds
[2026-07-09T03:52:39.832-0500] {processor.py:161} INFO - Started process (PID=17111) to work on /opt/airflow/dags/dag_generar_catalogo_vuelos.py
[2026-07-09T03:52:39.832-0500] {processor.py:830} INFO - Processing file /opt/airflow/dags/dag_generar_catalogo_vuelos.py for tasks to queue
[2026-07-09T03:52:39.834-0500] {logging_mixin.py:188} INFO - [2026-07-09T03:52:39.834-0500] {dagbag.py:545} INFO - Filling up the DagBag from /opt/airflow/dags/dag_generar_catalogo_vuelos.py
[2026-07-09T03:52:40.252-0500] {processor.py:840} INFO - DAG(s) 'aerotrack_travel_catalogo_vuelos' retrieved from /opt/airflow/dags/dag_generar_catalogo_vuelos.py
[2026-07-09T03:52:40.294-0500] {logging_mixin.py:188} INFO - [2026-07-09T03:52:40.294-0500] {dag.py:3089} INFO - Sync 1 DAGs
[2026-07-09T03:52:40.315-0500] {logging_mixin.py:188} INFO - [2026-07-09T03:52:40.315-0500] {dag.py:3947} INFO - Setting next_dagrun for aerotrack_travel_catalogo_vuelos to 2026-07-09 00:00:00+00:00, run_after=2026-07-10 00:00:00+00:00
[2026-07-09T03:52:40.331-0500] {processor.py:183} INFO - Processing /opt/airflow/dags/dag_generar_catalogo_vuelos.py took 0.504 seconds
[2026-07-09T03:53:10.725-0500] {processor.py:161} INFO - Started process (PID=17138) to work on /opt/airflow/dags/dag_generar_catalogo_vuelos.py
[2026-07-09T03:53:10.726-0500] {processor.py:830} INFO - Processing file /opt/airflow/dags/dag_generar_catalogo_vuelos.py for tasks to queue
[2026-07-09T03:53:10.727-0500] {logging_mixin.py:188} INFO - [2026-07-09T03:53:10.727-0500] {dagbag.py:545} INFO - Filling up the DagBag from /opt/airflow/dags/dag_generar_catalogo_vuelos.py
[2026-07-09T03:53:11.124-0500] {processor.py:840} INFO - DAG(s) 'aerotrack_travel_catalogo_vuelos' retrieved from /opt/airflow/dags/dag_generar_catalogo_vuelos.py
[2026-07-09T03:53:11.152-0500] {logging_mixin.py:188} INFO - [2026-07-09T03:53:11.152-0500] {dag.py:3089} INFO - Sync 1 DAGs
[2026-07-09T03:53:11.168-0500] {logging_mixin.py:188} INFO - [2026-07-09T03:53:11.168-0500] {dag.py:3947} INFO - Setting next_dagrun for aerotrack_travel_catalogo_vuelos to 2026-07-09 00:00:00+00:00, run_after=2026-07-10 00:00:00+00:00
[2026-07-09T03:53:11.183-0500] {processor.py:183} INFO - Processing /opt/airflow/dags/dag_generar_catalogo_vuelos.py took 0.462 seconds
[2026-07-09T03:53:41.504-0500] {processor.py:161} INFO - Started process (PID=17165) to work on /opt/airflow/dags/dag_generar_catalogo_vuelos.py
[2026-07-09T03:53:41.505-0500] {processor.py:830} INFO - Processing file /opt/airflow/dags/dag_generar_catalogo_vuelos.py for tasks to queue
[2026-07-09T03:53:41.507-0500] {logging_mixin.py:188} INFO - [2026-07-09T03:53:41.507-0500] {dagbag.py:545} INFO - Filling up the DagBag from /opt/airflow/dags/dag_generar_catalogo_vuelos.py
[2026-07-09T03:53:41.952-0500] {processor.py:840} INFO - DAG(s) 'aerotrack_travel_catalogo_vuelos' retrieved from /opt/airflow/dags/dag_generar_catalogo_vuelos.py
[2026-07-09T03:53:41.987-0500] {logging_mixin.py:188} INFO - [2026-07-09T03:53:41.987-0500] {dag.py:3089} INFO - Sync 1 DAGs
[2026-07-09T03:53:42.007-0500] {logging_mixin.py:188} INFO - [2026-07-09T03:53:42.007-0500] {dag.py:3947} INFO - Setting next_dagrun for aerotrack_travel_catalogo_vuelos to 2026-07-09 00:00:00+00:00, run_after=2026-07-10 00:00:00+00:00
[2026-07-09T03:53:42.181-0500] {processor.py:183} INFO - Processing /opt/airflow/dags/dag_generar_catalogo_vuelos.py took 0.682 seconds
[2026-07-09T03:54:12.706-0500] {processor.py:161} INFO - Started process (PID=17192) to work on /opt/airflow/dags/dag_generar_catalogo_vuelos.py
[2026-07-09T03:54:12.707-0500] {processor.py:830} INFO - Processing file /opt/airflow/dags/dag_generar_catalogo_vuelos.py for tasks to queue
[2026-07-09T03:54:12.708-0500] {logging_mixin.py:188} INFO - [2026-07-09T03:54:12.708-0500] {dagbag.py:545} INFO - Filling up the DagBag from /opt/airflow/dags/dag_generar_catalogo_vuelos.py
[2026-07-09T03:54:13.149-0500] {processor.py:840} INFO - DAG(s) 'aerotrack_travel_catalogo_vuelos' retrieved from /opt/airflow/dags/dag_generar_catalogo_vuelos.py
[2026-07-09T03:54:13.177-0500] {logging_mixin.py:188} INFO - [2026-07-09T03:54:13.176-0500] {dag.py:3089} INFO - Sync 1 DAGs
[2026-07-09T03:54:13.192-0500] {logging_mixin.py:188} INFO - [2026-07-09T03:54:13.192-0500] {dag.py:3947} INFO - Setting next_dagrun for aerotrack_travel_catalogo_vuelos to 2026-07-09 00:00:00+00:00, run_after=2026-07-10 00:00:00+00:00
[2026-07-09T03:54:13.207-0500] {processor.py:183} INFO - Processing /opt/airflow/dags/dag_generar_catalogo_vuelos.py took 0.507 seconds
[2026-07-09T03:54:43.693-0500] {processor.py:161} INFO - Started process (PID=17219) to work on /opt/airflow/dags/dag_generar_catalogo_vuelos.py
[2026-07-09T03:54:43.694-0500] {processor.py:830} INFO - Processing file /opt/airflow/dags/dag_generar_catalogo_vuelos.py for tasks to queue
[2026-07-09T03:54:43.696-0500] {logging_mixin.py:188} INFO - [2026-07-09T03:54:43.696-0500] {dagbag.py:545} INFO - Filling up the DagBag from /opt/airflow/dags/dag_generar_catalogo_vuelos.py
[2026-07-09T03:54:44.160-0500] {processor.py:840} INFO - DAG(s) 'aerotrack_travel_catalogo_vuelos' retrieved from /opt/airflow/dags/dag_generar_catalogo_vuelos.py
[2026-07-09T03:54:44.198-0500] {logging_mixin.py:188} INFO - [2026-07-09T03:54:44.198-0500] {dag.py:3089} INFO - Sync 1 DAGs
[2026-07-09T03:54:44.219-0500] {logging_mixin.py:188} INFO - [2026-07-09T03:54:44.219-0500] {dag.py:3947} INFO - Setting next_dagrun for aerotrack_travel_catalogo_vuelos to 2026-07-09 00:00:00+00:00, run_after=2026-07-10 00:00:00+00:00
[2026-07-09T03:54:44.239-0500] {processor.py:183} INFO - Processing /opt/airflow/dags/dag_generar_catalogo_vuelos.py took 0.551 seconds
[2026-07-09T03:55:14.659-0500] {processor.py:161} INFO - Started process (PID=17246) to work on /opt/airflow/dags/dag_generar_catalogo_vuelos.py
[2026-07-09T03:55:14.660-0500] {processor.py:830} INFO - Processing file /opt/airflow/dags/dag_generar_catalogo_vuelos.py for tasks to queue
[2026-07-09T03:55:14.662-0500] {logging_mixin.py:188} INFO - [2026-07-09T03:55:14.662-0500] {dagbag.py:545} INFO - Filling up the DagBag from /opt/airflow/dags/dag_generar_catalogo_vuelos.py
[2026-07-09T03:55:15.104-0500] {processor.py:840} INFO - DAG(s) 'aerotrack_travel_catalogo_vuelos' retrieved from /opt/airflow/dags/dag_generar_catalogo_vuelos.py
[2026-07-09T03:55:15.141-0500] {logging_mixin.py:188} INFO - [2026-07-09T03:55:15.140-0500] {dag.py:3089} INFO - Sync 1 DAGs
[2026-07-09T03:55:15.159-0500] {logging_mixin.py:188} INFO - [2026-07-09T03:55:15.159-0500] {dag.py:3947} INFO - Setting next_dagrun for aerotrack_travel_catalogo_vuelos to 2026-07-09 00:00:00+00:00, run_after=2026-07-10 00:00:00+00:00
[2026-07-09T03:55:15.174-0500] {processor.py:183} INFO - Processing /opt/airflow/dags/dag_generar_catalogo_vuelos.py took 0.520 seconds
[2026-07-09T03:55:45.594-0500] {processor.py:161} INFO - Started process (PID=17273) to work on /opt/airflow/dags/dag_generar_catalogo_vuelos.py
[2026-07-09T03:55:45.595-0500] {processor.py:830} INFO - Processing file /opt/airflow/dags/dag_generar_catalogo_vuelos.py for tasks to queue
[2026-07-09T03:55:45.596-0500] {logging_mixin.py:188} INFO - [2026-07-09T03:55:45.596-0500] {dagbag.py:545} INFO - Filling up the DagBag from /opt/airflow/dags/dag_generar_catalogo_vuelos.py
[2026-07-09T03:55:46.027-0500] {processor.py:840} INFO - DAG(s) 'aerotrack_travel_catalogo_vuelos' retrieved from /opt/airflow/dags/dag_generar_catalogo_vuelos.py
[2026-07-09T03:55:46.057-0500] {logging_mixin.py:188} INFO - [2026-07-09T03:55:46.057-0500] {dag.py:3089} INFO - Sync 1 DAGs
[2026-07-09T03:55:46.078-0500] {logging_mixin.py:188} INFO - [2026-07-09T03:55:46.078-0500] {dag.py:3947} INFO - Setting next_dagrun for aerotrack_travel_catalogo_vuelos to 2026-07-09 00:00:00+00:00, run_after=2026-07-10 00:00:00+00:00
[2026-07-09T03:55:46.236-0500] {processor.py:183} INFO - Processing /opt/airflow/dags/dag_generar_catalogo_vuelos.py took 0.646 seconds
[2026-07-09T03:56:16.575-0500] {processor.py:161} INFO - Started process (PID=17300) to work on /opt/airflow/dags/dag_generar_catalogo_vuelos.py
[2026-07-09T03:56:16.576-0500] {processor.py:830} INFO - Processing file /opt/airflow/dags/dag_generar_catalogo_vuelos.py for tasks to queue
[2026-07-09T03:56:16.578-0500] {logging_mixin.py:188} INFO - [2026-07-09T03:56:16.577-0500] {dagbag.py:545} INFO - Filling up the DagBag from /opt/airflow/dags/dag_generar_catalogo_vuelos.py
[2026-07-09T03:56:17.028-0500] {processor.py:840} INFO - DAG(s) 'aerotrack_travel_catalogo_vuelos' retrieved from /opt/airflow/dags/dag_generar_catalogo_vuelos.py
[2026-07-09T03:56:17.059-0500] {logging_mixin.py:188} INFO - [2026-07-09T03:56:17.059-0500] {dag.py:3089} INFO - Sync 1 DAGs
[2026-07-09T03:56:17.221-0500] {logging_mixin.py:188} INFO - [2026-07-09T03:56:17.221-0500] {dag.py:3947} INFO - Setting next_dagrun for aerotrack_travel_catalogo_vuelos to 2026-07-09 00:00:00+00:00, run_after=2026-07-10 00:00:00+00:00
[2026-07-09T03:56:17.236-0500] {processor.py:183} INFO - Processing /opt/airflow/dags/dag_generar_catalogo_vuelos.py took 0.668 seconds
[2026-07-09T03:56:47.643-0500] {processor.py:161} INFO - Started process (PID=17327) to work on /opt/airflow/dags/dag_generar_catalogo_vuelos.py
[2026-07-09T03:56:47.645-0500] {processor.py:830} INFO - Processing file /opt/airflow/dags/dag_generar_catalogo_vuelos.py for tasks to queue
[2026-07-09T03:56:47.647-0500] {logging_mixin.py:188} INFO - [2026-07-09T03:56:47.647-0500] {dagbag.py:545} INFO - Filling up the DagBag from /opt/airflow/dags/dag_generar_catalogo_vuelos.py
[2026-07-09T03:56:48.196-0500] {processor.py:840} INFO - DAG(s) 'aerotrack_travel_catalogo_vuelos' retrieved from /opt/airflow/dags/dag_generar_catalogo_vuelos.py
[2026-07-09T03:56:48.234-0500] {logging_mixin.py:188} INFO - [2026-07-09T03:56:48.234-0500] {dag.py:3089} INFO - Sync 1 DAGs
[2026-07-09T03:56:48.253-0500] {logging_mixin.py:188} INFO - [2026-07-09T03:56:48.252-0500] {dag.py:3947} INFO - Setting next_dagrun for aerotrack_travel_catalogo_vuelos to 2026-07-09 00:00:00+00:00, run_after=2026-07-10 00:00:00+00:00
[2026-07-09T03:56:48.272-0500] {processor.py:183} INFO - Processing /opt/airflow/dags/dag_generar_catalogo_vuelos.py took 0.634 seconds
[2026-07-09T03:57:18.803-0500] {processor.py:161} INFO - Started process (PID=17354) to work on /opt/airflow/dags/dag_generar_catalogo_vuelos.py
[2026-07-09T03:57:18.804-0500] {processor.py:830} INFO - Processing file /opt/airflow/dags/dag_generar_catalogo_vuelos.py for tasks to queue
[2026-07-09T03:57:18.807-0500] {logging_mixin.py:188} INFO - [2026-07-09T03:57:18.807-0500] {dagbag.py:545} INFO - Filling up the DagBag from /opt/airflow/dags/dag_generar_catalogo_vuelos.py
[2026-07-09T03:57:19.288-0500] {processor.py:840} INFO - DAG(s) 'aerotrack_travel_catalogo_vuelos' retrieved from /opt/airflow/dags/dag_generar_catalogo_vuelos.py
[2026-07-09T03:57:19.320-0500] {logging_mixin.py:188} INFO - [2026-07-09T03:57:19.320-0500] {dag.py:3089} INFO - Sync 1 DAGs
[2026-07-09T03:57:19.338-0500] {logging_mixin.py:188} INFO - [2026-07-09T03:57:19.338-0500] {dag.py:3947} INFO - Setting next_dagrun for aerotrack_travel_catalogo_vuelos to 2026-07-09 00:00:00+00:00, run_after=2026-07-10 00:00:00+00:00
[2026-07-09T03:57:19.361-0500] {processor.py:183} INFO - Processing /opt/airflow/dags/dag_generar_catalogo_vuelos.py took 0.563 seconds
[2026-07-09T03:57:49.795-0500] {processor.py:161} INFO - Started process (PID=17381) to work on /opt/airflow/dags/dag_generar_catalogo_vuelos.py
[2026-07-09T03:57:49.795-0500] {processor.py:830} INFO - Processing file /opt/airflow/dags/dag_generar_catalogo_vuelos.py for tasks to queue
[2026-07-09T03:57:49.797-0500] {logging_mixin.py:188} INFO - [2026-07-09T03:57:49.797-0500] {dagbag.py:545} INFO - Filling up the DagBag from /opt/airflow/dags/dag_generar_catalogo_vuelos.py
[2026-07-09T03:57:50.229-0500] {processor.py:840} INFO - DAG(s) 'aerotrack_travel_catalogo_vuelos' retrieved from /opt/airflow/dags/dag_generar_catalogo_vuelos.py
[2026-07-09T03:57:50.267-0500] {logging_mixin.py:188} INFO - [2026-07-09T03:57:50.266-0500] {dag.py:3089} INFO - Sync 1 DAGs
[2026-07-09T03:57:50.289-0500] {logging_mixin.py:188} INFO - [2026-07-09T03:57:50.289-0500] {dag.py:3947} INFO - Setting next_dagrun for aerotrack_travel_catalogo_vuelos to 2026-07-09 00:00:00+00:00, run_after=2026-07-10 00:00:00+00:00
[2026-07-09T03:57:50.467-0500] {processor.py:183} INFO - Processing /opt/airflow/dags/dag_generar_catalogo_vuelos.py took 0.677 seconds
[2026-07-09T03:58:20.806-0500] {processor.py:161} INFO - Started process (PID=17408) to work on /opt/airflow/dags/dag_generar_catalogo_vuelos.py
[2026-07-09T03:58:20.807-0500] {processor.py:830} INFO - Processing file /opt/airflow/dags/dag_generar_catalogo_vuelos.py for tasks to queue
[2026-07-09T03:58:20.809-0500] {logging_mixin.py:188} INFO - [2026-07-09T03:58:20.809-0500] {dagbag.py:545} INFO - Filling up the DagBag from /opt/airflow/dags/dag_generar_catalogo_vuelos.py
[2026-07-09T03:58:21.272-0500] {processor.py:840} INFO - DAG(s) 'aerotrack_travel_catalogo_vuelos' retrieved from /opt/airflow/dags/dag_generar_catalogo_vuelos.py
[2026-07-09T03:58:21.306-0500] {logging_mixin.py:188} INFO - [2026-07-09T03:58:21.306-0500] {dag.py:3089} INFO - Sync 1 DAGs
[2026-07-09T03:58:21.474-0500] {logging_mixin.py:188} INFO - [2026-07-09T03:58:21.473-0500] {dag.py:3947} INFO - Setting next_dagrun for aerotrack_travel_catalogo_vuelos to 2026-07-09 00:00:00+00:00, run_after=2026-07-10 00:00:00+00:00
[2026-07-09T03:58:21.492-0500] {processor.py:183} INFO - Processing /opt/airflow/dags/dag_generar_catalogo_vuelos.py took 0.691 seconds
[2026-07-09T03:58:51.863-0500] {processor.py:161} INFO - Started process (PID=17435) to work on /opt/airflow/dags/dag_generar_catalogo_vuelos.py
[2026-07-09T03:58:51.864-0500] {processor.py:830} INFO - Processing file /opt/airflow/dags/dag_generar_catalogo_vuelos.py for tasks to queue
[2026-07-09T03:58:51.866-0500] {logging_mixin.py:188} INFO - [2026-07-09T03:58:51.866-0500] {dagbag.py:545} INFO - Filling up the DagBag from /opt/airflow/dags/dag_generar_catalogo_vuelos.py
[2026-07-09T03:58:52.339-0500] {processor.py:840} INFO - DAG(s) 'aerotrack_travel_catalogo_vuelos' retrieved from /opt/airflow/dags/dag_generar_catalogo_vuelos.py
[2026-07-09T03:58:52.375-0500] {logging_mixin.py:188} INFO - [2026-07-09T03:58:52.375-0500] {dag.py:3089} INFO - Sync 1 DAGs
[2026-07-09T03:58:52.396-0500] {logging_mixin.py:188} INFO - [2026-07-09T03:58:52.396-0500] {dag.py:3947} INFO - Setting next_dagrun for aerotrack_travel_catalogo_vuelos to 2026-07-09 00:00:00+00:00, run_after=2026-07-10 00:00:00+00:00
[2026-07-09T03:58:52.414-0500] {processor.py:183} INFO - Processing /opt/airflow/dags/dag_generar_catalogo_vuelos.py took 0.557 seconds
[2026-07-09T03:59:22.771-0500] {processor.py:161} INFO - Started process (PID=17462) to work on /opt/airflow/dags/dag_generar_catalogo_vuelos.py
[2026-07-09T03:59:22.771-0500] {processor.py:830} INFO - Processing file /opt/airflow/dags/dag_generar_catalogo_vuelos.py for tasks to queue
[2026-07-09T03:59:22.773-0500] {logging_mixin.py:188} INFO - [2026-07-09T03:59:22.773-0500] {dagbag.py:545} INFO - Filling up the DagBag from /opt/airflow/dags/dag_generar_catalogo_vuelos.py
[2026-07-09T03:59:23.176-0500] {processor.py:840} INFO - DAG(s) 'aerotrack_travel_catalogo_vuelos' retrieved from /opt/airflow/dags/dag_generar_catalogo_vuelos.py
[2026-07-09T03:59:23.204-0500] {logging_mixin.py:188} INFO - [2026-07-09T03:59:23.204-0500] {dag.py:3089} INFO - Sync 1 DAGs
[2026-07-09T03:59:23.220-0500] {logging_mixin.py:188} INFO - [2026-07-09T03:59:23.220-0500] {dag.py:3947} INFO - Setting next_dagrun for aerotrack_travel_catalogo_vuelos to 2026-07-09 00:00:00+00:00, run_after=2026-07-10 00:00:00+00:00
[2026-07-09T03:59:23.233-0500] {processor.py:183} INFO - Processing /opt/airflow/dags/dag_generar_catalogo_vuelos.py took 0.467 seconds
[2026-07-09T03:59:53.558-0500] {processor.py:161} INFO - Started process (PID=17489) to work on /opt/airflow/dags/dag_generar_catalogo_vuelos.py
[2026-07-09T03:59:53.559-0500] {processor.py:830} INFO - Processing file /opt/airflow/dags/dag_generar_catalogo_vuelos.py for tasks to queue
[2026-07-09T03:59:53.560-0500] {logging_mixin.py:188} INFO - [2026-07-09T03:59:53.560-0500] {dagbag.py:545} INFO - Filling up the DagBag from /opt/airflow/dags/dag_generar_catalogo_vuelos.py
[2026-07-09T03:59:53.973-0500] {processor.py:840} INFO - DAG(s) 'aerotrack_travel_catalogo_vuelos' retrieved from /opt/airflow/dags/dag_generar_catalogo_vuelos.py
[2026-07-09T03:59:54.002-0500] {logging_mixin.py:188} INFO - [2026-07-09T03:59:54.001-0500] {dag.py:3089} INFO - Sync 1 DAGs
[2026-07-09T03:59:54.024-0500] {logging_mixin.py:188} INFO - [2026-07-09T03:59:54.024-0500] {dag.py:3947} INFO - Setting next_dagrun for aerotrack_travel_catalogo_vuelos to 2026-07-09 00:00:00+00:00, run_after=2026-07-10 00:00:00+00:00
[2026-07-09T03:59:54.183-0500] {processor.py:183} INFO - Processing /opt/airflow/dags/dag_generar_catalogo_vuelos.py took 0.629 seconds
[2026-07-09T04:00:24.535-0500] {processor.py:161} INFO - Started process (PID=17516) to work on /opt/airflow/dags/dag_generar_catalogo_vuelos.py
[2026-07-09T04:00:24.536-0500] {processor.py:830} INFO - Processing file /opt/airflow/dags/dag_generar_catalogo_vuelos.py for tasks to queue
[2026-07-09T04:00:24.538-0500] {logging_mixin.py:188} INFO - [2026-07-09T04:00:24.537-0500] {dagbag.py:545} INFO - Filling up the DagBag from /opt/airflow/dags/dag_generar_catalogo_vuelos.py
[2026-07-09T04:00:25.029-0500] {processor.py:840} INFO - DAG(s) 'aerotrack_travel_catalogo_vuelos' retrieved from /opt/airflow/dags/dag_generar_catalogo_vuelos.py
[2026-07-09T04:00:25.067-0500] {logging_mixin.py:188} INFO - [2026-07-09T04:00:25.067-0500] {dag.py:3089} INFO - Sync 1 DAGs
[2026-07-09T04:00:25.277-0500] {logging_mixin.py:188} INFO - [2026-07-09T04:00:25.277-0500] {dag.py:3947} INFO - Setting next_dagrun for aerotrack_travel_catalogo_vuelos to 2026-07-09 00:00:00+00:00, run_after=2026-07-10 00:00:00+00:00
[2026-07-09T04:00:25.292-0500] {processor.py:183} INFO - Processing /opt/airflow/dags/dag_generar_catalogo_vuelos.py took 0.762 seconds
[2026-07-09T04:00:55.608-0500] {processor.py:161} INFO - Started process (PID=17543) to work on /opt/airflow/dags/dag_generar_catalogo_vuelos.py
[2026-07-09T04:00:55.609-0500] {processor.py:830} INFO - Processing file /opt/airflow/dags/dag_generar_catalogo_vuelos.py for tasks to queue
[2026-07-09T04:00:55.611-0500] {logging_mixin.py:188} INFO - [2026-07-09T04:00:55.611-0500] {dagbag.py:545} INFO - Filling up the DagBag from /opt/airflow/dags/dag_generar_catalogo_vuelos.py
[2026-07-09T04:00:56.028-0500] {processor.py:840} INFO - DAG(s) 'aerotrack_travel_catalogo_vuelos' retrieved from /opt/airflow/dags/dag_generar_catalogo_vuelos.py
[2026-07-09T04:00:56.056-0500] {logging_mixin.py:188} INFO - [2026-07-09T04:00:56.056-0500] {dag.py:3089} INFO - Sync 1 DAGs
[2026-07-09T04:00:56.072-0500] {logging_mixin.py:188} INFO - [2026-07-09T04:00:56.072-0500] {dag.py:3947} INFO - Setting next_dagrun for aerotrack_travel_catalogo_vuelos to 2026-07-09 00:00:00+00:00, run_after=2026-07-10 00:00:00+00:00
[2026-07-09T04:00:56.087-0500] {processor.py:183} INFO - Processing /opt/airflow/dags/dag_generar_catalogo_vuelos.py took 0.483 seconds
[2026-07-09T04:01:26.384-0500] {processor.py:161} INFO - Started process (PID=17570) to work on /opt/airflow/dags/dag_generar_catalogo_vuelos.py
[2026-07-09T04:01:26.385-0500] {processor.py:830} INFO - Processing file /opt/airflow/dags/dag_generar_catalogo_vuelos.py for tasks to queue
[2026-07-09T04:01:26.386-0500] {logging_mixin.py:188} INFO - [2026-07-09T04:01:26.386-0500] {dagbag.py:545} INFO - Filling up the DagBag from /opt/airflow/dags/dag_generar_catalogo_vuelos.py
[2026-07-09T04:01:26.810-0500] {processor.py:840} INFO - DAG(s) 'aerotrack_travel_catalogo_vuelos' retrieved from /opt/airflow/dags/dag_generar_catalogo_vuelos.py
[2026-07-09T04:01:26.836-0500] {logging_mixin.py:188} INFO - [2026-07-09T04:01:26.836-0500] {dag.py:3089} INFO - Sync 1 DAGs
[2026-07-09T04:01:26.853-0500] {logging_mixin.py:188} INFO - [2026-07-09T04:01:26.852-0500] {dag.py:3947} INFO - Setting next_dagrun for aerotrack_travel_catalogo_vuelos to 2026-07-09 00:00:00+00:00, run_after=2026-07-10 00:00:00+00:00
[2026-07-09T04:01:26.866-0500] {processor.py:183} INFO - Processing /opt/airflow/dags/dag_generar_catalogo_vuelos.py took 0.487 seconds
[2026-07-09T04:01:57.308-0500] {processor.py:161} INFO - Started process (PID=17597) to work on /opt/airflow/dags/dag_generar_catalogo_vuelos.py
[2026-07-09T04:01:57.309-0500] {processor.py:830} INFO - Processing file /opt/airflow/dags/dag_generar_catalogo_vuelos.py for tasks to queue
[2026-07-09T04:01:57.310-0500] {logging_mixin.py:188} INFO - [2026-07-09T04:01:57.310-0500] {dagbag.py:545} INFO - Filling up the DagBag from /opt/airflow/dags/dag_generar_catalogo_vuelos.py
[2026-07-09T04:01:57.811-0500] {processor.py:840} INFO - DAG(s) 'aerotrack_travel_catalogo_vuelos' retrieved from /opt/airflow/dags/dag_generar_catalogo_vuelos.py
[2026-07-09T04:01:57.853-0500] {logging_mixin.py:188} INFO - [2026-07-09T04:01:57.853-0500] {dag.py:3089} INFO - Sync 1 DAGs
[2026-07-09T04:01:57.881-0500] {logging_mixin.py:188} INFO - [2026-07-09T04:01:57.881-0500] {dag.py:3947} INFO - Setting next_dagrun for aerotrack_travel_catalogo_vuelos to 2026-07-09 00:00:00+00:00, run_after=2026-07-10 00:00:00+00:00
[2026-07-09T04:01:58.133-0500] {processor.py:183} INFO - Processing /opt/airflow/dags/dag_generar_catalogo_vuelos.py took 0.831 seconds
[2026-07-09T04:02:28.456-0500] {processor.py:161} INFO - Started process (PID=17624) to work on /opt/airflow/dags/dag_generar_catalogo_vuelos.py
[2026-07-09T04:02:28.457-0500] {processor.py:830} INFO - Processing file /opt/airflow/dags/dag_generar_catalogo_vuelos.py for tasks to queue
[2026-07-09T04:02:28.459-0500] {logging_mixin.py:188} INFO - [2026-07-09T04:02:28.458-0500] {dagbag.py:545} INFO - Filling up the DagBag from /opt/airflow/dags/dag_generar_catalogo_vuelos.py
[2026-07-09T04:02:28.872-0500] {processor.py:840} INFO - DAG(s) 'aerotrack_travel_catalogo_vuelos' retrieved from /opt/airflow/dags/dag_generar_catalogo_vuelos.py
[2026-07-09T04:02:28.906-0500] {logging_mixin.py:188} INFO - [2026-07-09T04:02:28.906-0500] {dag.py:3089} INFO - Sync 1 DAGs
[2026-07-09T04:02:29.089-0500] {logging_mixin.py:188} INFO - [2026-07-09T04:02:29.088-0500] {dag.py:3947} INFO - Setting next_dagrun for aerotrack_travel_catalogo_vuelos to 2026-07-09 00:00:00+00:00, run_after=2026-07-10 00:00:00+00:00
[2026-07-09T04:02:29.102-0500] {processor.py:183} INFO - Processing /opt/airflow/dags/dag_generar_catalogo_vuelos.py took 0.651 seconds
[2026-07-09T04:02:59.450-0500] {processor.py:161} INFO - Started process (PID=17651) to work on /opt/airflow/dags/dag_generar_catalogo_vuelos.py
[2026-07-09T04:02:59.451-0500] {processor.py:830} INFO - Processing file /opt/airflow/dags/dag_generar_catalogo_vuelos.py for tasks to queue
[2026-07-09T04:02:59.453-0500] {logging_mixin.py:188} INFO - [2026-07-09T04:02:59.453-0500] {dagbag.py:545} INFO - Filling up the DagBag from /opt/airflow/dags/dag_generar_catalogo_vuelos.py
[2026-07-09T04:02:59.938-0500] {processor.py:840} INFO - DAG(s) 'aerotrack_travel_catalogo_vuelos' retrieved from /opt/airflow/dags/dag_generar_catalogo_vuelos.py
[2026-07-09T04:02:59.975-0500] {logging_mixin.py:188} INFO - [2026-07-09T04:02:59.975-0500] {dag.py:3089} INFO - Sync 1 DAGs
[2026-07-09T04:02:59.997-0500] {logging_mixin.py:188} INFO - [2026-07-09T04:02:59.997-0500] {dag.py:3947} INFO - Setting next_dagrun for aerotrack_travel_catalogo_vuelos to 2026-07-09 00:00:00+00:00, run_after=2026-07-10 00:00:00+00:00
[2026-07-09T04:03:00.025-0500] {processor.py:183} INFO - Processing /opt/airflow/dags/dag_generar_catalogo_vuelos.py took 0.582 seconds
[2026-07-09T04:03:30.396-0500] {processor.py:161} INFO - Started process (PID=17678) to work on /opt/airflow/dags/dag_generar_catalogo_vuelos.py
[2026-07-09T04:03:30.397-0500] {processor.py:830} INFO - Processing file /opt/airflow/dags/dag_generar_catalogo_vuelos.py for tasks to queue
[2026-07-09T04:03:30.399-0500] {logging_mixin.py:188} INFO - [2026-07-09T04:03:30.399-0500] {dagbag.py:545} INFO - Filling up the DagBag from /opt/airflow/dags/dag_generar_catalogo_vuelos.py
[2026-07-09T04:03:30.843-0500] {processor.py:840} INFO - DAG(s) 'aerotrack_travel_catalogo_vuelos' retrieved from /opt/airflow/dags/dag_generar_catalogo_vuelos.py
[2026-07-09T04:03:30.877-0500] {logging_mixin.py:188} INFO - [2026-07-09T04:03:30.877-0500] {dag.py:3089} INFO - Sync 1 DAGs
[2026-07-09T04:03:30.897-0500] {logging_mixin.py:188} INFO - [2026-07-09T04:03:30.897-0500] {dag.py:3947} INFO - Setting next_dagrun for aerotrack_travel_catalogo_vuelos to 2026-07-09 00:00:00+00:00, run_after=2026-07-10 00:00:00+00:00
[2026-07-09T04:03:30.914-0500] {processor.py:183} INFO - Processing /opt/airflow/dags/dag_generar_catalogo_vuelos.py took 0.525 seconds
[2026-07-09T04:04:01.362-0500] {processor.py:161} INFO - Started process (PID=17705) to work on /opt/airflow/dags/dag_generar_catalogo_vuelos.py
[2026-07-09T04:04:01.363-0500] {processor.py:830} INFO - Processing file /opt/airflow/dags/dag_generar_catalogo_vuelos.py for tasks to queue
[2026-07-09T04:04:01.365-0500] {logging_mixin.py:188} INFO - [2026-07-09T04:04:01.364-0500] {dagbag.py:545} INFO - Filling up the DagBag from /opt/airflow/dags/dag_generar_catalogo_vuelos.py
[2026-07-09T04:04:01.808-0500] {processor.py:840} INFO - DAG(s) 'aerotrack_travel_catalogo_vuelos' retrieved from /opt/airflow/dags/dag_generar_catalogo_vuelos.py
[2026-07-09T04:04:01.843-0500] {logging_mixin.py:188} INFO - [2026-07-09T04:04:01.843-0500] {dag.py:3089} INFO - Sync 1 DAGs
[2026-07-09T04:04:01.862-0500] {logging_mixin.py:188} INFO - [2026-07-09T04:04:01.862-0500] {dag.py:3947} INFO - Setting next_dagrun for aerotrack_travel_catalogo_vuelos to 2026-07-09 00:00:00+00:00, run_after=2026-07-10 00:00:00+00:00
[2026-07-09T04:04:02.017-0500] {processor.py:183} INFO - Processing /opt/airflow/dags/dag_generar_catalogo_vuelos.py took 0.660 seconds
[2026-07-09T04:04:32.317-0500] {processor.py:161} INFO - Started process (PID=17732) to work on /opt/airflow/dags/dag_generar_catalogo_vuelos.py
[2026-07-09T04:04:32.318-0500] {processor.py:830} INFO - Processing file /opt/airflow/dags/dag_generar_catalogo_vuelos.py for tasks to queue
[2026-07-09T04:04:32.319-0500] {logging_mixin.py:188} INFO - [2026-07-09T04:04:32.319-0500] {dagbag.py:545} INFO - Filling up the DagBag from /opt/airflow/dags/dag_generar_catalogo_vuelos.py
[2026-07-09T04:04:32.756-0500] {processor.py:840} INFO - DAG(s) 'aerotrack_travel_catalogo_vuelos' retrieved from /opt/airflow/dags/dag_generar_catalogo_vuelos.py
[2026-07-09T04:04:32.785-0500] {logging_mixin.py:188} INFO - [2026-07-09T04:04:32.785-0500] {dag.py:3089} INFO - Sync 1 DAGs
[2026-07-09T04:04:32.943-0500] {logging_mixin.py:188} INFO - [2026-07-09T04:04:32.943-0500] {dag.py:3947} INFO - Setting next_dagrun for aerotrack_travel_catalogo_vuelos to 2026-07-09 00:00:00+00:00, run_after=2026-07-10 00:00:00+00:00
[2026-07-09T04:04:32.958-0500] {processor.py:183} INFO - Processing /opt/airflow/dags/dag_generar_catalogo_vuelos.py took 0.646 seconds
[2026-07-09T04:05:03.303-0500] {processor.py:161} INFO - Started process (PID=17759) to work on /opt/airflow/dags/dag_generar_catalogo_vuelos.py
[2026-07-09T04:05:03.304-0500] {processor.py:830} INFO - Processing file /opt/airflow/dags/dag_generar_catalogo_vuelos.py for tasks to queue
[2026-07-09T04:05:03.306-0500] {logging_mixin.py:188} INFO - [2026-07-09T04:05:03.306-0500] {dagbag.py:545} INFO - Filling up the DagBag from /opt/airflow/dags/dag_generar_catalogo_vuelos.py
[2026-07-09T04:05:03.745-0500] {processor.py:840} INFO - DAG(s) 'aerotrack_travel_catalogo_vuelos' retrieved from /opt/airflow/dags/dag_generar_catalogo_vuelos.py
[2026-07-09T04:05:03.773-0500] {logging_mixin.py:188} INFO - [2026-07-09T04:05:03.772-0500] {dag.py:3089} INFO - Sync 1 DAGs
[2026-07-09T04:05:03.790-0500] {logging_mixin.py:188} INFO - [2026-07-09T04:05:03.790-0500] {dag.py:3947} INFO - Setting next_dagrun for aerotrack_travel_catalogo_vuelos to 2026-07-09 00:00:00+00:00, run_after=2026-07-10 00:00:00+00:00
[2026-07-09T04:05:03.804-0500] {processor.py:183} INFO - Processing /opt/airflow/dags/dag_generar_catalogo_vuelos.py took 0.507 seconds
[2026-07-09T04:05:34.155-0500] {processor.py:161} INFO - Started process (PID=17786) to work on /opt/airflow/dags/dag_generar_catalogo_vuelos.py
[2026-07-09T04:05:34.156-0500] {processor.py:830} INFO - Processing file /opt/airflow/dags/dag_generar_catalogo_vuelos.py for tasks to queue
[2026-07-09T04:05:34.158-0500] {logging_mixin.py:188} INFO - [2026-07-09T04:05:34.158-0500] {dagbag.py:545} INFO - Filling up the DagBag from /opt/airflow/dags/dag_generar_catalogo_vuelos.py
[2026-07-09T04:05:34.583-0500] {processor.py:840} INFO - DAG(s) 'aerotrack_travel_catalogo_vuelos' retrieved from /opt/airflow/dags/dag_generar_catalogo_vuelos.py
[2026-07-09T04:05:34.613-0500] {logging_mixin.py:188} INFO - [2026-07-09T04:05:34.613-0500] {dag.py:3089} INFO - Sync 1 DAGs
[2026-07-09T04:05:34.630-0500] {logging_mixin.py:188} INFO - [2026-07-09T04:05:34.630-0500] {dag.py:3947} INFO - Setting next_dagrun for aerotrack_travel_catalogo_vuelos to 2026-07-09 00:00:00+00:00, run_after=2026-07-10 00:00:00+00:00
[2026-07-09T04:05:34.646-0500] {processor.py:183} INFO - Processing /opt/airflow/dags/dag_generar_catalogo_vuelos.py took 0.496 seconds
[2026-07-09T04:06:04.950-0500] {processor.py:161} INFO - Started process (PID=17813) to work on /opt/airflow/dags/dag_generar_catalogo_vuelos.py
[2026-07-09T04:06:04.951-0500] {processor.py:830} INFO - Processing file /opt/airflow/dags/dag_generar_catalogo_vuelos.py for tasks to queue
[2026-07-09T04:06:04.952-0500] {logging_mixin.py:188} INFO - [2026-07-09T04:06:04.952-0500] {dagbag.py:545} INFO - Filling up the DagBag from /opt/airflow/dags/dag_generar_catalogo_vuelos.py
[2026-07-09T04:06:05.370-0500] {processor.py:840} INFO - DAG(s) 'aerotrack_travel_catalogo_vuelos' retrieved from /opt/airflow/dags/dag_generar_catalogo_vuelos.py
[2026-07-09T04:06:05.405-0500] {logging_mixin.py:188} INFO - [2026-07-09T04:06:05.405-0500] {dag.py:3089} INFO - Sync 1 DAGs
[2026-07-09T04:06:05.426-0500] {logging_mixin.py:188} INFO - [2026-07-09T04:06:05.426-0500] {dag.py:3947} INFO - Setting next_dagrun for aerotrack_travel_catalogo_vuelos to 2026-07-09 00:00:00+00:00, run_after=2026-07-10 00:00:00+00:00
[2026-07-09T04:06:05.601-0500] {processor.py:183} INFO - Processing /opt/airflow/dags/dag_generar_catalogo_vuelos.py took 0.656 seconds
[2026-07-09T04:06:35.889-0500] {processor.py:161} INFO - Started process (PID=17840) to work on /opt/airflow/dags/dag_generar_catalogo_vuelos.py
[2026-07-09T04:06:35.890-0500] {processor.py:830} INFO - Processing file /opt/airflow/dags/dag_generar_catalogo_vuelos.py for tasks to queue
[2026-07-09T04:06:35.891-0500] {logging_mixin.py:188} INFO - [2026-07-09T04:06:35.891-0500] {dagbag.py:545} INFO - Filling up the DagBag from /opt/airflow/dags/dag_generar_catalogo_vuelos.py
[2026-07-09T04:06:36.299-0500] {processor.py:840} INFO - DAG(s) 'aerotrack_travel_catalogo_vuelos' retrieved from /opt/airflow/dags/dag_generar_catalogo_vuelos.py
[2026-07-09T04:06:36.328-0500] {logging_mixin.py:188} INFO - [2026-07-09T04:06:36.328-0500] {dag.py:3089} INFO - Sync 1 DAGs
[2026-07-09T04:06:36.480-0500] {logging_mixin.py:188} INFO - [2026-07-09T04:06:36.480-0500] {dag.py:3947} INFO - Setting next_dagrun for aerotrack_travel_catalogo_vuelos to 2026-07-09 00:00:00+00:00, run_after=2026-07-10 00:00:00+00:00
[2026-07-09T04:06:36.493-0500] {processor.py:183} INFO - Processing /opt/airflow/dags/dag_generar_catalogo_vuelos.py took 0.610 seconds
[2026-07-09T04:07:06.916-0500] {processor.py:161} INFO - Started process (PID=17867) to work on /opt/airflow/dags/dag_generar_catalogo_vuelos.py
[2026-07-09T04:07:06.917-0500] {processor.py:830} INFO - Processing file /opt/airflow/dags/dag_generar_catalogo_vuelos.py for tasks to queue
[2026-07-09T04:07:06.919-0500] {logging_mixin.py:188} INFO - [2026-07-09T04:07:06.919-0500] {dagbag.py:545} INFO - Filling up the DagBag from /opt/airflow/dags/dag_generar_catalogo_vuelos.py
[2026-07-09T04:07:07.343-0500] {processor.py:840} INFO - DAG(s) 'aerotrack_travel_catalogo_vuelos' retrieved from /opt/airflow/dags/dag_generar_catalogo_vuelos.py
[2026-07-09T04:07:07.371-0500] {logging_mixin.py:188} INFO - [2026-07-09T04:07:07.371-0500] {dag.py:3089} INFO - Sync 1 DAGs
[2026-07-09T04:07:07.391-0500] {logging_mixin.py:188} INFO - [2026-07-09T04:07:07.391-0500] {dag.py:3947} INFO - Setting next_dagrun for aerotrack_travel_catalogo_vuelos to 2026-07-09 00:00:00+00:00, run_after=2026-07-10 00:00:00+00:00
[2026-07-09T04:07:07.405-0500] {processor.py:183} INFO - Processing /opt/airflow/dags/dag_generar_catalogo_vuelos.py took 0.493 seconds
[2026-07-09T04:07:37.724-0500] {processor.py:161} INFO - Started process (PID=17894) to work on /opt/airflow/dags/dag_generar_catalogo_vuelos.py
[2026-07-09T04:07:37.725-0500] {processor.py:830} INFO - Processing file /opt/airflow/dags/dag_generar_catalogo_vuelos.py for tasks to queue
[2026-07-09T04:07:37.727-0500] {logging_mixin.py:188} INFO - [2026-07-09T04:07:37.727-0500] {dagbag.py:545} INFO - Filling up the DagBag from /opt/airflow/dags/dag_generar_catalogo_vuelos.py
[2026-07-09T04:07:38.164-0500] {processor.py:840} INFO - DAG(s) 'aerotrack_travel_catalogo_vuelos' retrieved from /opt/airflow/dags/dag_generar_catalogo_vuelos.py
[2026-07-09T04:07:38.196-0500] {logging_mixin.py:188} INFO - [2026-07-09T04:07:38.195-0500] {dag.py:3089} INFO - Sync 1 DAGs
[2026-07-09T04:07:38.212-0500] {logging_mixin.py:188} INFO - [2026-07-09T04:07:38.212-0500] {dag.py:3947} INFO - Setting next_dagrun for aerotrack_travel_catalogo_vuelos to 2026-07-09 00:00:00+00:00, run_after=2026-07-10 00:00:00+00:00
[2026-07-09T04:07:38.228-0500] {processor.py:183} INFO - Processing /opt/airflow/dags/dag_generar_catalogo_vuelos.py took 0.508 seconds
[2026-07-09T04:08:08.635-0500] {processor.py:161} INFO - Started process (PID=17921) to work on /opt/airflow/dags/dag_generar_catalogo_vuelos.py
[2026-07-09T04:08:08.636-0500] {processor.py:830} INFO - Processing file /opt/airflow/dags/dag_generar_catalogo_vuelos.py for tasks to queue
[2026-07-09T04:08:08.638-0500] {logging_mixin.py:188} INFO - [2026-07-09T04:08:08.637-0500] {dagbag.py:545} INFO - Filling up the DagBag from /opt/airflow/dags/dag_generar_catalogo_vuelos.py
[2026-07-09T04:08:09.083-0500] {processor.py:840} INFO - DAG(s) 'aerotrack_travel_catalogo_vuelos' retrieved from /opt/airflow/dags/dag_generar_catalogo_vuelos.py
[2026-07-09T04:08:09.116-0500] {logging_mixin.py:188} INFO - [2026-07-09T04:08:09.115-0500] {dag.py:3089} INFO - Sync 1 DAGs
[2026-07-09T04:08:09.136-0500] {logging_mixin.py:188} INFO - [2026-07-09T04:08:09.135-0500] {dag.py:3947} INFO - Setting next_dagrun for aerotrack_travel_catalogo_vuelos to 2026-07-09 00:00:00+00:00, run_after=2026-07-10 00:00:00+00:00
[2026-07-09T04:08:09.327-0500] {processor.py:183} INFO - Processing /opt/airflow/dags/dag_generar_catalogo_vuelos.py took 0.697 seconds
[2026-07-09T04:08:39.677-0500] {processor.py:161} INFO - Started process (PID=17948) to work on /opt/airflow/dags/dag_generar_catalogo_vuelos.py
[2026-07-09T04:08:39.678-0500] {processor.py:830} INFO - Processing file /opt/airflow/dags/dag_generar_catalogo_vuelos.py for tasks to queue
[2026-07-09T04:08:39.680-0500] {logging_mixin.py:188} INFO - [2026-07-09T04:08:39.679-0500] {dagbag.py:545} INFO - Filling up the DagBag from /opt/airflow/dags/dag_generar_catalogo_vuelos.py
[2026-07-09T04:08:40.126-0500] {processor.py:840} INFO - DAG(s) 'aerotrack_travel_catalogo_vuelos' retrieved from /opt/airflow/dags/dag_generar_catalogo_vuelos.py
[2026-07-09T04:08:40.158-0500] {logging_mixin.py:188} INFO - [2026-07-09T04:08:40.158-0500] {dag.py:3089} INFO - Sync 1 DAGs
[2026-07-09T04:08:40.369-0500] {logging_mixin.py:188} INFO - [2026-07-09T04:08:40.369-0500] {dag.py:3947} INFO - Setting next_dagrun for aerotrack_travel_catalogo_vuelos to 2026-07-09 00:00:00+00:00, run_after=2026-07-10 00:00:00+00:00
[2026-07-09T04:08:40.414-0500] {processor.py:183} INFO - Processing /opt/airflow/dags/dag_generar_catalogo_vuelos.py took 0.744 seconds
[2026-07-09T04:09:10.843-0500] {processor.py:161} INFO - Started process (PID=17975) to work on /opt/airflow/dags/dag_generar_catalogo_vuelos.py
[2026-07-09T04:09:10.844-0500] {processor.py:830} INFO - Processing file /opt/airflow/dags/dag_generar_catalogo_vuelos.py for tasks to queue
[2026-07-09T04:09:10.845-0500] {logging_mixin.py:188} INFO - [2026-07-09T04:09:10.845-0500] {dagbag.py:545} INFO - Filling up the DagBag from /opt/airflow/dags/dag_generar_catalogo_vuelos.py
[2026-07-09T04:09:11.289-0500] {processor.py:840} INFO - DAG(s) 'aerotrack_travel_catalogo_vuelos' retrieved from /opt/airflow/dags/dag_generar_catalogo_vuelos.py
[2026-07-09T04:09:11.320-0500] {logging_mixin.py:188} INFO - [2026-07-09T04:09:11.320-0500] {dag.py:3089} INFO - Sync 1 DAGs
[2026-07-09T04:09:11.341-0500] {logging_mixin.py:188} INFO - [2026-07-09T04:09:11.340-0500] {dag.py:3947} INFO - Setting next_dagrun for aerotrack_travel_catalogo_vuelos to 2026-07-09 00:00:00+00:00, run_after=2026-07-10 00:00:00+00:00
[2026-07-09T04:09:11.355-0500] {processor.py:183} INFO - Processing /opt/airflow/dags/dag_generar_catalogo_vuelos.py took 0.516 seconds
[2026-07-09T04:09:41.694-0500] {processor.py:161} INFO - Started process (PID=18002) to work on /opt/airflow/dags/dag_generar_catalogo_vuelos.py
[2026-07-09T04:09:41.695-0500] {processor.py:830} INFO - Processing file /opt/airflow/dags/dag_generar_catalogo_vuelos.py for tasks to queue
[2026-07-09T04:09:41.697-0500] {logging_mixin.py:188} INFO - [2026-07-09T04:09:41.697-0500] {dagbag.py:545} INFO - Filling up the DagBag from /opt/airflow/dags/dag_generar_catalogo_vuelos.py
[2026-07-09T04:09:42.130-0500] {processor.py:840} INFO - DAG(s) 'aerotrack_travel_catalogo_vuelos' retrieved from /opt/airflow/dags/dag_generar_catalogo_vuelos.py
[2026-07-09T04:09:42.163-0500] {logging_mixin.py:188} INFO - [2026-07-09T04:09:42.163-0500] {dag.py:3089} INFO - Sync 1 DAGs
[2026-07-09T04:09:42.184-0500] {logging_mixin.py:188} INFO - [2026-07-09T04:09:42.183-0500] {dag.py:3947} INFO - Setting next_dagrun for aerotrack_travel_catalogo_vuelos to 2026-07-09 00:00:00+00:00, run_after=2026-07-10 00:00:00+00:00
[2026-07-09T04:09:42.199-0500] {processor.py:183} INFO - Processing /opt/airflow/dags/dag_generar_catalogo_vuelos.py took 0.510 seconds
[2026-07-09T04:10:12.504-0500] {processor.py:161} INFO - Started process (PID=18029) to work on /opt/airflow/dags/dag_generar_catalogo_vuelos.py
[2026-07-09T04:10:12.505-0500] {processor.py:830} INFO - Processing file /opt/airflow/dags/dag_generar_catalogo_vuelos.py for tasks to queue
[2026-07-09T04:10:12.507-0500] {logging_mixin.py:188} INFO - [2026-07-09T04:10:12.507-0500] {dagbag.py:545} INFO - Filling up the DagBag from /opt/airflow/dags/dag_generar_catalogo_vuelos.py
[2026-07-09T04:10:12.950-0500] {processor.py:840} INFO - DAG(s) 'aerotrack_travel_catalogo_vuelos' retrieved from /opt/airflow/dags/dag_generar_catalogo_vuelos.py
[2026-07-09T04:10:12.984-0500] {logging_mixin.py:188} INFO - [2026-07-09T04:10:12.984-0500] {dag.py:3089} INFO - Sync 1 DAGs
[2026-07-09T04:10:13.005-0500] {logging_mixin.py:188} INFO - [2026-07-09T04:10:13.005-0500] {dag.py:3947} INFO - Setting next_dagrun for aerotrack_travel_catalogo_vuelos to 2026-07-09 00:00:00+00:00, run_after=2026-07-10 00:00:00+00:00
[2026-07-09T04:10:13.161-0500] {processor.py:183} INFO - Processing /opt/airflow/dags/dag_generar_catalogo_vuelos.py took 0.661 seconds
[2026-07-09T04:10:43.448-0500] {processor.py:161} INFO - Started process (PID=18056) to work on /opt/airflow/dags/dag_generar_catalogo_vuelos.py
[2026-07-09T04:10:43.448-0500] {processor.py:830} INFO - Processing file /opt/airflow/dags/dag_generar_catalogo_vuelos.py for tasks to queue
[2026-07-09T04:10:43.450-0500] {logging_mixin.py:188} INFO - [2026-07-09T04:10:43.450-0500] {dagbag.py:545} INFO - Filling up the DagBag from /opt/airflow/dags/dag_generar_catalogo_vuelos.py
[2026-07-09T04:10:43.872-0500] {processor.py:840} INFO - DAG(s) 'aerotrack_travel_catalogo_vuelos' retrieved from /opt/airflow/dags/dag_generar_catalogo_vuelos.py
[2026-07-09T04:10:43.906-0500] {logging_mixin.py:188} INFO - [2026-07-09T04:10:43.906-0500] {dag.py:3089} INFO - Sync 1 DAGs
[2026-07-09T04:10:44.064-0500] {logging_mixin.py:188} INFO - [2026-07-09T04:10:44.063-0500] {dag.py:3947} INFO - Setting next_dagrun for aerotrack_travel_catalogo_vuelos to 2026-07-09 00:00:00+00:00, run_after=2026-07-10 00:00:00+00:00
[2026-07-09T04:10:44.076-0500] {processor.py:183} INFO - Processing /opt/airflow/dags/dag_generar_catalogo_vuelos.py took 0.633 seconds
[2026-07-09T04:11:14.378-0500] {processor.py:161} INFO - Started process (PID=18083) to work on /opt/airflow/dags/dag_generar_catalogo_vuelos.py
[2026-07-09T04:11:14.379-0500] {processor.py:830} INFO - Processing file /opt/airflow/dags/dag_generar_catalogo_vuelos.py for tasks to queue
[2026-07-09T04:11:14.382-0500] {logging_mixin.py:188} INFO - [2026-07-09T04:11:14.381-0500] {dagbag.py:545} INFO - Filling up the DagBag from /opt/airflow/dags/dag_generar_catalogo_vuelos.py
[2026-07-09T04:11:14.828-0500] {processor.py:840} INFO - DAG(s) 'aerotrack_travel_catalogo_vuelos' retrieved from /opt/airflow/dags/dag_generar_catalogo_vuelos.py
[2026-07-09T04:11:14.862-0500] {logging_mixin.py:188} INFO - [2026-07-09T04:11:14.862-0500] {dag.py:3089} INFO - Sync 1 DAGs
[2026-07-09T04:11:14.880-0500] {logging_mixin.py:188} INFO - [2026-07-09T04:11:14.880-0500] {dag.py:3947} INFO - Setting next_dagrun for aerotrack_travel_catalogo_vuelos to 2026-07-09 00:00:00+00:00, run_after=2026-07-10 00:00:00+00:00
[2026-07-09T04:11:14.894-0500] {processor.py:183} INFO - Processing /opt/airflow/dags/dag_generar_catalogo_vuelos.py took 0.520 seconds
[2026-07-09T04:11:45.472-0500] {processor.py:161} INFO - Started process (PID=18110) to work on /opt/airflow/dags/dag_generar_catalogo_vuelos.py
[2026-07-09T04:11:45.473-0500] {processor.py:830} INFO - Processing file /opt/airflow/dags/dag_generar_catalogo_vuelos.py for tasks to queue
[2026-07-09T04:11:45.475-0500] {logging_mixin.py:188} INFO - [2026-07-09T04:11:45.474-0500] {dagbag.py:545} INFO - Filling up the DagBag from /opt/airflow/dags/dag_generar_catalogo_vuelos.py
[2026-07-09T04:11:45.930-0500] {processor.py:840} INFO - DAG(s) 'aerotrack_travel_catalogo_vuelos' retrieved from /opt/airflow/dags/dag_generar_catalogo_vuelos.py
[2026-07-09T04:11:45.965-0500] {logging_mixin.py:188} INFO - [2026-07-09T04:11:45.965-0500] {dag.py:3089} INFO - Sync 1 DAGs
[2026-07-09T04:11:45.982-0500] {logging_mixin.py:188} INFO - [2026-07-09T04:11:45.982-0500] {dag.py:3947} INFO - Setting next_dagrun for aerotrack_travel_catalogo_vuelos to 2026-07-09 00:00:00+00:00, run_after=2026-07-10 00:00:00+00:00
[2026-07-09T04:11:45.998-0500] {processor.py:183} INFO - Processing /opt/airflow/dags/dag_generar_catalogo_vuelos.py took 0.531 seconds
[2026-07-09T04:12:16.326-0500] {processor.py:161} INFO - Started process (PID=18137) to work on /opt/airflow/dags/dag_generar_catalogo_vuelos.py
[2026-07-09T04:12:16.327-0500] {processor.py:830} INFO - Processing file /opt/airflow/dags/dag_generar_catalogo_vuelos.py for tasks to queue
[2026-07-09T04:12:16.328-0500] {logging_mixin.py:188} INFO - [2026-07-09T04:12:16.328-0500] {dagbag.py:545} INFO - Filling up the DagBag from /opt/airflow/dags/dag_generar_catalogo_vuelos.py
[2026-07-09T04:12:16.753-0500] {processor.py:840} INFO - DAG(s) 'aerotrack_travel_catalogo_vuelos' retrieved from /opt/airflow/dags/dag_generar_catalogo_vuelos.py
[2026-07-09T04:12:16.786-0500] {logging_mixin.py:188} INFO - [2026-07-09T04:12:16.786-0500] {dag.py:3089} INFO - Sync 1 DAGs
[2026-07-09T04:12:16.807-0500] {logging_mixin.py:188} INFO - [2026-07-09T04:12:16.807-0500] {dag.py:3947} INFO - Setting next_dagrun for aerotrack_travel_catalogo_vuelos to 2026-07-09 00:00:00+00:00, run_after=2026-07-10 00:00:00+00:00
[2026-07-09T04:12:16.973-0500] {processor.py:183} INFO - Processing /opt/airflow/dags/dag_generar_catalogo_vuelos.py took 0.652 seconds
[2026-07-09T04:12:47.334-0500] {processor.py:161} INFO - Started process (PID=18164) to work on /opt/airflow/dags/dag_generar_catalogo_vuelos.py
[2026-07-09T04:12:47.335-0500] {processor.py:830} INFO - Processing file /opt/airflow/dags/dag_generar_catalogo_vuelos.py for tasks to queue
[2026-07-09T04:12:47.336-0500] {logging_mixin.py:188} INFO - [2026-07-09T04:12:47.336-0500] {dagbag.py:545} INFO - Filling up the DagBag from /opt/airflow/dags/dag_generar_catalogo_vuelos.py
[2026-07-09T04:12:47.770-0500] {processor.py:840} INFO - DAG(s) 'aerotrack_travel_catalogo_vuelos' retrieved from /opt/airflow/dags/dag_generar_catalogo_vuelos.py
[2026-07-09T04:12:47.801-0500] {logging_mixin.py:188} INFO - [2026-07-09T04:12:47.801-0500] {dag.py:3089} INFO - Sync 1 DAGs
[2026-07-09T04:12:47.957-0500] {logging_mixin.py:188} INFO - [2026-07-09T04:12:47.957-0500] {dag.py:3947} INFO - Setting next_dagrun for aerotrack_travel_catalogo_vuelos to 2026-07-09 00:00:00+00:00, run_after=2026-07-10 00:00:00+00:00
[2026-07-09T04:12:47.971-0500] {processor.py:183} INFO - Processing /opt/airflow/dags/dag_generar_catalogo_vuelos.py took 0.642 seconds
[2026-07-09T04:13:18.406-0500] {processor.py:161} INFO - Started process (PID=18191) to work on /opt/airflow/dags/dag_generar_catalogo_vuelos.py
[2026-07-09T04:13:18.407-0500] {processor.py:830} INFO - Processing file /opt/airflow/dags/dag_generar_catalogo_vuelos.py for tasks to queue
[2026-07-09T04:13:18.409-0500] {logging_mixin.py:188} INFO - [2026-07-09T04:13:18.409-0500] {dagbag.py:545} INFO - Filling up the DagBag from /opt/airflow/dags/dag_generar_catalogo_vuelos.py
[2026-07-09T04:13:18.872-0500] {processor.py:840} INFO - DAG(s) 'aerotrack_travel_catalogo_vuelos' retrieved from /opt/airflow/dags/dag_generar_catalogo_vuelos.py
[2026-07-09T04:13:18.909-0500] {logging_mixin.py:188} INFO - [2026-07-09T04:13:18.909-0500] {dag.py:3089} INFO - Sync 1 DAGs
[2026-07-09T04:13:18.930-0500] {logging_mixin.py:188} INFO - [2026-07-09T04:13:18.930-0500] {dag.py:3947} INFO - Setting next_dagrun for aerotrack_travel_catalogo_vuelos to 2026-07-09 00:00:00+00:00, run_after=2026-07-10 00:00:00+00:00
[2026-07-09T04:13:18.947-0500] {processor.py:183} INFO - Processing /opt/airflow/dags/dag_generar_catalogo_vuelos.py took 0.546 seconds
[2026-07-09T04:13:49.448-0500] {processor.py:161} INFO - Started process (PID=18218) to work on /opt/airflow/dags/dag_generar_catalogo_vuelos.py
[2026-07-09T04:13:49.450-0500] {processor.py:830} INFO - Processing file /opt/airflow/dags/dag_generar_catalogo_vuelos.py for tasks to queue
[2026-07-09T04:13:49.454-0500] {logging_mixin.py:188} INFO - [2026-07-09T04:13:49.454-0500] {dagbag.py:545} INFO - Filling up the DagBag from /opt/airflow/dags/dag_generar_catalogo_vuelos.py
[2026-07-09T04:13:49.994-0500] {processor.py:840} INFO - DAG(s) 'aerotrack_travel_catalogo_vuelos' retrieved from /opt/airflow/dags/dag_generar_catalogo_vuelos.py
[2026-07-09T04:13:50.032-0500] {logging_mixin.py:188} INFO - [2026-07-09T04:13:50.032-0500] {dag.py:3089} INFO - Sync 1 DAGs
[2026-07-09T04:13:50.057-0500] {logging_mixin.py:188} INFO - [2026-07-09T04:13:50.057-0500] {dag.py:3947} INFO - Setting next_dagrun for aerotrack_travel_catalogo_vuelos to 2026-07-09 00:00:00+00:00, run_after=2026-07-10 00:00:00+00:00
[2026-07-09T04:13:50.080-0500] {processor.py:183} INFO - Processing /opt/airflow/dags/dag_generar_catalogo_vuelos.py took 0.639 seconds
[2026-07-09T04:14:20.439-0500] {processor.py:161} INFO - Started process (PID=18245) to work on /opt/airflow/dags/dag_generar_catalogo_vuelos.py
[2026-07-09T04:14:20.440-0500] {processor.py:830} INFO - Processing file /opt/airflow/dags/dag_generar_catalogo_vuelos.py for tasks to queue
[2026-07-09T04:14:20.442-0500] {logging_mixin.py:188} INFO - [2026-07-09T04:14:20.442-0500] {dagbag.py:545} INFO - Filling up the DagBag from /opt/airflow/dags/dag_generar_catalogo_vuelos.py
[2026-07-09T04:14:20.896-0500] {processor.py:840} INFO - DAG(s) 'aerotrack_travel_catalogo_vuelos' retrieved from /opt/airflow/dags/dag_generar_catalogo_vuelos.py
[2026-07-09T04:14:20.930-0500] {logging_mixin.py:188} INFO - [2026-07-09T04:14:20.930-0500] {dag.py:3089} INFO - Sync 1 DAGs
[2026-07-09T04:14:20.951-0500] {logging_mixin.py:188} INFO - [2026-07-09T04:14:20.951-0500] {dag.py:3947} INFO - Setting next_dagrun for aerotrack_travel_catalogo_vuelos to 2026-07-09 00:00:00+00:00, run_after=2026-07-10 00:00:00+00:00
[2026-07-09T04:14:21.116-0500] {processor.py:183} INFO - Processing /opt/airflow/dags/dag_generar_catalogo_vuelos.py took 0.682 seconds
[2026-07-09T04:14:51.563-0500] {processor.py:161} INFO - Started process (PID=18272) to work on /opt/airflow/dags/dag_generar_catalogo_vuelos.py
[2026-07-09T04:14:51.564-0500] {processor.py:830} INFO - Processing file /opt/airflow/dags/dag_generar_catalogo_vuelos.py for tasks to queue
[2026-07-09T04:14:51.566-0500] {logging_mixin.py:188} INFO - [2026-07-09T04:14:51.565-0500] {dagbag.py:545} INFO - Filling up the DagBag from /opt/airflow/dags/dag_generar_catalogo_vuelos.py
[2026-07-09T04:14:52.017-0500] {processor.py:840} INFO - DAG(s) 'aerotrack_travel_catalogo_vuelos' retrieved from /opt/airflow/dags/dag_generar_catalogo_vuelos.py
[2026-07-09T04:14:52.048-0500] {logging_mixin.py:188} INFO - [2026-07-09T04:14:52.048-0500] {dag.py:3089} INFO - Sync 1 DAGs
[2026-07-09T04:14:52.206-0500] {logging_mixin.py:188} INFO - [2026-07-09T04:14:52.205-0500] {dag.py:3947} INFO - Setting next_dagrun for aerotrack_travel_catalogo_vuelos to 2026-07-09 00:00:00+00:00, run_after=2026-07-10 00:00:00+00:00
[2026-07-09T04:14:52.222-0500] {processor.py:183} INFO - Processing /opt/airflow/dags/dag_generar_catalogo_vuelos.py took 0.664 seconds
[2026-07-09T04:15:22.680-0500] {processor.py:161} INFO - Started process (PID=18299) to work on /opt/airflow/dags/dag_generar_catalogo_vuelos.py
[2026-07-09T04:15:22.681-0500] {processor.py:830} INFO - Processing file /opt/airflow/dags/dag_generar_catalogo_vuelos.py for tasks to queue
[2026-07-09T04:15:22.683-0500] {logging_mixin.py:188} INFO - [2026-07-09T04:15:22.683-0500] {dagbag.py:545} INFO - Filling up the DagBag from /opt/airflow/dags/dag_generar_catalogo_vuelos.py
[2026-07-09T04:15:23.182-0500] {processor.py:840} INFO - DAG(s) 'aerotrack_travel_catalogo_vuelos' retrieved from /opt/airflow/dags/dag_generar_catalogo_vuelos.py
[2026-07-09T04:15:23.220-0500] {logging_mixin.py:188} INFO - [2026-07-09T04:15:23.220-0500] {dag.py:3089} INFO - Sync 1 DAGs
[2026-07-09T04:15:23.249-0500] {logging_mixin.py:188} INFO - [2026-07-09T04:15:23.248-0500] {dag.py:3947} INFO - Setting next_dagrun for aerotrack_travel_catalogo_vuelos to 2026-07-09 00:00:00+00:00, run_after=2026-07-10 00:00:00+00:00
[2026-07-09T04:15:23.289-0500] {processor.py:183} INFO - Processing /opt/airflow/dags/dag_generar_catalogo_vuelos.py took 0.614 seconds
[2026-07-09T04:15:53.908-0500] {processor.py:161} INFO - Started process (PID=18326) to work on /opt/airflow/dags/dag_generar_catalogo_vuelos.py
[2026-07-09T04:15:53.910-0500] {processor.py:830} INFO - Processing file /opt/airflow/dags/dag_generar_catalogo_vuelos.py for tasks to queue
[2026-07-09T04:15:53.913-0500] {logging_mixin.py:188} INFO - [2026-07-09T04:15:53.912-0500] {dagbag.py:545} INFO - Filling up the DagBag from /opt/airflow/dags/dag_generar_catalogo_vuelos.py
[2026-07-09T04:15:54.379-0500] {processor.py:840} INFO - DAG(s) 'aerotrack_travel_catalogo_vuelos' retrieved from /opt/airflow/dags/dag_generar_catalogo_vuelos.py
[2026-07-09T04:15:54.414-0500] {logging_mixin.py:188} INFO - [2026-07-09T04:15:54.414-0500] {dag.py:3089} INFO - Sync 1 DAGs
[2026-07-09T04:15:54.432-0500] {logging_mixin.py:188} INFO - [2026-07-09T04:15:54.431-0500] {dag.py:3947} INFO - Setting next_dagrun for aerotrack_travel_catalogo_vuelos to 2026-07-09 00:00:00+00:00, run_after=2026-07-10 00:00:00+00:00
[2026-07-09T04:15:54.447-0500] {processor.py:183} INFO - Processing /opt/airflow/dags/dag_generar_catalogo_vuelos.py took 0.543 seconds
[2026-07-09T04:16:24.926-0500] {processor.py:161} INFO - Started process (PID=18353) to work on /opt/airflow/dags/dag_generar_catalogo_vuelos.py
[2026-07-09T04:16:24.927-0500] {processor.py:830} INFO - Processing file /opt/airflow/dags/dag_generar_catalogo_vuelos.py for tasks to queue
[2026-07-09T04:16:24.929-0500] {logging_mixin.py:188} INFO - [2026-07-09T04:16:24.929-0500] {dagbag.py:545} INFO - Filling up the DagBag from /opt/airflow/dags/dag_generar_catalogo_vuelos.py
[2026-07-09T04:16:25.428-0500] {processor.py:840} INFO - DAG(s) 'aerotrack_travel_catalogo_vuelos' retrieved from /opt/airflow/dags/dag_generar_catalogo_vuelos.py
[2026-07-09T04:16:25.465-0500] {logging_mixin.py:188} INFO - [2026-07-09T04:16:25.465-0500] {dag.py:3089} INFO - Sync 1 DAGs
[2026-07-09T04:16:25.490-0500] {logging_mixin.py:188} INFO - [2026-07-09T04:16:25.490-0500] {dag.py:3947} INFO - Setting next_dagrun for aerotrack_travel_catalogo_vuelos to 2026-07-09 00:00:00+00:00, run_after=2026-07-10 00:00:00+00:00
[2026-07-09T04:16:25.698-0500] {processor.py:183} INFO - Processing /opt/airflow/dags/dag_generar_catalogo_vuelos.py took 0.778 seconds
[2026-07-09T04:16:56.291-0500] {processor.py:161} INFO - Started process (PID=18380) to work on /opt/airflow/dags/dag_generar_catalogo_vuelos.py
[2026-07-09T04:16:56.292-0500] {processor.py:830} INFO - Processing file /opt/airflow/dags/dag_generar_catalogo_vuelos.py for tasks to queue
[2026-07-09T04:16:56.293-0500] {logging_mixin.py:188} INFO - [2026-07-09T04:16:56.293-0500] {dagbag.py:545} INFO - Filling up the DagBag from /opt/airflow/dags/dag_generar_catalogo_vuelos.py
[2026-07-09T04:16:56.812-0500] {processor.py:840} INFO - DAG(s) 'aerotrack_travel_catalogo_vuelos' retrieved from /opt/airflow/dags/dag_generar_catalogo_vuelos.py
[2026-07-09T04:16:56.860-0500] {logging_mixin.py:188} INFO - [2026-07-09T04:16:56.860-0500] {dag.py:3089} INFO - Sync 1 DAGs
[2026-07-09T04:16:57.090-0500] {logging_mixin.py:188} INFO - [2026-07-09T04:16:57.090-0500] {dag.py:3947} INFO - Setting next_dagrun for aerotrack_travel_catalogo_vuelos to 2026-07-09 00:00:00+00:00, run_after=2026-07-10 00:00:00+00:00
[2026-07-09T04:16:57.107-0500] {processor.py:183} INFO - Processing /opt/airflow/dags/dag_generar_catalogo_vuelos.py took 0.821 seconds
[2026-07-09T04:17:27.493-0500] {processor.py:161} INFO - Started process (PID=18407) to work on /opt/airflow/dags/dag_generar_catalogo_vuelos.py
[2026-07-09T04:17:27.494-0500] {processor.py:830} INFO - Processing file /opt/airflow/dags/dag_generar_catalogo_vuelos.py for tasks to queue
[2026-07-09T04:17:27.496-0500] {logging_mixin.py:188} INFO - [2026-07-09T04:17:27.496-0500] {dagbag.py:545} INFO - Filling up the DagBag from /opt/airflow/dags/dag_generar_catalogo_vuelos.py
[2026-07-09T04:17:28.077-0500] {processor.py:840} INFO - DAG(s) 'aerotrack_travel_catalogo_vuelos' retrieved from /opt/airflow/dags/dag_generar_catalogo_vuelos.py
[2026-07-09T04:17:28.113-0500] {logging_mixin.py:188} INFO - [2026-07-09T04:17:28.112-0500] {dag.py:3089} INFO - Sync 1 DAGs
[2026-07-09T04:17:28.133-0500] {logging_mixin.py:188} INFO - [2026-07-09T04:17:28.133-0500] {dag.py:3947} INFO - Setting next_dagrun for aerotrack_travel_catalogo_vuelos to 2026-07-09 00:00:00+00:00, run_after=2026-07-10 00:00:00+00:00
[2026-07-09T04:17:28.150-0500] {processor.py:183} INFO - Processing /opt/airflow/dags/dag_generar_catalogo_vuelos.py took 0.664 seconds
[2026-07-09T04:17:58.678-0500] {processor.py:161} INFO - Started process (PID=18434) to work on /opt/airflow/dags/dag_generar_catalogo_vuelos.py
[2026-07-09T04:17:58.680-0500] {processor.py:830} INFO - Processing file /opt/airflow/dags/dag_generar_catalogo_vuelos.py for tasks to queue
[2026-07-09T04:17:58.681-0500] {logging_mixin.py:188} INFO - [2026-07-09T04:17:58.681-0500] {dagbag.py:545} INFO - Filling up the DagBag from /opt/airflow/dags/dag_generar_catalogo_vuelos.py
[2026-07-09T04:17:59.161-0500] {processor.py:840} INFO - DAG(s) 'aerotrack_travel_catalogo_vuelos' retrieved from /opt/airflow/dags/dag_generar_catalogo_vuelos.py
[2026-07-09T04:17:59.209-0500] {logging_mixin.py:188} INFO - [2026-07-09T04:17:59.209-0500] {dag.py:3089} INFO - Sync 1 DAGs
[2026-07-09T04:17:59.237-0500] {logging_mixin.py:188} INFO - [2026-07-09T04:17:59.237-0500] {dag.py:3947} INFO - Setting next_dagrun for aerotrack_travel_catalogo_vuelos to 2026-07-09 00:00:00+00:00, run_after=2026-07-10 00:00:00+00:00
[2026-07-09T04:17:59.255-0500] {processor.py:183} INFO - Processing /opt/airflow/dags/dag_generar_catalogo_vuelos.py took 0.581 seconds
[2026-07-09T04:18:29.628-0500] {processor.py:161} INFO - Started process (PID=18461) to work on /opt/airflow/dags/dag_generar_catalogo_vuelos.py
[2026-07-09T04:18:29.629-0500] {processor.py:830} INFO - Processing file /opt/airflow/dags/dag_generar_catalogo_vuelos.py for tasks to queue
[2026-07-09T04:18:29.632-0500] {logging_mixin.py:188} INFO - [2026-07-09T04:18:29.631-0500] {dagbag.py:545} INFO - Filling up the DagBag from /opt/airflow/dags/dag_generar_catalogo_vuelos.py
[2026-07-09T04:18:30.199-0500] {processor.py:840} INFO - DAG(s) 'aerotrack_travel_catalogo_vuelos' retrieved from /opt/airflow/dags/dag_generar_catalogo_vuelos.py
[2026-07-09T04:18:30.235-0500] {logging_mixin.py:188} INFO - [2026-07-09T04:18:30.235-0500] {dag.py:3089} INFO - Sync 1 DAGs
[2026-07-09T04:18:30.259-0500] {logging_mixin.py:188} INFO - [2026-07-09T04:18:30.259-0500] {dag.py:3947} INFO - Setting next_dagrun for aerotrack_travel_catalogo_vuelos to 2026-07-09 00:00:00+00:00, run_after=2026-07-10 00:00:00+00:00
[2026-07-09T04:18:30.451-0500] {processor.py:183} INFO - Processing /opt/airflow/dags/dag_generar_catalogo_vuelos.py took 0.830 seconds
[2026-07-09T04:19:00.841-0500] {processor.py:161} INFO - Started process (PID=18488) to work on /opt/airflow/dags/dag_generar_catalogo_vuelos.py
[2026-07-09T04:19:00.842-0500] {processor.py:830} INFO - Processing file /opt/airflow/dags/dag_generar_catalogo_vuelos.py for tasks to queue
[2026-07-09T04:19:00.844-0500] {logging_mixin.py:188} INFO - [2026-07-09T04:19:00.843-0500] {dagbag.py:545} INFO - Filling up the DagBag from /opt/airflow/dags/dag_generar_catalogo_vuelos.py
[2026-07-09T04:19:01.323-0500] {processor.py:840} INFO - DAG(s) 'aerotrack_travel_catalogo_vuelos' retrieved from /opt/airflow/dags/dag_generar_catalogo_vuelos.py
[2026-07-09T04:19:01.361-0500] {logging_mixin.py:188} INFO - [2026-07-09T04:19:01.361-0500] {dag.py:3089} INFO - Sync 1 DAGs
[2026-07-09T04:19:01.565-0500] {logging_mixin.py:188} INFO - [2026-07-09T04:19:01.565-0500] {dag.py:3947} INFO - Setting next_dagrun for aerotrack_travel_catalogo_vuelos to 2026-07-09 00:00:00+00:00, run_after=2026-07-10 00:00:00+00:00
[2026-07-09T04:19:01.582-0500] {processor.py:183} INFO - Processing /opt/airflow/dags/dag_generar_catalogo_vuelos.py took 0.747 seconds
[2026-07-09T04:19:31.964-0500] {processor.py:161} INFO - Started process (PID=18515) to work on /opt/airflow/dags/dag_generar_catalogo_vuelos.py
[2026-07-09T04:19:31.965-0500] {processor.py:830} INFO - Processing file /opt/airflow/dags/dag_generar_catalogo_vuelos.py for tasks to queue
[2026-07-09T04:19:31.967-0500] {logging_mixin.py:188} INFO - [2026-07-09T04:19:31.966-0500] {dagbag.py:545} INFO - Filling up the DagBag from /opt/airflow/dags/dag_generar_catalogo_vuelos.py
[2026-07-09T04:19:32.439-0500] {processor.py:840} INFO - DAG(s) 'aerotrack_travel_catalogo_vuelos' retrieved from /opt/airflow/dags/dag_generar_catalogo_vuelos.py
[2026-07-09T04:19:32.474-0500] {logging_mixin.py:188} INFO - [2026-07-09T04:19:32.474-0500] {dag.py:3089} INFO - Sync 1 DAGs
[2026-07-09T04:19:32.495-0500] {logging_mixin.py:188} INFO - [2026-07-09T04:19:32.495-0500] {dag.py:3947} INFO - Setting next_dagrun for aerotrack_travel_catalogo_vuelos to 2026-07-09 00:00:00+00:00, run_after=2026-07-10 00:00:00+00:00
[2026-07-09T04:19:32.512-0500] {processor.py:183} INFO - Processing /opt/airflow/dags/dag_generar_catalogo_vuelos.py took 0.554 seconds
[2026-07-09T04:20:02.878-0500] {processor.py:161} INFO - Started process (PID=18542) to work on /opt/airflow/dags/dag_generar_catalogo_vuelos.py
[2026-07-09T04:20:02.880-0500] {processor.py:830} INFO - Processing file /opt/airflow/dags/dag_generar_catalogo_vuelos.py for tasks to queue
[2026-07-09T04:20:02.883-0500] {logging_mixin.py:188} INFO - [2026-07-09T04:20:02.882-0500] {dagbag.py:545} INFO - Filling up the DagBag from /opt/airflow/dags/dag_generar_catalogo_vuelos.py
[2026-07-09T04:20:03.366-0500] {processor.py:840} INFO - DAG(s) 'aerotrack_travel_catalogo_vuelos' retrieved from /opt/airflow/dags/dag_generar_catalogo_vuelos.py
[2026-07-09T04:20:03.403-0500] {logging_mixin.py:188} INFO - [2026-07-09T04:20:03.403-0500] {dag.py:3089} INFO - Sync 1 DAGs
[2026-07-09T04:20:03.426-0500] {logging_mixin.py:188} INFO - [2026-07-09T04:20:03.426-0500] {dag.py:3947} INFO - Setting next_dagrun for aerotrack_travel_catalogo_vuelos to 2026-07-09 00:00:00+00:00, run_after=2026-07-10 00:00:00+00:00
[2026-07-09T04:20:03.445-0500] {processor.py:183} INFO - Processing /opt/airflow/dags/dag_generar_catalogo_vuelos.py took 0.575 seconds
[2026-07-09T04:20:33.820-0500] {processor.py:161} INFO - Started process (PID=18569) to work on /opt/airflow/dags/dag_generar_catalogo_vuelos.py
[2026-07-09T04:20:33.821-0500] {processor.py:830} INFO - Processing file /opt/airflow/dags/dag_generar_catalogo_vuelos.py for tasks to queue
[2026-07-09T04:20:33.823-0500] {logging_mixin.py:188} INFO - [2026-07-09T04:20:33.823-0500] {dagbag.py:545} INFO - Filling up the DagBag from /opt/airflow/dags/dag_generar_catalogo_vuelos.py
[2026-07-09T04:20:34.298-0500] {processor.py:840} INFO - DAG(s) 'aerotrack_travel_catalogo_vuelos' retrieved from /opt/airflow/dags/dag_generar_catalogo_vuelos.py
[2026-07-09T04:20:34.336-0500] {logging_mixin.py:188} INFO - [2026-07-09T04:20:34.336-0500] {dag.py:3089} INFO - Sync 1 DAGs
[2026-07-09T04:20:34.358-0500] {logging_mixin.py:188} INFO - [2026-07-09T04:20:34.358-0500] {dag.py:3947} INFO - Setting next_dagrun for aerotrack_travel_catalogo_vuelos to 2026-07-09 00:00:00+00:00, run_after=2026-07-10 00:00:00+00:00
[2026-07-09T04:20:34.588-0500] {processor.py:183} INFO - Processing /opt/airflow/dags/dag_generar_catalogo_vuelos.py took 0.774 seconds
[2026-07-09T04:21:05.068-0500] {processor.py:161} INFO - Started process (PID=18596) to work on /opt/airflow/dags/dag_generar_catalogo_vuelos.py
[2026-07-09T04:21:05.069-0500] {processor.py:830} INFO - Processing file /opt/airflow/dags/dag_generar_catalogo_vuelos.py for tasks to queue
[2026-07-09T04:21:05.071-0500] {logging_mixin.py:188} INFO - [2026-07-09T04:21:05.070-0500] {dagbag.py:545} INFO - Filling up the DagBag from /opt/airflow/dags/dag_generar_catalogo_vuelos.py
[2026-07-09T04:21:05.569-0500] {processor.py:840} INFO - DAG(s) 'aerotrack_travel_catalogo_vuelos' retrieved from /opt/airflow/dags/dag_generar_catalogo_vuelos.py
[2026-07-09T04:21:05.607-0500] {logging_mixin.py:188} INFO - [2026-07-09T04:21:05.607-0500] {dag.py:3089} INFO - Sync 1 DAGs
[2026-07-09T04:21:05.793-0500] {logging_mixin.py:188} INFO - [2026-07-09T04:21:05.792-0500] {dag.py:3947} INFO - Setting next_dagrun for aerotrack_travel_catalogo_vuelos to 2026-07-09 00:00:00+00:00, run_after=2026-07-10 00:00:00+00:00
[2026-07-09T04:21:05.815-0500] {processor.py:183} INFO - Processing /opt/airflow/dags/dag_generar_catalogo_vuelos.py took 0.753 seconds
[2026-07-09T04:21:36.419-0500] {processor.py:161} INFO - Started process (PID=18623) to work on /opt/airflow/dags/dag_generar_catalogo_vuelos.py
[2026-07-09T04:21:36.419-0500] {processor.py:830} INFO - Processing file /opt/airflow/dags/dag_generar_catalogo_vuelos.py for tasks to queue
[2026-07-09T04:21:36.421-0500] {logging_mixin.py:188} INFO - [2026-07-09T04:21:36.421-0500] {dagbag.py:545} INFO - Filling up the DagBag from /opt/airflow/dags/dag_generar_catalogo_vuelos.py
[2026-07-09T04:21:36.897-0500] {processor.py:840} INFO - DAG(s) 'aerotrack_travel_catalogo_vuelos' retrieved from /opt/airflow/dags/dag_generar_catalogo_vuelos.py
[2026-07-09T04:21:36.948-0500] {logging_mixin.py:188} INFO - [2026-07-09T04:21:36.948-0500] {dag.py:3089} INFO - Sync 1 DAGs
[2026-07-09T04:21:36.969-0500] {logging_mixin.py:188} INFO - [2026-07-09T04:21:36.969-0500] {dag.py:3947} INFO - Setting next_dagrun for aerotrack_travel_catalogo_vuelos to 2026-07-09 00:00:00+00:00, run_after=2026-07-10 00:00:00+00:00
[2026-07-09T04:21:36.989-0500] {processor.py:183} INFO - Processing /opt/airflow/dags/dag_generar_catalogo_vuelos.py took 0.576 seconds
[2026-07-09T04:22:07.382-0500] {processor.py:161} INFO - Started process (PID=18650) to work on /opt/airflow/dags/dag_generar_catalogo_vuelos.py
[2026-07-09T04:22:07.384-0500] {processor.py:830} INFO - Processing file /opt/airflow/dags/dag_generar_catalogo_vuelos.py for tasks to queue
[2026-07-09T04:22:07.386-0500] {logging_mixin.py:188} INFO - [2026-07-09T04:22:07.385-0500] {dagbag.py:545} INFO - Filling up the DagBag from /opt/airflow/dags/dag_generar_catalogo_vuelos.py
[2026-07-09T04:22:07.927-0500] {processor.py:840} INFO - DAG(s) 'aerotrack_travel_catalogo_vuelos' retrieved from /opt/airflow/dags/dag_generar_catalogo_vuelos.py
[2026-07-09T04:22:07.970-0500] {logging_mixin.py:188} INFO - [2026-07-09T04:22:07.969-0500] {dag.py:3089} INFO - Sync 1 DAGs
[2026-07-09T04:22:07.994-0500] {logging_mixin.py:188} INFO - [2026-07-09T04:22:07.994-0500] {dag.py:3947} INFO - Setting next_dagrun for aerotrack_travel_catalogo_vuelos to 2026-07-09 00:00:00+00:00, run_after=2026-07-10 00:00:00+00:00
[2026-07-09T04:22:08.016-0500] {processor.py:183} INFO - Processing /opt/airflow/dags/dag_generar_catalogo_vuelos.py took 0.639 seconds
[2026-07-09T04:22:38.407-0500] {processor.py:161} INFO - Started process (PID=18677) to work on /opt/airflow/dags/dag_generar_catalogo_vuelos.py
[2026-07-09T04:22:38.408-0500] {processor.py:830} INFO - Processing file /opt/airflow/dags/dag_generar_catalogo_vuelos.py for tasks to queue
[2026-07-09T04:22:38.410-0500] {logging_mixin.py:188} INFO - [2026-07-09T04:22:38.410-0500] {dagbag.py:545} INFO - Filling up the DagBag from /opt/airflow/dags/dag_generar_catalogo_vuelos.py
[2026-07-09T04:22:38.888-0500] {processor.py:840} INFO - DAG(s) 'aerotrack_travel_catalogo_vuelos' retrieved from /opt/airflow/dags/dag_generar_catalogo_vuelos.py
[2026-07-09T04:22:38.922-0500] {logging_mixin.py:188} INFO - [2026-07-09T04:22:38.921-0500] {dag.py:3089} INFO - Sync 1 DAGs
[2026-07-09T04:22:38.945-0500] {logging_mixin.py:188} INFO - [2026-07-09T04:22:38.945-0500] {dag.py:3947} INFO - Setting next_dagrun for aerotrack_travel_catalogo_vuelos to 2026-07-09 00:00:00+00:00, run_after=2026-07-10 00:00:00+00:00
[2026-07-09T04:22:39.176-0500] {processor.py:183} INFO - Processing /opt/airflow/dags/dag_generar_catalogo_vuelos.py took 0.775 seconds
[2026-07-09T04:23:09.785-0500] {processor.py:161} INFO - Started process (PID=18704) to work on /opt/airflow/dags/dag_generar_catalogo_vuelos.py
[2026-07-09T04:23:09.786-0500] {processor.py:830} INFO - Processing file /opt/airflow/dags/dag_generar_catalogo_vuelos.py for tasks to queue
[2026-07-09T04:23:09.788-0500] {logging_mixin.py:188} INFO - [2026-07-09T04:23:09.788-0500] {dagbag.py:545} INFO - Filling up the DagBag from /opt/airflow/dags/dag_generar_catalogo_vuelos.py
[2026-07-09T04:23:10.319-0500] {processor.py:840} INFO - DAG(s) 'aerotrack_travel_catalogo_vuelos' retrieved from /opt/airflow/dags/dag_generar_catalogo_vuelos.py
[2026-07-09T04:23:10.357-0500] {logging_mixin.py:188} INFO - [2026-07-09T04:23:10.356-0500] {dag.py:3089} INFO - Sync 1 DAGs
[2026-07-09T04:23:10.625-0500] {logging_mixin.py:188} INFO - [2026-07-09T04:23:10.624-0500] {dag.py:3947} INFO - Setting next_dagrun for aerotrack_travel_catalogo_vuelos to 2026-07-09 00:00:00+00:00, run_after=2026-07-10 00:00:00+00:00
[2026-07-09T04:23:10.649-0500] {processor.py:183} INFO - Processing /opt/airflow/dags/dag_generar_catalogo_vuelos.py took 0.870 seconds
[2026-07-09T04:23:41.125-0500] {processor.py:161} INFO - Started process (PID=18731) to work on /opt/airflow/dags/dag_generar_catalogo_vuelos.py
[2026-07-09T04:23:41.126-0500] {processor.py:830} INFO - Processing file /opt/airflow/dags/dag_generar_catalogo_vuelos.py for tasks to queue
[2026-07-09T04:23:41.128-0500] {logging_mixin.py:188} INFO - [2026-07-09T04:23:41.128-0500] {dagbag.py:545} INFO - Filling up the DagBag from /opt/airflow/dags/dag_generar_catalogo_vuelos.py
[2026-07-09T04:23:41.555-0500] {processor.py:840} INFO - DAG(s) 'aerotrack_travel_catalogo_vuelos' retrieved from /opt/airflow/dags/dag_generar_catalogo_vuelos.py
[2026-07-09T04:23:41.585-0500] {logging_mixin.py:188} INFO - [2026-07-09T04:23:41.585-0500] {dag.py:3089} INFO - Sync 1 DAGs
[2026-07-09T04:23:41.604-0500] {logging_mixin.py:188} INFO - [2026-07-09T04:23:41.604-0500] {dag.py:3947} INFO - Setting next_dagrun for aerotrack_travel_catalogo_vuelos to 2026-07-09 00:00:00+00:00, run_after=2026-07-10 00:00:00+00:00
[2026-07-09T04:23:41.620-0500] {processor.py:183} INFO - Processing /opt/airflow/dags/dag_generar_catalogo_vuelos.py took 0.500 seconds
[2026-07-09T04:24:11.972-0500] {processor.py:161} INFO - Started process (PID=18758) to work on /opt/airflow/dags/dag_generar_catalogo_vuelos.py
[2026-07-09T04:24:11.973-0500] {processor.py:830} INFO - Processing file /opt/airflow/dags/dag_generar_catalogo_vuelos.py for tasks to queue
[2026-07-09T04:24:11.974-0500] {logging_mixin.py:188} INFO - [2026-07-09T04:24:11.974-0500] {dagbag.py:545} INFO - Filling up the DagBag from /opt/airflow/dags/dag_generar_catalogo_vuelos.py
[2026-07-09T04:24:12.405-0500] {processor.py:840} INFO - DAG(s) 'aerotrack_travel_catalogo_vuelos' retrieved from /opt/airflow/dags/dag_generar_catalogo_vuelos.py
[2026-07-09T04:24:12.433-0500] {logging_mixin.py:188} INFO - [2026-07-09T04:24:12.433-0500] {dag.py:3089} INFO - Sync 1 DAGs
[2026-07-09T04:24:12.453-0500] {logging_mixin.py:188} INFO - [2026-07-09T04:24:12.453-0500] {dag.py:3947} INFO - Setting next_dagrun for aerotrack_travel_catalogo_vuelos to 2026-07-09 00:00:00+00:00, run_after=2026-07-10 00:00:00+00:00
[2026-07-09T04:24:12.470-0500] {processor.py:183} INFO - Processing /opt/airflow/dags/dag_generar_catalogo_vuelos.py took 0.502 seconds
[2026-07-09T04:24:42.890-0500] {processor.py:161} INFO - Started process (PID=18785) to work on /opt/airflow/dags/dag_generar_catalogo_vuelos.py
[2026-07-09T04:24:42.891-0500] {processor.py:830} INFO - Processing file /opt/airflow/dags/dag_generar_catalogo_vuelos.py for tasks to queue
[2026-07-09T04:24:42.893-0500] {logging_mixin.py:188} INFO - [2026-07-09T04:24:42.892-0500] {dagbag.py:545} INFO - Filling up the DagBag from /opt/airflow/dags/dag_generar_catalogo_vuelos.py
[2026-07-09T04:24:43.345-0500] {processor.py:840} INFO - DAG(s) 'aerotrack_travel_catalogo_vuelos' retrieved from /opt/airflow/dags/dag_generar_catalogo_vuelos.py
[2026-07-09T04:24:43.377-0500] {logging_mixin.py:188} INFO - [2026-07-09T04:24:43.377-0500] {dag.py:3089} INFO - Sync 1 DAGs
[2026-07-09T04:24:43.396-0500] {logging_mixin.py:188} INFO - [2026-07-09T04:24:43.396-0500] {dag.py:3947} INFO - Setting next_dagrun for aerotrack_travel_catalogo_vuelos to 2026-07-09 00:00:00+00:00, run_after=2026-07-10 00:00:00+00:00
[2026-07-09T04:24:43.567-0500] {processor.py:183} INFO - Processing /opt/airflow/dags/dag_generar_catalogo_vuelos.py took 0.681 seconds
[2026-07-09T04:25:13.906-0500] {processor.py:161} INFO - Started process (PID=18812) to work on /opt/airflow/dags/dag_generar_catalogo_vuelos.py
[2026-07-09T04:25:13.908-0500] {processor.py:830} INFO - Processing file /opt/airflow/dags/dag_generar_catalogo_vuelos.py for tasks to queue
[2026-07-09T04:25:13.909-0500] {logging_mixin.py:188} INFO - [2026-07-09T04:25:13.909-0500] {dagbag.py:545} INFO - Filling up the DagBag from /opt/airflow/dags/dag_generar_catalogo_vuelos.py
[2026-07-09T04:25:14.314-0500] {processor.py:840} INFO - DAG(s) 'aerotrack_travel_catalogo_vuelos' retrieved from /opt/airflow/dags/dag_generar_catalogo_vuelos.py
[2026-07-09T04:25:14.480-0500] {logging_mixin.py:188} INFO - [2026-07-09T04:25:14.480-0500] {dag.py:3089} INFO - Sync 1 DAGs
[2026-07-09T04:25:14.494-0500] {logging_mixin.py:188} INFO - [2026-07-09T04:25:14.494-0500] {dag.py:3947} INFO - Setting next_dagrun for aerotrack_travel_catalogo_vuelos to 2026-07-09 00:00:00+00:00, run_after=2026-07-10 00:00:00+00:00
[2026-07-09T04:25:14.508-0500] {processor.py:183} INFO - Processing /opt/airflow/dags/dag_generar_catalogo_vuelos.py took 0.606 seconds
[2026-07-09T04:25:44.821-0500] {processor.py:161} INFO - Started process (PID=18839) to work on /opt/airflow/dags/dag_generar_catalogo_vuelos.py
[2026-07-09T04:25:44.822-0500] {processor.py:830} INFO - Processing file /opt/airflow/dags/dag_generar_catalogo_vuelos.py for tasks to queue
[2026-07-09T04:25:44.824-0500] {logging_mixin.py:188} INFO - [2026-07-09T04:25:44.823-0500] {dagbag.py:545} INFO - Filling up the DagBag from /opt/airflow/dags/dag_generar_catalogo_vuelos.py
[2026-07-09T04:25:45.288-0500] {processor.py:840} INFO - DAG(s) 'aerotrack_travel_catalogo_vuelos' retrieved from /opt/airflow/dags/dag_generar_catalogo_vuelos.py
[2026-07-09T04:25:45.324-0500] {logging_mixin.py:188} INFO - [2026-07-09T04:25:45.324-0500] {dag.py:3089} INFO - Sync 1 DAGs
[2026-07-09T04:25:45.346-0500] {logging_mixin.py:188} INFO - [2026-07-09T04:25:45.345-0500] {dag.py:3947} INFO - Setting next_dagrun for aerotrack_travel_catalogo_vuelos to 2026-07-09 00:00:00+00:00, run_after=2026-07-10 00:00:00+00:00
[2026-07-09T04:25:45.368-0500] {processor.py:183} INFO - Processing /opt/airflow/dags/dag_generar_catalogo_vuelos.py took 0.552 seconds
[2026-07-09T04:26:15.716-0500] {processor.py:161} INFO - Started process (PID=18866) to work on /opt/airflow/dags/dag_generar_catalogo_vuelos.py
[2026-07-09T04:26:15.717-0500] {processor.py:830} INFO - Processing file /opt/airflow/dags/dag_generar_catalogo_vuelos.py for tasks to queue
[2026-07-09T04:26:15.719-0500] {logging_mixin.py:188} INFO - [2026-07-09T04:26:15.718-0500] {dagbag.py:545} INFO - Filling up the DagBag from /opt/airflow/dags/dag_generar_catalogo_vuelos.py
[2026-07-09T04:26:16.275-0500] {processor.py:840} INFO - DAG(s) 'aerotrack_travel_catalogo_vuelos' retrieved from /opt/airflow/dags/dag_generar_catalogo_vuelos.py
[2026-07-09T04:26:16.309-0500] {logging_mixin.py:188} INFO - [2026-07-09T04:26:16.308-0500] {dag.py:3089} INFO - Sync 1 DAGs
[2026-07-09T04:26:16.327-0500] {logging_mixin.py:188} INFO - [2026-07-09T04:26:16.327-0500] {dag.py:3947} INFO - Setting next_dagrun for aerotrack_travel_catalogo_vuelos to 2026-07-09 00:00:00+00:00, run_after=2026-07-10 00:00:00+00:00
[2026-07-09T04:26:16.343-0500] {processor.py:183} INFO - Processing /opt/airflow/dags/dag_generar_catalogo_vuelos.py took 0.633 seconds
[2026-07-09T04:26:46.697-0500] {processor.py:161} INFO - Started process (PID=18893) to work on /opt/airflow/dags/dag_generar_catalogo_vuelos.py
[2026-07-09T04:26:46.698-0500] {processor.py:830} INFO - Processing file /opt/airflow/dags/dag_generar_catalogo_vuelos.py for tasks to queue
[2026-07-09T04:26:46.700-0500] {logging_mixin.py:188} INFO - [2026-07-09T04:26:46.700-0500] {dagbag.py:545} INFO - Filling up the DagBag from /opt/airflow/dags/dag_generar_catalogo_vuelos.py
[2026-07-09T04:26:47.181-0500] {processor.py:840} INFO - DAG(s) 'aerotrack_travel_catalogo_vuelos' retrieved from /opt/airflow/dags/dag_generar_catalogo_vuelos.py
[2026-07-09T04:26:47.225-0500] {logging_mixin.py:188} INFO - [2026-07-09T04:26:47.224-0500] {dag.py:3089} INFO - Sync 1 DAGs
[2026-07-09T04:26:47.409-0500] {logging_mixin.py:188} INFO - [2026-07-09T04:26:47.409-0500] {dag.py:3947} INFO - Setting next_dagrun for aerotrack_travel_catalogo_vuelos to 2026-07-09 00:00:00+00:00, run_after=2026-07-10 00:00:00+00:00
[2026-07-09T04:26:47.431-0500] {processor.py:183} INFO - Processing /opt/airflow/dags/dag_generar_catalogo_vuelos.py took 0.739 seconds
[2026-07-09T04:27:17.901-0500] {processor.py:161} INFO - Started process (PID=18920) to work on /opt/airflow/dags/dag_generar_catalogo_vuelos.py
[2026-07-09T04:27:17.902-0500] {processor.py:830} INFO - Processing file /opt/airflow/dags/dag_generar_catalogo_vuelos.py for tasks to queue
[2026-07-09T04:27:17.903-0500] {logging_mixin.py:188} INFO - [2026-07-09T04:27:17.903-0500] {dagbag.py:545} INFO - Filling up the DagBag from /opt/airflow/dags/dag_generar_catalogo_vuelos.py
[2026-07-09T04:27:18.321-0500] {processor.py:840} INFO - DAG(s) 'aerotrack_travel_catalogo_vuelos' retrieved from /opt/airflow/dags/dag_generar_catalogo_vuelos.py
[2026-07-09T04:27:18.508-0500] {logging_mixin.py:188} INFO - [2026-07-09T04:27:18.508-0500] {dag.py:3089} INFO - Sync 1 DAGs
[2026-07-09T04:27:18.521-0500] {logging_mixin.py:188} INFO - [2026-07-09T04:27:18.521-0500] {dag.py:3947} INFO - Setting next_dagrun for aerotrack_travel_catalogo_vuelos to 2026-07-09 00:00:00+00:00, run_after=2026-07-10 00:00:00+00:00
[2026-07-09T04:27:18.534-0500] {processor.py:183} INFO - Processing /opt/airflow/dags/dag_generar_catalogo_vuelos.py took 0.637 seconds
[2026-07-09T04:27:48.866-0500] {processor.py:161} INFO - Started process (PID=18947) to work on /opt/airflow/dags/dag_generar_catalogo_vuelos.py
[2026-07-09T04:27:48.867-0500] {processor.py:830} INFO - Processing file /opt/airflow/dags/dag_generar_catalogo_vuelos.py for tasks to queue
[2026-07-09T04:27:48.869-0500] {logging_mixin.py:188} INFO - [2026-07-09T04:27:48.869-0500] {dagbag.py:545} INFO - Filling up the DagBag from /opt/airflow/dags/dag_generar_catalogo_vuelos.py
[2026-07-09T04:27:49.313-0500] {processor.py:840} INFO - DAG(s) 'aerotrack_travel_catalogo_vuelos' retrieved from /opt/airflow/dags/dag_generar_catalogo_vuelos.py
[2026-07-09T04:27:49.347-0500] {logging_mixin.py:188} INFO - [2026-07-09T04:27:49.347-0500] {dag.py:3089} INFO - Sync 1 DAGs
[2026-07-09T04:27:49.365-0500] {logging_mixin.py:188} INFO - [2026-07-09T04:27:49.365-0500] {dag.py:3947} INFO - Setting next_dagrun for aerotrack_travel_catalogo_vuelos to 2026-07-09 00:00:00+00:00, run_after=2026-07-10 00:00:00+00:00
[2026-07-09T04:27:49.383-0500] {processor.py:183} INFO - Processing /opt/airflow/dags/dag_generar_catalogo_vuelos.py took 0.522 seconds
[2026-07-09T04:28:19.852-0500] {processor.py:161} INFO - Started process (PID=18974) to work on /opt/airflow/dags/dag_generar_catalogo_vuelos.py
[2026-07-09T04:28:19.853-0500] {processor.py:830} INFO - Processing file /opt/airflow/dags/dag_generar_catalogo_vuelos.py for tasks to queue
[2026-07-09T04:28:19.855-0500] {logging_mixin.py:188} INFO - [2026-07-09T04:28:19.855-0500] {dagbag.py:545} INFO - Filling up the DagBag from /opt/airflow/dags/dag_generar_catalogo_vuelos.py
[2026-07-09T04:28:20.606-0500] {processor.py:840} INFO - DAG(s) 'aerotrack_travel_catalogo_vuelos' retrieved from /opt/airflow/dags/dag_generar_catalogo_vuelos.py
[2026-07-09T04:28:20.635-0500] {logging_mixin.py:188} INFO - [2026-07-09T04:28:20.635-0500] {dag.py:3089} INFO - Sync 1 DAGs
[2026-07-09T04:28:20.650-0500] {logging_mixin.py:188} INFO - [2026-07-09T04:28:20.650-0500] {dag.py:3947} INFO - Setting next_dagrun for aerotrack_travel_catalogo_vuelos to 2026-07-09 00:00:00+00:00, run_after=2026-07-10 00:00:00+00:00
[2026-07-09T04:28:20.665-0500] {processor.py:183} INFO - Processing /opt/airflow/dags/dag_generar_catalogo_vuelos.py took 0.818 seconds
[2026-07-09T04:28:51.019-0500] {processor.py:161} INFO - Started process (PID=19001) to work on /opt/airflow/dags/dag_generar_catalogo_vuelos.py
[2026-07-09T04:28:51.020-0500] {processor.py:830} INFO - Processing file /opt/airflow/dags/dag_generar_catalogo_vuelos.py for tasks to queue
[2026-07-09T04:28:51.022-0500] {logging_mixin.py:188} INFO - [2026-07-09T04:28:51.021-0500] {dagbag.py:545} INFO - Filling up the DagBag from /opt/airflow/dags/dag_generar_catalogo_vuelos.py
[2026-07-09T04:28:51.447-0500] {processor.py:840} INFO - DAG(s) 'aerotrack_travel_catalogo_vuelos' retrieved from /opt/airflow/dags/dag_generar_catalogo_vuelos.py
[2026-07-09T04:28:51.473-0500] {logging_mixin.py:188} INFO - [2026-07-09T04:28:51.473-0500] {dag.py:3089} INFO - Sync 1 DAGs
[2026-07-09T04:28:51.635-0500] {logging_mixin.py:188} INFO - [2026-07-09T04:28:51.635-0500] {dag.py:3947} INFO - Setting next_dagrun for aerotrack_travel_catalogo_vuelos to 2026-07-09 00:00:00+00:00, run_after=2026-07-10 00:00:00+00:00
[2026-07-09T04:28:51.648-0500] {processor.py:183} INFO - Processing /opt/airflow/dags/dag_generar_catalogo_vuelos.py took 0.633 seconds
[2026-07-09T04:29:21.988-0500] {processor.py:161} INFO - Started process (PID=19028) to work on /opt/airflow/dags/dag_generar_catalogo_vuelos.py
[2026-07-09T04:29:21.989-0500] {processor.py:830} INFO - Processing file /opt/airflow/dags/dag_generar_catalogo_vuelos.py for tasks to queue
[2026-07-09T04:29:21.991-0500] {logging_mixin.py:188} INFO - [2026-07-09T04:29:21.991-0500] {dagbag.py:545} INFO - Filling up the DagBag from /opt/airflow/dags/dag_generar_catalogo_vuelos.py
[2026-07-09T04:29:22.449-0500] {processor.py:840} INFO - DAG(s) 'aerotrack_travel_catalogo_vuelos' retrieved from /opt/airflow/dags/dag_generar_catalogo_vuelos.py
[2026-07-09T04:29:22.633-0500] {logging_mixin.py:188} INFO - [2026-07-09T04:29:22.633-0500] {dag.py:3089} INFO - Sync 1 DAGs
[2026-07-09T04:29:22.647-0500] {logging_mixin.py:188} INFO - [2026-07-09T04:29:22.646-0500] {dag.py:3947} INFO - Setting next_dagrun for aerotrack_travel_catalogo_vuelos to 2026-07-09 00:00:00+00:00, run_after=2026-07-10 00:00:00+00:00
[2026-07-09T04:29:22.659-0500] {processor.py:183} INFO - Processing /opt/airflow/dags/dag_generar_catalogo_vuelos.py took 0.677 seconds
[2026-07-09T04:29:53.089-0500] {processor.py:161} INFO - Started process (PID=19055) to work on /opt/airflow/dags/dag_generar_catalogo_vuelos.py
[2026-07-09T04:29:53.090-0500] {processor.py:830} INFO - Processing file /opt/airflow/dags/dag_generar_catalogo_vuelos.py for tasks to queue
[2026-07-09T04:29:53.092-0500] {logging_mixin.py:188} INFO - [2026-07-09T04:29:53.091-0500] {dagbag.py:545} INFO - Filling up the DagBag from /opt/airflow/dags/dag_generar_catalogo_vuelos.py
[2026-07-09T04:29:53.488-0500] {processor.py:840} INFO - DAG(s) 'aerotrack_travel_catalogo_vuelos' retrieved from /opt/airflow/dags/dag_generar_catalogo_vuelos.py
[2026-07-09T04:29:53.516-0500] {logging_mixin.py:188} INFO - [2026-07-09T04:29:53.516-0500] {dag.py:3089} INFO - Sync 1 DAGs
[2026-07-09T04:29:53.533-0500] {logging_mixin.py:188} INFO - [2026-07-09T04:29:53.533-0500] {dag.py:3947} INFO - Setting next_dagrun for aerotrack_travel_catalogo_vuelos to 2026-07-09 00:00:00+00:00, run_after=2026-07-10 00:00:00+00:00
[2026-07-09T04:29:53.548-0500] {processor.py:183} INFO - Processing /opt/airflow/dags/dag_generar_catalogo_vuelos.py took 0.463 seconds
[2026-07-09T04:30:23.871-0500] {processor.py:161} INFO - Started process (PID=19082) to work on /opt/airflow/dags/dag_generar_catalogo_vuelos.py
[2026-07-09T04:30:23.872-0500] {processor.py:830} INFO - Processing file /opt/airflow/dags/dag_generar_catalogo_vuelos.py for tasks to queue
[2026-07-09T04:30:23.873-0500] {logging_mixin.py:188} INFO - [2026-07-09T04:30:23.873-0500] {dagbag.py:545} INFO - Filling up the DagBag from /opt/airflow/dags/dag_generar_catalogo_vuelos.py
[2026-07-09T04:30:24.463-0500] {processor.py:840} INFO - DAG(s) 'aerotrack_travel_catalogo_vuelos' retrieved from /opt/airflow/dags/dag_generar_catalogo_vuelos.py
[2026-07-09T04:30:24.490-0500] {logging_mixin.py:188} INFO - [2026-07-09T04:30:24.490-0500] {dag.py:3089} INFO - Sync 1 DAGs
[2026-07-09T04:30:24.508-0500] {logging_mixin.py:188} INFO - [2026-07-09T04:30:24.507-0500] {dag.py:3947} INFO - Setting next_dagrun for aerotrack_travel_catalogo_vuelos to 2026-07-09 00:00:00+00:00, run_after=2026-07-10 00:00:00+00:00
[2026-07-09T04:30:24.521-0500] {processor.py:183} INFO - Processing /opt/airflow/dags/dag_generar_catalogo_vuelos.py took 0.655 seconds
[2026-07-09T04:30:54.851-0500] {processor.py:161} INFO - Started process (PID=19109) to work on /opt/airflow/dags/dag_generar_catalogo_vuelos.py
[2026-07-09T04:30:54.852-0500] {processor.py:830} INFO - Processing file /opt/airflow/dags/dag_generar_catalogo_vuelos.py for tasks to queue
[2026-07-09T04:30:54.855-0500] {logging_mixin.py:188} INFO - [2026-07-09T04:30:54.854-0500] {dagbag.py:545} INFO - Filling up the DagBag from /opt/airflow/dags/dag_generar_catalogo_vuelos.py
[2026-07-09T04:30:55.322-0500] {processor.py:840} INFO - DAG(s) 'aerotrack_travel_catalogo_vuelos' retrieved from /opt/airflow/dags/dag_generar_catalogo_vuelos.py
[2026-07-09T04:30:55.357-0500] {logging_mixin.py:188} INFO - [2026-07-09T04:30:55.356-0500] {dag.py:3089} INFO - Sync 1 DAGs
[2026-07-09T04:30:55.532-0500] {logging_mixin.py:188} INFO - [2026-07-09T04:30:55.532-0500] {dag.py:3947} INFO - Setting next_dagrun for aerotrack_travel_catalogo_vuelos to 2026-07-09 00:00:00+00:00, run_after=2026-07-10 00:00:00+00:00
[2026-07-09T04:30:55.549-0500] {processor.py:183} INFO - Processing /opt/airflow/dags/dag_generar_catalogo_vuelos.py took 0.703 seconds
[2026-07-09T04:31:25.924-0500] {processor.py:161} INFO - Started process (PID=19136) to work on /opt/airflow/dags/dag_generar_catalogo_vuelos.py
[2026-07-09T04:31:25.925-0500] {processor.py:830} INFO - Processing file /opt/airflow/dags/dag_generar_catalogo_vuelos.py for tasks to queue
[2026-07-09T04:31:25.927-0500] {logging_mixin.py:188} INFO - [2026-07-09T04:31:25.927-0500] {dagbag.py:545} INFO - Filling up the DagBag from /opt/airflow/dags/dag_generar_catalogo_vuelos.py
[2026-07-09T04:31:26.411-0500] {processor.py:840} INFO - DAG(s) 'aerotrack_travel_catalogo_vuelos' retrieved from /opt/airflow/dags/dag_generar_catalogo_vuelos.py
[2026-07-09T04:31:26.584-0500] {logging_mixin.py:188} INFO - [2026-07-09T04:31:26.584-0500] {dag.py:3089} INFO - Sync 1 DAGs
[2026-07-09T04:31:26.599-0500] {logging_mixin.py:188} INFO - [2026-07-09T04:31:26.599-0500] {dag.py:3947} INFO - Setting next_dagrun for aerotrack_travel_catalogo_vuelos to 2026-07-09 00:00:00+00:00, run_after=2026-07-10 00:00:00+00:00
[2026-07-09T04:31:26.615-0500] {processor.py:183} INFO - Processing /opt/airflow/dags/dag_generar_catalogo_vuelos.py took 0.697 seconds
[2026-07-09T04:31:57.206-0500] {processor.py:161} INFO - Started process (PID=19163) to work on /opt/airflow/dags/dag_generar_catalogo_vuelos.py
[2026-07-09T04:31:57.207-0500] {processor.py:830} INFO - Processing file /opt/airflow/dags/dag_generar_catalogo_vuelos.py for tasks to queue
[2026-07-09T04:31:57.208-0500] {logging_mixin.py:188} INFO - [2026-07-09T04:31:57.208-0500] {dagbag.py:545} INFO - Filling up the DagBag from /opt/airflow/dags/dag_generar_catalogo_vuelos.py
[2026-07-09T04:31:57.630-0500] {processor.py:840} INFO - DAG(s) 'aerotrack_travel_catalogo_vuelos' retrieved from /opt/airflow/dags/dag_generar_catalogo_vuelos.py
[2026-07-09T04:31:57.660-0500] {logging_mixin.py:188} INFO - [2026-07-09T04:31:57.660-0500] {dag.py:3089} INFO - Sync 1 DAGs
[2026-07-09T04:31:57.679-0500] {logging_mixin.py:188} INFO - [2026-07-09T04:31:57.678-0500] {dag.py:3947} INFO - Setting next_dagrun for aerotrack_travel_catalogo_vuelos to 2026-07-09 00:00:00+00:00, run_after=2026-07-10 00:00:00+00:00
[2026-07-09T04:31:57.700-0500] {processor.py:183} INFO - Processing /opt/airflow/dags/dag_generar_catalogo_vuelos.py took 0.499 seconds
[2026-07-09T04:32:28.133-0500] {processor.py:161} INFO - Started process (PID=19190) to work on /opt/airflow/dags/dag_generar_catalogo_vuelos.py
[2026-07-09T04:32:28.134-0500] {processor.py:830} INFO - Processing file /opt/airflow/dags/dag_generar_catalogo_vuelos.py for tasks to queue
[2026-07-09T04:32:28.135-0500] {logging_mixin.py:188} INFO - [2026-07-09T04:32:28.135-0500] {dagbag.py:545} INFO - Filling up the DagBag from /opt/airflow/dags/dag_generar_catalogo_vuelos.py
[2026-07-09T04:32:28.727-0500] {processor.py:840} INFO - DAG(s) 'aerotrack_travel_catalogo_vuelos' retrieved from /opt/airflow/dags/dag_generar_catalogo_vuelos.py
[2026-07-09T04:32:28.753-0500] {logging_mixin.py:188} INFO - [2026-07-09T04:32:28.753-0500] {dag.py:3089} INFO - Sync 1 DAGs
[2026-07-09T04:32:28.767-0500] {logging_mixin.py:188} INFO - [2026-07-09T04:32:28.767-0500] {dag.py:3947} INFO - Setting next_dagrun for aerotrack_travel_catalogo_vuelos to 2026-07-09 00:00:00+00:00, run_after=2026-07-10 00:00:00+00:00
[2026-07-09T04:32:28.780-0500] {processor.py:183} INFO - Processing /opt/airflow/dags/dag_generar_catalogo_vuelos.py took 0.652 seconds
[2026-07-09T04:32:59.122-0500] {processor.py:161} INFO - Started process (PID=19217) to work on /opt/airflow/dags/dag_generar_catalogo_vuelos.py
[2026-07-09T04:32:59.123-0500] {processor.py:830} INFO - Processing file /opt/airflow/dags/dag_generar_catalogo_vuelos.py for tasks to queue
[2026-07-09T04:32:59.125-0500] {logging_mixin.py:188} INFO - [2026-07-09T04:32:59.125-0500] {dagbag.py:545} INFO - Filling up the DagBag from /opt/airflow/dags/dag_generar_catalogo_vuelos.py
[2026-07-09T04:32:59.599-0500] {processor.py:840} INFO - DAG(s) 'aerotrack_travel_catalogo_vuelos' retrieved from /opt/airflow/dags/dag_generar_catalogo_vuelos.py
[2026-07-09T04:32:59.632-0500] {logging_mixin.py:188} INFO - [2026-07-09T04:32:59.632-0500] {dag.py:3089} INFO - Sync 1 DAGs
[2026-07-09T04:32:59.833-0500] {logging_mixin.py:188} INFO - [2026-07-09T04:32:59.833-0500] {dag.py:3947} INFO - Setting next_dagrun for aerotrack_travel_catalogo_vuelos to 2026-07-09 00:00:00+00:00, run_after=2026-07-10 00:00:00+00:00
[2026-07-09T04:32:59.849-0500] {processor.py:183} INFO - Processing /opt/airflow/dags/dag_generar_catalogo_vuelos.py took 0.734 seconds
[2026-07-09T04:33:30.292-0500] {processor.py:161} INFO - Started process (PID=19244) to work on /opt/airflow/dags/dag_generar_catalogo_vuelos.py
[2026-07-09T04:33:30.293-0500] {processor.py:830} INFO - Processing file /opt/airflow/dags/dag_generar_catalogo_vuelos.py for tasks to queue
[2026-07-09T04:33:30.295-0500] {logging_mixin.py:188} INFO - [2026-07-09T04:33:30.295-0500] {dagbag.py:545} INFO - Filling up the DagBag from /opt/airflow/dags/dag_generar_catalogo_vuelos.py
[2026-07-09T04:33:30.740-0500] {processor.py:840} INFO - DAG(s) 'aerotrack_travel_catalogo_vuelos' retrieved from /opt/airflow/dags/dag_generar_catalogo_vuelos.py
[2026-07-09T04:33:30.955-0500] {logging_mixin.py:188} INFO - [2026-07-09T04:33:30.955-0500] {dag.py:3089} INFO - Sync 1 DAGs
[2026-07-09T04:33:30.971-0500] {logging_mixin.py:188} INFO - [2026-07-09T04:33:30.970-0500] {dag.py:3947} INFO - Setting next_dagrun for aerotrack_travel_catalogo_vuelos to 2026-07-09 00:00:00+00:00, run_after=2026-07-10 00:00:00+00:00
[2026-07-09T04:33:30.985-0500] {processor.py:183} INFO - Processing /opt/airflow/dags/dag_generar_catalogo_vuelos.py took 0.697 seconds
[2026-07-09T04:34:01.506-0500] {processor.py:161} INFO - Started process (PID=19271) to work on /opt/airflow/dags/dag_generar_catalogo_vuelos.py
[2026-07-09T04:34:01.507-0500] {processor.py:830} INFO - Processing file /opt/airflow/dags/dag_generar_catalogo_vuelos.py for tasks to queue
[2026-07-09T04:34:01.509-0500] {logging_mixin.py:188} INFO - [2026-07-09T04:34:01.508-0500] {dagbag.py:545} INFO - Filling up the DagBag from /opt/airflow/dags/dag_generar_catalogo_vuelos.py
[2026-07-09T04:34:01.962-0500] {processor.py:840} INFO - DAG(s) 'aerotrack_travel_catalogo_vuelos' retrieved from /opt/airflow/dags/dag_generar_catalogo_vuelos.py
[2026-07-09T04:34:01.995-0500] {logging_mixin.py:188} INFO - [2026-07-09T04:34:01.994-0500] {dag.py:3089} INFO - Sync 1 DAGs
[2026-07-09T04:34:02.016-0500] {logging_mixin.py:188} INFO - [2026-07-09T04:34:02.016-0500] {dag.py:3947} INFO - Setting next_dagrun for aerotrack_travel_catalogo_vuelos to 2026-07-09 00:00:00+00:00, run_after=2026-07-10 00:00:00+00:00
[2026-07-09T04:34:02.034-0500] {processor.py:183} INFO - Processing /opt/airflow/dags/dag_generar_catalogo_vuelos.py took 0.533 seconds
[2026-07-09T04:34:32.385-0500] {processor.py:161} INFO - Started process (PID=19298) to work on /opt/airflow/dags/dag_generar_catalogo_vuelos.py
[2026-07-09T04:34:32.386-0500] {processor.py:830} INFO - Processing file /opt/airflow/dags/dag_generar_catalogo_vuelos.py for tasks to queue
[2026-07-09T04:34:32.387-0500] {logging_mixin.py:188} INFO - [2026-07-09T04:34:32.387-0500] {dagbag.py:545} INFO - Filling up the DagBag from /opt/airflow/dags/dag_generar_catalogo_vuelos.py
[2026-07-09T04:34:32.962-0500] {processor.py:840} INFO - DAG(s) 'aerotrack_travel_catalogo_vuelos' retrieved from /opt/airflow/dags/dag_generar_catalogo_vuelos.py
[2026-07-09T04:34:32.993-0500] {logging_mixin.py:188} INFO - [2026-07-09T04:34:32.993-0500] {dag.py:3089} INFO - Sync 1 DAGs
[2026-07-09T04:34:33.007-0500] {logging_mixin.py:188} INFO - [2026-07-09T04:34:33.007-0500] {dag.py:3947} INFO - Setting next_dagrun for aerotrack_travel_catalogo_vuelos to 2026-07-09 00:00:00+00:00, run_after=2026-07-10 00:00:00+00:00
[2026-07-09T04:34:33.021-0500] {processor.py:183} INFO - Processing /opt/airflow/dags/dag_generar_catalogo_vuelos.py took 0.641 seconds
[2026-07-09T04:35:03.357-0500] {processor.py:161} INFO - Started process (PID=19325) to work on /opt/airflow/dags/dag_generar_catalogo_vuelos.py
[2026-07-09T04:35:03.357-0500] {processor.py:830} INFO - Processing file /opt/airflow/dags/dag_generar_catalogo_vuelos.py for tasks to queue
[2026-07-09T04:35:03.359-0500] {logging_mixin.py:188} INFO - [2026-07-09T04:35:03.359-0500] {dagbag.py:545} INFO - Filling up the DagBag from /opt/airflow/dags/dag_generar_catalogo_vuelos.py
[2026-07-09T04:35:03.763-0500] {processor.py:840} INFO - DAG(s) 'aerotrack_travel_catalogo_vuelos' retrieved from /opt/airflow/dags/dag_generar_catalogo_vuelos.py
[2026-07-09T04:35:03.790-0500] {logging_mixin.py:188} INFO - [2026-07-09T04:35:03.790-0500] {dag.py:3089} INFO - Sync 1 DAGs
[2026-07-09T04:35:03.954-0500] {logging_mixin.py:188} INFO - [2026-07-09T04:35:03.954-0500] {dag.py:3947} INFO - Setting next_dagrun for aerotrack_travel_catalogo_vuelos to 2026-07-09 00:00:00+00:00, run_after=2026-07-10 00:00:00+00:00
[2026-07-09T04:35:03.973-0500] {processor.py:183} INFO - Processing /opt/airflow/dags/dag_generar_catalogo_vuelos.py took 0.621 seconds
[2026-07-09T04:35:34.333-0500] {processor.py:161} INFO - Started process (PID=19352) to work on /opt/airflow/dags/dag_generar_catalogo_vuelos.py
[2026-07-09T04:35:34.334-0500] {processor.py:830} INFO - Processing file /opt/airflow/dags/dag_generar_catalogo_vuelos.py for tasks to queue
[2026-07-09T04:35:34.336-0500] {logging_mixin.py:188} INFO - [2026-07-09T04:35:34.335-0500] {dagbag.py:545} INFO - Filling up the DagBag from /opt/airflow/dags/dag_generar_catalogo_vuelos.py
[2026-07-09T04:35:34.771-0500] {processor.py:840} INFO - DAG(s) 'aerotrack_travel_catalogo_vuelos' retrieved from /opt/airflow/dags/dag_generar_catalogo_vuelos.py
[2026-07-09T04:35:34.979-0500] {logging_mixin.py:188} INFO - [2026-07-09T04:35:34.979-0500] {dag.py:3089} INFO - Sync 1 DAGs
[2026-07-09T04:35:35.001-0500] {logging_mixin.py:188} INFO - [2026-07-09T04:35:35.000-0500] {dag.py:3947} INFO - Setting next_dagrun for aerotrack_travel_catalogo_vuelos to 2026-07-09 00:00:00+00:00, run_after=2026-07-10 00:00:00+00:00
[2026-07-09T04:35:35.019-0500] {processor.py:183} INFO - Processing /opt/airflow/dags/dag_generar_catalogo_vuelos.py took 0.692 seconds
[2026-07-09T04:36:05.411-0500] {processor.py:161} INFO - Started process (PID=19379) to work on /opt/airflow/dags/dag_generar_catalogo_vuelos.py
[2026-07-09T04:36:05.412-0500] {processor.py:830} INFO - Processing file /opt/airflow/dags/dag_generar_catalogo_vuelos.py for tasks to queue
[2026-07-09T04:36:05.414-0500] {logging_mixin.py:188} INFO - [2026-07-09T04:36:05.413-0500] {dagbag.py:545} INFO - Filling up the DagBag from /opt/airflow/dags/dag_generar_catalogo_vuelos.py
[2026-07-09T04:36:06.042-0500] {processor.py:840} INFO - DAG(s) 'aerotrack_travel_catalogo_vuelos' retrieved from /opt/airflow/dags/dag_generar_catalogo_vuelos.py
[2026-07-09T04:36:06.080-0500] {logging_mixin.py:188} INFO - [2026-07-09T04:36:06.080-0500] {dag.py:3089} INFO - Sync 1 DAGs
[2026-07-09T04:36:06.097-0500] {logging_mixin.py:188} INFO - [2026-07-09T04:36:06.097-0500] {dag.py:3947} INFO - Setting next_dagrun for aerotrack_travel_catalogo_vuelos to 2026-07-09 00:00:00+00:00, run_after=2026-07-10 00:00:00+00:00
[2026-07-09T04:36:06.114-0500] {processor.py:183} INFO - Processing /opt/airflow/dags/dag_generar_catalogo_vuelos.py took 0.709 seconds
[2026-07-09T04:36:36.710-0500] {processor.py:161} INFO - Started process (PID=19406) to work on /opt/airflow/dags/dag_generar_catalogo_vuelos.py
[2026-07-09T04:36:36.711-0500] {processor.py:830} INFO - Processing file /opt/airflow/dags/dag_generar_catalogo_vuelos.py for tasks to queue
[2026-07-09T04:36:36.713-0500] {logging_mixin.py:188} INFO - [2026-07-09T04:36:36.713-0500] {dagbag.py:545} INFO - Filling up the DagBag from /opt/airflow/dags/dag_generar_catalogo_vuelos.py
[2026-07-09T04:36:37.314-0500] {processor.py:840} INFO - DAG(s) 'aerotrack_travel_catalogo_vuelos' retrieved from /opt/airflow/dags/dag_generar_catalogo_vuelos.py
[2026-07-09T04:36:37.347-0500] {logging_mixin.py:188} INFO - [2026-07-09T04:36:37.346-0500] {dag.py:3089} INFO - Sync 1 DAGs
[2026-07-09T04:36:37.361-0500] {logging_mixin.py:188} INFO - [2026-07-09T04:36:37.361-0500] {dag.py:3947} INFO - Setting next_dagrun for aerotrack_travel_catalogo_vuelos to 2026-07-09 00:00:00+00:00, run_after=2026-07-10 00:00:00+00:00
[2026-07-09T04:36:37.375-0500] {processor.py:183} INFO - Processing /opt/airflow/dags/dag_generar_catalogo_vuelos.py took 0.671 seconds
[2026-07-09T04:37:07.880-0500] {processor.py:161} INFO - Started process (PID=19433) to work on /opt/airflow/dags/dag_generar_catalogo_vuelos.py
[2026-07-09T04:37:07.881-0500] {processor.py:830} INFO - Processing file /opt/airflow/dags/dag_generar_catalogo_vuelos.py for tasks to queue
[2026-07-09T04:37:07.883-0500] {logging_mixin.py:188} INFO - [2026-07-09T04:37:07.882-0500] {dagbag.py:545} INFO - Filling up the DagBag from /opt/airflow/dags/dag_generar_catalogo_vuelos.py
[2026-07-09T04:37:08.534-0500] {processor.py:840} INFO - DAG(s) 'aerotrack_travel_catalogo_vuelos' retrieved from /opt/airflow/dags/dag_generar_catalogo_vuelos.py
[2026-07-09T04:37:08.561-0500] {logging_mixin.py:188} INFO - [2026-07-09T04:37:08.561-0500] {dag.py:3089} INFO - Sync 1 DAGs
[2026-07-09T04:37:08.580-0500] {logging_mixin.py:188} INFO - [2026-07-09T04:37:08.580-0500] {dag.py:3947} INFO - Setting next_dagrun for aerotrack_travel_catalogo_vuelos to 2026-07-09 00:00:00+00:00, run_after=2026-07-10 00:00:00+00:00
[2026-07-09T04:37:08.595-0500] {processor.py:183} INFO - Processing /opt/airflow/dags/dag_generar_catalogo_vuelos.py took 0.719 seconds
[2026-07-09T04:37:39.058-0500] {processor.py:161} INFO - Started process (PID=19460) to work on /opt/airflow/dags/dag_generar_catalogo_vuelos.py
[2026-07-09T04:37:39.059-0500] {processor.py:830} INFO - Processing file /opt/airflow/dags/dag_generar_catalogo_vuelos.py for tasks to queue
[2026-07-09T04:37:39.061-0500] {logging_mixin.py:188} INFO - [2026-07-09T04:37:39.061-0500] {dagbag.py:545} INFO - Filling up the DagBag from /opt/airflow/dags/dag_generar_catalogo_vuelos.py
[2026-07-09T04:37:39.465-0500] {processor.py:840} INFO - DAG(s) 'aerotrack_travel_catalogo_vuelos' retrieved from /opt/airflow/dags/dag_generar_catalogo_vuelos.py
[2026-07-09T04:37:39.622-0500] {logging_mixin.py:188} INFO - [2026-07-09T04:37:39.622-0500] {dag.py:3089} INFO - Sync 1 DAGs
[2026-07-09T04:37:39.636-0500] {logging_mixin.py:188} INFO - [2026-07-09T04:37:39.635-0500] {dag.py:3947} INFO - Setting next_dagrun for aerotrack_travel_catalogo_vuelos to 2026-07-09 00:00:00+00:00, run_after=2026-07-10 00:00:00+00:00
[2026-07-09T04:37:39.649-0500] {processor.py:183} INFO - Processing /opt/airflow/dags/dag_generar_catalogo_vuelos.py took 0.596 seconds
[2026-07-09T04:38:09.972-0500] {processor.py:161} INFO - Started process (PID=19487) to work on /opt/airflow/dags/dag_generar_catalogo_vuelos.py
[2026-07-09T04:38:09.973-0500] {processor.py:830} INFO - Processing file /opt/airflow/dags/dag_generar_catalogo_vuelos.py for tasks to queue
[2026-07-09T04:38:09.976-0500] {logging_mixin.py:188} INFO - [2026-07-09T04:38:09.976-0500] {dagbag.py:545} INFO - Filling up the DagBag from /opt/airflow/dags/dag_generar_catalogo_vuelos.py
[2026-07-09T04:38:10.555-0500] {processor.py:840} INFO - DAG(s) 'aerotrack_travel_catalogo_vuelos' retrieved from /opt/airflow/dags/dag_generar_catalogo_vuelos.py
[2026-07-09T04:38:10.584-0500] {logging_mixin.py:188} INFO - [2026-07-09T04:38:10.584-0500] {dag.py:3089} INFO - Sync 1 DAGs
[2026-07-09T04:38:10.607-0500] {logging_mixin.py:188} INFO - [2026-07-09T04:38:10.607-0500] {dag.py:3947} INFO - Setting next_dagrun for aerotrack_travel_catalogo_vuelos to 2026-07-09 00:00:00+00:00, run_after=2026-07-10 00:00:00+00:00
[2026-07-09T04:38:10.628-0500] {processor.py:183} INFO - Processing /opt/airflow/dags/dag_generar_catalogo_vuelos.py took 0.661 seconds
[2026-07-09T04:38:41.013-0500] {processor.py:161} INFO - Started process (PID=19514) to work on /opt/airflow/dags/dag_generar_catalogo_vuelos.py
[2026-07-09T04:38:41.014-0500] {processor.py:830} INFO - Processing file /opt/airflow/dags/dag_generar_catalogo_vuelos.py for tasks to queue
[2026-07-09T04:38:41.016-0500] {logging_mixin.py:188} INFO - [2026-07-09T04:38:41.016-0500] {dagbag.py:545} INFO - Filling up the DagBag from /opt/airflow/dags/dag_generar_catalogo_vuelos.py
[2026-07-09T04:38:41.623-0500] {processor.py:840} INFO - DAG(s) 'aerotrack_travel_catalogo_vuelos' retrieved from /opt/airflow/dags/dag_generar_catalogo_vuelos.py
[2026-07-09T04:38:41.653-0500] {logging_mixin.py:188} INFO - [2026-07-09T04:38:41.652-0500] {dag.py:3089} INFO - Sync 1 DAGs
[2026-07-09T04:38:41.669-0500] {logging_mixin.py:188} INFO - [2026-07-09T04:38:41.669-0500] {dag.py:3947} INFO - Setting next_dagrun for aerotrack_travel_catalogo_vuelos to 2026-07-09 00:00:00+00:00, run_after=2026-07-10 00:00:00+00:00
[2026-07-09T04:38:41.684-0500] {processor.py:183} INFO - Processing /opt/airflow/dags/dag_generar_catalogo_vuelos.py took 0.677 seconds
[2026-07-09T04:39:12.058-0500] {processor.py:161} INFO - Started process (PID=19541) to work on /opt/airflow/dags/dag_generar_catalogo_vuelos.py
[2026-07-09T04:39:12.059-0500] {processor.py:830} INFO - Processing file /opt/airflow/dags/dag_generar_catalogo_vuelos.py for tasks to queue
[2026-07-09T04:39:12.062-0500] {logging_mixin.py:188} INFO - [2026-07-09T04:39:12.061-0500] {dagbag.py:545} INFO - Filling up the DagBag from /opt/airflow/dags/dag_generar_catalogo_vuelos.py
[2026-07-09T04:39:12.749-0500] {processor.py:840} INFO - DAG(s) 'aerotrack_travel_catalogo_vuelos' retrieved from /opt/airflow/dags/dag_generar_catalogo_vuelos.py
[2026-07-09T04:39:12.778-0500] {logging_mixin.py:188} INFO - [2026-07-09T04:39:12.778-0500] {dag.py:3089} INFO - Sync 1 DAGs
[2026-07-09T04:39:12.797-0500] {logging_mixin.py:188} INFO - [2026-07-09T04:39:12.796-0500] {dag.py:3947} INFO - Setting next_dagrun for aerotrack_travel_catalogo_vuelos to 2026-07-09 00:00:00+00:00, run_after=2026-07-10 00:00:00+00:00
[2026-07-09T04:39:12.811-0500] {processor.py:183} INFO - Processing /opt/airflow/dags/dag_generar_catalogo_vuelos.py took 0.759 seconds
[2026-07-09T04:39:43.210-0500] {processor.py:161} INFO - Started process (PID=19568) to work on /opt/airflow/dags/dag_generar_catalogo_vuelos.py
[2026-07-09T04:39:43.211-0500] {processor.py:830} INFO - Processing file /opt/airflow/dags/dag_generar_catalogo_vuelos.py for tasks to queue
[2026-07-09T04:39:43.214-0500] {logging_mixin.py:188} INFO - [2026-07-09T04:39:43.213-0500] {dagbag.py:545} INFO - Filling up the DagBag from /opt/airflow/dags/dag_generar_catalogo_vuelos.py
[2026-07-09T04:39:43.688-0500] {processor.py:840} INFO - DAG(s) 'aerotrack_travel_catalogo_vuelos' retrieved from /opt/airflow/dags/dag_generar_catalogo_vuelos.py
[2026-07-09T04:39:43.906-0500] {logging_mixin.py:188} INFO - [2026-07-09T04:39:43.906-0500] {dag.py:3089} INFO - Sync 1 DAGs
[2026-07-09T04:39:43.926-0500] {logging_mixin.py:188} INFO - [2026-07-09T04:39:43.926-0500] {dag.py:3947} INFO - Setting next_dagrun for aerotrack_travel_catalogo_vuelos to 2026-07-09 00:00:00+00:00, run_after=2026-07-10 00:00:00+00:00
[2026-07-09T04:39:43.949-0500] {processor.py:183} INFO - Processing /opt/airflow/dags/dag_generar_catalogo_vuelos.py took 0.744 seconds
[2026-07-09T04:40:14.356-0500] {processor.py:161} INFO - Started process (PID=19595) to work on /opt/airflow/dags/dag_generar_catalogo_vuelos.py
[2026-07-09T04:40:14.357-0500] {processor.py:830} INFO - Processing file /opt/airflow/dags/dag_generar_catalogo_vuelos.py for tasks to queue
[2026-07-09T04:40:14.360-0500] {logging_mixin.py:188} INFO - [2026-07-09T04:40:14.359-0500] {dagbag.py:545} INFO - Filling up the DagBag from /opt/airflow/dags/dag_generar_catalogo_vuelos.py
[2026-07-09T04:40:15.087-0500] {processor.py:840} INFO - DAG(s) 'aerotrack_travel_catalogo_vuelos' retrieved from /opt/airflow/dags/dag_generar_catalogo_vuelos.py
[2026-07-09T04:40:15.121-0500] {logging_mixin.py:188} INFO - [2026-07-09T04:40:15.121-0500] {dag.py:3089} INFO - Sync 1 DAGs
[2026-07-09T04:40:15.141-0500] {logging_mixin.py:188} INFO - [2026-07-09T04:40:15.141-0500] {dag.py:3947} INFO - Setting next_dagrun for aerotrack_travel_catalogo_vuelos to 2026-07-09 00:00:00+00:00, run_after=2026-07-10 00:00:00+00:00
[2026-07-09T04:40:15.163-0500] {processor.py:183} INFO - Processing /opt/airflow/dags/dag_generar_catalogo_vuelos.py took 0.815 seconds
[2026-07-09T04:40:45.578-0500] {processor.py:161} INFO - Started process (PID=19622) to work on /opt/airflow/dags/dag_generar_catalogo_vuelos.py
[2026-07-09T04:40:45.579-0500] {processor.py:830} INFO - Processing file /opt/airflow/dags/dag_generar_catalogo_vuelos.py for tasks to queue
[2026-07-09T04:40:45.584-0500] {logging_mixin.py:188} INFO - [2026-07-09T04:40:45.583-0500] {dagbag.py:545} INFO - Filling up the DagBag from /opt/airflow/dags/dag_generar_catalogo_vuelos.py
[2026-07-09T04:40:46.350-0500] {processor.py:840} INFO - DAG(s) 'aerotrack_travel_catalogo_vuelos' retrieved from /opt/airflow/dags/dag_generar_catalogo_vuelos.py
[2026-07-09T04:40:46.390-0500] {logging_mixin.py:188} INFO - [2026-07-09T04:40:46.389-0500] {dag.py:3089} INFO - Sync 1 DAGs
[2026-07-09T04:40:46.412-0500] {logging_mixin.py:188} INFO - [2026-07-09T04:40:46.412-0500] {dag.py:3947} INFO - Setting next_dagrun for aerotrack_travel_catalogo_vuelos to 2026-07-09 00:00:00+00:00, run_after=2026-07-10 00:00:00+00:00
[2026-07-09T04:40:46.435-0500] {processor.py:183} INFO - Processing /opt/airflow/dags/dag_generar_catalogo_vuelos.py took 0.865 seconds
[2026-07-09T04:41:16.937-0500] {processor.py:161} INFO - Started process (PID=19649) to work on /opt/airflow/dags/dag_generar_catalogo_vuelos.py
[2026-07-09T04:41:16.938-0500] {processor.py:830} INFO - Processing file /opt/airflow/dags/dag_generar_catalogo_vuelos.py for tasks to queue
[2026-07-09T04:41:16.940-0500] {logging_mixin.py:188} INFO - [2026-07-09T04:41:16.940-0500] {dagbag.py:545} INFO - Filling up the DagBag from /opt/airflow/dags/dag_generar_catalogo_vuelos.py
[2026-07-09T04:41:17.590-0500] {processor.py:840} INFO - DAG(s) 'aerotrack_travel_catalogo_vuelos' retrieved from /opt/airflow/dags/dag_generar_catalogo_vuelos.py
[2026-07-09T04:41:17.619-0500] {logging_mixin.py:188} INFO - [2026-07-09T04:41:17.618-0500] {dag.py:3089} INFO - Sync 1 DAGs
[2026-07-09T04:41:17.634-0500] {logging_mixin.py:188} INFO - [2026-07-09T04:41:17.634-0500] {dag.py:3947} INFO - Setting next_dagrun for aerotrack_travel_catalogo_vuelos to 2026-07-09 00:00:00+00:00, run_after=2026-07-10 00:00:00+00:00
[2026-07-09T04:41:17.651-0500] {processor.py:183} INFO - Processing /opt/airflow/dags/dag_generar_catalogo_vuelos.py took 0.725 seconds
[2026-07-09T04:41:48.139-0500] {processor.py:161} INFO - Started process (PID=19676) to work on /opt/airflow/dags/dag_generar_catalogo_vuelos.py
[2026-07-09T04:41:48.140-0500] {processor.py:830} INFO - Processing file /opt/airflow/dags/dag_generar_catalogo_vuelos.py for tasks to queue
[2026-07-09T04:41:48.141-0500] {logging_mixin.py:188} INFO - [2026-07-09T04:41:48.141-0500] {dagbag.py:545} INFO - Filling up the DagBag from /opt/airflow/dags/dag_generar_catalogo_vuelos.py
[2026-07-09T04:41:48.531-0500] {processor.py:840} INFO - DAG(s) 'aerotrack_travel_catalogo_vuelos' retrieved from /opt/airflow/dags/dag_generar_catalogo_vuelos.py
[2026-07-09T04:41:48.560-0500] {logging_mixin.py:188} INFO - [2026-07-09T04:41:48.560-0500] {dag.py:3089} INFO - Sync 1 DAGs
[2026-07-09T04:41:48.707-0500] {logging_mixin.py:188} INFO - [2026-07-09T04:41:48.707-0500] {dag.py:3947} INFO - Setting next_dagrun for aerotrack_travel_catalogo_vuelos to 2026-07-09 00:00:00+00:00, run_after=2026-07-10 00:00:00+00:00
[2026-07-09T04:41:48.721-0500] {processor.py:183} INFO - Processing /opt/airflow/dags/dag_generar_catalogo_vuelos.py took 0.586 seconds
[2026-07-09T04:42:19.125-0500] {processor.py:161} INFO - Started process (PID=19703) to work on /opt/airflow/dags/dag_generar_catalogo_vuelos.py
[2026-07-09T04:42:19.126-0500] {processor.py:830} INFO - Processing file /opt/airflow/dags/dag_generar_catalogo_vuelos.py for tasks to queue
[2026-07-09T04:42:19.128-0500] {logging_mixin.py:188} INFO - [2026-07-09T04:42:19.127-0500] {dagbag.py:545} INFO - Filling up the DagBag from /opt/airflow/dags/dag_generar_catalogo_vuelos.py
[2026-07-09T04:42:19.582-0500] {processor.py:840} INFO - DAG(s) 'aerotrack_travel_catalogo_vuelos' retrieved from /opt/airflow/dags/dag_generar_catalogo_vuelos.py
[2026-07-09T04:42:19.762-0500] {logging_mixin.py:188} INFO - [2026-07-09T04:42:19.762-0500] {dag.py:3089} INFO - Sync 1 DAGs
[2026-07-09T04:42:19.777-0500] {logging_mixin.py:188} INFO - [2026-07-09T04:42:19.777-0500] {dag.py:3947} INFO - Setting next_dagrun for aerotrack_travel_catalogo_vuelos to 2026-07-09 00:00:00+00:00, run_after=2026-07-10 00:00:00+00:00
[2026-07-09T04:42:19.794-0500] {processor.py:183} INFO - Processing /opt/airflow/dags/dag_generar_catalogo_vuelos.py took 0.674 seconds
[2026-07-09T04:42:50.250-0500] {processor.py:161} INFO - Started process (PID=19730) to work on /opt/airflow/dags/dag_generar_catalogo_vuelos.py
[2026-07-09T04:42:50.251-0500] {processor.py:830} INFO - Processing file /opt/airflow/dags/dag_generar_catalogo_vuelos.py for tasks to queue
[2026-07-09T04:42:50.253-0500] {logging_mixin.py:188} INFO - [2026-07-09T04:42:50.253-0500] {dagbag.py:545} INFO - Filling up the DagBag from /opt/airflow/dags/dag_generar_catalogo_vuelos.py
[2026-07-09T04:42:50.901-0500] {processor.py:840} INFO - DAG(s) 'aerotrack_travel_catalogo_vuelos' retrieved from /opt/airflow/dags/dag_generar_catalogo_vuelos.py
[2026-07-09T04:42:50.940-0500] {logging_mixin.py:188} INFO - [2026-07-09T04:42:50.940-0500] {dag.py:3089} INFO - Sync 1 DAGs
[2026-07-09T04:42:50.964-0500] {logging_mixin.py:188} INFO - [2026-07-09T04:42:50.963-0500] {dag.py:3947} INFO - Setting next_dagrun for aerotrack_travel_catalogo_vuelos to 2026-07-09 00:00:00+00:00, run_after=2026-07-10 00:00:00+00:00
[2026-07-09T04:42:50.981-0500] {processor.py:183} INFO - Processing /opt/airflow/dags/dag_generar_catalogo_vuelos.py took 0.738 seconds
[2026-07-09T04:43:21.369-0500] {processor.py:161} INFO - Started process (PID=19757) to work on /opt/airflow/dags/dag_generar_catalogo_vuelos.py
[2026-07-09T04:43:21.370-0500] {processor.py:830} INFO - Processing file /opt/airflow/dags/dag_generar_catalogo_vuelos.py for tasks to queue
[2026-07-09T04:43:21.371-0500] {logging_mixin.py:188} INFO - [2026-07-09T04:43:21.371-0500] {dagbag.py:545} INFO - Filling up the DagBag from /opt/airflow/dags/dag_generar_catalogo_vuelos.py
[2026-07-09T04:43:21.995-0500] {processor.py:840} INFO - DAG(s) 'aerotrack_travel_catalogo_vuelos' retrieved from /opt/airflow/dags/dag_generar_catalogo_vuelos.py
[2026-07-09T04:43:22.021-0500] {logging_mixin.py:188} INFO - [2026-07-09T04:43:22.021-0500] {dag.py:3089} INFO - Sync 1 DAGs
[2026-07-09T04:43:22.035-0500] {logging_mixin.py:188} INFO - [2026-07-09T04:43:22.035-0500] {dag.py:3947} INFO - Setting next_dagrun for aerotrack_travel_catalogo_vuelos to 2026-07-09 00:00:00+00:00, run_after=2026-07-10 00:00:00+00:00
[2026-07-09T04:43:22.053-0500] {processor.py:183} INFO - Processing /opt/airflow/dags/dag_generar_catalogo_vuelos.py took 0.690 seconds
[2026-07-09T04:43:52.399-0500] {processor.py:161} INFO - Started process (PID=19784) to work on /opt/airflow/dags/dag_generar_catalogo_vuelos.py
[2026-07-09T04:43:52.400-0500] {processor.py:830} INFO - Processing file /opt/airflow/dags/dag_generar_catalogo_vuelos.py for tasks to queue
[2026-07-09T04:43:52.402-0500] {logging_mixin.py:188} INFO - [2026-07-09T04:43:52.402-0500] {dagbag.py:545} INFO - Filling up the DagBag from /opt/airflow/dags/dag_generar_catalogo_vuelos.py
[2026-07-09T04:43:52.833-0500] {processor.py:840} INFO - DAG(s) 'aerotrack_travel_catalogo_vuelos' retrieved from /opt/airflow/dags/dag_generar_catalogo_vuelos.py
[2026-07-09T04:43:52.869-0500] {logging_mixin.py:188} INFO - [2026-07-09T04:43:52.869-0500] {dag.py:3089} INFO - Sync 1 DAGs
[2026-07-09T04:43:53.044-0500] {logging_mixin.py:188} INFO - [2026-07-09T04:43:53.044-0500] {dag.py:3947} INFO - Setting next_dagrun for aerotrack_travel_catalogo_vuelos to 2026-07-09 00:00:00+00:00, run_after=2026-07-10 00:00:00+00:00
[2026-07-09T04:43:53.060-0500] {processor.py:183} INFO - Processing /opt/airflow/dags/dag_generar_catalogo_vuelos.py took 0.666 seconds
[2026-07-09T04:44:23.427-0500] {processor.py:161} INFO - Started process (PID=19811) to work on /opt/airflow/dags/dag_generar_catalogo_vuelos.py
[2026-07-09T04:44:23.428-0500] {processor.py:830} INFO - Processing file /opt/airflow/dags/dag_generar_catalogo_vuelos.py for tasks to queue
[2026-07-09T04:44:23.430-0500] {logging_mixin.py:188} INFO - [2026-07-09T04:44:23.430-0500] {dagbag.py:545} INFO - Filling up the DagBag from /opt/airflow/dags/dag_generar_catalogo_vuelos.py
[2026-07-09T04:44:23.849-0500] {processor.py:840} INFO - DAG(s) 'aerotrack_travel_catalogo_vuelos' retrieved from /opt/airflow/dags/dag_generar_catalogo_vuelos.py
[2026-07-09T04:44:24.024-0500] {logging_mixin.py:188} INFO - [2026-07-09T04:44:24.024-0500] {dag.py:3089} INFO - Sync 1 DAGs
[2026-07-09T04:44:24.038-0500] {logging_mixin.py:188} INFO - [2026-07-09T04:44:24.038-0500] {dag.py:3947} INFO - Setting next_dagrun for aerotrack_travel_catalogo_vuelos to 2026-07-09 00:00:00+00:00, run_after=2026-07-10 00:00:00+00:00
[2026-07-09T04:44:24.050-0500] {processor.py:183} INFO - Processing /opt/airflow/dags/dag_generar_catalogo_vuelos.py took 0.628 seconds
[2026-07-09T04:44:54.384-0500] {processor.py:161} INFO - Started process (PID=19838) to work on /opt/airflow/dags/dag_generar_catalogo_vuelos.py
[2026-07-09T04:44:54.385-0500] {processor.py:830} INFO - Processing file /opt/airflow/dags/dag_generar_catalogo_vuelos.py for tasks to queue
[2026-07-09T04:44:54.387-0500] {logging_mixin.py:188} INFO - [2026-07-09T04:44:54.386-0500] {dagbag.py:545} INFO - Filling up the DagBag from /opt/airflow/dags/dag_generar_catalogo_vuelos.py
[2026-07-09T04:44:54.942-0500] {processor.py:840} INFO - DAG(s) 'aerotrack_travel_catalogo_vuelos' retrieved from /opt/airflow/dags/dag_generar_catalogo_vuelos.py
[2026-07-09T04:44:54.971-0500] {logging_mixin.py:188} INFO - [2026-07-09T04:44:54.971-0500] {dag.py:3089} INFO - Sync 1 DAGs
[2026-07-09T04:44:54.986-0500] {logging_mixin.py:188} INFO - [2026-07-09T04:44:54.986-0500] {dag.py:3947} INFO - Setting next_dagrun for aerotrack_travel_catalogo_vuelos to 2026-07-09 00:00:00+00:00, run_after=2026-07-10 00:00:00+00:00
[2026-07-09T04:44:55.037-0500] {processor.py:183} INFO - Processing /opt/airflow/dags/dag_generar_catalogo_vuelos.py took 0.657 seconds
[2026-07-09T04:45:25.380-0500] {processor.py:161} INFO - Started process (PID=19865) to work on /opt/airflow/dags/dag_generar_catalogo_vuelos.py
[2026-07-09T04:45:25.381-0500] {processor.py:830} INFO - Processing file /opt/airflow/dags/dag_generar_catalogo_vuelos.py for tasks to queue
[2026-07-09T04:45:25.383-0500] {logging_mixin.py:188} INFO - [2026-07-09T04:45:25.382-0500] {dagbag.py:545} INFO - Filling up the DagBag from /opt/airflow/dags/dag_generar_catalogo_vuelos.py
[2026-07-09T04:45:25.952-0500] {processor.py:840} INFO - DAG(s) 'aerotrack_travel_catalogo_vuelos' retrieved from /opt/airflow/dags/dag_generar_catalogo_vuelos.py
[2026-07-09T04:45:25.980-0500] {logging_mixin.py:188} INFO - [2026-07-09T04:45:25.980-0500] {dag.py:3089} INFO - Sync 1 DAGs
[2026-07-09T04:45:25.996-0500] {logging_mixin.py:188} INFO - [2026-07-09T04:45:25.996-0500] {dag.py:3947} INFO - Setting next_dagrun for aerotrack_travel_catalogo_vuelos to 2026-07-09 00:00:00+00:00, run_after=2026-07-10 00:00:00+00:00
[2026-07-09T04:45:26.016-0500] {processor.py:183} INFO - Processing /opt/airflow/dags/dag_generar_catalogo_vuelos.py took 0.640 seconds
[2026-07-09T04:45:56.355-0500] {processor.py:161} INFO - Started process (PID=19892) to work on /opt/airflow/dags/dag_generar_catalogo_vuelos.py
[2026-07-09T04:45:56.356-0500] {processor.py:830} INFO - Processing file /opt/airflow/dags/dag_generar_catalogo_vuelos.py for tasks to queue
[2026-07-09T04:45:56.358-0500] {logging_mixin.py:188} INFO - [2026-07-09T04:45:56.357-0500] {dagbag.py:545} INFO - Filling up the DagBag from /opt/airflow/dags/dag_generar_catalogo_vuelos.py
[2026-07-09T04:45:56.934-0500] {processor.py:840} INFO - DAG(s) 'aerotrack_travel_catalogo_vuelos' retrieved from /opt/airflow/dags/dag_generar_catalogo_vuelos.py
[2026-07-09T04:45:56.964-0500] {logging_mixin.py:188} INFO - [2026-07-09T04:45:56.963-0500] {dag.py:3089} INFO - Sync 1 DAGs
[2026-07-09T04:45:56.980-0500] {logging_mixin.py:188} INFO - [2026-07-09T04:45:56.980-0500] {dag.py:3947} INFO - Setting next_dagrun for aerotrack_travel_catalogo_vuelos to 2026-07-09 00:00:00+00:00, run_after=2026-07-10 00:00:00+00:00
[2026-07-09T04:45:56.994-0500] {processor.py:183} INFO - Processing /opt/airflow/dags/dag_generar_catalogo_vuelos.py took 0.645 seconds
[2026-07-09T04:46:27.423-0500] {processor.py:161} INFO - Started process (PID=19919) to work on /opt/airflow/dags/dag_generar_catalogo_vuelos.py
[2026-07-09T04:46:27.424-0500] {processor.py:830} INFO - Processing file /opt/airflow/dags/dag_generar_catalogo_vuelos.py for tasks to queue
[2026-07-09T04:46:27.426-0500] {logging_mixin.py:188} INFO - [2026-07-09T04:46:27.425-0500] {dagbag.py:545} INFO - Filling up the DagBag from /opt/airflow/dags/dag_generar_catalogo_vuelos.py
[2026-07-09T04:46:27.834-0500] {processor.py:840} INFO - DAG(s) 'aerotrack_travel_catalogo_vuelos' retrieved from /opt/airflow/dags/dag_generar_catalogo_vuelos.py
[2026-07-09T04:46:28.005-0500] {logging_mixin.py:188} INFO - [2026-07-09T04:46:28.005-0500] {dag.py:3089} INFO - Sync 1 DAGs
[2026-07-09T04:46:28.020-0500] {logging_mixin.py:188} INFO - [2026-07-09T04:46:28.020-0500] {dag.py:3947} INFO - Setting next_dagrun for aerotrack_travel_catalogo_vuelos to 2026-07-09 00:00:00+00:00, run_after=2026-07-10 00:00:00+00:00
[2026-07-09T04:46:28.032-0500] {processor.py:183} INFO - Processing /opt/airflow/dags/dag_generar_catalogo_vuelos.py took 0.614 seconds
[2026-07-09T04:46:58.586-0500] {processor.py:161} INFO - Started process (PID=19946) to work on /opt/airflow/dags/dag_generar_catalogo_vuelos.py
[2026-07-09T04:46:58.587-0500] {processor.py:830} INFO - Processing file /opt/airflow/dags/dag_generar_catalogo_vuelos.py for tasks to queue
[2026-07-09T04:46:58.589-0500] {logging_mixin.py:188} INFO - [2026-07-09T04:46:58.588-0500] {dagbag.py:545} INFO - Filling up the DagBag from /opt/airflow/dags/dag_generar_catalogo_vuelos.py
[2026-07-09T04:46:59.204-0500] {processor.py:840} INFO - DAG(s) 'aerotrack_travel_catalogo_vuelos' retrieved from /opt/airflow/dags/dag_generar_catalogo_vuelos.py
[2026-07-09T04:46:59.233-0500] {logging_mixin.py:188} INFO - [2026-07-09T04:46:59.232-0500] {dag.py:3089} INFO - Sync 1 DAGs
[2026-07-09T04:46:59.247-0500] {logging_mixin.py:188} INFO - [2026-07-09T04:46:59.247-0500] {dag.py:3947} INFO - Setting next_dagrun for aerotrack_travel_catalogo_vuelos to 2026-07-09 00:00:00+00:00, run_after=2026-07-10 00:00:00+00:00
[2026-07-09T04:46:59.262-0500] {processor.py:183} INFO - Processing /opt/airflow/dags/dag_generar_catalogo_vuelos.py took 0.682 seconds
[2026-07-09T04:47:29.638-0500] {processor.py:161} INFO - Started process (PID=19973) to work on /opt/airflow/dags/dag_generar_catalogo_vuelos.py
[2026-07-09T04:47:29.639-0500] {processor.py:830} INFO - Processing file /opt/airflow/dags/dag_generar_catalogo_vuelos.py for tasks to queue
[2026-07-09T04:47:29.640-0500] {logging_mixin.py:188} INFO - [2026-07-09T04:47:29.640-0500] {dagbag.py:545} INFO - Filling up the DagBag from /opt/airflow/dags/dag_generar_catalogo_vuelos.py
[2026-07-09T04:47:30.185-0500] {processor.py:840} INFO - DAG(s) 'aerotrack_travel_catalogo_vuelos' retrieved from /opt/airflow/dags/dag_generar_catalogo_vuelos.py
[2026-07-09T04:47:30.214-0500] {logging_mixin.py:188} INFO - [2026-07-09T04:47:30.213-0500] {dag.py:3089} INFO - Sync 1 DAGs
[2026-07-09T04:47:30.228-0500] {logging_mixin.py:188} INFO - [2026-07-09T04:47:30.227-0500] {dag.py:3947} INFO - Setting next_dagrun for aerotrack_travel_catalogo_vuelos to 2026-07-09 00:00:00+00:00, run_after=2026-07-10 00:00:00+00:00
[2026-07-09T04:47:30.247-0500] {processor.py:183} INFO - Processing /opt/airflow/dags/dag_generar_catalogo_vuelos.py took 0.614 seconds
[2026-07-09T04:48:00.590-0500] {processor.py:161} INFO - Started process (PID=20000) to work on /opt/airflow/dags/dag_generar_catalogo_vuelos.py
[2026-07-09T04:48:00.591-0500] {processor.py:830} INFO - Processing file /opt/airflow/dags/dag_generar_catalogo_vuelos.py for tasks to queue
[2026-07-09T04:48:00.592-0500] {logging_mixin.py:188} INFO - [2026-07-09T04:48:00.592-0500] {dagbag.py:545} INFO - Filling up the DagBag from /opt/airflow/dags/dag_generar_catalogo_vuelos.py
[2026-07-09T04:48:01.167-0500] {processor.py:840} INFO - DAG(s) 'aerotrack_travel_catalogo_vuelos' retrieved from /opt/airflow/dags/dag_generar_catalogo_vuelos.py
[2026-07-09T04:48:01.198-0500] {logging_mixin.py:188} INFO - [2026-07-09T04:48:01.197-0500] {dag.py:3089} INFO - Sync 1 DAGs
[2026-07-09T04:48:01.213-0500] {logging_mixin.py:188} INFO - [2026-07-09T04:48:01.213-0500] {dag.py:3947} INFO - Setting next_dagrun for aerotrack_travel_catalogo_vuelos to 2026-07-09 00:00:00+00:00, run_after=2026-07-10 00:00:00+00:00
[2026-07-09T04:48:01.230-0500] {processor.py:183} INFO - Processing /opt/airflow/dags/dag_generar_catalogo_vuelos.py took 0.644 seconds
[2026-07-09T04:48:31.574-0500] {processor.py:161} INFO - Started process (PID=20027) to work on /opt/airflow/dags/dag_generar_catalogo_vuelos.py
[2026-07-09T04:48:31.575-0500] {processor.py:830} INFO - Processing file /opt/airflow/dags/dag_generar_catalogo_vuelos.py for tasks to queue
[2026-07-09T04:48:31.576-0500] {logging_mixin.py:188} INFO - [2026-07-09T04:48:31.576-0500] {dagbag.py:545} INFO - Filling up the DagBag from /opt/airflow/dags/dag_generar_catalogo_vuelos.py
[2026-07-09T04:48:31.970-0500] {processor.py:840} INFO - DAG(s) 'aerotrack_travel_catalogo_vuelos' retrieved from /opt/airflow/dags/dag_generar_catalogo_vuelos.py
[2026-07-09T04:48:32.171-0500] {logging_mixin.py:188} INFO - [2026-07-09T04:48:32.170-0500] {dag.py:3089} INFO - Sync 1 DAGs
[2026-07-09T04:48:32.189-0500] {logging_mixin.py:188} INFO - [2026-07-09T04:48:32.188-0500] {dag.py:3947} INFO - Setting next_dagrun for aerotrack_travel_catalogo_vuelos to 2026-07-09 00:00:00+00:00, run_after=2026-07-10 00:00:00+00:00
[2026-07-09T04:48:32.203-0500] {processor.py:183} INFO - Processing /opt/airflow/dags/dag_generar_catalogo_vuelos.py took 0.634 seconds
[2026-07-09T04:49:02.510-0500] {processor.py:161} INFO - Started process (PID=20054) to work on /opt/airflow/dags/dag_generar_catalogo_vuelos.py
[2026-07-09T04:49:02.512-0500] {processor.py:830} INFO - Processing file /opt/airflow/dags/dag_generar_catalogo_vuelos.py for tasks to queue
[2026-07-09T04:49:02.514-0500] {logging_mixin.py:188} INFO - [2026-07-09T04:49:02.514-0500] {dagbag.py:545} INFO - Filling up the DagBag from /opt/airflow/dags/dag_generar_catalogo_vuelos.py
[2026-07-09T04:49:03.189-0500] {processor.py:840} INFO - DAG(s) 'aerotrack_travel_catalogo_vuelos' retrieved from /opt/airflow/dags/dag_generar_catalogo_vuelos.py
[2026-07-09T04:49:03.226-0500] {logging_mixin.py:188} INFO - [2026-07-09T04:49:03.226-0500] {dag.py:3089} INFO - Sync 1 DAGs
[2026-07-09T04:49:03.249-0500] {logging_mixin.py:188} INFO - [2026-07-09T04:49:03.249-0500] {dag.py:3947} INFO - Setting next_dagrun for aerotrack_travel_catalogo_vuelos to 2026-07-09 00:00:00+00:00, run_after=2026-07-10 00:00:00+00:00
[2026-07-09T04:49:03.274-0500] {processor.py:183} INFO - Processing /opt/airflow/dags/dag_generar_catalogo_vuelos.py took 0.771 seconds
[2026-07-09T04:49:33.643-0500] {processor.py:161} INFO - Started process (PID=20081) to work on /opt/airflow/dags/dag_generar_catalogo_vuelos.py
[2026-07-09T04:49:33.644-0500] {processor.py:830} INFO - Processing file /opt/airflow/dags/dag_generar_catalogo_vuelos.py for tasks to queue
[2026-07-09T04:49:33.646-0500] {logging_mixin.py:188} INFO - [2026-07-09T04:49:33.646-0500] {dagbag.py:545} INFO - Filling up the DagBag from /opt/airflow/dags/dag_generar_catalogo_vuelos.py
[2026-07-09T04:49:34.357-0500] {processor.py:840} INFO - DAG(s) 'aerotrack_travel_catalogo_vuelos' retrieved from /opt/airflow/dags/dag_generar_catalogo_vuelos.py
[2026-07-09T04:49:34.403-0500] {logging_mixin.py:188} INFO - [2026-07-09T04:49:34.402-0500] {dag.py:3089} INFO - Sync 1 DAGs
[2026-07-09T04:49:34.427-0500] {logging_mixin.py:188} INFO - [2026-07-09T04:49:34.426-0500] {dag.py:3947} INFO - Setting next_dagrun for aerotrack_travel_catalogo_vuelos to 2026-07-09 00:00:00+00:00, run_after=2026-07-10 00:00:00+00:00
[2026-07-09T04:49:34.459-0500] {processor.py:183} INFO - Processing /opt/airflow/dags/dag_generar_catalogo_vuelos.py took 0.822 seconds
[2026-07-09T04:50:05.886-0500] {processor.py:161} INFO - Started process (PID=20121) to work on /opt/airflow/dags/dag_generar_catalogo_vuelos.py
[2026-07-09T04:50:05.887-0500] {processor.py:830} INFO - Processing file /opt/airflow/dags/dag_generar_catalogo_vuelos.py for tasks to queue
[2026-07-09T04:50:05.889-0500] {logging_mixin.py:188} INFO - [2026-07-09T04:50:05.889-0500] {dagbag.py:545} INFO - Filling up the DagBag from /opt/airflow/dags/dag_generar_catalogo_vuelos.py
[2026-07-09T04:50:06.303-0500] {processor.py:840} INFO - DAG(s) 'aerotrack_travel_catalogo_vuelos' retrieved from /opt/airflow/dags/dag_generar_catalogo_vuelos.py
[2026-07-09T04:50:06.459-0500] {logging_mixin.py:188} INFO - [2026-07-09T04:50:06.458-0500] {dag.py:3089} INFO - Sync 1 DAGs
[2026-07-09T04:50:06.474-0500] {logging_mixin.py:188} INFO - [2026-07-09T04:50:06.473-0500] {dag.py:3947} INFO - Setting next_dagrun for aerotrack_travel_catalogo_vuelos to 2026-07-09 00:00:00+00:00, run_after=2026-07-10 00:00:00+00:00
[2026-07-09T04:50:06.527-0500] {processor.py:183} INFO - Processing /opt/airflow/dags/dag_generar_catalogo_vuelos.py took 0.645 seconds
[2026-07-09T04:50:36.615-0500] {processor.py:161} INFO - Started process (PID=20153) to work on /opt/airflow/dags/dag_generar_catalogo_vuelos.py
[2026-07-09T04:50:36.616-0500] {processor.py:830} INFO - Processing file /opt/airflow/dags/dag_generar_catalogo_vuelos.py for tasks to queue
[2026-07-09T04:50:36.618-0500] {logging_mixin.py:188} INFO - [2026-07-09T04:50:36.617-0500] {dagbag.py:545} INFO - Filling up the DagBag from /opt/airflow/dags/dag_generar_catalogo_vuelos.py
[2026-07-09T04:50:37.108-0500] {processor.py:840} INFO - DAG(s) 'aerotrack_travel_catalogo_vuelos' retrieved from /opt/airflow/dags/dag_generar_catalogo_vuelos.py
[2026-07-09T04:50:37.134-0500] {logging_mixin.py:188} INFO - [2026-07-09T04:50:37.134-0500] {dag.py:3089} INFO - Sync 1 DAGs
[2026-07-09T04:50:37.149-0500] {logging_mixin.py:188} INFO - [2026-07-09T04:50:37.149-0500] {dag.py:3947} INFO - Setting next_dagrun for aerotrack_travel_catalogo_vuelos to 2026-07-09 00:00:00+00:00, run_after=2026-07-10 00:00:00+00:00
[2026-07-09T04:50:37.167-0500] {processor.py:183} INFO - Processing /opt/airflow/dags/dag_generar_catalogo_vuelos.py took 0.557 seconds
[2026-07-09T04:51:07.215-0500] {processor.py:161} INFO - Started process (PID=20180) to work on /opt/airflow/dags/dag_generar_catalogo_vuelos.py
[2026-07-09T04:51:07.216-0500] {processor.py:830} INFO - Processing file /opt/airflow/dags/dag_generar_catalogo_vuelos.py for tasks to queue
[2026-07-09T04:51:07.218-0500] {logging_mixin.py:188} INFO - [2026-07-09T04:51:07.217-0500] {dagbag.py:545} INFO - Filling up the DagBag from /opt/airflow/dags/dag_generar_catalogo_vuelos.py
[2026-07-09T04:51:07.694-0500] {processor.py:840} INFO - DAG(s) 'aerotrack_travel_catalogo_vuelos' retrieved from /opt/airflow/dags/dag_generar_catalogo_vuelos.py
[2026-07-09T04:51:07.717-0500] {logging_mixin.py:188} INFO - [2026-07-09T04:51:07.717-0500] {dag.py:3089} INFO - Sync 1 DAGs
[2026-07-09T04:51:07.729-0500] {logging_mixin.py:188} INFO - [2026-07-09T04:51:07.729-0500] {dag.py:3947} INFO - Setting next_dagrun for aerotrack_travel_catalogo_vuelos to 2026-07-09 00:00:00+00:00, run_after=2026-07-10 00:00:00+00:00
[2026-07-09T04:51:07.742-0500] {processor.py:183} INFO - Processing /opt/airflow/dags/dag_generar_catalogo_vuelos.py took 0.531 seconds
