[2026-07-08T23:26:08.702-0500] {processor.py:161} INFO - Started process (PID=3003) to work on /opt/airflow/dags/dag_monitor_correo.py
[2026-07-08T23:26:08.703-0500] {processor.py:830} INFO - Processing file /opt/airflow/dags/dag_monitor_correo.py for tasks to queue
[2026-07-08T23:26:08.705-0500] {logging_mixin.py:188} INFO - [2026-07-08T23:26:08.705-0500] {dagbag.py:545} INFO - Filling up the DagBag from /opt/airflow/dags/dag_monitor_correo.py
[2026-07-08T23:26:08.750-0500] {processor.py:840} INFO - DAG(s) 'aerotrack_travel_monitor_correo' retrieved from /opt/airflow/dags/dag_monitor_correo.py
[2026-07-08T23:26:08.879-0500] {logging_mixin.py:188} INFO - [2026-07-08T23:26:08.879-0500] {override.py:1858} INFO - Created Permission View: can delete on DAG:aerotrack_travel_monitor_correo
[2026-07-08T23:26:08.887-0500] {logging_mixin.py:188} INFO - [2026-07-08T23:26:08.887-0500] {override.py:1858} INFO - Created Permission View: can edit on DAG:aerotrack_travel_monitor_correo
[2026-07-08T23:26:08.893-0500] {logging_mixin.py:188} INFO - [2026-07-08T23:26:08.892-0500] {override.py:1858} INFO - Created Permission View: can read on DAG:aerotrack_travel_monitor_correo
[2026-07-08T23:26:08.893-0500] {logging_mixin.py:188} INFO - [2026-07-08T23:26:08.893-0500] {dag.py:3089} INFO - Sync 1 DAGs
[2026-07-08T23:26:08.902-0500] {logging_mixin.py:188} INFO - [2026-07-08T23:26:08.902-0500] {dag.py:3111} INFO - Creating ORM DAG for aerotrack_travel_monitor_correo
[2026-07-08T23:26:08.903-0500] {logging_mixin.py:188} INFO - [2026-07-08T23:26:08.903-0500] {dag.py:3947} INFO - Setting next_dagrun for aerotrack_travel_monitor_correo to None, run_after=None
[2026-07-08T23:26:08.923-0500] {processor.py:183} INFO - Processing /opt/airflow/dags/dag_monitor_correo.py took 0.227 seconds
[2026-07-08T23:26:39.716-0500] {processor.py:161} INFO - Started process (PID=3042) to work on /opt/airflow/dags/dag_monitor_correo.py
[2026-07-08T23:26:39.717-0500] {processor.py:830} INFO - Processing file /opt/airflow/dags/dag_monitor_correo.py for tasks to queue
[2026-07-08T23:26:39.719-0500] {logging_mixin.py:188} INFO - [2026-07-08T23:26:39.718-0500] {dagbag.py:545} INFO - Filling up the DagBag from /opt/airflow/dags/dag_monitor_correo.py
[2026-07-08T23:26:39.750-0500] {processor.py:840} INFO - DAG(s) 'aerotrack_travel_monitor_correo' retrieved from /opt/airflow/dags/dag_monitor_correo.py
[2026-07-08T23:26:39.785-0500] {logging_mixin.py:188} INFO - [2026-07-08T23:26:39.785-0500] {dag.py:3089} INFO - Sync 1 DAGs
[2026-07-08T23:26:39.799-0500] {logging_mixin.py:188} INFO - [2026-07-08T23:26:39.799-0500] {dag.py:3947} INFO - Setting next_dagrun for aerotrack_travel_monitor_correo to None, run_after=None
[2026-07-08T23:26:39.814-0500] {processor.py:183} INFO - Processing /opt/airflow/dags/dag_monitor_correo.py took 0.103 seconds
[2026-07-08T23:27:10.764-0500] {processor.py:161} INFO - Started process (PID=3081) to work on /opt/airflow/dags/dag_monitor_correo.py
[2026-07-08T23:27:10.765-0500] {processor.py:830} INFO - Processing file /opt/airflow/dags/dag_monitor_correo.py for tasks to queue
[2026-07-08T23:27:10.767-0500] {logging_mixin.py:188} INFO - [2026-07-08T23:27:10.766-0500] {dagbag.py:545} INFO - Filling up the DagBag from /opt/airflow/dags/dag_monitor_correo.py
[2026-07-08T23:27:10.812-0500] {processor.py:840} INFO - DAG(s) 'aerotrack_travel_monitor_correo' retrieved from /opt/airflow/dags/dag_monitor_correo.py
[2026-07-08T23:27:10.844-0500] {logging_mixin.py:188} INFO - [2026-07-08T23:27:10.844-0500] {dag.py:3089} INFO - Sync 1 DAGs
[2026-07-08T23:27:10.856-0500] {logging_mixin.py:188} INFO - [2026-07-08T23:27:10.856-0500] {dag.py:3947} INFO - Setting next_dagrun for aerotrack_travel_monitor_correo to None, run_after=None
[2026-07-08T23:27:10.870-0500] {processor.py:183} INFO - Processing /opt/airflow/dags/dag_monitor_correo.py took 0.111 seconds
[2026-07-08T23:27:41.754-0500] {processor.py:161} INFO - Started process (PID=3108) to work on /opt/airflow/dags/dag_monitor_correo.py
[2026-07-08T23:27:41.755-0500] {processor.py:830} INFO - Processing file /opt/airflow/dags/dag_monitor_correo.py for tasks to queue
[2026-07-08T23:27:41.756-0500] {logging_mixin.py:188} INFO - [2026-07-08T23:27:41.756-0500] {dagbag.py:545} INFO - Filling up the DagBag from /opt/airflow/dags/dag_monitor_correo.py
[2026-07-08T23:27:41.788-0500] {processor.py:840} INFO - DAG(s) 'aerotrack_travel_monitor_correo' retrieved from /opt/airflow/dags/dag_monitor_correo.py
[2026-07-08T23:27:41.818-0500] {logging_mixin.py:188} INFO - [2026-07-08T23:27:41.818-0500] {dag.py:3089} INFO - Sync 1 DAGs
[2026-07-08T23:27:41.830-0500] {logging_mixin.py:188} INFO - [2026-07-08T23:27:41.830-0500] {dag.py:3947} INFO - Setting next_dagrun for aerotrack_travel_monitor_correo to None, run_after=None
[2026-07-08T23:27:41.845-0500] {processor.py:183} INFO - Processing /opt/airflow/dags/dag_monitor_correo.py took 0.096 seconds
[2026-07-08T23:28:12.699-0500] {processor.py:161} INFO - Started process (PID=3135) to work on /opt/airflow/dags/dag_monitor_correo.py
[2026-07-08T23:28:12.701-0500] {processor.py:830} INFO - Processing file /opt/airflow/dags/dag_monitor_correo.py for tasks to queue
[2026-07-08T23:28:12.702-0500] {logging_mixin.py:188} INFO - [2026-07-08T23:28:12.702-0500] {dagbag.py:545} INFO - Filling up the DagBag from /opt/airflow/dags/dag_monitor_correo.py
[2026-07-08T23:28:12.734-0500] {processor.py:840} INFO - DAG(s) 'aerotrack_travel_monitor_correo' retrieved from /opt/airflow/dags/dag_monitor_correo.py
[2026-07-08T23:28:12.765-0500] {logging_mixin.py:188} INFO - [2026-07-08T23:28:12.765-0500] {dag.py:3089} INFO - Sync 1 DAGs
[2026-07-08T23:28:12.778-0500] {logging_mixin.py:188} INFO - [2026-07-08T23:28:12.778-0500] {dag.py:3947} INFO - Setting next_dagrun for aerotrack_travel_monitor_correo to None, run_after=None
[2026-07-08T23:28:12.795-0500] {processor.py:183} INFO - Processing /opt/airflow/dags/dag_monitor_correo.py took 0.100 seconds
[2026-07-08T23:28:43.793-0500] {processor.py:161} INFO - Started process (PID=3162) to work on /opt/airflow/dags/dag_monitor_correo.py
[2026-07-08T23:28:43.795-0500] {processor.py:830} INFO - Processing file /opt/airflow/dags/dag_monitor_correo.py for tasks to queue
[2026-07-08T23:28:43.797-0500] {logging_mixin.py:188} INFO - [2026-07-08T23:28:43.796-0500] {dagbag.py:545} INFO - Filling up the DagBag from /opt/airflow/dags/dag_monitor_correo.py
[2026-07-08T23:28:43.857-0500] {processor.py:840} INFO - DAG(s) 'aerotrack_travel_monitor_correo' retrieved from /opt/airflow/dags/dag_monitor_correo.py
[2026-07-08T23:28:43.905-0500] {logging_mixin.py:188} INFO - [2026-07-08T23:28:43.905-0500] {dag.py:3089} INFO - Sync 1 DAGs
[2026-07-08T23:28:43.920-0500] {logging_mixin.py:188} INFO - [2026-07-08T23:28:43.919-0500] {dag.py:3947} INFO - Setting next_dagrun for aerotrack_travel_monitor_correo to None, run_after=None
[2026-07-08T23:28:43.939-0500] {processor.py:183} INFO - Processing /opt/airflow/dags/dag_monitor_correo.py took 0.151 seconds
[2026-07-08T23:29:14.733-0500] {processor.py:161} INFO - Started process (PID=3189) to work on /opt/airflow/dags/dag_monitor_correo.py
[2026-07-08T23:29:14.734-0500] {processor.py:830} INFO - Processing file /opt/airflow/dags/dag_monitor_correo.py for tasks to queue
[2026-07-08T23:29:14.735-0500] {logging_mixin.py:188} INFO - [2026-07-08T23:29:14.735-0500] {dagbag.py:545} INFO - Filling up the DagBag from /opt/airflow/dags/dag_monitor_correo.py
[2026-07-08T23:29:14.778-0500] {processor.py:840} INFO - DAG(s) 'aerotrack_travel_monitor_correo' retrieved from /opt/airflow/dags/dag_monitor_correo.py
[2026-07-08T23:29:14.810-0500] {logging_mixin.py:188} INFO - [2026-07-08T23:29:14.810-0500] {dag.py:3089} INFO - Sync 1 DAGs
[2026-07-08T23:29:14.822-0500] {logging_mixin.py:188} INFO - [2026-07-08T23:29:14.822-0500] {dag.py:3947} INFO - Setting next_dagrun for aerotrack_travel_monitor_correo to None, run_after=None
[2026-07-08T23:29:14.838-0500] {processor.py:183} INFO - Processing /opt/airflow/dags/dag_monitor_correo.py took 0.110 seconds
[2026-07-08T23:29:45.815-0500] {processor.py:161} INFO - Started process (PID=3216) to work on /opt/airflow/dags/dag_monitor_correo.py
[2026-07-08T23:29:45.816-0500] {processor.py:830} INFO - Processing file /opt/airflow/dags/dag_monitor_correo.py for tasks to queue
[2026-07-08T23:29:45.818-0500] {logging_mixin.py:188} INFO - [2026-07-08T23:29:45.817-0500] {dagbag.py:545} INFO - Filling up the DagBag from /opt/airflow/dags/dag_monitor_correo.py
[2026-07-08T23:29:45.862-0500] {processor.py:840} INFO - DAG(s) 'aerotrack_travel_monitor_correo' retrieved from /opt/airflow/dags/dag_monitor_correo.py
[2026-07-08T23:29:45.895-0500] {logging_mixin.py:188} INFO - [2026-07-08T23:29:45.895-0500] {dag.py:3089} INFO - Sync 1 DAGs
[2026-07-08T23:29:45.909-0500] {logging_mixin.py:188} INFO - [2026-07-08T23:29:45.909-0500] {dag.py:3947} INFO - Setting next_dagrun for aerotrack_travel_monitor_correo to None, run_after=None
[2026-07-08T23:29:45.932-0500] {processor.py:183} INFO - Processing /opt/airflow/dags/dag_monitor_correo.py took 0.124 seconds
[2026-07-08T23:30:16.701-0500] {processor.py:161} INFO - Started process (PID=3243) to work on /opt/airflow/dags/dag_monitor_correo.py
[2026-07-08T23:30:16.702-0500] {processor.py:830} INFO - Processing file /opt/airflow/dags/dag_monitor_correo.py for tasks to queue
[2026-07-08T23:30:16.703-0500] {logging_mixin.py:188} INFO - [2026-07-08T23:30:16.703-0500] {dagbag.py:545} INFO - Filling up the DagBag from /opt/airflow/dags/dag_monitor_correo.py
[2026-07-08T23:30:16.748-0500] {processor.py:840} INFO - DAG(s) 'aerotrack_travel_monitor_correo' retrieved from /opt/airflow/dags/dag_monitor_correo.py
[2026-07-08T23:30:16.784-0500] {logging_mixin.py:188} INFO - [2026-07-08T23:30:16.783-0500] {dag.py:3089} INFO - Sync 1 DAGs
[2026-07-08T23:30:16.796-0500] {logging_mixin.py:188} INFO - [2026-07-08T23:30:16.796-0500] {dag.py:3947} INFO - Setting next_dagrun for aerotrack_travel_monitor_correo to None, run_after=None
[2026-07-08T23:30:16.813-0500] {processor.py:183} INFO - Processing /opt/airflow/dags/dag_monitor_correo.py took 0.116 seconds
[2026-07-08T23:30:47.648-0500] {processor.py:161} INFO - Started process (PID=3270) to work on /opt/airflow/dags/dag_monitor_correo.py
[2026-07-08T23:30:47.649-0500] {processor.py:830} INFO - Processing file /opt/airflow/dags/dag_monitor_correo.py for tasks to queue
[2026-07-08T23:30:47.651-0500] {logging_mixin.py:188} INFO - [2026-07-08T23:30:47.651-0500] {dagbag.py:545} INFO - Filling up the DagBag from /opt/airflow/dags/dag_monitor_correo.py
[2026-07-08T23:30:47.680-0500] {processor.py:840} INFO - DAG(s) 'aerotrack_travel_monitor_correo' retrieved from /opt/airflow/dags/dag_monitor_correo.py
[2026-07-08T23:30:47.718-0500] {logging_mixin.py:188} INFO - [2026-07-08T23:30:47.717-0500] {dag.py:3089} INFO - Sync 1 DAGs
[2026-07-08T23:30:47.731-0500] {logging_mixin.py:188} INFO - [2026-07-08T23:30:47.730-0500] {dag.py:3947} INFO - Setting next_dagrun for aerotrack_travel_monitor_correo to None, run_after=None
[2026-07-08T23:30:47.747-0500] {processor.py:183} INFO - Processing /opt/airflow/dags/dag_monitor_correo.py took 0.103 seconds
[2026-07-08T23:31:17.950-0500] {processor.py:161} INFO - Started process (PID=3297) to work on /opt/airflow/dags/dag_monitor_correo.py
[2026-07-08T23:31:17.951-0500] {processor.py:830} INFO - Processing file /opt/airflow/dags/dag_monitor_correo.py for tasks to queue
[2026-07-08T23:31:17.954-0500] {logging_mixin.py:188} INFO - [2026-07-08T23:31:17.953-0500] {dagbag.py:545} INFO - Filling up the DagBag from /opt/airflow/dags/dag_monitor_correo.py
[2026-07-08T23:31:17.998-0500] {processor.py:840} INFO - DAG(s) 'aerotrack_travel_monitor_correo' retrieved from /opt/airflow/dags/dag_monitor_correo.py
[2026-07-08T23:31:18.039-0500] {logging_mixin.py:188} INFO - [2026-07-08T23:31:18.039-0500] {dag.py:3089} INFO - Sync 1 DAGs
[2026-07-08T23:31:18.053-0500] {logging_mixin.py:188} INFO - [2026-07-08T23:31:18.053-0500] {dag.py:3947} INFO - Setting next_dagrun for aerotrack_travel_monitor_correo to None, run_after=None
[2026-07-08T23:31:18.072-0500] {processor.py:183} INFO - Processing /opt/airflow/dags/dag_monitor_correo.py took 0.130 seconds
[2026-07-08T23:31:48.158-0500] {processor.py:161} INFO - Started process (PID=3324) to work on /opt/airflow/dags/dag_monitor_correo.py
[2026-07-08T23:31:48.159-0500] {processor.py:830} INFO - Processing file /opt/airflow/dags/dag_monitor_correo.py for tasks to queue
[2026-07-08T23:31:48.160-0500] {logging_mixin.py:188} INFO - [2026-07-08T23:31:48.160-0500] {dagbag.py:545} INFO - Filling up the DagBag from /opt/airflow/dags/dag_monitor_correo.py
[2026-07-08T23:31:48.197-0500] {processor.py:840} INFO - DAG(s) 'aerotrack_travel_monitor_correo' retrieved from /opt/airflow/dags/dag_monitor_correo.py
[2026-07-08T23:31:48.237-0500] {logging_mixin.py:188} INFO - [2026-07-08T23:31:48.237-0500] {dag.py:3089} INFO - Sync 1 DAGs
[2026-07-08T23:31:48.251-0500] {logging_mixin.py:188} INFO - [2026-07-08T23:31:48.251-0500] {dag.py:3947} INFO - Setting next_dagrun for aerotrack_travel_monitor_correo to None, run_after=None
[2026-07-08T23:31:48.270-0500] {processor.py:183} INFO - Processing /opt/airflow/dags/dag_monitor_correo.py took 0.116 seconds
[2026-07-08T23:32:19.142-0500] {processor.py:161} INFO - Started process (PID=3351) to work on /opt/airflow/dags/dag_monitor_correo.py
[2026-07-08T23:32:19.143-0500] {processor.py:830} INFO - Processing file /opt/airflow/dags/dag_monitor_correo.py for tasks to queue
[2026-07-08T23:32:19.145-0500] {logging_mixin.py:188} INFO - [2026-07-08T23:32:19.144-0500] {dagbag.py:545} INFO - Filling up the DagBag from /opt/airflow/dags/dag_monitor_correo.py
[2026-07-08T23:32:19.175-0500] {processor.py:840} INFO - DAG(s) 'aerotrack_travel_monitor_correo' retrieved from /opt/airflow/dags/dag_monitor_correo.py
[2026-07-08T23:32:19.213-0500] {logging_mixin.py:188} INFO - [2026-07-08T23:32:19.212-0500] {dag.py:3089} INFO - Sync 1 DAGs
[2026-07-08T23:32:19.229-0500] {logging_mixin.py:188} INFO - [2026-07-08T23:32:19.228-0500] {dag.py:3947} INFO - Setting next_dagrun for aerotrack_travel_monitor_correo to None, run_after=None
[2026-07-08T23:32:19.247-0500] {processor.py:183} INFO - Processing /opt/airflow/dags/dag_monitor_correo.py took 0.111 seconds
[2026-07-08T23:32:50.145-0500] {processor.py:161} INFO - Started process (PID=3378) to work on /opt/airflow/dags/dag_monitor_correo.py
[2026-07-08T23:32:50.146-0500] {processor.py:830} INFO - Processing file /opt/airflow/dags/dag_monitor_correo.py for tasks to queue
[2026-07-08T23:32:50.148-0500] {logging_mixin.py:188} INFO - [2026-07-08T23:32:50.147-0500] {dagbag.py:545} INFO - Filling up the DagBag from /opt/airflow/dags/dag_monitor_correo.py
[2026-07-08T23:32:50.192-0500] {processor.py:840} INFO - DAG(s) 'aerotrack_travel_monitor_correo' retrieved from /opt/airflow/dags/dag_monitor_correo.py
[2026-07-08T23:32:50.229-0500] {logging_mixin.py:188} INFO - [2026-07-08T23:32:50.229-0500] {dag.py:3089} INFO - Sync 1 DAGs
[2026-07-08T23:32:50.243-0500] {logging_mixin.py:188} INFO - [2026-07-08T23:32:50.243-0500] {dag.py:3947} INFO - Setting next_dagrun for aerotrack_travel_monitor_correo to None, run_after=None
[2026-07-08T23:32:50.261-0500] {processor.py:183} INFO - Processing /opt/airflow/dags/dag_monitor_correo.py took 0.121 seconds
[2026-07-08T23:33:21.271-0500] {processor.py:161} INFO - Started process (PID=3405) to work on /opt/airflow/dags/dag_monitor_correo.py
[2026-07-08T23:33:21.272-0500] {processor.py:830} INFO - Processing file /opt/airflow/dags/dag_monitor_correo.py for tasks to queue
[2026-07-08T23:33:21.273-0500] {logging_mixin.py:188} INFO - [2026-07-08T23:33:21.273-0500] {dagbag.py:545} INFO - Filling up the DagBag from /opt/airflow/dags/dag_monitor_correo.py
[2026-07-08T23:33:21.312-0500] {processor.py:840} INFO - DAG(s) 'aerotrack_travel_monitor_correo' retrieved from /opt/airflow/dags/dag_monitor_correo.py
[2026-07-08T23:33:21.342-0500] {logging_mixin.py:188} INFO - [2026-07-08T23:33:21.342-0500] {dag.py:3089} INFO - Sync 1 DAGs
[2026-07-08T23:33:21.355-0500] {logging_mixin.py:188} INFO - [2026-07-08T23:33:21.355-0500] {dag.py:3947} INFO - Setting next_dagrun for aerotrack_travel_monitor_correo to None, run_after=None
[2026-07-08T23:33:21.374-0500] {processor.py:183} INFO - Processing /opt/airflow/dags/dag_monitor_correo.py took 0.108 seconds
[2026-07-08T23:33:52.326-0500] {processor.py:161} INFO - Started process (PID=3432) to work on /opt/airflow/dags/dag_monitor_correo.py
[2026-07-08T23:33:52.328-0500] {processor.py:830} INFO - Processing file /opt/airflow/dags/dag_monitor_correo.py for tasks to queue
[2026-07-08T23:33:52.330-0500] {logging_mixin.py:188} INFO - [2026-07-08T23:33:52.329-0500] {dagbag.py:545} INFO - Filling up the DagBag from /opt/airflow/dags/dag_monitor_correo.py
[2026-07-08T23:33:52.365-0500] {processor.py:840} INFO - DAG(s) 'aerotrack_travel_monitor_correo' retrieved from /opt/airflow/dags/dag_monitor_correo.py
[2026-07-08T23:33:52.394-0500] {logging_mixin.py:188} INFO - [2026-07-08T23:33:52.394-0500] {dag.py:3089} INFO - Sync 1 DAGs
[2026-07-08T23:33:52.405-0500] {logging_mixin.py:188} INFO - [2026-07-08T23:33:52.405-0500] {dag.py:3947} INFO - Setting next_dagrun for aerotrack_travel_monitor_correo to None, run_after=None
[2026-07-08T23:33:52.422-0500] {processor.py:183} INFO - Processing /opt/airflow/dags/dag_monitor_correo.py took 0.101 seconds
[2026-07-08T23:34:23.236-0500] {processor.py:161} INFO - Started process (PID=3459) to work on /opt/airflow/dags/dag_monitor_correo.py
[2026-07-08T23:34:23.237-0500] {processor.py:830} INFO - Processing file /opt/airflow/dags/dag_monitor_correo.py for tasks to queue
[2026-07-08T23:34:23.238-0500] {logging_mixin.py:188} INFO - [2026-07-08T23:34:23.238-0500] {dagbag.py:545} INFO - Filling up the DagBag from /opt/airflow/dags/dag_monitor_correo.py
[2026-07-08T23:34:23.269-0500] {processor.py:840} INFO - DAG(s) 'aerotrack_travel_monitor_correo' retrieved from /opt/airflow/dags/dag_monitor_correo.py
[2026-07-08T23:34:23.303-0500] {logging_mixin.py:188} INFO - [2026-07-08T23:34:23.303-0500] {dag.py:3089} INFO - Sync 1 DAGs
[2026-07-08T23:34:23.314-0500] {logging_mixin.py:188} INFO - [2026-07-08T23:34:23.314-0500] {dag.py:3947} INFO - Setting next_dagrun for aerotrack_travel_monitor_correo to None, run_after=None
[2026-07-08T23:34:23.333-0500] {processor.py:183} INFO - Processing /opt/airflow/dags/dag_monitor_correo.py took 0.101 seconds
[2026-07-08T23:34:54.212-0500] {processor.py:161} INFO - Started process (PID=3486) to work on /opt/airflow/dags/dag_monitor_correo.py
[2026-07-08T23:34:54.213-0500] {processor.py:830} INFO - Processing file /opt/airflow/dags/dag_monitor_correo.py for tasks to queue
[2026-07-08T23:34:54.215-0500] {logging_mixin.py:188} INFO - [2026-07-08T23:34:54.215-0500] {dagbag.py:545} INFO - Filling up the DagBag from /opt/airflow/dags/dag_monitor_correo.py
[2026-07-08T23:34:54.259-0500] {processor.py:840} INFO - DAG(s) 'aerotrack_travel_monitor_correo' retrieved from /opt/airflow/dags/dag_monitor_correo.py
[2026-07-08T23:34:54.293-0500] {logging_mixin.py:188} INFO - [2026-07-08T23:34:54.293-0500] {dag.py:3089} INFO - Sync 1 DAGs
[2026-07-08T23:34:54.307-0500] {logging_mixin.py:188} INFO - [2026-07-08T23:34:54.307-0500] {dag.py:3947} INFO - Setting next_dagrun for aerotrack_travel_monitor_correo to None, run_after=None
[2026-07-08T23:34:54.326-0500] {processor.py:183} INFO - Processing /opt/airflow/dags/dag_monitor_correo.py took 0.119 seconds
[2026-07-08T23:35:25.213-0500] {processor.py:161} INFO - Started process (PID=3513) to work on /opt/airflow/dags/dag_monitor_correo.py
[2026-07-08T23:35:25.214-0500] {processor.py:830} INFO - Processing file /opt/airflow/dags/dag_monitor_correo.py for tasks to queue
[2026-07-08T23:35:25.215-0500] {logging_mixin.py:188} INFO - [2026-07-08T23:35:25.215-0500] {dagbag.py:545} INFO - Filling up the DagBag from /opt/airflow/dags/dag_monitor_correo.py
[2026-07-08T23:35:25.259-0500] {processor.py:840} INFO - DAG(s) 'aerotrack_travel_monitor_correo' retrieved from /opt/airflow/dags/dag_monitor_correo.py
[2026-07-08T23:35:25.291-0500] {logging_mixin.py:188} INFO - [2026-07-08T23:35:25.291-0500] {dag.py:3089} INFO - Sync 1 DAGs
[2026-07-08T23:35:25.304-0500] {logging_mixin.py:188} INFO - [2026-07-08T23:35:25.304-0500] {dag.py:3947} INFO - Setting next_dagrun for aerotrack_travel_monitor_correo to None, run_after=None
[2026-07-08T23:35:25.321-0500] {processor.py:183} INFO - Processing /opt/airflow/dags/dag_monitor_correo.py took 0.112 seconds
[2026-07-08T23:35:56.106-0500] {processor.py:161} INFO - Started process (PID=3540) to work on /opt/airflow/dags/dag_monitor_correo.py
[2026-07-08T23:35:56.107-0500] {processor.py:830} INFO - Processing file /opt/airflow/dags/dag_monitor_correo.py for tasks to queue
[2026-07-08T23:35:56.108-0500] {logging_mixin.py:188} INFO - [2026-07-08T23:35:56.108-0500] {dagbag.py:545} INFO - Filling up the DagBag from /opt/airflow/dags/dag_monitor_correo.py
[2026-07-08T23:35:56.140-0500] {processor.py:840} INFO - DAG(s) 'aerotrack_travel_monitor_correo' retrieved from /opt/airflow/dags/dag_monitor_correo.py
[2026-07-08T23:35:56.170-0500] {logging_mixin.py:188} INFO - [2026-07-08T23:35:56.170-0500] {dag.py:3089} INFO - Sync 1 DAGs
[2026-07-08T23:35:56.180-0500] {logging_mixin.py:188} INFO - [2026-07-08T23:35:56.180-0500] {dag.py:3947} INFO - Setting next_dagrun for aerotrack_travel_monitor_correo to None, run_after=None
[2026-07-08T23:35:56.195-0500] {processor.py:183} INFO - Processing /opt/airflow/dags/dag_monitor_correo.py took 0.094 seconds
[2026-07-08T23:36:26.267-0500] {processor.py:161} INFO - Started process (PID=3567) to work on /opt/airflow/dags/dag_monitor_correo.py
[2026-07-08T23:36:26.268-0500] {processor.py:830} INFO - Processing file /opt/airflow/dags/dag_monitor_correo.py for tasks to queue
[2026-07-08T23:36:26.270-0500] {logging_mixin.py:188} INFO - [2026-07-08T23:36:26.269-0500] {dagbag.py:545} INFO - Filling up the DagBag from /opt/airflow/dags/dag_monitor_correo.py
[2026-07-08T23:36:26.325-0500] {processor.py:840} INFO - DAG(s) 'aerotrack_travel_monitor_correo' retrieved from /opt/airflow/dags/dag_monitor_correo.py
[2026-07-08T23:36:26.354-0500] {logging_mixin.py:188} INFO - [2026-07-08T23:36:26.354-0500] {dag.py:3089} INFO - Sync 1 DAGs
[2026-07-08T23:36:26.364-0500] {logging_mixin.py:188} INFO - [2026-07-08T23:36:26.364-0500] {dag.py:3947} INFO - Setting next_dagrun for aerotrack_travel_monitor_correo to None, run_after=None
[2026-07-08T23:36:26.393-0500] {processor.py:183} INFO - Processing /opt/airflow/dags/dag_monitor_correo.py took 0.132 seconds
[2026-07-08T23:36:57.281-0500] {processor.py:161} INFO - Started process (PID=3594) to work on /opt/airflow/dags/dag_monitor_correo.py
[2026-07-08T23:36:57.282-0500] {processor.py:830} INFO - Processing file /opt/airflow/dags/dag_monitor_correo.py for tasks to queue
[2026-07-08T23:36:57.283-0500] {logging_mixin.py:188} INFO - [2026-07-08T23:36:57.283-0500] {dagbag.py:545} INFO - Filling up the DagBag from /opt/airflow/dags/dag_monitor_correo.py
[2026-07-08T23:36:57.311-0500] {processor.py:840} INFO - DAG(s) 'aerotrack_travel_monitor_correo' retrieved from /opt/airflow/dags/dag_monitor_correo.py
[2026-07-08T23:36:57.342-0500] {logging_mixin.py:188} INFO - [2026-07-08T23:36:57.341-0500] {dag.py:3089} INFO - Sync 1 DAGs
[2026-07-08T23:36:57.352-0500] {logging_mixin.py:188} INFO - [2026-07-08T23:36:57.352-0500] {dag.py:3947} INFO - Setting next_dagrun for aerotrack_travel_monitor_correo to None, run_after=None
[2026-07-08T23:36:57.367-0500] {processor.py:183} INFO - Processing /opt/airflow/dags/dag_monitor_correo.py took 0.090 seconds
[2026-07-08T23:37:28.296-0500] {processor.py:161} INFO - Started process (PID=3621) to work on /opt/airflow/dags/dag_monitor_correo.py
[2026-07-08T23:37:28.296-0500] {processor.py:830} INFO - Processing file /opt/airflow/dags/dag_monitor_correo.py for tasks to queue
[2026-07-08T23:37:28.298-0500] {logging_mixin.py:188} INFO - [2026-07-08T23:37:28.298-0500] {dagbag.py:545} INFO - Filling up the DagBag from /opt/airflow/dags/dag_monitor_correo.py
[2026-07-08T23:37:28.328-0500] {processor.py:840} INFO - DAG(s) 'aerotrack_travel_monitor_correo' retrieved from /opt/airflow/dags/dag_monitor_correo.py
[2026-07-08T23:37:28.381-0500] {logging_mixin.py:188} INFO - [2026-07-08T23:37:28.380-0500] {dag.py:3089} INFO - Sync 1 DAGs
[2026-07-08T23:37:28.394-0500] {logging_mixin.py:188} INFO - [2026-07-08T23:37:28.394-0500] {dag.py:3947} INFO - Setting next_dagrun for aerotrack_travel_monitor_correo to None, run_after=None
[2026-07-08T23:37:28.414-0500] {processor.py:183} INFO - Processing /opt/airflow/dags/dag_monitor_correo.py took 0.123 seconds
[2026-07-08T23:37:59.224-0500] {processor.py:161} INFO - Started process (PID=3648) to work on /opt/airflow/dags/dag_monitor_correo.py
[2026-07-08T23:37:59.225-0500] {processor.py:830} INFO - Processing file /opt/airflow/dags/dag_monitor_correo.py for tasks to queue
[2026-07-08T23:37:59.227-0500] {logging_mixin.py:188} INFO - [2026-07-08T23:37:59.227-0500] {dagbag.py:545} INFO - Filling up the DagBag from /opt/airflow/dags/dag_monitor_correo.py
[2026-07-08T23:37:59.283-0500] {processor.py:840} INFO - DAG(s) 'aerotrack_travel_monitor_correo' retrieved from /opt/airflow/dags/dag_monitor_correo.py
[2026-07-08T23:37:59.318-0500] {logging_mixin.py:188} INFO - [2026-07-08T23:37:59.317-0500] {dag.py:3089} INFO - Sync 1 DAGs
[2026-07-08T23:37:59.332-0500] {logging_mixin.py:188} INFO - [2026-07-08T23:37:59.331-0500] {dag.py:3947} INFO - Setting next_dagrun for aerotrack_travel_monitor_correo to None, run_after=None
[2026-07-08T23:37:59.349-0500] {processor.py:183} INFO - Processing /opt/airflow/dags/dag_monitor_correo.py took 0.130 seconds
[2026-07-08T23:38:29.498-0500] {processor.py:161} INFO - Started process (PID=3675) to work on /opt/airflow/dags/dag_monitor_correo.py
[2026-07-08T23:38:29.499-0500] {processor.py:830} INFO - Processing file /opt/airflow/dags/dag_monitor_correo.py for tasks to queue
[2026-07-08T23:38:29.501-0500] {logging_mixin.py:188} INFO - [2026-07-08T23:38:29.500-0500] {dagbag.py:545} INFO - Filling up the DagBag from /opt/airflow/dags/dag_monitor_correo.py
[2026-07-08T23:38:29.535-0500] {processor.py:840} INFO - DAG(s) 'aerotrack_travel_monitor_correo' retrieved from /opt/airflow/dags/dag_monitor_correo.py
[2026-07-08T23:38:29.566-0500] {logging_mixin.py:188} INFO - [2026-07-08T23:38:29.566-0500] {dag.py:3089} INFO - Sync 1 DAGs
[2026-07-08T23:38:29.576-0500] {logging_mixin.py:188} INFO - [2026-07-08T23:38:29.576-0500] {dag.py:3947} INFO - Setting next_dagrun for aerotrack_travel_monitor_correo to None, run_after=None
[2026-07-08T23:38:29.593-0500] {processor.py:183} INFO - Processing /opt/airflow/dags/dag_monitor_correo.py took 0.099 seconds
[2026-07-08T23:39:00.408-0500] {processor.py:161} INFO - Started process (PID=3702) to work on /opt/airflow/dags/dag_monitor_correo.py
[2026-07-08T23:39:00.408-0500] {processor.py:830} INFO - Processing file /opt/airflow/dags/dag_monitor_correo.py for tasks to queue
[2026-07-08T23:39:00.410-0500] {logging_mixin.py:188} INFO - [2026-07-08T23:39:00.410-0500] {dagbag.py:545} INFO - Filling up the DagBag from /opt/airflow/dags/dag_monitor_correo.py
[2026-07-08T23:39:00.448-0500] {processor.py:840} INFO - DAG(s) 'aerotrack_travel_monitor_correo' retrieved from /opt/airflow/dags/dag_monitor_correo.py
[2026-07-08T23:39:00.477-0500] {logging_mixin.py:188} INFO - [2026-07-08T23:39:00.477-0500] {dag.py:3089} INFO - Sync 1 DAGs
[2026-07-08T23:39:00.489-0500] {logging_mixin.py:188} INFO - [2026-07-08T23:39:00.489-0500] {dag.py:3947} INFO - Setting next_dagrun for aerotrack_travel_monitor_correo to None, run_after=None
[2026-07-08T23:39:00.508-0500] {processor.py:183} INFO - Processing /opt/airflow/dags/dag_monitor_correo.py took 0.106 seconds
[2026-07-08T23:39:31.402-0500] {processor.py:161} INFO - Started process (PID=3729) to work on /opt/airflow/dags/dag_monitor_correo.py
[2026-07-08T23:39:31.403-0500] {processor.py:830} INFO - Processing file /opt/airflow/dags/dag_monitor_correo.py for tasks to queue
[2026-07-08T23:39:31.404-0500] {logging_mixin.py:188} INFO - [2026-07-08T23:39:31.404-0500] {dagbag.py:545} INFO - Filling up the DagBag from /opt/airflow/dags/dag_monitor_correo.py
[2026-07-08T23:39:31.432-0500] {processor.py:840} INFO - DAG(s) 'aerotrack_travel_monitor_correo' retrieved from /opt/airflow/dags/dag_monitor_correo.py
[2026-07-08T23:39:31.467-0500] {logging_mixin.py:188} INFO - [2026-07-08T23:39:31.466-0500] {dag.py:3089} INFO - Sync 1 DAGs
[2026-07-08T23:39:31.480-0500] {logging_mixin.py:188} INFO - [2026-07-08T23:39:31.480-0500] {dag.py:3947} INFO - Setting next_dagrun for aerotrack_travel_monitor_correo to None, run_after=None
[2026-07-08T23:39:31.498-0500] {processor.py:183} INFO - Processing /opt/airflow/dags/dag_monitor_correo.py took 0.101 seconds
[2026-07-08T23:40:02.330-0500] {processor.py:161} INFO - Started process (PID=3756) to work on /opt/airflow/dags/dag_monitor_correo.py
[2026-07-08T23:40:02.331-0500] {processor.py:830} INFO - Processing file /opt/airflow/dags/dag_monitor_correo.py for tasks to queue
[2026-07-08T23:40:02.333-0500] {logging_mixin.py:188} INFO - [2026-07-08T23:40:02.332-0500] {dagbag.py:545} INFO - Filling up the DagBag from /opt/airflow/dags/dag_monitor_correo.py
[2026-07-08T23:40:02.380-0500] {processor.py:840} INFO - DAG(s) 'aerotrack_travel_monitor_correo' retrieved from /opt/airflow/dags/dag_monitor_correo.py
[2026-07-08T23:40:02.416-0500] {logging_mixin.py:188} INFO - [2026-07-08T23:40:02.416-0500] {dag.py:3089} INFO - Sync 1 DAGs
[2026-07-08T23:40:02.428-0500] {logging_mixin.py:188} INFO - [2026-07-08T23:40:02.427-0500] {dag.py:3947} INFO - Setting next_dagrun for aerotrack_travel_monitor_correo to None, run_after=None
[2026-07-08T23:40:02.447-0500] {processor.py:183} INFO - Processing /opt/airflow/dags/dag_monitor_correo.py took 0.123 seconds
[2026-07-08T23:40:33.366-0500] {processor.py:161} INFO - Started process (PID=3783) to work on /opt/airflow/dags/dag_monitor_correo.py
[2026-07-08T23:40:33.367-0500] {processor.py:830} INFO - Processing file /opt/airflow/dags/dag_monitor_correo.py for tasks to queue
[2026-07-08T23:40:33.368-0500] {logging_mixin.py:188} INFO - [2026-07-08T23:40:33.368-0500] {dagbag.py:545} INFO - Filling up the DagBag from /opt/airflow/dags/dag_monitor_correo.py
[2026-07-08T23:40:33.396-0500] {processor.py:840} INFO - DAG(s) 'aerotrack_travel_monitor_correo' retrieved from /opt/airflow/dags/dag_monitor_correo.py
[2026-07-08T23:40:33.433-0500] {logging_mixin.py:188} INFO - [2026-07-08T23:40:33.432-0500] {dag.py:3089} INFO - Sync 1 DAGs
[2026-07-08T23:40:33.445-0500] {logging_mixin.py:188} INFO - [2026-07-08T23:40:33.445-0500] {dag.py:3947} INFO - Setting next_dagrun for aerotrack_travel_monitor_correo to None, run_after=None
[2026-07-08T23:40:33.464-0500] {processor.py:183} INFO - Processing /opt/airflow/dags/dag_monitor_correo.py took 0.103 seconds
[2026-07-08T23:41:03.569-0500] {processor.py:161} INFO - Started process (PID=3810) to work on /opt/airflow/dags/dag_monitor_correo.py
[2026-07-08T23:41:03.569-0500] {processor.py:830} INFO - Processing file /opt/airflow/dags/dag_monitor_correo.py for tasks to queue
[2026-07-08T23:41:03.571-0500] {logging_mixin.py:188} INFO - [2026-07-08T23:41:03.571-0500] {dagbag.py:545} INFO - Filling up the DagBag from /opt/airflow/dags/dag_monitor_correo.py
[2026-07-08T23:41:03.602-0500] {processor.py:840} INFO - DAG(s) 'aerotrack_travel_monitor_correo' retrieved from /opt/airflow/dags/dag_monitor_correo.py
[2026-07-08T23:41:03.637-0500] {logging_mixin.py:188} INFO - [2026-07-08T23:41:03.637-0500] {dag.py:3089} INFO - Sync 1 DAGs
[2026-07-08T23:41:03.649-0500] {logging_mixin.py:188} INFO - [2026-07-08T23:41:03.649-0500] {dag.py:3947} INFO - Setting next_dagrun for aerotrack_travel_monitor_correo to None, run_after=None
[2026-07-08T23:41:03.666-0500] {processor.py:183} INFO - Processing /opt/airflow/dags/dag_monitor_correo.py took 0.102 seconds
[2026-07-08T23:41:33.718-0500] {processor.py:161} INFO - Started process (PID=3837) to work on /opt/airflow/dags/dag_monitor_correo.py
[2026-07-08T23:41:33.719-0500] {processor.py:830} INFO - Processing file /opt/airflow/dags/dag_monitor_correo.py for tasks to queue
[2026-07-08T23:41:33.721-0500] {logging_mixin.py:188} INFO - [2026-07-08T23:41:33.720-0500] {dagbag.py:545} INFO - Filling up the DagBag from /opt/airflow/dags/dag_monitor_correo.py
[2026-07-08T23:41:33.763-0500] {processor.py:840} INFO - DAG(s) 'aerotrack_travel_monitor_correo' retrieved from /opt/airflow/dags/dag_monitor_correo.py
[2026-07-08T23:41:33.798-0500] {logging_mixin.py:188} INFO - [2026-07-08T23:41:33.798-0500] {dag.py:3089} INFO - Sync 1 DAGs
[2026-07-08T23:41:33.811-0500] {logging_mixin.py:188} INFO - [2026-07-08T23:41:33.811-0500] {dag.py:3947} INFO - Setting next_dagrun for aerotrack_travel_monitor_correo to None, run_after=None
[2026-07-08T23:41:33.830-0500] {processor.py:183} INFO - Processing /opt/airflow/dags/dag_monitor_correo.py took 0.116 seconds
[2026-07-08T23:42:04.717-0500] {processor.py:161} INFO - Started process (PID=3864) to work on /opt/airflow/dags/dag_monitor_correo.py
[2026-07-08T23:42:04.719-0500] {processor.py:830} INFO - Processing file /opt/airflow/dags/dag_monitor_correo.py for tasks to queue
[2026-07-08T23:42:04.722-0500] {logging_mixin.py:188} INFO - [2026-07-08T23:42:04.721-0500] {dagbag.py:545} INFO - Filling up the DagBag from /opt/airflow/dags/dag_monitor_correo.py
[2026-07-08T23:42:04.771-0500] {processor.py:840} INFO - DAG(s) 'aerotrack_travel_monitor_correo' retrieved from /opt/airflow/dags/dag_monitor_correo.py
[2026-07-08T23:42:04.802-0500] {logging_mixin.py:188} INFO - [2026-07-08T23:42:04.802-0500] {dag.py:3089} INFO - Sync 1 DAGs
[2026-07-08T23:42:04.816-0500] {logging_mixin.py:188} INFO - [2026-07-08T23:42:04.816-0500] {dag.py:3947} INFO - Setting next_dagrun for aerotrack_travel_monitor_correo to None, run_after=None
[2026-07-08T23:42:04.832-0500] {processor.py:183} INFO - Processing /opt/airflow/dags/dag_monitor_correo.py took 0.121 seconds
[2026-07-08T23:42:35.658-0500] {processor.py:161} INFO - Started process (PID=3891) to work on /opt/airflow/dags/dag_monitor_correo.py
[2026-07-08T23:42:35.659-0500] {processor.py:830} INFO - Processing file /opt/airflow/dags/dag_monitor_correo.py for tasks to queue
[2026-07-08T23:42:35.661-0500] {logging_mixin.py:188} INFO - [2026-07-08T23:42:35.661-0500] {dagbag.py:545} INFO - Filling up the DagBag from /opt/airflow/dags/dag_monitor_correo.py
[2026-07-08T23:42:35.704-0500] {processor.py:840} INFO - DAG(s) 'aerotrack_travel_monitor_correo' retrieved from /opt/airflow/dags/dag_monitor_correo.py
[2026-07-08T23:42:35.736-0500] {logging_mixin.py:188} INFO - [2026-07-08T23:42:35.736-0500] {dag.py:3089} INFO - Sync 1 DAGs
[2026-07-08T23:42:35.748-0500] {logging_mixin.py:188} INFO - [2026-07-08T23:42:35.747-0500] {dag.py:3947} INFO - Setting next_dagrun for aerotrack_travel_monitor_correo to None, run_after=None
[2026-07-08T23:42:35.765-0500] {processor.py:183} INFO - Processing /opt/airflow/dags/dag_monitor_correo.py took 0.112 seconds
[2026-07-08T23:43:06.651-0500] {processor.py:161} INFO - Started process (PID=3918) to work on /opt/airflow/dags/dag_monitor_correo.py
[2026-07-08T23:43:06.652-0500] {processor.py:830} INFO - Processing file /opt/airflow/dags/dag_monitor_correo.py for tasks to queue
[2026-07-08T23:43:06.653-0500] {logging_mixin.py:188} INFO - [2026-07-08T23:43:06.653-0500] {dagbag.py:545} INFO - Filling up the DagBag from /opt/airflow/dags/dag_monitor_correo.py
[2026-07-08T23:43:06.698-0500] {processor.py:840} INFO - DAG(s) 'aerotrack_travel_monitor_correo' retrieved from /opt/airflow/dags/dag_monitor_correo.py
[2026-07-08T23:43:06.733-0500] {logging_mixin.py:188} INFO - [2026-07-08T23:43:06.732-0500] {dag.py:3089} INFO - Sync 1 DAGs
[2026-07-08T23:43:06.745-0500] {logging_mixin.py:188} INFO - [2026-07-08T23:43:06.745-0500] {dag.py:3947} INFO - Setting next_dagrun for aerotrack_travel_monitor_correo to None, run_after=None
[2026-07-08T23:43:06.762-0500] {processor.py:183} INFO - Processing /opt/airflow/dags/dag_monitor_correo.py took 0.117 seconds
[2026-07-08T23:43:37.542-0500] {processor.py:161} INFO - Started process (PID=3945) to work on /opt/airflow/dags/dag_monitor_correo.py
[2026-07-08T23:43:37.543-0500] {processor.py:830} INFO - Processing file /opt/airflow/dags/dag_monitor_correo.py for tasks to queue
[2026-07-08T23:43:37.544-0500] {logging_mixin.py:188} INFO - [2026-07-08T23:43:37.544-0500] {dagbag.py:545} INFO - Filling up the DagBag from /opt/airflow/dags/dag_monitor_correo.py
[2026-07-08T23:43:37.582-0500] {processor.py:840} INFO - DAG(s) 'aerotrack_travel_monitor_correo' retrieved from /opt/airflow/dags/dag_monitor_correo.py
[2026-07-08T23:43:37.615-0500] {logging_mixin.py:188} INFO - [2026-07-08T23:43:37.615-0500] {dag.py:3089} INFO - Sync 1 DAGs
[2026-07-08T23:43:37.625-0500] {logging_mixin.py:188} INFO - [2026-07-08T23:43:37.625-0500] {dag.py:3947} INFO - Setting next_dagrun for aerotrack_travel_monitor_correo to None, run_after=None
[2026-07-08T23:43:37.641-0500] {processor.py:183} INFO - Processing /opt/airflow/dags/dag_monitor_correo.py took 0.104 seconds
[2026-07-08T23:44:08.556-0500] {processor.py:161} INFO - Started process (PID=3972) to work on /opt/airflow/dags/dag_monitor_correo.py
[2026-07-08T23:44:08.556-0500] {processor.py:830} INFO - Processing file /opt/airflow/dags/dag_monitor_correo.py for tasks to queue
[2026-07-08T23:44:08.558-0500] {logging_mixin.py:188} INFO - [2026-07-08T23:44:08.558-0500] {dagbag.py:545} INFO - Filling up the DagBag from /opt/airflow/dags/dag_monitor_correo.py
[2026-07-08T23:44:08.586-0500] {processor.py:840} INFO - DAG(s) 'aerotrack_travel_monitor_correo' retrieved from /opt/airflow/dags/dag_monitor_correo.py
[2026-07-08T23:44:08.614-0500] {logging_mixin.py:188} INFO - [2026-07-08T23:44:08.614-0500] {dag.py:3089} INFO - Sync 1 DAGs
[2026-07-08T23:44:08.624-0500] {logging_mixin.py:188} INFO - [2026-07-08T23:44:08.624-0500] {dag.py:3947} INFO - Setting next_dagrun for aerotrack_travel_monitor_correo to None, run_after=None
[2026-07-08T23:44:08.643-0500] {processor.py:183} INFO - Processing /opt/airflow/dags/dag_monitor_correo.py took 0.092 seconds
[2026-07-08T23:44:39.438-0500] {processor.py:161} INFO - Started process (PID=3999) to work on /opt/airflow/dags/dag_monitor_correo.py
[2026-07-08T23:44:39.439-0500] {processor.py:830} INFO - Processing file /opt/airflow/dags/dag_monitor_correo.py for tasks to queue
[2026-07-08T23:44:39.441-0500] {logging_mixin.py:188} INFO - [2026-07-08T23:44:39.440-0500] {dagbag.py:545} INFO - Filling up the DagBag from /opt/airflow/dags/dag_monitor_correo.py
[2026-07-08T23:44:39.469-0500] {processor.py:840} INFO - DAG(s) 'aerotrack_travel_monitor_correo' retrieved from /opt/airflow/dags/dag_monitor_correo.py
[2026-07-08T23:44:39.503-0500] {logging_mixin.py:188} INFO - [2026-07-08T23:44:39.502-0500] {dag.py:3089} INFO - Sync 1 DAGs
[2026-07-08T23:44:39.513-0500] {logging_mixin.py:188} INFO - [2026-07-08T23:44:39.513-0500] {dag.py:3947} INFO - Setting next_dagrun for aerotrack_travel_monitor_correo to None, run_after=None
[2026-07-08T23:44:39.532-0500] {processor.py:183} INFO - Processing /opt/airflow/dags/dag_monitor_correo.py took 0.099 seconds
[2026-07-08T23:45:10.540-0500] {processor.py:161} INFO - Started process (PID=4026) to work on /opt/airflow/dags/dag_monitor_correo.py
[2026-07-08T23:45:10.541-0500] {processor.py:830} INFO - Processing file /opt/airflow/dags/dag_monitor_correo.py for tasks to queue
[2026-07-08T23:45:10.543-0500] {logging_mixin.py:188} INFO - [2026-07-08T23:45:10.543-0500] {dagbag.py:545} INFO - Filling up the DagBag from /opt/airflow/dags/dag_monitor_correo.py
[2026-07-08T23:45:10.572-0500] {processor.py:840} INFO - DAG(s) 'aerotrack_travel_monitor_correo' retrieved from /opt/airflow/dags/dag_monitor_correo.py
[2026-07-08T23:45:10.603-0500] {logging_mixin.py:188} INFO - [2026-07-08T23:45:10.603-0500] {dag.py:3089} INFO - Sync 1 DAGs
[2026-07-08T23:45:10.614-0500] {logging_mixin.py:188} INFO - [2026-07-08T23:45:10.614-0500] {dag.py:3947} INFO - Setting next_dagrun for aerotrack_travel_monitor_correo to None, run_after=None
[2026-07-08T23:45:10.633-0500] {processor.py:183} INFO - Processing /opt/airflow/dags/dag_monitor_correo.py took 0.098 seconds
[2026-07-08T23:45:41.406-0500] {processor.py:161} INFO - Started process (PID=4053) to work on /opt/airflow/dags/dag_monitor_correo.py
[2026-07-08T23:45:41.407-0500] {processor.py:830} INFO - Processing file /opt/airflow/dags/dag_monitor_correo.py for tasks to queue
[2026-07-08T23:45:41.408-0500] {logging_mixin.py:188} INFO - [2026-07-08T23:45:41.408-0500] {dagbag.py:545} INFO - Filling up the DagBag from /opt/airflow/dags/dag_monitor_correo.py
[2026-07-08T23:45:41.446-0500] {processor.py:840} INFO - DAG(s) 'aerotrack_travel_monitor_correo' retrieved from /opt/airflow/dags/dag_monitor_correo.py
[2026-07-08T23:45:41.475-0500] {logging_mixin.py:188} INFO - [2026-07-08T23:45:41.475-0500] {dag.py:3089} INFO - Sync 1 DAGs
[2026-07-08T23:45:41.484-0500] {logging_mixin.py:188} INFO - [2026-07-08T23:45:41.484-0500] {dag.py:3947} INFO - Setting next_dagrun for aerotrack_travel_monitor_correo to None, run_after=None
[2026-07-08T23:45:41.500-0500] {processor.py:183} INFO - Processing /opt/airflow/dags/dag_monitor_correo.py took 0.099 seconds
[2026-07-08T23:46:12.480-0500] {processor.py:161} INFO - Started process (PID=4080) to work on /opt/airflow/dags/dag_monitor_correo.py
[2026-07-08T23:46:12.481-0500] {processor.py:830} INFO - Processing file /opt/airflow/dags/dag_monitor_correo.py for tasks to queue
[2026-07-08T23:46:12.482-0500] {logging_mixin.py:188} INFO - [2026-07-08T23:46:12.482-0500] {dagbag.py:545} INFO - Filling up the DagBag from /opt/airflow/dags/dag_monitor_correo.py
[2026-07-08T23:46:12.517-0500] {processor.py:840} INFO - DAG(s) 'aerotrack_travel_monitor_correo' retrieved from /opt/airflow/dags/dag_monitor_correo.py
[2026-07-08T23:46:12.546-0500] {logging_mixin.py:188} INFO - [2026-07-08T23:46:12.546-0500] {dag.py:3089} INFO - Sync 1 DAGs
[2026-07-08T23:46:12.556-0500] {logging_mixin.py:188} INFO - [2026-07-08T23:46:12.556-0500] {dag.py:3947} INFO - Setting next_dagrun for aerotrack_travel_monitor_correo to None, run_after=None
[2026-07-08T23:46:12.573-0500] {processor.py:183} INFO - Processing /opt/airflow/dags/dag_monitor_correo.py took 0.099 seconds
[2026-07-08T23:46:43.389-0500] {processor.py:161} INFO - Started process (PID=4107) to work on /opt/airflow/dags/dag_monitor_correo.py
[2026-07-08T23:46:43.389-0500] {processor.py:830} INFO - Processing file /opt/airflow/dags/dag_monitor_correo.py for tasks to queue
[2026-07-08T23:46:43.391-0500] {logging_mixin.py:188} INFO - [2026-07-08T23:46:43.391-0500] {dagbag.py:545} INFO - Filling up the DagBag from /opt/airflow/dags/dag_monitor_correo.py
[2026-07-08T23:46:43.419-0500] {processor.py:840} INFO - DAG(s) 'aerotrack_travel_monitor_correo' retrieved from /opt/airflow/dags/dag_monitor_correo.py
[2026-07-08T23:46:43.457-0500] {logging_mixin.py:188} INFO - [2026-07-08T23:46:43.457-0500] {dag.py:3089} INFO - Sync 1 DAGs
[2026-07-08T23:46:43.466-0500] {logging_mixin.py:188} INFO - [2026-07-08T23:46:43.466-0500] {dag.py:3947} INFO - Setting next_dagrun for aerotrack_travel_monitor_correo to None, run_after=None
[2026-07-08T23:46:43.481-0500] {processor.py:183} INFO - Processing /opt/airflow/dags/dag_monitor_correo.py took 0.097 seconds
[2026-07-08T23:47:13.642-0500] {processor.py:161} INFO - Started process (PID=4139) to work on /opt/airflow/dags/dag_monitor_correo.py
[2026-07-08T23:47:13.643-0500] {processor.py:830} INFO - Processing file /opt/airflow/dags/dag_monitor_correo.py for tasks to queue
[2026-07-08T23:47:13.644-0500] {logging_mixin.py:188} INFO - [2026-07-08T23:47:13.644-0500] {dagbag.py:545} INFO - Filling up the DagBag from /opt/airflow/dags/dag_monitor_correo.py
[2026-07-08T23:47:13.672-0500] {processor.py:840} INFO - DAG(s) 'aerotrack_travel_monitor_correo' retrieved from /opt/airflow/dags/dag_monitor_correo.py
[2026-07-08T23:47:13.703-0500] {logging_mixin.py:188} INFO - [2026-07-08T23:47:13.702-0500] {dag.py:3089} INFO - Sync 1 DAGs
[2026-07-08T23:47:13.712-0500] {logging_mixin.py:188} INFO - [2026-07-08T23:47:13.712-0500] {dag.py:3947} INFO - Setting next_dagrun for aerotrack_travel_monitor_correo to None, run_after=None
[2026-07-08T23:47:13.726-0500] {processor.py:183} INFO - Processing /opt/airflow/dags/dag_monitor_correo.py took 0.093 seconds
[2026-07-08T23:47:44.552-0500] {processor.py:161} INFO - Started process (PID=4164) to work on /opt/airflow/dags/dag_monitor_correo.py
[2026-07-08T23:47:44.553-0500] {processor.py:830} INFO - Processing file /opt/airflow/dags/dag_monitor_correo.py for tasks to queue
[2026-07-08T23:47:44.555-0500] {logging_mixin.py:188} INFO - [2026-07-08T23:47:44.554-0500] {dagbag.py:545} INFO - Filling up the DagBag from /opt/airflow/dags/dag_monitor_correo.py
[2026-07-08T23:47:44.599-0500] {processor.py:840} INFO - DAG(s) 'aerotrack_travel_monitor_correo' retrieved from /opt/airflow/dags/dag_monitor_correo.py
[2026-07-08T23:47:44.650-0500] {logging_mixin.py:188} INFO - [2026-07-08T23:47:44.649-0500] {dag.py:3089} INFO - Sync 1 DAGs
[2026-07-08T23:47:44.665-0500] {logging_mixin.py:188} INFO - [2026-07-08T23:47:44.664-0500] {dag.py:3947} INFO - Setting next_dagrun for aerotrack_travel_monitor_correo to None, run_after=None
[2026-07-08T23:47:44.685-0500] {processor.py:183} INFO - Processing /opt/airflow/dags/dag_monitor_correo.py took 0.137 seconds
[2026-07-08T23:48:15.669-0500] {processor.py:161} INFO - Started process (PID=4203) to work on /opt/airflow/dags/dag_monitor_correo.py
[2026-07-08T23:48:15.671-0500] {processor.py:830} INFO - Processing file /opt/airflow/dags/dag_monitor_correo.py for tasks to queue
[2026-07-08T23:48:15.673-0500] {logging_mixin.py:188} INFO - [2026-07-08T23:48:15.673-0500] {dagbag.py:545} INFO - Filling up the DagBag from /opt/airflow/dags/dag_monitor_correo.py
[2026-07-08T23:48:15.727-0500] {processor.py:840} INFO - DAG(s) 'aerotrack_travel_monitor_correo' retrieved from /opt/airflow/dags/dag_monitor_correo.py
[2026-07-08T23:48:15.766-0500] {logging_mixin.py:188} INFO - [2026-07-08T23:48:15.766-0500] {dag.py:3089} INFO - Sync 1 DAGs
[2026-07-08T23:48:15.778-0500] {logging_mixin.py:188} INFO - [2026-07-08T23:48:15.778-0500] {dag.py:3947} INFO - Setting next_dagrun for aerotrack_travel_monitor_correo to None, run_after=None
[2026-07-08T23:48:15.794-0500] {processor.py:183} INFO - Processing /opt/airflow/dags/dag_monitor_correo.py took 0.133 seconds
[2026-07-08T23:48:46.565-0500] {processor.py:161} INFO - Started process (PID=4230) to work on /opt/airflow/dags/dag_monitor_correo.py
[2026-07-08T23:48:46.566-0500] {processor.py:830} INFO - Processing file /opt/airflow/dags/dag_monitor_correo.py for tasks to queue
[2026-07-08T23:48:46.567-0500] {logging_mixin.py:188} INFO - [2026-07-08T23:48:46.567-0500] {dagbag.py:545} INFO - Filling up the DagBag from /opt/airflow/dags/dag_monitor_correo.py
[2026-07-08T23:48:46.607-0500] {processor.py:840} INFO - DAG(s) 'aerotrack_travel_monitor_correo' retrieved from /opt/airflow/dags/dag_monitor_correo.py
[2026-07-08T23:48:46.638-0500] {logging_mixin.py:188} INFO - [2026-07-08T23:48:46.638-0500] {dag.py:3089} INFO - Sync 1 DAGs
[2026-07-08T23:48:46.651-0500] {logging_mixin.py:188} INFO - [2026-07-08T23:48:46.651-0500] {dag.py:3947} INFO - Setting next_dagrun for aerotrack_travel_monitor_correo to None, run_after=None
[2026-07-08T23:48:46.671-0500] {processor.py:183} INFO - Processing /opt/airflow/dags/dag_monitor_correo.py took 0.112 seconds
[2026-07-08T23:49:17.578-0500] {processor.py:161} INFO - Started process (PID=4276) to work on /opt/airflow/dags/dag_monitor_correo.py
[2026-07-08T23:49:17.578-0500] {processor.py:830} INFO - Processing file /opt/airflow/dags/dag_monitor_correo.py for tasks to queue
[2026-07-08T23:49:17.580-0500] {logging_mixin.py:188} INFO - [2026-07-08T23:49:17.580-0500] {dagbag.py:545} INFO - Filling up the DagBag from /opt/airflow/dags/dag_monitor_correo.py
[2026-07-08T23:49:17.608-0500] {processor.py:840} INFO - DAG(s) 'aerotrack_travel_monitor_correo' retrieved from /opt/airflow/dags/dag_monitor_correo.py
[2026-07-08T23:49:17.635-0500] {logging_mixin.py:188} INFO - [2026-07-08T23:49:17.635-0500] {dag.py:3089} INFO - Sync 1 DAGs
[2026-07-08T23:49:17.645-0500] {logging_mixin.py:188} INFO - [2026-07-08T23:49:17.645-0500] {dag.py:3947} INFO - Setting next_dagrun for aerotrack_travel_monitor_correo to None, run_after=None
[2026-07-08T23:49:17.660-0500] {processor.py:183} INFO - Processing /opt/airflow/dags/dag_monitor_correo.py took 0.087 seconds
[2026-07-08T23:49:48.623-0500] {processor.py:161} INFO - Started process (PID=4339) to work on /opt/airflow/dags/dag_monitor_correo.py
[2026-07-08T23:49:48.624-0500] {processor.py:830} INFO - Processing file /opt/airflow/dags/dag_monitor_correo.py for tasks to queue
[2026-07-08T23:49:48.626-0500] {logging_mixin.py:188} INFO - [2026-07-08T23:49:48.626-0500] {dagbag.py:545} INFO - Filling up the DagBag from /opt/airflow/dags/dag_monitor_correo.py
[2026-07-08T23:49:48.668-0500] {processor.py:840} INFO - DAG(s) 'aerotrack_travel_monitor_correo' retrieved from /opt/airflow/dags/dag_monitor_correo.py
[2026-07-08T23:49:48.702-0500] {logging_mixin.py:188} INFO - [2026-07-08T23:49:48.702-0500] {dag.py:3089} INFO - Sync 1 DAGs
[2026-07-08T23:49:48.712-0500] {logging_mixin.py:188} INFO - [2026-07-08T23:49:48.712-0500] {dag.py:3947} INFO - Setting next_dagrun for aerotrack_travel_monitor_correo to None, run_after=None
[2026-07-08T23:49:48.728-0500] {processor.py:183} INFO - Processing /opt/airflow/dags/dag_monitor_correo.py took 0.109 seconds
[2026-07-08T23:50:19.727-0500] {processor.py:161} INFO - Started process (PID=4366) to work on /opt/airflow/dags/dag_monitor_correo.py
[2026-07-08T23:50:19.728-0500] {processor.py:830} INFO - Processing file /opt/airflow/dags/dag_monitor_correo.py for tasks to queue
[2026-07-08T23:50:19.729-0500] {logging_mixin.py:188} INFO - [2026-07-08T23:50:19.729-0500] {dagbag.py:545} INFO - Filling up the DagBag from /opt/airflow/dags/dag_monitor_correo.py
[2026-07-08T23:50:19.759-0500] {processor.py:840} INFO - DAG(s) 'aerotrack_travel_monitor_correo' retrieved from /opt/airflow/dags/dag_monitor_correo.py
[2026-07-08T23:50:19.787-0500] {logging_mixin.py:188} INFO - [2026-07-08T23:50:19.787-0500] {dag.py:3089} INFO - Sync 1 DAGs
[2026-07-08T23:50:19.797-0500] {logging_mixin.py:188} INFO - [2026-07-08T23:50:19.797-0500] {dag.py:3947} INFO - Setting next_dagrun for aerotrack_travel_monitor_correo to None, run_after=None
[2026-07-08T23:50:19.810-0500] {processor.py:183} INFO - Processing /opt/airflow/dags/dag_monitor_correo.py took 0.088 seconds
[2026-07-08T23:50:50.764-0500] {processor.py:161} INFO - Started process (PID=4393) to work on /opt/airflow/dags/dag_monitor_correo.py
[2026-07-08T23:50:50.765-0500] {processor.py:830} INFO - Processing file /opt/airflow/dags/dag_monitor_correo.py for tasks to queue
[2026-07-08T23:50:50.766-0500] {logging_mixin.py:188} INFO - [2026-07-08T23:50:50.766-0500] {dagbag.py:545} INFO - Filling up the DagBag from /opt/airflow/dags/dag_monitor_correo.py
[2026-07-08T23:50:50.797-0500] {processor.py:840} INFO - DAG(s) 'aerotrack_travel_monitor_correo' retrieved from /opt/airflow/dags/dag_monitor_correo.py
[2026-07-08T23:50:50.824-0500] {logging_mixin.py:188} INFO - [2026-07-08T23:50:50.823-0500] {dag.py:3089} INFO - Sync 1 DAGs
[2026-07-08T23:50:50.834-0500] {logging_mixin.py:188} INFO - [2026-07-08T23:50:50.834-0500] {dag.py:3947} INFO - Setting next_dagrun for aerotrack_travel_monitor_correo to None, run_after=None
[2026-07-08T23:50:50.849-0500] {processor.py:183} INFO - Processing /opt/airflow/dags/dag_monitor_correo.py took 0.089 seconds
[2026-07-08T23:51:20.893-0500] {processor.py:161} INFO - Started process (PID=4420) to work on /opt/airflow/dags/dag_monitor_correo.py
[2026-07-08T23:51:20.894-0500] {processor.py:830} INFO - Processing file /opt/airflow/dags/dag_monitor_correo.py for tasks to queue
[2026-07-08T23:51:20.896-0500] {logging_mixin.py:188} INFO - [2026-07-08T23:51:20.896-0500] {dagbag.py:545} INFO - Filling up the DagBag from /opt/airflow/dags/dag_monitor_correo.py
[2026-07-08T23:51:20.928-0500] {processor.py:840} INFO - DAG(s) 'aerotrack_travel_monitor_correo' retrieved from /opt/airflow/dags/dag_monitor_correo.py
[2026-07-08T23:51:20.961-0500] {logging_mixin.py:188} INFO - [2026-07-08T23:51:20.961-0500] {dag.py:3089} INFO - Sync 1 DAGs
[2026-07-08T23:51:20.971-0500] {logging_mixin.py:188} INFO - [2026-07-08T23:51:20.971-0500] {dag.py:3947} INFO - Setting next_dagrun for aerotrack_travel_monitor_correo to None, run_after=None
[2026-07-08T23:51:20.986-0500] {processor.py:183} INFO - Processing /opt/airflow/dags/dag_monitor_correo.py took 0.097 seconds
[2026-07-08T23:51:51.945-0500] {processor.py:161} INFO - Started process (PID=4447) to work on /opt/airflow/dags/dag_monitor_correo.py
[2026-07-08T23:51:51.946-0500] {processor.py:830} INFO - Processing file /opt/airflow/dags/dag_monitor_correo.py for tasks to queue
[2026-07-08T23:51:51.948-0500] {logging_mixin.py:188} INFO - [2026-07-08T23:51:51.948-0500] {dagbag.py:545} INFO - Filling up the DagBag from /opt/airflow/dags/dag_monitor_correo.py
[2026-07-08T23:51:51.998-0500] {processor.py:840} INFO - DAG(s) 'aerotrack_travel_monitor_correo' retrieved from /opt/airflow/dags/dag_monitor_correo.py
[2026-07-08T23:51:52.031-0500] {logging_mixin.py:188} INFO - [2026-07-08T23:51:52.031-0500] {dag.py:3089} INFO - Sync 1 DAGs
[2026-07-08T23:51:52.040-0500] {logging_mixin.py:188} INFO - [2026-07-08T23:51:52.040-0500] {dag.py:3947} INFO - Setting next_dagrun for aerotrack_travel_monitor_correo to None, run_after=None
[2026-07-08T23:51:52.055-0500] {processor.py:183} INFO - Processing /opt/airflow/dags/dag_monitor_correo.py took 0.115 seconds
[2026-07-08T23:52:23.036-0500] {processor.py:161} INFO - Started process (PID=4474) to work on /opt/airflow/dags/dag_monitor_correo.py
[2026-07-08T23:52:23.036-0500] {processor.py:830} INFO - Processing file /opt/airflow/dags/dag_monitor_correo.py for tasks to queue
[2026-07-08T23:52:23.038-0500] {logging_mixin.py:188} INFO - [2026-07-08T23:52:23.038-0500] {dagbag.py:545} INFO - Filling up the DagBag from /opt/airflow/dags/dag_monitor_correo.py
[2026-07-08T23:52:23.072-0500] {processor.py:840} INFO - DAG(s) 'aerotrack_travel_monitor_correo' retrieved from /opt/airflow/dags/dag_monitor_correo.py
[2026-07-08T23:52:23.103-0500] {logging_mixin.py:188} INFO - [2026-07-08T23:52:23.103-0500] {dag.py:3089} INFO - Sync 1 DAGs
[2026-07-08T23:52:23.112-0500] {logging_mixin.py:188} INFO - [2026-07-08T23:52:23.112-0500] {dag.py:3947} INFO - Setting next_dagrun for aerotrack_travel_monitor_correo to None, run_after=None
[2026-07-08T23:52:23.126-0500] {processor.py:183} INFO - Processing /opt/airflow/dags/dag_monitor_correo.py took 0.095 seconds
[2026-07-08T23:52:54.041-0500] {processor.py:161} INFO - Started process (PID=4501) to work on /opt/airflow/dags/dag_monitor_correo.py
[2026-07-08T23:52:54.042-0500] {processor.py:830} INFO - Processing file /opt/airflow/dags/dag_monitor_correo.py for tasks to queue
[2026-07-08T23:52:54.044-0500] {logging_mixin.py:188} INFO - [2026-07-08T23:52:54.043-0500] {dagbag.py:545} INFO - Filling up the DagBag from /opt/airflow/dags/dag_monitor_correo.py
[2026-07-08T23:52:54.082-0500] {processor.py:840} INFO - DAG(s) 'aerotrack_travel_monitor_correo' retrieved from /opt/airflow/dags/dag_monitor_correo.py
[2026-07-08T23:52:54.114-0500] {logging_mixin.py:188} INFO - [2026-07-08T23:52:54.114-0500] {dag.py:3089} INFO - Sync 1 DAGs
[2026-07-08T23:52:54.126-0500] {logging_mixin.py:188} INFO - [2026-07-08T23:52:54.126-0500] {dag.py:3947} INFO - Setting next_dagrun for aerotrack_travel_monitor_correo to None, run_after=None
[2026-07-08T23:52:54.141-0500] {processor.py:183} INFO - Processing /opt/airflow/dags/dag_monitor_correo.py took 0.108 seconds
[2026-07-08T23:53:25.026-0500] {processor.py:161} INFO - Started process (PID=4528) to work on /opt/airflow/dags/dag_monitor_correo.py
[2026-07-08T23:53:25.027-0500] {processor.py:830} INFO - Processing file /opt/airflow/dags/dag_monitor_correo.py for tasks to queue
[2026-07-08T23:53:25.029-0500] {logging_mixin.py:188} INFO - [2026-07-08T23:53:25.028-0500] {dagbag.py:545} INFO - Filling up the DagBag from /opt/airflow/dags/dag_monitor_correo.py
[2026-07-08T23:53:25.075-0500] {processor.py:840} INFO - DAG(s) 'aerotrack_travel_monitor_correo' retrieved from /opt/airflow/dags/dag_monitor_correo.py
[2026-07-08T23:53:25.106-0500] {logging_mixin.py:188} INFO - [2026-07-08T23:53:25.106-0500] {dag.py:3089} INFO - Sync 1 DAGs
[2026-07-08T23:53:25.116-0500] {logging_mixin.py:188} INFO - [2026-07-08T23:53:25.116-0500] {dag.py:3947} INFO - Setting next_dagrun for aerotrack_travel_monitor_correo to None, run_after=None
[2026-07-08T23:53:25.130-0500] {processor.py:183} INFO - Processing /opt/airflow/dags/dag_monitor_correo.py took 0.108 seconds
[2026-07-08T23:53:55.950-0500] {processor.py:161} INFO - Started process (PID=4555) to work on /opt/airflow/dags/dag_monitor_correo.py
[2026-07-08T23:53:55.952-0500] {processor.py:830} INFO - Processing file /opt/airflow/dags/dag_monitor_correo.py for tasks to queue
[2026-07-08T23:53:55.953-0500] {logging_mixin.py:188} INFO - [2026-07-08T23:53:55.953-0500] {dagbag.py:545} INFO - Filling up the DagBag from /opt/airflow/dags/dag_monitor_correo.py
[2026-07-08T23:53:55.993-0500] {processor.py:840} INFO - DAG(s) 'aerotrack_travel_monitor_correo' retrieved from /opt/airflow/dags/dag_monitor_correo.py
[2026-07-08T23:53:56.026-0500] {logging_mixin.py:188} INFO - [2026-07-08T23:53:56.026-0500] {dag.py:3089} INFO - Sync 1 DAGs
[2026-07-08T23:53:56.035-0500] {logging_mixin.py:188} INFO - [2026-07-08T23:53:56.035-0500] {dag.py:3947} INFO - Setting next_dagrun for aerotrack_travel_monitor_correo to None, run_after=None
[2026-07-08T23:53:56.048-0500] {processor.py:183} INFO - Processing /opt/airflow/dags/dag_monitor_correo.py took 0.102 seconds
[2026-07-08T23:54:26.927-0500] {processor.py:161} INFO - Started process (PID=4582) to work on /opt/airflow/dags/dag_monitor_correo.py
[2026-07-08T23:54:26.928-0500] {processor.py:830} INFO - Processing file /opt/airflow/dags/dag_monitor_correo.py for tasks to queue
[2026-07-08T23:54:26.929-0500] {logging_mixin.py:188} INFO - [2026-07-08T23:54:26.929-0500] {dagbag.py:545} INFO - Filling up the DagBag from /opt/airflow/dags/dag_monitor_correo.py
[2026-07-08T23:54:26.976-0500] {processor.py:840} INFO - DAG(s) 'aerotrack_travel_monitor_correo' retrieved from /opt/airflow/dags/dag_monitor_correo.py
[2026-07-08T23:54:27.009-0500] {logging_mixin.py:188} INFO - [2026-07-08T23:54:27.008-0500] {dag.py:3089} INFO - Sync 1 DAGs
[2026-07-08T23:54:27.019-0500] {logging_mixin.py:188} INFO - [2026-07-08T23:54:27.019-0500] {dag.py:3947} INFO - Setting next_dagrun for aerotrack_travel_monitor_correo to None, run_after=None
[2026-07-08T23:54:27.034-0500] {processor.py:183} INFO - Processing /opt/airflow/dags/dag_monitor_correo.py took 0.114 seconds
[2026-07-08T23:54:57.985-0500] {processor.py:161} INFO - Started process (PID=4609) to work on /opt/airflow/dags/dag_monitor_correo.py
[2026-07-08T23:54:57.986-0500] {processor.py:830} INFO - Processing file /opt/airflow/dags/dag_monitor_correo.py for tasks to queue
[2026-07-08T23:54:57.988-0500] {logging_mixin.py:188} INFO - [2026-07-08T23:54:57.987-0500] {dagbag.py:545} INFO - Filling up the DagBag from /opt/airflow/dags/dag_monitor_correo.py
[2026-07-08T23:54:58.019-0500] {processor.py:840} INFO - DAG(s) 'aerotrack_travel_monitor_correo' retrieved from /opt/airflow/dags/dag_monitor_correo.py
[2026-07-08T23:54:58.050-0500] {logging_mixin.py:188} INFO - [2026-07-08T23:54:58.050-0500] {dag.py:3089} INFO - Sync 1 DAGs
[2026-07-08T23:54:58.060-0500] {logging_mixin.py:188} INFO - [2026-07-08T23:54:58.060-0500] {dag.py:3947} INFO - Setting next_dagrun for aerotrack_travel_monitor_correo to None, run_after=None
[2026-07-08T23:54:58.074-0500] {processor.py:183} INFO - Processing /opt/airflow/dags/dag_monitor_correo.py took 0.094 seconds
[2026-07-08T23:55:29.004-0500] {processor.py:161} INFO - Started process (PID=4636) to work on /opt/airflow/dags/dag_monitor_correo.py
[2026-07-08T23:55:29.005-0500] {processor.py:830} INFO - Processing file /opt/airflow/dags/dag_monitor_correo.py for tasks to queue
[2026-07-08T23:55:29.007-0500] {logging_mixin.py:188} INFO - [2026-07-08T23:55:29.006-0500] {dagbag.py:545} INFO - Filling up the DagBag from /opt/airflow/dags/dag_monitor_correo.py
[2026-07-08T23:55:29.041-0500] {processor.py:840} INFO - DAG(s) 'aerotrack_travel_monitor_correo' retrieved from /opt/airflow/dags/dag_monitor_correo.py
[2026-07-08T23:55:29.072-0500] {logging_mixin.py:188} INFO - [2026-07-08T23:55:29.072-0500] {dag.py:3089} INFO - Sync 1 DAGs
[2026-07-08T23:55:29.082-0500] {logging_mixin.py:188} INFO - [2026-07-08T23:55:29.082-0500] {dag.py:3947} INFO - Setting next_dagrun for aerotrack_travel_monitor_correo to None, run_after=None
[2026-07-08T23:55:29.096-0500] {processor.py:183} INFO - Processing /opt/airflow/dags/dag_monitor_correo.py took 0.096 seconds
[2026-07-08T23:55:59.148-0500] {processor.py:161} INFO - Started process (PID=4663) to work on /opt/airflow/dags/dag_monitor_correo.py
[2026-07-08T23:55:59.148-0500] {processor.py:830} INFO - Processing file /opt/airflow/dags/dag_monitor_correo.py for tasks to queue
[2026-07-08T23:55:59.150-0500] {logging_mixin.py:188} INFO - [2026-07-08T23:55:59.150-0500] {dagbag.py:545} INFO - Filling up the DagBag from /opt/airflow/dags/dag_monitor_correo.py
[2026-07-08T23:55:59.182-0500] {processor.py:840} INFO - DAG(s) 'aerotrack_travel_monitor_correo' retrieved from /opt/airflow/dags/dag_monitor_correo.py
[2026-07-08T23:55:59.211-0500] {logging_mixin.py:188} INFO - [2026-07-08T23:55:59.211-0500] {dag.py:3089} INFO - Sync 1 DAGs
[2026-07-08T23:55:59.221-0500] {logging_mixin.py:188} INFO - [2026-07-08T23:55:59.221-0500] {dag.py:3947} INFO - Setting next_dagrun for aerotrack_travel_monitor_correo to None, run_after=None
[2026-07-08T23:55:59.238-0500] {processor.py:183} INFO - Processing /opt/airflow/dags/dag_monitor_correo.py took 0.095 seconds
[2026-07-08T23:56:29.478-0500] {processor.py:161} INFO - Started process (PID=4690) to work on /opt/airflow/dags/dag_monitor_correo.py
[2026-07-08T23:56:29.479-0500] {processor.py:830} INFO - Processing file /opt/airflow/dags/dag_monitor_correo.py for tasks to queue
[2026-07-08T23:56:29.480-0500] {logging_mixin.py:188} INFO - [2026-07-08T23:56:29.480-0500] {dagbag.py:545} INFO - Filling up the DagBag from /opt/airflow/dags/dag_monitor_correo.py
[2026-07-08T23:56:29.521-0500] {processor.py:840} INFO - DAG(s) 'aerotrack_travel_monitor_correo' retrieved from /opt/airflow/dags/dag_monitor_correo.py
[2026-07-08T23:56:29.550-0500] {logging_mixin.py:188} INFO - [2026-07-08T23:56:29.550-0500] {dag.py:3089} INFO - Sync 1 DAGs
[2026-07-08T23:56:29.560-0500] {logging_mixin.py:188} INFO - [2026-07-08T23:56:29.560-0500] {dag.py:3947} INFO - Setting next_dagrun for aerotrack_travel_monitor_correo to None, run_after=None
[2026-07-08T23:56:29.576-0500] {processor.py:183} INFO - Processing /opt/airflow/dags/dag_monitor_correo.py took 0.103 seconds
[2026-07-08T23:57:00.543-0500] {processor.py:161} INFO - Started process (PID=4717) to work on /opt/airflow/dags/dag_monitor_correo.py
[2026-07-08T23:57:00.544-0500] {processor.py:830} INFO - Processing file /opt/airflow/dags/dag_monitor_correo.py for tasks to queue
[2026-07-08T23:57:00.545-0500] {logging_mixin.py:188} INFO - [2026-07-08T23:57:00.545-0500] {dagbag.py:545} INFO - Filling up the DagBag from /opt/airflow/dags/dag_monitor_correo.py
[2026-07-08T23:57:00.574-0500] {processor.py:840} INFO - DAG(s) 'aerotrack_travel_monitor_correo' retrieved from /opt/airflow/dags/dag_monitor_correo.py
[2026-07-08T23:57:00.601-0500] {logging_mixin.py:188} INFO - [2026-07-08T23:57:00.600-0500] {dag.py:3089} INFO - Sync 1 DAGs
[2026-07-08T23:57:00.610-0500] {logging_mixin.py:188} INFO - [2026-07-08T23:57:00.609-0500] {dag.py:3947} INFO - Setting next_dagrun for aerotrack_travel_monitor_correo to None, run_after=None
[2026-07-08T23:57:00.622-0500] {processor.py:183} INFO - Processing /opt/airflow/dags/dag_monitor_correo.py took 0.086 seconds
[2026-07-08T23:57:31.564-0500] {processor.py:161} INFO - Started process (PID=4744) to work on /opt/airflow/dags/dag_monitor_correo.py
[2026-07-08T23:57:31.565-0500] {processor.py:830} INFO - Processing file /opt/airflow/dags/dag_monitor_correo.py for tasks to queue
[2026-07-08T23:57:31.567-0500] {logging_mixin.py:188} INFO - [2026-07-08T23:57:31.567-0500] {dagbag.py:545} INFO - Filling up the DagBag from /opt/airflow/dags/dag_monitor_correo.py
[2026-07-08T23:57:31.595-0500] {processor.py:840} INFO - DAG(s) 'aerotrack_travel_monitor_correo' retrieved from /opt/airflow/dags/dag_monitor_correo.py
[2026-07-08T23:57:31.622-0500] {logging_mixin.py:188} INFO - [2026-07-08T23:57:31.622-0500] {dag.py:3089} INFO - Sync 1 DAGs
[2026-07-08T23:57:31.633-0500] {logging_mixin.py:188} INFO - [2026-07-08T23:57:31.633-0500] {dag.py:3947} INFO - Setting next_dagrun for aerotrack_travel_monitor_correo to None, run_after=None
[2026-07-08T23:57:31.646-0500] {processor.py:183} INFO - Processing /opt/airflow/dags/dag_monitor_correo.py took 0.088 seconds
[2026-07-08T23:58:02.618-0500] {processor.py:161} INFO - Started process (PID=4771) to work on /opt/airflow/dags/dag_monitor_correo.py
[2026-07-08T23:58:02.619-0500] {processor.py:830} INFO - Processing file /opt/airflow/dags/dag_monitor_correo.py for tasks to queue
[2026-07-08T23:58:02.621-0500] {logging_mixin.py:188} INFO - [2026-07-08T23:58:02.620-0500] {dagbag.py:545} INFO - Filling up the DagBag from /opt/airflow/dags/dag_monitor_correo.py
[2026-07-08T23:58:02.652-0500] {processor.py:840} INFO - DAG(s) 'aerotrack_travel_monitor_correo' retrieved from /opt/airflow/dags/dag_monitor_correo.py
[2026-07-08T23:58:02.683-0500] {logging_mixin.py:188} INFO - [2026-07-08T23:58:02.682-0500] {dag.py:3089} INFO - Sync 1 DAGs
[2026-07-08T23:58:02.695-0500] {logging_mixin.py:188} INFO - [2026-07-08T23:58:02.695-0500] {dag.py:3947} INFO - Setting next_dagrun for aerotrack_travel_monitor_correo to None, run_after=None
[2026-07-08T23:58:02.711-0500] {processor.py:183} INFO - Processing /opt/airflow/dags/dag_monitor_correo.py took 0.098 seconds
[2026-07-08T23:58:33.676-0500] {processor.py:161} INFO - Started process (PID=4801) to work on /opt/airflow/dags/dag_monitor_correo.py
[2026-07-08T23:58:33.677-0500] {processor.py:830} INFO - Processing file /opt/airflow/dags/dag_monitor_correo.py for tasks to queue
[2026-07-08T23:58:33.679-0500] {logging_mixin.py:188} INFO - [2026-07-08T23:58:33.679-0500] {dagbag.py:545} INFO - Filling up the DagBag from /opt/airflow/dags/dag_monitor_correo.py
[2026-07-08T23:58:33.723-0500] {processor.py:840} INFO - DAG(s) 'aerotrack_travel_monitor_correo' retrieved from /opt/airflow/dags/dag_monitor_correo.py
[2026-07-08T23:58:33.755-0500] {logging_mixin.py:188} INFO - [2026-07-08T23:58:33.755-0500] {dag.py:3089} INFO - Sync 1 DAGs
[2026-07-08T23:58:33.765-0500] {logging_mixin.py:188} INFO - [2026-07-08T23:58:33.765-0500] {dag.py:3947} INFO - Setting next_dagrun for aerotrack_travel_monitor_correo to None, run_after=None
[2026-07-08T23:58:33.780-0500] {processor.py:183} INFO - Processing /opt/airflow/dags/dag_monitor_correo.py took 0.109 seconds
[2026-07-08T23:59:04.736-0500] {processor.py:161} INFO - Started process (PID=4828) to work on /opt/airflow/dags/dag_monitor_correo.py
[2026-07-08T23:59:04.737-0500] {processor.py:830} INFO - Processing file /opt/airflow/dags/dag_monitor_correo.py for tasks to queue
[2026-07-08T23:59:04.739-0500] {logging_mixin.py:188} INFO - [2026-07-08T23:59:04.739-0500] {dagbag.py:545} INFO - Filling up the DagBag from /opt/airflow/dags/dag_monitor_correo.py
[2026-07-08T23:59:04.781-0500] {processor.py:840} INFO - DAG(s) 'aerotrack_travel_monitor_correo' retrieved from /opt/airflow/dags/dag_monitor_correo.py
[2026-07-08T23:59:04.814-0500] {logging_mixin.py:188} INFO - [2026-07-08T23:59:04.814-0500] {dag.py:3089} INFO - Sync 1 DAGs
[2026-07-08T23:59:04.825-0500] {logging_mixin.py:188} INFO - [2026-07-08T23:59:04.824-0500] {dag.py:3947} INFO - Setting next_dagrun for aerotrack_travel_monitor_correo to None, run_after=None
[2026-07-08T23:59:04.843-0500] {processor.py:183} INFO - Processing /opt/airflow/dags/dag_monitor_correo.py took 0.113 seconds
[2026-07-08T23:59:35.354-0500] {processor.py:161} INFO - Started process (PID=4855) to work on /opt/airflow/dags/dag_monitor_correo.py
[2026-07-08T23:59:35.355-0500] {processor.py:830} INFO - Processing file /opt/airflow/dags/dag_monitor_correo.py for tasks to queue
[2026-07-08T23:59:35.357-0500] {logging_mixin.py:188} INFO - [2026-07-08T23:59:35.356-0500] {dagbag.py:545} INFO - Filling up the DagBag from /opt/airflow/dags/dag_monitor_correo.py
[2026-07-08T23:59:35.401-0500] {processor.py:840} INFO - DAG(s) 'aerotrack_travel_monitor_correo' retrieved from /opt/airflow/dags/dag_monitor_correo.py
[2026-07-08T23:59:35.434-0500] {logging_mixin.py:188} INFO - [2026-07-08T23:59:35.434-0500] {dag.py:3089} INFO - Sync 1 DAGs
[2026-07-08T23:59:35.446-0500] {logging_mixin.py:188} INFO - [2026-07-08T23:59:35.445-0500] {dag.py:3947} INFO - Setting next_dagrun for aerotrack_travel_monitor_correo to None, run_after=None
[2026-07-08T23:59:35.463-0500] {processor.py:183} INFO - Processing /opt/airflow/dags/dag_monitor_correo.py took 0.115 seconds
[2026-07-09T00:00:05.527-0500] {processor.py:161} INFO - Started process (PID=4882) to work on /opt/airflow/dags/dag_monitor_correo.py
[2026-07-09T00:00:05.528-0500] {processor.py:830} INFO - Processing file /opt/airflow/dags/dag_monitor_correo.py for tasks to queue
[2026-07-09T00:00:05.530-0500] {logging_mixin.py:188} INFO - [2026-07-09T00:00:05.530-0500] {dagbag.py:545} INFO - Filling up the DagBag from /opt/airflow/dags/dag_monitor_correo.py
[2026-07-09T00:00:05.573-0500] {processor.py:840} INFO - DAG(s) 'aerotrack_travel_monitor_correo' retrieved from /opt/airflow/dags/dag_monitor_correo.py
[2026-07-09T00:00:05.612-0500] {logging_mixin.py:188} INFO - [2026-07-09T00:00:05.612-0500] {dag.py:3089} INFO - Sync 1 DAGs
[2026-07-09T00:00:05.625-0500] {logging_mixin.py:188} INFO - [2026-07-09T00:00:05.624-0500] {dag.py:3947} INFO - Setting next_dagrun for aerotrack_travel_monitor_correo to None, run_after=None
[2026-07-09T00:00:05.644-0500] {processor.py:183} INFO - Processing /opt/airflow/dags/dag_monitor_correo.py took 0.122 seconds
[2026-07-09T00:00:35.722-0500] {processor.py:161} INFO - Started process (PID=4909) to work on /opt/airflow/dags/dag_monitor_correo.py
[2026-07-09T00:00:35.723-0500] {processor.py:830} INFO - Processing file /opt/airflow/dags/dag_monitor_correo.py for tasks to queue
[2026-07-09T00:00:35.725-0500] {logging_mixin.py:188} INFO - [2026-07-09T00:00:35.724-0500] {dagbag.py:545} INFO - Filling up the DagBag from /opt/airflow/dags/dag_monitor_correo.py
[2026-07-09T00:00:35.766-0500] {processor.py:840} INFO - DAG(s) 'aerotrack_travel_monitor_correo' retrieved from /opt/airflow/dags/dag_monitor_correo.py
[2026-07-09T00:00:35.796-0500] {logging_mixin.py:188} INFO - [2026-07-09T00:00:35.796-0500] {dag.py:3089} INFO - Sync 1 DAGs
[2026-07-09T00:00:35.807-0500] {logging_mixin.py:188} INFO - [2026-07-09T00:00:35.807-0500] {dag.py:3947} INFO - Setting next_dagrun for aerotrack_travel_monitor_correo to None, run_after=None
[2026-07-09T00:00:35.823-0500] {processor.py:183} INFO - Processing /opt/airflow/dags/dag_monitor_correo.py took 0.106 seconds
[2026-07-09T00:01:06.670-0500] {processor.py:161} INFO - Started process (PID=4936) to work on /opt/airflow/dags/dag_monitor_correo.py
[2026-07-09T00:01:06.671-0500] {processor.py:830} INFO - Processing file /opt/airflow/dags/dag_monitor_correo.py for tasks to queue
[2026-07-09T00:01:06.672-0500] {logging_mixin.py:188} INFO - [2026-07-09T00:01:06.672-0500] {dagbag.py:545} INFO - Filling up the DagBag from /opt/airflow/dags/dag_monitor_correo.py
[2026-07-09T00:01:06.710-0500] {processor.py:840} INFO - DAG(s) 'aerotrack_travel_monitor_correo' retrieved from /opt/airflow/dags/dag_monitor_correo.py
[2026-07-09T00:01:06.748-0500] {logging_mixin.py:188} INFO - [2026-07-09T00:01:06.747-0500] {dag.py:3089} INFO - Sync 1 DAGs
[2026-07-09T00:01:06.757-0500] {logging_mixin.py:188} INFO - [2026-07-09T00:01:06.757-0500] {dag.py:3947} INFO - Setting next_dagrun for aerotrack_travel_monitor_correo to None, run_after=None
[2026-07-09T00:01:06.784-0500] {processor.py:183} INFO - Processing /opt/airflow/dags/dag_monitor_correo.py took 0.119 seconds
[2026-07-09T00:01:36.883-0500] {processor.py:161} INFO - Started process (PID=4963) to work on /opt/airflow/dags/dag_monitor_correo.py
[2026-07-09T00:01:36.883-0500] {processor.py:830} INFO - Processing file /opt/airflow/dags/dag_monitor_correo.py for tasks to queue
[2026-07-09T00:01:36.885-0500] {logging_mixin.py:188} INFO - [2026-07-09T00:01:36.885-0500] {dagbag.py:545} INFO - Filling up the DagBag from /opt/airflow/dags/dag_monitor_correo.py
[2026-07-09T00:01:36.914-0500] {processor.py:840} INFO - DAG(s) 'aerotrack_travel_monitor_correo' retrieved from /opt/airflow/dags/dag_monitor_correo.py
[2026-07-09T00:01:36.944-0500] {logging_mixin.py:188} INFO - [2026-07-09T00:01:36.944-0500] {dag.py:3089} INFO - Sync 1 DAGs
[2026-07-09T00:01:36.954-0500] {logging_mixin.py:188} INFO - [2026-07-09T00:01:36.954-0500] {dag.py:3947} INFO - Setting next_dagrun for aerotrack_travel_monitor_correo to None, run_after=None
[2026-07-09T00:01:36.971-0500] {processor.py:183} INFO - Processing /opt/airflow/dags/dag_monitor_correo.py took 0.093 seconds
[2026-07-09T00:02:07.801-0500] {processor.py:161} INFO - Started process (PID=4990) to work on /opt/airflow/dags/dag_monitor_correo.py
[2026-07-09T00:02:07.801-0500] {processor.py:830} INFO - Processing file /opt/airflow/dags/dag_monitor_correo.py for tasks to queue
[2026-07-09T00:02:07.803-0500] {logging_mixin.py:188} INFO - [2026-07-09T00:02:07.803-0500] {dagbag.py:545} INFO - Filling up the DagBag from /opt/airflow/dags/dag_monitor_correo.py
[2026-07-09T00:02:07.831-0500] {processor.py:840} INFO - DAG(s) 'aerotrack_travel_monitor_correo' retrieved from /opt/airflow/dags/dag_monitor_correo.py
[2026-07-09T00:02:07.857-0500] {logging_mixin.py:188} INFO - [2026-07-09T00:02:07.857-0500] {dag.py:3089} INFO - Sync 1 DAGs
[2026-07-09T00:02:07.866-0500] {logging_mixin.py:188} INFO - [2026-07-09T00:02:07.866-0500] {dag.py:3947} INFO - Setting next_dagrun for aerotrack_travel_monitor_correo to None, run_after=None
[2026-07-09T00:02:07.881-0500] {processor.py:183} INFO - Processing /opt/airflow/dags/dag_monitor_correo.py took 0.085 seconds
[2026-07-09T00:02:38.045-0500] {processor.py:161} INFO - Started process (PID=5017) to work on /opt/airflow/dags/dag_monitor_correo.py
[2026-07-09T00:02:38.046-0500] {processor.py:830} INFO - Processing file /opt/airflow/dags/dag_monitor_correo.py for tasks to queue
[2026-07-09T00:02:38.048-0500] {logging_mixin.py:188} INFO - [2026-07-09T00:02:38.047-0500] {dagbag.py:545} INFO - Filling up the DagBag from /opt/airflow/dags/dag_monitor_correo.py
[2026-07-09T00:02:38.091-0500] {processor.py:840} INFO - DAG(s) 'aerotrack_travel_monitor_correo' retrieved from /opt/airflow/dags/dag_monitor_correo.py
[2026-07-09T00:02:38.129-0500] {logging_mixin.py:188} INFO - [2026-07-09T00:02:38.129-0500] {dag.py:3089} INFO - Sync 1 DAGs
[2026-07-09T00:02:38.141-0500] {logging_mixin.py:188} INFO - [2026-07-09T00:02:38.141-0500] {dag.py:3947} INFO - Setting next_dagrun for aerotrack_travel_monitor_correo to None, run_after=None
[2026-07-09T00:02:38.163-0500] {processor.py:183} INFO - Processing /opt/airflow/dags/dag_monitor_correo.py took 0.124 seconds
[2026-07-09T00:03:08.484-0500] {processor.py:161} INFO - Started process (PID=5027) to work on /opt/airflow/dags/dag_monitor_correo.py
[2026-07-09T00:03:08.485-0500] {processor.py:830} INFO - Processing file /opt/airflow/dags/dag_monitor_correo.py for tasks to queue
[2026-07-09T00:03:08.488-0500] {logging_mixin.py:188} INFO - [2026-07-09T00:03:08.488-0500] {dagbag.py:545} INFO - Filling up the DagBag from /opt/airflow/dags/dag_monitor_correo.py
[2026-07-09T00:03:08.534-0500] {processor.py:840} INFO - DAG(s) 'aerotrack_travel_monitor_correo' retrieved from /opt/airflow/dags/dag_monitor_correo.py
[2026-07-09T00:03:08.570-0500] {logging_mixin.py:188} INFO - [2026-07-09T00:03:08.570-0500] {dag.py:3089} INFO - Sync 1 DAGs
[2026-07-09T00:03:08.581-0500] {logging_mixin.py:188} INFO - [2026-07-09T00:03:08.581-0500] {dag.py:3947} INFO - Setting next_dagrun for aerotrack_travel_monitor_correo to None, run_after=None
[2026-07-09T00:03:08.601-0500] {processor.py:183} INFO - Processing /opt/airflow/dags/dag_monitor_correo.py took 0.121 seconds
[2026-07-09T00:03:39.191-0500] {processor.py:161} INFO - Started process (PID=5054) to work on /opt/airflow/dags/dag_monitor_correo.py
[2026-07-09T00:03:39.193-0500] {processor.py:830} INFO - Processing file /opt/airflow/dags/dag_monitor_correo.py for tasks to queue
[2026-07-09T00:03:39.197-0500] {logging_mixin.py:188} INFO - [2026-07-09T00:03:39.196-0500] {dagbag.py:545} INFO - Filling up the DagBag from /opt/airflow/dags/dag_monitor_correo.py
[2026-07-09T00:03:39.257-0500] {processor.py:840} INFO - DAG(s) 'aerotrack_travel_monitor_correo' retrieved from /opt/airflow/dags/dag_monitor_correo.py
[2026-07-09T00:03:39.300-0500] {logging_mixin.py:188} INFO - [2026-07-09T00:03:39.299-0500] {dag.py:3089} INFO - Sync 1 DAGs
[2026-07-09T00:03:39.315-0500] {logging_mixin.py:188} INFO - [2026-07-09T00:03:39.314-0500] {dag.py:3947} INFO - Setting next_dagrun for aerotrack_travel_monitor_correo to None, run_after=None
[2026-07-09T00:03:39.334-0500] {processor.py:183} INFO - Processing /opt/airflow/dags/dag_monitor_correo.py took 0.154 seconds
[2026-07-09T00:04:10.040-0500] {processor.py:161} INFO - Started process (PID=5081) to work on /opt/airflow/dags/dag_monitor_correo.py
[2026-07-09T00:04:10.041-0500] {processor.py:830} INFO - Processing file /opt/airflow/dags/dag_monitor_correo.py for tasks to queue
[2026-07-09T00:04:10.043-0500] {logging_mixin.py:188} INFO - [2026-07-09T00:04:10.042-0500] {dagbag.py:545} INFO - Filling up the DagBag from /opt/airflow/dags/dag_monitor_correo.py
[2026-07-09T00:04:10.066-0500] {processor.py:840} INFO - DAG(s) 'aerotrack_travel_monitor_correo' retrieved from /opt/airflow/dags/dag_monitor_correo.py
[2026-07-09T00:04:10.094-0500] {logging_mixin.py:188} INFO - [2026-07-09T00:04:10.093-0500] {dag.py:3089} INFO - Sync 1 DAGs
[2026-07-09T00:04:10.104-0500] {logging_mixin.py:188} INFO - [2026-07-09T00:04:10.104-0500] {dag.py:3947} INFO - Setting next_dagrun for aerotrack_travel_monitor_correo to None, run_after=None
[2026-07-09T00:04:10.121-0500] {processor.py:183} INFO - Processing /opt/airflow/dags/dag_monitor_correo.py took 0.085 seconds
[2026-07-09T00:04:40.578-0500] {processor.py:161} INFO - Started process (PID=5108) to work on /opt/airflow/dags/dag_monitor_correo.py
[2026-07-09T00:04:40.579-0500] {processor.py:830} INFO - Processing file /opt/airflow/dags/dag_monitor_correo.py for tasks to queue
[2026-07-09T00:04:40.580-0500] {logging_mixin.py:188} INFO - [2026-07-09T00:04:40.580-0500] {dagbag.py:545} INFO - Filling up the DagBag from /opt/airflow/dags/dag_monitor_correo.py
[2026-07-09T00:04:40.618-0500] {processor.py:840} INFO - DAG(s) 'aerotrack_travel_monitor_correo' retrieved from /opt/airflow/dags/dag_monitor_correo.py
[2026-07-09T00:04:40.652-0500] {logging_mixin.py:188} INFO - [2026-07-09T00:04:40.652-0500] {dag.py:3089} INFO - Sync 1 DAGs
[2026-07-09T00:04:40.664-0500] {logging_mixin.py:188} INFO - [2026-07-09T00:04:40.664-0500] {dag.py:3947} INFO - Setting next_dagrun for aerotrack_travel_monitor_correo to None, run_after=None
[2026-07-09T00:04:40.713-0500] {processor.py:183} INFO - Processing /opt/airflow/dags/dag_monitor_correo.py took 0.141 seconds
[2026-07-09T00:05:11.215-0500] {processor.py:161} INFO - Started process (PID=5135) to work on /opt/airflow/dags/dag_monitor_correo.py
[2026-07-09T00:05:11.216-0500] {processor.py:830} INFO - Processing file /opt/airflow/dags/dag_monitor_correo.py for tasks to queue
[2026-07-09T00:05:11.217-0500] {logging_mixin.py:188} INFO - [2026-07-09T00:05:11.217-0500] {dagbag.py:545} INFO - Filling up the DagBag from /opt/airflow/dags/dag_monitor_correo.py
[2026-07-09T00:05:11.255-0500] {processor.py:840} INFO - DAG(s) 'aerotrack_travel_monitor_correo' retrieved from /opt/airflow/dags/dag_monitor_correo.py
[2026-07-09T00:05:11.286-0500] {logging_mixin.py:188} INFO - [2026-07-09T00:05:11.286-0500] {dag.py:3089} INFO - Sync 1 DAGs
[2026-07-09T00:05:11.297-0500] {logging_mixin.py:188} INFO - [2026-07-09T00:05:11.296-0500] {dag.py:3947} INFO - Setting next_dagrun for aerotrack_travel_monitor_correo to None, run_after=None
[2026-07-09T00:05:11.313-0500] {processor.py:183} INFO - Processing /opt/airflow/dags/dag_monitor_correo.py took 0.103 seconds
[2026-07-09T00:05:41.771-0500] {processor.py:161} INFO - Started process (PID=5162) to work on /opt/airflow/dags/dag_monitor_correo.py
[2026-07-09T00:05:41.772-0500] {processor.py:830} INFO - Processing file /opt/airflow/dags/dag_monitor_correo.py for tasks to queue
[2026-07-09T00:05:41.773-0500] {logging_mixin.py:188} INFO - [2026-07-09T00:05:41.773-0500] {dagbag.py:545} INFO - Filling up the DagBag from /opt/airflow/dags/dag_monitor_correo.py
[2026-07-09T00:05:41.811-0500] {processor.py:840} INFO - DAG(s) 'aerotrack_travel_monitor_correo' retrieved from /opt/airflow/dags/dag_monitor_correo.py
[2026-07-09T00:05:41.840-0500] {logging_mixin.py:188} INFO - [2026-07-09T00:05:41.839-0500] {dag.py:3089} INFO - Sync 1 DAGs
[2026-07-09T00:05:41.851-0500] {logging_mixin.py:188} INFO - [2026-07-09T00:05:41.851-0500] {dag.py:3947} INFO - Setting next_dagrun for aerotrack_travel_monitor_correo to None, run_after=None
[2026-07-09T00:05:41.873-0500] {processor.py:183} INFO - Processing /opt/airflow/dags/dag_monitor_correo.py took 0.107 seconds
[2026-07-09T00:06:12.755-0500] {processor.py:161} INFO - Started process (PID=5189) to work on /opt/airflow/dags/dag_monitor_correo.py
[2026-07-09T00:06:12.756-0500] {processor.py:830} INFO - Processing file /opt/airflow/dags/dag_monitor_correo.py for tasks to queue
[2026-07-09T00:06:12.758-0500] {logging_mixin.py:188} INFO - [2026-07-09T00:06:12.758-0500] {dagbag.py:545} INFO - Filling up the DagBag from /opt/airflow/dags/dag_monitor_correo.py
[2026-07-09T00:06:12.803-0500] {processor.py:840} INFO - DAG(s) 'aerotrack_travel_monitor_correo' retrieved from /opt/airflow/dags/dag_monitor_correo.py
[2026-07-09T00:06:12.842-0500] {logging_mixin.py:188} INFO - [2026-07-09T00:06:12.842-0500] {dag.py:3089} INFO - Sync 1 DAGs
[2026-07-09T00:06:12.857-0500] {logging_mixin.py:188} INFO - [2026-07-09T00:06:12.857-0500] {dag.py:3947} INFO - Setting next_dagrun for aerotrack_travel_monitor_correo to None, run_after=None
[2026-07-09T00:06:12.883-0500] {processor.py:183} INFO - Processing /opt/airflow/dags/dag_monitor_correo.py took 0.133 seconds
[2026-07-09T00:06:43.267-0500] {processor.py:161} INFO - Started process (PID=5216) to work on /opt/airflow/dags/dag_monitor_correo.py
[2026-07-09T00:06:43.268-0500] {processor.py:830} INFO - Processing file /opt/airflow/dags/dag_monitor_correo.py for tasks to queue
[2026-07-09T00:06:43.269-0500] {logging_mixin.py:188} INFO - [2026-07-09T00:06:43.269-0500] {dagbag.py:545} INFO - Filling up the DagBag from /opt/airflow/dags/dag_monitor_correo.py
[2026-07-09T00:06:43.307-0500] {processor.py:840} INFO - DAG(s) 'aerotrack_travel_monitor_correo' retrieved from /opt/airflow/dags/dag_monitor_correo.py
[2026-07-09T00:06:43.335-0500] {logging_mixin.py:188} INFO - [2026-07-09T00:06:43.335-0500] {dag.py:3089} INFO - Sync 1 DAGs
[2026-07-09T00:06:43.346-0500] {logging_mixin.py:188} INFO - [2026-07-09T00:06:43.346-0500] {dag.py:3947} INFO - Setting next_dagrun for aerotrack_travel_monitor_correo to None, run_after=None
[2026-07-09T00:06:43.362-0500] {processor.py:183} INFO - Processing /opt/airflow/dags/dag_monitor_correo.py took 0.100 seconds
[2026-07-09T00:07:13.689-0500] {processor.py:161} INFO - Started process (PID=5243) to work on /opt/airflow/dags/dag_monitor_correo.py
[2026-07-09T00:07:13.690-0500] {processor.py:830} INFO - Processing file /opt/airflow/dags/dag_monitor_correo.py for tasks to queue
[2026-07-09T00:07:13.691-0500] {logging_mixin.py:188} INFO - [2026-07-09T00:07:13.691-0500] {dagbag.py:545} INFO - Filling up the DagBag from /opt/airflow/dags/dag_monitor_correo.py
[2026-07-09T00:07:13.718-0500] {processor.py:840} INFO - DAG(s) 'aerotrack_travel_monitor_correo' retrieved from /opt/airflow/dags/dag_monitor_correo.py
[2026-07-09T00:07:13.747-0500] {logging_mixin.py:188} INFO - [2026-07-09T00:07:13.747-0500] {dag.py:3089} INFO - Sync 1 DAGs
[2026-07-09T00:07:13.757-0500] {logging_mixin.py:188} INFO - [2026-07-09T00:07:13.757-0500] {dag.py:3947} INFO - Setting next_dagrun for aerotrack_travel_monitor_correo to None, run_after=None
[2026-07-09T00:07:13.776-0500] {processor.py:183} INFO - Processing /opt/airflow/dags/dag_monitor_correo.py took 0.092 seconds
[2026-07-09T00:07:44.090-0500] {processor.py:161} INFO - Started process (PID=5270) to work on /opt/airflow/dags/dag_monitor_correo.py
[2026-07-09T00:07:44.091-0500] {processor.py:830} INFO - Processing file /opt/airflow/dags/dag_monitor_correo.py for tasks to queue
[2026-07-09T00:07:44.093-0500] {logging_mixin.py:188} INFO - [2026-07-09T00:07:44.092-0500] {dagbag.py:545} INFO - Filling up the DagBag from /opt/airflow/dags/dag_monitor_correo.py
[2026-07-09T00:07:44.119-0500] {processor.py:840} INFO - DAG(s) 'aerotrack_travel_monitor_correo' retrieved from /opt/airflow/dags/dag_monitor_correo.py
[2026-07-09T00:07:44.147-0500] {logging_mixin.py:188} INFO - [2026-07-09T00:07:44.146-0500] {dag.py:3089} INFO - Sync 1 DAGs
[2026-07-09T00:07:44.156-0500] {logging_mixin.py:188} INFO - [2026-07-09T00:07:44.156-0500] {dag.py:3947} INFO - Setting next_dagrun for aerotrack_travel_monitor_correo to None, run_after=None
[2026-07-09T00:07:44.176-0500] {processor.py:183} INFO - Processing /opt/airflow/dags/dag_monitor_correo.py took 0.090 seconds
[2026-07-09T00:08:14.517-0500] {processor.py:161} INFO - Started process (PID=5297) to work on /opt/airflow/dags/dag_monitor_correo.py
[2026-07-09T00:08:14.518-0500] {processor.py:830} INFO - Processing file /opt/airflow/dags/dag_monitor_correo.py for tasks to queue
[2026-07-09T00:08:14.519-0500] {logging_mixin.py:188} INFO - [2026-07-09T00:08:14.519-0500] {dagbag.py:545} INFO - Filling up the DagBag from /opt/airflow/dags/dag_monitor_correo.py
[2026-07-09T00:08:14.546-0500] {processor.py:840} INFO - DAG(s) 'aerotrack_travel_monitor_correo' retrieved from /opt/airflow/dags/dag_monitor_correo.py
[2026-07-09T00:08:14.576-0500] {logging_mixin.py:188} INFO - [2026-07-09T00:08:14.576-0500] {dag.py:3089} INFO - Sync 1 DAGs
[2026-07-09T00:08:14.587-0500] {logging_mixin.py:188} INFO - [2026-07-09T00:08:14.587-0500] {dag.py:3947} INFO - Setting next_dagrun for aerotrack_travel_monitor_correo to None, run_after=None
[2026-07-09T00:08:14.601-0500] {processor.py:183} INFO - Processing /opt/airflow/dags/dag_monitor_correo.py took 0.088 seconds
[2026-07-09T00:08:45.486-0500] {processor.py:161} INFO - Started process (PID=5324) to work on /opt/airflow/dags/dag_monitor_correo.py
[2026-07-09T00:08:45.487-0500] {processor.py:830} INFO - Processing file /opt/airflow/dags/dag_monitor_correo.py for tasks to queue
[2026-07-09T00:08:45.489-0500] {logging_mixin.py:188} INFO - [2026-07-09T00:08:45.488-0500] {dagbag.py:545} INFO - Filling up the DagBag from /opt/airflow/dags/dag_monitor_correo.py
[2026-07-09T00:08:45.526-0500] {processor.py:840} INFO - DAG(s) 'aerotrack_travel_monitor_correo' retrieved from /opt/airflow/dags/dag_monitor_correo.py
[2026-07-09T00:08:45.573-0500] {logging_mixin.py:188} INFO - [2026-07-09T00:08:45.573-0500] {dag.py:3089} INFO - Sync 1 DAGs
[2026-07-09T00:08:45.593-0500] {logging_mixin.py:188} INFO - [2026-07-09T00:08:45.592-0500] {dag.py:3947} INFO - Setting next_dagrun for aerotrack_travel_monitor_correo to None, run_after=None
[2026-07-09T00:08:45.618-0500] {processor.py:183} INFO - Processing /opt/airflow/dags/dag_monitor_correo.py took 0.136 seconds
[2026-07-09T00:09:16.629-0500] {processor.py:161} INFO - Started process (PID=5351) to work on /opt/airflow/dags/dag_monitor_correo.py
[2026-07-09T00:09:16.630-0500] {processor.py:830} INFO - Processing file /opt/airflow/dags/dag_monitor_correo.py for tasks to queue
[2026-07-09T00:09:16.631-0500] {logging_mixin.py:188} INFO - [2026-07-09T00:09:16.631-0500] {dagbag.py:545} INFO - Filling up the DagBag from /opt/airflow/dags/dag_monitor_correo.py
[2026-07-09T00:09:16.668-0500] {processor.py:840} INFO - DAG(s) 'aerotrack_travel_monitor_correo' retrieved from /opt/airflow/dags/dag_monitor_correo.py
[2026-07-09T00:09:16.699-0500] {logging_mixin.py:188} INFO - [2026-07-09T00:09:16.699-0500] {dag.py:3089} INFO - Sync 1 DAGs
[2026-07-09T00:09:16.708-0500] {logging_mixin.py:188} INFO - [2026-07-09T00:09:16.708-0500] {dag.py:3947} INFO - Setting next_dagrun for aerotrack_travel_monitor_correo to None, run_after=None
[2026-07-09T00:09:16.729-0500] {processor.py:183} INFO - Processing /opt/airflow/dags/dag_monitor_correo.py took 0.104 seconds
[2026-07-09T00:09:47.089-0500] {processor.py:161} INFO - Started process (PID=5378) to work on /opt/airflow/dags/dag_monitor_correo.py
[2026-07-09T00:09:47.090-0500] {processor.py:830} INFO - Processing file /opt/airflow/dags/dag_monitor_correo.py for tasks to queue
[2026-07-09T00:09:47.092-0500] {logging_mixin.py:188} INFO - [2026-07-09T00:09:47.091-0500] {dagbag.py:545} INFO - Filling up the DagBag from /opt/airflow/dags/dag_monitor_correo.py
[2026-07-09T00:09:47.139-0500] {processor.py:840} INFO - DAG(s) 'aerotrack_travel_monitor_correo' retrieved from /opt/airflow/dags/dag_monitor_correo.py
[2026-07-09T00:09:47.173-0500] {logging_mixin.py:188} INFO - [2026-07-09T00:09:47.173-0500] {dag.py:3089} INFO - Sync 1 DAGs
[2026-07-09T00:09:47.183-0500] {logging_mixin.py:188} INFO - [2026-07-09T00:09:47.183-0500] {dag.py:3947} INFO - Setting next_dagrun for aerotrack_travel_monitor_correo to None, run_after=None
[2026-07-09T00:09:47.199-0500] {processor.py:183} INFO - Processing /opt/airflow/dags/dag_monitor_correo.py took 0.114 seconds
[2026-07-09T00:10:17.523-0500] {processor.py:161} INFO - Started process (PID=5405) to work on /opt/airflow/dags/dag_monitor_correo.py
[2026-07-09T00:10:17.524-0500] {processor.py:830} INFO - Processing file /opt/airflow/dags/dag_monitor_correo.py for tasks to queue
[2026-07-09T00:10:17.526-0500] {logging_mixin.py:188} INFO - [2026-07-09T00:10:17.525-0500] {dagbag.py:545} INFO - Filling up the DagBag from /opt/airflow/dags/dag_monitor_correo.py
[2026-07-09T00:10:17.561-0500] {processor.py:840} INFO - DAG(s) 'aerotrack_travel_monitor_correo' retrieved from /opt/airflow/dags/dag_monitor_correo.py
[2026-07-09T00:10:17.591-0500] {logging_mixin.py:188} INFO - [2026-07-09T00:10:17.591-0500] {dag.py:3089} INFO - Sync 1 DAGs
[2026-07-09T00:10:17.602-0500] {logging_mixin.py:188} INFO - [2026-07-09T00:10:17.601-0500] {dag.py:3947} INFO - Setting next_dagrun for aerotrack_travel_monitor_correo to None, run_after=None
[2026-07-09T00:10:17.617-0500] {processor.py:183} INFO - Processing /opt/airflow/dags/dag_monitor_correo.py took 0.099 seconds
[2026-07-09T00:10:47.679-0500] {processor.py:161} INFO - Started process (PID=5432) to work on /opt/airflow/dags/dag_monitor_correo.py
[2026-07-09T00:10:47.680-0500] {processor.py:830} INFO - Processing file /opt/airflow/dags/dag_monitor_correo.py for tasks to queue
[2026-07-09T00:10:47.682-0500] {logging_mixin.py:188} INFO - [2026-07-09T00:10:47.681-0500] {dagbag.py:545} INFO - Filling up the DagBag from /opt/airflow/dags/dag_monitor_correo.py
[2026-07-09T00:10:47.715-0500] {processor.py:840} INFO - DAG(s) 'aerotrack_travel_monitor_correo' retrieved from /opt/airflow/dags/dag_monitor_correo.py
[2026-07-09T00:10:47.755-0500] {logging_mixin.py:188} INFO - [2026-07-09T00:10:47.755-0500] {dag.py:3089} INFO - Sync 1 DAGs
[2026-07-09T00:10:47.768-0500] {logging_mixin.py:188} INFO - [2026-07-09T00:10:47.768-0500] {dag.py:3947} INFO - Setting next_dagrun for aerotrack_travel_monitor_correo to None, run_after=None
[2026-07-09T00:10:47.785-0500] {processor.py:183} INFO - Processing /opt/airflow/dags/dag_monitor_correo.py took 0.111 seconds
[2026-07-09T00:11:18.005-0500] {processor.py:161} INFO - Started process (PID=5461) to work on /opt/airflow/dags/dag_monitor_correo.py
[2026-07-09T00:11:18.006-0500] {processor.py:830} INFO - Processing file /opt/airflow/dags/dag_monitor_correo.py for tasks to queue
[2026-07-09T00:11:18.008-0500] {logging_mixin.py:188} INFO - [2026-07-09T00:11:18.007-0500] {dagbag.py:545} INFO - Filling up the DagBag from /opt/airflow/dags/dag_monitor_correo.py
[2026-07-09T00:11:18.048-0500] {processor.py:840} INFO - DAG(s) 'aerotrack_travel_monitor_correo' retrieved from /opt/airflow/dags/dag_monitor_correo.py
[2026-07-09T00:11:18.082-0500] {logging_mixin.py:188} INFO - [2026-07-09T00:11:18.082-0500] {dag.py:3089} INFO - Sync 1 DAGs
[2026-07-09T00:11:18.092-0500] {logging_mixin.py:188} INFO - [2026-07-09T00:11:18.092-0500] {dag.py:3947} INFO - Setting next_dagrun for aerotrack_travel_monitor_correo to None, run_after=None
[2026-07-09T00:11:18.108-0500] {processor.py:183} INFO - Processing /opt/airflow/dags/dag_monitor_correo.py took 0.108 seconds
[2026-07-09T00:11:48.221-0500] {processor.py:161} INFO - Started process (PID=5512) to work on /opt/airflow/dags/dag_monitor_correo.py
[2026-07-09T00:11:48.222-0500] {processor.py:830} INFO - Processing file /opt/airflow/dags/dag_monitor_correo.py for tasks to queue
[2026-07-09T00:11:48.224-0500] {logging_mixin.py:188} INFO - [2026-07-09T00:11:48.223-0500] {dagbag.py:545} INFO - Filling up the DagBag from /opt/airflow/dags/dag_monitor_correo.py
[2026-07-09T00:11:48.253-0500] {processor.py:840} INFO - DAG(s) 'aerotrack_travel_monitor_correo' retrieved from /opt/airflow/dags/dag_monitor_correo.py
[2026-07-09T00:11:48.283-0500] {logging_mixin.py:188} INFO - [2026-07-09T00:11:48.283-0500] {dag.py:3089} INFO - Sync 1 DAGs
[2026-07-09T00:11:48.293-0500] {logging_mixin.py:188} INFO - [2026-07-09T00:11:48.293-0500] {dag.py:3947} INFO - Setting next_dagrun for aerotrack_travel_monitor_correo to None, run_after=None
[2026-07-09T00:11:48.309-0500] {processor.py:183} INFO - Processing /opt/airflow/dags/dag_monitor_correo.py took 0.093 seconds
[2026-07-09T00:12:18.638-0500] {processor.py:161} INFO - Started process (PID=5539) to work on /opt/airflow/dags/dag_monitor_correo.py
[2026-07-09T00:12:18.639-0500] {processor.py:830} INFO - Processing file /opt/airflow/dags/dag_monitor_correo.py for tasks to queue
[2026-07-09T00:12:18.642-0500] {logging_mixin.py:188} INFO - [2026-07-09T00:12:18.641-0500] {dagbag.py:545} INFO - Filling up the DagBag from /opt/airflow/dags/dag_monitor_correo.py
[2026-07-09T00:12:18.681-0500] {processor.py:840} INFO - DAG(s) 'aerotrack_travel_monitor_correo' retrieved from /opt/airflow/dags/dag_monitor_correo.py
[2026-07-09T00:12:18.710-0500] {logging_mixin.py:188} INFO - [2026-07-09T00:12:18.710-0500] {dag.py:3089} INFO - Sync 1 DAGs
[2026-07-09T00:12:18.720-0500] {logging_mixin.py:188} INFO - [2026-07-09T00:12:18.720-0500] {dag.py:3947} INFO - Setting next_dagrun for aerotrack_travel_monitor_correo to None, run_after=None
[2026-07-09T00:12:18.735-0500] {processor.py:183} INFO - Processing /opt/airflow/dags/dag_monitor_correo.py took 0.101 seconds
[2026-07-09T00:12:49.068-0500] {processor.py:161} INFO - Started process (PID=5566) to work on /opt/airflow/dags/dag_monitor_correo.py
[2026-07-09T00:12:49.069-0500] {processor.py:830} INFO - Processing file /opt/airflow/dags/dag_monitor_correo.py for tasks to queue
[2026-07-09T00:12:49.071-0500] {logging_mixin.py:188} INFO - [2026-07-09T00:12:49.071-0500] {dagbag.py:545} INFO - Filling up the DagBag from /opt/airflow/dags/dag_monitor_correo.py
[2026-07-09T00:12:49.115-0500] {processor.py:840} INFO - DAG(s) 'aerotrack_travel_monitor_correo' retrieved from /opt/airflow/dags/dag_monitor_correo.py
[2026-07-09T00:12:49.143-0500] {logging_mixin.py:188} INFO - [2026-07-09T00:12:49.143-0500] {dag.py:3089} INFO - Sync 1 DAGs
[2026-07-09T00:12:49.152-0500] {logging_mixin.py:188} INFO - [2026-07-09T00:12:49.152-0500] {dag.py:3947} INFO - Setting next_dagrun for aerotrack_travel_monitor_correo to None, run_after=None
[2026-07-09T00:12:49.167-0500] {processor.py:183} INFO - Processing /opt/airflow/dags/dag_monitor_correo.py took 0.103 seconds
[2026-07-09T00:13:19.497-0500] {processor.py:161} INFO - Started process (PID=5593) to work on /opt/airflow/dags/dag_monitor_correo.py
[2026-07-09T00:13:19.498-0500] {processor.py:830} INFO - Processing file /opt/airflow/dags/dag_monitor_correo.py for tasks to queue
[2026-07-09T00:13:19.500-0500] {logging_mixin.py:188} INFO - [2026-07-09T00:13:19.499-0500] {dagbag.py:545} INFO - Filling up the DagBag from /opt/airflow/dags/dag_monitor_correo.py
[2026-07-09T00:13:19.554-0500] {processor.py:840} INFO - DAG(s) 'aerotrack_travel_monitor_correo' retrieved from /opt/airflow/dags/dag_monitor_correo.py
[2026-07-09T00:13:19.587-0500] {logging_mixin.py:188} INFO - [2026-07-09T00:13:19.586-0500] {dag.py:3089} INFO - Sync 1 DAGs
[2026-07-09T00:13:19.597-0500] {logging_mixin.py:188} INFO - [2026-07-09T00:13:19.597-0500] {dag.py:3947} INFO - Setting next_dagrun for aerotrack_travel_monitor_correo to None, run_after=None
[2026-07-09T00:13:19.613-0500] {processor.py:183} INFO - Processing /opt/airflow/dags/dag_monitor_correo.py took 0.122 seconds
[2026-07-09T00:13:49.650-0500] {processor.py:161} INFO - Started process (PID=5625) to work on /opt/airflow/dags/dag_monitor_correo.py
[2026-07-09T00:13:49.651-0500] {processor.py:830} INFO - Processing file /opt/airflow/dags/dag_monitor_correo.py for tasks to queue
[2026-07-09T00:13:49.652-0500] {logging_mixin.py:188} INFO - [2026-07-09T00:13:49.652-0500] {dagbag.py:545} INFO - Filling up the DagBag from /opt/airflow/dags/dag_monitor_correo.py
[2026-07-09T00:13:49.683-0500] {processor.py:840} INFO - DAG(s) 'aerotrack_travel_monitor_correo' retrieved from /opt/airflow/dags/dag_monitor_correo.py
[2026-07-09T00:13:49.713-0500] {logging_mixin.py:188} INFO - [2026-07-09T00:13:49.713-0500] {dag.py:3089} INFO - Sync 1 DAGs
[2026-07-09T00:13:49.723-0500] {logging_mixin.py:188} INFO - [2026-07-09T00:13:49.723-0500] {dag.py:3947} INFO - Setting next_dagrun for aerotrack_travel_monitor_correo to None, run_after=None
[2026-07-09T00:13:49.739-0500] {processor.py:183} INFO - Processing /opt/airflow/dags/dag_monitor_correo.py took 0.094 seconds
[2026-07-09T00:14:20.685-0500] {processor.py:161} INFO - Started process (PID=5652) to work on /opt/airflow/dags/dag_monitor_correo.py
[2026-07-09T00:14:20.686-0500] {processor.py:830} INFO - Processing file /opt/airflow/dags/dag_monitor_correo.py for tasks to queue
[2026-07-09T00:14:20.688-0500] {logging_mixin.py:188} INFO - [2026-07-09T00:14:20.687-0500] {dagbag.py:545} INFO - Filling up the DagBag from /opt/airflow/dags/dag_monitor_correo.py
[2026-07-09T00:14:20.713-0500] {processor.py:840} INFO - DAG(s) 'aerotrack_travel_monitor_correo' retrieved from /opt/airflow/dags/dag_monitor_correo.py
[2026-07-09T00:14:20.740-0500] {logging_mixin.py:188} INFO - [2026-07-09T00:14:20.739-0500] {dag.py:3089} INFO - Sync 1 DAGs
[2026-07-09T00:14:20.749-0500] {logging_mixin.py:188} INFO - [2026-07-09T00:14:20.749-0500] {dag.py:3947} INFO - Setting next_dagrun for aerotrack_travel_monitor_correo to None, run_after=None
[2026-07-09T00:14:20.766-0500] {processor.py:183} INFO - Processing /opt/airflow/dags/dag_monitor_correo.py took 0.086 seconds
[2026-07-09T00:14:51.080-0500] {processor.py:161} INFO - Started process (PID=5679) to work on /opt/airflow/dags/dag_monitor_correo.py
[2026-07-09T00:14:51.081-0500] {processor.py:830} INFO - Processing file /opt/airflow/dags/dag_monitor_correo.py for tasks to queue
[2026-07-09T00:14:51.082-0500] {logging_mixin.py:188} INFO - [2026-07-09T00:14:51.082-0500] {dagbag.py:545} INFO - Filling up the DagBag from /opt/airflow/dags/dag_monitor_correo.py
[2026-07-09T00:14:51.119-0500] {processor.py:840} INFO - DAG(s) 'aerotrack_travel_monitor_correo' retrieved from /opt/airflow/dags/dag_monitor_correo.py
[2026-07-09T00:14:51.148-0500] {logging_mixin.py:188} INFO - [2026-07-09T00:14:51.148-0500] {dag.py:3089} INFO - Sync 1 DAGs
[2026-07-09T00:14:51.159-0500] {logging_mixin.py:188} INFO - [2026-07-09T00:14:51.158-0500] {dag.py:3947} INFO - Setting next_dagrun for aerotrack_travel_monitor_correo to None, run_after=None
[2026-07-09T00:14:51.172-0500] {processor.py:183} INFO - Processing /opt/airflow/dags/dag_monitor_correo.py took 0.098 seconds
[2026-07-09T00:15:21.487-0500] {processor.py:161} INFO - Started process (PID=5706) to work on /opt/airflow/dags/dag_monitor_correo.py
[2026-07-09T00:15:21.488-0500] {processor.py:830} INFO - Processing file /opt/airflow/dags/dag_monitor_correo.py for tasks to queue
[2026-07-09T00:15:21.490-0500] {logging_mixin.py:188} INFO - [2026-07-09T00:15:21.489-0500] {dagbag.py:545} INFO - Filling up the DagBag from /opt/airflow/dags/dag_monitor_correo.py
[2026-07-09T00:15:21.514-0500] {processor.py:840} INFO - DAG(s) 'aerotrack_travel_monitor_correo' retrieved from /opt/airflow/dags/dag_monitor_correo.py
[2026-07-09T00:15:21.543-0500] {logging_mixin.py:188} INFO - [2026-07-09T00:15:21.543-0500] {dag.py:3089} INFO - Sync 1 DAGs
[2026-07-09T00:15:21.552-0500] {logging_mixin.py:188} INFO - [2026-07-09T00:15:21.552-0500] {dag.py:3947} INFO - Setting next_dagrun for aerotrack_travel_monitor_correo to None, run_after=None
[2026-07-09T00:15:21.568-0500] {processor.py:183} INFO - Processing /opt/airflow/dags/dag_monitor_correo.py took 0.085 seconds
[2026-07-09T00:15:51.619-0500] {processor.py:161} INFO - Started process (PID=5733) to work on /opt/airflow/dags/dag_monitor_correo.py
[2026-07-09T00:15:51.620-0500] {processor.py:830} INFO - Processing file /opt/airflow/dags/dag_monitor_correo.py for tasks to queue
[2026-07-09T00:15:51.621-0500] {logging_mixin.py:188} INFO - [2026-07-09T00:15:51.621-0500] {dagbag.py:545} INFO - Filling up the DagBag from /opt/airflow/dags/dag_monitor_correo.py
[2026-07-09T00:15:51.652-0500] {processor.py:840} INFO - DAG(s) 'aerotrack_travel_monitor_correo' retrieved from /opt/airflow/dags/dag_monitor_correo.py
[2026-07-09T00:15:51.682-0500] {logging_mixin.py:188} INFO - [2026-07-09T00:15:51.682-0500] {dag.py:3089} INFO - Sync 1 DAGs
[2026-07-09T00:15:51.692-0500] {logging_mixin.py:188} INFO - [2026-07-09T00:15:51.692-0500] {dag.py:3947} INFO - Setting next_dagrun for aerotrack_travel_monitor_correo to None, run_after=None
[2026-07-09T00:15:51.707-0500] {processor.py:183} INFO - Processing /opt/airflow/dags/dag_monitor_correo.py took 0.094 seconds
[2026-07-09T00:16:21.741-0500] {processor.py:161} INFO - Started process (PID=5760) to work on /opt/airflow/dags/dag_monitor_correo.py
[2026-07-09T00:16:21.742-0500] {processor.py:830} INFO - Processing file /opt/airflow/dags/dag_monitor_correo.py for tasks to queue
[2026-07-09T00:16:21.744-0500] {logging_mixin.py:188} INFO - [2026-07-09T00:16:21.744-0500] {dagbag.py:545} INFO - Filling up the DagBag from /opt/airflow/dags/dag_monitor_correo.py
[2026-07-09T00:16:21.770-0500] {processor.py:840} INFO - DAG(s) 'aerotrack_travel_monitor_correo' retrieved from /opt/airflow/dags/dag_monitor_correo.py
[2026-07-09T00:16:21.797-0500] {logging_mixin.py:188} INFO - [2026-07-09T00:16:21.797-0500] {dag.py:3089} INFO - Sync 1 DAGs
[2026-07-09T00:16:21.806-0500] {logging_mixin.py:188} INFO - [2026-07-09T00:16:21.806-0500] {dag.py:3947} INFO - Setting next_dagrun for aerotrack_travel_monitor_correo to None, run_after=None
[2026-07-09T00:16:21.819-0500] {processor.py:183} INFO - Processing /opt/airflow/dags/dag_monitor_correo.py took 0.083 seconds
[2026-07-09T00:16:52.167-0500] {processor.py:161} INFO - Started process (PID=5787) to work on /opt/airflow/dags/dag_monitor_correo.py
[2026-07-09T00:16:52.168-0500] {processor.py:830} INFO - Processing file /opt/airflow/dags/dag_monitor_correo.py for tasks to queue
[2026-07-09T00:16:52.169-0500] {logging_mixin.py:188} INFO - [2026-07-09T00:16:52.169-0500] {dagbag.py:545} INFO - Filling up the DagBag from /opt/airflow/dags/dag_monitor_correo.py
[2026-07-09T00:16:52.208-0500] {processor.py:840} INFO - DAG(s) 'aerotrack_travel_monitor_correo' retrieved from /opt/airflow/dags/dag_monitor_correo.py
[2026-07-09T00:16:52.240-0500] {logging_mixin.py:188} INFO - [2026-07-09T00:16:52.240-0500] {dag.py:3089} INFO - Sync 1 DAGs
[2026-07-09T00:16:52.251-0500] {logging_mixin.py:188} INFO - [2026-07-09T00:16:52.251-0500] {dag.py:3947} INFO - Setting next_dagrun for aerotrack_travel_monitor_correo to None, run_after=None
[2026-07-09T00:16:52.269-0500] {processor.py:183} INFO - Processing /opt/airflow/dags/dag_monitor_correo.py took 0.107 seconds
[2026-07-09T00:17:22.595-0500] {processor.py:161} INFO - Started process (PID=5814) to work on /opt/airflow/dags/dag_monitor_correo.py
[2026-07-09T00:17:22.596-0500] {processor.py:830} INFO - Processing file /opt/airflow/dags/dag_monitor_correo.py for tasks to queue
[2026-07-09T00:17:22.597-0500] {logging_mixin.py:188} INFO - [2026-07-09T00:17:22.597-0500] {dagbag.py:545} INFO - Filling up the DagBag from /opt/airflow/dags/dag_monitor_correo.py
[2026-07-09T00:17:22.624-0500] {processor.py:840} INFO - DAG(s) 'aerotrack_travel_monitor_correo' retrieved from /opt/airflow/dags/dag_monitor_correo.py
[2026-07-09T00:17:22.652-0500] {logging_mixin.py:188} INFO - [2026-07-09T00:17:22.652-0500] {dag.py:3089} INFO - Sync 1 DAGs
[2026-07-09T00:17:22.661-0500] {logging_mixin.py:188} INFO - [2026-07-09T00:17:22.661-0500] {dag.py:3947} INFO - Setting next_dagrun for aerotrack_travel_monitor_correo to None, run_after=None
[2026-07-09T00:17:22.675-0500] {processor.py:183} INFO - Processing /opt/airflow/dags/dag_monitor_correo.py took 0.085 seconds
[2026-07-09T00:17:52.758-0500] {processor.py:161} INFO - Started process (PID=5841) to work on /opt/airflow/dags/dag_monitor_correo.py
[2026-07-09T00:17:52.759-0500] {processor.py:830} INFO - Processing file /opt/airflow/dags/dag_monitor_correo.py for tasks to queue
[2026-07-09T00:17:52.761-0500] {logging_mixin.py:188} INFO - [2026-07-09T00:17:52.760-0500] {dagbag.py:545} INFO - Filling up the DagBag from /opt/airflow/dags/dag_monitor_correo.py
[2026-07-09T00:17:52.791-0500] {processor.py:840} INFO - DAG(s) 'aerotrack_travel_monitor_correo' retrieved from /opt/airflow/dags/dag_monitor_correo.py
[2026-07-09T00:17:52.824-0500] {logging_mixin.py:188} INFO - [2026-07-09T00:17:52.824-0500] {dag.py:3089} INFO - Sync 1 DAGs
[2026-07-09T00:17:52.834-0500] {logging_mixin.py:188} INFO - [2026-07-09T00:17:52.834-0500] {dag.py:3947} INFO - Setting next_dagrun for aerotrack_travel_monitor_correo to None, run_after=None
[2026-07-09T00:17:52.849-0500] {processor.py:183} INFO - Processing /opt/airflow/dags/dag_monitor_correo.py took 0.097 seconds
[2026-07-09T00:18:23.251-0500] {processor.py:161} INFO - Started process (PID=5868) to work on /opt/airflow/dags/dag_monitor_correo.py
[2026-07-09T00:18:23.252-0500] {processor.py:830} INFO - Processing file /opt/airflow/dags/dag_monitor_correo.py for tasks to queue
[2026-07-09T00:18:23.253-0500] {logging_mixin.py:188} INFO - [2026-07-09T00:18:23.253-0500] {dagbag.py:545} INFO - Filling up the DagBag from /opt/airflow/dags/dag_monitor_correo.py
[2026-07-09T00:18:23.297-0500] {processor.py:840} INFO - DAG(s) 'aerotrack_travel_monitor_correo' retrieved from /opt/airflow/dags/dag_monitor_correo.py
[2026-07-09T00:18:23.326-0500] {logging_mixin.py:188} INFO - [2026-07-09T00:18:23.326-0500] {dag.py:3089} INFO - Sync 1 DAGs
[2026-07-09T00:18:23.338-0500] {logging_mixin.py:188} INFO - [2026-07-09T00:18:23.338-0500] {dag.py:3947} INFO - Setting next_dagrun for aerotrack_travel_monitor_correo to None, run_after=None
[2026-07-09T00:18:23.357-0500] {processor.py:183} INFO - Processing /opt/airflow/dags/dag_monitor_correo.py took 0.111 seconds
[2026-07-09T00:18:53.419-0500] {processor.py:161} INFO - Started process (PID=5895) to work on /opt/airflow/dags/dag_monitor_correo.py
[2026-07-09T00:18:53.420-0500] {processor.py:830} INFO - Processing file /opt/airflow/dags/dag_monitor_correo.py for tasks to queue
[2026-07-09T00:18:53.422-0500] {logging_mixin.py:188} INFO - [2026-07-09T00:18:53.421-0500] {dagbag.py:545} INFO - Filling up the DagBag from /opt/airflow/dags/dag_monitor_correo.py
[2026-07-09T00:18:53.449-0500] {processor.py:840} INFO - DAG(s) 'aerotrack_travel_monitor_correo' retrieved from /opt/airflow/dags/dag_monitor_correo.py
[2026-07-09T00:18:53.478-0500] {logging_mixin.py:188} INFO - [2026-07-09T00:18:53.478-0500] {dag.py:3089} INFO - Sync 1 DAGs
[2026-07-09T00:18:53.489-0500] {logging_mixin.py:188} INFO - [2026-07-09T00:18:53.488-0500] {dag.py:3947} INFO - Setting next_dagrun for aerotrack_travel_monitor_correo to None, run_after=None
[2026-07-09T00:18:53.505-0500] {processor.py:183} INFO - Processing /opt/airflow/dags/dag_monitor_correo.py took 0.091 seconds
[2026-07-09T00:19:24.419-0500] {processor.py:161} INFO - Started process (PID=5922) to work on /opt/airflow/dags/dag_monitor_correo.py
[2026-07-09T00:19:24.420-0500] {processor.py:830} INFO - Processing file /opt/airflow/dags/dag_monitor_correo.py for tasks to queue
[2026-07-09T00:19:24.421-0500] {logging_mixin.py:188} INFO - [2026-07-09T00:19:24.421-0500] {dagbag.py:545} INFO - Filling up the DagBag from /opt/airflow/dags/dag_monitor_correo.py
[2026-07-09T00:19:24.449-0500] {processor.py:840} INFO - DAG(s) 'aerotrack_travel_monitor_correo' retrieved from /opt/airflow/dags/dag_monitor_correo.py
[2026-07-09T00:19:24.480-0500] {logging_mixin.py:188} INFO - [2026-07-09T00:19:24.480-0500] {dag.py:3089} INFO - Sync 1 DAGs
[2026-07-09T00:19:24.492-0500] {logging_mixin.py:188} INFO - [2026-07-09T00:19:24.492-0500] {dag.py:3947} INFO - Setting next_dagrun for aerotrack_travel_monitor_correo to None, run_after=None
[2026-07-09T00:19:24.509-0500] {processor.py:183} INFO - Processing /opt/airflow/dags/dag_monitor_correo.py took 0.095 seconds
[2026-07-09T00:19:54.566-0500] {processor.py:161} INFO - Started process (PID=5949) to work on /opt/airflow/dags/dag_monitor_correo.py
[2026-07-09T00:19:54.566-0500] {processor.py:830} INFO - Processing file /opt/airflow/dags/dag_monitor_correo.py for tasks to queue
[2026-07-09T00:19:54.568-0500] {logging_mixin.py:188} INFO - [2026-07-09T00:19:54.568-0500] {dagbag.py:545} INFO - Filling up the DagBag from /opt/airflow/dags/dag_monitor_correo.py
[2026-07-09T00:19:54.594-0500] {processor.py:840} INFO - DAG(s) 'aerotrack_travel_monitor_correo' retrieved from /opt/airflow/dags/dag_monitor_correo.py
[2026-07-09T00:19:54.620-0500] {logging_mixin.py:188} INFO - [2026-07-09T00:19:54.620-0500] {dag.py:3089} INFO - Sync 1 DAGs
[2026-07-09T00:19:54.629-0500] {logging_mixin.py:188} INFO - [2026-07-09T00:19:54.628-0500] {dag.py:3947} INFO - Setting next_dagrun for aerotrack_travel_monitor_correo to None, run_after=None
[2026-07-09T00:19:54.642-0500] {processor.py:183} INFO - Processing /opt/airflow/dags/dag_monitor_correo.py took 0.081 seconds
[2026-07-09T00:20:25.032-0500] {processor.py:161} INFO - Started process (PID=5976) to work on /opt/airflow/dags/dag_monitor_correo.py
[2026-07-09T00:20:25.033-0500] {processor.py:830} INFO - Processing file /opt/airflow/dags/dag_monitor_correo.py for tasks to queue
[2026-07-09T00:20:25.036-0500] {logging_mixin.py:188} INFO - [2026-07-09T00:20:25.035-0500] {dagbag.py:545} INFO - Filling up the DagBag from /opt/airflow/dags/dag_monitor_correo.py
[2026-07-09T00:20:25.074-0500] {processor.py:840} INFO - DAG(s) 'aerotrack_travel_monitor_correo' retrieved from /opt/airflow/dags/dag_monitor_correo.py
[2026-07-09T00:20:25.111-0500] {logging_mixin.py:188} INFO - [2026-07-09T00:20:25.110-0500] {dag.py:3089} INFO - Sync 1 DAGs
[2026-07-09T00:20:25.124-0500] {logging_mixin.py:188} INFO - [2026-07-09T00:20:25.123-0500] {dag.py:3947} INFO - Setting next_dagrun for aerotrack_travel_monitor_correo to None, run_after=None
[2026-07-09T00:20:25.145-0500] {processor.py:183} INFO - Processing /opt/airflow/dags/dag_monitor_correo.py took 0.119 seconds
[2026-07-09T00:20:55.469-0500] {processor.py:161} INFO - Started process (PID=6003) to work on /opt/airflow/dags/dag_monitor_correo.py
[2026-07-09T00:20:55.470-0500] {processor.py:830} INFO - Processing file /opt/airflow/dags/dag_monitor_correo.py for tasks to queue
[2026-07-09T00:20:55.471-0500] {logging_mixin.py:188} INFO - [2026-07-09T00:20:55.471-0500] {dagbag.py:545} INFO - Filling up the DagBag from /opt/airflow/dags/dag_monitor_correo.py
[2026-07-09T00:20:55.494-0500] {processor.py:840} INFO - DAG(s) 'aerotrack_travel_monitor_correo' retrieved from /opt/airflow/dags/dag_monitor_correo.py
[2026-07-09T00:20:55.521-0500] {logging_mixin.py:188} INFO - [2026-07-09T00:20:55.521-0500] {dag.py:3089} INFO - Sync 1 DAGs
[2026-07-09T00:20:55.530-0500] {logging_mixin.py:188} INFO - [2026-07-09T00:20:55.530-0500] {dag.py:3947} INFO - Setting next_dagrun for aerotrack_travel_monitor_correo to None, run_after=None
[2026-07-09T00:20:55.545-0500] {processor.py:183} INFO - Processing /opt/airflow/dags/dag_monitor_correo.py took 0.080 seconds
[2026-07-09T00:21:26.518-0500] {processor.py:161} INFO - Started process (PID=6030) to work on /opt/airflow/dags/dag_monitor_correo.py
[2026-07-09T00:21:26.519-0500] {processor.py:830} INFO - Processing file /opt/airflow/dags/dag_monitor_correo.py for tasks to queue
[2026-07-09T00:21:26.520-0500] {logging_mixin.py:188} INFO - [2026-07-09T00:21:26.520-0500] {dagbag.py:545} INFO - Filling up the DagBag from /opt/airflow/dags/dag_monitor_correo.py
[2026-07-09T00:21:26.551-0500] {processor.py:840} INFO - DAG(s) 'aerotrack_travel_monitor_correo' retrieved from /opt/airflow/dags/dag_monitor_correo.py
[2026-07-09T00:21:26.580-0500] {logging_mixin.py:188} INFO - [2026-07-09T00:21:26.579-0500] {dag.py:3089} INFO - Sync 1 DAGs
[2026-07-09T00:21:26.588-0500] {logging_mixin.py:188} INFO - [2026-07-09T00:21:26.588-0500] {dag.py:3947} INFO - Setting next_dagrun for aerotrack_travel_monitor_correo to None, run_after=None
[2026-07-09T00:21:26.604-0500] {processor.py:183} INFO - Processing /opt/airflow/dags/dag_monitor_correo.py took 0.091 seconds
[2026-07-09T00:21:56.939-0500] {processor.py:161} INFO - Started process (PID=6057) to work on /opt/airflow/dags/dag_monitor_correo.py
[2026-07-09T00:21:56.940-0500] {processor.py:830} INFO - Processing file /opt/airflow/dags/dag_monitor_correo.py for tasks to queue
[2026-07-09T00:21:56.942-0500] {logging_mixin.py:188} INFO - [2026-07-09T00:21:56.941-0500] {dagbag.py:545} INFO - Filling up the DagBag from /opt/airflow/dags/dag_monitor_correo.py
[2026-07-09T00:21:56.983-0500] {processor.py:840} INFO - DAG(s) 'aerotrack_travel_monitor_correo' retrieved from /opt/airflow/dags/dag_monitor_correo.py
[2026-07-09T00:21:57.014-0500] {logging_mixin.py:188} INFO - [2026-07-09T00:21:57.014-0500] {dag.py:3089} INFO - Sync 1 DAGs
[2026-07-09T00:21:57.024-0500] {logging_mixin.py:188} INFO - [2026-07-09T00:21:57.024-0500] {dag.py:3947} INFO - Setting next_dagrun for aerotrack_travel_monitor_correo to None, run_after=None
[2026-07-09T00:21:57.039-0500] {processor.py:183} INFO - Processing /opt/airflow/dags/dag_monitor_correo.py took 0.106 seconds
[2026-07-09T00:22:27.347-0500] {processor.py:161} INFO - Started process (PID=6084) to work on /opt/airflow/dags/dag_monitor_correo.py
[2026-07-09T00:22:27.348-0500] {processor.py:830} INFO - Processing file /opt/airflow/dags/dag_monitor_correo.py for tasks to queue
[2026-07-09T00:22:27.350-0500] {logging_mixin.py:188} INFO - [2026-07-09T00:22:27.349-0500] {dagbag.py:545} INFO - Filling up the DagBag from /opt/airflow/dags/dag_monitor_correo.py
[2026-07-09T00:22:27.374-0500] {processor.py:840} INFO - DAG(s) 'aerotrack_travel_monitor_correo' retrieved from /opt/airflow/dags/dag_monitor_correo.py
[2026-07-09T00:22:27.400-0500] {logging_mixin.py:188} INFO - [2026-07-09T00:22:27.400-0500] {dag.py:3089} INFO - Sync 1 DAGs
[2026-07-09T00:22:27.410-0500] {logging_mixin.py:188} INFO - [2026-07-09T00:22:27.410-0500] {dag.py:3947} INFO - Setting next_dagrun for aerotrack_travel_monitor_correo to None, run_after=None
[2026-07-09T00:22:27.425-0500] {processor.py:183} INFO - Processing /opt/airflow/dags/dag_monitor_correo.py took 0.082 seconds
[2026-07-09T00:22:57.777-0500] {processor.py:161} INFO - Started process (PID=6111) to work on /opt/airflow/dags/dag_monitor_correo.py
[2026-07-09T00:22:57.777-0500] {processor.py:830} INFO - Processing file /opt/airflow/dags/dag_monitor_correo.py for tasks to queue
[2026-07-09T00:22:57.779-0500] {logging_mixin.py:188} INFO - [2026-07-09T00:22:57.778-0500] {dagbag.py:545} INFO - Filling up the DagBag from /opt/airflow/dags/dag_monitor_correo.py
[2026-07-09T00:22:57.807-0500] {processor.py:840} INFO - DAG(s) 'aerotrack_travel_monitor_correo' retrieved from /opt/airflow/dags/dag_monitor_correo.py
[2026-07-09T00:22:57.833-0500] {logging_mixin.py:188} INFO - [2026-07-09T00:22:57.832-0500] {dag.py:3089} INFO - Sync 1 DAGs
[2026-07-09T00:22:57.842-0500] {logging_mixin.py:188} INFO - [2026-07-09T00:22:57.841-0500] {dag.py:3947} INFO - Setting next_dagrun for aerotrack_travel_monitor_correo to None, run_after=None
[2026-07-09T00:22:57.856-0500] {processor.py:183} INFO - Processing /opt/airflow/dags/dag_monitor_correo.py took 0.084 seconds
[2026-07-09T00:23:28.738-0500] {processor.py:161} INFO - Started process (PID=6138) to work on /opt/airflow/dags/dag_monitor_correo.py
[2026-07-09T00:23:28.739-0500] {processor.py:830} INFO - Processing file /opt/airflow/dags/dag_monitor_correo.py for tasks to queue
[2026-07-09T00:23:28.740-0500] {logging_mixin.py:188} INFO - [2026-07-09T00:23:28.740-0500] {dagbag.py:545} INFO - Filling up the DagBag from /opt/airflow/dags/dag_monitor_correo.py
[2026-07-09T00:23:28.772-0500] {processor.py:840} INFO - DAG(s) 'aerotrack_travel_monitor_correo' retrieved from /opt/airflow/dags/dag_monitor_correo.py
[2026-07-09T00:23:28.802-0500] {logging_mixin.py:188} INFO - [2026-07-09T00:23:28.801-0500] {dag.py:3089} INFO - Sync 1 DAGs
[2026-07-09T00:23:28.813-0500] {logging_mixin.py:188} INFO - [2026-07-09T00:23:28.813-0500] {dag.py:3947} INFO - Setting next_dagrun for aerotrack_travel_monitor_correo to None, run_after=None
[2026-07-09T00:23:28.827-0500] {processor.py:183} INFO - Processing /opt/airflow/dags/dag_monitor_correo.py took 0.094 seconds
[2026-07-09T00:23:59.729-0500] {processor.py:161} INFO - Started process (PID=6165) to work on /opt/airflow/dags/dag_monitor_correo.py
[2026-07-09T00:23:59.729-0500] {processor.py:830} INFO - Processing file /opt/airflow/dags/dag_monitor_correo.py for tasks to queue
[2026-07-09T00:23:59.731-0500] {logging_mixin.py:188} INFO - [2026-07-09T00:23:59.731-0500] {dagbag.py:545} INFO - Filling up the DagBag from /opt/airflow/dags/dag_monitor_correo.py
[2026-07-09T00:23:59.757-0500] {processor.py:840} INFO - DAG(s) 'aerotrack_travel_monitor_correo' retrieved from /opt/airflow/dags/dag_monitor_correo.py
[2026-07-09T00:23:59.785-0500] {logging_mixin.py:188} INFO - [2026-07-09T00:23:59.785-0500] {dag.py:3089} INFO - Sync 1 DAGs
[2026-07-09T00:23:59.794-0500] {logging_mixin.py:188} INFO - [2026-07-09T00:23:59.794-0500] {dag.py:3947} INFO - Setting next_dagrun for aerotrack_travel_monitor_correo to None, run_after=None
[2026-07-09T00:23:59.808-0500] {processor.py:183} INFO - Processing /opt/airflow/dags/dag_monitor_correo.py took 0.084 seconds
[2026-07-09T00:24:30.689-0500] {processor.py:161} INFO - Started process (PID=6192) to work on /opt/airflow/dags/dag_monitor_correo.py
[2026-07-09T00:24:30.691-0500] {processor.py:830} INFO - Processing file /opt/airflow/dags/dag_monitor_correo.py for tasks to queue
[2026-07-09T00:24:30.692-0500] {logging_mixin.py:188} INFO - [2026-07-09T00:24:30.692-0500] {dagbag.py:545} INFO - Filling up the DagBag from /opt/airflow/dags/dag_monitor_correo.py
[2026-07-09T00:24:30.741-0500] {processor.py:840} INFO - DAG(s) 'aerotrack_travel_monitor_correo' retrieved from /opt/airflow/dags/dag_monitor_correo.py
[2026-07-09T00:24:30.771-0500] {logging_mixin.py:188} INFO - [2026-07-09T00:24:30.770-0500] {dag.py:3089} INFO - Sync 1 DAGs
[2026-07-09T00:24:30.781-0500] {logging_mixin.py:188} INFO - [2026-07-09T00:24:30.781-0500] {dag.py:3947} INFO - Setting next_dagrun for aerotrack_travel_monitor_correo to None, run_after=None
[2026-07-09T00:24:30.797-0500] {processor.py:183} INFO - Processing /opt/airflow/dags/dag_monitor_correo.py took 0.112 seconds
[2026-07-09T00:25:01.368-0500] {processor.py:161} INFO - Started process (PID=6219) to work on /opt/airflow/dags/dag_monitor_correo.py
[2026-07-09T00:25:01.370-0500] {processor.py:830} INFO - Processing file /opt/airflow/dags/dag_monitor_correo.py for tasks to queue
[2026-07-09T00:25:01.374-0500] {logging_mixin.py:188} INFO - [2026-07-09T00:25:01.373-0500] {dagbag.py:545} INFO - Filling up the DagBag from /opt/airflow/dags/dag_monitor_correo.py
[2026-07-09T00:25:01.449-0500] {processor.py:840} INFO - DAG(s) 'aerotrack_travel_monitor_correo' retrieved from /opt/airflow/dags/dag_monitor_correo.py
[2026-07-09T00:25:01.524-0500] {logging_mixin.py:188} INFO - [2026-07-09T00:25:01.524-0500] {dag.py:3089} INFO - Sync 1 DAGs
[2026-07-09T00:25:01.550-0500] {logging_mixin.py:188} INFO - [2026-07-09T00:25:01.549-0500] {dag.py:3947} INFO - Setting next_dagrun for aerotrack_travel_monitor_correo to None, run_after=None
[2026-07-09T00:25:01.589-0500] {processor.py:183} INFO - Processing /opt/airflow/dags/dag_monitor_correo.py took 0.230 seconds
[2026-07-09T00:25:31.653-0500] {processor.py:161} INFO - Started process (PID=6229) to work on /opt/airflow/dags/dag_monitor_correo.py
[2026-07-09T00:25:31.654-0500] {processor.py:830} INFO - Processing file /opt/airflow/dags/dag_monitor_correo.py for tasks to queue
[2026-07-09T00:25:31.656-0500] {logging_mixin.py:188} INFO - [2026-07-09T00:25:31.655-0500] {dagbag.py:545} INFO - Filling up the DagBag from /opt/airflow/dags/dag_monitor_correo.py
[2026-07-09T00:25:31.695-0500] {processor.py:840} INFO - DAG(s) 'aerotrack_travel_monitor_correo' retrieved from /opt/airflow/dags/dag_monitor_correo.py
[2026-07-09T00:25:31.730-0500] {logging_mixin.py:188} INFO - [2026-07-09T00:25:31.730-0500] {dag.py:3089} INFO - Sync 1 DAGs
[2026-07-09T00:25:31.741-0500] {logging_mixin.py:188} INFO - [2026-07-09T00:25:31.741-0500] {dag.py:3947} INFO - Setting next_dagrun for aerotrack_travel_monitor_correo to None, run_after=None
[2026-07-09T00:25:31.761-0500] {processor.py:183} INFO - Processing /opt/airflow/dags/dag_monitor_correo.py took 0.113 seconds
[2026-07-09T00:26:02.741-0500] {processor.py:161} INFO - Started process (PID=6256) to work on /opt/airflow/dags/dag_monitor_correo.py
[2026-07-09T00:26:02.742-0500] {processor.py:830} INFO - Processing file /opt/airflow/dags/dag_monitor_correo.py for tasks to queue
[2026-07-09T00:26:02.744-0500] {logging_mixin.py:188} INFO - [2026-07-09T00:26:02.744-0500] {dagbag.py:545} INFO - Filling up the DagBag from /opt/airflow/dags/dag_monitor_correo.py
[2026-07-09T00:26:02.794-0500] {processor.py:840} INFO - DAG(s) 'aerotrack_travel_monitor_correo' retrieved from /opt/airflow/dags/dag_monitor_correo.py
[2026-07-09T00:26:02.827-0500] {logging_mixin.py:188} INFO - [2026-07-09T00:26:02.826-0500] {dag.py:3089} INFO - Sync 1 DAGs
[2026-07-09T00:26:02.838-0500] {logging_mixin.py:188} INFO - [2026-07-09T00:26:02.838-0500] {dag.py:3947} INFO - Setting next_dagrun for aerotrack_travel_monitor_correo to None, run_after=None
[2026-07-09T00:26:02.860-0500] {processor.py:183} INFO - Processing /opt/airflow/dags/dag_monitor_correo.py took 0.124 seconds
[2026-07-09T00:26:33.030-0500] {processor.py:161} INFO - Started process (PID=6283) to work on /opt/airflow/dags/dag_monitor_correo.py
[2026-07-09T00:26:33.031-0500] {processor.py:830} INFO - Processing file /opt/airflow/dags/dag_monitor_correo.py for tasks to queue
[2026-07-09T00:26:33.032-0500] {logging_mixin.py:188} INFO - [2026-07-09T00:26:33.032-0500] {dagbag.py:545} INFO - Filling up the DagBag from /opt/airflow/dags/dag_monitor_correo.py
[2026-07-09T00:26:33.076-0500] {processor.py:840} INFO - DAG(s) 'aerotrack_travel_monitor_correo' retrieved from /opt/airflow/dags/dag_monitor_correo.py
[2026-07-09T00:26:33.106-0500] {logging_mixin.py:188} INFO - [2026-07-09T00:26:33.106-0500] {dag.py:3089} INFO - Sync 1 DAGs
[2026-07-09T00:26:33.117-0500] {logging_mixin.py:188} INFO - [2026-07-09T00:26:33.117-0500] {dag.py:3947} INFO - Setting next_dagrun for aerotrack_travel_monitor_correo to None, run_after=None
[2026-07-09T00:26:33.134-0500] {processor.py:183} INFO - Processing /opt/airflow/dags/dag_monitor_correo.py took 0.109 seconds
[2026-07-09T00:27:04.159-0500] {processor.py:161} INFO - Started process (PID=6310) to work on /opt/airflow/dags/dag_monitor_correo.py
[2026-07-09T00:27:04.160-0500] {processor.py:830} INFO - Processing file /opt/airflow/dags/dag_monitor_correo.py for tasks to queue
[2026-07-09T00:27:04.162-0500] {logging_mixin.py:188} INFO - [2026-07-09T00:27:04.162-0500] {dagbag.py:545} INFO - Filling up the DagBag from /opt/airflow/dags/dag_monitor_correo.py
[2026-07-09T00:27:04.202-0500] {processor.py:840} INFO - DAG(s) 'aerotrack_travel_monitor_correo' retrieved from /opt/airflow/dags/dag_monitor_correo.py
[2026-07-09T00:27:04.233-0500] {logging_mixin.py:188} INFO - [2026-07-09T00:27:04.232-0500] {dag.py:3089} INFO - Sync 1 DAGs
[2026-07-09T00:27:04.243-0500] {logging_mixin.py:188} INFO - [2026-07-09T00:27:04.243-0500] {dag.py:3947} INFO - Setting next_dagrun for aerotrack_travel_monitor_correo to None, run_after=None
[2026-07-09T00:27:04.260-0500] {processor.py:183} INFO - Processing /opt/airflow/dags/dag_monitor_correo.py took 0.106 seconds
[2026-07-09T00:27:35.146-0500] {processor.py:161} INFO - Started process (PID=6337) to work on /opt/airflow/dags/dag_monitor_correo.py
[2026-07-09T00:27:35.147-0500] {processor.py:830} INFO - Processing file /opt/airflow/dags/dag_monitor_correo.py for tasks to queue
[2026-07-09T00:27:35.148-0500] {logging_mixin.py:188} INFO - [2026-07-09T00:27:35.148-0500] {dagbag.py:545} INFO - Filling up the DagBag from /opt/airflow/dags/dag_monitor_correo.py
[2026-07-09T00:27:35.177-0500] {processor.py:840} INFO - DAG(s) 'aerotrack_travel_monitor_correo' retrieved from /opt/airflow/dags/dag_monitor_correo.py
[2026-07-09T00:27:35.204-0500] {logging_mixin.py:188} INFO - [2026-07-09T00:27:35.204-0500] {dag.py:3089} INFO - Sync 1 DAGs
[2026-07-09T00:27:35.213-0500] {logging_mixin.py:188} INFO - [2026-07-09T00:27:35.213-0500] {dag.py:3947} INFO - Setting next_dagrun for aerotrack_travel_monitor_correo to None, run_after=None
[2026-07-09T00:27:35.229-0500] {processor.py:183} INFO - Processing /opt/airflow/dags/dag_monitor_correo.py took 0.088 seconds
[2026-07-09T00:28:06.178-0500] {processor.py:161} INFO - Started process (PID=6364) to work on /opt/airflow/dags/dag_monitor_correo.py
[2026-07-09T00:28:06.179-0500] {processor.py:830} INFO - Processing file /opt/airflow/dags/dag_monitor_correo.py for tasks to queue
[2026-07-09T00:28:06.180-0500] {logging_mixin.py:188} INFO - [2026-07-09T00:28:06.180-0500] {dagbag.py:545} INFO - Filling up the DagBag from /opt/airflow/dags/dag_monitor_correo.py
[2026-07-09T00:28:06.220-0500] {processor.py:840} INFO - DAG(s) 'aerotrack_travel_monitor_correo' retrieved from /opt/airflow/dags/dag_monitor_correo.py
[2026-07-09T00:28:06.251-0500] {logging_mixin.py:188} INFO - [2026-07-09T00:28:06.251-0500] {dag.py:3089} INFO - Sync 1 DAGs
[2026-07-09T00:28:06.261-0500] {logging_mixin.py:188} INFO - [2026-07-09T00:28:06.261-0500] {dag.py:3947} INFO - Setting next_dagrun for aerotrack_travel_monitor_correo to None, run_after=None
[2026-07-09T00:28:06.279-0500] {processor.py:183} INFO - Processing /opt/airflow/dags/dag_monitor_correo.py took 0.107 seconds
[2026-07-09T00:28:37.199-0500] {processor.py:161} INFO - Started process (PID=6391) to work on /opt/airflow/dags/dag_monitor_correo.py
[2026-07-09T00:28:37.200-0500] {processor.py:830} INFO - Processing file /opt/airflow/dags/dag_monitor_correo.py for tasks to queue
[2026-07-09T00:28:37.202-0500] {logging_mixin.py:188} INFO - [2026-07-09T00:28:37.201-0500] {dagbag.py:545} INFO - Filling up the DagBag from /opt/airflow/dags/dag_monitor_correo.py
[2026-07-09T00:28:37.231-0500] {processor.py:840} INFO - DAG(s) 'aerotrack_travel_monitor_correo' retrieved from /opt/airflow/dags/dag_monitor_correo.py
[2026-07-09T00:28:37.263-0500] {logging_mixin.py:188} INFO - [2026-07-09T00:28:37.263-0500] {dag.py:3089} INFO - Sync 1 DAGs
[2026-07-09T00:28:37.273-0500] {logging_mixin.py:188} INFO - [2026-07-09T00:28:37.273-0500] {dag.py:3947} INFO - Setting next_dagrun for aerotrack_travel_monitor_correo to None, run_after=None
[2026-07-09T00:28:37.290-0500] {processor.py:183} INFO - Processing /opt/airflow/dags/dag_monitor_correo.py took 0.096 seconds
[2026-07-09T00:29:08.295-0500] {processor.py:161} INFO - Started process (PID=6418) to work on /opt/airflow/dags/dag_monitor_correo.py
[2026-07-09T00:29:08.296-0500] {processor.py:830} INFO - Processing file /opt/airflow/dags/dag_monitor_correo.py for tasks to queue
[2026-07-09T00:29:08.298-0500] {logging_mixin.py:188} INFO - [2026-07-09T00:29:08.298-0500] {dagbag.py:545} INFO - Filling up the DagBag from /opt/airflow/dags/dag_monitor_correo.py
[2026-07-09T00:29:08.333-0500] {processor.py:840} INFO - DAG(s) 'aerotrack_travel_monitor_correo' retrieved from /opt/airflow/dags/dag_monitor_correo.py
[2026-07-09T00:29:08.362-0500] {logging_mixin.py:188} INFO - [2026-07-09T00:29:08.361-0500] {dag.py:3089} INFO - Sync 1 DAGs
[2026-07-09T00:29:08.371-0500] {logging_mixin.py:188} INFO - [2026-07-09T00:29:08.371-0500] {dag.py:3947} INFO - Setting next_dagrun for aerotrack_travel_monitor_correo to None, run_after=None
[2026-07-09T00:29:08.386-0500] {processor.py:183} INFO - Processing /opt/airflow/dags/dag_monitor_correo.py took 0.097 seconds
[2026-07-09T00:29:39.284-0500] {processor.py:161} INFO - Started process (PID=6445) to work on /opt/airflow/dags/dag_monitor_correo.py
[2026-07-09T00:29:39.285-0500] {processor.py:830} INFO - Processing file /opt/airflow/dags/dag_monitor_correo.py for tasks to queue
[2026-07-09T00:29:39.287-0500] {logging_mixin.py:188} INFO - [2026-07-09T00:29:39.287-0500] {dagbag.py:545} INFO - Filling up the DagBag from /opt/airflow/dags/dag_monitor_correo.py
[2026-07-09T00:29:39.322-0500] {processor.py:840} INFO - DAG(s) 'aerotrack_travel_monitor_correo' retrieved from /opt/airflow/dags/dag_monitor_correo.py
[2026-07-09T00:29:39.349-0500] {logging_mixin.py:188} INFO - [2026-07-09T00:29:39.349-0500] {dag.py:3089} INFO - Sync 1 DAGs
[2026-07-09T00:29:39.357-0500] {logging_mixin.py:188} INFO - [2026-07-09T00:29:39.357-0500] {dag.py:3947} INFO - Setting next_dagrun for aerotrack_travel_monitor_correo to None, run_after=None
[2026-07-09T00:29:39.373-0500] {processor.py:183} INFO - Processing /opt/airflow/dags/dag_monitor_correo.py took 0.095 seconds
[2026-07-09T00:30:10.197-0500] {processor.py:161} INFO - Started process (PID=6472) to work on /opt/airflow/dags/dag_monitor_correo.py
[2026-07-09T00:30:10.197-0500] {processor.py:830} INFO - Processing file /opt/airflow/dags/dag_monitor_correo.py for tasks to queue
[2026-07-09T00:30:10.199-0500] {logging_mixin.py:188} INFO - [2026-07-09T00:30:10.199-0500] {dagbag.py:545} INFO - Filling up the DagBag from /opt/airflow/dags/dag_monitor_correo.py
[2026-07-09T00:30:10.227-0500] {processor.py:840} INFO - DAG(s) 'aerotrack_travel_monitor_correo' retrieved from /opt/airflow/dags/dag_monitor_correo.py
[2026-07-09T00:30:10.256-0500] {logging_mixin.py:188} INFO - [2026-07-09T00:30:10.255-0500] {dag.py:3089} INFO - Sync 1 DAGs
[2026-07-09T00:30:10.265-0500] {logging_mixin.py:188} INFO - [2026-07-09T00:30:10.265-0500] {dag.py:3947} INFO - Setting next_dagrun for aerotrack_travel_monitor_correo to None, run_after=None
[2026-07-09T00:30:10.280-0500] {processor.py:183} INFO - Processing /opt/airflow/dags/dag_monitor_correo.py took 0.088 seconds
[2026-07-09T00:30:41.211-0500] {processor.py:161} INFO - Started process (PID=6499) to work on /opt/airflow/dags/dag_monitor_correo.py
[2026-07-09T00:30:41.212-0500] {processor.py:830} INFO - Processing file /opt/airflow/dags/dag_monitor_correo.py for tasks to queue
[2026-07-09T00:30:41.214-0500] {logging_mixin.py:188} INFO - [2026-07-09T00:30:41.213-0500] {dagbag.py:545} INFO - Filling up the DagBag from /opt/airflow/dags/dag_monitor_correo.py
[2026-07-09T00:30:41.246-0500] {processor.py:840} INFO - DAG(s) 'aerotrack_travel_monitor_correo' retrieved from /opt/airflow/dags/dag_monitor_correo.py
[2026-07-09T00:30:41.275-0500] {logging_mixin.py:188} INFO - [2026-07-09T00:30:41.275-0500] {dag.py:3089} INFO - Sync 1 DAGs
[2026-07-09T00:30:41.285-0500] {logging_mixin.py:188} INFO - [2026-07-09T00:30:41.285-0500] {dag.py:3947} INFO - Setting next_dagrun for aerotrack_travel_monitor_correo to None, run_after=None
[2026-07-09T00:30:41.301-0500] {processor.py:183} INFO - Processing /opt/airflow/dags/dag_monitor_correo.py took 0.094 seconds
[2026-07-09T00:31:12.234-0500] {processor.py:161} INFO - Started process (PID=6526) to work on /opt/airflow/dags/dag_monitor_correo.py
[2026-07-09T00:31:12.235-0500] {processor.py:830} INFO - Processing file /opt/airflow/dags/dag_monitor_correo.py for tasks to queue
[2026-07-09T00:31:12.236-0500] {logging_mixin.py:188} INFO - [2026-07-09T00:31:12.236-0500] {dagbag.py:545} INFO - Filling up the DagBag from /opt/airflow/dags/dag_monitor_correo.py
[2026-07-09T00:31:12.264-0500] {processor.py:840} INFO - DAG(s) 'aerotrack_travel_monitor_correo' retrieved from /opt/airflow/dags/dag_monitor_correo.py
[2026-07-09T00:31:12.292-0500] {logging_mixin.py:188} INFO - [2026-07-09T00:31:12.292-0500] {dag.py:3089} INFO - Sync 1 DAGs
[2026-07-09T00:31:12.302-0500] {logging_mixin.py:188} INFO - [2026-07-09T00:31:12.302-0500] {dag.py:3947} INFO - Setting next_dagrun for aerotrack_travel_monitor_correo to None, run_after=None
[2026-07-09T00:31:12.318-0500] {processor.py:183} INFO - Processing /opt/airflow/dags/dag_monitor_correo.py took 0.088 seconds
[2026-07-09T00:31:43.300-0500] {processor.py:161} INFO - Started process (PID=6553) to work on /opt/airflow/dags/dag_monitor_correo.py
[2026-07-09T00:31:43.302-0500] {processor.py:830} INFO - Processing file /opt/airflow/dags/dag_monitor_correo.py for tasks to queue
[2026-07-09T00:31:43.303-0500] {logging_mixin.py:188} INFO - [2026-07-09T00:31:43.303-0500] {dagbag.py:545} INFO - Filling up the DagBag from /opt/airflow/dags/dag_monitor_correo.py
[2026-07-09T00:31:43.334-0500] {processor.py:840} INFO - DAG(s) 'aerotrack_travel_monitor_correo' retrieved from /opt/airflow/dags/dag_monitor_correo.py
[2026-07-09T00:31:43.361-0500] {logging_mixin.py:188} INFO - [2026-07-09T00:31:43.361-0500] {dag.py:3089} INFO - Sync 1 DAGs
[2026-07-09T00:31:43.371-0500] {logging_mixin.py:188} INFO - [2026-07-09T00:31:43.371-0500] {dag.py:3947} INFO - Setting next_dagrun for aerotrack_travel_monitor_correo to None, run_after=None
[2026-07-09T00:31:43.386-0500] {processor.py:183} INFO - Processing /opt/airflow/dags/dag_monitor_correo.py took 0.091 seconds
[2026-07-09T00:32:14.363-0500] {processor.py:161} INFO - Started process (PID=6580) to work on /opt/airflow/dags/dag_monitor_correo.py
[2026-07-09T00:32:14.365-0500] {processor.py:830} INFO - Processing file /opt/airflow/dags/dag_monitor_correo.py for tasks to queue
[2026-07-09T00:32:14.367-0500] {logging_mixin.py:188} INFO - [2026-07-09T00:32:14.366-0500] {dagbag.py:545} INFO - Filling up the DagBag from /opt/airflow/dags/dag_monitor_correo.py
[2026-07-09T00:32:14.413-0500] {processor.py:840} INFO - DAG(s) 'aerotrack_travel_monitor_correo' retrieved from /opt/airflow/dags/dag_monitor_correo.py
[2026-07-09T00:32:14.453-0500] {logging_mixin.py:188} INFO - [2026-07-09T00:32:14.453-0500] {dag.py:3089} INFO - Sync 1 DAGs
[2026-07-09T00:32:14.470-0500] {logging_mixin.py:188} INFO - [2026-07-09T00:32:14.470-0500] {dag.py:3947} INFO - Setting next_dagrun for aerotrack_travel_monitor_correo to None, run_after=None
[2026-07-09T00:32:14.487-0500] {processor.py:183} INFO - Processing /opt/airflow/dags/dag_monitor_correo.py took 0.129 seconds
[2026-07-09T00:32:45.394-0500] {processor.py:161} INFO - Started process (PID=6607) to work on /opt/airflow/dags/dag_monitor_correo.py
[2026-07-09T00:32:45.395-0500] {processor.py:830} INFO - Processing file /opt/airflow/dags/dag_monitor_correo.py for tasks to queue
[2026-07-09T00:32:45.396-0500] {logging_mixin.py:188} INFO - [2026-07-09T00:32:45.396-0500] {dagbag.py:545} INFO - Filling up the DagBag from /opt/airflow/dags/dag_monitor_correo.py
[2026-07-09T00:32:45.426-0500] {processor.py:840} INFO - DAG(s) 'aerotrack_travel_monitor_correo' retrieved from /opt/airflow/dags/dag_monitor_correo.py
[2026-07-09T00:32:45.455-0500] {logging_mixin.py:188} INFO - [2026-07-09T00:32:45.455-0500] {dag.py:3089} INFO - Sync 1 DAGs
[2026-07-09T00:32:45.466-0500] {logging_mixin.py:188} INFO - [2026-07-09T00:32:45.466-0500] {dag.py:3947} INFO - Setting next_dagrun for aerotrack_travel_monitor_correo to None, run_after=None
[2026-07-09T00:32:45.609-0500] {processor.py:183} INFO - Processing /opt/airflow/dags/dag_monitor_correo.py took 0.220 seconds
[2026-07-09T00:33:15.699-0500] {processor.py:161} INFO - Started process (PID=6634) to work on /opt/airflow/dags/dag_monitor_correo.py
[2026-07-09T00:33:15.701-0500] {processor.py:830} INFO - Processing file /opt/airflow/dags/dag_monitor_correo.py for tasks to queue
[2026-07-09T00:33:15.703-0500] {logging_mixin.py:188} INFO - [2026-07-09T00:33:15.702-0500] {dagbag.py:545} INFO - Filling up the DagBag from /opt/airflow/dags/dag_monitor_correo.py
[2026-07-09T00:33:15.757-0500] {processor.py:840} INFO - DAG(s) 'aerotrack_travel_monitor_correo' retrieved from /opt/airflow/dags/dag_monitor_correo.py
[2026-07-09T00:33:15.795-0500] {logging_mixin.py:188} INFO - [2026-07-09T00:33:15.794-0500] {dag.py:3089} INFO - Sync 1 DAGs
[2026-07-09T00:33:15.806-0500] {logging_mixin.py:188} INFO - [2026-07-09T00:33:15.806-0500] {dag.py:3947} INFO - Setting next_dagrun for aerotrack_travel_monitor_correo to None, run_after=None
[2026-07-09T00:33:15.822-0500] {processor.py:183} INFO - Processing /opt/airflow/dags/dag_monitor_correo.py took 0.127 seconds
[2026-07-09T00:33:45.914-0500] {processor.py:161} INFO - Started process (PID=6661) to work on /opt/airflow/dags/dag_monitor_correo.py
[2026-07-09T00:33:45.915-0500] {processor.py:830} INFO - Processing file /opt/airflow/dags/dag_monitor_correo.py for tasks to queue
[2026-07-09T00:33:45.917-0500] {logging_mixin.py:188} INFO - [2026-07-09T00:33:45.917-0500] {dagbag.py:545} INFO - Filling up the DagBag from /opt/airflow/dags/dag_monitor_correo.py
[2026-07-09T00:33:45.957-0500] {processor.py:840} INFO - DAG(s) 'aerotrack_travel_monitor_correo' retrieved from /opt/airflow/dags/dag_monitor_correo.py
[2026-07-09T00:33:45.989-0500] {logging_mixin.py:188} INFO - [2026-07-09T00:33:45.989-0500] {dag.py:3089} INFO - Sync 1 DAGs
[2026-07-09T00:33:45.999-0500] {logging_mixin.py:188} INFO - [2026-07-09T00:33:45.999-0500] {dag.py:3947} INFO - Setting next_dagrun for aerotrack_travel_monitor_correo to None, run_after=None
[2026-07-09T00:33:46.015-0500] {processor.py:183} INFO - Processing /opt/airflow/dags/dag_monitor_correo.py took 0.106 seconds
[2026-07-09T00:34:16.903-0500] {processor.py:161} INFO - Started process (PID=6688) to work on /opt/airflow/dags/dag_monitor_correo.py
[2026-07-09T00:34:16.904-0500] {processor.py:830} INFO - Processing file /opt/airflow/dags/dag_monitor_correo.py for tasks to queue
[2026-07-09T00:34:16.906-0500] {logging_mixin.py:188} INFO - [2026-07-09T00:34:16.906-0500] {dagbag.py:545} INFO - Filling up the DagBag from /opt/airflow/dags/dag_monitor_correo.py
[2026-07-09T00:34:16.957-0500] {processor.py:840} INFO - DAG(s) 'aerotrack_travel_monitor_correo' retrieved from /opt/airflow/dags/dag_monitor_correo.py
[2026-07-09T00:34:16.999-0500] {logging_mixin.py:188} INFO - [2026-07-09T00:34:16.998-0500] {dag.py:3089} INFO - Sync 1 DAGs
[2026-07-09T00:34:17.010-0500] {logging_mixin.py:188} INFO - [2026-07-09T00:34:17.010-0500] {dag.py:3947} INFO - Setting next_dagrun for aerotrack_travel_monitor_correo to None, run_after=None
[2026-07-09T00:34:17.029-0500] {processor.py:183} INFO - Processing /opt/airflow/dags/dag_monitor_correo.py took 0.134 seconds
[2026-07-09T00:34:47.844-0500] {processor.py:161} INFO - Started process (PID=6715) to work on /opt/airflow/dags/dag_monitor_correo.py
[2026-07-09T00:34:47.845-0500] {processor.py:830} INFO - Processing file /opt/airflow/dags/dag_monitor_correo.py for tasks to queue
[2026-07-09T00:34:47.847-0500] {logging_mixin.py:188} INFO - [2026-07-09T00:34:47.846-0500] {dagbag.py:545} INFO - Filling up the DagBag from /opt/airflow/dags/dag_monitor_correo.py
[2026-07-09T00:34:47.885-0500] {processor.py:840} INFO - DAG(s) 'aerotrack_travel_monitor_correo' retrieved from /opt/airflow/dags/dag_monitor_correo.py
[2026-07-09T00:34:47.913-0500] {logging_mixin.py:188} INFO - [2026-07-09T00:34:47.912-0500] {dag.py:3089} INFO - Sync 1 DAGs
[2026-07-09T00:34:47.922-0500] {logging_mixin.py:188} INFO - [2026-07-09T00:34:47.922-0500] {dag.py:3947} INFO - Setting next_dagrun for aerotrack_travel_monitor_correo to None, run_after=None
[2026-07-09T00:34:48.037-0500] {processor.py:183} INFO - Processing /opt/airflow/dags/dag_monitor_correo.py took 0.198 seconds
[2026-07-09T00:35:18.646-0500] {processor.py:161} INFO - Started process (PID=6742) to work on /opt/airflow/dags/dag_monitor_correo.py
[2026-07-09T00:35:18.647-0500] {processor.py:830} INFO - Processing file /opt/airflow/dags/dag_monitor_correo.py for tasks to queue
[2026-07-09T00:35:18.648-0500] {logging_mixin.py:188} INFO - [2026-07-09T00:35:18.648-0500] {dagbag.py:545} INFO - Filling up the DagBag from /opt/airflow/dags/dag_monitor_correo.py
[2026-07-09T00:35:18.671-0500] {processor.py:840} INFO - DAG(s) 'aerotrack_travel_monitor_correo' retrieved from /opt/airflow/dags/dag_monitor_correo.py
[2026-07-09T00:35:18.697-0500] {logging_mixin.py:188} INFO - [2026-07-09T00:35:18.697-0500] {dag.py:3089} INFO - Sync 1 DAGs
[2026-07-09T00:35:18.705-0500] {logging_mixin.py:188} INFO - [2026-07-09T00:35:18.705-0500] {dag.py:3947} INFO - Setting next_dagrun for aerotrack_travel_monitor_correo to None, run_after=None
[2026-07-09T00:35:18.720-0500] {processor.py:183} INFO - Processing /opt/airflow/dags/dag_monitor_correo.py took 0.078 seconds
[2026-07-09T00:35:49.584-0500] {processor.py:161} INFO - Started process (PID=6769) to work on /opt/airflow/dags/dag_monitor_correo.py
[2026-07-09T00:35:49.585-0500] {processor.py:830} INFO - Processing file /opt/airflow/dags/dag_monitor_correo.py for tasks to queue
[2026-07-09T00:35:49.587-0500] {logging_mixin.py:188} INFO - [2026-07-09T00:35:49.587-0500] {dagbag.py:545} INFO - Filling up the DagBag from /opt/airflow/dags/dag_monitor_correo.py
[2026-07-09T00:35:49.618-0500] {processor.py:840} INFO - DAG(s) 'aerotrack_travel_monitor_correo' retrieved from /opt/airflow/dags/dag_monitor_correo.py
[2026-07-09T00:35:49.648-0500] {logging_mixin.py:188} INFO - [2026-07-09T00:35:49.648-0500] {dag.py:3089} INFO - Sync 1 DAGs
[2026-07-09T00:35:49.658-0500] {logging_mixin.py:188} INFO - [2026-07-09T00:35:49.658-0500] {dag.py:3947} INFO - Setting next_dagrun for aerotrack_travel_monitor_correo to None, run_after=None
[2026-07-09T00:35:49.675-0500] {processor.py:183} INFO - Processing /opt/airflow/dags/dag_monitor_correo.py took 0.095 seconds
[2026-07-09T00:36:20.683-0500] {processor.py:161} INFO - Started process (PID=6796) to work on /opt/airflow/dags/dag_monitor_correo.py
[2026-07-09T00:36:20.684-0500] {processor.py:830} INFO - Processing file /opt/airflow/dags/dag_monitor_correo.py for tasks to queue
[2026-07-09T00:36:20.686-0500] {logging_mixin.py:188} INFO - [2026-07-09T00:36:20.686-0500] {dagbag.py:545} INFO - Filling up the DagBag from /opt/airflow/dags/dag_monitor_correo.py
[2026-07-09T00:36:20.725-0500] {processor.py:840} INFO - DAG(s) 'aerotrack_travel_monitor_correo' retrieved from /opt/airflow/dags/dag_monitor_correo.py
[2026-07-09T00:36:20.756-0500] {logging_mixin.py:188} INFO - [2026-07-09T00:36:20.756-0500] {dag.py:3089} INFO - Sync 1 DAGs
[2026-07-09T00:36:20.766-0500] {logging_mixin.py:188} INFO - [2026-07-09T00:36:20.766-0500] {dag.py:3947} INFO - Setting next_dagrun for aerotrack_travel_monitor_correo to None, run_after=None
[2026-07-09T00:36:20.784-0500] {processor.py:183} INFO - Processing /opt/airflow/dags/dag_monitor_correo.py took 0.105 seconds
[2026-07-09T00:36:51.776-0500] {processor.py:161} INFO - Started process (PID=6823) to work on /opt/airflow/dags/dag_monitor_correo.py
[2026-07-09T00:36:51.776-0500] {processor.py:830} INFO - Processing file /opt/airflow/dags/dag_monitor_correo.py for tasks to queue
[2026-07-09T00:36:51.778-0500] {logging_mixin.py:188} INFO - [2026-07-09T00:36:51.777-0500] {dagbag.py:545} INFO - Filling up the DagBag from /opt/airflow/dags/dag_monitor_correo.py
[2026-07-09T00:36:51.802-0500] {processor.py:840} INFO - DAG(s) 'aerotrack_travel_monitor_correo' retrieved from /opt/airflow/dags/dag_monitor_correo.py
[2026-07-09T00:36:51.827-0500] {logging_mixin.py:188} INFO - [2026-07-09T00:36:51.827-0500] {dag.py:3089} INFO - Sync 1 DAGs
[2026-07-09T00:36:51.837-0500] {logging_mixin.py:188} INFO - [2026-07-09T00:36:51.837-0500] {dag.py:3947} INFO - Setting next_dagrun for aerotrack_travel_monitor_correo to None, run_after=None
[2026-07-09T00:36:51.950-0500] {processor.py:183} INFO - Processing /opt/airflow/dags/dag_monitor_correo.py took 0.178 seconds
[2026-07-09T00:37:22.833-0500] {processor.py:161} INFO - Started process (PID=6850) to work on /opt/airflow/dags/dag_monitor_correo.py
[2026-07-09T00:37:22.834-0500] {processor.py:830} INFO - Processing file /opt/airflow/dags/dag_monitor_correo.py for tasks to queue
[2026-07-09T00:37:22.836-0500] {logging_mixin.py:188} INFO - [2026-07-09T00:37:22.835-0500] {dagbag.py:545} INFO - Filling up the DagBag from /opt/airflow/dags/dag_monitor_correo.py
[2026-07-09T00:37:22.865-0500] {processor.py:840} INFO - DAG(s) 'aerotrack_travel_monitor_correo' retrieved from /opt/airflow/dags/dag_monitor_correo.py
[2026-07-09T00:37:22.890-0500] {logging_mixin.py:188} INFO - [2026-07-09T00:37:22.890-0500] {dag.py:3089} INFO - Sync 1 DAGs
[2026-07-09T00:37:23.003-0500] {logging_mixin.py:188} INFO - [2026-07-09T00:37:23.003-0500] {dag.py:3947} INFO - Setting next_dagrun for aerotrack_travel_monitor_correo to None, run_after=None
[2026-07-09T00:37:23.019-0500] {processor.py:183} INFO - Processing /opt/airflow/dags/dag_monitor_correo.py took 0.190 seconds
[2026-07-09T00:37:53.882-0500] {processor.py:161} INFO - Started process (PID=6880) to work on /opt/airflow/dags/dag_monitor_correo.py
[2026-07-09T00:37:53.884-0500] {processor.py:830} INFO - Processing file /opt/airflow/dags/dag_monitor_correo.py for tasks to queue
[2026-07-09T00:37:53.887-0500] {logging_mixin.py:188} INFO - [2026-07-09T00:37:53.886-0500] {dagbag.py:545} INFO - Filling up the DagBag from /opt/airflow/dags/dag_monitor_correo.py
[2026-07-09T00:37:53.924-0500] {processor.py:840} INFO - DAG(s) 'aerotrack_travel_monitor_correo' retrieved from /opt/airflow/dags/dag_monitor_correo.py
[2026-07-09T00:37:53.959-0500] {logging_mixin.py:188} INFO - [2026-07-09T00:37:53.959-0500] {dag.py:3089} INFO - Sync 1 DAGs
[2026-07-09T00:37:53.969-0500] {logging_mixin.py:188} INFO - [2026-07-09T00:37:53.969-0500] {dag.py:3947} INFO - Setting next_dagrun for aerotrack_travel_monitor_correo to None, run_after=None
[2026-07-09T00:37:53.984-0500] {processor.py:183} INFO - Processing /opt/airflow/dags/dag_monitor_correo.py took 0.108 seconds
[2026-07-09T00:38:24.862-0500] {processor.py:161} INFO - Started process (PID=6907) to work on /opt/airflow/dags/dag_monitor_correo.py
[2026-07-09T00:38:24.862-0500] {processor.py:830} INFO - Processing file /opt/airflow/dags/dag_monitor_correo.py for tasks to queue
[2026-07-09T00:38:24.864-0500] {logging_mixin.py:188} INFO - [2026-07-09T00:38:24.863-0500] {dagbag.py:545} INFO - Filling up the DagBag from /opt/airflow/dags/dag_monitor_correo.py
[2026-07-09T00:38:24.890-0500] {processor.py:840} INFO - DAG(s) 'aerotrack_travel_monitor_correo' retrieved from /opt/airflow/dags/dag_monitor_correo.py
[2026-07-09T00:38:24.915-0500] {logging_mixin.py:188} INFO - [2026-07-09T00:38:24.915-0500] {dag.py:3089} INFO - Sync 1 DAGs
[2026-07-09T00:38:24.927-0500] {logging_mixin.py:188} INFO - [2026-07-09T00:38:24.926-0500] {dag.py:3947} INFO - Setting next_dagrun for aerotrack_travel_monitor_correo to None, run_after=None
[2026-07-09T00:38:24.957-0500] {processor.py:183} INFO - Processing /opt/airflow/dags/dag_monitor_correo.py took 0.099 seconds
[2026-07-09T00:38:55.730-0500] {processor.py:161} INFO - Started process (PID=6934) to work on /opt/airflow/dags/dag_monitor_correo.py
[2026-07-09T00:38:55.731-0500] {processor.py:830} INFO - Processing file /opt/airflow/dags/dag_monitor_correo.py for tasks to queue
[2026-07-09T00:38:55.733-0500] {logging_mixin.py:188} INFO - [2026-07-09T00:38:55.732-0500] {dagbag.py:545} INFO - Filling up the DagBag from /opt/airflow/dags/dag_monitor_correo.py
[2026-07-09T00:38:55.760-0500] {processor.py:840} INFO - DAG(s) 'aerotrack_travel_monitor_correo' retrieved from /opt/airflow/dags/dag_monitor_correo.py
[2026-07-09T00:38:55.787-0500] {logging_mixin.py:188} INFO - [2026-07-09T00:38:55.787-0500] {dag.py:3089} INFO - Sync 1 DAGs
[2026-07-09T00:38:55.932-0500] {logging_mixin.py:188} INFO - [2026-07-09T00:38:55.931-0500] {dag.py:3947} INFO - Setting next_dagrun for aerotrack_travel_monitor_correo to None, run_after=None
[2026-07-09T00:38:55.945-0500] {processor.py:183} INFO - Processing /opt/airflow/dags/dag_monitor_correo.py took 0.219 seconds
[2026-07-09T00:39:26.609-0500] {processor.py:161} INFO - Started process (PID=6961) to work on /opt/airflow/dags/dag_monitor_correo.py
[2026-07-09T00:39:26.610-0500] {processor.py:830} INFO - Processing file /opt/airflow/dags/dag_monitor_correo.py for tasks to queue
[2026-07-09T00:39:26.611-0500] {logging_mixin.py:188} INFO - [2026-07-09T00:39:26.611-0500] {dagbag.py:545} INFO - Filling up the DagBag from /opt/airflow/dags/dag_monitor_correo.py
[2026-07-09T00:39:26.656-0500] {processor.py:840} INFO - DAG(s) 'aerotrack_travel_monitor_correo' retrieved from /opt/airflow/dags/dag_monitor_correo.py
[2026-07-09T00:39:26.821-0500] {logging_mixin.py:188} INFO - [2026-07-09T00:39:26.821-0500] {dag.py:3089} INFO - Sync 1 DAGs
[2026-07-09T00:39:26.828-0500] {logging_mixin.py:188} INFO - [2026-07-09T00:39:26.828-0500] {dag.py:3947} INFO - Setting next_dagrun for aerotrack_travel_monitor_correo to None, run_after=None
[2026-07-09T00:39:26.844-0500] {processor.py:183} INFO - Processing /opt/airflow/dags/dag_monitor_correo.py took 0.239 seconds
[2026-07-09T00:39:57.495-0500] {processor.py:161} INFO - Started process (PID=6988) to work on /opt/airflow/dags/dag_monitor_correo.py
[2026-07-09T00:39:57.496-0500] {processor.py:830} INFO - Processing file /opt/airflow/dags/dag_monitor_correo.py for tasks to queue
[2026-07-09T00:39:57.497-0500] {logging_mixin.py:188} INFO - [2026-07-09T00:39:57.497-0500] {dagbag.py:545} INFO - Filling up the DagBag from /opt/airflow/dags/dag_monitor_correo.py
[2026-07-09T00:39:57.640-0500] {processor.py:840} INFO - DAG(s) 'aerotrack_travel_monitor_correo' retrieved from /opt/airflow/dags/dag_monitor_correo.py
[2026-07-09T00:39:57.665-0500] {logging_mixin.py:188} INFO - [2026-07-09T00:39:57.665-0500] {dag.py:3089} INFO - Sync 1 DAGs
[2026-07-09T00:39:57.673-0500] {logging_mixin.py:188} INFO - [2026-07-09T00:39:57.673-0500] {dag.py:3947} INFO - Setting next_dagrun for aerotrack_travel_monitor_correo to None, run_after=None
[2026-07-09T00:39:57.688-0500] {processor.py:183} INFO - Processing /opt/airflow/dags/dag_monitor_correo.py took 0.198 seconds
[2026-07-09T00:40:28.361-0500] {processor.py:161} INFO - Started process (PID=7015) to work on /opt/airflow/dags/dag_monitor_correo.py
[2026-07-09T00:40:28.362-0500] {processor.py:830} INFO - Processing file /opt/airflow/dags/dag_monitor_correo.py for tasks to queue
[2026-07-09T00:40:28.364-0500] {logging_mixin.py:188} INFO - [2026-07-09T00:40:28.363-0500] {dagbag.py:545} INFO - Filling up the DagBag from /opt/airflow/dags/dag_monitor_correo.py
[2026-07-09T00:40:28.393-0500] {processor.py:840} INFO - DAG(s) 'aerotrack_travel_monitor_correo' retrieved from /opt/airflow/dags/dag_monitor_correo.py
[2026-07-09T00:40:28.422-0500] {logging_mixin.py:188} INFO - [2026-07-09T00:40:28.422-0500] {dag.py:3089} INFO - Sync 1 DAGs
[2026-07-09T00:40:28.432-0500] {logging_mixin.py:188} INFO - [2026-07-09T00:40:28.432-0500] {dag.py:3947} INFO - Setting next_dagrun for aerotrack_travel_monitor_correo to None, run_after=None
[2026-07-09T00:40:28.448-0500] {processor.py:183} INFO - Processing /opt/airflow/dags/dag_monitor_correo.py took 0.091 seconds
[2026-07-09T00:40:59.219-0500] {processor.py:161} INFO - Started process (PID=7042) to work on /opt/airflow/dags/dag_monitor_correo.py
[2026-07-09T00:40:59.220-0500] {processor.py:830} INFO - Processing file /opt/airflow/dags/dag_monitor_correo.py for tasks to queue
[2026-07-09T00:40:59.222-0500] {logging_mixin.py:188} INFO - [2026-07-09T00:40:59.222-0500] {dagbag.py:545} INFO - Filling up the DagBag from /opt/airflow/dags/dag_monitor_correo.py
[2026-07-09T00:40:59.266-0500] {processor.py:840} INFO - DAG(s) 'aerotrack_travel_monitor_correo' retrieved from /opt/airflow/dags/dag_monitor_correo.py
[2026-07-09T00:40:59.301-0500] {logging_mixin.py:188} INFO - [2026-07-09T00:40:59.300-0500] {dag.py:3089} INFO - Sync 1 DAGs
[2026-07-09T00:40:59.314-0500] {logging_mixin.py:188} INFO - [2026-07-09T00:40:59.313-0500] {dag.py:3947} INFO - Setting next_dagrun for aerotrack_travel_monitor_correo to None, run_after=None
[2026-07-09T00:40:59.335-0500] {processor.py:183} INFO - Processing /opt/airflow/dags/dag_monitor_correo.py took 0.121 seconds
[2026-07-09T00:41:30.059-0500] {processor.py:161} INFO - Started process (PID=7069) to work on /opt/airflow/dags/dag_monitor_correo.py
[2026-07-09T00:41:30.060-0500] {processor.py:830} INFO - Processing file /opt/airflow/dags/dag_monitor_correo.py for tasks to queue
[2026-07-09T00:41:30.062-0500] {logging_mixin.py:188} INFO - [2026-07-09T00:41:30.062-0500] {dagbag.py:545} INFO - Filling up the DagBag from /opt/airflow/dags/dag_monitor_correo.py
[2026-07-09T00:41:30.098-0500] {processor.py:840} INFO - DAG(s) 'aerotrack_travel_monitor_correo' retrieved from /opt/airflow/dags/dag_monitor_correo.py
[2026-07-09T00:41:30.130-0500] {logging_mixin.py:188} INFO - [2026-07-09T00:41:30.130-0500] {dag.py:3089} INFO - Sync 1 DAGs
[2026-07-09T00:41:30.142-0500] {logging_mixin.py:188} INFO - [2026-07-09T00:41:30.142-0500] {dag.py:3947} INFO - Setting next_dagrun for aerotrack_travel_monitor_correo to None, run_after=None
[2026-07-09T00:41:30.156-0500] {processor.py:183} INFO - Processing /opt/airflow/dags/dag_monitor_correo.py took 0.102 seconds
[2026-07-09T00:42:00.856-0500] {processor.py:161} INFO - Started process (PID=7096) to work on /opt/airflow/dags/dag_monitor_correo.py
[2026-07-09T00:42:00.857-0500] {processor.py:830} INFO - Processing file /opt/airflow/dags/dag_monitor_correo.py for tasks to queue
[2026-07-09T00:42:00.859-0500] {logging_mixin.py:188} INFO - [2026-07-09T00:42:00.859-0500] {dagbag.py:545} INFO - Filling up the DagBag from /opt/airflow/dags/dag_monitor_correo.py
[2026-07-09T00:42:00.898-0500] {processor.py:840} INFO - DAG(s) 'aerotrack_travel_monitor_correo' retrieved from /opt/airflow/dags/dag_monitor_correo.py
[2026-07-09T00:42:00.927-0500] {logging_mixin.py:188} INFO - [2026-07-09T00:42:00.926-0500] {dag.py:3089} INFO - Sync 1 DAGs
[2026-07-09T00:42:00.938-0500] {logging_mixin.py:188} INFO - [2026-07-09T00:42:00.938-0500] {dag.py:3947} INFO - Setting next_dagrun for aerotrack_travel_monitor_correo to None, run_after=None
[2026-07-09T00:42:00.956-0500] {processor.py:183} INFO - Processing /opt/airflow/dags/dag_monitor_correo.py took 0.105 seconds
[2026-07-09T00:42:31.625-0500] {processor.py:161} INFO - Started process (PID=7123) to work on /opt/airflow/dags/dag_monitor_correo.py
[2026-07-09T00:42:31.626-0500] {processor.py:830} INFO - Processing file /opt/airflow/dags/dag_monitor_correo.py for tasks to queue
[2026-07-09T00:42:31.628-0500] {logging_mixin.py:188} INFO - [2026-07-09T00:42:31.628-0500] {dagbag.py:545} INFO - Filling up the DagBag from /opt/airflow/dags/dag_monitor_correo.py
[2026-07-09T00:42:31.658-0500] {processor.py:840} INFO - DAG(s) 'aerotrack_travel_monitor_correo' retrieved from /opt/airflow/dags/dag_monitor_correo.py
[2026-07-09T00:42:31.688-0500] {logging_mixin.py:188} INFO - [2026-07-09T00:42:31.688-0500] {dag.py:3089} INFO - Sync 1 DAGs
[2026-07-09T00:42:31.698-0500] {logging_mixin.py:188} INFO - [2026-07-09T00:42:31.698-0500] {dag.py:3947} INFO - Setting next_dagrun for aerotrack_travel_monitor_correo to None, run_after=None
[2026-07-09T00:42:31.716-0500] {processor.py:183} INFO - Processing /opt/airflow/dags/dag_monitor_correo.py took 0.096 seconds
[2026-07-09T00:43:02.505-0500] {processor.py:161} INFO - Started process (PID=7150) to work on /opt/airflow/dags/dag_monitor_correo.py
[2026-07-09T00:43:02.506-0500] {processor.py:830} INFO - Processing file /opt/airflow/dags/dag_monitor_correo.py for tasks to queue
[2026-07-09T00:43:02.508-0500] {logging_mixin.py:188} INFO - [2026-07-09T00:43:02.508-0500] {dagbag.py:545} INFO - Filling up the DagBag from /opt/airflow/dags/dag_monitor_correo.py
[2026-07-09T00:43:02.546-0500] {processor.py:840} INFO - DAG(s) 'aerotrack_travel_monitor_correo' retrieved from /opt/airflow/dags/dag_monitor_correo.py
[2026-07-09T00:43:02.580-0500] {logging_mixin.py:188} INFO - [2026-07-09T00:43:02.580-0500] {dag.py:3089} INFO - Sync 1 DAGs
[2026-07-09T00:43:02.591-0500] {logging_mixin.py:188} INFO - [2026-07-09T00:43:02.591-0500] {dag.py:3947} INFO - Setting next_dagrun for aerotrack_travel_monitor_correo to None, run_after=None
[2026-07-09T00:43:02.608-0500] {processor.py:183} INFO - Processing /opt/airflow/dags/dag_monitor_correo.py took 0.107 seconds
[2026-07-09T00:43:33.278-0500] {processor.py:161} INFO - Started process (PID=7177) to work on /opt/airflow/dags/dag_monitor_correo.py
[2026-07-09T00:43:33.279-0500] {processor.py:830} INFO - Processing file /opt/airflow/dags/dag_monitor_correo.py for tasks to queue
[2026-07-09T00:43:33.281-0500] {logging_mixin.py:188} INFO - [2026-07-09T00:43:33.280-0500] {dagbag.py:545} INFO - Filling up the DagBag from /opt/airflow/dags/dag_monitor_correo.py
[2026-07-09T00:43:33.321-0500] {processor.py:840} INFO - DAG(s) 'aerotrack_travel_monitor_correo' retrieved from /opt/airflow/dags/dag_monitor_correo.py
[2026-07-09T00:43:33.356-0500] {logging_mixin.py:188} INFO - [2026-07-09T00:43:33.356-0500] {dag.py:3089} INFO - Sync 1 DAGs
[2026-07-09T00:43:33.369-0500] {logging_mixin.py:188} INFO - [2026-07-09T00:43:33.369-0500] {dag.py:3947} INFO - Setting next_dagrun for aerotrack_travel_monitor_correo to None, run_after=None
[2026-07-09T00:43:33.385-0500] {processor.py:183} INFO - Processing /opt/airflow/dags/dag_monitor_correo.py took 0.112 seconds
[2026-07-09T00:44:04.056-0500] {processor.py:161} INFO - Started process (PID=7204) to work on /opt/airflow/dags/dag_monitor_correo.py
[2026-07-09T00:44:04.057-0500] {processor.py:830} INFO - Processing file /opt/airflow/dags/dag_monitor_correo.py for tasks to queue
[2026-07-09T00:44:04.059-0500] {logging_mixin.py:188} INFO - [2026-07-09T00:44:04.059-0500] {dagbag.py:545} INFO - Filling up the DagBag from /opt/airflow/dags/dag_monitor_correo.py
[2026-07-09T00:44:04.104-0500] {processor.py:840} INFO - DAG(s) 'aerotrack_travel_monitor_correo' retrieved from /opt/airflow/dags/dag_monitor_correo.py
[2026-07-09T00:44:04.139-0500] {logging_mixin.py:188} INFO - [2026-07-09T00:44:04.138-0500] {dag.py:3089} INFO - Sync 1 DAGs
[2026-07-09T00:44:04.149-0500] {logging_mixin.py:188} INFO - [2026-07-09T00:44:04.149-0500] {dag.py:3947} INFO - Setting next_dagrun for aerotrack_travel_monitor_correo to None, run_after=None
[2026-07-09T00:44:04.164-0500] {processor.py:183} INFO - Processing /opt/airflow/dags/dag_monitor_correo.py took 0.114 seconds
[2026-07-09T00:44:34.942-0500] {processor.py:161} INFO - Started process (PID=7231) to work on /opt/airflow/dags/dag_monitor_correo.py
[2026-07-09T00:44:34.943-0500] {processor.py:830} INFO - Processing file /opt/airflow/dags/dag_monitor_correo.py for tasks to queue
[2026-07-09T00:44:34.945-0500] {logging_mixin.py:188} INFO - [2026-07-09T00:44:34.944-0500] {dagbag.py:545} INFO - Filling up the DagBag from /opt/airflow/dags/dag_monitor_correo.py
[2026-07-09T00:44:34.989-0500] {processor.py:840} INFO - DAG(s) 'aerotrack_travel_monitor_correo' retrieved from /opt/airflow/dags/dag_monitor_correo.py
[2026-07-09T00:44:35.024-0500] {logging_mixin.py:188} INFO - [2026-07-09T00:44:35.024-0500] {dag.py:3089} INFO - Sync 1 DAGs
[2026-07-09T00:44:35.037-0500] {logging_mixin.py:188} INFO - [2026-07-09T00:44:35.037-0500] {dag.py:3947} INFO - Setting next_dagrun for aerotrack_travel_monitor_correo to None, run_after=None
[2026-07-09T00:44:35.054-0500] {processor.py:183} INFO - Processing /opt/airflow/dags/dag_monitor_correo.py took 0.117 seconds
[2026-07-09T00:45:05.767-0500] {processor.py:161} INFO - Started process (PID=7258) to work on /opt/airflow/dags/dag_monitor_correo.py
[2026-07-09T00:45:05.768-0500] {processor.py:830} INFO - Processing file /opt/airflow/dags/dag_monitor_correo.py for tasks to queue
[2026-07-09T00:45:05.769-0500] {logging_mixin.py:188} INFO - [2026-07-09T00:45:05.769-0500] {dagbag.py:545} INFO - Filling up the DagBag from /opt/airflow/dags/dag_monitor_correo.py
[2026-07-09T00:45:05.799-0500] {processor.py:840} INFO - DAG(s) 'aerotrack_travel_monitor_correo' retrieved from /opt/airflow/dags/dag_monitor_correo.py
[2026-07-09T00:45:05.834-0500] {logging_mixin.py:188} INFO - [2026-07-09T00:45:05.834-0500] {dag.py:3089} INFO - Sync 1 DAGs
[2026-07-09T00:45:05.848-0500] {logging_mixin.py:188} INFO - [2026-07-09T00:45:05.848-0500] {dag.py:3947} INFO - Setting next_dagrun for aerotrack_travel_monitor_correo to None, run_after=None
[2026-07-09T00:45:05.864-0500] {processor.py:183} INFO - Processing /opt/airflow/dags/dag_monitor_correo.py took 0.102 seconds
[2026-07-09T00:45:36.561-0500] {processor.py:161} INFO - Started process (PID=7285) to work on /opt/airflow/dags/dag_monitor_correo.py
[2026-07-09T00:45:36.562-0500] {processor.py:830} INFO - Processing file /opt/airflow/dags/dag_monitor_correo.py for tasks to queue
[2026-07-09T00:45:36.563-0500] {logging_mixin.py:188} INFO - [2026-07-09T00:45:36.563-0500] {dagbag.py:545} INFO - Filling up the DagBag from /opt/airflow/dags/dag_monitor_correo.py
[2026-07-09T00:45:36.598-0500] {processor.py:840} INFO - DAG(s) 'aerotrack_travel_monitor_correo' retrieved from /opt/airflow/dags/dag_monitor_correo.py
[2026-07-09T00:45:36.632-0500] {logging_mixin.py:188} INFO - [2026-07-09T00:45:36.632-0500] {dag.py:3089} INFO - Sync 1 DAGs
[2026-07-09T00:45:36.643-0500] {logging_mixin.py:188} INFO - [2026-07-09T00:45:36.643-0500] {dag.py:3947} INFO - Setting next_dagrun for aerotrack_travel_monitor_correo to None, run_after=None
[2026-07-09T00:45:36.659-0500] {processor.py:183} INFO - Processing /opt/airflow/dags/dag_monitor_correo.py took 0.102 seconds
[2026-07-09T00:46:07.481-0500] {processor.py:161} INFO - Started process (PID=7312) to work on /opt/airflow/dags/dag_monitor_correo.py
[2026-07-09T00:46:07.482-0500] {processor.py:830} INFO - Processing file /opt/airflow/dags/dag_monitor_correo.py for tasks to queue
[2026-07-09T00:46:07.484-0500] {logging_mixin.py:188} INFO - [2026-07-09T00:46:07.483-0500] {dagbag.py:545} INFO - Filling up the DagBag from /opt/airflow/dags/dag_monitor_correo.py
[2026-07-09T00:46:07.524-0500] {processor.py:840} INFO - DAG(s) 'aerotrack_travel_monitor_correo' retrieved from /opt/airflow/dags/dag_monitor_correo.py
[2026-07-09T00:46:07.550-0500] {logging_mixin.py:188} INFO - [2026-07-09T00:46:07.550-0500] {dag.py:3089} INFO - Sync 1 DAGs
[2026-07-09T00:46:07.559-0500] {logging_mixin.py:188} INFO - [2026-07-09T00:46:07.559-0500] {dag.py:3947} INFO - Setting next_dagrun for aerotrack_travel_monitor_correo to None, run_after=None
[2026-07-09T00:46:07.573-0500] {processor.py:183} INFO - Processing /opt/airflow/dags/dag_monitor_correo.py took 0.097 seconds
[2026-07-09T00:46:38.308-0500] {processor.py:161} INFO - Started process (PID=7339) to work on /opt/airflow/dags/dag_monitor_correo.py
[2026-07-09T00:46:38.309-0500] {processor.py:830} INFO - Processing file /opt/airflow/dags/dag_monitor_correo.py for tasks to queue
[2026-07-09T00:46:38.310-0500] {logging_mixin.py:188} INFO - [2026-07-09T00:46:38.310-0500] {dagbag.py:545} INFO - Filling up the DagBag from /opt/airflow/dags/dag_monitor_correo.py
[2026-07-09T00:46:38.338-0500] {processor.py:840} INFO - DAG(s) 'aerotrack_travel_monitor_correo' retrieved from /opt/airflow/dags/dag_monitor_correo.py
[2026-07-09T00:46:38.366-0500] {logging_mixin.py:188} INFO - [2026-07-09T00:46:38.366-0500] {dag.py:3089} INFO - Sync 1 DAGs
[2026-07-09T00:46:38.375-0500] {logging_mixin.py:188} INFO - [2026-07-09T00:46:38.375-0500] {dag.py:3947} INFO - Setting next_dagrun for aerotrack_travel_monitor_correo to None, run_after=None
[2026-07-09T00:46:38.388-0500] {processor.py:183} INFO - Processing /opt/airflow/dags/dag_monitor_correo.py took 0.085 seconds
[2026-07-09T00:47:09.213-0500] {processor.py:161} INFO - Started process (PID=7366) to work on /opt/airflow/dags/dag_monitor_correo.py
[2026-07-09T00:47:09.214-0500] {processor.py:830} INFO - Processing file /opt/airflow/dags/dag_monitor_correo.py for tasks to queue
[2026-07-09T00:47:09.215-0500] {logging_mixin.py:188} INFO - [2026-07-09T00:47:09.215-0500] {dagbag.py:545} INFO - Filling up the DagBag from /opt/airflow/dags/dag_monitor_correo.py
[2026-07-09T00:47:09.244-0500] {processor.py:840} INFO - DAG(s) 'aerotrack_travel_monitor_correo' retrieved from /opt/airflow/dags/dag_monitor_correo.py
[2026-07-09T00:47:09.271-0500] {logging_mixin.py:188} INFO - [2026-07-09T00:47:09.270-0500] {dag.py:3089} INFO - Sync 1 DAGs
[2026-07-09T00:47:09.282-0500] {logging_mixin.py:188} INFO - [2026-07-09T00:47:09.281-0500] {dag.py:3947} INFO - Setting next_dagrun for aerotrack_travel_monitor_correo to None, run_after=None
[2026-07-09T00:47:09.296-0500] {processor.py:183} INFO - Processing /opt/airflow/dags/dag_monitor_correo.py took 0.089 seconds
[2026-07-09T00:47:39.997-0500] {processor.py:161} INFO - Started process (PID=7393) to work on /opt/airflow/dags/dag_monitor_correo.py
[2026-07-09T00:47:39.998-0500] {processor.py:830} INFO - Processing file /opt/airflow/dags/dag_monitor_correo.py for tasks to queue
[2026-07-09T00:47:40.000-0500] {logging_mixin.py:188} INFO - [2026-07-09T00:47:39.999-0500] {dagbag.py:545} INFO - Filling up the DagBag from /opt/airflow/dags/dag_monitor_correo.py
[2026-07-09T00:47:40.029-0500] {processor.py:840} INFO - DAG(s) 'aerotrack_travel_monitor_correo' retrieved from /opt/airflow/dags/dag_monitor_correo.py
[2026-07-09T00:47:40.055-0500] {logging_mixin.py:188} INFO - [2026-07-09T00:47:40.055-0500] {dag.py:3089} INFO - Sync 1 DAGs
[2026-07-09T00:47:40.064-0500] {logging_mixin.py:188} INFO - [2026-07-09T00:47:40.064-0500] {dag.py:3947} INFO - Setting next_dagrun for aerotrack_travel_monitor_correo to None, run_after=None
[2026-07-09T00:47:40.078-0500] {processor.py:183} INFO - Processing /opt/airflow/dags/dag_monitor_correo.py took 0.087 seconds
[2026-07-09T00:48:10.854-0500] {processor.py:161} INFO - Started process (PID=7420) to work on /opt/airflow/dags/dag_monitor_correo.py
[2026-07-09T00:48:10.855-0500] {processor.py:830} INFO - Processing file /opt/airflow/dags/dag_monitor_correo.py for tasks to queue
[2026-07-09T00:48:10.857-0500] {logging_mixin.py:188} INFO - [2026-07-09T00:48:10.856-0500] {dagbag.py:545} INFO - Filling up the DagBag from /opt/airflow/dags/dag_monitor_correo.py
[2026-07-09T00:48:10.911-0500] {processor.py:840} INFO - DAG(s) 'aerotrack_travel_monitor_correo' retrieved from /opt/airflow/dags/dag_monitor_correo.py
[2026-07-09T00:48:10.941-0500] {logging_mixin.py:188} INFO - [2026-07-09T00:48:10.941-0500] {dag.py:3089} INFO - Sync 1 DAGs
[2026-07-09T00:48:10.953-0500] {logging_mixin.py:188} INFO - [2026-07-09T00:48:10.953-0500] {dag.py:3947} INFO - Setting next_dagrun for aerotrack_travel_monitor_correo to None, run_after=None
[2026-07-09T00:48:10.968-0500] {processor.py:183} INFO - Processing /opt/airflow/dags/dag_monitor_correo.py took 0.119 seconds
[2026-07-09T00:48:41.834-0500] {processor.py:161} INFO - Started process (PID=7447) to work on /opt/airflow/dags/dag_monitor_correo.py
[2026-07-09T00:48:41.835-0500] {processor.py:830} INFO - Processing file /opt/airflow/dags/dag_monitor_correo.py for tasks to queue
[2026-07-09T00:48:41.837-0500] {logging_mixin.py:188} INFO - [2026-07-09T00:48:41.837-0500] {dagbag.py:545} INFO - Filling up the DagBag from /opt/airflow/dags/dag_monitor_correo.py
[2026-07-09T00:48:41.869-0500] {processor.py:840} INFO - DAG(s) 'aerotrack_travel_monitor_correo' retrieved from /opt/airflow/dags/dag_monitor_correo.py
[2026-07-09T00:48:41.903-0500] {logging_mixin.py:188} INFO - [2026-07-09T00:48:41.902-0500] {dag.py:3089} INFO - Sync 1 DAGs
[2026-07-09T00:48:41.914-0500] {logging_mixin.py:188} INFO - [2026-07-09T00:48:41.914-0500] {dag.py:3947} INFO - Setting next_dagrun for aerotrack_travel_monitor_correo to None, run_after=None
[2026-07-09T00:48:41.930-0500] {processor.py:183} INFO - Processing /opt/airflow/dags/dag_monitor_correo.py took 0.101 seconds
[2026-07-09T00:49:12.582-0500] {processor.py:161} INFO - Started process (PID=7474) to work on /opt/airflow/dags/dag_monitor_correo.py
[2026-07-09T00:49:12.583-0500] {processor.py:830} INFO - Processing file /opt/airflow/dags/dag_monitor_correo.py for tasks to queue
[2026-07-09T00:49:12.585-0500] {logging_mixin.py:188} INFO - [2026-07-09T00:49:12.585-0500] {dagbag.py:545} INFO - Filling up the DagBag from /opt/airflow/dags/dag_monitor_correo.py
[2026-07-09T00:49:12.615-0500] {processor.py:840} INFO - DAG(s) 'aerotrack_travel_monitor_correo' retrieved from /opt/airflow/dags/dag_monitor_correo.py
[2026-07-09T00:49:12.645-0500] {logging_mixin.py:188} INFO - [2026-07-09T00:49:12.645-0500] {dag.py:3089} INFO - Sync 1 DAGs
[2026-07-09T00:49:12.656-0500] {logging_mixin.py:188} INFO - [2026-07-09T00:49:12.656-0500] {dag.py:3947} INFO - Setting next_dagrun for aerotrack_travel_monitor_correo to None, run_after=None
[2026-07-09T00:49:12.675-0500] {processor.py:183} INFO - Processing /opt/airflow/dags/dag_monitor_correo.py took 0.098 seconds
[2026-07-09T00:49:43.435-0500] {processor.py:161} INFO - Started process (PID=7501) to work on /opt/airflow/dags/dag_monitor_correo.py
[2026-07-09T00:49:43.435-0500] {processor.py:830} INFO - Processing file /opt/airflow/dags/dag_monitor_correo.py for tasks to queue
[2026-07-09T00:49:43.437-0500] {logging_mixin.py:188} INFO - [2026-07-09T00:49:43.436-0500] {dagbag.py:545} INFO - Filling up the DagBag from /opt/airflow/dags/dag_monitor_correo.py
[2026-07-09T00:49:43.466-0500] {processor.py:840} INFO - DAG(s) 'aerotrack_travel_monitor_correo' retrieved from /opt/airflow/dags/dag_monitor_correo.py
[2026-07-09T00:49:43.496-0500] {logging_mixin.py:188} INFO - [2026-07-09T00:49:43.495-0500] {dag.py:3089} INFO - Sync 1 DAGs
[2026-07-09T00:49:43.506-0500] {logging_mixin.py:188} INFO - [2026-07-09T00:49:43.506-0500] {dag.py:3947} INFO - Setting next_dagrun for aerotrack_travel_monitor_correo to None, run_after=None
[2026-07-09T00:49:43.521-0500] {processor.py:183} INFO - Processing /opt/airflow/dags/dag_monitor_correo.py took 0.091 seconds
[2026-07-09T00:50:14.342-0500] {processor.py:161} INFO - Started process (PID=7528) to work on /opt/airflow/dags/dag_monitor_correo.py
[2026-07-09T00:50:14.343-0500] {processor.py:830} INFO - Processing file /opt/airflow/dags/dag_monitor_correo.py for tasks to queue
[2026-07-09T00:50:14.345-0500] {logging_mixin.py:188} INFO - [2026-07-09T00:50:14.344-0500] {dagbag.py:545} INFO - Filling up the DagBag from /opt/airflow/dags/dag_monitor_correo.py
[2026-07-09T00:50:14.400-0500] {processor.py:840} INFO - DAG(s) 'aerotrack_travel_monitor_correo' retrieved from /opt/airflow/dags/dag_monitor_correo.py
[2026-07-09T00:50:14.430-0500] {logging_mixin.py:188} INFO - [2026-07-09T00:50:14.430-0500] {dag.py:3089} INFO - Sync 1 DAGs
[2026-07-09T00:50:14.440-0500] {logging_mixin.py:188} INFO - [2026-07-09T00:50:14.440-0500] {dag.py:3947} INFO - Setting next_dagrun for aerotrack_travel_monitor_correo to None, run_after=None
[2026-07-09T00:50:14.457-0500] {processor.py:183} INFO - Processing /opt/airflow/dags/dag_monitor_correo.py took 0.119 seconds
[2026-07-09T00:50:45.157-0500] {processor.py:161} INFO - Started process (PID=7555) to work on /opt/airflow/dags/dag_monitor_correo.py
[2026-07-09T00:50:45.157-0500] {processor.py:830} INFO - Processing file /opt/airflow/dags/dag_monitor_correo.py for tasks to queue
[2026-07-09T00:50:45.159-0500] {logging_mixin.py:188} INFO - [2026-07-09T00:50:45.158-0500] {dagbag.py:545} INFO - Filling up the DagBag from /opt/airflow/dags/dag_monitor_correo.py
[2026-07-09T00:50:45.188-0500] {processor.py:840} INFO - DAG(s) 'aerotrack_travel_monitor_correo' retrieved from /opt/airflow/dags/dag_monitor_correo.py
[2026-07-09T00:50:45.224-0500] {logging_mixin.py:188} INFO - [2026-07-09T00:50:45.224-0500] {dag.py:3089} INFO - Sync 1 DAGs
[2026-07-09T00:50:45.236-0500] {logging_mixin.py:188} INFO - [2026-07-09T00:50:45.235-0500] {dag.py:3947} INFO - Setting next_dagrun for aerotrack_travel_monitor_correo to None, run_after=None
[2026-07-09T00:50:45.252-0500] {processor.py:183} INFO - Processing /opt/airflow/dags/dag_monitor_correo.py took 0.099 seconds
[2026-07-09T00:51:16.105-0500] {processor.py:161} INFO - Started process (PID=7582) to work on /opt/airflow/dags/dag_monitor_correo.py
[2026-07-09T00:51:16.105-0500] {processor.py:830} INFO - Processing file /opt/airflow/dags/dag_monitor_correo.py for tasks to queue
[2026-07-09T00:51:16.107-0500] {logging_mixin.py:188} INFO - [2026-07-09T00:51:16.107-0500] {dagbag.py:545} INFO - Filling up the DagBag from /opt/airflow/dags/dag_monitor_correo.py
[2026-07-09T00:51:16.145-0500] {processor.py:840} INFO - DAG(s) 'aerotrack_travel_monitor_correo' retrieved from /opt/airflow/dags/dag_monitor_correo.py
[2026-07-09T00:51:16.175-0500] {logging_mixin.py:188} INFO - [2026-07-09T00:51:16.175-0500] {dag.py:3089} INFO - Sync 1 DAGs
[2026-07-09T00:51:16.186-0500] {logging_mixin.py:188} INFO - [2026-07-09T00:51:16.186-0500] {dag.py:3947} INFO - Setting next_dagrun for aerotrack_travel_monitor_correo to None, run_after=None
[2026-07-09T00:51:16.203-0500] {processor.py:183} INFO - Processing /opt/airflow/dags/dag_monitor_correo.py took 0.102 seconds
[2026-07-09T00:51:47.026-0500] {processor.py:161} INFO - Started process (PID=7609) to work on /opt/airflow/dags/dag_monitor_correo.py
[2026-07-09T00:51:47.027-0500] {processor.py:830} INFO - Processing file /opt/airflow/dags/dag_monitor_correo.py for tasks to queue
[2026-07-09T00:51:47.029-0500] {logging_mixin.py:188} INFO - [2026-07-09T00:51:47.028-0500] {dagbag.py:545} INFO - Filling up the DagBag from /opt/airflow/dags/dag_monitor_correo.py
[2026-07-09T00:51:47.064-0500] {processor.py:840} INFO - DAG(s) 'aerotrack_travel_monitor_correo' retrieved from /opt/airflow/dags/dag_monitor_correo.py
[2026-07-09T00:51:47.096-0500] {logging_mixin.py:188} INFO - [2026-07-09T00:51:47.096-0500] {dag.py:3089} INFO - Sync 1 DAGs
[2026-07-09T00:51:47.109-0500] {logging_mixin.py:188} INFO - [2026-07-09T00:51:47.108-0500] {dag.py:3947} INFO - Setting next_dagrun for aerotrack_travel_monitor_correo to None, run_after=None
[2026-07-09T00:51:47.124-0500] {processor.py:183} INFO - Processing /opt/airflow/dags/dag_monitor_correo.py took 0.104 seconds
[2026-07-09T00:52:17.823-0500] {processor.py:161} INFO - Started process (PID=7636) to work on /opt/airflow/dags/dag_monitor_correo.py
[2026-07-09T00:52:17.824-0500] {processor.py:830} INFO - Processing file /opt/airflow/dags/dag_monitor_correo.py for tasks to queue
[2026-07-09T00:52:17.825-0500] {logging_mixin.py:188} INFO - [2026-07-09T00:52:17.825-0500] {dagbag.py:545} INFO - Filling up the DagBag from /opt/airflow/dags/dag_monitor_correo.py
[2026-07-09T00:52:17.868-0500] {processor.py:840} INFO - DAG(s) 'aerotrack_travel_monitor_correo' retrieved from /opt/airflow/dags/dag_monitor_correo.py
[2026-07-09T00:52:17.900-0500] {logging_mixin.py:188} INFO - [2026-07-09T00:52:17.899-0500] {dag.py:3089} INFO - Sync 1 DAGs
[2026-07-09T00:52:17.910-0500] {logging_mixin.py:188} INFO - [2026-07-09T00:52:17.910-0500] {dag.py:3947} INFO - Setting next_dagrun for aerotrack_travel_monitor_correo to None, run_after=None
[2026-07-09T00:52:17.927-0500] {processor.py:183} INFO - Processing /opt/airflow/dags/dag_monitor_correo.py took 0.109 seconds
[2026-07-09T00:52:48.694-0500] {processor.py:161} INFO - Started process (PID=7663) to work on /opt/airflow/dags/dag_monitor_correo.py
[2026-07-09T00:52:48.695-0500] {processor.py:830} INFO - Processing file /opt/airflow/dags/dag_monitor_correo.py for tasks to queue
[2026-07-09T00:52:48.697-0500] {logging_mixin.py:188} INFO - [2026-07-09T00:52:48.696-0500] {dagbag.py:545} INFO - Filling up the DagBag from /opt/airflow/dags/dag_monitor_correo.py
[2026-07-09T00:52:48.734-0500] {processor.py:840} INFO - DAG(s) 'aerotrack_travel_monitor_correo' retrieved from /opt/airflow/dags/dag_monitor_correo.py
[2026-07-09T00:52:48.767-0500] {logging_mixin.py:188} INFO - [2026-07-09T00:52:48.767-0500] {dag.py:3089} INFO - Sync 1 DAGs
[2026-07-09T00:52:48.778-0500] {logging_mixin.py:188} INFO - [2026-07-09T00:52:48.778-0500] {dag.py:3947} INFO - Setting next_dagrun for aerotrack_travel_monitor_correo to None, run_after=None
[2026-07-09T00:52:48.794-0500] {processor.py:183} INFO - Processing /opt/airflow/dags/dag_monitor_correo.py took 0.104 seconds
[2026-07-09T00:53:19.476-0500] {processor.py:161} INFO - Started process (PID=7690) to work on /opt/airflow/dags/dag_monitor_correo.py
[2026-07-09T00:53:19.476-0500] {processor.py:830} INFO - Processing file /opt/airflow/dags/dag_monitor_correo.py for tasks to queue
[2026-07-09T00:53:19.478-0500] {logging_mixin.py:188} INFO - [2026-07-09T00:53:19.478-0500] {dagbag.py:545} INFO - Filling up the DagBag from /opt/airflow/dags/dag_monitor_correo.py
[2026-07-09T00:53:19.519-0500] {processor.py:840} INFO - DAG(s) 'aerotrack_travel_monitor_correo' retrieved from /opt/airflow/dags/dag_monitor_correo.py
[2026-07-09T00:53:19.550-0500] {logging_mixin.py:188} INFO - [2026-07-09T00:53:19.550-0500] {dag.py:3089} INFO - Sync 1 DAGs
[2026-07-09T00:53:19.563-0500] {logging_mixin.py:188} INFO - [2026-07-09T00:53:19.563-0500] {dag.py:3947} INFO - Setting next_dagrun for aerotrack_travel_monitor_correo to None, run_after=None
[2026-07-09T00:53:19.579-0500] {processor.py:183} INFO - Processing /opt/airflow/dags/dag_monitor_correo.py took 0.108 seconds
[2026-07-09T00:53:50.246-0500] {processor.py:161} INFO - Started process (PID=7717) to work on /opt/airflow/dags/dag_monitor_correo.py
[2026-07-09T00:53:50.247-0500] {processor.py:830} INFO - Processing file /opt/airflow/dags/dag_monitor_correo.py for tasks to queue
[2026-07-09T00:53:50.248-0500] {logging_mixin.py:188} INFO - [2026-07-09T00:53:50.248-0500] {dagbag.py:545} INFO - Filling up the DagBag from /opt/airflow/dags/dag_monitor_correo.py
[2026-07-09T00:53:50.279-0500] {processor.py:840} INFO - DAG(s) 'aerotrack_travel_monitor_correo' retrieved from /opt/airflow/dags/dag_monitor_correo.py
[2026-07-09T00:53:50.308-0500] {logging_mixin.py:188} INFO - [2026-07-09T00:53:50.308-0500] {dag.py:3089} INFO - Sync 1 DAGs
[2026-07-09T00:53:50.318-0500] {logging_mixin.py:188} INFO - [2026-07-09T00:53:50.318-0500] {dag.py:3947} INFO - Setting next_dagrun for aerotrack_travel_monitor_correo to None, run_after=None
[2026-07-09T00:53:50.340-0500] {processor.py:183} INFO - Processing /opt/airflow/dags/dag_monitor_correo.py took 0.099 seconds
[2026-07-09T00:54:20.993-0500] {processor.py:161} INFO - Started process (PID=7744) to work on /opt/airflow/dags/dag_monitor_correo.py
[2026-07-09T00:54:20.993-0500] {processor.py:830} INFO - Processing file /opt/airflow/dags/dag_monitor_correo.py for tasks to queue
[2026-07-09T00:54:20.995-0500] {logging_mixin.py:188} INFO - [2026-07-09T00:54:20.995-0500] {dagbag.py:545} INFO - Filling up the DagBag from /opt/airflow/dags/dag_monitor_correo.py
[2026-07-09T00:54:21.024-0500] {processor.py:840} INFO - DAG(s) 'aerotrack_travel_monitor_correo' retrieved from /opt/airflow/dags/dag_monitor_correo.py
[2026-07-09T00:54:21.051-0500] {logging_mixin.py:188} INFO - [2026-07-09T00:54:21.051-0500] {dag.py:3089} INFO - Sync 1 DAGs
[2026-07-09T00:54:21.060-0500] {logging_mixin.py:188} INFO - [2026-07-09T00:54:21.060-0500] {dag.py:3947} INFO - Setting next_dagrun for aerotrack_travel_monitor_correo to None, run_after=None
[2026-07-09T00:54:21.082-0500] {processor.py:183} INFO - Processing /opt/airflow/dags/dag_monitor_correo.py took 0.094 seconds
[2026-07-09T00:54:51.753-0500] {processor.py:161} INFO - Started process (PID=7771) to work on /opt/airflow/dags/dag_monitor_correo.py
[2026-07-09T00:54:51.754-0500] {processor.py:830} INFO - Processing file /opt/airflow/dags/dag_monitor_correo.py for tasks to queue
[2026-07-09T00:54:51.755-0500] {logging_mixin.py:188} INFO - [2026-07-09T00:54:51.755-0500] {dagbag.py:545} INFO - Filling up the DagBag from /opt/airflow/dags/dag_monitor_correo.py
[2026-07-09T00:54:51.792-0500] {processor.py:840} INFO - DAG(s) 'aerotrack_travel_monitor_correo' retrieved from /opt/airflow/dags/dag_monitor_correo.py
[2026-07-09T00:54:51.820-0500] {logging_mixin.py:188} INFO - [2026-07-09T00:54:51.820-0500] {dag.py:3089} INFO - Sync 1 DAGs
[2026-07-09T00:54:51.829-0500] {logging_mixin.py:188} INFO - [2026-07-09T00:54:51.829-0500] {dag.py:3947} INFO - Setting next_dagrun for aerotrack_travel_monitor_correo to None, run_after=None
[2026-07-09T00:54:51.844-0500] {processor.py:183} INFO - Processing /opt/airflow/dags/dag_monitor_correo.py took 0.096 seconds
[2026-07-09T00:55:22.549-0500] {processor.py:161} INFO - Started process (PID=7798) to work on /opt/airflow/dags/dag_monitor_correo.py
[2026-07-09T00:55:22.550-0500] {processor.py:830} INFO - Processing file /opt/airflow/dags/dag_monitor_correo.py for tasks to queue
[2026-07-09T00:55:22.552-0500] {logging_mixin.py:188} INFO - [2026-07-09T00:55:22.552-0500] {dagbag.py:545} INFO - Filling up the DagBag from /opt/airflow/dags/dag_monitor_correo.py
[2026-07-09T00:55:22.592-0500] {processor.py:840} INFO - DAG(s) 'aerotrack_travel_monitor_correo' retrieved from /opt/airflow/dags/dag_monitor_correo.py
[2026-07-09T00:55:22.619-0500] {logging_mixin.py:188} INFO - [2026-07-09T00:55:22.618-0500] {dag.py:3089} INFO - Sync 1 DAGs
[2026-07-09T00:55:22.630-0500] {logging_mixin.py:188} INFO - [2026-07-09T00:55:22.630-0500] {dag.py:3947} INFO - Setting next_dagrun for aerotrack_travel_monitor_correo to None, run_after=None
[2026-07-09T00:55:22.645-0500] {processor.py:183} INFO - Processing /opt/airflow/dags/dag_monitor_correo.py took 0.100 seconds
[2026-07-09T00:55:53.463-0500] {processor.py:161} INFO - Started process (PID=7825) to work on /opt/airflow/dags/dag_monitor_correo.py
[2026-07-09T00:55:53.464-0500] {processor.py:830} INFO - Processing file /opt/airflow/dags/dag_monitor_correo.py for tasks to queue
[2026-07-09T00:55:53.465-0500] {logging_mixin.py:188} INFO - [2026-07-09T00:55:53.465-0500] {dagbag.py:545} INFO - Filling up the DagBag from /opt/airflow/dags/dag_monitor_correo.py
[2026-07-09T00:55:53.503-0500] {processor.py:840} INFO - DAG(s) 'aerotrack_travel_monitor_correo' retrieved from /opt/airflow/dags/dag_monitor_correo.py
[2026-07-09T00:55:53.641-0500] {logging_mixin.py:188} INFO - [2026-07-09T00:55:53.641-0500] {dag.py:3089} INFO - Sync 1 DAGs
[2026-07-09T00:55:53.717-0500] {logging_mixin.py:188} INFO - [2026-07-09T00:55:53.717-0500] {dag.py:3947} INFO - Setting next_dagrun for aerotrack_travel_monitor_correo to None, run_after=None
[2026-07-09T00:55:53.869-0500] {processor.py:183} INFO - Processing /opt/airflow/dags/dag_monitor_correo.py took 0.411 seconds
[2026-07-09T00:56:24.407-0500] {processor.py:161} INFO - Started process (PID=7852) to work on /opt/airflow/dags/dag_monitor_correo.py
[2026-07-09T00:56:24.408-0500] {processor.py:830} INFO - Processing file /opt/airflow/dags/dag_monitor_correo.py for tasks to queue
[2026-07-09T00:56:24.409-0500] {logging_mixin.py:188} INFO - [2026-07-09T00:56:24.409-0500] {dagbag.py:545} INFO - Filling up the DagBag from /opt/airflow/dags/dag_monitor_correo.py
[2026-07-09T00:56:24.450-0500] {processor.py:840} INFO - DAG(s) 'aerotrack_travel_monitor_correo' retrieved from /opt/airflow/dags/dag_monitor_correo.py
[2026-07-09T00:56:24.480-0500] {logging_mixin.py:188} INFO - [2026-07-09T00:56:24.480-0500] {dag.py:3089} INFO - Sync 1 DAGs
[2026-07-09T00:56:24.491-0500] {logging_mixin.py:188} INFO - [2026-07-09T00:56:24.491-0500] {dag.py:3947} INFO - Setting next_dagrun for aerotrack_travel_monitor_correo to None, run_after=None
[2026-07-09T00:56:24.507-0500] {processor.py:183} INFO - Processing /opt/airflow/dags/dag_monitor_correo.py took 0.105 seconds
[2026-07-09T00:56:55.231-0500] {processor.py:161} INFO - Started process (PID=7879) to work on /opt/airflow/dags/dag_monitor_correo.py
[2026-07-09T00:56:55.232-0500] {processor.py:830} INFO - Processing file /opt/airflow/dags/dag_monitor_correo.py for tasks to queue
[2026-07-09T00:56:55.234-0500] {logging_mixin.py:188} INFO - [2026-07-09T00:56:55.234-0500] {dagbag.py:545} INFO - Filling up the DagBag from /opt/airflow/dags/dag_monitor_correo.py
[2026-07-09T00:56:55.268-0500] {processor.py:840} INFO - DAG(s) 'aerotrack_travel_monitor_correo' retrieved from /opt/airflow/dags/dag_monitor_correo.py
[2026-07-09T00:56:55.299-0500] {logging_mixin.py:188} INFO - [2026-07-09T00:56:55.299-0500] {dag.py:3089} INFO - Sync 1 DAGs
[2026-07-09T00:56:55.309-0500] {logging_mixin.py:188} INFO - [2026-07-09T00:56:55.309-0500] {dag.py:3947} INFO - Setting next_dagrun for aerotrack_travel_monitor_correo to None, run_after=None
[2026-07-09T00:56:55.324-0500] {processor.py:183} INFO - Processing /opt/airflow/dags/dag_monitor_correo.py took 0.098 seconds
[2026-07-09T00:57:26.127-0500] {processor.py:161} INFO - Started process (PID=7906) to work on /opt/airflow/dags/dag_monitor_correo.py
[2026-07-09T00:57:26.128-0500] {processor.py:830} INFO - Processing file /opt/airflow/dags/dag_monitor_correo.py for tasks to queue
[2026-07-09T00:57:26.130-0500] {logging_mixin.py:188} INFO - [2026-07-09T00:57:26.130-0500] {dagbag.py:545} INFO - Filling up the DagBag from /opt/airflow/dags/dag_monitor_correo.py
[2026-07-09T00:57:26.159-0500] {processor.py:840} INFO - DAG(s) 'aerotrack_travel_monitor_correo' retrieved from /opt/airflow/dags/dag_monitor_correo.py
[2026-07-09T00:57:26.193-0500] {logging_mixin.py:188} INFO - [2026-07-09T00:57:26.193-0500] {dag.py:3089} INFO - Sync 1 DAGs
[2026-07-09T00:57:26.205-0500] {logging_mixin.py:188} INFO - [2026-07-09T00:57:26.205-0500] {dag.py:3947} INFO - Setting next_dagrun for aerotrack_travel_monitor_correo to None, run_after=None
[2026-07-09T00:57:26.221-0500] {processor.py:183} INFO - Processing /opt/airflow/dags/dag_monitor_correo.py took 0.098 seconds
[2026-07-09T00:57:57.015-0500] {processor.py:161} INFO - Started process (PID=7933) to work on /opt/airflow/dags/dag_monitor_correo.py
[2026-07-09T00:57:57.016-0500] {processor.py:830} INFO - Processing file /opt/airflow/dags/dag_monitor_correo.py for tasks to queue
[2026-07-09T00:57:57.017-0500] {logging_mixin.py:188} INFO - [2026-07-09T00:57:57.017-0500] {dagbag.py:545} INFO - Filling up the DagBag from /opt/airflow/dags/dag_monitor_correo.py
[2026-07-09T00:57:57.052-0500] {processor.py:840} INFO - DAG(s) 'aerotrack_travel_monitor_correo' retrieved from /opt/airflow/dags/dag_monitor_correo.py
[2026-07-09T00:57:57.087-0500] {logging_mixin.py:188} INFO - [2026-07-09T00:57:57.086-0500] {dag.py:3089} INFO - Sync 1 DAGs
[2026-07-09T00:57:57.099-0500] {logging_mixin.py:188} INFO - [2026-07-09T00:57:57.099-0500] {dag.py:3947} INFO - Setting next_dagrun for aerotrack_travel_monitor_correo to None, run_after=None
[2026-07-09T00:57:57.118-0500] {processor.py:183} INFO - Processing /opt/airflow/dags/dag_monitor_correo.py took 0.108 seconds
[2026-07-09T00:58:27.851-0500] {processor.py:161} INFO - Started process (PID=7960) to work on /opt/airflow/dags/dag_monitor_correo.py
[2026-07-09T00:58:27.851-0500] {processor.py:830} INFO - Processing file /opt/airflow/dags/dag_monitor_correo.py for tasks to queue
[2026-07-09T00:58:27.853-0500] {logging_mixin.py:188} INFO - [2026-07-09T00:58:27.853-0500] {dagbag.py:545} INFO - Filling up the DagBag from /opt/airflow/dags/dag_monitor_correo.py
[2026-07-09T00:58:27.897-0500] {processor.py:840} INFO - DAG(s) 'aerotrack_travel_monitor_correo' retrieved from /opt/airflow/dags/dag_monitor_correo.py
[2026-07-09T00:58:27.932-0500] {logging_mixin.py:188} INFO - [2026-07-09T00:58:27.932-0500] {dag.py:3089} INFO - Sync 1 DAGs
[2026-07-09T00:58:27.944-0500] {logging_mixin.py:188} INFO - [2026-07-09T00:58:27.943-0500] {dag.py:3947} INFO - Setting next_dagrun for aerotrack_travel_monitor_correo to None, run_after=None
[2026-07-09T00:58:27.960-0500] {processor.py:183} INFO - Processing /opt/airflow/dags/dag_monitor_correo.py took 0.113 seconds
[2026-07-09T00:58:58.659-0500] {processor.py:161} INFO - Started process (PID=7987) to work on /opt/airflow/dags/dag_monitor_correo.py
[2026-07-09T00:58:58.660-0500] {processor.py:830} INFO - Processing file /opt/airflow/dags/dag_monitor_correo.py for tasks to queue
[2026-07-09T00:58:58.662-0500] {logging_mixin.py:188} INFO - [2026-07-09T00:58:58.662-0500] {dagbag.py:545} INFO - Filling up the DagBag from /opt/airflow/dags/dag_monitor_correo.py
[2026-07-09T00:58:58.705-0500] {processor.py:840} INFO - DAG(s) 'aerotrack_travel_monitor_correo' retrieved from /opt/airflow/dags/dag_monitor_correo.py
[2026-07-09T00:58:58.735-0500] {logging_mixin.py:188} INFO - [2026-07-09T00:58:58.735-0500] {dag.py:3089} INFO - Sync 1 DAGs
[2026-07-09T00:58:58.747-0500] {logging_mixin.py:188} INFO - [2026-07-09T00:58:58.746-0500] {dag.py:3947} INFO - Setting next_dagrun for aerotrack_travel_monitor_correo to None, run_after=None
[2026-07-09T00:58:58.763-0500] {processor.py:183} INFO - Processing /opt/airflow/dags/dag_monitor_correo.py took 0.110 seconds
[2026-07-09T00:59:29.520-0500] {processor.py:161} INFO - Started process (PID=8014) to work on /opt/airflow/dags/dag_monitor_correo.py
[2026-07-09T00:59:29.521-0500] {processor.py:830} INFO - Processing file /opt/airflow/dags/dag_monitor_correo.py for tasks to queue
[2026-07-09T00:59:29.522-0500] {logging_mixin.py:188} INFO - [2026-07-09T00:59:29.522-0500] {dagbag.py:545} INFO - Filling up the DagBag from /opt/airflow/dags/dag_monitor_correo.py
[2026-07-09T00:59:29.553-0500] {processor.py:840} INFO - DAG(s) 'aerotrack_travel_monitor_correo' retrieved from /opt/airflow/dags/dag_monitor_correo.py
[2026-07-09T00:59:29.588-0500] {logging_mixin.py:188} INFO - [2026-07-09T00:59:29.588-0500] {dag.py:3089} INFO - Sync 1 DAGs
[2026-07-09T00:59:29.599-0500] {logging_mixin.py:188} INFO - [2026-07-09T00:59:29.599-0500] {dag.py:3947} INFO - Setting next_dagrun for aerotrack_travel_monitor_correo to None, run_after=None
[2026-07-09T00:59:29.614-0500] {processor.py:183} INFO - Processing /opt/airflow/dags/dag_monitor_correo.py took 0.099 seconds
[2026-07-09T01:00:00.445-0500] {processor.py:161} INFO - Started process (PID=8041) to work on /opt/airflow/dags/dag_monitor_correo.py
[2026-07-09T01:00:00.446-0500] {processor.py:830} INFO - Processing file /opt/airflow/dags/dag_monitor_correo.py for tasks to queue
[2026-07-09T01:00:00.448-0500] {logging_mixin.py:188} INFO - [2026-07-09T01:00:00.448-0500] {dagbag.py:545} INFO - Filling up the DagBag from /opt/airflow/dags/dag_monitor_correo.py
[2026-07-09T01:00:00.476-0500] {processor.py:840} INFO - DAG(s) 'aerotrack_travel_monitor_correo' retrieved from /opt/airflow/dags/dag_monitor_correo.py
[2026-07-09T01:00:00.507-0500] {logging_mixin.py:188} INFO - [2026-07-09T01:00:00.506-0500] {dag.py:3089} INFO - Sync 1 DAGs
[2026-07-09T01:00:00.519-0500] {logging_mixin.py:188} INFO - [2026-07-09T01:00:00.519-0500] {dag.py:3947} INFO - Setting next_dagrun for aerotrack_travel_monitor_correo to None, run_after=None
[2026-07-09T01:00:00.534-0500] {processor.py:183} INFO - Processing /opt/airflow/dags/dag_monitor_correo.py took 0.094 seconds
[2026-07-09T01:00:31.308-0500] {processor.py:161} INFO - Started process (PID=8068) to work on /opt/airflow/dags/dag_monitor_correo.py
[2026-07-09T01:00:31.309-0500] {processor.py:830} INFO - Processing file /opt/airflow/dags/dag_monitor_correo.py for tasks to queue
[2026-07-09T01:00:31.311-0500] {logging_mixin.py:188} INFO - [2026-07-09T01:00:31.310-0500] {dagbag.py:545} INFO - Filling up the DagBag from /opt/airflow/dags/dag_monitor_correo.py
[2026-07-09T01:00:31.345-0500] {processor.py:840} INFO - DAG(s) 'aerotrack_travel_monitor_correo' retrieved from /opt/airflow/dags/dag_monitor_correo.py
[2026-07-09T01:00:31.375-0500] {logging_mixin.py:188} INFO - [2026-07-09T01:00:31.375-0500] {dag.py:3089} INFO - Sync 1 DAGs
[2026-07-09T01:00:31.386-0500] {logging_mixin.py:188} INFO - [2026-07-09T01:00:31.385-0500] {dag.py:3947} INFO - Setting next_dagrun for aerotrack_travel_monitor_correo to None, run_after=None
[2026-07-09T01:00:31.401-0500] {processor.py:183} INFO - Processing /opt/airflow/dags/dag_monitor_correo.py took 0.098 seconds
[2026-07-09T01:01:02.221-0500] {processor.py:161} INFO - Started process (PID=8095) to work on /opt/airflow/dags/dag_monitor_correo.py
[2026-07-09T01:01:02.222-0500] {processor.py:830} INFO - Processing file /opt/airflow/dags/dag_monitor_correo.py for tasks to queue
[2026-07-09T01:01:02.224-0500] {logging_mixin.py:188} INFO - [2026-07-09T01:01:02.224-0500] {dagbag.py:545} INFO - Filling up the DagBag from /opt/airflow/dags/dag_monitor_correo.py
[2026-07-09T01:01:02.263-0500] {processor.py:840} INFO - DAG(s) 'aerotrack_travel_monitor_correo' retrieved from /opt/airflow/dags/dag_monitor_correo.py
[2026-07-09T01:01:02.296-0500] {logging_mixin.py:188} INFO - [2026-07-09T01:01:02.296-0500] {dag.py:3089} INFO - Sync 1 DAGs
[2026-07-09T01:01:02.307-0500] {logging_mixin.py:188} INFO - [2026-07-09T01:01:02.307-0500] {dag.py:3947} INFO - Setting next_dagrun for aerotrack_travel_monitor_correo to None, run_after=None
[2026-07-09T01:01:02.323-0500] {processor.py:183} INFO - Processing /opt/airflow/dags/dag_monitor_correo.py took 0.106 seconds
[2026-07-09T01:01:33.241-0500] {processor.py:161} INFO - Started process (PID=8122) to work on /opt/airflow/dags/dag_monitor_correo.py
[2026-07-09T01:01:33.242-0500] {processor.py:830} INFO - Processing file /opt/airflow/dags/dag_monitor_correo.py for tasks to queue
[2026-07-09T01:01:33.243-0500] {logging_mixin.py:188} INFO - [2026-07-09T01:01:33.243-0500] {dagbag.py:545} INFO - Filling up the DagBag from /opt/airflow/dags/dag_monitor_correo.py
[2026-07-09T01:01:33.292-0500] {processor.py:840} INFO - DAG(s) 'aerotrack_travel_monitor_correo' retrieved from /opt/airflow/dags/dag_monitor_correo.py
[2026-07-09T01:01:33.324-0500] {logging_mixin.py:188} INFO - [2026-07-09T01:01:33.324-0500] {dag.py:3089} INFO - Sync 1 DAGs
[2026-07-09T01:01:33.336-0500] {logging_mixin.py:188} INFO - [2026-07-09T01:01:33.336-0500] {dag.py:3947} INFO - Setting next_dagrun for aerotrack_travel_monitor_correo to None, run_after=None
[2026-07-09T01:01:33.353-0500] {processor.py:183} INFO - Processing /opt/airflow/dags/dag_monitor_correo.py took 0.116 seconds
[2026-07-09T01:02:04.021-0500] {processor.py:161} INFO - Started process (PID=8149) to work on /opt/airflow/dags/dag_monitor_correo.py
[2026-07-09T01:02:04.022-0500] {processor.py:830} INFO - Processing file /opt/airflow/dags/dag_monitor_correo.py for tasks to queue
[2026-07-09T01:02:04.023-0500] {logging_mixin.py:188} INFO - [2026-07-09T01:02:04.023-0500] {dagbag.py:545} INFO - Filling up the DagBag from /opt/airflow/dags/dag_monitor_correo.py
[2026-07-09T01:02:04.064-0500] {processor.py:840} INFO - DAG(s) 'aerotrack_travel_monitor_correo' retrieved from /opt/airflow/dags/dag_monitor_correo.py
[2026-07-09T01:02:04.100-0500] {logging_mixin.py:188} INFO - [2026-07-09T01:02:04.099-0500] {dag.py:3089} INFO - Sync 1 DAGs
[2026-07-09T01:02:04.109-0500] {logging_mixin.py:188} INFO - [2026-07-09T01:02:04.109-0500] {dag.py:3947} INFO - Setting next_dagrun for aerotrack_travel_monitor_correo to None, run_after=None
[2026-07-09T01:02:04.124-0500] {processor.py:183} INFO - Processing /opt/airflow/dags/dag_monitor_correo.py took 0.109 seconds
[2026-07-09T01:02:34.932-0500] {processor.py:161} INFO - Started process (PID=8176) to work on /opt/airflow/dags/dag_monitor_correo.py
[2026-07-09T01:02:34.933-0500] {processor.py:830} INFO - Processing file /opt/airflow/dags/dag_monitor_correo.py for tasks to queue
[2026-07-09T01:02:34.936-0500] {logging_mixin.py:188} INFO - [2026-07-09T01:02:34.935-0500] {dagbag.py:545} INFO - Filling up the DagBag from /opt/airflow/dags/dag_monitor_correo.py
[2026-07-09T01:02:34.982-0500] {processor.py:840} INFO - DAG(s) 'aerotrack_travel_monitor_correo' retrieved from /opt/airflow/dags/dag_monitor_correo.py
[2026-07-09T01:02:35.017-0500] {logging_mixin.py:188} INFO - [2026-07-09T01:02:35.016-0500] {dag.py:3089} INFO - Sync 1 DAGs
[2026-07-09T01:02:35.027-0500] {logging_mixin.py:188} INFO - [2026-07-09T01:02:35.027-0500] {dag.py:3947} INFO - Setting next_dagrun for aerotrack_travel_monitor_correo to None, run_after=None
[2026-07-09T01:02:35.042-0500] {processor.py:183} INFO - Processing /opt/airflow/dags/dag_monitor_correo.py took 0.117 seconds
[2026-07-09T01:03:05.776-0500] {processor.py:161} INFO - Started process (PID=8203) to work on /opt/airflow/dags/dag_monitor_correo.py
[2026-07-09T01:03:05.777-0500] {processor.py:830} INFO - Processing file /opt/airflow/dags/dag_monitor_correo.py for tasks to queue
[2026-07-09T01:03:05.778-0500] {logging_mixin.py:188} INFO - [2026-07-09T01:03:05.778-0500] {dagbag.py:545} INFO - Filling up the DagBag from /opt/airflow/dags/dag_monitor_correo.py
[2026-07-09T01:03:05.810-0500] {processor.py:840} INFO - DAG(s) 'aerotrack_travel_monitor_correo' retrieved from /opt/airflow/dags/dag_monitor_correo.py
[2026-07-09T01:03:05.840-0500] {logging_mixin.py:188} INFO - [2026-07-09T01:03:05.840-0500] {dag.py:3089} INFO - Sync 1 DAGs
[2026-07-09T01:03:05.850-0500] {logging_mixin.py:188} INFO - [2026-07-09T01:03:05.850-0500] {dag.py:3947} INFO - Setting next_dagrun for aerotrack_travel_monitor_correo to None, run_after=None
[2026-07-09T01:03:05.867-0500] {processor.py:183} INFO - Processing /opt/airflow/dags/dag_monitor_correo.py took 0.095 seconds
[2026-07-09T01:03:36.535-0500] {processor.py:161} INFO - Started process (PID=8230) to work on /opt/airflow/dags/dag_monitor_correo.py
[2026-07-09T01:03:36.536-0500] {processor.py:830} INFO - Processing file /opt/airflow/dags/dag_monitor_correo.py for tasks to queue
[2026-07-09T01:03:36.538-0500] {logging_mixin.py:188} INFO - [2026-07-09T01:03:36.537-0500] {dagbag.py:545} INFO - Filling up the DagBag from /opt/airflow/dags/dag_monitor_correo.py
[2026-07-09T01:03:36.580-0500] {processor.py:840} INFO - DAG(s) 'aerotrack_travel_monitor_correo' retrieved from /opt/airflow/dags/dag_monitor_correo.py
[2026-07-09T01:03:36.618-0500] {logging_mixin.py:188} INFO - [2026-07-09T01:03:36.617-0500] {dag.py:3089} INFO - Sync 1 DAGs
[2026-07-09T01:03:36.631-0500] {logging_mixin.py:188} INFO - [2026-07-09T01:03:36.630-0500] {dag.py:3947} INFO - Setting next_dagrun for aerotrack_travel_monitor_correo to None, run_after=None
[2026-07-09T01:03:36.646-0500] {processor.py:183} INFO - Processing /opt/airflow/dags/dag_monitor_correo.py took 0.115 seconds
[2026-07-09T01:04:07.322-0500] {processor.py:161} INFO - Started process (PID=8257) to work on /opt/airflow/dags/dag_monitor_correo.py
[2026-07-09T01:04:07.323-0500] {processor.py:830} INFO - Processing file /opt/airflow/dags/dag_monitor_correo.py for tasks to queue
[2026-07-09T01:04:07.325-0500] {logging_mixin.py:188} INFO - [2026-07-09T01:04:07.324-0500] {dagbag.py:545} INFO - Filling up the DagBag from /opt/airflow/dags/dag_monitor_correo.py
[2026-07-09T01:04:07.363-0500] {processor.py:840} INFO - DAG(s) 'aerotrack_travel_monitor_correo' retrieved from /opt/airflow/dags/dag_monitor_correo.py
[2026-07-09T01:04:07.396-0500] {logging_mixin.py:188} INFO - [2026-07-09T01:04:07.396-0500] {dag.py:3089} INFO - Sync 1 DAGs
[2026-07-09T01:04:07.410-0500] {logging_mixin.py:188} INFO - [2026-07-09T01:04:07.409-0500] {dag.py:3947} INFO - Setting next_dagrun for aerotrack_travel_monitor_correo to None, run_after=None
[2026-07-09T01:04:07.426-0500] {processor.py:183} INFO - Processing /opt/airflow/dags/dag_monitor_correo.py took 0.108 seconds
[2026-07-09T01:04:38.253-0500] {processor.py:161} INFO - Started process (PID=8284) to work on /opt/airflow/dags/dag_monitor_correo.py
[2026-07-09T01:04:38.254-0500] {processor.py:830} INFO - Processing file /opt/airflow/dags/dag_monitor_correo.py for tasks to queue
[2026-07-09T01:04:38.256-0500] {logging_mixin.py:188} INFO - [2026-07-09T01:04:38.255-0500] {dagbag.py:545} INFO - Filling up the DagBag from /opt/airflow/dags/dag_monitor_correo.py
[2026-07-09T01:04:38.309-0500] {processor.py:840} INFO - DAG(s) 'aerotrack_travel_monitor_correo' retrieved from /opt/airflow/dags/dag_monitor_correo.py
[2026-07-09T01:04:38.346-0500] {logging_mixin.py:188} INFO - [2026-07-09T01:04:38.346-0500] {dag.py:3089} INFO - Sync 1 DAGs
[2026-07-09T01:04:38.360-0500] {logging_mixin.py:188} INFO - [2026-07-09T01:04:38.360-0500] {dag.py:3947} INFO - Setting next_dagrun for aerotrack_travel_monitor_correo to None, run_after=None
[2026-07-09T01:04:38.379-0500] {processor.py:183} INFO - Processing /opt/airflow/dags/dag_monitor_correo.py took 0.131 seconds
[2026-07-09T01:05:09.038-0500] {processor.py:161} INFO - Started process (PID=8311) to work on /opt/airflow/dags/dag_monitor_correo.py
[2026-07-09T01:05:09.038-0500] {processor.py:830} INFO - Processing file /opt/airflow/dags/dag_monitor_correo.py for tasks to queue
[2026-07-09T01:05:09.040-0500] {logging_mixin.py:188} INFO - [2026-07-09T01:05:09.040-0500] {dagbag.py:545} INFO - Filling up the DagBag from /opt/airflow/dags/dag_monitor_correo.py
[2026-07-09T01:05:09.075-0500] {processor.py:840} INFO - DAG(s) 'aerotrack_travel_monitor_correo' retrieved from /opt/airflow/dags/dag_monitor_correo.py
[2026-07-09T01:05:09.103-0500] {logging_mixin.py:188} INFO - [2026-07-09T01:05:09.103-0500] {dag.py:3089} INFO - Sync 1 DAGs
[2026-07-09T01:05:09.113-0500] {logging_mixin.py:188} INFO - [2026-07-09T01:05:09.113-0500] {dag.py:3947} INFO - Setting next_dagrun for aerotrack_travel_monitor_correo to None, run_after=None
[2026-07-09T01:05:09.128-0500] {processor.py:183} INFO - Processing /opt/airflow/dags/dag_monitor_correo.py took 0.096 seconds
[2026-07-09T01:05:39.985-0500] {processor.py:161} INFO - Started process (PID=8338) to work on /opt/airflow/dags/dag_monitor_correo.py
[2026-07-09T01:05:39.986-0500] {processor.py:830} INFO - Processing file /opt/airflow/dags/dag_monitor_correo.py for tasks to queue
[2026-07-09T01:05:39.987-0500] {logging_mixin.py:188} INFO - [2026-07-09T01:05:39.987-0500] {dagbag.py:545} INFO - Filling up the DagBag from /opt/airflow/dags/dag_monitor_correo.py
[2026-07-09T01:05:40.034-0500] {processor.py:840} INFO - DAG(s) 'aerotrack_travel_monitor_correo' retrieved from /opt/airflow/dags/dag_monitor_correo.py
[2026-07-09T01:05:40.065-0500] {logging_mixin.py:188} INFO - [2026-07-09T01:05:40.065-0500] {dag.py:3089} INFO - Sync 1 DAGs
[2026-07-09T01:05:40.077-0500] {logging_mixin.py:188} INFO - [2026-07-09T01:05:40.077-0500] {dag.py:3947} INFO - Setting next_dagrun for aerotrack_travel_monitor_correo to None, run_after=None
[2026-07-09T01:05:40.092-0500] {processor.py:183} INFO - Processing /opt/airflow/dags/dag_monitor_correo.py took 0.112 seconds
[2026-07-09T01:06:10.753-0500] {processor.py:161} INFO - Started process (PID=8365) to work on /opt/airflow/dags/dag_monitor_correo.py
[2026-07-09T01:06:10.753-0500] {processor.py:830} INFO - Processing file /opt/airflow/dags/dag_monitor_correo.py for tasks to queue
[2026-07-09T01:06:10.755-0500] {logging_mixin.py:188} INFO - [2026-07-09T01:06:10.755-0500] {dagbag.py:545} INFO - Filling up the DagBag from /opt/airflow/dags/dag_monitor_correo.py
[2026-07-09T01:06:10.791-0500] {processor.py:840} INFO - DAG(s) 'aerotrack_travel_monitor_correo' retrieved from /opt/airflow/dags/dag_monitor_correo.py
[2026-07-09T01:06:10.822-0500] {logging_mixin.py:188} INFO - [2026-07-09T01:06:10.822-0500] {dag.py:3089} INFO - Sync 1 DAGs
[2026-07-09T01:06:10.831-0500] {logging_mixin.py:188} INFO - [2026-07-09T01:06:10.831-0500] {dag.py:3947} INFO - Setting next_dagrun for aerotrack_travel_monitor_correo to None, run_after=None
[2026-07-09T01:06:10.844-0500] {processor.py:183} INFO - Processing /opt/airflow/dags/dag_monitor_correo.py took 0.096 seconds
[2026-07-09T01:06:41.673-0500] {processor.py:161} INFO - Started process (PID=8392) to work on /opt/airflow/dags/dag_monitor_correo.py
[2026-07-09T01:06:41.674-0500] {processor.py:830} INFO - Processing file /opt/airflow/dags/dag_monitor_correo.py for tasks to queue
[2026-07-09T01:06:41.675-0500] {logging_mixin.py:188} INFO - [2026-07-09T01:06:41.675-0500] {dagbag.py:545} INFO - Filling up the DagBag from /opt/airflow/dags/dag_monitor_correo.py
[2026-07-09T01:06:41.705-0500] {processor.py:840} INFO - DAG(s) 'aerotrack_travel_monitor_correo' retrieved from /opt/airflow/dags/dag_monitor_correo.py
[2026-07-09T01:06:41.734-0500] {logging_mixin.py:188} INFO - [2026-07-09T01:06:41.734-0500] {dag.py:3089} INFO - Sync 1 DAGs
[2026-07-09T01:06:41.747-0500] {logging_mixin.py:188} INFO - [2026-07-09T01:06:41.746-0500] {dag.py:3947} INFO - Setting next_dagrun for aerotrack_travel_monitor_correo to None, run_after=None
[2026-07-09T01:06:41.761-0500] {processor.py:183} INFO - Processing /opt/airflow/dags/dag_monitor_correo.py took 0.093 seconds
[2026-07-09T01:07:12.415-0500] {processor.py:161} INFO - Started process (PID=8419) to work on /opt/airflow/dags/dag_monitor_correo.py
[2026-07-09T01:07:12.416-0500] {processor.py:830} INFO - Processing file /opt/airflow/dags/dag_monitor_correo.py for tasks to queue
[2026-07-09T01:07:12.418-0500] {logging_mixin.py:188} INFO - [2026-07-09T01:07:12.417-0500] {dagbag.py:545} INFO - Filling up the DagBag from /opt/airflow/dags/dag_monitor_correo.py
[2026-07-09T01:07:12.446-0500] {processor.py:840} INFO - DAG(s) 'aerotrack_travel_monitor_correo' retrieved from /opt/airflow/dags/dag_monitor_correo.py
[2026-07-09T01:07:12.473-0500] {logging_mixin.py:188} INFO - [2026-07-09T01:07:12.473-0500] {dag.py:3089} INFO - Sync 1 DAGs
[2026-07-09T01:07:12.482-0500] {logging_mixin.py:188} INFO - [2026-07-09T01:07:12.482-0500] {dag.py:3947} INFO - Setting next_dagrun for aerotrack_travel_monitor_correo to None, run_after=None
[2026-07-09T01:07:12.497-0500] {processor.py:183} INFO - Processing /opt/airflow/dags/dag_monitor_correo.py took 0.086 seconds
[2026-07-09T01:07:43.280-0500] {processor.py:161} INFO - Started process (PID=8446) to work on /opt/airflow/dags/dag_monitor_correo.py
[2026-07-09T01:07:43.281-0500] {processor.py:830} INFO - Processing file /opt/airflow/dags/dag_monitor_correo.py for tasks to queue
[2026-07-09T01:07:43.283-0500] {logging_mixin.py:188} INFO - [2026-07-09T01:07:43.283-0500] {dagbag.py:545} INFO - Filling up the DagBag from /opt/airflow/dags/dag_monitor_correo.py
[2026-07-09T01:07:43.317-0500] {processor.py:840} INFO - DAG(s) 'aerotrack_travel_monitor_correo' retrieved from /opt/airflow/dags/dag_monitor_correo.py
[2026-07-09T01:07:43.353-0500] {logging_mixin.py:188} INFO - [2026-07-09T01:07:43.352-0500] {dag.py:3089} INFO - Sync 1 DAGs
[2026-07-09T01:07:43.364-0500] {logging_mixin.py:188} INFO - [2026-07-09T01:07:43.364-0500] {dag.py:3947} INFO - Setting next_dagrun for aerotrack_travel_monitor_correo to None, run_after=None
[2026-07-09T01:07:43.381-0500] {processor.py:183} INFO - Processing /opt/airflow/dags/dag_monitor_correo.py took 0.105 seconds
[2026-07-09T01:08:14.175-0500] {processor.py:161} INFO - Started process (PID=8473) to work on /opt/airflow/dags/dag_monitor_correo.py
[2026-07-09T01:08:14.176-0500] {processor.py:830} INFO - Processing file /opt/airflow/dags/dag_monitor_correo.py for tasks to queue
[2026-07-09T01:08:14.177-0500] {logging_mixin.py:188} INFO - [2026-07-09T01:08:14.177-0500] {dagbag.py:545} INFO - Filling up the DagBag from /opt/airflow/dags/dag_monitor_correo.py
[2026-07-09T01:08:14.204-0500] {processor.py:840} INFO - DAG(s) 'aerotrack_travel_monitor_correo' retrieved from /opt/airflow/dags/dag_monitor_correo.py
[2026-07-09T01:08:14.233-0500] {logging_mixin.py:188} INFO - [2026-07-09T01:08:14.233-0500] {dag.py:3089} INFO - Sync 1 DAGs
[2026-07-09T01:08:14.243-0500] {logging_mixin.py:188} INFO - [2026-07-09T01:08:14.243-0500] {dag.py:3947} INFO - Setting next_dagrun for aerotrack_travel_monitor_correo to None, run_after=None
[2026-07-09T01:08:14.256-0500] {processor.py:183} INFO - Processing /opt/airflow/dags/dag_monitor_correo.py took 0.086 seconds
[2026-07-09T01:08:44.999-0500] {processor.py:161} INFO - Started process (PID=8500) to work on /opt/airflow/dags/dag_monitor_correo.py
[2026-07-09T01:08:44.999-0500] {processor.py:830} INFO - Processing file /opt/airflow/dags/dag_monitor_correo.py for tasks to queue
[2026-07-09T01:08:45.001-0500] {logging_mixin.py:188} INFO - [2026-07-09T01:08:45.001-0500] {dagbag.py:545} INFO - Filling up the DagBag from /opt/airflow/dags/dag_monitor_correo.py
[2026-07-09T01:08:45.029-0500] {processor.py:840} INFO - DAG(s) 'aerotrack_travel_monitor_correo' retrieved from /opt/airflow/dags/dag_monitor_correo.py
[2026-07-09T01:08:45.063-0500] {logging_mixin.py:188} INFO - [2026-07-09T01:08:45.063-0500] {dag.py:3089} INFO - Sync 1 DAGs
[2026-07-09T01:08:45.073-0500] {logging_mixin.py:188} INFO - [2026-07-09T01:08:45.073-0500] {dag.py:3947} INFO - Setting next_dagrun for aerotrack_travel_monitor_correo to None, run_after=None
[2026-07-09T01:08:45.090-0500] {processor.py:183} INFO - Processing /opt/airflow/dags/dag_monitor_correo.py took 0.095 seconds
[2026-07-09T01:09:15.787-0500] {processor.py:161} INFO - Started process (PID=8527) to work on /opt/airflow/dags/dag_monitor_correo.py
[2026-07-09T01:09:15.788-0500] {processor.py:830} INFO - Processing file /opt/airflow/dags/dag_monitor_correo.py for tasks to queue
[2026-07-09T01:09:15.789-0500] {logging_mixin.py:188} INFO - [2026-07-09T01:09:15.789-0500] {dagbag.py:545} INFO - Filling up the DagBag from /opt/airflow/dags/dag_monitor_correo.py
[2026-07-09T01:09:15.818-0500] {processor.py:840} INFO - DAG(s) 'aerotrack_travel_monitor_correo' retrieved from /opt/airflow/dags/dag_monitor_correo.py
[2026-07-09T01:09:15.844-0500] {logging_mixin.py:188} INFO - [2026-07-09T01:09:15.844-0500] {dag.py:3089} INFO - Sync 1 DAGs
[2026-07-09T01:09:15.854-0500] {logging_mixin.py:188} INFO - [2026-07-09T01:09:15.854-0500] {dag.py:3947} INFO - Setting next_dagrun for aerotrack_travel_monitor_correo to None, run_after=None
[2026-07-09T01:09:15.869-0500] {processor.py:183} INFO - Processing /opt/airflow/dags/dag_monitor_correo.py took 0.087 seconds
[2026-07-09T01:09:46.652-0500] {processor.py:161} INFO - Started process (PID=8554) to work on /opt/airflow/dags/dag_monitor_correo.py
[2026-07-09T01:09:46.652-0500] {processor.py:830} INFO - Processing file /opt/airflow/dags/dag_monitor_correo.py for tasks to queue
[2026-07-09T01:09:46.654-0500] {logging_mixin.py:188} INFO - [2026-07-09T01:09:46.653-0500] {dagbag.py:545} INFO - Filling up the DagBag from /opt/airflow/dags/dag_monitor_correo.py
[2026-07-09T01:09:46.679-0500] {processor.py:840} INFO - DAG(s) 'aerotrack_travel_monitor_correo' retrieved from /opt/airflow/dags/dag_monitor_correo.py
[2026-07-09T01:09:46.708-0500] {logging_mixin.py:188} INFO - [2026-07-09T01:09:46.708-0500] {dag.py:3089} INFO - Sync 1 DAGs
[2026-07-09T01:09:46.722-0500] {logging_mixin.py:188} INFO - [2026-07-09T01:09:46.722-0500] {dag.py:3947} INFO - Setting next_dagrun for aerotrack_travel_monitor_correo to None, run_after=None
[2026-07-09T01:09:46.738-0500] {processor.py:183} INFO - Processing /opt/airflow/dags/dag_monitor_correo.py took 0.092 seconds
[2026-07-09T01:10:17.362-0500] {processor.py:161} INFO - Started process (PID=8581) to work on /opt/airflow/dags/dag_monitor_correo.py
[2026-07-09T01:10:17.363-0500] {processor.py:830} INFO - Processing file /opt/airflow/dags/dag_monitor_correo.py for tasks to queue
[2026-07-09T01:10:17.364-0500] {logging_mixin.py:188} INFO - [2026-07-09T01:10:17.364-0500] {dagbag.py:545} INFO - Filling up the DagBag from /opt/airflow/dags/dag_monitor_correo.py
[2026-07-09T01:10:17.393-0500] {processor.py:840} INFO - DAG(s) 'aerotrack_travel_monitor_correo' retrieved from /opt/airflow/dags/dag_monitor_correo.py
[2026-07-09T01:10:17.419-0500] {logging_mixin.py:188} INFO - [2026-07-09T01:10:17.419-0500] {dag.py:3089} INFO - Sync 1 DAGs
[2026-07-09T01:10:17.429-0500] {logging_mixin.py:188} INFO - [2026-07-09T01:10:17.429-0500] {dag.py:3947} INFO - Setting next_dagrun for aerotrack_travel_monitor_correo to None, run_after=None
[2026-07-09T01:10:17.445-0500] {processor.py:183} INFO - Processing /opt/airflow/dags/dag_monitor_correo.py took 0.087 seconds
[2026-07-09T01:10:48.109-0500] {processor.py:161} INFO - Started process (PID=8608) to work on /opt/airflow/dags/dag_monitor_correo.py
[2026-07-09T01:10:48.109-0500] {processor.py:830} INFO - Processing file /opt/airflow/dags/dag_monitor_correo.py for tasks to queue
[2026-07-09T01:10:48.111-0500] {logging_mixin.py:188} INFO - [2026-07-09T01:10:48.110-0500] {dagbag.py:545} INFO - Filling up the DagBag from /opt/airflow/dags/dag_monitor_correo.py
[2026-07-09T01:10:48.140-0500] {processor.py:840} INFO - DAG(s) 'aerotrack_travel_monitor_correo' retrieved from /opt/airflow/dags/dag_monitor_correo.py
[2026-07-09T01:10:48.168-0500] {logging_mixin.py:188} INFO - [2026-07-09T01:10:48.167-0500] {dag.py:3089} INFO - Sync 1 DAGs
[2026-07-09T01:10:48.179-0500] {logging_mixin.py:188} INFO - [2026-07-09T01:10:48.179-0500] {dag.py:3947} INFO - Setting next_dagrun for aerotrack_travel_monitor_correo to None, run_after=None
[2026-07-09T01:10:48.194-0500] {processor.py:183} INFO - Processing /opt/airflow/dags/dag_monitor_correo.py took 0.090 seconds
[2026-07-09T01:11:18.946-0500] {processor.py:161} INFO - Started process (PID=8635) to work on /opt/airflow/dags/dag_monitor_correo.py
[2026-07-09T01:11:18.946-0500] {processor.py:830} INFO - Processing file /opt/airflow/dags/dag_monitor_correo.py for tasks to queue
[2026-07-09T01:11:18.948-0500] {logging_mixin.py:188} INFO - [2026-07-09T01:11:18.948-0500] {dagbag.py:545} INFO - Filling up the DagBag from /opt/airflow/dags/dag_monitor_correo.py
[2026-07-09T01:11:18.981-0500] {processor.py:840} INFO - DAG(s) 'aerotrack_travel_monitor_correo' retrieved from /opt/airflow/dags/dag_monitor_correo.py
[2026-07-09T01:11:19.010-0500] {logging_mixin.py:188} INFO - [2026-07-09T01:11:19.010-0500] {dag.py:3089} INFO - Sync 1 DAGs
[2026-07-09T01:11:19.019-0500] {logging_mixin.py:188} INFO - [2026-07-09T01:11:19.018-0500] {dag.py:3947} INFO - Setting next_dagrun for aerotrack_travel_monitor_correo to None, run_after=None
[2026-07-09T01:11:19.044-0500] {processor.py:183} INFO - Processing /opt/airflow/dags/dag_monitor_correo.py took 0.103 seconds
[2026-07-09T01:11:49.709-0500] {processor.py:161} INFO - Started process (PID=8662) to work on /opt/airflow/dags/dag_monitor_correo.py
[2026-07-09T01:11:49.710-0500] {processor.py:830} INFO - Processing file /opt/airflow/dags/dag_monitor_correo.py for tasks to queue
[2026-07-09T01:11:49.712-0500] {logging_mixin.py:188} INFO - [2026-07-09T01:11:49.711-0500] {dagbag.py:545} INFO - Filling up the DagBag from /opt/airflow/dags/dag_monitor_correo.py
[2026-07-09T01:11:49.748-0500] {processor.py:840} INFO - DAG(s) 'aerotrack_travel_monitor_correo' retrieved from /opt/airflow/dags/dag_monitor_correo.py
[2026-07-09T01:11:49.777-0500] {logging_mixin.py:188} INFO - [2026-07-09T01:11:49.777-0500] {dag.py:3089} INFO - Sync 1 DAGs
[2026-07-09T01:11:49.788-0500] {logging_mixin.py:188} INFO - [2026-07-09T01:11:49.788-0500] {dag.py:3947} INFO - Setting next_dagrun for aerotrack_travel_monitor_correo to None, run_after=None
[2026-07-09T01:11:49.802-0500] {processor.py:183} INFO - Processing /opt/airflow/dags/dag_monitor_correo.py took 0.097 seconds
[2026-07-09T01:12:20.617-0500] {processor.py:161} INFO - Started process (PID=8689) to work on /opt/airflow/dags/dag_monitor_correo.py
[2026-07-09T01:12:20.619-0500] {processor.py:830} INFO - Processing file /opt/airflow/dags/dag_monitor_correo.py for tasks to queue
[2026-07-09T01:12:20.621-0500] {logging_mixin.py:188} INFO - [2026-07-09T01:12:20.621-0500] {dagbag.py:545} INFO - Filling up the DagBag from /opt/airflow/dags/dag_monitor_correo.py
[2026-07-09T01:12:20.653-0500] {processor.py:840} INFO - DAG(s) 'aerotrack_travel_monitor_correo' retrieved from /opt/airflow/dags/dag_monitor_correo.py
[2026-07-09T01:12:20.688-0500] {logging_mixin.py:188} INFO - [2026-07-09T01:12:20.688-0500] {dag.py:3089} INFO - Sync 1 DAGs
[2026-07-09T01:12:20.699-0500] {logging_mixin.py:188} INFO - [2026-07-09T01:12:20.698-0500] {dag.py:3947} INFO - Setting next_dagrun for aerotrack_travel_monitor_correo to None, run_after=None
[2026-07-09T01:12:20.714-0500] {processor.py:183} INFO - Processing /opt/airflow/dags/dag_monitor_correo.py took 0.103 seconds
[2026-07-09T01:12:51.407-0500] {processor.py:161} INFO - Started process (PID=8716) to work on /opt/airflow/dags/dag_monitor_correo.py
[2026-07-09T01:12:51.408-0500] {processor.py:830} INFO - Processing file /opt/airflow/dags/dag_monitor_correo.py for tasks to queue
[2026-07-09T01:12:51.409-0500] {logging_mixin.py:188} INFO - [2026-07-09T01:12:51.409-0500] {dagbag.py:545} INFO - Filling up the DagBag from /opt/airflow/dags/dag_monitor_correo.py
[2026-07-09T01:12:51.449-0500] {processor.py:840} INFO - DAG(s) 'aerotrack_travel_monitor_correo' retrieved from /opt/airflow/dags/dag_monitor_correo.py
[2026-07-09T01:12:51.485-0500] {logging_mixin.py:188} INFO - [2026-07-09T01:12:51.485-0500] {dag.py:3089} INFO - Sync 1 DAGs
[2026-07-09T01:12:51.499-0500] {logging_mixin.py:188} INFO - [2026-07-09T01:12:51.498-0500] {dag.py:3947} INFO - Setting next_dagrun for aerotrack_travel_monitor_correo to None, run_after=None
[2026-07-09T01:12:51.513-0500] {processor.py:183} INFO - Processing /opt/airflow/dags/dag_monitor_correo.py took 0.112 seconds
[2026-07-09T01:13:22.292-0500] {processor.py:161} INFO - Started process (PID=8743) to work on /opt/airflow/dags/dag_monitor_correo.py
[2026-07-09T01:13:22.293-0500] {processor.py:830} INFO - Processing file /opt/airflow/dags/dag_monitor_correo.py for tasks to queue
[2026-07-09T01:13:22.295-0500] {logging_mixin.py:188} INFO - [2026-07-09T01:13:22.294-0500] {dagbag.py:545} INFO - Filling up the DagBag from /opt/airflow/dags/dag_monitor_correo.py
[2026-07-09T01:13:22.324-0500] {processor.py:840} INFO - DAG(s) 'aerotrack_travel_monitor_correo' retrieved from /opt/airflow/dags/dag_monitor_correo.py
[2026-07-09T01:13:22.353-0500] {logging_mixin.py:188} INFO - [2026-07-09T01:13:22.353-0500] {dag.py:3089} INFO - Sync 1 DAGs
[2026-07-09T01:13:22.366-0500] {logging_mixin.py:188} INFO - [2026-07-09T01:13:22.365-0500] {dag.py:3947} INFO - Setting next_dagrun for aerotrack_travel_monitor_correo to None, run_after=None
[2026-07-09T01:13:22.381-0500] {processor.py:183} INFO - Processing /opt/airflow/dags/dag_monitor_correo.py took 0.093 seconds
[2026-07-09T01:13:53.115-0500] {processor.py:161} INFO - Started process (PID=8770) to work on /opt/airflow/dags/dag_monitor_correo.py
[2026-07-09T01:13:53.117-0500] {processor.py:830} INFO - Processing file /opt/airflow/dags/dag_monitor_correo.py for tasks to queue
[2026-07-09T01:13:53.118-0500] {logging_mixin.py:188} INFO - [2026-07-09T01:13:53.118-0500] {dagbag.py:545} INFO - Filling up the DagBag from /opt/airflow/dags/dag_monitor_correo.py
[2026-07-09T01:13:53.170-0500] {processor.py:840} INFO - DAG(s) 'aerotrack_travel_monitor_correo' retrieved from /opt/airflow/dags/dag_monitor_correo.py
[2026-07-09T01:13:53.205-0500] {logging_mixin.py:188} INFO - [2026-07-09T01:13:53.205-0500] {dag.py:3089} INFO - Sync 1 DAGs
[2026-07-09T01:13:53.217-0500] {logging_mixin.py:188} INFO - [2026-07-09T01:13:53.217-0500] {dag.py:3947} INFO - Setting next_dagrun for aerotrack_travel_monitor_correo to None, run_after=None
[2026-07-09T01:13:53.236-0500] {processor.py:183} INFO - Processing /opt/airflow/dags/dag_monitor_correo.py took 0.126 seconds
[2026-07-09T01:14:24.045-0500] {processor.py:161} INFO - Started process (PID=8797) to work on /opt/airflow/dags/dag_monitor_correo.py
[2026-07-09T01:14:24.046-0500] {processor.py:830} INFO - Processing file /opt/airflow/dags/dag_monitor_correo.py for tasks to queue
[2026-07-09T01:14:24.048-0500] {logging_mixin.py:188} INFO - [2026-07-09T01:14:24.048-0500] {dagbag.py:545} INFO - Filling up the DagBag from /opt/airflow/dags/dag_monitor_correo.py
[2026-07-09T01:14:24.098-0500] {processor.py:840} INFO - DAG(s) 'aerotrack_travel_monitor_correo' retrieved from /opt/airflow/dags/dag_monitor_correo.py
[2026-07-09T01:14:24.137-0500] {logging_mixin.py:188} INFO - [2026-07-09T01:14:24.136-0500] {dag.py:3089} INFO - Sync 1 DAGs
[2026-07-09T01:14:24.152-0500] {logging_mixin.py:188} INFO - [2026-07-09T01:14:24.151-0500] {dag.py:3947} INFO - Setting next_dagrun for aerotrack_travel_monitor_correo to None, run_after=None
[2026-07-09T01:14:24.170-0500] {processor.py:183} INFO - Processing /opt/airflow/dags/dag_monitor_correo.py took 0.131 seconds
[2026-07-09T01:14:54.850-0500] {processor.py:161} INFO - Started process (PID=8824) to work on /opt/airflow/dags/dag_monitor_correo.py
[2026-07-09T01:14:54.851-0500] {processor.py:830} INFO - Processing file /opt/airflow/dags/dag_monitor_correo.py for tasks to queue
[2026-07-09T01:14:54.853-0500] {logging_mixin.py:188} INFO - [2026-07-09T01:14:54.853-0500] {dagbag.py:545} INFO - Filling up the DagBag from /opt/airflow/dags/dag_monitor_correo.py
[2026-07-09T01:14:54.901-0500] {processor.py:840} INFO - DAG(s) 'aerotrack_travel_monitor_correo' retrieved from /opt/airflow/dags/dag_monitor_correo.py
[2026-07-09T01:14:54.935-0500] {logging_mixin.py:188} INFO - [2026-07-09T01:14:54.934-0500] {dag.py:3089} INFO - Sync 1 DAGs
[2026-07-09T01:14:54.946-0500] {logging_mixin.py:188} INFO - [2026-07-09T01:14:54.946-0500] {dag.py:3947} INFO - Setting next_dagrun for aerotrack_travel_monitor_correo to None, run_after=None
[2026-07-09T01:14:54.965-0500] {processor.py:183} INFO - Processing /opt/airflow/dags/dag_monitor_correo.py took 0.120 seconds
[2026-07-09T01:15:25.773-0500] {processor.py:161} INFO - Started process (PID=8851) to work on /opt/airflow/dags/dag_monitor_correo.py
[2026-07-09T01:15:25.774-0500] {processor.py:830} INFO - Processing file /opt/airflow/dags/dag_monitor_correo.py for tasks to queue
[2026-07-09T01:15:25.776-0500] {logging_mixin.py:188} INFO - [2026-07-09T01:15:25.776-0500] {dagbag.py:545} INFO - Filling up the DagBag from /opt/airflow/dags/dag_monitor_correo.py
[2026-07-09T01:15:25.825-0500] {processor.py:840} INFO - DAG(s) 'aerotrack_travel_monitor_correo' retrieved from /opt/airflow/dags/dag_monitor_correo.py
[2026-07-09T01:15:25.860-0500] {logging_mixin.py:188} INFO - [2026-07-09T01:15:25.859-0500] {dag.py:3089} INFO - Sync 1 DAGs
[2026-07-09T01:15:25.871-0500] {logging_mixin.py:188} INFO - [2026-07-09T01:15:25.871-0500] {dag.py:3947} INFO - Setting next_dagrun for aerotrack_travel_monitor_correo to None, run_after=None
[2026-07-09T01:15:25.888-0500] {processor.py:183} INFO - Processing /opt/airflow/dags/dag_monitor_correo.py took 0.122 seconds
[2026-07-09T01:15:56.652-0500] {processor.py:161} INFO - Started process (PID=8878) to work on /opt/airflow/dags/dag_monitor_correo.py
[2026-07-09T01:15:56.653-0500] {processor.py:830} INFO - Processing file /opt/airflow/dags/dag_monitor_correo.py for tasks to queue
[2026-07-09T01:15:56.655-0500] {logging_mixin.py:188} INFO - [2026-07-09T01:15:56.655-0500] {dagbag.py:545} INFO - Filling up the DagBag from /opt/airflow/dags/dag_monitor_correo.py
[2026-07-09T01:15:56.698-0500] {processor.py:840} INFO - DAG(s) 'aerotrack_travel_monitor_correo' retrieved from /opt/airflow/dags/dag_monitor_correo.py
[2026-07-09T01:15:56.731-0500] {logging_mixin.py:188} INFO - [2026-07-09T01:15:56.731-0500] {dag.py:3089} INFO - Sync 1 DAGs
[2026-07-09T01:15:56.743-0500] {logging_mixin.py:188} INFO - [2026-07-09T01:15:56.743-0500] {dag.py:3947} INFO - Setting next_dagrun for aerotrack_travel_monitor_correo to None, run_after=None
[2026-07-09T01:15:56.761-0500] {processor.py:183} INFO - Processing /opt/airflow/dags/dag_monitor_correo.py took 0.114 seconds
[2026-07-09T01:16:27.632-0500] {processor.py:161} INFO - Started process (PID=8905) to work on /opt/airflow/dags/dag_monitor_correo.py
[2026-07-09T01:16:27.633-0500] {processor.py:830} INFO - Processing file /opt/airflow/dags/dag_monitor_correo.py for tasks to queue
[2026-07-09T01:16:27.634-0500] {logging_mixin.py:188} INFO - [2026-07-09T01:16:27.634-0500] {dagbag.py:545} INFO - Filling up the DagBag from /opt/airflow/dags/dag_monitor_correo.py
[2026-07-09T01:16:27.666-0500] {processor.py:840} INFO - DAG(s) 'aerotrack_travel_monitor_correo' retrieved from /opt/airflow/dags/dag_monitor_correo.py
[2026-07-09T01:16:27.700-0500] {logging_mixin.py:188} INFO - [2026-07-09T01:16:27.699-0500] {dag.py:3089} INFO - Sync 1 DAGs
[2026-07-09T01:16:27.711-0500] {logging_mixin.py:188} INFO - [2026-07-09T01:16:27.711-0500] {dag.py:3947} INFO - Setting next_dagrun for aerotrack_travel_monitor_correo to None, run_after=None
[2026-07-09T01:16:27.728-0500] {processor.py:183} INFO - Processing /opt/airflow/dags/dag_monitor_correo.py took 0.101 seconds
[2026-07-09T01:16:58.589-0500] {processor.py:161} INFO - Started process (PID=8932) to work on /opt/airflow/dags/dag_monitor_correo.py
[2026-07-09T01:16:58.590-0500] {processor.py:830} INFO - Processing file /opt/airflow/dags/dag_monitor_correo.py for tasks to queue
[2026-07-09T01:16:58.591-0500] {logging_mixin.py:188} INFO - [2026-07-09T01:16:58.591-0500] {dagbag.py:545} INFO - Filling up the DagBag from /opt/airflow/dags/dag_monitor_correo.py
[2026-07-09T01:16:58.640-0500] {processor.py:840} INFO - DAG(s) 'aerotrack_travel_monitor_correo' retrieved from /opt/airflow/dags/dag_monitor_correo.py
[2026-07-09T01:16:58.670-0500] {logging_mixin.py:188} INFO - [2026-07-09T01:16:58.670-0500] {dag.py:3089} INFO - Sync 1 DAGs
[2026-07-09T01:16:58.680-0500] {logging_mixin.py:188} INFO - [2026-07-09T01:16:58.679-0500] {dag.py:3947} INFO - Setting next_dagrun for aerotrack_travel_monitor_correo to None, run_after=None
[2026-07-09T01:16:58.694-0500] {processor.py:183} INFO - Processing /opt/airflow/dags/dag_monitor_correo.py took 0.112 seconds
[2026-07-09T01:17:29.363-0500] {processor.py:161} INFO - Started process (PID=8959) to work on /opt/airflow/dags/dag_monitor_correo.py
[2026-07-09T01:17:29.364-0500] {processor.py:830} INFO - Processing file /opt/airflow/dags/dag_monitor_correo.py for tasks to queue
[2026-07-09T01:17:29.365-0500] {logging_mixin.py:188} INFO - [2026-07-09T01:17:29.365-0500] {dagbag.py:545} INFO - Filling up the DagBag from /opt/airflow/dags/dag_monitor_correo.py
[2026-07-09T01:17:29.400-0500] {processor.py:840} INFO - DAG(s) 'aerotrack_travel_monitor_correo' retrieved from /opt/airflow/dags/dag_monitor_correo.py
[2026-07-09T01:17:29.429-0500] {logging_mixin.py:188} INFO - [2026-07-09T01:17:29.429-0500] {dag.py:3089} INFO - Sync 1 DAGs
[2026-07-09T01:17:29.439-0500] {logging_mixin.py:188} INFO - [2026-07-09T01:17:29.439-0500] {dag.py:3947} INFO - Setting next_dagrun for aerotrack_travel_monitor_correo to None, run_after=None
[2026-07-09T01:17:29.454-0500] {processor.py:183} INFO - Processing /opt/airflow/dags/dag_monitor_correo.py took 0.095 seconds
[2026-07-09T01:18:00.209-0500] {processor.py:161} INFO - Started process (PID=8986) to work on /opt/airflow/dags/dag_monitor_correo.py
[2026-07-09T01:18:00.210-0500] {processor.py:830} INFO - Processing file /opt/airflow/dags/dag_monitor_correo.py for tasks to queue
[2026-07-09T01:18:00.211-0500] {logging_mixin.py:188} INFO - [2026-07-09T01:18:00.211-0500] {dagbag.py:545} INFO - Filling up the DagBag from /opt/airflow/dags/dag_monitor_correo.py
[2026-07-09T01:18:00.248-0500] {processor.py:840} INFO - DAG(s) 'aerotrack_travel_monitor_correo' retrieved from /opt/airflow/dags/dag_monitor_correo.py
[2026-07-09T01:18:00.275-0500] {logging_mixin.py:188} INFO - [2026-07-09T01:18:00.275-0500] {dag.py:3089} INFO - Sync 1 DAGs
[2026-07-09T01:18:00.285-0500] {logging_mixin.py:188} INFO - [2026-07-09T01:18:00.285-0500] {dag.py:3947} INFO - Setting next_dagrun for aerotrack_travel_monitor_correo to None, run_after=None
[2026-07-09T01:18:00.299-0500] {processor.py:183} INFO - Processing /opt/airflow/dags/dag_monitor_correo.py took 0.094 seconds
[2026-07-09T01:18:31.082-0500] {processor.py:161} INFO - Started process (PID=9013) to work on /opt/airflow/dags/dag_monitor_correo.py
[2026-07-09T01:18:31.083-0500] {processor.py:830} INFO - Processing file /opt/airflow/dags/dag_monitor_correo.py for tasks to queue
[2026-07-09T01:18:31.085-0500] {logging_mixin.py:188} INFO - [2026-07-09T01:18:31.085-0500] {dagbag.py:545} INFO - Filling up the DagBag from /opt/airflow/dags/dag_monitor_correo.py
[2026-07-09T01:18:31.134-0500] {processor.py:840} INFO - DAG(s) 'aerotrack_travel_monitor_correo' retrieved from /opt/airflow/dags/dag_monitor_correo.py
[2026-07-09T01:18:31.166-0500] {logging_mixin.py:188} INFO - [2026-07-09T01:18:31.165-0500] {dag.py:3089} INFO - Sync 1 DAGs
[2026-07-09T01:18:31.175-0500] {logging_mixin.py:188} INFO - [2026-07-09T01:18:31.175-0500] {dag.py:3947} INFO - Setting next_dagrun for aerotrack_travel_monitor_correo to None, run_after=None
[2026-07-09T01:18:31.190-0500] {processor.py:183} INFO - Processing /opt/airflow/dags/dag_monitor_correo.py took 0.113 seconds
[2026-07-09T01:19:01.828-0500] {processor.py:161} INFO - Started process (PID=9040) to work on /opt/airflow/dags/dag_monitor_correo.py
[2026-07-09T01:19:01.829-0500] {processor.py:830} INFO - Processing file /opt/airflow/dags/dag_monitor_correo.py for tasks to queue
[2026-07-09T01:19:01.831-0500] {logging_mixin.py:188} INFO - [2026-07-09T01:19:01.830-0500] {dagbag.py:545} INFO - Filling up the DagBag from /opt/airflow/dags/dag_monitor_correo.py
[2026-07-09T01:19:01.875-0500] {processor.py:840} INFO - DAG(s) 'aerotrack_travel_monitor_correo' retrieved from /opt/airflow/dags/dag_monitor_correo.py
[2026-07-09T01:19:01.910-0500] {logging_mixin.py:188} INFO - [2026-07-09T01:19:01.910-0500] {dag.py:3089} INFO - Sync 1 DAGs
[2026-07-09T01:19:01.920-0500] {logging_mixin.py:188} INFO - [2026-07-09T01:19:01.920-0500] {dag.py:3947} INFO - Setting next_dagrun for aerotrack_travel_monitor_correo to None, run_after=None
[2026-07-09T01:19:01.937-0500] {processor.py:183} INFO - Processing /opt/airflow/dags/dag_monitor_correo.py took 0.113 seconds
[2026-07-09T01:19:32.581-0500] {processor.py:161} INFO - Started process (PID=9067) to work on /opt/airflow/dags/dag_monitor_correo.py
[2026-07-09T01:19:32.582-0500] {processor.py:830} INFO - Processing file /opt/airflow/dags/dag_monitor_correo.py for tasks to queue
[2026-07-09T01:19:32.583-0500] {logging_mixin.py:188} INFO - [2026-07-09T01:19:32.583-0500] {dagbag.py:545} INFO - Filling up the DagBag from /opt/airflow/dags/dag_monitor_correo.py
[2026-07-09T01:19:32.617-0500] {processor.py:840} INFO - DAG(s) 'aerotrack_travel_monitor_correo' retrieved from /opt/airflow/dags/dag_monitor_correo.py
[2026-07-09T01:19:32.647-0500] {logging_mixin.py:188} INFO - [2026-07-09T01:19:32.647-0500] {dag.py:3089} INFO - Sync 1 DAGs
[2026-07-09T01:19:32.658-0500] {logging_mixin.py:188} INFO - [2026-07-09T01:19:32.658-0500] {dag.py:3947} INFO - Setting next_dagrun for aerotrack_travel_monitor_correo to None, run_after=None
[2026-07-09T01:19:32.675-0500] {processor.py:183} INFO - Processing /opt/airflow/dags/dag_monitor_correo.py took 0.098 seconds
[2026-07-09T01:20:03.476-0500] {processor.py:161} INFO - Started process (PID=9094) to work on /opt/airflow/dags/dag_monitor_correo.py
[2026-07-09T01:20:03.477-0500] {processor.py:830} INFO - Processing file /opt/airflow/dags/dag_monitor_correo.py for tasks to queue
[2026-07-09T01:20:03.478-0500] {logging_mixin.py:188} INFO - [2026-07-09T01:20:03.478-0500] {dagbag.py:545} INFO - Filling up the DagBag from /opt/airflow/dags/dag_monitor_correo.py
[2026-07-09T01:20:03.522-0500] {processor.py:840} INFO - DAG(s) 'aerotrack_travel_monitor_correo' retrieved from /opt/airflow/dags/dag_monitor_correo.py
[2026-07-09T01:20:03.557-0500] {logging_mixin.py:188} INFO - [2026-07-09T01:20:03.557-0500] {dag.py:3089} INFO - Sync 1 DAGs
[2026-07-09T01:20:03.569-0500] {logging_mixin.py:188} INFO - [2026-07-09T01:20:03.569-0500] {dag.py:3947} INFO - Setting next_dagrun for aerotrack_travel_monitor_correo to None, run_after=None
[2026-07-09T01:20:03.585-0500] {processor.py:183} INFO - Processing /opt/airflow/dags/dag_monitor_correo.py took 0.113 seconds
[2026-07-09T01:20:34.357-0500] {processor.py:161} INFO - Started process (PID=9121) to work on /opt/airflow/dags/dag_monitor_correo.py
[2026-07-09T01:20:34.358-0500] {processor.py:830} INFO - Processing file /opt/airflow/dags/dag_monitor_correo.py for tasks to queue
[2026-07-09T01:20:34.360-0500] {logging_mixin.py:188} INFO - [2026-07-09T01:20:34.359-0500] {dagbag.py:545} INFO - Filling up the DagBag from /opt/airflow/dags/dag_monitor_correo.py
[2026-07-09T01:20:34.391-0500] {processor.py:840} INFO - DAG(s) 'aerotrack_travel_monitor_correo' retrieved from /opt/airflow/dags/dag_monitor_correo.py
[2026-07-09T01:20:34.423-0500] {logging_mixin.py:188} INFO - [2026-07-09T01:20:34.422-0500] {dag.py:3089} INFO - Sync 1 DAGs
[2026-07-09T01:20:34.433-0500] {logging_mixin.py:188} INFO - [2026-07-09T01:20:34.433-0500] {dag.py:3947} INFO - Setting next_dagrun for aerotrack_travel_monitor_correo to None, run_after=None
[2026-07-09T01:20:34.447-0500] {processor.py:183} INFO - Processing /opt/airflow/dags/dag_monitor_correo.py took 0.094 seconds
[2026-07-09T01:21:05.239-0500] {processor.py:161} INFO - Started process (PID=9148) to work on /opt/airflow/dags/dag_monitor_correo.py
[2026-07-09T01:21:05.240-0500] {processor.py:830} INFO - Processing file /opt/airflow/dags/dag_monitor_correo.py for tasks to queue
[2026-07-09T01:21:05.241-0500] {logging_mixin.py:188} INFO - [2026-07-09T01:21:05.241-0500] {dagbag.py:545} INFO - Filling up the DagBag from /opt/airflow/dags/dag_monitor_correo.py
[2026-07-09T01:21:05.274-0500] {processor.py:840} INFO - DAG(s) 'aerotrack_travel_monitor_correo' retrieved from /opt/airflow/dags/dag_monitor_correo.py
[2026-07-09T01:21:05.305-0500] {logging_mixin.py:188} INFO - [2026-07-09T01:21:05.305-0500] {dag.py:3089} INFO - Sync 1 DAGs
[2026-07-09T01:21:05.315-0500] {logging_mixin.py:188} INFO - [2026-07-09T01:21:05.315-0500] {dag.py:3947} INFO - Setting next_dagrun for aerotrack_travel_monitor_correo to None, run_after=None
[2026-07-09T01:21:05.330-0500] {processor.py:183} INFO - Processing /opt/airflow/dags/dag_monitor_correo.py took 0.097 seconds
[2026-07-09T01:21:36.160-0500] {processor.py:161} INFO - Started process (PID=9175) to work on /opt/airflow/dags/dag_monitor_correo.py
[2026-07-09T01:21:36.161-0500] {processor.py:830} INFO - Processing file /opt/airflow/dags/dag_monitor_correo.py for tasks to queue
[2026-07-09T01:21:36.163-0500] {logging_mixin.py:188} INFO - [2026-07-09T01:21:36.163-0500] {dagbag.py:545} INFO - Filling up the DagBag from /opt/airflow/dags/dag_monitor_correo.py
[2026-07-09T01:21:36.199-0500] {processor.py:840} INFO - DAG(s) 'aerotrack_travel_monitor_correo' retrieved from /opt/airflow/dags/dag_monitor_correo.py
[2026-07-09T01:21:36.234-0500] {logging_mixin.py:188} INFO - [2026-07-09T01:21:36.234-0500] {dag.py:3089} INFO - Sync 1 DAGs
[2026-07-09T01:21:36.244-0500] {logging_mixin.py:188} INFO - [2026-07-09T01:21:36.244-0500] {dag.py:3947} INFO - Setting next_dagrun for aerotrack_travel_monitor_correo to None, run_after=None
[2026-07-09T01:21:36.259-0500] {processor.py:183} INFO - Processing /opt/airflow/dags/dag_monitor_correo.py took 0.107 seconds
[2026-07-09T01:22:06.996-0500] {processor.py:161} INFO - Started process (PID=9202) to work on /opt/airflow/dags/dag_monitor_correo.py
[2026-07-09T01:22:06.997-0500] {processor.py:830} INFO - Processing file /opt/airflow/dags/dag_monitor_correo.py for tasks to queue
[2026-07-09T01:22:06.998-0500] {logging_mixin.py:188} INFO - [2026-07-09T01:22:06.998-0500] {dagbag.py:545} INFO - Filling up the DagBag from /opt/airflow/dags/dag_monitor_correo.py
[2026-07-09T01:22:07.027-0500] {processor.py:840} INFO - DAG(s) 'aerotrack_travel_monitor_correo' retrieved from /opt/airflow/dags/dag_monitor_correo.py
[2026-07-09T01:22:07.055-0500] {logging_mixin.py:188} INFO - [2026-07-09T01:22:07.055-0500] {dag.py:3089} INFO - Sync 1 DAGs
[2026-07-09T01:22:07.065-0500] {logging_mixin.py:188} INFO - [2026-07-09T01:22:07.065-0500] {dag.py:3947} INFO - Setting next_dagrun for aerotrack_travel_monitor_correo to None, run_after=None
[2026-07-09T01:22:07.082-0500] {processor.py:183} INFO - Processing /opt/airflow/dags/dag_monitor_correo.py took 0.091 seconds
[2026-07-09T01:22:37.758-0500] {processor.py:161} INFO - Started process (PID=9229) to work on /opt/airflow/dags/dag_monitor_correo.py
[2026-07-09T01:22:37.759-0500] {processor.py:830} INFO - Processing file /opt/airflow/dags/dag_monitor_correo.py for tasks to queue
[2026-07-09T01:22:37.760-0500] {logging_mixin.py:188} INFO - [2026-07-09T01:22:37.760-0500] {dagbag.py:545} INFO - Filling up the DagBag from /opt/airflow/dags/dag_monitor_correo.py
[2026-07-09T01:22:37.788-0500] {processor.py:840} INFO - DAG(s) 'aerotrack_travel_monitor_correo' retrieved from /opt/airflow/dags/dag_monitor_correo.py
[2026-07-09T01:22:37.818-0500] {logging_mixin.py:188} INFO - [2026-07-09T01:22:37.818-0500] {dag.py:3089} INFO - Sync 1 DAGs
[2026-07-09T01:22:37.828-0500] {logging_mixin.py:188} INFO - [2026-07-09T01:22:37.828-0500] {dag.py:3947} INFO - Setting next_dagrun for aerotrack_travel_monitor_correo to None, run_after=None
[2026-07-09T01:22:37.844-0500] {processor.py:183} INFO - Processing /opt/airflow/dags/dag_monitor_correo.py took 0.090 seconds
[2026-07-09T01:23:08.606-0500] {processor.py:161} INFO - Started process (PID=9256) to work on /opt/airflow/dags/dag_monitor_correo.py
[2026-07-09T01:23:08.607-0500] {processor.py:830} INFO - Processing file /opt/airflow/dags/dag_monitor_correo.py for tasks to queue
[2026-07-09T01:23:08.609-0500] {logging_mixin.py:188} INFO - [2026-07-09T01:23:08.609-0500] {dagbag.py:545} INFO - Filling up the DagBag from /opt/airflow/dags/dag_monitor_correo.py
[2026-07-09T01:23:08.665-0500] {processor.py:840} INFO - DAG(s) 'aerotrack_travel_monitor_correo' retrieved from /opt/airflow/dags/dag_monitor_correo.py
[2026-07-09T01:23:08.701-0500] {logging_mixin.py:188} INFO - [2026-07-09T01:23:08.701-0500] {dag.py:3089} INFO - Sync 1 DAGs
[2026-07-09T01:23:08.711-0500] {logging_mixin.py:188} INFO - [2026-07-09T01:23:08.711-0500] {dag.py:3947} INFO - Setting next_dagrun for aerotrack_travel_monitor_correo to None, run_after=None
[2026-07-09T01:23:08.728-0500] {processor.py:183} INFO - Processing /opt/airflow/dags/dag_monitor_correo.py took 0.126 seconds
[2026-07-09T01:23:39.397-0500] {processor.py:161} INFO - Started process (PID=9283) to work on /opt/airflow/dags/dag_monitor_correo.py
[2026-07-09T01:23:39.397-0500] {processor.py:830} INFO - Processing file /opt/airflow/dags/dag_monitor_correo.py for tasks to queue
[2026-07-09T01:23:39.399-0500] {logging_mixin.py:188} INFO - [2026-07-09T01:23:39.399-0500] {dagbag.py:545} INFO - Filling up the DagBag from /opt/airflow/dags/dag_monitor_correo.py
[2026-07-09T01:23:39.444-0500] {processor.py:840} INFO - DAG(s) 'aerotrack_travel_monitor_correo' retrieved from /opt/airflow/dags/dag_monitor_correo.py
[2026-07-09T01:23:39.478-0500] {logging_mixin.py:188} INFO - [2026-07-09T01:23:39.478-0500] {dag.py:3089} INFO - Sync 1 DAGs
[2026-07-09T01:23:39.489-0500] {logging_mixin.py:188} INFO - [2026-07-09T01:23:39.489-0500] {dag.py:3947} INFO - Setting next_dagrun for aerotrack_travel_monitor_correo to None, run_after=None
[2026-07-09T01:23:39.508-0500] {processor.py:183} INFO - Processing /opt/airflow/dags/dag_monitor_correo.py took 0.116 seconds
[2026-07-09T01:24:10.226-0500] {processor.py:161} INFO - Started process (PID=9310) to work on /opt/airflow/dags/dag_monitor_correo.py
[2026-07-09T01:24:10.227-0500] {processor.py:830} INFO - Processing file /opt/airflow/dags/dag_monitor_correo.py for tasks to queue
[2026-07-09T01:24:10.229-0500] {logging_mixin.py:188} INFO - [2026-07-09T01:24:10.229-0500] {dagbag.py:545} INFO - Filling up the DagBag from /opt/airflow/dags/dag_monitor_correo.py
[2026-07-09T01:24:10.271-0500] {processor.py:840} INFO - DAG(s) 'aerotrack_travel_monitor_correo' retrieved from /opt/airflow/dags/dag_monitor_correo.py
[2026-07-09T01:24:10.301-0500] {logging_mixin.py:188} INFO - [2026-07-09T01:24:10.301-0500] {dag.py:3089} INFO - Sync 1 DAGs
[2026-07-09T01:24:10.312-0500] {logging_mixin.py:188} INFO - [2026-07-09T01:24:10.312-0500] {dag.py:3947} INFO - Setting next_dagrun for aerotrack_travel_monitor_correo to None, run_after=None
[2026-07-09T01:24:10.335-0500] {processor.py:183} INFO - Processing /opt/airflow/dags/dag_monitor_correo.py took 0.114 seconds
[2026-07-09T01:24:40.993-0500] {processor.py:161} INFO - Started process (PID=9337) to work on /opt/airflow/dags/dag_monitor_correo.py
[2026-07-09T01:24:40.994-0500] {processor.py:830} INFO - Processing file /opt/airflow/dags/dag_monitor_correo.py for tasks to queue
[2026-07-09T01:24:40.996-0500] {logging_mixin.py:188} INFO - [2026-07-09T01:24:40.996-0500] {dagbag.py:545} INFO - Filling up the DagBag from /opt/airflow/dags/dag_monitor_correo.py
[2026-07-09T01:24:41.041-0500] {processor.py:840} INFO - DAG(s) 'aerotrack_travel_monitor_correo' retrieved from /opt/airflow/dags/dag_monitor_correo.py
[2026-07-09T01:24:41.074-0500] {logging_mixin.py:188} INFO - [2026-07-09T01:24:41.073-0500] {dag.py:3089} INFO - Sync 1 DAGs
[2026-07-09T01:24:41.087-0500] {logging_mixin.py:188} INFO - [2026-07-09T01:24:41.087-0500] {dag.py:3947} INFO - Setting next_dagrun for aerotrack_travel_monitor_correo to None, run_after=None
[2026-07-09T01:24:41.104-0500] {processor.py:183} INFO - Processing /opt/airflow/dags/dag_monitor_correo.py took 0.116 seconds
[2026-07-09T01:25:11.807-0500] {processor.py:161} INFO - Started process (PID=9364) to work on /opt/airflow/dags/dag_monitor_correo.py
[2026-07-09T01:25:11.816-0500] {processor.py:830} INFO - Processing file /opt/airflow/dags/dag_monitor_correo.py for tasks to queue
[2026-07-09T01:25:11.818-0500] {logging_mixin.py:188} INFO - [2026-07-09T01:25:11.818-0500] {dagbag.py:545} INFO - Filling up the DagBag from /opt/airflow/dags/dag_monitor_correo.py
[2026-07-09T01:25:11.867-0500] {processor.py:840} INFO - DAG(s) 'aerotrack_travel_monitor_correo' retrieved from /opt/airflow/dags/dag_monitor_correo.py
[2026-07-09T01:25:11.930-0500] {logging_mixin.py:188} INFO - [2026-07-09T01:25:11.930-0500] {dag.py:3089} INFO - Sync 1 DAGs
[2026-07-09T01:25:11.950-0500] {logging_mixin.py:188} INFO - [2026-07-09T01:25:11.949-0500] {dag.py:3947} INFO - Setting next_dagrun for aerotrack_travel_monitor_correo to None, run_after=None
[2026-07-09T01:25:11.966-0500] {processor.py:183} INFO - Processing /opt/airflow/dags/dag_monitor_correo.py took 0.200 seconds
[2026-07-09T01:25:42.830-0500] {processor.py:161} INFO - Started process (PID=9391) to work on /opt/airflow/dags/dag_monitor_correo.py
[2026-07-09T01:25:42.831-0500] {processor.py:830} INFO - Processing file /opt/airflow/dags/dag_monitor_correo.py for tasks to queue
[2026-07-09T01:25:42.833-0500] {logging_mixin.py:188} INFO - [2026-07-09T01:25:42.833-0500] {dagbag.py:545} INFO - Filling up the DagBag from /opt/airflow/dags/dag_monitor_correo.py
[2026-07-09T01:25:42.865-0500] {processor.py:840} INFO - DAG(s) 'aerotrack_travel_monitor_correo' retrieved from /opt/airflow/dags/dag_monitor_correo.py
[2026-07-09T01:25:42.893-0500] {logging_mixin.py:188} INFO - [2026-07-09T01:25:42.893-0500] {dag.py:3089} INFO - Sync 1 DAGs
[2026-07-09T01:25:42.904-0500] {logging_mixin.py:188} INFO - [2026-07-09T01:25:42.904-0500] {dag.py:3947} INFO - Setting next_dagrun for aerotrack_travel_monitor_correo to None, run_after=None
[2026-07-09T01:25:42.920-0500] {processor.py:183} INFO - Processing /opt/airflow/dags/dag_monitor_correo.py took 0.096 seconds
[2026-07-09T01:26:13.738-0500] {processor.py:161} INFO - Started process (PID=9418) to work on /opt/airflow/dags/dag_monitor_correo.py
[2026-07-09T01:26:13.739-0500] {processor.py:830} INFO - Processing file /opt/airflow/dags/dag_monitor_correo.py for tasks to queue
[2026-07-09T01:26:13.741-0500] {logging_mixin.py:188} INFO - [2026-07-09T01:26:13.741-0500] {dagbag.py:545} INFO - Filling up the DagBag from /opt/airflow/dags/dag_monitor_correo.py
[2026-07-09T01:26:13.790-0500] {processor.py:840} INFO - DAG(s) 'aerotrack_travel_monitor_correo' retrieved from /opt/airflow/dags/dag_monitor_correo.py
[2026-07-09T01:26:13.824-0500] {logging_mixin.py:188} INFO - [2026-07-09T01:26:13.824-0500] {dag.py:3089} INFO - Sync 1 DAGs
[2026-07-09T01:26:13.834-0500] {logging_mixin.py:188} INFO - [2026-07-09T01:26:13.834-0500] {dag.py:3947} INFO - Setting next_dagrun for aerotrack_travel_monitor_correo to None, run_after=None
[2026-07-09T01:26:13.850-0500] {processor.py:183} INFO - Processing /opt/airflow/dags/dag_monitor_correo.py took 0.117 seconds
[2026-07-09T01:26:44.656-0500] {processor.py:161} INFO - Started process (PID=9445) to work on /opt/airflow/dags/dag_monitor_correo.py
[2026-07-09T01:26:44.656-0500] {processor.py:830} INFO - Processing file /opt/airflow/dags/dag_monitor_correo.py for tasks to queue
[2026-07-09T01:26:44.658-0500] {logging_mixin.py:188} INFO - [2026-07-09T01:26:44.658-0500] {dagbag.py:545} INFO - Filling up the DagBag from /opt/airflow/dags/dag_monitor_correo.py
[2026-07-09T01:26:44.689-0500] {processor.py:840} INFO - DAG(s) 'aerotrack_travel_monitor_correo' retrieved from /opt/airflow/dags/dag_monitor_correo.py
[2026-07-09T01:26:44.718-0500] {logging_mixin.py:188} INFO - [2026-07-09T01:26:44.718-0500] {dag.py:3089} INFO - Sync 1 DAGs
[2026-07-09T01:26:44.728-0500] {logging_mixin.py:188} INFO - [2026-07-09T01:26:44.728-0500] {dag.py:3947} INFO - Setting next_dagrun for aerotrack_travel_monitor_correo to None, run_after=None
[2026-07-09T01:26:44.742-0500] {processor.py:183} INFO - Processing /opt/airflow/dags/dag_monitor_correo.py took 0.091 seconds
[2026-07-09T01:27:15.537-0500] {processor.py:161} INFO - Started process (PID=9472) to work on /opt/airflow/dags/dag_monitor_correo.py
[2026-07-09T01:27:15.537-0500] {processor.py:830} INFO - Processing file /opt/airflow/dags/dag_monitor_correo.py for tasks to queue
[2026-07-09T01:27:15.539-0500] {logging_mixin.py:188} INFO - [2026-07-09T01:27:15.539-0500] {dagbag.py:545} INFO - Filling up the DagBag from /opt/airflow/dags/dag_monitor_correo.py
[2026-07-09T01:27:15.575-0500] {processor.py:840} INFO - DAG(s) 'aerotrack_travel_monitor_correo' retrieved from /opt/airflow/dags/dag_monitor_correo.py
[2026-07-09T01:27:15.610-0500] {logging_mixin.py:188} INFO - [2026-07-09T01:27:15.609-0500] {dag.py:3089} INFO - Sync 1 DAGs
[2026-07-09T01:27:15.620-0500] {logging_mixin.py:188} INFO - [2026-07-09T01:27:15.619-0500] {dag.py:3947} INFO - Setting next_dagrun for aerotrack_travel_monitor_correo to None, run_after=None
[2026-07-09T01:27:15.636-0500] {processor.py:183} INFO - Processing /opt/airflow/dags/dag_monitor_correo.py took 0.105 seconds
[2026-07-09T01:27:46.316-0500] {processor.py:161} INFO - Started process (PID=9499) to work on /opt/airflow/dags/dag_monitor_correo.py
[2026-07-09T01:27:46.317-0500] {processor.py:830} INFO - Processing file /opt/airflow/dags/dag_monitor_correo.py for tasks to queue
[2026-07-09T01:27:46.319-0500] {logging_mixin.py:188} INFO - [2026-07-09T01:27:46.319-0500] {dagbag.py:545} INFO - Filling up the DagBag from /opt/airflow/dags/dag_monitor_correo.py
[2026-07-09T01:27:46.369-0500] {processor.py:840} INFO - DAG(s) 'aerotrack_travel_monitor_correo' retrieved from /opt/airflow/dags/dag_monitor_correo.py
[2026-07-09T01:27:46.405-0500] {logging_mixin.py:188} INFO - [2026-07-09T01:27:46.405-0500] {dag.py:3089} INFO - Sync 1 DAGs
[2026-07-09T01:27:46.418-0500] {logging_mixin.py:188} INFO - [2026-07-09T01:27:46.418-0500] {dag.py:3947} INFO - Setting next_dagrun for aerotrack_travel_monitor_correo to None, run_after=None
[2026-07-09T01:27:46.437-0500] {processor.py:183} INFO - Processing /opt/airflow/dags/dag_monitor_correo.py took 0.128 seconds
[2026-07-09T01:28:17.186-0500] {processor.py:161} INFO - Started process (PID=9526) to work on /opt/airflow/dags/dag_monitor_correo.py
[2026-07-09T01:28:17.187-0500] {processor.py:830} INFO - Processing file /opt/airflow/dags/dag_monitor_correo.py for tasks to queue
[2026-07-09T01:28:17.188-0500] {logging_mixin.py:188} INFO - [2026-07-09T01:28:17.188-0500] {dagbag.py:545} INFO - Filling up the DagBag from /opt/airflow/dags/dag_monitor_correo.py
[2026-07-09T01:28:17.227-0500] {processor.py:840} INFO - DAG(s) 'aerotrack_travel_monitor_correo' retrieved from /opt/airflow/dags/dag_monitor_correo.py
[2026-07-09T01:28:17.255-0500] {logging_mixin.py:188} INFO - [2026-07-09T01:28:17.255-0500] {dag.py:3089} INFO - Sync 1 DAGs
[2026-07-09T01:28:17.264-0500] {logging_mixin.py:188} INFO - [2026-07-09T01:28:17.264-0500] {dag.py:3947} INFO - Setting next_dagrun for aerotrack_travel_monitor_correo to None, run_after=None
[2026-07-09T01:28:17.279-0500] {processor.py:183} INFO - Processing /opt/airflow/dags/dag_monitor_correo.py took 0.097 seconds
[2026-07-09T01:28:48.072-0500] {processor.py:161} INFO - Started process (PID=9553) to work on /opt/airflow/dags/dag_monitor_correo.py
[2026-07-09T01:28:48.074-0500] {processor.py:830} INFO - Processing file /opt/airflow/dags/dag_monitor_correo.py for tasks to queue
[2026-07-09T01:28:48.076-0500] {logging_mixin.py:188} INFO - [2026-07-09T01:28:48.075-0500] {dagbag.py:545} INFO - Filling up the DagBag from /opt/airflow/dags/dag_monitor_correo.py
[2026-07-09T01:28:48.120-0500] {processor.py:840} INFO - DAG(s) 'aerotrack_travel_monitor_correo' retrieved from /opt/airflow/dags/dag_monitor_correo.py
[2026-07-09T01:28:48.152-0500] {logging_mixin.py:188} INFO - [2026-07-09T01:28:48.151-0500] {dag.py:3089} INFO - Sync 1 DAGs
[2026-07-09T01:28:48.164-0500] {logging_mixin.py:188} INFO - [2026-07-09T01:28:48.164-0500] {dag.py:3947} INFO - Setting next_dagrun for aerotrack_travel_monitor_correo to None, run_after=None
[2026-07-09T01:28:48.181-0500] {processor.py:183} INFO - Processing /opt/airflow/dags/dag_monitor_correo.py took 0.113 seconds
[2026-07-09T01:29:18.930-0500] {processor.py:161} INFO - Started process (PID=9580) to work on /opt/airflow/dags/dag_monitor_correo.py
[2026-07-09T01:29:18.932-0500] {processor.py:830} INFO - Processing file /opt/airflow/dags/dag_monitor_correo.py for tasks to queue
[2026-07-09T01:29:18.934-0500] {logging_mixin.py:188} INFO - [2026-07-09T01:29:18.934-0500] {dagbag.py:545} INFO - Filling up the DagBag from /opt/airflow/dags/dag_monitor_correo.py
[2026-07-09T01:29:18.996-0500] {processor.py:840} INFO - DAG(s) 'aerotrack_travel_monitor_correo' retrieved from /opt/airflow/dags/dag_monitor_correo.py
[2026-07-09T01:29:19.032-0500] {logging_mixin.py:188} INFO - [2026-07-09T01:29:19.031-0500] {dag.py:3089} INFO - Sync 1 DAGs
[2026-07-09T01:29:19.044-0500] {logging_mixin.py:188} INFO - [2026-07-09T01:29:19.043-0500] {dag.py:3947} INFO - Setting next_dagrun for aerotrack_travel_monitor_correo to None, run_after=None
[2026-07-09T01:29:19.064-0500] {processor.py:183} INFO - Processing /opt/airflow/dags/dag_monitor_correo.py took 0.141 seconds
[2026-07-09T01:29:49.748-0500] {processor.py:161} INFO - Started process (PID=9607) to work on /opt/airflow/dags/dag_monitor_correo.py
[2026-07-09T01:29:49.749-0500] {processor.py:830} INFO - Processing file /opt/airflow/dags/dag_monitor_correo.py for tasks to queue
[2026-07-09T01:29:49.751-0500] {logging_mixin.py:188} INFO - [2026-07-09T01:29:49.751-0500] {dagbag.py:545} INFO - Filling up the DagBag from /opt/airflow/dags/dag_monitor_correo.py
[2026-07-09T01:29:49.798-0500] {processor.py:840} INFO - DAG(s) 'aerotrack_travel_monitor_correo' retrieved from /opt/airflow/dags/dag_monitor_correo.py
[2026-07-09T01:29:49.835-0500] {logging_mixin.py:188} INFO - [2026-07-09T01:29:49.834-0500] {dag.py:3089} INFO - Sync 1 DAGs
[2026-07-09T01:29:49.848-0500] {logging_mixin.py:188} INFO - [2026-07-09T01:29:49.848-0500] {dag.py:3947} INFO - Setting next_dagrun for aerotrack_travel_monitor_correo to None, run_after=None
[2026-07-09T01:29:49.869-0500] {processor.py:183} INFO - Processing /opt/airflow/dags/dag_monitor_correo.py took 0.128 seconds
[2026-07-09T01:30:20.721-0500] {processor.py:161} INFO - Started process (PID=9634) to work on /opt/airflow/dags/dag_monitor_correo.py
[2026-07-09T01:30:20.722-0500] {processor.py:830} INFO - Processing file /opt/airflow/dags/dag_monitor_correo.py for tasks to queue
[2026-07-09T01:30:20.724-0500] {logging_mixin.py:188} INFO - [2026-07-09T01:30:20.724-0500] {dagbag.py:545} INFO - Filling up the DagBag from /opt/airflow/dags/dag_monitor_correo.py
[2026-07-09T01:30:20.771-0500] {processor.py:840} INFO - DAG(s) 'aerotrack_travel_monitor_correo' retrieved from /opt/airflow/dags/dag_monitor_correo.py
[2026-07-09T01:30:20.809-0500] {logging_mixin.py:188} INFO - [2026-07-09T01:30:20.809-0500] {dag.py:3089} INFO - Sync 1 DAGs
[2026-07-09T01:30:20.821-0500] {logging_mixin.py:188} INFO - [2026-07-09T01:30:20.821-0500] {dag.py:3947} INFO - Setting next_dagrun for aerotrack_travel_monitor_correo to None, run_after=None
[2026-07-09T01:30:20.837-0500] {processor.py:183} INFO - Processing /opt/airflow/dags/dag_monitor_correo.py took 0.122 seconds
[2026-07-09T01:30:51.620-0500] {processor.py:161} INFO - Started process (PID=9661) to work on /opt/airflow/dags/dag_monitor_correo.py
[2026-07-09T01:30:51.622-0500] {processor.py:830} INFO - Processing file /opt/airflow/dags/dag_monitor_correo.py for tasks to queue
[2026-07-09T01:30:51.626-0500] {logging_mixin.py:188} INFO - [2026-07-09T01:30:51.626-0500] {dagbag.py:545} INFO - Filling up the DagBag from /opt/airflow/dags/dag_monitor_correo.py
[2026-07-09T01:30:51.668-0500] {processor.py:840} INFO - DAG(s) 'aerotrack_travel_monitor_correo' retrieved from /opt/airflow/dags/dag_monitor_correo.py
[2026-07-09T01:30:51.701-0500] {logging_mixin.py:188} INFO - [2026-07-09T01:30:51.701-0500] {dag.py:3089} INFO - Sync 1 DAGs
[2026-07-09T01:30:51.712-0500] {logging_mixin.py:188} INFO - [2026-07-09T01:30:51.712-0500] {dag.py:3947} INFO - Setting next_dagrun for aerotrack_travel_monitor_correo to None, run_after=None
[2026-07-09T01:30:51.730-0500] {processor.py:183} INFO - Processing /opt/airflow/dags/dag_monitor_correo.py took 0.119 seconds
[2026-07-09T01:31:22.717-0500] {processor.py:161} INFO - Started process (PID=9688) to work on /opt/airflow/dags/dag_monitor_correo.py
[2026-07-09T01:31:22.717-0500] {processor.py:830} INFO - Processing file /opt/airflow/dags/dag_monitor_correo.py for tasks to queue
[2026-07-09T01:31:22.719-0500] {logging_mixin.py:188} INFO - [2026-07-09T01:31:22.719-0500] {dagbag.py:545} INFO - Filling up the DagBag from /opt/airflow/dags/dag_monitor_correo.py
[2026-07-09T01:31:22.752-0500] {processor.py:840} INFO - DAG(s) 'aerotrack_travel_monitor_correo' retrieved from /opt/airflow/dags/dag_monitor_correo.py
[2026-07-09T01:31:22.779-0500] {logging_mixin.py:188} INFO - [2026-07-09T01:31:22.779-0500] {dag.py:3089} INFO - Sync 1 DAGs
[2026-07-09T01:31:22.789-0500] {logging_mixin.py:188} INFO - [2026-07-09T01:31:22.789-0500] {dag.py:3947} INFO - Setting next_dagrun for aerotrack_travel_monitor_correo to None, run_after=None
[2026-07-09T01:31:22.804-0500] {processor.py:183} INFO - Processing /opt/airflow/dags/dag_monitor_correo.py took 0.092 seconds
[2026-07-09T01:31:53.674-0500] {processor.py:161} INFO - Started process (PID=9715) to work on /opt/airflow/dags/dag_monitor_correo.py
[2026-07-09T01:31:53.675-0500] {processor.py:830} INFO - Processing file /opt/airflow/dags/dag_monitor_correo.py for tasks to queue
[2026-07-09T01:31:53.677-0500] {logging_mixin.py:188} INFO - [2026-07-09T01:31:53.677-0500] {dagbag.py:545} INFO - Filling up the DagBag from /opt/airflow/dags/dag_monitor_correo.py
[2026-07-09T01:31:53.716-0500] {processor.py:840} INFO - DAG(s) 'aerotrack_travel_monitor_correo' retrieved from /opt/airflow/dags/dag_monitor_correo.py
[2026-07-09T01:31:53.747-0500] {logging_mixin.py:188} INFO - [2026-07-09T01:31:53.747-0500] {dag.py:3089} INFO - Sync 1 DAGs
[2026-07-09T01:31:53.758-0500] {logging_mixin.py:188} INFO - [2026-07-09T01:31:53.758-0500] {dag.py:3947} INFO - Setting next_dagrun for aerotrack_travel_monitor_correo to None, run_after=None
[2026-07-09T01:31:53.774-0500] {processor.py:183} INFO - Processing /opt/airflow/dags/dag_monitor_correo.py took 0.106 seconds
[2026-07-09T01:32:24.616-0500] {processor.py:161} INFO - Started process (PID=9742) to work on /opt/airflow/dags/dag_monitor_correo.py
[2026-07-09T01:32:24.616-0500] {processor.py:830} INFO - Processing file /opt/airflow/dags/dag_monitor_correo.py for tasks to queue
[2026-07-09T01:32:24.618-0500] {logging_mixin.py:188} INFO - [2026-07-09T01:32:24.618-0500] {dagbag.py:545} INFO - Filling up the DagBag from /opt/airflow/dags/dag_monitor_correo.py
[2026-07-09T01:32:24.664-0500] {processor.py:840} INFO - DAG(s) 'aerotrack_travel_monitor_correo' retrieved from /opt/airflow/dags/dag_monitor_correo.py
[2026-07-09T01:32:24.690-0500] {logging_mixin.py:188} INFO - [2026-07-09T01:32:24.690-0500] {dag.py:3089} INFO - Sync 1 DAGs
[2026-07-09T01:32:24.700-0500] {logging_mixin.py:188} INFO - [2026-07-09T01:32:24.700-0500] {dag.py:3947} INFO - Setting next_dagrun for aerotrack_travel_monitor_correo to None, run_after=None
[2026-07-09T01:32:24.714-0500] {processor.py:183} INFO - Processing /opt/airflow/dags/dag_monitor_correo.py took 0.103 seconds
[2026-07-09T01:32:55.437-0500] {processor.py:161} INFO - Started process (PID=9769) to work on /opt/airflow/dags/dag_monitor_correo.py
[2026-07-09T01:32:55.438-0500] {processor.py:830} INFO - Processing file /opt/airflow/dags/dag_monitor_correo.py for tasks to queue
[2026-07-09T01:32:55.441-0500] {logging_mixin.py:188} INFO - [2026-07-09T01:32:55.440-0500] {dagbag.py:545} INFO - Filling up the DagBag from /opt/airflow/dags/dag_monitor_correo.py
[2026-07-09T01:32:55.494-0500] {processor.py:840} INFO - DAG(s) 'aerotrack_travel_monitor_correo' retrieved from /opt/airflow/dags/dag_monitor_correo.py
[2026-07-09T01:32:55.541-0500] {logging_mixin.py:188} INFO - [2026-07-09T01:32:55.541-0500] {dag.py:3089} INFO - Sync 1 DAGs
[2026-07-09T01:32:55.555-0500] {logging_mixin.py:188} INFO - [2026-07-09T01:32:55.554-0500] {dag.py:3947} INFO - Setting next_dagrun for aerotrack_travel_monitor_correo to None, run_after=None
[2026-07-09T01:32:55.577-0500] {processor.py:183} INFO - Processing /opt/airflow/dags/dag_monitor_correo.py took 0.149 seconds
[2026-07-09T01:33:26.410-0500] {processor.py:161} INFO - Started process (PID=9796) to work on /opt/airflow/dags/dag_monitor_correo.py
[2026-07-09T01:33:26.412-0500] {processor.py:830} INFO - Processing file /opt/airflow/dags/dag_monitor_correo.py for tasks to queue
[2026-07-09T01:33:26.414-0500] {logging_mixin.py:188} INFO - [2026-07-09T01:33:26.413-0500] {dagbag.py:545} INFO - Filling up the DagBag from /opt/airflow/dags/dag_monitor_correo.py
[2026-07-09T01:33:26.462-0500] {processor.py:840} INFO - DAG(s) 'aerotrack_travel_monitor_correo' retrieved from /opt/airflow/dags/dag_monitor_correo.py
[2026-07-09T01:33:26.496-0500] {logging_mixin.py:188} INFO - [2026-07-09T01:33:26.496-0500] {dag.py:3089} INFO - Sync 1 DAGs
[2026-07-09T01:33:26.507-0500] {logging_mixin.py:188} INFO - [2026-07-09T01:33:26.507-0500] {dag.py:3947} INFO - Setting next_dagrun for aerotrack_travel_monitor_correo to None, run_after=None
[2026-07-09T01:33:26.525-0500] {processor.py:183} INFO - Processing /opt/airflow/dags/dag_monitor_correo.py took 0.121 seconds
[2026-07-09T01:33:57.249-0500] {processor.py:161} INFO - Started process (PID=9823) to work on /opt/airflow/dags/dag_monitor_correo.py
[2026-07-09T01:33:57.250-0500] {processor.py:830} INFO - Processing file /opt/airflow/dags/dag_monitor_correo.py for tasks to queue
[2026-07-09T01:33:57.252-0500] {logging_mixin.py:188} INFO - [2026-07-09T01:33:57.251-0500] {dagbag.py:545} INFO - Filling up the DagBag from /opt/airflow/dags/dag_monitor_correo.py
[2026-07-09T01:33:57.290-0500] {processor.py:840} INFO - DAG(s) 'aerotrack_travel_monitor_correo' retrieved from /opt/airflow/dags/dag_monitor_correo.py
[2026-07-09T01:33:57.322-0500] {logging_mixin.py:188} INFO - [2026-07-09T01:33:57.322-0500] {dag.py:3089} INFO - Sync 1 DAGs
[2026-07-09T01:33:57.331-0500] {logging_mixin.py:188} INFO - [2026-07-09T01:33:57.331-0500] {dag.py:3947} INFO - Setting next_dagrun for aerotrack_travel_monitor_correo to None, run_after=None
[2026-07-09T01:33:57.346-0500] {processor.py:183} INFO - Processing /opt/airflow/dags/dag_monitor_correo.py took 0.101 seconds
[2026-07-09T01:34:28.093-0500] {processor.py:161} INFO - Started process (PID=9850) to work on /opt/airflow/dags/dag_monitor_correo.py
[2026-07-09T01:34:28.094-0500] {processor.py:830} INFO - Processing file /opt/airflow/dags/dag_monitor_correo.py for tasks to queue
[2026-07-09T01:34:28.096-0500] {logging_mixin.py:188} INFO - [2026-07-09T01:34:28.096-0500] {dagbag.py:545} INFO - Filling up the DagBag from /opt/airflow/dags/dag_monitor_correo.py
[2026-07-09T01:34:28.125-0500] {processor.py:840} INFO - DAG(s) 'aerotrack_travel_monitor_correo' retrieved from /opt/airflow/dags/dag_monitor_correo.py
[2026-07-09T01:34:28.160-0500] {logging_mixin.py:188} INFO - [2026-07-09T01:34:28.159-0500] {dag.py:3089} INFO - Sync 1 DAGs
[2026-07-09T01:34:28.170-0500] {logging_mixin.py:188} INFO - [2026-07-09T01:34:28.170-0500] {dag.py:3947} INFO - Setting next_dagrun for aerotrack_travel_monitor_correo to None, run_after=None
[2026-07-09T01:34:28.186-0500] {processor.py:183} INFO - Processing /opt/airflow/dags/dag_monitor_correo.py took 0.097 seconds
[2026-07-09T01:34:59.020-0500] {processor.py:161} INFO - Started process (PID=9877) to work on /opt/airflow/dags/dag_monitor_correo.py
[2026-07-09T01:34:59.021-0500] {processor.py:830} INFO - Processing file /opt/airflow/dags/dag_monitor_correo.py for tasks to queue
[2026-07-09T01:34:59.023-0500] {logging_mixin.py:188} INFO - [2026-07-09T01:34:59.022-0500] {dagbag.py:545} INFO - Filling up the DagBag from /opt/airflow/dags/dag_monitor_correo.py
[2026-07-09T01:34:59.063-0500] {processor.py:840} INFO - DAG(s) 'aerotrack_travel_monitor_correo' retrieved from /opt/airflow/dags/dag_monitor_correo.py
[2026-07-09T01:34:59.090-0500] {logging_mixin.py:188} INFO - [2026-07-09T01:34:59.090-0500] {dag.py:3089} INFO - Sync 1 DAGs
[2026-07-09T01:34:59.100-0500] {logging_mixin.py:188} INFO - [2026-07-09T01:34:59.099-0500] {dag.py:3947} INFO - Setting next_dagrun for aerotrack_travel_monitor_correo to None, run_after=None
[2026-07-09T01:34:59.117-0500] {processor.py:183} INFO - Processing /opt/airflow/dags/dag_monitor_correo.py took 0.101 seconds
[2026-07-09T01:35:29.931-0500] {processor.py:161} INFO - Started process (PID=9904) to work on /opt/airflow/dags/dag_monitor_correo.py
[2026-07-09T01:35:29.933-0500] {processor.py:830} INFO - Processing file /opt/airflow/dags/dag_monitor_correo.py for tasks to queue
[2026-07-09T01:35:29.934-0500] {logging_mixin.py:188} INFO - [2026-07-09T01:35:29.934-0500] {dagbag.py:545} INFO - Filling up the DagBag from /opt/airflow/dags/dag_monitor_correo.py
[2026-07-09T01:35:29.983-0500] {processor.py:840} INFO - DAG(s) 'aerotrack_travel_monitor_correo' retrieved from /opt/airflow/dags/dag_monitor_correo.py
[2026-07-09T01:35:30.017-0500] {logging_mixin.py:188} INFO - [2026-07-09T01:35:30.016-0500] {dag.py:3089} INFO - Sync 1 DAGs
[2026-07-09T01:35:30.027-0500] {logging_mixin.py:188} INFO - [2026-07-09T01:35:30.026-0500] {dag.py:3947} INFO - Setting next_dagrun for aerotrack_travel_monitor_correo to None, run_after=None
[2026-07-09T01:35:30.043-0500] {processor.py:183} INFO - Processing /opt/airflow/dags/dag_monitor_correo.py took 0.118 seconds
[2026-07-09T01:36:00.816-0500] {processor.py:161} INFO - Started process (PID=9931) to work on /opt/airflow/dags/dag_monitor_correo.py
[2026-07-09T01:36:00.817-0500] {processor.py:830} INFO - Processing file /opt/airflow/dags/dag_monitor_correo.py for tasks to queue
[2026-07-09T01:36:00.819-0500] {logging_mixin.py:188} INFO - [2026-07-09T01:36:00.818-0500] {dagbag.py:545} INFO - Filling up the DagBag from /opt/airflow/dags/dag_monitor_correo.py
[2026-07-09T01:36:00.868-0500] {processor.py:840} INFO - DAG(s) 'aerotrack_travel_monitor_correo' retrieved from /opt/airflow/dags/dag_monitor_correo.py
[2026-07-09T01:36:00.900-0500] {logging_mixin.py:188} INFO - [2026-07-09T01:36:00.900-0500] {dag.py:3089} INFO - Sync 1 DAGs
[2026-07-09T01:36:00.910-0500] {logging_mixin.py:188} INFO - [2026-07-09T01:36:00.910-0500] {dag.py:3947} INFO - Setting next_dagrun for aerotrack_travel_monitor_correo to None, run_after=None
[2026-07-09T01:36:00.930-0500] {processor.py:183} INFO - Processing /opt/airflow/dags/dag_monitor_correo.py took 0.119 seconds
[2026-07-09T01:36:31.770-0500] {processor.py:161} INFO - Started process (PID=9958) to work on /opt/airflow/dags/dag_monitor_correo.py
[2026-07-09T01:36:31.771-0500] {processor.py:830} INFO - Processing file /opt/airflow/dags/dag_monitor_correo.py for tasks to queue
[2026-07-09T01:36:31.773-0500] {logging_mixin.py:188} INFO - [2026-07-09T01:36:31.773-0500] {dagbag.py:545} INFO - Filling up the DagBag from /opt/airflow/dags/dag_monitor_correo.py
[2026-07-09T01:36:31.812-0500] {processor.py:840} INFO - DAG(s) 'aerotrack_travel_monitor_correo' retrieved from /opt/airflow/dags/dag_monitor_correo.py
[2026-07-09T01:36:31.844-0500] {logging_mixin.py:188} INFO - [2026-07-09T01:36:31.844-0500] {dag.py:3089} INFO - Sync 1 DAGs
[2026-07-09T01:36:31.861-0500] {logging_mixin.py:188} INFO - [2026-07-09T01:36:31.861-0500] {dag.py:3947} INFO - Setting next_dagrun for aerotrack_travel_monitor_correo to None, run_after=None
[2026-07-09T01:36:31.897-0500] {processor.py:183} INFO - Processing /opt/airflow/dags/dag_monitor_correo.py took 0.132 seconds
[2026-07-09T01:37:02.530-0500] {processor.py:161} INFO - Started process (PID=9985) to work on /opt/airflow/dags/dag_monitor_correo.py
[2026-07-09T01:37:02.531-0500] {processor.py:830} INFO - Processing file /opt/airflow/dags/dag_monitor_correo.py for tasks to queue
[2026-07-09T01:37:02.533-0500] {logging_mixin.py:188} INFO - [2026-07-09T01:37:02.533-0500] {dagbag.py:545} INFO - Filling up the DagBag from /opt/airflow/dags/dag_monitor_correo.py
[2026-07-09T01:37:02.561-0500] {processor.py:840} INFO - DAG(s) 'aerotrack_travel_monitor_correo' retrieved from /opt/airflow/dags/dag_monitor_correo.py
[2026-07-09T01:37:02.589-0500] {logging_mixin.py:188} INFO - [2026-07-09T01:37:02.589-0500] {dag.py:3089} INFO - Sync 1 DAGs
[2026-07-09T01:37:02.600-0500] {logging_mixin.py:188} INFO - [2026-07-09T01:37:02.600-0500] {dag.py:3947} INFO - Setting next_dagrun for aerotrack_travel_monitor_correo to None, run_after=None
[2026-07-09T01:37:02.617-0500] {processor.py:183} INFO - Processing /opt/airflow/dags/dag_monitor_correo.py took 0.091 seconds
[2026-07-09T01:37:33.422-0500] {processor.py:161} INFO - Started process (PID=10012) to work on /opt/airflow/dags/dag_monitor_correo.py
[2026-07-09T01:37:33.423-0500] {processor.py:830} INFO - Processing file /opt/airflow/dags/dag_monitor_correo.py for tasks to queue
[2026-07-09T01:37:33.425-0500] {logging_mixin.py:188} INFO - [2026-07-09T01:37:33.424-0500] {dagbag.py:545} INFO - Filling up the DagBag from /opt/airflow/dags/dag_monitor_correo.py
[2026-07-09T01:37:33.470-0500] {processor.py:840} INFO - DAG(s) 'aerotrack_travel_monitor_correo' retrieved from /opt/airflow/dags/dag_monitor_correo.py
[2026-07-09T01:37:33.500-0500] {logging_mixin.py:188} INFO - [2026-07-09T01:37:33.500-0500] {dag.py:3089} INFO - Sync 1 DAGs
[2026-07-09T01:37:33.510-0500] {logging_mixin.py:188} INFO - [2026-07-09T01:37:33.510-0500] {dag.py:3947} INFO - Setting next_dagrun for aerotrack_travel_monitor_correo to None, run_after=None
[2026-07-09T01:37:33.526-0500] {processor.py:183} INFO - Processing /opt/airflow/dags/dag_monitor_correo.py took 0.111 seconds
[2026-07-09T01:38:04.156-0500] {processor.py:161} INFO - Started process (PID=10039) to work on /opt/airflow/dags/dag_monitor_correo.py
[2026-07-09T01:38:04.157-0500] {processor.py:830} INFO - Processing file /opt/airflow/dags/dag_monitor_correo.py for tasks to queue
[2026-07-09T01:38:04.159-0500] {logging_mixin.py:188} INFO - [2026-07-09T01:38:04.158-0500] {dagbag.py:545} INFO - Filling up the DagBag from /opt/airflow/dags/dag_monitor_correo.py
[2026-07-09T01:38:04.199-0500] {processor.py:840} INFO - DAG(s) 'aerotrack_travel_monitor_correo' retrieved from /opt/airflow/dags/dag_monitor_correo.py
[2026-07-09T01:38:04.229-0500] {logging_mixin.py:188} INFO - [2026-07-09T01:38:04.229-0500] {dag.py:3089} INFO - Sync 1 DAGs
[2026-07-09T01:38:04.239-0500] {logging_mixin.py:188} INFO - [2026-07-09T01:38:04.239-0500] {dag.py:3947} INFO - Setting next_dagrun for aerotrack_travel_monitor_correo to None, run_after=None
[2026-07-09T01:38:04.256-0500] {processor.py:183} INFO - Processing /opt/airflow/dags/dag_monitor_correo.py took 0.104 seconds
[2026-07-09T01:38:34.887-0500] {processor.py:161} INFO - Started process (PID=10066) to work on /opt/airflow/dags/dag_monitor_correo.py
[2026-07-09T01:38:34.888-0500] {processor.py:830} INFO - Processing file /opt/airflow/dags/dag_monitor_correo.py for tasks to queue
[2026-07-09T01:38:34.889-0500] {logging_mixin.py:188} INFO - [2026-07-09T01:38:34.889-0500] {dagbag.py:545} INFO - Filling up the DagBag from /opt/airflow/dags/dag_monitor_correo.py
[2026-07-09T01:38:34.916-0500] {processor.py:840} INFO - DAG(s) 'aerotrack_travel_monitor_correo' retrieved from /opt/airflow/dags/dag_monitor_correo.py
[2026-07-09T01:38:34.946-0500] {logging_mixin.py:188} INFO - [2026-07-09T01:38:34.945-0500] {dag.py:3089} INFO - Sync 1 DAGs
[2026-07-09T01:38:34.956-0500] {logging_mixin.py:188} INFO - [2026-07-09T01:38:34.956-0500] {dag.py:3947} INFO - Setting next_dagrun for aerotrack_travel_monitor_correo to None, run_after=None
[2026-07-09T01:38:34.973-0500] {processor.py:183} INFO - Processing /opt/airflow/dags/dag_monitor_correo.py took 0.090 seconds
[2026-07-09T01:39:05.708-0500] {processor.py:161} INFO - Started process (PID=10093) to work on /opt/airflow/dags/dag_monitor_correo.py
[2026-07-09T01:39:05.709-0500] {processor.py:830} INFO - Processing file /opt/airflow/dags/dag_monitor_correo.py for tasks to queue
[2026-07-09T01:39:05.710-0500] {logging_mixin.py:188} INFO - [2026-07-09T01:39:05.710-0500] {dagbag.py:545} INFO - Filling up the DagBag from /opt/airflow/dags/dag_monitor_correo.py
[2026-07-09T01:39:05.739-0500] {processor.py:840} INFO - DAG(s) 'aerotrack_travel_monitor_correo' retrieved from /opt/airflow/dags/dag_monitor_correo.py
[2026-07-09T01:39:05.774-0500] {logging_mixin.py:188} INFO - [2026-07-09T01:39:05.773-0500] {dag.py:3089} INFO - Sync 1 DAGs
[2026-07-09T01:39:05.783-0500] {logging_mixin.py:188} INFO - [2026-07-09T01:39:05.782-0500] {dag.py:3947} INFO - Setting next_dagrun for aerotrack_travel_monitor_correo to None, run_after=None
[2026-07-09T01:39:05.799-0500] {processor.py:183} INFO - Processing /opt/airflow/dags/dag_monitor_correo.py took 0.096 seconds
[2026-07-09T01:39:36.464-0500] {processor.py:161} INFO - Started process (PID=10120) to work on /opt/airflow/dags/dag_monitor_correo.py
[2026-07-09T01:39:36.465-0500] {processor.py:830} INFO - Processing file /opt/airflow/dags/dag_monitor_correo.py for tasks to queue
[2026-07-09T01:39:36.466-0500] {logging_mixin.py:188} INFO - [2026-07-09T01:39:36.466-0500] {dagbag.py:545} INFO - Filling up the DagBag from /opt/airflow/dags/dag_monitor_correo.py
[2026-07-09T01:39:36.505-0500] {processor.py:840} INFO - DAG(s) 'aerotrack_travel_monitor_correo' retrieved from /opt/airflow/dags/dag_monitor_correo.py
[2026-07-09T01:39:36.541-0500] {logging_mixin.py:188} INFO - [2026-07-09T01:39:36.540-0500] {dag.py:3089} INFO - Sync 1 DAGs
[2026-07-09T01:39:36.551-0500] {logging_mixin.py:188} INFO - [2026-07-09T01:39:36.551-0500] {dag.py:3947} INFO - Setting next_dagrun for aerotrack_travel_monitor_correo to None, run_after=None
[2026-07-09T01:39:36.570-0500] {processor.py:183} INFO - Processing /opt/airflow/dags/dag_monitor_correo.py took 0.111 seconds
[2026-07-09T01:40:07.237-0500] {processor.py:161} INFO - Started process (PID=10147) to work on /opt/airflow/dags/dag_monitor_correo.py
[2026-07-09T01:40:07.238-0500] {processor.py:830} INFO - Processing file /opt/airflow/dags/dag_monitor_correo.py for tasks to queue
[2026-07-09T01:40:07.240-0500] {logging_mixin.py:188} INFO - [2026-07-09T01:40:07.239-0500] {dagbag.py:545} INFO - Filling up the DagBag from /opt/airflow/dags/dag_monitor_correo.py
[2026-07-09T01:40:07.277-0500] {processor.py:840} INFO - DAG(s) 'aerotrack_travel_monitor_correo' retrieved from /opt/airflow/dags/dag_monitor_correo.py
[2026-07-09T01:40:07.308-0500] {logging_mixin.py:188} INFO - [2026-07-09T01:40:07.308-0500] {dag.py:3089} INFO - Sync 1 DAGs
[2026-07-09T01:40:07.320-0500] {logging_mixin.py:188} INFO - [2026-07-09T01:40:07.320-0500] {dag.py:3947} INFO - Setting next_dagrun for aerotrack_travel_monitor_correo to None, run_after=None
[2026-07-09T01:40:07.335-0500] {processor.py:183} INFO - Processing /opt/airflow/dags/dag_monitor_correo.py took 0.104 seconds
[2026-07-09T01:40:38.019-0500] {processor.py:161} INFO - Started process (PID=10174) to work on /opt/airflow/dags/dag_monitor_correo.py
[2026-07-09T01:40:38.019-0500] {processor.py:830} INFO - Processing file /opt/airflow/dags/dag_monitor_correo.py for tasks to queue
[2026-07-09T01:40:38.021-0500] {logging_mixin.py:188} INFO - [2026-07-09T01:40:38.020-0500] {dagbag.py:545} INFO - Filling up the DagBag from /opt/airflow/dags/dag_monitor_correo.py
[2026-07-09T01:40:38.057-0500] {processor.py:840} INFO - DAG(s) 'aerotrack_travel_monitor_correo' retrieved from /opt/airflow/dags/dag_monitor_correo.py
[2026-07-09T01:40:38.085-0500] {logging_mixin.py:188} INFO - [2026-07-09T01:40:38.084-0500] {dag.py:3089} INFO - Sync 1 DAGs
[2026-07-09T01:40:38.095-0500] {logging_mixin.py:188} INFO - [2026-07-09T01:40:38.095-0500] {dag.py:3947} INFO - Setting next_dagrun for aerotrack_travel_monitor_correo to None, run_after=None
[2026-07-09T01:40:38.111-0500] {processor.py:183} INFO - Processing /opt/airflow/dags/dag_monitor_correo.py took 0.097 seconds
[2026-07-09T01:41:08.871-0500] {processor.py:161} INFO - Started process (PID=10201) to work on /opt/airflow/dags/dag_monitor_correo.py
[2026-07-09T01:41:08.872-0500] {processor.py:830} INFO - Processing file /opt/airflow/dags/dag_monitor_correo.py for tasks to queue
[2026-07-09T01:41:08.874-0500] {logging_mixin.py:188} INFO - [2026-07-09T01:41:08.873-0500] {dagbag.py:545} INFO - Filling up the DagBag from /opt/airflow/dags/dag_monitor_correo.py
[2026-07-09T01:41:08.902-0500] {processor.py:840} INFO - DAG(s) 'aerotrack_travel_monitor_correo' retrieved from /opt/airflow/dags/dag_monitor_correo.py
[2026-07-09T01:41:08.932-0500] {logging_mixin.py:188} INFO - [2026-07-09T01:41:08.932-0500] {dag.py:3089} INFO - Sync 1 DAGs
[2026-07-09T01:41:08.942-0500] {logging_mixin.py:188} INFO - [2026-07-09T01:41:08.942-0500] {dag.py:3947} INFO - Setting next_dagrun for aerotrack_travel_monitor_correo to None, run_after=None
[2026-07-09T01:41:08.958-0500] {processor.py:183} INFO - Processing /opt/airflow/dags/dag_monitor_correo.py took 0.092 seconds
[2026-07-09T01:41:39.744-0500] {processor.py:161} INFO - Started process (PID=10228) to work on /opt/airflow/dags/dag_monitor_correo.py
[2026-07-09T01:41:39.745-0500] {processor.py:830} INFO - Processing file /opt/airflow/dags/dag_monitor_correo.py for tasks to queue
[2026-07-09T01:41:39.746-0500] {logging_mixin.py:188} INFO - [2026-07-09T01:41:39.746-0500] {dagbag.py:545} INFO - Filling up the DagBag from /opt/airflow/dags/dag_monitor_correo.py
[2026-07-09T01:41:39.773-0500] {processor.py:840} INFO - DAG(s) 'aerotrack_travel_monitor_correo' retrieved from /opt/airflow/dags/dag_monitor_correo.py
[2026-07-09T01:41:39.800-0500] {logging_mixin.py:188} INFO - [2026-07-09T01:41:39.800-0500] {dag.py:3089} INFO - Sync 1 DAGs
[2026-07-09T01:41:39.810-0500] {logging_mixin.py:188} INFO - [2026-07-09T01:41:39.810-0500] {dag.py:3947} INFO - Setting next_dagrun for aerotrack_travel_monitor_correo to None, run_after=None
[2026-07-09T01:41:39.825-0500] {processor.py:183} INFO - Processing /opt/airflow/dags/dag_monitor_correo.py took 0.086 seconds
[2026-07-09T01:42:10.517-0500] {processor.py:161} INFO - Started process (PID=10255) to work on /opt/airflow/dags/dag_monitor_correo.py
[2026-07-09T01:42:10.517-0500] {processor.py:830} INFO - Processing file /opt/airflow/dags/dag_monitor_correo.py for tasks to queue
[2026-07-09T01:42:10.519-0500] {logging_mixin.py:188} INFO - [2026-07-09T01:42:10.518-0500] {dagbag.py:545} INFO - Filling up the DagBag from /opt/airflow/dags/dag_monitor_correo.py
[2026-07-09T01:42:10.544-0500] {processor.py:840} INFO - DAG(s) 'aerotrack_travel_monitor_correo' retrieved from /opt/airflow/dags/dag_monitor_correo.py
[2026-07-09T01:42:10.573-0500] {logging_mixin.py:188} INFO - [2026-07-09T01:42:10.573-0500] {dag.py:3089} INFO - Sync 1 DAGs
[2026-07-09T01:42:10.583-0500] {logging_mixin.py:188} INFO - [2026-07-09T01:42:10.583-0500] {dag.py:3947} INFO - Setting next_dagrun for aerotrack_travel_monitor_correo to None, run_after=None
[2026-07-09T01:42:10.599-0500] {processor.py:183} INFO - Processing /opt/airflow/dags/dag_monitor_correo.py took 0.087 seconds
[2026-07-09T01:42:41.420-0500] {processor.py:161} INFO - Started process (PID=10282) to work on /opt/airflow/dags/dag_monitor_correo.py
[2026-07-09T01:42:41.421-0500] {processor.py:830} INFO - Processing file /opt/airflow/dags/dag_monitor_correo.py for tasks to queue
[2026-07-09T01:42:41.422-0500] {logging_mixin.py:188} INFO - [2026-07-09T01:42:41.422-0500] {dagbag.py:545} INFO - Filling up the DagBag from /opt/airflow/dags/dag_monitor_correo.py
[2026-07-09T01:42:41.453-0500] {processor.py:840} INFO - DAG(s) 'aerotrack_travel_monitor_correo' retrieved from /opt/airflow/dags/dag_monitor_correo.py
[2026-07-09T01:42:41.479-0500] {logging_mixin.py:188} INFO - [2026-07-09T01:42:41.479-0500] {dag.py:3089} INFO - Sync 1 DAGs
[2026-07-09T01:42:41.490-0500] {logging_mixin.py:188} INFO - [2026-07-09T01:42:41.490-0500] {dag.py:3947} INFO - Setting next_dagrun for aerotrack_travel_monitor_correo to None, run_after=None
[2026-07-09T01:42:41.510-0500] {processor.py:183} INFO - Processing /opt/airflow/dags/dag_monitor_correo.py took 0.094 seconds
[2026-07-09T01:43:12.203-0500] {processor.py:161} INFO - Started process (PID=10309) to work on /opt/airflow/dags/dag_monitor_correo.py
[2026-07-09T01:43:12.204-0500] {processor.py:830} INFO - Processing file /opt/airflow/dags/dag_monitor_correo.py for tasks to queue
[2026-07-09T01:43:12.205-0500] {logging_mixin.py:188} INFO - [2026-07-09T01:43:12.205-0500] {dagbag.py:545} INFO - Filling up the DagBag from /opt/airflow/dags/dag_monitor_correo.py
[2026-07-09T01:43:12.253-0500] {processor.py:840} INFO - DAG(s) 'aerotrack_travel_monitor_correo' retrieved from /opt/airflow/dags/dag_monitor_correo.py
[2026-07-09T01:43:12.285-0500] {logging_mixin.py:188} INFO - [2026-07-09T01:43:12.285-0500] {dag.py:3089} INFO - Sync 1 DAGs
[2026-07-09T01:43:12.295-0500] {logging_mixin.py:188} INFO - [2026-07-09T01:43:12.295-0500] {dag.py:3947} INFO - Setting next_dagrun for aerotrack_travel_monitor_correo to None, run_after=None
[2026-07-09T01:43:12.311-0500] {processor.py:183} INFO - Processing /opt/airflow/dags/dag_monitor_correo.py took 0.113 seconds
[2026-07-09T01:43:43.076-0500] {processor.py:161} INFO - Started process (PID=10336) to work on /opt/airflow/dags/dag_monitor_correo.py
[2026-07-09T01:43:43.077-0500] {processor.py:830} INFO - Processing file /opt/airflow/dags/dag_monitor_correo.py for tasks to queue
[2026-07-09T01:43:43.078-0500] {logging_mixin.py:188} INFO - [2026-07-09T01:43:43.078-0500] {dagbag.py:545} INFO - Filling up the DagBag from /opt/airflow/dags/dag_monitor_correo.py
[2026-07-09T01:43:43.107-0500] {processor.py:840} INFO - DAG(s) 'aerotrack_travel_monitor_correo' retrieved from /opt/airflow/dags/dag_monitor_correo.py
[2026-07-09T01:43:43.135-0500] {logging_mixin.py:188} INFO - [2026-07-09T01:43:43.135-0500] {dag.py:3089} INFO - Sync 1 DAGs
[2026-07-09T01:43:43.146-0500] {logging_mixin.py:188} INFO - [2026-07-09T01:43:43.145-0500] {dag.py:3947} INFO - Setting next_dagrun for aerotrack_travel_monitor_correo to None, run_after=None
[2026-07-09T01:43:43.163-0500] {processor.py:183} INFO - Processing /opt/airflow/dags/dag_monitor_correo.py took 0.091 seconds
[2026-07-09T01:44:13.882-0500] {processor.py:161} INFO - Started process (PID=10363) to work on /opt/airflow/dags/dag_monitor_correo.py
[2026-07-09T01:44:13.883-0500] {processor.py:830} INFO - Processing file /opt/airflow/dags/dag_monitor_correo.py for tasks to queue
[2026-07-09T01:44:13.884-0500] {logging_mixin.py:188} INFO - [2026-07-09T01:44:13.884-0500] {dagbag.py:545} INFO - Filling up the DagBag from /opt/airflow/dags/dag_monitor_correo.py
[2026-07-09T01:44:13.913-0500] {processor.py:840} INFO - DAG(s) 'aerotrack_travel_monitor_correo' retrieved from /opt/airflow/dags/dag_monitor_correo.py
[2026-07-09T01:44:13.941-0500] {logging_mixin.py:188} INFO - [2026-07-09T01:44:13.941-0500] {dag.py:3089} INFO - Sync 1 DAGs
[2026-07-09T01:44:13.951-0500] {logging_mixin.py:188} INFO - [2026-07-09T01:44:13.951-0500] {dag.py:3947} INFO - Setting next_dagrun for aerotrack_travel_monitor_correo to None, run_after=None
[2026-07-09T01:44:13.969-0500] {processor.py:183} INFO - Processing /opt/airflow/dags/dag_monitor_correo.py took 0.092 seconds
[2026-07-09T01:44:44.692-0500] {processor.py:161} INFO - Started process (PID=10390) to work on /opt/airflow/dags/dag_monitor_correo.py
[2026-07-09T01:44:44.693-0500] {processor.py:830} INFO - Processing file /opt/airflow/dags/dag_monitor_correo.py for tasks to queue
[2026-07-09T01:44:44.694-0500] {logging_mixin.py:188} INFO - [2026-07-09T01:44:44.694-0500] {dagbag.py:545} INFO - Filling up the DagBag from /opt/airflow/dags/dag_monitor_correo.py
[2026-07-09T01:44:44.729-0500] {processor.py:840} INFO - DAG(s) 'aerotrack_travel_monitor_correo' retrieved from /opt/airflow/dags/dag_monitor_correo.py
[2026-07-09T01:44:44.759-0500] {logging_mixin.py:188} INFO - [2026-07-09T01:44:44.759-0500] {dag.py:3089} INFO - Sync 1 DAGs
[2026-07-09T01:44:44.769-0500] {logging_mixin.py:188} INFO - [2026-07-09T01:44:44.769-0500] {dag.py:3947} INFO - Setting next_dagrun for aerotrack_travel_monitor_correo to None, run_after=None
[2026-07-09T01:44:44.784-0500] {processor.py:183} INFO - Processing /opt/airflow/dags/dag_monitor_correo.py took 0.097 seconds
[2026-07-09T01:45:15.554-0500] {processor.py:161} INFO - Started process (PID=10417) to work on /opt/airflow/dags/dag_monitor_correo.py
[2026-07-09T01:45:15.555-0500] {processor.py:830} INFO - Processing file /opt/airflow/dags/dag_monitor_correo.py for tasks to queue
[2026-07-09T01:45:15.556-0500] {logging_mixin.py:188} INFO - [2026-07-09T01:45:15.556-0500] {dagbag.py:545} INFO - Filling up the DagBag from /opt/airflow/dags/dag_monitor_correo.py
[2026-07-09T01:45:15.593-0500] {processor.py:840} INFO - DAG(s) 'aerotrack_travel_monitor_correo' retrieved from /opt/airflow/dags/dag_monitor_correo.py
[2026-07-09T01:45:15.623-0500] {logging_mixin.py:188} INFO - [2026-07-09T01:45:15.623-0500] {dag.py:3089} INFO - Sync 1 DAGs
[2026-07-09T01:45:15.637-0500] {logging_mixin.py:188} INFO - [2026-07-09T01:45:15.636-0500] {dag.py:3947} INFO - Setting next_dagrun for aerotrack_travel_monitor_correo to None, run_after=None
[2026-07-09T01:45:15.654-0500] {processor.py:183} INFO - Processing /opt/airflow/dags/dag_monitor_correo.py took 0.105 seconds
[2026-07-09T01:45:46.435-0500] {processor.py:161} INFO - Started process (PID=10444) to work on /opt/airflow/dags/dag_monitor_correo.py
[2026-07-09T01:45:46.435-0500] {processor.py:830} INFO - Processing file /opt/airflow/dags/dag_monitor_correo.py for tasks to queue
[2026-07-09T01:45:46.436-0500] {logging_mixin.py:188} INFO - [2026-07-09T01:45:46.436-0500] {dagbag.py:545} INFO - Filling up the DagBag from /opt/airflow/dags/dag_monitor_correo.py
[2026-07-09T01:45:46.467-0500] {processor.py:840} INFO - DAG(s) 'aerotrack_travel_monitor_correo' retrieved from /opt/airflow/dags/dag_monitor_correo.py
[2026-07-09T01:45:46.501-0500] {logging_mixin.py:188} INFO - [2026-07-09T01:45:46.501-0500] {dag.py:3089} INFO - Sync 1 DAGs
[2026-07-09T01:45:46.513-0500] {logging_mixin.py:188} INFO - [2026-07-09T01:45:46.513-0500] {dag.py:3947} INFO - Setting next_dagrun for aerotrack_travel_monitor_correo to None, run_after=None
[2026-07-09T01:45:46.531-0500] {processor.py:183} INFO - Processing /opt/airflow/dags/dag_monitor_correo.py took 0.100 seconds
[2026-07-09T01:46:17.230-0500] {processor.py:161} INFO - Started process (PID=10471) to work on /opt/airflow/dags/dag_monitor_correo.py
[2026-07-09T01:46:17.231-0500] {processor.py:830} INFO - Processing file /opt/airflow/dags/dag_monitor_correo.py for tasks to queue
[2026-07-09T01:46:17.232-0500] {logging_mixin.py:188} INFO - [2026-07-09T01:46:17.232-0500] {dagbag.py:545} INFO - Filling up the DagBag from /opt/airflow/dags/dag_monitor_correo.py
[2026-07-09T01:46:17.265-0500] {processor.py:840} INFO - DAG(s) 'aerotrack_travel_monitor_correo' retrieved from /opt/airflow/dags/dag_monitor_correo.py
[2026-07-09T01:46:17.299-0500] {logging_mixin.py:188} INFO - [2026-07-09T01:46:17.299-0500] {dag.py:3089} INFO - Sync 1 DAGs
[2026-07-09T01:46:17.308-0500] {logging_mixin.py:188} INFO - [2026-07-09T01:46:17.308-0500] {dag.py:3947} INFO - Setting next_dagrun for aerotrack_travel_monitor_correo to None, run_after=None
[2026-07-09T01:46:17.323-0500] {processor.py:183} INFO - Processing /opt/airflow/dags/dag_monitor_correo.py took 0.098 seconds
[2026-07-09T01:46:48.233-0500] {processor.py:161} INFO - Started process (PID=10498) to work on /opt/airflow/dags/dag_monitor_correo.py
[2026-07-09T01:46:48.234-0500] {processor.py:830} INFO - Processing file /opt/airflow/dags/dag_monitor_correo.py for tasks to queue
[2026-07-09T01:46:48.235-0500] {logging_mixin.py:188} INFO - [2026-07-09T01:46:48.235-0500] {dagbag.py:545} INFO - Filling up the DagBag from /opt/airflow/dags/dag_monitor_correo.py
[2026-07-09T01:46:48.262-0500] {processor.py:840} INFO - DAG(s) 'aerotrack_travel_monitor_correo' retrieved from /opt/airflow/dags/dag_monitor_correo.py
[2026-07-09T01:46:48.290-0500] {logging_mixin.py:188} INFO - [2026-07-09T01:46:48.290-0500] {dag.py:3089} INFO - Sync 1 DAGs
[2026-07-09T01:46:48.299-0500] {logging_mixin.py:188} INFO - [2026-07-09T01:46:48.299-0500] {dag.py:3947} INFO - Setting next_dagrun for aerotrack_travel_monitor_correo to None, run_after=None
[2026-07-09T01:46:48.316-0500] {processor.py:183} INFO - Processing /opt/airflow/dags/dag_monitor_correo.py took 0.087 seconds
[2026-07-09T01:47:19.018-0500] {processor.py:161} INFO - Started process (PID=10525) to work on /opt/airflow/dags/dag_monitor_correo.py
[2026-07-09T01:47:19.019-0500] {processor.py:830} INFO - Processing file /opt/airflow/dags/dag_monitor_correo.py for tasks to queue
[2026-07-09T01:47:19.020-0500] {logging_mixin.py:188} INFO - [2026-07-09T01:47:19.020-0500] {dagbag.py:545} INFO - Filling up the DagBag from /opt/airflow/dags/dag_monitor_correo.py
[2026-07-09T01:47:19.059-0500] {processor.py:840} INFO - DAG(s) 'aerotrack_travel_monitor_correo' retrieved from /opt/airflow/dags/dag_monitor_correo.py
[2026-07-09T01:47:19.095-0500] {logging_mixin.py:188} INFO - [2026-07-09T01:47:19.095-0500] {dag.py:3089} INFO - Sync 1 DAGs
[2026-07-09T01:47:19.106-0500] {logging_mixin.py:188} INFO - [2026-07-09T01:47:19.106-0500] {dag.py:3947} INFO - Setting next_dagrun for aerotrack_travel_monitor_correo to None, run_after=None
[2026-07-09T01:47:19.120-0500] {processor.py:183} INFO - Processing /opt/airflow/dags/dag_monitor_correo.py took 0.107 seconds
[2026-07-09T01:47:49.744-0500] {processor.py:161} INFO - Started process (PID=10552) to work on /opt/airflow/dags/dag_monitor_correo.py
[2026-07-09T01:47:49.745-0500] {processor.py:830} INFO - Processing file /opt/airflow/dags/dag_monitor_correo.py for tasks to queue
[2026-07-09T01:47:49.746-0500] {logging_mixin.py:188} INFO - [2026-07-09T01:47:49.746-0500] {dagbag.py:545} INFO - Filling up the DagBag from /opt/airflow/dags/dag_monitor_correo.py
[2026-07-09T01:47:49.781-0500] {processor.py:840} INFO - DAG(s) 'aerotrack_travel_monitor_correo' retrieved from /opt/airflow/dags/dag_monitor_correo.py
[2026-07-09T01:47:49.810-0500] {logging_mixin.py:188} INFO - [2026-07-09T01:47:49.809-0500] {dag.py:3089} INFO - Sync 1 DAGs
[2026-07-09T01:47:49.819-0500] {logging_mixin.py:188} INFO - [2026-07-09T01:47:49.818-0500] {dag.py:3947} INFO - Setting next_dagrun for aerotrack_travel_monitor_correo to None, run_after=None
[2026-07-09T01:47:49.833-0500] {processor.py:183} INFO - Processing /opt/airflow/dags/dag_monitor_correo.py took 0.094 seconds
[2026-07-09T01:48:20.553-0500] {processor.py:161} INFO - Started process (PID=10579) to work on /opt/airflow/dags/dag_monitor_correo.py
[2026-07-09T01:48:20.554-0500] {processor.py:830} INFO - Processing file /opt/airflow/dags/dag_monitor_correo.py for tasks to queue
[2026-07-09T01:48:20.555-0500] {logging_mixin.py:188} INFO - [2026-07-09T01:48:20.555-0500] {dagbag.py:545} INFO - Filling up the DagBag from /opt/airflow/dags/dag_monitor_correo.py
[2026-07-09T01:48:20.591-0500] {processor.py:840} INFO - DAG(s) 'aerotrack_travel_monitor_correo' retrieved from /opt/airflow/dags/dag_monitor_correo.py
[2026-07-09T01:48:20.622-0500] {logging_mixin.py:188} INFO - [2026-07-09T01:48:20.622-0500] {dag.py:3089} INFO - Sync 1 DAGs
[2026-07-09T01:48:20.632-0500] {logging_mixin.py:188} INFO - [2026-07-09T01:48:20.632-0500] {dag.py:3947} INFO - Setting next_dagrun for aerotrack_travel_monitor_correo to None, run_after=None
[2026-07-09T01:48:20.647-0500] {processor.py:183} INFO - Processing /opt/airflow/dags/dag_monitor_correo.py took 0.099 seconds
[2026-07-09T01:48:51.305-0500] {processor.py:161} INFO - Started process (PID=10606) to work on /opt/airflow/dags/dag_monitor_correo.py
[2026-07-09T01:48:51.306-0500] {processor.py:830} INFO - Processing file /opt/airflow/dags/dag_monitor_correo.py for tasks to queue
[2026-07-09T01:48:51.307-0500] {logging_mixin.py:188} INFO - [2026-07-09T01:48:51.307-0500] {dagbag.py:545} INFO - Filling up the DagBag from /opt/airflow/dags/dag_monitor_correo.py
[2026-07-09T01:48:51.331-0500] {processor.py:840} INFO - DAG(s) 'aerotrack_travel_monitor_correo' retrieved from /opt/airflow/dags/dag_monitor_correo.py
[2026-07-09T01:48:51.354-0500] {logging_mixin.py:188} INFO - [2026-07-09T01:48:51.354-0500] {dag.py:3089} INFO - Sync 1 DAGs
[2026-07-09T01:48:51.363-0500] {logging_mixin.py:188} INFO - [2026-07-09T01:48:51.363-0500] {dag.py:3947} INFO - Setting next_dagrun for aerotrack_travel_monitor_correo to None, run_after=None
[2026-07-09T01:48:51.390-0500] {processor.py:183} INFO - Processing /opt/airflow/dags/dag_monitor_correo.py took 0.090 seconds
[2026-07-09T01:49:22.079-0500] {processor.py:161} INFO - Started process (PID=10633) to work on /opt/airflow/dags/dag_monitor_correo.py
[2026-07-09T01:49:22.080-0500] {processor.py:830} INFO - Processing file /opt/airflow/dags/dag_monitor_correo.py for tasks to queue
[2026-07-09T01:49:22.082-0500] {logging_mixin.py:188} INFO - [2026-07-09T01:49:22.081-0500] {dagbag.py:545} INFO - Filling up the DagBag from /opt/airflow/dags/dag_monitor_correo.py
[2026-07-09T01:49:22.132-0500] {processor.py:840} INFO - DAG(s) 'aerotrack_travel_monitor_correo' retrieved from /opt/airflow/dags/dag_monitor_correo.py
[2026-07-09T01:49:22.182-0500] {logging_mixin.py:188} INFO - [2026-07-09T01:49:22.181-0500] {dag.py:3089} INFO - Sync 1 DAGs
[2026-07-09T01:49:22.194-0500] {logging_mixin.py:188} INFO - [2026-07-09T01:49:22.193-0500] {dag.py:3947} INFO - Setting next_dagrun for aerotrack_travel_monitor_correo to None, run_after=None
[2026-07-09T01:49:22.220-0500] {processor.py:183} INFO - Processing /opt/airflow/dags/dag_monitor_correo.py took 0.148 seconds
[2026-07-09T01:49:52.774-0500] {processor.py:161} INFO - Started process (PID=10660) to work on /opt/airflow/dags/dag_monitor_correo.py
[2026-07-09T01:49:52.775-0500] {processor.py:830} INFO - Processing file /opt/airflow/dags/dag_monitor_correo.py for tasks to queue
[2026-07-09T01:49:52.776-0500] {logging_mixin.py:188} INFO - [2026-07-09T01:49:52.776-0500] {dagbag.py:545} INFO - Filling up the DagBag from /opt/airflow/dags/dag_monitor_correo.py
[2026-07-09T01:49:52.804-0500] {processor.py:840} INFO - DAG(s) 'aerotrack_travel_monitor_correo' retrieved from /opt/airflow/dags/dag_monitor_correo.py
[2026-07-09T01:49:52.830-0500] {logging_mixin.py:188} INFO - [2026-07-09T01:49:52.830-0500] {dag.py:3089} INFO - Sync 1 DAGs
[2026-07-09T01:49:52.840-0500] {logging_mixin.py:188} INFO - [2026-07-09T01:49:52.840-0500] {dag.py:3947} INFO - Setting next_dagrun for aerotrack_travel_monitor_correo to None, run_after=None
[2026-07-09T01:49:52.856-0500] {processor.py:183} INFO - Processing /opt/airflow/dags/dag_monitor_correo.py took 0.086 seconds
[2026-07-09T01:50:23.643-0500] {processor.py:161} INFO - Started process (PID=10687) to work on /opt/airflow/dags/dag_monitor_correo.py
[2026-07-09T01:50:23.643-0500] {processor.py:830} INFO - Processing file /opt/airflow/dags/dag_monitor_correo.py for tasks to queue
[2026-07-09T01:50:23.645-0500] {logging_mixin.py:188} INFO - [2026-07-09T01:50:23.645-0500] {dagbag.py:545} INFO - Filling up the DagBag from /opt/airflow/dags/dag_monitor_correo.py
[2026-07-09T01:50:23.672-0500] {processor.py:840} INFO - DAG(s) 'aerotrack_travel_monitor_correo' retrieved from /opt/airflow/dags/dag_monitor_correo.py
[2026-07-09T01:50:23.700-0500] {logging_mixin.py:188} INFO - [2026-07-09T01:50:23.700-0500] {dag.py:3089} INFO - Sync 1 DAGs
[2026-07-09T01:50:23.708-0500] {logging_mixin.py:188} INFO - [2026-07-09T01:50:23.708-0500] {dag.py:3947} INFO - Setting next_dagrun for aerotrack_travel_monitor_correo to None, run_after=None
[2026-07-09T01:50:23.727-0500] {processor.py:183} INFO - Processing /opt/airflow/dags/dag_monitor_correo.py took 0.089 seconds
[2026-07-09T01:50:54.411-0500] {processor.py:161} INFO - Started process (PID=10714) to work on /opt/airflow/dags/dag_monitor_correo.py
[2026-07-09T01:50:54.412-0500] {processor.py:830} INFO - Processing file /opt/airflow/dags/dag_monitor_correo.py for tasks to queue
[2026-07-09T01:50:54.414-0500] {logging_mixin.py:188} INFO - [2026-07-09T01:50:54.413-0500] {dagbag.py:545} INFO - Filling up the DagBag from /opt/airflow/dags/dag_monitor_correo.py
[2026-07-09T01:50:54.445-0500] {processor.py:840} INFO - DAG(s) 'aerotrack_travel_monitor_correo' retrieved from /opt/airflow/dags/dag_monitor_correo.py
[2026-07-09T01:50:54.477-0500] {logging_mixin.py:188} INFO - [2026-07-09T01:50:54.476-0500] {dag.py:3089} INFO - Sync 1 DAGs
[2026-07-09T01:50:54.487-0500] {logging_mixin.py:188} INFO - [2026-07-09T01:50:54.487-0500] {dag.py:3947} INFO - Setting next_dagrun for aerotrack_travel_monitor_correo to None, run_after=None
[2026-07-09T01:50:54.502-0500] {processor.py:183} INFO - Processing /opt/airflow/dags/dag_monitor_correo.py took 0.095 seconds
[2026-07-09T01:51:25.216-0500] {processor.py:161} INFO - Started process (PID=10741) to work on /opt/airflow/dags/dag_monitor_correo.py
[2026-07-09T01:51:25.217-0500] {processor.py:830} INFO - Processing file /opt/airflow/dags/dag_monitor_correo.py for tasks to queue
[2026-07-09T01:51:25.219-0500] {logging_mixin.py:188} INFO - [2026-07-09T01:51:25.218-0500] {dagbag.py:545} INFO - Filling up the DagBag from /opt/airflow/dags/dag_monitor_correo.py
[2026-07-09T01:51:25.249-0500] {processor.py:840} INFO - DAG(s) 'aerotrack_travel_monitor_correo' retrieved from /opt/airflow/dags/dag_monitor_correo.py
[2026-07-09T01:51:25.278-0500] {logging_mixin.py:188} INFO - [2026-07-09T01:51:25.278-0500] {dag.py:3089} INFO - Sync 1 DAGs
[2026-07-09T01:51:25.289-0500] {logging_mixin.py:188} INFO - [2026-07-09T01:51:25.288-0500] {dag.py:3947} INFO - Setting next_dagrun for aerotrack_travel_monitor_correo to None, run_after=None
[2026-07-09T01:51:25.305-0500] {processor.py:183} INFO - Processing /opt/airflow/dags/dag_monitor_correo.py took 0.093 seconds
[2026-07-09T01:51:56.341-0500] {processor.py:161} INFO - Started process (PID=10768) to work on /opt/airflow/dags/dag_monitor_correo.py
[2026-07-09T01:51:56.342-0500] {processor.py:830} INFO - Processing file /opt/airflow/dags/dag_monitor_correo.py for tasks to queue
[2026-07-09T01:51:56.344-0500] {logging_mixin.py:188} INFO - [2026-07-09T01:51:56.343-0500] {dagbag.py:545} INFO - Filling up the DagBag from /opt/airflow/dags/dag_monitor_correo.py
[2026-07-09T01:51:56.374-0500] {processor.py:840} INFO - DAG(s) 'aerotrack_travel_monitor_correo' retrieved from /opt/airflow/dags/dag_monitor_correo.py
[2026-07-09T01:51:56.402-0500] {logging_mixin.py:188} INFO - [2026-07-09T01:51:56.402-0500] {dag.py:3089} INFO - Sync 1 DAGs
[2026-07-09T01:51:56.412-0500] {logging_mixin.py:188} INFO - [2026-07-09T01:51:56.412-0500] {dag.py:3947} INFO - Setting next_dagrun for aerotrack_travel_monitor_correo to None, run_after=None
[2026-07-09T01:51:56.428-0500] {processor.py:183} INFO - Processing /opt/airflow/dags/dag_monitor_correo.py took 0.092 seconds
[2026-07-09T01:52:27.069-0500] {processor.py:161} INFO - Started process (PID=10795) to work on /opt/airflow/dags/dag_monitor_correo.py
[2026-07-09T01:52:27.070-0500] {processor.py:830} INFO - Processing file /opt/airflow/dags/dag_monitor_correo.py for tasks to queue
[2026-07-09T01:52:27.072-0500] {logging_mixin.py:188} INFO - [2026-07-09T01:52:27.072-0500] {dagbag.py:545} INFO - Filling up the DagBag from /opt/airflow/dags/dag_monitor_correo.py
[2026-07-09T01:52:27.097-0500] {processor.py:840} INFO - DAG(s) 'aerotrack_travel_monitor_correo' retrieved from /opt/airflow/dags/dag_monitor_correo.py
[2026-07-09T01:52:27.123-0500] {logging_mixin.py:188} INFO - [2026-07-09T01:52:27.123-0500] {dag.py:3089} INFO - Sync 1 DAGs
[2026-07-09T01:52:27.133-0500] {logging_mixin.py:188} INFO - [2026-07-09T01:52:27.133-0500] {dag.py:3947} INFO - Setting next_dagrun for aerotrack_travel_monitor_correo to None, run_after=None
[2026-07-09T01:52:27.150-0500] {processor.py:183} INFO - Processing /opt/airflow/dags/dag_monitor_correo.py took 0.085 seconds
[2026-07-09T01:52:57.871-0500] {processor.py:161} INFO - Started process (PID=10822) to work on /opt/airflow/dags/dag_monitor_correo.py
[2026-07-09T01:52:57.872-0500] {processor.py:830} INFO - Processing file /opt/airflow/dags/dag_monitor_correo.py for tasks to queue
[2026-07-09T01:52:57.873-0500] {logging_mixin.py:188} INFO - [2026-07-09T01:52:57.873-0500] {dagbag.py:545} INFO - Filling up the DagBag from /opt/airflow/dags/dag_monitor_correo.py
[2026-07-09T01:52:57.899-0500] {processor.py:840} INFO - DAG(s) 'aerotrack_travel_monitor_correo' retrieved from /opt/airflow/dags/dag_monitor_correo.py
[2026-07-09T01:52:57.927-0500] {logging_mixin.py:188} INFO - [2026-07-09T01:52:57.926-0500] {dag.py:3089} INFO - Sync 1 DAGs
[2026-07-09T01:52:57.938-0500] {logging_mixin.py:188} INFO - [2026-07-09T01:52:57.938-0500] {dag.py:3947} INFO - Setting next_dagrun for aerotrack_travel_monitor_correo to None, run_after=None
[2026-07-09T01:52:57.958-0500] {processor.py:183} INFO - Processing /opt/airflow/dags/dag_monitor_correo.py took 0.092 seconds
[2026-07-09T01:53:28.650-0500] {processor.py:161} INFO - Started process (PID=10849) to work on /opt/airflow/dags/dag_monitor_correo.py
[2026-07-09T01:53:28.650-0500] {processor.py:830} INFO - Processing file /opt/airflow/dags/dag_monitor_correo.py for tasks to queue
[2026-07-09T01:53:28.652-0500] {logging_mixin.py:188} INFO - [2026-07-09T01:53:28.652-0500] {dagbag.py:545} INFO - Filling up the DagBag from /opt/airflow/dags/dag_monitor_correo.py
[2026-07-09T01:53:28.678-0500] {processor.py:840} INFO - DAG(s) 'aerotrack_travel_monitor_correo' retrieved from /opt/airflow/dags/dag_monitor_correo.py
[2026-07-09T01:53:28.713-0500] {logging_mixin.py:188} INFO - [2026-07-09T01:53:28.712-0500] {dag.py:3089} INFO - Sync 1 DAGs
[2026-07-09T01:53:28.722-0500] {logging_mixin.py:188} INFO - [2026-07-09T01:53:28.722-0500] {dag.py:3947} INFO - Setting next_dagrun for aerotrack_travel_monitor_correo to None, run_after=None
[2026-07-09T01:53:28.739-0500] {processor.py:183} INFO - Processing /opt/airflow/dags/dag_monitor_correo.py took 0.094 seconds
[2026-07-09T01:53:59.413-0500] {processor.py:161} INFO - Started process (PID=10876) to work on /opt/airflow/dags/dag_monitor_correo.py
[2026-07-09T01:53:59.414-0500] {processor.py:830} INFO - Processing file /opt/airflow/dags/dag_monitor_correo.py for tasks to queue
[2026-07-09T01:53:59.416-0500] {logging_mixin.py:188} INFO - [2026-07-09T01:53:59.416-0500] {dagbag.py:545} INFO - Filling up the DagBag from /opt/airflow/dags/dag_monitor_correo.py
[2026-07-09T01:53:59.457-0500] {processor.py:840} INFO - DAG(s) 'aerotrack_travel_monitor_correo' retrieved from /opt/airflow/dags/dag_monitor_correo.py
[2026-07-09T01:53:59.483-0500] {logging_mixin.py:188} INFO - [2026-07-09T01:53:59.483-0500] {dag.py:3089} INFO - Sync 1 DAGs
[2026-07-09T01:53:59.492-0500] {logging_mixin.py:188} INFO - [2026-07-09T01:53:59.492-0500] {dag.py:3947} INFO - Setting next_dagrun for aerotrack_travel_monitor_correo to None, run_after=None
[2026-07-09T01:53:59.510-0500] {processor.py:183} INFO - Processing /opt/airflow/dags/dag_monitor_correo.py took 0.102 seconds
[2026-07-09T01:54:30.163-0500] {processor.py:161} INFO - Started process (PID=10903) to work on /opt/airflow/dags/dag_monitor_correo.py
[2026-07-09T01:54:30.164-0500] {processor.py:830} INFO - Processing file /opt/airflow/dags/dag_monitor_correo.py for tasks to queue
[2026-07-09T01:54:30.166-0500] {logging_mixin.py:188} INFO - [2026-07-09T01:54:30.166-0500] {dagbag.py:545} INFO - Filling up the DagBag from /opt/airflow/dags/dag_monitor_correo.py
[2026-07-09T01:54:30.195-0500] {processor.py:840} INFO - DAG(s) 'aerotrack_travel_monitor_correo' retrieved from /opt/airflow/dags/dag_monitor_correo.py
[2026-07-09T01:54:30.226-0500] {logging_mixin.py:188} INFO - [2026-07-09T01:54:30.226-0500] {dag.py:3089} INFO - Sync 1 DAGs
[2026-07-09T01:54:30.236-0500] {logging_mixin.py:188} INFO - [2026-07-09T01:54:30.236-0500] {dag.py:3947} INFO - Setting next_dagrun for aerotrack_travel_monitor_correo to None, run_after=None
[2026-07-09T01:54:30.252-0500] {processor.py:183} INFO - Processing /opt/airflow/dags/dag_monitor_correo.py took 0.093 seconds
[2026-07-09T01:55:01.005-0500] {processor.py:161} INFO - Started process (PID=10930) to work on /opt/airflow/dags/dag_monitor_correo.py
[2026-07-09T01:55:01.006-0500] {processor.py:830} INFO - Processing file /opt/airflow/dags/dag_monitor_correo.py for tasks to queue
[2026-07-09T01:55:01.008-0500] {logging_mixin.py:188} INFO - [2026-07-09T01:55:01.007-0500] {dagbag.py:545} INFO - Filling up the DagBag from /opt/airflow/dags/dag_monitor_correo.py
[2026-07-09T01:55:01.047-0500] {processor.py:840} INFO - DAG(s) 'aerotrack_travel_monitor_correo' retrieved from /opt/airflow/dags/dag_monitor_correo.py
[2026-07-09T01:55:01.075-0500] {logging_mixin.py:188} INFO - [2026-07-09T01:55:01.075-0500] {dag.py:3089} INFO - Sync 1 DAGs
[2026-07-09T01:55:01.087-0500] {logging_mixin.py:188} INFO - [2026-07-09T01:55:01.086-0500] {dag.py:3947} INFO - Setting next_dagrun for aerotrack_travel_monitor_correo to None, run_after=None
[2026-07-09T01:55:01.106-0500] {processor.py:183} INFO - Processing /opt/airflow/dags/dag_monitor_correo.py took 0.105 seconds
[2026-07-09T01:55:31.763-0500] {processor.py:161} INFO - Started process (PID=10957) to work on /opt/airflow/dags/dag_monitor_correo.py
[2026-07-09T01:55:31.764-0500] {processor.py:830} INFO - Processing file /opt/airflow/dags/dag_monitor_correo.py for tasks to queue
[2026-07-09T01:55:31.765-0500] {logging_mixin.py:188} INFO - [2026-07-09T01:55:31.765-0500] {dagbag.py:545} INFO - Filling up the DagBag from /opt/airflow/dags/dag_monitor_correo.py
[2026-07-09T01:55:31.793-0500] {processor.py:840} INFO - DAG(s) 'aerotrack_travel_monitor_correo' retrieved from /opt/airflow/dags/dag_monitor_correo.py
[2026-07-09T01:55:31.823-0500] {logging_mixin.py:188} INFO - [2026-07-09T01:55:31.823-0500] {dag.py:3089} INFO - Sync 1 DAGs
[2026-07-09T01:55:31.833-0500] {logging_mixin.py:188} INFO - [2026-07-09T01:55:31.832-0500] {dag.py:3947} INFO - Setting next_dagrun for aerotrack_travel_monitor_correo to None, run_after=None
[2026-07-09T01:55:31.848-0500] {processor.py:183} INFO - Processing /opt/airflow/dags/dag_monitor_correo.py took 0.089 seconds
[2026-07-09T01:56:02.545-0500] {processor.py:161} INFO - Started process (PID=10984) to work on /opt/airflow/dags/dag_monitor_correo.py
[2026-07-09T01:56:02.546-0500] {processor.py:830} INFO - Processing file /opt/airflow/dags/dag_monitor_correo.py for tasks to queue
[2026-07-09T01:56:02.548-0500] {logging_mixin.py:188} INFO - [2026-07-09T01:56:02.548-0500] {dagbag.py:545} INFO - Filling up the DagBag from /opt/airflow/dags/dag_monitor_correo.py
[2026-07-09T01:56:02.577-0500] {processor.py:840} INFO - DAG(s) 'aerotrack_travel_monitor_correo' retrieved from /opt/airflow/dags/dag_monitor_correo.py
[2026-07-09T01:56:02.604-0500] {logging_mixin.py:188} INFO - [2026-07-09T01:56:02.604-0500] {dag.py:3089} INFO - Sync 1 DAGs
[2026-07-09T01:56:02.614-0500] {logging_mixin.py:188} INFO - [2026-07-09T01:56:02.614-0500] {dag.py:3947} INFO - Setting next_dagrun for aerotrack_travel_monitor_correo to None, run_after=None
[2026-07-09T01:56:02.631-0500] {processor.py:183} INFO - Processing /opt/airflow/dags/dag_monitor_correo.py took 0.091 seconds
[2026-07-09T01:56:33.495-0500] {processor.py:161} INFO - Started process (PID=11011) to work on /opt/airflow/dags/dag_monitor_correo.py
[2026-07-09T01:56:33.497-0500] {processor.py:830} INFO - Processing file /opt/airflow/dags/dag_monitor_correo.py for tasks to queue
[2026-07-09T01:56:33.499-0500] {logging_mixin.py:188} INFO - [2026-07-09T01:56:33.499-0500] {dagbag.py:545} INFO - Filling up the DagBag from /opt/airflow/dags/dag_monitor_correo.py
[2026-07-09T01:56:33.548-0500] {processor.py:840} INFO - DAG(s) 'aerotrack_travel_monitor_correo' retrieved from /opt/airflow/dags/dag_monitor_correo.py
[2026-07-09T01:56:33.586-0500] {logging_mixin.py:188} INFO - [2026-07-09T01:56:33.586-0500] {dag.py:3089} INFO - Sync 1 DAGs
[2026-07-09T01:56:33.598-0500] {logging_mixin.py:188} INFO - [2026-07-09T01:56:33.598-0500] {dag.py:3947} INFO - Setting next_dagrun for aerotrack_travel_monitor_correo to None, run_after=None
[2026-07-09T01:56:33.617-0500] {processor.py:183} INFO - Processing /opt/airflow/dags/dag_monitor_correo.py took 0.128 seconds
[2026-07-09T01:57:04.439-0500] {processor.py:161} INFO - Started process (PID=11038) to work on /opt/airflow/dags/dag_monitor_correo.py
[2026-07-09T01:57:04.440-0500] {processor.py:830} INFO - Processing file /opt/airflow/dags/dag_monitor_correo.py for tasks to queue
[2026-07-09T01:57:04.442-0500] {logging_mixin.py:188} INFO - [2026-07-09T01:57:04.441-0500] {dagbag.py:545} INFO - Filling up the DagBag from /opt/airflow/dags/dag_monitor_correo.py
[2026-07-09T01:57:04.486-0500] {processor.py:840} INFO - DAG(s) 'aerotrack_travel_monitor_correo' retrieved from /opt/airflow/dags/dag_monitor_correo.py
[2026-07-09T01:57:04.514-0500] {logging_mixin.py:188} INFO - [2026-07-09T01:57:04.514-0500] {dag.py:3089} INFO - Sync 1 DAGs
[2026-07-09T01:57:04.525-0500] {logging_mixin.py:188} INFO - [2026-07-09T01:57:04.525-0500] {dag.py:3947} INFO - Setting next_dagrun for aerotrack_travel_monitor_correo to None, run_after=None
[2026-07-09T01:57:04.540-0500] {processor.py:183} INFO - Processing /opt/airflow/dags/dag_monitor_correo.py took 0.105 seconds
[2026-07-09T01:57:35.309-0500] {processor.py:161} INFO - Started process (PID=11065) to work on /opt/airflow/dags/dag_monitor_correo.py
[2026-07-09T01:57:35.310-0500] {processor.py:830} INFO - Processing file /opt/airflow/dags/dag_monitor_correo.py for tasks to queue
[2026-07-09T01:57:35.311-0500] {logging_mixin.py:188} INFO - [2026-07-09T01:57:35.311-0500] {dagbag.py:545} INFO - Filling up the DagBag from /opt/airflow/dags/dag_monitor_correo.py
[2026-07-09T01:57:35.343-0500] {processor.py:840} INFO - DAG(s) 'aerotrack_travel_monitor_correo' retrieved from /opt/airflow/dags/dag_monitor_correo.py
[2026-07-09T01:57:35.374-0500] {logging_mixin.py:188} INFO - [2026-07-09T01:57:35.373-0500] {dag.py:3089} INFO - Sync 1 DAGs
[2026-07-09T01:57:35.383-0500] {logging_mixin.py:188} INFO - [2026-07-09T01:57:35.383-0500] {dag.py:3947} INFO - Setting next_dagrun for aerotrack_travel_monitor_correo to None, run_after=None
[2026-07-09T01:57:35.398-0500] {processor.py:183} INFO - Processing /opt/airflow/dags/dag_monitor_correo.py took 0.094 seconds
[2026-07-09T01:58:06.130-0500] {processor.py:161} INFO - Started process (PID=11092) to work on /opt/airflow/dags/dag_monitor_correo.py
[2026-07-09T01:58:06.131-0500] {processor.py:830} INFO - Processing file /opt/airflow/dags/dag_monitor_correo.py for tasks to queue
[2026-07-09T01:58:06.133-0500] {logging_mixin.py:188} INFO - [2026-07-09T01:58:06.133-0500] {dagbag.py:545} INFO - Filling up the DagBag from /opt/airflow/dags/dag_monitor_correo.py
[2026-07-09T01:58:06.170-0500] {processor.py:840} INFO - DAG(s) 'aerotrack_travel_monitor_correo' retrieved from /opt/airflow/dags/dag_monitor_correo.py
[2026-07-09T01:58:06.199-0500] {logging_mixin.py:188} INFO - [2026-07-09T01:58:06.199-0500] {dag.py:3089} INFO - Sync 1 DAGs
[2026-07-09T01:58:06.208-0500] {logging_mixin.py:188} INFO - [2026-07-09T01:58:06.208-0500] {dag.py:3947} INFO - Setting next_dagrun for aerotrack_travel_monitor_correo to None, run_after=None
[2026-07-09T01:58:06.222-0500] {processor.py:183} INFO - Processing /opt/airflow/dags/dag_monitor_correo.py took 0.096 seconds
[2026-07-09T01:58:37.079-0500] {processor.py:161} INFO - Started process (PID=11119) to work on /opt/airflow/dags/dag_monitor_correo.py
[2026-07-09T01:58:37.080-0500] {processor.py:830} INFO - Processing file /opt/airflow/dags/dag_monitor_correo.py for tasks to queue
[2026-07-09T01:58:37.081-0500] {logging_mixin.py:188} INFO - [2026-07-09T01:58:37.081-0500] {dagbag.py:545} INFO - Filling up the DagBag from /opt/airflow/dags/dag_monitor_correo.py
[2026-07-09T01:58:37.120-0500] {processor.py:840} INFO - DAG(s) 'aerotrack_travel_monitor_correo' retrieved from /opt/airflow/dags/dag_monitor_correo.py
[2026-07-09T01:58:37.151-0500] {logging_mixin.py:188} INFO - [2026-07-09T01:58:37.151-0500] {dag.py:3089} INFO - Sync 1 DAGs
[2026-07-09T01:58:37.163-0500] {logging_mixin.py:188} INFO - [2026-07-09T01:58:37.163-0500] {dag.py:3947} INFO - Setting next_dagrun for aerotrack_travel_monitor_correo to None, run_after=None
[2026-07-09T01:58:37.183-0500] {processor.py:183} INFO - Processing /opt/airflow/dags/dag_monitor_correo.py took 0.110 seconds
[2026-07-09T01:59:07.926-0500] {processor.py:161} INFO - Started process (PID=11146) to work on /opt/airflow/dags/dag_monitor_correo.py
[2026-07-09T01:59:07.927-0500] {processor.py:830} INFO - Processing file /opt/airflow/dags/dag_monitor_correo.py for tasks to queue
[2026-07-09T01:59:07.928-0500] {logging_mixin.py:188} INFO - [2026-07-09T01:59:07.928-0500] {dagbag.py:545} INFO - Filling up the DagBag from /opt/airflow/dags/dag_monitor_correo.py
[2026-07-09T01:59:07.974-0500] {processor.py:840} INFO - DAG(s) 'aerotrack_travel_monitor_correo' retrieved from /opt/airflow/dags/dag_monitor_correo.py
[2026-07-09T01:59:08.005-0500] {logging_mixin.py:188} INFO - [2026-07-09T01:59:08.004-0500] {dag.py:3089} INFO - Sync 1 DAGs
[2026-07-09T01:59:08.015-0500] {logging_mixin.py:188} INFO - [2026-07-09T01:59:08.014-0500] {dag.py:3947} INFO - Setting next_dagrun for aerotrack_travel_monitor_correo to None, run_after=None
[2026-07-09T01:59:08.028-0500] {processor.py:183} INFO - Processing /opt/airflow/dags/dag_monitor_correo.py took 0.107 seconds
[2026-07-09T01:59:38.857-0500] {processor.py:161} INFO - Started process (PID=11173) to work on /opt/airflow/dags/dag_monitor_correo.py
[2026-07-09T01:59:38.857-0500] {processor.py:830} INFO - Processing file /opt/airflow/dags/dag_monitor_correo.py for tasks to queue
[2026-07-09T01:59:38.859-0500] {logging_mixin.py:188} INFO - [2026-07-09T01:59:38.859-0500] {dagbag.py:545} INFO - Filling up the DagBag from /opt/airflow/dags/dag_monitor_correo.py
[2026-07-09T01:59:38.898-0500] {processor.py:840} INFO - DAG(s) 'aerotrack_travel_monitor_correo' retrieved from /opt/airflow/dags/dag_monitor_correo.py
[2026-07-09T01:59:38.928-0500] {logging_mixin.py:188} INFO - [2026-07-09T01:59:38.928-0500] {dag.py:3089} INFO - Sync 1 DAGs
[2026-07-09T01:59:38.938-0500] {logging_mixin.py:188} INFO - [2026-07-09T01:59:38.938-0500] {dag.py:3947} INFO - Setting next_dagrun for aerotrack_travel_monitor_correo to None, run_after=None
[2026-07-09T01:59:38.954-0500] {processor.py:183} INFO - Processing /opt/airflow/dags/dag_monitor_correo.py took 0.101 seconds
[2026-07-09T02:00:09.760-0500] {processor.py:161} INFO - Started process (PID=11200) to work on /opt/airflow/dags/dag_monitor_correo.py
[2026-07-09T02:00:09.761-0500] {processor.py:830} INFO - Processing file /opt/airflow/dags/dag_monitor_correo.py for tasks to queue
[2026-07-09T02:00:09.762-0500] {logging_mixin.py:188} INFO - [2026-07-09T02:00:09.762-0500] {dagbag.py:545} INFO - Filling up the DagBag from /opt/airflow/dags/dag_monitor_correo.py
[2026-07-09T02:00:09.795-0500] {processor.py:840} INFO - DAG(s) 'aerotrack_travel_monitor_correo' retrieved from /opt/airflow/dags/dag_monitor_correo.py
[2026-07-09T02:00:09.830-0500] {logging_mixin.py:188} INFO - [2026-07-09T02:00:09.829-0500] {dag.py:3089} INFO - Sync 1 DAGs
[2026-07-09T02:00:09.840-0500] {logging_mixin.py:188} INFO - [2026-07-09T02:00:09.839-0500] {dag.py:3947} INFO - Setting next_dagrun for aerotrack_travel_monitor_correo to None, run_after=None
[2026-07-09T02:00:09.853-0500] {processor.py:183} INFO - Processing /opt/airflow/dags/dag_monitor_correo.py took 0.100 seconds
[2026-07-09T02:00:40.664-0500] {processor.py:161} INFO - Started process (PID=11227) to work on /opt/airflow/dags/dag_monitor_correo.py
[2026-07-09T02:00:40.665-0500] {processor.py:830} INFO - Processing file /opt/airflow/dags/dag_monitor_correo.py for tasks to queue
[2026-07-09T02:00:40.667-0500] {logging_mixin.py:188} INFO - [2026-07-09T02:00:40.666-0500] {dagbag.py:545} INFO - Filling up the DagBag from /opt/airflow/dags/dag_monitor_correo.py
[2026-07-09T02:00:40.707-0500] {processor.py:840} INFO - DAG(s) 'aerotrack_travel_monitor_correo' retrieved from /opt/airflow/dags/dag_monitor_correo.py
[2026-07-09T02:00:40.736-0500] {logging_mixin.py:188} INFO - [2026-07-09T02:00:40.736-0500] {dag.py:3089} INFO - Sync 1 DAGs
[2026-07-09T02:00:40.745-0500] {logging_mixin.py:188} INFO - [2026-07-09T02:00:40.745-0500] {dag.py:3947} INFO - Setting next_dagrun for aerotrack_travel_monitor_correo to None, run_after=None
[2026-07-09T02:00:40.759-0500] {processor.py:183} INFO - Processing /opt/airflow/dags/dag_monitor_correo.py took 0.099 seconds
[2026-07-09T02:01:11.524-0500] {processor.py:161} INFO - Started process (PID=11254) to work on /opt/airflow/dags/dag_monitor_correo.py
[2026-07-09T02:01:11.525-0500] {processor.py:830} INFO - Processing file /opt/airflow/dags/dag_monitor_correo.py for tasks to queue
[2026-07-09T02:01:11.527-0500] {logging_mixin.py:188} INFO - [2026-07-09T02:01:11.527-0500] {dagbag.py:545} INFO - Filling up the DagBag from /opt/airflow/dags/dag_monitor_correo.py
[2026-07-09T02:01:11.572-0500] {processor.py:840} INFO - DAG(s) 'aerotrack_travel_monitor_correo' retrieved from /opt/airflow/dags/dag_monitor_correo.py
[2026-07-09T02:01:11.610-0500] {logging_mixin.py:188} INFO - [2026-07-09T02:01:11.610-0500] {dag.py:3089} INFO - Sync 1 DAGs
[2026-07-09T02:01:11.627-0500] {logging_mixin.py:188} INFO - [2026-07-09T02:01:11.626-0500] {dag.py:3947} INFO - Setting next_dagrun for aerotrack_travel_monitor_correo to None, run_after=None
[2026-07-09T02:01:11.676-0500] {processor.py:183} INFO - Processing /opt/airflow/dags/dag_monitor_correo.py took 0.156 seconds
[2026-07-09T02:01:42.593-0500] {processor.py:161} INFO - Started process (PID=11281) to work on /opt/airflow/dags/dag_monitor_correo.py
[2026-07-09T02:01:42.594-0500] {processor.py:830} INFO - Processing file /opt/airflow/dags/dag_monitor_correo.py for tasks to queue
[2026-07-09T02:01:42.595-0500] {logging_mixin.py:188} INFO - [2026-07-09T02:01:42.595-0500] {dagbag.py:545} INFO - Filling up the DagBag from /opt/airflow/dags/dag_monitor_correo.py
[2026-07-09T02:01:42.635-0500] {processor.py:840} INFO - DAG(s) 'aerotrack_travel_monitor_correo' retrieved from /opt/airflow/dags/dag_monitor_correo.py
[2026-07-09T02:01:42.663-0500] {logging_mixin.py:188} INFO - [2026-07-09T02:01:42.663-0500] {dag.py:3089} INFO - Sync 1 DAGs
[2026-07-09T02:01:42.674-0500] {logging_mixin.py:188} INFO - [2026-07-09T02:01:42.673-0500] {dag.py:3947} INFO - Setting next_dagrun for aerotrack_travel_monitor_correo to None, run_after=None
[2026-07-09T02:01:42.690-0500] {processor.py:183} INFO - Processing /opt/airflow/dags/dag_monitor_correo.py took 0.102 seconds
[2026-07-09T02:02:13.526-0500] {processor.py:161} INFO - Started process (PID=11308) to work on /opt/airflow/dags/dag_monitor_correo.py
[2026-07-09T02:02:13.527-0500] {processor.py:830} INFO - Processing file /opt/airflow/dags/dag_monitor_correo.py for tasks to queue
[2026-07-09T02:02:13.529-0500] {logging_mixin.py:188} INFO - [2026-07-09T02:02:13.528-0500] {dagbag.py:545} INFO - Filling up the DagBag from /opt/airflow/dags/dag_monitor_correo.py
[2026-07-09T02:02:13.560-0500] {processor.py:840} INFO - DAG(s) 'aerotrack_travel_monitor_correo' retrieved from /opt/airflow/dags/dag_monitor_correo.py
[2026-07-09T02:02:13.589-0500] {logging_mixin.py:188} INFO - [2026-07-09T02:02:13.589-0500] {dag.py:3089} INFO - Sync 1 DAGs
[2026-07-09T02:02:13.598-0500] {logging_mixin.py:188} INFO - [2026-07-09T02:02:13.598-0500] {dag.py:3947} INFO - Setting next_dagrun for aerotrack_travel_monitor_correo to None, run_after=None
[2026-07-09T02:02:13.612-0500] {processor.py:183} INFO - Processing /opt/airflow/dags/dag_monitor_correo.py took 0.091 seconds
[2026-07-09T02:02:44.429-0500] {processor.py:161} INFO - Started process (PID=11335) to work on /opt/airflow/dags/dag_monitor_correo.py
[2026-07-09T02:02:44.430-0500] {processor.py:830} INFO - Processing file /opt/airflow/dags/dag_monitor_correo.py for tasks to queue
[2026-07-09T02:02:44.432-0500] {logging_mixin.py:188} INFO - [2026-07-09T02:02:44.432-0500] {dagbag.py:545} INFO - Filling up the DagBag from /opt/airflow/dags/dag_monitor_correo.py
[2026-07-09T02:02:44.484-0500] {processor.py:840} INFO - DAG(s) 'aerotrack_travel_monitor_correo' retrieved from /opt/airflow/dags/dag_monitor_correo.py
[2026-07-09T02:02:44.519-0500] {logging_mixin.py:188} INFO - [2026-07-09T02:02:44.518-0500] {dag.py:3089} INFO - Sync 1 DAGs
[2026-07-09T02:02:44.529-0500] {logging_mixin.py:188} INFO - [2026-07-09T02:02:44.528-0500] {dag.py:3947} INFO - Setting next_dagrun for aerotrack_travel_monitor_correo to None, run_after=None
[2026-07-09T02:02:44.545-0500] {processor.py:183} INFO - Processing /opt/airflow/dags/dag_monitor_correo.py took 0.120 seconds
[2026-07-09T02:03:15.357-0500] {processor.py:161} INFO - Started process (PID=11362) to work on /opt/airflow/dags/dag_monitor_correo.py
[2026-07-09T02:03:15.358-0500] {processor.py:830} INFO - Processing file /opt/airflow/dags/dag_monitor_correo.py for tasks to queue
[2026-07-09T02:03:15.360-0500] {logging_mixin.py:188} INFO - [2026-07-09T02:03:15.359-0500] {dagbag.py:545} INFO - Filling up the DagBag from /opt/airflow/dags/dag_monitor_correo.py
[2026-07-09T02:03:15.397-0500] {processor.py:840} INFO - DAG(s) 'aerotrack_travel_monitor_correo' retrieved from /opt/airflow/dags/dag_monitor_correo.py
[2026-07-09T02:03:15.433-0500] {logging_mixin.py:188} INFO - [2026-07-09T02:03:15.433-0500] {dag.py:3089} INFO - Sync 1 DAGs
[2026-07-09T02:03:15.445-0500] {logging_mixin.py:188} INFO - [2026-07-09T02:03:15.445-0500] {dag.py:3947} INFO - Setting next_dagrun for aerotrack_travel_monitor_correo to None, run_after=None
[2026-07-09T02:03:15.462-0500] {processor.py:183} INFO - Processing /opt/airflow/dags/dag_monitor_correo.py took 0.110 seconds
[2026-07-09T02:03:46.330-0500] {processor.py:161} INFO - Started process (PID=11389) to work on /opt/airflow/dags/dag_monitor_correo.py
[2026-07-09T02:03:46.331-0500] {processor.py:830} INFO - Processing file /opt/airflow/dags/dag_monitor_correo.py for tasks to queue
[2026-07-09T02:03:46.333-0500] {logging_mixin.py:188} INFO - [2026-07-09T02:03:46.332-0500] {dagbag.py:545} INFO - Filling up the DagBag from /opt/airflow/dags/dag_monitor_correo.py
[2026-07-09T02:03:46.373-0500] {processor.py:840} INFO - DAG(s) 'aerotrack_travel_monitor_correo' retrieved from /opt/airflow/dags/dag_monitor_correo.py
[2026-07-09T02:03:46.402-0500] {logging_mixin.py:188} INFO - [2026-07-09T02:03:46.402-0500] {dag.py:3089} INFO - Sync 1 DAGs
[2026-07-09T02:03:46.412-0500] {logging_mixin.py:188} INFO - [2026-07-09T02:03:46.412-0500] {dag.py:3947} INFO - Setting next_dagrun for aerotrack_travel_monitor_correo to None, run_after=None
[2026-07-09T02:03:46.429-0500] {processor.py:183} INFO - Processing /opt/airflow/dags/dag_monitor_correo.py took 0.103 seconds
[2026-07-09T02:04:17.246-0500] {processor.py:161} INFO - Started process (PID=11416) to work on /opt/airflow/dags/dag_monitor_correo.py
[2026-07-09T02:04:17.247-0500] {processor.py:830} INFO - Processing file /opt/airflow/dags/dag_monitor_correo.py for tasks to queue
[2026-07-09T02:04:17.248-0500] {logging_mixin.py:188} INFO - [2026-07-09T02:04:17.248-0500] {dagbag.py:545} INFO - Filling up the DagBag from /opt/airflow/dags/dag_monitor_correo.py
[2026-07-09T02:04:17.303-0500] {processor.py:840} INFO - DAG(s) 'aerotrack_travel_monitor_correo' retrieved from /opt/airflow/dags/dag_monitor_correo.py
[2026-07-09T02:04:17.341-0500] {logging_mixin.py:188} INFO - [2026-07-09T02:04:17.341-0500] {dag.py:3089} INFO - Sync 1 DAGs
[2026-07-09T02:04:17.354-0500] {logging_mixin.py:188} INFO - [2026-07-09T02:04:17.353-0500] {dag.py:3947} INFO - Setting next_dagrun for aerotrack_travel_monitor_correo to None, run_after=None
[2026-07-09T02:04:17.376-0500] {processor.py:183} INFO - Processing /opt/airflow/dags/dag_monitor_correo.py took 0.135 seconds
[2026-07-09T02:04:48.036-0500] {processor.py:161} INFO - Started process (PID=11443) to work on /opt/airflow/dags/dag_monitor_correo.py
[2026-07-09T02:04:48.038-0500] {processor.py:830} INFO - Processing file /opt/airflow/dags/dag_monitor_correo.py for tasks to queue
[2026-07-09T02:04:48.040-0500] {logging_mixin.py:188} INFO - [2026-07-09T02:04:48.039-0500] {dagbag.py:545} INFO - Filling up the DagBag from /opt/airflow/dags/dag_monitor_correo.py
[2026-07-09T02:04:48.080-0500] {processor.py:840} INFO - DAG(s) 'aerotrack_travel_monitor_correo' retrieved from /opt/airflow/dags/dag_monitor_correo.py
[2026-07-09T02:04:48.116-0500] {logging_mixin.py:188} INFO - [2026-07-09T02:04:48.116-0500] {dag.py:3089} INFO - Sync 1 DAGs
[2026-07-09T02:04:48.127-0500] {logging_mixin.py:188} INFO - [2026-07-09T02:04:48.127-0500] {dag.py:3947} INFO - Setting next_dagrun for aerotrack_travel_monitor_correo to None, run_after=None
[2026-07-09T02:04:48.146-0500] {processor.py:183} INFO - Processing /opt/airflow/dags/dag_monitor_correo.py took 0.115 seconds
[2026-07-09T02:05:18.872-0500] {processor.py:161} INFO - Started process (PID=11470) to work on /opt/airflow/dags/dag_monitor_correo.py
[2026-07-09T02:05:18.873-0500] {processor.py:830} INFO - Processing file /opt/airflow/dags/dag_monitor_correo.py for tasks to queue
[2026-07-09T02:05:18.875-0500] {logging_mixin.py:188} INFO - [2026-07-09T02:05:18.875-0500] {dagbag.py:545} INFO - Filling up the DagBag from /opt/airflow/dags/dag_monitor_correo.py
[2026-07-09T02:05:18.911-0500] {processor.py:840} INFO - DAG(s) 'aerotrack_travel_monitor_correo' retrieved from /opt/airflow/dags/dag_monitor_correo.py
[2026-07-09T02:05:18.941-0500] {logging_mixin.py:188} INFO - [2026-07-09T02:05:18.941-0500] {dag.py:3089} INFO - Sync 1 DAGs
[2026-07-09T02:05:18.951-0500] {logging_mixin.py:188} INFO - [2026-07-09T02:05:18.951-0500] {dag.py:3947} INFO - Setting next_dagrun for aerotrack_travel_monitor_correo to None, run_after=None
[2026-07-09T02:05:18.968-0500] {processor.py:183} INFO - Processing /opt/airflow/dags/dag_monitor_correo.py took 0.100 seconds
[2026-07-09T02:05:49.681-0500] {processor.py:161} INFO - Started process (PID=11497) to work on /opt/airflow/dags/dag_monitor_correo.py
[2026-07-09T02:05:49.682-0500] {processor.py:830} INFO - Processing file /opt/airflow/dags/dag_monitor_correo.py for tasks to queue
[2026-07-09T02:05:49.683-0500] {logging_mixin.py:188} INFO - [2026-07-09T02:05:49.683-0500] {dagbag.py:545} INFO - Filling up the DagBag from /opt/airflow/dags/dag_monitor_correo.py
[2026-07-09T02:05:49.728-0500] {processor.py:840} INFO - DAG(s) 'aerotrack_travel_monitor_correo' retrieved from /opt/airflow/dags/dag_monitor_correo.py
[2026-07-09T02:05:49.761-0500] {logging_mixin.py:188} INFO - [2026-07-09T02:05:49.761-0500] {dag.py:3089} INFO - Sync 1 DAGs
[2026-07-09T02:05:49.770-0500] {logging_mixin.py:188} INFO - [2026-07-09T02:05:49.770-0500] {dag.py:3947} INFO - Setting next_dagrun for aerotrack_travel_monitor_correo to None, run_after=None
[2026-07-09T02:05:49.785-0500] {processor.py:183} INFO - Processing /opt/airflow/dags/dag_monitor_correo.py took 0.109 seconds
[2026-07-09T02:06:20.521-0500] {processor.py:161} INFO - Started process (PID=11524) to work on /opt/airflow/dags/dag_monitor_correo.py
[2026-07-09T02:06:20.522-0500] {processor.py:830} INFO - Processing file /opt/airflow/dags/dag_monitor_correo.py for tasks to queue
[2026-07-09T02:06:20.524-0500] {logging_mixin.py:188} INFO - [2026-07-09T02:06:20.524-0500] {dagbag.py:545} INFO - Filling up the DagBag from /opt/airflow/dags/dag_monitor_correo.py
[2026-07-09T02:06:20.564-0500] {processor.py:840} INFO - DAG(s) 'aerotrack_travel_monitor_correo' retrieved from /opt/airflow/dags/dag_monitor_correo.py
[2026-07-09T02:06:20.589-0500] {logging_mixin.py:188} INFO - [2026-07-09T02:06:20.589-0500] {dag.py:3089} INFO - Sync 1 DAGs
[2026-07-09T02:06:20.598-0500] {logging_mixin.py:188} INFO - [2026-07-09T02:06:20.598-0500] {dag.py:3947} INFO - Setting next_dagrun for aerotrack_travel_monitor_correo to None, run_after=None
[2026-07-09T02:06:20.614-0500] {processor.py:183} INFO - Processing /opt/airflow/dags/dag_monitor_correo.py took 0.097 seconds
[2026-07-09T02:06:51.626-0500] {processor.py:161} INFO - Started process (PID=11551) to work on /opt/airflow/dags/dag_monitor_correo.py
[2026-07-09T02:06:51.627-0500] {processor.py:830} INFO - Processing file /opt/airflow/dags/dag_monitor_correo.py for tasks to queue
[2026-07-09T02:06:51.628-0500] {logging_mixin.py:188} INFO - [2026-07-09T02:06:51.628-0500] {dagbag.py:545} INFO - Filling up the DagBag from /opt/airflow/dags/dag_monitor_correo.py
[2026-07-09T02:06:51.669-0500] {processor.py:840} INFO - DAG(s) 'aerotrack_travel_monitor_correo' retrieved from /opt/airflow/dags/dag_monitor_correo.py
[2026-07-09T02:06:51.696-0500] {logging_mixin.py:188} INFO - [2026-07-09T02:06:51.696-0500] {dag.py:3089} INFO - Sync 1 DAGs
[2026-07-09T02:06:51.706-0500] {logging_mixin.py:188} INFO - [2026-07-09T02:06:51.706-0500] {dag.py:3947} INFO - Setting next_dagrun for aerotrack_travel_monitor_correo to None, run_after=None
[2026-07-09T02:06:51.724-0500] {processor.py:183} INFO - Processing /opt/airflow/dags/dag_monitor_correo.py took 0.103 seconds
[2026-07-09T02:07:22.463-0500] {processor.py:161} INFO - Started process (PID=11578) to work on /opt/airflow/dags/dag_monitor_correo.py
[2026-07-09T02:07:22.464-0500] {processor.py:830} INFO - Processing file /opt/airflow/dags/dag_monitor_correo.py for tasks to queue
[2026-07-09T02:07:22.465-0500] {logging_mixin.py:188} INFO - [2026-07-09T02:07:22.465-0500] {dagbag.py:545} INFO - Filling up the DagBag from /opt/airflow/dags/dag_monitor_correo.py
[2026-07-09T02:07:22.508-0500] {processor.py:840} INFO - DAG(s) 'aerotrack_travel_monitor_correo' retrieved from /opt/airflow/dags/dag_monitor_correo.py
[2026-07-09T02:07:22.539-0500] {logging_mixin.py:188} INFO - [2026-07-09T02:07:22.539-0500] {dag.py:3089} INFO - Sync 1 DAGs
[2026-07-09T02:07:22.552-0500] {logging_mixin.py:188} INFO - [2026-07-09T02:07:22.552-0500] {dag.py:3947} INFO - Setting next_dagrun for aerotrack_travel_monitor_correo to None, run_after=None
[2026-07-09T02:07:22.568-0500] {processor.py:183} INFO - Processing /opt/airflow/dags/dag_monitor_correo.py took 0.110 seconds
[2026-07-09T02:07:53.343-0500] {processor.py:161} INFO - Started process (PID=11605) to work on /opt/airflow/dags/dag_monitor_correo.py
[2026-07-09T02:07:53.344-0500] {processor.py:830} INFO - Processing file /opt/airflow/dags/dag_monitor_correo.py for tasks to queue
[2026-07-09T02:07:53.345-0500] {logging_mixin.py:188} INFO - [2026-07-09T02:07:53.345-0500] {dagbag.py:545} INFO - Filling up the DagBag from /opt/airflow/dags/dag_monitor_correo.py
[2026-07-09T02:07:53.377-0500] {processor.py:840} INFO - DAG(s) 'aerotrack_travel_monitor_correo' retrieved from /opt/airflow/dags/dag_monitor_correo.py
[2026-07-09T02:07:53.408-0500] {logging_mixin.py:188} INFO - [2026-07-09T02:07:53.408-0500] {dag.py:3089} INFO - Sync 1 DAGs
[2026-07-09T02:07:53.418-0500] {logging_mixin.py:188} INFO - [2026-07-09T02:07:53.418-0500] {dag.py:3947} INFO - Setting next_dagrun for aerotrack_travel_monitor_correo to None, run_after=None
[2026-07-09T02:07:53.440-0500] {processor.py:183} INFO - Processing /opt/airflow/dags/dag_monitor_correo.py took 0.101 seconds
[2026-07-09T02:08:24.080-0500] {processor.py:161} INFO - Started process (PID=11632) to work on /opt/airflow/dags/dag_monitor_correo.py
[2026-07-09T02:08:24.081-0500] {processor.py:830} INFO - Processing file /opt/airflow/dags/dag_monitor_correo.py for tasks to queue
[2026-07-09T02:08:24.083-0500] {logging_mixin.py:188} INFO - [2026-07-09T02:08:24.082-0500] {dagbag.py:545} INFO - Filling up the DagBag from /opt/airflow/dags/dag_monitor_correo.py
[2026-07-09T02:08:24.119-0500] {processor.py:840} INFO - DAG(s) 'aerotrack_travel_monitor_correo' retrieved from /opt/airflow/dags/dag_monitor_correo.py
[2026-07-09T02:08:24.148-0500] {logging_mixin.py:188} INFO - [2026-07-09T02:08:24.148-0500] {dag.py:3089} INFO - Sync 1 DAGs
[2026-07-09T02:08:24.159-0500] {logging_mixin.py:188} INFO - [2026-07-09T02:08:24.159-0500] {dag.py:3947} INFO - Setting next_dagrun for aerotrack_travel_monitor_correo to None, run_after=None
[2026-07-09T02:08:24.176-0500] {processor.py:183} INFO - Processing /opt/airflow/dags/dag_monitor_correo.py took 0.101 seconds
[2026-07-09T02:08:54.828-0500] {processor.py:161} INFO - Started process (PID=11659) to work on /opt/airflow/dags/dag_monitor_correo.py
[2026-07-09T02:08:54.830-0500] {processor.py:830} INFO - Processing file /opt/airflow/dags/dag_monitor_correo.py for tasks to queue
[2026-07-09T02:08:54.831-0500] {logging_mixin.py:188} INFO - [2026-07-09T02:08:54.831-0500] {dagbag.py:545} INFO - Filling up the DagBag from /opt/airflow/dags/dag_monitor_correo.py
[2026-07-09T02:08:54.875-0500] {processor.py:840} INFO - DAG(s) 'aerotrack_travel_monitor_correo' retrieved from /opt/airflow/dags/dag_monitor_correo.py
[2026-07-09T02:08:54.903-0500] {logging_mixin.py:188} INFO - [2026-07-09T02:08:54.902-0500] {dag.py:3089} INFO - Sync 1 DAGs
[2026-07-09T02:08:54.912-0500] {logging_mixin.py:188} INFO - [2026-07-09T02:08:54.911-0500] {dag.py:3947} INFO - Setting next_dagrun for aerotrack_travel_monitor_correo to None, run_after=None
[2026-07-09T02:08:54.928-0500] {processor.py:183} INFO - Processing /opt/airflow/dags/dag_monitor_correo.py took 0.106 seconds
[2026-07-09T02:09:25.613-0500] {processor.py:161} INFO - Started process (PID=11686) to work on /opt/airflow/dags/dag_monitor_correo.py
[2026-07-09T02:09:25.614-0500] {processor.py:830} INFO - Processing file /opt/airflow/dags/dag_monitor_correo.py for tasks to queue
[2026-07-09T02:09:25.615-0500] {logging_mixin.py:188} INFO - [2026-07-09T02:09:25.615-0500] {dagbag.py:545} INFO - Filling up the DagBag from /opt/airflow/dags/dag_monitor_correo.py
[2026-07-09T02:09:25.644-0500] {processor.py:840} INFO - DAG(s) 'aerotrack_travel_monitor_correo' retrieved from /opt/airflow/dags/dag_monitor_correo.py
[2026-07-09T02:09:25.672-0500] {logging_mixin.py:188} INFO - [2026-07-09T02:09:25.672-0500] {dag.py:3089} INFO - Sync 1 DAGs
[2026-07-09T02:09:25.683-0500] {logging_mixin.py:188} INFO - [2026-07-09T02:09:25.682-0500] {dag.py:3947} INFO - Setting next_dagrun for aerotrack_travel_monitor_correo to None, run_after=None
[2026-07-09T02:09:25.698-0500] {processor.py:183} INFO - Processing /opt/airflow/dags/dag_monitor_correo.py took 0.090 seconds
[2026-07-09T02:09:56.468-0500] {processor.py:161} INFO - Started process (PID=11713) to work on /opt/airflow/dags/dag_monitor_correo.py
[2026-07-09T02:09:56.469-0500] {processor.py:830} INFO - Processing file /opt/airflow/dags/dag_monitor_correo.py for tasks to queue
[2026-07-09T02:09:56.470-0500] {logging_mixin.py:188} INFO - [2026-07-09T02:09:56.470-0500] {dagbag.py:545} INFO - Filling up the DagBag from /opt/airflow/dags/dag_monitor_correo.py
[2026-07-09T02:09:56.497-0500] {processor.py:840} INFO - DAG(s) 'aerotrack_travel_monitor_correo' retrieved from /opt/airflow/dags/dag_monitor_correo.py
[2026-07-09T02:09:56.523-0500] {logging_mixin.py:188} INFO - [2026-07-09T02:09:56.523-0500] {dag.py:3089} INFO - Sync 1 DAGs
[2026-07-09T02:09:56.532-0500] {logging_mixin.py:188} INFO - [2026-07-09T02:09:56.532-0500] {dag.py:3947} INFO - Setting next_dagrun for aerotrack_travel_monitor_correo to None, run_after=None
[2026-07-09T02:09:56.548-0500] {processor.py:183} INFO - Processing /opt/airflow/dags/dag_monitor_correo.py took 0.084 seconds
[2026-07-09T02:10:27.242-0500] {processor.py:161} INFO - Started process (PID=11740) to work on /opt/airflow/dags/dag_monitor_correo.py
[2026-07-09T02:10:27.243-0500] {processor.py:830} INFO - Processing file /opt/airflow/dags/dag_monitor_correo.py for tasks to queue
[2026-07-09T02:10:27.245-0500] {logging_mixin.py:188} INFO - [2026-07-09T02:10:27.245-0500] {dagbag.py:545} INFO - Filling up the DagBag from /opt/airflow/dags/dag_monitor_correo.py
[2026-07-09T02:10:27.273-0500] {processor.py:840} INFO - DAG(s) 'aerotrack_travel_monitor_correo' retrieved from /opt/airflow/dags/dag_monitor_correo.py
[2026-07-09T02:10:27.304-0500] {logging_mixin.py:188} INFO - [2026-07-09T02:10:27.304-0500] {dag.py:3089} INFO - Sync 1 DAGs
[2026-07-09T02:10:27.314-0500] {logging_mixin.py:188} INFO - [2026-07-09T02:10:27.314-0500] {dag.py:3947} INFO - Setting next_dagrun for aerotrack_travel_monitor_correo to None, run_after=None
[2026-07-09T02:10:27.331-0500] {processor.py:183} INFO - Processing /opt/airflow/dags/dag_monitor_correo.py took 0.095 seconds
[2026-07-09T02:10:57.994-0500] {processor.py:161} INFO - Started process (PID=11767) to work on /opt/airflow/dags/dag_monitor_correo.py
[2026-07-09T02:10:57.995-0500] {processor.py:830} INFO - Processing file /opt/airflow/dags/dag_monitor_correo.py for tasks to queue
[2026-07-09T02:10:57.997-0500] {logging_mixin.py:188} INFO - [2026-07-09T02:10:57.996-0500] {dagbag.py:545} INFO - Filling up the DagBag from /opt/airflow/dags/dag_monitor_correo.py
[2026-07-09T02:10:58.027-0500] {processor.py:840} INFO - DAG(s) 'aerotrack_travel_monitor_correo' retrieved from /opt/airflow/dags/dag_monitor_correo.py
[2026-07-09T02:10:58.054-0500] {logging_mixin.py:188} INFO - [2026-07-09T02:10:58.054-0500] {dag.py:3089} INFO - Sync 1 DAGs
[2026-07-09T02:10:58.064-0500] {logging_mixin.py:188} INFO - [2026-07-09T02:10:58.064-0500] {dag.py:3947} INFO - Setting next_dagrun for aerotrack_travel_monitor_correo to None, run_after=None
[2026-07-09T02:10:58.080-0500] {processor.py:183} INFO - Processing /opt/airflow/dags/dag_monitor_correo.py took 0.090 seconds
[2026-07-09T02:11:29.083-0500] {processor.py:161} INFO - Started process (PID=11794) to work on /opt/airflow/dags/dag_monitor_correo.py
[2026-07-09T02:11:29.083-0500] {processor.py:830} INFO - Processing file /opt/airflow/dags/dag_monitor_correo.py for tasks to queue
[2026-07-09T02:11:29.085-0500] {logging_mixin.py:188} INFO - [2026-07-09T02:11:29.085-0500] {dagbag.py:545} INFO - Filling up the DagBag from /opt/airflow/dags/dag_monitor_correo.py
[2026-07-09T02:11:29.114-0500] {processor.py:840} INFO - DAG(s) 'aerotrack_travel_monitor_correo' retrieved from /opt/airflow/dags/dag_monitor_correo.py
[2026-07-09T02:11:29.143-0500] {logging_mixin.py:188} INFO - [2026-07-09T02:11:29.143-0500] {dag.py:3089} INFO - Sync 1 DAGs
[2026-07-09T02:11:29.153-0500] {logging_mixin.py:188} INFO - [2026-07-09T02:11:29.153-0500] {dag.py:3947} INFO - Setting next_dagrun for aerotrack_travel_monitor_correo to None, run_after=None
[2026-07-09T02:11:29.167-0500] {processor.py:183} INFO - Processing /opt/airflow/dags/dag_monitor_correo.py took 0.090 seconds
[2026-07-09T02:11:59.987-0500] {processor.py:161} INFO - Started process (PID=11821) to work on /opt/airflow/dags/dag_monitor_correo.py
[2026-07-09T02:11:59.988-0500] {processor.py:830} INFO - Processing file /opt/airflow/dags/dag_monitor_correo.py for tasks to queue
[2026-07-09T02:11:59.989-0500] {logging_mixin.py:188} INFO - [2026-07-09T02:11:59.989-0500] {dagbag.py:545} INFO - Filling up the DagBag from /opt/airflow/dags/dag_monitor_correo.py
[2026-07-09T02:12:00.023-0500] {processor.py:840} INFO - DAG(s) 'aerotrack_travel_monitor_correo' retrieved from /opt/airflow/dags/dag_monitor_correo.py
[2026-07-09T02:12:00.062-0500] {logging_mixin.py:188} INFO - [2026-07-09T02:12:00.061-0500] {dag.py:3089} INFO - Sync 1 DAGs
[2026-07-09T02:12:00.071-0500] {logging_mixin.py:188} INFO - [2026-07-09T02:12:00.071-0500] {dag.py:3947} INFO - Setting next_dagrun for aerotrack_travel_monitor_correo to None, run_after=None
[2026-07-09T02:12:00.090-0500] {processor.py:183} INFO - Processing /opt/airflow/dags/dag_monitor_correo.py took 0.107 seconds
[2026-07-09T02:12:30.943-0500] {processor.py:161} INFO - Started process (PID=11848) to work on /opt/airflow/dags/dag_monitor_correo.py
[2026-07-09T02:12:30.944-0500] {processor.py:830} INFO - Processing file /opt/airflow/dags/dag_monitor_correo.py for tasks to queue
[2026-07-09T02:12:30.945-0500] {logging_mixin.py:188} INFO - [2026-07-09T02:12:30.945-0500] {dagbag.py:545} INFO - Filling up the DagBag from /opt/airflow/dags/dag_monitor_correo.py
[2026-07-09T02:12:30.985-0500] {processor.py:840} INFO - DAG(s) 'aerotrack_travel_monitor_correo' retrieved from /opt/airflow/dags/dag_monitor_correo.py
[2026-07-09T02:12:31.009-0500] {logging_mixin.py:188} INFO - [2026-07-09T02:12:31.009-0500] {dag.py:3089} INFO - Sync 1 DAGs
[2026-07-09T02:12:31.017-0500] {logging_mixin.py:188} INFO - [2026-07-09T02:12:31.017-0500] {dag.py:3947} INFO - Setting next_dagrun for aerotrack_travel_monitor_correo to None, run_after=None
[2026-07-09T02:12:31.033-0500] {processor.py:183} INFO - Processing /opt/airflow/dags/dag_monitor_correo.py took 0.095 seconds
[2026-07-09T02:13:01.689-0500] {processor.py:161} INFO - Started process (PID=11875) to work on /opt/airflow/dags/dag_monitor_correo.py
[2026-07-09T02:13:01.690-0500] {processor.py:830} INFO - Processing file /opt/airflow/dags/dag_monitor_correo.py for tasks to queue
[2026-07-09T02:13:01.691-0500] {logging_mixin.py:188} INFO - [2026-07-09T02:13:01.691-0500] {dagbag.py:545} INFO - Filling up the DagBag from /opt/airflow/dags/dag_monitor_correo.py
[2026-07-09T02:13:01.722-0500] {processor.py:840} INFO - DAG(s) 'aerotrack_travel_monitor_correo' retrieved from /opt/airflow/dags/dag_monitor_correo.py
[2026-07-09T02:13:01.753-0500] {logging_mixin.py:188} INFO - [2026-07-09T02:13:01.753-0500] {dag.py:3089} INFO - Sync 1 DAGs
[2026-07-09T02:13:01.763-0500] {logging_mixin.py:188} INFO - [2026-07-09T02:13:01.763-0500] {dag.py:3947} INFO - Setting next_dagrun for aerotrack_travel_monitor_correo to None, run_after=None
[2026-07-09T02:13:01.778-0500] {processor.py:183} INFO - Processing /opt/airflow/dags/dag_monitor_correo.py took 0.093 seconds
[2026-07-09T02:13:32.555-0500] {processor.py:161} INFO - Started process (PID=11902) to work on /opt/airflow/dags/dag_monitor_correo.py
[2026-07-09T02:13:32.557-0500] {processor.py:830} INFO - Processing file /opt/airflow/dags/dag_monitor_correo.py for tasks to queue
[2026-07-09T02:13:32.559-0500] {logging_mixin.py:188} INFO - [2026-07-09T02:13:32.558-0500] {dagbag.py:545} INFO - Filling up the DagBag from /opt/airflow/dags/dag_monitor_correo.py
[2026-07-09T02:13:32.607-0500] {processor.py:840} INFO - DAG(s) 'aerotrack_travel_monitor_correo' retrieved from /opt/airflow/dags/dag_monitor_correo.py
[2026-07-09T02:13:32.634-0500] {logging_mixin.py:188} INFO - [2026-07-09T02:13:32.634-0500] {dag.py:3089} INFO - Sync 1 DAGs
[2026-07-09T02:13:32.644-0500] {logging_mixin.py:188} INFO - [2026-07-09T02:13:32.644-0500] {dag.py:3947} INFO - Setting next_dagrun for aerotrack_travel_monitor_correo to None, run_after=None
[2026-07-09T02:13:32.662-0500] {processor.py:183} INFO - Processing /opt/airflow/dags/dag_monitor_correo.py took 0.111 seconds
[2026-07-09T02:14:03.478-0500] {processor.py:161} INFO - Started process (PID=11929) to work on /opt/airflow/dags/dag_monitor_correo.py
[2026-07-09T02:14:03.479-0500] {processor.py:830} INFO - Processing file /opt/airflow/dags/dag_monitor_correo.py for tasks to queue
[2026-07-09T02:14:03.480-0500] {logging_mixin.py:188} INFO - [2026-07-09T02:14:03.480-0500] {dagbag.py:545} INFO - Filling up the DagBag from /opt/airflow/dags/dag_monitor_correo.py
[2026-07-09T02:14:03.521-0500] {processor.py:840} INFO - DAG(s) 'aerotrack_travel_monitor_correo' retrieved from /opt/airflow/dags/dag_monitor_correo.py
[2026-07-09T02:14:03.558-0500] {logging_mixin.py:188} INFO - [2026-07-09T02:14:03.558-0500] {dag.py:3089} INFO - Sync 1 DAGs
[2026-07-09T02:14:03.571-0500] {logging_mixin.py:188} INFO - [2026-07-09T02:14:03.571-0500] {dag.py:3947} INFO - Setting next_dagrun for aerotrack_travel_monitor_correo to None, run_after=None
[2026-07-09T02:14:03.589-0500] {processor.py:183} INFO - Processing /opt/airflow/dags/dag_monitor_correo.py took 0.116 seconds
[2026-07-09T02:14:34.349-0500] {processor.py:161} INFO - Started process (PID=11956) to work on /opt/airflow/dags/dag_monitor_correo.py
[2026-07-09T02:14:34.350-0500] {processor.py:830} INFO - Processing file /opt/airflow/dags/dag_monitor_correo.py for tasks to queue
[2026-07-09T02:14:34.351-0500] {logging_mixin.py:188} INFO - [2026-07-09T02:14:34.351-0500] {dagbag.py:545} INFO - Filling up the DagBag from /opt/airflow/dags/dag_monitor_correo.py
[2026-07-09T02:14:34.378-0500] {processor.py:840} INFO - DAG(s) 'aerotrack_travel_monitor_correo' retrieved from /opt/airflow/dags/dag_monitor_correo.py
[2026-07-09T02:14:34.406-0500] {logging_mixin.py:188} INFO - [2026-07-09T02:14:34.406-0500] {dag.py:3089} INFO - Sync 1 DAGs
[2026-07-09T02:14:34.417-0500] {logging_mixin.py:188} INFO - [2026-07-09T02:14:34.417-0500] {dag.py:3947} INFO - Setting next_dagrun for aerotrack_travel_monitor_correo to None, run_after=None
[2026-07-09T02:14:34.435-0500] {processor.py:183} INFO - Processing /opt/airflow/dags/dag_monitor_correo.py took 0.091 seconds
[2026-07-09T02:15:05.158-0500] {processor.py:161} INFO - Started process (PID=11983) to work on /opt/airflow/dags/dag_monitor_correo.py
[2026-07-09T02:15:05.160-0500] {processor.py:830} INFO - Processing file /opt/airflow/dags/dag_monitor_correo.py for tasks to queue
[2026-07-09T02:15:05.162-0500] {logging_mixin.py:188} INFO - [2026-07-09T02:15:05.161-0500] {dagbag.py:545} INFO - Filling up the DagBag from /opt/airflow/dags/dag_monitor_correo.py
[2026-07-09T02:15:05.214-0500] {processor.py:840} INFO - DAG(s) 'aerotrack_travel_monitor_correo' retrieved from /opt/airflow/dags/dag_monitor_correo.py
[2026-07-09T02:15:05.249-0500] {logging_mixin.py:188} INFO - [2026-07-09T02:15:05.249-0500] {dag.py:3089} INFO - Sync 1 DAGs
[2026-07-09T02:15:05.258-0500] {logging_mixin.py:188} INFO - [2026-07-09T02:15:05.258-0500] {dag.py:3947} INFO - Setting next_dagrun for aerotrack_travel_monitor_correo to None, run_after=None
[2026-07-09T02:15:05.274-0500] {processor.py:183} INFO - Processing /opt/airflow/dags/dag_monitor_correo.py took 0.120 seconds
[2026-07-09T02:15:35.870-0500] {processor.py:161} INFO - Started process (PID=12010) to work on /opt/airflow/dags/dag_monitor_correo.py
[2026-07-09T02:15:35.871-0500] {processor.py:830} INFO - Processing file /opt/airflow/dags/dag_monitor_correo.py for tasks to queue
[2026-07-09T02:15:35.873-0500] {logging_mixin.py:188} INFO - [2026-07-09T02:15:35.872-0500] {dagbag.py:545} INFO - Filling up the DagBag from /opt/airflow/dags/dag_monitor_correo.py
[2026-07-09T02:15:35.909-0500] {processor.py:840} INFO - DAG(s) 'aerotrack_travel_monitor_correo' retrieved from /opt/airflow/dags/dag_monitor_correo.py
[2026-07-09T02:15:35.941-0500] {logging_mixin.py:188} INFO - [2026-07-09T02:15:35.941-0500] {dag.py:3089} INFO - Sync 1 DAGs
[2026-07-09T02:15:35.952-0500] {logging_mixin.py:188} INFO - [2026-07-09T02:15:35.951-0500] {dag.py:3947} INFO - Setting next_dagrun for aerotrack_travel_monitor_correo to None, run_after=None
[2026-07-09T02:15:35.970-0500] {processor.py:183} INFO - Processing /opt/airflow/dags/dag_monitor_correo.py took 0.105 seconds
[2026-07-09T02:16:06.780-0500] {processor.py:161} INFO - Started process (PID=12037) to work on /opt/airflow/dags/dag_monitor_correo.py
[2026-07-09T02:16:06.781-0500] {processor.py:830} INFO - Processing file /opt/airflow/dags/dag_monitor_correo.py for tasks to queue
[2026-07-09T02:16:06.783-0500] {logging_mixin.py:188} INFO - [2026-07-09T02:16:06.782-0500] {dagbag.py:545} INFO - Filling up the DagBag from /opt/airflow/dags/dag_monitor_correo.py
[2026-07-09T02:16:06.812-0500] {processor.py:840} INFO - DAG(s) 'aerotrack_travel_monitor_correo' retrieved from /opt/airflow/dags/dag_monitor_correo.py
[2026-07-09T02:16:06.847-0500] {logging_mixin.py:188} INFO - [2026-07-09T02:16:06.847-0500] {dag.py:3089} INFO - Sync 1 DAGs
[2026-07-09T02:16:06.858-0500] {logging_mixin.py:188} INFO - [2026-07-09T02:16:06.858-0500] {dag.py:3947} INFO - Setting next_dagrun for aerotrack_travel_monitor_correo to None, run_after=None
[2026-07-09T02:16:06.875-0500] {processor.py:183} INFO - Processing /opt/airflow/dags/dag_monitor_correo.py took 0.100 seconds
[2026-07-09T02:16:37.624-0500] {processor.py:161} INFO - Started process (PID=12064) to work on /opt/airflow/dags/dag_monitor_correo.py
[2026-07-09T02:16:37.625-0500] {processor.py:830} INFO - Processing file /opt/airflow/dags/dag_monitor_correo.py for tasks to queue
[2026-07-09T02:16:37.627-0500] {logging_mixin.py:188} INFO - [2026-07-09T02:16:37.626-0500] {dagbag.py:545} INFO - Filling up the DagBag from /opt/airflow/dags/dag_monitor_correo.py
[2026-07-09T02:16:37.659-0500] {processor.py:840} INFO - DAG(s) 'aerotrack_travel_monitor_correo' retrieved from /opt/airflow/dags/dag_monitor_correo.py
[2026-07-09T02:16:37.686-0500] {logging_mixin.py:188} INFO - [2026-07-09T02:16:37.686-0500] {dag.py:3089} INFO - Sync 1 DAGs
[2026-07-09T02:16:37.696-0500] {logging_mixin.py:188} INFO - [2026-07-09T02:16:37.695-0500] {dag.py:3947} INFO - Setting next_dagrun for aerotrack_travel_monitor_correo to None, run_after=None
[2026-07-09T02:16:37.712-0500] {processor.py:183} INFO - Processing /opt/airflow/dags/dag_monitor_correo.py took 0.092 seconds
[2026-07-09T02:17:08.384-0500] {processor.py:161} INFO - Started process (PID=12091) to work on /opt/airflow/dags/dag_monitor_correo.py
[2026-07-09T02:17:08.385-0500] {processor.py:830} INFO - Processing file /opt/airflow/dags/dag_monitor_correo.py for tasks to queue
[2026-07-09T02:17:08.386-0500] {logging_mixin.py:188} INFO - [2026-07-09T02:17:08.386-0500] {dagbag.py:545} INFO - Filling up the DagBag from /opt/airflow/dags/dag_monitor_correo.py
[2026-07-09T02:17:08.425-0500] {processor.py:840} INFO - DAG(s) 'aerotrack_travel_monitor_correo' retrieved from /opt/airflow/dags/dag_monitor_correo.py
[2026-07-09T02:17:08.458-0500] {logging_mixin.py:188} INFO - [2026-07-09T02:17:08.458-0500] {dag.py:3089} INFO - Sync 1 DAGs
[2026-07-09T02:17:08.470-0500] {logging_mixin.py:188} INFO - [2026-07-09T02:17:08.470-0500] {dag.py:3947} INFO - Setting next_dagrun for aerotrack_travel_monitor_correo to None, run_after=None
[2026-07-09T02:17:08.490-0500] {processor.py:183} INFO - Processing /opt/airflow/dags/dag_monitor_correo.py took 0.111 seconds
[2026-07-09T02:17:39.191-0500] {processor.py:161} INFO - Started process (PID=12118) to work on /opt/airflow/dags/dag_monitor_correo.py
[2026-07-09T02:17:39.193-0500] {processor.py:830} INFO - Processing file /opt/airflow/dags/dag_monitor_correo.py for tasks to queue
[2026-07-09T02:17:39.195-0500] {logging_mixin.py:188} INFO - [2026-07-09T02:17:39.194-0500] {dagbag.py:545} INFO - Filling up the DagBag from /opt/airflow/dags/dag_monitor_correo.py
[2026-07-09T02:17:39.241-0500] {processor.py:840} INFO - DAG(s) 'aerotrack_travel_monitor_correo' retrieved from /opt/airflow/dags/dag_monitor_correo.py
[2026-07-09T02:17:39.275-0500] {logging_mixin.py:188} INFO - [2026-07-09T02:17:39.275-0500] {dag.py:3089} INFO - Sync 1 DAGs
[2026-07-09T02:17:39.287-0500] {logging_mixin.py:188} INFO - [2026-07-09T02:17:39.286-0500] {dag.py:3947} INFO - Setting next_dagrun for aerotrack_travel_monitor_correo to None, run_after=None
[2026-07-09T02:17:39.308-0500] {processor.py:183} INFO - Processing /opt/airflow/dags/dag_monitor_correo.py took 0.122 seconds
[2026-07-09T02:18:10.124-0500] {processor.py:161} INFO - Started process (PID=12145) to work on /opt/airflow/dags/dag_monitor_correo.py
[2026-07-09T02:18:10.125-0500] {processor.py:830} INFO - Processing file /opt/airflow/dags/dag_monitor_correo.py for tasks to queue
[2026-07-09T02:18:10.127-0500] {logging_mixin.py:188} INFO - [2026-07-09T02:18:10.126-0500] {dagbag.py:545} INFO - Filling up the DagBag from /opt/airflow/dags/dag_monitor_correo.py
[2026-07-09T02:18:10.164-0500] {processor.py:840} INFO - DAG(s) 'aerotrack_travel_monitor_correo' retrieved from /opt/airflow/dags/dag_monitor_correo.py
[2026-07-09T02:18:10.195-0500] {logging_mixin.py:188} INFO - [2026-07-09T02:18:10.195-0500] {dag.py:3089} INFO - Sync 1 DAGs
[2026-07-09T02:18:10.207-0500] {logging_mixin.py:188} INFO - [2026-07-09T02:18:10.206-0500] {dag.py:3947} INFO - Setting next_dagrun for aerotrack_travel_monitor_correo to None, run_after=None
[2026-07-09T02:18:10.224-0500] {processor.py:183} INFO - Processing /opt/airflow/dags/dag_monitor_correo.py took 0.104 seconds
[2026-07-09T02:18:40.946-0500] {processor.py:161} INFO - Started process (PID=12172) to work on /opt/airflow/dags/dag_monitor_correo.py
[2026-07-09T02:18:40.947-0500] {processor.py:830} INFO - Processing file /opt/airflow/dags/dag_monitor_correo.py for tasks to queue
[2026-07-09T02:18:40.949-0500] {logging_mixin.py:188} INFO - [2026-07-09T02:18:40.949-0500] {dagbag.py:545} INFO - Filling up the DagBag from /opt/airflow/dags/dag_monitor_correo.py
[2026-07-09T02:18:40.993-0500] {processor.py:840} INFO - DAG(s) 'aerotrack_travel_monitor_correo' retrieved from /opt/airflow/dags/dag_monitor_correo.py
[2026-07-09T02:18:41.027-0500] {logging_mixin.py:188} INFO - [2026-07-09T02:18:41.026-0500] {dag.py:3089} INFO - Sync 1 DAGs
[2026-07-09T02:18:41.038-0500] {logging_mixin.py:188} INFO - [2026-07-09T02:18:41.038-0500] {dag.py:3947} INFO - Setting next_dagrun for aerotrack_travel_monitor_correo to None, run_after=None
[2026-07-09T02:18:41.058-0500] {processor.py:183} INFO - Processing /opt/airflow/dags/dag_monitor_correo.py took 0.116 seconds
[2026-07-09T02:19:11.760-0500] {processor.py:161} INFO - Started process (PID=12199) to work on /opt/airflow/dags/dag_monitor_correo.py
[2026-07-09T02:19:11.761-0500] {processor.py:830} INFO - Processing file /opt/airflow/dags/dag_monitor_correo.py for tasks to queue
[2026-07-09T02:19:11.763-0500] {logging_mixin.py:188} INFO - [2026-07-09T02:19:11.763-0500] {dagbag.py:545} INFO - Filling up the DagBag from /opt/airflow/dags/dag_monitor_correo.py
[2026-07-09T02:19:11.811-0500] {processor.py:840} INFO - DAG(s) 'aerotrack_travel_monitor_correo' retrieved from /opt/airflow/dags/dag_monitor_correo.py
[2026-07-09T02:19:11.851-0500] {logging_mixin.py:188} INFO - [2026-07-09T02:19:11.851-0500] {dag.py:3089} INFO - Sync 1 DAGs
[2026-07-09T02:19:11.862-0500] {logging_mixin.py:188} INFO - [2026-07-09T02:19:11.862-0500] {dag.py:3947} INFO - Setting next_dagrun for aerotrack_travel_monitor_correo to None, run_after=None
[2026-07-09T02:19:11.887-0500] {processor.py:183} INFO - Processing /opt/airflow/dags/dag_monitor_correo.py took 0.133 seconds
[2026-07-09T02:19:42.527-0500] {processor.py:161} INFO - Started process (PID=12226) to work on /opt/airflow/dags/dag_monitor_correo.py
[2026-07-09T02:19:42.528-0500] {processor.py:830} INFO - Processing file /opt/airflow/dags/dag_monitor_correo.py for tasks to queue
[2026-07-09T02:19:42.529-0500] {logging_mixin.py:188} INFO - [2026-07-09T02:19:42.529-0500] {dagbag.py:545} INFO - Filling up the DagBag from /opt/airflow/dags/dag_monitor_correo.py
[2026-07-09T02:19:42.560-0500] {processor.py:840} INFO - DAG(s) 'aerotrack_travel_monitor_correo' retrieved from /opt/airflow/dags/dag_monitor_correo.py
[2026-07-09T02:19:42.588-0500] {logging_mixin.py:188} INFO - [2026-07-09T02:19:42.588-0500] {dag.py:3089} INFO - Sync 1 DAGs
[2026-07-09T02:19:42.598-0500] {logging_mixin.py:188} INFO - [2026-07-09T02:19:42.597-0500] {dag.py:3947} INFO - Setting next_dagrun for aerotrack_travel_monitor_correo to None, run_after=None
[2026-07-09T02:19:42.612-0500] {processor.py:183} INFO - Processing /opt/airflow/dags/dag_monitor_correo.py took 0.089 seconds
[2026-07-09T02:20:13.327-0500] {processor.py:161} INFO - Started process (PID=12253) to work on /opt/airflow/dags/dag_monitor_correo.py
[2026-07-09T02:20:13.328-0500] {processor.py:830} INFO - Processing file /opt/airflow/dags/dag_monitor_correo.py for tasks to queue
[2026-07-09T02:20:13.329-0500] {logging_mixin.py:188} INFO - [2026-07-09T02:20:13.329-0500] {dagbag.py:545} INFO - Filling up the DagBag from /opt/airflow/dags/dag_monitor_correo.py
[2026-07-09T02:20:13.357-0500] {processor.py:840} INFO - DAG(s) 'aerotrack_travel_monitor_correo' retrieved from /opt/airflow/dags/dag_monitor_correo.py
[2026-07-09T02:20:13.388-0500] {logging_mixin.py:188} INFO - [2026-07-09T02:20:13.388-0500] {dag.py:3089} INFO - Sync 1 DAGs
[2026-07-09T02:20:13.397-0500] {logging_mixin.py:188} INFO - [2026-07-09T02:20:13.397-0500] {dag.py:3947} INFO - Setting next_dagrun for aerotrack_travel_monitor_correo to None, run_after=None
[2026-07-09T02:20:13.413-0500] {processor.py:183} INFO - Processing /opt/airflow/dags/dag_monitor_correo.py took 0.090 seconds
[2026-07-09T02:20:44.347-0500] {processor.py:161} INFO - Started process (PID=12280) to work on /opt/airflow/dags/dag_monitor_correo.py
[2026-07-09T02:20:44.348-0500] {processor.py:830} INFO - Processing file /opt/airflow/dags/dag_monitor_correo.py for tasks to queue
[2026-07-09T02:20:44.350-0500] {logging_mixin.py:188} INFO - [2026-07-09T02:20:44.350-0500] {dagbag.py:545} INFO - Filling up the DagBag from /opt/airflow/dags/dag_monitor_correo.py
[2026-07-09T02:20:44.391-0500] {processor.py:840} INFO - DAG(s) 'aerotrack_travel_monitor_correo' retrieved from /opt/airflow/dags/dag_monitor_correo.py
[2026-07-09T02:20:44.416-0500] {logging_mixin.py:188} INFO - [2026-07-09T02:20:44.416-0500] {dag.py:3089} INFO - Sync 1 DAGs
[2026-07-09T02:20:44.426-0500] {logging_mixin.py:188} INFO - [2026-07-09T02:20:44.426-0500] {dag.py:3947} INFO - Setting next_dagrun for aerotrack_travel_monitor_correo to None, run_after=None
[2026-07-09T02:20:44.441-0500] {processor.py:183} INFO - Processing /opt/airflow/dags/dag_monitor_correo.py took 0.098 seconds
[2026-07-09T02:21:15.097-0500] {processor.py:161} INFO - Started process (PID=12307) to work on /opt/airflow/dags/dag_monitor_correo.py
[2026-07-09T02:21:15.098-0500] {processor.py:830} INFO - Processing file /opt/airflow/dags/dag_monitor_correo.py for tasks to queue
[2026-07-09T02:21:15.099-0500] {logging_mixin.py:188} INFO - [2026-07-09T02:21:15.099-0500] {dagbag.py:545} INFO - Filling up the DagBag from /opt/airflow/dags/dag_monitor_correo.py
[2026-07-09T02:21:15.136-0500] {processor.py:840} INFO - DAG(s) 'aerotrack_travel_monitor_correo' retrieved from /opt/airflow/dags/dag_monitor_correo.py
[2026-07-09T02:21:15.166-0500] {logging_mixin.py:188} INFO - [2026-07-09T02:21:15.165-0500] {dag.py:3089} INFO - Sync 1 DAGs
[2026-07-09T02:21:15.175-0500] {logging_mixin.py:188} INFO - [2026-07-09T02:21:15.175-0500] {dag.py:3947} INFO - Setting next_dagrun for aerotrack_travel_monitor_correo to None, run_after=None
[2026-07-09T02:21:15.192-0500] {processor.py:183} INFO - Processing /opt/airflow/dags/dag_monitor_correo.py took 0.099 seconds
[2026-07-09T02:21:45.962-0500] {processor.py:161} INFO - Started process (PID=12334) to work on /opt/airflow/dags/dag_monitor_correo.py
[2026-07-09T02:21:45.963-0500] {processor.py:830} INFO - Processing file /opt/airflow/dags/dag_monitor_correo.py for tasks to queue
[2026-07-09T02:21:45.964-0500] {logging_mixin.py:188} INFO - [2026-07-09T02:21:45.964-0500] {dagbag.py:545} INFO - Filling up the DagBag from /opt/airflow/dags/dag_monitor_correo.py
[2026-07-09T02:21:45.996-0500] {processor.py:840} INFO - DAG(s) 'aerotrack_travel_monitor_correo' retrieved from /opt/airflow/dags/dag_monitor_correo.py
[2026-07-09T02:21:46.023-0500] {logging_mixin.py:188} INFO - [2026-07-09T02:21:46.023-0500] {dag.py:3089} INFO - Sync 1 DAGs
[2026-07-09T02:21:46.034-0500] {logging_mixin.py:188} INFO - [2026-07-09T02:21:46.034-0500] {dag.py:3947} INFO - Setting next_dagrun for aerotrack_travel_monitor_correo to None, run_after=None
[2026-07-09T02:21:46.049-0500] {processor.py:183} INFO - Processing /opt/airflow/dags/dag_monitor_correo.py took 0.091 seconds
[2026-07-09T02:22:16.825-0500] {processor.py:161} INFO - Started process (PID=12361) to work on /opt/airflow/dags/dag_monitor_correo.py
[2026-07-09T02:22:16.826-0500] {processor.py:830} INFO - Processing file /opt/airflow/dags/dag_monitor_correo.py for tasks to queue
[2026-07-09T02:22:16.828-0500] {logging_mixin.py:188} INFO - [2026-07-09T02:22:16.828-0500] {dagbag.py:545} INFO - Filling up the DagBag from /opt/airflow/dags/dag_monitor_correo.py
[2026-07-09T02:22:16.874-0500] {processor.py:840} INFO - DAG(s) 'aerotrack_travel_monitor_correo' retrieved from /opt/airflow/dags/dag_monitor_correo.py
[2026-07-09T02:22:16.907-0500] {logging_mixin.py:188} INFO - [2026-07-09T02:22:16.907-0500] {dag.py:3089} INFO - Sync 1 DAGs
[2026-07-09T02:22:16.917-0500] {logging_mixin.py:188} INFO - [2026-07-09T02:22:16.917-0500] {dag.py:3947} INFO - Setting next_dagrun for aerotrack_travel_monitor_correo to None, run_after=None
[2026-07-09T02:22:16.939-0500] {processor.py:183} INFO - Processing /opt/airflow/dags/dag_monitor_correo.py took 0.117 seconds
[2026-07-09T02:22:47.589-0500] {processor.py:161} INFO - Started process (PID=12388) to work on /opt/airflow/dags/dag_monitor_correo.py
[2026-07-09T02:22:47.590-0500] {processor.py:830} INFO - Processing file /opt/airflow/dags/dag_monitor_correo.py for tasks to queue
[2026-07-09T02:22:47.591-0500] {logging_mixin.py:188} INFO - [2026-07-09T02:22:47.591-0500] {dagbag.py:545} INFO - Filling up the DagBag from /opt/airflow/dags/dag_monitor_correo.py
[2026-07-09T02:22:47.618-0500] {processor.py:840} INFO - DAG(s) 'aerotrack_travel_monitor_correo' retrieved from /opt/airflow/dags/dag_monitor_correo.py
[2026-07-09T02:22:47.645-0500] {logging_mixin.py:188} INFO - [2026-07-09T02:22:47.645-0500] {dag.py:3089} INFO - Sync 1 DAGs
[2026-07-09T02:22:47.655-0500] {logging_mixin.py:188} INFO - [2026-07-09T02:22:47.654-0500] {dag.py:3947} INFO - Setting next_dagrun for aerotrack_travel_monitor_correo to None, run_after=None
[2026-07-09T02:22:47.670-0500] {processor.py:183} INFO - Processing /opt/airflow/dags/dag_monitor_correo.py took 0.086 seconds
[2026-07-09T02:23:18.386-0500] {processor.py:161} INFO - Started process (PID=12415) to work on /opt/airflow/dags/dag_monitor_correo.py
[2026-07-09T02:23:18.387-0500] {processor.py:830} INFO - Processing file /opt/airflow/dags/dag_monitor_correo.py for tasks to queue
[2026-07-09T02:23:18.389-0500] {logging_mixin.py:188} INFO - [2026-07-09T02:23:18.388-0500] {dagbag.py:545} INFO - Filling up the DagBag from /opt/airflow/dags/dag_monitor_correo.py
[2026-07-09T02:23:18.419-0500] {processor.py:840} INFO - DAG(s) 'aerotrack_travel_monitor_correo' retrieved from /opt/airflow/dags/dag_monitor_correo.py
[2026-07-09T02:23:18.453-0500] {logging_mixin.py:188} INFO - [2026-07-09T02:23:18.452-0500] {dag.py:3089} INFO - Sync 1 DAGs
[2026-07-09T02:23:18.463-0500] {logging_mixin.py:188} INFO - [2026-07-09T02:23:18.463-0500] {dag.py:3947} INFO - Setting next_dagrun for aerotrack_travel_monitor_correo to None, run_after=None
[2026-07-09T02:23:18.480-0500] {processor.py:183} INFO - Processing /opt/airflow/dags/dag_monitor_correo.py took 0.098 seconds
[2026-07-09T02:23:49.147-0500] {processor.py:161} INFO - Started process (PID=12442) to work on /opt/airflow/dags/dag_monitor_correo.py
[2026-07-09T02:23:49.148-0500] {processor.py:830} INFO - Processing file /opt/airflow/dags/dag_monitor_correo.py for tasks to queue
[2026-07-09T02:23:49.150-0500] {logging_mixin.py:188} INFO - [2026-07-09T02:23:49.149-0500] {dagbag.py:545} INFO - Filling up the DagBag from /opt/airflow/dags/dag_monitor_correo.py
[2026-07-09T02:23:49.176-0500] {processor.py:840} INFO - DAG(s) 'aerotrack_travel_monitor_correo' retrieved from /opt/airflow/dags/dag_monitor_correo.py
[2026-07-09T02:23:49.204-0500] {logging_mixin.py:188} INFO - [2026-07-09T02:23:49.203-0500] {dag.py:3089} INFO - Sync 1 DAGs
[2026-07-09T02:23:49.215-0500] {logging_mixin.py:188} INFO - [2026-07-09T02:23:49.215-0500] {dag.py:3947} INFO - Setting next_dagrun for aerotrack_travel_monitor_correo to None, run_after=None
[2026-07-09T02:23:49.230-0500] {processor.py:183} INFO - Processing /opt/airflow/dags/dag_monitor_correo.py took 0.087 seconds
[2026-07-09T02:24:20.031-0500] {processor.py:161} INFO - Started process (PID=12469) to work on /opt/airflow/dags/dag_monitor_correo.py
[2026-07-09T02:24:20.031-0500] {processor.py:830} INFO - Processing file /opt/airflow/dags/dag_monitor_correo.py for tasks to queue
[2026-07-09T02:24:20.033-0500] {logging_mixin.py:188} INFO - [2026-07-09T02:24:20.033-0500] {dagbag.py:545} INFO - Filling up the DagBag from /opt/airflow/dags/dag_monitor_correo.py
[2026-07-09T02:24:20.073-0500] {processor.py:840} INFO - DAG(s) 'aerotrack_travel_monitor_correo' retrieved from /opt/airflow/dags/dag_monitor_correo.py
[2026-07-09T02:24:20.106-0500] {logging_mixin.py:188} INFO - [2026-07-09T02:24:20.106-0500] {dag.py:3089} INFO - Sync 1 DAGs
[2026-07-09T02:24:20.117-0500] {logging_mixin.py:188} INFO - [2026-07-09T02:24:20.117-0500] {dag.py:3947} INFO - Setting next_dagrun for aerotrack_travel_monitor_correo to None, run_after=None
[2026-07-09T02:24:20.134-0500] {processor.py:183} INFO - Processing /opt/airflow/dags/dag_monitor_correo.py took 0.108 seconds
[2026-07-09T02:24:50.945-0500] {processor.py:161} INFO - Started process (PID=12496) to work on /opt/airflow/dags/dag_monitor_correo.py
[2026-07-09T02:24:50.947-0500] {processor.py:830} INFO - Processing file /opt/airflow/dags/dag_monitor_correo.py for tasks to queue
[2026-07-09T02:24:50.952-0500] {logging_mixin.py:188} INFO - [2026-07-09T02:24:50.950-0500] {dagbag.py:545} INFO - Filling up the DagBag from /opt/airflow/dags/dag_monitor_correo.py
[2026-07-09T02:24:51.022-0500] {processor.py:840} INFO - DAG(s) 'aerotrack_travel_monitor_correo' retrieved from /opt/airflow/dags/dag_monitor_correo.py
[2026-07-09T02:24:51.077-0500] {logging_mixin.py:188} INFO - [2026-07-09T02:24:51.077-0500] {dag.py:3089} INFO - Sync 1 DAGs
[2026-07-09T02:24:51.090-0500] {logging_mixin.py:188} INFO - [2026-07-09T02:24:51.090-0500] {dag.py:3947} INFO - Setting next_dagrun for aerotrack_travel_monitor_correo to None, run_after=None
[2026-07-09T02:24:51.113-0500] {processor.py:183} INFO - Processing /opt/airflow/dags/dag_monitor_correo.py took 0.181 seconds
[2026-07-09T02:25:22.087-0500] {processor.py:161} INFO - Started process (PID=12523) to work on /opt/airflow/dags/dag_monitor_correo.py
[2026-07-09T02:25:22.088-0500] {processor.py:830} INFO - Processing file /opt/airflow/dags/dag_monitor_correo.py for tasks to queue
[2026-07-09T02:25:22.090-0500] {logging_mixin.py:188} INFO - [2026-07-09T02:25:22.090-0500] {dagbag.py:545} INFO - Filling up the DagBag from /opt/airflow/dags/dag_monitor_correo.py
[2026-07-09T02:25:22.170-0500] {processor.py:840} INFO - DAG(s) 'aerotrack_travel_monitor_correo' retrieved from /opt/airflow/dags/dag_monitor_correo.py
[2026-07-09T02:25:22.222-0500] {logging_mixin.py:188} INFO - [2026-07-09T02:25:22.221-0500] {dag.py:3089} INFO - Sync 1 DAGs
[2026-07-09T02:25:22.244-0500] {logging_mixin.py:188} INFO - [2026-07-09T02:25:22.244-0500] {dag.py:3947} INFO - Setting next_dagrun for aerotrack_travel_monitor_correo to None, run_after=None
[2026-07-09T02:25:22.281-0500] {processor.py:183} INFO - Processing /opt/airflow/dags/dag_monitor_correo.py took 0.201 seconds
[2026-07-09T02:25:53.167-0500] {processor.py:161} INFO - Started process (PID=12550) to work on /opt/airflow/dags/dag_monitor_correo.py
[2026-07-09T02:25:53.168-0500] {processor.py:830} INFO - Processing file /opt/airflow/dags/dag_monitor_correo.py for tasks to queue
[2026-07-09T02:25:53.170-0500] {logging_mixin.py:188} INFO - [2026-07-09T02:25:53.169-0500] {dagbag.py:545} INFO - Filling up the DagBag from /opt/airflow/dags/dag_monitor_correo.py
[2026-07-09T02:25:53.212-0500] {processor.py:840} INFO - DAG(s) 'aerotrack_travel_monitor_correo' retrieved from /opt/airflow/dags/dag_monitor_correo.py
[2026-07-09T02:25:53.246-0500] {logging_mixin.py:188} INFO - [2026-07-09T02:25:53.246-0500] {dag.py:3089} INFO - Sync 1 DAGs
[2026-07-09T02:25:53.258-0500] {logging_mixin.py:188} INFO - [2026-07-09T02:25:53.258-0500] {dag.py:3947} INFO - Setting next_dagrun for aerotrack_travel_monitor_correo to None, run_after=None
[2026-07-09T02:25:53.276-0500] {processor.py:183} INFO - Processing /opt/airflow/dags/dag_monitor_correo.py took 0.113 seconds
[2026-07-09T02:26:24.130-0500] {processor.py:161} INFO - Started process (PID=12577) to work on /opt/airflow/dags/dag_monitor_correo.py
[2026-07-09T02:26:24.131-0500] {processor.py:830} INFO - Processing file /opt/airflow/dags/dag_monitor_correo.py for tasks to queue
[2026-07-09T02:26:24.133-0500] {logging_mixin.py:188} INFO - [2026-07-09T02:26:24.133-0500] {dagbag.py:545} INFO - Filling up the DagBag from /opt/airflow/dags/dag_monitor_correo.py
[2026-07-09T02:26:24.175-0500] {processor.py:840} INFO - DAG(s) 'aerotrack_travel_monitor_correo' retrieved from /opt/airflow/dags/dag_monitor_correo.py
[2026-07-09T02:26:24.210-0500] {logging_mixin.py:188} INFO - [2026-07-09T02:26:24.210-0500] {dag.py:3089} INFO - Sync 1 DAGs
[2026-07-09T02:26:24.223-0500] {logging_mixin.py:188} INFO - [2026-07-09T02:26:24.223-0500] {dag.py:3947} INFO - Setting next_dagrun for aerotrack_travel_monitor_correo to None, run_after=None
[2026-07-09T02:26:24.242-0500] {processor.py:183} INFO - Processing /opt/airflow/dags/dag_monitor_correo.py took 0.117 seconds
[2026-07-09T02:26:54.962-0500] {processor.py:161} INFO - Started process (PID=12604) to work on /opt/airflow/dags/dag_monitor_correo.py
[2026-07-09T02:26:54.963-0500] {processor.py:830} INFO - Processing file /opt/airflow/dags/dag_monitor_correo.py for tasks to queue
[2026-07-09T02:26:54.964-0500] {logging_mixin.py:188} INFO - [2026-07-09T02:26:54.964-0500] {dagbag.py:545} INFO - Filling up the DagBag from /opt/airflow/dags/dag_monitor_correo.py
[2026-07-09T02:26:54.997-0500] {processor.py:840} INFO - DAG(s) 'aerotrack_travel_monitor_correo' retrieved from /opt/airflow/dags/dag_monitor_correo.py
[2026-07-09T02:26:55.032-0500] {logging_mixin.py:188} INFO - [2026-07-09T02:26:55.032-0500] {dag.py:3089} INFO - Sync 1 DAGs
[2026-07-09T02:26:55.043-0500] {logging_mixin.py:188} INFO - [2026-07-09T02:26:55.043-0500] {dag.py:3947} INFO - Setting next_dagrun for aerotrack_travel_monitor_correo to None, run_after=None
[2026-07-09T02:26:55.111-0500] {processor.py:183} INFO - Processing /opt/airflow/dags/dag_monitor_correo.py took 0.154 seconds
[2026-07-09T02:27:25.781-0500] {processor.py:161} INFO - Started process (PID=12631) to work on /opt/airflow/dags/dag_monitor_correo.py
[2026-07-09T02:27:25.782-0500] {processor.py:830} INFO - Processing file /opt/airflow/dags/dag_monitor_correo.py for tasks to queue
[2026-07-09T02:27:25.783-0500] {logging_mixin.py:188} INFO - [2026-07-09T02:27:25.783-0500] {dagbag.py:545} INFO - Filling up the DagBag from /opt/airflow/dags/dag_monitor_correo.py
[2026-07-09T02:27:25.816-0500] {processor.py:840} INFO - DAG(s) 'aerotrack_travel_monitor_correo' retrieved from /opt/airflow/dags/dag_monitor_correo.py
[2026-07-09T02:27:25.844-0500] {logging_mixin.py:188} INFO - [2026-07-09T02:27:25.843-0500] {dag.py:3089} INFO - Sync 1 DAGs
[2026-07-09T02:27:25.854-0500] {logging_mixin.py:188} INFO - [2026-07-09T02:27:25.854-0500] {dag.py:3947} INFO - Setting next_dagrun for aerotrack_travel_monitor_correo to None, run_after=None
[2026-07-09T02:27:25.883-0500] {processor.py:183} INFO - Processing /opt/airflow/dags/dag_monitor_correo.py took 0.107 seconds
[2026-07-09T02:27:56.560-0500] {processor.py:161} INFO - Started process (PID=12658) to work on /opt/airflow/dags/dag_monitor_correo.py
[2026-07-09T02:27:56.561-0500] {processor.py:830} INFO - Processing file /opt/airflow/dags/dag_monitor_correo.py for tasks to queue
[2026-07-09T02:27:56.562-0500] {logging_mixin.py:188} INFO - [2026-07-09T02:27:56.562-0500] {dagbag.py:545} INFO - Filling up the DagBag from /opt/airflow/dags/dag_monitor_correo.py
[2026-07-09T02:27:56.597-0500] {processor.py:840} INFO - DAG(s) 'aerotrack_travel_monitor_correo' retrieved from /opt/airflow/dags/dag_monitor_correo.py
[2026-07-09T02:27:56.628-0500] {logging_mixin.py:188} INFO - [2026-07-09T02:27:56.628-0500] {dag.py:3089} INFO - Sync 1 DAGs
[2026-07-09T02:27:56.640-0500] {logging_mixin.py:188} INFO - [2026-07-09T02:27:56.640-0500] {dag.py:3947} INFO - Setting next_dagrun for aerotrack_travel_monitor_correo to None, run_after=None
[2026-07-09T02:27:56.656-0500] {processor.py:183} INFO - Processing /opt/airflow/dags/dag_monitor_correo.py took 0.101 seconds
[2026-07-09T02:28:27.496-0500] {processor.py:161} INFO - Started process (PID=12685) to work on /opt/airflow/dags/dag_monitor_correo.py
[2026-07-09T02:28:27.498-0500] {processor.py:830} INFO - Processing file /opt/airflow/dags/dag_monitor_correo.py for tasks to queue
[2026-07-09T02:28:27.500-0500] {logging_mixin.py:188} INFO - [2026-07-09T02:28:27.500-0500] {dagbag.py:545} INFO - Filling up the DagBag from /opt/airflow/dags/dag_monitor_correo.py
[2026-07-09T02:28:27.548-0500] {processor.py:840} INFO - DAG(s) 'aerotrack_travel_monitor_correo' retrieved from /opt/airflow/dags/dag_monitor_correo.py
[2026-07-09T02:28:27.585-0500] {logging_mixin.py:188} INFO - [2026-07-09T02:28:27.585-0500] {dag.py:3089} INFO - Sync 1 DAGs
[2026-07-09T02:28:27.597-0500] {logging_mixin.py:188} INFO - [2026-07-09T02:28:27.596-0500] {dag.py:3947} INFO - Setting next_dagrun for aerotrack_travel_monitor_correo to None, run_after=None
[2026-07-09T02:28:27.677-0500] {processor.py:183} INFO - Processing /opt/airflow/dags/dag_monitor_correo.py took 0.186 seconds
[2026-07-09T02:28:58.296-0500] {processor.py:161} INFO - Started process (PID=12712) to work on /opt/airflow/dags/dag_monitor_correo.py
[2026-07-09T02:28:58.297-0500] {processor.py:830} INFO - Processing file /opt/airflow/dags/dag_monitor_correo.py for tasks to queue
[2026-07-09T02:28:58.299-0500] {logging_mixin.py:188} INFO - [2026-07-09T02:28:58.298-0500] {dagbag.py:545} INFO - Filling up the DagBag from /opt/airflow/dags/dag_monitor_correo.py
[2026-07-09T02:28:58.337-0500] {processor.py:840} INFO - DAG(s) 'aerotrack_travel_monitor_correo' retrieved from /opt/airflow/dags/dag_monitor_correo.py
[2026-07-09T02:28:58.367-0500] {logging_mixin.py:188} INFO - [2026-07-09T02:28:58.367-0500] {dag.py:3089} INFO - Sync 1 DAGs
[2026-07-09T02:28:58.377-0500] {logging_mixin.py:188} INFO - [2026-07-09T02:28:58.377-0500] {dag.py:3947} INFO - Setting next_dagrun for aerotrack_travel_monitor_correo to None, run_after=None
[2026-07-09T02:28:58.436-0500] {processor.py:183} INFO - Processing /opt/airflow/dags/dag_monitor_correo.py took 0.145 seconds
[2026-07-09T02:29:29.206-0500] {processor.py:161} INFO - Started process (PID=12739) to work on /opt/airflow/dags/dag_monitor_correo.py
[2026-07-09T02:29:29.207-0500] {processor.py:830} INFO - Processing file /opt/airflow/dags/dag_monitor_correo.py for tasks to queue
[2026-07-09T02:29:29.209-0500] {logging_mixin.py:188} INFO - [2026-07-09T02:29:29.208-0500] {dagbag.py:545} INFO - Filling up the DagBag from /opt/airflow/dags/dag_monitor_correo.py
[2026-07-09T02:29:29.277-0500] {processor.py:840} INFO - DAG(s) 'aerotrack_travel_monitor_correo' retrieved from /opt/airflow/dags/dag_monitor_correo.py
[2026-07-09T02:29:29.310-0500] {logging_mixin.py:188} INFO - [2026-07-09T02:29:29.310-0500] {dag.py:3089} INFO - Sync 1 DAGs
[2026-07-09T02:29:29.321-0500] {logging_mixin.py:188} INFO - [2026-07-09T02:29:29.321-0500] {dag.py:3947} INFO - Setting next_dagrun for aerotrack_travel_monitor_correo to None, run_after=None
[2026-07-09T02:29:29.339-0500] {processor.py:183} INFO - Processing /opt/airflow/dags/dag_monitor_correo.py took 0.139 seconds
[2026-07-09T02:30:00.320-0500] {processor.py:161} INFO - Started process (PID=12766) to work on /opt/airflow/dags/dag_monitor_correo.py
[2026-07-09T02:30:00.320-0500] {processor.py:830} INFO - Processing file /opt/airflow/dags/dag_monitor_correo.py for tasks to queue
[2026-07-09T02:30:00.322-0500] {logging_mixin.py:188} INFO - [2026-07-09T02:30:00.322-0500] {dagbag.py:545} INFO - Filling up the DagBag from /opt/airflow/dags/dag_monitor_correo.py
[2026-07-09T02:30:00.351-0500] {processor.py:840} INFO - DAG(s) 'aerotrack_travel_monitor_correo' retrieved from /opt/airflow/dags/dag_monitor_correo.py
[2026-07-09T02:30:00.383-0500] {logging_mixin.py:188} INFO - [2026-07-09T02:30:00.382-0500] {dag.py:3089} INFO - Sync 1 DAGs
[2026-07-09T02:30:00.395-0500] {logging_mixin.py:188} INFO - [2026-07-09T02:30:00.395-0500] {dag.py:3947} INFO - Setting next_dagrun for aerotrack_travel_monitor_correo to None, run_after=None
[2026-07-09T02:30:00.417-0500] {processor.py:183} INFO - Processing /opt/airflow/dags/dag_monitor_correo.py took 0.102 seconds
[2026-07-09T02:30:31.172-0500] {processor.py:161} INFO - Started process (PID=12793) to work on /opt/airflow/dags/dag_monitor_correo.py
[2026-07-09T02:30:31.173-0500] {processor.py:830} INFO - Processing file /opt/airflow/dags/dag_monitor_correo.py for tasks to queue
[2026-07-09T02:30:31.174-0500] {logging_mixin.py:188} INFO - [2026-07-09T02:30:31.174-0500] {dagbag.py:545} INFO - Filling up the DagBag from /opt/airflow/dags/dag_monitor_correo.py
[2026-07-09T02:30:31.204-0500] {processor.py:840} INFO - DAG(s) 'aerotrack_travel_monitor_correo' retrieved from /opt/airflow/dags/dag_monitor_correo.py
[2026-07-09T02:30:31.234-0500] {logging_mixin.py:188} INFO - [2026-07-09T02:30:31.234-0500] {dag.py:3089} INFO - Sync 1 DAGs
[2026-07-09T02:30:31.246-0500] {logging_mixin.py:188} INFO - [2026-07-09T02:30:31.245-0500] {dag.py:3947} INFO - Setting next_dagrun for aerotrack_travel_monitor_correo to None, run_after=None
[2026-07-09T02:30:31.265-0500] {processor.py:183} INFO - Processing /opt/airflow/dags/dag_monitor_correo.py took 0.097 seconds
[2026-07-09T02:31:02.041-0500] {processor.py:161} INFO - Started process (PID=12820) to work on /opt/airflow/dags/dag_monitor_correo.py
[2026-07-09T02:31:02.042-0500] {processor.py:830} INFO - Processing file /opt/airflow/dags/dag_monitor_correo.py for tasks to queue
[2026-07-09T02:31:02.044-0500] {logging_mixin.py:188} INFO - [2026-07-09T02:31:02.043-0500] {dagbag.py:545} INFO - Filling up the DagBag from /opt/airflow/dags/dag_monitor_correo.py
[2026-07-09T02:31:02.081-0500] {processor.py:840} INFO - DAG(s) 'aerotrack_travel_monitor_correo' retrieved from /opt/airflow/dags/dag_monitor_correo.py
[2026-07-09T02:31:02.112-0500] {logging_mixin.py:188} INFO - [2026-07-09T02:31:02.112-0500] {dag.py:3089} INFO - Sync 1 DAGs
[2026-07-09T02:31:02.125-0500] {logging_mixin.py:188} INFO - [2026-07-09T02:31:02.125-0500] {dag.py:3947} INFO - Setting next_dagrun for aerotrack_travel_monitor_correo to None, run_after=None
[2026-07-09T02:31:02.142-0500] {processor.py:183} INFO - Processing /opt/airflow/dags/dag_monitor_correo.py took 0.105 seconds
[2026-07-09T02:31:33.127-0500] {processor.py:161} INFO - Started process (PID=12847) to work on /opt/airflow/dags/dag_monitor_correo.py
[2026-07-09T02:31:33.128-0500] {processor.py:830} INFO - Processing file /opt/airflow/dags/dag_monitor_correo.py for tasks to queue
[2026-07-09T02:31:33.129-0500] {logging_mixin.py:188} INFO - [2026-07-09T02:31:33.129-0500] {dagbag.py:545} INFO - Filling up the DagBag from /opt/airflow/dags/dag_monitor_correo.py
[2026-07-09T02:31:33.180-0500] {processor.py:840} INFO - DAG(s) 'aerotrack_travel_monitor_correo' retrieved from /opt/airflow/dags/dag_monitor_correo.py
[2026-07-09T02:31:33.217-0500] {logging_mixin.py:188} INFO - [2026-07-09T02:31:33.216-0500] {dag.py:3089} INFO - Sync 1 DAGs
[2026-07-09T02:31:33.235-0500] {logging_mixin.py:188} INFO - [2026-07-09T02:31:33.234-0500] {dag.py:3947} INFO - Setting next_dagrun for aerotrack_travel_monitor_correo to None, run_after=None
[2026-07-09T02:31:33.255-0500] {processor.py:183} INFO - Processing /opt/airflow/dags/dag_monitor_correo.py took 0.134 seconds
[2026-07-09T02:32:03.922-0500] {processor.py:161} INFO - Started process (PID=12874) to work on /opt/airflow/dags/dag_monitor_correo.py
[2026-07-09T02:32:03.923-0500] {processor.py:830} INFO - Processing file /opt/airflow/dags/dag_monitor_correo.py for tasks to queue
[2026-07-09T02:32:03.924-0500] {logging_mixin.py:188} INFO - [2026-07-09T02:32:03.924-0500] {dagbag.py:545} INFO - Filling up the DagBag from /opt/airflow/dags/dag_monitor_correo.py
[2026-07-09T02:32:03.968-0500] {processor.py:840} INFO - DAG(s) 'aerotrack_travel_monitor_correo' retrieved from /opt/airflow/dags/dag_monitor_correo.py
[2026-07-09T02:32:03.999-0500] {logging_mixin.py:188} INFO - [2026-07-09T02:32:03.999-0500] {dag.py:3089} INFO - Sync 1 DAGs
[2026-07-09T02:32:04.011-0500] {logging_mixin.py:188} INFO - [2026-07-09T02:32:04.011-0500] {dag.py:3947} INFO - Setting next_dagrun for aerotrack_travel_monitor_correo to None, run_after=None
[2026-07-09T02:32:04.027-0500] {processor.py:183} INFO - Processing /opt/airflow/dags/dag_monitor_correo.py took 0.110 seconds
[2026-07-09T02:32:34.772-0500] {processor.py:161} INFO - Started process (PID=12901) to work on /opt/airflow/dags/dag_monitor_correo.py
[2026-07-09T02:32:34.773-0500] {processor.py:830} INFO - Processing file /opt/airflow/dags/dag_monitor_correo.py for tasks to queue
[2026-07-09T02:32:34.775-0500] {logging_mixin.py:188} INFO - [2026-07-09T02:32:34.775-0500] {dagbag.py:545} INFO - Filling up the DagBag from /opt/airflow/dags/dag_monitor_correo.py
[2026-07-09T02:32:34.818-0500] {processor.py:840} INFO - DAG(s) 'aerotrack_travel_monitor_correo' retrieved from /opt/airflow/dags/dag_monitor_correo.py
[2026-07-09T02:32:34.853-0500] {logging_mixin.py:188} INFO - [2026-07-09T02:32:34.853-0500] {dag.py:3089} INFO - Sync 1 DAGs
[2026-07-09T02:32:34.865-0500] {logging_mixin.py:188} INFO - [2026-07-09T02:32:34.865-0500] {dag.py:3947} INFO - Setting next_dagrun for aerotrack_travel_monitor_correo to None, run_after=None
[2026-07-09T02:32:34.884-0500] {processor.py:183} INFO - Processing /opt/airflow/dags/dag_monitor_correo.py took 0.116 seconds
[2026-07-09T02:33:05.582-0500] {processor.py:161} INFO - Started process (PID=12928) to work on /opt/airflow/dags/dag_monitor_correo.py
[2026-07-09T02:33:05.583-0500] {processor.py:830} INFO - Processing file /opt/airflow/dags/dag_monitor_correo.py for tasks to queue
[2026-07-09T02:33:05.585-0500] {logging_mixin.py:188} INFO - [2026-07-09T02:33:05.585-0500] {dagbag.py:545} INFO - Filling up the DagBag from /opt/airflow/dags/dag_monitor_correo.py
[2026-07-09T02:33:05.619-0500] {processor.py:840} INFO - DAG(s) 'aerotrack_travel_monitor_correo' retrieved from /opt/airflow/dags/dag_monitor_correo.py
[2026-07-09T02:33:05.654-0500] {logging_mixin.py:188} INFO - [2026-07-09T02:33:05.653-0500] {dag.py:3089} INFO - Sync 1 DAGs
[2026-07-09T02:33:05.666-0500] {logging_mixin.py:188} INFO - [2026-07-09T02:33:05.665-0500] {dag.py:3947} INFO - Setting next_dagrun for aerotrack_travel_monitor_correo to None, run_after=None
[2026-07-09T02:33:05.684-0500] {processor.py:183} INFO - Processing /opt/airflow/dags/dag_monitor_correo.py took 0.107 seconds
[2026-07-09T02:33:36.364-0500] {processor.py:161} INFO - Started process (PID=12955) to work on /opt/airflow/dags/dag_monitor_correo.py
[2026-07-09T02:33:36.364-0500] {processor.py:830} INFO - Processing file /opt/airflow/dags/dag_monitor_correo.py for tasks to queue
[2026-07-09T02:33:36.366-0500] {logging_mixin.py:188} INFO - [2026-07-09T02:33:36.366-0500] {dagbag.py:545} INFO - Filling up the DagBag from /opt/airflow/dags/dag_monitor_correo.py
[2026-07-09T02:33:36.394-0500] {processor.py:840} INFO - DAG(s) 'aerotrack_travel_monitor_correo' retrieved from /opt/airflow/dags/dag_monitor_correo.py
[2026-07-09T02:33:36.421-0500] {logging_mixin.py:188} INFO - [2026-07-09T02:33:36.420-0500] {dag.py:3089} INFO - Sync 1 DAGs
[2026-07-09T02:33:36.431-0500] {logging_mixin.py:188} INFO - [2026-07-09T02:33:36.431-0500] {dag.py:3947} INFO - Setting next_dagrun for aerotrack_travel_monitor_correo to None, run_after=None
[2026-07-09T02:33:36.449-0500] {processor.py:183} INFO - Processing /opt/airflow/dags/dag_monitor_correo.py took 0.090 seconds
[2026-07-09T02:34:07.215-0500] {processor.py:161} INFO - Started process (PID=12982) to work on /opt/airflow/dags/dag_monitor_correo.py
[2026-07-09T02:34:07.215-0500] {processor.py:830} INFO - Processing file /opt/airflow/dags/dag_monitor_correo.py for tasks to queue
[2026-07-09T02:34:07.217-0500] {logging_mixin.py:188} INFO - [2026-07-09T02:34:07.217-0500] {dagbag.py:545} INFO - Filling up the DagBag from /opt/airflow/dags/dag_monitor_correo.py
[2026-07-09T02:34:07.245-0500] {processor.py:840} INFO - DAG(s) 'aerotrack_travel_monitor_correo' retrieved from /opt/airflow/dags/dag_monitor_correo.py
[2026-07-09T02:34:07.274-0500] {logging_mixin.py:188} INFO - [2026-07-09T02:34:07.273-0500] {dag.py:3089} INFO - Sync 1 DAGs
[2026-07-09T02:34:07.285-0500] {logging_mixin.py:188} INFO - [2026-07-09T02:34:07.285-0500] {dag.py:3947} INFO - Setting next_dagrun for aerotrack_travel_monitor_correo to None, run_after=None
[2026-07-09T02:34:07.302-0500] {processor.py:183} INFO - Processing /opt/airflow/dags/dag_monitor_correo.py took 0.092 seconds
[2026-07-09T02:34:38.038-0500] {processor.py:161} INFO - Started process (PID=13009) to work on /opt/airflow/dags/dag_monitor_correo.py
[2026-07-09T02:34:38.039-0500] {processor.py:830} INFO - Processing file /opt/airflow/dags/dag_monitor_correo.py for tasks to queue
[2026-07-09T02:34:38.040-0500] {logging_mixin.py:188} INFO - [2026-07-09T02:34:38.040-0500] {dagbag.py:545} INFO - Filling up the DagBag from /opt/airflow/dags/dag_monitor_correo.py
[2026-07-09T02:34:38.078-0500] {processor.py:840} INFO - DAG(s) 'aerotrack_travel_monitor_correo' retrieved from /opt/airflow/dags/dag_monitor_correo.py
[2026-07-09T02:34:38.107-0500] {logging_mixin.py:188} INFO - [2026-07-09T02:34:38.107-0500] {dag.py:3089} INFO - Sync 1 DAGs
[2026-07-09T02:34:38.119-0500] {logging_mixin.py:188} INFO - [2026-07-09T02:34:38.118-0500] {dag.py:3947} INFO - Setting next_dagrun for aerotrack_travel_monitor_correo to None, run_after=None
[2026-07-09T02:34:38.135-0500] {processor.py:183} INFO - Processing /opt/airflow/dags/dag_monitor_correo.py took 0.101 seconds
[2026-07-09T02:35:08.851-0500] {processor.py:161} INFO - Started process (PID=13036) to work on /opt/airflow/dags/dag_monitor_correo.py
[2026-07-09T02:35:08.852-0500] {processor.py:830} INFO - Processing file /opt/airflow/dags/dag_monitor_correo.py for tasks to queue
[2026-07-09T02:35:08.854-0500] {logging_mixin.py:188} INFO - [2026-07-09T02:35:08.853-0500] {dagbag.py:545} INFO - Filling up the DagBag from /opt/airflow/dags/dag_monitor_correo.py
[2026-07-09T02:35:08.887-0500] {processor.py:840} INFO - DAG(s) 'aerotrack_travel_monitor_correo' retrieved from /opt/airflow/dags/dag_monitor_correo.py
[2026-07-09T02:35:08.915-0500] {logging_mixin.py:188} INFO - [2026-07-09T02:35:08.915-0500] {dag.py:3089} INFO - Sync 1 DAGs
[2026-07-09T02:35:08.927-0500] {logging_mixin.py:188} INFO - [2026-07-09T02:35:08.926-0500] {dag.py:3947} INFO - Setting next_dagrun for aerotrack_travel_monitor_correo to None, run_after=None
[2026-07-09T02:35:08.943-0500] {processor.py:183} INFO - Processing /opt/airflow/dags/dag_monitor_correo.py took 0.096 seconds
[2026-07-09T02:35:39.750-0500] {processor.py:161} INFO - Started process (PID=13063) to work on /opt/airflow/dags/dag_monitor_correo.py
[2026-07-09T02:35:39.751-0500] {processor.py:830} INFO - Processing file /opt/airflow/dags/dag_monitor_correo.py for tasks to queue
[2026-07-09T02:35:39.753-0500] {logging_mixin.py:188} INFO - [2026-07-09T02:35:39.752-0500] {dagbag.py:545} INFO - Filling up the DagBag from /opt/airflow/dags/dag_monitor_correo.py
[2026-07-09T02:35:39.793-0500] {processor.py:840} INFO - DAG(s) 'aerotrack_travel_monitor_correo' retrieved from /opt/airflow/dags/dag_monitor_correo.py
[2026-07-09T02:35:39.824-0500] {logging_mixin.py:188} INFO - [2026-07-09T02:35:39.824-0500] {dag.py:3089} INFO - Sync 1 DAGs
[2026-07-09T02:35:39.834-0500] {logging_mixin.py:188} INFO - [2026-07-09T02:35:39.834-0500] {dag.py:3947} INFO - Setting next_dagrun for aerotrack_travel_monitor_correo to None, run_after=None
[2026-07-09T02:35:39.852-0500] {processor.py:183} INFO - Processing /opt/airflow/dags/dag_monitor_correo.py took 0.107 seconds
[2026-07-09T02:36:10.543-0500] {processor.py:161} INFO - Started process (PID=13090) to work on /opt/airflow/dags/dag_monitor_correo.py
[2026-07-09T02:36:10.544-0500] {processor.py:830} INFO - Processing file /opt/airflow/dags/dag_monitor_correo.py for tasks to queue
[2026-07-09T02:36:10.546-0500] {logging_mixin.py:188} INFO - [2026-07-09T02:36:10.545-0500] {dagbag.py:545} INFO - Filling up the DagBag from /opt/airflow/dags/dag_monitor_correo.py
[2026-07-09T02:36:10.577-0500] {processor.py:840} INFO - DAG(s) 'aerotrack_travel_monitor_correo' retrieved from /opt/airflow/dags/dag_monitor_correo.py
[2026-07-09T02:36:10.608-0500] {logging_mixin.py:188} INFO - [2026-07-09T02:36:10.607-0500] {dag.py:3089} INFO - Sync 1 DAGs
[2026-07-09T02:36:10.618-0500] {logging_mixin.py:188} INFO - [2026-07-09T02:36:10.618-0500] {dag.py:3947} INFO - Setting next_dagrun for aerotrack_travel_monitor_correo to None, run_after=None
[2026-07-09T02:36:10.635-0500] {processor.py:183} INFO - Processing /opt/airflow/dags/dag_monitor_correo.py took 0.096 seconds
[2026-07-09T02:36:41.416-0500] {processor.py:161} INFO - Started process (PID=13117) to work on /opt/airflow/dags/dag_monitor_correo.py
[2026-07-09T02:36:41.417-0500] {processor.py:830} INFO - Processing file /opt/airflow/dags/dag_monitor_correo.py for tasks to queue
[2026-07-09T02:36:41.420-0500] {logging_mixin.py:188} INFO - [2026-07-09T02:36:41.419-0500] {dagbag.py:545} INFO - Filling up the DagBag from /opt/airflow/dags/dag_monitor_correo.py
[2026-07-09T02:36:41.466-0500] {processor.py:840} INFO - DAG(s) 'aerotrack_travel_monitor_correo' retrieved from /opt/airflow/dags/dag_monitor_correo.py
[2026-07-09T02:36:41.504-0500] {logging_mixin.py:188} INFO - [2026-07-09T02:36:41.504-0500] {dag.py:3089} INFO - Sync 1 DAGs
[2026-07-09T02:36:41.516-0500] {logging_mixin.py:188} INFO - [2026-07-09T02:36:41.516-0500] {dag.py:3947} INFO - Setting next_dagrun for aerotrack_travel_monitor_correo to None, run_after=None
[2026-07-09T02:36:41.539-0500] {processor.py:183} INFO - Processing /opt/airflow/dags/dag_monitor_correo.py took 0.128 seconds
[2026-07-09T02:37:12.245-0500] {processor.py:161} INFO - Started process (PID=13144) to work on /opt/airflow/dags/dag_monitor_correo.py
[2026-07-09T02:37:12.246-0500] {processor.py:830} INFO - Processing file /opt/airflow/dags/dag_monitor_correo.py for tasks to queue
[2026-07-09T02:37:12.248-0500] {logging_mixin.py:188} INFO - [2026-07-09T02:37:12.248-0500] {dagbag.py:545} INFO - Filling up the DagBag from /opt/airflow/dags/dag_monitor_correo.py
[2026-07-09T02:37:12.283-0500] {processor.py:840} INFO - DAG(s) 'aerotrack_travel_monitor_correo' retrieved from /opt/airflow/dags/dag_monitor_correo.py
[2026-07-09T02:37:12.311-0500] {logging_mixin.py:188} INFO - [2026-07-09T02:37:12.311-0500] {dag.py:3089} INFO - Sync 1 DAGs
[2026-07-09T02:37:12.321-0500] {logging_mixin.py:188} INFO - [2026-07-09T02:37:12.321-0500] {dag.py:3947} INFO - Setting next_dagrun for aerotrack_travel_monitor_correo to None, run_after=None
[2026-07-09T02:37:12.337-0500] {processor.py:183} INFO - Processing /opt/airflow/dags/dag_monitor_correo.py took 0.096 seconds
[2026-07-09T02:37:43.094-0500] {processor.py:161} INFO - Started process (PID=13171) to work on /opt/airflow/dags/dag_monitor_correo.py
[2026-07-09T02:37:43.096-0500] {processor.py:830} INFO - Processing file /opt/airflow/dags/dag_monitor_correo.py for tasks to queue
[2026-07-09T02:37:43.098-0500] {logging_mixin.py:188} INFO - [2026-07-09T02:37:43.097-0500] {dagbag.py:545} INFO - Filling up the DagBag from /opt/airflow/dags/dag_monitor_correo.py
[2026-07-09T02:37:43.137-0500] {processor.py:840} INFO - DAG(s) 'aerotrack_travel_monitor_correo' retrieved from /opt/airflow/dags/dag_monitor_correo.py
[2026-07-09T02:37:43.168-0500] {logging_mixin.py:188} INFO - [2026-07-09T02:37:43.168-0500] {dag.py:3089} INFO - Sync 1 DAGs
[2026-07-09T02:37:43.179-0500] {logging_mixin.py:188} INFO - [2026-07-09T02:37:43.179-0500] {dag.py:3947} INFO - Setting next_dagrun for aerotrack_travel_monitor_correo to None, run_after=None
[2026-07-09T02:37:43.196-0500] {processor.py:183} INFO - Processing /opt/airflow/dags/dag_monitor_correo.py took 0.107 seconds
[2026-07-09T02:38:14.093-0500] {processor.py:161} INFO - Started process (PID=13198) to work on /opt/airflow/dags/dag_monitor_correo.py
[2026-07-09T02:38:14.094-0500] {processor.py:830} INFO - Processing file /opt/airflow/dags/dag_monitor_correo.py for tasks to queue
[2026-07-09T02:38:14.096-0500] {logging_mixin.py:188} INFO - [2026-07-09T02:38:14.095-0500] {dagbag.py:545} INFO - Filling up the DagBag from /opt/airflow/dags/dag_monitor_correo.py
[2026-07-09T02:38:14.140-0500] {processor.py:840} INFO - DAG(s) 'aerotrack_travel_monitor_correo' retrieved from /opt/airflow/dags/dag_monitor_correo.py
[2026-07-09T02:38:14.170-0500] {logging_mixin.py:188} INFO - [2026-07-09T02:38:14.170-0500] {dag.py:3089} INFO - Sync 1 DAGs
[2026-07-09T02:38:14.182-0500] {logging_mixin.py:188} INFO - [2026-07-09T02:38:14.181-0500] {dag.py:3947} INFO - Setting next_dagrun for aerotrack_travel_monitor_correo to None, run_after=None
[2026-07-09T02:38:14.198-0500] {processor.py:183} INFO - Processing /opt/airflow/dags/dag_monitor_correo.py took 0.110 seconds
[2026-07-09T02:38:44.930-0500] {processor.py:161} INFO - Started process (PID=13225) to work on /opt/airflow/dags/dag_monitor_correo.py
[2026-07-09T02:38:44.932-0500] {processor.py:830} INFO - Processing file /opt/airflow/dags/dag_monitor_correo.py for tasks to queue
[2026-07-09T02:38:44.933-0500] {logging_mixin.py:188} INFO - [2026-07-09T02:38:44.933-0500] {dagbag.py:545} INFO - Filling up the DagBag from /opt/airflow/dags/dag_monitor_correo.py
[2026-07-09T02:38:44.982-0500] {processor.py:840} INFO - DAG(s) 'aerotrack_travel_monitor_correo' retrieved from /opt/airflow/dags/dag_monitor_correo.py
[2026-07-09T02:38:45.019-0500] {logging_mixin.py:188} INFO - [2026-07-09T02:38:45.019-0500] {dag.py:3089} INFO - Sync 1 DAGs
[2026-07-09T02:38:45.030-0500] {logging_mixin.py:188} INFO - [2026-07-09T02:38:45.030-0500] {dag.py:3947} INFO - Setting next_dagrun for aerotrack_travel_monitor_correo to None, run_after=None
[2026-07-09T02:38:45.050-0500] {processor.py:183} INFO - Processing /opt/airflow/dags/dag_monitor_correo.py took 0.125 seconds
[2026-07-09T02:39:15.733-0500] {processor.py:161} INFO - Started process (PID=13252) to work on /opt/airflow/dags/dag_monitor_correo.py
[2026-07-09T02:39:15.734-0500] {processor.py:830} INFO - Processing file /opt/airflow/dags/dag_monitor_correo.py for tasks to queue
[2026-07-09T02:39:15.736-0500] {logging_mixin.py:188} INFO - [2026-07-09T02:39:15.735-0500] {dagbag.py:545} INFO - Filling up the DagBag from /opt/airflow/dags/dag_monitor_correo.py
[2026-07-09T02:39:15.774-0500] {processor.py:840} INFO - DAG(s) 'aerotrack_travel_monitor_correo' retrieved from /opt/airflow/dags/dag_monitor_correo.py
[2026-07-09T02:39:15.803-0500] {logging_mixin.py:188} INFO - [2026-07-09T02:39:15.803-0500] {dag.py:3089} INFO - Sync 1 DAGs
[2026-07-09T02:39:15.813-0500] {logging_mixin.py:188} INFO - [2026-07-09T02:39:15.813-0500] {dag.py:3947} INFO - Setting next_dagrun for aerotrack_travel_monitor_correo to None, run_after=None
[2026-07-09T02:39:15.828-0500] {processor.py:183} INFO - Processing /opt/airflow/dags/dag_monitor_correo.py took 0.100 seconds
[2026-07-09T02:39:46.584-0500] {processor.py:161} INFO - Started process (PID=13279) to work on /opt/airflow/dags/dag_monitor_correo.py
[2026-07-09T02:39:46.585-0500] {processor.py:830} INFO - Processing file /opt/airflow/dags/dag_monitor_correo.py for tasks to queue
[2026-07-09T02:39:46.587-0500] {logging_mixin.py:188} INFO - [2026-07-09T02:39:46.587-0500] {dagbag.py:545} INFO - Filling up the DagBag from /opt/airflow/dags/dag_monitor_correo.py
[2026-07-09T02:39:46.617-0500] {processor.py:840} INFO - DAG(s) 'aerotrack_travel_monitor_correo' retrieved from /opt/airflow/dags/dag_monitor_correo.py
[2026-07-09T02:39:46.644-0500] {logging_mixin.py:188} INFO - [2026-07-09T02:39:46.644-0500] {dag.py:3089} INFO - Sync 1 DAGs
[2026-07-09T02:39:46.654-0500] {logging_mixin.py:188} INFO - [2026-07-09T02:39:46.654-0500] {dag.py:3947} INFO - Setting next_dagrun for aerotrack_travel_monitor_correo to None, run_after=None
[2026-07-09T02:39:46.670-0500] {processor.py:183} INFO - Processing /opt/airflow/dags/dag_monitor_correo.py took 0.091 seconds
[2026-07-09T02:40:17.437-0500] {processor.py:161} INFO - Started process (PID=13306) to work on /opt/airflow/dags/dag_monitor_correo.py
[2026-07-09T02:40:17.438-0500] {processor.py:830} INFO - Processing file /opt/airflow/dags/dag_monitor_correo.py for tasks to queue
[2026-07-09T02:40:17.440-0500] {logging_mixin.py:188} INFO - [2026-07-09T02:40:17.439-0500] {dagbag.py:545} INFO - Filling up the DagBag from /opt/airflow/dags/dag_monitor_correo.py
[2026-07-09T02:40:17.475-0500] {processor.py:840} INFO - DAG(s) 'aerotrack_travel_monitor_correo' retrieved from /opt/airflow/dags/dag_monitor_correo.py
[2026-07-09T02:40:17.502-0500] {logging_mixin.py:188} INFO - [2026-07-09T02:40:17.502-0500] {dag.py:3089} INFO - Sync 1 DAGs
[2026-07-09T02:40:17.512-0500] {logging_mixin.py:188} INFO - [2026-07-09T02:40:17.512-0500] {dag.py:3947} INFO - Setting next_dagrun for aerotrack_travel_monitor_correo to None, run_after=None
[2026-07-09T02:40:17.525-0500] {processor.py:183} INFO - Processing /opt/airflow/dags/dag_monitor_correo.py took 0.093 seconds
[2026-07-09T02:40:48.318-0500] {processor.py:161} INFO - Started process (PID=13333) to work on /opt/airflow/dags/dag_monitor_correo.py
[2026-07-09T02:40:48.319-0500] {processor.py:830} INFO - Processing file /opt/airflow/dags/dag_monitor_correo.py for tasks to queue
[2026-07-09T02:40:48.320-0500] {logging_mixin.py:188} INFO - [2026-07-09T02:40:48.320-0500] {dagbag.py:545} INFO - Filling up the DagBag from /opt/airflow/dags/dag_monitor_correo.py
[2026-07-09T02:40:48.361-0500] {processor.py:840} INFO - DAG(s) 'aerotrack_travel_monitor_correo' retrieved from /opt/airflow/dags/dag_monitor_correo.py
[2026-07-09T02:40:48.396-0500] {logging_mixin.py:188} INFO - [2026-07-09T02:40:48.396-0500] {dag.py:3089} INFO - Sync 1 DAGs
[2026-07-09T02:40:48.407-0500] {logging_mixin.py:188} INFO - [2026-07-09T02:40:48.407-0500] {dag.py:3947} INFO - Setting next_dagrun for aerotrack_travel_monitor_correo to None, run_after=None
[2026-07-09T02:40:48.426-0500] {processor.py:183} INFO - Processing /opt/airflow/dags/dag_monitor_correo.py took 0.114 seconds
[2026-07-09T02:41:19.300-0500] {processor.py:161} INFO - Started process (PID=13360) to work on /opt/airflow/dags/dag_monitor_correo.py
[2026-07-09T02:41:19.301-0500] {processor.py:830} INFO - Processing file /opt/airflow/dags/dag_monitor_correo.py for tasks to queue
[2026-07-09T02:41:19.302-0500] {logging_mixin.py:188} INFO - [2026-07-09T02:41:19.302-0500] {dagbag.py:545} INFO - Filling up the DagBag from /opt/airflow/dags/dag_monitor_correo.py
[2026-07-09T02:41:19.337-0500] {processor.py:840} INFO - DAG(s) 'aerotrack_travel_monitor_correo' retrieved from /opt/airflow/dags/dag_monitor_correo.py
[2026-07-09T02:41:19.366-0500] {logging_mixin.py:188} INFO - [2026-07-09T02:41:19.366-0500] {dag.py:3089} INFO - Sync 1 DAGs
[2026-07-09T02:41:19.375-0500] {logging_mixin.py:188} INFO - [2026-07-09T02:41:19.375-0500] {dag.py:3947} INFO - Setting next_dagrun for aerotrack_travel_monitor_correo to None, run_after=None
[2026-07-09T02:41:19.390-0500] {processor.py:183} INFO - Processing /opt/airflow/dags/dag_monitor_correo.py took 0.095 seconds
[2026-07-09T02:41:50.258-0500] {processor.py:161} INFO - Started process (PID=13387) to work on /opt/airflow/dags/dag_monitor_correo.py
[2026-07-09T02:41:50.259-0500] {processor.py:830} INFO - Processing file /opt/airflow/dags/dag_monitor_correo.py for tasks to queue
[2026-07-09T02:41:50.261-0500] {logging_mixin.py:188} INFO - [2026-07-09T02:41:50.260-0500] {dagbag.py:545} INFO - Filling up the DagBag from /opt/airflow/dags/dag_monitor_correo.py
[2026-07-09T02:41:50.297-0500] {processor.py:840} INFO - DAG(s) 'aerotrack_travel_monitor_correo' retrieved from /opt/airflow/dags/dag_monitor_correo.py
[2026-07-09T02:41:50.328-0500] {logging_mixin.py:188} INFO - [2026-07-09T02:41:50.328-0500] {dag.py:3089} INFO - Sync 1 DAGs
[2026-07-09T02:41:50.339-0500] {logging_mixin.py:188} INFO - [2026-07-09T02:41:50.339-0500] {dag.py:3947} INFO - Setting next_dagrun for aerotrack_travel_monitor_correo to None, run_after=None
[2026-07-09T02:41:50.354-0500] {processor.py:183} INFO - Processing /opt/airflow/dags/dag_monitor_correo.py took 0.100 seconds
[2026-07-09T02:42:21.010-0500] {processor.py:161} INFO - Started process (PID=13414) to work on /opt/airflow/dags/dag_monitor_correo.py
[2026-07-09T02:42:21.011-0500] {processor.py:830} INFO - Processing file /opt/airflow/dags/dag_monitor_correo.py for tasks to queue
[2026-07-09T02:42:21.012-0500] {logging_mixin.py:188} INFO - [2026-07-09T02:42:21.012-0500] {dagbag.py:545} INFO - Filling up the DagBag from /opt/airflow/dags/dag_monitor_correo.py
[2026-07-09T02:42:21.047-0500] {processor.py:840} INFO - DAG(s) 'aerotrack_travel_monitor_correo' retrieved from /opt/airflow/dags/dag_monitor_correo.py
[2026-07-09T02:42:21.073-0500] {logging_mixin.py:188} INFO - [2026-07-09T02:42:21.073-0500] {dag.py:3089} INFO - Sync 1 DAGs
[2026-07-09T02:42:21.083-0500] {logging_mixin.py:188} INFO - [2026-07-09T02:42:21.083-0500] {dag.py:3947} INFO - Setting next_dagrun for aerotrack_travel_monitor_correo to None, run_after=None
[2026-07-09T02:42:21.099-0500] {processor.py:183} INFO - Processing /opt/airflow/dags/dag_monitor_correo.py took 0.093 seconds
[2026-07-09T02:42:51.775-0500] {processor.py:161} INFO - Started process (PID=13441) to work on /opt/airflow/dags/dag_monitor_correo.py
[2026-07-09T02:42:51.776-0500] {processor.py:830} INFO - Processing file /opt/airflow/dags/dag_monitor_correo.py for tasks to queue
[2026-07-09T02:42:51.780-0500] {logging_mixin.py:188} INFO - [2026-07-09T02:42:51.779-0500] {dagbag.py:545} INFO - Filling up the DagBag from /opt/airflow/dags/dag_monitor_correo.py
[2026-07-09T02:42:51.820-0500] {processor.py:840} INFO - DAG(s) 'aerotrack_travel_monitor_correo' retrieved from /opt/airflow/dags/dag_monitor_correo.py
[2026-07-09T02:42:51.856-0500] {logging_mixin.py:188} INFO - [2026-07-09T02:42:51.855-0500] {dag.py:3089} INFO - Sync 1 DAGs
[2026-07-09T02:42:51.866-0500] {logging_mixin.py:188} INFO - [2026-07-09T02:42:51.866-0500] {dag.py:3947} INFO - Setting next_dagrun for aerotrack_travel_monitor_correo to None, run_after=None
[2026-07-09T02:42:51.883-0500] {processor.py:183} INFO - Processing /opt/airflow/dags/dag_monitor_correo.py took 0.115 seconds
[2026-07-09T02:43:22.668-0500] {processor.py:161} INFO - Started process (PID=13468) to work on /opt/airflow/dags/dag_monitor_correo.py
[2026-07-09T02:43:22.669-0500] {processor.py:830} INFO - Processing file /opt/airflow/dags/dag_monitor_correo.py for tasks to queue
[2026-07-09T02:43:22.670-0500] {logging_mixin.py:188} INFO - [2026-07-09T02:43:22.670-0500] {dagbag.py:545} INFO - Filling up the DagBag from /opt/airflow/dags/dag_monitor_correo.py
[2026-07-09T02:43:22.705-0500] {processor.py:840} INFO - DAG(s) 'aerotrack_travel_monitor_correo' retrieved from /opt/airflow/dags/dag_monitor_correo.py
[2026-07-09T02:43:22.739-0500] {logging_mixin.py:188} INFO - [2026-07-09T02:43:22.739-0500] {dag.py:3089} INFO - Sync 1 DAGs
[2026-07-09T02:43:22.749-0500] {logging_mixin.py:188} INFO - [2026-07-09T02:43:22.749-0500] {dag.py:3947} INFO - Setting next_dagrun for aerotrack_travel_monitor_correo to None, run_after=None
[2026-07-09T02:43:22.767-0500] {processor.py:183} INFO - Processing /opt/airflow/dags/dag_monitor_correo.py took 0.104 seconds
[2026-07-09T02:43:53.490-0500] {processor.py:161} INFO - Started process (PID=13495) to work on /opt/airflow/dags/dag_monitor_correo.py
[2026-07-09T02:43:53.491-0500] {processor.py:830} INFO - Processing file /opt/airflow/dags/dag_monitor_correo.py for tasks to queue
[2026-07-09T02:43:53.493-0500] {logging_mixin.py:188} INFO - [2026-07-09T02:43:53.492-0500] {dagbag.py:545} INFO - Filling up the DagBag from /opt/airflow/dags/dag_monitor_correo.py
[2026-07-09T02:43:53.528-0500] {processor.py:840} INFO - DAG(s) 'aerotrack_travel_monitor_correo' retrieved from /opt/airflow/dags/dag_monitor_correo.py
[2026-07-09T02:43:53.556-0500] {logging_mixin.py:188} INFO - [2026-07-09T02:43:53.556-0500] {dag.py:3089} INFO - Sync 1 DAGs
[2026-07-09T02:43:53.566-0500] {logging_mixin.py:188} INFO - [2026-07-09T02:43:53.566-0500] {dag.py:3947} INFO - Setting next_dagrun for aerotrack_travel_monitor_correo to None, run_after=None
[2026-07-09T02:43:53.583-0500] {processor.py:183} INFO - Processing /opt/airflow/dags/dag_monitor_correo.py took 0.098 seconds
[2026-07-09T02:44:24.262-0500] {processor.py:161} INFO - Started process (PID=13522) to work on /opt/airflow/dags/dag_monitor_correo.py
[2026-07-09T02:44:24.263-0500] {processor.py:830} INFO - Processing file /opt/airflow/dags/dag_monitor_correo.py for tasks to queue
[2026-07-09T02:44:24.264-0500] {logging_mixin.py:188} INFO - [2026-07-09T02:44:24.264-0500] {dagbag.py:545} INFO - Filling up the DagBag from /opt/airflow/dags/dag_monitor_correo.py
[2026-07-09T02:44:24.294-0500] {processor.py:840} INFO - DAG(s) 'aerotrack_travel_monitor_correo' retrieved from /opt/airflow/dags/dag_monitor_correo.py
[2026-07-09T02:44:24.325-0500] {logging_mixin.py:188} INFO - [2026-07-09T02:44:24.325-0500] {dag.py:3089} INFO - Sync 1 DAGs
[2026-07-09T02:44:24.338-0500] {logging_mixin.py:188} INFO - [2026-07-09T02:44:24.338-0500] {dag.py:3947} INFO - Setting next_dagrun for aerotrack_travel_monitor_correo to None, run_after=None
[2026-07-09T02:44:24.355-0500] {processor.py:183} INFO - Processing /opt/airflow/dags/dag_monitor_correo.py took 0.097 seconds
[2026-07-09T02:44:54.991-0500] {processor.py:161} INFO - Started process (PID=13549) to work on /opt/airflow/dags/dag_monitor_correo.py
[2026-07-09T02:44:54.992-0500] {processor.py:830} INFO - Processing file /opt/airflow/dags/dag_monitor_correo.py for tasks to queue
[2026-07-09T02:44:54.994-0500] {logging_mixin.py:188} INFO - [2026-07-09T02:44:54.993-0500] {dagbag.py:545} INFO - Filling up the DagBag from /opt/airflow/dags/dag_monitor_correo.py
[2026-07-09T02:44:55.033-0500] {processor.py:840} INFO - DAG(s) 'aerotrack_travel_monitor_correo' retrieved from /opt/airflow/dags/dag_monitor_correo.py
[2026-07-09T02:44:55.069-0500] {logging_mixin.py:188} INFO - [2026-07-09T02:44:55.068-0500] {dag.py:3089} INFO - Sync 1 DAGs
[2026-07-09T02:44:55.084-0500] {logging_mixin.py:188} INFO - [2026-07-09T02:44:55.083-0500] {dag.py:3947} INFO - Setting next_dagrun for aerotrack_travel_monitor_correo to None, run_after=None
[2026-07-09T02:44:55.123-0500] {processor.py:183} INFO - Processing /opt/airflow/dags/dag_monitor_correo.py took 0.138 seconds
[2026-07-09T02:45:25.720-0500] {processor.py:161} INFO - Started process (PID=13576) to work on /opt/airflow/dags/dag_monitor_correo.py
[2026-07-09T02:45:25.721-0500] {processor.py:830} INFO - Processing file /opt/airflow/dags/dag_monitor_correo.py for tasks to queue
[2026-07-09T02:45:25.722-0500] {logging_mixin.py:188} INFO - [2026-07-09T02:45:25.722-0500] {dagbag.py:545} INFO - Filling up the DagBag from /opt/airflow/dags/dag_monitor_correo.py
[2026-07-09T02:45:25.758-0500] {processor.py:840} INFO - DAG(s) 'aerotrack_travel_monitor_correo' retrieved from /opt/airflow/dags/dag_monitor_correo.py
[2026-07-09T02:45:25.784-0500] {logging_mixin.py:188} INFO - [2026-07-09T02:45:25.784-0500] {dag.py:3089} INFO - Sync 1 DAGs
[2026-07-09T02:45:25.796-0500] {logging_mixin.py:188} INFO - [2026-07-09T02:45:25.795-0500] {dag.py:3947} INFO - Setting next_dagrun for aerotrack_travel_monitor_correo to None, run_after=None
[2026-07-09T02:45:25.811-0500] {processor.py:183} INFO - Processing /opt/airflow/dags/dag_monitor_correo.py took 0.096 seconds
[2026-07-09T02:45:56.598-0500] {processor.py:161} INFO - Started process (PID=13603) to work on /opt/airflow/dags/dag_monitor_correo.py
[2026-07-09T02:45:56.599-0500] {processor.py:830} INFO - Processing file /opt/airflow/dags/dag_monitor_correo.py for tasks to queue
[2026-07-09T02:45:56.600-0500] {logging_mixin.py:188} INFO - [2026-07-09T02:45:56.600-0500] {dagbag.py:545} INFO - Filling up the DagBag from /opt/airflow/dags/dag_monitor_correo.py
[2026-07-09T02:45:56.629-0500] {processor.py:840} INFO - DAG(s) 'aerotrack_travel_monitor_correo' retrieved from /opt/airflow/dags/dag_monitor_correo.py
[2026-07-09T02:45:56.660-0500] {logging_mixin.py:188} INFO - [2026-07-09T02:45:56.660-0500] {dag.py:3089} INFO - Sync 1 DAGs
[2026-07-09T02:45:56.671-0500] {logging_mixin.py:188} INFO - [2026-07-09T02:45:56.670-0500] {dag.py:3947} INFO - Setting next_dagrun for aerotrack_travel_monitor_correo to None, run_after=None
[2026-07-09T02:45:56.688-0500] {processor.py:183} INFO - Processing /opt/airflow/dags/dag_monitor_correo.py took 0.095 seconds
[2026-07-09T02:46:27.454-0500] {processor.py:161} INFO - Started process (PID=13630) to work on /opt/airflow/dags/dag_monitor_correo.py
[2026-07-09T02:46:27.455-0500] {processor.py:830} INFO - Processing file /opt/airflow/dags/dag_monitor_correo.py for tasks to queue
[2026-07-09T02:46:27.457-0500] {logging_mixin.py:188} INFO - [2026-07-09T02:46:27.456-0500] {dagbag.py:545} INFO - Filling up the DagBag from /opt/airflow/dags/dag_monitor_correo.py
[2026-07-09T02:46:27.489-0500] {processor.py:840} INFO - DAG(s) 'aerotrack_travel_monitor_correo' retrieved from /opt/airflow/dags/dag_monitor_correo.py
[2026-07-09T02:46:27.520-0500] {logging_mixin.py:188} INFO - [2026-07-09T02:46:27.520-0500] {dag.py:3089} INFO - Sync 1 DAGs
[2026-07-09T02:46:27.532-0500] {logging_mixin.py:188} INFO - [2026-07-09T02:46:27.532-0500] {dag.py:3947} INFO - Setting next_dagrun for aerotrack_travel_monitor_correo to None, run_after=None
[2026-07-09T02:46:27.548-0500] {processor.py:183} INFO - Processing /opt/airflow/dags/dag_monitor_correo.py took 0.099 seconds
[2026-07-09T02:46:58.207-0500] {processor.py:161} INFO - Started process (PID=13657) to work on /opt/airflow/dags/dag_monitor_correo.py
[2026-07-09T02:46:58.208-0500] {processor.py:830} INFO - Processing file /opt/airflow/dags/dag_monitor_correo.py for tasks to queue
[2026-07-09T02:46:58.209-0500] {logging_mixin.py:188} INFO - [2026-07-09T02:46:58.209-0500] {dagbag.py:545} INFO - Filling up the DagBag from /opt/airflow/dags/dag_monitor_correo.py
[2026-07-09T02:46:58.239-0500] {processor.py:840} INFO - DAG(s) 'aerotrack_travel_monitor_correo' retrieved from /opt/airflow/dags/dag_monitor_correo.py
[2026-07-09T02:46:58.269-0500] {logging_mixin.py:188} INFO - [2026-07-09T02:46:58.268-0500] {dag.py:3089} INFO - Sync 1 DAGs
[2026-07-09T02:46:58.279-0500] {logging_mixin.py:188} INFO - [2026-07-09T02:46:58.279-0500] {dag.py:3947} INFO - Setting next_dagrun for aerotrack_travel_monitor_correo to None, run_after=None
[2026-07-09T02:46:58.296-0500] {processor.py:183} INFO - Processing /opt/airflow/dags/dag_monitor_correo.py took 0.093 seconds
[2026-07-09T02:47:29.014-0500] {processor.py:161} INFO - Started process (PID=13684) to work on /opt/airflow/dags/dag_monitor_correo.py
[2026-07-09T02:47:29.014-0500] {processor.py:830} INFO - Processing file /opt/airflow/dags/dag_monitor_correo.py for tasks to queue
[2026-07-09T02:47:29.017-0500] {logging_mixin.py:188} INFO - [2026-07-09T02:47:29.016-0500] {dagbag.py:545} INFO - Filling up the DagBag from /opt/airflow/dags/dag_monitor_correo.py
[2026-07-09T02:47:29.061-0500] {processor.py:840} INFO - DAG(s) 'aerotrack_travel_monitor_correo' retrieved from /opt/airflow/dags/dag_monitor_correo.py
[2026-07-09T02:47:29.094-0500] {logging_mixin.py:188} INFO - [2026-07-09T02:47:29.094-0500] {dag.py:3089} INFO - Sync 1 DAGs
[2026-07-09T02:47:29.106-0500] {logging_mixin.py:188} INFO - [2026-07-09T02:47:29.106-0500] {dag.py:3947} INFO - Setting next_dagrun for aerotrack_travel_monitor_correo to None, run_after=None
[2026-07-09T02:47:29.123-0500] {processor.py:183} INFO - Processing /opt/airflow/dags/dag_monitor_correo.py took 0.114 seconds
[2026-07-09T02:47:59.838-0500] {processor.py:161} INFO - Started process (PID=13711) to work on /opt/airflow/dags/dag_monitor_correo.py
[2026-07-09T02:47:59.839-0500] {processor.py:830} INFO - Processing file /opt/airflow/dags/dag_monitor_correo.py for tasks to queue
[2026-07-09T02:47:59.841-0500] {logging_mixin.py:188} INFO - [2026-07-09T02:47:59.840-0500] {dagbag.py:545} INFO - Filling up the DagBag from /opt/airflow/dags/dag_monitor_correo.py
[2026-07-09T02:47:59.881-0500] {processor.py:840} INFO - DAG(s) 'aerotrack_travel_monitor_correo' retrieved from /opt/airflow/dags/dag_monitor_correo.py
[2026-07-09T02:47:59.911-0500] {logging_mixin.py:188} INFO - [2026-07-09T02:47:59.911-0500] {dag.py:3089} INFO - Sync 1 DAGs
[2026-07-09T02:47:59.921-0500] {logging_mixin.py:188} INFO - [2026-07-09T02:47:59.921-0500] {dag.py:3947} INFO - Setting next_dagrun for aerotrack_travel_monitor_correo to None, run_after=None
[2026-07-09T02:47:59.942-0500] {processor.py:183} INFO - Processing /opt/airflow/dags/dag_monitor_correo.py took 0.108 seconds
[2026-07-09T02:48:30.740-0500] {processor.py:161} INFO - Started process (PID=13738) to work on /opt/airflow/dags/dag_monitor_correo.py
[2026-07-09T02:48:30.741-0500] {processor.py:830} INFO - Processing file /opt/airflow/dags/dag_monitor_correo.py for tasks to queue
[2026-07-09T02:48:30.742-0500] {logging_mixin.py:188} INFO - [2026-07-09T02:48:30.742-0500] {dagbag.py:545} INFO - Filling up the DagBag from /opt/airflow/dags/dag_monitor_correo.py
[2026-07-09T02:48:30.788-0500] {processor.py:840} INFO - DAG(s) 'aerotrack_travel_monitor_correo' retrieved from /opt/airflow/dags/dag_monitor_correo.py
[2026-07-09T02:48:30.822-0500] {logging_mixin.py:188} INFO - [2026-07-09T02:48:30.822-0500] {dag.py:3089} INFO - Sync 1 DAGs
[2026-07-09T02:48:30.835-0500] {logging_mixin.py:188} INFO - [2026-07-09T02:48:30.835-0500] {dag.py:3947} INFO - Setting next_dagrun for aerotrack_travel_monitor_correo to None, run_after=None
[2026-07-09T02:48:30.854-0500] {processor.py:183} INFO - Processing /opt/airflow/dags/dag_monitor_correo.py took 0.118 seconds
[2026-07-09T02:49:01.580-0500] {processor.py:161} INFO - Started process (PID=13765) to work on /opt/airflow/dags/dag_monitor_correo.py
[2026-07-09T02:49:01.581-0500] {processor.py:830} INFO - Processing file /opt/airflow/dags/dag_monitor_correo.py for tasks to queue
[2026-07-09T02:49:01.583-0500] {logging_mixin.py:188} INFO - [2026-07-09T02:49:01.582-0500] {dagbag.py:545} INFO - Filling up the DagBag from /opt/airflow/dags/dag_monitor_correo.py
[2026-07-09T02:49:01.612-0500] {processor.py:840} INFO - DAG(s) 'aerotrack_travel_monitor_correo' retrieved from /opt/airflow/dags/dag_monitor_correo.py
[2026-07-09T02:49:01.641-0500] {logging_mixin.py:188} INFO - [2026-07-09T02:49:01.640-0500] {dag.py:3089} INFO - Sync 1 DAGs
[2026-07-09T02:49:01.651-0500] {logging_mixin.py:188} INFO - [2026-07-09T02:49:01.651-0500] {dag.py:3947} INFO - Setting next_dagrun for aerotrack_travel_monitor_correo to None, run_after=None
[2026-07-09T02:49:01.668-0500] {processor.py:183} INFO - Processing /opt/airflow/dags/dag_monitor_correo.py took 0.093 seconds
[2026-07-09T02:49:32.479-0500] {processor.py:161} INFO - Started process (PID=13792) to work on /opt/airflow/dags/dag_monitor_correo.py
[2026-07-09T02:49:32.480-0500] {processor.py:830} INFO - Processing file /opt/airflow/dags/dag_monitor_correo.py for tasks to queue
[2026-07-09T02:49:32.482-0500] {logging_mixin.py:188} INFO - [2026-07-09T02:49:32.481-0500] {dagbag.py:545} INFO - Filling up the DagBag from /opt/airflow/dags/dag_monitor_correo.py
[2026-07-09T02:49:32.510-0500] {processor.py:840} INFO - DAG(s) 'aerotrack_travel_monitor_correo' retrieved from /opt/airflow/dags/dag_monitor_correo.py
[2026-07-09T02:49:32.539-0500] {logging_mixin.py:188} INFO - [2026-07-09T02:49:32.539-0500] {dag.py:3089} INFO - Sync 1 DAGs
[2026-07-09T02:49:32.550-0500] {logging_mixin.py:188} INFO - [2026-07-09T02:49:32.550-0500] {dag.py:3947} INFO - Setting next_dagrun for aerotrack_travel_monitor_correo to None, run_after=None
[2026-07-09T02:49:32.567-0500] {processor.py:183} INFO - Processing /opt/airflow/dags/dag_monitor_correo.py took 0.092 seconds
[2026-07-09T02:50:03.269-0500] {processor.py:161} INFO - Started process (PID=13819) to work on /opt/airflow/dags/dag_monitor_correo.py
[2026-07-09T02:50:03.271-0500] {processor.py:830} INFO - Processing file /opt/airflow/dags/dag_monitor_correo.py for tasks to queue
[2026-07-09T02:50:03.274-0500] {logging_mixin.py:188} INFO - [2026-07-09T02:50:03.273-0500] {dagbag.py:545} INFO - Filling up the DagBag from /opt/airflow/dags/dag_monitor_correo.py
[2026-07-09T02:50:03.327-0500] {processor.py:840} INFO - DAG(s) 'aerotrack_travel_monitor_correo' retrieved from /opt/airflow/dags/dag_monitor_correo.py
[2026-07-09T02:50:03.362-0500] {logging_mixin.py:188} INFO - [2026-07-09T02:50:03.362-0500] {dag.py:3089} INFO - Sync 1 DAGs
[2026-07-09T02:50:03.377-0500] {logging_mixin.py:188} INFO - [2026-07-09T02:50:03.377-0500] {dag.py:3947} INFO - Setting next_dagrun for aerotrack_travel_monitor_correo to None, run_after=None
[2026-07-09T02:50:03.406-0500] {processor.py:183} INFO - Processing /opt/airflow/dags/dag_monitor_correo.py took 0.142 seconds
[2026-07-09T02:50:34.206-0500] {processor.py:161} INFO - Started process (PID=13846) to work on /opt/airflow/dags/dag_monitor_correo.py
[2026-07-09T02:50:34.207-0500] {processor.py:830} INFO - Processing file /opt/airflow/dags/dag_monitor_correo.py for tasks to queue
[2026-07-09T02:50:34.208-0500] {logging_mixin.py:188} INFO - [2026-07-09T02:50:34.208-0500] {dagbag.py:545} INFO - Filling up the DagBag from /opt/airflow/dags/dag_monitor_correo.py
[2026-07-09T02:50:34.246-0500] {processor.py:840} INFO - DAG(s) 'aerotrack_travel_monitor_correo' retrieved from /opt/airflow/dags/dag_monitor_correo.py
[2026-07-09T02:50:34.276-0500] {logging_mixin.py:188} INFO - [2026-07-09T02:50:34.276-0500] {dag.py:3089} INFO - Sync 1 DAGs
[2026-07-09T02:50:34.289-0500] {logging_mixin.py:188} INFO - [2026-07-09T02:50:34.288-0500] {dag.py:3947} INFO - Setting next_dagrun for aerotrack_travel_monitor_correo to None, run_after=None
[2026-07-09T02:50:34.305-0500] {processor.py:183} INFO - Processing /opt/airflow/dags/dag_monitor_correo.py took 0.103 seconds
[2026-07-09T02:51:05.105-0500] {processor.py:161} INFO - Started process (PID=13873) to work on /opt/airflow/dags/dag_monitor_correo.py
[2026-07-09T02:51:05.107-0500] {processor.py:830} INFO - Processing file /opt/airflow/dags/dag_monitor_correo.py for tasks to queue
[2026-07-09T02:51:05.108-0500] {logging_mixin.py:188} INFO - [2026-07-09T02:51:05.108-0500] {dagbag.py:545} INFO - Filling up the DagBag from /opt/airflow/dags/dag_monitor_correo.py
[2026-07-09T02:51:05.147-0500] {processor.py:840} INFO - DAG(s) 'aerotrack_travel_monitor_correo' retrieved from /opt/airflow/dags/dag_monitor_correo.py
[2026-07-09T02:51:05.186-0500] {logging_mixin.py:188} INFO - [2026-07-09T02:51:05.185-0500] {dag.py:3089} INFO - Sync 1 DAGs
[2026-07-09T02:51:05.200-0500] {logging_mixin.py:188} INFO - [2026-07-09T02:51:05.200-0500] {dag.py:3947} INFO - Setting next_dagrun for aerotrack_travel_monitor_correo to None, run_after=None
[2026-07-09T02:51:05.222-0500] {processor.py:183} INFO - Processing /opt/airflow/dags/dag_monitor_correo.py took 0.122 seconds
[2026-07-09T02:51:36.027-0500] {processor.py:161} INFO - Started process (PID=13900) to work on /opt/airflow/dags/dag_monitor_correo.py
[2026-07-09T02:51:36.028-0500] {processor.py:830} INFO - Processing file /opt/airflow/dags/dag_monitor_correo.py for tasks to queue
[2026-07-09T02:51:36.029-0500] {logging_mixin.py:188} INFO - [2026-07-09T02:51:36.029-0500] {dagbag.py:545} INFO - Filling up the DagBag from /opt/airflow/dags/dag_monitor_correo.py
[2026-07-09T02:51:36.071-0500] {processor.py:840} INFO - DAG(s) 'aerotrack_travel_monitor_correo' retrieved from /opt/airflow/dags/dag_monitor_correo.py
[2026-07-09T02:51:36.107-0500] {logging_mixin.py:188} INFO - [2026-07-09T02:51:36.107-0500] {dag.py:3089} INFO - Sync 1 DAGs
[2026-07-09T02:51:36.119-0500] {logging_mixin.py:188} INFO - [2026-07-09T02:51:36.119-0500] {dag.py:3947} INFO - Setting next_dagrun for aerotrack_travel_monitor_correo to None, run_after=None
[2026-07-09T02:51:36.138-0500] {processor.py:183} INFO - Processing /opt/airflow/dags/dag_monitor_correo.py took 0.117 seconds
[2026-07-09T02:52:06.806-0500] {processor.py:161} INFO - Started process (PID=13927) to work on /opt/airflow/dags/dag_monitor_correo.py
[2026-07-09T02:52:06.806-0500] {processor.py:830} INFO - Processing file /opt/airflow/dags/dag_monitor_correo.py for tasks to queue
[2026-07-09T02:52:06.808-0500] {logging_mixin.py:188} INFO - [2026-07-09T02:52:06.808-0500] {dagbag.py:545} INFO - Filling up the DagBag from /opt/airflow/dags/dag_monitor_correo.py
[2026-07-09T02:52:06.839-0500] {processor.py:840} INFO - DAG(s) 'aerotrack_travel_monitor_correo' retrieved from /opt/airflow/dags/dag_monitor_correo.py
[2026-07-09T02:52:06.869-0500] {logging_mixin.py:188} INFO - [2026-07-09T02:52:06.869-0500] {dag.py:3089} INFO - Sync 1 DAGs
[2026-07-09T02:52:06.880-0500] {logging_mixin.py:188} INFO - [2026-07-09T02:52:06.880-0500] {dag.py:3947} INFO - Setting next_dagrun for aerotrack_travel_monitor_correo to None, run_after=None
[2026-07-09T02:52:06.897-0500] {processor.py:183} INFO - Processing /opt/airflow/dags/dag_monitor_correo.py took 0.096 seconds
[2026-07-09T02:52:37.814-0500] {processor.py:161} INFO - Started process (PID=13954) to work on /opt/airflow/dags/dag_monitor_correo.py
[2026-07-09T02:52:37.815-0500] {processor.py:830} INFO - Processing file /opt/airflow/dags/dag_monitor_correo.py for tasks to queue
[2026-07-09T02:52:37.817-0500] {logging_mixin.py:188} INFO - [2026-07-09T02:52:37.817-0500] {dagbag.py:545} INFO - Filling up the DagBag from /opt/airflow/dags/dag_monitor_correo.py
[2026-07-09T02:52:37.864-0500] {processor.py:840} INFO - DAG(s) 'aerotrack_travel_monitor_correo' retrieved from /opt/airflow/dags/dag_monitor_correo.py
[2026-07-09T02:52:37.897-0500] {logging_mixin.py:188} INFO - [2026-07-09T02:52:37.897-0500] {dag.py:3089} INFO - Sync 1 DAGs
[2026-07-09T02:52:37.911-0500] {logging_mixin.py:188} INFO - [2026-07-09T02:52:37.911-0500] {dag.py:3947} INFO - Setting next_dagrun for aerotrack_travel_monitor_correo to None, run_after=None
[2026-07-09T02:52:37.932-0500] {processor.py:183} INFO - Processing /opt/airflow/dags/dag_monitor_correo.py took 0.124 seconds
[2026-07-09T02:53:08.741-0500] {processor.py:161} INFO - Started process (PID=13981) to work on /opt/airflow/dags/dag_monitor_correo.py
[2026-07-09T02:53:08.742-0500] {processor.py:830} INFO - Processing file /opt/airflow/dags/dag_monitor_correo.py for tasks to queue
[2026-07-09T02:53:08.743-0500] {logging_mixin.py:188} INFO - [2026-07-09T02:53:08.743-0500] {dagbag.py:545} INFO - Filling up the DagBag from /opt/airflow/dags/dag_monitor_correo.py
[2026-07-09T02:53:08.785-0500] {processor.py:840} INFO - DAG(s) 'aerotrack_travel_monitor_correo' retrieved from /opt/airflow/dags/dag_monitor_correo.py
[2026-07-09T02:53:08.817-0500] {logging_mixin.py:188} INFO - [2026-07-09T02:53:08.817-0500] {dag.py:3089} INFO - Sync 1 DAGs
[2026-07-09T02:53:08.829-0500] {logging_mixin.py:188} INFO - [2026-07-09T02:53:08.828-0500] {dag.py:3947} INFO - Setting next_dagrun for aerotrack_travel_monitor_correo to None, run_after=None
[2026-07-09T02:53:08.849-0500] {processor.py:183} INFO - Processing /opt/airflow/dags/dag_monitor_correo.py took 0.113 seconds
[2026-07-09T02:53:39.536-0500] {processor.py:161} INFO - Started process (PID=14008) to work on /opt/airflow/dags/dag_monitor_correo.py
[2026-07-09T02:53:39.537-0500] {processor.py:830} INFO - Processing file /opt/airflow/dags/dag_monitor_correo.py for tasks to queue
[2026-07-09T02:53:39.539-0500] {logging_mixin.py:188} INFO - [2026-07-09T02:53:39.538-0500] {dagbag.py:545} INFO - Filling up the DagBag from /opt/airflow/dags/dag_monitor_correo.py
[2026-07-09T02:53:39.572-0500] {processor.py:840} INFO - DAG(s) 'aerotrack_travel_monitor_correo' retrieved from /opt/airflow/dags/dag_monitor_correo.py
[2026-07-09T02:53:39.601-0500] {logging_mixin.py:188} INFO - [2026-07-09T02:53:39.600-0500] {dag.py:3089} INFO - Sync 1 DAGs
[2026-07-09T02:53:39.612-0500] {logging_mixin.py:188} INFO - [2026-07-09T02:53:39.611-0500] {dag.py:3947} INFO - Setting next_dagrun for aerotrack_travel_monitor_correo to None, run_after=None
[2026-07-09T02:53:39.628-0500] {processor.py:183} INFO - Processing /opt/airflow/dags/dag_monitor_correo.py took 0.096 seconds
[2026-07-09T02:54:10.412-0500] {processor.py:161} INFO - Started process (PID=14035) to work on /opt/airflow/dags/dag_monitor_correo.py
[2026-07-09T02:54:10.412-0500] {processor.py:830} INFO - Processing file /opt/airflow/dags/dag_monitor_correo.py for tasks to queue
[2026-07-09T02:54:10.414-0500] {logging_mixin.py:188} INFO - [2026-07-09T02:54:10.414-0500] {dagbag.py:545} INFO - Filling up the DagBag from /opt/airflow/dags/dag_monitor_correo.py
[2026-07-09T02:54:10.444-0500] {processor.py:840} INFO - DAG(s) 'aerotrack_travel_monitor_correo' retrieved from /opt/airflow/dags/dag_monitor_correo.py
[2026-07-09T02:54:10.477-0500] {logging_mixin.py:188} INFO - [2026-07-09T02:54:10.477-0500] {dag.py:3089} INFO - Sync 1 DAGs
[2026-07-09T02:54:10.488-0500] {logging_mixin.py:188} INFO - [2026-07-09T02:54:10.488-0500] {dag.py:3947} INFO - Setting next_dagrun for aerotrack_travel_monitor_correo to None, run_after=None
[2026-07-09T02:54:10.508-0500] {processor.py:183} INFO - Processing /opt/airflow/dags/dag_monitor_correo.py took 0.101 seconds
[2026-07-09T02:54:41.229-0500] {processor.py:161} INFO - Started process (PID=14062) to work on /opt/airflow/dags/dag_monitor_correo.py
[2026-07-09T02:54:41.230-0500] {processor.py:830} INFO - Processing file /opt/airflow/dags/dag_monitor_correo.py for tasks to queue
[2026-07-09T02:54:41.231-0500] {logging_mixin.py:188} INFO - [2026-07-09T02:54:41.231-0500] {dagbag.py:545} INFO - Filling up the DagBag from /opt/airflow/dags/dag_monitor_correo.py
[2026-07-09T02:54:41.258-0500] {processor.py:840} INFO - DAG(s) 'aerotrack_travel_monitor_correo' retrieved from /opt/airflow/dags/dag_monitor_correo.py
[2026-07-09T02:54:41.284-0500] {logging_mixin.py:188} INFO - [2026-07-09T02:54:41.284-0500] {dag.py:3089} INFO - Sync 1 DAGs
[2026-07-09T02:54:41.296-0500] {logging_mixin.py:188} INFO - [2026-07-09T02:54:41.296-0500] {dag.py:3947} INFO - Setting next_dagrun for aerotrack_travel_monitor_correo to None, run_after=None
[2026-07-09T02:54:41.343-0500] {processor.py:183} INFO - Processing /opt/airflow/dags/dag_monitor_correo.py took 0.118 seconds
[2026-07-09T02:55:12.144-0500] {processor.py:161} INFO - Started process (PID=14089) to work on /opt/airflow/dags/dag_monitor_correo.py
[2026-07-09T02:55:12.145-0500] {processor.py:830} INFO - Processing file /opt/airflow/dags/dag_monitor_correo.py for tasks to queue
[2026-07-09T02:55:12.147-0500] {logging_mixin.py:188} INFO - [2026-07-09T02:55:12.146-0500] {dagbag.py:545} INFO - Filling up the DagBag from /opt/airflow/dags/dag_monitor_correo.py
[2026-07-09T02:55:12.183-0500] {processor.py:840} INFO - DAG(s) 'aerotrack_travel_monitor_correo' retrieved from /opt/airflow/dags/dag_monitor_correo.py
[2026-07-09T02:55:12.214-0500] {logging_mixin.py:188} INFO - [2026-07-09T02:55:12.213-0500] {dag.py:3089} INFO - Sync 1 DAGs
[2026-07-09T02:55:12.225-0500] {logging_mixin.py:188} INFO - [2026-07-09T02:55:12.224-0500] {dag.py:3947} INFO - Setting next_dagrun for aerotrack_travel_monitor_correo to None, run_after=None
[2026-07-09T02:55:12.242-0500] {processor.py:183} INFO - Processing /opt/airflow/dags/dag_monitor_correo.py took 0.102 seconds
[2026-07-09T02:55:43.092-0500] {processor.py:161} INFO - Started process (PID=14116) to work on /opt/airflow/dags/dag_monitor_correo.py
[2026-07-09T02:55:43.093-0500] {processor.py:830} INFO - Processing file /opt/airflow/dags/dag_monitor_correo.py for tasks to queue
[2026-07-09T02:55:43.095-0500] {logging_mixin.py:188} INFO - [2026-07-09T02:55:43.094-0500] {dagbag.py:545} INFO - Filling up the DagBag from /opt/airflow/dags/dag_monitor_correo.py
[2026-07-09T02:55:43.122-0500] {processor.py:840} INFO - DAG(s) 'aerotrack_travel_monitor_correo' retrieved from /opt/airflow/dags/dag_monitor_correo.py
[2026-07-09T02:55:43.149-0500] {logging_mixin.py:188} INFO - [2026-07-09T02:55:43.148-0500] {dag.py:3089} INFO - Sync 1 DAGs
[2026-07-09T02:55:43.158-0500] {logging_mixin.py:188} INFO - [2026-07-09T02:55:43.158-0500] {dag.py:3947} INFO - Setting next_dagrun for aerotrack_travel_monitor_correo to None, run_after=None
[2026-07-09T02:55:43.175-0500] {processor.py:183} INFO - Processing /opt/airflow/dags/dag_monitor_correo.py took 0.087 seconds
[2026-07-09T02:56:13.917-0500] {processor.py:161} INFO - Started process (PID=14143) to work on /opt/airflow/dags/dag_monitor_correo.py
[2026-07-09T02:56:13.918-0500] {processor.py:830} INFO - Processing file /opt/airflow/dags/dag_monitor_correo.py for tasks to queue
[2026-07-09T02:56:13.920-0500] {logging_mixin.py:188} INFO - [2026-07-09T02:56:13.920-0500] {dagbag.py:545} INFO - Filling up the DagBag from /opt/airflow/dags/dag_monitor_correo.py
[2026-07-09T02:56:13.966-0500] {processor.py:840} INFO - DAG(s) 'aerotrack_travel_monitor_correo' retrieved from /opt/airflow/dags/dag_monitor_correo.py
[2026-07-09T02:56:13.998-0500] {logging_mixin.py:188} INFO - [2026-07-09T02:56:13.998-0500] {dag.py:3089} INFO - Sync 1 DAGs
[2026-07-09T02:56:14.016-0500] {logging_mixin.py:188} INFO - [2026-07-09T02:56:14.015-0500] {dag.py:3947} INFO - Setting next_dagrun for aerotrack_travel_monitor_correo to None, run_after=None
[2026-07-09T02:56:14.040-0500] {processor.py:183} INFO - Processing /opt/airflow/dags/dag_monitor_correo.py took 0.129 seconds
[2026-07-09T02:56:44.873-0500] {processor.py:161} INFO - Started process (PID=14170) to work on /opt/airflow/dags/dag_monitor_correo.py
[2026-07-09T02:56:44.874-0500] {processor.py:830} INFO - Processing file /opt/airflow/dags/dag_monitor_correo.py for tasks to queue
[2026-07-09T02:56:44.876-0500] {logging_mixin.py:188} INFO - [2026-07-09T02:56:44.875-0500] {dagbag.py:545} INFO - Filling up the DagBag from /opt/airflow/dags/dag_monitor_correo.py
[2026-07-09T02:56:44.914-0500] {processor.py:840} INFO - DAG(s) 'aerotrack_travel_monitor_correo' retrieved from /opt/airflow/dags/dag_monitor_correo.py
[2026-07-09T02:56:44.946-0500] {logging_mixin.py:188} INFO - [2026-07-09T02:56:44.945-0500] {dag.py:3089} INFO - Sync 1 DAGs
[2026-07-09T02:56:44.957-0500] {logging_mixin.py:188} INFO - [2026-07-09T02:56:44.957-0500] {dag.py:3947} INFO - Setting next_dagrun for aerotrack_travel_monitor_correo to None, run_after=None
[2026-07-09T02:56:44.973-0500] {processor.py:183} INFO - Processing /opt/airflow/dags/dag_monitor_correo.py took 0.105 seconds
[2026-07-09T02:57:15.757-0500] {processor.py:161} INFO - Started process (PID=14197) to work on /opt/airflow/dags/dag_monitor_correo.py
[2026-07-09T02:57:15.757-0500] {processor.py:830} INFO - Processing file /opt/airflow/dags/dag_monitor_correo.py for tasks to queue
[2026-07-09T02:57:15.759-0500] {logging_mixin.py:188} INFO - [2026-07-09T02:57:15.759-0500] {dagbag.py:545} INFO - Filling up the DagBag from /opt/airflow/dags/dag_monitor_correo.py
[2026-07-09T02:57:15.796-0500] {processor.py:840} INFO - DAG(s) 'aerotrack_travel_monitor_correo' retrieved from /opt/airflow/dags/dag_monitor_correo.py
[2026-07-09T02:57:15.825-0500] {logging_mixin.py:188} INFO - [2026-07-09T02:57:15.825-0500] {dag.py:3089} INFO - Sync 1 DAGs
[2026-07-09T02:57:15.837-0500] {logging_mixin.py:188} INFO - [2026-07-09T02:57:15.836-0500] {dag.py:3947} INFO - Setting next_dagrun for aerotrack_travel_monitor_correo to None, run_after=None
[2026-07-09T02:57:15.856-0500] {processor.py:183} INFO - Processing /opt/airflow/dags/dag_monitor_correo.py took 0.103 seconds
[2026-07-09T02:57:46.532-0500] {processor.py:161} INFO - Started process (PID=14224) to work on /opt/airflow/dags/dag_monitor_correo.py
[2026-07-09T02:57:46.533-0500] {processor.py:830} INFO - Processing file /opt/airflow/dags/dag_monitor_correo.py for tasks to queue
[2026-07-09T02:57:46.535-0500] {logging_mixin.py:188} INFO - [2026-07-09T02:57:46.534-0500] {dagbag.py:545} INFO - Filling up the DagBag from /opt/airflow/dags/dag_monitor_correo.py
[2026-07-09T02:57:46.575-0500] {processor.py:840} INFO - DAG(s) 'aerotrack_travel_monitor_correo' retrieved from /opt/airflow/dags/dag_monitor_correo.py
[2026-07-09T02:57:46.609-0500] {logging_mixin.py:188} INFO - [2026-07-09T02:57:46.609-0500] {dag.py:3089} INFO - Sync 1 DAGs
[2026-07-09T02:57:46.625-0500] {logging_mixin.py:188} INFO - [2026-07-09T02:57:46.625-0500] {dag.py:3947} INFO - Setting next_dagrun for aerotrack_travel_monitor_correo to None, run_after=None
[2026-07-09T02:57:46.644-0500] {processor.py:183} INFO - Processing /opt/airflow/dags/dag_monitor_correo.py took 0.116 seconds
[2026-07-09T02:58:17.468-0500] {processor.py:161} INFO - Started process (PID=14251) to work on /opt/airflow/dags/dag_monitor_correo.py
[2026-07-09T02:58:17.469-0500] {processor.py:830} INFO - Processing file /opt/airflow/dags/dag_monitor_correo.py for tasks to queue
[2026-07-09T02:58:17.471-0500] {logging_mixin.py:188} INFO - [2026-07-09T02:58:17.471-0500] {dagbag.py:545} INFO - Filling up the DagBag from /opt/airflow/dags/dag_monitor_correo.py
[2026-07-09T02:58:17.500-0500] {processor.py:840} INFO - DAG(s) 'aerotrack_travel_monitor_correo' retrieved from /opt/airflow/dags/dag_monitor_correo.py
[2026-07-09T02:58:17.528-0500] {logging_mixin.py:188} INFO - [2026-07-09T02:58:17.528-0500] {dag.py:3089} INFO - Sync 1 DAGs
[2026-07-09T02:58:17.538-0500] {logging_mixin.py:188} INFO - [2026-07-09T02:58:17.538-0500] {dag.py:3947} INFO - Setting next_dagrun for aerotrack_travel_monitor_correo to None, run_after=None
[2026-07-09T02:58:17.555-0500] {processor.py:183} INFO - Processing /opt/airflow/dags/dag_monitor_correo.py took 0.091 seconds
[2026-07-09T02:58:48.333-0500] {processor.py:161} INFO - Started process (PID=14278) to work on /opt/airflow/dags/dag_monitor_correo.py
[2026-07-09T02:58:48.334-0500] {processor.py:830} INFO - Processing file /opt/airflow/dags/dag_monitor_correo.py for tasks to queue
[2026-07-09T02:58:48.336-0500] {logging_mixin.py:188} INFO - [2026-07-09T02:58:48.336-0500] {dagbag.py:545} INFO - Filling up the DagBag from /opt/airflow/dags/dag_monitor_correo.py
[2026-07-09T02:58:48.365-0500] {processor.py:840} INFO - DAG(s) 'aerotrack_travel_monitor_correo' retrieved from /opt/airflow/dags/dag_monitor_correo.py
[2026-07-09T02:58:48.394-0500] {logging_mixin.py:188} INFO - [2026-07-09T02:58:48.393-0500] {dag.py:3089} INFO - Sync 1 DAGs
[2026-07-09T02:58:48.404-0500] {logging_mixin.py:188} INFO - [2026-07-09T02:58:48.404-0500] {dag.py:3947} INFO - Setting next_dagrun for aerotrack_travel_monitor_correo to None, run_after=None
[2026-07-09T02:58:48.422-0500] {processor.py:183} INFO - Processing /opt/airflow/dags/dag_monitor_correo.py took 0.093 seconds
[2026-07-09T02:59:19.219-0500] {processor.py:161} INFO - Started process (PID=14305) to work on /opt/airflow/dags/dag_monitor_correo.py
[2026-07-09T02:59:19.220-0500] {processor.py:830} INFO - Processing file /opt/airflow/dags/dag_monitor_correo.py for tasks to queue
[2026-07-09T02:59:19.222-0500] {logging_mixin.py:188} INFO - [2026-07-09T02:59:19.221-0500] {dagbag.py:545} INFO - Filling up the DagBag from /opt/airflow/dags/dag_monitor_correo.py
[2026-07-09T02:59:19.252-0500] {processor.py:840} INFO - DAG(s) 'aerotrack_travel_monitor_correo' retrieved from /opt/airflow/dags/dag_monitor_correo.py
[2026-07-09T02:59:19.285-0500] {logging_mixin.py:188} INFO - [2026-07-09T02:59:19.285-0500] {dag.py:3089} INFO - Sync 1 DAGs
[2026-07-09T02:59:19.297-0500] {logging_mixin.py:188} INFO - [2026-07-09T02:59:19.296-0500] {dag.py:3947} INFO - Setting next_dagrun for aerotrack_travel_monitor_correo to None, run_after=None
[2026-07-09T02:59:19.316-0500] {processor.py:183} INFO - Processing /opt/airflow/dags/dag_monitor_correo.py took 0.102 seconds
[2026-07-09T02:59:50.111-0500] {processor.py:161} INFO - Started process (PID=14332) to work on /opt/airflow/dags/dag_monitor_correo.py
[2026-07-09T02:59:50.112-0500] {processor.py:830} INFO - Processing file /opt/airflow/dags/dag_monitor_correo.py for tasks to queue
[2026-07-09T02:59:50.114-0500] {logging_mixin.py:188} INFO - [2026-07-09T02:59:50.113-0500] {dagbag.py:545} INFO - Filling up the DagBag from /opt/airflow/dags/dag_monitor_correo.py
[2026-07-09T02:59:50.160-0500] {processor.py:840} INFO - DAG(s) 'aerotrack_travel_monitor_correo' retrieved from /opt/airflow/dags/dag_monitor_correo.py
[2026-07-09T02:59:50.189-0500] {logging_mixin.py:188} INFO - [2026-07-09T02:59:50.188-0500] {dag.py:3089} INFO - Sync 1 DAGs
[2026-07-09T02:59:50.199-0500] {logging_mixin.py:188} INFO - [2026-07-09T02:59:50.199-0500] {dag.py:3947} INFO - Setting next_dagrun for aerotrack_travel_monitor_correo to None, run_after=None
[2026-07-09T02:59:50.217-0500] {processor.py:183} INFO - Processing /opt/airflow/dags/dag_monitor_correo.py took 0.110 seconds
[2026-07-09T03:00:20.956-0500] {processor.py:161} INFO - Started process (PID=14359) to work on /opt/airflow/dags/dag_monitor_correo.py
[2026-07-09T03:00:20.957-0500] {processor.py:830} INFO - Processing file /opt/airflow/dags/dag_monitor_correo.py for tasks to queue
[2026-07-09T03:00:20.958-0500] {logging_mixin.py:188} INFO - [2026-07-09T03:00:20.958-0500] {dagbag.py:545} INFO - Filling up the DagBag from /opt/airflow/dags/dag_monitor_correo.py
[2026-07-09T03:00:20.999-0500] {processor.py:840} INFO - DAG(s) 'aerotrack_travel_monitor_correo' retrieved from /opt/airflow/dags/dag_monitor_correo.py
[2026-07-09T03:00:21.027-0500] {logging_mixin.py:188} INFO - [2026-07-09T03:00:21.027-0500] {dag.py:3089} INFO - Sync 1 DAGs
[2026-07-09T03:00:21.038-0500] {logging_mixin.py:188} INFO - [2026-07-09T03:00:21.038-0500] {dag.py:3947} INFO - Setting next_dagrun for aerotrack_travel_monitor_correo to None, run_after=None
[2026-07-09T03:00:21.054-0500] {processor.py:183} INFO - Processing /opt/airflow/dags/dag_monitor_correo.py took 0.103 seconds
[2026-07-09T03:00:51.830-0500] {processor.py:161} INFO - Started process (PID=14386) to work on /opt/airflow/dags/dag_monitor_correo.py
[2026-07-09T03:00:51.830-0500] {processor.py:830} INFO - Processing file /opt/airflow/dags/dag_monitor_correo.py for tasks to queue
[2026-07-09T03:00:51.832-0500] {logging_mixin.py:188} INFO - [2026-07-09T03:00:51.832-0500] {dagbag.py:545} INFO - Filling up the DagBag from /opt/airflow/dags/dag_monitor_correo.py
[2026-07-09T03:00:51.861-0500] {processor.py:840} INFO - DAG(s) 'aerotrack_travel_monitor_correo' retrieved from /opt/airflow/dags/dag_monitor_correo.py
[2026-07-09T03:00:51.893-0500] {logging_mixin.py:188} INFO - [2026-07-09T03:00:51.893-0500] {dag.py:3089} INFO - Sync 1 DAGs
[2026-07-09T03:00:51.905-0500] {logging_mixin.py:188} INFO - [2026-07-09T03:00:51.905-0500] {dag.py:3947} INFO - Setting next_dagrun for aerotrack_travel_monitor_correo to None, run_after=None
[2026-07-09T03:00:51.923-0500] {processor.py:183} INFO - Processing /opt/airflow/dags/dag_monitor_correo.py took 0.098 seconds
[2026-07-09T03:01:22.716-0500] {processor.py:161} INFO - Started process (PID=14413) to work on /opt/airflow/dags/dag_monitor_correo.py
[2026-07-09T03:01:22.717-0500] {processor.py:830} INFO - Processing file /opt/airflow/dags/dag_monitor_correo.py for tasks to queue
[2026-07-09T03:01:22.718-0500] {logging_mixin.py:188} INFO - [2026-07-09T03:01:22.718-0500] {dagbag.py:545} INFO - Filling up the DagBag from /opt/airflow/dags/dag_monitor_correo.py
[2026-07-09T03:01:22.750-0500] {processor.py:840} INFO - DAG(s) 'aerotrack_travel_monitor_correo' retrieved from /opt/airflow/dags/dag_monitor_correo.py
[2026-07-09T03:01:22.781-0500] {logging_mixin.py:188} INFO - [2026-07-09T03:01:22.781-0500] {dag.py:3089} INFO - Sync 1 DAGs
[2026-07-09T03:01:22.793-0500] {logging_mixin.py:188} INFO - [2026-07-09T03:01:22.793-0500] {dag.py:3947} INFO - Setting next_dagrun for aerotrack_travel_monitor_correo to None, run_after=None
[2026-07-09T03:01:22.811-0500] {processor.py:183} INFO - Processing /opt/airflow/dags/dag_monitor_correo.py took 0.099 seconds
[2026-07-09T03:01:53.715-0500] {processor.py:161} INFO - Started process (PID=14440) to work on /opt/airflow/dags/dag_monitor_correo.py
[2026-07-09T03:01:53.716-0500] {processor.py:830} INFO - Processing file /opt/airflow/dags/dag_monitor_correo.py for tasks to queue
[2026-07-09T03:01:53.718-0500] {logging_mixin.py:188} INFO - [2026-07-09T03:01:53.717-0500] {dagbag.py:545} INFO - Filling up the DagBag from /opt/airflow/dags/dag_monitor_correo.py
[2026-07-09T03:01:53.762-0500] {processor.py:840} INFO - DAG(s) 'aerotrack_travel_monitor_correo' retrieved from /opt/airflow/dags/dag_monitor_correo.py
[2026-07-09T03:01:53.804-0500] {logging_mixin.py:188} INFO - [2026-07-09T03:01:53.804-0500] {dag.py:3089} INFO - Sync 1 DAGs
[2026-07-09T03:01:53.817-0500] {logging_mixin.py:188} INFO - [2026-07-09T03:01:53.817-0500] {dag.py:3947} INFO - Setting next_dagrun for aerotrack_travel_monitor_correo to None, run_after=None
[2026-07-09T03:01:53.839-0500] {processor.py:183} INFO - Processing /opt/airflow/dags/dag_monitor_correo.py took 0.129 seconds
[2026-07-09T03:02:24.597-0500] {processor.py:161} INFO - Started process (PID=14467) to work on /opt/airflow/dags/dag_monitor_correo.py
[2026-07-09T03:02:24.598-0500] {processor.py:830} INFO - Processing file /opt/airflow/dags/dag_monitor_correo.py for tasks to queue
[2026-07-09T03:02:24.599-0500] {logging_mixin.py:188} INFO - [2026-07-09T03:02:24.599-0500] {dagbag.py:545} INFO - Filling up the DagBag from /opt/airflow/dags/dag_monitor_correo.py
[2026-07-09T03:02:24.632-0500] {processor.py:840} INFO - DAG(s) 'aerotrack_travel_monitor_correo' retrieved from /opt/airflow/dags/dag_monitor_correo.py
[2026-07-09T03:02:24.660-0500] {logging_mixin.py:188} INFO - [2026-07-09T03:02:24.660-0500] {dag.py:3089} INFO - Sync 1 DAGs
[2026-07-09T03:02:24.671-0500] {logging_mixin.py:188} INFO - [2026-07-09T03:02:24.671-0500] {dag.py:3947} INFO - Setting next_dagrun for aerotrack_travel_monitor_correo to None, run_after=None
[2026-07-09T03:02:24.689-0500] {processor.py:183} INFO - Processing /opt/airflow/dags/dag_monitor_correo.py took 0.097 seconds
[2026-07-09T03:02:55.053-0500] {processor.py:161} INFO - Started process (PID=14494) to work on /opt/airflow/dags/dag_monitor_correo.py
[2026-07-09T03:02:55.054-0500] {processor.py:830} INFO - Processing file /opt/airflow/dags/dag_monitor_correo.py for tasks to queue
[2026-07-09T03:02:55.056-0500] {logging_mixin.py:188} INFO - [2026-07-09T03:02:55.055-0500] {dagbag.py:545} INFO - Filling up the DagBag from /opt/airflow/dags/dag_monitor_correo.py
[2026-07-09T03:02:55.102-0500] {processor.py:840} INFO - DAG(s) 'aerotrack_travel_monitor_correo' retrieved from /opt/airflow/dags/dag_monitor_correo.py
[2026-07-09T03:02:55.146-0500] {logging_mixin.py:188} INFO - [2026-07-09T03:02:55.145-0500] {dag.py:3089} INFO - Sync 1 DAGs
[2026-07-09T03:02:55.161-0500] {logging_mixin.py:188} INFO - [2026-07-09T03:02:55.161-0500] {dag.py:3947} INFO - Setting next_dagrun for aerotrack_travel_monitor_correo to None, run_after=None
[2026-07-09T03:02:55.182-0500] {processor.py:183} INFO - Processing /opt/airflow/dags/dag_monitor_correo.py took 0.136 seconds
[2026-07-09T03:03:25.441-0500] {processor.py:161} INFO - Started process (PID=14521) to work on /opt/airflow/dags/dag_monitor_correo.py
[2026-07-09T03:03:25.442-0500] {processor.py:830} INFO - Processing file /opt/airflow/dags/dag_monitor_correo.py for tasks to queue
[2026-07-09T03:03:25.444-0500] {logging_mixin.py:188} INFO - [2026-07-09T03:03:25.443-0500] {dagbag.py:545} INFO - Filling up the DagBag from /opt/airflow/dags/dag_monitor_correo.py
[2026-07-09T03:03:25.487-0500] {processor.py:840} INFO - DAG(s) 'aerotrack_travel_monitor_correo' retrieved from /opt/airflow/dags/dag_monitor_correo.py
[2026-07-09T03:03:25.521-0500] {logging_mixin.py:188} INFO - [2026-07-09T03:03:25.521-0500] {dag.py:3089} INFO - Sync 1 DAGs
[2026-07-09T03:03:25.533-0500] {logging_mixin.py:188} INFO - [2026-07-09T03:03:25.533-0500] {dag.py:3947} INFO - Setting next_dagrun for aerotrack_travel_monitor_correo to None, run_after=None
[2026-07-09T03:03:25.553-0500] {processor.py:183} INFO - Processing /opt/airflow/dags/dag_monitor_correo.py took 0.116 seconds
[2026-07-09T03:03:56.202-0500] {processor.py:161} INFO - Started process (PID=14548) to work on /opt/airflow/dags/dag_monitor_correo.py
[2026-07-09T03:03:56.203-0500] {processor.py:830} INFO - Processing file /opt/airflow/dags/dag_monitor_correo.py for tasks to queue
[2026-07-09T03:03:56.205-0500] {logging_mixin.py:188} INFO - [2026-07-09T03:03:56.205-0500] {dagbag.py:545} INFO - Filling up the DagBag from /opt/airflow/dags/dag_monitor_correo.py
[2026-07-09T03:03:56.243-0500] {processor.py:840} INFO - DAG(s) 'aerotrack_travel_monitor_correo' retrieved from /opt/airflow/dags/dag_monitor_correo.py
[2026-07-09T03:03:56.277-0500] {logging_mixin.py:188} INFO - [2026-07-09T03:03:56.277-0500] {dag.py:3089} INFO - Sync 1 DAGs
[2026-07-09T03:03:56.287-0500] {logging_mixin.py:188} INFO - [2026-07-09T03:03:56.287-0500] {dag.py:3947} INFO - Setting next_dagrun for aerotrack_travel_monitor_correo to None, run_after=None
[2026-07-09T03:03:56.306-0500] {processor.py:183} INFO - Processing /opt/airflow/dags/dag_monitor_correo.py took 0.108 seconds
[2026-07-09T03:04:26.950-0500] {processor.py:161} INFO - Started process (PID=14575) to work on /opt/airflow/dags/dag_monitor_correo.py
[2026-07-09T03:04:26.951-0500] {processor.py:830} INFO - Processing file /opt/airflow/dags/dag_monitor_correo.py for tasks to queue
[2026-07-09T03:04:26.952-0500] {logging_mixin.py:188} INFO - [2026-07-09T03:04:26.952-0500] {dagbag.py:545} INFO - Filling up the DagBag from /opt/airflow/dags/dag_monitor_correo.py
[2026-07-09T03:04:26.995-0500] {processor.py:840} INFO - DAG(s) 'aerotrack_travel_monitor_correo' retrieved from /opt/airflow/dags/dag_monitor_correo.py
[2026-07-09T03:04:27.023-0500] {logging_mixin.py:188} INFO - [2026-07-09T03:04:27.022-0500] {dag.py:3089} INFO - Sync 1 DAGs
[2026-07-09T03:04:27.033-0500] {logging_mixin.py:188} INFO - [2026-07-09T03:04:27.033-0500] {dag.py:3947} INFO - Setting next_dagrun for aerotrack_travel_monitor_correo to None, run_after=None
[2026-07-09T03:04:27.049-0500] {processor.py:183} INFO - Processing /opt/airflow/dags/dag_monitor_correo.py took 0.104 seconds
[2026-07-09T03:04:57.868-0500] {processor.py:161} INFO - Started process (PID=14602) to work on /opt/airflow/dags/dag_monitor_correo.py
[2026-07-09T03:04:57.869-0500] {processor.py:830} INFO - Processing file /opt/airflow/dags/dag_monitor_correo.py for tasks to queue
[2026-07-09T03:04:57.877-0500] {logging_mixin.py:188} INFO - [2026-07-09T03:04:57.877-0500] {dagbag.py:545} INFO - Filling up the DagBag from /opt/airflow/dags/dag_monitor_correo.py
[2026-07-09T03:04:57.952-0500] {processor.py:840} INFO - DAG(s) 'aerotrack_travel_monitor_correo' retrieved from /opt/airflow/dags/dag_monitor_correo.py
[2026-07-09T03:04:58.002-0500] {logging_mixin.py:188} INFO - [2026-07-09T03:04:58.001-0500] {dag.py:3089} INFO - Sync 1 DAGs
[2026-07-09T03:04:58.023-0500] {logging_mixin.py:188} INFO - [2026-07-09T03:04:58.023-0500] {dag.py:3947} INFO - Setting next_dagrun for aerotrack_travel_monitor_correo to None, run_after=None
[2026-07-09T03:04:58.044-0500] {processor.py:183} INFO - Processing /opt/airflow/dags/dag_monitor_correo.py took 0.188 seconds
[2026-07-09T03:05:28.380-0500] {processor.py:161} INFO - Started process (PID=14629) to work on /opt/airflow/dags/dag_monitor_correo.py
[2026-07-09T03:05:28.381-0500] {processor.py:830} INFO - Processing file /opt/airflow/dags/dag_monitor_correo.py for tasks to queue
[2026-07-09T03:05:28.383-0500] {logging_mixin.py:188} INFO - [2026-07-09T03:05:28.383-0500] {dagbag.py:545} INFO - Filling up the DagBag from /opt/airflow/dags/dag_monitor_correo.py
[2026-07-09T03:05:28.415-0500] {processor.py:840} INFO - DAG(s) 'aerotrack_travel_monitor_correo' retrieved from /opt/airflow/dags/dag_monitor_correo.py
[2026-07-09T03:05:28.443-0500] {logging_mixin.py:188} INFO - [2026-07-09T03:05:28.443-0500] {dag.py:3089} INFO - Sync 1 DAGs
[2026-07-09T03:05:28.453-0500] {logging_mixin.py:188} INFO - [2026-07-09T03:05:28.453-0500] {dag.py:3947} INFO - Setting next_dagrun for aerotrack_travel_monitor_correo to None, run_after=None
[2026-07-09T03:05:28.468-0500] {processor.py:183} INFO - Processing /opt/airflow/dags/dag_monitor_correo.py took 0.093 seconds
[2026-07-09T03:05:59.314-0500] {processor.py:161} INFO - Started process (PID=14656) to work on /opt/airflow/dags/dag_monitor_correo.py
[2026-07-09T03:05:59.314-0500] {processor.py:830} INFO - Processing file /opt/airflow/dags/dag_monitor_correo.py for tasks to queue
[2026-07-09T03:05:59.316-0500] {logging_mixin.py:188} INFO - [2026-07-09T03:05:59.316-0500] {dagbag.py:545} INFO - Filling up the DagBag from /opt/airflow/dags/dag_monitor_correo.py
[2026-07-09T03:05:59.362-0500] {processor.py:840} INFO - DAG(s) 'aerotrack_travel_monitor_correo' retrieved from /opt/airflow/dags/dag_monitor_correo.py
[2026-07-09T03:05:59.393-0500] {logging_mixin.py:188} INFO - [2026-07-09T03:05:59.393-0500] {dag.py:3089} INFO - Sync 1 DAGs
[2026-07-09T03:05:59.403-0500] {logging_mixin.py:188} INFO - [2026-07-09T03:05:59.403-0500] {dag.py:3947} INFO - Setting next_dagrun for aerotrack_travel_monitor_correo to None, run_after=None
[2026-07-09T03:05:59.421-0500] {processor.py:183} INFO - Processing /opt/airflow/dags/dag_monitor_correo.py took 0.112 seconds
[2026-07-09T03:06:29.933-0500] {processor.py:161} INFO - Started process (PID=14683) to work on /opt/airflow/dags/dag_monitor_correo.py
[2026-07-09T03:06:29.938-0500] {processor.py:830} INFO - Processing file /opt/airflow/dags/dag_monitor_correo.py for tasks to queue
[2026-07-09T03:06:29.942-0500] {logging_mixin.py:188} INFO - [2026-07-09T03:06:29.940-0500] {dagbag.py:545} INFO - Filling up the DagBag from /opt/airflow/dags/dag_monitor_correo.py
[2026-07-09T03:06:30.019-0500] {processor.py:840} INFO - DAG(s) 'aerotrack_travel_monitor_correo' retrieved from /opt/airflow/dags/dag_monitor_correo.py
[2026-07-09T03:06:30.127-0500] {logging_mixin.py:188} INFO - [2026-07-09T03:06:30.126-0500] {dag.py:3089} INFO - Sync 1 DAGs
[2026-07-09T03:06:30.157-0500] {logging_mixin.py:188} INFO - [2026-07-09T03:06:30.156-0500] {dag.py:3947} INFO - Setting next_dagrun for aerotrack_travel_monitor_correo to None, run_after=None
[2026-07-09T03:06:30.214-0500] {processor.py:183} INFO - Processing /opt/airflow/dags/dag_monitor_correo.py took 0.300 seconds
[2026-07-09T03:07:01.076-0500] {processor.py:161} INFO - Started process (PID=14710) to work on /opt/airflow/dags/dag_monitor_correo.py
[2026-07-09T03:07:01.077-0500] {processor.py:830} INFO - Processing file /opt/airflow/dags/dag_monitor_correo.py for tasks to queue
[2026-07-09T03:07:01.079-0500] {logging_mixin.py:188} INFO - [2026-07-09T03:07:01.078-0500] {dagbag.py:545} INFO - Filling up the DagBag from /opt/airflow/dags/dag_monitor_correo.py
[2026-07-09T03:07:01.129-0500] {processor.py:840} INFO - DAG(s) 'aerotrack_travel_monitor_correo' retrieved from /opt/airflow/dags/dag_monitor_correo.py
[2026-07-09T03:07:01.164-0500] {logging_mixin.py:188} INFO - [2026-07-09T03:07:01.164-0500] {dag.py:3089} INFO - Sync 1 DAGs
[2026-07-09T03:07:01.177-0500] {logging_mixin.py:188} INFO - [2026-07-09T03:07:01.177-0500] {dag.py:3947} INFO - Setting next_dagrun for aerotrack_travel_monitor_correo to None, run_after=None
[2026-07-09T03:07:01.197-0500] {processor.py:183} INFO - Processing /opt/airflow/dags/dag_monitor_correo.py took 0.126 seconds
[2026-07-09T03:07:31.572-0500] {processor.py:161} INFO - Started process (PID=14737) to work on /opt/airflow/dags/dag_monitor_correo.py
[2026-07-09T03:07:31.573-0500] {processor.py:830} INFO - Processing file /opt/airflow/dags/dag_monitor_correo.py for tasks to queue
[2026-07-09T03:07:31.574-0500] {logging_mixin.py:188} INFO - [2026-07-09T03:07:31.574-0500] {dagbag.py:545} INFO - Filling up the DagBag from /opt/airflow/dags/dag_monitor_correo.py
[2026-07-09T03:07:31.606-0500] {processor.py:840} INFO - DAG(s) 'aerotrack_travel_monitor_correo' retrieved from /opt/airflow/dags/dag_monitor_correo.py
[2026-07-09T03:07:31.638-0500] {logging_mixin.py:188} INFO - [2026-07-09T03:07:31.637-0500] {dag.py:3089} INFO - Sync 1 DAGs
[2026-07-09T03:07:31.649-0500] {logging_mixin.py:188} INFO - [2026-07-09T03:07:31.649-0500] {dag.py:3947} INFO - Setting next_dagrun for aerotrack_travel_monitor_correo to None, run_after=None
[2026-07-09T03:07:31.668-0500] {processor.py:183} INFO - Processing /opt/airflow/dags/dag_monitor_correo.py took 0.101 seconds
[2026-07-09T03:08:02.357-0500] {processor.py:161} INFO - Started process (PID=14764) to work on /opt/airflow/dags/dag_monitor_correo.py
[2026-07-09T03:08:02.358-0500] {processor.py:830} INFO - Processing file /opt/airflow/dags/dag_monitor_correo.py for tasks to queue
[2026-07-09T03:08:02.360-0500] {logging_mixin.py:188} INFO - [2026-07-09T03:08:02.359-0500] {dagbag.py:545} INFO - Filling up the DagBag from /opt/airflow/dags/dag_monitor_correo.py
[2026-07-09T03:08:02.390-0500] {processor.py:840} INFO - DAG(s) 'aerotrack_travel_monitor_correo' retrieved from /opt/airflow/dags/dag_monitor_correo.py
[2026-07-09T03:08:02.417-0500] {logging_mixin.py:188} INFO - [2026-07-09T03:08:02.417-0500] {dag.py:3089} INFO - Sync 1 DAGs
[2026-07-09T03:08:02.426-0500] {logging_mixin.py:188} INFO - [2026-07-09T03:08:02.426-0500] {dag.py:3947} INFO - Setting next_dagrun for aerotrack_travel_monitor_correo to None, run_after=None
[2026-07-09T03:08:02.442-0500] {processor.py:183} INFO - Processing /opt/airflow/dags/dag_monitor_correo.py took 0.090 seconds
[2026-07-09T03:08:32.807-0500] {processor.py:161} INFO - Started process (PID=14791) to work on /opt/airflow/dags/dag_monitor_correo.py
[2026-07-09T03:08:32.808-0500] {processor.py:830} INFO - Processing file /opt/airflow/dags/dag_monitor_correo.py for tasks to queue
[2026-07-09T03:08:32.810-0500] {logging_mixin.py:188} INFO - [2026-07-09T03:08:32.810-0500] {dagbag.py:545} INFO - Filling up the DagBag from /opt/airflow/dags/dag_monitor_correo.py
[2026-07-09T03:08:32.858-0500] {processor.py:840} INFO - DAG(s) 'aerotrack_travel_monitor_correo' retrieved from /opt/airflow/dags/dag_monitor_correo.py
[2026-07-09T03:08:32.897-0500] {logging_mixin.py:188} INFO - [2026-07-09T03:08:32.897-0500] {dag.py:3089} INFO - Sync 1 DAGs
[2026-07-09T03:08:32.910-0500] {logging_mixin.py:188} INFO - [2026-07-09T03:08:32.910-0500] {dag.py:3947} INFO - Setting next_dagrun for aerotrack_travel_monitor_correo to None, run_after=None
[2026-07-09T03:08:32.931-0500] {processor.py:183} INFO - Processing /opt/airflow/dags/dag_monitor_correo.py took 0.130 seconds
[2026-07-09T03:09:03.090-0500] {processor.py:161} INFO - Started process (PID=14818) to work on /opt/airflow/dags/dag_monitor_correo.py
[2026-07-09T03:09:03.091-0500] {processor.py:830} INFO - Processing file /opt/airflow/dags/dag_monitor_correo.py for tasks to queue
[2026-07-09T03:09:03.092-0500] {logging_mixin.py:188} INFO - [2026-07-09T03:09:03.092-0500] {dagbag.py:545} INFO - Filling up the DagBag from /opt/airflow/dags/dag_monitor_correo.py
[2026-07-09T03:09:03.130-0500] {processor.py:840} INFO - DAG(s) 'aerotrack_travel_monitor_correo' retrieved from /opt/airflow/dags/dag_monitor_correo.py
[2026-07-09T03:09:03.163-0500] {logging_mixin.py:188} INFO - [2026-07-09T03:09:03.163-0500] {dag.py:3089} INFO - Sync 1 DAGs
[2026-07-09T03:09:03.175-0500] {logging_mixin.py:188} INFO - [2026-07-09T03:09:03.175-0500] {dag.py:3947} INFO - Setting next_dagrun for aerotrack_travel_monitor_correo to None, run_after=None
[2026-07-09T03:09:03.198-0500] {processor.py:183} INFO - Processing /opt/airflow/dags/dag_monitor_correo.py took 0.113 seconds
[2026-07-09T03:09:33.389-0500] {processor.py:161} INFO - Started process (PID=14845) to work on /opt/airflow/dags/dag_monitor_correo.py
[2026-07-09T03:09:33.390-0500] {processor.py:830} INFO - Processing file /opt/airflow/dags/dag_monitor_correo.py for tasks to queue
[2026-07-09T03:09:33.392-0500] {logging_mixin.py:188} INFO - [2026-07-09T03:09:33.391-0500] {dagbag.py:545} INFO - Filling up the DagBag from /opt/airflow/dags/dag_monitor_correo.py
[2026-07-09T03:09:33.423-0500] {processor.py:840} INFO - DAG(s) 'aerotrack_travel_monitor_correo' retrieved from /opt/airflow/dags/dag_monitor_correo.py
[2026-07-09T03:09:33.456-0500] {logging_mixin.py:188} INFO - [2026-07-09T03:09:33.456-0500] {dag.py:3089} INFO - Sync 1 DAGs
[2026-07-09T03:09:33.467-0500] {logging_mixin.py:188} INFO - [2026-07-09T03:09:33.467-0500] {dag.py:3947} INFO - Setting next_dagrun for aerotrack_travel_monitor_correo to None, run_after=None
[2026-07-09T03:09:33.485-0500] {processor.py:183} INFO - Processing /opt/airflow/dags/dag_monitor_correo.py took 0.100 seconds
[2026-07-09T03:10:04.205-0500] {processor.py:161} INFO - Started process (PID=14872) to work on /opt/airflow/dags/dag_monitor_correo.py
[2026-07-09T03:10:04.206-0500] {processor.py:830} INFO - Processing file /opt/airflow/dags/dag_monitor_correo.py for tasks to queue
[2026-07-09T03:10:04.209-0500] {logging_mixin.py:188} INFO - [2026-07-09T03:10:04.208-0500] {dagbag.py:545} INFO - Filling up the DagBag from /opt/airflow/dags/dag_monitor_correo.py
[2026-07-09T03:10:04.269-0500] {processor.py:840} INFO - DAG(s) 'aerotrack_travel_monitor_correo' retrieved from /opt/airflow/dags/dag_monitor_correo.py
[2026-07-09T03:10:04.313-0500] {logging_mixin.py:188} INFO - [2026-07-09T03:10:04.313-0500] {dag.py:3089} INFO - Sync 1 DAGs
[2026-07-09T03:10:04.325-0500] {logging_mixin.py:188} INFO - [2026-07-09T03:10:04.325-0500] {dag.py:3947} INFO - Setting next_dagrun for aerotrack_travel_monitor_correo to None, run_after=None
[2026-07-09T03:10:04.342-0500] {processor.py:183} INFO - Processing /opt/airflow/dags/dag_monitor_correo.py took 0.142 seconds
[2026-07-09T03:10:34.999-0500] {processor.py:161} INFO - Started process (PID=14899) to work on /opt/airflow/dags/dag_monitor_correo.py
[2026-07-09T03:10:35.000-0500] {processor.py:830} INFO - Processing file /opt/airflow/dags/dag_monitor_correo.py for tasks to queue
[2026-07-09T03:10:35.002-0500] {logging_mixin.py:188} INFO - [2026-07-09T03:10:35.001-0500] {dagbag.py:545} INFO - Filling up the DagBag from /opt/airflow/dags/dag_monitor_correo.py
[2026-07-09T03:10:35.049-0500] {processor.py:840} INFO - DAG(s) 'aerotrack_travel_monitor_correo' retrieved from /opt/airflow/dags/dag_monitor_correo.py
[2026-07-09T03:10:35.084-0500] {logging_mixin.py:188} INFO - [2026-07-09T03:10:35.084-0500] {dag.py:3089} INFO - Sync 1 DAGs
[2026-07-09T03:10:35.097-0500] {logging_mixin.py:188} INFO - [2026-07-09T03:10:35.097-0500] {dag.py:3947} INFO - Setting next_dagrun for aerotrack_travel_monitor_correo to None, run_after=None
[2026-07-09T03:10:35.114-0500] {processor.py:183} INFO - Processing /opt/airflow/dags/dag_monitor_correo.py took 0.120 seconds
[2026-07-09T03:11:05.187-0500] {processor.py:161} INFO - Started process (PID=14926) to work on /opt/airflow/dags/dag_monitor_correo.py
[2026-07-09T03:11:05.188-0500] {processor.py:830} INFO - Processing file /opt/airflow/dags/dag_monitor_correo.py for tasks to queue
[2026-07-09T03:11:05.190-0500] {logging_mixin.py:188} INFO - [2026-07-09T03:11:05.189-0500] {dagbag.py:545} INFO - Filling up the DagBag from /opt/airflow/dags/dag_monitor_correo.py
[2026-07-09T03:11:05.232-0500] {processor.py:840} INFO - DAG(s) 'aerotrack_travel_monitor_correo' retrieved from /opt/airflow/dags/dag_monitor_correo.py
[2026-07-09T03:11:05.267-0500] {logging_mixin.py:188} INFO - [2026-07-09T03:11:05.267-0500] {dag.py:3089} INFO - Sync 1 DAGs
[2026-07-09T03:11:05.279-0500] {logging_mixin.py:188} INFO - [2026-07-09T03:11:05.279-0500] {dag.py:3947} INFO - Setting next_dagrun for aerotrack_travel_monitor_correo to None, run_after=None
[2026-07-09T03:11:05.296-0500] {processor.py:183} INFO - Processing /opt/airflow/dags/dag_monitor_correo.py took 0.113 seconds
[2026-07-09T03:11:36.286-0500] {processor.py:161} INFO - Started process (PID=14953) to work on /opt/airflow/dags/dag_monitor_correo.py
[2026-07-09T03:11:36.287-0500] {processor.py:830} INFO - Processing file /opt/airflow/dags/dag_monitor_correo.py for tasks to queue
[2026-07-09T03:11:36.289-0500] {logging_mixin.py:188} INFO - [2026-07-09T03:11:36.288-0500] {dagbag.py:545} INFO - Filling up the DagBag from /opt/airflow/dags/dag_monitor_correo.py
[2026-07-09T03:11:36.333-0500] {processor.py:840} INFO - DAG(s) 'aerotrack_travel_monitor_correo' retrieved from /opt/airflow/dags/dag_monitor_correo.py
[2026-07-09T03:11:36.376-0500] {logging_mixin.py:188} INFO - [2026-07-09T03:11:36.376-0500] {dag.py:3089} INFO - Sync 1 DAGs
[2026-07-09T03:11:36.391-0500] {logging_mixin.py:188} INFO - [2026-07-09T03:11:36.390-0500] {dag.py:3947} INFO - Setting next_dagrun for aerotrack_travel_monitor_correo to None, run_after=None
[2026-07-09T03:11:36.417-0500] {processor.py:183} INFO - Processing /opt/airflow/dags/dag_monitor_correo.py took 0.136 seconds
[2026-07-09T03:12:06.777-0500] {processor.py:161} INFO - Started process (PID=14980) to work on /opt/airflow/dags/dag_monitor_correo.py
[2026-07-09T03:12:06.779-0500] {processor.py:830} INFO - Processing file /opt/airflow/dags/dag_monitor_correo.py for tasks to queue
[2026-07-09T03:12:06.780-0500] {logging_mixin.py:188} INFO - [2026-07-09T03:12:06.780-0500] {dagbag.py:545} INFO - Filling up the DagBag from /opt/airflow/dags/dag_monitor_correo.py
[2026-07-09T03:12:06.832-0500] {processor.py:840} INFO - DAG(s) 'aerotrack_travel_monitor_correo' retrieved from /opt/airflow/dags/dag_monitor_correo.py
[2026-07-09T03:12:06.867-0500] {logging_mixin.py:188} INFO - [2026-07-09T03:12:06.866-0500] {dag.py:3089} INFO - Sync 1 DAGs
[2026-07-09T03:12:06.879-0500] {logging_mixin.py:188} INFO - [2026-07-09T03:12:06.879-0500] {dag.py:3947} INFO - Setting next_dagrun for aerotrack_travel_monitor_correo to None, run_after=None
[2026-07-09T03:12:06.898-0500] {processor.py:183} INFO - Processing /opt/airflow/dags/dag_monitor_correo.py took 0.125 seconds
[2026-07-09T03:12:37.617-0500] {processor.py:161} INFO - Started process (PID=15007) to work on /opt/airflow/dags/dag_monitor_correo.py
[2026-07-09T03:12:37.618-0500] {processor.py:830} INFO - Processing file /opt/airflow/dags/dag_monitor_correo.py for tasks to queue
[2026-07-09T03:12:37.620-0500] {logging_mixin.py:188} INFO - [2026-07-09T03:12:37.619-0500] {dagbag.py:545} INFO - Filling up the DagBag from /opt/airflow/dags/dag_monitor_correo.py
[2026-07-09T03:12:37.657-0500] {processor.py:840} INFO - DAG(s) 'aerotrack_travel_monitor_correo' retrieved from /opt/airflow/dags/dag_monitor_correo.py
[2026-07-09T03:12:37.690-0500] {logging_mixin.py:188} INFO - [2026-07-09T03:12:37.690-0500] {dag.py:3089} INFO - Sync 1 DAGs
[2026-07-09T03:12:37.700-0500] {logging_mixin.py:188} INFO - [2026-07-09T03:12:37.700-0500] {dag.py:3947} INFO - Setting next_dagrun for aerotrack_travel_monitor_correo to None, run_after=None
[2026-07-09T03:12:37.718-0500] {processor.py:183} INFO - Processing /opt/airflow/dags/dag_monitor_correo.py took 0.105 seconds
[2026-07-09T03:13:08.623-0500] {processor.py:161} INFO - Started process (PID=15034) to work on /opt/airflow/dags/dag_monitor_correo.py
[2026-07-09T03:13:08.623-0500] {processor.py:830} INFO - Processing file /opt/airflow/dags/dag_monitor_correo.py for tasks to queue
[2026-07-09T03:13:08.625-0500] {logging_mixin.py:188} INFO - [2026-07-09T03:13:08.625-0500] {dagbag.py:545} INFO - Filling up the DagBag from /opt/airflow/dags/dag_monitor_correo.py
[2026-07-09T03:13:08.662-0500] {processor.py:840} INFO - DAG(s) 'aerotrack_travel_monitor_correo' retrieved from /opt/airflow/dags/dag_monitor_correo.py
[2026-07-09T03:13:08.694-0500] {logging_mixin.py:188} INFO - [2026-07-09T03:13:08.693-0500] {dag.py:3089} INFO - Sync 1 DAGs
[2026-07-09T03:13:08.711-0500] {logging_mixin.py:188} INFO - [2026-07-09T03:13:08.711-0500] {dag.py:3947} INFO - Setting next_dagrun for aerotrack_travel_monitor_correo to None, run_after=None
[2026-07-09T03:13:08.732-0500] {processor.py:183} INFO - Processing /opt/airflow/dags/dag_monitor_correo.py took 0.114 seconds
[2026-07-09T03:13:39.597-0500] {processor.py:161} INFO - Started process (PID=15061) to work on /opt/airflow/dags/dag_monitor_correo.py
[2026-07-09T03:13:39.598-0500] {processor.py:830} INFO - Processing file /opt/airflow/dags/dag_monitor_correo.py for tasks to queue
[2026-07-09T03:13:39.599-0500] {logging_mixin.py:188} INFO - [2026-07-09T03:13:39.599-0500] {dagbag.py:545} INFO - Filling up the DagBag from /opt/airflow/dags/dag_monitor_correo.py
[2026-07-09T03:13:39.646-0500] {processor.py:840} INFO - DAG(s) 'aerotrack_travel_monitor_correo' retrieved from /opt/airflow/dags/dag_monitor_correo.py
[2026-07-09T03:13:39.682-0500] {logging_mixin.py:188} INFO - [2026-07-09T03:13:39.682-0500] {dag.py:3089} INFO - Sync 1 DAGs
[2026-07-09T03:13:39.692-0500] {logging_mixin.py:188} INFO - [2026-07-09T03:13:39.692-0500] {dag.py:3947} INFO - Setting next_dagrun for aerotrack_travel_monitor_correo to None, run_after=None
[2026-07-09T03:13:39.710-0500] {processor.py:183} INFO - Processing /opt/airflow/dags/dag_monitor_correo.py took 0.118 seconds
[2026-07-09T03:14:09.899-0500] {processor.py:161} INFO - Started process (PID=15088) to work on /opt/airflow/dags/dag_monitor_correo.py
[2026-07-09T03:14:09.900-0500] {processor.py:830} INFO - Processing file /opt/airflow/dags/dag_monitor_correo.py for tasks to queue
[2026-07-09T03:14:09.902-0500] {logging_mixin.py:188} INFO - [2026-07-09T03:14:09.901-0500] {dagbag.py:545} INFO - Filling up the DagBag from /opt/airflow/dags/dag_monitor_correo.py
[2026-07-09T03:14:09.934-0500] {processor.py:840} INFO - DAG(s) 'aerotrack_travel_monitor_correo' retrieved from /opt/airflow/dags/dag_monitor_correo.py
[2026-07-09T03:14:09.965-0500] {logging_mixin.py:188} INFO - [2026-07-09T03:14:09.964-0500] {dag.py:3089} INFO - Sync 1 DAGs
[2026-07-09T03:14:09.975-0500] {logging_mixin.py:188} INFO - [2026-07-09T03:14:09.975-0500] {dag.py:3947} INFO - Setting next_dagrun for aerotrack_travel_monitor_correo to None, run_after=None
[2026-07-09T03:14:09.991-0500] {processor.py:183} INFO - Processing /opt/airflow/dags/dag_monitor_correo.py took 0.096 seconds
[2026-07-09T03:14:40.341-0500] {processor.py:161} INFO - Started process (PID=15115) to work on /opt/airflow/dags/dag_monitor_correo.py
[2026-07-09T03:14:40.343-0500] {processor.py:830} INFO - Processing file /opt/airflow/dags/dag_monitor_correo.py for tasks to queue
[2026-07-09T03:14:40.344-0500] {logging_mixin.py:188} INFO - [2026-07-09T03:14:40.344-0500] {dagbag.py:545} INFO - Filling up the DagBag from /opt/airflow/dags/dag_monitor_correo.py
[2026-07-09T03:14:40.419-0500] {processor.py:840} INFO - DAG(s) 'aerotrack_travel_monitor_correo' retrieved from /opt/airflow/dags/dag_monitor_correo.py
[2026-07-09T03:14:40.469-0500] {logging_mixin.py:188} INFO - [2026-07-09T03:14:40.469-0500] {dag.py:3089} INFO - Sync 1 DAGs
[2026-07-09T03:14:40.481-0500] {logging_mixin.py:188} INFO - [2026-07-09T03:14:40.481-0500] {dag.py:3947} INFO - Setting next_dagrun for aerotrack_travel_monitor_correo to None, run_after=None
[2026-07-09T03:14:40.500-0500] {processor.py:183} INFO - Processing /opt/airflow/dags/dag_monitor_correo.py took 0.164 seconds
[2026-07-09T03:15:10.651-0500] {processor.py:161} INFO - Started process (PID=15142) to work on /opt/airflow/dags/dag_monitor_correo.py
[2026-07-09T03:15:10.652-0500] {processor.py:830} INFO - Processing file /opt/airflow/dags/dag_monitor_correo.py for tasks to queue
[2026-07-09T03:15:10.654-0500] {logging_mixin.py:188} INFO - [2026-07-09T03:15:10.653-0500] {dagbag.py:545} INFO - Filling up the DagBag from /opt/airflow/dags/dag_monitor_correo.py
[2026-07-09T03:15:10.706-0500] {processor.py:840} INFO - DAG(s) 'aerotrack_travel_monitor_correo' retrieved from /opt/airflow/dags/dag_monitor_correo.py
[2026-07-09T03:15:10.743-0500] {logging_mixin.py:188} INFO - [2026-07-09T03:15:10.743-0500] {dag.py:3089} INFO - Sync 1 DAGs
[2026-07-09T03:15:10.755-0500] {logging_mixin.py:188} INFO - [2026-07-09T03:15:10.755-0500] {dag.py:3947} INFO - Setting next_dagrun for aerotrack_travel_monitor_correo to None, run_after=None
[2026-07-09T03:15:10.772-0500] {processor.py:183} INFO - Processing /opt/airflow/dags/dag_monitor_correo.py took 0.126 seconds
[2026-07-09T03:15:41.485-0500] {processor.py:161} INFO - Started process (PID=15169) to work on /opt/airflow/dags/dag_monitor_correo.py
[2026-07-09T03:15:41.486-0500] {processor.py:830} INFO - Processing file /opt/airflow/dags/dag_monitor_correo.py for tasks to queue
[2026-07-09T03:15:41.488-0500] {logging_mixin.py:188} INFO - [2026-07-09T03:15:41.487-0500] {dagbag.py:545} INFO - Filling up the DagBag from /opt/airflow/dags/dag_monitor_correo.py
[2026-07-09T03:15:41.533-0500] {processor.py:840} INFO - DAG(s) 'aerotrack_travel_monitor_correo' retrieved from /opt/airflow/dags/dag_monitor_correo.py
[2026-07-09T03:15:41.575-0500] {logging_mixin.py:188} INFO - [2026-07-09T03:15:41.574-0500] {dag.py:3089} INFO - Sync 1 DAGs
[2026-07-09T03:15:41.592-0500] {logging_mixin.py:188} INFO - [2026-07-09T03:15:41.592-0500] {dag.py:3947} INFO - Setting next_dagrun for aerotrack_travel_monitor_correo to None, run_after=None
[2026-07-09T03:15:41.610-0500] {processor.py:183} INFO - Processing /opt/airflow/dags/dag_monitor_correo.py took 0.130 seconds
[2026-07-09T03:16:12.398-0500] {processor.py:161} INFO - Started process (PID=15196) to work on /opt/airflow/dags/dag_monitor_correo.py
[2026-07-09T03:16:12.399-0500] {processor.py:830} INFO - Processing file /opt/airflow/dags/dag_monitor_correo.py for tasks to queue
[2026-07-09T03:16:12.400-0500] {logging_mixin.py:188} INFO - [2026-07-09T03:16:12.400-0500] {dagbag.py:545} INFO - Filling up the DagBag from /opt/airflow/dags/dag_monitor_correo.py
[2026-07-09T03:16:12.447-0500] {processor.py:840} INFO - DAG(s) 'aerotrack_travel_monitor_correo' retrieved from /opt/airflow/dags/dag_monitor_correo.py
[2026-07-09T03:16:12.482-0500] {logging_mixin.py:188} INFO - [2026-07-09T03:16:12.482-0500] {dag.py:3089} INFO - Sync 1 DAGs
[2026-07-09T03:16:12.492-0500] {logging_mixin.py:188} INFO - [2026-07-09T03:16:12.492-0500] {dag.py:3947} INFO - Setting next_dagrun for aerotrack_travel_monitor_correo to None, run_after=None
[2026-07-09T03:16:12.508-0500] {processor.py:183} INFO - Processing /opt/airflow/dags/dag_monitor_correo.py took 0.114 seconds
[2026-07-09T03:16:42.867-0500] {processor.py:161} INFO - Started process (PID=15223) to work on /opt/airflow/dags/dag_monitor_correo.py
[2026-07-09T03:16:42.868-0500] {processor.py:830} INFO - Processing file /opt/airflow/dags/dag_monitor_correo.py for tasks to queue
[2026-07-09T03:16:42.870-0500] {logging_mixin.py:188} INFO - [2026-07-09T03:16:42.869-0500] {dagbag.py:545} INFO - Filling up the DagBag from /opt/airflow/dags/dag_monitor_correo.py
[2026-07-09T03:16:42.914-0500] {processor.py:840} INFO - DAG(s) 'aerotrack_travel_monitor_correo' retrieved from /opt/airflow/dags/dag_monitor_correo.py
[2026-07-09T03:16:42.949-0500] {logging_mixin.py:188} INFO - [2026-07-09T03:16:42.949-0500] {dag.py:3089} INFO - Sync 1 DAGs
[2026-07-09T03:16:42.959-0500] {logging_mixin.py:188} INFO - [2026-07-09T03:16:42.959-0500] {dag.py:3947} INFO - Setting next_dagrun for aerotrack_travel_monitor_correo to None, run_after=None
[2026-07-09T03:16:42.974-0500] {processor.py:183} INFO - Processing /opt/airflow/dags/dag_monitor_correo.py took 0.112 seconds
[2026-07-09T03:17:13.154-0500] {processor.py:161} INFO - Started process (PID=15250) to work on /opt/airflow/dags/dag_monitor_correo.py
[2026-07-09T03:17:13.155-0500] {processor.py:830} INFO - Processing file /opt/airflow/dags/dag_monitor_correo.py for tasks to queue
[2026-07-09T03:17:13.158-0500] {logging_mixin.py:188} INFO - [2026-07-09T03:17:13.157-0500] {dagbag.py:545} INFO - Filling up the DagBag from /opt/airflow/dags/dag_monitor_correo.py
[2026-07-09T03:17:13.200-0500] {processor.py:840} INFO - DAG(s) 'aerotrack_travel_monitor_correo' retrieved from /opt/airflow/dags/dag_monitor_correo.py
[2026-07-09T03:17:13.238-0500] {logging_mixin.py:188} INFO - [2026-07-09T03:17:13.238-0500] {dag.py:3089} INFO - Sync 1 DAGs
[2026-07-09T03:17:13.251-0500] {logging_mixin.py:188} INFO - [2026-07-09T03:17:13.251-0500] {dag.py:3947} INFO - Setting next_dagrun for aerotrack_travel_monitor_correo to None, run_after=None
[2026-07-09T03:17:13.265-0500] {processor.py:183} INFO - Processing /opt/airflow/dags/dag_monitor_correo.py took 0.116 seconds
[2026-07-09T03:17:44.063-0500] {processor.py:161} INFO - Started process (PID=15277) to work on /opt/airflow/dags/dag_monitor_correo.py
[2026-07-09T03:17:44.064-0500] {processor.py:830} INFO - Processing file /opt/airflow/dags/dag_monitor_correo.py for tasks to queue
[2026-07-09T03:17:44.065-0500] {logging_mixin.py:188} INFO - [2026-07-09T03:17:44.065-0500] {dagbag.py:545} INFO - Filling up the DagBag from /opt/airflow/dags/dag_monitor_correo.py
[2026-07-09T03:17:44.110-0500] {processor.py:840} INFO - DAG(s) 'aerotrack_travel_monitor_correo' retrieved from /opt/airflow/dags/dag_monitor_correo.py
[2026-07-09T03:17:44.157-0500] {logging_mixin.py:188} INFO - [2026-07-09T03:17:44.157-0500] {dag.py:3089} INFO - Sync 1 DAGs
[2026-07-09T03:17:44.175-0500] {logging_mixin.py:188} INFO - [2026-07-09T03:17:44.175-0500] {dag.py:3947} INFO - Setting next_dagrun for aerotrack_travel_monitor_correo to None, run_after=None
[2026-07-09T03:17:44.197-0500] {processor.py:183} INFO - Processing /opt/airflow/dags/dag_monitor_correo.py took 0.139 seconds
[2026-07-09T03:18:14.396-0500] {processor.py:161} INFO - Started process (PID=15304) to work on /opt/airflow/dags/dag_monitor_correo.py
[2026-07-09T03:18:14.397-0500] {processor.py:830} INFO - Processing file /opt/airflow/dags/dag_monitor_correo.py for tasks to queue
[2026-07-09T03:18:14.398-0500] {logging_mixin.py:188} INFO - [2026-07-09T03:18:14.398-0500] {dagbag.py:545} INFO - Filling up the DagBag from /opt/airflow/dags/dag_monitor_correo.py
[2026-07-09T03:18:14.429-0500] {processor.py:840} INFO - DAG(s) 'aerotrack_travel_monitor_correo' retrieved from /opt/airflow/dags/dag_monitor_correo.py
[2026-07-09T03:18:14.465-0500] {logging_mixin.py:188} INFO - [2026-07-09T03:18:14.464-0500] {dag.py:3089} INFO - Sync 1 DAGs
[2026-07-09T03:18:14.487-0500] {logging_mixin.py:188} INFO - [2026-07-09T03:18:14.486-0500] {dag.py:3947} INFO - Setting next_dagrun for aerotrack_travel_monitor_correo to None, run_after=None
[2026-07-09T03:18:14.516-0500] {processor.py:183} INFO - Processing /opt/airflow/dags/dag_monitor_correo.py took 0.124 seconds
[2026-07-09T03:18:45.211-0500] {processor.py:161} INFO - Started process (PID=15331) to work on /opt/airflow/dags/dag_monitor_correo.py
[2026-07-09T03:18:45.212-0500] {processor.py:830} INFO - Processing file /opt/airflow/dags/dag_monitor_correo.py for tasks to queue
[2026-07-09T03:18:45.214-0500] {logging_mixin.py:188} INFO - [2026-07-09T03:18:45.213-0500] {dagbag.py:545} INFO - Filling up the DagBag from /opt/airflow/dags/dag_monitor_correo.py
[2026-07-09T03:18:45.249-0500] {processor.py:840} INFO - DAG(s) 'aerotrack_travel_monitor_correo' retrieved from /opt/airflow/dags/dag_monitor_correo.py
[2026-07-09T03:18:45.285-0500] {logging_mixin.py:188} INFO - [2026-07-09T03:18:45.284-0500] {dag.py:3089} INFO - Sync 1 DAGs
[2026-07-09T03:18:45.297-0500] {logging_mixin.py:188} INFO - [2026-07-09T03:18:45.297-0500] {dag.py:3947} INFO - Setting next_dagrun for aerotrack_travel_monitor_correo to None, run_after=None
[2026-07-09T03:18:45.314-0500] {processor.py:183} INFO - Processing /opt/airflow/dags/dag_monitor_correo.py took 0.108 seconds
[2026-07-09T03:19:15.652-0500] {processor.py:161} INFO - Started process (PID=15358) to work on /opt/airflow/dags/dag_monitor_correo.py
[2026-07-09T03:19:15.653-0500] {processor.py:830} INFO - Processing file /opt/airflow/dags/dag_monitor_correo.py for tasks to queue
[2026-07-09T03:19:15.655-0500] {logging_mixin.py:188} INFO - [2026-07-09T03:19:15.655-0500] {dagbag.py:545} INFO - Filling up the DagBag from /opt/airflow/dags/dag_monitor_correo.py
[2026-07-09T03:19:15.709-0500] {processor.py:840} INFO - DAG(s) 'aerotrack_travel_monitor_correo' retrieved from /opt/airflow/dags/dag_monitor_correo.py
[2026-07-09T03:19:15.751-0500] {logging_mixin.py:188} INFO - [2026-07-09T03:19:15.751-0500] {dag.py:3089} INFO - Sync 1 DAGs
[2026-07-09T03:19:15.772-0500] {logging_mixin.py:188} INFO - [2026-07-09T03:19:15.772-0500] {dag.py:3947} INFO - Setting next_dagrun for aerotrack_travel_monitor_correo to None, run_after=None
[2026-07-09T03:19:15.792-0500] {processor.py:183} INFO - Processing /opt/airflow/dags/dag_monitor_correo.py took 0.146 seconds
[2026-07-09T03:19:45.964-0500] {processor.py:161} INFO - Started process (PID=15385) to work on /opt/airflow/dags/dag_monitor_correo.py
[2026-07-09T03:19:45.966-0500] {processor.py:830} INFO - Processing file /opt/airflow/dags/dag_monitor_correo.py for tasks to queue
[2026-07-09T03:19:45.968-0500] {logging_mixin.py:188} INFO - [2026-07-09T03:19:45.968-0500] {dagbag.py:545} INFO - Filling up the DagBag from /opt/airflow/dags/dag_monitor_correo.py
[2026-07-09T03:19:46.024-0500] {processor.py:840} INFO - DAG(s) 'aerotrack_travel_monitor_correo' retrieved from /opt/airflow/dags/dag_monitor_correo.py
[2026-07-09T03:19:46.066-0500] {logging_mixin.py:188} INFO - [2026-07-09T03:19:46.066-0500] {dag.py:3089} INFO - Sync 1 DAGs
[2026-07-09T03:19:46.087-0500] {logging_mixin.py:188} INFO - [2026-07-09T03:19:46.087-0500] {dag.py:3947} INFO - Setting next_dagrun for aerotrack_travel_monitor_correo to None, run_after=None
[2026-07-09T03:19:46.106-0500] {processor.py:183} INFO - Processing /opt/airflow/dags/dag_monitor_correo.py took 0.148 seconds
[2026-07-09T03:20:16.275-0500] {processor.py:161} INFO - Started process (PID=15412) to work on /opt/airflow/dags/dag_monitor_correo.py
[2026-07-09T03:20:16.276-0500] {processor.py:830} INFO - Processing file /opt/airflow/dags/dag_monitor_correo.py for tasks to queue
[2026-07-09T03:20:16.277-0500] {logging_mixin.py:188} INFO - [2026-07-09T03:20:16.277-0500] {dagbag.py:545} INFO - Filling up the DagBag from /opt/airflow/dags/dag_monitor_correo.py
[2026-07-09T03:20:16.312-0500] {processor.py:840} INFO - DAG(s) 'aerotrack_travel_monitor_correo' retrieved from /opt/airflow/dags/dag_monitor_correo.py
[2026-07-09T03:20:16.345-0500] {logging_mixin.py:188} INFO - [2026-07-09T03:20:16.345-0500] {dag.py:3089} INFO - Sync 1 DAGs
[2026-07-09T03:20:16.364-0500] {logging_mixin.py:188} INFO - [2026-07-09T03:20:16.364-0500] {dag.py:3947} INFO - Setting next_dagrun for aerotrack_travel_monitor_correo to None, run_after=None
[2026-07-09T03:20:16.383-0500] {processor.py:183} INFO - Processing /opt/airflow/dags/dag_monitor_correo.py took 0.114 seconds
[2026-07-09T03:20:47.182-0500] {processor.py:161} INFO - Started process (PID=15439) to work on /opt/airflow/dags/dag_monitor_correo.py
[2026-07-09T03:20:47.183-0500] {processor.py:830} INFO - Processing file /opt/airflow/dags/dag_monitor_correo.py for tasks to queue
[2026-07-09T03:20:47.185-0500] {logging_mixin.py:188} INFO - [2026-07-09T03:20:47.184-0500] {dagbag.py:545} INFO - Filling up the DagBag from /opt/airflow/dags/dag_monitor_correo.py
[2026-07-09T03:20:47.227-0500] {processor.py:840} INFO - DAG(s) 'aerotrack_travel_monitor_correo' retrieved from /opt/airflow/dags/dag_monitor_correo.py
[2026-07-09T03:20:47.264-0500] {logging_mixin.py:188} INFO - [2026-07-09T03:20:47.263-0500] {dag.py:3089} INFO - Sync 1 DAGs
[2026-07-09T03:20:47.279-0500] {logging_mixin.py:188} INFO - [2026-07-09T03:20:47.279-0500] {dag.py:3947} INFO - Setting next_dagrun for aerotrack_travel_monitor_correo to None, run_after=None
[2026-07-09T03:20:47.298-0500] {processor.py:183} INFO - Processing /opt/airflow/dags/dag_monitor_correo.py took 0.122 seconds
[2026-07-09T03:21:18.151-0500] {processor.py:161} INFO - Started process (PID=15466) to work on /opt/airflow/dags/dag_monitor_correo.py
[2026-07-09T03:21:18.152-0500] {processor.py:830} INFO - Processing file /opt/airflow/dags/dag_monitor_correo.py for tasks to queue
[2026-07-09T03:21:18.153-0500] {logging_mixin.py:188} INFO - [2026-07-09T03:21:18.153-0500] {dagbag.py:545} INFO - Filling up the DagBag from /opt/airflow/dags/dag_monitor_correo.py
[2026-07-09T03:21:18.198-0500] {processor.py:840} INFO - DAG(s) 'aerotrack_travel_monitor_correo' retrieved from /opt/airflow/dags/dag_monitor_correo.py
[2026-07-09T03:21:18.229-0500] {logging_mixin.py:188} INFO - [2026-07-09T03:21:18.229-0500] {dag.py:3089} INFO - Sync 1 DAGs
[2026-07-09T03:21:18.248-0500] {logging_mixin.py:188} INFO - [2026-07-09T03:21:18.248-0500] {dag.py:3947} INFO - Setting next_dagrun for aerotrack_travel_monitor_correo to None, run_after=None
[2026-07-09T03:21:18.267-0500] {processor.py:183} INFO - Processing /opt/airflow/dags/dag_monitor_correo.py took 0.121 seconds
[2026-07-09T03:21:48.984-0500] {processor.py:161} INFO - Started process (PID=15493) to work on /opt/airflow/dags/dag_monitor_correo.py
[2026-07-09T03:21:48.985-0500] {processor.py:830} INFO - Processing file /opt/airflow/dags/dag_monitor_correo.py for tasks to queue
[2026-07-09T03:21:48.987-0500] {logging_mixin.py:188} INFO - [2026-07-09T03:21:48.986-0500] {dagbag.py:545} INFO - Filling up the DagBag from /opt/airflow/dags/dag_monitor_correo.py
[2026-07-09T03:21:49.030-0500] {processor.py:840} INFO - DAG(s) 'aerotrack_travel_monitor_correo' retrieved from /opt/airflow/dags/dag_monitor_correo.py
[2026-07-09T03:21:49.065-0500] {logging_mixin.py:188} INFO - [2026-07-09T03:21:49.064-0500] {dag.py:3089} INFO - Sync 1 DAGs
[2026-07-09T03:21:49.080-0500] {logging_mixin.py:188} INFO - [2026-07-09T03:21:49.080-0500] {dag.py:3947} INFO - Setting next_dagrun for aerotrack_travel_monitor_correo to None, run_after=None
[2026-07-09T03:21:49.102-0500] {processor.py:183} INFO - Processing /opt/airflow/dags/dag_monitor_correo.py took 0.122 seconds
[2026-07-09T03:22:19.332-0500] {processor.py:161} INFO - Started process (PID=15520) to work on /opt/airflow/dags/dag_monitor_correo.py
[2026-07-09T03:22:19.334-0500] {processor.py:830} INFO - Processing file /opt/airflow/dags/dag_monitor_correo.py for tasks to queue
[2026-07-09T03:22:19.336-0500] {logging_mixin.py:188} INFO - [2026-07-09T03:22:19.335-0500] {dagbag.py:545} INFO - Filling up the DagBag from /opt/airflow/dags/dag_monitor_correo.py
[2026-07-09T03:22:19.385-0500] {processor.py:840} INFO - DAG(s) 'aerotrack_travel_monitor_correo' retrieved from /opt/airflow/dags/dag_monitor_correo.py
[2026-07-09T03:22:19.420-0500] {logging_mixin.py:188} INFO - [2026-07-09T03:22:19.420-0500] {dag.py:3089} INFO - Sync 1 DAGs
[2026-07-09T03:22:19.437-0500] {logging_mixin.py:188} INFO - [2026-07-09T03:22:19.436-0500] {dag.py:3947} INFO - Setting next_dagrun for aerotrack_travel_monitor_correo to None, run_after=None
[2026-07-09T03:22:19.458-0500] {processor.py:183} INFO - Processing /opt/airflow/dags/dag_monitor_correo.py took 0.131 seconds
[2026-07-09T03:22:49.637-0500] {processor.py:161} INFO - Started process (PID=15547) to work on /opt/airflow/dags/dag_monitor_correo.py
[2026-07-09T03:22:49.637-0500] {processor.py:830} INFO - Processing file /opt/airflow/dags/dag_monitor_correo.py for tasks to queue
[2026-07-09T03:22:49.639-0500] {logging_mixin.py:188} INFO - [2026-07-09T03:22:49.639-0500] {dagbag.py:545} INFO - Filling up the DagBag from /opt/airflow/dags/dag_monitor_correo.py
[2026-07-09T03:22:49.676-0500] {processor.py:840} INFO - DAG(s) 'aerotrack_travel_monitor_correo' retrieved from /opt/airflow/dags/dag_monitor_correo.py
[2026-07-09T03:22:49.708-0500] {logging_mixin.py:188} INFO - [2026-07-09T03:22:49.708-0500] {dag.py:3089} INFO - Sync 1 DAGs
[2026-07-09T03:22:49.724-0500] {logging_mixin.py:188} INFO - [2026-07-09T03:22:49.724-0500] {dag.py:3947} INFO - Setting next_dagrun for aerotrack_travel_monitor_correo to None, run_after=None
[2026-07-09T03:22:49.744-0500] {processor.py:183} INFO - Processing /opt/airflow/dags/dag_monitor_correo.py took 0.113 seconds
[2026-07-09T03:23:19.980-0500] {processor.py:161} INFO - Started process (PID=15574) to work on /opt/airflow/dags/dag_monitor_correo.py
[2026-07-09T03:23:19.981-0500] {processor.py:830} INFO - Processing file /opt/airflow/dags/dag_monitor_correo.py for tasks to queue
[2026-07-09T03:23:19.983-0500] {logging_mixin.py:188} INFO - [2026-07-09T03:23:19.983-0500] {dagbag.py:545} INFO - Filling up the DagBag from /opt/airflow/dags/dag_monitor_correo.py
[2026-07-09T03:23:20.025-0500] {processor.py:840} INFO - DAG(s) 'aerotrack_travel_monitor_correo' retrieved from /opt/airflow/dags/dag_monitor_correo.py
[2026-07-09T03:23:20.059-0500] {logging_mixin.py:188} INFO - [2026-07-09T03:23:20.059-0500] {dag.py:3089} INFO - Sync 1 DAGs
[2026-07-09T03:23:20.072-0500] {logging_mixin.py:188} INFO - [2026-07-09T03:23:20.071-0500] {dag.py:3947} INFO - Setting next_dagrun for aerotrack_travel_monitor_correo to None, run_after=None
[2026-07-09T03:23:20.092-0500] {processor.py:183} INFO - Processing /opt/airflow/dags/dag_monitor_correo.py took 0.117 seconds
[2026-07-09T03:23:50.268-0500] {processor.py:161} INFO - Started process (PID=15601) to work on /opt/airflow/dags/dag_monitor_correo.py
[2026-07-09T03:23:50.269-0500] {processor.py:830} INFO - Processing file /opt/airflow/dags/dag_monitor_correo.py for tasks to queue
[2026-07-09T03:23:50.271-0500] {logging_mixin.py:188} INFO - [2026-07-09T03:23:50.270-0500] {dagbag.py:545} INFO - Filling up the DagBag from /opt/airflow/dags/dag_monitor_correo.py
[2026-07-09T03:23:50.299-0500] {processor.py:840} INFO - DAG(s) 'aerotrack_travel_monitor_correo' retrieved from /opt/airflow/dags/dag_monitor_correo.py
[2026-07-09T03:23:50.328-0500] {logging_mixin.py:188} INFO - [2026-07-09T03:23:50.327-0500] {dag.py:3089} INFO - Sync 1 DAGs
[2026-07-09T03:23:50.338-0500] {logging_mixin.py:188} INFO - [2026-07-09T03:23:50.338-0500] {dag.py:3947} INFO - Setting next_dagrun for aerotrack_travel_monitor_correo to None, run_after=None
[2026-07-09T03:23:50.374-0500] {processor.py:183} INFO - Processing /opt/airflow/dags/dag_monitor_correo.py took 0.110 seconds
[2026-07-09T03:24:20.558-0500] {processor.py:161} INFO - Started process (PID=15628) to work on /opt/airflow/dags/dag_monitor_correo.py
[2026-07-09T03:24:20.559-0500] {processor.py:830} INFO - Processing file /opt/airflow/dags/dag_monitor_correo.py for tasks to queue
[2026-07-09T03:24:20.561-0500] {logging_mixin.py:188} INFO - [2026-07-09T03:24:20.560-0500] {dagbag.py:545} INFO - Filling up the DagBag from /opt/airflow/dags/dag_monitor_correo.py
[2026-07-09T03:24:20.590-0500] {processor.py:840} INFO - DAG(s) 'aerotrack_travel_monitor_correo' retrieved from /opt/airflow/dags/dag_monitor_correo.py
[2026-07-09T03:24:20.623-0500] {logging_mixin.py:188} INFO - [2026-07-09T03:24:20.622-0500] {dag.py:3089} INFO - Sync 1 DAGs
[2026-07-09T03:24:20.633-0500] {logging_mixin.py:188} INFO - [2026-07-09T03:24:20.633-0500] {dag.py:3947} INFO - Setting next_dagrun for aerotrack_travel_monitor_correo to None, run_after=None
[2026-07-09T03:24:20.648-0500] {processor.py:183} INFO - Processing /opt/airflow/dags/dag_monitor_correo.py took 0.094 seconds
[2026-07-09T03:24:51.527-0500] {processor.py:161} INFO - Started process (PID=15655) to work on /opt/airflow/dags/dag_monitor_correo.py
[2026-07-09T03:24:51.528-0500] {processor.py:830} INFO - Processing file /opt/airflow/dags/dag_monitor_correo.py for tasks to queue
[2026-07-09T03:24:51.531-0500] {logging_mixin.py:188} INFO - [2026-07-09T03:24:51.530-0500] {dagbag.py:545} INFO - Filling up the DagBag from /opt/airflow/dags/dag_monitor_correo.py
[2026-07-09T03:24:51.575-0500] {processor.py:840} INFO - DAG(s) 'aerotrack_travel_monitor_correo' retrieved from /opt/airflow/dags/dag_monitor_correo.py
[2026-07-09T03:24:51.609-0500] {logging_mixin.py:188} INFO - [2026-07-09T03:24:51.609-0500] {dag.py:3089} INFO - Sync 1 DAGs
[2026-07-09T03:24:51.624-0500] {logging_mixin.py:188} INFO - [2026-07-09T03:24:51.623-0500] {dag.py:3947} INFO - Setting next_dagrun for aerotrack_travel_monitor_correo to None, run_after=None
[2026-07-09T03:24:51.695-0500] {processor.py:183} INFO - Processing /opt/airflow/dags/dag_monitor_correo.py took 0.174 seconds
[2026-07-09T03:25:21.839-0500] {processor.py:161} INFO - Started process (PID=15682) to work on /opt/airflow/dags/dag_monitor_correo.py
[2026-07-09T03:25:21.840-0500] {processor.py:830} INFO - Processing file /opt/airflow/dags/dag_monitor_correo.py for tasks to queue
[2026-07-09T03:25:21.842-0500] {logging_mixin.py:188} INFO - [2026-07-09T03:25:21.842-0500] {dagbag.py:545} INFO - Filling up the DagBag from /opt/airflow/dags/dag_monitor_correo.py
[2026-07-09T03:25:21.882-0500] {processor.py:840} INFO - DAG(s) 'aerotrack_travel_monitor_correo' retrieved from /opt/airflow/dags/dag_monitor_correo.py
[2026-07-09T03:25:21.918-0500] {logging_mixin.py:188} INFO - [2026-07-09T03:25:21.917-0500] {dag.py:3089} INFO - Sync 1 DAGs
[2026-07-09T03:25:21.930-0500] {logging_mixin.py:188} INFO - [2026-07-09T03:25:21.930-0500] {dag.py:3947} INFO - Setting next_dagrun for aerotrack_travel_monitor_correo to None, run_after=None
[2026-07-09T03:25:21.949-0500] {processor.py:183} INFO - Processing /opt/airflow/dags/dag_monitor_correo.py took 0.115 seconds
[2026-07-09T03:25:52.170-0500] {processor.py:161} INFO - Started process (PID=15709) to work on /opt/airflow/dags/dag_monitor_correo.py
[2026-07-09T03:25:52.171-0500] {processor.py:830} INFO - Processing file /opt/airflow/dags/dag_monitor_correo.py for tasks to queue
[2026-07-09T03:25:52.172-0500] {logging_mixin.py:188} INFO - [2026-07-09T03:25:52.172-0500] {dagbag.py:545} INFO - Filling up the DagBag from /opt/airflow/dags/dag_monitor_correo.py
[2026-07-09T03:25:52.200-0500] {processor.py:840} INFO - DAG(s) 'aerotrack_travel_monitor_correo' retrieved from /opt/airflow/dags/dag_monitor_correo.py
[2026-07-09T03:25:52.231-0500] {logging_mixin.py:188} INFO - [2026-07-09T03:25:52.231-0500] {dag.py:3089} INFO - Sync 1 DAGs
[2026-07-09T03:25:52.240-0500] {logging_mixin.py:188} INFO - [2026-07-09T03:25:52.240-0500] {dag.py:3947} INFO - Setting next_dagrun for aerotrack_travel_monitor_correo to None, run_after=None
[2026-07-09T03:25:52.256-0500] {processor.py:183} INFO - Processing /opt/airflow/dags/dag_monitor_correo.py took 0.090 seconds
[2026-07-09T03:26:22.938-0500] {processor.py:161} INFO - Started process (PID=15736) to work on /opt/airflow/dags/dag_monitor_correo.py
[2026-07-09T03:26:22.939-0500] {processor.py:830} INFO - Processing file /opt/airflow/dags/dag_monitor_correo.py for tasks to queue
[2026-07-09T03:26:22.941-0500] {logging_mixin.py:188} INFO - [2026-07-09T03:26:22.940-0500] {dagbag.py:545} INFO - Filling up the DagBag from /opt/airflow/dags/dag_monitor_correo.py
[2026-07-09T03:26:22.986-0500] {processor.py:840} INFO - DAG(s) 'aerotrack_travel_monitor_correo' retrieved from /opt/airflow/dags/dag_monitor_correo.py
[2026-07-09T03:26:23.018-0500] {logging_mixin.py:188} INFO - [2026-07-09T03:26:23.018-0500] {dag.py:3089} INFO - Sync 1 DAGs
[2026-07-09T03:26:23.028-0500] {logging_mixin.py:188} INFO - [2026-07-09T03:26:23.028-0500] {dag.py:3947} INFO - Setting next_dagrun for aerotrack_travel_monitor_correo to None, run_after=None
[2026-07-09T03:26:23.044-0500] {processor.py:183} INFO - Processing /opt/airflow/dags/dag_monitor_correo.py took 0.111 seconds
[2026-07-09T03:26:53.313-0500] {processor.py:161} INFO - Started process (PID=15763) to work on /opt/airflow/dags/dag_monitor_correo.py
[2026-07-09T03:26:53.314-0500] {processor.py:830} INFO - Processing file /opt/airflow/dags/dag_monitor_correo.py for tasks to queue
[2026-07-09T03:26:53.316-0500] {logging_mixin.py:188} INFO - [2026-07-09T03:26:53.316-0500] {dagbag.py:545} INFO - Filling up the DagBag from /opt/airflow/dags/dag_monitor_correo.py
[2026-07-09T03:26:53.358-0500] {processor.py:840} INFO - DAG(s) 'aerotrack_travel_monitor_correo' retrieved from /opt/airflow/dags/dag_monitor_correo.py
[2026-07-09T03:26:53.392-0500] {logging_mixin.py:188} INFO - [2026-07-09T03:26:53.392-0500] {dag.py:3089} INFO - Sync 1 DAGs
[2026-07-09T03:26:53.403-0500] {logging_mixin.py:188} INFO - [2026-07-09T03:26:53.403-0500] {dag.py:3947} INFO - Setting next_dagrun for aerotrack_travel_monitor_correo to None, run_after=None
[2026-07-09T03:26:53.423-0500] {processor.py:183} INFO - Processing /opt/airflow/dags/dag_monitor_correo.py took 0.115 seconds
[2026-07-09T03:27:24.124-0500] {processor.py:161} INFO - Started process (PID=15790) to work on /opt/airflow/dags/dag_monitor_correo.py
[2026-07-09T03:27:24.125-0500] {processor.py:830} INFO - Processing file /opt/airflow/dags/dag_monitor_correo.py for tasks to queue
[2026-07-09T03:27:24.126-0500] {logging_mixin.py:188} INFO - [2026-07-09T03:27:24.126-0500] {dagbag.py:545} INFO - Filling up the DagBag from /opt/airflow/dags/dag_monitor_correo.py
[2026-07-09T03:27:24.155-0500] {processor.py:840} INFO - DAG(s) 'aerotrack_travel_monitor_correo' retrieved from /opt/airflow/dags/dag_monitor_correo.py
[2026-07-09T03:27:24.183-0500] {logging_mixin.py:188} INFO - [2026-07-09T03:27:24.183-0500] {dag.py:3089} INFO - Sync 1 DAGs
[2026-07-09T03:27:24.194-0500] {logging_mixin.py:188} INFO - [2026-07-09T03:27:24.194-0500] {dag.py:3947} INFO - Setting next_dagrun for aerotrack_travel_monitor_correo to None, run_after=None
[2026-07-09T03:27:24.210-0500] {processor.py:183} INFO - Processing /opt/airflow/dags/dag_monitor_correo.py took 0.091 seconds
[2026-07-09T03:27:54.556-0500] {processor.py:161} INFO - Started process (PID=15817) to work on /opt/airflow/dags/dag_monitor_correo.py
[2026-07-09T03:27:54.557-0500] {processor.py:830} INFO - Processing file /opt/airflow/dags/dag_monitor_correo.py for tasks to queue
[2026-07-09T03:27:54.558-0500] {logging_mixin.py:188} INFO - [2026-07-09T03:27:54.558-0500] {dagbag.py:545} INFO - Filling up the DagBag from /opt/airflow/dags/dag_monitor_correo.py
[2026-07-09T03:27:54.594-0500] {processor.py:840} INFO - DAG(s) 'aerotrack_travel_monitor_correo' retrieved from /opt/airflow/dags/dag_monitor_correo.py
[2026-07-09T03:27:54.625-0500] {logging_mixin.py:188} INFO - [2026-07-09T03:27:54.625-0500] {dag.py:3089} INFO - Sync 1 DAGs
[2026-07-09T03:27:54.636-0500] {logging_mixin.py:188} INFO - [2026-07-09T03:27:54.636-0500] {dag.py:3947} INFO - Setting next_dagrun for aerotrack_travel_monitor_correo to None, run_after=None
[2026-07-09T03:27:54.651-0500] {processor.py:183} INFO - Processing /opt/airflow/dags/dag_monitor_correo.py took 0.100 seconds
[2026-07-09T03:28:25.107-0500] {processor.py:161} INFO - Started process (PID=15846) to work on /opt/airflow/dags/dag_monitor_correo.py
[2026-07-09T03:28:25.109-0500] {processor.py:830} INFO - Processing file /opt/airflow/dags/dag_monitor_correo.py for tasks to queue
[2026-07-09T03:28:25.111-0500] {logging_mixin.py:188} INFO - [2026-07-09T03:28:25.111-0500] {dagbag.py:545} INFO - Filling up the DagBag from /opt/airflow/dags/dag_monitor_correo.py
[2026-07-09T03:28:25.162-0500] {processor.py:840} INFO - DAG(s) 'aerotrack_travel_monitor_correo' retrieved from /opt/airflow/dags/dag_monitor_correo.py
[2026-07-09T03:28:25.195-0500] {logging_mixin.py:188} INFO - [2026-07-09T03:28:25.194-0500] {dag.py:3089} INFO - Sync 1 DAGs
[2026-07-09T03:28:25.205-0500] {logging_mixin.py:188} INFO - [2026-07-09T03:28:25.205-0500] {dag.py:3947} INFO - Setting next_dagrun for aerotrack_travel_monitor_correo to None, run_after=None
[2026-07-09T03:28:25.269-0500] {processor.py:183} INFO - Processing /opt/airflow/dags/dag_monitor_correo.py took 0.167 seconds
[2026-07-09T03:28:55.422-0500] {processor.py:161} INFO - Started process (PID=15859) to work on /opt/airflow/dags/dag_monitor_correo.py
[2026-07-09T03:28:55.423-0500] {processor.py:830} INFO - Processing file /opt/airflow/dags/dag_monitor_correo.py for tasks to queue
[2026-07-09T03:28:55.427-0500] {logging_mixin.py:188} INFO - [2026-07-09T03:28:55.426-0500] {dagbag.py:545} INFO - Filling up the DagBag from /opt/airflow/dags/dag_monitor_correo.py
[2026-07-09T03:28:55.493-0500] {processor.py:840} INFO - DAG(s) 'aerotrack_travel_monitor_correo' retrieved from /opt/airflow/dags/dag_monitor_correo.py
[2026-07-09T03:28:55.546-0500] {logging_mixin.py:188} INFO - [2026-07-09T03:28:55.546-0500] {dag.py:3089} INFO - Sync 1 DAGs
[2026-07-09T03:28:55.561-0500] {logging_mixin.py:188} INFO - [2026-07-09T03:28:55.561-0500] {dag.py:3947} INFO - Setting next_dagrun for aerotrack_travel_monitor_correo to None, run_after=None
[2026-07-09T03:28:55.585-0500] {processor.py:183} INFO - Processing /opt/airflow/dags/dag_monitor_correo.py took 0.183 seconds
[2026-07-09T03:29:25.928-0500] {processor.py:161} INFO - Started process (PID=15886) to work on /opt/airflow/dags/dag_monitor_correo.py
[2026-07-09T03:29:25.930-0500] {processor.py:830} INFO - Processing file /opt/airflow/dags/dag_monitor_correo.py for tasks to queue
[2026-07-09T03:29:25.932-0500] {logging_mixin.py:188} INFO - [2026-07-09T03:29:25.932-0500] {dagbag.py:545} INFO - Filling up the DagBag from /opt/airflow/dags/dag_monitor_correo.py
[2026-07-09T03:29:25.990-0500] {processor.py:840} INFO - DAG(s) 'aerotrack_travel_monitor_correo' retrieved from /opt/airflow/dags/dag_monitor_correo.py
[2026-07-09T03:29:26.036-0500] {logging_mixin.py:188} INFO - [2026-07-09T03:29:26.036-0500] {dag.py:3089} INFO - Sync 1 DAGs
[2026-07-09T03:29:26.049-0500] {logging_mixin.py:188} INFO - [2026-07-09T03:29:26.049-0500] {dag.py:3947} INFO - Setting next_dagrun for aerotrack_travel_monitor_correo to None, run_after=None
[2026-07-09T03:29:26.073-0500] {processor.py:183} INFO - Processing /opt/airflow/dags/dag_monitor_correo.py took 0.153 seconds
[2026-07-09T03:29:56.260-0500] {processor.py:161} INFO - Started process (PID=15913) to work on /opt/airflow/dags/dag_monitor_correo.py
[2026-07-09T03:29:56.262-0500] {processor.py:830} INFO - Processing file /opt/airflow/dags/dag_monitor_correo.py for tasks to queue
[2026-07-09T03:29:56.266-0500] {logging_mixin.py:188} INFO - [2026-07-09T03:29:56.265-0500] {dagbag.py:545} INFO - Filling up the DagBag from /opt/airflow/dags/dag_monitor_correo.py
[2026-07-09T03:29:56.323-0500] {processor.py:840} INFO - DAG(s) 'aerotrack_travel_monitor_correo' retrieved from /opt/airflow/dags/dag_monitor_correo.py
[2026-07-09T03:29:56.366-0500] {logging_mixin.py:188} INFO - [2026-07-09T03:29:56.366-0500] {dag.py:3089} INFO - Sync 1 DAGs
[2026-07-09T03:29:56.379-0500] {logging_mixin.py:188} INFO - [2026-07-09T03:29:56.379-0500] {dag.py:3947} INFO - Setting next_dagrun for aerotrack_travel_monitor_correo to None, run_after=None
[2026-07-09T03:29:56.450-0500] {processor.py:183} INFO - Processing /opt/airflow/dags/dag_monitor_correo.py took 0.198 seconds
[2026-07-09T03:30:26.778-0500] {processor.py:161} INFO - Started process (PID=15940) to work on /opt/airflow/dags/dag_monitor_correo.py
[2026-07-09T03:30:26.779-0500] {processor.py:830} INFO - Processing file /opt/airflow/dags/dag_monitor_correo.py for tasks to queue
[2026-07-09T03:30:26.781-0500] {logging_mixin.py:188} INFO - [2026-07-09T03:30:26.781-0500] {dagbag.py:545} INFO - Filling up the DagBag from /opt/airflow/dags/dag_monitor_correo.py
[2026-07-09T03:30:26.818-0500] {processor.py:840} INFO - DAG(s) 'aerotrack_travel_monitor_correo' retrieved from /opt/airflow/dags/dag_monitor_correo.py
[2026-07-09T03:30:26.853-0500] {logging_mixin.py:188} INFO - [2026-07-09T03:30:26.853-0500] {dag.py:3089} INFO - Sync 1 DAGs
[2026-07-09T03:30:26.866-0500] {logging_mixin.py:188} INFO - [2026-07-09T03:30:26.865-0500] {dag.py:3947} INFO - Setting next_dagrun for aerotrack_travel_monitor_correo to None, run_after=None
[2026-07-09T03:30:26.883-0500] {processor.py:183} INFO - Processing /opt/airflow/dags/dag_monitor_correo.py took 0.110 seconds
[2026-07-09T03:30:57.737-0500] {processor.py:161} INFO - Started process (PID=15967) to work on /opt/airflow/dags/dag_monitor_correo.py
[2026-07-09T03:30:57.738-0500] {processor.py:830} INFO - Processing file /opt/airflow/dags/dag_monitor_correo.py for tasks to queue
[2026-07-09T03:30:57.740-0500] {logging_mixin.py:188} INFO - [2026-07-09T03:30:57.740-0500] {dagbag.py:545} INFO - Filling up the DagBag from /opt/airflow/dags/dag_monitor_correo.py
[2026-07-09T03:30:57.785-0500] {processor.py:840} INFO - DAG(s) 'aerotrack_travel_monitor_correo' retrieved from /opt/airflow/dags/dag_monitor_correo.py
[2026-07-09T03:30:57.819-0500] {logging_mixin.py:188} INFO - [2026-07-09T03:30:57.819-0500] {dag.py:3089} INFO - Sync 1 DAGs
[2026-07-09T03:30:57.831-0500] {logging_mixin.py:188} INFO - [2026-07-09T03:30:57.831-0500] {dag.py:3947} INFO - Setting next_dagrun for aerotrack_travel_monitor_correo to None, run_after=None
[2026-07-09T03:30:57.866-0500] {processor.py:183} INFO - Processing /opt/airflow/dags/dag_monitor_correo.py took 0.135 seconds
[2026-07-09T03:31:28.677-0500] {processor.py:161} INFO - Started process (PID=15994) to work on /opt/airflow/dags/dag_monitor_correo.py
[2026-07-09T03:31:28.682-0500] {processor.py:830} INFO - Processing file /opt/airflow/dags/dag_monitor_correo.py for tasks to queue
[2026-07-09T03:31:28.684-0500] {logging_mixin.py:188} INFO - [2026-07-09T03:31:28.684-0500] {dagbag.py:545} INFO - Filling up the DagBag from /opt/airflow/dags/dag_monitor_correo.py
[2026-07-09T03:31:28.728-0500] {processor.py:840} INFO - DAG(s) 'aerotrack_travel_monitor_correo' retrieved from /opt/airflow/dags/dag_monitor_correo.py
[2026-07-09T03:31:28.766-0500] {logging_mixin.py:188} INFO - [2026-07-09T03:31:28.766-0500] {dag.py:3089} INFO - Sync 1 DAGs
[2026-07-09T03:31:28.779-0500] {logging_mixin.py:188} INFO - [2026-07-09T03:31:28.779-0500] {dag.py:3947} INFO - Setting next_dagrun for aerotrack_travel_monitor_correo to None, run_after=None
[2026-07-09T03:31:28.808-0500] {processor.py:183} INFO - Processing /opt/airflow/dags/dag_monitor_correo.py took 0.137 seconds
[2026-07-09T03:31:59.742-0500] {processor.py:161} INFO - Started process (PID=16021) to work on /opt/airflow/dags/dag_monitor_correo.py
[2026-07-09T03:31:59.743-0500] {processor.py:830} INFO - Processing file /opt/airflow/dags/dag_monitor_correo.py for tasks to queue
[2026-07-09T03:31:59.744-0500] {logging_mixin.py:188} INFO - [2026-07-09T03:31:59.744-0500] {dagbag.py:545} INFO - Filling up the DagBag from /opt/airflow/dags/dag_monitor_correo.py
[2026-07-09T03:31:59.783-0500] {processor.py:840} INFO - DAG(s) 'aerotrack_travel_monitor_correo' retrieved from /opt/airflow/dags/dag_monitor_correo.py
[2026-07-09T03:31:59.817-0500] {logging_mixin.py:188} INFO - [2026-07-09T03:31:59.817-0500] {dag.py:3089} INFO - Sync 1 DAGs
[2026-07-09T03:31:59.829-0500] {logging_mixin.py:188} INFO - [2026-07-09T03:31:59.829-0500] {dag.py:3947} INFO - Setting next_dagrun for aerotrack_travel_monitor_correo to None, run_after=None
[2026-07-09T03:31:59.896-0500] {processor.py:183} INFO - Processing /opt/airflow/dags/dag_monitor_correo.py took 0.159 seconds
[2026-07-09T03:32:30.578-0500] {processor.py:161} INFO - Started process (PID=16048) to work on /opt/airflow/dags/dag_monitor_correo.py
[2026-07-09T03:32:30.579-0500] {processor.py:830} INFO - Processing file /opt/airflow/dags/dag_monitor_correo.py for tasks to queue
[2026-07-09T03:32:30.581-0500] {logging_mixin.py:188} INFO - [2026-07-09T03:32:30.581-0500] {dagbag.py:545} INFO - Filling up the DagBag from /opt/airflow/dags/dag_monitor_correo.py
[2026-07-09T03:32:30.623-0500] {processor.py:840} INFO - DAG(s) 'aerotrack_travel_monitor_correo' retrieved from /opt/airflow/dags/dag_monitor_correo.py
[2026-07-09T03:32:30.658-0500] {logging_mixin.py:188} INFO - [2026-07-09T03:32:30.658-0500] {dag.py:3089} INFO - Sync 1 DAGs
[2026-07-09T03:32:30.669-0500] {logging_mixin.py:188} INFO - [2026-07-09T03:32:30.668-0500] {dag.py:3947} INFO - Setting next_dagrun for aerotrack_travel_monitor_correo to None, run_after=None
[2026-07-09T03:32:30.687-0500] {processor.py:183} INFO - Processing /opt/airflow/dags/dag_monitor_correo.py took 0.114 seconds
[2026-07-09T03:33:01.380-0500] {processor.py:161} INFO - Started process (PID=16075) to work on /opt/airflow/dags/dag_monitor_correo.py
[2026-07-09T03:33:01.381-0500] {processor.py:830} INFO - Processing file /opt/airflow/dags/dag_monitor_correo.py for tasks to queue
[2026-07-09T03:33:01.383-0500] {logging_mixin.py:188} INFO - [2026-07-09T03:33:01.383-0500] {dagbag.py:545} INFO - Filling up the DagBag from /opt/airflow/dags/dag_monitor_correo.py
[2026-07-09T03:33:01.415-0500] {processor.py:840} INFO - DAG(s) 'aerotrack_travel_monitor_correo' retrieved from /opt/airflow/dags/dag_monitor_correo.py
[2026-07-09T03:33:01.455-0500] {logging_mixin.py:188} INFO - [2026-07-09T03:33:01.455-0500] {dag.py:3089} INFO - Sync 1 DAGs
[2026-07-09T03:33:01.468-0500] {logging_mixin.py:188} INFO - [2026-07-09T03:33:01.468-0500] {dag.py:3947} INFO - Setting next_dagrun for aerotrack_travel_monitor_correo to None, run_after=None
[2026-07-09T03:33:01.499-0500] {processor.py:183} INFO - Processing /opt/airflow/dags/dag_monitor_correo.py took 0.122 seconds
[2026-07-09T03:33:32.251-0500] {processor.py:161} INFO - Started process (PID=16102) to work on /opt/airflow/dags/dag_monitor_correo.py
[2026-07-09T03:33:32.252-0500] {processor.py:830} INFO - Processing file /opt/airflow/dags/dag_monitor_correo.py for tasks to queue
[2026-07-09T03:33:32.254-0500] {logging_mixin.py:188} INFO - [2026-07-09T03:33:32.254-0500] {dagbag.py:545} INFO - Filling up the DagBag from /opt/airflow/dags/dag_monitor_correo.py
[2026-07-09T03:33:32.297-0500] {processor.py:840} INFO - DAG(s) 'aerotrack_travel_monitor_correo' retrieved from /opt/airflow/dags/dag_monitor_correo.py
[2026-07-09T03:33:32.329-0500] {logging_mixin.py:188} INFO - [2026-07-09T03:33:32.328-0500] {dag.py:3089} INFO - Sync 1 DAGs
[2026-07-09T03:33:32.341-0500] {logging_mixin.py:188} INFO - [2026-07-09T03:33:32.341-0500] {dag.py:3947} INFO - Setting next_dagrun for aerotrack_travel_monitor_correo to None, run_after=None
[2026-07-09T03:33:32.358-0500] {processor.py:183} INFO - Processing /opt/airflow/dags/dag_monitor_correo.py took 0.113 seconds
[2026-07-09T03:34:03.110-0500] {processor.py:161} INFO - Started process (PID=16129) to work on /opt/airflow/dags/dag_monitor_correo.py
[2026-07-09T03:34:03.111-0500] {processor.py:830} INFO - Processing file /opt/airflow/dags/dag_monitor_correo.py for tasks to queue
[2026-07-09T03:34:03.113-0500] {logging_mixin.py:188} INFO - [2026-07-09T03:34:03.113-0500] {dagbag.py:545} INFO - Filling up the DagBag from /opt/airflow/dags/dag_monitor_correo.py
[2026-07-09T03:34:03.152-0500] {processor.py:840} INFO - DAG(s) 'aerotrack_travel_monitor_correo' retrieved from /opt/airflow/dags/dag_monitor_correo.py
[2026-07-09T03:34:03.186-0500] {logging_mixin.py:188} INFO - [2026-07-09T03:34:03.186-0500] {dag.py:3089} INFO - Sync 1 DAGs
[2026-07-09T03:34:03.200-0500] {logging_mixin.py:188} INFO - [2026-07-09T03:34:03.199-0500] {dag.py:3947} INFO - Setting next_dagrun for aerotrack_travel_monitor_correo to None, run_after=None
[2026-07-09T03:34:03.218-0500] {processor.py:183} INFO - Processing /opt/airflow/dags/dag_monitor_correo.py took 0.114 seconds
[2026-07-09T03:34:34.010-0500] {processor.py:161} INFO - Started process (PID=16156) to work on /opt/airflow/dags/dag_monitor_correo.py
[2026-07-09T03:34:34.011-0500] {processor.py:830} INFO - Processing file /opt/airflow/dags/dag_monitor_correo.py for tasks to queue
[2026-07-09T03:34:34.013-0500] {logging_mixin.py:188} INFO - [2026-07-09T03:34:34.013-0500] {dagbag.py:545} INFO - Filling up the DagBag from /opt/airflow/dags/dag_monitor_correo.py
[2026-07-09T03:34:34.051-0500] {processor.py:840} INFO - DAG(s) 'aerotrack_travel_monitor_correo' retrieved from /opt/airflow/dags/dag_monitor_correo.py
[2026-07-09T03:34:34.085-0500] {logging_mixin.py:188} INFO - [2026-07-09T03:34:34.085-0500] {dag.py:3089} INFO - Sync 1 DAGs
[2026-07-09T03:34:34.097-0500] {logging_mixin.py:188} INFO - [2026-07-09T03:34:34.097-0500] {dag.py:3947} INFO - Setting next_dagrun for aerotrack_travel_monitor_correo to None, run_after=None
[2026-07-09T03:34:34.117-0500] {processor.py:183} INFO - Processing /opt/airflow/dags/dag_monitor_correo.py took 0.111 seconds
[2026-07-09T03:35:04.897-0500] {processor.py:161} INFO - Started process (PID=16183) to work on /opt/airflow/dags/dag_monitor_correo.py
[2026-07-09T03:35:04.898-0500] {processor.py:830} INFO - Processing file /opt/airflow/dags/dag_monitor_correo.py for tasks to queue
[2026-07-09T03:35:04.900-0500] {logging_mixin.py:188} INFO - [2026-07-09T03:35:04.900-0500] {dagbag.py:545} INFO - Filling up the DagBag from /opt/airflow/dags/dag_monitor_correo.py
[2026-07-09T03:35:04.944-0500] {processor.py:840} INFO - DAG(s) 'aerotrack_travel_monitor_correo' retrieved from /opt/airflow/dags/dag_monitor_correo.py
[2026-07-09T03:35:04.982-0500] {logging_mixin.py:188} INFO - [2026-07-09T03:35:04.982-0500] {dag.py:3089} INFO - Sync 1 DAGs
[2026-07-09T03:35:04.997-0500] {logging_mixin.py:188} INFO - [2026-07-09T03:35:04.996-0500] {dag.py:3947} INFO - Setting next_dagrun for aerotrack_travel_monitor_correo to None, run_after=None
[2026-07-09T03:35:05.018-0500] {processor.py:183} INFO - Processing /opt/airflow/dags/dag_monitor_correo.py took 0.126 seconds
[2026-07-09T03:35:35.903-0500] {processor.py:161} INFO - Started process (PID=16210) to work on /opt/airflow/dags/dag_monitor_correo.py
[2026-07-09T03:35:35.904-0500] {processor.py:830} INFO - Processing file /opt/airflow/dags/dag_monitor_correo.py for tasks to queue
[2026-07-09T03:35:35.906-0500] {logging_mixin.py:188} INFO - [2026-07-09T03:35:35.906-0500] {dagbag.py:545} INFO - Filling up the DagBag from /opt/airflow/dags/dag_monitor_correo.py
[2026-07-09T03:35:35.949-0500] {processor.py:840} INFO - DAG(s) 'aerotrack_travel_monitor_correo' retrieved from /opt/airflow/dags/dag_monitor_correo.py
[2026-07-09T03:35:35.983-0500] {logging_mixin.py:188} INFO - [2026-07-09T03:35:35.982-0500] {dag.py:3089} INFO - Sync 1 DAGs
[2026-07-09T03:35:35.995-0500] {logging_mixin.py:188} INFO - [2026-07-09T03:35:35.995-0500] {dag.py:3947} INFO - Setting next_dagrun for aerotrack_travel_monitor_correo to None, run_after=None
[2026-07-09T03:35:36.014-0500] {processor.py:183} INFO - Processing /opt/airflow/dags/dag_monitor_correo.py took 0.116 seconds
[2026-07-09T03:36:06.873-0500] {processor.py:161} INFO - Started process (PID=16237) to work on /opt/airflow/dags/dag_monitor_correo.py
[2026-07-09T03:36:06.874-0500] {processor.py:830} INFO - Processing file /opt/airflow/dags/dag_monitor_correo.py for tasks to queue
[2026-07-09T03:36:06.876-0500] {logging_mixin.py:188} INFO - [2026-07-09T03:36:06.876-0500] {dagbag.py:545} INFO - Filling up the DagBag from /opt/airflow/dags/dag_monitor_correo.py
[2026-07-09T03:36:06.916-0500] {processor.py:840} INFO - DAG(s) 'aerotrack_travel_monitor_correo' retrieved from /opt/airflow/dags/dag_monitor_correo.py
[2026-07-09T03:36:06.952-0500] {logging_mixin.py:188} INFO - [2026-07-09T03:36:06.952-0500] {dag.py:3089} INFO - Sync 1 DAGs
[2026-07-09T03:36:06.963-0500] {logging_mixin.py:188} INFO - [2026-07-09T03:36:06.963-0500] {dag.py:3947} INFO - Setting next_dagrun for aerotrack_travel_monitor_correo to None, run_after=None
[2026-07-09T03:36:06.980-0500] {processor.py:183} INFO - Processing /opt/airflow/dags/dag_monitor_correo.py took 0.112 seconds
[2026-07-09T03:36:37.758-0500] {processor.py:161} INFO - Started process (PID=16264) to work on /opt/airflow/dags/dag_monitor_correo.py
[2026-07-09T03:36:37.759-0500] {processor.py:830} INFO - Processing file /opt/airflow/dags/dag_monitor_correo.py for tasks to queue
[2026-07-09T03:36:37.761-0500] {logging_mixin.py:188} INFO - [2026-07-09T03:36:37.760-0500] {dagbag.py:545} INFO - Filling up the DagBag from /opt/airflow/dags/dag_monitor_correo.py
[2026-07-09T03:36:37.810-0500] {processor.py:840} INFO - DAG(s) 'aerotrack_travel_monitor_correo' retrieved from /opt/airflow/dags/dag_monitor_correo.py
[2026-07-09T03:36:37.844-0500] {logging_mixin.py:188} INFO - [2026-07-09T03:36:37.844-0500] {dag.py:3089} INFO - Sync 1 DAGs
[2026-07-09T03:36:37.855-0500] {logging_mixin.py:188} INFO - [2026-07-09T03:36:37.855-0500] {dag.py:3947} INFO - Setting next_dagrun for aerotrack_travel_monitor_correo to None, run_after=None
[2026-07-09T03:36:37.871-0500] {processor.py:183} INFO - Processing /opt/airflow/dags/dag_monitor_correo.py took 0.118 seconds
[2026-07-09T03:37:08.527-0500] {processor.py:161} INFO - Started process (PID=16291) to work on /opt/airflow/dags/dag_monitor_correo.py
[2026-07-09T03:37:08.528-0500] {processor.py:830} INFO - Processing file /opt/airflow/dags/dag_monitor_correo.py for tasks to queue
[2026-07-09T03:37:08.530-0500] {logging_mixin.py:188} INFO - [2026-07-09T03:37:08.529-0500] {dagbag.py:545} INFO - Filling up the DagBag from /opt/airflow/dags/dag_monitor_correo.py
[2026-07-09T03:37:08.563-0500] {processor.py:840} INFO - DAG(s) 'aerotrack_travel_monitor_correo' retrieved from /opt/airflow/dags/dag_monitor_correo.py
[2026-07-09T03:37:08.595-0500] {logging_mixin.py:188} INFO - [2026-07-09T03:37:08.594-0500] {dag.py:3089} INFO - Sync 1 DAGs
[2026-07-09T03:37:08.606-0500] {logging_mixin.py:188} INFO - [2026-07-09T03:37:08.606-0500] {dag.py:3947} INFO - Setting next_dagrun for aerotrack_travel_monitor_correo to None, run_after=None
[2026-07-09T03:37:08.621-0500] {processor.py:183} INFO - Processing /opt/airflow/dags/dag_monitor_correo.py took 0.098 seconds
[2026-07-09T03:37:39.521-0500] {processor.py:161} INFO - Started process (PID=16318) to work on /opt/airflow/dags/dag_monitor_correo.py
[2026-07-09T03:37:39.522-0500] {processor.py:830} INFO - Processing file /opt/airflow/dags/dag_monitor_correo.py for tasks to queue
[2026-07-09T03:37:39.524-0500] {logging_mixin.py:188} INFO - [2026-07-09T03:37:39.523-0500] {dagbag.py:545} INFO - Filling up the DagBag from /opt/airflow/dags/dag_monitor_correo.py
[2026-07-09T03:37:39.564-0500] {processor.py:840} INFO - DAG(s) 'aerotrack_travel_monitor_correo' retrieved from /opt/airflow/dags/dag_monitor_correo.py
[2026-07-09T03:37:39.595-0500] {logging_mixin.py:188} INFO - [2026-07-09T03:37:39.595-0500] {dag.py:3089} INFO - Sync 1 DAGs
[2026-07-09T03:37:39.607-0500] {logging_mixin.py:188} INFO - [2026-07-09T03:37:39.607-0500] {dag.py:3947} INFO - Setting next_dagrun for aerotrack_travel_monitor_correo to None, run_after=None
[2026-07-09T03:37:39.624-0500] {processor.py:183} INFO - Processing /opt/airflow/dags/dag_monitor_correo.py took 0.108 seconds
[2026-07-09T03:38:10.358-0500] {processor.py:161} INFO - Started process (PID=16345) to work on /opt/airflow/dags/dag_monitor_correo.py
[2026-07-09T03:38:10.359-0500] {processor.py:830} INFO - Processing file /opt/airflow/dags/dag_monitor_correo.py for tasks to queue
[2026-07-09T03:38:10.361-0500] {logging_mixin.py:188} INFO - [2026-07-09T03:38:10.360-0500] {dagbag.py:545} INFO - Filling up the DagBag from /opt/airflow/dags/dag_monitor_correo.py
[2026-07-09T03:38:10.403-0500] {processor.py:840} INFO - DAG(s) 'aerotrack_travel_monitor_correo' retrieved from /opt/airflow/dags/dag_monitor_correo.py
[2026-07-09T03:38:10.437-0500] {logging_mixin.py:188} INFO - [2026-07-09T03:38:10.437-0500] {dag.py:3089} INFO - Sync 1 DAGs
[2026-07-09T03:38:10.450-0500] {logging_mixin.py:188} INFO - [2026-07-09T03:38:10.450-0500] {dag.py:3947} INFO - Setting next_dagrun for aerotrack_travel_monitor_correo to None, run_after=None
[2026-07-09T03:38:10.469-0500] {processor.py:183} INFO - Processing /opt/airflow/dags/dag_monitor_correo.py took 0.116 seconds
[2026-07-09T03:38:41.191-0500] {processor.py:161} INFO - Started process (PID=16372) to work on /opt/airflow/dags/dag_monitor_correo.py
[2026-07-09T03:38:41.192-0500] {processor.py:830} INFO - Processing file /opt/airflow/dags/dag_monitor_correo.py for tasks to queue
[2026-07-09T03:38:41.193-0500] {logging_mixin.py:188} INFO - [2026-07-09T03:38:41.193-0500] {dagbag.py:545} INFO - Filling up the DagBag from /opt/airflow/dags/dag_monitor_correo.py
[2026-07-09T03:38:41.238-0500] {processor.py:840} INFO - DAG(s) 'aerotrack_travel_monitor_correo' retrieved from /opt/airflow/dags/dag_monitor_correo.py
[2026-07-09T03:38:41.271-0500] {logging_mixin.py:188} INFO - [2026-07-09T03:38:41.270-0500] {dag.py:3089} INFO - Sync 1 DAGs
[2026-07-09T03:38:41.281-0500] {logging_mixin.py:188} INFO - [2026-07-09T03:38:41.281-0500] {dag.py:3947} INFO - Setting next_dagrun for aerotrack_travel_monitor_correo to None, run_after=None
[2026-07-09T03:38:41.299-0500] {processor.py:183} INFO - Processing /opt/airflow/dags/dag_monitor_correo.py took 0.112 seconds
[2026-07-09T03:39:12.101-0500] {processor.py:161} INFO - Started process (PID=16399) to work on /opt/airflow/dags/dag_monitor_correo.py
[2026-07-09T03:39:12.102-0500] {processor.py:830} INFO - Processing file /opt/airflow/dags/dag_monitor_correo.py for tasks to queue
[2026-07-09T03:39:12.103-0500] {logging_mixin.py:188} INFO - [2026-07-09T03:39:12.103-0500] {dagbag.py:545} INFO - Filling up the DagBag from /opt/airflow/dags/dag_monitor_correo.py
[2026-07-09T03:39:12.148-0500] {processor.py:840} INFO - DAG(s) 'aerotrack_travel_monitor_correo' retrieved from /opt/airflow/dags/dag_monitor_correo.py
[2026-07-09T03:39:12.179-0500] {logging_mixin.py:188} INFO - [2026-07-09T03:39:12.179-0500] {dag.py:3089} INFO - Sync 1 DAGs
[2026-07-09T03:39:12.189-0500] {logging_mixin.py:188} INFO - [2026-07-09T03:39:12.189-0500] {dag.py:3947} INFO - Setting next_dagrun for aerotrack_travel_monitor_correo to None, run_after=None
[2026-07-09T03:39:12.207-0500] {processor.py:183} INFO - Processing /opt/airflow/dags/dag_monitor_correo.py took 0.111 seconds
[2026-07-09T03:39:43.080-0500] {processor.py:161} INFO - Started process (PID=16426) to work on /opt/airflow/dags/dag_monitor_correo.py
[2026-07-09T03:39:43.080-0500] {processor.py:830} INFO - Processing file /opt/airflow/dags/dag_monitor_correo.py for tasks to queue
[2026-07-09T03:39:43.082-0500] {logging_mixin.py:188} INFO - [2026-07-09T03:39:43.082-0500] {dagbag.py:545} INFO - Filling up the DagBag from /opt/airflow/dags/dag_monitor_correo.py
[2026-07-09T03:39:43.116-0500] {processor.py:840} INFO - DAG(s) 'aerotrack_travel_monitor_correo' retrieved from /opt/airflow/dags/dag_monitor_correo.py
[2026-07-09T03:39:43.143-0500] {logging_mixin.py:188} INFO - [2026-07-09T03:39:43.143-0500] {dag.py:3089} INFO - Sync 1 DAGs
[2026-07-09T03:39:43.154-0500] {logging_mixin.py:188} INFO - [2026-07-09T03:39:43.154-0500] {dag.py:3947} INFO - Setting next_dagrun for aerotrack_travel_monitor_correo to None, run_after=None
[2026-07-09T03:39:43.179-0500] {processor.py:183} INFO - Processing /opt/airflow/dags/dag_monitor_correo.py took 0.104 seconds
[2026-07-09T03:40:14.027-0500] {processor.py:161} INFO - Started process (PID=16453) to work on /opt/airflow/dags/dag_monitor_correo.py
[2026-07-09T03:40:14.029-0500] {processor.py:830} INFO - Processing file /opt/airflow/dags/dag_monitor_correo.py for tasks to queue
[2026-07-09T03:40:14.031-0500] {logging_mixin.py:188} INFO - [2026-07-09T03:40:14.030-0500] {dagbag.py:545} INFO - Filling up the DagBag from /opt/airflow/dags/dag_monitor_correo.py
[2026-07-09T03:40:14.076-0500] {processor.py:840} INFO - DAG(s) 'aerotrack_travel_monitor_correo' retrieved from /opt/airflow/dags/dag_monitor_correo.py
[2026-07-09T03:40:14.111-0500] {logging_mixin.py:188} INFO - [2026-07-09T03:40:14.110-0500] {dag.py:3089} INFO - Sync 1 DAGs
[2026-07-09T03:40:14.125-0500] {logging_mixin.py:188} INFO - [2026-07-09T03:40:14.125-0500] {dag.py:3947} INFO - Setting next_dagrun for aerotrack_travel_monitor_correo to None, run_after=None
[2026-07-09T03:40:14.153-0500] {processor.py:183} INFO - Processing /opt/airflow/dags/dag_monitor_correo.py took 0.131 seconds
[2026-07-09T03:40:44.910-0500] {processor.py:161} INFO - Started process (PID=16480) to work on /opt/airflow/dags/dag_monitor_correo.py
[2026-07-09T03:40:44.911-0500] {processor.py:830} INFO - Processing file /opt/airflow/dags/dag_monitor_correo.py for tasks to queue
[2026-07-09T03:40:44.914-0500] {logging_mixin.py:188} INFO - [2026-07-09T03:40:44.913-0500] {dagbag.py:545} INFO - Filling up the DagBag from /opt/airflow/dags/dag_monitor_correo.py
[2026-07-09T03:40:44.979-0500] {processor.py:840} INFO - DAG(s) 'aerotrack_travel_monitor_correo' retrieved from /opt/airflow/dags/dag_monitor_correo.py
[2026-07-09T03:40:45.042-0500] {logging_mixin.py:188} INFO - [2026-07-09T03:40:45.041-0500] {dag.py:3089} INFO - Sync 1 DAGs
[2026-07-09T03:40:45.063-0500] {logging_mixin.py:188} INFO - [2026-07-09T03:40:45.063-0500] {dag.py:3947} INFO - Setting next_dagrun for aerotrack_travel_monitor_correo to None, run_after=None
[2026-07-09T03:40:45.099-0500] {processor.py:183} INFO - Processing /opt/airflow/dags/dag_monitor_correo.py took 0.195 seconds
[2026-07-09T03:41:15.815-0500] {processor.py:161} INFO - Started process (PID=16507) to work on /opt/airflow/dags/dag_monitor_correo.py
[2026-07-09T03:41:15.816-0500] {processor.py:830} INFO - Processing file /opt/airflow/dags/dag_monitor_correo.py for tasks to queue
[2026-07-09T03:41:15.818-0500] {logging_mixin.py:188} INFO - [2026-07-09T03:41:15.818-0500] {dagbag.py:545} INFO - Filling up the DagBag from /opt/airflow/dags/dag_monitor_correo.py
[2026-07-09T03:41:15.851-0500] {processor.py:840} INFO - DAG(s) 'aerotrack_travel_monitor_correo' retrieved from /opt/airflow/dags/dag_monitor_correo.py
[2026-07-09T03:41:15.886-0500] {logging_mixin.py:188} INFO - [2026-07-09T03:41:15.886-0500] {dag.py:3089} INFO - Sync 1 DAGs
[2026-07-09T03:41:15.896-0500] {logging_mixin.py:188} INFO - [2026-07-09T03:41:15.896-0500] {dag.py:3947} INFO - Setting next_dagrun for aerotrack_travel_monitor_correo to None, run_after=None
[2026-07-09T03:41:15.914-0500] {processor.py:183} INFO - Processing /opt/airflow/dags/dag_monitor_correo.py took 0.104 seconds
[2026-07-09T03:41:46.754-0500] {processor.py:161} INFO - Started process (PID=16534) to work on /opt/airflow/dags/dag_monitor_correo.py
[2026-07-09T03:41:46.755-0500] {processor.py:830} INFO - Processing file /opt/airflow/dags/dag_monitor_correo.py for tasks to queue
[2026-07-09T03:41:46.757-0500] {logging_mixin.py:188} INFO - [2026-07-09T03:41:46.757-0500] {dagbag.py:545} INFO - Filling up the DagBag from /opt/airflow/dags/dag_monitor_correo.py
[2026-07-09T03:41:46.798-0500] {processor.py:840} INFO - DAG(s) 'aerotrack_travel_monitor_correo' retrieved from /opt/airflow/dags/dag_monitor_correo.py
[2026-07-09T03:41:46.829-0500] {logging_mixin.py:188} INFO - [2026-07-09T03:41:46.829-0500] {dag.py:3089} INFO - Sync 1 DAGs
[2026-07-09T03:41:46.842-0500] {logging_mixin.py:188} INFO - [2026-07-09T03:41:46.841-0500] {dag.py:3947} INFO - Setting next_dagrun for aerotrack_travel_monitor_correo to None, run_after=None
[2026-07-09T03:41:46.858-0500] {processor.py:183} INFO - Processing /opt/airflow/dags/dag_monitor_correo.py took 0.108 seconds
[2026-07-09T03:42:17.716-0500] {processor.py:161} INFO - Started process (PID=16561) to work on /opt/airflow/dags/dag_monitor_correo.py
[2026-07-09T03:42:17.716-0500] {processor.py:830} INFO - Processing file /opt/airflow/dags/dag_monitor_correo.py for tasks to queue
[2026-07-09T03:42:17.718-0500] {logging_mixin.py:188} INFO - [2026-07-09T03:42:17.718-0500] {dagbag.py:545} INFO - Filling up the DagBag from /opt/airflow/dags/dag_monitor_correo.py
[2026-07-09T03:42:17.758-0500] {processor.py:840} INFO - DAG(s) 'aerotrack_travel_monitor_correo' retrieved from /opt/airflow/dags/dag_monitor_correo.py
[2026-07-09T03:42:17.791-0500] {logging_mixin.py:188} INFO - [2026-07-09T03:42:17.790-0500] {dag.py:3089} INFO - Sync 1 DAGs
[2026-07-09T03:42:17.802-0500] {logging_mixin.py:188} INFO - [2026-07-09T03:42:17.801-0500] {dag.py:3947} INFO - Setting next_dagrun for aerotrack_travel_monitor_correo to None, run_after=None
[2026-07-09T03:42:17.824-0500] {processor.py:183} INFO - Processing /opt/airflow/dags/dag_monitor_correo.py took 0.113 seconds
[2026-07-09T03:42:48.728-0500] {processor.py:161} INFO - Started process (PID=16588) to work on /opt/airflow/dags/dag_monitor_correo.py
[2026-07-09T03:42:48.729-0500] {processor.py:830} INFO - Processing file /opt/airflow/dags/dag_monitor_correo.py for tasks to queue
[2026-07-09T03:42:48.730-0500] {logging_mixin.py:188} INFO - [2026-07-09T03:42:48.730-0500] {dagbag.py:545} INFO - Filling up the DagBag from /opt/airflow/dags/dag_monitor_correo.py
[2026-07-09T03:42:48.760-0500] {processor.py:840} INFO - DAG(s) 'aerotrack_travel_monitor_correo' retrieved from /opt/airflow/dags/dag_monitor_correo.py
[2026-07-09T03:42:48.790-0500] {logging_mixin.py:188} INFO - [2026-07-09T03:42:48.790-0500] {dag.py:3089} INFO - Sync 1 DAGs
[2026-07-09T03:42:48.802-0500] {logging_mixin.py:188} INFO - [2026-07-09T03:42:48.801-0500] {dag.py:3947} INFO - Setting next_dagrun for aerotrack_travel_monitor_correo to None, run_after=None
[2026-07-09T03:42:48.820-0500] {processor.py:183} INFO - Processing /opt/airflow/dags/dag_monitor_correo.py took 0.097 seconds
[2026-07-09T03:43:19.534-0500] {processor.py:161} INFO - Started process (PID=16615) to work on /opt/airflow/dags/dag_monitor_correo.py
[2026-07-09T03:43:19.535-0500] {processor.py:830} INFO - Processing file /opt/airflow/dags/dag_monitor_correo.py for tasks to queue
[2026-07-09T03:43:19.537-0500] {logging_mixin.py:188} INFO - [2026-07-09T03:43:19.537-0500] {dagbag.py:545} INFO - Filling up the DagBag from /opt/airflow/dags/dag_monitor_correo.py
[2026-07-09T03:43:19.581-0500] {processor.py:840} INFO - DAG(s) 'aerotrack_travel_monitor_correo' retrieved from /opt/airflow/dags/dag_monitor_correo.py
[2026-07-09T03:43:19.619-0500] {logging_mixin.py:188} INFO - [2026-07-09T03:43:19.619-0500] {dag.py:3089} INFO - Sync 1 DAGs
[2026-07-09T03:43:19.632-0500] {logging_mixin.py:188} INFO - [2026-07-09T03:43:19.632-0500] {dag.py:3947} INFO - Setting next_dagrun for aerotrack_travel_monitor_correo to None, run_after=None
[2026-07-09T03:43:19.653-0500] {processor.py:183} INFO - Processing /opt/airflow/dags/dag_monitor_correo.py took 0.126 seconds
[2026-07-09T03:43:50.483-0500] {processor.py:161} INFO - Started process (PID=16642) to work on /opt/airflow/dags/dag_monitor_correo.py
[2026-07-09T03:43:50.484-0500] {processor.py:830} INFO - Processing file /opt/airflow/dags/dag_monitor_correo.py for tasks to queue
[2026-07-09T03:43:50.486-0500] {logging_mixin.py:188} INFO - [2026-07-09T03:43:50.486-0500] {dagbag.py:545} INFO - Filling up the DagBag from /opt/airflow/dags/dag_monitor_correo.py
[2026-07-09T03:43:50.529-0500] {processor.py:840} INFO - DAG(s) 'aerotrack_travel_monitor_correo' retrieved from /opt/airflow/dags/dag_monitor_correo.py
[2026-07-09T03:43:50.563-0500] {logging_mixin.py:188} INFO - [2026-07-09T03:43:50.563-0500] {dag.py:3089} INFO - Sync 1 DAGs
[2026-07-09T03:43:50.576-0500] {logging_mixin.py:188} INFO - [2026-07-09T03:43:50.576-0500] {dag.py:3947} INFO - Setting next_dagrun for aerotrack_travel_monitor_correo to None, run_after=None
[2026-07-09T03:43:50.593-0500] {processor.py:183} INFO - Processing /opt/airflow/dags/dag_monitor_correo.py took 0.116 seconds
[2026-07-09T03:44:20.653-0500] {processor.py:161} INFO - Started process (PID=16666) to work on /opt/airflow/dags/dag_monitor_correo.py
[2026-07-09T03:44:20.654-0500] {processor.py:830} INFO - Processing file /opt/airflow/dags/dag_monitor_correo.py for tasks to queue
[2026-07-09T03:44:20.656-0500] {logging_mixin.py:188} INFO - [2026-07-09T03:44:20.656-0500] {dagbag.py:545} INFO - Filling up the DagBag from /opt/airflow/dags/dag_monitor_correo.py
[2026-07-09T03:44:20.694-0500] {processor.py:840} INFO - DAG(s) 'aerotrack_travel_monitor_correo' retrieved from /opt/airflow/dags/dag_monitor_correo.py
[2026-07-09T03:44:20.728-0500] {logging_mixin.py:188} INFO - [2026-07-09T03:44:20.727-0500] {dag.py:3089} INFO - Sync 1 DAGs
[2026-07-09T03:44:20.741-0500] {logging_mixin.py:188} INFO - [2026-07-09T03:44:20.740-0500] {dag.py:3947} INFO - Setting next_dagrun for aerotrack_travel_monitor_correo to None, run_after=None
[2026-07-09T03:44:20.757-0500] {processor.py:183} INFO - Processing /opt/airflow/dags/dag_monitor_correo.py took 0.111 seconds
[2026-07-09T03:44:51.660-0500] {processor.py:161} INFO - Started process (PID=16696) to work on /opt/airflow/dags/dag_monitor_correo.py
[2026-07-09T03:44:51.661-0500] {processor.py:830} INFO - Processing file /opt/airflow/dags/dag_monitor_correo.py for tasks to queue
[2026-07-09T03:44:51.662-0500] {logging_mixin.py:188} INFO - [2026-07-09T03:44:51.662-0500] {dagbag.py:545} INFO - Filling up the DagBag from /opt/airflow/dags/dag_monitor_correo.py
[2026-07-09T03:44:51.702-0500] {processor.py:840} INFO - DAG(s) 'aerotrack_travel_monitor_correo' retrieved from /opt/airflow/dags/dag_monitor_correo.py
[2026-07-09T03:44:51.739-0500] {logging_mixin.py:188} INFO - [2026-07-09T03:44:51.738-0500] {dag.py:3089} INFO - Sync 1 DAGs
[2026-07-09T03:44:51.751-0500] {logging_mixin.py:188} INFO - [2026-07-09T03:44:51.751-0500] {dag.py:3947} INFO - Setting next_dagrun for aerotrack_travel_monitor_correo to None, run_after=None
[2026-07-09T03:44:51.775-0500] {processor.py:183} INFO - Processing /opt/airflow/dags/dag_monitor_correo.py took 0.121 seconds
[2026-07-09T03:45:22.555-0500] {processor.py:161} INFO - Started process (PID=16723) to work on /opt/airflow/dags/dag_monitor_correo.py
[2026-07-09T03:45:22.556-0500] {processor.py:830} INFO - Processing file /opt/airflow/dags/dag_monitor_correo.py for tasks to queue
[2026-07-09T03:45:22.558-0500] {logging_mixin.py:188} INFO - [2026-07-09T03:45:22.557-0500] {dagbag.py:545} INFO - Filling up the DagBag from /opt/airflow/dags/dag_monitor_correo.py
[2026-07-09T03:45:22.598-0500] {processor.py:840} INFO - DAG(s) 'aerotrack_travel_monitor_correo' retrieved from /opt/airflow/dags/dag_monitor_correo.py
[2026-07-09T03:45:22.632-0500] {logging_mixin.py:188} INFO - [2026-07-09T03:45:22.632-0500] {dag.py:3089} INFO - Sync 1 DAGs
[2026-07-09T03:45:22.646-0500] {logging_mixin.py:188} INFO - [2026-07-09T03:45:22.646-0500] {dag.py:3947} INFO - Setting next_dagrun for aerotrack_travel_monitor_correo to None, run_after=None
[2026-07-09T03:45:22.686-0500] {processor.py:183} INFO - Processing /opt/airflow/dags/dag_monitor_correo.py took 0.137 seconds
[2026-07-09T03:45:52.782-0500] {processor.py:161} INFO - Started process (PID=16750) to work on /opt/airflow/dags/dag_monitor_correo.py
[2026-07-09T03:45:52.783-0500] {processor.py:830} INFO - Processing file /opt/airflow/dags/dag_monitor_correo.py for tasks to queue
[2026-07-09T03:45:52.784-0500] {logging_mixin.py:188} INFO - [2026-07-09T03:45:52.784-0500] {dagbag.py:545} INFO - Filling up the DagBag from /opt/airflow/dags/dag_monitor_correo.py
[2026-07-09T03:45:52.828-0500] {processor.py:840} INFO - DAG(s) 'aerotrack_travel_monitor_correo' retrieved from /opt/airflow/dags/dag_monitor_correo.py
[2026-07-09T03:45:52.866-0500] {logging_mixin.py:188} INFO - [2026-07-09T03:45:52.866-0500] {dag.py:3089} INFO - Sync 1 DAGs
[2026-07-09T03:45:52.883-0500] {logging_mixin.py:188} INFO - [2026-07-09T03:45:52.883-0500] {dag.py:3947} INFO - Setting next_dagrun for aerotrack_travel_monitor_correo to None, run_after=None
[2026-07-09T03:45:52.905-0500] {processor.py:183} INFO - Processing /opt/airflow/dags/dag_monitor_correo.py took 0.128 seconds
[2026-07-09T03:46:23.798-0500] {processor.py:161} INFO - Started process (PID=16777) to work on /opt/airflow/dags/dag_monitor_correo.py
[2026-07-09T03:46:23.799-0500] {processor.py:830} INFO - Processing file /opt/airflow/dags/dag_monitor_correo.py for tasks to queue
[2026-07-09T03:46:23.801-0500] {logging_mixin.py:188} INFO - [2026-07-09T03:46:23.801-0500] {dagbag.py:545} INFO - Filling up the DagBag from /opt/airflow/dags/dag_monitor_correo.py
[2026-07-09T03:46:23.835-0500] {processor.py:840} INFO - DAG(s) 'aerotrack_travel_monitor_correo' retrieved from /opt/airflow/dags/dag_monitor_correo.py
[2026-07-09T03:46:23.866-0500] {logging_mixin.py:188} INFO - [2026-07-09T03:46:23.866-0500] {dag.py:3089} INFO - Sync 1 DAGs
[2026-07-09T03:46:23.876-0500] {logging_mixin.py:188} INFO - [2026-07-09T03:46:23.876-0500] {dag.py:3947} INFO - Setting next_dagrun for aerotrack_travel_monitor_correo to None, run_after=None
[2026-07-09T03:46:23.895-0500] {processor.py:183} INFO - Processing /opt/airflow/dags/dag_monitor_correo.py took 0.102 seconds
[2026-07-09T03:46:54.040-0500] {processor.py:161} INFO - Started process (PID=16804) to work on /opt/airflow/dags/dag_monitor_correo.py
[2026-07-09T03:46:54.041-0500] {processor.py:830} INFO - Processing file /opt/airflow/dags/dag_monitor_correo.py for tasks to queue
[2026-07-09T03:46:54.043-0500] {logging_mixin.py:188} INFO - [2026-07-09T03:46:54.043-0500] {dagbag.py:545} INFO - Filling up the DagBag from /opt/airflow/dags/dag_monitor_correo.py
[2026-07-09T03:46:54.084-0500] {processor.py:840} INFO - DAG(s) 'aerotrack_travel_monitor_correo' retrieved from /opt/airflow/dags/dag_monitor_correo.py
[2026-07-09T03:46:54.117-0500] {logging_mixin.py:188} INFO - [2026-07-09T03:46:54.116-0500] {dag.py:3089} INFO - Sync 1 DAGs
[2026-07-09T03:46:54.127-0500] {logging_mixin.py:188} INFO - [2026-07-09T03:46:54.126-0500] {dag.py:3947} INFO - Setting next_dagrun for aerotrack_travel_monitor_correo to None, run_after=None
[2026-07-09T03:46:54.144-0500] {processor.py:183} INFO - Processing /opt/airflow/dags/dag_monitor_correo.py took 0.109 seconds
[2026-07-09T03:47:24.864-0500] {processor.py:161} INFO - Started process (PID=16831) to work on /opt/airflow/dags/dag_monitor_correo.py
[2026-07-09T03:47:24.865-0500] {processor.py:830} INFO - Processing file /opt/airflow/dags/dag_monitor_correo.py for tasks to queue
[2026-07-09T03:47:24.867-0500] {logging_mixin.py:188} INFO - [2026-07-09T03:47:24.867-0500] {dagbag.py:545} INFO - Filling up the DagBag from /opt/airflow/dags/dag_monitor_correo.py
[2026-07-09T03:47:24.897-0500] {processor.py:840} INFO - DAG(s) 'aerotrack_travel_monitor_correo' retrieved from /opt/airflow/dags/dag_monitor_correo.py
[2026-07-09T03:47:24.925-0500] {logging_mixin.py:188} INFO - [2026-07-09T03:47:24.924-0500] {dag.py:3089} INFO - Sync 1 DAGs
[2026-07-09T03:47:24.936-0500] {logging_mixin.py:188} INFO - [2026-07-09T03:47:24.936-0500] {dag.py:3947} INFO - Setting next_dagrun for aerotrack_travel_monitor_correo to None, run_after=None
[2026-07-09T03:47:24.958-0500] {processor.py:183} INFO - Processing /opt/airflow/dags/dag_monitor_correo.py took 0.099 seconds
[2026-07-09T03:47:55.852-0500] {processor.py:161} INFO - Started process (PID=16858) to work on /opt/airflow/dags/dag_monitor_correo.py
[2026-07-09T03:47:55.853-0500] {processor.py:830} INFO - Processing file /opt/airflow/dags/dag_monitor_correo.py for tasks to queue
[2026-07-09T03:47:55.855-0500] {logging_mixin.py:188} INFO - [2026-07-09T03:47:55.855-0500] {dagbag.py:545} INFO - Filling up the DagBag from /opt/airflow/dags/dag_monitor_correo.py
[2026-07-09T03:47:55.893-0500] {processor.py:840} INFO - DAG(s) 'aerotrack_travel_monitor_correo' retrieved from /opt/airflow/dags/dag_monitor_correo.py
[2026-07-09T03:47:55.927-0500] {logging_mixin.py:188} INFO - [2026-07-09T03:47:55.927-0500] {dag.py:3089} INFO - Sync 1 DAGs
[2026-07-09T03:47:55.944-0500] {logging_mixin.py:188} INFO - [2026-07-09T03:47:55.944-0500] {dag.py:3947} INFO - Setting next_dagrun for aerotrack_travel_monitor_correo to None, run_after=None
[2026-07-09T03:47:55.966-0500] {processor.py:183} INFO - Processing /opt/airflow/dags/dag_monitor_correo.py took 0.118 seconds
[2026-07-09T03:48:26.775-0500] {processor.py:161} INFO - Started process (PID=16885) to work on /opt/airflow/dags/dag_monitor_correo.py
[2026-07-09T03:48:26.776-0500] {processor.py:830} INFO - Processing file /opt/airflow/dags/dag_monitor_correo.py for tasks to queue
[2026-07-09T03:48:26.777-0500] {logging_mixin.py:188} INFO - [2026-07-09T03:48:26.777-0500] {dagbag.py:545} INFO - Filling up the DagBag from /opt/airflow/dags/dag_monitor_correo.py
[2026-07-09T03:48:26.821-0500] {processor.py:840} INFO - DAG(s) 'aerotrack_travel_monitor_correo' retrieved from /opt/airflow/dags/dag_monitor_correo.py
[2026-07-09T03:48:26.852-0500] {logging_mixin.py:188} INFO - [2026-07-09T03:48:26.851-0500] {dag.py:3089} INFO - Sync 1 DAGs
[2026-07-09T03:48:26.862-0500] {logging_mixin.py:188} INFO - [2026-07-09T03:48:26.862-0500] {dag.py:3947} INFO - Setting next_dagrun for aerotrack_travel_monitor_correo to None, run_after=None
[2026-07-09T03:48:26.878-0500] {processor.py:183} INFO - Processing /opt/airflow/dags/dag_monitor_correo.py took 0.108 seconds
[2026-07-09T03:48:57.750-0500] {processor.py:161} INFO - Started process (PID=16912) to work on /opt/airflow/dags/dag_monitor_correo.py
[2026-07-09T03:48:57.752-0500] {processor.py:830} INFO - Processing file /opt/airflow/dags/dag_monitor_correo.py for tasks to queue
[2026-07-09T03:48:57.753-0500] {logging_mixin.py:188} INFO - [2026-07-09T03:48:57.753-0500] {dagbag.py:545} INFO - Filling up the DagBag from /opt/airflow/dags/dag_monitor_correo.py
[2026-07-09T03:48:57.797-0500] {processor.py:840} INFO - DAG(s) 'aerotrack_travel_monitor_correo' retrieved from /opt/airflow/dags/dag_monitor_correo.py
[2026-07-09T03:48:57.831-0500] {logging_mixin.py:188} INFO - [2026-07-09T03:48:57.831-0500] {dag.py:3089} INFO - Sync 1 DAGs
[2026-07-09T03:48:57.846-0500] {logging_mixin.py:188} INFO - [2026-07-09T03:48:57.846-0500] {dag.py:3947} INFO - Setting next_dagrun for aerotrack_travel_monitor_correo to None, run_after=None
[2026-07-09T03:48:57.864-0500] {processor.py:183} INFO - Processing /opt/airflow/dags/dag_monitor_correo.py took 0.119 seconds
[2026-07-09T03:49:28.640-0500] {processor.py:161} INFO - Started process (PID=16939) to work on /opt/airflow/dags/dag_monitor_correo.py
[2026-07-09T03:49:28.641-0500] {processor.py:830} INFO - Processing file /opt/airflow/dags/dag_monitor_correo.py for tasks to queue
[2026-07-09T03:49:28.643-0500] {logging_mixin.py:188} INFO - [2026-07-09T03:49:28.642-0500] {dagbag.py:545} INFO - Filling up the DagBag from /opt/airflow/dags/dag_monitor_correo.py
[2026-07-09T03:49:28.689-0500] {processor.py:840} INFO - DAG(s) 'aerotrack_travel_monitor_correo' retrieved from /opt/airflow/dags/dag_monitor_correo.py
[2026-07-09T03:49:28.721-0500] {logging_mixin.py:188} INFO - [2026-07-09T03:49:28.721-0500] {dag.py:3089} INFO - Sync 1 DAGs
[2026-07-09T03:49:28.732-0500] {logging_mixin.py:188} INFO - [2026-07-09T03:49:28.732-0500] {dag.py:3947} INFO - Setting next_dagrun for aerotrack_travel_monitor_correo to None, run_after=None
[2026-07-09T03:49:28.750-0500] {processor.py:183} INFO - Processing /opt/airflow/dags/dag_monitor_correo.py took 0.117 seconds
[2026-07-09T03:49:58.892-0500] {processor.py:161} INFO - Started process (PID=16966) to work on /opt/airflow/dags/dag_monitor_correo.py
[2026-07-09T03:49:58.893-0500] {processor.py:830} INFO - Processing file /opt/airflow/dags/dag_monitor_correo.py for tasks to queue
[2026-07-09T03:49:58.895-0500] {logging_mixin.py:188} INFO - [2026-07-09T03:49:58.894-0500] {dagbag.py:545} INFO - Filling up the DagBag from /opt/airflow/dags/dag_monitor_correo.py
[2026-07-09T03:49:58.939-0500] {processor.py:840} INFO - DAG(s) 'aerotrack_travel_monitor_correo' retrieved from /opt/airflow/dags/dag_monitor_correo.py
[2026-07-09T03:49:58.977-0500] {logging_mixin.py:188} INFO - [2026-07-09T03:49:58.977-0500] {dag.py:3089} INFO - Sync 1 DAGs
[2026-07-09T03:49:58.992-0500] {logging_mixin.py:188} INFO - [2026-07-09T03:49:58.991-0500] {dag.py:3947} INFO - Setting next_dagrun for aerotrack_travel_monitor_correo to None, run_after=None
[2026-07-09T03:49:59.019-0500] {processor.py:183} INFO - Processing /opt/airflow/dags/dag_monitor_correo.py took 0.132 seconds
[2026-07-09T03:50:29.784-0500] {processor.py:161} INFO - Started process (PID=16993) to work on /opt/airflow/dags/dag_monitor_correo.py
[2026-07-09T03:50:29.785-0500] {processor.py:830} INFO - Processing file /opt/airflow/dags/dag_monitor_correo.py for tasks to queue
[2026-07-09T03:50:29.787-0500] {logging_mixin.py:188} INFO - [2026-07-09T03:50:29.786-0500] {dagbag.py:545} INFO - Filling up the DagBag from /opt/airflow/dags/dag_monitor_correo.py
[2026-07-09T03:50:29.831-0500] {processor.py:840} INFO - DAG(s) 'aerotrack_travel_monitor_correo' retrieved from /opt/airflow/dags/dag_monitor_correo.py
[2026-07-09T03:50:29.876-0500] {logging_mixin.py:188} INFO - [2026-07-09T03:50:29.876-0500] {dag.py:3089} INFO - Sync 1 DAGs
[2026-07-09T03:50:29.889-0500] {logging_mixin.py:188} INFO - [2026-07-09T03:50:29.889-0500] {dag.py:3947} INFO - Setting next_dagrun for aerotrack_travel_monitor_correo to None, run_after=None
[2026-07-09T03:50:29.907-0500] {processor.py:183} INFO - Processing /opt/airflow/dags/dag_monitor_correo.py took 0.129 seconds
[2026-07-09T03:51:00.864-0500] {processor.py:161} INFO - Started process (PID=17020) to work on /opt/airflow/dags/dag_monitor_correo.py
[2026-07-09T03:51:00.866-0500] {processor.py:830} INFO - Processing file /opt/airflow/dags/dag_monitor_correo.py for tasks to queue
[2026-07-09T03:51:00.867-0500] {logging_mixin.py:188} INFO - [2026-07-09T03:51:00.867-0500] {dagbag.py:545} INFO - Filling up the DagBag from /opt/airflow/dags/dag_monitor_correo.py
[2026-07-09T03:51:00.922-0500] {processor.py:840} INFO - DAG(s) 'aerotrack_travel_monitor_correo' retrieved from /opt/airflow/dags/dag_monitor_correo.py
[2026-07-09T03:51:00.959-0500] {logging_mixin.py:188} INFO - [2026-07-09T03:51:00.959-0500] {dag.py:3089} INFO - Sync 1 DAGs
[2026-07-09T03:51:00.972-0500] {logging_mixin.py:188} INFO - [2026-07-09T03:51:00.972-0500] {dag.py:3947} INFO - Setting next_dagrun for aerotrack_travel_monitor_correo to None, run_after=None
[2026-07-09T03:51:00.991-0500] {processor.py:183} INFO - Processing /opt/airflow/dags/dag_monitor_correo.py took 0.132 seconds
[2026-07-09T03:51:31.907-0500] {processor.py:161} INFO - Started process (PID=17047) to work on /opt/airflow/dags/dag_monitor_correo.py
[2026-07-09T03:51:31.907-0500] {processor.py:830} INFO - Processing file /opt/airflow/dags/dag_monitor_correo.py for tasks to queue
[2026-07-09T03:51:31.909-0500] {logging_mixin.py:188} INFO - [2026-07-09T03:51:31.909-0500] {dagbag.py:545} INFO - Filling up the DagBag from /opt/airflow/dags/dag_monitor_correo.py
[2026-07-09T03:51:31.951-0500] {processor.py:840} INFO - DAG(s) 'aerotrack_travel_monitor_correo' retrieved from /opt/airflow/dags/dag_monitor_correo.py
[2026-07-09T03:51:31.990-0500] {logging_mixin.py:188} INFO - [2026-07-09T03:51:31.989-0500] {dag.py:3089} INFO - Sync 1 DAGs
[2026-07-09T03:51:32.001-0500] {logging_mixin.py:188} INFO - [2026-07-09T03:51:32.001-0500] {dag.py:3947} INFO - Setting next_dagrun for aerotrack_travel_monitor_correo to None, run_after=None
[2026-07-09T03:51:32.024-0500] {processor.py:183} INFO - Processing /opt/airflow/dags/dag_monitor_correo.py took 0.122 seconds
[2026-07-09T03:52:02.903-0500] {processor.py:161} INFO - Started process (PID=17074) to work on /opt/airflow/dags/dag_monitor_correo.py
[2026-07-09T03:52:02.905-0500] {processor.py:830} INFO - Processing file /opt/airflow/dags/dag_monitor_correo.py for tasks to queue
[2026-07-09T03:52:02.907-0500] {logging_mixin.py:188} INFO - [2026-07-09T03:52:02.906-0500] {dagbag.py:545} INFO - Filling up the DagBag from /opt/airflow/dags/dag_monitor_correo.py
[2026-07-09T03:52:02.948-0500] {processor.py:840} INFO - DAG(s) 'aerotrack_travel_monitor_correo' retrieved from /opt/airflow/dags/dag_monitor_correo.py
[2026-07-09T03:52:02.985-0500] {logging_mixin.py:188} INFO - [2026-07-09T03:52:02.985-0500] {dag.py:3089} INFO - Sync 1 DAGs
[2026-07-09T03:52:02.997-0500] {logging_mixin.py:188} INFO - [2026-07-09T03:52:02.997-0500] {dag.py:3947} INFO - Setting next_dagrun for aerotrack_travel_monitor_correo to None, run_after=None
[2026-07-09T03:52:03.014-0500] {processor.py:183} INFO - Processing /opt/airflow/dags/dag_monitor_correo.py took 0.117 seconds
[2026-07-09T03:52:33.744-0500] {processor.py:161} INFO - Started process (PID=17101) to work on /opt/airflow/dags/dag_monitor_correo.py
[2026-07-09T03:52:33.745-0500] {processor.py:830} INFO - Processing file /opt/airflow/dags/dag_monitor_correo.py for tasks to queue
[2026-07-09T03:52:33.747-0500] {logging_mixin.py:188} INFO - [2026-07-09T03:52:33.747-0500] {dagbag.py:545} INFO - Filling up the DagBag from /opt/airflow/dags/dag_monitor_correo.py
[2026-07-09T03:52:33.790-0500] {processor.py:840} INFO - DAG(s) 'aerotrack_travel_monitor_correo' retrieved from /opt/airflow/dags/dag_monitor_correo.py
[2026-07-09T03:52:33.832-0500] {logging_mixin.py:188} INFO - [2026-07-09T03:52:33.832-0500] {dag.py:3089} INFO - Sync 1 DAGs
[2026-07-09T03:52:33.845-0500] {logging_mixin.py:188} INFO - [2026-07-09T03:52:33.845-0500] {dag.py:3947} INFO - Setting next_dagrun for aerotrack_travel_monitor_correo to None, run_after=None
[2026-07-09T03:52:33.865-0500] {processor.py:183} INFO - Processing /opt/airflow/dags/dag_monitor_correo.py took 0.126 seconds
[2026-07-09T03:53:04.549-0500] {processor.py:161} INFO - Started process (PID=17128) to work on /opt/airflow/dags/dag_monitor_correo.py
[2026-07-09T03:53:04.550-0500] {processor.py:830} INFO - Processing file /opt/airflow/dags/dag_monitor_correo.py for tasks to queue
[2026-07-09T03:53:04.551-0500] {logging_mixin.py:188} INFO - [2026-07-09T03:53:04.551-0500] {dagbag.py:545} INFO - Filling up the DagBag from /opt/airflow/dags/dag_monitor_correo.py
[2026-07-09T03:53:04.583-0500] {processor.py:840} INFO - DAG(s) 'aerotrack_travel_monitor_correo' retrieved from /opt/airflow/dags/dag_monitor_correo.py
[2026-07-09T03:53:04.611-0500] {logging_mixin.py:188} INFO - [2026-07-09T03:53:04.611-0500] {dag.py:3089} INFO - Sync 1 DAGs
[2026-07-09T03:53:04.622-0500] {logging_mixin.py:188} INFO - [2026-07-09T03:53:04.622-0500] {dag.py:3947} INFO - Setting next_dagrun for aerotrack_travel_monitor_correo to None, run_after=None
[2026-07-09T03:53:04.637-0500] {processor.py:183} INFO - Processing /opt/airflow/dags/dag_monitor_correo.py took 0.093 seconds
[2026-07-09T03:53:35.422-0500] {processor.py:161} INFO - Started process (PID=17155) to work on /opt/airflow/dags/dag_monitor_correo.py
[2026-07-09T03:53:35.423-0500] {processor.py:830} INFO - Processing file /opt/airflow/dags/dag_monitor_correo.py for tasks to queue
[2026-07-09T03:53:35.424-0500] {logging_mixin.py:188} INFO - [2026-07-09T03:53:35.424-0500] {dagbag.py:545} INFO - Filling up the DagBag from /opt/airflow/dags/dag_monitor_correo.py
[2026-07-09T03:53:35.468-0500] {processor.py:840} INFO - DAG(s) 'aerotrack_travel_monitor_correo' retrieved from /opt/airflow/dags/dag_monitor_correo.py
[2026-07-09T03:53:35.505-0500] {logging_mixin.py:188} INFO - [2026-07-09T03:53:35.505-0500] {dag.py:3089} INFO - Sync 1 DAGs
[2026-07-09T03:53:35.520-0500] {logging_mixin.py:188} INFO - [2026-07-09T03:53:35.520-0500] {dag.py:3947} INFO - Setting next_dagrun for aerotrack_travel_monitor_correo to None, run_after=None
[2026-07-09T03:53:35.538-0500] {processor.py:183} INFO - Processing /opt/airflow/dags/dag_monitor_correo.py took 0.122 seconds
[2026-07-09T03:54:05.622-0500] {processor.py:161} INFO - Started process (PID=17182) to work on /opt/airflow/dags/dag_monitor_correo.py
[2026-07-09T03:54:05.623-0500] {processor.py:830} INFO - Processing file /opt/airflow/dags/dag_monitor_correo.py for tasks to queue
[2026-07-09T03:54:05.624-0500] {logging_mixin.py:188} INFO - [2026-07-09T03:54:05.624-0500] {dagbag.py:545} INFO - Filling up the DagBag from /opt/airflow/dags/dag_monitor_correo.py
[2026-07-09T03:54:05.664-0500] {processor.py:840} INFO - DAG(s) 'aerotrack_travel_monitor_correo' retrieved from /opt/airflow/dags/dag_monitor_correo.py
[2026-07-09T03:54:05.698-0500] {logging_mixin.py:188} INFO - [2026-07-09T03:54:05.698-0500] {dag.py:3089} INFO - Sync 1 DAGs
[2026-07-09T03:54:05.713-0500] {logging_mixin.py:188} INFO - [2026-07-09T03:54:05.713-0500] {dag.py:3947} INFO - Setting next_dagrun for aerotrack_travel_monitor_correo to None, run_after=None
[2026-07-09T03:54:05.735-0500] {processor.py:183} INFO - Processing /opt/airflow/dags/dag_monitor_correo.py took 0.118 seconds
[2026-07-09T03:54:36.448-0500] {processor.py:161} INFO - Started process (PID=17209) to work on /opt/airflow/dags/dag_monitor_correo.py
[2026-07-09T03:54:36.449-0500] {processor.py:830} INFO - Processing file /opt/airflow/dags/dag_monitor_correo.py for tasks to queue
[2026-07-09T03:54:36.452-0500] {logging_mixin.py:188} INFO - [2026-07-09T03:54:36.451-0500] {dagbag.py:545} INFO - Filling up the DagBag from /opt/airflow/dags/dag_monitor_correo.py
[2026-07-09T03:54:36.498-0500] {processor.py:840} INFO - DAG(s) 'aerotrack_travel_monitor_correo' retrieved from /opt/airflow/dags/dag_monitor_correo.py
[2026-07-09T03:54:36.536-0500] {logging_mixin.py:188} INFO - [2026-07-09T03:54:36.536-0500] {dag.py:3089} INFO - Sync 1 DAGs
[2026-07-09T03:54:36.550-0500] {logging_mixin.py:188} INFO - [2026-07-09T03:54:36.550-0500] {dag.py:3947} INFO - Setting next_dagrun for aerotrack_travel_monitor_correo to None, run_after=None
[2026-07-09T03:54:36.575-0500] {processor.py:183} INFO - Processing /opt/airflow/dags/dag_monitor_correo.py took 0.136 seconds
[2026-07-09T03:55:07.469-0500] {processor.py:161} INFO - Started process (PID=17236) to work on /opt/airflow/dags/dag_monitor_correo.py
[2026-07-09T03:55:07.470-0500] {processor.py:830} INFO - Processing file /opt/airflow/dags/dag_monitor_correo.py for tasks to queue
[2026-07-09T03:55:07.472-0500] {logging_mixin.py:188} INFO - [2026-07-09T03:55:07.471-0500] {dagbag.py:545} INFO - Filling up the DagBag from /opt/airflow/dags/dag_monitor_correo.py
[2026-07-09T03:55:07.503-0500] {processor.py:840} INFO - DAG(s) 'aerotrack_travel_monitor_correo' retrieved from /opt/airflow/dags/dag_monitor_correo.py
[2026-07-09T03:55:07.531-0500] {logging_mixin.py:188} INFO - [2026-07-09T03:55:07.531-0500] {dag.py:3089} INFO - Sync 1 DAGs
[2026-07-09T03:55:07.542-0500] {logging_mixin.py:188} INFO - [2026-07-09T03:55:07.541-0500] {dag.py:3947} INFO - Setting next_dagrun for aerotrack_travel_monitor_correo to None, run_after=None
[2026-07-09T03:55:07.558-0500] {processor.py:183} INFO - Processing /opt/airflow/dags/dag_monitor_correo.py took 0.094 seconds
[2026-07-09T03:55:38.394-0500] {processor.py:161} INFO - Started process (PID=17263) to work on /opt/airflow/dags/dag_monitor_correo.py
[2026-07-09T03:55:38.395-0500] {processor.py:830} INFO - Processing file /opt/airflow/dags/dag_monitor_correo.py for tasks to queue
[2026-07-09T03:55:38.396-0500] {logging_mixin.py:188} INFO - [2026-07-09T03:55:38.396-0500] {dagbag.py:545} INFO - Filling up the DagBag from /opt/airflow/dags/dag_monitor_correo.py
[2026-07-09T03:55:38.446-0500] {processor.py:840} INFO - DAG(s) 'aerotrack_travel_monitor_correo' retrieved from /opt/airflow/dags/dag_monitor_correo.py
[2026-07-09T03:55:38.478-0500] {logging_mixin.py:188} INFO - [2026-07-09T03:55:38.478-0500] {dag.py:3089} INFO - Sync 1 DAGs
[2026-07-09T03:55:38.488-0500] {logging_mixin.py:188} INFO - [2026-07-09T03:55:38.488-0500] {dag.py:3947} INFO - Setting next_dagrun for aerotrack_travel_monitor_correo to None, run_after=None
[2026-07-09T03:55:38.503-0500] {processor.py:183} INFO - Processing /opt/airflow/dags/dag_monitor_correo.py took 0.114 seconds
[2026-07-09T03:56:09.466-0500] {processor.py:161} INFO - Started process (PID=17290) to work on /opt/airflow/dags/dag_monitor_correo.py
[2026-07-09T03:56:09.467-0500] {processor.py:830} INFO - Processing file /opt/airflow/dags/dag_monitor_correo.py for tasks to queue
[2026-07-09T03:56:09.469-0500] {logging_mixin.py:188} INFO - [2026-07-09T03:56:09.469-0500] {dagbag.py:545} INFO - Filling up the DagBag from /opt/airflow/dags/dag_monitor_correo.py
[2026-07-09T03:56:09.506-0500] {processor.py:840} INFO - DAG(s) 'aerotrack_travel_monitor_correo' retrieved from /opt/airflow/dags/dag_monitor_correo.py
[2026-07-09T03:56:09.539-0500] {logging_mixin.py:188} INFO - [2026-07-09T03:56:09.539-0500] {dag.py:3089} INFO - Sync 1 DAGs
[2026-07-09T03:56:09.552-0500] {logging_mixin.py:188} INFO - [2026-07-09T03:56:09.552-0500] {dag.py:3947} INFO - Setting next_dagrun for aerotrack_travel_monitor_correo to None, run_after=None
[2026-07-09T03:56:09.589-0500] {processor.py:183} INFO - Processing /opt/airflow/dags/dag_monitor_correo.py took 0.130 seconds
[2026-07-09T03:56:40.556-0500] {processor.py:161} INFO - Started process (PID=17317) to work on /opt/airflow/dags/dag_monitor_correo.py
[2026-07-09T03:56:40.557-0500] {processor.py:830} INFO - Processing file /opt/airflow/dags/dag_monitor_correo.py for tasks to queue
[2026-07-09T03:56:40.559-0500] {logging_mixin.py:188} INFO - [2026-07-09T03:56:40.559-0500] {dagbag.py:545} INFO - Filling up the DagBag from /opt/airflow/dags/dag_monitor_correo.py
[2026-07-09T03:56:40.620-0500] {processor.py:840} INFO - DAG(s) 'aerotrack_travel_monitor_correo' retrieved from /opt/airflow/dags/dag_monitor_correo.py
[2026-07-09T03:56:40.661-0500] {logging_mixin.py:188} INFO - [2026-07-09T03:56:40.661-0500] {dag.py:3089} INFO - Sync 1 DAGs
[2026-07-09T03:56:40.675-0500] {logging_mixin.py:188} INFO - [2026-07-09T03:56:40.674-0500] {dag.py:3947} INFO - Setting next_dagrun for aerotrack_travel_monitor_correo to None, run_after=None
[2026-07-09T03:56:40.697-0500] {processor.py:183} INFO - Processing /opt/airflow/dags/dag_monitor_correo.py took 0.147 seconds
[2026-07-09T03:57:11.570-0500] {processor.py:161} INFO - Started process (PID=17344) to work on /opt/airflow/dags/dag_monitor_correo.py
[2026-07-09T03:57:11.571-0500] {processor.py:830} INFO - Processing file /opt/airflow/dags/dag_monitor_correo.py for tasks to queue
[2026-07-09T03:57:11.573-0500] {logging_mixin.py:188} INFO - [2026-07-09T03:57:11.573-0500] {dagbag.py:545} INFO - Filling up the DagBag from /opt/airflow/dags/dag_monitor_correo.py
[2026-07-09T03:57:11.614-0500] {processor.py:840} INFO - DAG(s) 'aerotrack_travel_monitor_correo' retrieved from /opt/airflow/dags/dag_monitor_correo.py
[2026-07-09T03:57:11.649-0500] {logging_mixin.py:188} INFO - [2026-07-09T03:57:11.649-0500] {dag.py:3089} INFO - Sync 1 DAGs
[2026-07-09T03:57:11.662-0500] {logging_mixin.py:188} INFO - [2026-07-09T03:57:11.661-0500] {dag.py:3947} INFO - Setting next_dagrun for aerotrack_travel_monitor_correo to None, run_after=None
[2026-07-09T03:57:11.681-0500] {processor.py:183} INFO - Processing /opt/airflow/dags/dag_monitor_correo.py took 0.116 seconds
[2026-07-09T03:57:42.600-0500] {processor.py:161} INFO - Started process (PID=17371) to work on /opt/airflow/dags/dag_monitor_correo.py
[2026-07-09T03:57:42.601-0500] {processor.py:830} INFO - Processing file /opt/airflow/dags/dag_monitor_correo.py for tasks to queue
[2026-07-09T03:57:42.602-0500] {logging_mixin.py:188} INFO - [2026-07-09T03:57:42.602-0500] {dagbag.py:545} INFO - Filling up the DagBag from /opt/airflow/dags/dag_monitor_correo.py
[2026-07-09T03:57:42.638-0500] {processor.py:840} INFO - DAG(s) 'aerotrack_travel_monitor_correo' retrieved from /opt/airflow/dags/dag_monitor_correo.py
[2026-07-09T03:57:42.670-0500] {logging_mixin.py:188} INFO - [2026-07-09T03:57:42.670-0500] {dag.py:3089} INFO - Sync 1 DAGs
[2026-07-09T03:57:42.681-0500] {logging_mixin.py:188} INFO - [2026-07-09T03:57:42.680-0500] {dag.py:3947} INFO - Setting next_dagrun for aerotrack_travel_monitor_correo to None, run_after=None
[2026-07-09T03:57:42.697-0500] {processor.py:183} INFO - Processing /opt/airflow/dags/dag_monitor_correo.py took 0.102 seconds
[2026-07-09T03:58:13.698-0500] {processor.py:161} INFO - Started process (PID=17398) to work on /opt/airflow/dags/dag_monitor_correo.py
[2026-07-09T03:58:13.699-0500] {processor.py:830} INFO - Processing file /opt/airflow/dags/dag_monitor_correo.py for tasks to queue
[2026-07-09T03:58:13.701-0500] {logging_mixin.py:188} INFO - [2026-07-09T03:58:13.701-0500] {dagbag.py:545} INFO - Filling up the DagBag from /opt/airflow/dags/dag_monitor_correo.py
[2026-07-09T03:58:13.741-0500] {processor.py:840} INFO - DAG(s) 'aerotrack_travel_monitor_correo' retrieved from /opt/airflow/dags/dag_monitor_correo.py
[2026-07-09T03:58:13.779-0500] {logging_mixin.py:188} INFO - [2026-07-09T03:58:13.779-0500] {dag.py:3089} INFO - Sync 1 DAGs
[2026-07-09T03:58:13.791-0500] {logging_mixin.py:188} INFO - [2026-07-09T03:58:13.791-0500] {dag.py:3947} INFO - Setting next_dagrun for aerotrack_travel_monitor_correo to None, run_after=None
[2026-07-09T03:58:13.809-0500] {processor.py:183} INFO - Processing /opt/airflow/dags/dag_monitor_correo.py took 0.116 seconds
[2026-07-09T03:58:44.750-0500] {processor.py:161} INFO - Started process (PID=17425) to work on /opt/airflow/dags/dag_monitor_correo.py
[2026-07-09T03:58:44.751-0500] {processor.py:830} INFO - Processing file /opt/airflow/dags/dag_monitor_correo.py for tasks to queue
[2026-07-09T03:58:44.753-0500] {logging_mixin.py:188} INFO - [2026-07-09T03:58:44.752-0500] {dagbag.py:545} INFO - Filling up the DagBag from /opt/airflow/dags/dag_monitor_correo.py
[2026-07-09T03:58:44.797-0500] {processor.py:840} INFO - DAG(s) 'aerotrack_travel_monitor_correo' retrieved from /opt/airflow/dags/dag_monitor_correo.py
[2026-07-09T03:58:44.830-0500] {logging_mixin.py:188} INFO - [2026-07-09T03:58:44.830-0500] {dag.py:3089} INFO - Sync 1 DAGs
[2026-07-09T03:58:44.841-0500] {logging_mixin.py:188} INFO - [2026-07-09T03:58:44.841-0500] {dag.py:3947} INFO - Setting next_dagrun for aerotrack_travel_monitor_correo to None, run_after=None
[2026-07-09T03:58:44.857-0500] {processor.py:183} INFO - Processing /opt/airflow/dags/dag_monitor_correo.py took 0.112 seconds
[2026-07-09T03:59:15.653-0500] {processor.py:161} INFO - Started process (PID=17452) to work on /opt/airflow/dags/dag_monitor_correo.py
[2026-07-09T03:59:15.654-0500] {processor.py:830} INFO - Processing file /opt/airflow/dags/dag_monitor_correo.py for tasks to queue
[2026-07-09T03:59:15.655-0500] {logging_mixin.py:188} INFO - [2026-07-09T03:59:15.655-0500] {dagbag.py:545} INFO - Filling up the DagBag from /opt/airflow/dags/dag_monitor_correo.py
[2026-07-09T03:59:15.691-0500] {processor.py:840} INFO - DAG(s) 'aerotrack_travel_monitor_correo' retrieved from /opt/airflow/dags/dag_monitor_correo.py
[2026-07-09T03:59:15.722-0500] {logging_mixin.py:188} INFO - [2026-07-09T03:59:15.721-0500] {dag.py:3089} INFO - Sync 1 DAGs
[2026-07-09T03:59:15.732-0500] {logging_mixin.py:188} INFO - [2026-07-09T03:59:15.732-0500] {dag.py:3947} INFO - Setting next_dagrun for aerotrack_travel_monitor_correo to None, run_after=None
[2026-07-09T03:59:15.749-0500] {processor.py:183} INFO - Processing /opt/airflow/dags/dag_monitor_correo.py took 0.101 seconds
[2026-07-09T03:59:46.458-0500] {processor.py:161} INFO - Started process (PID=17479) to work on /opt/airflow/dags/dag_monitor_correo.py
[2026-07-09T03:59:46.459-0500] {processor.py:830} INFO - Processing file /opt/airflow/dags/dag_monitor_correo.py for tasks to queue
[2026-07-09T03:59:46.461-0500] {logging_mixin.py:188} INFO - [2026-07-09T03:59:46.460-0500] {dagbag.py:545} INFO - Filling up the DagBag from /opt/airflow/dags/dag_monitor_correo.py
[2026-07-09T03:59:46.501-0500] {processor.py:840} INFO - DAG(s) 'aerotrack_travel_monitor_correo' retrieved from /opt/airflow/dags/dag_monitor_correo.py
[2026-07-09T03:59:46.542-0500] {logging_mixin.py:188} INFO - [2026-07-09T03:59:46.542-0500] {dag.py:3089} INFO - Sync 1 DAGs
[2026-07-09T03:59:46.553-0500] {logging_mixin.py:188} INFO - [2026-07-09T03:59:46.553-0500] {dag.py:3947} INFO - Setting next_dagrun for aerotrack_travel_monitor_correo to None, run_after=None
[2026-07-09T03:59:46.572-0500] {processor.py:183} INFO - Processing /opt/airflow/dags/dag_monitor_correo.py took 0.119 seconds
[2026-07-09T04:00:17.420-0500] {processor.py:161} INFO - Started process (PID=17506) to work on /opt/airflow/dags/dag_monitor_correo.py
[2026-07-09T04:00:17.422-0500] {processor.py:830} INFO - Processing file /opt/airflow/dags/dag_monitor_correo.py for tasks to queue
[2026-07-09T04:00:17.424-0500] {logging_mixin.py:188} INFO - [2026-07-09T04:00:17.424-0500] {dagbag.py:545} INFO - Filling up the DagBag from /opt/airflow/dags/dag_monitor_correo.py
[2026-07-09T04:00:17.473-0500] {processor.py:840} INFO - DAG(s) 'aerotrack_travel_monitor_correo' retrieved from /opt/airflow/dags/dag_monitor_correo.py
[2026-07-09T04:00:17.509-0500] {logging_mixin.py:188} INFO - [2026-07-09T04:00:17.508-0500] {dag.py:3089} INFO - Sync 1 DAGs
[2026-07-09T04:00:17.521-0500] {logging_mixin.py:188} INFO - [2026-07-09T04:00:17.520-0500] {dag.py:3947} INFO - Setting next_dagrun for aerotrack_travel_monitor_correo to None, run_after=None
[2026-07-09T04:00:17.540-0500] {processor.py:183} INFO - Processing /opt/airflow/dags/dag_monitor_correo.py took 0.126 seconds
[2026-07-09T04:00:48.512-0500] {processor.py:161} INFO - Started process (PID=17533) to work on /opt/airflow/dags/dag_monitor_correo.py
[2026-07-09T04:00:48.513-0500] {processor.py:830} INFO - Processing file /opt/airflow/dags/dag_monitor_correo.py for tasks to queue
[2026-07-09T04:00:48.514-0500] {logging_mixin.py:188} INFO - [2026-07-09T04:00:48.514-0500] {dagbag.py:545} INFO - Filling up the DagBag from /opt/airflow/dags/dag_monitor_correo.py
[2026-07-09T04:00:48.555-0500] {processor.py:840} INFO - DAG(s) 'aerotrack_travel_monitor_correo' retrieved from /opt/airflow/dags/dag_monitor_correo.py
[2026-07-09T04:00:48.587-0500] {logging_mixin.py:188} INFO - [2026-07-09T04:00:48.587-0500] {dag.py:3089} INFO - Sync 1 DAGs
[2026-07-09T04:00:48.596-0500] {logging_mixin.py:188} INFO - [2026-07-09T04:00:48.596-0500] {dag.py:3947} INFO - Setting next_dagrun for aerotrack_travel_monitor_correo to None, run_after=None
[2026-07-09T04:00:48.612-0500] {processor.py:183} INFO - Processing /opt/airflow/dags/dag_monitor_correo.py took 0.104 seconds
[2026-07-09T04:01:19.297-0500] {processor.py:161} INFO - Started process (PID=17560) to work on /opt/airflow/dags/dag_monitor_correo.py
[2026-07-09T04:01:19.298-0500] {processor.py:830} INFO - Processing file /opt/airflow/dags/dag_monitor_correo.py for tasks to queue
[2026-07-09T04:01:19.300-0500] {logging_mixin.py:188} INFO - [2026-07-09T04:01:19.299-0500] {dagbag.py:545} INFO - Filling up the DagBag from /opt/airflow/dags/dag_monitor_correo.py
[2026-07-09T04:01:19.329-0500] {processor.py:840} INFO - DAG(s) 'aerotrack_travel_monitor_correo' retrieved from /opt/airflow/dags/dag_monitor_correo.py
[2026-07-09T04:01:19.357-0500] {logging_mixin.py:188} INFO - [2026-07-09T04:01:19.356-0500] {dag.py:3089} INFO - Sync 1 DAGs
[2026-07-09T04:01:19.366-0500] {logging_mixin.py:188} INFO - [2026-07-09T04:01:19.366-0500] {dag.py:3947} INFO - Setting next_dagrun for aerotrack_travel_monitor_correo to None, run_after=None
[2026-07-09T04:01:19.384-0500] {processor.py:183} INFO - Processing /opt/airflow/dags/dag_monitor_correo.py took 0.092 seconds
[2026-07-09T04:01:50.218-0500] {processor.py:161} INFO - Started process (PID=17587) to work on /opt/airflow/dags/dag_monitor_correo.py
[2026-07-09T04:01:50.219-0500] {processor.py:830} INFO - Processing file /opt/airflow/dags/dag_monitor_correo.py for tasks to queue
[2026-07-09T04:01:50.221-0500] {logging_mixin.py:188} INFO - [2026-07-09T04:01:50.220-0500] {dagbag.py:545} INFO - Filling up the DagBag from /opt/airflow/dags/dag_monitor_correo.py
[2026-07-09T04:01:50.258-0500] {processor.py:840} INFO - DAG(s) 'aerotrack_travel_monitor_correo' retrieved from /opt/airflow/dags/dag_monitor_correo.py
[2026-07-09T04:01:50.289-0500] {logging_mixin.py:188} INFO - [2026-07-09T04:01:50.289-0500] {dag.py:3089} INFO - Sync 1 DAGs
[2026-07-09T04:01:50.299-0500] {logging_mixin.py:188} INFO - [2026-07-09T04:01:50.299-0500] {dag.py:3947} INFO - Setting next_dagrun for aerotrack_travel_monitor_correo to None, run_after=None
[2026-07-09T04:01:50.315-0500] {processor.py:183} INFO - Processing /opt/airflow/dags/dag_monitor_correo.py took 0.102 seconds
[2026-07-09T04:02:20.377-0500] {processor.py:161} INFO - Started process (PID=17614) to work on /opt/airflow/dags/dag_monitor_correo.py
[2026-07-09T04:02:20.379-0500] {processor.py:830} INFO - Processing file /opt/airflow/dags/dag_monitor_correo.py for tasks to queue
[2026-07-09T04:02:20.380-0500] {logging_mixin.py:188} INFO - [2026-07-09T04:02:20.380-0500] {dagbag.py:545} INFO - Filling up the DagBag from /opt/airflow/dags/dag_monitor_correo.py
[2026-07-09T04:02:20.421-0500] {processor.py:840} INFO - DAG(s) 'aerotrack_travel_monitor_correo' retrieved from /opt/airflow/dags/dag_monitor_correo.py
[2026-07-09T04:02:20.456-0500] {logging_mixin.py:188} INFO - [2026-07-09T04:02:20.456-0500] {dag.py:3089} INFO - Sync 1 DAGs
[2026-07-09T04:02:20.471-0500] {logging_mixin.py:188} INFO - [2026-07-09T04:02:20.471-0500] {dag.py:3947} INFO - Setting next_dagrun for aerotrack_travel_monitor_correo to None, run_after=None
[2026-07-09T04:02:20.491-0500] {processor.py:183} INFO - Processing /opt/airflow/dags/dag_monitor_correo.py took 0.119 seconds
[2026-07-09T04:02:51.357-0500] {processor.py:161} INFO - Started process (PID=17641) to work on /opt/airflow/dags/dag_monitor_correo.py
[2026-07-09T04:02:51.358-0500] {processor.py:830} INFO - Processing file /opt/airflow/dags/dag_monitor_correo.py for tasks to queue
[2026-07-09T04:02:51.360-0500] {logging_mixin.py:188} INFO - [2026-07-09T04:02:51.359-0500] {dagbag.py:545} INFO - Filling up the DagBag from /opt/airflow/dags/dag_monitor_correo.py
[2026-07-09T04:02:51.400-0500] {processor.py:840} INFO - DAG(s) 'aerotrack_travel_monitor_correo' retrieved from /opt/airflow/dags/dag_monitor_correo.py
[2026-07-09T04:02:51.441-0500] {logging_mixin.py:188} INFO - [2026-07-09T04:02:51.441-0500] {dag.py:3089} INFO - Sync 1 DAGs
[2026-07-09T04:02:51.456-0500] {logging_mixin.py:188} INFO - [2026-07-09T04:02:51.456-0500] {dag.py:3947} INFO - Setting next_dagrun for aerotrack_travel_monitor_correo to None, run_after=None
[2026-07-09T04:02:51.483-0500] {processor.py:183} INFO - Processing /opt/airflow/dags/dag_monitor_correo.py took 0.131 seconds
[2026-07-09T04:03:22.267-0500] {processor.py:161} INFO - Started process (PID=17668) to work on /opt/airflow/dags/dag_monitor_correo.py
[2026-07-09T04:03:22.268-0500] {processor.py:830} INFO - Processing file /opt/airflow/dags/dag_monitor_correo.py for tasks to queue
[2026-07-09T04:03:22.270-0500] {logging_mixin.py:188} INFO - [2026-07-09T04:03:22.269-0500] {dagbag.py:545} INFO - Filling up the DagBag from /opt/airflow/dags/dag_monitor_correo.py
[2026-07-09T04:03:22.304-0500] {processor.py:840} INFO - DAG(s) 'aerotrack_travel_monitor_correo' retrieved from /opt/airflow/dags/dag_monitor_correo.py
[2026-07-09T04:03:22.341-0500] {logging_mixin.py:188} INFO - [2026-07-09T04:03:22.341-0500] {dag.py:3089} INFO - Sync 1 DAGs
[2026-07-09T04:03:22.354-0500] {logging_mixin.py:188} INFO - [2026-07-09T04:03:22.353-0500] {dag.py:3947} INFO - Setting next_dagrun for aerotrack_travel_monitor_correo to None, run_after=None
[2026-07-09T04:03:22.374-0500] {processor.py:183} INFO - Processing /opt/airflow/dags/dag_monitor_correo.py took 0.113 seconds
[2026-07-09T04:03:53.137-0500] {processor.py:161} INFO - Started process (PID=17695) to work on /opt/airflow/dags/dag_monitor_correo.py
[2026-07-09T04:03:53.138-0500] {processor.py:830} INFO - Processing file /opt/airflow/dags/dag_monitor_correo.py for tasks to queue
[2026-07-09T04:03:53.140-0500] {logging_mixin.py:188} INFO - [2026-07-09T04:03:53.140-0500] {dagbag.py:545} INFO - Filling up the DagBag from /opt/airflow/dags/dag_monitor_correo.py
[2026-07-09T04:03:53.192-0500] {processor.py:840} INFO - DAG(s) 'aerotrack_travel_monitor_correo' retrieved from /opt/airflow/dags/dag_monitor_correo.py
[2026-07-09T04:03:53.226-0500] {logging_mixin.py:188} INFO - [2026-07-09T04:03:53.226-0500] {dag.py:3089} INFO - Sync 1 DAGs
[2026-07-09T04:03:53.237-0500] {logging_mixin.py:188} INFO - [2026-07-09T04:03:53.237-0500] {dag.py:3947} INFO - Setting next_dagrun for aerotrack_travel_monitor_correo to None, run_after=None
[2026-07-09T04:03:53.255-0500] {processor.py:183} INFO - Processing /opt/airflow/dags/dag_monitor_correo.py took 0.123 seconds
[2026-07-09T04:04:24.241-0500] {processor.py:161} INFO - Started process (PID=17722) to work on /opt/airflow/dags/dag_monitor_correo.py
[2026-07-09T04:04:24.243-0500] {processor.py:830} INFO - Processing file /opt/airflow/dags/dag_monitor_correo.py for tasks to queue
[2026-07-09T04:04:24.244-0500] {logging_mixin.py:188} INFO - [2026-07-09T04:04:24.244-0500] {dagbag.py:545} INFO - Filling up the DagBag from /opt/airflow/dags/dag_monitor_correo.py
[2026-07-09T04:04:24.292-0500] {processor.py:840} INFO - DAG(s) 'aerotrack_travel_monitor_correo' retrieved from /opt/airflow/dags/dag_monitor_correo.py
[2026-07-09T04:04:24.322-0500] {logging_mixin.py:188} INFO - [2026-07-09T04:04:24.322-0500] {dag.py:3089} INFO - Sync 1 DAGs
[2026-07-09T04:04:24.334-0500] {logging_mixin.py:188} INFO - [2026-07-09T04:04:24.334-0500] {dag.py:3947} INFO - Setting next_dagrun for aerotrack_travel_monitor_correo to None, run_after=None
[2026-07-09T04:04:24.351-0500] {processor.py:183} INFO - Processing /opt/airflow/dags/dag_monitor_correo.py took 0.115 seconds
[2026-07-09T04:04:55.177-0500] {processor.py:161} INFO - Started process (PID=17749) to work on /opt/airflow/dags/dag_monitor_correo.py
[2026-07-09T04:04:55.178-0500] {processor.py:830} INFO - Processing file /opt/airflow/dags/dag_monitor_correo.py for tasks to queue
[2026-07-09T04:04:55.181-0500] {logging_mixin.py:188} INFO - [2026-07-09T04:04:55.181-0500] {dagbag.py:545} INFO - Filling up the DagBag from /opt/airflow/dags/dag_monitor_correo.py
[2026-07-09T04:04:55.233-0500] {processor.py:840} INFO - DAG(s) 'aerotrack_travel_monitor_correo' retrieved from /opt/airflow/dags/dag_monitor_correo.py
[2026-07-09T04:04:55.276-0500] {logging_mixin.py:188} INFO - [2026-07-09T04:04:55.276-0500] {dag.py:3089} INFO - Sync 1 DAGs
[2026-07-09T04:04:55.295-0500] {logging_mixin.py:188} INFO - [2026-07-09T04:04:55.295-0500] {dag.py:3947} INFO - Setting next_dagrun for aerotrack_travel_monitor_correo to None, run_after=None
[2026-07-09T04:04:55.317-0500] {processor.py:183} INFO - Processing /opt/airflow/dags/dag_monitor_correo.py took 0.145 seconds
[2026-07-09T04:05:26.061-0500] {processor.py:161} INFO - Started process (PID=17776) to work on /opt/airflow/dags/dag_monitor_correo.py
[2026-07-09T04:05:26.062-0500] {processor.py:830} INFO - Processing file /opt/airflow/dags/dag_monitor_correo.py for tasks to queue
[2026-07-09T04:05:26.064-0500] {logging_mixin.py:188} INFO - [2026-07-09T04:05:26.064-0500] {dagbag.py:545} INFO - Filling up the DagBag from /opt/airflow/dags/dag_monitor_correo.py
[2026-07-09T04:05:26.095-0500] {processor.py:840} INFO - DAG(s) 'aerotrack_travel_monitor_correo' retrieved from /opt/airflow/dags/dag_monitor_correo.py
[2026-07-09T04:05:26.132-0500] {logging_mixin.py:188} INFO - [2026-07-09T04:05:26.132-0500] {dag.py:3089} INFO - Sync 1 DAGs
[2026-07-09T04:05:26.146-0500] {logging_mixin.py:188} INFO - [2026-07-09T04:05:26.146-0500] {dag.py:3947} INFO - Setting next_dagrun for aerotrack_travel_monitor_correo to None, run_after=None
[2026-07-09T04:05:26.165-0500] {processor.py:183} INFO - Processing /opt/airflow/dags/dag_monitor_correo.py took 0.109 seconds
[2026-07-09T04:05:56.862-0500] {processor.py:161} INFO - Started process (PID=17803) to work on /opt/airflow/dags/dag_monitor_correo.py
[2026-07-09T04:05:56.863-0500] {processor.py:830} INFO - Processing file /opt/airflow/dags/dag_monitor_correo.py for tasks to queue
[2026-07-09T04:05:56.865-0500] {logging_mixin.py:188} INFO - [2026-07-09T04:05:56.865-0500] {dagbag.py:545} INFO - Filling up the DagBag from /opt/airflow/dags/dag_monitor_correo.py
[2026-07-09T04:05:56.903-0500] {processor.py:840} INFO - DAG(s) 'aerotrack_travel_monitor_correo' retrieved from /opt/airflow/dags/dag_monitor_correo.py
[2026-07-09T04:05:56.938-0500] {logging_mixin.py:188} INFO - [2026-07-09T04:05:56.938-0500] {dag.py:3089} INFO - Sync 1 DAGs
[2026-07-09T04:05:56.950-0500] {logging_mixin.py:188} INFO - [2026-07-09T04:05:56.949-0500] {dag.py:3947} INFO - Setting next_dagrun for aerotrack_travel_monitor_correo to None, run_after=None
[2026-07-09T04:05:56.967-0500] {processor.py:183} INFO - Processing /opt/airflow/dags/dag_monitor_correo.py took 0.110 seconds
[2026-07-09T04:06:27.800-0500] {processor.py:161} INFO - Started process (PID=17830) to work on /opt/airflow/dags/dag_monitor_correo.py
[2026-07-09T04:06:27.801-0500] {processor.py:830} INFO - Processing file /opt/airflow/dags/dag_monitor_correo.py for tasks to queue
[2026-07-09T04:06:27.803-0500] {logging_mixin.py:188} INFO - [2026-07-09T04:06:27.802-0500] {dagbag.py:545} INFO - Filling up the DagBag from /opt/airflow/dags/dag_monitor_correo.py
[2026-07-09T04:06:27.837-0500] {processor.py:840} INFO - DAG(s) 'aerotrack_travel_monitor_correo' retrieved from /opt/airflow/dags/dag_monitor_correo.py
[2026-07-09T04:06:27.871-0500] {logging_mixin.py:188} INFO - [2026-07-09T04:06:27.871-0500] {dag.py:3089} INFO - Sync 1 DAGs
[2026-07-09T04:06:27.883-0500] {logging_mixin.py:188} INFO - [2026-07-09T04:06:27.883-0500] {dag.py:3947} INFO - Setting next_dagrun for aerotrack_travel_monitor_correo to None, run_after=None
[2026-07-09T04:06:27.900-0500] {processor.py:183} INFO - Processing /opt/airflow/dags/dag_monitor_correo.py took 0.106 seconds
[2026-07-09T04:06:58.715-0500] {processor.py:161} INFO - Started process (PID=17857) to work on /opt/airflow/dags/dag_monitor_correo.py
[2026-07-09T04:06:58.716-0500] {processor.py:830} INFO - Processing file /opt/airflow/dags/dag_monitor_correo.py for tasks to queue
[2026-07-09T04:06:58.719-0500] {logging_mixin.py:188} INFO - [2026-07-09T04:06:58.718-0500] {dagbag.py:545} INFO - Filling up the DagBag from /opt/airflow/dags/dag_monitor_correo.py
[2026-07-09T04:06:58.749-0500] {processor.py:840} INFO - DAG(s) 'aerotrack_travel_monitor_correo' retrieved from /opt/airflow/dags/dag_monitor_correo.py
[2026-07-09T04:06:58.780-0500] {logging_mixin.py:188} INFO - [2026-07-09T04:06:58.780-0500] {dag.py:3089} INFO - Sync 1 DAGs
[2026-07-09T04:06:58.793-0500] {logging_mixin.py:188} INFO - [2026-07-09T04:06:58.793-0500] {dag.py:3947} INFO - Setting next_dagrun for aerotrack_travel_monitor_correo to None, run_after=None
[2026-07-09T04:06:58.809-0500] {processor.py:183} INFO - Processing /opt/airflow/dags/dag_monitor_correo.py took 0.098 seconds
[2026-07-09T04:07:29.620-0500] {processor.py:161} INFO - Started process (PID=17884) to work on /opt/airflow/dags/dag_monitor_correo.py
[2026-07-09T04:07:29.621-0500] {processor.py:830} INFO - Processing file /opt/airflow/dags/dag_monitor_correo.py for tasks to queue
[2026-07-09T04:07:29.622-0500] {logging_mixin.py:188} INFO - [2026-07-09T04:07:29.622-0500] {dagbag.py:545} INFO - Filling up the DagBag from /opt/airflow/dags/dag_monitor_correo.py
[2026-07-09T04:07:29.652-0500] {processor.py:840} INFO - DAG(s) 'aerotrack_travel_monitor_correo' retrieved from /opt/airflow/dags/dag_monitor_correo.py
[2026-07-09T04:07:29.681-0500] {logging_mixin.py:188} INFO - [2026-07-09T04:07:29.681-0500] {dag.py:3089} INFO - Sync 1 DAGs
[2026-07-09T04:07:29.693-0500] {logging_mixin.py:188} INFO - [2026-07-09T04:07:29.693-0500] {dag.py:3947} INFO - Setting next_dagrun for aerotrack_travel_monitor_correo to None, run_after=None
[2026-07-09T04:07:29.709-0500] {processor.py:183} INFO - Processing /opt/airflow/dags/dag_monitor_correo.py took 0.094 seconds
[2026-07-09T04:08:00.438-0500] {processor.py:161} INFO - Started process (PID=17911) to work on /opt/airflow/dags/dag_monitor_correo.py
[2026-07-09T04:08:00.439-0500] {processor.py:830} INFO - Processing file /opt/airflow/dags/dag_monitor_correo.py for tasks to queue
[2026-07-09T04:08:00.441-0500] {logging_mixin.py:188} INFO - [2026-07-09T04:08:00.440-0500] {dagbag.py:545} INFO - Filling up the DagBag from /opt/airflow/dags/dag_monitor_correo.py
[2026-07-09T04:08:00.471-0500] {processor.py:840} INFO - DAG(s) 'aerotrack_travel_monitor_correo' retrieved from /opt/airflow/dags/dag_monitor_correo.py
[2026-07-09T04:08:00.505-0500] {logging_mixin.py:188} INFO - [2026-07-09T04:08:00.505-0500] {dag.py:3089} INFO - Sync 1 DAGs
[2026-07-09T04:08:00.517-0500] {logging_mixin.py:188} INFO - [2026-07-09T04:08:00.517-0500] {dag.py:3947} INFO - Setting next_dagrun for aerotrack_travel_monitor_correo to None, run_after=None
[2026-07-09T04:08:00.533-0500] {processor.py:183} INFO - Processing /opt/airflow/dags/dag_monitor_correo.py took 0.099 seconds
[2026-07-09T04:08:30.598-0500] {processor.py:161} INFO - Started process (PID=17938) to work on /opt/airflow/dags/dag_monitor_correo.py
[2026-07-09T04:08:30.599-0500] {processor.py:830} INFO - Processing file /opt/airflow/dags/dag_monitor_correo.py for tasks to queue
[2026-07-09T04:08:30.600-0500] {logging_mixin.py:188} INFO - [2026-07-09T04:08:30.600-0500] {dagbag.py:545} INFO - Filling up the DagBag from /opt/airflow/dags/dag_monitor_correo.py
[2026-07-09T04:08:30.647-0500] {processor.py:840} INFO - DAG(s) 'aerotrack_travel_monitor_correo' retrieved from /opt/airflow/dags/dag_monitor_correo.py
[2026-07-09T04:08:30.680-0500] {logging_mixin.py:188} INFO - [2026-07-09T04:08:30.680-0500] {dag.py:3089} INFO - Sync 1 DAGs
[2026-07-09T04:08:30.693-0500] {logging_mixin.py:188} INFO - [2026-07-09T04:08:30.692-0500] {dag.py:3947} INFO - Setting next_dagrun for aerotrack_travel_monitor_correo to None, run_after=None
[2026-07-09T04:08:30.709-0500] {processor.py:183} INFO - Processing /opt/airflow/dags/dag_monitor_correo.py took 0.116 seconds
[2026-07-09T04:09:01.621-0500] {processor.py:161} INFO - Started process (PID=17965) to work on /opt/airflow/dags/dag_monitor_correo.py
[2026-07-09T04:09:01.622-0500] {processor.py:830} INFO - Processing file /opt/airflow/dags/dag_monitor_correo.py for tasks to queue
[2026-07-09T04:09:01.623-0500] {logging_mixin.py:188} INFO - [2026-07-09T04:09:01.623-0500] {dagbag.py:545} INFO - Filling up the DagBag from /opt/airflow/dags/dag_monitor_correo.py
[2026-07-09T04:09:01.668-0500] {processor.py:840} INFO - DAG(s) 'aerotrack_travel_monitor_correo' retrieved from /opt/airflow/dags/dag_monitor_correo.py
[2026-07-09T04:09:01.703-0500] {logging_mixin.py:188} INFO - [2026-07-09T04:09:01.703-0500] {dag.py:3089} INFO - Sync 1 DAGs
[2026-07-09T04:09:01.715-0500] {logging_mixin.py:188} INFO - [2026-07-09T04:09:01.715-0500] {dag.py:3947} INFO - Setting next_dagrun for aerotrack_travel_monitor_correo to None, run_after=None
[2026-07-09T04:09:01.732-0500] {processor.py:183} INFO - Processing /opt/airflow/dags/dag_monitor_correo.py took 0.116 seconds
[2026-07-09T04:09:32.556-0500] {processor.py:161} INFO - Started process (PID=17992) to work on /opt/airflow/dags/dag_monitor_correo.py
[2026-07-09T04:09:32.557-0500] {processor.py:830} INFO - Processing file /opt/airflow/dags/dag_monitor_correo.py for tasks to queue
[2026-07-09T04:09:32.559-0500] {logging_mixin.py:188} INFO - [2026-07-09T04:09:32.558-0500] {dagbag.py:545} INFO - Filling up the DagBag from /opt/airflow/dags/dag_monitor_correo.py
[2026-07-09T04:09:32.597-0500] {processor.py:840} INFO - DAG(s) 'aerotrack_travel_monitor_correo' retrieved from /opt/airflow/dags/dag_monitor_correo.py
[2026-07-09T04:09:32.631-0500] {logging_mixin.py:188} INFO - [2026-07-09T04:09:32.631-0500] {dag.py:3089} INFO - Sync 1 DAGs
[2026-07-09T04:09:32.643-0500] {logging_mixin.py:188} INFO - [2026-07-09T04:09:32.643-0500] {dag.py:3947} INFO - Setting next_dagrun for aerotrack_travel_monitor_correo to None, run_after=None
[2026-07-09T04:09:32.659-0500] {processor.py:183} INFO - Processing /opt/airflow/dags/dag_monitor_correo.py took 0.107 seconds
[2026-07-09T04:10:03.389-0500] {processor.py:161} INFO - Started process (PID=18019) to work on /opt/airflow/dags/dag_monitor_correo.py
[2026-07-09T04:10:03.390-0500] {processor.py:830} INFO - Processing file /opt/airflow/dags/dag_monitor_correo.py for tasks to queue
[2026-07-09T04:10:03.392-0500] {logging_mixin.py:188} INFO - [2026-07-09T04:10:03.392-0500] {dagbag.py:545} INFO - Filling up the DagBag from /opt/airflow/dags/dag_monitor_correo.py
[2026-07-09T04:10:03.429-0500] {processor.py:840} INFO - DAG(s) 'aerotrack_travel_monitor_correo' retrieved from /opt/airflow/dags/dag_monitor_correo.py
[2026-07-09T04:10:03.468-0500] {logging_mixin.py:188} INFO - [2026-07-09T04:10:03.468-0500] {dag.py:3089} INFO - Sync 1 DAGs
[2026-07-09T04:10:03.482-0500] {logging_mixin.py:188} INFO - [2026-07-09T04:10:03.482-0500] {dag.py:3947} INFO - Setting next_dagrun for aerotrack_travel_monitor_correo to None, run_after=None
[2026-07-09T04:10:03.500-0500] {processor.py:183} INFO - Processing /opt/airflow/dags/dag_monitor_correo.py took 0.116 seconds
[2026-07-09T04:10:34.355-0500] {processor.py:161} INFO - Started process (PID=18046) to work on /opt/airflow/dags/dag_monitor_correo.py
[2026-07-09T04:10:34.356-0500] {processor.py:830} INFO - Processing file /opt/airflow/dags/dag_monitor_correo.py for tasks to queue
[2026-07-09T04:10:34.358-0500] {logging_mixin.py:188} INFO - [2026-07-09T04:10:34.357-0500] {dagbag.py:545} INFO - Filling up the DagBag from /opt/airflow/dags/dag_monitor_correo.py
[2026-07-09T04:10:34.398-0500] {processor.py:840} INFO - DAG(s) 'aerotrack_travel_monitor_correo' retrieved from /opt/airflow/dags/dag_monitor_correo.py
[2026-07-09T04:10:34.428-0500] {logging_mixin.py:188} INFO - [2026-07-09T04:10:34.428-0500] {dag.py:3089} INFO - Sync 1 DAGs
[2026-07-09T04:10:34.438-0500] {logging_mixin.py:188} INFO - [2026-07-09T04:10:34.438-0500] {dag.py:3947} INFO - Setting next_dagrun for aerotrack_travel_monitor_correo to None, run_after=None
[2026-07-09T04:10:34.453-0500] {processor.py:183} INFO - Processing /opt/airflow/dags/dag_monitor_correo.py took 0.102 seconds
[2026-07-09T04:11:05.277-0500] {processor.py:161} INFO - Started process (PID=18073) to work on /opt/airflow/dags/dag_monitor_correo.py
[2026-07-09T04:11:05.278-0500] {processor.py:830} INFO - Processing file /opt/airflow/dags/dag_monitor_correo.py for tasks to queue
[2026-07-09T04:11:05.279-0500] {logging_mixin.py:188} INFO - [2026-07-09T04:11:05.279-0500] {dagbag.py:545} INFO - Filling up the DagBag from /opt/airflow/dags/dag_monitor_correo.py
[2026-07-09T04:11:05.318-0500] {processor.py:840} INFO - DAG(s) 'aerotrack_travel_monitor_correo' retrieved from /opt/airflow/dags/dag_monitor_correo.py
[2026-07-09T04:11:05.347-0500] {logging_mixin.py:188} INFO - [2026-07-09T04:11:05.347-0500] {dag.py:3089} INFO - Sync 1 DAGs
[2026-07-09T04:11:05.358-0500] {logging_mixin.py:188} INFO - [2026-07-09T04:11:05.358-0500] {dag.py:3947} INFO - Setting next_dagrun for aerotrack_travel_monitor_correo to None, run_after=None
[2026-07-09T04:11:05.376-0500] {processor.py:183} INFO - Processing /opt/airflow/dags/dag_monitor_correo.py took 0.103 seconds
[2026-07-09T04:11:36.257-0500] {processor.py:161} INFO - Started process (PID=18100) to work on /opt/airflow/dags/dag_monitor_correo.py
[2026-07-09T04:11:36.258-0500] {processor.py:830} INFO - Processing file /opt/airflow/dags/dag_monitor_correo.py for tasks to queue
[2026-07-09T04:11:36.260-0500] {logging_mixin.py:188} INFO - [2026-07-09T04:11:36.259-0500] {dagbag.py:545} INFO - Filling up the DagBag from /opt/airflow/dags/dag_monitor_correo.py
[2026-07-09T04:11:36.294-0500] {processor.py:840} INFO - DAG(s) 'aerotrack_travel_monitor_correo' retrieved from /opt/airflow/dags/dag_monitor_correo.py
[2026-07-09T04:11:36.330-0500] {logging_mixin.py:188} INFO - [2026-07-09T04:11:36.330-0500] {dag.py:3089} INFO - Sync 1 DAGs
[2026-07-09T04:11:36.342-0500] {logging_mixin.py:188} INFO - [2026-07-09T04:11:36.342-0500] {dag.py:3947} INFO - Setting next_dagrun for aerotrack_travel_monitor_correo to None, run_after=None
[2026-07-09T04:11:36.359-0500] {processor.py:183} INFO - Processing /opt/airflow/dags/dag_monitor_correo.py took 0.106 seconds
[2026-07-09T04:12:07.220-0500] {processor.py:161} INFO - Started process (PID=18127) to work on /opt/airflow/dags/dag_monitor_correo.py
[2026-07-09T04:12:07.221-0500] {processor.py:830} INFO - Processing file /opt/airflow/dags/dag_monitor_correo.py for tasks to queue
[2026-07-09T04:12:07.222-0500] {logging_mixin.py:188} INFO - [2026-07-09T04:12:07.222-0500] {dagbag.py:545} INFO - Filling up the DagBag from /opt/airflow/dags/dag_monitor_correo.py
[2026-07-09T04:12:07.259-0500] {processor.py:840} INFO - DAG(s) 'aerotrack_travel_monitor_correo' retrieved from /opt/airflow/dags/dag_monitor_correo.py
[2026-07-09T04:12:07.294-0500] {logging_mixin.py:188} INFO - [2026-07-09T04:12:07.293-0500] {dag.py:3089} INFO - Sync 1 DAGs
[2026-07-09T04:12:07.307-0500] {logging_mixin.py:188} INFO - [2026-07-09T04:12:07.307-0500] {dag.py:3947} INFO - Setting next_dagrun for aerotrack_travel_monitor_correo to None, run_after=None
[2026-07-09T04:12:07.325-0500] {processor.py:183} INFO - Processing /opt/airflow/dags/dag_monitor_correo.py took 0.110 seconds
[2026-07-09T04:12:38.217-0500] {processor.py:161} INFO - Started process (PID=18154) to work on /opt/airflow/dags/dag_monitor_correo.py
[2026-07-09T04:12:38.218-0500] {processor.py:830} INFO - Processing file /opt/airflow/dags/dag_monitor_correo.py for tasks to queue
[2026-07-09T04:12:38.220-0500] {logging_mixin.py:188} INFO - [2026-07-09T04:12:38.220-0500] {dagbag.py:545} INFO - Filling up the DagBag from /opt/airflow/dags/dag_monitor_correo.py
[2026-07-09T04:12:38.267-0500] {processor.py:840} INFO - DAG(s) 'aerotrack_travel_monitor_correo' retrieved from /opt/airflow/dags/dag_monitor_correo.py
[2026-07-09T04:12:38.297-0500] {logging_mixin.py:188} INFO - [2026-07-09T04:12:38.297-0500] {dag.py:3089} INFO - Sync 1 DAGs
[2026-07-09T04:12:38.307-0500] {logging_mixin.py:188} INFO - [2026-07-09T04:12:38.307-0500] {dag.py:3947} INFO - Setting next_dagrun for aerotrack_travel_monitor_correo to None, run_after=None
[2026-07-09T04:12:38.322-0500] {processor.py:183} INFO - Processing /opt/airflow/dags/dag_monitor_correo.py took 0.110 seconds
[2026-07-09T04:13:09.194-0500] {processor.py:161} INFO - Started process (PID=18181) to work on /opt/airflow/dags/dag_monitor_correo.py
[2026-07-09T04:13:09.195-0500] {processor.py:830} INFO - Processing file /opt/airflow/dags/dag_monitor_correo.py for tasks to queue
[2026-07-09T04:13:09.196-0500] {logging_mixin.py:188} INFO - [2026-07-09T04:13:09.196-0500] {dagbag.py:545} INFO - Filling up the DagBag from /opt/airflow/dags/dag_monitor_correo.py
[2026-07-09T04:13:09.232-0500] {processor.py:840} INFO - DAG(s) 'aerotrack_travel_monitor_correo' retrieved from /opt/airflow/dags/dag_monitor_correo.py
[2026-07-09T04:13:09.267-0500] {logging_mixin.py:188} INFO - [2026-07-09T04:13:09.267-0500] {dag.py:3089} INFO - Sync 1 DAGs
[2026-07-09T04:13:09.278-0500] {logging_mixin.py:188} INFO - [2026-07-09T04:13:09.278-0500] {dag.py:3947} INFO - Setting next_dagrun for aerotrack_travel_monitor_correo to None, run_after=None
[2026-07-09T04:13:09.294-0500] {processor.py:183} INFO - Processing /opt/airflow/dags/dag_monitor_correo.py took 0.105 seconds
[2026-07-09T04:13:40.196-0500] {processor.py:161} INFO - Started process (PID=18208) to work on /opt/airflow/dags/dag_monitor_correo.py
[2026-07-09T04:13:40.198-0500] {processor.py:830} INFO - Processing file /opt/airflow/dags/dag_monitor_correo.py for tasks to queue
[2026-07-09T04:13:40.200-0500] {logging_mixin.py:188} INFO - [2026-07-09T04:13:40.199-0500] {dagbag.py:545} INFO - Filling up the DagBag from /opt/airflow/dags/dag_monitor_correo.py
[2026-07-09T04:13:40.241-0500] {processor.py:840} INFO - DAG(s) 'aerotrack_travel_monitor_correo' retrieved from /opt/airflow/dags/dag_monitor_correo.py
[2026-07-09T04:13:40.279-0500] {logging_mixin.py:188} INFO - [2026-07-09T04:13:40.279-0500] {dag.py:3089} INFO - Sync 1 DAGs
[2026-07-09T04:13:40.299-0500] {logging_mixin.py:188} INFO - [2026-07-09T04:13:40.299-0500] {dag.py:3947} INFO - Setting next_dagrun for aerotrack_travel_monitor_correo to None, run_after=None
[2026-07-09T04:13:40.319-0500] {processor.py:183} INFO - Processing /opt/airflow/dags/dag_monitor_correo.py took 0.129 seconds
[2026-07-09T04:14:11.322-0500] {processor.py:161} INFO - Started process (PID=18235) to work on /opt/airflow/dags/dag_monitor_correo.py
[2026-07-09T04:14:11.324-0500] {processor.py:830} INFO - Processing file /opt/airflow/dags/dag_monitor_correo.py for tasks to queue
[2026-07-09T04:14:11.326-0500] {logging_mixin.py:188} INFO - [2026-07-09T04:14:11.326-0500] {dagbag.py:545} INFO - Filling up the DagBag from /opt/airflow/dags/dag_monitor_correo.py
[2026-07-09T04:14:11.371-0500] {processor.py:840} INFO - DAG(s) 'aerotrack_travel_monitor_correo' retrieved from /opt/airflow/dags/dag_monitor_correo.py
[2026-07-09T04:14:11.411-0500] {logging_mixin.py:188} INFO - [2026-07-09T04:14:11.410-0500] {dag.py:3089} INFO - Sync 1 DAGs
[2026-07-09T04:14:11.425-0500] {logging_mixin.py:188} INFO - [2026-07-09T04:14:11.424-0500] {dag.py:3947} INFO - Setting next_dagrun for aerotrack_travel_monitor_correo to None, run_after=None
[2026-07-09T04:14:11.445-0500] {processor.py:183} INFO - Processing /opt/airflow/dags/dag_monitor_correo.py took 0.128 seconds
[2026-07-09T04:14:42.330-0500] {processor.py:161} INFO - Started process (PID=18262) to work on /opt/airflow/dags/dag_monitor_correo.py
[2026-07-09T04:14:42.331-0500] {processor.py:830} INFO - Processing file /opt/airflow/dags/dag_monitor_correo.py for tasks to queue
[2026-07-09T04:14:42.332-0500] {logging_mixin.py:188} INFO - [2026-07-09T04:14:42.332-0500] {dagbag.py:545} INFO - Filling up the DagBag from /opt/airflow/dags/dag_monitor_correo.py
[2026-07-09T04:14:42.369-0500] {processor.py:840} INFO - DAG(s) 'aerotrack_travel_monitor_correo' retrieved from /opt/airflow/dags/dag_monitor_correo.py
[2026-07-09T04:14:42.401-0500] {logging_mixin.py:188} INFO - [2026-07-09T04:14:42.401-0500] {dag.py:3089} INFO - Sync 1 DAGs
[2026-07-09T04:14:42.417-0500] {logging_mixin.py:188} INFO - [2026-07-09T04:14:42.416-0500] {dag.py:3947} INFO - Setting next_dagrun for aerotrack_travel_monitor_correo to None, run_after=None
[2026-07-09T04:14:42.436-0500] {processor.py:183} INFO - Processing /opt/airflow/dags/dag_monitor_correo.py took 0.111 seconds
[2026-07-09T04:15:13.441-0500] {processor.py:161} INFO - Started process (PID=18289) to work on /opt/airflow/dags/dag_monitor_correo.py
[2026-07-09T04:15:13.442-0500] {processor.py:830} INFO - Processing file /opt/airflow/dags/dag_monitor_correo.py for tasks to queue
[2026-07-09T04:15:13.444-0500] {logging_mixin.py:188} INFO - [2026-07-09T04:15:13.443-0500] {dagbag.py:545} INFO - Filling up the DagBag from /opt/airflow/dags/dag_monitor_correo.py
[2026-07-09T04:15:13.482-0500] {processor.py:840} INFO - DAG(s) 'aerotrack_travel_monitor_correo' retrieved from /opt/airflow/dags/dag_monitor_correo.py
[2026-07-09T04:15:13.515-0500] {logging_mixin.py:188} INFO - [2026-07-09T04:15:13.515-0500] {dag.py:3089} INFO - Sync 1 DAGs
[2026-07-09T04:15:13.527-0500] {logging_mixin.py:188} INFO - [2026-07-09T04:15:13.526-0500] {dag.py:3947} INFO - Setting next_dagrun for aerotrack_travel_monitor_correo to None, run_after=None
[2026-07-09T04:15:13.544-0500] {processor.py:183} INFO - Processing /opt/airflow/dags/dag_monitor_correo.py took 0.108 seconds
[2026-07-09T04:15:43.626-0500] {processor.py:161} INFO - Started process (PID=18316) to work on /opt/airflow/dags/dag_monitor_correo.py
[2026-07-09T04:15:43.628-0500] {processor.py:830} INFO - Processing file /opt/airflow/dags/dag_monitor_correo.py for tasks to queue
[2026-07-09T04:15:43.630-0500] {logging_mixin.py:188} INFO - [2026-07-09T04:15:43.629-0500] {dagbag.py:545} INFO - Filling up the DagBag from /opt/airflow/dags/dag_monitor_correo.py
[2026-07-09T04:15:43.689-0500] {processor.py:840} INFO - DAG(s) 'aerotrack_travel_monitor_correo' retrieved from /opt/airflow/dags/dag_monitor_correo.py
[2026-07-09T04:15:43.732-0500] {logging_mixin.py:188} INFO - [2026-07-09T04:15:43.731-0500] {dag.py:3089} INFO - Sync 1 DAGs
[2026-07-09T04:15:43.744-0500] {logging_mixin.py:188} INFO - [2026-07-09T04:15:43.744-0500] {dag.py:3947} INFO - Setting next_dagrun for aerotrack_travel_monitor_correo to None, run_after=None
[2026-07-09T04:15:43.763-0500] {processor.py:183} INFO - Processing /opt/airflow/dags/dag_monitor_correo.py took 0.142 seconds
[2026-07-09T04:16:14.678-0500] {processor.py:161} INFO - Started process (PID=18343) to work on /opt/airflow/dags/dag_monitor_correo.py
[2026-07-09T04:16:14.679-0500] {processor.py:830} INFO - Processing file /opt/airflow/dags/dag_monitor_correo.py for tasks to queue
[2026-07-09T04:16:14.680-0500] {logging_mixin.py:188} INFO - [2026-07-09T04:16:14.680-0500] {dagbag.py:545} INFO - Filling up the DagBag from /opt/airflow/dags/dag_monitor_correo.py
[2026-07-09T04:16:14.723-0500] {processor.py:840} INFO - DAG(s) 'aerotrack_travel_monitor_correo' retrieved from /opt/airflow/dags/dag_monitor_correo.py
[2026-07-09T04:16:14.755-0500] {logging_mixin.py:188} INFO - [2026-07-09T04:16:14.755-0500] {dag.py:3089} INFO - Sync 1 DAGs
[2026-07-09T04:16:14.766-0500] {logging_mixin.py:188} INFO - [2026-07-09T04:16:14.766-0500] {dag.py:3947} INFO - Setting next_dagrun for aerotrack_travel_monitor_correo to None, run_after=None
[2026-07-09T04:16:14.785-0500] {processor.py:183} INFO - Processing /opt/airflow/dags/dag_monitor_correo.py took 0.112 seconds
[2026-07-09T04:16:45.049-0500] {processor.py:161} INFO - Started process (PID=18370) to work on /opt/airflow/dags/dag_monitor_correo.py
[2026-07-09T04:16:45.050-0500] {processor.py:830} INFO - Processing file /opt/airflow/dags/dag_monitor_correo.py for tasks to queue
[2026-07-09T04:16:45.052-0500] {logging_mixin.py:188} INFO - [2026-07-09T04:16:45.052-0500] {dagbag.py:545} INFO - Filling up the DagBag from /opt/airflow/dags/dag_monitor_correo.py
[2026-07-09T04:16:45.099-0500] {processor.py:840} INFO - DAG(s) 'aerotrack_travel_monitor_correo' retrieved from /opt/airflow/dags/dag_monitor_correo.py
[2026-07-09T04:16:45.131-0500] {logging_mixin.py:188} INFO - [2026-07-09T04:16:45.131-0500] {dag.py:3089} INFO - Sync 1 DAGs
[2026-07-09T04:16:45.143-0500] {logging_mixin.py:188} INFO - [2026-07-09T04:16:45.142-0500] {dag.py:3947} INFO - Setting next_dagrun for aerotrack_travel_monitor_correo to None, run_after=None
[2026-07-09T04:16:45.159-0500] {processor.py:183} INFO - Processing /opt/airflow/dags/dag_monitor_correo.py took 0.114 seconds
[2026-07-09T04:17:15.316-0500] {processor.py:161} INFO - Started process (PID=18397) to work on /opt/airflow/dags/dag_monitor_correo.py
[2026-07-09T04:17:15.317-0500] {processor.py:830} INFO - Processing file /opt/airflow/dags/dag_monitor_correo.py for tasks to queue
[2026-07-09T04:17:15.319-0500] {logging_mixin.py:188} INFO - [2026-07-09T04:17:15.319-0500] {dagbag.py:545} INFO - Filling up the DagBag from /opt/airflow/dags/dag_monitor_correo.py
[2026-07-09T04:17:15.364-0500] {processor.py:840} INFO - DAG(s) 'aerotrack_travel_monitor_correo' retrieved from /opt/airflow/dags/dag_monitor_correo.py
[2026-07-09T04:17:15.408-0500] {logging_mixin.py:188} INFO - [2026-07-09T04:17:15.407-0500] {dag.py:3089} INFO - Sync 1 DAGs
[2026-07-09T04:17:15.426-0500] {logging_mixin.py:188} INFO - [2026-07-09T04:17:15.425-0500] {dag.py:3947} INFO - Setting next_dagrun for aerotrack_travel_monitor_correo to None, run_after=None
[2026-07-09T04:17:15.448-0500] {processor.py:183} INFO - Processing /opt/airflow/dags/dag_monitor_correo.py took 0.137 seconds
[2026-07-09T04:17:46.383-0500] {processor.py:161} INFO - Started process (PID=18424) to work on /opt/airflow/dags/dag_monitor_correo.py
[2026-07-09T04:17:46.384-0500] {processor.py:830} INFO - Processing file /opt/airflow/dags/dag_monitor_correo.py for tasks to queue
[2026-07-09T04:17:46.386-0500] {logging_mixin.py:188} INFO - [2026-07-09T04:17:46.385-0500] {dagbag.py:545} INFO - Filling up the DagBag from /opt/airflow/dags/dag_monitor_correo.py
[2026-07-09T04:17:46.436-0500] {processor.py:840} INFO - DAG(s) 'aerotrack_travel_monitor_correo' retrieved from /opt/airflow/dags/dag_monitor_correo.py
[2026-07-09T04:17:46.479-0500] {logging_mixin.py:188} INFO - [2026-07-09T04:17:46.479-0500] {dag.py:3089} INFO - Sync 1 DAGs
[2026-07-09T04:17:46.499-0500] {logging_mixin.py:188} INFO - [2026-07-09T04:17:46.499-0500] {dag.py:3947} INFO - Setting next_dagrun for aerotrack_travel_monitor_correo to None, run_after=None
[2026-07-09T04:17:46.525-0500] {processor.py:183} INFO - Processing /opt/airflow/dags/dag_monitor_correo.py took 0.150 seconds
[2026-07-09T04:18:17.460-0500] {processor.py:161} INFO - Started process (PID=18451) to work on /opt/airflow/dags/dag_monitor_correo.py
[2026-07-09T04:18:17.461-0500] {processor.py:830} INFO - Processing file /opt/airflow/dags/dag_monitor_correo.py for tasks to queue
[2026-07-09T04:18:17.463-0500] {logging_mixin.py:188} INFO - [2026-07-09T04:18:17.463-0500] {dagbag.py:545} INFO - Filling up the DagBag from /opt/airflow/dags/dag_monitor_correo.py
[2026-07-09T04:18:17.512-0500] {processor.py:840} INFO - DAG(s) 'aerotrack_travel_monitor_correo' retrieved from /opt/airflow/dags/dag_monitor_correo.py
[2026-07-09T04:18:17.561-0500] {logging_mixin.py:188} INFO - [2026-07-09T04:18:17.560-0500] {dag.py:3089} INFO - Sync 1 DAGs
[2026-07-09T04:18:17.577-0500] {logging_mixin.py:188} INFO - [2026-07-09T04:18:17.577-0500] {dag.py:3947} INFO - Setting next_dagrun for aerotrack_travel_monitor_correo to None, run_after=None
[2026-07-09T04:18:17.599-0500] {processor.py:183} INFO - Processing /opt/airflow/dags/dag_monitor_correo.py took 0.144 seconds
[2026-07-09T04:18:47.708-0500] {processor.py:161} INFO - Started process (PID=18478) to work on /opt/airflow/dags/dag_monitor_correo.py
[2026-07-09T04:18:47.709-0500] {processor.py:830} INFO - Processing file /opt/airflow/dags/dag_monitor_correo.py for tasks to queue
[2026-07-09T04:18:47.711-0500] {logging_mixin.py:188} INFO - [2026-07-09T04:18:47.711-0500] {dagbag.py:545} INFO - Filling up the DagBag from /opt/airflow/dags/dag_monitor_correo.py
[2026-07-09T04:18:47.756-0500] {processor.py:840} INFO - DAG(s) 'aerotrack_travel_monitor_correo' retrieved from /opt/airflow/dags/dag_monitor_correo.py
[2026-07-09T04:18:47.798-0500] {logging_mixin.py:188} INFO - [2026-07-09T04:18:47.798-0500] {dag.py:3089} INFO - Sync 1 DAGs
[2026-07-09T04:18:47.817-0500] {logging_mixin.py:188} INFO - [2026-07-09T04:18:47.817-0500] {dag.py:3947} INFO - Setting next_dagrun for aerotrack_travel_monitor_correo to None, run_after=None
[2026-07-09T04:18:47.836-0500] {processor.py:183} INFO - Processing /opt/airflow/dags/dag_monitor_correo.py took 0.133 seconds
[2026-07-09T04:19:18.785-0500] {processor.py:161} INFO - Started process (PID=18505) to work on /opt/airflow/dags/dag_monitor_correo.py
[2026-07-09T04:19:18.786-0500] {processor.py:830} INFO - Processing file /opt/airflow/dags/dag_monitor_correo.py for tasks to queue
[2026-07-09T04:19:18.788-0500] {logging_mixin.py:188} INFO - [2026-07-09T04:19:18.787-0500] {dagbag.py:545} INFO - Filling up the DagBag from /opt/airflow/dags/dag_monitor_correo.py
[2026-07-09T04:19:18.833-0500] {processor.py:840} INFO - DAG(s) 'aerotrack_travel_monitor_correo' retrieved from /opt/airflow/dags/dag_monitor_correo.py
[2026-07-09T04:19:18.868-0500] {logging_mixin.py:188} INFO - [2026-07-09T04:19:18.868-0500] {dag.py:3089} INFO - Sync 1 DAGs
[2026-07-09T04:19:18.884-0500] {logging_mixin.py:188} INFO - [2026-07-09T04:19:18.884-0500] {dag.py:3947} INFO - Setting next_dagrun for aerotrack_travel_monitor_correo to None, run_after=None
[2026-07-09T04:19:18.905-0500] {processor.py:183} INFO - Processing /opt/airflow/dags/dag_monitor_correo.py took 0.125 seconds
[2026-07-09T04:19:49.720-0500] {processor.py:161} INFO - Started process (PID=18532) to work on /opt/airflow/dags/dag_monitor_correo.py
[2026-07-09T04:19:49.721-0500] {processor.py:830} INFO - Processing file /opt/airflow/dags/dag_monitor_correo.py for tasks to queue
[2026-07-09T04:19:49.723-0500] {logging_mixin.py:188} INFO - [2026-07-09T04:19:49.723-0500] {dagbag.py:545} INFO - Filling up the DagBag from /opt/airflow/dags/dag_monitor_correo.py
[2026-07-09T04:19:49.772-0500] {processor.py:840} INFO - DAG(s) 'aerotrack_travel_monitor_correo' retrieved from /opt/airflow/dags/dag_monitor_correo.py
[2026-07-09T04:19:49.814-0500] {logging_mixin.py:188} INFO - [2026-07-09T04:19:49.813-0500] {dag.py:3089} INFO - Sync 1 DAGs
[2026-07-09T04:19:49.835-0500] {logging_mixin.py:188} INFO - [2026-07-09T04:19:49.835-0500] {dag.py:3947} INFO - Setting next_dagrun for aerotrack_travel_monitor_correo to None, run_after=None
[2026-07-09T04:19:49.863-0500] {processor.py:183} INFO - Processing /opt/airflow/dags/dag_monitor_correo.py took 0.151 seconds
[2026-07-09T04:20:20.644-0500] {processor.py:161} INFO - Started process (PID=18559) to work on /opt/airflow/dags/dag_monitor_correo.py
[2026-07-09T04:20:20.645-0500] {processor.py:830} INFO - Processing file /opt/airflow/dags/dag_monitor_correo.py for tasks to queue
[2026-07-09T04:20:20.647-0500] {logging_mixin.py:188} INFO - [2026-07-09T04:20:20.647-0500] {dagbag.py:545} INFO - Filling up the DagBag from /opt/airflow/dags/dag_monitor_correo.py
[2026-07-09T04:20:20.688-0500] {processor.py:840} INFO - DAG(s) 'aerotrack_travel_monitor_correo' retrieved from /opt/airflow/dags/dag_monitor_correo.py
[2026-07-09T04:20:20.719-0500] {logging_mixin.py:188} INFO - [2026-07-09T04:20:20.719-0500] {dag.py:3089} INFO - Sync 1 DAGs
[2026-07-09T04:20:20.731-0500] {logging_mixin.py:188} INFO - [2026-07-09T04:20:20.731-0500] {dag.py:3947} INFO - Setting next_dagrun for aerotrack_travel_monitor_correo to None, run_after=None
[2026-07-09T04:20:20.770-0500] {processor.py:183} INFO - Processing /opt/airflow/dags/dag_monitor_correo.py took 0.133 seconds
[2026-07-09T04:20:50.894-0500] {processor.py:161} INFO - Started process (PID=18586) to work on /opt/airflow/dags/dag_monitor_correo.py
[2026-07-09T04:20:50.895-0500] {processor.py:830} INFO - Processing file /opt/airflow/dags/dag_monitor_correo.py for tasks to queue
[2026-07-09T04:20:50.897-0500] {logging_mixin.py:188} INFO - [2026-07-09T04:20:50.897-0500] {dagbag.py:545} INFO - Filling up the DagBag from /opt/airflow/dags/dag_monitor_correo.py
[2026-07-09T04:20:50.940-0500] {processor.py:840} INFO - DAG(s) 'aerotrack_travel_monitor_correo' retrieved from /opt/airflow/dags/dag_monitor_correo.py
[2026-07-09T04:20:50.977-0500] {logging_mixin.py:188} INFO - [2026-07-09T04:20:50.977-0500] {dag.py:3089} INFO - Sync 1 DAGs
[2026-07-09T04:20:50.995-0500] {logging_mixin.py:188} INFO - [2026-07-09T04:20:50.995-0500] {dag.py:3947} INFO - Setting next_dagrun for aerotrack_travel_monitor_correo to None, run_after=None
[2026-07-09T04:20:51.044-0500] {processor.py:183} INFO - Processing /opt/airflow/dags/dag_monitor_correo.py took 0.156 seconds
[2026-07-09T04:21:21.117-0500] {processor.py:161} INFO - Started process (PID=18613) to work on /opt/airflow/dags/dag_monitor_correo.py
[2026-07-09T04:21:21.119-0500] {processor.py:830} INFO - Processing file /opt/airflow/dags/dag_monitor_correo.py for tasks to queue
[2026-07-09T04:21:21.120-0500] {logging_mixin.py:188} INFO - [2026-07-09T04:21:21.120-0500] {dagbag.py:545} INFO - Filling up the DagBag from /opt/airflow/dags/dag_monitor_correo.py
[2026-07-09T04:21:21.158-0500] {processor.py:840} INFO - DAG(s) 'aerotrack_travel_monitor_correo' retrieved from /opt/airflow/dags/dag_monitor_correo.py
[2026-07-09T04:21:21.191-0500] {logging_mixin.py:188} INFO - [2026-07-09T04:21:21.190-0500] {dag.py:3089} INFO - Sync 1 DAGs
[2026-07-09T04:21:21.201-0500] {logging_mixin.py:188} INFO - [2026-07-09T04:21:21.201-0500] {dag.py:3947} INFO - Setting next_dagrun for aerotrack_travel_monitor_correo to None, run_after=None
[2026-07-09T04:21:21.228-0500] {processor.py:183} INFO - Processing /opt/airflow/dags/dag_monitor_correo.py took 0.116 seconds
[2026-07-09T04:21:52.187-0500] {processor.py:161} INFO - Started process (PID=18640) to work on /opt/airflow/dags/dag_monitor_correo.py
[2026-07-09T04:21:52.189-0500] {processor.py:830} INFO - Processing file /opt/airflow/dags/dag_monitor_correo.py for tasks to queue
[2026-07-09T04:21:52.191-0500] {logging_mixin.py:188} INFO - [2026-07-09T04:21:52.190-0500] {dagbag.py:545} INFO - Filling up the DagBag from /opt/airflow/dags/dag_monitor_correo.py
[2026-07-09T04:21:52.232-0500] {processor.py:840} INFO - DAG(s) 'aerotrack_travel_monitor_correo' retrieved from /opt/airflow/dags/dag_monitor_correo.py
[2026-07-09T04:21:52.268-0500] {logging_mixin.py:188} INFO - [2026-07-09T04:21:52.268-0500] {dag.py:3089} INFO - Sync 1 DAGs
[2026-07-09T04:21:52.283-0500] {logging_mixin.py:188} INFO - [2026-07-09T04:21:52.283-0500] {dag.py:3947} INFO - Setting next_dagrun for aerotrack_travel_monitor_correo to None, run_after=None
[2026-07-09T04:21:52.364-0500] {processor.py:183} INFO - Processing /opt/airflow/dags/dag_monitor_correo.py took 0.182 seconds
[2026-07-09T04:22:23.213-0500] {processor.py:161} INFO - Started process (PID=18667) to work on /opt/airflow/dags/dag_monitor_correo.py
[2026-07-09T04:22:23.214-0500] {processor.py:830} INFO - Processing file /opt/airflow/dags/dag_monitor_correo.py for tasks to queue
[2026-07-09T04:22:23.216-0500] {logging_mixin.py:188} INFO - [2026-07-09T04:22:23.215-0500] {dagbag.py:545} INFO - Filling up the DagBag from /opt/airflow/dags/dag_monitor_correo.py
[2026-07-09T04:22:23.253-0500] {processor.py:840} INFO - DAG(s) 'aerotrack_travel_monitor_correo' retrieved from /opt/airflow/dags/dag_monitor_correo.py
[2026-07-09T04:22:23.289-0500] {logging_mixin.py:188} INFO - [2026-07-09T04:22:23.289-0500] {dag.py:3089} INFO - Sync 1 DAGs
[2026-07-09T04:22:23.345-0500] {logging_mixin.py:188} INFO - [2026-07-09T04:22:23.344-0500] {dag.py:3947} INFO - Setting next_dagrun for aerotrack_travel_monitor_correo to None, run_after=None
[2026-07-09T04:22:23.366-0500] {processor.py:183} INFO - Processing /opt/airflow/dags/dag_monitor_correo.py took 0.159 seconds
[2026-07-09T04:22:53.416-0500] {processor.py:161} INFO - Started process (PID=18691) to work on /opt/airflow/dags/dag_monitor_correo.py
[2026-07-09T04:22:53.418-0500] {processor.py:830} INFO - Processing file /opt/airflow/dags/dag_monitor_correo.py for tasks to queue
[2026-07-09T04:22:53.420-0500] {logging_mixin.py:188} INFO - [2026-07-09T04:22:53.420-0500] {dagbag.py:545} INFO - Filling up the DagBag from /opt/airflow/dags/dag_monitor_correo.py
[2026-07-09T04:22:53.468-0500] {processor.py:840} INFO - DAG(s) 'aerotrack_travel_monitor_correo' retrieved from /opt/airflow/dags/dag_monitor_correo.py
[2026-07-09T04:22:53.506-0500] {logging_mixin.py:188} INFO - [2026-07-09T04:22:53.506-0500] {dag.py:3089} INFO - Sync 1 DAGs
[2026-07-09T04:22:53.519-0500] {logging_mixin.py:188} INFO - [2026-07-09T04:22:53.518-0500] {dag.py:3947} INFO - Setting next_dagrun for aerotrack_travel_monitor_correo to None, run_after=None
[2026-07-09T04:22:53.573-0500] {processor.py:183} INFO - Processing /opt/airflow/dags/dag_monitor_correo.py took 0.162 seconds
[2026-07-09T04:23:23.814-0500] {processor.py:161} INFO - Started process (PID=18718) to work on /opt/airflow/dags/dag_monitor_correo.py
[2026-07-09T04:23:23.815-0500] {processor.py:830} INFO - Processing file /opt/airflow/dags/dag_monitor_correo.py for tasks to queue
[2026-07-09T04:23:23.817-0500] {logging_mixin.py:188} INFO - [2026-07-09T04:23:23.817-0500] {dagbag.py:545} INFO - Filling up the DagBag from /opt/airflow/dags/dag_monitor_correo.py
[2026-07-09T04:23:23.866-0500] {processor.py:840} INFO - DAG(s) 'aerotrack_travel_monitor_correo' retrieved from /opt/airflow/dags/dag_monitor_correo.py
[2026-07-09T04:23:23.902-0500] {logging_mixin.py:188} INFO - [2026-07-09T04:23:23.901-0500] {dag.py:3089} INFO - Sync 1 DAGs
[2026-07-09T04:23:23.915-0500] {logging_mixin.py:188} INFO - [2026-07-09T04:23:23.915-0500] {dag.py:3947} INFO - Setting next_dagrun for aerotrack_travel_monitor_correo to None, run_after=None
[2026-07-09T04:23:23.936-0500] {processor.py:183} INFO - Processing /opt/airflow/dags/dag_monitor_correo.py took 0.128 seconds
[2026-07-09T04:23:54.783-0500] {processor.py:161} INFO - Started process (PID=18748) to work on /opt/airflow/dags/dag_monitor_correo.py
[2026-07-09T04:23:54.784-0500] {processor.py:830} INFO - Processing file /opt/airflow/dags/dag_monitor_correo.py for tasks to queue
[2026-07-09T04:23:54.786-0500] {logging_mixin.py:188} INFO - [2026-07-09T04:23:54.785-0500] {dagbag.py:545} INFO - Filling up the DagBag from /opt/airflow/dags/dag_monitor_correo.py
[2026-07-09T04:23:54.826-0500] {processor.py:840} INFO - DAG(s) 'aerotrack_travel_monitor_correo' retrieved from /opt/airflow/dags/dag_monitor_correo.py
[2026-07-09T04:23:54.860-0500] {logging_mixin.py:188} INFO - [2026-07-09T04:23:54.860-0500] {dag.py:3089} INFO - Sync 1 DAGs
[2026-07-09T04:23:54.871-0500] {logging_mixin.py:188} INFO - [2026-07-09T04:23:54.870-0500] {dag.py:3947} INFO - Setting next_dagrun for aerotrack_travel_monitor_correo to None, run_after=None
[2026-07-09T04:23:54.889-0500] {processor.py:183} INFO - Processing /opt/airflow/dags/dag_monitor_correo.py took 0.113 seconds
[2026-07-09T04:24:25.621-0500] {processor.py:161} INFO - Started process (PID=18775) to work on /opt/airflow/dags/dag_monitor_correo.py
[2026-07-09T04:24:25.622-0500] {processor.py:830} INFO - Processing file /opt/airflow/dags/dag_monitor_correo.py for tasks to queue
[2026-07-09T04:24:25.623-0500] {logging_mixin.py:188} INFO - [2026-07-09T04:24:25.623-0500] {dagbag.py:545} INFO - Filling up the DagBag from /opt/airflow/dags/dag_monitor_correo.py
[2026-07-09T04:24:25.652-0500] {processor.py:840} INFO - DAG(s) 'aerotrack_travel_monitor_correo' retrieved from /opt/airflow/dags/dag_monitor_correo.py
[2026-07-09T04:24:25.678-0500] {logging_mixin.py:188} INFO - [2026-07-09T04:24:25.678-0500] {dag.py:3089} INFO - Sync 1 DAGs
[2026-07-09T04:24:25.687-0500] {logging_mixin.py:188} INFO - [2026-07-09T04:24:25.687-0500] {dag.py:3947} INFO - Setting next_dagrun for aerotrack_travel_monitor_correo to None, run_after=None
[2026-07-09T04:24:25.701-0500] {processor.py:183} INFO - Processing /opt/airflow/dags/dag_monitor_correo.py took 0.085 seconds
[2026-07-09T04:24:55.771-0500] {processor.py:161} INFO - Started process (PID=18802) to work on /opt/airflow/dags/dag_monitor_correo.py
[2026-07-09T04:24:55.772-0500] {processor.py:830} INFO - Processing file /opt/airflow/dags/dag_monitor_correo.py for tasks to queue
[2026-07-09T04:24:55.774-0500] {logging_mixin.py:188} INFO - [2026-07-09T04:24:55.774-0500] {dagbag.py:545} INFO - Filling up the DagBag from /opt/airflow/dags/dag_monitor_correo.py
[2026-07-09T04:24:55.814-0500] {processor.py:840} INFO - DAG(s) 'aerotrack_travel_monitor_correo' retrieved from /opt/airflow/dags/dag_monitor_correo.py
[2026-07-09T04:24:55.842-0500] {logging_mixin.py:188} INFO - [2026-07-09T04:24:55.842-0500] {dag.py:3089} INFO - Sync 1 DAGs
[2026-07-09T04:24:55.852-0500] {logging_mixin.py:188} INFO - [2026-07-09T04:24:55.852-0500] {dag.py:3947} INFO - Setting next_dagrun for aerotrack_travel_monitor_correo to None, run_after=None
[2026-07-09T04:24:55.919-0500] {processor.py:183} INFO - Processing /opt/airflow/dags/dag_monitor_correo.py took 0.153 seconds
[2026-07-09T04:25:26.648-0500] {processor.py:161} INFO - Started process (PID=18829) to work on /opt/airflow/dags/dag_monitor_correo.py
[2026-07-09T04:25:26.649-0500] {processor.py:830} INFO - Processing file /opt/airflow/dags/dag_monitor_correo.py for tasks to queue
[2026-07-09T04:25:26.651-0500] {logging_mixin.py:188} INFO - [2026-07-09T04:25:26.651-0500] {dagbag.py:545} INFO - Filling up the DagBag from /opt/airflow/dags/dag_monitor_correo.py
[2026-07-09T04:25:26.681-0500] {processor.py:840} INFO - DAG(s) 'aerotrack_travel_monitor_correo' retrieved from /opt/airflow/dags/dag_monitor_correo.py
[2026-07-09T04:25:26.715-0500] {logging_mixin.py:188} INFO - [2026-07-09T04:25:26.715-0500] {dag.py:3089} INFO - Sync 1 DAGs
[2026-07-09T04:25:26.730-0500] {logging_mixin.py:188} INFO - [2026-07-09T04:25:26.729-0500] {dag.py:3947} INFO - Setting next_dagrun for aerotrack_travel_monitor_correo to None, run_after=None
[2026-07-09T04:25:26.754-0500] {processor.py:183} INFO - Processing /opt/airflow/dags/dag_monitor_correo.py took 0.110 seconds
[2026-07-09T04:25:57.517-0500] {processor.py:161} INFO - Started process (PID=18856) to work on /opt/airflow/dags/dag_monitor_correo.py
[2026-07-09T04:25:57.519-0500] {processor.py:830} INFO - Processing file /opt/airflow/dags/dag_monitor_correo.py for tasks to queue
[2026-07-09T04:25:57.520-0500] {logging_mixin.py:188} INFO - [2026-07-09T04:25:57.520-0500] {dagbag.py:545} INFO - Filling up the DagBag from /opt/airflow/dags/dag_monitor_correo.py
[2026-07-09T04:25:57.560-0500] {processor.py:840} INFO - DAG(s) 'aerotrack_travel_monitor_correo' retrieved from /opt/airflow/dags/dag_monitor_correo.py
[2026-07-09T04:25:57.593-0500] {logging_mixin.py:188} INFO - [2026-07-09T04:25:57.592-0500] {dag.py:3089} INFO - Sync 1 DAGs
[2026-07-09T04:25:57.604-0500] {logging_mixin.py:188} INFO - [2026-07-09T04:25:57.604-0500] {dag.py:3947} INFO - Setting next_dagrun for aerotrack_travel_monitor_correo to None, run_after=None
[2026-07-09T04:25:57.626-0500] {processor.py:183} INFO - Processing /opt/airflow/dags/dag_monitor_correo.py took 0.114 seconds
[2026-07-09T04:26:28.392-0500] {processor.py:161} INFO - Started process (PID=18883) to work on /opt/airflow/dags/dag_monitor_correo.py
[2026-07-09T04:26:28.393-0500] {processor.py:830} INFO - Processing file /opt/airflow/dags/dag_monitor_correo.py for tasks to queue
[2026-07-09T04:26:28.394-0500] {logging_mixin.py:188} INFO - [2026-07-09T04:26:28.394-0500] {dagbag.py:545} INFO - Filling up the DagBag from /opt/airflow/dags/dag_monitor_correo.py
[2026-07-09T04:26:28.425-0500] {processor.py:840} INFO - DAG(s) 'aerotrack_travel_monitor_correo' retrieved from /opt/airflow/dags/dag_monitor_correo.py
[2026-07-09T04:26:28.458-0500] {logging_mixin.py:188} INFO - [2026-07-09T04:26:28.458-0500] {dag.py:3089} INFO - Sync 1 DAGs
[2026-07-09T04:26:28.468-0500] {logging_mixin.py:188} INFO - [2026-07-09T04:26:28.468-0500] {dag.py:3947} INFO - Setting next_dagrun for aerotrack_travel_monitor_correo to None, run_after=None
[2026-07-09T04:26:28.483-0500] {processor.py:183} INFO - Processing /opt/airflow/dags/dag_monitor_correo.py took 0.096 seconds
[2026-07-09T04:26:58.584-0500] {processor.py:161} INFO - Started process (PID=18910) to work on /opt/airflow/dags/dag_monitor_correo.py
[2026-07-09T04:26:58.586-0500] {processor.py:830} INFO - Processing file /opt/airflow/dags/dag_monitor_correo.py for tasks to queue
[2026-07-09T04:26:58.588-0500] {logging_mixin.py:188} INFO - [2026-07-09T04:26:58.588-0500] {dagbag.py:545} INFO - Filling up the DagBag from /opt/airflow/dags/dag_monitor_correo.py
[2026-07-09T04:26:58.633-0500] {processor.py:840} INFO - DAG(s) 'aerotrack_travel_monitor_correo' retrieved from /opt/airflow/dags/dag_monitor_correo.py
[2026-07-09T04:26:58.682-0500] {logging_mixin.py:188} INFO - [2026-07-09T04:26:58.681-0500] {dag.py:3089} INFO - Sync 1 DAGs
[2026-07-09T04:26:58.699-0500] {logging_mixin.py:188} INFO - [2026-07-09T04:26:58.698-0500] {dag.py:3947} INFO - Setting next_dagrun for aerotrack_travel_monitor_correo to None, run_after=None
[2026-07-09T04:26:58.718-0500] {processor.py:183} INFO - Processing /opt/airflow/dags/dag_monitor_correo.py took 0.142 seconds
[2026-07-09T04:27:29.676-0500] {processor.py:161} INFO - Started process (PID=18937) to work on /opt/airflow/dags/dag_monitor_correo.py
[2026-07-09T04:27:29.677-0500] {processor.py:830} INFO - Processing file /opt/airflow/dags/dag_monitor_correo.py for tasks to queue
[2026-07-09T04:27:29.679-0500] {logging_mixin.py:188} INFO - [2026-07-09T04:27:29.679-0500] {dagbag.py:545} INFO - Filling up the DagBag from /opt/airflow/dags/dag_monitor_correo.py
[2026-07-09T04:27:29.717-0500] {processor.py:840} INFO - DAG(s) 'aerotrack_travel_monitor_correo' retrieved from /opt/airflow/dags/dag_monitor_correo.py
[2026-07-09T04:27:29.752-0500] {logging_mixin.py:188} INFO - [2026-07-09T04:27:29.752-0500] {dag.py:3089} INFO - Sync 1 DAGs
[2026-07-09T04:27:29.764-0500] {logging_mixin.py:188} INFO - [2026-07-09T04:27:29.764-0500] {dag.py:3947} INFO - Setting next_dagrun for aerotrack_travel_monitor_correo to None, run_after=None
[2026-07-09T04:27:29.781-0500] {processor.py:183} INFO - Processing /opt/airflow/dags/dag_monitor_correo.py took 0.112 seconds
[2026-07-09T04:28:00.536-0500] {processor.py:161} INFO - Started process (PID=18964) to work on /opt/airflow/dags/dag_monitor_correo.py
[2026-07-09T04:28:00.537-0500] {processor.py:830} INFO - Processing file /opt/airflow/dags/dag_monitor_correo.py for tasks to queue
[2026-07-09T04:28:00.539-0500] {logging_mixin.py:188} INFO - [2026-07-09T04:28:00.538-0500] {dagbag.py:545} INFO - Filling up the DagBag from /opt/airflow/dags/dag_monitor_correo.py
[2026-07-09T04:28:00.579-0500] {processor.py:840} INFO - DAG(s) 'aerotrack_travel_monitor_correo' retrieved from /opt/airflow/dags/dag_monitor_correo.py
[2026-07-09T04:28:00.620-0500] {logging_mixin.py:188} INFO - [2026-07-09T04:28:00.620-0500] {dag.py:3089} INFO - Sync 1 DAGs
[2026-07-09T04:28:00.635-0500] {logging_mixin.py:188} INFO - [2026-07-09T04:28:00.635-0500] {dag.py:3947} INFO - Setting next_dagrun for aerotrack_travel_monitor_correo to None, run_after=None
[2026-07-09T04:28:00.657-0500] {processor.py:183} INFO - Processing /opt/airflow/dags/dag_monitor_correo.py took 0.127 seconds
[2026-07-09T04:28:30.814-0500] {processor.py:161} INFO - Started process (PID=18991) to work on /opt/airflow/dags/dag_monitor_correo.py
[2026-07-09T04:28:30.816-0500] {processor.py:830} INFO - Processing file /opt/airflow/dags/dag_monitor_correo.py for tasks to queue
[2026-07-09T04:28:30.818-0500] {logging_mixin.py:188} INFO - [2026-07-09T04:28:30.818-0500] {dagbag.py:545} INFO - Filling up the DagBag from /opt/airflow/dags/dag_monitor_correo.py
[2026-07-09T04:28:30.867-0500] {processor.py:840} INFO - DAG(s) 'aerotrack_travel_monitor_correo' retrieved from /opt/airflow/dags/dag_monitor_correo.py
[2026-07-09T04:28:30.910-0500] {logging_mixin.py:188} INFO - [2026-07-09T04:28:30.910-0500] {dag.py:3089} INFO - Sync 1 DAGs
[2026-07-09T04:28:30.930-0500] {logging_mixin.py:188} INFO - [2026-07-09T04:28:30.929-0500] {dag.py:3947} INFO - Setting next_dagrun for aerotrack_travel_monitor_correo to None, run_after=None
[2026-07-09T04:28:30.954-0500] {processor.py:183} INFO - Processing /opt/airflow/dags/dag_monitor_correo.py took 0.148 seconds
[2026-07-09T04:29:01.783-0500] {processor.py:161} INFO - Started process (PID=19018) to work on /opt/airflow/dags/dag_monitor_correo.py
[2026-07-09T04:29:01.784-0500] {processor.py:830} INFO - Processing file /opt/airflow/dags/dag_monitor_correo.py for tasks to queue
[2026-07-09T04:29:01.787-0500] {logging_mixin.py:188} INFO - [2026-07-09T04:29:01.786-0500] {dagbag.py:545} INFO - Filling up the DagBag from /opt/airflow/dags/dag_monitor_correo.py
[2026-07-09T04:29:01.829-0500] {processor.py:840} INFO - DAG(s) 'aerotrack_travel_monitor_correo' retrieved from /opt/airflow/dags/dag_monitor_correo.py
[2026-07-09T04:29:01.867-0500] {logging_mixin.py:188} INFO - [2026-07-09T04:29:01.867-0500] {dag.py:3089} INFO - Sync 1 DAGs
[2026-07-09T04:29:01.881-0500] {logging_mixin.py:188} INFO - [2026-07-09T04:29:01.881-0500] {dag.py:3947} INFO - Setting next_dagrun for aerotrack_travel_monitor_correo to None, run_after=None
[2026-07-09T04:29:01.904-0500] {processor.py:183} INFO - Processing /opt/airflow/dags/dag_monitor_correo.py took 0.126 seconds
[2026-07-09T04:29:32.788-0500] {processor.py:161} INFO - Started process (PID=19045) to work on /opt/airflow/dags/dag_monitor_correo.py
[2026-07-09T04:29:32.788-0500] {processor.py:830} INFO - Processing file /opt/airflow/dags/dag_monitor_correo.py for tasks to queue
[2026-07-09T04:29:32.790-0500] {logging_mixin.py:188} INFO - [2026-07-09T04:29:32.790-0500] {dagbag.py:545} INFO - Filling up the DagBag from /opt/airflow/dags/dag_monitor_correo.py
[2026-07-09T04:29:32.821-0500] {processor.py:840} INFO - DAG(s) 'aerotrack_travel_monitor_correo' retrieved from /opt/airflow/dags/dag_monitor_correo.py
[2026-07-09T04:29:32.852-0500] {logging_mixin.py:188} INFO - [2026-07-09T04:29:32.852-0500] {dag.py:3089} INFO - Sync 1 DAGs
[2026-07-09T04:29:32.864-0500] {logging_mixin.py:188} INFO - [2026-07-09T04:29:32.863-0500] {dag.py:3947} INFO - Setting next_dagrun for aerotrack_travel_monitor_correo to None, run_after=None
[2026-07-09T04:29:32.881-0500] {processor.py:183} INFO - Processing /opt/airflow/dags/dag_monitor_correo.py took 0.098 seconds
[2026-07-09T04:30:03.680-0500] {processor.py:161} INFO - Started process (PID=19072) to work on /opt/airflow/dags/dag_monitor_correo.py
[2026-07-09T04:30:03.681-0500] {processor.py:830} INFO - Processing file /opt/airflow/dags/dag_monitor_correo.py for tasks to queue
[2026-07-09T04:30:03.682-0500] {logging_mixin.py:188} INFO - [2026-07-09T04:30:03.682-0500] {dagbag.py:545} INFO - Filling up the DagBag from /opt/airflow/dags/dag_monitor_correo.py
[2026-07-09T04:30:03.711-0500] {processor.py:840} INFO - DAG(s) 'aerotrack_travel_monitor_correo' retrieved from /opt/airflow/dags/dag_monitor_correo.py
[2026-07-09T04:30:03.740-0500] {logging_mixin.py:188} INFO - [2026-07-09T04:30:03.740-0500] {dag.py:3089} INFO - Sync 1 DAGs
[2026-07-09T04:30:03.751-0500] {logging_mixin.py:188} INFO - [2026-07-09T04:30:03.751-0500] {dag.py:3947} INFO - Setting next_dagrun for aerotrack_travel_monitor_correo to None, run_after=None
[2026-07-09T04:30:03.768-0500] {processor.py:183} INFO - Processing /opt/airflow/dags/dag_monitor_correo.py took 0.093 seconds
[2026-07-09T04:30:34.661-0500] {processor.py:161} INFO - Started process (PID=19099) to work on /opt/airflow/dags/dag_monitor_correo.py
[2026-07-09T04:30:34.662-0500] {processor.py:830} INFO - Processing file /opt/airflow/dags/dag_monitor_correo.py for tasks to queue
[2026-07-09T04:30:34.663-0500] {logging_mixin.py:188} INFO - [2026-07-09T04:30:34.663-0500] {dagbag.py:545} INFO - Filling up the DagBag from /opt/airflow/dags/dag_monitor_correo.py
[2026-07-09T04:30:34.703-0500] {processor.py:840} INFO - DAG(s) 'aerotrack_travel_monitor_correo' retrieved from /opt/airflow/dags/dag_monitor_correo.py
[2026-07-09T04:30:34.742-0500] {logging_mixin.py:188} INFO - [2026-07-09T04:30:34.742-0500] {dag.py:3089} INFO - Sync 1 DAGs
[2026-07-09T04:30:34.752-0500] {logging_mixin.py:188} INFO - [2026-07-09T04:30:34.752-0500] {dag.py:3947} INFO - Setting next_dagrun for aerotrack_travel_monitor_correo to None, run_after=None
[2026-07-09T04:30:34.769-0500] {processor.py:183} INFO - Processing /opt/airflow/dags/dag_monitor_correo.py took 0.113 seconds
[2026-07-09T04:31:05.697-0500] {processor.py:161} INFO - Started process (PID=19126) to work on /opt/airflow/dags/dag_monitor_correo.py
[2026-07-09T04:31:05.698-0500] {processor.py:830} INFO - Processing file /opt/airflow/dags/dag_monitor_correo.py for tasks to queue
[2026-07-09T04:31:05.700-0500] {logging_mixin.py:188} INFO - [2026-07-09T04:31:05.699-0500] {dagbag.py:545} INFO - Filling up the DagBag from /opt/airflow/dags/dag_monitor_correo.py
[2026-07-09T04:31:05.736-0500] {processor.py:840} INFO - DAG(s) 'aerotrack_travel_monitor_correo' retrieved from /opt/airflow/dags/dag_monitor_correo.py
[2026-07-09T04:31:05.772-0500] {logging_mixin.py:188} INFO - [2026-07-09T04:31:05.772-0500] {dag.py:3089} INFO - Sync 1 DAGs
[2026-07-09T04:31:05.787-0500] {logging_mixin.py:188} INFO - [2026-07-09T04:31:05.786-0500] {dag.py:3947} INFO - Setting next_dagrun for aerotrack_travel_monitor_correo to None, run_after=None
[2026-07-09T04:31:05.808-0500] {processor.py:183} INFO - Processing /opt/airflow/dags/dag_monitor_correo.py took 0.117 seconds
[2026-07-09T04:31:35.885-0500] {processor.py:161} INFO - Started process (PID=19153) to work on /opt/airflow/dags/dag_monitor_correo.py
[2026-07-09T04:31:35.886-0500] {processor.py:830} INFO - Processing file /opt/airflow/dags/dag_monitor_correo.py for tasks to queue
[2026-07-09T04:31:35.888-0500] {logging_mixin.py:188} INFO - [2026-07-09T04:31:35.887-0500] {dagbag.py:545} INFO - Filling up the DagBag from /opt/airflow/dags/dag_monitor_correo.py
[2026-07-09T04:31:35.927-0500] {processor.py:840} INFO - DAG(s) 'aerotrack_travel_monitor_correo' retrieved from /opt/airflow/dags/dag_monitor_correo.py
[2026-07-09T04:31:35.965-0500] {logging_mixin.py:188} INFO - [2026-07-09T04:31:35.965-0500] {dag.py:3089} INFO - Sync 1 DAGs
[2026-07-09T04:31:35.978-0500] {logging_mixin.py:188} INFO - [2026-07-09T04:31:35.978-0500] {dag.py:3947} INFO - Setting next_dagrun for aerotrack_travel_monitor_correo to None, run_after=None
[2026-07-09T04:31:36.000-0500] {processor.py:183} INFO - Processing /opt/airflow/dags/dag_monitor_correo.py took 0.121 seconds
[2026-07-09T04:32:06.823-0500] {processor.py:161} INFO - Started process (PID=19180) to work on /opt/airflow/dags/dag_monitor_correo.py
[2026-07-09T04:32:06.824-0500] {processor.py:830} INFO - Processing file /opt/airflow/dags/dag_monitor_correo.py for tasks to queue
[2026-07-09T04:32:06.826-0500] {logging_mixin.py:188} INFO - [2026-07-09T04:32:06.825-0500] {dagbag.py:545} INFO - Filling up the DagBag from /opt/airflow/dags/dag_monitor_correo.py
[2026-07-09T04:32:06.868-0500] {processor.py:840} INFO - DAG(s) 'aerotrack_travel_monitor_correo' retrieved from /opt/airflow/dags/dag_monitor_correo.py
[2026-07-09T04:32:06.904-0500] {logging_mixin.py:188} INFO - [2026-07-09T04:32:06.903-0500] {dag.py:3089} INFO - Sync 1 DAGs
[2026-07-09T04:32:06.916-0500] {logging_mixin.py:188} INFO - [2026-07-09T04:32:06.916-0500] {dag.py:3947} INFO - Setting next_dagrun for aerotrack_travel_monitor_correo to None, run_after=None
[2026-07-09T04:32:06.937-0500] {processor.py:183} INFO - Processing /opt/airflow/dags/dag_monitor_correo.py took 0.119 seconds
[2026-07-09T04:32:37.900-0500] {processor.py:161} INFO - Started process (PID=19207) to work on /opt/airflow/dags/dag_monitor_correo.py
[2026-07-09T04:32:37.900-0500] {processor.py:830} INFO - Processing file /opt/airflow/dags/dag_monitor_correo.py for tasks to queue
[2026-07-09T04:32:37.902-0500] {logging_mixin.py:188} INFO - [2026-07-09T04:32:37.902-0500] {dagbag.py:545} INFO - Filling up the DagBag from /opt/airflow/dags/dag_monitor_correo.py
[2026-07-09T04:32:37.931-0500] {processor.py:840} INFO - DAG(s) 'aerotrack_travel_monitor_correo' retrieved from /opt/airflow/dags/dag_monitor_correo.py
[2026-07-09T04:32:37.963-0500] {logging_mixin.py:188} INFO - [2026-07-09T04:32:37.963-0500] {dag.py:3089} INFO - Sync 1 DAGs
[2026-07-09T04:32:37.974-0500] {logging_mixin.py:188} INFO - [2026-07-09T04:32:37.973-0500] {dag.py:3947} INFO - Setting next_dagrun for aerotrack_travel_monitor_correo to None, run_after=None
[2026-07-09T04:32:37.991-0500] {processor.py:183} INFO - Processing /opt/airflow/dags/dag_monitor_correo.py took 0.096 seconds
[2026-07-09T04:33:08.981-0500] {processor.py:161} INFO - Started process (PID=19234) to work on /opt/airflow/dags/dag_monitor_correo.py
[2026-07-09T04:33:08.982-0500] {processor.py:830} INFO - Processing file /opt/airflow/dags/dag_monitor_correo.py for tasks to queue
[2026-07-09T04:33:08.984-0500] {logging_mixin.py:188} INFO - [2026-07-09T04:33:08.984-0500] {dagbag.py:545} INFO - Filling up the DagBag from /opt/airflow/dags/dag_monitor_correo.py
[2026-07-09T04:33:09.021-0500] {processor.py:840} INFO - DAG(s) 'aerotrack_travel_monitor_correo' retrieved from /opt/airflow/dags/dag_monitor_correo.py
[2026-07-09T04:33:09.051-0500] {logging_mixin.py:188} INFO - [2026-07-09T04:33:09.051-0500] {dag.py:3089} INFO - Sync 1 DAGs
[2026-07-09T04:33:09.062-0500] {logging_mixin.py:188} INFO - [2026-07-09T04:33:09.062-0500] {dag.py:3947} INFO - Setting next_dagrun for aerotrack_travel_monitor_correo to None, run_after=None
[2026-07-09T04:33:09.080-0500] {processor.py:183} INFO - Processing /opt/airflow/dags/dag_monitor_correo.py took 0.104 seconds
[2026-07-09T04:33:39.181-0500] {processor.py:161} INFO - Started process (PID=19261) to work on /opt/airflow/dags/dag_monitor_correo.py
[2026-07-09T04:33:39.182-0500] {processor.py:830} INFO - Processing file /opt/airflow/dags/dag_monitor_correo.py for tasks to queue
[2026-07-09T04:33:39.183-0500] {logging_mixin.py:188} INFO - [2026-07-09T04:33:39.183-0500] {dagbag.py:545} INFO - Filling up the DagBag from /opt/airflow/dags/dag_monitor_correo.py
[2026-07-09T04:33:39.216-0500] {processor.py:840} INFO - DAG(s) 'aerotrack_travel_monitor_correo' retrieved from /opt/airflow/dags/dag_monitor_correo.py
[2026-07-09T04:33:39.246-0500] {logging_mixin.py:188} INFO - [2026-07-09T04:33:39.245-0500] {dag.py:3089} INFO - Sync 1 DAGs
[2026-07-09T04:33:39.256-0500] {logging_mixin.py:188} INFO - [2026-07-09T04:33:39.256-0500] {dag.py:3947} INFO - Setting next_dagrun for aerotrack_travel_monitor_correo to None, run_after=None
[2026-07-09T04:33:39.274-0500] {processor.py:183} INFO - Processing /opt/airflow/dags/dag_monitor_correo.py took 0.098 seconds
[2026-07-09T04:34:10.153-0500] {processor.py:161} INFO - Started process (PID=19288) to work on /opt/airflow/dags/dag_monitor_correo.py
[2026-07-09T04:34:10.154-0500] {processor.py:830} INFO - Processing file /opt/airflow/dags/dag_monitor_correo.py for tasks to queue
[2026-07-09T04:34:10.156-0500] {logging_mixin.py:188} INFO - [2026-07-09T04:34:10.156-0500] {dagbag.py:545} INFO - Filling up the DagBag from /opt/airflow/dags/dag_monitor_correo.py
[2026-07-09T04:34:10.201-0500] {processor.py:840} INFO - DAG(s) 'aerotrack_travel_monitor_correo' retrieved from /opt/airflow/dags/dag_monitor_correo.py
[2026-07-09T04:34:10.233-0500] {logging_mixin.py:188} INFO - [2026-07-09T04:34:10.233-0500] {dag.py:3089} INFO - Sync 1 DAGs
[2026-07-09T04:34:10.244-0500] {logging_mixin.py:188} INFO - [2026-07-09T04:34:10.243-0500] {dag.py:3947} INFO - Setting next_dagrun for aerotrack_travel_monitor_correo to None, run_after=None
[2026-07-09T04:34:10.261-0500] {processor.py:183} INFO - Processing /opt/airflow/dags/dag_monitor_correo.py took 0.113 seconds
[2026-07-09T04:34:41.137-0500] {processor.py:161} INFO - Started process (PID=19315) to work on /opt/airflow/dags/dag_monitor_correo.py
[2026-07-09T04:34:41.138-0500] {processor.py:830} INFO - Processing file /opt/airflow/dags/dag_monitor_correo.py for tasks to queue
[2026-07-09T04:34:41.139-0500] {logging_mixin.py:188} INFO - [2026-07-09T04:34:41.139-0500] {dagbag.py:545} INFO - Filling up the DagBag from /opt/airflow/dags/dag_monitor_correo.py
[2026-07-09T04:34:41.168-0500] {processor.py:840} INFO - DAG(s) 'aerotrack_travel_monitor_correo' retrieved from /opt/airflow/dags/dag_monitor_correo.py
[2026-07-09T04:34:41.196-0500] {logging_mixin.py:188} INFO - [2026-07-09T04:34:41.196-0500] {dag.py:3089} INFO - Sync 1 DAGs
[2026-07-09T04:34:41.205-0500] {logging_mixin.py:188} INFO - [2026-07-09T04:34:41.205-0500] {dag.py:3947} INFO - Setting next_dagrun for aerotrack_travel_monitor_correo to None, run_after=None
[2026-07-09T04:34:41.220-0500] {processor.py:183} INFO - Processing /opt/airflow/dags/dag_monitor_correo.py took 0.088 seconds
[2026-07-09T04:35:12.090-0500] {processor.py:161} INFO - Started process (PID=19342) to work on /opt/airflow/dags/dag_monitor_correo.py
[2026-07-09T04:35:12.091-0500] {processor.py:830} INFO - Processing file /opt/airflow/dags/dag_monitor_correo.py for tasks to queue
[2026-07-09T04:35:12.092-0500] {logging_mixin.py:188} INFO - [2026-07-09T04:35:12.092-0500] {dagbag.py:545} INFO - Filling up the DagBag from /opt/airflow/dags/dag_monitor_correo.py
[2026-07-09T04:35:12.138-0500] {processor.py:840} INFO - DAG(s) 'aerotrack_travel_monitor_correo' retrieved from /opt/airflow/dags/dag_monitor_correo.py
[2026-07-09T04:35:12.172-0500] {logging_mixin.py:188} INFO - [2026-07-09T04:35:12.172-0500] {dag.py:3089} INFO - Sync 1 DAGs
[2026-07-09T04:35:12.182-0500] {logging_mixin.py:188} INFO - [2026-07-09T04:35:12.182-0500] {dag.py:3947} INFO - Setting next_dagrun for aerotrack_travel_monitor_correo to None, run_after=None
[2026-07-09T04:35:12.200-0500] {processor.py:183} INFO - Processing /opt/airflow/dags/dag_monitor_correo.py took 0.115 seconds
[2026-07-09T04:35:43.148-0500] {processor.py:161} INFO - Started process (PID=19369) to work on /opt/airflow/dags/dag_monitor_correo.py
[2026-07-09T04:35:43.149-0500] {processor.py:830} INFO - Processing file /opt/airflow/dags/dag_monitor_correo.py for tasks to queue
[2026-07-09T04:35:43.151-0500] {logging_mixin.py:188} INFO - [2026-07-09T04:35:43.151-0500] {dagbag.py:545} INFO - Filling up the DagBag from /opt/airflow/dags/dag_monitor_correo.py
[2026-07-09T04:35:43.194-0500] {processor.py:840} INFO - DAG(s) 'aerotrack_travel_monitor_correo' retrieved from /opt/airflow/dags/dag_monitor_correo.py
[2026-07-09T04:35:43.229-0500] {logging_mixin.py:188} INFO - [2026-07-09T04:35:43.229-0500] {dag.py:3089} INFO - Sync 1 DAGs
[2026-07-09T04:35:43.242-0500] {logging_mixin.py:188} INFO - [2026-07-09T04:35:43.241-0500] {dag.py:3947} INFO - Setting next_dagrun for aerotrack_travel_monitor_correo to None, run_after=None
[2026-07-09T04:35:43.263-0500] {processor.py:183} INFO - Processing /opt/airflow/dags/dag_monitor_correo.py took 0.121 seconds
[2026-07-09T04:36:14.240-0500] {processor.py:161} INFO - Started process (PID=19396) to work on /opt/airflow/dags/dag_monitor_correo.py
[2026-07-09T04:36:14.241-0500] {processor.py:830} INFO - Processing file /opt/airflow/dags/dag_monitor_correo.py for tasks to queue
[2026-07-09T04:36:14.243-0500] {logging_mixin.py:188} INFO - [2026-07-09T04:36:14.242-0500] {dagbag.py:545} INFO - Filling up the DagBag from /opt/airflow/dags/dag_monitor_correo.py
[2026-07-09T04:36:14.286-0500] {processor.py:840} INFO - DAG(s) 'aerotrack_travel_monitor_correo' retrieved from /opt/airflow/dags/dag_monitor_correo.py
[2026-07-09T04:36:14.321-0500] {logging_mixin.py:188} INFO - [2026-07-09T04:36:14.321-0500] {dag.py:3089} INFO - Sync 1 DAGs
[2026-07-09T04:36:14.333-0500] {logging_mixin.py:188} INFO - [2026-07-09T04:36:14.333-0500] {dag.py:3947} INFO - Setting next_dagrun for aerotrack_travel_monitor_correo to None, run_after=None
[2026-07-09T04:36:14.353-0500] {processor.py:183} INFO - Processing /opt/airflow/dags/dag_monitor_correo.py took 0.120 seconds
[2026-07-09T04:36:44.512-0500] {processor.py:161} INFO - Started process (PID=19423) to work on /opt/airflow/dags/dag_monitor_correo.py
[2026-07-09T04:36:44.514-0500] {processor.py:830} INFO - Processing file /opt/airflow/dags/dag_monitor_correo.py for tasks to queue
[2026-07-09T04:36:44.516-0500] {logging_mixin.py:188} INFO - [2026-07-09T04:36:44.515-0500] {dagbag.py:545} INFO - Filling up the DagBag from /opt/airflow/dags/dag_monitor_correo.py
[2026-07-09T04:36:44.564-0500] {processor.py:840} INFO - DAG(s) 'aerotrack_travel_monitor_correo' retrieved from /opt/airflow/dags/dag_monitor_correo.py
[2026-07-09T04:36:44.606-0500] {logging_mixin.py:188} INFO - [2026-07-09T04:36:44.605-0500] {dag.py:3089} INFO - Sync 1 DAGs
[2026-07-09T04:36:44.624-0500] {logging_mixin.py:188} INFO - [2026-07-09T04:36:44.623-0500] {dag.py:3947} INFO - Setting next_dagrun for aerotrack_travel_monitor_correo to None, run_after=None
[2026-07-09T04:36:44.648-0500] {processor.py:183} INFO - Processing /opt/airflow/dags/dag_monitor_correo.py took 0.143 seconds
[2026-07-09T04:37:14.740-0500] {processor.py:161} INFO - Started process (PID=19450) to work on /opt/airflow/dags/dag_monitor_correo.py
[2026-07-09T04:37:14.741-0500] {processor.py:830} INFO - Processing file /opt/airflow/dags/dag_monitor_correo.py for tasks to queue
[2026-07-09T04:37:14.742-0500] {logging_mixin.py:188} INFO - [2026-07-09T04:37:14.742-0500] {dagbag.py:545} INFO - Filling up the DagBag from /opt/airflow/dags/dag_monitor_correo.py
[2026-07-09T04:37:14.774-0500] {processor.py:840} INFO - DAG(s) 'aerotrack_travel_monitor_correo' retrieved from /opt/airflow/dags/dag_monitor_correo.py
[2026-07-09T04:37:14.802-0500] {logging_mixin.py:188} INFO - [2026-07-09T04:37:14.802-0500] {dag.py:3089} INFO - Sync 1 DAGs
[2026-07-09T04:37:14.816-0500] {logging_mixin.py:188} INFO - [2026-07-09T04:37:14.816-0500] {dag.py:3947} INFO - Setting next_dagrun for aerotrack_travel_monitor_correo to None, run_after=None
[2026-07-09T04:37:14.831-0500] {processor.py:183} INFO - Processing /opt/airflow/dags/dag_monitor_correo.py took 0.096 seconds
[2026-07-09T04:37:45.753-0500] {processor.py:161} INFO - Started process (PID=19477) to work on /opt/airflow/dags/dag_monitor_correo.py
[2026-07-09T04:37:45.754-0500] {processor.py:830} INFO - Processing file /opt/airflow/dags/dag_monitor_correo.py for tasks to queue
[2026-07-09T04:37:45.755-0500] {logging_mixin.py:188} INFO - [2026-07-09T04:37:45.755-0500] {dagbag.py:545} INFO - Filling up the DagBag from /opt/airflow/dags/dag_monitor_correo.py
[2026-07-09T04:37:45.784-0500] {processor.py:840} INFO - DAG(s) 'aerotrack_travel_monitor_correo' retrieved from /opt/airflow/dags/dag_monitor_correo.py
[2026-07-09T04:37:45.815-0500] {logging_mixin.py:188} INFO - [2026-07-09T04:37:45.814-0500] {dag.py:3089} INFO - Sync 1 DAGs
[2026-07-09T04:37:45.823-0500] {logging_mixin.py:188} INFO - [2026-07-09T04:37:45.823-0500] {dag.py:3947} INFO - Setting next_dagrun for aerotrack_travel_monitor_correo to None, run_after=None
[2026-07-09T04:37:45.838-0500] {processor.py:183} INFO - Processing /opt/airflow/dags/dag_monitor_correo.py took 0.091 seconds
[2026-07-09T04:38:16.741-0500] {processor.py:161} INFO - Started process (PID=19504) to work on /opt/airflow/dags/dag_monitor_correo.py
[2026-07-09T04:38:16.742-0500] {processor.py:830} INFO - Processing file /opt/airflow/dags/dag_monitor_correo.py for tasks to queue
[2026-07-09T04:38:16.744-0500] {logging_mixin.py:188} INFO - [2026-07-09T04:38:16.744-0500] {dagbag.py:545} INFO - Filling up the DagBag from /opt/airflow/dags/dag_monitor_correo.py
[2026-07-09T04:38:16.783-0500] {processor.py:840} INFO - DAG(s) 'aerotrack_travel_monitor_correo' retrieved from /opt/airflow/dags/dag_monitor_correo.py
[2026-07-09T04:38:16.817-0500] {logging_mixin.py:188} INFO - [2026-07-09T04:38:16.817-0500] {dag.py:3089} INFO - Sync 1 DAGs
[2026-07-09T04:38:16.828-0500] {logging_mixin.py:188} INFO - [2026-07-09T04:38:16.827-0500] {dag.py:3947} INFO - Setting next_dagrun for aerotrack_travel_monitor_correo to None, run_after=None
[2026-07-09T04:38:16.845-0500] {processor.py:183} INFO - Processing /opt/airflow/dags/dag_monitor_correo.py took 0.109 seconds
[2026-07-09T04:38:47.794-0500] {processor.py:161} INFO - Started process (PID=19531) to work on /opt/airflow/dags/dag_monitor_correo.py
[2026-07-09T04:38:47.795-0500] {processor.py:830} INFO - Processing file /opt/airflow/dags/dag_monitor_correo.py for tasks to queue
[2026-07-09T04:38:47.797-0500] {logging_mixin.py:188} INFO - [2026-07-09T04:38:47.796-0500] {dagbag.py:545} INFO - Filling up the DagBag from /opt/airflow/dags/dag_monitor_correo.py
[2026-07-09T04:38:47.839-0500] {processor.py:840} INFO - DAG(s) 'aerotrack_travel_monitor_correo' retrieved from /opt/airflow/dags/dag_monitor_correo.py
[2026-07-09T04:38:47.873-0500] {logging_mixin.py:188} INFO - [2026-07-09T04:38:47.873-0500] {dag.py:3089} INFO - Sync 1 DAGs
[2026-07-09T04:38:47.886-0500] {logging_mixin.py:188} INFO - [2026-07-09T04:38:47.886-0500] {dag.py:3947} INFO - Setting next_dagrun for aerotrack_travel_monitor_correo to None, run_after=None
[2026-07-09T04:38:47.906-0500] {processor.py:183} INFO - Processing /opt/airflow/dags/dag_monitor_correo.py took 0.118 seconds
[2026-07-09T04:39:17.989-0500] {processor.py:161} INFO - Started process (PID=19558) to work on /opt/airflow/dags/dag_monitor_correo.py
[2026-07-09T04:39:17.989-0500] {processor.py:830} INFO - Processing file /opt/airflow/dags/dag_monitor_correo.py for tasks to queue
[2026-07-09T04:39:17.991-0500] {logging_mixin.py:188} INFO - [2026-07-09T04:39:17.991-0500] {dagbag.py:545} INFO - Filling up the DagBag from /opt/airflow/dags/dag_monitor_correo.py
[2026-07-09T04:39:18.033-0500] {processor.py:840} INFO - DAG(s) 'aerotrack_travel_monitor_correo' retrieved from /opt/airflow/dags/dag_monitor_correo.py
[2026-07-09T04:39:18.068-0500] {logging_mixin.py:188} INFO - [2026-07-09T04:39:18.068-0500] {dag.py:3089} INFO - Sync 1 DAGs
[2026-07-09T04:39:18.080-0500] {logging_mixin.py:188} INFO - [2026-07-09T04:39:18.080-0500] {dag.py:3947} INFO - Setting next_dagrun for aerotrack_travel_monitor_correo to None, run_after=None
[2026-07-09T04:39:18.102-0500] {processor.py:183} INFO - Processing /opt/airflow/dags/dag_monitor_correo.py took 0.119 seconds
[2026-07-09T04:39:49.080-0500] {processor.py:161} INFO - Started process (PID=19585) to work on /opt/airflow/dags/dag_monitor_correo.py
[2026-07-09T04:39:49.081-0500] {processor.py:830} INFO - Processing file /opt/airflow/dags/dag_monitor_correo.py for tasks to queue
[2026-07-09T04:39:49.083-0500] {logging_mixin.py:188} INFO - [2026-07-09T04:39:49.083-0500] {dagbag.py:545} INFO - Filling up the DagBag from /opt/airflow/dags/dag_monitor_correo.py
[2026-07-09T04:39:49.141-0500] {processor.py:840} INFO - DAG(s) 'aerotrack_travel_monitor_correo' retrieved from /opt/airflow/dags/dag_monitor_correo.py
[2026-07-09T04:39:49.179-0500] {logging_mixin.py:188} INFO - [2026-07-09T04:39:49.179-0500] {dag.py:3089} INFO - Sync 1 DAGs
[2026-07-09T04:39:49.192-0500] {logging_mixin.py:188} INFO - [2026-07-09T04:39:49.192-0500] {dag.py:3947} INFO - Setting next_dagrun for aerotrack_travel_monitor_correo to None, run_after=None
[2026-07-09T04:39:49.213-0500] {processor.py:183} INFO - Processing /opt/airflow/dags/dag_monitor_correo.py took 0.139 seconds
[2026-07-09T04:40:19.329-0500] {processor.py:161} INFO - Started process (PID=19612) to work on /opt/airflow/dags/dag_monitor_correo.py
[2026-07-09T04:40:19.330-0500] {processor.py:830} INFO - Processing file /opt/airflow/dags/dag_monitor_correo.py for tasks to queue
[2026-07-09T04:40:19.339-0500] {logging_mixin.py:188} INFO - [2026-07-09T04:40:19.338-0500] {dagbag.py:545} INFO - Filling up the DagBag from /opt/airflow/dags/dag_monitor_correo.py
[2026-07-09T04:40:19.395-0500] {processor.py:840} INFO - DAG(s) 'aerotrack_travel_monitor_correo' retrieved from /opt/airflow/dags/dag_monitor_correo.py
[2026-07-09T04:40:19.443-0500] {logging_mixin.py:188} INFO - [2026-07-09T04:40:19.442-0500] {dag.py:3089} INFO - Sync 1 DAGs
[2026-07-09T04:40:19.459-0500] {logging_mixin.py:188} INFO - [2026-07-09T04:40:19.458-0500] {dag.py:3947} INFO - Setting next_dagrun for aerotrack_travel_monitor_correo to None, run_after=None
[2026-07-09T04:40:19.485-0500] {processor.py:183} INFO - Processing /opt/airflow/dags/dag_monitor_correo.py took 0.165 seconds
[2026-07-09T04:40:49.665-0500] {processor.py:161} INFO - Started process (PID=19639) to work on /opt/airflow/dags/dag_monitor_correo.py
[2026-07-09T04:40:49.667-0500] {processor.py:830} INFO - Processing file /opt/airflow/dags/dag_monitor_correo.py for tasks to queue
[2026-07-09T04:40:49.670-0500] {logging_mixin.py:188} INFO - [2026-07-09T04:40:49.669-0500] {dagbag.py:545} INFO - Filling up the DagBag from /opt/airflow/dags/dag_monitor_correo.py
[2026-07-09T04:40:49.722-0500] {processor.py:840} INFO - DAG(s) 'aerotrack_travel_monitor_correo' retrieved from /opt/airflow/dags/dag_monitor_correo.py
[2026-07-09T04:40:49.768-0500] {logging_mixin.py:188} INFO - [2026-07-09T04:40:49.768-0500] {dag.py:3089} INFO - Sync 1 DAGs
[2026-07-09T04:40:49.785-0500] {logging_mixin.py:188} INFO - [2026-07-09T04:40:49.785-0500] {dag.py:3947} INFO - Setting next_dagrun for aerotrack_travel_monitor_correo to None, run_after=None
[2026-07-09T04:40:49.809-0500] {processor.py:183} INFO - Processing /opt/airflow/dags/dag_monitor_correo.py took 0.151 seconds
[2026-07-09T04:41:20.732-0500] {processor.py:161} INFO - Started process (PID=19666) to work on /opt/airflow/dags/dag_monitor_correo.py
[2026-07-09T04:41:20.733-0500] {processor.py:830} INFO - Processing file /opt/airflow/dags/dag_monitor_correo.py for tasks to queue
[2026-07-09T04:41:20.735-0500] {logging_mixin.py:188} INFO - [2026-07-09T04:41:20.735-0500] {dagbag.py:545} INFO - Filling up the DagBag from /opt/airflow/dags/dag_monitor_correo.py
[2026-07-09T04:41:20.784-0500] {processor.py:840} INFO - DAG(s) 'aerotrack_travel_monitor_correo' retrieved from /opt/airflow/dags/dag_monitor_correo.py
[2026-07-09T04:41:20.833-0500] {logging_mixin.py:188} INFO - [2026-07-09T04:41:20.832-0500] {dag.py:3089} INFO - Sync 1 DAGs
[2026-07-09T04:41:20.848-0500] {logging_mixin.py:188} INFO - [2026-07-09T04:41:20.848-0500] {dag.py:3947} INFO - Setting next_dagrun for aerotrack_travel_monitor_correo to None, run_after=None
[2026-07-09T04:41:20.877-0500] {processor.py:183} INFO - Processing /opt/airflow/dags/dag_monitor_correo.py took 0.151 seconds
[2026-07-09T04:41:51.795-0500] {processor.py:161} INFO - Started process (PID=19693) to work on /opt/airflow/dags/dag_monitor_correo.py
[2026-07-09T04:41:51.796-0500] {processor.py:830} INFO - Processing file /opt/airflow/dags/dag_monitor_correo.py for tasks to queue
[2026-07-09T04:41:51.797-0500] {logging_mixin.py:188} INFO - [2026-07-09T04:41:51.797-0500] {dagbag.py:545} INFO - Filling up the DagBag from /opt/airflow/dags/dag_monitor_correo.py
[2026-07-09T04:41:51.830-0500] {processor.py:840} INFO - DAG(s) 'aerotrack_travel_monitor_correo' retrieved from /opt/airflow/dags/dag_monitor_correo.py
[2026-07-09T04:41:51.857-0500] {logging_mixin.py:188} INFO - [2026-07-09T04:41:51.857-0500] {dag.py:3089} INFO - Sync 1 DAGs
[2026-07-09T04:41:51.867-0500] {logging_mixin.py:188} INFO - [2026-07-09T04:41:51.867-0500] {dag.py:3947} INFO - Setting next_dagrun for aerotrack_travel_monitor_correo to None, run_after=None
[2026-07-09T04:41:51.884-0500] {processor.py:183} INFO - Processing /opt/airflow/dags/dag_monitor_correo.py took 0.094 seconds
[2026-07-09T04:42:22.877-0500] {processor.py:161} INFO - Started process (PID=19720) to work on /opt/airflow/dags/dag_monitor_correo.py
[2026-07-09T04:42:22.878-0500] {processor.py:830} INFO - Processing file /opt/airflow/dags/dag_monitor_correo.py for tasks to queue
[2026-07-09T04:42:22.880-0500] {logging_mixin.py:188} INFO - [2026-07-09T04:42:22.880-0500] {dagbag.py:545} INFO - Filling up the DagBag from /opt/airflow/dags/dag_monitor_correo.py
[2026-07-09T04:42:22.920-0500] {processor.py:840} INFO - DAG(s) 'aerotrack_travel_monitor_correo' retrieved from /opt/airflow/dags/dag_monitor_correo.py
[2026-07-09T04:42:22.954-0500] {logging_mixin.py:188} INFO - [2026-07-09T04:42:22.954-0500] {dag.py:3089} INFO - Sync 1 DAGs
[2026-07-09T04:42:22.966-0500] {logging_mixin.py:188} INFO - [2026-07-09T04:42:22.965-0500] {dag.py:3947} INFO - Setting next_dagrun for aerotrack_travel_monitor_correo to None, run_after=None
[2026-07-09T04:42:22.981-0500] {processor.py:183} INFO - Processing /opt/airflow/dags/dag_monitor_correo.py took 0.109 seconds
[2026-07-09T04:42:53.071-0500] {processor.py:161} INFO - Started process (PID=19747) to work on /opt/airflow/dags/dag_monitor_correo.py
[2026-07-09T04:42:53.073-0500] {processor.py:830} INFO - Processing file /opt/airflow/dags/dag_monitor_correo.py for tasks to queue
[2026-07-09T04:42:53.077-0500] {logging_mixin.py:188} INFO - [2026-07-09T04:42:53.076-0500] {dagbag.py:545} INFO - Filling up the DagBag from /opt/airflow/dags/dag_monitor_correo.py
[2026-07-09T04:42:53.131-0500] {processor.py:840} INFO - DAG(s) 'aerotrack_travel_monitor_correo' retrieved from /opt/airflow/dags/dag_monitor_correo.py
[2026-07-09T04:42:53.177-0500] {logging_mixin.py:188} INFO - [2026-07-09T04:42:53.176-0500] {dag.py:3089} INFO - Sync 1 DAGs
[2026-07-09T04:42:53.190-0500] {logging_mixin.py:188} INFO - [2026-07-09T04:42:53.189-0500] {dag.py:3947} INFO - Setting next_dagrun for aerotrack_travel_monitor_correo to None, run_after=None
[2026-07-09T04:42:53.209-0500] {processor.py:183} INFO - Processing /opt/airflow/dags/dag_monitor_correo.py took 0.146 seconds
[2026-07-09T04:43:24.119-0500] {processor.py:161} INFO - Started process (PID=19774) to work on /opt/airflow/dags/dag_monitor_correo.py
[2026-07-09T04:43:24.120-0500] {processor.py:830} INFO - Processing file /opt/airflow/dags/dag_monitor_correo.py for tasks to queue
[2026-07-09T04:43:24.122-0500] {logging_mixin.py:188} INFO - [2026-07-09T04:43:24.121-0500] {dagbag.py:545} INFO - Filling up the DagBag from /opt/airflow/dags/dag_monitor_correo.py
[2026-07-09T04:43:24.154-0500] {processor.py:840} INFO - DAG(s) 'aerotrack_travel_monitor_correo' retrieved from /opt/airflow/dags/dag_monitor_correo.py
[2026-07-09T04:43:24.185-0500] {logging_mixin.py:188} INFO - [2026-07-09T04:43:24.185-0500] {dag.py:3089} INFO - Sync 1 DAGs
[2026-07-09T04:43:24.195-0500] {logging_mixin.py:188} INFO - [2026-07-09T04:43:24.194-0500] {dag.py:3947} INFO - Setting next_dagrun for aerotrack_travel_monitor_correo to None, run_after=None
[2026-07-09T04:43:24.211-0500] {processor.py:183} INFO - Processing /opt/airflow/dags/dag_monitor_correo.py took 0.096 seconds
[2026-07-09T04:43:55.121-0500] {processor.py:161} INFO - Started process (PID=19801) to work on /opt/airflow/dags/dag_monitor_correo.py
[2026-07-09T04:43:55.121-0500] {processor.py:830} INFO - Processing file /opt/airflow/dags/dag_monitor_correo.py for tasks to queue
[2026-07-09T04:43:55.123-0500] {logging_mixin.py:188} INFO - [2026-07-09T04:43:55.123-0500] {dagbag.py:545} INFO - Filling up the DagBag from /opt/airflow/dags/dag_monitor_correo.py
[2026-07-09T04:43:55.158-0500] {processor.py:840} INFO - DAG(s) 'aerotrack_travel_monitor_correo' retrieved from /opt/airflow/dags/dag_monitor_correo.py
[2026-07-09T04:43:55.188-0500] {logging_mixin.py:188} INFO - [2026-07-09T04:43:55.188-0500] {dag.py:3089} INFO - Sync 1 DAGs
[2026-07-09T04:43:55.198-0500] {logging_mixin.py:188} INFO - [2026-07-09T04:43:55.198-0500] {dag.py:3947} INFO - Setting next_dagrun for aerotrack_travel_monitor_correo to None, run_after=None
[2026-07-09T04:43:55.213-0500] {processor.py:183} INFO - Processing /opt/airflow/dags/dag_monitor_correo.py took 0.098 seconds
[2026-07-09T04:44:26.118-0500] {processor.py:161} INFO - Started process (PID=19828) to work on /opt/airflow/dags/dag_monitor_correo.py
[2026-07-09T04:44:26.119-0500] {processor.py:830} INFO - Processing file /opt/airflow/dags/dag_monitor_correo.py for tasks to queue
[2026-07-09T04:44:26.120-0500] {logging_mixin.py:188} INFO - [2026-07-09T04:44:26.120-0500] {dagbag.py:545} INFO - Filling up the DagBag from /opt/airflow/dags/dag_monitor_correo.py
[2026-07-09T04:44:26.158-0500] {processor.py:840} INFO - DAG(s) 'aerotrack_travel_monitor_correo' retrieved from /opt/airflow/dags/dag_monitor_correo.py
[2026-07-09T04:44:26.191-0500] {logging_mixin.py:188} INFO - [2026-07-09T04:44:26.191-0500] {dag.py:3089} INFO - Sync 1 DAGs
[2026-07-09T04:44:26.201-0500] {logging_mixin.py:188} INFO - [2026-07-09T04:44:26.201-0500] {dag.py:3947} INFO - Setting next_dagrun for aerotrack_travel_monitor_correo to None, run_after=None
[2026-07-09T04:44:26.227-0500] {processor.py:183} INFO - Processing /opt/airflow/dags/dag_monitor_correo.py took 0.114 seconds
[2026-07-09T04:44:57.104-0500] {processor.py:161} INFO - Started process (PID=19855) to work on /opt/airflow/dags/dag_monitor_correo.py
[2026-07-09T04:44:57.105-0500] {processor.py:830} INFO - Processing file /opt/airflow/dags/dag_monitor_correo.py for tasks to queue
[2026-07-09T04:44:57.107-0500] {logging_mixin.py:188} INFO - [2026-07-09T04:44:57.106-0500] {dagbag.py:545} INFO - Filling up the DagBag from /opt/airflow/dags/dag_monitor_correo.py
[2026-07-09T04:44:57.137-0500] {processor.py:840} INFO - DAG(s) 'aerotrack_travel_monitor_correo' retrieved from /opt/airflow/dags/dag_monitor_correo.py
[2026-07-09T04:44:57.172-0500] {logging_mixin.py:188} INFO - [2026-07-09T04:44:57.171-0500] {dag.py:3089} INFO - Sync 1 DAGs
[2026-07-09T04:44:57.182-0500] {logging_mixin.py:188} INFO - [2026-07-09T04:44:57.181-0500] {dag.py:3947} INFO - Setting next_dagrun for aerotrack_travel_monitor_correo to None, run_after=None
[2026-07-09T04:44:57.197-0500] {processor.py:183} INFO - Processing /opt/airflow/dags/dag_monitor_correo.py took 0.098 seconds
[2026-07-09T04:45:28.085-0500] {processor.py:161} INFO - Started process (PID=19882) to work on /opt/airflow/dags/dag_monitor_correo.py
[2026-07-09T04:45:28.086-0500] {processor.py:830} INFO - Processing file /opt/airflow/dags/dag_monitor_correo.py for tasks to queue
[2026-07-09T04:45:28.087-0500] {logging_mixin.py:188} INFO - [2026-07-09T04:45:28.087-0500] {dagbag.py:545} INFO - Filling up the DagBag from /opt/airflow/dags/dag_monitor_correo.py
[2026-07-09T04:45:28.123-0500] {processor.py:840} INFO - DAG(s) 'aerotrack_travel_monitor_correo' retrieved from /opt/airflow/dags/dag_monitor_correo.py
[2026-07-09T04:45:28.150-0500] {logging_mixin.py:188} INFO - [2026-07-09T04:45:28.150-0500] {dag.py:3089} INFO - Sync 1 DAGs
[2026-07-09T04:45:28.160-0500] {logging_mixin.py:188} INFO - [2026-07-09T04:45:28.159-0500] {dag.py:3947} INFO - Setting next_dagrun for aerotrack_travel_monitor_correo to None, run_after=None
[2026-07-09T04:45:28.200-0500] {processor.py:183} INFO - Processing /opt/airflow/dags/dag_monitor_correo.py took 0.119 seconds
[2026-07-09T04:45:59.077-0500] {processor.py:161} INFO - Started process (PID=19909) to work on /opt/airflow/dags/dag_monitor_correo.py
[2026-07-09T04:45:59.078-0500] {processor.py:830} INFO - Processing file /opt/airflow/dags/dag_monitor_correo.py for tasks to queue
[2026-07-09T04:45:59.080-0500] {logging_mixin.py:188} INFO - [2026-07-09T04:45:59.080-0500] {dagbag.py:545} INFO - Filling up the DagBag from /opt/airflow/dags/dag_monitor_correo.py
[2026-07-09T04:45:59.118-0500] {processor.py:840} INFO - DAG(s) 'aerotrack_travel_monitor_correo' retrieved from /opt/airflow/dags/dag_monitor_correo.py
[2026-07-09T04:45:59.146-0500] {logging_mixin.py:188} INFO - [2026-07-09T04:45:59.146-0500] {dag.py:3089} INFO - Sync 1 DAGs
[2026-07-09T04:45:59.158-0500] {logging_mixin.py:188} INFO - [2026-07-09T04:45:59.158-0500] {dag.py:3947} INFO - Setting next_dagrun for aerotrack_travel_monitor_correo to None, run_after=None
[2026-07-09T04:45:59.175-0500] {processor.py:183} INFO - Processing /opt/airflow/dags/dag_monitor_correo.py took 0.103 seconds
[2026-07-09T04:46:30.105-0500] {processor.py:161} INFO - Started process (PID=19936) to work on /opt/airflow/dags/dag_monitor_correo.py
[2026-07-09T04:46:30.106-0500] {processor.py:830} INFO - Processing file /opt/airflow/dags/dag_monitor_correo.py for tasks to queue
[2026-07-09T04:46:30.108-0500] {logging_mixin.py:188} INFO - [2026-07-09T04:46:30.108-0500] {dagbag.py:545} INFO - Filling up the DagBag from /opt/airflow/dags/dag_monitor_correo.py
[2026-07-09T04:46:30.137-0500] {processor.py:840} INFO - DAG(s) 'aerotrack_travel_monitor_correo' retrieved from /opt/airflow/dags/dag_monitor_correo.py
[2026-07-09T04:46:30.164-0500] {logging_mixin.py:188} INFO - [2026-07-09T04:46:30.164-0500] {dag.py:3089} INFO - Sync 1 DAGs
[2026-07-09T04:46:30.173-0500] {logging_mixin.py:188} INFO - [2026-07-09T04:46:30.173-0500] {dag.py:3947} INFO - Setting next_dagrun for aerotrack_travel_monitor_correo to None, run_after=None
[2026-07-09T04:46:30.189-0500] {processor.py:183} INFO - Processing /opt/airflow/dags/dag_monitor_correo.py took 0.091 seconds
[2026-07-09T04:47:00.381-0500] {processor.py:161} INFO - Started process (PID=19963) to work on /opt/airflow/dags/dag_monitor_correo.py
[2026-07-09T04:47:00.382-0500] {processor.py:830} INFO - Processing file /opt/airflow/dags/dag_monitor_correo.py for tasks to queue
[2026-07-09T04:47:00.384-0500] {logging_mixin.py:188} INFO - [2026-07-09T04:47:00.383-0500] {dagbag.py:545} INFO - Filling up the DagBag from /opt/airflow/dags/dag_monitor_correo.py
[2026-07-09T04:47:00.432-0500] {processor.py:840} INFO - DAG(s) 'aerotrack_travel_monitor_correo' retrieved from /opt/airflow/dags/dag_monitor_correo.py
[2026-07-09T04:47:00.464-0500] {logging_mixin.py:188} INFO - [2026-07-09T04:47:00.464-0500] {dag.py:3089} INFO - Sync 1 DAGs
[2026-07-09T04:47:00.476-0500] {logging_mixin.py:188} INFO - [2026-07-09T04:47:00.476-0500] {dag.py:3947} INFO - Setting next_dagrun for aerotrack_travel_monitor_correo to None, run_after=None
[2026-07-09T04:47:00.494-0500] {processor.py:183} INFO - Processing /opt/airflow/dags/dag_monitor_correo.py took 0.117 seconds
[2026-07-09T04:47:31.319-0500] {processor.py:161} INFO - Started process (PID=19990) to work on /opt/airflow/dags/dag_monitor_correo.py
[2026-07-09T04:47:31.321-0500] {processor.py:830} INFO - Processing file /opt/airflow/dags/dag_monitor_correo.py for tasks to queue
[2026-07-09T04:47:31.322-0500] {logging_mixin.py:188} INFO - [2026-07-09T04:47:31.322-0500] {dagbag.py:545} INFO - Filling up the DagBag from /opt/airflow/dags/dag_monitor_correo.py
[2026-07-09T04:47:31.364-0500] {processor.py:840} INFO - DAG(s) 'aerotrack_travel_monitor_correo' retrieved from /opt/airflow/dags/dag_monitor_correo.py
[2026-07-09T04:47:31.392-0500] {logging_mixin.py:188} INFO - [2026-07-09T04:47:31.391-0500] {dag.py:3089} INFO - Sync 1 DAGs
[2026-07-09T04:47:31.401-0500] {logging_mixin.py:188} INFO - [2026-07-09T04:47:31.401-0500] {dag.py:3947} INFO - Setting next_dagrun for aerotrack_travel_monitor_correo to None, run_after=None
[2026-07-09T04:47:31.418-0500] {processor.py:183} INFO - Processing /opt/airflow/dags/dag_monitor_correo.py took 0.104 seconds
[2026-07-09T04:48:02.308-0500] {processor.py:161} INFO - Started process (PID=20017) to work on /opt/airflow/dags/dag_monitor_correo.py
[2026-07-09T04:48:02.309-0500] {processor.py:830} INFO - Processing file /opt/airflow/dags/dag_monitor_correo.py for tasks to queue
[2026-07-09T04:48:02.310-0500] {logging_mixin.py:188} INFO - [2026-07-09T04:48:02.310-0500] {dagbag.py:545} INFO - Filling up the DagBag from /opt/airflow/dags/dag_monitor_correo.py
[2026-07-09T04:48:02.350-0500] {processor.py:840} INFO - DAG(s) 'aerotrack_travel_monitor_correo' retrieved from /opt/airflow/dags/dag_monitor_correo.py
[2026-07-09T04:48:02.383-0500] {logging_mixin.py:188} INFO - [2026-07-09T04:48:02.382-0500] {dag.py:3089} INFO - Sync 1 DAGs
[2026-07-09T04:48:02.394-0500] {logging_mixin.py:188} INFO - [2026-07-09T04:48:02.394-0500] {dag.py:3947} INFO - Setting next_dagrun for aerotrack_travel_monitor_correo to None, run_after=None
[2026-07-09T04:48:02.412-0500] {processor.py:183} INFO - Processing /opt/airflow/dags/dag_monitor_correo.py took 0.109 seconds
[2026-07-09T04:48:33.272-0500] {processor.py:161} INFO - Started process (PID=20044) to work on /opt/airflow/dags/dag_monitor_correo.py
[2026-07-09T04:48:33.273-0500] {processor.py:830} INFO - Processing file /opt/airflow/dags/dag_monitor_correo.py for tasks to queue
[2026-07-09T04:48:33.274-0500] {logging_mixin.py:188} INFO - [2026-07-09T04:48:33.274-0500] {dagbag.py:545} INFO - Filling up the DagBag from /opt/airflow/dags/dag_monitor_correo.py
[2026-07-09T04:48:33.313-0500] {processor.py:840} INFO - DAG(s) 'aerotrack_travel_monitor_correo' retrieved from /opt/airflow/dags/dag_monitor_correo.py
[2026-07-09T04:48:33.343-0500] {logging_mixin.py:188} INFO - [2026-07-09T04:48:33.343-0500] {dag.py:3089} INFO - Sync 1 DAGs
[2026-07-09T04:48:33.353-0500] {logging_mixin.py:188} INFO - [2026-07-09T04:48:33.353-0500] {dag.py:3947} INFO - Setting next_dagrun for aerotrack_travel_monitor_correo to None, run_after=None
[2026-07-09T04:48:33.369-0500] {processor.py:183} INFO - Processing /opt/airflow/dags/dag_monitor_correo.py took 0.102 seconds
[2026-07-09T04:49:04.334-0500] {processor.py:161} INFO - Started process (PID=20071) to work on /opt/airflow/dags/dag_monitor_correo.py
[2026-07-09T04:49:04.335-0500] {processor.py:830} INFO - Processing file /opt/airflow/dags/dag_monitor_correo.py for tasks to queue
[2026-07-09T04:49:04.337-0500] {logging_mixin.py:188} INFO - [2026-07-09T04:49:04.337-0500] {dagbag.py:545} INFO - Filling up the DagBag from /opt/airflow/dags/dag_monitor_correo.py
[2026-07-09T04:49:04.370-0500] {processor.py:840} INFO - DAG(s) 'aerotrack_travel_monitor_correo' retrieved from /opt/airflow/dags/dag_monitor_correo.py
[2026-07-09T04:49:04.409-0500] {logging_mixin.py:188} INFO - [2026-07-09T04:49:04.408-0500] {dag.py:3089} INFO - Sync 1 DAGs
[2026-07-09T04:49:04.425-0500] {logging_mixin.py:188} INFO - [2026-07-09T04:49:04.424-0500] {dag.py:3947} INFO - Setting next_dagrun for aerotrack_travel_monitor_correo to None, run_after=None
[2026-07-09T04:49:04.446-0500] {processor.py:183} INFO - Processing /opt/airflow/dags/dag_monitor_correo.py took 0.116 seconds
[2026-07-09T04:49:34.659-0500] {processor.py:161} INFO - Started process (PID=20098) to work on /opt/airflow/dags/dag_monitor_correo.py
[2026-07-09T04:49:34.661-0500] {processor.py:830} INFO - Processing file /opt/airflow/dags/dag_monitor_correo.py for tasks to queue
[2026-07-09T04:49:34.663-0500] {logging_mixin.py:188} INFO - [2026-07-09T04:49:34.662-0500] {dagbag.py:545} INFO - Filling up the DagBag from /opt/airflow/dags/dag_monitor_correo.py
[2026-07-09T04:49:34.725-0500] {processor.py:840} INFO - DAG(s) 'aerotrack_travel_monitor_correo' retrieved from /opt/airflow/dags/dag_monitor_correo.py
[2026-07-09T04:49:34.766-0500] {logging_mixin.py:188} INFO - [2026-07-09T04:49:34.766-0500] {dag.py:3089} INFO - Sync 1 DAGs
[2026-07-09T04:49:34.779-0500] {logging_mixin.py:188} INFO - [2026-07-09T04:49:34.779-0500] {dag.py:3947} INFO - Setting next_dagrun for aerotrack_travel_monitor_correo to None, run_after=None
[2026-07-09T04:49:34.804-0500] {processor.py:183} INFO - Processing /opt/airflow/dags/dag_monitor_correo.py took 0.159 seconds
[2026-07-09T04:50:05.094-0500] {processor.py:161} INFO - Started process (PID=20108) to work on /opt/airflow/dags/dag_monitor_correo.py
[2026-07-09T04:50:05.095-0500] {processor.py:830} INFO - Processing file /opt/airflow/dags/dag_monitor_correo.py for tasks to queue
[2026-07-09T04:50:05.097-0500] {logging_mixin.py:188} INFO - [2026-07-09T04:50:05.096-0500] {dagbag.py:545} INFO - Filling up the DagBag from /opt/airflow/dags/dag_monitor_correo.py
[2026-07-09T04:50:05.138-0500] {processor.py:840} INFO - DAG(s) 'aerotrack_travel_monitor_correo' retrieved from /opt/airflow/dags/dag_monitor_correo.py
[2026-07-09T04:50:05.170-0500] {logging_mixin.py:188} INFO - [2026-07-09T04:50:05.170-0500] {dag.py:3089} INFO - Sync 1 DAGs
[2026-07-09T04:50:05.182-0500] {logging_mixin.py:188} INFO - [2026-07-09T04:50:05.182-0500] {dag.py:3947} INFO - Setting next_dagrun for aerotrack_travel_monitor_correo to None, run_after=None
[2026-07-09T04:50:05.216-0500] {processor.py:183} INFO - Processing /opt/airflow/dags/dag_monitor_correo.py took 0.127 seconds
[2026-07-09T04:50:35.762-0500] {processor.py:161} INFO - Started process (PID=20135) to work on /opt/airflow/dags/dag_monitor_correo.py
[2026-07-09T04:50:35.763-0500] {processor.py:830} INFO - Processing file /opt/airflow/dags/dag_monitor_correo.py for tasks to queue
[2026-07-09T04:50:35.764-0500] {logging_mixin.py:188} INFO - [2026-07-09T04:50:35.764-0500] {dagbag.py:545} INFO - Filling up the DagBag from /opt/airflow/dags/dag_monitor_correo.py
[2026-07-09T04:50:35.795-0500] {processor.py:840} INFO - DAG(s) 'aerotrack_travel_monitor_correo' retrieved from /opt/airflow/dags/dag_monitor_correo.py
[2026-07-09T04:50:35.825-0500] {logging_mixin.py:188} INFO - [2026-07-09T04:50:35.825-0500] {dag.py:3089} INFO - Sync 1 DAGs
[2026-07-09T04:50:35.836-0500] {logging_mixin.py:188} INFO - [2026-07-09T04:50:35.836-0500] {dag.py:3947} INFO - Setting next_dagrun for aerotrack_travel_monitor_correo to None, run_after=None
[2026-07-09T04:50:35.866-0500] {processor.py:183} INFO - Processing /opt/airflow/dags/dag_monitor_correo.py took 0.109 seconds
[2026-07-09T04:51:06.427-0500] {processor.py:161} INFO - Started process (PID=20162) to work on /opt/airflow/dags/dag_monitor_correo.py
[2026-07-09T04:51:06.428-0500] {processor.py:830} INFO - Processing file /opt/airflow/dags/dag_monitor_correo.py for tasks to queue
[2026-07-09T04:51:06.429-0500] {logging_mixin.py:188} INFO - [2026-07-09T04:51:06.429-0500] {dagbag.py:545} INFO - Filling up the DagBag from /opt/airflow/dags/dag_monitor_correo.py
[2026-07-09T04:51:06.458-0500] {processor.py:840} INFO - DAG(s) 'aerotrack_travel_monitor_correo' retrieved from /opt/airflow/dags/dag_monitor_correo.py
[2026-07-09T04:51:06.491-0500] {logging_mixin.py:188} INFO - [2026-07-09T04:51:06.491-0500] {dag.py:3089} INFO - Sync 1 DAGs
[2026-07-09T04:51:06.503-0500] {logging_mixin.py:188} INFO - [2026-07-09T04:51:06.503-0500] {dag.py:3947} INFO - Setting next_dagrun for aerotrack_travel_monitor_correo to None, run_after=None
[2026-07-09T04:51:06.521-0500] {processor.py:183} INFO - Processing /opt/airflow/dags/dag_monitor_correo.py took 0.099 seconds
