[2026-07-08T22:06:00.549-0500] {processor.py:161} INFO - Started process (PID=192) to work on /opt/airflow/dags/dag_estimar_riesgo_disrupcion.py
[2026-07-08T22:06:00.551-0500] {processor.py:830} INFO - Processing file /opt/airflow/dags/dag_estimar_riesgo_disrupcion.py for tasks to queue
[2026-07-08T22:06:00.553-0500] {logging_mixin.py:188} INFO - [2026-07-08T22:06:00.553-0500] {dagbag.py:545} INFO - Filling up the DagBag from /opt/airflow/dags/dag_estimar_riesgo_disrupcion.py
[2026-07-08T22:06:02.178-0500] {processor.py:840} INFO - DAG(s) 'aerotrack_travel_riesgo_disrupcion' retrieved from /opt/airflow/dags/dag_estimar_riesgo_disrupcion.py
[2026-07-08T22:06:02.399-0500] {logging_mixin.py:188} INFO - [2026-07-08T22:06:02.398-0500] {override.py:1858} INFO - Created Permission View: can delete on DAG:aerotrack_travel_riesgo_disrupcion
[2026-07-08T22:06:02.411-0500] {logging_mixin.py:188} INFO - [2026-07-08T22:06:02.411-0500] {override.py:1858} INFO - Created Permission View: can edit on DAG:aerotrack_travel_riesgo_disrupcion
[2026-07-08T22:06:02.420-0500] {logging_mixin.py:188} INFO - [2026-07-08T22:06:02.420-0500] {override.py:1858} INFO - Created Permission View: can read on DAG:aerotrack_travel_riesgo_disrupcion
[2026-07-08T22:06:02.421-0500] {logging_mixin.py:188} INFO - [2026-07-08T22:06:02.421-0500] {dag.py:3089} INFO - Sync 1 DAGs
[2026-07-08T22:06:02.430-0500] {logging_mixin.py:188} INFO - [2026-07-08T22:06:02.430-0500] {dag.py:3111} INFO - Creating ORM DAG for aerotrack_travel_riesgo_disrupcion
[2026-07-08T22:06:02.439-0500] {logging_mixin.py:188} INFO - [2026-07-08T22:06:02.438-0500] {dag.py:3947} INFO - Setting next_dagrun for aerotrack_travel_riesgo_disrupcion to 2026-07-08 00:00:00+00:00, run_after=2026-07-09 00:00:00+00:00
[2026-07-08T22:06:02.459-0500] {processor.py:183} INFO - Processing /opt/airflow/dags/dag_estimar_riesgo_disrupcion.py took 1.916 seconds
[2026-07-08T22:06:32.683-0500] {processor.py:161} INFO - Started process (PID=247) to work on /opt/airflow/dags/dag_estimar_riesgo_disrupcion.py
[2026-07-08T22:06:32.684-0500] {processor.py:830} INFO - Processing file /opt/airflow/dags/dag_estimar_riesgo_disrupcion.py for tasks to queue
[2026-07-08T22:06:32.686-0500] {logging_mixin.py:188} INFO - [2026-07-08T22:06:32.686-0500] {dagbag.py:545} INFO - Filling up the DagBag from /opt/airflow/dags/dag_estimar_riesgo_disrupcion.py
[2026-07-08T22:06:33.224-0500] {processor.py:840} INFO - DAG(s) 'aerotrack_travel_riesgo_disrupcion' retrieved from /opt/airflow/dags/dag_estimar_riesgo_disrupcion.py
[2026-07-08T22:06:33.249-0500] {logging_mixin.py:188} INFO - [2026-07-08T22:06:33.249-0500] {dag.py:3089} INFO - Sync 1 DAGs
[2026-07-08T22:06:33.265-0500] {logging_mixin.py:188} INFO - [2026-07-08T22:06:33.265-0500] {dag.py:3947} INFO - Setting next_dagrun for aerotrack_travel_riesgo_disrupcion to 2026-07-08 00:00:00+00:00, run_after=2026-07-09 00:00:00+00:00
[2026-07-08T22:06:33.279-0500] {processor.py:183} INFO - Processing /opt/airflow/dags/dag_estimar_riesgo_disrupcion.py took 0.600 seconds
[2026-07-08T22:07:03.535-0500] {processor.py:161} INFO - Started process (PID=304) to work on /opt/airflow/dags/dag_estimar_riesgo_disrupcion.py
[2026-07-08T22:07:03.536-0500] {processor.py:830} INFO - Processing file /opt/airflow/dags/dag_estimar_riesgo_disrupcion.py for tasks to queue
[2026-07-08T22:07:03.538-0500] {logging_mixin.py:188} INFO - [2026-07-08T22:07:03.538-0500] {dagbag.py:545} INFO - Filling up the DagBag from /opt/airflow/dags/dag_estimar_riesgo_disrupcion.py
[2026-07-08T22:07:04.111-0500] {processor.py:840} INFO - DAG(s) 'aerotrack_travel_riesgo_disrupcion' retrieved from /opt/airflow/dags/dag_estimar_riesgo_disrupcion.py
[2026-07-08T22:07:04.141-0500] {logging_mixin.py:188} INFO - [2026-07-08T22:07:04.140-0500] {dag.py:3089} INFO - Sync 1 DAGs
[2026-07-08T22:07:04.155-0500] {logging_mixin.py:188} INFO - [2026-07-08T22:07:04.154-0500] {dag.py:3947} INFO - Setting next_dagrun for aerotrack_travel_riesgo_disrupcion to 2026-07-08 00:00:00+00:00, run_after=2026-07-09 00:00:00+00:00
[2026-07-08T22:07:04.170-0500] {processor.py:183} INFO - Processing /opt/airflow/dags/dag_estimar_riesgo_disrupcion.py took 0.640 seconds
[2026-07-08T22:07:34.412-0500] {processor.py:161} INFO - Started process (PID=365) to work on /opt/airflow/dags/dag_estimar_riesgo_disrupcion.py
[2026-07-08T22:07:34.413-0500] {processor.py:830} INFO - Processing file /opt/airflow/dags/dag_estimar_riesgo_disrupcion.py for tasks to queue
[2026-07-08T22:07:34.414-0500] {logging_mixin.py:188} INFO - [2026-07-08T22:07:34.414-0500] {dagbag.py:545} INFO - Filling up the DagBag from /opt/airflow/dags/dag_estimar_riesgo_disrupcion.py
[2026-07-08T22:07:34.996-0500] {processor.py:840} INFO - DAG(s) 'aerotrack_travel_riesgo_disrupcion' retrieved from /opt/airflow/dags/dag_estimar_riesgo_disrupcion.py
[2026-07-08T22:07:35.027-0500] {logging_mixin.py:188} INFO - [2026-07-08T22:07:35.026-0500] {dag.py:3089} INFO - Sync 1 DAGs
[2026-07-08T22:07:35.040-0500] {logging_mixin.py:188} INFO - [2026-07-08T22:07:35.040-0500] {dag.py:3947} INFO - Setting next_dagrun for aerotrack_travel_riesgo_disrupcion to 2026-07-09 00:00:00+00:00, run_after=2026-07-10 00:00:00+00:00
[2026-07-08T22:07:35.056-0500] {processor.py:183} INFO - Processing /opt/airflow/dags/dag_estimar_riesgo_disrupcion.py took 0.650 seconds
[2026-07-08T22:08:05.297-0500] {processor.py:161} INFO - Started process (PID=382) to work on /opt/airflow/dags/dag_estimar_riesgo_disrupcion.py
[2026-07-08T22:08:05.298-0500] {processor.py:830} INFO - Processing file /opt/airflow/dags/dag_estimar_riesgo_disrupcion.py for tasks to queue
[2026-07-08T22:08:05.300-0500] {logging_mixin.py:188} INFO - [2026-07-08T22:08:05.299-0500] {dagbag.py:545} INFO - Filling up the DagBag from /opt/airflow/dags/dag_estimar_riesgo_disrupcion.py
[2026-07-08T22:08:05.827-0500] {processor.py:840} INFO - DAG(s) 'aerotrack_travel_riesgo_disrupcion' retrieved from /opt/airflow/dags/dag_estimar_riesgo_disrupcion.py
[2026-07-08T22:08:05.852-0500] {logging_mixin.py:188} INFO - [2026-07-08T22:08:05.851-0500] {dag.py:3089} INFO - Sync 1 DAGs
[2026-07-08T22:08:05.865-0500] {logging_mixin.py:188} INFO - [2026-07-08T22:08:05.865-0500] {dag.py:3947} INFO - Setting next_dagrun for aerotrack_travel_riesgo_disrupcion to 2026-07-09 00:00:00+00:00, run_after=2026-07-10 00:00:00+00:00
[2026-07-08T22:08:05.879-0500] {processor.py:183} INFO - Processing /opt/airflow/dags/dag_estimar_riesgo_disrupcion.py took 0.587 seconds
[2026-07-08T22:08:36.142-0500] {processor.py:161} INFO - Started process (PID=399) to work on /opt/airflow/dags/dag_estimar_riesgo_disrupcion.py
[2026-07-08T22:08:36.143-0500] {processor.py:830} INFO - Processing file /opt/airflow/dags/dag_estimar_riesgo_disrupcion.py for tasks to queue
[2026-07-08T22:08:36.145-0500] {logging_mixin.py:188} INFO - [2026-07-08T22:08:36.145-0500] {dagbag.py:545} INFO - Filling up the DagBag from /opt/airflow/dags/dag_estimar_riesgo_disrupcion.py
[2026-07-08T22:08:36.645-0500] {processor.py:840} INFO - DAG(s) 'aerotrack_travel_riesgo_disrupcion' retrieved from /opt/airflow/dags/dag_estimar_riesgo_disrupcion.py
[2026-07-08T22:08:36.667-0500] {logging_mixin.py:188} INFO - [2026-07-08T22:08:36.666-0500] {dag.py:3089} INFO - Sync 1 DAGs
[2026-07-08T22:08:36.679-0500] {logging_mixin.py:188} INFO - [2026-07-08T22:08:36.679-0500] {dag.py:3947} INFO - Setting next_dagrun for aerotrack_travel_riesgo_disrupcion to 2026-07-09 00:00:00+00:00, run_after=2026-07-10 00:00:00+00:00
[2026-07-08T22:08:36.694-0500] {processor.py:183} INFO - Processing /opt/airflow/dags/dag_estimar_riesgo_disrupcion.py took 0.557 seconds
[2026-07-08T22:09:06.969-0500] {processor.py:161} INFO - Started process (PID=416) to work on /opt/airflow/dags/dag_estimar_riesgo_disrupcion.py
[2026-07-08T22:09:06.969-0500] {processor.py:830} INFO - Processing file /opt/airflow/dags/dag_estimar_riesgo_disrupcion.py for tasks to queue
[2026-07-08T22:09:06.971-0500] {logging_mixin.py:188} INFO - [2026-07-08T22:09:06.971-0500] {dagbag.py:545} INFO - Filling up the DagBag from /opt/airflow/dags/dag_estimar_riesgo_disrupcion.py
[2026-07-08T22:09:07.464-0500] {processor.py:840} INFO - DAG(s) 'aerotrack_travel_riesgo_disrupcion' retrieved from /opt/airflow/dags/dag_estimar_riesgo_disrupcion.py
[2026-07-08T22:09:07.486-0500] {logging_mixin.py:188} INFO - [2026-07-08T22:09:07.485-0500] {dag.py:3089} INFO - Sync 1 DAGs
[2026-07-08T22:09:07.499-0500] {logging_mixin.py:188} INFO - [2026-07-08T22:09:07.499-0500] {dag.py:3947} INFO - Setting next_dagrun for aerotrack_travel_riesgo_disrupcion to 2026-07-09 00:00:00+00:00, run_after=2026-07-10 00:00:00+00:00
[2026-07-08T22:09:07.513-0500] {processor.py:183} INFO - Processing /opt/airflow/dags/dag_estimar_riesgo_disrupcion.py took 0.548 seconds
[2026-07-08T22:09:37.744-0500] {processor.py:161} INFO - Started process (PID=433) to work on /opt/airflow/dags/dag_estimar_riesgo_disrupcion.py
[2026-07-08T22:09:37.744-0500] {processor.py:830} INFO - Processing file /opt/airflow/dags/dag_estimar_riesgo_disrupcion.py for tasks to queue
[2026-07-08T22:09:37.746-0500] {logging_mixin.py:188} INFO - [2026-07-08T22:09:37.746-0500] {dagbag.py:545} INFO - Filling up the DagBag from /opt/airflow/dags/dag_estimar_riesgo_disrupcion.py
[2026-07-08T22:09:38.267-0500] {processor.py:840} INFO - DAG(s) 'aerotrack_travel_riesgo_disrupcion' retrieved from /opt/airflow/dags/dag_estimar_riesgo_disrupcion.py
[2026-07-08T22:09:38.287-0500] {logging_mixin.py:188} INFO - [2026-07-08T22:09:38.287-0500] {dag.py:3089} INFO - Sync 1 DAGs
[2026-07-08T22:09:38.301-0500] {logging_mixin.py:188} INFO - [2026-07-08T22:09:38.300-0500] {dag.py:3947} INFO - Setting next_dagrun for aerotrack_travel_riesgo_disrupcion to 2026-07-09 00:00:00+00:00, run_after=2026-07-10 00:00:00+00:00
[2026-07-08T22:09:38.313-0500] {processor.py:183} INFO - Processing /opt/airflow/dags/dag_estimar_riesgo_disrupcion.py took 0.573 seconds
[2026-07-08T22:10:08.544-0500] {processor.py:161} INFO - Started process (PID=450) to work on /opt/airflow/dags/dag_estimar_riesgo_disrupcion.py
[2026-07-08T22:10:08.545-0500] {processor.py:830} INFO - Processing file /opt/airflow/dags/dag_estimar_riesgo_disrupcion.py for tasks to queue
[2026-07-08T22:10:08.547-0500] {logging_mixin.py:188} INFO - [2026-07-08T22:10:08.547-0500] {dagbag.py:545} INFO - Filling up the DagBag from /opt/airflow/dags/dag_estimar_riesgo_disrupcion.py
[2026-07-08T22:10:09.083-0500] {processor.py:840} INFO - DAG(s) 'aerotrack_travel_riesgo_disrupcion' retrieved from /opt/airflow/dags/dag_estimar_riesgo_disrupcion.py
[2026-07-08T22:10:09.109-0500] {logging_mixin.py:188} INFO - [2026-07-08T22:10:09.109-0500] {dag.py:3089} INFO - Sync 1 DAGs
[2026-07-08T22:10:09.124-0500] {logging_mixin.py:188} INFO - [2026-07-08T22:10:09.124-0500] {dag.py:3947} INFO - Setting next_dagrun for aerotrack_travel_riesgo_disrupcion to 2026-07-09 00:00:00+00:00, run_after=2026-07-10 00:00:00+00:00
[2026-07-08T22:10:09.140-0500] {processor.py:183} INFO - Processing /opt/airflow/dags/dag_estimar_riesgo_disrupcion.py took 0.601 seconds
[2026-07-08T22:10:39.394-0500] {processor.py:161} INFO - Started process (PID=467) to work on /opt/airflow/dags/dag_estimar_riesgo_disrupcion.py
[2026-07-08T22:10:39.395-0500] {processor.py:830} INFO - Processing file /opt/airflow/dags/dag_estimar_riesgo_disrupcion.py for tasks to queue
[2026-07-08T22:10:39.397-0500] {logging_mixin.py:188} INFO - [2026-07-08T22:10:39.397-0500] {dagbag.py:545} INFO - Filling up the DagBag from /opt/airflow/dags/dag_estimar_riesgo_disrupcion.py
[2026-07-08T22:10:40.002-0500] {processor.py:840} INFO - DAG(s) 'aerotrack_travel_riesgo_disrupcion' retrieved from /opt/airflow/dags/dag_estimar_riesgo_disrupcion.py
[2026-07-08T22:10:40.031-0500] {logging_mixin.py:188} INFO - [2026-07-08T22:10:40.031-0500] {dag.py:3089} INFO - Sync 1 DAGs
[2026-07-08T22:10:40.045-0500] {logging_mixin.py:188} INFO - [2026-07-08T22:10:40.045-0500] {dag.py:3947} INFO - Setting next_dagrun for aerotrack_travel_riesgo_disrupcion to 2026-07-09 00:00:00+00:00, run_after=2026-07-10 00:00:00+00:00
[2026-07-08T22:10:40.058-0500] {processor.py:183} INFO - Processing /opt/airflow/dags/dag_estimar_riesgo_disrupcion.py took 0.670 seconds
[2026-07-08T22:11:10.358-0500] {processor.py:161} INFO - Started process (PID=484) to work on /opt/airflow/dags/dag_estimar_riesgo_disrupcion.py
[2026-07-08T22:11:10.359-0500] {processor.py:830} INFO - Processing file /opt/airflow/dags/dag_estimar_riesgo_disrupcion.py for tasks to queue
[2026-07-08T22:11:10.360-0500] {logging_mixin.py:188} INFO - [2026-07-08T22:11:10.360-0500] {dagbag.py:545} INFO - Filling up the DagBag from /opt/airflow/dags/dag_estimar_riesgo_disrupcion.py
[2026-07-08T22:11:10.891-0500] {processor.py:840} INFO - DAG(s) 'aerotrack_travel_riesgo_disrupcion' retrieved from /opt/airflow/dags/dag_estimar_riesgo_disrupcion.py
[2026-07-08T22:11:10.917-0500] {logging_mixin.py:188} INFO - [2026-07-08T22:11:10.916-0500] {dag.py:3089} INFO - Sync 1 DAGs
[2026-07-08T22:11:10.932-0500] {logging_mixin.py:188} INFO - [2026-07-08T22:11:10.932-0500] {dag.py:3947} INFO - Setting next_dagrun for aerotrack_travel_riesgo_disrupcion to 2026-07-09 00:00:00+00:00, run_after=2026-07-10 00:00:00+00:00
[2026-07-08T22:11:10.946-0500] {processor.py:183} INFO - Processing /opt/airflow/dags/dag_estimar_riesgo_disrupcion.py took 0.592 seconds
[2026-07-08T22:11:41.183-0500] {processor.py:161} INFO - Started process (PID=501) to work on /opt/airflow/dags/dag_estimar_riesgo_disrupcion.py
[2026-07-08T22:11:41.184-0500] {processor.py:830} INFO - Processing file /opt/airflow/dags/dag_estimar_riesgo_disrupcion.py for tasks to queue
[2026-07-08T22:11:41.186-0500] {logging_mixin.py:188} INFO - [2026-07-08T22:11:41.186-0500] {dagbag.py:545} INFO - Filling up the DagBag from /opt/airflow/dags/dag_estimar_riesgo_disrupcion.py
[2026-07-08T22:11:41.734-0500] {processor.py:840} INFO - DAG(s) 'aerotrack_travel_riesgo_disrupcion' retrieved from /opt/airflow/dags/dag_estimar_riesgo_disrupcion.py
[2026-07-08T22:11:41.759-0500] {logging_mixin.py:188} INFO - [2026-07-08T22:11:41.759-0500] {dag.py:3089} INFO - Sync 1 DAGs
[2026-07-08T22:11:41.772-0500] {logging_mixin.py:188} INFO - [2026-07-08T22:11:41.771-0500] {dag.py:3947} INFO - Setting next_dagrun for aerotrack_travel_riesgo_disrupcion to 2026-07-09 00:00:00+00:00, run_after=2026-07-10 00:00:00+00:00
[2026-07-08T22:11:41.784-0500] {processor.py:183} INFO - Processing /opt/airflow/dags/dag_estimar_riesgo_disrupcion.py took 0.606 seconds
[2026-07-08T22:12:12.035-0500] {processor.py:161} INFO - Started process (PID=518) to work on /opt/airflow/dags/dag_estimar_riesgo_disrupcion.py
[2026-07-08T22:12:12.036-0500] {processor.py:830} INFO - Processing file /opt/airflow/dags/dag_estimar_riesgo_disrupcion.py for tasks to queue
[2026-07-08T22:12:12.037-0500] {logging_mixin.py:188} INFO - [2026-07-08T22:12:12.037-0500] {dagbag.py:545} INFO - Filling up the DagBag from /opt/airflow/dags/dag_estimar_riesgo_disrupcion.py
[2026-07-08T22:12:12.633-0500] {processor.py:840} INFO - DAG(s) 'aerotrack_travel_riesgo_disrupcion' retrieved from /opt/airflow/dags/dag_estimar_riesgo_disrupcion.py
[2026-07-08T22:12:12.660-0500] {logging_mixin.py:188} INFO - [2026-07-08T22:12:12.660-0500] {dag.py:3089} INFO - Sync 1 DAGs
[2026-07-08T22:12:12.674-0500] {logging_mixin.py:188} INFO - [2026-07-08T22:12:12.674-0500] {dag.py:3947} INFO - Setting next_dagrun for aerotrack_travel_riesgo_disrupcion to 2026-07-09 00:00:00+00:00, run_after=2026-07-10 00:00:00+00:00
[2026-07-08T22:12:12.687-0500] {processor.py:183} INFO - Processing /opt/airflow/dags/dag_estimar_riesgo_disrupcion.py took 0.657 seconds
[2026-07-08T22:12:42.919-0500] {processor.py:161} INFO - Started process (PID=535) to work on /opt/airflow/dags/dag_estimar_riesgo_disrupcion.py
[2026-07-08T22:12:42.920-0500] {processor.py:830} INFO - Processing file /opt/airflow/dags/dag_estimar_riesgo_disrupcion.py for tasks to queue
[2026-07-08T22:12:42.922-0500] {logging_mixin.py:188} INFO - [2026-07-08T22:12:42.922-0500] {dagbag.py:545} INFO - Filling up the DagBag from /opt/airflow/dags/dag_estimar_riesgo_disrupcion.py
[2026-07-08T22:12:43.515-0500] {processor.py:840} INFO - DAG(s) 'aerotrack_travel_riesgo_disrupcion' retrieved from /opt/airflow/dags/dag_estimar_riesgo_disrupcion.py
[2026-07-08T22:12:43.544-0500] {logging_mixin.py:188} INFO - [2026-07-08T22:12:43.544-0500] {dag.py:3089} INFO - Sync 1 DAGs
[2026-07-08T22:12:43.557-0500] {logging_mixin.py:188} INFO - [2026-07-08T22:12:43.557-0500] {dag.py:3947} INFO - Setting next_dagrun for aerotrack_travel_riesgo_disrupcion to 2026-07-09 00:00:00+00:00, run_after=2026-07-10 00:00:00+00:00
[2026-07-08T22:12:43.571-0500] {processor.py:183} INFO - Processing /opt/airflow/dags/dag_estimar_riesgo_disrupcion.py took 0.657 seconds
[2026-07-08T22:13:13.804-0500] {processor.py:161} INFO - Started process (PID=552) to work on /opt/airflow/dags/dag_estimar_riesgo_disrupcion.py
[2026-07-08T22:13:13.804-0500] {processor.py:830} INFO - Processing file /opt/airflow/dags/dag_estimar_riesgo_disrupcion.py for tasks to queue
[2026-07-08T22:13:13.806-0500] {logging_mixin.py:188} INFO - [2026-07-08T22:13:13.806-0500] {dagbag.py:545} INFO - Filling up the DagBag from /opt/airflow/dags/dag_estimar_riesgo_disrupcion.py
[2026-07-08T22:13:14.376-0500] {processor.py:840} INFO - DAG(s) 'aerotrack_travel_riesgo_disrupcion' retrieved from /opt/airflow/dags/dag_estimar_riesgo_disrupcion.py
[2026-07-08T22:13:14.399-0500] {logging_mixin.py:188} INFO - [2026-07-08T22:13:14.399-0500] {dag.py:3089} INFO - Sync 1 DAGs
[2026-07-08T22:13:14.413-0500] {logging_mixin.py:188} INFO - [2026-07-08T22:13:14.412-0500] {dag.py:3947} INFO - Setting next_dagrun for aerotrack_travel_riesgo_disrupcion to 2026-07-09 00:00:00+00:00, run_after=2026-07-10 00:00:00+00:00
[2026-07-08T22:13:14.426-0500] {processor.py:183} INFO - Processing /opt/airflow/dags/dag_estimar_riesgo_disrupcion.py took 0.627 seconds
[2026-07-08T22:13:44.641-0500] {processor.py:161} INFO - Started process (PID=569) to work on /opt/airflow/dags/dag_estimar_riesgo_disrupcion.py
[2026-07-08T22:13:44.642-0500] {processor.py:830} INFO - Processing file /opt/airflow/dags/dag_estimar_riesgo_disrupcion.py for tasks to queue
[2026-07-08T22:13:44.644-0500] {logging_mixin.py:188} INFO - [2026-07-08T22:13:44.644-0500] {dagbag.py:545} INFO - Filling up the DagBag from /opt/airflow/dags/dag_estimar_riesgo_disrupcion.py
[2026-07-08T22:13:45.208-0500] {processor.py:840} INFO - DAG(s) 'aerotrack_travel_riesgo_disrupcion' retrieved from /opt/airflow/dags/dag_estimar_riesgo_disrupcion.py
[2026-07-08T22:13:45.236-0500] {logging_mixin.py:188} INFO - [2026-07-08T22:13:45.236-0500] {dag.py:3089} INFO - Sync 1 DAGs
[2026-07-08T22:13:45.249-0500] {logging_mixin.py:188} INFO - [2026-07-08T22:13:45.249-0500] {dag.py:3947} INFO - Setting next_dagrun for aerotrack_travel_riesgo_disrupcion to 2026-07-09 00:00:00+00:00, run_after=2026-07-10 00:00:00+00:00
[2026-07-08T22:13:45.262-0500] {processor.py:183} INFO - Processing /opt/airflow/dags/dag_estimar_riesgo_disrupcion.py took 0.625 seconds
[2026-07-08T22:14:15.506-0500] {processor.py:161} INFO - Started process (PID=586) to work on /opt/airflow/dags/dag_estimar_riesgo_disrupcion.py
[2026-07-08T22:14:15.507-0500] {processor.py:830} INFO - Processing file /opt/airflow/dags/dag_estimar_riesgo_disrupcion.py for tasks to queue
[2026-07-08T22:14:15.509-0500] {logging_mixin.py:188} INFO - [2026-07-08T22:14:15.508-0500] {dagbag.py:545} INFO - Filling up the DagBag from /opt/airflow/dags/dag_estimar_riesgo_disrupcion.py
[2026-07-08T22:14:16.044-0500] {processor.py:840} INFO - DAG(s) 'aerotrack_travel_riesgo_disrupcion' retrieved from /opt/airflow/dags/dag_estimar_riesgo_disrupcion.py
[2026-07-08T22:14:16.067-0500] {logging_mixin.py:188} INFO - [2026-07-08T22:14:16.067-0500] {dag.py:3089} INFO - Sync 1 DAGs
[2026-07-08T22:14:16.081-0500] {logging_mixin.py:188} INFO - [2026-07-08T22:14:16.081-0500] {dag.py:3947} INFO - Setting next_dagrun for aerotrack_travel_riesgo_disrupcion to 2026-07-09 00:00:00+00:00, run_after=2026-07-10 00:00:00+00:00
[2026-07-08T22:14:16.095-0500] {processor.py:183} INFO - Processing /opt/airflow/dags/dag_estimar_riesgo_disrupcion.py took 0.594 seconds
[2026-07-08T22:14:46.342-0500] {processor.py:161} INFO - Started process (PID=603) to work on /opt/airflow/dags/dag_estimar_riesgo_disrupcion.py
[2026-07-08T22:14:46.343-0500] {processor.py:830} INFO - Processing file /opt/airflow/dags/dag_estimar_riesgo_disrupcion.py for tasks to queue
[2026-07-08T22:14:46.345-0500] {logging_mixin.py:188} INFO - [2026-07-08T22:14:46.344-0500] {dagbag.py:545} INFO - Filling up the DagBag from /opt/airflow/dags/dag_estimar_riesgo_disrupcion.py
[2026-07-08T22:14:46.863-0500] {processor.py:840} INFO - DAG(s) 'aerotrack_travel_riesgo_disrupcion' retrieved from /opt/airflow/dags/dag_estimar_riesgo_disrupcion.py
[2026-07-08T22:14:46.889-0500] {logging_mixin.py:188} INFO - [2026-07-08T22:14:46.889-0500] {dag.py:3089} INFO - Sync 1 DAGs
[2026-07-08T22:14:46.903-0500] {logging_mixin.py:188} INFO - [2026-07-08T22:14:46.903-0500] {dag.py:3947} INFO - Setting next_dagrun for aerotrack_travel_riesgo_disrupcion to 2026-07-09 00:00:00+00:00, run_after=2026-07-10 00:00:00+00:00
[2026-07-08T22:14:46.918-0500] {processor.py:183} INFO - Processing /opt/airflow/dags/dag_estimar_riesgo_disrupcion.py took 0.581 seconds
[2026-07-08T22:15:17.163-0500] {processor.py:161} INFO - Started process (PID=620) to work on /opt/airflow/dags/dag_estimar_riesgo_disrupcion.py
[2026-07-08T22:15:17.165-0500] {processor.py:830} INFO - Processing file /opt/airflow/dags/dag_estimar_riesgo_disrupcion.py for tasks to queue
[2026-07-08T22:15:17.166-0500] {logging_mixin.py:188} INFO - [2026-07-08T22:15:17.166-0500] {dagbag.py:545} INFO - Filling up the DagBag from /opt/airflow/dags/dag_estimar_riesgo_disrupcion.py
[2026-07-08T22:15:17.703-0500] {processor.py:840} INFO - DAG(s) 'aerotrack_travel_riesgo_disrupcion' retrieved from /opt/airflow/dags/dag_estimar_riesgo_disrupcion.py
[2026-07-08T22:15:17.730-0500] {logging_mixin.py:188} INFO - [2026-07-08T22:15:17.729-0500] {dag.py:3089} INFO - Sync 1 DAGs
[2026-07-08T22:15:17.744-0500] {logging_mixin.py:188} INFO - [2026-07-08T22:15:17.744-0500] {dag.py:3947} INFO - Setting next_dagrun for aerotrack_travel_riesgo_disrupcion to 2026-07-09 00:00:00+00:00, run_after=2026-07-10 00:00:00+00:00
[2026-07-08T22:15:17.758-0500] {processor.py:183} INFO - Processing /opt/airflow/dags/dag_estimar_riesgo_disrupcion.py took 0.599 seconds
[2026-07-08T22:15:47.989-0500] {processor.py:161} INFO - Started process (PID=637) to work on /opt/airflow/dags/dag_estimar_riesgo_disrupcion.py
[2026-07-08T22:15:47.990-0500] {processor.py:830} INFO - Processing file /opt/airflow/dags/dag_estimar_riesgo_disrupcion.py for tasks to queue
[2026-07-08T22:15:47.992-0500] {logging_mixin.py:188} INFO - [2026-07-08T22:15:47.992-0500] {dagbag.py:545} INFO - Filling up the DagBag from /opt/airflow/dags/dag_estimar_riesgo_disrupcion.py
[2026-07-08T22:15:48.592-0500] {processor.py:840} INFO - DAG(s) 'aerotrack_travel_riesgo_disrupcion' retrieved from /opt/airflow/dags/dag_estimar_riesgo_disrupcion.py
[2026-07-08T22:15:48.613-0500] {logging_mixin.py:188} INFO - [2026-07-08T22:15:48.613-0500] {dag.py:3089} INFO - Sync 1 DAGs
[2026-07-08T22:15:48.629-0500] {logging_mixin.py:188} INFO - [2026-07-08T22:15:48.629-0500] {dag.py:3947} INFO - Setting next_dagrun for aerotrack_travel_riesgo_disrupcion to 2026-07-09 00:00:00+00:00, run_after=2026-07-10 00:00:00+00:00
[2026-07-08T22:15:48.644-0500] {processor.py:183} INFO - Processing /opt/airflow/dags/dag_estimar_riesgo_disrupcion.py took 0.661 seconds
[2026-07-08T22:16:18.944-0500] {processor.py:161} INFO - Started process (PID=654) to work on /opt/airflow/dags/dag_estimar_riesgo_disrupcion.py
[2026-07-08T22:16:18.945-0500] {processor.py:830} INFO - Processing file /opt/airflow/dags/dag_estimar_riesgo_disrupcion.py for tasks to queue
[2026-07-08T22:16:18.947-0500] {logging_mixin.py:188} INFO - [2026-07-08T22:16:18.946-0500] {dagbag.py:545} INFO - Filling up the DagBag from /opt/airflow/dags/dag_estimar_riesgo_disrupcion.py
[2026-07-08T22:16:19.557-0500] {processor.py:840} INFO - DAG(s) 'aerotrack_travel_riesgo_disrupcion' retrieved from /opt/airflow/dags/dag_estimar_riesgo_disrupcion.py
[2026-07-08T22:16:19.585-0500] {logging_mixin.py:188} INFO - [2026-07-08T22:16:19.584-0500] {dag.py:3089} INFO - Sync 1 DAGs
[2026-07-08T22:16:19.600-0500] {logging_mixin.py:188} INFO - [2026-07-08T22:16:19.600-0500] {dag.py:3947} INFO - Setting next_dagrun for aerotrack_travel_riesgo_disrupcion to 2026-07-09 00:00:00+00:00, run_after=2026-07-10 00:00:00+00:00
[2026-07-08T22:16:19.614-0500] {processor.py:183} INFO - Processing /opt/airflow/dags/dag_estimar_riesgo_disrupcion.py took 0.675 seconds
[2026-07-08T22:16:49.846-0500] {processor.py:161} INFO - Started process (PID=671) to work on /opt/airflow/dags/dag_estimar_riesgo_disrupcion.py
[2026-07-08T22:16:49.847-0500] {processor.py:830} INFO - Processing file /opt/airflow/dags/dag_estimar_riesgo_disrupcion.py for tasks to queue
[2026-07-08T22:16:49.848-0500] {logging_mixin.py:188} INFO - [2026-07-08T22:16:49.848-0500] {dagbag.py:545} INFO - Filling up the DagBag from /opt/airflow/dags/dag_estimar_riesgo_disrupcion.py
[2026-07-08T22:16:50.443-0500] {processor.py:840} INFO - DAG(s) 'aerotrack_travel_riesgo_disrupcion' retrieved from /opt/airflow/dags/dag_estimar_riesgo_disrupcion.py
[2026-07-08T22:16:50.486-0500] {logging_mixin.py:188} INFO - [2026-07-08T22:16:50.485-0500] {dag.py:3089} INFO - Sync 1 DAGs
[2026-07-08T22:16:50.509-0500] {logging_mixin.py:188} INFO - [2026-07-08T22:16:50.509-0500] {dag.py:3947} INFO - Setting next_dagrun for aerotrack_travel_riesgo_disrupcion to 2026-07-09 00:00:00+00:00, run_after=2026-07-10 00:00:00+00:00
[2026-07-08T22:16:50.529-0500] {processor.py:183} INFO - Processing /opt/airflow/dags/dag_estimar_riesgo_disrupcion.py took 0.687 seconds
[2026-07-08T22:17:20.756-0500] {processor.py:161} INFO - Started process (PID=688) to work on /opt/airflow/dags/dag_estimar_riesgo_disrupcion.py
[2026-07-08T22:17:20.757-0500] {processor.py:830} INFO - Processing file /opt/airflow/dags/dag_estimar_riesgo_disrupcion.py for tasks to queue
[2026-07-08T22:17:20.758-0500] {logging_mixin.py:188} INFO - [2026-07-08T22:17:20.758-0500] {dagbag.py:545} INFO - Filling up the DagBag from /opt/airflow/dags/dag_estimar_riesgo_disrupcion.py
[2026-07-08T22:17:21.294-0500] {processor.py:840} INFO - DAG(s) 'aerotrack_travel_riesgo_disrupcion' retrieved from /opt/airflow/dags/dag_estimar_riesgo_disrupcion.py
[2026-07-08T22:17:21.319-0500] {logging_mixin.py:188} INFO - [2026-07-08T22:17:21.319-0500] {dag.py:3089} INFO - Sync 1 DAGs
[2026-07-08T22:17:21.332-0500] {logging_mixin.py:188} INFO - [2026-07-08T22:17:21.332-0500] {dag.py:3947} INFO - Setting next_dagrun for aerotrack_travel_riesgo_disrupcion to 2026-07-09 00:00:00+00:00, run_after=2026-07-10 00:00:00+00:00
[2026-07-08T22:17:21.345-0500] {processor.py:183} INFO - Processing /opt/airflow/dags/dag_estimar_riesgo_disrupcion.py took 0.594 seconds
[2026-07-08T22:17:51.578-0500] {processor.py:161} INFO - Started process (PID=705) to work on /opt/airflow/dags/dag_estimar_riesgo_disrupcion.py
[2026-07-08T22:17:51.579-0500] {processor.py:830} INFO - Processing file /opt/airflow/dags/dag_estimar_riesgo_disrupcion.py for tasks to queue
[2026-07-08T22:17:51.581-0500] {logging_mixin.py:188} INFO - [2026-07-08T22:17:51.580-0500] {dagbag.py:545} INFO - Filling up the DagBag from /opt/airflow/dags/dag_estimar_riesgo_disrupcion.py
[2026-07-08T22:17:52.219-0500] {processor.py:840} INFO - DAG(s) 'aerotrack_travel_riesgo_disrupcion' retrieved from /opt/airflow/dags/dag_estimar_riesgo_disrupcion.py
[2026-07-08T22:17:52.244-0500] {logging_mixin.py:188} INFO - [2026-07-08T22:17:52.244-0500] {dag.py:3089} INFO - Sync 1 DAGs
[2026-07-08T22:17:52.259-0500] {logging_mixin.py:188} INFO - [2026-07-08T22:17:52.259-0500] {dag.py:3947} INFO - Setting next_dagrun for aerotrack_travel_riesgo_disrupcion to 2026-07-09 00:00:00+00:00, run_after=2026-07-10 00:00:00+00:00
[2026-07-08T22:17:52.277-0500] {processor.py:183} INFO - Processing /opt/airflow/dags/dag_estimar_riesgo_disrupcion.py took 0.704 seconds
[2026-07-08T22:18:22.500-0500] {processor.py:161} INFO - Started process (PID=722) to work on /opt/airflow/dags/dag_estimar_riesgo_disrupcion.py
[2026-07-08T22:18:22.501-0500] {processor.py:830} INFO - Processing file /opt/airflow/dags/dag_estimar_riesgo_disrupcion.py for tasks to queue
[2026-07-08T22:18:22.503-0500] {logging_mixin.py:188} INFO - [2026-07-08T22:18:22.503-0500] {dagbag.py:545} INFO - Filling up the DagBag from /opt/airflow/dags/dag_estimar_riesgo_disrupcion.py
[2026-07-08T22:18:23.131-0500] {processor.py:840} INFO - DAG(s) 'aerotrack_travel_riesgo_disrupcion' retrieved from /opt/airflow/dags/dag_estimar_riesgo_disrupcion.py
[2026-07-08T22:18:23.161-0500] {logging_mixin.py:188} INFO - [2026-07-08T22:18:23.161-0500] {dag.py:3089} INFO - Sync 1 DAGs
[2026-07-08T22:18:23.177-0500] {logging_mixin.py:188} INFO - [2026-07-08T22:18:23.177-0500] {dag.py:3947} INFO - Setting next_dagrun for aerotrack_travel_riesgo_disrupcion to 2026-07-09 00:00:00+00:00, run_after=2026-07-10 00:00:00+00:00
[2026-07-08T22:18:23.192-0500] {processor.py:183} INFO - Processing /opt/airflow/dags/dag_estimar_riesgo_disrupcion.py took 0.697 seconds
[2026-07-08T22:18:53.427-0500] {processor.py:161} INFO - Started process (PID=739) to work on /opt/airflow/dags/dag_estimar_riesgo_disrupcion.py
[2026-07-08T22:18:53.428-0500] {processor.py:830} INFO - Processing file /opt/airflow/dags/dag_estimar_riesgo_disrupcion.py for tasks to queue
[2026-07-08T22:18:53.433-0500] {logging_mixin.py:188} INFO - [2026-07-08T22:18:53.433-0500] {dagbag.py:545} INFO - Filling up the DagBag from /opt/airflow/dags/dag_estimar_riesgo_disrupcion.py
[2026-07-08T22:18:53.977-0500] {processor.py:840} INFO - DAG(s) 'aerotrack_travel_riesgo_disrupcion' retrieved from /opt/airflow/dags/dag_estimar_riesgo_disrupcion.py
[2026-07-08T22:18:53.999-0500] {logging_mixin.py:188} INFO - [2026-07-08T22:18:53.999-0500] {dag.py:3089} INFO - Sync 1 DAGs
[2026-07-08T22:18:54.013-0500] {logging_mixin.py:188} INFO - [2026-07-08T22:18:54.013-0500] {dag.py:3947} INFO - Setting next_dagrun for aerotrack_travel_riesgo_disrupcion to 2026-07-09 00:00:00+00:00, run_after=2026-07-10 00:00:00+00:00
[2026-07-08T22:18:54.028-0500] {processor.py:183} INFO - Processing /opt/airflow/dags/dag_estimar_riesgo_disrupcion.py took 0.605 seconds
[2026-07-08T22:19:24.269-0500] {processor.py:161} INFO - Started process (PID=756) to work on /opt/airflow/dags/dag_estimar_riesgo_disrupcion.py
[2026-07-08T22:19:24.270-0500] {processor.py:830} INFO - Processing file /opt/airflow/dags/dag_estimar_riesgo_disrupcion.py for tasks to queue
[2026-07-08T22:19:24.272-0500] {logging_mixin.py:188} INFO - [2026-07-08T22:19:24.272-0500] {dagbag.py:545} INFO - Filling up the DagBag from /opt/airflow/dags/dag_estimar_riesgo_disrupcion.py
[2026-07-08T22:19:24.816-0500] {processor.py:840} INFO - DAG(s) 'aerotrack_travel_riesgo_disrupcion' retrieved from /opt/airflow/dags/dag_estimar_riesgo_disrupcion.py
[2026-07-08T22:19:24.848-0500] {logging_mixin.py:188} INFO - [2026-07-08T22:19:24.847-0500] {dag.py:3089} INFO - Sync 1 DAGs
[2026-07-08T22:19:24.868-0500] {logging_mixin.py:188} INFO - [2026-07-08T22:19:24.867-0500] {dag.py:3947} INFO - Setting next_dagrun for aerotrack_travel_riesgo_disrupcion to 2026-07-09 00:00:00+00:00, run_after=2026-07-10 00:00:00+00:00
[2026-07-08T22:19:24.885-0500] {processor.py:183} INFO - Processing /opt/airflow/dags/dag_estimar_riesgo_disrupcion.py took 0.621 seconds
[2026-07-08T22:19:55.118-0500] {processor.py:161} INFO - Started process (PID=773) to work on /opt/airflow/dags/dag_estimar_riesgo_disrupcion.py
[2026-07-08T22:19:55.119-0500] {processor.py:830} INFO - Processing file /opt/airflow/dags/dag_estimar_riesgo_disrupcion.py for tasks to queue
[2026-07-08T22:19:55.120-0500] {logging_mixin.py:188} INFO - [2026-07-08T22:19:55.120-0500] {dagbag.py:545} INFO - Filling up the DagBag from /opt/airflow/dags/dag_estimar_riesgo_disrupcion.py
[2026-07-08T22:19:55.644-0500] {processor.py:840} INFO - DAG(s) 'aerotrack_travel_riesgo_disrupcion' retrieved from /opt/airflow/dags/dag_estimar_riesgo_disrupcion.py
[2026-07-08T22:19:55.673-0500] {logging_mixin.py:188} INFO - [2026-07-08T22:19:55.673-0500] {dag.py:3089} INFO - Sync 1 DAGs
[2026-07-08T22:19:55.688-0500] {logging_mixin.py:188} INFO - [2026-07-08T22:19:55.688-0500] {dag.py:3947} INFO - Setting next_dagrun for aerotrack_travel_riesgo_disrupcion to 2026-07-09 00:00:00+00:00, run_after=2026-07-10 00:00:00+00:00
[2026-07-08T22:19:55.705-0500] {processor.py:183} INFO - Processing /opt/airflow/dags/dag_estimar_riesgo_disrupcion.py took 0.592 seconds
[2026-07-08T22:20:26.011-0500] {processor.py:161} INFO - Started process (PID=790) to work on /opt/airflow/dags/dag_estimar_riesgo_disrupcion.py
[2026-07-08T22:20:26.012-0500] {processor.py:830} INFO - Processing file /opt/airflow/dags/dag_estimar_riesgo_disrupcion.py for tasks to queue
[2026-07-08T22:20:26.013-0500] {logging_mixin.py:188} INFO - [2026-07-08T22:20:26.013-0500] {dagbag.py:545} INFO - Filling up the DagBag from /opt/airflow/dags/dag_estimar_riesgo_disrupcion.py
[2026-07-08T22:20:26.578-0500] {processor.py:840} INFO - DAG(s) 'aerotrack_travel_riesgo_disrupcion' retrieved from /opt/airflow/dags/dag_estimar_riesgo_disrupcion.py
[2026-07-08T22:20:26.606-0500] {logging_mixin.py:188} INFO - [2026-07-08T22:20:26.606-0500] {dag.py:3089} INFO - Sync 1 DAGs
[2026-07-08T22:20:26.622-0500] {logging_mixin.py:188} INFO - [2026-07-08T22:20:26.622-0500] {dag.py:3947} INFO - Setting next_dagrun for aerotrack_travel_riesgo_disrupcion to 2026-07-09 00:00:00+00:00, run_after=2026-07-10 00:00:00+00:00
[2026-07-08T22:20:26.637-0500] {processor.py:183} INFO - Processing /opt/airflow/dags/dag_estimar_riesgo_disrupcion.py took 0.632 seconds
[2026-07-08T22:20:56.878-0500] {processor.py:161} INFO - Started process (PID=807) to work on /opt/airflow/dags/dag_estimar_riesgo_disrupcion.py
[2026-07-08T22:20:56.879-0500] {processor.py:830} INFO - Processing file /opt/airflow/dags/dag_estimar_riesgo_disrupcion.py for tasks to queue
[2026-07-08T22:20:56.881-0500] {logging_mixin.py:188} INFO - [2026-07-08T22:20:56.881-0500] {dagbag.py:545} INFO - Filling up the DagBag from /opt/airflow/dags/dag_estimar_riesgo_disrupcion.py
[2026-07-08T22:20:57.364-0500] {processor.py:840} INFO - DAG(s) 'aerotrack_travel_riesgo_disrupcion' retrieved from /opt/airflow/dags/dag_estimar_riesgo_disrupcion.py
[2026-07-08T22:20:57.385-0500] {logging_mixin.py:188} INFO - [2026-07-08T22:20:57.385-0500] {dag.py:3089} INFO - Sync 1 DAGs
[2026-07-08T22:20:57.398-0500] {logging_mixin.py:188} INFO - [2026-07-08T22:20:57.398-0500] {dag.py:3947} INFO - Setting next_dagrun for aerotrack_travel_riesgo_disrupcion to 2026-07-09 00:00:00+00:00, run_after=2026-07-10 00:00:00+00:00
[2026-07-08T22:20:57.413-0500] {processor.py:183} INFO - Processing /opt/airflow/dags/dag_estimar_riesgo_disrupcion.py took 0.540 seconds
[2026-07-08T22:21:27.697-0500] {processor.py:161} INFO - Started process (PID=824) to work on /opt/airflow/dags/dag_estimar_riesgo_disrupcion.py
[2026-07-08T22:21:27.702-0500] {processor.py:830} INFO - Processing file /opt/airflow/dags/dag_estimar_riesgo_disrupcion.py for tasks to queue
[2026-07-08T22:21:27.703-0500] {logging_mixin.py:188} INFO - [2026-07-08T22:21:27.703-0500] {dagbag.py:545} INFO - Filling up the DagBag from /opt/airflow/dags/dag_estimar_riesgo_disrupcion.py
[2026-07-08T22:21:28.232-0500] {processor.py:840} INFO - DAG(s) 'aerotrack_travel_riesgo_disrupcion' retrieved from /opt/airflow/dags/dag_estimar_riesgo_disrupcion.py
[2026-07-08T22:21:28.261-0500] {logging_mixin.py:188} INFO - [2026-07-08T22:21:28.261-0500] {dag.py:3089} INFO - Sync 1 DAGs
[2026-07-08T22:21:28.277-0500] {logging_mixin.py:188} INFO - [2026-07-08T22:21:28.277-0500] {dag.py:3947} INFO - Setting next_dagrun for aerotrack_travel_riesgo_disrupcion to 2026-07-09 00:00:00+00:00, run_after=2026-07-10 00:00:00+00:00
[2026-07-08T22:21:28.291-0500] {processor.py:183} INFO - Processing /opt/airflow/dags/dag_estimar_riesgo_disrupcion.py took 0.598 seconds
[2026-07-08T22:21:58.550-0500] {processor.py:161} INFO - Started process (PID=841) to work on /opt/airflow/dags/dag_estimar_riesgo_disrupcion.py
[2026-07-08T22:21:58.551-0500] {processor.py:830} INFO - Processing file /opt/airflow/dags/dag_estimar_riesgo_disrupcion.py for tasks to queue
[2026-07-08T22:21:58.552-0500] {logging_mixin.py:188} INFO - [2026-07-08T22:21:58.552-0500] {dagbag.py:545} INFO - Filling up the DagBag from /opt/airflow/dags/dag_estimar_riesgo_disrupcion.py
[2026-07-08T22:21:59.064-0500] {processor.py:840} INFO - DAG(s) 'aerotrack_travel_riesgo_disrupcion' retrieved from /opt/airflow/dags/dag_estimar_riesgo_disrupcion.py
[2026-07-08T22:21:59.087-0500] {logging_mixin.py:188} INFO - [2026-07-08T22:21:59.087-0500] {dag.py:3089} INFO - Sync 1 DAGs
[2026-07-08T22:21:59.101-0500] {logging_mixin.py:188} INFO - [2026-07-08T22:21:59.101-0500] {dag.py:3947} INFO - Setting next_dagrun for aerotrack_travel_riesgo_disrupcion to 2026-07-09 00:00:00+00:00, run_after=2026-07-10 00:00:00+00:00
[2026-07-08T22:21:59.113-0500] {processor.py:183} INFO - Processing /opt/airflow/dags/dag_estimar_riesgo_disrupcion.py took 0.568 seconds
[2026-07-08T22:22:29.374-0500] {processor.py:161} INFO - Started process (PID=858) to work on /opt/airflow/dags/dag_estimar_riesgo_disrupcion.py
[2026-07-08T22:22:29.375-0500] {processor.py:830} INFO - Processing file /opt/airflow/dags/dag_estimar_riesgo_disrupcion.py for tasks to queue
[2026-07-08T22:22:29.377-0500] {logging_mixin.py:188} INFO - [2026-07-08T22:22:29.377-0500] {dagbag.py:545} INFO - Filling up the DagBag from /opt/airflow/dags/dag_estimar_riesgo_disrupcion.py
[2026-07-08T22:22:29.966-0500] {processor.py:840} INFO - DAG(s) 'aerotrack_travel_riesgo_disrupcion' retrieved from /opt/airflow/dags/dag_estimar_riesgo_disrupcion.py
[2026-07-08T22:22:29.997-0500] {logging_mixin.py:188} INFO - [2026-07-08T22:22:29.996-0500] {dag.py:3089} INFO - Sync 1 DAGs
[2026-07-08T22:22:30.012-0500] {logging_mixin.py:188} INFO - [2026-07-08T22:22:30.012-0500] {dag.py:3947} INFO - Setting next_dagrun for aerotrack_travel_riesgo_disrupcion to 2026-07-09 00:00:00+00:00, run_after=2026-07-10 00:00:00+00:00
[2026-07-08T22:22:30.025-0500] {processor.py:183} INFO - Processing /opt/airflow/dags/dag_estimar_riesgo_disrupcion.py took 0.657 seconds
[2026-07-08T22:23:00.288-0500] {processor.py:161} INFO - Started process (PID=875) to work on /opt/airflow/dags/dag_estimar_riesgo_disrupcion.py
[2026-07-08T22:23:00.289-0500] {processor.py:830} INFO - Processing file /opt/airflow/dags/dag_estimar_riesgo_disrupcion.py for tasks to queue
[2026-07-08T22:23:00.291-0500] {logging_mixin.py:188} INFO - [2026-07-08T22:23:00.291-0500] {dagbag.py:545} INFO - Filling up the DagBag from /opt/airflow/dags/dag_estimar_riesgo_disrupcion.py
[2026-07-08T22:23:00.993-0500] {processor.py:840} INFO - DAG(s) 'aerotrack_travel_riesgo_disrupcion' retrieved from /opt/airflow/dags/dag_estimar_riesgo_disrupcion.py
[2026-07-08T22:23:01.023-0500] {logging_mixin.py:188} INFO - [2026-07-08T22:23:01.022-0500] {dag.py:3089} INFO - Sync 1 DAGs
[2026-07-08T22:23:01.039-0500] {logging_mixin.py:188} INFO - [2026-07-08T22:23:01.038-0500] {dag.py:3947} INFO - Setting next_dagrun for aerotrack_travel_riesgo_disrupcion to 2026-07-09 00:00:00+00:00, run_after=2026-07-10 00:00:00+00:00
[2026-07-08T22:23:01.063-0500] {processor.py:183} INFO - Processing /opt/airflow/dags/dag_estimar_riesgo_disrupcion.py took 0.780 seconds
[2026-07-08T22:23:31.327-0500] {processor.py:161} INFO - Started process (PID=892) to work on /opt/airflow/dags/dag_estimar_riesgo_disrupcion.py
[2026-07-08T22:23:31.328-0500] {processor.py:830} INFO - Processing file /opt/airflow/dags/dag_estimar_riesgo_disrupcion.py for tasks to queue
[2026-07-08T22:23:31.330-0500] {logging_mixin.py:188} INFO - [2026-07-08T22:23:31.329-0500] {dagbag.py:545} INFO - Filling up the DagBag from /opt/airflow/dags/dag_estimar_riesgo_disrupcion.py
[2026-07-08T22:23:32.028-0500] {processor.py:840} INFO - DAG(s) 'aerotrack_travel_riesgo_disrupcion' retrieved from /opt/airflow/dags/dag_estimar_riesgo_disrupcion.py
[2026-07-08T22:23:32.061-0500] {logging_mixin.py:188} INFO - [2026-07-08T22:23:32.060-0500] {dag.py:3089} INFO - Sync 1 DAGs
[2026-07-08T22:23:32.080-0500] {logging_mixin.py:188} INFO - [2026-07-08T22:23:32.080-0500] {dag.py:3947} INFO - Setting next_dagrun for aerotrack_travel_riesgo_disrupcion to 2026-07-09 00:00:00+00:00, run_after=2026-07-10 00:00:00+00:00
[2026-07-08T22:23:32.099-0500] {processor.py:183} INFO - Processing /opt/airflow/dags/dag_estimar_riesgo_disrupcion.py took 0.777 seconds
[2026-07-08T22:24:02.357-0500] {processor.py:161} INFO - Started process (PID=909) to work on /opt/airflow/dags/dag_estimar_riesgo_disrupcion.py
[2026-07-08T22:24:02.358-0500] {processor.py:830} INFO - Processing file /opt/airflow/dags/dag_estimar_riesgo_disrupcion.py for tasks to queue
[2026-07-08T22:24:02.361-0500] {logging_mixin.py:188} INFO - [2026-07-08T22:24:02.360-0500] {dagbag.py:545} INFO - Filling up the DagBag from /opt/airflow/dags/dag_estimar_riesgo_disrupcion.py
[2026-07-08T22:24:03.112-0500] {processor.py:840} INFO - DAG(s) 'aerotrack_travel_riesgo_disrupcion' retrieved from /opt/airflow/dags/dag_estimar_riesgo_disrupcion.py
[2026-07-08T22:24:03.165-0500] {logging_mixin.py:188} INFO - [2026-07-08T22:24:03.164-0500] {dag.py:3089} INFO - Sync 1 DAGs
[2026-07-08T22:24:03.192-0500] {logging_mixin.py:188} INFO - [2026-07-08T22:24:03.191-0500] {dag.py:3947} INFO - Setting next_dagrun for aerotrack_travel_riesgo_disrupcion to 2026-07-09 00:00:00+00:00, run_after=2026-07-10 00:00:00+00:00
[2026-07-08T22:24:03.266-0500] {processor.py:183} INFO - Processing /opt/airflow/dags/dag_estimar_riesgo_disrupcion.py took 0.914 seconds
[2026-07-08T22:24:33.612-0500] {processor.py:161} INFO - Started process (PID=926) to work on /opt/airflow/dags/dag_estimar_riesgo_disrupcion.py
[2026-07-08T22:24:33.612-0500] {processor.py:830} INFO - Processing file /opt/airflow/dags/dag_estimar_riesgo_disrupcion.py for tasks to queue
[2026-07-08T22:24:33.614-0500] {logging_mixin.py:188} INFO - [2026-07-08T22:24:33.614-0500] {dagbag.py:545} INFO - Filling up the DagBag from /opt/airflow/dags/dag_estimar_riesgo_disrupcion.py
[2026-07-08T22:24:34.136-0500] {processor.py:840} INFO - DAG(s) 'aerotrack_travel_riesgo_disrupcion' retrieved from /opt/airflow/dags/dag_estimar_riesgo_disrupcion.py
[2026-07-08T22:24:34.158-0500] {logging_mixin.py:188} INFO - [2026-07-08T22:24:34.158-0500] {dag.py:3089} INFO - Sync 1 DAGs
[2026-07-08T22:24:34.174-0500] {logging_mixin.py:188} INFO - [2026-07-08T22:24:34.174-0500] {dag.py:3947} INFO - Setting next_dagrun for aerotrack_travel_riesgo_disrupcion to 2026-07-09 00:00:00+00:00, run_after=2026-07-10 00:00:00+00:00
[2026-07-08T22:24:34.210-0500] {processor.py:183} INFO - Processing /opt/airflow/dags/dag_estimar_riesgo_disrupcion.py took 0.604 seconds
[2026-07-08T22:25:04.457-0500] {processor.py:161} INFO - Started process (PID=943) to work on /opt/airflow/dags/dag_estimar_riesgo_disrupcion.py
[2026-07-08T22:25:04.458-0500] {processor.py:830} INFO - Processing file /opt/airflow/dags/dag_estimar_riesgo_disrupcion.py for tasks to queue
[2026-07-08T22:25:04.460-0500] {logging_mixin.py:188} INFO - [2026-07-08T22:25:04.460-0500] {dagbag.py:545} INFO - Filling up the DagBag from /opt/airflow/dags/dag_estimar_riesgo_disrupcion.py
[2026-07-08T22:25:04.972-0500] {processor.py:840} INFO - DAG(s) 'aerotrack_travel_riesgo_disrupcion' retrieved from /opt/airflow/dags/dag_estimar_riesgo_disrupcion.py
[2026-07-08T22:25:05.001-0500] {logging_mixin.py:188} INFO - [2026-07-08T22:25:05.001-0500] {dag.py:3089} INFO - Sync 1 DAGs
[2026-07-08T22:25:05.017-0500] {logging_mixin.py:188} INFO - [2026-07-08T22:25:05.016-0500] {dag.py:3947} INFO - Setting next_dagrun for aerotrack_travel_riesgo_disrupcion to 2026-07-09 00:00:00+00:00, run_after=2026-07-10 00:00:00+00:00
[2026-07-08T22:25:05.032-0500] {processor.py:183} INFO - Processing /opt/airflow/dags/dag_estimar_riesgo_disrupcion.py took 0.579 seconds
[2026-07-08T22:25:35.276-0500] {processor.py:161} INFO - Started process (PID=960) to work on /opt/airflow/dags/dag_estimar_riesgo_disrupcion.py
[2026-07-08T22:25:35.277-0500] {processor.py:830} INFO - Processing file /opt/airflow/dags/dag_estimar_riesgo_disrupcion.py for tasks to queue
[2026-07-08T22:25:35.279-0500] {logging_mixin.py:188} INFO - [2026-07-08T22:25:35.279-0500] {dagbag.py:545} INFO - Filling up the DagBag from /opt/airflow/dags/dag_estimar_riesgo_disrupcion.py
[2026-07-08T22:25:35.795-0500] {processor.py:840} INFO - DAG(s) 'aerotrack_travel_riesgo_disrupcion' retrieved from /opt/airflow/dags/dag_estimar_riesgo_disrupcion.py
[2026-07-08T22:25:35.825-0500] {logging_mixin.py:188} INFO - [2026-07-08T22:25:35.825-0500] {dag.py:3089} INFO - Sync 1 DAGs
[2026-07-08T22:25:35.841-0500] {logging_mixin.py:188} INFO - [2026-07-08T22:25:35.840-0500] {dag.py:3947} INFO - Setting next_dagrun for aerotrack_travel_riesgo_disrupcion to 2026-07-09 00:00:00+00:00, run_after=2026-07-10 00:00:00+00:00
[2026-07-08T22:25:35.855-0500] {processor.py:183} INFO - Processing /opt/airflow/dags/dag_estimar_riesgo_disrupcion.py took 0.583 seconds
[2026-07-08T22:26:06.194-0500] {processor.py:161} INFO - Started process (PID=977) to work on /opt/airflow/dags/dag_estimar_riesgo_disrupcion.py
[2026-07-08T22:26:06.195-0500] {processor.py:830} INFO - Processing file /opt/airflow/dags/dag_estimar_riesgo_disrupcion.py for tasks to queue
[2026-07-08T22:26:06.197-0500] {logging_mixin.py:188} INFO - [2026-07-08T22:26:06.196-0500] {dagbag.py:545} INFO - Filling up the DagBag from /opt/airflow/dags/dag_estimar_riesgo_disrupcion.py
[2026-07-08T22:26:06.798-0500] {processor.py:840} INFO - DAG(s) 'aerotrack_travel_riesgo_disrupcion' retrieved from /opt/airflow/dags/dag_estimar_riesgo_disrupcion.py
[2026-07-08T22:26:06.825-0500] {logging_mixin.py:188} INFO - [2026-07-08T22:26:06.824-0500] {dag.py:3089} INFO - Sync 1 DAGs
[2026-07-08T22:26:06.839-0500] {logging_mixin.py:188} INFO - [2026-07-08T22:26:06.839-0500] {dag.py:3947} INFO - Setting next_dagrun for aerotrack_travel_riesgo_disrupcion to 2026-07-09 00:00:00+00:00, run_after=2026-07-10 00:00:00+00:00
[2026-07-08T22:26:06.855-0500] {processor.py:183} INFO - Processing /opt/airflow/dags/dag_estimar_riesgo_disrupcion.py took 0.667 seconds
[2026-07-08T22:26:37.135-0500] {processor.py:161} INFO - Started process (PID=994) to work on /opt/airflow/dags/dag_estimar_riesgo_disrupcion.py
[2026-07-08T22:26:37.138-0500] {processor.py:830} INFO - Processing file /opt/airflow/dags/dag_estimar_riesgo_disrupcion.py for tasks to queue
[2026-07-08T22:26:37.143-0500] {logging_mixin.py:188} INFO - [2026-07-08T22:26:37.142-0500] {dagbag.py:545} INFO - Filling up the DagBag from /opt/airflow/dags/dag_estimar_riesgo_disrupcion.py
[2026-07-08T22:26:37.836-0500] {processor.py:840} INFO - DAG(s) 'aerotrack_travel_riesgo_disrupcion' retrieved from /opt/airflow/dags/dag_estimar_riesgo_disrupcion.py
[2026-07-08T22:26:37.892-0500] {logging_mixin.py:188} INFO - [2026-07-08T22:26:37.890-0500] {dag.py:3089} INFO - Sync 1 DAGs
[2026-07-08T22:26:37.915-0500] {logging_mixin.py:188} INFO - [2026-07-08T22:26:37.914-0500] {dag.py:3947} INFO - Setting next_dagrun for aerotrack_travel_riesgo_disrupcion to 2026-07-09 00:00:00+00:00, run_after=2026-07-10 00:00:00+00:00
[2026-07-08T22:26:37.945-0500] {processor.py:183} INFO - Processing /opt/airflow/dags/dag_estimar_riesgo_disrupcion.py took 0.823 seconds
[2026-07-08T22:27:08.239-0500] {processor.py:161} INFO - Started process (PID=1011) to work on /opt/airflow/dags/dag_estimar_riesgo_disrupcion.py
[2026-07-08T22:27:08.241-0500] {processor.py:830} INFO - Processing file /opt/airflow/dags/dag_estimar_riesgo_disrupcion.py for tasks to queue
[2026-07-08T22:27:08.243-0500] {logging_mixin.py:188} INFO - [2026-07-08T22:27:08.242-0500] {dagbag.py:545} INFO - Filling up the DagBag from /opt/airflow/dags/dag_estimar_riesgo_disrupcion.py
[2026-07-08T22:27:09.072-0500] {processor.py:840} INFO - DAG(s) 'aerotrack_travel_riesgo_disrupcion' retrieved from /opt/airflow/dags/dag_estimar_riesgo_disrupcion.py
[2026-07-08T22:27:09.107-0500] {logging_mixin.py:188} INFO - [2026-07-08T22:27:09.106-0500] {dag.py:3089} INFO - Sync 1 DAGs
[2026-07-08T22:27:09.128-0500] {logging_mixin.py:188} INFO - [2026-07-08T22:27:09.128-0500] {dag.py:3947} INFO - Setting next_dagrun for aerotrack_travel_riesgo_disrupcion to 2026-07-09 00:00:00+00:00, run_after=2026-07-10 00:00:00+00:00
[2026-07-08T22:27:09.154-0500] {processor.py:183} INFO - Processing /opt/airflow/dags/dag_estimar_riesgo_disrupcion.py took 0.921 seconds
[2026-07-08T22:27:39.521-0500] {processor.py:161} INFO - Started process (PID=1028) to work on /opt/airflow/dags/dag_estimar_riesgo_disrupcion.py
[2026-07-08T22:27:39.522-0500] {processor.py:830} INFO - Processing file /opt/airflow/dags/dag_estimar_riesgo_disrupcion.py for tasks to queue
[2026-07-08T22:27:39.524-0500] {logging_mixin.py:188} INFO - [2026-07-08T22:27:39.523-0500] {dagbag.py:545} INFO - Filling up the DagBag from /opt/airflow/dags/dag_estimar_riesgo_disrupcion.py
[2026-07-08T22:27:40.112-0500] {processor.py:840} INFO - DAG(s) 'aerotrack_travel_riesgo_disrupcion' retrieved from /opt/airflow/dags/dag_estimar_riesgo_disrupcion.py
[2026-07-08T22:27:40.136-0500] {logging_mixin.py:188} INFO - [2026-07-08T22:27:40.136-0500] {dag.py:3089} INFO - Sync 1 DAGs
[2026-07-08T22:27:40.151-0500] {logging_mixin.py:188} INFO - [2026-07-08T22:27:40.150-0500] {dag.py:3947} INFO - Setting next_dagrun for aerotrack_travel_riesgo_disrupcion to 2026-07-09 00:00:00+00:00, run_after=2026-07-10 00:00:00+00:00
[2026-07-08T22:27:40.163-0500] {processor.py:183} INFO - Processing /opt/airflow/dags/dag_estimar_riesgo_disrupcion.py took 0.649 seconds
[2026-07-08T22:28:10.378-0500] {processor.py:161} INFO - Started process (PID=1045) to work on /opt/airflow/dags/dag_estimar_riesgo_disrupcion.py
[2026-07-08T22:28:10.379-0500] {processor.py:830} INFO - Processing file /opt/airflow/dags/dag_estimar_riesgo_disrupcion.py for tasks to queue
[2026-07-08T22:28:10.381-0500] {logging_mixin.py:188} INFO - [2026-07-08T22:28:10.380-0500] {dagbag.py:545} INFO - Filling up the DagBag from /opt/airflow/dags/dag_estimar_riesgo_disrupcion.py
[2026-07-08T22:28:10.983-0500] {processor.py:840} INFO - DAG(s) 'aerotrack_travel_riesgo_disrupcion' retrieved from /opt/airflow/dags/dag_estimar_riesgo_disrupcion.py
[2026-07-08T22:28:11.018-0500] {logging_mixin.py:188} INFO - [2026-07-08T22:28:11.017-0500] {dag.py:3089} INFO - Sync 1 DAGs
[2026-07-08T22:28:11.039-0500] {logging_mixin.py:188} INFO - [2026-07-08T22:28:11.038-0500] {dag.py:3947} INFO - Setting next_dagrun for aerotrack_travel_riesgo_disrupcion to 2026-07-09 00:00:00+00:00, run_after=2026-07-10 00:00:00+00:00
[2026-07-08T22:28:11.060-0500] {processor.py:183} INFO - Processing /opt/airflow/dags/dag_estimar_riesgo_disrupcion.py took 0.687 seconds
[2026-07-08T22:28:41.328-0500] {processor.py:161} INFO - Started process (PID=1062) to work on /opt/airflow/dags/dag_estimar_riesgo_disrupcion.py
[2026-07-08T22:28:41.329-0500] {processor.py:830} INFO - Processing file /opt/airflow/dags/dag_estimar_riesgo_disrupcion.py for tasks to queue
[2026-07-08T22:28:41.331-0500] {logging_mixin.py:188} INFO - [2026-07-08T22:28:41.331-0500] {dagbag.py:545} INFO - Filling up the DagBag from /opt/airflow/dags/dag_estimar_riesgo_disrupcion.py
[2026-07-08T22:28:41.992-0500] {processor.py:840} INFO - DAG(s) 'aerotrack_travel_riesgo_disrupcion' retrieved from /opt/airflow/dags/dag_estimar_riesgo_disrupcion.py
[2026-07-08T22:28:42.023-0500] {logging_mixin.py:188} INFO - [2026-07-08T22:28:42.022-0500] {dag.py:3089} INFO - Sync 1 DAGs
[2026-07-08T22:28:42.038-0500] {logging_mixin.py:188} INFO - [2026-07-08T22:28:42.038-0500] {dag.py:3947} INFO - Setting next_dagrun for aerotrack_travel_riesgo_disrupcion to 2026-07-09 00:00:00+00:00, run_after=2026-07-10 00:00:00+00:00
[2026-07-08T22:28:42.054-0500] {processor.py:183} INFO - Processing /opt/airflow/dags/dag_estimar_riesgo_disrupcion.py took 0.731 seconds
[2026-07-08T22:29:12.300-0500] {processor.py:161} INFO - Started process (PID=1079) to work on /opt/airflow/dags/dag_estimar_riesgo_disrupcion.py
[2026-07-08T22:29:12.301-0500] {processor.py:830} INFO - Processing file /opt/airflow/dags/dag_estimar_riesgo_disrupcion.py for tasks to queue
[2026-07-08T22:29:12.303-0500] {logging_mixin.py:188} INFO - [2026-07-08T22:29:12.303-0500] {dagbag.py:545} INFO - Filling up the DagBag from /opt/airflow/dags/dag_estimar_riesgo_disrupcion.py
[2026-07-08T22:29:12.929-0500] {processor.py:840} INFO - DAG(s) 'aerotrack_travel_riesgo_disrupcion' retrieved from /opt/airflow/dags/dag_estimar_riesgo_disrupcion.py
[2026-07-08T22:29:12.964-0500] {logging_mixin.py:188} INFO - [2026-07-08T22:29:12.963-0500] {dag.py:3089} INFO - Sync 1 DAGs
[2026-07-08T22:29:12.979-0500] {logging_mixin.py:188} INFO - [2026-07-08T22:29:12.979-0500] {dag.py:3947} INFO - Setting next_dagrun for aerotrack_travel_riesgo_disrupcion to 2026-07-09 00:00:00+00:00, run_after=2026-07-10 00:00:00+00:00
[2026-07-08T22:29:12.994-0500] {processor.py:183} INFO - Processing /opt/airflow/dags/dag_estimar_riesgo_disrupcion.py took 0.700 seconds
[2026-07-08T22:29:43.227-0500] {processor.py:161} INFO - Started process (PID=1096) to work on /opt/airflow/dags/dag_estimar_riesgo_disrupcion.py
[2026-07-08T22:29:43.227-0500] {processor.py:830} INFO - Processing file /opt/airflow/dags/dag_estimar_riesgo_disrupcion.py for tasks to queue
[2026-07-08T22:29:43.229-0500] {logging_mixin.py:188} INFO - [2026-07-08T22:29:43.229-0500] {dagbag.py:545} INFO - Filling up the DagBag from /opt/airflow/dags/dag_estimar_riesgo_disrupcion.py
[2026-07-08T22:29:43.788-0500] {processor.py:840} INFO - DAG(s) 'aerotrack_travel_riesgo_disrupcion' retrieved from /opt/airflow/dags/dag_estimar_riesgo_disrupcion.py
[2026-07-08T22:29:43.818-0500] {logging_mixin.py:188} INFO - [2026-07-08T22:29:43.818-0500] {dag.py:3089} INFO - Sync 1 DAGs
[2026-07-08T22:29:43.833-0500] {logging_mixin.py:188} INFO - [2026-07-08T22:29:43.833-0500] {dag.py:3947} INFO - Setting next_dagrun for aerotrack_travel_riesgo_disrupcion to 2026-07-09 00:00:00+00:00, run_after=2026-07-10 00:00:00+00:00
[2026-07-08T22:29:43.849-0500] {processor.py:183} INFO - Processing /opt/airflow/dags/dag_estimar_riesgo_disrupcion.py took 0.627 seconds
[2026-07-08T22:30:14.172-0500] {processor.py:161} INFO - Started process (PID=1113) to work on /opt/airflow/dags/dag_estimar_riesgo_disrupcion.py
[2026-07-08T22:30:14.173-0500] {processor.py:830} INFO - Processing file /opt/airflow/dags/dag_estimar_riesgo_disrupcion.py for tasks to queue
[2026-07-08T22:30:14.174-0500] {logging_mixin.py:188} INFO - [2026-07-08T22:30:14.174-0500] {dagbag.py:545} INFO - Filling up the DagBag from /opt/airflow/dags/dag_estimar_riesgo_disrupcion.py
[2026-07-08T22:30:14.776-0500] {processor.py:840} INFO - DAG(s) 'aerotrack_travel_riesgo_disrupcion' retrieved from /opt/airflow/dags/dag_estimar_riesgo_disrupcion.py
[2026-07-08T22:30:14.805-0500] {logging_mixin.py:188} INFO - [2026-07-08T22:30:14.804-0500] {dag.py:3089} INFO - Sync 1 DAGs
[2026-07-08T22:30:14.821-0500] {logging_mixin.py:188} INFO - [2026-07-08T22:30:14.820-0500] {dag.py:3947} INFO - Setting next_dagrun for aerotrack_travel_riesgo_disrupcion to 2026-07-09 00:00:00+00:00, run_after=2026-07-10 00:00:00+00:00
[2026-07-08T22:30:14.841-0500] {processor.py:183} INFO - Processing /opt/airflow/dags/dag_estimar_riesgo_disrupcion.py took 0.675 seconds
[2026-07-08T22:30:45.086-0500] {processor.py:161} INFO - Started process (PID=1130) to work on /opt/airflow/dags/dag_estimar_riesgo_disrupcion.py
[2026-07-08T22:30:45.087-0500] {processor.py:830} INFO - Processing file /opt/airflow/dags/dag_estimar_riesgo_disrupcion.py for tasks to queue
[2026-07-08T22:30:45.088-0500] {logging_mixin.py:188} INFO - [2026-07-08T22:30:45.088-0500] {dagbag.py:545} INFO - Filling up the DagBag from /opt/airflow/dags/dag_estimar_riesgo_disrupcion.py
[2026-07-08T22:30:45.620-0500] {processor.py:840} INFO - DAG(s) 'aerotrack_travel_riesgo_disrupcion' retrieved from /opt/airflow/dags/dag_estimar_riesgo_disrupcion.py
[2026-07-08T22:30:45.646-0500] {logging_mixin.py:188} INFO - [2026-07-08T22:30:45.646-0500] {dag.py:3089} INFO - Sync 1 DAGs
[2026-07-08T22:30:45.660-0500] {logging_mixin.py:188} INFO - [2026-07-08T22:30:45.660-0500] {dag.py:3947} INFO - Setting next_dagrun for aerotrack_travel_riesgo_disrupcion to 2026-07-09 00:00:00+00:00, run_after=2026-07-10 00:00:00+00:00
[2026-07-08T22:30:45.674-0500] {processor.py:183} INFO - Processing /opt/airflow/dags/dag_estimar_riesgo_disrupcion.py took 0.593 seconds
[2026-07-08T22:31:16.008-0500] {processor.py:161} INFO - Started process (PID=1147) to work on /opt/airflow/dags/dag_estimar_riesgo_disrupcion.py
[2026-07-08T22:31:16.009-0500] {processor.py:830} INFO - Processing file /opt/airflow/dags/dag_estimar_riesgo_disrupcion.py for tasks to queue
[2026-07-08T22:31:16.011-0500] {logging_mixin.py:188} INFO - [2026-07-08T22:31:16.011-0500] {dagbag.py:545} INFO - Filling up the DagBag from /opt/airflow/dags/dag_estimar_riesgo_disrupcion.py
[2026-07-08T22:31:16.547-0500] {processor.py:840} INFO - DAG(s) 'aerotrack_travel_riesgo_disrupcion' retrieved from /opt/airflow/dags/dag_estimar_riesgo_disrupcion.py
[2026-07-08T22:31:16.574-0500] {logging_mixin.py:188} INFO - [2026-07-08T22:31:16.573-0500] {dag.py:3089} INFO - Sync 1 DAGs
[2026-07-08T22:31:16.588-0500] {logging_mixin.py:188} INFO - [2026-07-08T22:31:16.588-0500] {dag.py:3947} INFO - Setting next_dagrun for aerotrack_travel_riesgo_disrupcion to 2026-07-09 00:00:00+00:00, run_after=2026-07-10 00:00:00+00:00
[2026-07-08T22:31:16.602-0500] {processor.py:183} INFO - Processing /opt/airflow/dags/dag_estimar_riesgo_disrupcion.py took 0.601 seconds
[2026-07-08T22:31:46.849-0500] {processor.py:161} INFO - Started process (PID=1164) to work on /opt/airflow/dags/dag_estimar_riesgo_disrupcion.py
[2026-07-08T22:31:46.849-0500] {processor.py:830} INFO - Processing file /opt/airflow/dags/dag_estimar_riesgo_disrupcion.py for tasks to queue
[2026-07-08T22:31:46.851-0500] {logging_mixin.py:188} INFO - [2026-07-08T22:31:46.851-0500] {dagbag.py:545} INFO - Filling up the DagBag from /opt/airflow/dags/dag_estimar_riesgo_disrupcion.py
[2026-07-08T22:31:47.447-0500] {processor.py:840} INFO - DAG(s) 'aerotrack_travel_riesgo_disrupcion' retrieved from /opt/airflow/dags/dag_estimar_riesgo_disrupcion.py
[2026-07-08T22:31:47.472-0500] {logging_mixin.py:188} INFO - [2026-07-08T22:31:47.471-0500] {dag.py:3089} INFO - Sync 1 DAGs
[2026-07-08T22:31:47.486-0500] {logging_mixin.py:188} INFO - [2026-07-08T22:31:47.486-0500] {dag.py:3947} INFO - Setting next_dagrun for aerotrack_travel_riesgo_disrupcion to 2026-07-09 00:00:00+00:00, run_after=2026-07-10 00:00:00+00:00
[2026-07-08T22:31:47.501-0500] {processor.py:183} INFO - Processing /opt/airflow/dags/dag_estimar_riesgo_disrupcion.py took 0.657 seconds
[2026-07-08T22:32:17.731-0500] {processor.py:161} INFO - Started process (PID=1181) to work on /opt/airflow/dags/dag_estimar_riesgo_disrupcion.py
[2026-07-08T22:32:17.732-0500] {processor.py:830} INFO - Processing file /opt/airflow/dags/dag_estimar_riesgo_disrupcion.py for tasks to queue
[2026-07-08T22:32:17.734-0500] {logging_mixin.py:188} INFO - [2026-07-08T22:32:17.733-0500] {dagbag.py:545} INFO - Filling up the DagBag from /opt/airflow/dags/dag_estimar_riesgo_disrupcion.py
[2026-07-08T22:32:18.295-0500] {processor.py:840} INFO - DAG(s) 'aerotrack_travel_riesgo_disrupcion' retrieved from /opt/airflow/dags/dag_estimar_riesgo_disrupcion.py
[2026-07-08T22:32:18.326-0500] {logging_mixin.py:188} INFO - [2026-07-08T22:32:18.326-0500] {dag.py:3089} INFO - Sync 1 DAGs
[2026-07-08T22:32:18.345-0500] {logging_mixin.py:188} INFO - [2026-07-08T22:32:18.344-0500] {dag.py:3947} INFO - Setting next_dagrun for aerotrack_travel_riesgo_disrupcion to 2026-07-09 00:00:00+00:00, run_after=2026-07-10 00:00:00+00:00
[2026-07-08T22:32:18.364-0500] {processor.py:183} INFO - Processing /opt/airflow/dags/dag_estimar_riesgo_disrupcion.py took 0.637 seconds
[2026-07-08T22:32:48.611-0500] {processor.py:161} INFO - Started process (PID=1198) to work on /opt/airflow/dags/dag_estimar_riesgo_disrupcion.py
[2026-07-08T22:32:48.611-0500] {processor.py:830} INFO - Processing file /opt/airflow/dags/dag_estimar_riesgo_disrupcion.py for tasks to queue
[2026-07-08T22:32:48.613-0500] {logging_mixin.py:188} INFO - [2026-07-08T22:32:48.613-0500] {dagbag.py:545} INFO - Filling up the DagBag from /opt/airflow/dags/dag_estimar_riesgo_disrupcion.py
[2026-07-08T22:32:49.187-0500] {processor.py:840} INFO - DAG(s) 'aerotrack_travel_riesgo_disrupcion' retrieved from /opt/airflow/dags/dag_estimar_riesgo_disrupcion.py
[2026-07-08T22:32:49.214-0500] {logging_mixin.py:188} INFO - [2026-07-08T22:32:49.214-0500] {dag.py:3089} INFO - Sync 1 DAGs
[2026-07-08T22:32:49.228-0500] {logging_mixin.py:188} INFO - [2026-07-08T22:32:49.228-0500] {dag.py:3947} INFO - Setting next_dagrun for aerotrack_travel_riesgo_disrupcion to 2026-07-09 00:00:00+00:00, run_after=2026-07-10 00:00:00+00:00
[2026-07-08T22:32:49.242-0500] {processor.py:183} INFO - Processing /opt/airflow/dags/dag_estimar_riesgo_disrupcion.py took 0.636 seconds
[2026-07-08T22:33:19.481-0500] {processor.py:161} INFO - Started process (PID=1215) to work on /opt/airflow/dags/dag_estimar_riesgo_disrupcion.py
[2026-07-08T22:33:19.482-0500] {processor.py:830} INFO - Processing file /opt/airflow/dags/dag_estimar_riesgo_disrupcion.py for tasks to queue
[2026-07-08T22:33:19.484-0500] {logging_mixin.py:188} INFO - [2026-07-08T22:33:19.483-0500] {dagbag.py:545} INFO - Filling up the DagBag from /opt/airflow/dags/dag_estimar_riesgo_disrupcion.py
[2026-07-08T22:33:20.003-0500] {processor.py:840} INFO - DAG(s) 'aerotrack_travel_riesgo_disrupcion' retrieved from /opt/airflow/dags/dag_estimar_riesgo_disrupcion.py
[2026-07-08T22:33:20.031-0500] {logging_mixin.py:188} INFO - [2026-07-08T22:33:20.031-0500] {dag.py:3089} INFO - Sync 1 DAGs
[2026-07-08T22:33:20.049-0500] {logging_mixin.py:188} INFO - [2026-07-08T22:33:20.048-0500] {dag.py:3947} INFO - Setting next_dagrun for aerotrack_travel_riesgo_disrupcion to 2026-07-09 00:00:00+00:00, run_after=2026-07-10 00:00:00+00:00
[2026-07-08T22:33:20.064-0500] {processor.py:183} INFO - Processing /opt/airflow/dags/dag_estimar_riesgo_disrupcion.py took 0.586 seconds
[2026-07-08T22:33:50.296-0500] {processor.py:161} INFO - Started process (PID=1232) to work on /opt/airflow/dags/dag_estimar_riesgo_disrupcion.py
[2026-07-08T22:33:50.297-0500] {processor.py:830} INFO - Processing file /opt/airflow/dags/dag_estimar_riesgo_disrupcion.py for tasks to queue
[2026-07-08T22:33:50.299-0500] {logging_mixin.py:188} INFO - [2026-07-08T22:33:50.298-0500] {dagbag.py:545} INFO - Filling up the DagBag from /opt/airflow/dags/dag_estimar_riesgo_disrupcion.py
[2026-07-08T22:33:50.831-0500] {processor.py:840} INFO - DAG(s) 'aerotrack_travel_riesgo_disrupcion' retrieved from /opt/airflow/dags/dag_estimar_riesgo_disrupcion.py
[2026-07-08T22:33:50.860-0500] {logging_mixin.py:188} INFO - [2026-07-08T22:33:50.860-0500] {dag.py:3089} INFO - Sync 1 DAGs
[2026-07-08T22:33:50.878-0500] {logging_mixin.py:188} INFO - [2026-07-08T22:33:50.878-0500] {dag.py:3947} INFO - Setting next_dagrun for aerotrack_travel_riesgo_disrupcion to 2026-07-09 00:00:00+00:00, run_after=2026-07-10 00:00:00+00:00
[2026-07-08T22:33:50.898-0500] {processor.py:183} INFO - Processing /opt/airflow/dags/dag_estimar_riesgo_disrupcion.py took 0.607 seconds
[2026-07-08T22:34:21.176-0500] {processor.py:161} INFO - Started process (PID=1249) to work on /opt/airflow/dags/dag_estimar_riesgo_disrupcion.py
[2026-07-08T22:34:21.177-0500] {processor.py:830} INFO - Processing file /opt/airflow/dags/dag_estimar_riesgo_disrupcion.py for tasks to queue
[2026-07-08T22:34:21.180-0500] {logging_mixin.py:188} INFO - [2026-07-08T22:34:21.179-0500] {dagbag.py:545} INFO - Filling up the DagBag from /opt/airflow/dags/dag_estimar_riesgo_disrupcion.py
[2026-07-08T22:34:21.775-0500] {processor.py:840} INFO - DAG(s) 'aerotrack_travel_riesgo_disrupcion' retrieved from /opt/airflow/dags/dag_estimar_riesgo_disrupcion.py
[2026-07-08T22:34:21.801-0500] {logging_mixin.py:188} INFO - [2026-07-08T22:34:21.801-0500] {dag.py:3089} INFO - Sync 1 DAGs
[2026-07-08T22:34:21.816-0500] {logging_mixin.py:188} INFO - [2026-07-08T22:34:21.815-0500] {dag.py:3947} INFO - Setting next_dagrun for aerotrack_travel_riesgo_disrupcion to 2026-07-09 00:00:00+00:00, run_after=2026-07-10 00:00:00+00:00
[2026-07-08T22:34:21.829-0500] {processor.py:183} INFO - Processing /opt/airflow/dags/dag_estimar_riesgo_disrupcion.py took 0.662 seconds
[2026-07-08T22:34:52.086-0500] {processor.py:161} INFO - Started process (PID=1266) to work on /opt/airflow/dags/dag_estimar_riesgo_disrupcion.py
[2026-07-08T22:34:52.087-0500] {processor.py:830} INFO - Processing file /opt/airflow/dags/dag_estimar_riesgo_disrupcion.py for tasks to queue
[2026-07-08T22:34:52.088-0500] {logging_mixin.py:188} INFO - [2026-07-08T22:34:52.088-0500] {dagbag.py:545} INFO - Filling up the DagBag from /opt/airflow/dags/dag_estimar_riesgo_disrupcion.py
[2026-07-08T22:34:52.658-0500] {processor.py:840} INFO - DAG(s) 'aerotrack_travel_riesgo_disrupcion' retrieved from /opt/airflow/dags/dag_estimar_riesgo_disrupcion.py
[2026-07-08T22:34:52.692-0500] {logging_mixin.py:188} INFO - [2026-07-08T22:34:52.692-0500] {dag.py:3089} INFO - Sync 1 DAGs
[2026-07-08T22:34:52.709-0500] {logging_mixin.py:188} INFO - [2026-07-08T22:34:52.709-0500] {dag.py:3947} INFO - Setting next_dagrun for aerotrack_travel_riesgo_disrupcion to 2026-07-09 00:00:00+00:00, run_after=2026-07-10 00:00:00+00:00
[2026-07-08T22:34:52.727-0500] {processor.py:183} INFO - Processing /opt/airflow/dags/dag_estimar_riesgo_disrupcion.py took 0.648 seconds
[2026-07-08T22:35:22.964-0500] {processor.py:161} INFO - Started process (PID=1283) to work on /opt/airflow/dags/dag_estimar_riesgo_disrupcion.py
[2026-07-08T22:35:22.965-0500] {processor.py:830} INFO - Processing file /opt/airflow/dags/dag_estimar_riesgo_disrupcion.py for tasks to queue
[2026-07-08T22:35:22.967-0500] {logging_mixin.py:188} INFO - [2026-07-08T22:35:22.967-0500] {dagbag.py:545} INFO - Filling up the DagBag from /opt/airflow/dags/dag_estimar_riesgo_disrupcion.py
[2026-07-08T22:35:23.533-0500] {processor.py:840} INFO - DAG(s) 'aerotrack_travel_riesgo_disrupcion' retrieved from /opt/airflow/dags/dag_estimar_riesgo_disrupcion.py
[2026-07-08T22:35:23.564-0500] {logging_mixin.py:188} INFO - [2026-07-08T22:35:23.563-0500] {dag.py:3089} INFO - Sync 1 DAGs
[2026-07-08T22:35:23.581-0500] {logging_mixin.py:188} INFO - [2026-07-08T22:35:23.581-0500] {dag.py:3947} INFO - Setting next_dagrun for aerotrack_travel_riesgo_disrupcion to 2026-07-09 00:00:00+00:00, run_after=2026-07-10 00:00:00+00:00
[2026-07-08T22:35:23.603-0500] {processor.py:183} INFO - Processing /opt/airflow/dags/dag_estimar_riesgo_disrupcion.py took 0.643 seconds
[2026-07-08T22:35:53.846-0500] {processor.py:161} INFO - Started process (PID=1300) to work on /opt/airflow/dags/dag_estimar_riesgo_disrupcion.py
[2026-07-08T22:35:53.846-0500] {processor.py:830} INFO - Processing file /opt/airflow/dags/dag_estimar_riesgo_disrupcion.py for tasks to queue
[2026-07-08T22:35:53.848-0500] {logging_mixin.py:188} INFO - [2026-07-08T22:35:53.848-0500] {dagbag.py:545} INFO - Filling up the DagBag from /opt/airflow/dags/dag_estimar_riesgo_disrupcion.py
[2026-07-08T22:35:54.462-0500] {processor.py:840} INFO - DAG(s) 'aerotrack_travel_riesgo_disrupcion' retrieved from /opt/airflow/dags/dag_estimar_riesgo_disrupcion.py
[2026-07-08T22:35:54.493-0500] {logging_mixin.py:188} INFO - [2026-07-08T22:35:54.493-0500] {dag.py:3089} INFO - Sync 1 DAGs
[2026-07-08T22:35:54.507-0500] {logging_mixin.py:188} INFO - [2026-07-08T22:35:54.507-0500] {dag.py:3947} INFO - Setting next_dagrun for aerotrack_travel_riesgo_disrupcion to 2026-07-09 00:00:00+00:00, run_after=2026-07-10 00:00:00+00:00
[2026-07-08T22:35:54.524-0500] {processor.py:183} INFO - Processing /opt/airflow/dags/dag_estimar_riesgo_disrupcion.py took 0.683 seconds
[2026-07-08T22:36:24.834-0500] {processor.py:161} INFO - Started process (PID=1317) to work on /opt/airflow/dags/dag_estimar_riesgo_disrupcion.py
[2026-07-08T22:36:24.835-0500] {processor.py:830} INFO - Processing file /opt/airflow/dags/dag_estimar_riesgo_disrupcion.py for tasks to queue
[2026-07-08T22:36:24.837-0500] {logging_mixin.py:188} INFO - [2026-07-08T22:36:24.837-0500] {dagbag.py:545} INFO - Filling up the DagBag from /opt/airflow/dags/dag_estimar_riesgo_disrupcion.py
[2026-07-08T22:36:25.415-0500] {processor.py:840} INFO - DAG(s) 'aerotrack_travel_riesgo_disrupcion' retrieved from /opt/airflow/dags/dag_estimar_riesgo_disrupcion.py
[2026-07-08T22:36:25.439-0500] {logging_mixin.py:188} INFO - [2026-07-08T22:36:25.438-0500] {dag.py:3089} INFO - Sync 1 DAGs
[2026-07-08T22:36:25.456-0500] {logging_mixin.py:188} INFO - [2026-07-08T22:36:25.456-0500] {dag.py:3947} INFO - Setting next_dagrun for aerotrack_travel_riesgo_disrupcion to 2026-07-09 00:00:00+00:00, run_after=2026-07-10 00:00:00+00:00
[2026-07-08T22:36:25.472-0500] {processor.py:183} INFO - Processing /opt/airflow/dags/dag_estimar_riesgo_disrupcion.py took 0.643 seconds
[2026-07-08T22:36:55.720-0500] {processor.py:161} INFO - Started process (PID=1334) to work on /opt/airflow/dags/dag_estimar_riesgo_disrupcion.py
[2026-07-08T22:36:55.721-0500] {processor.py:830} INFO - Processing file /opt/airflow/dags/dag_estimar_riesgo_disrupcion.py for tasks to queue
[2026-07-08T22:36:55.722-0500] {logging_mixin.py:188} INFO - [2026-07-08T22:36:55.722-0500] {dagbag.py:545} INFO - Filling up the DagBag from /opt/airflow/dags/dag_estimar_riesgo_disrupcion.py
[2026-07-08T22:36:56.311-0500] {processor.py:840} INFO - DAG(s) 'aerotrack_travel_riesgo_disrupcion' retrieved from /opt/airflow/dags/dag_estimar_riesgo_disrupcion.py
[2026-07-08T22:36:56.343-0500] {logging_mixin.py:188} INFO - [2026-07-08T22:36:56.343-0500] {dag.py:3089} INFO - Sync 1 DAGs
[2026-07-08T22:36:56.357-0500] {logging_mixin.py:188} INFO - [2026-07-08T22:36:56.356-0500] {dag.py:3947} INFO - Setting next_dagrun for aerotrack_travel_riesgo_disrupcion to 2026-07-09 00:00:00+00:00, run_after=2026-07-10 00:00:00+00:00
[2026-07-08T22:36:56.372-0500] {processor.py:183} INFO - Processing /opt/airflow/dags/dag_estimar_riesgo_disrupcion.py took 0.656 seconds
[2026-07-08T22:37:26.639-0500] {processor.py:161} INFO - Started process (PID=1351) to work on /opt/airflow/dags/dag_estimar_riesgo_disrupcion.py
[2026-07-08T22:37:26.640-0500] {processor.py:830} INFO - Processing file /opt/airflow/dags/dag_estimar_riesgo_disrupcion.py for tasks to queue
[2026-07-08T22:37:26.642-0500] {logging_mixin.py:188} INFO - [2026-07-08T22:37:26.641-0500] {dagbag.py:545} INFO - Filling up the DagBag from /opt/airflow/dags/dag_estimar_riesgo_disrupcion.py
[2026-07-08T22:37:27.270-0500] {processor.py:840} INFO - DAG(s) 'aerotrack_travel_riesgo_disrupcion' retrieved from /opt/airflow/dags/dag_estimar_riesgo_disrupcion.py
[2026-07-08T22:37:27.301-0500] {logging_mixin.py:188} INFO - [2026-07-08T22:37:27.301-0500] {dag.py:3089} INFO - Sync 1 DAGs
[2026-07-08T22:37:27.319-0500] {logging_mixin.py:188} INFO - [2026-07-08T22:37:27.318-0500] {dag.py:3947} INFO - Setting next_dagrun for aerotrack_travel_riesgo_disrupcion to 2026-07-09 00:00:00+00:00, run_after=2026-07-10 00:00:00+00:00
[2026-07-08T22:37:27.334-0500] {processor.py:183} INFO - Processing /opt/airflow/dags/dag_estimar_riesgo_disrupcion.py took 0.701 seconds
[2026-07-08T22:37:57.597-0500] {processor.py:161} INFO - Started process (PID=1368) to work on /opt/airflow/dags/dag_estimar_riesgo_disrupcion.py
[2026-07-08T22:37:57.598-0500] {processor.py:830} INFO - Processing file /opt/airflow/dags/dag_estimar_riesgo_disrupcion.py for tasks to queue
[2026-07-08T22:37:57.600-0500] {logging_mixin.py:188} INFO - [2026-07-08T22:37:57.600-0500] {dagbag.py:545} INFO - Filling up the DagBag from /opt/airflow/dags/dag_estimar_riesgo_disrupcion.py
[2026-07-08T22:37:58.268-0500] {processor.py:840} INFO - DAG(s) 'aerotrack_travel_riesgo_disrupcion' retrieved from /opt/airflow/dags/dag_estimar_riesgo_disrupcion.py
[2026-07-08T22:37:58.296-0500] {logging_mixin.py:188} INFO - [2026-07-08T22:37:58.295-0500] {dag.py:3089} INFO - Sync 1 DAGs
[2026-07-08T22:37:58.313-0500] {logging_mixin.py:188} INFO - [2026-07-08T22:37:58.313-0500] {dag.py:3947} INFO - Setting next_dagrun for aerotrack_travel_riesgo_disrupcion to 2026-07-09 00:00:00+00:00, run_after=2026-07-10 00:00:00+00:00
[2026-07-08T22:37:58.331-0500] {processor.py:183} INFO - Processing /opt/airflow/dags/dag_estimar_riesgo_disrupcion.py took 0.742 seconds
[2026-07-08T22:38:28.561-0500] {processor.py:161} INFO - Started process (PID=1385) to work on /opt/airflow/dags/dag_estimar_riesgo_disrupcion.py
[2026-07-08T22:38:28.562-0500] {processor.py:830} INFO - Processing file /opt/airflow/dags/dag_estimar_riesgo_disrupcion.py for tasks to queue
[2026-07-08T22:38:28.564-0500] {logging_mixin.py:188} INFO - [2026-07-08T22:38:28.564-0500] {dagbag.py:545} INFO - Filling up the DagBag from /opt/airflow/dags/dag_estimar_riesgo_disrupcion.py
[2026-07-08T22:38:29.168-0500] {processor.py:840} INFO - DAG(s) 'aerotrack_travel_riesgo_disrupcion' retrieved from /opt/airflow/dags/dag_estimar_riesgo_disrupcion.py
[2026-07-08T22:38:29.196-0500] {logging_mixin.py:188} INFO - [2026-07-08T22:38:29.196-0500] {dag.py:3089} INFO - Sync 1 DAGs
[2026-07-08T22:38:29.212-0500] {logging_mixin.py:188} INFO - [2026-07-08T22:38:29.212-0500] {dag.py:3947} INFO - Setting next_dagrun for aerotrack_travel_riesgo_disrupcion to 2026-07-09 00:00:00+00:00, run_after=2026-07-10 00:00:00+00:00
[2026-07-08T22:38:29.227-0500] {processor.py:183} INFO - Processing /opt/airflow/dags/dag_estimar_riesgo_disrupcion.py took 0.670 seconds
[2026-07-08T22:38:59.460-0500] {processor.py:161} INFO - Started process (PID=1402) to work on /opt/airflow/dags/dag_estimar_riesgo_disrupcion.py
[2026-07-08T22:38:59.461-0500] {processor.py:830} INFO - Processing file /opt/airflow/dags/dag_estimar_riesgo_disrupcion.py for tasks to queue
[2026-07-08T22:38:59.463-0500] {logging_mixin.py:188} INFO - [2026-07-08T22:38:59.462-0500] {dagbag.py:545} INFO - Filling up the DagBag from /opt/airflow/dags/dag_estimar_riesgo_disrupcion.py
[2026-07-08T22:39:00.012-0500] {processor.py:840} INFO - DAG(s) 'aerotrack_travel_riesgo_disrupcion' retrieved from /opt/airflow/dags/dag_estimar_riesgo_disrupcion.py
[2026-07-08T22:39:00.042-0500] {logging_mixin.py:188} INFO - [2026-07-08T22:39:00.041-0500] {dag.py:3089} INFO - Sync 1 DAGs
[2026-07-08T22:39:00.056-0500] {logging_mixin.py:188} INFO - [2026-07-08T22:39:00.055-0500] {dag.py:3947} INFO - Setting next_dagrun for aerotrack_travel_riesgo_disrupcion to 2026-07-09 00:00:00+00:00, run_after=2026-07-10 00:00:00+00:00
[2026-07-08T22:39:00.074-0500] {processor.py:183} INFO - Processing /opt/airflow/dags/dag_estimar_riesgo_disrupcion.py took 0.619 seconds
[2026-07-08T22:39:30.366-0500] {processor.py:161} INFO - Started process (PID=1419) to work on /opt/airflow/dags/dag_estimar_riesgo_disrupcion.py
[2026-07-08T22:39:30.368-0500] {processor.py:830} INFO - Processing file /opt/airflow/dags/dag_estimar_riesgo_disrupcion.py for tasks to queue
[2026-07-08T22:39:30.373-0500] {logging_mixin.py:188} INFO - [2026-07-08T22:39:30.372-0500] {dagbag.py:545} INFO - Filling up the DagBag from /opt/airflow/dags/dag_estimar_riesgo_disrupcion.py
[2026-07-08T22:39:31.040-0500] {processor.py:840} INFO - DAG(s) 'aerotrack_travel_riesgo_disrupcion' retrieved from /opt/airflow/dags/dag_estimar_riesgo_disrupcion.py
[2026-07-08T22:39:31.070-0500] {logging_mixin.py:188} INFO - [2026-07-08T22:39:31.070-0500] {dag.py:3089} INFO - Sync 1 DAGs
[2026-07-08T22:39:31.086-0500] {logging_mixin.py:188} INFO - [2026-07-08T22:39:31.086-0500] {dag.py:3947} INFO - Setting next_dagrun for aerotrack_travel_riesgo_disrupcion to 2026-07-09 00:00:00+00:00, run_after=2026-07-10 00:00:00+00:00
[2026-07-08T22:39:31.103-0500] {processor.py:183} INFO - Processing /opt/airflow/dags/dag_estimar_riesgo_disrupcion.py took 0.747 seconds
[2026-07-08T22:40:01.353-0500] {processor.py:161} INFO - Started process (PID=1436) to work on /opt/airflow/dags/dag_estimar_riesgo_disrupcion.py
[2026-07-08T22:40:01.354-0500] {processor.py:830} INFO - Processing file /opt/airflow/dags/dag_estimar_riesgo_disrupcion.py for tasks to queue
[2026-07-08T22:40:01.355-0500] {logging_mixin.py:188} INFO - [2026-07-08T22:40:01.355-0500] {dagbag.py:545} INFO - Filling up the DagBag from /opt/airflow/dags/dag_estimar_riesgo_disrupcion.py
[2026-07-08T22:40:01.952-0500] {processor.py:840} INFO - DAG(s) 'aerotrack_travel_riesgo_disrupcion' retrieved from /opt/airflow/dags/dag_estimar_riesgo_disrupcion.py
[2026-07-08T22:40:01.985-0500] {logging_mixin.py:188} INFO - [2026-07-08T22:40:01.985-0500] {dag.py:3089} INFO - Sync 1 DAGs
[2026-07-08T22:40:02.003-0500] {logging_mixin.py:188} INFO - [2026-07-08T22:40:02.003-0500] {dag.py:3947} INFO - Setting next_dagrun for aerotrack_travel_riesgo_disrupcion to 2026-07-09 00:00:00+00:00, run_after=2026-07-10 00:00:00+00:00
[2026-07-08T22:40:02.020-0500] {processor.py:183} INFO - Processing /opt/airflow/dags/dag_estimar_riesgo_disrupcion.py took 0.672 seconds
[2026-07-08T22:40:32.266-0500] {processor.py:161} INFO - Started process (PID=1453) to work on /opt/airflow/dags/dag_estimar_riesgo_disrupcion.py
[2026-07-08T22:40:32.267-0500] {processor.py:830} INFO - Processing file /opt/airflow/dags/dag_estimar_riesgo_disrupcion.py for tasks to queue
[2026-07-08T22:40:32.269-0500] {logging_mixin.py:188} INFO - [2026-07-08T22:40:32.269-0500] {dagbag.py:545} INFO - Filling up the DagBag from /opt/airflow/dags/dag_estimar_riesgo_disrupcion.py
[2026-07-08T22:40:32.771-0500] {processor.py:840} INFO - DAG(s) 'aerotrack_travel_riesgo_disrupcion' retrieved from /opt/airflow/dags/dag_estimar_riesgo_disrupcion.py
[2026-07-08T22:40:32.793-0500] {logging_mixin.py:188} INFO - [2026-07-08T22:40:32.793-0500] {dag.py:3089} INFO - Sync 1 DAGs
[2026-07-08T22:40:32.807-0500] {logging_mixin.py:188} INFO - [2026-07-08T22:40:32.807-0500] {dag.py:3947} INFO - Setting next_dagrun for aerotrack_travel_riesgo_disrupcion to 2026-07-09 00:00:00+00:00, run_after=2026-07-10 00:00:00+00:00
[2026-07-08T22:40:32.822-0500] {processor.py:183} INFO - Processing /opt/airflow/dags/dag_estimar_riesgo_disrupcion.py took 0.560 seconds
[2026-07-08T22:41:03.113-0500] {processor.py:161} INFO - Started process (PID=1470) to work on /opt/airflow/dags/dag_estimar_riesgo_disrupcion.py
[2026-07-08T22:41:03.114-0500] {processor.py:830} INFO - Processing file /opt/airflow/dags/dag_estimar_riesgo_disrupcion.py for tasks to queue
[2026-07-08T22:41:03.116-0500] {logging_mixin.py:188} INFO - [2026-07-08T22:41:03.115-0500] {dagbag.py:545} INFO - Filling up the DagBag from /opt/airflow/dags/dag_estimar_riesgo_disrupcion.py
[2026-07-08T22:41:03.766-0500] {processor.py:840} INFO - DAG(s) 'aerotrack_travel_riesgo_disrupcion' retrieved from /opt/airflow/dags/dag_estimar_riesgo_disrupcion.py
[2026-07-08T22:41:03.793-0500] {logging_mixin.py:188} INFO - [2026-07-08T22:41:03.793-0500] {dag.py:3089} INFO - Sync 1 DAGs
[2026-07-08T22:41:03.809-0500] {logging_mixin.py:188} INFO - [2026-07-08T22:41:03.809-0500] {dag.py:3947} INFO - Setting next_dagrun for aerotrack_travel_riesgo_disrupcion to 2026-07-09 00:00:00+00:00, run_after=2026-07-10 00:00:00+00:00
[2026-07-08T22:41:03.831-0500] {processor.py:183} INFO - Processing /opt/airflow/dags/dag_estimar_riesgo_disrupcion.py took 0.722 seconds
[2026-07-08T22:41:34.268-0500] {processor.py:161} INFO - Started process (PID=1487) to work on /opt/airflow/dags/dag_estimar_riesgo_disrupcion.py
[2026-07-08T22:41:34.269-0500] {processor.py:830} INFO - Processing file /opt/airflow/dags/dag_estimar_riesgo_disrupcion.py for tasks to queue
[2026-07-08T22:41:34.271-0500] {logging_mixin.py:188} INFO - [2026-07-08T22:41:34.271-0500] {dagbag.py:545} INFO - Filling up the DagBag from /opt/airflow/dags/dag_estimar_riesgo_disrupcion.py
[2026-07-08T22:41:34.911-0500] {processor.py:840} INFO - DAG(s) 'aerotrack_travel_riesgo_disrupcion' retrieved from /opt/airflow/dags/dag_estimar_riesgo_disrupcion.py
[2026-07-08T22:41:34.958-0500] {logging_mixin.py:188} INFO - [2026-07-08T22:41:34.957-0500] {dag.py:3089} INFO - Sync 1 DAGs
[2026-07-08T22:41:34.976-0500] {logging_mixin.py:188} INFO - [2026-07-08T22:41:34.975-0500] {dag.py:3947} INFO - Setting next_dagrun for aerotrack_travel_riesgo_disrupcion to 2026-07-09 00:00:00+00:00, run_after=2026-07-10 00:00:00+00:00
[2026-07-08T22:41:35.001-0500] {processor.py:183} INFO - Processing /opt/airflow/dags/dag_estimar_riesgo_disrupcion.py took 0.739 seconds
[2026-07-08T22:42:05.235-0500] {processor.py:161} INFO - Started process (PID=1504) to work on /opt/airflow/dags/dag_estimar_riesgo_disrupcion.py
[2026-07-08T22:42:05.236-0500] {processor.py:830} INFO - Processing file /opt/airflow/dags/dag_estimar_riesgo_disrupcion.py for tasks to queue
[2026-07-08T22:42:05.238-0500] {logging_mixin.py:188} INFO - [2026-07-08T22:42:05.238-0500] {dagbag.py:545} INFO - Filling up the DagBag from /opt/airflow/dags/dag_estimar_riesgo_disrupcion.py
[2026-07-08T22:42:05.842-0500] {processor.py:840} INFO - DAG(s) 'aerotrack_travel_riesgo_disrupcion' retrieved from /opt/airflow/dags/dag_estimar_riesgo_disrupcion.py
[2026-07-08T22:42:05.868-0500] {logging_mixin.py:188} INFO - [2026-07-08T22:42:05.868-0500] {dag.py:3089} INFO - Sync 1 DAGs
[2026-07-08T22:42:05.883-0500] {logging_mixin.py:188} INFO - [2026-07-08T22:42:05.883-0500] {dag.py:3947} INFO - Setting next_dagrun for aerotrack_travel_riesgo_disrupcion to 2026-07-09 00:00:00+00:00, run_after=2026-07-10 00:00:00+00:00
[2026-07-08T22:42:05.900-0500] {processor.py:183} INFO - Processing /opt/airflow/dags/dag_estimar_riesgo_disrupcion.py took 0.670 seconds
[2026-07-08T22:42:36.147-0500] {processor.py:161} INFO - Started process (PID=1521) to work on /opt/airflow/dags/dag_estimar_riesgo_disrupcion.py
[2026-07-08T22:42:36.147-0500] {processor.py:830} INFO - Processing file /opt/airflow/dags/dag_estimar_riesgo_disrupcion.py for tasks to queue
[2026-07-08T22:42:36.149-0500] {logging_mixin.py:188} INFO - [2026-07-08T22:42:36.149-0500] {dagbag.py:545} INFO - Filling up the DagBag from /opt/airflow/dags/dag_estimar_riesgo_disrupcion.py
[2026-07-08T22:42:36.700-0500] {processor.py:840} INFO - DAG(s) 'aerotrack_travel_riesgo_disrupcion' retrieved from /opt/airflow/dags/dag_estimar_riesgo_disrupcion.py
[2026-07-08T22:42:36.738-0500] {logging_mixin.py:188} INFO - [2026-07-08T22:42:36.738-0500] {dag.py:3089} INFO - Sync 1 DAGs
[2026-07-08T22:42:36.763-0500] {logging_mixin.py:188} INFO - [2026-07-08T22:42:36.763-0500] {dag.py:3947} INFO - Setting next_dagrun for aerotrack_travel_riesgo_disrupcion to 2026-07-09 00:00:00+00:00, run_after=2026-07-10 00:00:00+00:00
[2026-07-08T22:42:36.783-0500] {processor.py:183} INFO - Processing /opt/airflow/dags/dag_estimar_riesgo_disrupcion.py took 0.641 seconds
[2026-07-08T22:43:07.062-0500] {processor.py:161} INFO - Started process (PID=1538) to work on /opt/airflow/dags/dag_estimar_riesgo_disrupcion.py
[2026-07-08T22:43:07.063-0500] {processor.py:830} INFO - Processing file /opt/airflow/dags/dag_estimar_riesgo_disrupcion.py for tasks to queue
[2026-07-08T22:43:07.064-0500] {logging_mixin.py:188} INFO - [2026-07-08T22:43:07.064-0500] {dagbag.py:545} INFO - Filling up the DagBag from /opt/airflow/dags/dag_estimar_riesgo_disrupcion.py
[2026-07-08T22:43:07.642-0500] {processor.py:840} INFO - DAG(s) 'aerotrack_travel_riesgo_disrupcion' retrieved from /opt/airflow/dags/dag_estimar_riesgo_disrupcion.py
[2026-07-08T22:43:07.670-0500] {logging_mixin.py:188} INFO - [2026-07-08T22:43:07.670-0500] {dag.py:3089} INFO - Sync 1 DAGs
[2026-07-08T22:43:07.685-0500] {logging_mixin.py:188} INFO - [2026-07-08T22:43:07.684-0500] {dag.py:3947} INFO - Setting next_dagrun for aerotrack_travel_riesgo_disrupcion to 2026-07-09 00:00:00+00:00, run_after=2026-07-10 00:00:00+00:00
[2026-07-08T22:43:07.697-0500] {processor.py:183} INFO - Processing /opt/airflow/dags/dag_estimar_riesgo_disrupcion.py took 0.641 seconds
[2026-07-08T22:43:37.953-0500] {processor.py:161} INFO - Started process (PID=1555) to work on /opt/airflow/dags/dag_estimar_riesgo_disrupcion.py
[2026-07-08T22:43:37.954-0500] {processor.py:830} INFO - Processing file /opt/airflow/dags/dag_estimar_riesgo_disrupcion.py for tasks to queue
[2026-07-08T22:43:37.956-0500] {logging_mixin.py:188} INFO - [2026-07-08T22:43:37.956-0500] {dagbag.py:545} INFO - Filling up the DagBag from /opt/airflow/dags/dag_estimar_riesgo_disrupcion.py
[2026-07-08T22:43:38.521-0500] {processor.py:840} INFO - DAG(s) 'aerotrack_travel_riesgo_disrupcion' retrieved from /opt/airflow/dags/dag_estimar_riesgo_disrupcion.py
[2026-07-08T22:43:38.549-0500] {logging_mixin.py:188} INFO - [2026-07-08T22:43:38.549-0500] {dag.py:3089} INFO - Sync 1 DAGs
[2026-07-08T22:43:38.565-0500] {logging_mixin.py:188} INFO - [2026-07-08T22:43:38.565-0500] {dag.py:3947} INFO - Setting next_dagrun for aerotrack_travel_riesgo_disrupcion to 2026-07-09 00:00:00+00:00, run_after=2026-07-10 00:00:00+00:00
[2026-07-08T22:43:38.580-0500] {processor.py:183} INFO - Processing /opt/airflow/dags/dag_estimar_riesgo_disrupcion.py took 0.632 seconds
[2026-07-08T22:44:08.837-0500] {processor.py:161} INFO - Started process (PID=1572) to work on /opt/airflow/dags/dag_estimar_riesgo_disrupcion.py
[2026-07-08T22:44:08.838-0500] {processor.py:830} INFO - Processing file /opt/airflow/dags/dag_estimar_riesgo_disrupcion.py for tasks to queue
[2026-07-08T22:44:08.841-0500] {logging_mixin.py:188} INFO - [2026-07-08T22:44:08.841-0500] {dagbag.py:545} INFO - Filling up the DagBag from /opt/airflow/dags/dag_estimar_riesgo_disrupcion.py
[2026-07-08T22:44:09.414-0500] {processor.py:840} INFO - DAG(s) 'aerotrack_travel_riesgo_disrupcion' retrieved from /opt/airflow/dags/dag_estimar_riesgo_disrupcion.py
[2026-07-08T22:44:09.440-0500] {logging_mixin.py:188} INFO - [2026-07-08T22:44:09.440-0500] {dag.py:3089} INFO - Sync 1 DAGs
[2026-07-08T22:44:09.454-0500] {logging_mixin.py:188} INFO - [2026-07-08T22:44:09.454-0500] {dag.py:3947} INFO - Setting next_dagrun for aerotrack_travel_riesgo_disrupcion to 2026-07-09 00:00:00+00:00, run_after=2026-07-10 00:00:00+00:00
[2026-07-08T22:44:09.467-0500] {processor.py:183} INFO - Processing /opt/airflow/dags/dag_estimar_riesgo_disrupcion.py took 0.635 seconds
[2026-07-08T22:44:39.705-0500] {processor.py:161} INFO - Started process (PID=1589) to work on /opt/airflow/dags/dag_estimar_riesgo_disrupcion.py
[2026-07-08T22:44:39.705-0500] {processor.py:830} INFO - Processing file /opt/airflow/dags/dag_estimar_riesgo_disrupcion.py for tasks to queue
[2026-07-08T22:44:39.708-0500] {logging_mixin.py:188} INFO - [2026-07-08T22:44:39.708-0500] {dagbag.py:545} INFO - Filling up the DagBag from /opt/airflow/dags/dag_estimar_riesgo_disrupcion.py
[2026-07-08T22:44:40.216-0500] {processor.py:840} INFO - DAG(s) 'aerotrack_travel_riesgo_disrupcion' retrieved from /opt/airflow/dags/dag_estimar_riesgo_disrupcion.py
[2026-07-08T22:44:40.242-0500] {logging_mixin.py:188} INFO - [2026-07-08T22:44:40.241-0500] {dag.py:3089} INFO - Sync 1 DAGs
[2026-07-08T22:44:40.256-0500] {logging_mixin.py:188} INFO - [2026-07-08T22:44:40.256-0500] {dag.py:3947} INFO - Setting next_dagrun for aerotrack_travel_riesgo_disrupcion to 2026-07-09 00:00:00+00:00, run_after=2026-07-10 00:00:00+00:00
[2026-07-08T22:44:40.270-0500] {processor.py:183} INFO - Processing /opt/airflow/dags/dag_estimar_riesgo_disrupcion.py took 0.570 seconds
[2026-07-08T22:45:10.525-0500] {processor.py:161} INFO - Started process (PID=1606) to work on /opt/airflow/dags/dag_estimar_riesgo_disrupcion.py
[2026-07-08T22:45:10.526-0500] {processor.py:830} INFO - Processing file /opt/airflow/dags/dag_estimar_riesgo_disrupcion.py for tasks to queue
[2026-07-08T22:45:10.528-0500] {logging_mixin.py:188} INFO - [2026-07-08T22:45:10.528-0500] {dagbag.py:545} INFO - Filling up the DagBag from /opt/airflow/dags/dag_estimar_riesgo_disrupcion.py
[2026-07-08T22:45:11.085-0500] {processor.py:840} INFO - DAG(s) 'aerotrack_travel_riesgo_disrupcion' retrieved from /opt/airflow/dags/dag_estimar_riesgo_disrupcion.py
[2026-07-08T22:45:11.113-0500] {logging_mixin.py:188} INFO - [2026-07-08T22:45:11.112-0500] {dag.py:3089} INFO - Sync 1 DAGs
[2026-07-08T22:45:11.130-0500] {logging_mixin.py:188} INFO - [2026-07-08T22:45:11.130-0500] {dag.py:3947} INFO - Setting next_dagrun for aerotrack_travel_riesgo_disrupcion to 2026-07-09 00:00:00+00:00, run_after=2026-07-10 00:00:00+00:00
[2026-07-08T22:45:11.143-0500] {processor.py:183} INFO - Processing /opt/airflow/dags/dag_estimar_riesgo_disrupcion.py took 0.624 seconds
[2026-07-08T22:45:41.399-0500] {processor.py:161} INFO - Started process (PID=1623) to work on /opt/airflow/dags/dag_estimar_riesgo_disrupcion.py
[2026-07-08T22:45:41.400-0500] {processor.py:830} INFO - Processing file /opt/airflow/dags/dag_estimar_riesgo_disrupcion.py for tasks to queue
[2026-07-08T22:45:41.402-0500] {logging_mixin.py:188} INFO - [2026-07-08T22:45:41.402-0500] {dagbag.py:545} INFO - Filling up the DagBag from /opt/airflow/dags/dag_estimar_riesgo_disrupcion.py
[2026-07-08T22:45:42.000-0500] {processor.py:840} INFO - DAG(s) 'aerotrack_travel_riesgo_disrupcion' retrieved from /opt/airflow/dags/dag_estimar_riesgo_disrupcion.py
[2026-07-08T22:45:42.029-0500] {logging_mixin.py:188} INFO - [2026-07-08T22:45:42.028-0500] {dag.py:3089} INFO - Sync 1 DAGs
[2026-07-08T22:45:42.044-0500] {logging_mixin.py:188} INFO - [2026-07-08T22:45:42.044-0500] {dag.py:3947} INFO - Setting next_dagrun for aerotrack_travel_riesgo_disrupcion to 2026-07-09 00:00:00+00:00, run_after=2026-07-10 00:00:00+00:00
[2026-07-08T22:45:42.058-0500] {processor.py:183} INFO - Processing /opt/airflow/dags/dag_estimar_riesgo_disrupcion.py took 0.664 seconds
[2026-07-08T22:46:12.333-0500] {processor.py:161} INFO - Started process (PID=1640) to work on /opt/airflow/dags/dag_estimar_riesgo_disrupcion.py
[2026-07-08T22:46:12.334-0500] {processor.py:830} INFO - Processing file /opt/airflow/dags/dag_estimar_riesgo_disrupcion.py for tasks to queue
[2026-07-08T22:46:12.336-0500] {logging_mixin.py:188} INFO - [2026-07-08T22:46:12.336-0500] {dagbag.py:545} INFO - Filling up the DagBag from /opt/airflow/dags/dag_estimar_riesgo_disrupcion.py
[2026-07-08T22:46:12.936-0500] {processor.py:840} INFO - DAG(s) 'aerotrack_travel_riesgo_disrupcion' retrieved from /opt/airflow/dags/dag_estimar_riesgo_disrupcion.py
[2026-07-08T22:46:12.969-0500] {logging_mixin.py:188} INFO - [2026-07-08T22:46:12.968-0500] {dag.py:3089} INFO - Sync 1 DAGs
[2026-07-08T22:46:12.983-0500] {logging_mixin.py:188} INFO - [2026-07-08T22:46:12.982-0500] {dag.py:3947} INFO - Setting next_dagrun for aerotrack_travel_riesgo_disrupcion to 2026-07-09 00:00:00+00:00, run_after=2026-07-10 00:00:00+00:00
[2026-07-08T22:46:12.996-0500] {processor.py:183} INFO - Processing /opt/airflow/dags/dag_estimar_riesgo_disrupcion.py took 0.667 seconds
[2026-07-08T22:46:43.237-0500] {processor.py:161} INFO - Started process (PID=1657) to work on /opt/airflow/dags/dag_estimar_riesgo_disrupcion.py
[2026-07-08T22:46:43.238-0500] {processor.py:830} INFO - Processing file /opt/airflow/dags/dag_estimar_riesgo_disrupcion.py for tasks to queue
[2026-07-08T22:46:43.240-0500] {logging_mixin.py:188} INFO - [2026-07-08T22:46:43.240-0500] {dagbag.py:545} INFO - Filling up the DagBag from /opt/airflow/dags/dag_estimar_riesgo_disrupcion.py
[2026-07-08T22:46:43.818-0500] {processor.py:840} INFO - DAG(s) 'aerotrack_travel_riesgo_disrupcion' retrieved from /opt/airflow/dags/dag_estimar_riesgo_disrupcion.py
[2026-07-08T22:46:43.843-0500] {logging_mixin.py:188} INFO - [2026-07-08T22:46:43.842-0500] {dag.py:3089} INFO - Sync 1 DAGs
[2026-07-08T22:46:43.857-0500] {logging_mixin.py:188} INFO - [2026-07-08T22:46:43.857-0500] {dag.py:3947} INFO - Setting next_dagrun for aerotrack_travel_riesgo_disrupcion to 2026-07-09 00:00:00+00:00, run_after=2026-07-10 00:00:00+00:00
[2026-07-08T22:46:43.872-0500] {processor.py:183} INFO - Processing /opt/airflow/dags/dag_estimar_riesgo_disrupcion.py took 0.640 seconds
[2026-07-08T22:47:14.139-0500] {processor.py:161} INFO - Started process (PID=1674) to work on /opt/airflow/dags/dag_estimar_riesgo_disrupcion.py
[2026-07-08T22:47:14.140-0500] {processor.py:830} INFO - Processing file /opt/airflow/dags/dag_estimar_riesgo_disrupcion.py for tasks to queue
[2026-07-08T22:47:14.141-0500] {logging_mixin.py:188} INFO - [2026-07-08T22:47:14.141-0500] {dagbag.py:545} INFO - Filling up the DagBag from /opt/airflow/dags/dag_estimar_riesgo_disrupcion.py
[2026-07-08T22:47:14.730-0500] {processor.py:840} INFO - DAG(s) 'aerotrack_travel_riesgo_disrupcion' retrieved from /opt/airflow/dags/dag_estimar_riesgo_disrupcion.py
[2026-07-08T22:47:14.758-0500] {logging_mixin.py:188} INFO - [2026-07-08T22:47:14.757-0500] {dag.py:3089} INFO - Sync 1 DAGs
[2026-07-08T22:47:14.774-0500] {logging_mixin.py:188} INFO - [2026-07-08T22:47:14.774-0500] {dag.py:3947} INFO - Setting next_dagrun for aerotrack_travel_riesgo_disrupcion to 2026-07-09 00:00:00+00:00, run_after=2026-07-10 00:00:00+00:00
[2026-07-08T22:47:14.790-0500] {processor.py:183} INFO - Processing /opt/airflow/dags/dag_estimar_riesgo_disrupcion.py took 0.656 seconds
[2026-07-08T22:47:45.045-0500] {processor.py:161} INFO - Started process (PID=1691) to work on /opt/airflow/dags/dag_estimar_riesgo_disrupcion.py
[2026-07-08T22:47:45.046-0500] {processor.py:830} INFO - Processing file /opt/airflow/dags/dag_estimar_riesgo_disrupcion.py for tasks to queue
[2026-07-08T22:47:45.047-0500] {logging_mixin.py:188} INFO - [2026-07-08T22:47:45.047-0500] {dagbag.py:545} INFO - Filling up the DagBag from /opt/airflow/dags/dag_estimar_riesgo_disrupcion.py
[2026-07-08T22:47:45.650-0500] {processor.py:840} INFO - DAG(s) 'aerotrack_travel_riesgo_disrupcion' retrieved from /opt/airflow/dags/dag_estimar_riesgo_disrupcion.py
[2026-07-08T22:47:45.680-0500] {logging_mixin.py:188} INFO - [2026-07-08T22:47:45.679-0500] {dag.py:3089} INFO - Sync 1 DAGs
[2026-07-08T22:47:45.697-0500] {logging_mixin.py:188} INFO - [2026-07-08T22:47:45.697-0500] {dag.py:3947} INFO - Setting next_dagrun for aerotrack_travel_riesgo_disrupcion to 2026-07-09 00:00:00+00:00, run_after=2026-07-10 00:00:00+00:00
[2026-07-08T22:47:45.715-0500] {processor.py:183} INFO - Processing /opt/airflow/dags/dag_estimar_riesgo_disrupcion.py took 0.676 seconds
[2026-07-08T22:48:15.992-0500] {processor.py:161} INFO - Started process (PID=1708) to work on /opt/airflow/dags/dag_estimar_riesgo_disrupcion.py
[2026-07-08T22:48:15.993-0500] {processor.py:830} INFO - Processing file /opt/airflow/dags/dag_estimar_riesgo_disrupcion.py for tasks to queue
[2026-07-08T22:48:15.995-0500] {logging_mixin.py:188} INFO - [2026-07-08T22:48:15.995-0500] {dagbag.py:545} INFO - Filling up the DagBag from /opt/airflow/dags/dag_estimar_riesgo_disrupcion.py
[2026-07-08T22:48:16.659-0500] {processor.py:840} INFO - DAG(s) 'aerotrack_travel_riesgo_disrupcion' retrieved from /opt/airflow/dags/dag_estimar_riesgo_disrupcion.py
[2026-07-08T22:48:16.689-0500] {logging_mixin.py:188} INFO - [2026-07-08T22:48:16.688-0500] {dag.py:3089} INFO - Sync 1 DAGs
[2026-07-08T22:48:16.713-0500] {logging_mixin.py:188} INFO - [2026-07-08T22:48:16.713-0500] {dag.py:3947} INFO - Setting next_dagrun for aerotrack_travel_riesgo_disrupcion to 2026-07-09 00:00:00+00:00, run_after=2026-07-10 00:00:00+00:00
[2026-07-08T22:48:16.737-0500] {processor.py:183} INFO - Processing /opt/airflow/dags/dag_estimar_riesgo_disrupcion.py took 0.751 seconds
[2026-07-08T22:48:47.014-0500] {processor.py:161} INFO - Started process (PID=1725) to work on /opt/airflow/dags/dag_estimar_riesgo_disrupcion.py
[2026-07-08T22:48:47.015-0500] {processor.py:830} INFO - Processing file /opt/airflow/dags/dag_estimar_riesgo_disrupcion.py for tasks to queue
[2026-07-08T22:48:47.017-0500] {logging_mixin.py:188} INFO - [2026-07-08T22:48:47.016-0500] {dagbag.py:545} INFO - Filling up the DagBag from /opt/airflow/dags/dag_estimar_riesgo_disrupcion.py
[2026-07-08T22:48:47.639-0500] {processor.py:840} INFO - DAG(s) 'aerotrack_travel_riesgo_disrupcion' retrieved from /opt/airflow/dags/dag_estimar_riesgo_disrupcion.py
[2026-07-08T22:48:47.670-0500] {logging_mixin.py:188} INFO - [2026-07-08T22:48:47.669-0500] {dag.py:3089} INFO - Sync 1 DAGs
[2026-07-08T22:48:47.687-0500] {logging_mixin.py:188} INFO - [2026-07-08T22:48:47.687-0500] {dag.py:3947} INFO - Setting next_dagrun for aerotrack_travel_riesgo_disrupcion to 2026-07-09 00:00:00+00:00, run_after=2026-07-10 00:00:00+00:00
[2026-07-08T22:48:47.705-0500] {processor.py:183} INFO - Processing /opt/airflow/dags/dag_estimar_riesgo_disrupcion.py took 0.696 seconds
[2026-07-08T22:49:17.969-0500] {processor.py:161} INFO - Started process (PID=1742) to work on /opt/airflow/dags/dag_estimar_riesgo_disrupcion.py
[2026-07-08T22:49:17.970-0500] {processor.py:830} INFO - Processing file /opt/airflow/dags/dag_estimar_riesgo_disrupcion.py for tasks to queue
[2026-07-08T22:49:17.971-0500] {logging_mixin.py:188} INFO - [2026-07-08T22:49:17.971-0500] {dagbag.py:545} INFO - Filling up the DagBag from /opt/airflow/dags/dag_estimar_riesgo_disrupcion.py
[2026-07-08T22:49:18.482-0500] {processor.py:840} INFO - DAG(s) 'aerotrack_travel_riesgo_disrupcion' retrieved from /opt/airflow/dags/dag_estimar_riesgo_disrupcion.py
[2026-07-08T22:49:18.507-0500] {logging_mixin.py:188} INFO - [2026-07-08T22:49:18.507-0500] {dag.py:3089} INFO - Sync 1 DAGs
[2026-07-08T22:49:18.521-0500] {logging_mixin.py:188} INFO - [2026-07-08T22:49:18.521-0500] {dag.py:3947} INFO - Setting next_dagrun for aerotrack_travel_riesgo_disrupcion to 2026-07-09 00:00:00+00:00, run_after=2026-07-10 00:00:00+00:00
[2026-07-08T22:49:18.534-0500] {processor.py:183} INFO - Processing /opt/airflow/dags/dag_estimar_riesgo_disrupcion.py took 0.569 seconds
[2026-07-08T22:49:48.768-0500] {processor.py:161} INFO - Started process (PID=1759) to work on /opt/airflow/dags/dag_estimar_riesgo_disrupcion.py
[2026-07-08T22:49:48.769-0500] {processor.py:830} INFO - Processing file /opt/airflow/dags/dag_estimar_riesgo_disrupcion.py for tasks to queue
[2026-07-08T22:49:48.771-0500] {logging_mixin.py:188} INFO - [2026-07-08T22:49:48.770-0500] {dagbag.py:545} INFO - Filling up the DagBag from /opt/airflow/dags/dag_estimar_riesgo_disrupcion.py
[2026-07-08T22:49:49.361-0500] {processor.py:840} INFO - DAG(s) 'aerotrack_travel_riesgo_disrupcion' retrieved from /opt/airflow/dags/dag_estimar_riesgo_disrupcion.py
[2026-07-08T22:49:49.390-0500] {logging_mixin.py:188} INFO - [2026-07-08T22:49:49.389-0500] {dag.py:3089} INFO - Sync 1 DAGs
[2026-07-08T22:49:49.403-0500] {logging_mixin.py:188} INFO - [2026-07-08T22:49:49.403-0500] {dag.py:3947} INFO - Setting next_dagrun for aerotrack_travel_riesgo_disrupcion to 2026-07-09 00:00:00+00:00, run_after=2026-07-10 00:00:00+00:00
[2026-07-08T22:49:49.417-0500] {processor.py:183} INFO - Processing /opt/airflow/dags/dag_estimar_riesgo_disrupcion.py took 0.655 seconds
[2026-07-08T22:50:19.664-0500] {processor.py:161} INFO - Started process (PID=1776) to work on /opt/airflow/dags/dag_estimar_riesgo_disrupcion.py
[2026-07-08T22:50:19.665-0500] {processor.py:830} INFO - Processing file /opt/airflow/dags/dag_estimar_riesgo_disrupcion.py for tasks to queue
[2026-07-08T22:50:19.667-0500] {logging_mixin.py:188} INFO - [2026-07-08T22:50:19.666-0500] {dagbag.py:545} INFO - Filling up the DagBag from /opt/airflow/dags/dag_estimar_riesgo_disrupcion.py
[2026-07-08T22:50:20.426-0500] {processor.py:840} INFO - DAG(s) 'aerotrack_travel_riesgo_disrupcion' retrieved from /opt/airflow/dags/dag_estimar_riesgo_disrupcion.py
[2026-07-08T22:50:20.463-0500] {logging_mixin.py:188} INFO - [2026-07-08T22:50:20.463-0500] {dag.py:3089} INFO - Sync 1 DAGs
[2026-07-08T22:50:20.485-0500] {logging_mixin.py:188} INFO - [2026-07-08T22:50:20.485-0500] {dag.py:3947} INFO - Setting next_dagrun for aerotrack_travel_riesgo_disrupcion to 2026-07-09 00:00:00+00:00, run_after=2026-07-10 00:00:00+00:00
[2026-07-08T22:50:20.516-0500] {processor.py:183} INFO - Processing /opt/airflow/dags/dag_estimar_riesgo_disrupcion.py took 0.859 seconds
[2026-07-08T22:50:50.791-0500] {processor.py:161} INFO - Started process (PID=1793) to work on /opt/airflow/dags/dag_estimar_riesgo_disrupcion.py
[2026-07-08T22:50:50.792-0500] {processor.py:830} INFO - Processing file /opt/airflow/dags/dag_estimar_riesgo_disrupcion.py for tasks to queue
[2026-07-08T22:50:50.793-0500] {logging_mixin.py:188} INFO - [2026-07-08T22:50:50.793-0500] {dagbag.py:545} INFO - Filling up the DagBag from /opt/airflow/dags/dag_estimar_riesgo_disrupcion.py
[2026-07-08T22:50:51.359-0500] {processor.py:840} INFO - DAG(s) 'aerotrack_travel_riesgo_disrupcion' retrieved from /opt/airflow/dags/dag_estimar_riesgo_disrupcion.py
[2026-07-08T22:50:51.404-0500] {logging_mixin.py:188} INFO - [2026-07-08T22:50:51.403-0500] {dag.py:3089} INFO - Sync 1 DAGs
[2026-07-08T22:50:51.420-0500] {logging_mixin.py:188} INFO - [2026-07-08T22:50:51.420-0500] {dag.py:3947} INFO - Setting next_dagrun for aerotrack_travel_riesgo_disrupcion to 2026-07-09 00:00:00+00:00, run_after=2026-07-10 00:00:00+00:00
[2026-07-08T22:50:51.436-0500] {processor.py:183} INFO - Processing /opt/airflow/dags/dag_estimar_riesgo_disrupcion.py took 0.649 seconds
[2026-07-08T22:51:21.747-0500] {processor.py:161} INFO - Started process (PID=1810) to work on /opt/airflow/dags/dag_estimar_riesgo_disrupcion.py
[2026-07-08T22:51:21.748-0500] {processor.py:830} INFO - Processing file /opt/airflow/dags/dag_estimar_riesgo_disrupcion.py for tasks to queue
[2026-07-08T22:51:21.750-0500] {logging_mixin.py:188} INFO - [2026-07-08T22:51:21.749-0500] {dagbag.py:545} INFO - Filling up the DagBag from /opt/airflow/dags/dag_estimar_riesgo_disrupcion.py
[2026-07-08T22:51:22.551-0500] {processor.py:840} INFO - DAG(s) 'aerotrack_travel_riesgo_disrupcion' retrieved from /opt/airflow/dags/dag_estimar_riesgo_disrupcion.py
[2026-07-08T22:51:22.595-0500] {logging_mixin.py:188} INFO - [2026-07-08T22:51:22.594-0500] {dag.py:3089} INFO - Sync 1 DAGs
[2026-07-08T22:51:22.626-0500] {logging_mixin.py:188} INFO - [2026-07-08T22:51:22.626-0500] {dag.py:3947} INFO - Setting next_dagrun for aerotrack_travel_riesgo_disrupcion to 2026-07-09 00:00:00+00:00, run_after=2026-07-10 00:00:00+00:00
[2026-07-08T22:51:22.655-0500] {processor.py:183} INFO - Processing /opt/airflow/dags/dag_estimar_riesgo_disrupcion.py took 0.913 seconds
[2026-07-08T22:51:52.960-0500] {processor.py:161} INFO - Started process (PID=1827) to work on /opt/airflow/dags/dag_estimar_riesgo_disrupcion.py
[2026-07-08T22:51:52.961-0500] {processor.py:830} INFO - Processing file /opt/airflow/dags/dag_estimar_riesgo_disrupcion.py for tasks to queue
[2026-07-08T22:51:52.963-0500] {logging_mixin.py:188} INFO - [2026-07-08T22:51:52.963-0500] {dagbag.py:545} INFO - Filling up the DagBag from /opt/airflow/dags/dag_estimar_riesgo_disrupcion.py
[2026-07-08T22:51:53.536-0500] {processor.py:840} INFO - DAG(s) 'aerotrack_travel_riesgo_disrupcion' retrieved from /opt/airflow/dags/dag_estimar_riesgo_disrupcion.py
[2026-07-08T22:51:53.564-0500] {logging_mixin.py:188} INFO - [2026-07-08T22:51:53.564-0500] {dag.py:3089} INFO - Sync 1 DAGs
[2026-07-08T22:51:53.578-0500] {logging_mixin.py:188} INFO - [2026-07-08T22:51:53.578-0500] {dag.py:3947} INFO - Setting next_dagrun for aerotrack_travel_riesgo_disrupcion to 2026-07-09 00:00:00+00:00, run_after=2026-07-10 00:00:00+00:00
[2026-07-08T22:51:53.592-0500] {processor.py:183} INFO - Processing /opt/airflow/dags/dag_estimar_riesgo_disrupcion.py took 0.637 seconds
[2026-07-08T22:52:23.851-0500] {processor.py:161} INFO - Started process (PID=1844) to work on /opt/airflow/dags/dag_estimar_riesgo_disrupcion.py
[2026-07-08T22:52:23.852-0500] {processor.py:830} INFO - Processing file /opt/airflow/dags/dag_estimar_riesgo_disrupcion.py for tasks to queue
[2026-07-08T22:52:23.854-0500] {logging_mixin.py:188} INFO - [2026-07-08T22:52:23.853-0500] {dagbag.py:545} INFO - Filling up the DagBag from /opt/airflow/dags/dag_estimar_riesgo_disrupcion.py
[2026-07-08T22:52:24.439-0500] {processor.py:840} INFO - DAG(s) 'aerotrack_travel_riesgo_disrupcion' retrieved from /opt/airflow/dags/dag_estimar_riesgo_disrupcion.py
[2026-07-08T22:52:24.464-0500] {logging_mixin.py:188} INFO - [2026-07-08T22:52:24.464-0500] {dag.py:3089} INFO - Sync 1 DAGs
[2026-07-08T22:52:24.479-0500] {logging_mixin.py:188} INFO - [2026-07-08T22:52:24.478-0500] {dag.py:3947} INFO - Setting next_dagrun for aerotrack_travel_riesgo_disrupcion to 2026-07-09 00:00:00+00:00, run_after=2026-07-10 00:00:00+00:00
[2026-07-08T22:52:24.492-0500] {processor.py:183} INFO - Processing /opt/airflow/dags/dag_estimar_riesgo_disrupcion.py took 0.646 seconds
[2026-07-08T22:52:54.729-0500] {processor.py:161} INFO - Started process (PID=1861) to work on /opt/airflow/dags/dag_estimar_riesgo_disrupcion.py
[2026-07-08T22:52:54.730-0500] {processor.py:830} INFO - Processing file /opt/airflow/dags/dag_estimar_riesgo_disrupcion.py for tasks to queue
[2026-07-08T22:52:54.731-0500] {logging_mixin.py:188} INFO - [2026-07-08T22:52:54.731-0500] {dagbag.py:545} INFO - Filling up the DagBag from /opt/airflow/dags/dag_estimar_riesgo_disrupcion.py
[2026-07-08T22:52:55.306-0500] {processor.py:840} INFO - DAG(s) 'aerotrack_travel_riesgo_disrupcion' retrieved from /opt/airflow/dags/dag_estimar_riesgo_disrupcion.py
[2026-07-08T22:52:55.334-0500] {logging_mixin.py:188} INFO - [2026-07-08T22:52:55.334-0500] {dag.py:3089} INFO - Sync 1 DAGs
[2026-07-08T22:52:55.350-0500] {logging_mixin.py:188} INFO - [2026-07-08T22:52:55.350-0500] {dag.py:3947} INFO - Setting next_dagrun for aerotrack_travel_riesgo_disrupcion to 2026-07-09 00:00:00+00:00, run_after=2026-07-10 00:00:00+00:00
[2026-07-08T22:52:55.366-0500] {processor.py:183} INFO - Processing /opt/airflow/dags/dag_estimar_riesgo_disrupcion.py took 0.642 seconds
[2026-07-08T22:53:25.605-0500] {processor.py:161} INFO - Started process (PID=1878) to work on /opt/airflow/dags/dag_estimar_riesgo_disrupcion.py
[2026-07-08T22:53:25.606-0500] {processor.py:830} INFO - Processing file /opt/airflow/dags/dag_estimar_riesgo_disrupcion.py for tasks to queue
[2026-07-08T22:53:25.608-0500] {logging_mixin.py:188} INFO - [2026-07-08T22:53:25.607-0500] {dagbag.py:545} INFO - Filling up the DagBag from /opt/airflow/dags/dag_estimar_riesgo_disrupcion.py
[2026-07-08T22:53:26.143-0500] {processor.py:840} INFO - DAG(s) 'aerotrack_travel_riesgo_disrupcion' retrieved from /opt/airflow/dags/dag_estimar_riesgo_disrupcion.py
[2026-07-08T22:53:26.169-0500] {logging_mixin.py:188} INFO - [2026-07-08T22:53:26.169-0500] {dag.py:3089} INFO - Sync 1 DAGs
[2026-07-08T22:53:26.183-0500] {logging_mixin.py:188} INFO - [2026-07-08T22:53:26.183-0500] {dag.py:3947} INFO - Setting next_dagrun for aerotrack_travel_riesgo_disrupcion to 2026-07-09 00:00:00+00:00, run_after=2026-07-10 00:00:00+00:00
[2026-07-08T22:53:26.196-0500] {processor.py:183} INFO - Processing /opt/airflow/dags/dag_estimar_riesgo_disrupcion.py took 0.595 seconds
[2026-07-08T22:53:56.424-0500] {processor.py:161} INFO - Started process (PID=1895) to work on /opt/airflow/dags/dag_estimar_riesgo_disrupcion.py
[2026-07-08T22:53:56.425-0500] {processor.py:830} INFO - Processing file /opt/airflow/dags/dag_estimar_riesgo_disrupcion.py for tasks to queue
[2026-07-08T22:53:56.426-0500] {logging_mixin.py:188} INFO - [2026-07-08T22:53:56.426-0500] {dagbag.py:545} INFO - Filling up the DagBag from /opt/airflow/dags/dag_estimar_riesgo_disrupcion.py
[2026-07-08T22:53:56.973-0500] {processor.py:840} INFO - DAG(s) 'aerotrack_travel_riesgo_disrupcion' retrieved from /opt/airflow/dags/dag_estimar_riesgo_disrupcion.py
[2026-07-08T22:53:57.000-0500] {logging_mixin.py:188} INFO - [2026-07-08T22:53:56.999-0500] {dag.py:3089} INFO - Sync 1 DAGs
[2026-07-08T22:53:57.014-0500] {logging_mixin.py:188} INFO - [2026-07-08T22:53:57.014-0500] {dag.py:3947} INFO - Setting next_dagrun for aerotrack_travel_riesgo_disrupcion to 2026-07-09 00:00:00+00:00, run_after=2026-07-10 00:00:00+00:00
[2026-07-08T22:53:57.030-0500] {processor.py:183} INFO - Processing /opt/airflow/dags/dag_estimar_riesgo_disrupcion.py took 0.611 seconds
[2026-07-08T22:54:27.275-0500] {processor.py:161} INFO - Started process (PID=1912) to work on /opt/airflow/dags/dag_estimar_riesgo_disrupcion.py
[2026-07-08T22:54:27.276-0500] {processor.py:830} INFO - Processing file /opt/airflow/dags/dag_estimar_riesgo_disrupcion.py for tasks to queue
[2026-07-08T22:54:27.278-0500] {logging_mixin.py:188} INFO - [2026-07-08T22:54:27.277-0500] {dagbag.py:545} INFO - Filling up the DagBag from /opt/airflow/dags/dag_estimar_riesgo_disrupcion.py
[2026-07-08T22:54:27.894-0500] {processor.py:840} INFO - DAG(s) 'aerotrack_travel_riesgo_disrupcion' retrieved from /opt/airflow/dags/dag_estimar_riesgo_disrupcion.py
[2026-07-08T22:54:27.920-0500] {logging_mixin.py:188} INFO - [2026-07-08T22:54:27.920-0500] {dag.py:3089} INFO - Sync 1 DAGs
[2026-07-08T22:54:27.939-0500] {logging_mixin.py:188} INFO - [2026-07-08T22:54:27.939-0500] {dag.py:3947} INFO - Setting next_dagrun for aerotrack_travel_riesgo_disrupcion to 2026-07-09 00:00:00+00:00, run_after=2026-07-10 00:00:00+00:00
[2026-07-08T22:54:27.954-0500] {processor.py:183} INFO - Processing /opt/airflow/dags/dag_estimar_riesgo_disrupcion.py took 0.685 seconds
[2026-07-08T22:54:58.227-0500] {processor.py:161} INFO - Started process (PID=1929) to work on /opt/airflow/dags/dag_estimar_riesgo_disrupcion.py
[2026-07-08T22:54:58.228-0500] {processor.py:830} INFO - Processing file /opt/airflow/dags/dag_estimar_riesgo_disrupcion.py for tasks to queue
[2026-07-08T22:54:58.229-0500] {logging_mixin.py:188} INFO - [2026-07-08T22:54:58.229-0500] {dagbag.py:545} INFO - Filling up the DagBag from /opt/airflow/dags/dag_estimar_riesgo_disrupcion.py
[2026-07-08T22:54:58.759-0500] {processor.py:840} INFO - DAG(s) 'aerotrack_travel_riesgo_disrupcion' retrieved from /opt/airflow/dags/dag_estimar_riesgo_disrupcion.py
[2026-07-08T22:54:58.786-0500] {logging_mixin.py:188} INFO - [2026-07-08T22:54:58.785-0500] {dag.py:3089} INFO - Sync 1 DAGs
[2026-07-08T22:54:58.801-0500] {logging_mixin.py:188} INFO - [2026-07-08T22:54:58.801-0500] {dag.py:3947} INFO - Setting next_dagrun for aerotrack_travel_riesgo_disrupcion to 2026-07-09 00:00:00+00:00, run_after=2026-07-10 00:00:00+00:00
[2026-07-08T22:54:58.814-0500] {processor.py:183} INFO - Processing /opt/airflow/dags/dag_estimar_riesgo_disrupcion.py took 0.593 seconds
[2026-07-08T22:55:29.060-0500] {processor.py:161} INFO - Started process (PID=1946) to work on /opt/airflow/dags/dag_estimar_riesgo_disrupcion.py
[2026-07-08T22:55:29.061-0500] {processor.py:830} INFO - Processing file /opt/airflow/dags/dag_estimar_riesgo_disrupcion.py for tasks to queue
[2026-07-08T22:55:29.063-0500] {logging_mixin.py:188} INFO - [2026-07-08T22:55:29.063-0500] {dagbag.py:545} INFO - Filling up the DagBag from /opt/airflow/dags/dag_estimar_riesgo_disrupcion.py
[2026-07-08T22:55:29.600-0500] {processor.py:840} INFO - DAG(s) 'aerotrack_travel_riesgo_disrupcion' retrieved from /opt/airflow/dags/dag_estimar_riesgo_disrupcion.py
[2026-07-08T22:55:29.629-0500] {logging_mixin.py:188} INFO - [2026-07-08T22:55:29.629-0500] {dag.py:3089} INFO - Sync 1 DAGs
[2026-07-08T22:55:29.644-0500] {logging_mixin.py:188} INFO - [2026-07-08T22:55:29.644-0500] {dag.py:3947} INFO - Setting next_dagrun for aerotrack_travel_riesgo_disrupcion to 2026-07-09 00:00:00+00:00, run_after=2026-07-10 00:00:00+00:00
[2026-07-08T22:55:29.660-0500] {processor.py:183} INFO - Processing /opt/airflow/dags/dag_estimar_riesgo_disrupcion.py took 0.604 seconds
[2026-07-08T22:55:59.907-0500] {processor.py:161} INFO - Started process (PID=1963) to work on /opt/airflow/dags/dag_estimar_riesgo_disrupcion.py
[2026-07-08T22:55:59.907-0500] {processor.py:830} INFO - Processing file /opt/airflow/dags/dag_estimar_riesgo_disrupcion.py for tasks to queue
[2026-07-08T22:55:59.909-0500] {logging_mixin.py:188} INFO - [2026-07-08T22:55:59.909-0500] {dagbag.py:545} INFO - Filling up the DagBag from /opt/airflow/dags/dag_estimar_riesgo_disrupcion.py
[2026-07-08T22:56:00.446-0500] {processor.py:840} INFO - DAG(s) 'aerotrack_travel_riesgo_disrupcion' retrieved from /opt/airflow/dags/dag_estimar_riesgo_disrupcion.py
[2026-07-08T22:56:00.474-0500] {logging_mixin.py:188} INFO - [2026-07-08T22:56:00.473-0500] {dag.py:3089} INFO - Sync 1 DAGs
[2026-07-08T22:56:00.488-0500] {logging_mixin.py:188} INFO - [2026-07-08T22:56:00.488-0500] {dag.py:3947} INFO - Setting next_dagrun for aerotrack_travel_riesgo_disrupcion to 2026-07-09 00:00:00+00:00, run_after=2026-07-10 00:00:00+00:00
[2026-07-08T22:56:00.504-0500] {processor.py:183} INFO - Processing /opt/airflow/dags/dag_estimar_riesgo_disrupcion.py took 0.603 seconds
[2026-07-08T22:56:30.815-0500] {processor.py:161} INFO - Started process (PID=1980) to work on /opt/airflow/dags/dag_estimar_riesgo_disrupcion.py
[2026-07-08T22:56:30.816-0500] {processor.py:830} INFO - Processing file /opt/airflow/dags/dag_estimar_riesgo_disrupcion.py for tasks to queue
[2026-07-08T22:56:30.818-0500] {logging_mixin.py:188} INFO - [2026-07-08T22:56:30.818-0500] {dagbag.py:545} INFO - Filling up the DagBag from /opt/airflow/dags/dag_estimar_riesgo_disrupcion.py
[2026-07-08T22:56:31.373-0500] {processor.py:840} INFO - DAG(s) 'aerotrack_travel_riesgo_disrupcion' retrieved from /opt/airflow/dags/dag_estimar_riesgo_disrupcion.py
[2026-07-08T22:56:31.399-0500] {logging_mixin.py:188} INFO - [2026-07-08T22:56:31.399-0500] {dag.py:3089} INFO - Sync 1 DAGs
[2026-07-08T22:56:31.415-0500] {logging_mixin.py:188} INFO - [2026-07-08T22:56:31.415-0500] {dag.py:3947} INFO - Setting next_dagrun for aerotrack_travel_riesgo_disrupcion to 2026-07-09 00:00:00+00:00, run_after=2026-07-10 00:00:00+00:00
[2026-07-08T22:56:31.432-0500] {processor.py:183} INFO - Processing /opt/airflow/dags/dag_estimar_riesgo_disrupcion.py took 0.621 seconds
[2026-07-08T22:57:01.681-0500] {processor.py:161} INFO - Started process (PID=1997) to work on /opt/airflow/dags/dag_estimar_riesgo_disrupcion.py
[2026-07-08T22:57:01.682-0500] {processor.py:830} INFO - Processing file /opt/airflow/dags/dag_estimar_riesgo_disrupcion.py for tasks to queue
[2026-07-08T22:57:01.684-0500] {logging_mixin.py:188} INFO - [2026-07-08T22:57:01.684-0500] {dagbag.py:545} INFO - Filling up the DagBag from /opt/airflow/dags/dag_estimar_riesgo_disrupcion.py
[2026-07-08T22:57:02.300-0500] {processor.py:840} INFO - DAG(s) 'aerotrack_travel_riesgo_disrupcion' retrieved from /opt/airflow/dags/dag_estimar_riesgo_disrupcion.py
[2026-07-08T22:57:02.335-0500] {logging_mixin.py:188} INFO - [2026-07-08T22:57:02.335-0500] {dag.py:3089} INFO - Sync 1 DAGs
[2026-07-08T22:57:02.353-0500] {logging_mixin.py:188} INFO - [2026-07-08T22:57:02.353-0500] {dag.py:3947} INFO - Setting next_dagrun for aerotrack_travel_riesgo_disrupcion to 2026-07-09 00:00:00+00:00, run_after=2026-07-10 00:00:00+00:00
[2026-07-08T22:57:02.383-0500] {processor.py:183} INFO - Processing /opt/airflow/dags/dag_estimar_riesgo_disrupcion.py took 0.706 seconds
[2026-07-08T22:57:32.631-0500] {processor.py:161} INFO - Started process (PID=2014) to work on /opt/airflow/dags/dag_estimar_riesgo_disrupcion.py
[2026-07-08T22:57:32.632-0500] {processor.py:830} INFO - Processing file /opt/airflow/dags/dag_estimar_riesgo_disrupcion.py for tasks to queue
[2026-07-08T22:57:32.634-0500] {logging_mixin.py:188} INFO - [2026-07-08T22:57:32.634-0500] {dagbag.py:545} INFO - Filling up the DagBag from /opt/airflow/dags/dag_estimar_riesgo_disrupcion.py
[2026-07-08T22:57:33.214-0500] {processor.py:840} INFO - DAG(s) 'aerotrack_travel_riesgo_disrupcion' retrieved from /opt/airflow/dags/dag_estimar_riesgo_disrupcion.py
[2026-07-08T22:57:33.245-0500] {logging_mixin.py:188} INFO - [2026-07-08T22:57:33.244-0500] {dag.py:3089} INFO - Sync 1 DAGs
[2026-07-08T22:57:33.264-0500] {logging_mixin.py:188} INFO - [2026-07-08T22:57:33.263-0500] {dag.py:3947} INFO - Setting next_dagrun for aerotrack_travel_riesgo_disrupcion to 2026-07-09 00:00:00+00:00, run_after=2026-07-10 00:00:00+00:00
[2026-07-08T22:57:33.281-0500] {processor.py:183} INFO - Processing /opt/airflow/dags/dag_estimar_riesgo_disrupcion.py took 0.655 seconds
[2026-07-08T22:58:03.525-0500] {processor.py:161} INFO - Started process (PID=2031) to work on /opt/airflow/dags/dag_estimar_riesgo_disrupcion.py
[2026-07-08T22:58:03.526-0500] {processor.py:830} INFO - Processing file /opt/airflow/dags/dag_estimar_riesgo_disrupcion.py for tasks to queue
[2026-07-08T22:58:03.528-0500] {logging_mixin.py:188} INFO - [2026-07-08T22:58:03.528-0500] {dagbag.py:545} INFO - Filling up the DagBag from /opt/airflow/dags/dag_estimar_riesgo_disrupcion.py
[2026-07-08T22:58:04.041-0500] {processor.py:840} INFO - DAG(s) 'aerotrack_travel_riesgo_disrupcion' retrieved from /opt/airflow/dags/dag_estimar_riesgo_disrupcion.py
[2026-07-08T22:58:04.067-0500] {logging_mixin.py:188} INFO - [2026-07-08T22:58:04.067-0500] {dag.py:3089} INFO - Sync 1 DAGs
[2026-07-08T22:58:04.080-0500] {logging_mixin.py:188} INFO - [2026-07-08T22:58:04.080-0500] {dag.py:3947} INFO - Setting next_dagrun for aerotrack_travel_riesgo_disrupcion to 2026-07-09 00:00:00+00:00, run_after=2026-07-10 00:00:00+00:00
[2026-07-08T22:58:04.092-0500] {processor.py:183} INFO - Processing /opt/airflow/dags/dag_estimar_riesgo_disrupcion.py took 0.571 seconds
[2026-07-08T22:58:34.337-0500] {processor.py:161} INFO - Started process (PID=2048) to work on /opt/airflow/dags/dag_estimar_riesgo_disrupcion.py
[2026-07-08T22:58:34.339-0500] {processor.py:830} INFO - Processing file /opt/airflow/dags/dag_estimar_riesgo_disrupcion.py for tasks to queue
[2026-07-08T22:58:34.344-0500] {logging_mixin.py:188} INFO - [2026-07-08T22:58:34.342-0500] {dagbag.py:545} INFO - Filling up the DagBag from /opt/airflow/dags/dag_estimar_riesgo_disrupcion.py
[2026-07-08T22:58:34.995-0500] {processor.py:840} INFO - DAG(s) 'aerotrack_travel_riesgo_disrupcion' retrieved from /opt/airflow/dags/dag_estimar_riesgo_disrupcion.py
[2026-07-08T22:58:35.028-0500] {logging_mixin.py:188} INFO - [2026-07-08T22:58:35.028-0500] {dag.py:3089} INFO - Sync 1 DAGs
[2026-07-08T22:58:35.044-0500] {logging_mixin.py:188} INFO - [2026-07-08T22:58:35.044-0500] {dag.py:3947} INFO - Setting next_dagrun for aerotrack_travel_riesgo_disrupcion to 2026-07-09 00:00:00+00:00, run_after=2026-07-10 00:00:00+00:00
[2026-07-08T22:58:35.061-0500] {processor.py:183} INFO - Processing /opt/airflow/dags/dag_estimar_riesgo_disrupcion.py took 0.733 seconds
[2026-07-08T22:59:05.308-0500] {processor.py:161} INFO - Started process (PID=2065) to work on /opt/airflow/dags/dag_estimar_riesgo_disrupcion.py
[2026-07-08T22:59:05.309-0500] {processor.py:830} INFO - Processing file /opt/airflow/dags/dag_estimar_riesgo_disrupcion.py for tasks to queue
[2026-07-08T22:59:05.311-0500] {logging_mixin.py:188} INFO - [2026-07-08T22:59:05.311-0500] {dagbag.py:545} INFO - Filling up the DagBag from /opt/airflow/dags/dag_estimar_riesgo_disrupcion.py
[2026-07-08T22:59:05.949-0500] {processor.py:840} INFO - DAG(s) 'aerotrack_travel_riesgo_disrupcion' retrieved from /opt/airflow/dags/dag_estimar_riesgo_disrupcion.py
[2026-07-08T22:59:06.011-0500] {logging_mixin.py:188} INFO - [2026-07-08T22:59:06.010-0500] {dag.py:3089} INFO - Sync 1 DAGs
[2026-07-08T22:59:06.046-0500] {logging_mixin.py:188} INFO - [2026-07-08T22:59:06.046-0500] {dag.py:3947} INFO - Setting next_dagrun for aerotrack_travel_riesgo_disrupcion to 2026-07-09 00:00:00+00:00, run_after=2026-07-10 00:00:00+00:00
[2026-07-08T22:59:06.065-0500] {processor.py:183} INFO - Processing /opt/airflow/dags/dag_estimar_riesgo_disrupcion.py took 0.762 seconds
[2026-07-08T22:59:36.308-0500] {processor.py:161} INFO - Started process (PID=2082) to work on /opt/airflow/dags/dag_estimar_riesgo_disrupcion.py
[2026-07-08T22:59:36.308-0500] {processor.py:830} INFO - Processing file /opt/airflow/dags/dag_estimar_riesgo_disrupcion.py for tasks to queue
[2026-07-08T22:59:36.310-0500] {logging_mixin.py:188} INFO - [2026-07-08T22:59:36.310-0500] {dagbag.py:545} INFO - Filling up the DagBag from /opt/airflow/dags/dag_estimar_riesgo_disrupcion.py
[2026-07-08T22:59:36.876-0500] {processor.py:840} INFO - DAG(s) 'aerotrack_travel_riesgo_disrupcion' retrieved from /opt/airflow/dags/dag_estimar_riesgo_disrupcion.py
[2026-07-08T22:59:36.905-0500] {logging_mixin.py:188} INFO - [2026-07-08T22:59:36.904-0500] {dag.py:3089} INFO - Sync 1 DAGs
[2026-07-08T22:59:36.920-0500] {logging_mixin.py:188} INFO - [2026-07-08T22:59:36.920-0500] {dag.py:3947} INFO - Setting next_dagrun for aerotrack_travel_riesgo_disrupcion to 2026-07-09 00:00:00+00:00, run_after=2026-07-10 00:00:00+00:00
[2026-07-08T22:59:36.939-0500] {processor.py:183} INFO - Processing /opt/airflow/dags/dag_estimar_riesgo_disrupcion.py took 0.636 seconds
[2026-07-08T23:00:07.179-0500] {processor.py:161} INFO - Started process (PID=2099) to work on /opt/airflow/dags/dag_estimar_riesgo_disrupcion.py
[2026-07-08T23:00:07.180-0500] {processor.py:830} INFO - Processing file /opt/airflow/dags/dag_estimar_riesgo_disrupcion.py for tasks to queue
[2026-07-08T23:00:07.182-0500] {logging_mixin.py:188} INFO - [2026-07-08T23:00:07.181-0500] {dagbag.py:545} INFO - Filling up the DagBag from /opt/airflow/dags/dag_estimar_riesgo_disrupcion.py
[2026-07-08T23:00:07.710-0500] {processor.py:840} INFO - DAG(s) 'aerotrack_travel_riesgo_disrupcion' retrieved from /opt/airflow/dags/dag_estimar_riesgo_disrupcion.py
[2026-07-08T23:00:07.737-0500] {logging_mixin.py:188} INFO - [2026-07-08T23:00:07.737-0500] {dag.py:3089} INFO - Sync 1 DAGs
[2026-07-08T23:00:07.752-0500] {logging_mixin.py:188} INFO - [2026-07-08T23:00:07.752-0500] {dag.py:3947} INFO - Setting next_dagrun for aerotrack_travel_riesgo_disrupcion to 2026-07-09 00:00:00+00:00, run_after=2026-07-10 00:00:00+00:00
[2026-07-08T23:00:07.767-0500] {processor.py:183} INFO - Processing /opt/airflow/dags/dag_estimar_riesgo_disrupcion.py took 0.593 seconds
[2026-07-08T23:00:38.020-0500] {processor.py:161} INFO - Started process (PID=2116) to work on /opt/airflow/dags/dag_estimar_riesgo_disrupcion.py
[2026-07-08T23:00:38.021-0500] {processor.py:830} INFO - Processing file /opt/airflow/dags/dag_estimar_riesgo_disrupcion.py for tasks to queue
[2026-07-08T23:00:38.023-0500] {logging_mixin.py:188} INFO - [2026-07-08T23:00:38.023-0500] {dagbag.py:545} INFO - Filling up the DagBag from /opt/airflow/dags/dag_estimar_riesgo_disrupcion.py
[2026-07-08T23:00:38.590-0500] {processor.py:840} INFO - DAG(s) 'aerotrack_travel_riesgo_disrupcion' retrieved from /opt/airflow/dags/dag_estimar_riesgo_disrupcion.py
[2026-07-08T23:00:38.616-0500] {logging_mixin.py:188} INFO - [2026-07-08T23:00:38.615-0500] {dag.py:3089} INFO - Sync 1 DAGs
[2026-07-08T23:00:38.631-0500] {logging_mixin.py:188} INFO - [2026-07-08T23:00:38.630-0500] {dag.py:3947} INFO - Setting next_dagrun for aerotrack_travel_riesgo_disrupcion to 2026-07-09 00:00:00+00:00, run_after=2026-07-10 00:00:00+00:00
[2026-07-08T23:00:38.646-0500] {processor.py:183} INFO - Processing /opt/airflow/dags/dag_estimar_riesgo_disrupcion.py took 0.630 seconds
[2026-07-08T23:01:09.021-0500] {processor.py:161} INFO - Started process (PID=2133) to work on /opt/airflow/dags/dag_estimar_riesgo_disrupcion.py
[2026-07-08T23:01:09.022-0500] {processor.py:830} INFO - Processing file /opt/airflow/dags/dag_estimar_riesgo_disrupcion.py for tasks to queue
[2026-07-08T23:01:09.024-0500] {logging_mixin.py:188} INFO - [2026-07-08T23:01:09.024-0500] {dagbag.py:545} INFO - Filling up the DagBag from /opt/airflow/dags/dag_estimar_riesgo_disrupcion.py
[2026-07-08T23:01:09.677-0500] {processor.py:840} INFO - DAG(s) 'aerotrack_travel_riesgo_disrupcion' retrieved from /opt/airflow/dags/dag_estimar_riesgo_disrupcion.py
[2026-07-08T23:01:09.709-0500] {logging_mixin.py:188} INFO - [2026-07-08T23:01:09.708-0500] {dag.py:3089} INFO - Sync 1 DAGs
[2026-07-08T23:01:09.724-0500] {logging_mixin.py:188} INFO - [2026-07-08T23:01:09.724-0500] {dag.py:3947} INFO - Setting next_dagrun for aerotrack_travel_riesgo_disrupcion to 2026-07-09 00:00:00+00:00, run_after=2026-07-10 00:00:00+00:00
[2026-07-08T23:01:09.743-0500] {processor.py:183} INFO - Processing /opt/airflow/dags/dag_estimar_riesgo_disrupcion.py took 0.727 seconds
[2026-07-08T23:01:40.009-0500] {processor.py:161} INFO - Started process (PID=2150) to work on /opt/airflow/dags/dag_estimar_riesgo_disrupcion.py
[2026-07-08T23:01:40.010-0500] {processor.py:830} INFO - Processing file /opt/airflow/dags/dag_estimar_riesgo_disrupcion.py for tasks to queue
[2026-07-08T23:01:40.011-0500] {logging_mixin.py:188} INFO - [2026-07-08T23:01:40.011-0500] {dagbag.py:545} INFO - Filling up the DagBag from /opt/airflow/dags/dag_estimar_riesgo_disrupcion.py
[2026-07-08T23:01:40.576-0500] {processor.py:840} INFO - DAG(s) 'aerotrack_travel_riesgo_disrupcion' retrieved from /opt/airflow/dags/dag_estimar_riesgo_disrupcion.py
[2026-07-08T23:01:40.603-0500] {logging_mixin.py:188} INFO - [2026-07-08T23:01:40.603-0500] {dag.py:3089} INFO - Sync 1 DAGs
[2026-07-08T23:01:40.619-0500] {logging_mixin.py:188} INFO - [2026-07-08T23:01:40.619-0500] {dag.py:3947} INFO - Setting next_dagrun for aerotrack_travel_riesgo_disrupcion to 2026-07-09 00:00:00+00:00, run_after=2026-07-10 00:00:00+00:00
[2026-07-08T23:01:40.634-0500] {processor.py:183} INFO - Processing /opt/airflow/dags/dag_estimar_riesgo_disrupcion.py took 0.630 seconds
[2026-07-08T23:02:10.887-0500] {processor.py:161} INFO - Started process (PID=2167) to work on /opt/airflow/dags/dag_estimar_riesgo_disrupcion.py
[2026-07-08T23:02:10.888-0500] {processor.py:830} INFO - Processing file /opt/airflow/dags/dag_estimar_riesgo_disrupcion.py for tasks to queue
[2026-07-08T23:02:10.890-0500] {logging_mixin.py:188} INFO - [2026-07-08T23:02:10.890-0500] {dagbag.py:545} INFO - Filling up the DagBag from /opt/airflow/dags/dag_estimar_riesgo_disrupcion.py
[2026-07-08T23:02:11.431-0500] {processor.py:840} INFO - DAG(s) 'aerotrack_travel_riesgo_disrupcion' retrieved from /opt/airflow/dags/dag_estimar_riesgo_disrupcion.py
[2026-07-08T23:02:11.462-0500] {logging_mixin.py:188} INFO - [2026-07-08T23:02:11.462-0500] {dag.py:3089} INFO - Sync 1 DAGs
[2026-07-08T23:02:11.496-0500] {logging_mixin.py:188} INFO - [2026-07-08T23:02:11.496-0500] {dag.py:3947} INFO - Setting next_dagrun for aerotrack_travel_riesgo_disrupcion to 2026-07-09 00:00:00+00:00, run_after=2026-07-10 00:00:00+00:00
[2026-07-08T23:02:11.510-0500] {processor.py:183} INFO - Processing /opt/airflow/dags/dag_estimar_riesgo_disrupcion.py took 0.627 seconds
[2026-07-08T23:02:41.749-0500] {processor.py:161} INFO - Started process (PID=2184) to work on /opt/airflow/dags/dag_estimar_riesgo_disrupcion.py
[2026-07-08T23:02:41.751-0500] {processor.py:830} INFO - Processing file /opt/airflow/dags/dag_estimar_riesgo_disrupcion.py for tasks to queue
[2026-07-08T23:02:41.752-0500] {logging_mixin.py:188} INFO - [2026-07-08T23:02:41.752-0500] {dagbag.py:545} INFO - Filling up the DagBag from /opt/airflow/dags/dag_estimar_riesgo_disrupcion.py
[2026-07-08T23:02:42.304-0500] {processor.py:840} INFO - DAG(s) 'aerotrack_travel_riesgo_disrupcion' retrieved from /opt/airflow/dags/dag_estimar_riesgo_disrupcion.py
[2026-07-08T23:02:42.330-0500] {logging_mixin.py:188} INFO - [2026-07-08T23:02:42.330-0500] {dag.py:3089} INFO - Sync 1 DAGs
[2026-07-08T23:02:42.344-0500] {logging_mixin.py:188} INFO - [2026-07-08T23:02:42.344-0500] {dag.py:3947} INFO - Setting next_dagrun for aerotrack_travel_riesgo_disrupcion to 2026-07-09 00:00:00+00:00, run_after=2026-07-10 00:00:00+00:00
[2026-07-08T23:02:42.359-0500] {processor.py:183} INFO - Processing /opt/airflow/dags/dag_estimar_riesgo_disrupcion.py took 0.615 seconds
[2026-07-08T23:03:12.645-0500] {processor.py:161} INFO - Started process (PID=2201) to work on /opt/airflow/dags/dag_estimar_riesgo_disrupcion.py
[2026-07-08T23:03:12.646-0500] {processor.py:830} INFO - Processing file /opt/airflow/dags/dag_estimar_riesgo_disrupcion.py for tasks to queue
[2026-07-08T23:03:12.650-0500] {logging_mixin.py:188} INFO - [2026-07-08T23:03:12.650-0500] {dagbag.py:545} INFO - Filling up the DagBag from /opt/airflow/dags/dag_estimar_riesgo_disrupcion.py
[2026-07-08T23:03:13.245-0500] {processor.py:840} INFO - DAG(s) 'aerotrack_travel_riesgo_disrupcion' retrieved from /opt/airflow/dags/dag_estimar_riesgo_disrupcion.py
[2026-07-08T23:03:13.272-0500] {logging_mixin.py:188} INFO - [2026-07-08T23:03:13.271-0500] {dag.py:3089} INFO - Sync 1 DAGs
[2026-07-08T23:03:13.288-0500] {logging_mixin.py:188} INFO - [2026-07-08T23:03:13.287-0500] {dag.py:3947} INFO - Setting next_dagrun for aerotrack_travel_riesgo_disrupcion to 2026-07-09 00:00:00+00:00, run_after=2026-07-10 00:00:00+00:00
[2026-07-08T23:03:13.303-0500] {processor.py:183} INFO - Processing /opt/airflow/dags/dag_estimar_riesgo_disrupcion.py took 0.666 seconds
[2026-07-08T23:03:43.557-0500] {processor.py:161} INFO - Started process (PID=2218) to work on /opt/airflow/dags/dag_estimar_riesgo_disrupcion.py
[2026-07-08T23:03:43.557-0500] {processor.py:830} INFO - Processing file /opt/airflow/dags/dag_estimar_riesgo_disrupcion.py for tasks to queue
[2026-07-08T23:03:43.559-0500] {logging_mixin.py:188} INFO - [2026-07-08T23:03:43.559-0500] {dagbag.py:545} INFO - Filling up the DagBag from /opt/airflow/dags/dag_estimar_riesgo_disrupcion.py
[2026-07-08T23:03:44.132-0500] {processor.py:840} INFO - DAG(s) 'aerotrack_travel_riesgo_disrupcion' retrieved from /opt/airflow/dags/dag_estimar_riesgo_disrupcion.py
[2026-07-08T23:03:44.167-0500] {logging_mixin.py:188} INFO - [2026-07-08T23:03:44.167-0500] {dag.py:3089} INFO - Sync 1 DAGs
[2026-07-08T23:03:44.188-0500] {logging_mixin.py:188} INFO - [2026-07-08T23:03:44.188-0500] {dag.py:3947} INFO - Setting next_dagrun for aerotrack_travel_riesgo_disrupcion to 2026-07-09 00:00:00+00:00, run_after=2026-07-10 00:00:00+00:00
[2026-07-08T23:03:44.204-0500] {processor.py:183} INFO - Processing /opt/airflow/dags/dag_estimar_riesgo_disrupcion.py took 0.652 seconds
[2026-07-08T23:04:14.434-0500] {processor.py:161} INFO - Started process (PID=2235) to work on /opt/airflow/dags/dag_estimar_riesgo_disrupcion.py
[2026-07-08T23:04:14.435-0500] {processor.py:830} INFO - Processing file /opt/airflow/dags/dag_estimar_riesgo_disrupcion.py for tasks to queue
[2026-07-08T23:04:14.437-0500] {logging_mixin.py:188} INFO - [2026-07-08T23:04:14.437-0500] {dagbag.py:545} INFO - Filling up the DagBag from /opt/airflow/dags/dag_estimar_riesgo_disrupcion.py
[2026-07-08T23:04:14.983-0500] {processor.py:840} INFO - DAG(s) 'aerotrack_travel_riesgo_disrupcion' retrieved from /opt/airflow/dags/dag_estimar_riesgo_disrupcion.py
[2026-07-08T23:04:15.010-0500] {logging_mixin.py:188} INFO - [2026-07-08T23:04:15.010-0500] {dag.py:3089} INFO - Sync 1 DAGs
[2026-07-08T23:04:15.026-0500] {logging_mixin.py:188} INFO - [2026-07-08T23:04:15.026-0500] {dag.py:3947} INFO - Setting next_dagrun for aerotrack_travel_riesgo_disrupcion to 2026-07-09 00:00:00+00:00, run_after=2026-07-10 00:00:00+00:00
[2026-07-08T23:04:15.040-0500] {processor.py:183} INFO - Processing /opt/airflow/dags/dag_estimar_riesgo_disrupcion.py took 0.610 seconds
[2026-07-08T23:04:45.295-0500] {processor.py:161} INFO - Started process (PID=2252) to work on /opt/airflow/dags/dag_estimar_riesgo_disrupcion.py
[2026-07-08T23:04:45.296-0500] {processor.py:830} INFO - Processing file /opt/airflow/dags/dag_estimar_riesgo_disrupcion.py for tasks to queue
[2026-07-08T23:04:45.298-0500] {logging_mixin.py:188} INFO - [2026-07-08T23:04:45.298-0500] {dagbag.py:545} INFO - Filling up the DagBag from /opt/airflow/dags/dag_estimar_riesgo_disrupcion.py
[2026-07-08T23:04:45.924-0500] {processor.py:840} INFO - DAG(s) 'aerotrack_travel_riesgo_disrupcion' retrieved from /opt/airflow/dags/dag_estimar_riesgo_disrupcion.py
[2026-07-08T23:04:45.957-0500] {logging_mixin.py:188} INFO - [2026-07-08T23:04:45.957-0500] {dag.py:3089} INFO - Sync 1 DAGs
[2026-07-08T23:04:45.974-0500] {logging_mixin.py:188} INFO - [2026-07-08T23:04:45.973-0500] {dag.py:3947} INFO - Setting next_dagrun for aerotrack_travel_riesgo_disrupcion to 2026-07-09 00:00:00+00:00, run_after=2026-07-10 00:00:00+00:00
[2026-07-08T23:04:46.019-0500] {processor.py:183} INFO - Processing /opt/airflow/dags/dag_estimar_riesgo_disrupcion.py took 0.729 seconds
[2026-07-08T23:05:16.262-0500] {processor.py:161} INFO - Started process (PID=2269) to work on /opt/airflow/dags/dag_estimar_riesgo_disrupcion.py
[2026-07-08T23:05:16.263-0500] {processor.py:830} INFO - Processing file /opt/airflow/dags/dag_estimar_riesgo_disrupcion.py for tasks to queue
[2026-07-08T23:05:16.265-0500] {logging_mixin.py:188} INFO - [2026-07-08T23:05:16.264-0500] {dagbag.py:545} INFO - Filling up the DagBag from /opt/airflow/dags/dag_estimar_riesgo_disrupcion.py
[2026-07-08T23:05:16.789-0500] {processor.py:840} INFO - DAG(s) 'aerotrack_travel_riesgo_disrupcion' retrieved from /opt/airflow/dags/dag_estimar_riesgo_disrupcion.py
[2026-07-08T23:05:16.812-0500] {logging_mixin.py:188} INFO - [2026-07-08T23:05:16.811-0500] {dag.py:3089} INFO - Sync 1 DAGs
[2026-07-08T23:05:16.825-0500] {logging_mixin.py:188} INFO - [2026-07-08T23:05:16.825-0500] {dag.py:3947} INFO - Setting next_dagrun for aerotrack_travel_riesgo_disrupcion to 2026-07-09 00:00:00+00:00, run_after=2026-07-10 00:00:00+00:00
[2026-07-08T23:05:16.893-0500] {processor.py:183} INFO - Processing /opt/airflow/dags/dag_estimar_riesgo_disrupcion.py took 0.636 seconds
[2026-07-08T23:05:47.180-0500] {processor.py:161} INFO - Started process (PID=2286) to work on /opt/airflow/dags/dag_estimar_riesgo_disrupcion.py
[2026-07-08T23:05:47.181-0500] {processor.py:830} INFO - Processing file /opt/airflow/dags/dag_estimar_riesgo_disrupcion.py for tasks to queue
[2026-07-08T23:05:47.183-0500] {logging_mixin.py:188} INFO - [2026-07-08T23:05:47.183-0500] {dagbag.py:545} INFO - Filling up the DagBag from /opt/airflow/dags/dag_estimar_riesgo_disrupcion.py
[2026-07-08T23:05:48.101-0500] {processor.py:840} INFO - DAG(s) 'aerotrack_travel_riesgo_disrupcion' retrieved from /opt/airflow/dags/dag_estimar_riesgo_disrupcion.py
[2026-07-08T23:05:48.134-0500] {logging_mixin.py:188} INFO - [2026-07-08T23:05:48.133-0500] {dag.py:3089} INFO - Sync 1 DAGs
[2026-07-08T23:05:48.150-0500] {logging_mixin.py:188} INFO - [2026-07-08T23:05:48.149-0500] {dag.py:3947} INFO - Setting next_dagrun for aerotrack_travel_riesgo_disrupcion to 2026-07-09 00:00:00+00:00, run_after=2026-07-10 00:00:00+00:00
[2026-07-08T23:05:48.169-0500] {processor.py:183} INFO - Processing /opt/airflow/dags/dag_estimar_riesgo_disrupcion.py took 0.997 seconds
[2026-07-08T23:06:18.498-0500] {processor.py:161} INFO - Started process (PID=2303) to work on /opt/airflow/dags/dag_estimar_riesgo_disrupcion.py
[2026-07-08T23:06:18.499-0500] {processor.py:830} INFO - Processing file /opt/airflow/dags/dag_estimar_riesgo_disrupcion.py for tasks to queue
[2026-07-08T23:06:18.501-0500] {logging_mixin.py:188} INFO - [2026-07-08T23:06:18.500-0500] {dagbag.py:545} INFO - Filling up the DagBag from /opt/airflow/dags/dag_estimar_riesgo_disrupcion.py
[2026-07-08T23:06:19.043-0500] {processor.py:840} INFO - DAG(s) 'aerotrack_travel_riesgo_disrupcion' retrieved from /opt/airflow/dags/dag_estimar_riesgo_disrupcion.py
[2026-07-08T23:06:19.076-0500] {logging_mixin.py:188} INFO - [2026-07-08T23:06:19.075-0500] {dag.py:3089} INFO - Sync 1 DAGs
[2026-07-08T23:06:19.097-0500] {logging_mixin.py:188} INFO - [2026-07-08T23:06:19.096-0500] {dag.py:3947} INFO - Setting next_dagrun for aerotrack_travel_riesgo_disrupcion to 2026-07-09 00:00:00+00:00, run_after=2026-07-10 00:00:00+00:00
[2026-07-08T23:06:19.118-0500] {processor.py:183} INFO - Processing /opt/airflow/dags/dag_estimar_riesgo_disrupcion.py took 0.624 seconds
[2026-07-08T23:06:49.456-0500] {processor.py:161} INFO - Started process (PID=2320) to work on /opt/airflow/dags/dag_estimar_riesgo_disrupcion.py
[2026-07-08T23:06:49.458-0500] {processor.py:830} INFO - Processing file /opt/airflow/dags/dag_estimar_riesgo_disrupcion.py for tasks to queue
[2026-07-08T23:06:49.460-0500] {logging_mixin.py:188} INFO - [2026-07-08T23:06:49.460-0500] {dagbag.py:545} INFO - Filling up the DagBag from /opt/airflow/dags/dag_estimar_riesgo_disrupcion.py
[2026-07-08T23:06:50.124-0500] {processor.py:840} INFO - DAG(s) 'aerotrack_travel_riesgo_disrupcion' retrieved from /opt/airflow/dags/dag_estimar_riesgo_disrupcion.py
[2026-07-08T23:06:50.196-0500] {logging_mixin.py:188} INFO - [2026-07-08T23:06:50.195-0500] {dag.py:3089} INFO - Sync 1 DAGs
[2026-07-08T23:06:50.215-0500] {logging_mixin.py:188} INFO - [2026-07-08T23:06:50.215-0500] {dag.py:3947} INFO - Setting next_dagrun for aerotrack_travel_riesgo_disrupcion to 2026-07-09 00:00:00+00:00, run_after=2026-07-10 00:00:00+00:00
[2026-07-08T23:06:50.236-0500] {processor.py:183} INFO - Processing /opt/airflow/dags/dag_estimar_riesgo_disrupcion.py took 0.788 seconds
[2026-07-08T23:07:20.590-0500] {processor.py:161} INFO - Started process (PID=2337) to work on /opt/airflow/dags/dag_estimar_riesgo_disrupcion.py
[2026-07-08T23:07:20.591-0500] {processor.py:830} INFO - Processing file /opt/airflow/dags/dag_estimar_riesgo_disrupcion.py for tasks to queue
[2026-07-08T23:07:20.593-0500] {logging_mixin.py:188} INFO - [2026-07-08T23:07:20.593-0500] {dagbag.py:545} INFO - Filling up the DagBag from /opt/airflow/dags/dag_estimar_riesgo_disrupcion.py
[2026-07-08T23:07:21.140-0500] {processor.py:840} INFO - DAG(s) 'aerotrack_travel_riesgo_disrupcion' retrieved from /opt/airflow/dags/dag_estimar_riesgo_disrupcion.py
[2026-07-08T23:07:21.173-0500] {logging_mixin.py:188} INFO - [2026-07-08T23:07:21.172-0500] {dag.py:3089} INFO - Sync 1 DAGs
[2026-07-08T23:07:21.263-0500] {logging_mixin.py:188} INFO - [2026-07-08T23:07:21.263-0500] {dag.py:3947} INFO - Setting next_dagrun for aerotrack_travel_riesgo_disrupcion to 2026-07-09 00:00:00+00:00, run_after=2026-07-10 00:00:00+00:00
[2026-07-08T23:07:21.279-0500] {processor.py:183} INFO - Processing /opt/airflow/dags/dag_estimar_riesgo_disrupcion.py took 0.694 seconds
[2026-07-08T23:07:51.561-0500] {processor.py:161} INFO - Started process (PID=2354) to work on /opt/airflow/dags/dag_estimar_riesgo_disrupcion.py
[2026-07-08T23:07:51.561-0500] {processor.py:830} INFO - Processing file /opt/airflow/dags/dag_estimar_riesgo_disrupcion.py for tasks to queue
[2026-07-08T23:07:51.563-0500] {logging_mixin.py:188} INFO - [2026-07-08T23:07:51.563-0500] {dagbag.py:545} INFO - Filling up the DagBag from /opt/airflow/dags/dag_estimar_riesgo_disrupcion.py
[2026-07-08T23:07:52.110-0500] {processor.py:840} INFO - DAG(s) 'aerotrack_travel_riesgo_disrupcion' retrieved from /opt/airflow/dags/dag_estimar_riesgo_disrupcion.py
[2026-07-08T23:07:52.134-0500] {logging_mixin.py:188} INFO - [2026-07-08T23:07:52.134-0500] {dag.py:3089} INFO - Sync 1 DAGs
[2026-07-08T23:07:52.173-0500] {logging_mixin.py:188} INFO - [2026-07-08T23:07:52.173-0500] {dag.py:3947} INFO - Setting next_dagrun for aerotrack_travel_riesgo_disrupcion to 2026-07-09 00:00:00+00:00, run_after=2026-07-10 00:00:00+00:00
[2026-07-08T23:07:52.190-0500] {processor.py:183} INFO - Processing /opt/airflow/dags/dag_estimar_riesgo_disrupcion.py took 0.635 seconds
[2026-07-08T23:08:22.453-0500] {processor.py:161} INFO - Started process (PID=2371) to work on /opt/airflow/dags/dag_estimar_riesgo_disrupcion.py
[2026-07-08T23:08:22.454-0500] {processor.py:830} INFO - Processing file /opt/airflow/dags/dag_estimar_riesgo_disrupcion.py for tasks to queue
[2026-07-08T23:08:22.456-0500] {logging_mixin.py:188} INFO - [2026-07-08T23:08:22.455-0500] {dagbag.py:545} INFO - Filling up the DagBag from /opt/airflow/dags/dag_estimar_riesgo_disrupcion.py
[2026-07-08T23:08:23.147-0500] {processor.py:840} INFO - DAG(s) 'aerotrack_travel_riesgo_disrupcion' retrieved from /opt/airflow/dags/dag_estimar_riesgo_disrupcion.py
[2026-07-08T23:08:23.173-0500] {logging_mixin.py:188} INFO - [2026-07-08T23:08:23.173-0500] {dag.py:3089} INFO - Sync 1 DAGs
[2026-07-08T23:08:23.189-0500] {logging_mixin.py:188} INFO - [2026-07-08T23:08:23.189-0500] {dag.py:3947} INFO - Setting next_dagrun for aerotrack_travel_riesgo_disrupcion to 2026-07-09 00:00:00+00:00, run_after=2026-07-10 00:00:00+00:00
[2026-07-08T23:08:23.202-0500] {processor.py:183} INFO - Processing /opt/airflow/dags/dag_estimar_riesgo_disrupcion.py took 0.754 seconds
[2026-07-08T23:08:53.393-0500] {processor.py:161} INFO - Started process (PID=2388) to work on /opt/airflow/dags/dag_estimar_riesgo_disrupcion.py
[2026-07-08T23:08:53.394-0500] {processor.py:830} INFO - Processing file /opt/airflow/dags/dag_estimar_riesgo_disrupcion.py for tasks to queue
[2026-07-08T23:08:53.396-0500] {logging_mixin.py:188} INFO - [2026-07-08T23:08:53.396-0500] {dagbag.py:545} INFO - Filling up the DagBag from /opt/airflow/dags/dag_estimar_riesgo_disrupcion.py
[2026-07-08T23:08:53.958-0500] {processor.py:840} INFO - DAG(s) 'aerotrack_travel_riesgo_disrupcion' retrieved from /opt/airflow/dags/dag_estimar_riesgo_disrupcion.py
[2026-07-08T23:08:53.979-0500] {logging_mixin.py:188} INFO - [2026-07-08T23:08:53.979-0500] {dag.py:3089} INFO - Sync 1 DAGs
[2026-07-08T23:08:53.995-0500] {logging_mixin.py:188} INFO - [2026-07-08T23:08:53.995-0500] {dag.py:3947} INFO - Setting next_dagrun for aerotrack_travel_riesgo_disrupcion to 2026-07-09 00:00:00+00:00, run_after=2026-07-10 00:00:00+00:00
[2026-07-08T23:08:54.010-0500] {processor.py:183} INFO - Processing /opt/airflow/dags/dag_estimar_riesgo_disrupcion.py took 0.621 seconds
[2026-07-08T23:09:24.303-0500] {processor.py:161} INFO - Started process (PID=2405) to work on /opt/airflow/dags/dag_estimar_riesgo_disrupcion.py
[2026-07-08T23:09:24.304-0500] {processor.py:830} INFO - Processing file /opt/airflow/dags/dag_estimar_riesgo_disrupcion.py for tasks to queue
[2026-07-08T23:09:24.307-0500] {logging_mixin.py:188} INFO - [2026-07-08T23:09:24.306-0500] {dagbag.py:545} INFO - Filling up the DagBag from /opt/airflow/dags/dag_estimar_riesgo_disrupcion.py
[2026-07-08T23:09:24.920-0500] {processor.py:840} INFO - DAG(s) 'aerotrack_travel_riesgo_disrupcion' retrieved from /opt/airflow/dags/dag_estimar_riesgo_disrupcion.py
[2026-07-08T23:09:24.957-0500] {logging_mixin.py:188} INFO - [2026-07-08T23:09:24.957-0500] {dag.py:3089} INFO - Sync 1 DAGs
[2026-07-08T23:09:24.975-0500] {logging_mixin.py:188} INFO - [2026-07-08T23:09:24.975-0500] {dag.py:3947} INFO - Setting next_dagrun for aerotrack_travel_riesgo_disrupcion to 2026-07-09 00:00:00+00:00, run_after=2026-07-10 00:00:00+00:00
[2026-07-08T23:09:24.990-0500] {processor.py:183} INFO - Processing /opt/airflow/dags/dag_estimar_riesgo_disrupcion.py took 0.692 seconds
[2026-07-08T23:09:55.251-0500] {processor.py:161} INFO - Started process (PID=2422) to work on /opt/airflow/dags/dag_estimar_riesgo_disrupcion.py
[2026-07-08T23:09:55.252-0500] {processor.py:830} INFO - Processing file /opt/airflow/dags/dag_estimar_riesgo_disrupcion.py for tasks to queue
[2026-07-08T23:09:55.253-0500] {logging_mixin.py:188} INFO - [2026-07-08T23:09:55.253-0500] {dagbag.py:545} INFO - Filling up the DagBag from /opt/airflow/dags/dag_estimar_riesgo_disrupcion.py
[2026-07-08T23:09:55.907-0500] {processor.py:840} INFO - DAG(s) 'aerotrack_travel_riesgo_disrupcion' retrieved from /opt/airflow/dags/dag_estimar_riesgo_disrupcion.py
[2026-07-08T23:09:55.946-0500] {logging_mixin.py:188} INFO - [2026-07-08T23:09:55.946-0500] {dag.py:3089} INFO - Sync 1 DAGs
[2026-07-08T23:09:55.965-0500] {logging_mixin.py:188} INFO - [2026-07-08T23:09:55.965-0500] {dag.py:3947} INFO - Setting next_dagrun for aerotrack_travel_riesgo_disrupcion to 2026-07-09 00:00:00+00:00, run_after=2026-07-10 00:00:00+00:00
[2026-07-08T23:09:56.004-0500] {processor.py:183} INFO - Processing /opt/airflow/dags/dag_estimar_riesgo_disrupcion.py took 0.758 seconds
[2026-07-08T23:10:26.155-0500] {processor.py:161} INFO - Started process (PID=2439) to work on /opt/airflow/dags/dag_estimar_riesgo_disrupcion.py
[2026-07-08T23:10:26.157-0500] {processor.py:830} INFO - Processing file /opt/airflow/dags/dag_estimar_riesgo_disrupcion.py for tasks to queue
[2026-07-08T23:10:26.160-0500] {logging_mixin.py:188} INFO - [2026-07-08T23:10:26.159-0500] {dagbag.py:545} INFO - Filling up the DagBag from /opt/airflow/dags/dag_estimar_riesgo_disrupcion.py
[2026-07-08T23:10:26.854-0500] {processor.py:840} INFO - DAG(s) 'aerotrack_travel_riesgo_disrupcion' retrieved from /opt/airflow/dags/dag_estimar_riesgo_disrupcion.py
[2026-07-08T23:10:26.878-0500] {logging_mixin.py:188} INFO - [2026-07-08T23:10:26.878-0500] {dag.py:3089} INFO - Sync 1 DAGs
[2026-07-08T23:10:26.894-0500] {logging_mixin.py:188} INFO - [2026-07-08T23:10:26.894-0500] {dag.py:3947} INFO - Setting next_dagrun for aerotrack_travel_riesgo_disrupcion to 2026-07-09 00:00:00+00:00, run_after=2026-07-10 00:00:00+00:00
[2026-07-08T23:10:26.908-0500] {processor.py:183} INFO - Processing /opt/airflow/dags/dag_estimar_riesgo_disrupcion.py took 0.759 seconds
[2026-07-08T23:10:57.175-0500] {processor.py:161} INFO - Started process (PID=2456) to work on /opt/airflow/dags/dag_estimar_riesgo_disrupcion.py
[2026-07-08T23:10:57.176-0500] {processor.py:830} INFO - Processing file /opt/airflow/dags/dag_estimar_riesgo_disrupcion.py for tasks to queue
[2026-07-08T23:10:57.178-0500] {logging_mixin.py:188} INFO - [2026-07-08T23:10:57.178-0500] {dagbag.py:545} INFO - Filling up the DagBag from /opt/airflow/dags/dag_estimar_riesgo_disrupcion.py
[2026-07-08T23:10:57.746-0500] {processor.py:840} INFO - DAG(s) 'aerotrack_travel_riesgo_disrupcion' retrieved from /opt/airflow/dags/dag_estimar_riesgo_disrupcion.py
[2026-07-08T23:10:57.776-0500] {logging_mixin.py:188} INFO - [2026-07-08T23:10:57.775-0500] {dag.py:3089} INFO - Sync 1 DAGs
[2026-07-08T23:10:57.791-0500] {logging_mixin.py:188} INFO - [2026-07-08T23:10:57.791-0500] {dag.py:3947} INFO - Setting next_dagrun for aerotrack_travel_riesgo_disrupcion to 2026-07-09 00:00:00+00:00, run_after=2026-07-10 00:00:00+00:00
[2026-07-08T23:10:57.828-0500] {processor.py:183} INFO - Processing /opt/airflow/dags/dag_estimar_riesgo_disrupcion.py took 0.658 seconds
[2026-07-08T23:11:28.177-0500] {processor.py:161} INFO - Started process (PID=2473) to work on /opt/airflow/dags/dag_estimar_riesgo_disrupcion.py
[2026-07-08T23:11:28.178-0500] {processor.py:830} INFO - Processing file /opt/airflow/dags/dag_estimar_riesgo_disrupcion.py for tasks to queue
[2026-07-08T23:11:28.179-0500] {logging_mixin.py:188} INFO - [2026-07-08T23:11:28.179-0500] {dagbag.py:545} INFO - Filling up the DagBag from /opt/airflow/dags/dag_estimar_riesgo_disrupcion.py
[2026-07-08T23:11:28.703-0500] {processor.py:840} INFO - DAG(s) 'aerotrack_travel_riesgo_disrupcion' retrieved from /opt/airflow/dags/dag_estimar_riesgo_disrupcion.py
[2026-07-08T23:11:28.726-0500] {logging_mixin.py:188} INFO - [2026-07-08T23:11:28.726-0500] {dag.py:3089} INFO - Sync 1 DAGs
[2026-07-08T23:11:28.740-0500] {logging_mixin.py:188} INFO - [2026-07-08T23:11:28.740-0500] {dag.py:3947} INFO - Setting next_dagrun for aerotrack_travel_riesgo_disrupcion to 2026-07-09 00:00:00+00:00, run_after=2026-07-10 00:00:00+00:00
[2026-07-08T23:11:28.755-0500] {processor.py:183} INFO - Processing /opt/airflow/dags/dag_estimar_riesgo_disrupcion.py took 0.582 seconds
[2026-07-08T23:11:59.007-0500] {processor.py:161} INFO - Started process (PID=2490) to work on /opt/airflow/dags/dag_estimar_riesgo_disrupcion.py
[2026-07-08T23:11:59.008-0500] {processor.py:830} INFO - Processing file /opt/airflow/dags/dag_estimar_riesgo_disrupcion.py for tasks to queue
[2026-07-08T23:11:59.009-0500] {logging_mixin.py:188} INFO - [2026-07-08T23:11:59.009-0500] {dagbag.py:545} INFO - Filling up the DagBag from /opt/airflow/dags/dag_estimar_riesgo_disrupcion.py
[2026-07-08T23:11:59.570-0500] {processor.py:840} INFO - DAG(s) 'aerotrack_travel_riesgo_disrupcion' retrieved from /opt/airflow/dags/dag_estimar_riesgo_disrupcion.py
[2026-07-08T23:11:59.599-0500] {logging_mixin.py:188} INFO - [2026-07-08T23:11:59.599-0500] {dag.py:3089} INFO - Sync 1 DAGs
[2026-07-08T23:11:59.615-0500] {logging_mixin.py:188} INFO - [2026-07-08T23:11:59.615-0500] {dag.py:3947} INFO - Setting next_dagrun for aerotrack_travel_riesgo_disrupcion to 2026-07-09 00:00:00+00:00, run_after=2026-07-10 00:00:00+00:00
[2026-07-08T23:11:59.629-0500] {processor.py:183} INFO - Processing /opt/airflow/dags/dag_estimar_riesgo_disrupcion.py took 0.627 seconds
[2026-07-08T23:12:29.884-0500] {processor.py:161} INFO - Started process (PID=2507) to work on /opt/airflow/dags/dag_estimar_riesgo_disrupcion.py
[2026-07-08T23:12:29.884-0500] {processor.py:830} INFO - Processing file /opt/airflow/dags/dag_estimar_riesgo_disrupcion.py for tasks to queue
[2026-07-08T23:12:29.886-0500] {logging_mixin.py:188} INFO - [2026-07-08T23:12:29.886-0500] {dagbag.py:545} INFO - Filling up the DagBag from /opt/airflow/dags/dag_estimar_riesgo_disrupcion.py
[2026-07-08T23:12:30.432-0500] {processor.py:840} INFO - DAG(s) 'aerotrack_travel_riesgo_disrupcion' retrieved from /opt/airflow/dags/dag_estimar_riesgo_disrupcion.py
[2026-07-08T23:12:30.460-0500] {logging_mixin.py:188} INFO - [2026-07-08T23:12:30.460-0500] {dag.py:3089} INFO - Sync 1 DAGs
[2026-07-08T23:12:30.475-0500] {logging_mixin.py:188} INFO - [2026-07-08T23:12:30.475-0500] {dag.py:3947} INFO - Setting next_dagrun for aerotrack_travel_riesgo_disrupcion to 2026-07-09 00:00:00+00:00, run_after=2026-07-10 00:00:00+00:00
[2026-07-08T23:12:30.490-0500] {processor.py:183} INFO - Processing /opt/airflow/dags/dag_estimar_riesgo_disrupcion.py took 0.611 seconds
[2026-07-08T23:13:00.719-0500] {processor.py:161} INFO - Started process (PID=2524) to work on /opt/airflow/dags/dag_estimar_riesgo_disrupcion.py
[2026-07-08T23:13:00.719-0500] {processor.py:830} INFO - Processing file /opt/airflow/dags/dag_estimar_riesgo_disrupcion.py for tasks to queue
[2026-07-08T23:13:00.721-0500] {logging_mixin.py:188} INFO - [2026-07-08T23:13:00.721-0500] {dagbag.py:545} INFO - Filling up the DagBag from /opt/airflow/dags/dag_estimar_riesgo_disrupcion.py
[2026-07-08T23:13:01.305-0500] {processor.py:840} INFO - DAG(s) 'aerotrack_travel_riesgo_disrupcion' retrieved from /opt/airflow/dags/dag_estimar_riesgo_disrupcion.py
[2026-07-08T23:13:01.333-0500] {logging_mixin.py:188} INFO - [2026-07-08T23:13:01.333-0500] {dag.py:3089} INFO - Sync 1 DAGs
[2026-07-08T23:13:01.348-0500] {logging_mixin.py:188} INFO - [2026-07-08T23:13:01.348-0500] {dag.py:3947} INFO - Setting next_dagrun for aerotrack_travel_riesgo_disrupcion to 2026-07-09 00:00:00+00:00, run_after=2026-07-10 00:00:00+00:00
[2026-07-08T23:13:01.365-0500] {processor.py:183} INFO - Processing /opt/airflow/dags/dag_estimar_riesgo_disrupcion.py took 0.652 seconds
[2026-07-08T23:13:31.614-0500] {processor.py:161} INFO - Started process (PID=2541) to work on /opt/airflow/dags/dag_estimar_riesgo_disrupcion.py
[2026-07-08T23:13:31.614-0500] {processor.py:830} INFO - Processing file /opt/airflow/dags/dag_estimar_riesgo_disrupcion.py for tasks to queue
[2026-07-08T23:13:31.616-0500] {logging_mixin.py:188} INFO - [2026-07-08T23:13:31.616-0500] {dagbag.py:545} INFO - Filling up the DagBag from /opt/airflow/dags/dag_estimar_riesgo_disrupcion.py
[2026-07-08T23:13:32.210-0500] {processor.py:840} INFO - DAG(s) 'aerotrack_travel_riesgo_disrupcion' retrieved from /opt/airflow/dags/dag_estimar_riesgo_disrupcion.py
[2026-07-08T23:13:32.235-0500] {logging_mixin.py:188} INFO - [2026-07-08T23:13:32.235-0500] {dag.py:3089} INFO - Sync 1 DAGs
[2026-07-08T23:13:32.252-0500] {logging_mixin.py:188} INFO - [2026-07-08T23:13:32.252-0500] {dag.py:3947} INFO - Setting next_dagrun for aerotrack_travel_riesgo_disrupcion to 2026-07-09 00:00:00+00:00, run_after=2026-07-10 00:00:00+00:00
[2026-07-08T23:13:32.266-0500] {processor.py:183} INFO - Processing /opt/airflow/dags/dag_estimar_riesgo_disrupcion.py took 0.657 seconds
[2026-07-08T23:14:02.491-0500] {processor.py:161} INFO - Started process (PID=2558) to work on /opt/airflow/dags/dag_estimar_riesgo_disrupcion.py
[2026-07-08T23:14:02.492-0500] {processor.py:830} INFO - Processing file /opt/airflow/dags/dag_estimar_riesgo_disrupcion.py for tasks to queue
[2026-07-08T23:14:02.494-0500] {logging_mixin.py:188} INFO - [2026-07-08T23:14:02.493-0500] {dagbag.py:545} INFO - Filling up the DagBag from /opt/airflow/dags/dag_estimar_riesgo_disrupcion.py
[2026-07-08T23:14:03.083-0500] {processor.py:840} INFO - DAG(s) 'aerotrack_travel_riesgo_disrupcion' retrieved from /opt/airflow/dags/dag_estimar_riesgo_disrupcion.py
[2026-07-08T23:14:03.128-0500] {logging_mixin.py:188} INFO - [2026-07-08T23:14:03.127-0500] {dag.py:3089} INFO - Sync 1 DAGs
[2026-07-08T23:14:03.145-0500] {logging_mixin.py:188} INFO - [2026-07-08T23:14:03.145-0500] {dag.py:3947} INFO - Setting next_dagrun for aerotrack_travel_riesgo_disrupcion to 2026-07-09 00:00:00+00:00, run_after=2026-07-10 00:00:00+00:00
[2026-07-08T23:14:03.173-0500] {processor.py:183} INFO - Processing /opt/airflow/dags/dag_estimar_riesgo_disrupcion.py took 0.686 seconds
[2026-07-08T23:14:33.421-0500] {processor.py:161} INFO - Started process (PID=2575) to work on /opt/airflow/dags/dag_estimar_riesgo_disrupcion.py
[2026-07-08T23:14:33.422-0500] {processor.py:830} INFO - Processing file /opt/airflow/dags/dag_estimar_riesgo_disrupcion.py for tasks to queue
[2026-07-08T23:14:33.424-0500] {logging_mixin.py:188} INFO - [2026-07-08T23:14:33.423-0500] {dagbag.py:545} INFO - Filling up the DagBag from /opt/airflow/dags/dag_estimar_riesgo_disrupcion.py
[2026-07-08T23:14:34.004-0500] {processor.py:840} INFO - DAG(s) 'aerotrack_travel_riesgo_disrupcion' retrieved from /opt/airflow/dags/dag_estimar_riesgo_disrupcion.py
[2026-07-08T23:14:34.032-0500] {logging_mixin.py:188} INFO - [2026-07-08T23:14:34.032-0500] {dag.py:3089} INFO - Sync 1 DAGs
[2026-07-08T23:14:34.046-0500] {logging_mixin.py:188} INFO - [2026-07-08T23:14:34.046-0500] {dag.py:3947} INFO - Setting next_dagrun for aerotrack_travel_riesgo_disrupcion to 2026-07-09 00:00:00+00:00, run_after=2026-07-10 00:00:00+00:00
[2026-07-08T23:14:34.063-0500] {processor.py:183} INFO - Processing /opt/airflow/dags/dag_estimar_riesgo_disrupcion.py took 0.647 seconds
[2026-07-08T23:15:04.302-0500] {processor.py:161} INFO - Started process (PID=2592) to work on /opt/airflow/dags/dag_estimar_riesgo_disrupcion.py
[2026-07-08T23:15:04.303-0500] {processor.py:830} INFO - Processing file /opt/airflow/dags/dag_estimar_riesgo_disrupcion.py for tasks to queue
[2026-07-08T23:15:04.305-0500] {logging_mixin.py:188} INFO - [2026-07-08T23:15:04.305-0500] {dagbag.py:545} INFO - Filling up the DagBag from /opt/airflow/dags/dag_estimar_riesgo_disrupcion.py
[2026-07-08T23:15:04.850-0500] {processor.py:840} INFO - DAG(s) 'aerotrack_travel_riesgo_disrupcion' retrieved from /opt/airflow/dags/dag_estimar_riesgo_disrupcion.py
[2026-07-08T23:15:04.878-0500] {logging_mixin.py:188} INFO - [2026-07-08T23:15:04.878-0500] {dag.py:3089} INFO - Sync 1 DAGs
[2026-07-08T23:15:04.895-0500] {logging_mixin.py:188} INFO - [2026-07-08T23:15:04.894-0500] {dag.py:3947} INFO - Setting next_dagrun for aerotrack_travel_riesgo_disrupcion to 2026-07-09 00:00:00+00:00, run_after=2026-07-10 00:00:00+00:00
[2026-07-08T23:15:04.912-0500] {processor.py:183} INFO - Processing /opt/airflow/dags/dag_estimar_riesgo_disrupcion.py took 0.615 seconds
[2026-07-08T23:15:35.148-0500] {processor.py:161} INFO - Started process (PID=2609) to work on /opt/airflow/dags/dag_estimar_riesgo_disrupcion.py
[2026-07-08T23:15:35.149-0500] {processor.py:830} INFO - Processing file /opt/airflow/dags/dag_estimar_riesgo_disrupcion.py for tasks to queue
[2026-07-08T23:15:35.151-0500] {logging_mixin.py:188} INFO - [2026-07-08T23:15:35.151-0500] {dagbag.py:545} INFO - Filling up the DagBag from /opt/airflow/dags/dag_estimar_riesgo_disrupcion.py
[2026-07-08T23:15:35.727-0500] {processor.py:840} INFO - DAG(s) 'aerotrack_travel_riesgo_disrupcion' retrieved from /opt/airflow/dags/dag_estimar_riesgo_disrupcion.py
[2026-07-08T23:15:35.754-0500] {logging_mixin.py:188} INFO - [2026-07-08T23:15:35.753-0500] {dag.py:3089} INFO - Sync 1 DAGs
[2026-07-08T23:15:35.769-0500] {logging_mixin.py:188} INFO - [2026-07-08T23:15:35.768-0500] {dag.py:3947} INFO - Setting next_dagrun for aerotrack_travel_riesgo_disrupcion to 2026-07-09 00:00:00+00:00, run_after=2026-07-10 00:00:00+00:00
[2026-07-08T23:15:35.782-0500] {processor.py:183} INFO - Processing /opt/airflow/dags/dag_estimar_riesgo_disrupcion.py took 0.639 seconds
[2026-07-08T23:16:06.037-0500] {processor.py:161} INFO - Started process (PID=2626) to work on /opt/airflow/dags/dag_estimar_riesgo_disrupcion.py
[2026-07-08T23:16:06.038-0500] {processor.py:830} INFO - Processing file /opt/airflow/dags/dag_estimar_riesgo_disrupcion.py for tasks to queue
[2026-07-08T23:16:06.039-0500] {logging_mixin.py:188} INFO - [2026-07-08T23:16:06.039-0500] {dagbag.py:545} INFO - Filling up the DagBag from /opt/airflow/dags/dag_estimar_riesgo_disrupcion.py
[2026-07-08T23:16:06.572-0500] {processor.py:840} INFO - DAG(s) 'aerotrack_travel_riesgo_disrupcion' retrieved from /opt/airflow/dags/dag_estimar_riesgo_disrupcion.py
[2026-07-08T23:16:06.599-0500] {logging_mixin.py:188} INFO - [2026-07-08T23:16:06.598-0500] {dag.py:3089} INFO - Sync 1 DAGs
[2026-07-08T23:16:06.613-0500] {logging_mixin.py:188} INFO - [2026-07-08T23:16:06.612-0500] {dag.py:3947} INFO - Setting next_dagrun for aerotrack_travel_riesgo_disrupcion to 2026-07-09 00:00:00+00:00, run_after=2026-07-10 00:00:00+00:00
[2026-07-08T23:16:06.626-0500] {processor.py:183} INFO - Processing /opt/airflow/dags/dag_estimar_riesgo_disrupcion.py took 0.594 seconds
[2026-07-08T23:16:36.952-0500] {processor.py:161} INFO - Started process (PID=2643) to work on /opt/airflow/dags/dag_estimar_riesgo_disrupcion.py
[2026-07-08T23:16:36.953-0500] {processor.py:830} INFO - Processing file /opt/airflow/dags/dag_estimar_riesgo_disrupcion.py for tasks to queue
[2026-07-08T23:16:36.956-0500] {logging_mixin.py:188} INFO - [2026-07-08T23:16:36.955-0500] {dagbag.py:545} INFO - Filling up the DagBag from /opt/airflow/dags/dag_estimar_riesgo_disrupcion.py
[2026-07-08T23:16:37.590-0500] {processor.py:840} INFO - DAG(s) 'aerotrack_travel_riesgo_disrupcion' retrieved from /opt/airflow/dags/dag_estimar_riesgo_disrupcion.py
[2026-07-08T23:16:37.616-0500] {logging_mixin.py:188} INFO - [2026-07-08T23:16:37.616-0500] {dag.py:3089} INFO - Sync 1 DAGs
[2026-07-08T23:16:37.640-0500] {logging_mixin.py:188} INFO - [2026-07-08T23:16:37.640-0500] {dag.py:3947} INFO - Setting next_dagrun for aerotrack_travel_riesgo_disrupcion to 2026-07-09 00:00:00+00:00, run_after=2026-07-10 00:00:00+00:00
[2026-07-08T23:16:37.656-0500] {processor.py:183} INFO - Processing /opt/airflow/dags/dag_estimar_riesgo_disrupcion.py took 0.709 seconds
[2026-07-08T23:17:07.910-0500] {processor.py:161} INFO - Started process (PID=2660) to work on /opt/airflow/dags/dag_estimar_riesgo_disrupcion.py
[2026-07-08T23:17:07.911-0500] {processor.py:830} INFO - Processing file /opt/airflow/dags/dag_estimar_riesgo_disrupcion.py for tasks to queue
[2026-07-08T23:17:07.913-0500] {logging_mixin.py:188} INFO - [2026-07-08T23:17:07.912-0500] {dagbag.py:545} INFO - Filling up the DagBag from /opt/airflow/dags/dag_estimar_riesgo_disrupcion.py
[2026-07-08T23:17:08.455-0500] {processor.py:840} INFO - DAG(s) 'aerotrack_travel_riesgo_disrupcion' retrieved from /opt/airflow/dags/dag_estimar_riesgo_disrupcion.py
[2026-07-08T23:17:08.483-0500] {logging_mixin.py:188} INFO - [2026-07-08T23:17:08.482-0500] {dag.py:3089} INFO - Sync 1 DAGs
[2026-07-08T23:17:08.500-0500] {logging_mixin.py:188} INFO - [2026-07-08T23:17:08.500-0500] {dag.py:3947} INFO - Setting next_dagrun for aerotrack_travel_riesgo_disrupcion to 2026-07-09 00:00:00+00:00, run_after=2026-07-10 00:00:00+00:00
[2026-07-08T23:17:08.521-0500] {processor.py:183} INFO - Processing /opt/airflow/dags/dag_estimar_riesgo_disrupcion.py took 0.616 seconds
[2026-07-08T23:17:38.785-0500] {processor.py:161} INFO - Started process (PID=2677) to work on /opt/airflow/dags/dag_estimar_riesgo_disrupcion.py
[2026-07-08T23:17:38.786-0500] {processor.py:830} INFO - Processing file /opt/airflow/dags/dag_estimar_riesgo_disrupcion.py for tasks to queue
[2026-07-08T23:17:38.788-0500] {logging_mixin.py:188} INFO - [2026-07-08T23:17:38.788-0500] {dagbag.py:545} INFO - Filling up the DagBag from /opt/airflow/dags/dag_estimar_riesgo_disrupcion.py
[2026-07-08T23:17:39.447-0500] {processor.py:840} INFO - DAG(s) 'aerotrack_travel_riesgo_disrupcion' retrieved from /opt/airflow/dags/dag_estimar_riesgo_disrupcion.py
[2026-07-08T23:17:39.476-0500] {logging_mixin.py:188} INFO - [2026-07-08T23:17:39.476-0500] {dag.py:3089} INFO - Sync 1 DAGs
[2026-07-08T23:17:39.493-0500] {logging_mixin.py:188} INFO - [2026-07-08T23:17:39.493-0500] {dag.py:3947} INFO - Setting next_dagrun for aerotrack_travel_riesgo_disrupcion to 2026-07-09 00:00:00+00:00, run_after=2026-07-10 00:00:00+00:00
[2026-07-08T23:17:39.512-0500] {processor.py:183} INFO - Processing /opt/airflow/dags/dag_estimar_riesgo_disrupcion.py took 0.733 seconds
[2026-07-08T23:18:09.774-0500] {processor.py:161} INFO - Started process (PID=2694) to work on /opt/airflow/dags/dag_estimar_riesgo_disrupcion.py
[2026-07-08T23:18:09.775-0500] {processor.py:830} INFO - Processing file /opt/airflow/dags/dag_estimar_riesgo_disrupcion.py for tasks to queue
[2026-07-08T23:18:09.777-0500] {logging_mixin.py:188} INFO - [2026-07-08T23:18:09.777-0500] {dagbag.py:545} INFO - Filling up the DagBag from /opt/airflow/dags/dag_estimar_riesgo_disrupcion.py
[2026-07-08T23:18:10.303-0500] {processor.py:840} INFO - DAG(s) 'aerotrack_travel_riesgo_disrupcion' retrieved from /opt/airflow/dags/dag_estimar_riesgo_disrupcion.py
[2026-07-08T23:18:10.329-0500] {logging_mixin.py:188} INFO - [2026-07-08T23:18:10.328-0500] {dag.py:3089} INFO - Sync 1 DAGs
[2026-07-08T23:18:10.344-0500] {logging_mixin.py:188} INFO - [2026-07-08T23:18:10.343-0500] {dag.py:3947} INFO - Setting next_dagrun for aerotrack_travel_riesgo_disrupcion to 2026-07-09 00:00:00+00:00, run_after=2026-07-10 00:00:00+00:00
[2026-07-08T23:18:10.357-0500] {processor.py:183} INFO - Processing /opt/airflow/dags/dag_estimar_riesgo_disrupcion.py took 0.588 seconds
[2026-07-08T23:18:40.622-0500] {processor.py:161} INFO - Started process (PID=2711) to work on /opt/airflow/dags/dag_estimar_riesgo_disrupcion.py
[2026-07-08T23:18:40.623-0500] {processor.py:830} INFO - Processing file /opt/airflow/dags/dag_estimar_riesgo_disrupcion.py for tasks to queue
[2026-07-08T23:18:40.625-0500] {logging_mixin.py:188} INFO - [2026-07-08T23:18:40.624-0500] {dagbag.py:545} INFO - Filling up the DagBag from /opt/airflow/dags/dag_estimar_riesgo_disrupcion.py
[2026-07-08T23:18:41.224-0500] {processor.py:840} INFO - DAG(s) 'aerotrack_travel_riesgo_disrupcion' retrieved from /opt/airflow/dags/dag_estimar_riesgo_disrupcion.py
[2026-07-08T23:18:41.253-0500] {logging_mixin.py:188} INFO - [2026-07-08T23:18:41.253-0500] {dag.py:3089} INFO - Sync 1 DAGs
[2026-07-08T23:18:41.268-0500] {logging_mixin.py:188} INFO - [2026-07-08T23:18:41.267-0500] {dag.py:3947} INFO - Setting next_dagrun for aerotrack_travel_riesgo_disrupcion to 2026-07-09 00:00:00+00:00, run_after=2026-07-10 00:00:00+00:00
[2026-07-08T23:18:41.282-0500] {processor.py:183} INFO - Processing /opt/airflow/dags/dag_estimar_riesgo_disrupcion.py took 0.665 seconds
[2026-07-08T23:19:11.561-0500] {processor.py:161} INFO - Started process (PID=2728) to work on /opt/airflow/dags/dag_estimar_riesgo_disrupcion.py
[2026-07-08T23:19:11.562-0500] {processor.py:830} INFO - Processing file /opt/airflow/dags/dag_estimar_riesgo_disrupcion.py for tasks to queue
[2026-07-08T23:19:11.564-0500] {logging_mixin.py:188} INFO - [2026-07-08T23:19:11.564-0500] {dagbag.py:545} INFO - Filling up the DagBag from /opt/airflow/dags/dag_estimar_riesgo_disrupcion.py
[2026-07-08T23:19:12.139-0500] {processor.py:840} INFO - DAG(s) 'aerotrack_travel_riesgo_disrupcion' retrieved from /opt/airflow/dags/dag_estimar_riesgo_disrupcion.py
[2026-07-08T23:19:12.168-0500] {logging_mixin.py:188} INFO - [2026-07-08T23:19:12.167-0500] {dag.py:3089} INFO - Sync 1 DAGs
[2026-07-08T23:19:12.183-0500] {logging_mixin.py:188} INFO - [2026-07-08T23:19:12.183-0500] {dag.py:3947} INFO - Setting next_dagrun for aerotrack_travel_riesgo_disrupcion to 2026-07-09 00:00:00+00:00, run_after=2026-07-10 00:00:00+00:00
[2026-07-08T23:19:12.198-0500] {processor.py:183} INFO - Processing /opt/airflow/dags/dag_estimar_riesgo_disrupcion.py took 0.642 seconds
[2026-07-08T23:19:42.473-0500] {processor.py:161} INFO - Started process (PID=2745) to work on /opt/airflow/dags/dag_estimar_riesgo_disrupcion.py
[2026-07-08T23:19:42.474-0500] {processor.py:830} INFO - Processing file /opt/airflow/dags/dag_estimar_riesgo_disrupcion.py for tasks to queue
[2026-07-08T23:19:42.475-0500] {logging_mixin.py:188} INFO - [2026-07-08T23:19:42.475-0500] {dagbag.py:545} INFO - Filling up the DagBag from /opt/airflow/dags/dag_estimar_riesgo_disrupcion.py
[2026-07-08T23:19:42.972-0500] {processor.py:840} INFO - DAG(s) 'aerotrack_travel_riesgo_disrupcion' retrieved from /opt/airflow/dags/dag_estimar_riesgo_disrupcion.py
[2026-07-08T23:19:42.996-0500] {logging_mixin.py:188} INFO - [2026-07-08T23:19:42.996-0500] {dag.py:3089} INFO - Sync 1 DAGs
[2026-07-08T23:19:43.010-0500] {logging_mixin.py:188} INFO - [2026-07-08T23:19:43.010-0500] {dag.py:3947} INFO - Setting next_dagrun for aerotrack_travel_riesgo_disrupcion to 2026-07-09 00:00:00+00:00, run_after=2026-07-10 00:00:00+00:00
[2026-07-08T23:19:43.025-0500] {processor.py:183} INFO - Processing /opt/airflow/dags/dag_estimar_riesgo_disrupcion.py took 0.556 seconds
[2026-07-08T23:20:13.277-0500] {processor.py:161} INFO - Started process (PID=2762) to work on /opt/airflow/dags/dag_estimar_riesgo_disrupcion.py
[2026-07-08T23:20:13.278-0500] {processor.py:830} INFO - Processing file /opt/airflow/dags/dag_estimar_riesgo_disrupcion.py for tasks to queue
[2026-07-08T23:20:13.280-0500] {logging_mixin.py:188} INFO - [2026-07-08T23:20:13.280-0500] {dagbag.py:545} INFO - Filling up the DagBag from /opt/airflow/dags/dag_estimar_riesgo_disrupcion.py
[2026-07-08T23:20:13.856-0500] {processor.py:840} INFO - DAG(s) 'aerotrack_travel_riesgo_disrupcion' retrieved from /opt/airflow/dags/dag_estimar_riesgo_disrupcion.py
[2026-07-08T23:20:13.883-0500] {logging_mixin.py:188} INFO - [2026-07-08T23:20:13.883-0500] {dag.py:3089} INFO - Sync 1 DAGs
[2026-07-08T23:20:13.898-0500] {logging_mixin.py:188} INFO - [2026-07-08T23:20:13.897-0500] {dag.py:3947} INFO - Setting next_dagrun for aerotrack_travel_riesgo_disrupcion to 2026-07-09 00:00:00+00:00, run_after=2026-07-10 00:00:00+00:00
[2026-07-08T23:20:13.914-0500] {processor.py:183} INFO - Processing /opt/airflow/dags/dag_estimar_riesgo_disrupcion.py took 0.643 seconds
[2026-07-08T23:20:44.159-0500] {processor.py:161} INFO - Started process (PID=2779) to work on /opt/airflow/dags/dag_estimar_riesgo_disrupcion.py
[2026-07-08T23:20:44.160-0500] {processor.py:830} INFO - Processing file /opt/airflow/dags/dag_estimar_riesgo_disrupcion.py for tasks to queue
[2026-07-08T23:20:44.162-0500] {logging_mixin.py:188} INFO - [2026-07-08T23:20:44.162-0500] {dagbag.py:545} INFO - Filling up the DagBag from /opt/airflow/dags/dag_estimar_riesgo_disrupcion.py
[2026-07-08T23:20:44.692-0500] {processor.py:840} INFO - DAG(s) 'aerotrack_travel_riesgo_disrupcion' retrieved from /opt/airflow/dags/dag_estimar_riesgo_disrupcion.py
[2026-07-08T23:20:44.719-0500] {logging_mixin.py:188} INFO - [2026-07-08T23:20:44.719-0500] {dag.py:3089} INFO - Sync 1 DAGs
[2026-07-08T23:20:44.733-0500] {logging_mixin.py:188} INFO - [2026-07-08T23:20:44.733-0500] {dag.py:3947} INFO - Setting next_dagrun for aerotrack_travel_riesgo_disrupcion to 2026-07-09 00:00:00+00:00, run_after=2026-07-10 00:00:00+00:00
[2026-07-08T23:20:44.749-0500] {processor.py:183} INFO - Processing /opt/airflow/dags/dag_estimar_riesgo_disrupcion.py took 0.595 seconds
[2026-07-08T23:21:15.105-0500] {processor.py:161} INFO - Started process (PID=2796) to work on /opt/airflow/dags/dag_estimar_riesgo_disrupcion.py
[2026-07-08T23:21:15.106-0500] {processor.py:830} INFO - Processing file /opt/airflow/dags/dag_estimar_riesgo_disrupcion.py for tasks to queue
[2026-07-08T23:21:15.107-0500] {logging_mixin.py:188} INFO - [2026-07-08T23:21:15.107-0500] {dagbag.py:545} INFO - Filling up the DagBag from /opt/airflow/dags/dag_estimar_riesgo_disrupcion.py
[2026-07-08T23:21:15.669-0500] {processor.py:840} INFO - DAG(s) 'aerotrack_travel_riesgo_disrupcion' retrieved from /opt/airflow/dags/dag_estimar_riesgo_disrupcion.py
[2026-07-08T23:21:15.695-0500] {logging_mixin.py:188} INFO - [2026-07-08T23:21:15.695-0500] {dag.py:3089} INFO - Sync 1 DAGs
[2026-07-08T23:21:15.713-0500] {logging_mixin.py:188} INFO - [2026-07-08T23:21:15.712-0500] {dag.py:3947} INFO - Setting next_dagrun for aerotrack_travel_riesgo_disrupcion to 2026-07-09 00:00:00+00:00, run_after=2026-07-10 00:00:00+00:00
[2026-07-08T23:21:15.726-0500] {processor.py:183} INFO - Processing /opt/airflow/dags/dag_estimar_riesgo_disrupcion.py took 0.626 seconds
[2026-07-08T23:21:45.958-0500] {processor.py:161} INFO - Started process (PID=2813) to work on /opt/airflow/dags/dag_estimar_riesgo_disrupcion.py
[2026-07-08T23:21:45.959-0500] {processor.py:830} INFO - Processing file /opt/airflow/dags/dag_estimar_riesgo_disrupcion.py for tasks to queue
[2026-07-08T23:21:45.961-0500] {logging_mixin.py:188} INFO - [2026-07-08T23:21:45.961-0500] {dagbag.py:545} INFO - Filling up the DagBag from /opt/airflow/dags/dag_estimar_riesgo_disrupcion.py
[2026-07-08T23:21:46.498-0500] {processor.py:840} INFO - DAG(s) 'aerotrack_travel_riesgo_disrupcion' retrieved from /opt/airflow/dags/dag_estimar_riesgo_disrupcion.py
[2026-07-08T23:21:46.528-0500] {logging_mixin.py:188} INFO - [2026-07-08T23:21:46.527-0500] {dag.py:3089} INFO - Sync 1 DAGs
[2026-07-08T23:21:46.544-0500] {logging_mixin.py:188} INFO - [2026-07-08T23:21:46.543-0500] {dag.py:3947} INFO - Setting next_dagrun for aerotrack_travel_riesgo_disrupcion to 2026-07-09 00:00:00+00:00, run_after=2026-07-10 00:00:00+00:00
[2026-07-08T23:21:46.557-0500] {processor.py:183} INFO - Processing /opt/airflow/dags/dag_estimar_riesgo_disrupcion.py took 0.605 seconds
[2026-07-08T23:22:16.796-0500] {processor.py:161} INFO - Started process (PID=2830) to work on /opt/airflow/dags/dag_estimar_riesgo_disrupcion.py
[2026-07-08T23:22:16.797-0500] {processor.py:830} INFO - Processing file /opt/airflow/dags/dag_estimar_riesgo_disrupcion.py for tasks to queue
[2026-07-08T23:22:16.798-0500] {logging_mixin.py:188} INFO - [2026-07-08T23:22:16.798-0500] {dagbag.py:545} INFO - Filling up the DagBag from /opt/airflow/dags/dag_estimar_riesgo_disrupcion.py
[2026-07-08T23:22:17.347-0500] {processor.py:840} INFO - DAG(s) 'aerotrack_travel_riesgo_disrupcion' retrieved from /opt/airflow/dags/dag_estimar_riesgo_disrupcion.py
[2026-07-08T23:22:17.379-0500] {logging_mixin.py:188} INFO - [2026-07-08T23:22:17.378-0500] {dag.py:3089} INFO - Sync 1 DAGs
[2026-07-08T23:22:17.393-0500] {logging_mixin.py:188} INFO - [2026-07-08T23:22:17.393-0500] {dag.py:3947} INFO - Setting next_dagrun for aerotrack_travel_riesgo_disrupcion to 2026-07-09 00:00:00+00:00, run_after=2026-07-10 00:00:00+00:00
[2026-07-08T23:22:17.410-0500] {processor.py:183} INFO - Processing /opt/airflow/dags/dag_estimar_riesgo_disrupcion.py took 0.619 seconds
[2026-07-08T23:22:47.686-0500] {processor.py:161} INFO - Started process (PID=2847) to work on /opt/airflow/dags/dag_estimar_riesgo_disrupcion.py
[2026-07-08T23:22:47.687-0500] {processor.py:830} INFO - Processing file /opt/airflow/dags/dag_estimar_riesgo_disrupcion.py for tasks to queue
[2026-07-08T23:22:47.688-0500] {logging_mixin.py:188} INFO - [2026-07-08T23:22:47.688-0500] {dagbag.py:545} INFO - Filling up the DagBag from /opt/airflow/dags/dag_estimar_riesgo_disrupcion.py
[2026-07-08T23:22:48.207-0500] {processor.py:840} INFO - DAG(s) 'aerotrack_travel_riesgo_disrupcion' retrieved from /opt/airflow/dags/dag_estimar_riesgo_disrupcion.py
[2026-07-08T23:22:48.237-0500] {logging_mixin.py:188} INFO - [2026-07-08T23:22:48.236-0500] {dag.py:3089} INFO - Sync 1 DAGs
[2026-07-08T23:22:48.254-0500] {logging_mixin.py:188} INFO - [2026-07-08T23:22:48.253-0500] {dag.py:3947} INFO - Setting next_dagrun for aerotrack_travel_riesgo_disrupcion to 2026-07-09 00:00:00+00:00, run_after=2026-07-10 00:00:00+00:00
[2026-07-08T23:22:48.267-0500] {processor.py:183} INFO - Processing /opt/airflow/dags/dag_estimar_riesgo_disrupcion.py took 0.586 seconds
[2026-07-08T23:23:18.468-0500] {processor.py:161} INFO - Started process (PID=2864) to work on /opt/airflow/dags/dag_estimar_riesgo_disrupcion.py
[2026-07-08T23:23:18.469-0500] {processor.py:830} INFO - Processing file /opt/airflow/dags/dag_estimar_riesgo_disrupcion.py for tasks to queue
[2026-07-08T23:23:18.470-0500] {logging_mixin.py:188} INFO - [2026-07-08T23:23:18.470-0500] {dagbag.py:545} INFO - Filling up the DagBag from /opt/airflow/dags/dag_estimar_riesgo_disrupcion.py
[2026-07-08T23:23:18.981-0500] {processor.py:840} INFO - DAG(s) 'aerotrack_travel_riesgo_disrupcion' retrieved from /opt/airflow/dags/dag_estimar_riesgo_disrupcion.py
[2026-07-08T23:23:19.006-0500] {logging_mixin.py:188} INFO - [2026-07-08T23:23:19.005-0500] {dag.py:3089} INFO - Sync 1 DAGs
[2026-07-08T23:23:19.020-0500] {logging_mixin.py:188} INFO - [2026-07-08T23:23:19.020-0500] {dag.py:3947} INFO - Setting next_dagrun for aerotrack_travel_riesgo_disrupcion to 2026-07-09 00:00:00+00:00, run_after=2026-07-10 00:00:00+00:00
[2026-07-08T23:23:19.035-0500] {processor.py:183} INFO - Processing /opt/airflow/dags/dag_estimar_riesgo_disrupcion.py took 0.572 seconds
[2026-07-08T23:23:49.282-0500] {processor.py:161} INFO - Started process (PID=2881) to work on /opt/airflow/dags/dag_estimar_riesgo_disrupcion.py
[2026-07-08T23:23:49.283-0500] {processor.py:830} INFO - Processing file /opt/airflow/dags/dag_estimar_riesgo_disrupcion.py for tasks to queue
[2026-07-08T23:23:49.285-0500] {logging_mixin.py:188} INFO - [2026-07-08T23:23:49.285-0500] {dagbag.py:545} INFO - Filling up the DagBag from /opt/airflow/dags/dag_estimar_riesgo_disrupcion.py
[2026-07-08T23:23:49.839-0500] {processor.py:840} INFO - DAG(s) 'aerotrack_travel_riesgo_disrupcion' retrieved from /opt/airflow/dags/dag_estimar_riesgo_disrupcion.py
[2026-07-08T23:23:49.866-0500] {logging_mixin.py:188} INFO - [2026-07-08T23:23:49.865-0500] {dag.py:3089} INFO - Sync 1 DAGs
[2026-07-08T23:23:49.881-0500] {logging_mixin.py:188} INFO - [2026-07-08T23:23:49.881-0500] {dag.py:3947} INFO - Setting next_dagrun for aerotrack_travel_riesgo_disrupcion to 2026-07-09 00:00:00+00:00, run_after=2026-07-10 00:00:00+00:00
[2026-07-08T23:23:49.897-0500] {processor.py:183} INFO - Processing /opt/airflow/dags/dag_estimar_riesgo_disrupcion.py took 0.620 seconds
[2026-07-08T23:24:20.153-0500] {processor.py:161} INFO - Started process (PID=2898) to work on /opt/airflow/dags/dag_estimar_riesgo_disrupcion.py
[2026-07-08T23:24:20.154-0500] {processor.py:830} INFO - Processing file /opt/airflow/dags/dag_estimar_riesgo_disrupcion.py for tasks to queue
[2026-07-08T23:24:20.155-0500] {logging_mixin.py:188} INFO - [2026-07-08T23:24:20.155-0500] {dagbag.py:545} INFO - Filling up the DagBag from /opt/airflow/dags/dag_estimar_riesgo_disrupcion.py
[2026-07-08T23:24:20.708-0500] {processor.py:840} INFO - DAG(s) 'aerotrack_travel_riesgo_disrupcion' retrieved from /opt/airflow/dags/dag_estimar_riesgo_disrupcion.py
[2026-07-08T23:24:20.732-0500] {logging_mixin.py:188} INFO - [2026-07-08T23:24:20.732-0500] {dag.py:3089} INFO - Sync 1 DAGs
[2026-07-08T23:24:20.748-0500] {logging_mixin.py:188} INFO - [2026-07-08T23:24:20.747-0500] {dag.py:3947} INFO - Setting next_dagrun for aerotrack_travel_riesgo_disrupcion to 2026-07-09 00:00:00+00:00, run_after=2026-07-10 00:00:00+00:00
[2026-07-08T23:24:20.761-0500] {processor.py:183} INFO - Processing /opt/airflow/dags/dag_estimar_riesgo_disrupcion.py took 0.613 seconds
[2026-07-08T23:24:51.009-0500] {processor.py:161} INFO - Started process (PID=2915) to work on /opt/airflow/dags/dag_estimar_riesgo_disrupcion.py
[2026-07-08T23:24:51.010-0500] {processor.py:830} INFO - Processing file /opt/airflow/dags/dag_estimar_riesgo_disrupcion.py for tasks to queue
[2026-07-08T23:24:51.012-0500] {logging_mixin.py:188} INFO - [2026-07-08T23:24:51.012-0500] {dagbag.py:545} INFO - Filling up the DagBag from /opt/airflow/dags/dag_estimar_riesgo_disrupcion.py
[2026-07-08T23:24:51.592-0500] {processor.py:840} INFO - DAG(s) 'aerotrack_travel_riesgo_disrupcion' retrieved from /opt/airflow/dags/dag_estimar_riesgo_disrupcion.py
[2026-07-08T23:24:51.623-0500] {logging_mixin.py:188} INFO - [2026-07-08T23:24:51.623-0500] {dag.py:3089} INFO - Sync 1 DAGs
[2026-07-08T23:24:51.637-0500] {logging_mixin.py:188} INFO - [2026-07-08T23:24:51.637-0500] {dag.py:3947} INFO - Setting next_dagrun for aerotrack_travel_riesgo_disrupcion to 2026-07-09 00:00:00+00:00, run_after=2026-07-10 00:00:00+00:00
[2026-07-08T23:24:51.651-0500] {processor.py:183} INFO - Processing /opt/airflow/dags/dag_estimar_riesgo_disrupcion.py took 0.647 seconds
[2026-07-08T23:25:21.893-0500] {processor.py:161} INFO - Started process (PID=2932) to work on /opt/airflow/dags/dag_estimar_riesgo_disrupcion.py
[2026-07-08T23:25:21.894-0500] {processor.py:830} INFO - Processing file /opt/airflow/dags/dag_estimar_riesgo_disrupcion.py for tasks to queue
[2026-07-08T23:25:21.895-0500] {logging_mixin.py:188} INFO - [2026-07-08T23:25:21.895-0500] {dagbag.py:545} INFO - Filling up the DagBag from /opt/airflow/dags/dag_estimar_riesgo_disrupcion.py
[2026-07-08T23:25:22.440-0500] {processor.py:840} INFO - DAG(s) 'aerotrack_travel_riesgo_disrupcion' retrieved from /opt/airflow/dags/dag_estimar_riesgo_disrupcion.py
[2026-07-08T23:25:22.474-0500] {logging_mixin.py:188} INFO - [2026-07-08T23:25:22.474-0500] {dag.py:3089} INFO - Sync 1 DAGs
[2026-07-08T23:25:22.487-0500] {logging_mixin.py:188} INFO - [2026-07-08T23:25:22.487-0500] {dag.py:3947} INFO - Setting next_dagrun for aerotrack_travel_riesgo_disrupcion to 2026-07-09 00:00:00+00:00, run_after=2026-07-10 00:00:00+00:00
[2026-07-08T23:25:22.501-0500] {processor.py:183} INFO - Processing /opt/airflow/dags/dag_estimar_riesgo_disrupcion.py took 0.613 seconds
[2026-07-08T23:25:52.745-0500] {processor.py:161} INFO - Started process (PID=2974) to work on /opt/airflow/dags/dag_estimar_riesgo_disrupcion.py
[2026-07-08T23:25:52.746-0500] {processor.py:830} INFO - Processing file /opt/airflow/dags/dag_estimar_riesgo_disrupcion.py for tasks to queue
[2026-07-08T23:25:52.747-0500] {logging_mixin.py:188} INFO - [2026-07-08T23:25:52.747-0500] {dagbag.py:545} INFO - Filling up the DagBag from /opt/airflow/dags/dag_estimar_riesgo_disrupcion.py
[2026-07-08T23:25:53.322-0500] {processor.py:840} INFO - DAG(s) 'aerotrack_travel_riesgo_disrupcion' retrieved from /opt/airflow/dags/dag_estimar_riesgo_disrupcion.py
[2026-07-08T23:25:53.346-0500] {logging_mixin.py:188} INFO - [2026-07-08T23:25:53.345-0500] {dag.py:3089} INFO - Sync 1 DAGs
[2026-07-08T23:25:53.360-0500] {logging_mixin.py:188} INFO - [2026-07-08T23:25:53.359-0500] {dag.py:3947} INFO - Setting next_dagrun for aerotrack_travel_riesgo_disrupcion to 2026-07-09 00:00:00+00:00, run_after=2026-07-10 00:00:00+00:00
[2026-07-08T23:25:53.378-0500] {processor.py:183} INFO - Processing /opt/airflow/dags/dag_estimar_riesgo_disrupcion.py took 0.637 seconds
[2026-07-08T23:26:23.847-0500] {processor.py:161} INFO - Started process (PID=3013) to work on /opt/airflow/dags/dag_estimar_riesgo_disrupcion.py
[2026-07-08T23:26:23.849-0500] {processor.py:830} INFO - Processing file /opt/airflow/dags/dag_estimar_riesgo_disrupcion.py for tasks to queue
[2026-07-08T23:26:23.850-0500] {logging_mixin.py:188} INFO - [2026-07-08T23:26:23.850-0500] {dagbag.py:545} INFO - Filling up the DagBag from /opt/airflow/dags/dag_estimar_riesgo_disrupcion.py
[2026-07-08T23:26:24.476-0500] {processor.py:840} INFO - DAG(s) 'aerotrack_travel_riesgo_disrupcion' retrieved from /opt/airflow/dags/dag_estimar_riesgo_disrupcion.py
[2026-07-08T23:26:24.506-0500] {logging_mixin.py:188} INFO - [2026-07-08T23:26:24.506-0500] {dag.py:3089} INFO - Sync 1 DAGs
[2026-07-08T23:26:24.524-0500] {logging_mixin.py:188} INFO - [2026-07-08T23:26:24.523-0500] {dag.py:3947} INFO - Setting next_dagrun for aerotrack_travel_riesgo_disrupcion to 2026-07-09 00:00:00+00:00, run_after=2026-07-10 00:00:00+00:00
[2026-07-08T23:26:24.541-0500] {processor.py:183} INFO - Processing /opt/airflow/dags/dag_estimar_riesgo_disrupcion.py took 0.698 seconds
[2026-07-08T23:26:54.901-0500] {processor.py:161} INFO - Started process (PID=3064) to work on /opt/airflow/dags/dag_estimar_riesgo_disrupcion.py
[2026-07-08T23:26:54.903-0500] {processor.py:830} INFO - Processing file /opt/airflow/dags/dag_estimar_riesgo_disrupcion.py for tasks to queue
[2026-07-08T23:26:54.905-0500] {logging_mixin.py:188} INFO - [2026-07-08T23:26:54.905-0500] {dagbag.py:545} INFO - Filling up the DagBag from /opt/airflow/dags/dag_estimar_riesgo_disrupcion.py
[2026-07-08T23:26:55.519-0500] {processor.py:840} INFO - DAG(s) 'aerotrack_travel_riesgo_disrupcion' retrieved from /opt/airflow/dags/dag_estimar_riesgo_disrupcion.py
[2026-07-08T23:26:55.552-0500] {logging_mixin.py:188} INFO - [2026-07-08T23:26:55.552-0500] {dag.py:3089} INFO - Sync 1 DAGs
[2026-07-08T23:26:55.568-0500] {logging_mixin.py:188} INFO - [2026-07-08T23:26:55.567-0500] {dag.py:3947} INFO - Setting next_dagrun for aerotrack_travel_riesgo_disrupcion to 2026-07-09 00:00:00+00:00, run_after=2026-07-10 00:00:00+00:00
[2026-07-08T23:26:55.581-0500] {processor.py:183} INFO - Processing /opt/airflow/dags/dag_estimar_riesgo_disrupcion.py took 0.685 seconds
[2026-07-08T23:27:25.932-0500] {processor.py:161} INFO - Started process (PID=3091) to work on /opt/airflow/dags/dag_estimar_riesgo_disrupcion.py
[2026-07-08T23:27:25.933-0500] {processor.py:830} INFO - Processing file /opt/airflow/dags/dag_estimar_riesgo_disrupcion.py for tasks to queue
[2026-07-08T23:27:25.935-0500] {logging_mixin.py:188} INFO - [2026-07-08T23:27:25.935-0500] {dagbag.py:545} INFO - Filling up the DagBag from /opt/airflow/dags/dag_estimar_riesgo_disrupcion.py
[2026-07-08T23:27:26.504-0500] {processor.py:840} INFO - DAG(s) 'aerotrack_travel_riesgo_disrupcion' retrieved from /opt/airflow/dags/dag_estimar_riesgo_disrupcion.py
[2026-07-08T23:27:26.533-0500] {logging_mixin.py:188} INFO - [2026-07-08T23:27:26.533-0500] {dag.py:3089} INFO - Sync 1 DAGs
[2026-07-08T23:27:26.550-0500] {logging_mixin.py:188} INFO - [2026-07-08T23:27:26.550-0500] {dag.py:3947} INFO - Setting next_dagrun for aerotrack_travel_riesgo_disrupcion to 2026-07-09 00:00:00+00:00, run_after=2026-07-10 00:00:00+00:00
[2026-07-08T23:27:26.565-0500] {processor.py:183} INFO - Processing /opt/airflow/dags/dag_estimar_riesgo_disrupcion.py took 0.639 seconds
[2026-07-08T23:27:56.894-0500] {processor.py:161} INFO - Started process (PID=3118) to work on /opt/airflow/dags/dag_estimar_riesgo_disrupcion.py
[2026-07-08T23:27:56.895-0500] {processor.py:830} INFO - Processing file /opt/airflow/dags/dag_estimar_riesgo_disrupcion.py for tasks to queue
[2026-07-08T23:27:56.896-0500] {logging_mixin.py:188} INFO - [2026-07-08T23:27:56.896-0500] {dagbag.py:545} INFO - Filling up the DagBag from /opt/airflow/dags/dag_estimar_riesgo_disrupcion.py
[2026-07-08T23:27:57.476-0500] {processor.py:840} INFO - DAG(s) 'aerotrack_travel_riesgo_disrupcion' retrieved from /opt/airflow/dags/dag_estimar_riesgo_disrupcion.py
[2026-07-08T23:27:57.500-0500] {logging_mixin.py:188} INFO - [2026-07-08T23:27:57.499-0500] {dag.py:3089} INFO - Sync 1 DAGs
[2026-07-08T23:27:57.517-0500] {logging_mixin.py:188} INFO - [2026-07-08T23:27:57.517-0500] {dag.py:3947} INFO - Setting next_dagrun for aerotrack_travel_riesgo_disrupcion to 2026-07-09 00:00:00+00:00, run_after=2026-07-10 00:00:00+00:00
[2026-07-08T23:27:57.530-0500] {processor.py:183} INFO - Processing /opt/airflow/dags/dag_estimar_riesgo_disrupcion.py took 0.642 seconds
[2026-07-08T23:28:27.955-0500] {processor.py:161} INFO - Started process (PID=3145) to work on /opt/airflow/dags/dag_estimar_riesgo_disrupcion.py
[2026-07-08T23:28:27.956-0500] {processor.py:830} INFO - Processing file /opt/airflow/dags/dag_estimar_riesgo_disrupcion.py for tasks to queue
[2026-07-08T23:28:27.958-0500] {logging_mixin.py:188} INFO - [2026-07-08T23:28:27.957-0500] {dagbag.py:545} INFO - Filling up the DagBag from /opt/airflow/dags/dag_estimar_riesgo_disrupcion.py
[2026-07-08T23:28:28.562-0500] {processor.py:840} INFO - DAG(s) 'aerotrack_travel_riesgo_disrupcion' retrieved from /opt/airflow/dags/dag_estimar_riesgo_disrupcion.py
[2026-07-08T23:28:28.586-0500] {logging_mixin.py:188} INFO - [2026-07-08T23:28:28.586-0500] {dag.py:3089} INFO - Sync 1 DAGs
[2026-07-08T23:28:28.600-0500] {logging_mixin.py:188} INFO - [2026-07-08T23:28:28.600-0500] {dag.py:3947} INFO - Setting next_dagrun for aerotrack_travel_riesgo_disrupcion to 2026-07-09 00:00:00+00:00, run_after=2026-07-10 00:00:00+00:00
[2026-07-08T23:28:28.613-0500] {processor.py:183} INFO - Processing /opt/airflow/dags/dag_estimar_riesgo_disrupcion.py took 0.662 seconds
[2026-07-08T23:28:58.940-0500] {processor.py:161} INFO - Started process (PID=3172) to work on /opt/airflow/dags/dag_estimar_riesgo_disrupcion.py
[2026-07-08T23:28:58.941-0500] {processor.py:830} INFO - Processing file /opt/airflow/dags/dag_estimar_riesgo_disrupcion.py for tasks to queue
[2026-07-08T23:28:58.943-0500] {logging_mixin.py:188} INFO - [2026-07-08T23:28:58.943-0500] {dagbag.py:545} INFO - Filling up the DagBag from /opt/airflow/dags/dag_estimar_riesgo_disrupcion.py
[2026-07-08T23:28:59.522-0500] {processor.py:840} INFO - DAG(s) 'aerotrack_travel_riesgo_disrupcion' retrieved from /opt/airflow/dags/dag_estimar_riesgo_disrupcion.py
[2026-07-08T23:28:59.546-0500] {logging_mixin.py:188} INFO - [2026-07-08T23:28:59.546-0500] {dag.py:3089} INFO - Sync 1 DAGs
[2026-07-08T23:28:59.561-0500] {logging_mixin.py:188} INFO - [2026-07-08T23:28:59.561-0500] {dag.py:3947} INFO - Setting next_dagrun for aerotrack_travel_riesgo_disrupcion to 2026-07-09 00:00:00+00:00, run_after=2026-07-10 00:00:00+00:00
[2026-07-08T23:28:59.574-0500] {processor.py:183} INFO - Processing /opt/airflow/dags/dag_estimar_riesgo_disrupcion.py took 0.638 seconds
[2026-07-08T23:29:30.002-0500] {processor.py:161} INFO - Started process (PID=3199) to work on /opt/airflow/dags/dag_estimar_riesgo_disrupcion.py
[2026-07-08T23:29:30.004-0500] {processor.py:830} INFO - Processing file /opt/airflow/dags/dag_estimar_riesgo_disrupcion.py for tasks to queue
[2026-07-08T23:29:30.005-0500] {logging_mixin.py:188} INFO - [2026-07-08T23:29:30.005-0500] {dagbag.py:545} INFO - Filling up the DagBag from /opt/airflow/dags/dag_estimar_riesgo_disrupcion.py
[2026-07-08T23:29:30.611-0500] {processor.py:840} INFO - DAG(s) 'aerotrack_travel_riesgo_disrupcion' retrieved from /opt/airflow/dags/dag_estimar_riesgo_disrupcion.py
[2026-07-08T23:29:30.636-0500] {logging_mixin.py:188} INFO - [2026-07-08T23:29:30.635-0500] {dag.py:3089} INFO - Sync 1 DAGs
[2026-07-08T23:29:30.649-0500] {logging_mixin.py:188} INFO - [2026-07-08T23:29:30.649-0500] {dag.py:3947} INFO - Setting next_dagrun for aerotrack_travel_riesgo_disrupcion to 2026-07-09 00:00:00+00:00, run_after=2026-07-10 00:00:00+00:00
[2026-07-08T23:29:30.663-0500] {processor.py:183} INFO - Processing /opt/airflow/dags/dag_estimar_riesgo_disrupcion.py took 0.666 seconds
[2026-07-08T23:30:00.968-0500] {processor.py:161} INFO - Started process (PID=3226) to work on /opt/airflow/dags/dag_estimar_riesgo_disrupcion.py
[2026-07-08T23:30:00.969-0500] {processor.py:830} INFO - Processing file /opt/airflow/dags/dag_estimar_riesgo_disrupcion.py for tasks to queue
[2026-07-08T23:30:00.971-0500] {logging_mixin.py:188} INFO - [2026-07-08T23:30:00.970-0500] {dagbag.py:545} INFO - Filling up the DagBag from /opt/airflow/dags/dag_estimar_riesgo_disrupcion.py
[2026-07-08T23:30:01.497-0500] {processor.py:840} INFO - DAG(s) 'aerotrack_travel_riesgo_disrupcion' retrieved from /opt/airflow/dags/dag_estimar_riesgo_disrupcion.py
[2026-07-08T23:30:01.521-0500] {logging_mixin.py:188} INFO - [2026-07-08T23:30:01.520-0500] {dag.py:3089} INFO - Sync 1 DAGs
[2026-07-08T23:30:01.534-0500] {logging_mixin.py:188} INFO - [2026-07-08T23:30:01.534-0500] {dag.py:3947} INFO - Setting next_dagrun for aerotrack_travel_riesgo_disrupcion to 2026-07-09 00:00:00+00:00, run_after=2026-07-10 00:00:00+00:00
[2026-07-08T23:30:01.547-0500] {processor.py:183} INFO - Processing /opt/airflow/dags/dag_estimar_riesgo_disrupcion.py took 0.585 seconds
[2026-07-08T23:30:31.891-0500] {processor.py:161} INFO - Started process (PID=3253) to work on /opt/airflow/dags/dag_estimar_riesgo_disrupcion.py
[2026-07-08T23:30:31.892-0500] {processor.py:830} INFO - Processing file /opt/airflow/dags/dag_estimar_riesgo_disrupcion.py for tasks to queue
[2026-07-08T23:30:31.893-0500] {logging_mixin.py:188} INFO - [2026-07-08T23:30:31.893-0500] {dagbag.py:545} INFO - Filling up the DagBag from /opt/airflow/dags/dag_estimar_riesgo_disrupcion.py
[2026-07-08T23:30:32.418-0500] {processor.py:840} INFO - DAG(s) 'aerotrack_travel_riesgo_disrupcion' retrieved from /opt/airflow/dags/dag_estimar_riesgo_disrupcion.py
[2026-07-08T23:30:32.443-0500] {logging_mixin.py:188} INFO - [2026-07-08T23:30:32.442-0500] {dag.py:3089} INFO - Sync 1 DAGs
[2026-07-08T23:30:32.457-0500] {logging_mixin.py:188} INFO - [2026-07-08T23:30:32.457-0500] {dag.py:3947} INFO - Setting next_dagrun for aerotrack_travel_riesgo_disrupcion to 2026-07-09 00:00:00+00:00, run_after=2026-07-10 00:00:00+00:00
[2026-07-08T23:30:32.470-0500] {processor.py:183} INFO - Processing /opt/airflow/dags/dag_estimar_riesgo_disrupcion.py took 0.584 seconds
[2026-07-08T23:31:02.901-0500] {processor.py:161} INFO - Started process (PID=3280) to work on /opt/airflow/dags/dag_estimar_riesgo_disrupcion.py
[2026-07-08T23:31:02.902-0500] {processor.py:830} INFO - Processing file /opt/airflow/dags/dag_estimar_riesgo_disrupcion.py for tasks to queue
[2026-07-08T23:31:02.903-0500] {logging_mixin.py:188} INFO - [2026-07-08T23:31:02.903-0500] {dagbag.py:545} INFO - Filling up the DagBag from /opt/airflow/dags/dag_estimar_riesgo_disrupcion.py
[2026-07-08T23:31:03.584-0500] {processor.py:840} INFO - DAG(s) 'aerotrack_travel_riesgo_disrupcion' retrieved from /opt/airflow/dags/dag_estimar_riesgo_disrupcion.py
[2026-07-08T23:31:03.612-0500] {logging_mixin.py:188} INFO - [2026-07-08T23:31:03.612-0500] {dag.py:3089} INFO - Sync 1 DAGs
[2026-07-08T23:31:03.630-0500] {logging_mixin.py:188} INFO - [2026-07-08T23:31:03.630-0500] {dag.py:3947} INFO - Setting next_dagrun for aerotrack_travel_riesgo_disrupcion to 2026-07-09 00:00:00+00:00, run_after=2026-07-10 00:00:00+00:00
[2026-07-08T23:31:03.645-0500] {processor.py:183} INFO - Processing /opt/airflow/dags/dag_estimar_riesgo_disrupcion.py took 0.749 seconds
[2026-07-08T23:31:34.235-0500] {processor.py:161} INFO - Started process (PID=3307) to work on /opt/airflow/dags/dag_estimar_riesgo_disrupcion.py
[2026-07-08T23:31:34.236-0500] {processor.py:830} INFO - Processing file /opt/airflow/dags/dag_estimar_riesgo_disrupcion.py for tasks to queue
[2026-07-08T23:31:34.238-0500] {logging_mixin.py:188} INFO - [2026-07-08T23:31:34.237-0500] {dagbag.py:545} INFO - Filling up the DagBag from /opt/airflow/dags/dag_estimar_riesgo_disrupcion.py
[2026-07-08T23:31:34.876-0500] {processor.py:840} INFO - DAG(s) 'aerotrack_travel_riesgo_disrupcion' retrieved from /opt/airflow/dags/dag_estimar_riesgo_disrupcion.py
[2026-07-08T23:31:34.906-0500] {logging_mixin.py:188} INFO - [2026-07-08T23:31:34.905-0500] {dag.py:3089} INFO - Sync 1 DAGs
[2026-07-08T23:31:34.925-0500] {logging_mixin.py:188} INFO - [2026-07-08T23:31:34.925-0500] {dag.py:3947} INFO - Setting next_dagrun for aerotrack_travel_riesgo_disrupcion to 2026-07-09 00:00:00+00:00, run_after=2026-07-10 00:00:00+00:00
[2026-07-08T23:31:34.945-0500] {processor.py:183} INFO - Processing /opt/airflow/dags/dag_estimar_riesgo_disrupcion.py took 0.715 seconds
[2026-07-08T23:32:05.316-0500] {processor.py:161} INFO - Started process (PID=3334) to work on /opt/airflow/dags/dag_estimar_riesgo_disrupcion.py
[2026-07-08T23:32:05.317-0500] {processor.py:830} INFO - Processing file /opt/airflow/dags/dag_estimar_riesgo_disrupcion.py for tasks to queue
[2026-07-08T23:32:05.319-0500] {logging_mixin.py:188} INFO - [2026-07-08T23:32:05.318-0500] {dagbag.py:545} INFO - Filling up the DagBag from /opt/airflow/dags/dag_estimar_riesgo_disrupcion.py
[2026-07-08T23:32:05.904-0500] {processor.py:840} INFO - DAG(s) 'aerotrack_travel_riesgo_disrupcion' retrieved from /opt/airflow/dags/dag_estimar_riesgo_disrupcion.py
[2026-07-08T23:32:05.933-0500] {logging_mixin.py:188} INFO - [2026-07-08T23:32:05.932-0500] {dag.py:3089} INFO - Sync 1 DAGs
[2026-07-08T23:32:05.950-0500] {logging_mixin.py:188} INFO - [2026-07-08T23:32:05.950-0500] {dag.py:3947} INFO - Setting next_dagrun for aerotrack_travel_riesgo_disrupcion to 2026-07-09 00:00:00+00:00, run_after=2026-07-10 00:00:00+00:00
[2026-07-08T23:32:05.964-0500] {processor.py:183} INFO - Processing /opt/airflow/dags/dag_estimar_riesgo_disrupcion.py took 0.653 seconds
[2026-07-08T23:32:36.292-0500] {processor.py:161} INFO - Started process (PID=3361) to work on /opt/airflow/dags/dag_estimar_riesgo_disrupcion.py
[2026-07-08T23:32:36.293-0500] {processor.py:830} INFO - Processing file /opt/airflow/dags/dag_estimar_riesgo_disrupcion.py for tasks to queue
[2026-07-08T23:32:36.295-0500] {logging_mixin.py:188} INFO - [2026-07-08T23:32:36.295-0500] {dagbag.py:545} INFO - Filling up the DagBag from /opt/airflow/dags/dag_estimar_riesgo_disrupcion.py
[2026-07-08T23:32:36.910-0500] {processor.py:840} INFO - DAG(s) 'aerotrack_travel_riesgo_disrupcion' retrieved from /opt/airflow/dags/dag_estimar_riesgo_disrupcion.py
[2026-07-08T23:32:36.938-0500] {logging_mixin.py:188} INFO - [2026-07-08T23:32:36.938-0500] {dag.py:3089} INFO - Sync 1 DAGs
[2026-07-08T23:32:36.954-0500] {logging_mixin.py:188} INFO - [2026-07-08T23:32:36.954-0500] {dag.py:3947} INFO - Setting next_dagrun for aerotrack_travel_riesgo_disrupcion to 2026-07-09 00:00:00+00:00, run_after=2026-07-10 00:00:00+00:00
[2026-07-08T23:32:36.967-0500] {processor.py:183} INFO - Processing /opt/airflow/dags/dag_estimar_riesgo_disrupcion.py took 0.680 seconds
[2026-07-08T23:33:07.421-0500] {processor.py:161} INFO - Started process (PID=3388) to work on /opt/airflow/dags/dag_estimar_riesgo_disrupcion.py
[2026-07-08T23:33:07.423-0500] {processor.py:830} INFO - Processing file /opt/airflow/dags/dag_estimar_riesgo_disrupcion.py for tasks to queue
[2026-07-08T23:33:07.424-0500] {logging_mixin.py:188} INFO - [2026-07-08T23:33:07.424-0500] {dagbag.py:545} INFO - Filling up the DagBag from /opt/airflow/dags/dag_estimar_riesgo_disrupcion.py
[2026-07-08T23:33:08.023-0500] {processor.py:840} INFO - DAG(s) 'aerotrack_travel_riesgo_disrupcion' retrieved from /opt/airflow/dags/dag_estimar_riesgo_disrupcion.py
[2026-07-08T23:33:08.054-0500] {logging_mixin.py:188} INFO - [2026-07-08T23:33:08.053-0500] {dag.py:3089} INFO - Sync 1 DAGs
[2026-07-08T23:33:08.068-0500] {logging_mixin.py:188} INFO - [2026-07-08T23:33:08.068-0500] {dag.py:3947} INFO - Setting next_dagrun for aerotrack_travel_riesgo_disrupcion to 2026-07-09 00:00:00+00:00, run_after=2026-07-10 00:00:00+00:00
[2026-07-08T23:33:08.082-0500] {processor.py:183} INFO - Processing /opt/airflow/dags/dag_estimar_riesgo_disrupcion.py took 0.665 seconds
[2026-07-08T23:33:38.528-0500] {processor.py:161} INFO - Started process (PID=3415) to work on /opt/airflow/dags/dag_estimar_riesgo_disrupcion.py
[2026-07-08T23:33:38.529-0500] {processor.py:830} INFO - Processing file /opt/airflow/dags/dag_estimar_riesgo_disrupcion.py for tasks to queue
[2026-07-08T23:33:38.531-0500] {logging_mixin.py:188} INFO - [2026-07-08T23:33:38.531-0500] {dagbag.py:545} INFO - Filling up the DagBag from /opt/airflow/dags/dag_estimar_riesgo_disrupcion.py
[2026-07-08T23:33:39.116-0500] {processor.py:840} INFO - DAG(s) 'aerotrack_travel_riesgo_disrupcion' retrieved from /opt/airflow/dags/dag_estimar_riesgo_disrupcion.py
[2026-07-08T23:33:39.146-0500] {logging_mixin.py:188} INFO - [2026-07-08T23:33:39.145-0500] {dag.py:3089} INFO - Sync 1 DAGs
[2026-07-08T23:33:39.164-0500] {logging_mixin.py:188} INFO - [2026-07-08T23:33:39.163-0500] {dag.py:3947} INFO - Setting next_dagrun for aerotrack_travel_riesgo_disrupcion to 2026-07-09 00:00:00+00:00, run_after=2026-07-10 00:00:00+00:00
[2026-07-08T23:33:39.177-0500] {processor.py:183} INFO - Processing /opt/airflow/dags/dag_estimar_riesgo_disrupcion.py took 0.654 seconds
[2026-07-08T23:34:09.487-0500] {processor.py:161} INFO - Started process (PID=3442) to work on /opt/airflow/dags/dag_estimar_riesgo_disrupcion.py
[2026-07-08T23:34:09.487-0500] {processor.py:830} INFO - Processing file /opt/airflow/dags/dag_estimar_riesgo_disrupcion.py for tasks to queue
[2026-07-08T23:34:09.489-0500] {logging_mixin.py:188} INFO - [2026-07-08T23:34:09.489-0500] {dagbag.py:545} INFO - Filling up the DagBag from /opt/airflow/dags/dag_estimar_riesgo_disrupcion.py
[2026-07-08T23:34:10.031-0500] {processor.py:840} INFO - DAG(s) 'aerotrack_travel_riesgo_disrupcion' retrieved from /opt/airflow/dags/dag_estimar_riesgo_disrupcion.py
[2026-07-08T23:34:10.055-0500] {logging_mixin.py:188} INFO - [2026-07-08T23:34:10.055-0500] {dag.py:3089} INFO - Sync 1 DAGs
[2026-07-08T23:34:10.071-0500] {logging_mixin.py:188} INFO - [2026-07-08T23:34:10.071-0500] {dag.py:3947} INFO - Setting next_dagrun for aerotrack_travel_riesgo_disrupcion to 2026-07-09 00:00:00+00:00, run_after=2026-07-10 00:00:00+00:00
[2026-07-08T23:34:10.084-0500] {processor.py:183} INFO - Processing /opt/airflow/dags/dag_estimar_riesgo_disrupcion.py took 0.603 seconds
[2026-07-08T23:34:40.493-0500] {processor.py:161} INFO - Started process (PID=3469) to work on /opt/airflow/dags/dag_estimar_riesgo_disrupcion.py
[2026-07-08T23:34:40.494-0500] {processor.py:830} INFO - Processing file /opt/airflow/dags/dag_estimar_riesgo_disrupcion.py for tasks to queue
[2026-07-08T23:34:40.495-0500] {logging_mixin.py:188} INFO - [2026-07-08T23:34:40.495-0500] {dagbag.py:545} INFO - Filling up the DagBag from /opt/airflow/dags/dag_estimar_riesgo_disrupcion.py
[2026-07-08T23:34:41.012-0500] {processor.py:840} INFO - DAG(s) 'aerotrack_travel_riesgo_disrupcion' retrieved from /opt/airflow/dags/dag_estimar_riesgo_disrupcion.py
[2026-07-08T23:34:41.037-0500] {logging_mixin.py:188} INFO - [2026-07-08T23:34:41.036-0500] {dag.py:3089} INFO - Sync 1 DAGs
[2026-07-08T23:34:41.051-0500] {logging_mixin.py:188} INFO - [2026-07-08T23:34:41.051-0500] {dag.py:3947} INFO - Setting next_dagrun for aerotrack_travel_riesgo_disrupcion to 2026-07-09 00:00:00+00:00, run_after=2026-07-10 00:00:00+00:00
[2026-07-08T23:34:41.063-0500] {processor.py:183} INFO - Processing /opt/airflow/dags/dag_estimar_riesgo_disrupcion.py took 0.575 seconds
[2026-07-08T23:35:11.490-0500] {processor.py:161} INFO - Started process (PID=3496) to work on /opt/airflow/dags/dag_estimar_riesgo_disrupcion.py
[2026-07-08T23:35:11.491-0500] {processor.py:830} INFO - Processing file /opt/airflow/dags/dag_estimar_riesgo_disrupcion.py for tasks to queue
[2026-07-08T23:35:11.492-0500] {logging_mixin.py:188} INFO - [2026-07-08T23:35:11.492-0500] {dagbag.py:545} INFO - Filling up the DagBag from /opt/airflow/dags/dag_estimar_riesgo_disrupcion.py
[2026-07-08T23:35:12.015-0500] {processor.py:840} INFO - DAG(s) 'aerotrack_travel_riesgo_disrupcion' retrieved from /opt/airflow/dags/dag_estimar_riesgo_disrupcion.py
[2026-07-08T23:35:12.041-0500] {logging_mixin.py:188} INFO - [2026-07-08T23:35:12.041-0500] {dag.py:3089} INFO - Sync 1 DAGs
[2026-07-08T23:35:12.055-0500] {logging_mixin.py:188} INFO - [2026-07-08T23:35:12.055-0500] {dag.py:3947} INFO - Setting next_dagrun for aerotrack_travel_riesgo_disrupcion to 2026-07-09 00:00:00+00:00, run_after=2026-07-10 00:00:00+00:00
[2026-07-08T23:35:12.067-0500] {processor.py:183} INFO - Processing /opt/airflow/dags/dag_estimar_riesgo_disrupcion.py took 0.582 seconds
[2026-07-08T23:35:42.381-0500] {processor.py:161} INFO - Started process (PID=3523) to work on /opt/airflow/dags/dag_estimar_riesgo_disrupcion.py
[2026-07-08T23:35:42.382-0500] {processor.py:830} INFO - Processing file /opt/airflow/dags/dag_estimar_riesgo_disrupcion.py for tasks to queue
[2026-07-08T23:35:42.383-0500] {logging_mixin.py:188} INFO - [2026-07-08T23:35:42.383-0500] {dagbag.py:545} INFO - Filling up the DagBag from /opt/airflow/dags/dag_estimar_riesgo_disrupcion.py
[2026-07-08T23:35:42.909-0500] {processor.py:840} INFO - DAG(s) 'aerotrack_travel_riesgo_disrupcion' retrieved from /opt/airflow/dags/dag_estimar_riesgo_disrupcion.py
[2026-07-08T23:35:42.935-0500] {logging_mixin.py:188} INFO - [2026-07-08T23:35:42.935-0500] {dag.py:3089} INFO - Sync 1 DAGs
[2026-07-08T23:35:42.950-0500] {logging_mixin.py:188} INFO - [2026-07-08T23:35:42.950-0500] {dag.py:3947} INFO - Setting next_dagrun for aerotrack_travel_riesgo_disrupcion to 2026-07-09 00:00:00+00:00, run_after=2026-07-10 00:00:00+00:00
[2026-07-08T23:35:42.963-0500] {processor.py:183} INFO - Processing /opt/airflow/dags/dag_estimar_riesgo_disrupcion.py took 0.587 seconds
[2026-07-08T23:36:13.494-0500] {processor.py:161} INFO - Started process (PID=3550) to work on /opt/airflow/dags/dag_estimar_riesgo_disrupcion.py
[2026-07-08T23:36:13.494-0500] {processor.py:830} INFO - Processing file /opt/airflow/dags/dag_estimar_riesgo_disrupcion.py for tasks to queue
[2026-07-08T23:36:13.496-0500] {logging_mixin.py:188} INFO - [2026-07-08T23:36:13.496-0500] {dagbag.py:545} INFO - Filling up the DagBag from /opt/airflow/dags/dag_estimar_riesgo_disrupcion.py
[2026-07-08T23:36:14.024-0500] {processor.py:840} INFO - DAG(s) 'aerotrack_travel_riesgo_disrupcion' retrieved from /opt/airflow/dags/dag_estimar_riesgo_disrupcion.py
[2026-07-08T23:36:14.058-0500] {logging_mixin.py:188} INFO - [2026-07-08T23:36:14.058-0500] {dag.py:3089} INFO - Sync 1 DAGs
[2026-07-08T23:36:14.071-0500] {logging_mixin.py:188} INFO - [2026-07-08T23:36:14.071-0500] {dag.py:3947} INFO - Setting next_dagrun for aerotrack_travel_riesgo_disrupcion to 2026-07-09 00:00:00+00:00, run_after=2026-07-10 00:00:00+00:00
[2026-07-08T23:36:14.086-0500] {processor.py:183} INFO - Processing /opt/airflow/dags/dag_estimar_riesgo_disrupcion.py took 0.597 seconds
[2026-07-08T23:36:44.580-0500] {processor.py:161} INFO - Started process (PID=3577) to work on /opt/airflow/dags/dag_estimar_riesgo_disrupcion.py
[2026-07-08T23:36:44.581-0500] {processor.py:830} INFO - Processing file /opt/airflow/dags/dag_estimar_riesgo_disrupcion.py for tasks to queue
[2026-07-08T23:36:44.582-0500] {logging_mixin.py:188} INFO - [2026-07-08T23:36:44.582-0500] {dagbag.py:545} INFO - Filling up the DagBag from /opt/airflow/dags/dag_estimar_riesgo_disrupcion.py
[2026-07-08T23:36:45.108-0500] {processor.py:840} INFO - DAG(s) 'aerotrack_travel_riesgo_disrupcion' retrieved from /opt/airflow/dags/dag_estimar_riesgo_disrupcion.py
[2026-07-08T23:36:45.130-0500] {logging_mixin.py:188} INFO - [2026-07-08T23:36:45.130-0500] {dag.py:3089} INFO - Sync 1 DAGs
[2026-07-08T23:36:45.145-0500] {logging_mixin.py:188} INFO - [2026-07-08T23:36:45.145-0500] {dag.py:3947} INFO - Setting next_dagrun for aerotrack_travel_riesgo_disrupcion to 2026-07-09 00:00:00+00:00, run_after=2026-07-10 00:00:00+00:00
[2026-07-08T23:36:45.159-0500] {processor.py:183} INFO - Processing /opt/airflow/dags/dag_estimar_riesgo_disrupcion.py took 0.584 seconds
[2026-07-08T23:37:15.548-0500] {processor.py:161} INFO - Started process (PID=3604) to work on /opt/airflow/dags/dag_estimar_riesgo_disrupcion.py
[2026-07-08T23:37:15.549-0500] {processor.py:830} INFO - Processing file /opt/airflow/dags/dag_estimar_riesgo_disrupcion.py for tasks to queue
[2026-07-08T23:37:15.551-0500] {logging_mixin.py:188} INFO - [2026-07-08T23:37:15.551-0500] {dagbag.py:545} INFO - Filling up the DagBag from /opt/airflow/dags/dag_estimar_riesgo_disrupcion.py
[2026-07-08T23:37:16.068-0500] {processor.py:840} INFO - DAG(s) 'aerotrack_travel_riesgo_disrupcion' retrieved from /opt/airflow/dags/dag_estimar_riesgo_disrupcion.py
[2026-07-08T23:37:16.098-0500] {logging_mixin.py:188} INFO - [2026-07-08T23:37:16.098-0500] {dag.py:3089} INFO - Sync 1 DAGs
[2026-07-08T23:37:16.112-0500] {logging_mixin.py:188} INFO - [2026-07-08T23:37:16.112-0500] {dag.py:3947} INFO - Setting next_dagrun for aerotrack_travel_riesgo_disrupcion to 2026-07-09 00:00:00+00:00, run_after=2026-07-10 00:00:00+00:00
[2026-07-08T23:37:16.143-0500] {processor.py:183} INFO - Processing /opt/airflow/dags/dag_estimar_riesgo_disrupcion.py took 0.599 seconds
[2026-07-08T23:37:46.489-0500] {processor.py:161} INFO - Started process (PID=3631) to work on /opt/airflow/dags/dag_estimar_riesgo_disrupcion.py
[2026-07-08T23:37:46.490-0500] {processor.py:830} INFO - Processing file /opt/airflow/dags/dag_estimar_riesgo_disrupcion.py for tasks to queue
[2026-07-08T23:37:46.491-0500] {logging_mixin.py:188} INFO - [2026-07-08T23:37:46.491-0500] {dagbag.py:545} INFO - Filling up the DagBag from /opt/airflow/dags/dag_estimar_riesgo_disrupcion.py
[2026-07-08T23:37:47.014-0500] {processor.py:840} INFO - DAG(s) 'aerotrack_travel_riesgo_disrupcion' retrieved from /opt/airflow/dags/dag_estimar_riesgo_disrupcion.py
[2026-07-08T23:37:47.044-0500] {logging_mixin.py:188} INFO - [2026-07-08T23:37:47.043-0500] {dag.py:3089} INFO - Sync 1 DAGs
[2026-07-08T23:37:47.060-0500] {logging_mixin.py:188} INFO - [2026-07-08T23:37:47.060-0500] {dag.py:3947} INFO - Setting next_dagrun for aerotrack_travel_riesgo_disrupcion to 2026-07-09 00:00:00+00:00, run_after=2026-07-10 00:00:00+00:00
[2026-07-08T23:37:47.074-0500] {processor.py:183} INFO - Processing /opt/airflow/dags/dag_estimar_riesgo_disrupcion.py took 0.591 seconds
[2026-07-08T23:38:17.540-0500] {processor.py:161} INFO - Started process (PID=3658) to work on /opt/airflow/dags/dag_estimar_riesgo_disrupcion.py
[2026-07-08T23:38:17.545-0500] {processor.py:830} INFO - Processing file /opt/airflow/dags/dag_estimar_riesgo_disrupcion.py for tasks to queue
[2026-07-08T23:38:17.547-0500] {logging_mixin.py:188} INFO - [2026-07-08T23:38:17.547-0500] {dagbag.py:545} INFO - Filling up the DagBag from /opt/airflow/dags/dag_estimar_riesgo_disrupcion.py
[2026-07-08T23:38:18.215-0500] {processor.py:840} INFO - DAG(s) 'aerotrack_travel_riesgo_disrupcion' retrieved from /opt/airflow/dags/dag_estimar_riesgo_disrupcion.py
[2026-07-08T23:38:18.260-0500] {logging_mixin.py:188} INFO - [2026-07-08T23:38:18.260-0500] {dag.py:3089} INFO - Sync 1 DAGs
[2026-07-08T23:38:18.291-0500] {logging_mixin.py:188} INFO - [2026-07-08T23:38:18.291-0500] {dag.py:3947} INFO - Setting next_dagrun for aerotrack_travel_riesgo_disrupcion to 2026-07-09 00:00:00+00:00, run_after=2026-07-10 00:00:00+00:00
[2026-07-08T23:38:18.316-0500] {processor.py:183} INFO - Processing /opt/airflow/dags/dag_estimar_riesgo_disrupcion.py took 0.781 seconds
[2026-07-08T23:38:48.675-0500] {processor.py:161} INFO - Started process (PID=3685) to work on /opt/airflow/dags/dag_estimar_riesgo_disrupcion.py
[2026-07-08T23:38:48.676-0500] {processor.py:830} INFO - Processing file /opt/airflow/dags/dag_estimar_riesgo_disrupcion.py for tasks to queue
[2026-07-08T23:38:48.677-0500] {logging_mixin.py:188} INFO - [2026-07-08T23:38:48.677-0500] {dagbag.py:545} INFO - Filling up the DagBag from /opt/airflow/dags/dag_estimar_riesgo_disrupcion.py
[2026-07-08T23:38:49.202-0500] {processor.py:840} INFO - DAG(s) 'aerotrack_travel_riesgo_disrupcion' retrieved from /opt/airflow/dags/dag_estimar_riesgo_disrupcion.py
[2026-07-08T23:38:49.228-0500] {logging_mixin.py:188} INFO - [2026-07-08T23:38:49.228-0500] {dag.py:3089} INFO - Sync 1 DAGs
[2026-07-08T23:38:49.243-0500] {logging_mixin.py:188} INFO - [2026-07-08T23:38:49.243-0500] {dag.py:3947} INFO - Setting next_dagrun for aerotrack_travel_riesgo_disrupcion to 2026-07-09 00:00:00+00:00, run_after=2026-07-10 00:00:00+00:00
[2026-07-08T23:38:49.257-0500] {processor.py:183} INFO - Processing /opt/airflow/dags/dag_estimar_riesgo_disrupcion.py took 0.587 seconds
[2026-07-08T23:39:19.614-0500] {processor.py:161} INFO - Started process (PID=3712) to work on /opt/airflow/dags/dag_estimar_riesgo_disrupcion.py
[2026-07-08T23:39:19.616-0500] {processor.py:830} INFO - Processing file /opt/airflow/dags/dag_estimar_riesgo_disrupcion.py for tasks to queue
[2026-07-08T23:39:19.617-0500] {logging_mixin.py:188} INFO - [2026-07-08T23:39:19.617-0500] {dagbag.py:545} INFO - Filling up the DagBag from /opt/airflow/dags/dag_estimar_riesgo_disrupcion.py
[2026-07-08T23:39:20.217-0500] {processor.py:840} INFO - DAG(s) 'aerotrack_travel_riesgo_disrupcion' retrieved from /opt/airflow/dags/dag_estimar_riesgo_disrupcion.py
[2026-07-08T23:39:20.242-0500] {logging_mixin.py:188} INFO - [2026-07-08T23:39:20.242-0500] {dag.py:3089} INFO - Sync 1 DAGs
[2026-07-08T23:39:20.257-0500] {logging_mixin.py:188} INFO - [2026-07-08T23:39:20.257-0500] {dag.py:3947} INFO - Setting next_dagrun for aerotrack_travel_riesgo_disrupcion to 2026-07-09 00:00:00+00:00, run_after=2026-07-10 00:00:00+00:00
[2026-07-08T23:39:20.270-0500] {processor.py:183} INFO - Processing /opt/airflow/dags/dag_estimar_riesgo_disrupcion.py took 0.661 seconds
[2026-07-08T23:39:50.624-0500] {processor.py:161} INFO - Started process (PID=3739) to work on /opt/airflow/dags/dag_estimar_riesgo_disrupcion.py
[2026-07-08T23:39:50.626-0500] {processor.py:830} INFO - Processing file /opt/airflow/dags/dag_estimar_riesgo_disrupcion.py for tasks to queue
[2026-07-08T23:39:50.627-0500] {logging_mixin.py:188} INFO - [2026-07-08T23:39:50.627-0500] {dagbag.py:545} INFO - Filling up the DagBag from /opt/airflow/dags/dag_estimar_riesgo_disrupcion.py
[2026-07-08T23:39:51.133-0500] {processor.py:840} INFO - DAG(s) 'aerotrack_travel_riesgo_disrupcion' retrieved from /opt/airflow/dags/dag_estimar_riesgo_disrupcion.py
[2026-07-08T23:39:51.155-0500] {logging_mixin.py:188} INFO - [2026-07-08T23:39:51.155-0500] {dag.py:3089} INFO - Sync 1 DAGs
[2026-07-08T23:39:51.168-0500] {logging_mixin.py:188} INFO - [2026-07-08T23:39:51.168-0500] {dag.py:3947} INFO - Setting next_dagrun for aerotrack_travel_riesgo_disrupcion to 2026-07-09 00:00:00+00:00, run_after=2026-07-10 00:00:00+00:00
[2026-07-08T23:39:51.181-0500] {processor.py:183} INFO - Processing /opt/airflow/dags/dag_estimar_riesgo_disrupcion.py took 0.561 seconds
[2026-07-08T23:40:21.651-0500] {processor.py:161} INFO - Started process (PID=3766) to work on /opt/airflow/dags/dag_estimar_riesgo_disrupcion.py
[2026-07-08T23:40:21.652-0500] {processor.py:830} INFO - Processing file /opt/airflow/dags/dag_estimar_riesgo_disrupcion.py for tasks to queue
[2026-07-08T23:40:21.653-0500] {logging_mixin.py:188} INFO - [2026-07-08T23:40:21.653-0500] {dagbag.py:545} INFO - Filling up the DagBag from /opt/airflow/dags/dag_estimar_riesgo_disrupcion.py
[2026-07-08T23:40:22.182-0500] {processor.py:840} INFO - DAG(s) 'aerotrack_travel_riesgo_disrupcion' retrieved from /opt/airflow/dags/dag_estimar_riesgo_disrupcion.py
[2026-07-08T23:40:22.210-0500] {logging_mixin.py:188} INFO - [2026-07-08T23:40:22.210-0500] {dag.py:3089} INFO - Sync 1 DAGs
[2026-07-08T23:40:22.225-0500] {logging_mixin.py:188} INFO - [2026-07-08T23:40:22.225-0500] {dag.py:3947} INFO - Setting next_dagrun for aerotrack_travel_riesgo_disrupcion to 2026-07-09 00:00:00+00:00, run_after=2026-07-10 00:00:00+00:00
[2026-07-08T23:40:22.241-0500] {processor.py:183} INFO - Processing /opt/airflow/dags/dag_estimar_riesgo_disrupcion.py took 0.594 seconds
[2026-07-08T23:40:52.675-0500] {processor.py:161} INFO - Started process (PID=3793) to work on /opt/airflow/dags/dag_estimar_riesgo_disrupcion.py
[2026-07-08T23:40:52.676-0500] {processor.py:830} INFO - Processing file /opt/airflow/dags/dag_estimar_riesgo_disrupcion.py for tasks to queue
[2026-07-08T23:40:52.678-0500] {logging_mixin.py:188} INFO - [2026-07-08T23:40:52.678-0500] {dagbag.py:545} INFO - Filling up the DagBag from /opt/airflow/dags/dag_estimar_riesgo_disrupcion.py
[2026-07-08T23:40:53.357-0500] {processor.py:840} INFO - DAG(s) 'aerotrack_travel_riesgo_disrupcion' retrieved from /opt/airflow/dags/dag_estimar_riesgo_disrupcion.py
[2026-07-08T23:40:53.391-0500] {logging_mixin.py:188} INFO - [2026-07-08T23:40:53.391-0500] {dag.py:3089} INFO - Sync 1 DAGs
[2026-07-08T23:40:53.412-0500] {logging_mixin.py:188} INFO - [2026-07-08T23:40:53.412-0500] {dag.py:3947} INFO - Setting next_dagrun for aerotrack_travel_riesgo_disrupcion to 2026-07-09 00:00:00+00:00, run_after=2026-07-10 00:00:00+00:00
[2026-07-08T23:40:53.430-0500] {processor.py:183} INFO - Processing /opt/airflow/dags/dag_estimar_riesgo_disrupcion.py took 0.762 seconds
[2026-07-08T23:41:23.957-0500] {processor.py:161} INFO - Started process (PID=3820) to work on /opt/airflow/dags/dag_estimar_riesgo_disrupcion.py
[2026-07-08T23:41:23.958-0500] {processor.py:830} INFO - Processing file /opt/airflow/dags/dag_estimar_riesgo_disrupcion.py for tasks to queue
[2026-07-08T23:41:23.959-0500] {logging_mixin.py:188} INFO - [2026-07-08T23:41:23.959-0500] {dagbag.py:545} INFO - Filling up the DagBag from /opt/airflow/dags/dag_estimar_riesgo_disrupcion.py
[2026-07-08T23:41:24.545-0500] {processor.py:840} INFO - DAG(s) 'aerotrack_travel_riesgo_disrupcion' retrieved from /opt/airflow/dags/dag_estimar_riesgo_disrupcion.py
[2026-07-08T23:41:24.575-0500] {logging_mixin.py:188} INFO - [2026-07-08T23:41:24.574-0500] {dag.py:3089} INFO - Sync 1 DAGs
[2026-07-08T23:41:24.588-0500] {logging_mixin.py:188} INFO - [2026-07-08T23:41:24.587-0500] {dag.py:3947} INFO - Setting next_dagrun for aerotrack_travel_riesgo_disrupcion to 2026-07-09 00:00:00+00:00, run_after=2026-07-10 00:00:00+00:00
[2026-07-08T23:41:24.601-0500] {processor.py:183} INFO - Processing /opt/airflow/dags/dag_estimar_riesgo_disrupcion.py took 0.650 seconds
[2026-07-08T23:41:54.937-0500] {processor.py:161} INFO - Started process (PID=3847) to work on /opt/airflow/dags/dag_estimar_riesgo_disrupcion.py
[2026-07-08T23:41:54.938-0500] {processor.py:830} INFO - Processing file /opt/airflow/dags/dag_estimar_riesgo_disrupcion.py for tasks to queue
[2026-07-08T23:41:54.940-0500] {logging_mixin.py:188} INFO - [2026-07-08T23:41:54.940-0500] {dagbag.py:545} INFO - Filling up the DagBag from /opt/airflow/dags/dag_estimar_riesgo_disrupcion.py
[2026-07-08T23:41:55.541-0500] {processor.py:840} INFO - DAG(s) 'aerotrack_travel_riesgo_disrupcion' retrieved from /opt/airflow/dags/dag_estimar_riesgo_disrupcion.py
[2026-07-08T23:41:55.569-0500] {logging_mixin.py:188} INFO - [2026-07-08T23:41:55.569-0500] {dag.py:3089} INFO - Sync 1 DAGs
[2026-07-08T23:41:55.585-0500] {logging_mixin.py:188} INFO - [2026-07-08T23:41:55.585-0500] {dag.py:3947} INFO - Setting next_dagrun for aerotrack_travel_riesgo_disrupcion to 2026-07-09 00:00:00+00:00, run_after=2026-07-10 00:00:00+00:00
[2026-07-08T23:41:55.599-0500] {processor.py:183} INFO - Processing /opt/airflow/dags/dag_estimar_riesgo_disrupcion.py took 0.668 seconds
[2026-07-08T23:42:25.959-0500] {processor.py:161} INFO - Started process (PID=3874) to work on /opt/airflow/dags/dag_estimar_riesgo_disrupcion.py
[2026-07-08T23:42:25.960-0500] {processor.py:830} INFO - Processing file /opt/airflow/dags/dag_estimar_riesgo_disrupcion.py for tasks to queue
[2026-07-08T23:42:25.961-0500] {logging_mixin.py:188} INFO - [2026-07-08T23:42:25.961-0500] {dagbag.py:545} INFO - Filling up the DagBag from /opt/airflow/dags/dag_estimar_riesgo_disrupcion.py
[2026-07-08T23:42:26.475-0500] {processor.py:840} INFO - DAG(s) 'aerotrack_travel_riesgo_disrupcion' retrieved from /opt/airflow/dags/dag_estimar_riesgo_disrupcion.py
[2026-07-08T23:42:26.501-0500] {logging_mixin.py:188} INFO - [2026-07-08T23:42:26.500-0500] {dag.py:3089} INFO - Sync 1 DAGs
[2026-07-08T23:42:26.521-0500] {logging_mixin.py:188} INFO - [2026-07-08T23:42:26.521-0500] {dag.py:3947} INFO - Setting next_dagrun for aerotrack_travel_riesgo_disrupcion to 2026-07-09 00:00:00+00:00, run_after=2026-07-10 00:00:00+00:00
[2026-07-08T23:42:26.539-0500] {processor.py:183} INFO - Processing /opt/airflow/dags/dag_estimar_riesgo_disrupcion.py took 0.585 seconds
[2026-07-08T23:42:56.895-0500] {processor.py:161} INFO - Started process (PID=3901) to work on /opt/airflow/dags/dag_estimar_riesgo_disrupcion.py
[2026-07-08T23:42:56.896-0500] {processor.py:830} INFO - Processing file /opt/airflow/dags/dag_estimar_riesgo_disrupcion.py for tasks to queue
[2026-07-08T23:42:56.899-0500] {logging_mixin.py:188} INFO - [2026-07-08T23:42:56.898-0500] {dagbag.py:545} INFO - Filling up the DagBag from /opt/airflow/dags/dag_estimar_riesgo_disrupcion.py
[2026-07-08T23:42:57.472-0500] {processor.py:840} INFO - DAG(s) 'aerotrack_travel_riesgo_disrupcion' retrieved from /opt/airflow/dags/dag_estimar_riesgo_disrupcion.py
[2026-07-08T23:42:57.502-0500] {logging_mixin.py:188} INFO - [2026-07-08T23:42:57.501-0500] {dag.py:3089} INFO - Sync 1 DAGs
[2026-07-08T23:42:57.518-0500] {logging_mixin.py:188} INFO - [2026-07-08T23:42:57.517-0500] {dag.py:3947} INFO - Setting next_dagrun for aerotrack_travel_riesgo_disrupcion to 2026-07-09 00:00:00+00:00, run_after=2026-07-10 00:00:00+00:00
[2026-07-08T23:42:57.533-0500] {processor.py:183} INFO - Processing /opt/airflow/dags/dag_estimar_riesgo_disrupcion.py took 0.643 seconds
[2026-07-08T23:43:27.854-0500] {processor.py:161} INFO - Started process (PID=3928) to work on /opt/airflow/dags/dag_estimar_riesgo_disrupcion.py
[2026-07-08T23:43:27.856-0500] {processor.py:830} INFO - Processing file /opt/airflow/dags/dag_estimar_riesgo_disrupcion.py for tasks to queue
[2026-07-08T23:43:27.857-0500] {logging_mixin.py:188} INFO - [2026-07-08T23:43:27.857-0500] {dagbag.py:545} INFO - Filling up the DagBag from /opt/airflow/dags/dag_estimar_riesgo_disrupcion.py
[2026-07-08T23:43:28.365-0500] {processor.py:840} INFO - DAG(s) 'aerotrack_travel_riesgo_disrupcion' retrieved from /opt/airflow/dags/dag_estimar_riesgo_disrupcion.py
[2026-07-08T23:43:28.389-0500] {logging_mixin.py:188} INFO - [2026-07-08T23:43:28.389-0500] {dag.py:3089} INFO - Sync 1 DAGs
[2026-07-08T23:43:28.402-0500] {logging_mixin.py:188} INFO - [2026-07-08T23:43:28.402-0500] {dag.py:3947} INFO - Setting next_dagrun for aerotrack_travel_riesgo_disrupcion to 2026-07-09 00:00:00+00:00, run_after=2026-07-10 00:00:00+00:00
[2026-07-08T23:43:28.417-0500] {processor.py:183} INFO - Processing /opt/airflow/dags/dag_estimar_riesgo_disrupcion.py took 0.568 seconds
[2026-07-08T23:43:58.863-0500] {processor.py:161} INFO - Started process (PID=3955) to work on /opt/airflow/dags/dag_estimar_riesgo_disrupcion.py
[2026-07-08T23:43:58.863-0500] {processor.py:830} INFO - Processing file /opt/airflow/dags/dag_estimar_riesgo_disrupcion.py for tasks to queue
[2026-07-08T23:43:58.865-0500] {logging_mixin.py:188} INFO - [2026-07-08T23:43:58.865-0500] {dagbag.py:545} INFO - Filling up the DagBag from /opt/airflow/dags/dag_estimar_riesgo_disrupcion.py
[2026-07-08T23:43:59.371-0500] {processor.py:840} INFO - DAG(s) 'aerotrack_travel_riesgo_disrupcion' retrieved from /opt/airflow/dags/dag_estimar_riesgo_disrupcion.py
[2026-07-08T23:43:59.403-0500] {logging_mixin.py:188} INFO - [2026-07-08T23:43:59.403-0500] {dag.py:3089} INFO - Sync 1 DAGs
[2026-07-08T23:43:59.416-0500] {logging_mixin.py:188} INFO - [2026-07-08T23:43:59.416-0500] {dag.py:3947} INFO - Setting next_dagrun for aerotrack_travel_riesgo_disrupcion to 2026-07-09 00:00:00+00:00, run_after=2026-07-10 00:00:00+00:00
[2026-07-08T23:43:59.431-0500] {processor.py:183} INFO - Processing /opt/airflow/dags/dag_estimar_riesgo_disrupcion.py took 0.573 seconds
[2026-07-08T23:44:29.731-0500] {processor.py:161} INFO - Started process (PID=3982) to work on /opt/airflow/dags/dag_estimar_riesgo_disrupcion.py
[2026-07-08T23:44:29.732-0500] {processor.py:830} INFO - Processing file /opt/airflow/dags/dag_estimar_riesgo_disrupcion.py for tasks to queue
[2026-07-08T23:44:29.734-0500] {logging_mixin.py:188} INFO - [2026-07-08T23:44:29.733-0500] {dagbag.py:545} INFO - Filling up the DagBag from /opt/airflow/dags/dag_estimar_riesgo_disrupcion.py
[2026-07-08T23:44:30.255-0500] {processor.py:840} INFO - DAG(s) 'aerotrack_travel_riesgo_disrupcion' retrieved from /opt/airflow/dags/dag_estimar_riesgo_disrupcion.py
[2026-07-08T23:44:30.282-0500] {logging_mixin.py:188} INFO - [2026-07-08T23:44:30.281-0500] {dag.py:3089} INFO - Sync 1 DAGs
[2026-07-08T23:44:30.296-0500] {logging_mixin.py:188} INFO - [2026-07-08T23:44:30.295-0500] {dag.py:3947} INFO - Setting next_dagrun for aerotrack_travel_riesgo_disrupcion to 2026-07-09 00:00:00+00:00, run_after=2026-07-10 00:00:00+00:00
[2026-07-08T23:44:30.310-0500] {processor.py:183} INFO - Processing /opt/airflow/dags/dag_estimar_riesgo_disrupcion.py took 0.583 seconds
[2026-07-08T23:45:00.649-0500] {processor.py:161} INFO - Started process (PID=4009) to work on /opt/airflow/dags/dag_estimar_riesgo_disrupcion.py
[2026-07-08T23:45:00.650-0500] {processor.py:830} INFO - Processing file /opt/airflow/dags/dag_estimar_riesgo_disrupcion.py for tasks to queue
[2026-07-08T23:45:00.652-0500] {logging_mixin.py:188} INFO - [2026-07-08T23:45:00.652-0500] {dagbag.py:545} INFO - Filling up the DagBag from /opt/airflow/dags/dag_estimar_riesgo_disrupcion.py
[2026-07-08T23:45:01.316-0500] {processor.py:840} INFO - DAG(s) 'aerotrack_travel_riesgo_disrupcion' retrieved from /opt/airflow/dags/dag_estimar_riesgo_disrupcion.py
[2026-07-08T23:45:01.340-0500] {logging_mixin.py:188} INFO - [2026-07-08T23:45:01.340-0500] {dag.py:3089} INFO - Sync 1 DAGs
[2026-07-08T23:45:01.357-0500] {logging_mixin.py:188} INFO - [2026-07-08T23:45:01.357-0500] {dag.py:3947} INFO - Setting next_dagrun for aerotrack_travel_riesgo_disrupcion to 2026-07-09 00:00:00+00:00, run_after=2026-07-10 00:00:00+00:00
[2026-07-08T23:45:01.371-0500] {processor.py:183} INFO - Processing /opt/airflow/dags/dag_estimar_riesgo_disrupcion.py took 0.727 seconds
[2026-07-08T23:45:31.712-0500] {processor.py:161} INFO - Started process (PID=4036) to work on /opt/airflow/dags/dag_estimar_riesgo_disrupcion.py
[2026-07-08T23:45:31.713-0500] {processor.py:830} INFO - Processing file /opt/airflow/dags/dag_estimar_riesgo_disrupcion.py for tasks to queue
[2026-07-08T23:45:31.714-0500] {logging_mixin.py:188} INFO - [2026-07-08T23:45:31.714-0500] {dagbag.py:545} INFO - Filling up the DagBag from /opt/airflow/dags/dag_estimar_riesgo_disrupcion.py
[2026-07-08T23:45:32.247-0500] {processor.py:840} INFO - DAG(s) 'aerotrack_travel_riesgo_disrupcion' retrieved from /opt/airflow/dags/dag_estimar_riesgo_disrupcion.py
[2026-07-08T23:45:32.273-0500] {logging_mixin.py:188} INFO - [2026-07-08T23:45:32.273-0500] {dag.py:3089} INFO - Sync 1 DAGs
[2026-07-08T23:45:32.287-0500] {logging_mixin.py:188} INFO - [2026-07-08T23:45:32.287-0500] {dag.py:3947} INFO - Setting next_dagrun for aerotrack_travel_riesgo_disrupcion to 2026-07-09 00:00:00+00:00, run_after=2026-07-10 00:00:00+00:00
[2026-07-08T23:45:32.301-0500] {processor.py:183} INFO - Processing /opt/airflow/dags/dag_estimar_riesgo_disrupcion.py took 0.594 seconds
[2026-07-08T23:46:02.646-0500] {processor.py:161} INFO - Started process (PID=4063) to work on /opt/airflow/dags/dag_estimar_riesgo_disrupcion.py
[2026-07-08T23:46:02.647-0500] {processor.py:830} INFO - Processing file /opt/airflow/dags/dag_estimar_riesgo_disrupcion.py for tasks to queue
[2026-07-08T23:46:02.649-0500] {logging_mixin.py:188} INFO - [2026-07-08T23:46:02.648-0500] {dagbag.py:545} INFO - Filling up the DagBag from /opt/airflow/dags/dag_estimar_riesgo_disrupcion.py
[2026-07-08T23:46:03.220-0500] {processor.py:840} INFO - DAG(s) 'aerotrack_travel_riesgo_disrupcion' retrieved from /opt/airflow/dags/dag_estimar_riesgo_disrupcion.py
[2026-07-08T23:46:03.246-0500] {logging_mixin.py:188} INFO - [2026-07-08T23:46:03.246-0500] {dag.py:3089} INFO - Sync 1 DAGs
[2026-07-08T23:46:03.260-0500] {logging_mixin.py:188} INFO - [2026-07-08T23:46:03.260-0500] {dag.py:3947} INFO - Setting next_dagrun for aerotrack_travel_riesgo_disrupcion to 2026-07-09 00:00:00+00:00, run_after=2026-07-10 00:00:00+00:00
[2026-07-08T23:46:03.272-0500] {processor.py:183} INFO - Processing /opt/airflow/dags/dag_estimar_riesgo_disrupcion.py took 0.670 seconds
[2026-07-08T23:46:33.663-0500] {processor.py:161} INFO - Started process (PID=4090) to work on /opt/airflow/dags/dag_estimar_riesgo_disrupcion.py
[2026-07-08T23:46:33.664-0500] {processor.py:830} INFO - Processing file /opt/airflow/dags/dag_estimar_riesgo_disrupcion.py for tasks to queue
[2026-07-08T23:46:33.666-0500] {logging_mixin.py:188} INFO - [2026-07-08T23:46:33.665-0500] {dagbag.py:545} INFO - Filling up the DagBag from /opt/airflow/dags/dag_estimar_riesgo_disrupcion.py
[2026-07-08T23:46:34.208-0500] {processor.py:840} INFO - DAG(s) 'aerotrack_travel_riesgo_disrupcion' retrieved from /opt/airflow/dags/dag_estimar_riesgo_disrupcion.py
[2026-07-08T23:46:34.235-0500] {logging_mixin.py:188} INFO - [2026-07-08T23:46:34.235-0500] {dag.py:3089} INFO - Sync 1 DAGs
[2026-07-08T23:46:34.249-0500] {logging_mixin.py:188} INFO - [2026-07-08T23:46:34.249-0500] {dag.py:3947} INFO - Setting next_dagrun for aerotrack_travel_riesgo_disrupcion to 2026-07-09 00:00:00+00:00, run_after=2026-07-10 00:00:00+00:00
[2026-07-08T23:46:34.263-0500] {processor.py:183} INFO - Processing /opt/airflow/dags/dag_estimar_riesgo_disrupcion.py took 0.604 seconds
[2026-07-08T23:47:04.703-0500] {processor.py:161} INFO - Started process (PID=4117) to work on /opt/airflow/dags/dag_estimar_riesgo_disrupcion.py
[2026-07-08T23:47:04.704-0500] {processor.py:830} INFO - Processing file /opt/airflow/dags/dag_estimar_riesgo_disrupcion.py for tasks to queue
[2026-07-08T23:47:04.706-0500] {logging_mixin.py:188} INFO - [2026-07-08T23:47:04.706-0500] {dagbag.py:545} INFO - Filling up the DagBag from /opt/airflow/dags/dag_estimar_riesgo_disrupcion.py
[2026-07-08T23:47:05.274-0500] {processor.py:840} INFO - DAG(s) 'aerotrack_travel_riesgo_disrupcion' retrieved from /opt/airflow/dags/dag_estimar_riesgo_disrupcion.py
[2026-07-08T23:47:05.298-0500] {logging_mixin.py:188} INFO - [2026-07-08T23:47:05.298-0500] {dag.py:3089} INFO - Sync 1 DAGs
[2026-07-08T23:47:05.312-0500] {logging_mixin.py:188} INFO - [2026-07-08T23:47:05.312-0500] {dag.py:3947} INFO - Setting next_dagrun for aerotrack_travel_riesgo_disrupcion to 2026-07-09 00:00:00+00:00, run_after=2026-07-10 00:00:00+00:00
[2026-07-08T23:47:05.326-0500] {processor.py:183} INFO - Processing /opt/airflow/dags/dag_estimar_riesgo_disrupcion.py took 0.629 seconds
[2026-07-08T23:47:35.822-0500] {processor.py:161} INFO - Started process (PID=4144) to work on /opt/airflow/dags/dag_estimar_riesgo_disrupcion.py
[2026-07-08T23:47:35.823-0500] {processor.py:830} INFO - Processing file /opt/airflow/dags/dag_estimar_riesgo_disrupcion.py for tasks to queue
[2026-07-08T23:47:35.825-0500] {logging_mixin.py:188} INFO - [2026-07-08T23:47:35.825-0500] {dagbag.py:545} INFO - Filling up the DagBag from /opt/airflow/dags/dag_estimar_riesgo_disrupcion.py
[2026-07-08T23:47:36.379-0500] {processor.py:840} INFO - DAG(s) 'aerotrack_travel_riesgo_disrupcion' retrieved from /opt/airflow/dags/dag_estimar_riesgo_disrupcion.py
[2026-07-08T23:47:36.405-0500] {logging_mixin.py:188} INFO - [2026-07-08T23:47:36.404-0500] {dag.py:3089} INFO - Sync 1 DAGs
[2026-07-08T23:47:36.419-0500] {logging_mixin.py:188} INFO - [2026-07-08T23:47:36.418-0500] {dag.py:3947} INFO - Setting next_dagrun for aerotrack_travel_riesgo_disrupcion to 2026-07-09 00:00:00+00:00, run_after=2026-07-10 00:00:00+00:00
[2026-07-08T23:47:36.432-0500] {processor.py:183} INFO - Processing /opt/airflow/dags/dag_estimar_riesgo_disrupcion.py took 0.614 seconds
[2026-07-08T23:48:06.792-0500] {processor.py:161} INFO - Started process (PID=4171) to work on /opt/airflow/dags/dag_estimar_riesgo_disrupcion.py
[2026-07-08T23:48:06.793-0500] {processor.py:830} INFO - Processing file /opt/airflow/dags/dag_estimar_riesgo_disrupcion.py for tasks to queue
[2026-07-08T23:48:06.796-0500] {logging_mixin.py:188} INFO - [2026-07-08T23:48:06.796-0500] {dagbag.py:545} INFO - Filling up the DagBag from /opt/airflow/dags/dag_estimar_riesgo_disrupcion.py
[2026-07-08T23:48:07.470-0500] {processor.py:840} INFO - DAG(s) 'aerotrack_travel_riesgo_disrupcion' retrieved from /opt/airflow/dags/dag_estimar_riesgo_disrupcion.py
[2026-07-08T23:48:07.504-0500] {logging_mixin.py:188} INFO - [2026-07-08T23:48:07.504-0500] {dag.py:3089} INFO - Sync 1 DAGs
[2026-07-08T23:48:07.519-0500] {logging_mixin.py:188} INFO - [2026-07-08T23:48:07.519-0500] {dag.py:3947} INFO - Setting next_dagrun for aerotrack_travel_riesgo_disrupcion to 2026-07-09 00:00:00+00:00, run_after=2026-07-10 00:00:00+00:00
[2026-07-08T23:48:07.533-0500] {processor.py:183} INFO - Processing /opt/airflow/dags/dag_estimar_riesgo_disrupcion.py took 0.750 seconds
[2026-07-08T23:48:37.857-0500] {processor.py:161} INFO - Started process (PID=4210) to work on /opt/airflow/dags/dag_estimar_riesgo_disrupcion.py
[2026-07-08T23:48:37.857-0500] {processor.py:830} INFO - Processing file /opt/airflow/dags/dag_estimar_riesgo_disrupcion.py for tasks to queue
[2026-07-08T23:48:37.859-0500] {logging_mixin.py:188} INFO - [2026-07-08T23:48:37.858-0500] {dagbag.py:545} INFO - Filling up the DagBag from /opt/airflow/dags/dag_estimar_riesgo_disrupcion.py
[2026-07-08T23:48:38.399-0500] {processor.py:840} INFO - DAG(s) 'aerotrack_travel_riesgo_disrupcion' retrieved from /opt/airflow/dags/dag_estimar_riesgo_disrupcion.py
[2026-07-08T23:48:38.424-0500] {logging_mixin.py:188} INFO - [2026-07-08T23:48:38.424-0500] {dag.py:3089} INFO - Sync 1 DAGs
[2026-07-08T23:48:38.438-0500] {logging_mixin.py:188} INFO - [2026-07-08T23:48:38.438-0500] {dag.py:3947} INFO - Setting next_dagrun for aerotrack_travel_riesgo_disrupcion to 2026-07-09 00:00:00+00:00, run_after=2026-07-10 00:00:00+00:00
[2026-07-08T23:48:38.453-0500] {processor.py:183} INFO - Processing /opt/airflow/dags/dag_estimar_riesgo_disrupcion.py took 0.600 seconds
[2026-07-08T23:49:08.889-0500] {processor.py:161} INFO - Started process (PID=4256) to work on /opt/airflow/dags/dag_estimar_riesgo_disrupcion.py
[2026-07-08T23:49:08.890-0500] {processor.py:830} INFO - Processing file /opt/airflow/dags/dag_estimar_riesgo_disrupcion.py for tasks to queue
[2026-07-08T23:49:08.892-0500] {logging_mixin.py:188} INFO - [2026-07-08T23:49:08.892-0500] {dagbag.py:545} INFO - Filling up the DagBag from /opt/airflow/dags/dag_estimar_riesgo_disrupcion.py
[2026-07-08T23:49:09.421-0500] {processor.py:840} INFO - DAG(s) 'aerotrack_travel_riesgo_disrupcion' retrieved from /opt/airflow/dags/dag_estimar_riesgo_disrupcion.py
[2026-07-08T23:49:09.446-0500] {logging_mixin.py:188} INFO - [2026-07-08T23:49:09.445-0500] {dag.py:3089} INFO - Sync 1 DAGs
[2026-07-08T23:49:09.460-0500] {logging_mixin.py:188} INFO - [2026-07-08T23:49:09.460-0500] {dag.py:3947} INFO - Setting next_dagrun for aerotrack_travel_riesgo_disrupcion to 2026-07-09 00:00:00+00:00, run_after=2026-07-10 00:00:00+00:00
[2026-07-08T23:49:09.473-0500] {processor.py:183} INFO - Processing /opt/airflow/dags/dag_estimar_riesgo_disrupcion.py took 0.588 seconds
[2026-07-08T23:49:39.887-0500] {processor.py:161} INFO - Started process (PID=4322) to work on /opt/airflow/dags/dag_estimar_riesgo_disrupcion.py
[2026-07-08T23:49:39.888-0500] {processor.py:830} INFO - Processing file /opt/airflow/dags/dag_estimar_riesgo_disrupcion.py for tasks to queue
[2026-07-08T23:49:39.890-0500] {logging_mixin.py:188} INFO - [2026-07-08T23:49:39.890-0500] {dagbag.py:545} INFO - Filling up the DagBag from /opt/airflow/dags/dag_estimar_riesgo_disrupcion.py
[2026-07-08T23:49:40.438-0500] {processor.py:840} INFO - DAG(s) 'aerotrack_travel_riesgo_disrupcion' retrieved from /opt/airflow/dags/dag_estimar_riesgo_disrupcion.py
[2026-07-08T23:49:40.465-0500] {logging_mixin.py:188} INFO - [2026-07-08T23:49:40.464-0500] {dag.py:3089} INFO - Sync 1 DAGs
[2026-07-08T23:49:40.480-0500] {logging_mixin.py:188} INFO - [2026-07-08T23:49:40.480-0500] {dag.py:3947} INFO - Setting next_dagrun for aerotrack_travel_riesgo_disrupcion to 2026-07-09 00:00:00+00:00, run_after=2026-07-10 00:00:00+00:00
[2026-07-08T23:49:40.494-0500] {processor.py:183} INFO - Processing /opt/airflow/dags/dag_estimar_riesgo_disrupcion.py took 0.612 seconds
[2026-07-08T23:50:10.945-0500] {processor.py:161} INFO - Started process (PID=4349) to work on /opt/airflow/dags/dag_estimar_riesgo_disrupcion.py
[2026-07-08T23:50:10.946-0500] {processor.py:830} INFO - Processing file /opt/airflow/dags/dag_estimar_riesgo_disrupcion.py for tasks to queue
[2026-07-08T23:50:10.948-0500] {logging_mixin.py:188} INFO - [2026-07-08T23:50:10.948-0500] {dagbag.py:545} INFO - Filling up the DagBag from /opt/airflow/dags/dag_estimar_riesgo_disrupcion.py
[2026-07-08T23:50:11.529-0500] {processor.py:840} INFO - DAG(s) 'aerotrack_travel_riesgo_disrupcion' retrieved from /opt/airflow/dags/dag_estimar_riesgo_disrupcion.py
[2026-07-08T23:50:11.556-0500] {logging_mixin.py:188} INFO - [2026-07-08T23:50:11.556-0500] {dag.py:3089} INFO - Sync 1 DAGs
[2026-07-08T23:50:11.575-0500] {logging_mixin.py:188} INFO - [2026-07-08T23:50:11.575-0500] {dag.py:3947} INFO - Setting next_dagrun for aerotrack_travel_riesgo_disrupcion to 2026-07-09 00:00:00+00:00, run_after=2026-07-10 00:00:00+00:00
[2026-07-08T23:50:11.589-0500] {processor.py:183} INFO - Processing /opt/airflow/dags/dag_estimar_riesgo_disrupcion.py took 0.652 seconds
[2026-07-08T23:50:42.040-0500] {processor.py:161} INFO - Started process (PID=4376) to work on /opt/airflow/dags/dag_estimar_riesgo_disrupcion.py
[2026-07-08T23:50:42.042-0500] {processor.py:830} INFO - Processing file /opt/airflow/dags/dag_estimar_riesgo_disrupcion.py for tasks to queue
[2026-07-08T23:50:42.044-0500] {logging_mixin.py:188} INFO - [2026-07-08T23:50:42.043-0500] {dagbag.py:545} INFO - Filling up the DagBag from /opt/airflow/dags/dag_estimar_riesgo_disrupcion.py
[2026-07-08T23:50:42.584-0500] {processor.py:840} INFO - DAG(s) 'aerotrack_travel_riesgo_disrupcion' retrieved from /opt/airflow/dags/dag_estimar_riesgo_disrupcion.py
[2026-07-08T23:50:42.612-0500] {logging_mixin.py:188} INFO - [2026-07-08T23:50:42.611-0500] {dag.py:3089} INFO - Sync 1 DAGs
[2026-07-08T23:50:42.626-0500] {logging_mixin.py:188} INFO - [2026-07-08T23:50:42.626-0500] {dag.py:3947} INFO - Setting next_dagrun for aerotrack_travel_riesgo_disrupcion to 2026-07-09 00:00:00+00:00, run_after=2026-07-10 00:00:00+00:00
[2026-07-08T23:50:42.640-0500] {processor.py:183} INFO - Processing /opt/airflow/dags/dag_estimar_riesgo_disrupcion.py took 0.605 seconds
[2026-07-08T23:51:13.179-0500] {processor.py:161} INFO - Started process (PID=4403) to work on /opt/airflow/dags/dag_estimar_riesgo_disrupcion.py
[2026-07-08T23:51:13.180-0500] {processor.py:830} INFO - Processing file /opt/airflow/dags/dag_estimar_riesgo_disrupcion.py for tasks to queue
[2026-07-08T23:51:13.181-0500] {logging_mixin.py:188} INFO - [2026-07-08T23:51:13.181-0500] {dagbag.py:545} INFO - Filling up the DagBag from /opt/airflow/dags/dag_estimar_riesgo_disrupcion.py
[2026-07-08T23:51:13.696-0500] {processor.py:840} INFO - DAG(s) 'aerotrack_travel_riesgo_disrupcion' retrieved from /opt/airflow/dags/dag_estimar_riesgo_disrupcion.py
[2026-07-08T23:51:13.720-0500] {logging_mixin.py:188} INFO - [2026-07-08T23:51:13.720-0500] {dag.py:3089} INFO - Sync 1 DAGs
[2026-07-08T23:51:13.737-0500] {logging_mixin.py:188} INFO - [2026-07-08T23:51:13.737-0500] {dag.py:3947} INFO - Setting next_dagrun for aerotrack_travel_riesgo_disrupcion to 2026-07-09 00:00:00+00:00, run_after=2026-07-10 00:00:00+00:00
[2026-07-08T23:51:13.752-0500] {processor.py:183} INFO - Processing /opt/airflow/dags/dag_estimar_riesgo_disrupcion.py took 0.578 seconds
[2026-07-08T23:51:44.194-0500] {processor.py:161} INFO - Started process (PID=4430) to work on /opt/airflow/dags/dag_estimar_riesgo_disrupcion.py
[2026-07-08T23:51:44.195-0500] {processor.py:830} INFO - Processing file /opt/airflow/dags/dag_estimar_riesgo_disrupcion.py for tasks to queue
[2026-07-08T23:51:44.196-0500] {logging_mixin.py:188} INFO - [2026-07-08T23:51:44.196-0500] {dagbag.py:545} INFO - Filling up the DagBag from /opt/airflow/dags/dag_estimar_riesgo_disrupcion.py
[2026-07-08T23:51:44.769-0500] {processor.py:840} INFO - DAG(s) 'aerotrack_travel_riesgo_disrupcion' retrieved from /opt/airflow/dags/dag_estimar_riesgo_disrupcion.py
[2026-07-08T23:51:44.799-0500] {logging_mixin.py:188} INFO - [2026-07-08T23:51:44.798-0500] {dag.py:3089} INFO - Sync 1 DAGs
[2026-07-08T23:51:44.819-0500] {logging_mixin.py:188} INFO - [2026-07-08T23:51:44.818-0500] {dag.py:3947} INFO - Setting next_dagrun for aerotrack_travel_riesgo_disrupcion to 2026-07-09 00:00:00+00:00, run_after=2026-07-10 00:00:00+00:00
[2026-07-08T23:51:44.837-0500] {processor.py:183} INFO - Processing /opt/airflow/dags/dag_estimar_riesgo_disrupcion.py took 0.647 seconds
[2026-07-08T23:52:15.290-0500] {processor.py:161} INFO - Started process (PID=4457) to work on /opt/airflow/dags/dag_estimar_riesgo_disrupcion.py
[2026-07-08T23:52:15.291-0500] {processor.py:830} INFO - Processing file /opt/airflow/dags/dag_estimar_riesgo_disrupcion.py for tasks to queue
[2026-07-08T23:52:15.293-0500] {logging_mixin.py:188} INFO - [2026-07-08T23:52:15.292-0500] {dagbag.py:545} INFO - Filling up the DagBag from /opt/airflow/dags/dag_estimar_riesgo_disrupcion.py
[2026-07-08T23:52:15.850-0500] {processor.py:840} INFO - DAG(s) 'aerotrack_travel_riesgo_disrupcion' retrieved from /opt/airflow/dags/dag_estimar_riesgo_disrupcion.py
[2026-07-08T23:52:15.875-0500] {logging_mixin.py:188} INFO - [2026-07-08T23:52:15.875-0500] {dag.py:3089} INFO - Sync 1 DAGs
[2026-07-08T23:52:15.890-0500] {logging_mixin.py:188} INFO - [2026-07-08T23:52:15.890-0500] {dag.py:3947} INFO - Setting next_dagrun for aerotrack_travel_riesgo_disrupcion to 2026-07-09 00:00:00+00:00, run_after=2026-07-10 00:00:00+00:00
[2026-07-08T23:52:15.906-0500] {processor.py:183} INFO - Processing /opt/airflow/dags/dag_estimar_riesgo_disrupcion.py took 0.621 seconds
[2026-07-08T23:52:46.328-0500] {processor.py:161} INFO - Started process (PID=4484) to work on /opt/airflow/dags/dag_estimar_riesgo_disrupcion.py
[2026-07-08T23:52:46.328-0500] {processor.py:830} INFO - Processing file /opt/airflow/dags/dag_estimar_riesgo_disrupcion.py for tasks to queue
[2026-07-08T23:52:46.330-0500] {logging_mixin.py:188} INFO - [2026-07-08T23:52:46.330-0500] {dagbag.py:545} INFO - Filling up the DagBag from /opt/airflow/dags/dag_estimar_riesgo_disrupcion.py
[2026-07-08T23:52:46.864-0500] {processor.py:840} INFO - DAG(s) 'aerotrack_travel_riesgo_disrupcion' retrieved from /opt/airflow/dags/dag_estimar_riesgo_disrupcion.py
[2026-07-08T23:52:46.889-0500] {logging_mixin.py:188} INFO - [2026-07-08T23:52:46.889-0500] {dag.py:3089} INFO - Sync 1 DAGs
[2026-07-08T23:52:46.906-0500] {logging_mixin.py:188} INFO - [2026-07-08T23:52:46.906-0500] {dag.py:3947} INFO - Setting next_dagrun for aerotrack_travel_riesgo_disrupcion to 2026-07-09 00:00:00+00:00, run_after=2026-07-10 00:00:00+00:00
[2026-07-08T23:52:46.920-0500] {processor.py:183} INFO - Processing /opt/airflow/dags/dag_estimar_riesgo_disrupcion.py took 0.598 seconds
[2026-07-08T23:53:17.335-0500] {processor.py:161} INFO - Started process (PID=4511) to work on /opt/airflow/dags/dag_estimar_riesgo_disrupcion.py
[2026-07-08T23:53:17.336-0500] {processor.py:830} INFO - Processing file /opt/airflow/dags/dag_estimar_riesgo_disrupcion.py for tasks to queue
[2026-07-08T23:53:17.337-0500] {logging_mixin.py:188} INFO - [2026-07-08T23:53:17.337-0500] {dagbag.py:545} INFO - Filling up the DagBag from /opt/airflow/dags/dag_estimar_riesgo_disrupcion.py
[2026-07-08T23:53:17.836-0500] {processor.py:840} INFO - DAG(s) 'aerotrack_travel_riesgo_disrupcion' retrieved from /opt/airflow/dags/dag_estimar_riesgo_disrupcion.py
[2026-07-08T23:53:17.862-0500] {logging_mixin.py:188} INFO - [2026-07-08T23:53:17.861-0500] {dag.py:3089} INFO - Sync 1 DAGs
[2026-07-08T23:53:17.876-0500] {logging_mixin.py:188} INFO - [2026-07-08T23:53:17.876-0500] {dag.py:3947} INFO - Setting next_dagrun for aerotrack_travel_riesgo_disrupcion to 2026-07-09 00:00:00+00:00, run_after=2026-07-10 00:00:00+00:00
[2026-07-08T23:53:17.889-0500] {processor.py:183} INFO - Processing /opt/airflow/dags/dag_estimar_riesgo_disrupcion.py took 0.559 seconds
[2026-07-08T23:53:48.231-0500] {processor.py:161} INFO - Started process (PID=4538) to work on /opt/airflow/dags/dag_estimar_riesgo_disrupcion.py
[2026-07-08T23:53:48.231-0500] {processor.py:830} INFO - Processing file /opt/airflow/dags/dag_estimar_riesgo_disrupcion.py for tasks to queue
[2026-07-08T23:53:48.233-0500] {logging_mixin.py:188} INFO - [2026-07-08T23:53:48.233-0500] {dagbag.py:545} INFO - Filling up the DagBag from /opt/airflow/dags/dag_estimar_riesgo_disrupcion.py
[2026-07-08T23:53:48.793-0500] {processor.py:840} INFO - DAG(s) 'aerotrack_travel_riesgo_disrupcion' retrieved from /opt/airflow/dags/dag_estimar_riesgo_disrupcion.py
[2026-07-08T23:53:48.819-0500] {logging_mixin.py:188} INFO - [2026-07-08T23:53:48.819-0500] {dag.py:3089} INFO - Sync 1 DAGs
[2026-07-08T23:53:48.834-0500] {logging_mixin.py:188} INFO - [2026-07-08T23:53:48.833-0500] {dag.py:3947} INFO - Setting next_dagrun for aerotrack_travel_riesgo_disrupcion to 2026-07-09 00:00:00+00:00, run_after=2026-07-10 00:00:00+00:00
[2026-07-08T23:53:48.849-0500] {processor.py:183} INFO - Processing /opt/airflow/dags/dag_estimar_riesgo_disrupcion.py took 0.622 seconds
[2026-07-08T23:54:19.260-0500] {processor.py:161} INFO - Started process (PID=4565) to work on /opt/airflow/dags/dag_estimar_riesgo_disrupcion.py
[2026-07-08T23:54:19.261-0500] {processor.py:830} INFO - Processing file /opt/airflow/dags/dag_estimar_riesgo_disrupcion.py for tasks to queue
[2026-07-08T23:54:19.263-0500] {logging_mixin.py:188} INFO - [2026-07-08T23:54:19.263-0500] {dagbag.py:545} INFO - Filling up the DagBag from /opt/airflow/dags/dag_estimar_riesgo_disrupcion.py
[2026-07-08T23:54:19.771-0500] {processor.py:840} INFO - DAG(s) 'aerotrack_travel_riesgo_disrupcion' retrieved from /opt/airflow/dags/dag_estimar_riesgo_disrupcion.py
[2026-07-08T23:54:19.797-0500] {logging_mixin.py:188} INFO - [2026-07-08T23:54:19.797-0500] {dag.py:3089} INFO - Sync 1 DAGs
[2026-07-08T23:54:19.811-0500] {logging_mixin.py:188} INFO - [2026-07-08T23:54:19.811-0500] {dag.py:3947} INFO - Setting next_dagrun for aerotrack_travel_riesgo_disrupcion to 2026-07-09 00:00:00+00:00, run_after=2026-07-10 00:00:00+00:00
[2026-07-08T23:54:19.823-0500] {processor.py:183} INFO - Processing /opt/airflow/dags/dag_estimar_riesgo_disrupcion.py took 0.568 seconds
[2026-07-08T23:54:50.258-0500] {processor.py:161} INFO - Started process (PID=4592) to work on /opt/airflow/dags/dag_estimar_riesgo_disrupcion.py
[2026-07-08T23:54:50.259-0500] {processor.py:830} INFO - Processing file /opt/airflow/dags/dag_estimar_riesgo_disrupcion.py for tasks to queue
[2026-07-08T23:54:50.261-0500] {logging_mixin.py:188} INFO - [2026-07-08T23:54:50.260-0500] {dagbag.py:545} INFO - Filling up the DagBag from /opt/airflow/dags/dag_estimar_riesgo_disrupcion.py
[2026-07-08T23:54:50.827-0500] {processor.py:840} INFO - DAG(s) 'aerotrack_travel_riesgo_disrupcion' retrieved from /opt/airflow/dags/dag_estimar_riesgo_disrupcion.py
[2026-07-08T23:54:50.853-0500] {logging_mixin.py:188} INFO - [2026-07-08T23:54:50.853-0500] {dag.py:3089} INFO - Sync 1 DAGs
[2026-07-08T23:54:50.868-0500] {logging_mixin.py:188} INFO - [2026-07-08T23:54:50.867-0500] {dag.py:3947} INFO - Setting next_dagrun for aerotrack_travel_riesgo_disrupcion to 2026-07-09 00:00:00+00:00, run_after=2026-07-10 00:00:00+00:00
[2026-07-08T23:54:50.881-0500] {processor.py:183} INFO - Processing /opt/airflow/dags/dag_estimar_riesgo_disrupcion.py took 0.628 seconds
[2026-07-08T23:55:21.294-0500] {processor.py:161} INFO - Started process (PID=4619) to work on /opt/airflow/dags/dag_estimar_riesgo_disrupcion.py
[2026-07-08T23:55:21.295-0500] {processor.py:830} INFO - Processing file /opt/airflow/dags/dag_estimar_riesgo_disrupcion.py for tasks to queue
[2026-07-08T23:55:21.297-0500] {logging_mixin.py:188} INFO - [2026-07-08T23:55:21.296-0500] {dagbag.py:545} INFO - Filling up the DagBag from /opt/airflow/dags/dag_estimar_riesgo_disrupcion.py
[2026-07-08T23:55:21.833-0500] {processor.py:840} INFO - DAG(s) 'aerotrack_travel_riesgo_disrupcion' retrieved from /opt/airflow/dags/dag_estimar_riesgo_disrupcion.py
[2026-07-08T23:55:21.860-0500] {logging_mixin.py:188} INFO - [2026-07-08T23:55:21.859-0500] {dag.py:3089} INFO - Sync 1 DAGs
[2026-07-08T23:55:21.875-0500] {logging_mixin.py:188} INFO - [2026-07-08T23:55:21.875-0500] {dag.py:3947} INFO - Setting next_dagrun for aerotrack_travel_riesgo_disrupcion to 2026-07-09 00:00:00+00:00, run_after=2026-07-10 00:00:00+00:00
[2026-07-08T23:55:21.890-0500] {processor.py:183} INFO - Processing /opt/airflow/dags/dag_estimar_riesgo_disrupcion.py took 0.601 seconds
[2026-07-08T23:55:52.337-0500] {processor.py:161} INFO - Started process (PID=4646) to work on /opt/airflow/dags/dag_estimar_riesgo_disrupcion.py
[2026-07-08T23:55:52.338-0500] {processor.py:830} INFO - Processing file /opt/airflow/dags/dag_estimar_riesgo_disrupcion.py for tasks to queue
[2026-07-08T23:55:52.339-0500] {logging_mixin.py:188} INFO - [2026-07-08T23:55:52.339-0500] {dagbag.py:545} INFO - Filling up the DagBag from /opt/airflow/dags/dag_estimar_riesgo_disrupcion.py
[2026-07-08T23:55:52.901-0500] {processor.py:840} INFO - DAG(s) 'aerotrack_travel_riesgo_disrupcion' retrieved from /opt/airflow/dags/dag_estimar_riesgo_disrupcion.py
[2026-07-08T23:55:52.933-0500] {logging_mixin.py:188} INFO - [2026-07-08T23:55:52.932-0500] {dag.py:3089} INFO - Sync 1 DAGs
[2026-07-08T23:55:52.950-0500] {logging_mixin.py:188} INFO - [2026-07-08T23:55:52.949-0500] {dag.py:3947} INFO - Setting next_dagrun for aerotrack_travel_riesgo_disrupcion to 2026-07-09 00:00:00+00:00, run_after=2026-07-10 00:00:00+00:00
[2026-07-08T23:55:52.964-0500] {processor.py:183} INFO - Processing /opt/airflow/dags/dag_estimar_riesgo_disrupcion.py took 0.632 seconds
[2026-07-08T23:56:23.604-0500] {processor.py:161} INFO - Started process (PID=4673) to work on /opt/airflow/dags/dag_estimar_riesgo_disrupcion.py
[2026-07-08T23:56:23.605-0500] {processor.py:830} INFO - Processing file /opt/airflow/dags/dag_estimar_riesgo_disrupcion.py for tasks to queue
[2026-07-08T23:56:23.607-0500] {logging_mixin.py:188} INFO - [2026-07-08T23:56:23.607-0500] {dagbag.py:545} INFO - Filling up the DagBag from /opt/airflow/dags/dag_estimar_riesgo_disrupcion.py
[2026-07-08T23:56:24.283-0500] {processor.py:840} INFO - DAG(s) 'aerotrack_travel_riesgo_disrupcion' retrieved from /opt/airflow/dags/dag_estimar_riesgo_disrupcion.py
[2026-07-08T23:56:24.324-0500] {logging_mixin.py:188} INFO - [2026-07-08T23:56:24.323-0500] {dag.py:3089} INFO - Sync 1 DAGs
[2026-07-08T23:56:24.343-0500] {logging_mixin.py:188} INFO - [2026-07-08T23:56:24.343-0500] {dag.py:3947} INFO - Setting next_dagrun for aerotrack_travel_riesgo_disrupcion to 2026-07-09 00:00:00+00:00, run_after=2026-07-10 00:00:00+00:00
[2026-07-08T23:56:24.362-0500] {processor.py:183} INFO - Processing /opt/airflow/dags/dag_estimar_riesgo_disrupcion.py took 0.763 seconds
[2026-07-08T23:56:54.801-0500] {processor.py:161} INFO - Started process (PID=4700) to work on /opt/airflow/dags/dag_estimar_riesgo_disrupcion.py
[2026-07-08T23:56:54.802-0500] {processor.py:830} INFO - Processing file /opt/airflow/dags/dag_estimar_riesgo_disrupcion.py for tasks to queue
[2026-07-08T23:56:54.805-0500] {logging_mixin.py:188} INFO - [2026-07-08T23:56:54.804-0500] {dagbag.py:545} INFO - Filling up the DagBag from /opt/airflow/dags/dag_estimar_riesgo_disrupcion.py
[2026-07-08T23:56:55.398-0500] {processor.py:840} INFO - DAG(s) 'aerotrack_travel_riesgo_disrupcion' retrieved from /opt/airflow/dags/dag_estimar_riesgo_disrupcion.py
[2026-07-08T23:56:55.430-0500] {logging_mixin.py:188} INFO - [2026-07-08T23:56:55.430-0500] {dag.py:3089} INFO - Sync 1 DAGs
[2026-07-08T23:56:55.444-0500] {logging_mixin.py:188} INFO - [2026-07-08T23:56:55.444-0500] {dag.py:3947} INFO - Setting next_dagrun for aerotrack_travel_riesgo_disrupcion to 2026-07-09 00:00:00+00:00, run_after=2026-07-10 00:00:00+00:00
[2026-07-08T23:56:55.459-0500] {processor.py:183} INFO - Processing /opt/airflow/dags/dag_estimar_riesgo_disrupcion.py took 0.663 seconds
[2026-07-08T23:57:25.844-0500] {processor.py:161} INFO - Started process (PID=4727) to work on /opt/airflow/dags/dag_estimar_riesgo_disrupcion.py
[2026-07-08T23:57:25.845-0500] {processor.py:830} INFO - Processing file /opt/airflow/dags/dag_estimar_riesgo_disrupcion.py for tasks to queue
[2026-07-08T23:57:25.847-0500] {logging_mixin.py:188} INFO - [2026-07-08T23:57:25.846-0500] {dagbag.py:545} INFO - Filling up the DagBag from /opt/airflow/dags/dag_estimar_riesgo_disrupcion.py
[2026-07-08T23:57:26.400-0500] {processor.py:840} INFO - DAG(s) 'aerotrack_travel_riesgo_disrupcion' retrieved from /opt/airflow/dags/dag_estimar_riesgo_disrupcion.py
[2026-07-08T23:57:26.424-0500] {logging_mixin.py:188} INFO - [2026-07-08T23:57:26.423-0500] {dag.py:3089} INFO - Sync 1 DAGs
[2026-07-08T23:57:26.440-0500] {logging_mixin.py:188} INFO - [2026-07-08T23:57:26.440-0500] {dag.py:3947} INFO - Setting next_dagrun for aerotrack_travel_riesgo_disrupcion to 2026-07-09 00:00:00+00:00, run_after=2026-07-10 00:00:00+00:00
[2026-07-08T23:57:26.453-0500] {processor.py:183} INFO - Processing /opt/airflow/dags/dag_estimar_riesgo_disrupcion.py took 0.614 seconds
[2026-07-08T23:57:56.871-0500] {processor.py:161} INFO - Started process (PID=4754) to work on /opt/airflow/dags/dag_estimar_riesgo_disrupcion.py
[2026-07-08T23:57:56.872-0500] {processor.py:830} INFO - Processing file /opt/airflow/dags/dag_estimar_riesgo_disrupcion.py for tasks to queue
[2026-07-08T23:57:56.874-0500] {logging_mixin.py:188} INFO - [2026-07-08T23:57:56.874-0500] {dagbag.py:545} INFO - Filling up the DagBag from /opt/airflow/dags/dag_estimar_riesgo_disrupcion.py
[2026-07-08T23:57:57.485-0500] {processor.py:840} INFO - DAG(s) 'aerotrack_travel_riesgo_disrupcion' retrieved from /opt/airflow/dags/dag_estimar_riesgo_disrupcion.py
[2026-07-08T23:57:57.509-0500] {logging_mixin.py:188} INFO - [2026-07-08T23:57:57.509-0500] {dag.py:3089} INFO - Sync 1 DAGs
[2026-07-08T23:57:57.524-0500] {logging_mixin.py:188} INFO - [2026-07-08T23:57:57.524-0500] {dag.py:3947} INFO - Setting next_dagrun for aerotrack_travel_riesgo_disrupcion to 2026-07-09 00:00:00+00:00, run_after=2026-07-10 00:00:00+00:00
[2026-07-08T23:57:57.538-0500] {processor.py:183} INFO - Processing /opt/airflow/dags/dag_estimar_riesgo_disrupcion.py took 0.672 seconds
[2026-07-08T23:58:27.947-0500] {processor.py:161} INFO - Started process (PID=4781) to work on /opt/airflow/dags/dag_estimar_riesgo_disrupcion.py
[2026-07-08T23:58:27.948-0500] {processor.py:830} INFO - Processing file /opt/airflow/dags/dag_estimar_riesgo_disrupcion.py for tasks to queue
[2026-07-08T23:58:27.950-0500] {logging_mixin.py:188} INFO - [2026-07-08T23:58:27.949-0500] {dagbag.py:545} INFO - Filling up the DagBag from /opt/airflow/dags/dag_estimar_riesgo_disrupcion.py
[2026-07-08T23:58:28.513-0500] {processor.py:840} INFO - DAG(s) 'aerotrack_travel_riesgo_disrupcion' retrieved from /opt/airflow/dags/dag_estimar_riesgo_disrupcion.py
[2026-07-08T23:58:28.541-0500] {logging_mixin.py:188} INFO - [2026-07-08T23:58:28.541-0500] {dag.py:3089} INFO - Sync 1 DAGs
[2026-07-08T23:58:28.556-0500] {logging_mixin.py:188} INFO - [2026-07-08T23:58:28.556-0500] {dag.py:3947} INFO - Setting next_dagrun for aerotrack_travel_riesgo_disrupcion to 2026-07-09 00:00:00+00:00, run_after=2026-07-10 00:00:00+00:00
[2026-07-08T23:58:28.574-0500] {processor.py:183} INFO - Processing /opt/airflow/dags/dag_estimar_riesgo_disrupcion.py took 0.633 seconds
[2026-07-08T23:58:58.933-0500] {processor.py:161} INFO - Started process (PID=4808) to work on /opt/airflow/dags/dag_estimar_riesgo_disrupcion.py
[2026-07-08T23:58:58.933-0500] {processor.py:830} INFO - Processing file /opt/airflow/dags/dag_estimar_riesgo_disrupcion.py for tasks to queue
[2026-07-08T23:58:58.936-0500] {logging_mixin.py:188} INFO - [2026-07-08T23:58:58.935-0500] {dagbag.py:545} INFO - Filling up the DagBag from /opt/airflow/dags/dag_estimar_riesgo_disrupcion.py
[2026-07-08T23:58:59.563-0500] {processor.py:840} INFO - DAG(s) 'aerotrack_travel_riesgo_disrupcion' retrieved from /opt/airflow/dags/dag_estimar_riesgo_disrupcion.py
[2026-07-08T23:58:59.593-0500] {logging_mixin.py:188} INFO - [2026-07-08T23:58:59.592-0500] {dag.py:3089} INFO - Sync 1 DAGs
[2026-07-08T23:58:59.610-0500] {logging_mixin.py:188} INFO - [2026-07-08T23:58:59.609-0500] {dag.py:3947} INFO - Setting next_dagrun for aerotrack_travel_riesgo_disrupcion to 2026-07-09 00:00:00+00:00, run_after=2026-07-10 00:00:00+00:00
[2026-07-08T23:58:59.626-0500] {processor.py:183} INFO - Processing /opt/airflow/dags/dag_estimar_riesgo_disrupcion.py took 0.700 seconds
[2026-07-08T23:59:30.127-0500] {processor.py:161} INFO - Started process (PID=4835) to work on /opt/airflow/dags/dag_estimar_riesgo_disrupcion.py
[2026-07-08T23:59:30.128-0500] {processor.py:830} INFO - Processing file /opt/airflow/dags/dag_estimar_riesgo_disrupcion.py for tasks to queue
[2026-07-08T23:59:30.131-0500] {logging_mixin.py:188} INFO - [2026-07-08T23:59:30.131-0500] {dagbag.py:545} INFO - Filling up the DagBag from /opt/airflow/dags/dag_estimar_riesgo_disrupcion.py
[2026-07-08T23:59:31.153-0500] {processor.py:840} INFO - DAG(s) 'aerotrack_travel_riesgo_disrupcion' retrieved from /opt/airflow/dags/dag_estimar_riesgo_disrupcion.py
[2026-07-08T23:59:31.184-0500] {logging_mixin.py:188} INFO - [2026-07-08T23:59:31.184-0500] {dag.py:3089} INFO - Sync 1 DAGs
[2026-07-08T23:59:31.202-0500] {logging_mixin.py:188} INFO - [2026-07-08T23:59:31.202-0500] {dag.py:3947} INFO - Setting next_dagrun for aerotrack_travel_riesgo_disrupcion to 2026-07-09 00:00:00+00:00, run_after=2026-07-10 00:00:00+00:00
[2026-07-08T23:59:31.217-0500] {processor.py:183} INFO - Processing /opt/airflow/dags/dag_estimar_riesgo_disrupcion.py took 1.099 seconds
[2026-07-09T00:00:01.615-0500] {processor.py:161} INFO - Started process (PID=4862) to work on /opt/airflow/dags/dag_estimar_riesgo_disrupcion.py
[2026-07-09T00:00:01.617-0500] {processor.py:830} INFO - Processing file /opt/airflow/dags/dag_estimar_riesgo_disrupcion.py for tasks to queue
[2026-07-09T00:00:01.619-0500] {logging_mixin.py:188} INFO - [2026-07-09T00:00:01.619-0500] {dagbag.py:545} INFO - Filling up the DagBag from /opt/airflow/dags/dag_estimar_riesgo_disrupcion.py
[2026-07-09T00:00:02.360-0500] {processor.py:840} INFO - DAG(s) 'aerotrack_travel_riesgo_disrupcion' retrieved from /opt/airflow/dags/dag_estimar_riesgo_disrupcion.py
[2026-07-09T00:00:02.391-0500] {logging_mixin.py:188} INFO - [2026-07-09T00:00:02.391-0500] {dag.py:3089} INFO - Sync 1 DAGs
[2026-07-09T00:00:02.410-0500] {logging_mixin.py:188} INFO - [2026-07-09T00:00:02.410-0500] {dag.py:3947} INFO - Setting next_dagrun for aerotrack_travel_riesgo_disrupcion to 2026-07-09 00:00:00+00:00, run_after=2026-07-10 00:00:00+00:00
[2026-07-09T00:00:02.429-0500] {processor.py:183} INFO - Processing /opt/airflow/dags/dag_estimar_riesgo_disrupcion.py took 0.819 seconds
[2026-07-09T00:00:32.833-0500] {processor.py:161} INFO - Started process (PID=4889) to work on /opt/airflow/dags/dag_estimar_riesgo_disrupcion.py
[2026-07-09T00:00:32.835-0500] {processor.py:830} INFO - Processing file /opt/airflow/dags/dag_estimar_riesgo_disrupcion.py for tasks to queue
[2026-07-09T00:00:32.836-0500] {logging_mixin.py:188} INFO - [2026-07-09T00:00:32.836-0500] {dagbag.py:545} INFO - Filling up the DagBag from /opt/airflow/dags/dag_estimar_riesgo_disrupcion.py
[2026-07-09T00:00:33.458-0500] {processor.py:840} INFO - DAG(s) 'aerotrack_travel_riesgo_disrupcion' retrieved from /opt/airflow/dags/dag_estimar_riesgo_disrupcion.py
[2026-07-09T00:00:33.489-0500] {logging_mixin.py:188} INFO - [2026-07-09T00:00:33.489-0500] {dag.py:3089} INFO - Sync 1 DAGs
[2026-07-09T00:00:33.508-0500] {logging_mixin.py:188} INFO - [2026-07-09T00:00:33.508-0500] {dag.py:3947} INFO - Setting next_dagrun for aerotrack_travel_riesgo_disrupcion to 2026-07-09 00:00:00+00:00, run_after=2026-07-10 00:00:00+00:00
[2026-07-09T00:00:33.545-0500] {processor.py:183} INFO - Processing /opt/airflow/dags/dag_estimar_riesgo_disrupcion.py took 0.717 seconds
[2026-07-09T00:01:03.936-0500] {processor.py:161} INFO - Started process (PID=4916) to work on /opt/airflow/dags/dag_estimar_riesgo_disrupcion.py
[2026-07-09T00:01:03.937-0500] {processor.py:830} INFO - Processing file /opt/airflow/dags/dag_estimar_riesgo_disrupcion.py for tasks to queue
[2026-07-09T00:01:03.939-0500] {logging_mixin.py:188} INFO - [2026-07-09T00:01:03.939-0500] {dagbag.py:545} INFO - Filling up the DagBag from /opt/airflow/dags/dag_estimar_riesgo_disrupcion.py
[2026-07-09T00:01:04.473-0500] {processor.py:840} INFO - DAG(s) 'aerotrack_travel_riesgo_disrupcion' retrieved from /opt/airflow/dags/dag_estimar_riesgo_disrupcion.py
[2026-07-09T00:01:04.498-0500] {logging_mixin.py:188} INFO - [2026-07-09T00:01:04.497-0500] {dag.py:3089} INFO - Sync 1 DAGs
[2026-07-09T00:01:04.515-0500] {logging_mixin.py:188} INFO - [2026-07-09T00:01:04.514-0500] {dag.py:3947} INFO - Setting next_dagrun for aerotrack_travel_riesgo_disrupcion to 2026-07-09 00:00:00+00:00, run_after=2026-07-10 00:00:00+00:00
[2026-07-09T00:01:04.598-0500] {processor.py:183} INFO - Processing /opt/airflow/dags/dag_estimar_riesgo_disrupcion.py took 0.669 seconds
[2026-07-09T00:01:35.072-0500] {processor.py:161} INFO - Started process (PID=4943) to work on /opt/airflow/dags/dag_estimar_riesgo_disrupcion.py
[2026-07-09T00:01:35.073-0500] {processor.py:830} INFO - Processing file /opt/airflow/dags/dag_estimar_riesgo_disrupcion.py for tasks to queue
[2026-07-09T00:01:35.075-0500] {logging_mixin.py:188} INFO - [2026-07-09T00:01:35.075-0500] {dagbag.py:545} INFO - Filling up the DagBag from /opt/airflow/dags/dag_estimar_riesgo_disrupcion.py
[2026-07-09T00:01:35.705-0500] {processor.py:840} INFO - DAG(s) 'aerotrack_travel_riesgo_disrupcion' retrieved from /opt/airflow/dags/dag_estimar_riesgo_disrupcion.py
[2026-07-09T00:01:35.732-0500] {logging_mixin.py:188} INFO - [2026-07-09T00:01:35.731-0500] {dag.py:3089} INFO - Sync 1 DAGs
[2026-07-09T00:01:35.748-0500] {logging_mixin.py:188} INFO - [2026-07-09T00:01:35.747-0500] {dag.py:3947} INFO - Setting next_dagrun for aerotrack_travel_riesgo_disrupcion to 2026-07-09 00:00:00+00:00, run_after=2026-07-10 00:00:00+00:00
[2026-07-09T00:01:35.762-0500] {processor.py:183} INFO - Processing /opt/airflow/dags/dag_estimar_riesgo_disrupcion.py took 0.695 seconds
[2026-07-09T00:02:06.132-0500] {processor.py:161} INFO - Started process (PID=4970) to work on /opt/airflow/dags/dag_estimar_riesgo_disrupcion.py
[2026-07-09T00:02:06.133-0500] {processor.py:830} INFO - Processing file /opt/airflow/dags/dag_estimar_riesgo_disrupcion.py for tasks to queue
[2026-07-09T00:02:06.134-0500] {logging_mixin.py:188} INFO - [2026-07-09T00:02:06.134-0500] {dagbag.py:545} INFO - Filling up the DagBag from /opt/airflow/dags/dag_estimar_riesgo_disrupcion.py
[2026-07-09T00:02:06.698-0500] {processor.py:840} INFO - DAG(s) 'aerotrack_travel_riesgo_disrupcion' retrieved from /opt/airflow/dags/dag_estimar_riesgo_disrupcion.py
[2026-07-09T00:02:06.720-0500] {logging_mixin.py:188} INFO - [2026-07-09T00:02:06.720-0500] {dag.py:3089} INFO - Sync 1 DAGs
[2026-07-09T00:02:06.733-0500] {logging_mixin.py:188} INFO - [2026-07-09T00:02:06.733-0500] {dag.py:3947} INFO - Setting next_dagrun for aerotrack_travel_riesgo_disrupcion to 2026-07-09 00:00:00+00:00, run_after=2026-07-10 00:00:00+00:00
[2026-07-09T00:02:06.749-0500] {processor.py:183} INFO - Processing /opt/airflow/dags/dag_estimar_riesgo_disrupcion.py took 0.622 seconds
[2026-07-09T00:02:37.101-0500] {processor.py:161} INFO - Started process (PID=4997) to work on /opt/airflow/dags/dag_estimar_riesgo_disrupcion.py
[2026-07-09T00:02:37.102-0500] {processor.py:830} INFO - Processing file /opt/airflow/dags/dag_estimar_riesgo_disrupcion.py for tasks to queue
[2026-07-09T00:02:37.104-0500] {logging_mixin.py:188} INFO - [2026-07-09T00:02:37.104-0500] {dagbag.py:545} INFO - Filling up the DagBag from /opt/airflow/dags/dag_estimar_riesgo_disrupcion.py
[2026-07-09T00:02:37.783-0500] {processor.py:840} INFO - DAG(s) 'aerotrack_travel_riesgo_disrupcion' retrieved from /opt/airflow/dags/dag_estimar_riesgo_disrupcion.py
[2026-07-09T00:02:37.816-0500] {logging_mixin.py:188} INFO - [2026-07-09T00:02:37.815-0500] {dag.py:3089} INFO - Sync 1 DAGs
[2026-07-09T00:02:37.854-0500] {logging_mixin.py:188} INFO - [2026-07-09T00:02:37.854-0500] {dag.py:3947} INFO - Setting next_dagrun for aerotrack_travel_riesgo_disrupcion to 2026-07-09 00:00:00+00:00, run_after=2026-07-10 00:00:00+00:00
[2026-07-09T00:02:37.888-0500] {processor.py:183} INFO - Processing /opt/airflow/dags/dag_estimar_riesgo_disrupcion.py took 0.793 seconds
[2026-07-09T00:03:08.644-0500] {processor.py:161} INFO - Started process (PID=5034) to work on /opt/airflow/dags/dag_estimar_riesgo_disrupcion.py
[2026-07-09T00:03:08.645-0500] {processor.py:830} INFO - Processing file /opt/airflow/dags/dag_estimar_riesgo_disrupcion.py for tasks to queue
[2026-07-09T00:03:08.647-0500] {logging_mixin.py:188} INFO - [2026-07-09T00:03:08.647-0500] {dagbag.py:545} INFO - Filling up the DagBag from /opt/airflow/dags/dag_estimar_riesgo_disrupcion.py
[2026-07-09T00:03:09.176-0500] {processor.py:840} INFO - DAG(s) 'aerotrack_travel_riesgo_disrupcion' retrieved from /opt/airflow/dags/dag_estimar_riesgo_disrupcion.py
[2026-07-09T00:03:09.201-0500] {logging_mixin.py:188} INFO - [2026-07-09T00:03:09.201-0500] {dag.py:3089} INFO - Sync 1 DAGs
[2026-07-09T00:03:09.216-0500] {logging_mixin.py:188} INFO - [2026-07-09T00:03:09.216-0500] {dag.py:3947} INFO - Setting next_dagrun for aerotrack_travel_riesgo_disrupcion to 2026-07-09 00:00:00+00:00, run_after=2026-07-10 00:00:00+00:00
[2026-07-09T00:03:09.232-0500] {processor.py:183} INFO - Processing /opt/airflow/dags/dag_estimar_riesgo_disrupcion.py took 0.593 seconds
[2026-07-09T00:03:39.380-0500] {processor.py:161} INFO - Started process (PID=5061) to work on /opt/airflow/dags/dag_estimar_riesgo_disrupcion.py
[2026-07-09T00:03:39.381-0500] {processor.py:830} INFO - Processing file /opt/airflow/dags/dag_estimar_riesgo_disrupcion.py for tasks to queue
[2026-07-09T00:03:39.384-0500] {logging_mixin.py:188} INFO - [2026-07-09T00:03:39.383-0500] {dagbag.py:545} INFO - Filling up the DagBag from /opt/airflow/dags/dag_estimar_riesgo_disrupcion.py
[2026-07-09T00:03:39.943-0500] {processor.py:840} INFO - DAG(s) 'aerotrack_travel_riesgo_disrupcion' retrieved from /opt/airflow/dags/dag_estimar_riesgo_disrupcion.py
[2026-07-09T00:03:39.976-0500] {logging_mixin.py:188} INFO - [2026-07-09T00:03:39.975-0500] {dag.py:3089} INFO - Sync 1 DAGs
[2026-07-09T00:03:39.991-0500] {logging_mixin.py:188} INFO - [2026-07-09T00:03:39.991-0500] {dag.py:3947} INFO - Setting next_dagrun for aerotrack_travel_riesgo_disrupcion to 2026-07-09 00:00:00+00:00, run_after=2026-07-10 00:00:00+00:00
[2026-07-09T00:03:40.005-0500] {processor.py:183} INFO - Processing /opt/airflow/dags/dag_estimar_riesgo_disrupcion.py took 0.630 seconds
[2026-07-09T00:04:10.152-0500] {processor.py:161} INFO - Started process (PID=5088) to work on /opt/airflow/dags/dag_estimar_riesgo_disrupcion.py
[2026-07-09T00:04:10.153-0500] {processor.py:830} INFO - Processing file /opt/airflow/dags/dag_estimar_riesgo_disrupcion.py for tasks to queue
[2026-07-09T00:04:10.155-0500] {logging_mixin.py:188} INFO - [2026-07-09T00:04:10.154-0500] {dagbag.py:545} INFO - Filling up the DagBag from /opt/airflow/dags/dag_estimar_riesgo_disrupcion.py
[2026-07-09T00:04:10.626-0500] {processor.py:840} INFO - DAG(s) 'aerotrack_travel_riesgo_disrupcion' retrieved from /opt/airflow/dags/dag_estimar_riesgo_disrupcion.py
[2026-07-09T00:04:10.650-0500] {logging_mixin.py:188} INFO - [2026-07-09T00:04:10.650-0500] {dag.py:3089} INFO - Sync 1 DAGs
[2026-07-09T00:04:10.664-0500] {logging_mixin.py:188} INFO - [2026-07-09T00:04:10.664-0500] {dag.py:3947} INFO - Setting next_dagrun for aerotrack_travel_riesgo_disrupcion to 2026-07-09 00:00:00+00:00, run_after=2026-07-10 00:00:00+00:00
[2026-07-09T00:04:10.678-0500] {processor.py:183} INFO - Processing /opt/airflow/dags/dag_estimar_riesgo_disrupcion.py took 0.530 seconds
[2026-07-09T00:04:40.763-0500] {processor.py:161} INFO - Started process (PID=5115) to work on /opt/airflow/dags/dag_estimar_riesgo_disrupcion.py
[2026-07-09T00:04:40.764-0500] {processor.py:830} INFO - Processing file /opt/airflow/dags/dag_estimar_riesgo_disrupcion.py for tasks to queue
[2026-07-09T00:04:40.766-0500] {logging_mixin.py:188} INFO - [2026-07-09T00:04:40.766-0500] {dagbag.py:545} INFO - Filling up the DagBag from /opt/airflow/dags/dag_estimar_riesgo_disrupcion.py
[2026-07-09T00:04:41.261-0500] {processor.py:840} INFO - DAG(s) 'aerotrack_travel_riesgo_disrupcion' retrieved from /opt/airflow/dags/dag_estimar_riesgo_disrupcion.py
[2026-07-09T00:04:41.283-0500] {logging_mixin.py:188} INFO - [2026-07-09T00:04:41.282-0500] {dag.py:3089} INFO - Sync 1 DAGs
[2026-07-09T00:04:41.297-0500] {logging_mixin.py:188} INFO - [2026-07-09T00:04:41.297-0500] {dag.py:3947} INFO - Setting next_dagrun for aerotrack_travel_riesgo_disrupcion to 2026-07-09 00:00:00+00:00, run_after=2026-07-10 00:00:00+00:00
[2026-07-09T00:04:41.310-0500] {processor.py:183} INFO - Processing /opt/airflow/dags/dag_estimar_riesgo_disrupcion.py took 0.552 seconds
[2026-07-09T00:05:11.350-0500] {processor.py:161} INFO - Started process (PID=5142) to work on /opt/airflow/dags/dag_estimar_riesgo_disrupcion.py
[2026-07-09T00:05:11.351-0500] {processor.py:830} INFO - Processing file /opt/airflow/dags/dag_estimar_riesgo_disrupcion.py for tasks to queue
[2026-07-09T00:05:11.353-0500] {logging_mixin.py:188} INFO - [2026-07-09T00:05:11.353-0500] {dagbag.py:545} INFO - Filling up the DagBag from /opt/airflow/dags/dag_estimar_riesgo_disrupcion.py
[2026-07-09T00:05:11.888-0500] {processor.py:840} INFO - DAG(s) 'aerotrack_travel_riesgo_disrupcion' retrieved from /opt/airflow/dags/dag_estimar_riesgo_disrupcion.py
[2026-07-09T00:05:11.916-0500] {logging_mixin.py:188} INFO - [2026-07-09T00:05:11.915-0500] {dag.py:3089} INFO - Sync 1 DAGs
[2026-07-09T00:05:11.933-0500] {logging_mixin.py:188} INFO - [2026-07-09T00:05:11.933-0500] {dag.py:3947} INFO - Setting next_dagrun for aerotrack_travel_riesgo_disrupcion to 2026-07-09 00:00:00+00:00, run_after=2026-07-10 00:00:00+00:00
[2026-07-09T00:05:11.949-0500] {processor.py:183} INFO - Processing /opt/airflow/dags/dag_estimar_riesgo_disrupcion.py took 0.603 seconds
[2026-07-09T00:05:42.787-0500] {processor.py:161} INFO - Started process (PID=5169) to work on /opt/airflow/dags/dag_estimar_riesgo_disrupcion.py
[2026-07-09T00:05:42.788-0500] {processor.py:830} INFO - Processing file /opt/airflow/dags/dag_estimar_riesgo_disrupcion.py for tasks to queue
[2026-07-09T00:05:42.789-0500] {logging_mixin.py:188} INFO - [2026-07-09T00:05:42.789-0500] {dagbag.py:545} INFO - Filling up the DagBag from /opt/airflow/dags/dag_estimar_riesgo_disrupcion.py
[2026-07-09T00:05:43.273-0500] {processor.py:840} INFO - DAG(s) 'aerotrack_travel_riesgo_disrupcion' retrieved from /opt/airflow/dags/dag_estimar_riesgo_disrupcion.py
[2026-07-09T00:05:43.299-0500] {logging_mixin.py:188} INFO - [2026-07-09T00:05:43.298-0500] {dag.py:3089} INFO - Sync 1 DAGs
[2026-07-09T00:05:43.315-0500] {logging_mixin.py:188} INFO - [2026-07-09T00:05:43.315-0500] {dag.py:3947} INFO - Setting next_dagrun for aerotrack_travel_riesgo_disrupcion to 2026-07-09 00:00:00+00:00, run_after=2026-07-10 00:00:00+00:00
[2026-07-09T00:05:43.329-0500] {processor.py:183} INFO - Processing /opt/airflow/dags/dag_estimar_riesgo_disrupcion.py took 0.547 seconds
[2026-07-09T00:06:13.960-0500] {processor.py:161} INFO - Started process (PID=5201) to work on /opt/airflow/dags/dag_estimar_riesgo_disrupcion.py
[2026-07-09T00:06:13.961-0500] {processor.py:830} INFO - Processing file /opt/airflow/dags/dag_estimar_riesgo_disrupcion.py for tasks to queue
[2026-07-09T00:06:13.962-0500] {logging_mixin.py:188} INFO - [2026-07-09T00:06:13.962-0500] {dagbag.py:545} INFO - Filling up the DagBag from /opt/airflow/dags/dag_estimar_riesgo_disrupcion.py
[2026-07-09T00:06:14.458-0500] {processor.py:840} INFO - DAG(s) 'aerotrack_travel_riesgo_disrupcion' retrieved from /opt/airflow/dags/dag_estimar_riesgo_disrupcion.py
[2026-07-09T00:06:14.486-0500] {logging_mixin.py:188} INFO - [2026-07-09T00:06:14.485-0500] {dag.py:3089} INFO - Sync 1 DAGs
[2026-07-09T00:06:14.500-0500] {logging_mixin.py:188} INFO - [2026-07-09T00:06:14.499-0500] {dag.py:3947} INFO - Setting next_dagrun for aerotrack_travel_riesgo_disrupcion to 2026-07-09 00:00:00+00:00, run_after=2026-07-10 00:00:00+00:00
[2026-07-09T00:06:14.514-0500] {processor.py:183} INFO - Processing /opt/airflow/dags/dag_estimar_riesgo_disrupcion.py took 0.559 seconds
[2026-07-09T00:06:45.425-0500] {processor.py:161} INFO - Started process (PID=5228) to work on /opt/airflow/dags/dag_estimar_riesgo_disrupcion.py
[2026-07-09T00:06:45.426-0500] {processor.py:830} INFO - Processing file /opt/airflow/dags/dag_estimar_riesgo_disrupcion.py for tasks to queue
[2026-07-09T00:06:45.428-0500] {logging_mixin.py:188} INFO - [2026-07-09T00:06:45.427-0500] {dagbag.py:545} INFO - Filling up the DagBag from /opt/airflow/dags/dag_estimar_riesgo_disrupcion.py
[2026-07-09T00:06:46.015-0500] {processor.py:840} INFO - DAG(s) 'aerotrack_travel_riesgo_disrupcion' retrieved from /opt/airflow/dags/dag_estimar_riesgo_disrupcion.py
[2026-07-09T00:06:46.038-0500] {logging_mixin.py:188} INFO - [2026-07-09T00:06:46.038-0500] {dag.py:3089} INFO - Sync 1 DAGs
[2026-07-09T00:06:46.050-0500] {logging_mixin.py:188} INFO - [2026-07-09T00:06:46.050-0500] {dag.py:3947} INFO - Setting next_dagrun for aerotrack_travel_riesgo_disrupcion to 2026-07-09 00:00:00+00:00, run_after=2026-07-10 00:00:00+00:00
[2026-07-09T00:06:46.064-0500] {processor.py:183} INFO - Processing /opt/airflow/dags/dag_estimar_riesgo_disrupcion.py took 0.645 seconds
[2026-07-09T00:07:16.834-0500] {processor.py:161} INFO - Started process (PID=5255) to work on /opt/airflow/dags/dag_estimar_riesgo_disrupcion.py
[2026-07-09T00:07:16.835-0500] {processor.py:830} INFO - Processing file /opt/airflow/dags/dag_estimar_riesgo_disrupcion.py for tasks to queue
[2026-07-09T00:07:16.836-0500] {logging_mixin.py:188} INFO - [2026-07-09T00:07:16.836-0500] {dagbag.py:545} INFO - Filling up the DagBag from /opt/airflow/dags/dag_estimar_riesgo_disrupcion.py
[2026-07-09T00:07:17.375-0500] {processor.py:840} INFO - DAG(s) 'aerotrack_travel_riesgo_disrupcion' retrieved from /opt/airflow/dags/dag_estimar_riesgo_disrupcion.py
[2026-07-09T00:07:17.406-0500] {logging_mixin.py:188} INFO - [2026-07-09T00:07:17.406-0500] {dag.py:3089} INFO - Sync 1 DAGs
[2026-07-09T00:07:17.423-0500] {logging_mixin.py:188} INFO - [2026-07-09T00:07:17.423-0500] {dag.py:3947} INFO - Setting next_dagrun for aerotrack_travel_riesgo_disrupcion to 2026-07-09 00:00:00+00:00, run_after=2026-07-10 00:00:00+00:00
[2026-07-09T00:07:17.444-0500] {processor.py:183} INFO - Processing /opt/airflow/dags/dag_estimar_riesgo_disrupcion.py took 0.615 seconds
[2026-07-09T00:07:48.254-0500] {processor.py:161} INFO - Started process (PID=5282) to work on /opt/airflow/dags/dag_estimar_riesgo_disrupcion.py
[2026-07-09T00:07:48.255-0500] {processor.py:830} INFO - Processing file /opt/airflow/dags/dag_estimar_riesgo_disrupcion.py for tasks to queue
[2026-07-09T00:07:48.256-0500] {logging_mixin.py:188} INFO - [2026-07-09T00:07:48.256-0500] {dagbag.py:545} INFO - Filling up the DagBag from /opt/airflow/dags/dag_estimar_riesgo_disrupcion.py
[2026-07-09T00:07:48.764-0500] {processor.py:840} INFO - DAG(s) 'aerotrack_travel_riesgo_disrupcion' retrieved from /opt/airflow/dags/dag_estimar_riesgo_disrupcion.py
[2026-07-09T00:07:48.785-0500] {logging_mixin.py:188} INFO - [2026-07-09T00:07:48.785-0500] {dag.py:3089} INFO - Sync 1 DAGs
[2026-07-09T00:07:48.798-0500] {logging_mixin.py:188} INFO - [2026-07-09T00:07:48.798-0500] {dag.py:3947} INFO - Setting next_dagrun for aerotrack_travel_riesgo_disrupcion to 2026-07-09 00:00:00+00:00, run_after=2026-07-10 00:00:00+00:00
[2026-07-09T00:07:48.813-0500] {processor.py:183} INFO - Processing /opt/airflow/dags/dag_estimar_riesgo_disrupcion.py took 0.564 seconds
[2026-07-09T00:08:19.673-0500] {processor.py:161} INFO - Started process (PID=5309) to work on /opt/airflow/dags/dag_estimar_riesgo_disrupcion.py
[2026-07-09T00:08:19.674-0500] {processor.py:830} INFO - Processing file /opt/airflow/dags/dag_estimar_riesgo_disrupcion.py for tasks to queue
[2026-07-09T00:08:19.676-0500] {logging_mixin.py:188} INFO - [2026-07-09T00:08:19.676-0500] {dagbag.py:545} INFO - Filling up the DagBag from /opt/airflow/dags/dag_estimar_riesgo_disrupcion.py
[2026-07-09T00:08:20.192-0500] {processor.py:840} INFO - DAG(s) 'aerotrack_travel_riesgo_disrupcion' retrieved from /opt/airflow/dags/dag_estimar_riesgo_disrupcion.py
[2026-07-09T00:08:20.220-0500] {logging_mixin.py:188} INFO - [2026-07-09T00:08:20.220-0500] {dag.py:3089} INFO - Sync 1 DAGs
[2026-07-09T00:08:20.234-0500] {logging_mixin.py:188} INFO - [2026-07-09T00:08:20.234-0500] {dag.py:3947} INFO - Setting next_dagrun for aerotrack_travel_riesgo_disrupcion to 2026-07-09 00:00:00+00:00, run_after=2026-07-10 00:00:00+00:00
[2026-07-09T00:08:20.248-0500] {processor.py:183} INFO - Processing /opt/airflow/dags/dag_estimar_riesgo_disrupcion.py took 0.580 seconds
[2026-07-09T00:08:50.715-0500] {processor.py:161} INFO - Started process (PID=5336) to work on /opt/airflow/dags/dag_estimar_riesgo_disrupcion.py
[2026-07-09T00:08:50.717-0500] {processor.py:830} INFO - Processing file /opt/airflow/dags/dag_estimar_riesgo_disrupcion.py for tasks to queue
[2026-07-09T00:08:50.718-0500] {logging_mixin.py:188} INFO - [2026-07-09T00:08:50.718-0500] {dagbag.py:545} INFO - Filling up the DagBag from /opt/airflow/dags/dag_estimar_riesgo_disrupcion.py
[2026-07-09T00:08:51.345-0500] {processor.py:840} INFO - DAG(s) 'aerotrack_travel_riesgo_disrupcion' retrieved from /opt/airflow/dags/dag_estimar_riesgo_disrupcion.py
[2026-07-09T00:08:51.368-0500] {logging_mixin.py:188} INFO - [2026-07-09T00:08:51.368-0500] {dag.py:3089} INFO - Sync 1 DAGs
[2026-07-09T00:08:51.382-0500] {logging_mixin.py:188} INFO - [2026-07-09T00:08:51.382-0500] {dag.py:3947} INFO - Setting next_dagrun for aerotrack_travel_riesgo_disrupcion to 2026-07-09 00:00:00+00:00, run_after=2026-07-10 00:00:00+00:00
[2026-07-09T00:08:51.395-0500] {processor.py:183} INFO - Processing /opt/airflow/dags/dag_estimar_riesgo_disrupcion.py took 0.684 seconds
[2026-07-09T00:09:21.812-0500] {processor.py:161} INFO - Started process (PID=5363) to work on /opt/airflow/dags/dag_estimar_riesgo_disrupcion.py
[2026-07-09T00:09:21.813-0500] {processor.py:830} INFO - Processing file /opt/airflow/dags/dag_estimar_riesgo_disrupcion.py for tasks to queue
[2026-07-09T00:09:21.814-0500] {logging_mixin.py:188} INFO - [2026-07-09T00:09:21.814-0500] {dagbag.py:545} INFO - Filling up the DagBag from /opt/airflow/dags/dag_estimar_riesgo_disrupcion.py
[2026-07-09T00:09:22.353-0500] {processor.py:840} INFO - DAG(s) 'aerotrack_travel_riesgo_disrupcion' retrieved from /opt/airflow/dags/dag_estimar_riesgo_disrupcion.py
[2026-07-09T00:09:22.384-0500] {logging_mixin.py:188} INFO - [2026-07-09T00:09:22.384-0500] {dag.py:3089} INFO - Sync 1 DAGs
[2026-07-09T00:09:22.400-0500] {logging_mixin.py:188} INFO - [2026-07-09T00:09:22.399-0500] {dag.py:3947} INFO - Setting next_dagrun for aerotrack_travel_riesgo_disrupcion to 2026-07-09 00:00:00+00:00, run_after=2026-07-10 00:00:00+00:00
[2026-07-09T00:09:22.418-0500] {processor.py:183} INFO - Processing /opt/airflow/dags/dag_estimar_riesgo_disrupcion.py took 0.611 seconds
[2026-07-09T00:09:53.287-0500] {processor.py:161} INFO - Started process (PID=5390) to work on /opt/airflow/dags/dag_estimar_riesgo_disrupcion.py
[2026-07-09T00:09:53.288-0500] {processor.py:830} INFO - Processing file /opt/airflow/dags/dag_estimar_riesgo_disrupcion.py for tasks to queue
[2026-07-09T00:09:53.290-0500] {logging_mixin.py:188} INFO - [2026-07-09T00:09:53.289-0500] {dagbag.py:545} INFO - Filling up the DagBag from /opt/airflow/dags/dag_estimar_riesgo_disrupcion.py
[2026-07-09T00:09:53.833-0500] {processor.py:840} INFO - DAG(s) 'aerotrack_travel_riesgo_disrupcion' retrieved from /opt/airflow/dags/dag_estimar_riesgo_disrupcion.py
[2026-07-09T00:09:53.854-0500] {logging_mixin.py:188} INFO - [2026-07-09T00:09:53.854-0500] {dag.py:3089} INFO - Sync 1 DAGs
[2026-07-09T00:09:53.869-0500] {logging_mixin.py:188} INFO - [2026-07-09T00:09:53.869-0500] {dag.py:3947} INFO - Setting next_dagrun for aerotrack_travel_riesgo_disrupcion to 2026-07-09 00:00:00+00:00, run_after=2026-07-10 00:00:00+00:00
[2026-07-09T00:09:53.882-0500] {processor.py:183} INFO - Processing /opt/airflow/dags/dag_estimar_riesgo_disrupcion.py took 0.601 seconds
[2026-07-09T00:10:24.714-0500] {processor.py:161} INFO - Started process (PID=5417) to work on /opt/airflow/dags/dag_estimar_riesgo_disrupcion.py
[2026-07-09T00:10:24.715-0500] {processor.py:830} INFO - Processing file /opt/airflow/dags/dag_estimar_riesgo_disrupcion.py for tasks to queue
[2026-07-09T00:10:24.717-0500] {logging_mixin.py:188} INFO - [2026-07-09T00:10:24.717-0500] {dagbag.py:545} INFO - Filling up the DagBag from /opt/airflow/dags/dag_estimar_riesgo_disrupcion.py
[2026-07-09T00:10:25.389-0500] {processor.py:840} INFO - DAG(s) 'aerotrack_travel_riesgo_disrupcion' retrieved from /opt/airflow/dags/dag_estimar_riesgo_disrupcion.py
[2026-07-09T00:10:25.423-0500] {logging_mixin.py:188} INFO - [2026-07-09T00:10:25.422-0500] {dag.py:3089} INFO - Sync 1 DAGs
[2026-07-09T00:10:25.441-0500] {logging_mixin.py:188} INFO - [2026-07-09T00:10:25.441-0500] {dag.py:3947} INFO - Setting next_dagrun for aerotrack_travel_riesgo_disrupcion to 2026-07-09 00:00:00+00:00, run_after=2026-07-10 00:00:00+00:00
[2026-07-09T00:10:25.457-0500] {processor.py:183} INFO - Processing /opt/airflow/dags/dag_estimar_riesgo_disrupcion.py took 0.748 seconds
[2026-07-09T00:10:55.896-0500] {processor.py:161} INFO - Started process (PID=5444) to work on /opt/airflow/dags/dag_estimar_riesgo_disrupcion.py
[2026-07-09T00:10:55.897-0500] {processor.py:830} INFO - Processing file /opt/airflow/dags/dag_estimar_riesgo_disrupcion.py for tasks to queue
[2026-07-09T00:10:55.899-0500] {logging_mixin.py:188} INFO - [2026-07-09T00:10:55.899-0500] {dagbag.py:545} INFO - Filling up the DagBag from /opt/airflow/dags/dag_estimar_riesgo_disrupcion.py
[2026-07-09T00:10:56.430-0500] {processor.py:840} INFO - DAG(s) 'aerotrack_travel_riesgo_disrupcion' retrieved from /opt/airflow/dags/dag_estimar_riesgo_disrupcion.py
[2026-07-09T00:10:56.455-0500] {logging_mixin.py:188} INFO - [2026-07-09T00:10:56.455-0500] {dag.py:3089} INFO - Sync 1 DAGs
[2026-07-09T00:10:56.469-0500] {logging_mixin.py:188} INFO - [2026-07-09T00:10:56.469-0500] {dag.py:3947} INFO - Setting next_dagrun for aerotrack_travel_riesgo_disrupcion to 2026-07-09 00:00:00+00:00, run_after=2026-07-10 00:00:00+00:00
[2026-07-09T00:10:56.483-0500] {processor.py:183} INFO - Processing /opt/airflow/dags/dag_estimar_riesgo_disrupcion.py took 0.592 seconds
[2026-07-09T00:11:27.240-0500] {processor.py:161} INFO - Started process (PID=5482) to work on /opt/airflow/dags/dag_estimar_riesgo_disrupcion.py
[2026-07-09T00:11:27.242-0500] {processor.py:830} INFO - Processing file /opt/airflow/dags/dag_estimar_riesgo_disrupcion.py for tasks to queue
[2026-07-09T00:11:27.246-0500] {logging_mixin.py:188} INFO - [2026-07-09T00:11:27.246-0500] {dagbag.py:545} INFO - Filling up the DagBag from /opt/airflow/dags/dag_estimar_riesgo_disrupcion.py
[2026-07-09T00:11:27.959-0500] {processor.py:840} INFO - DAG(s) 'aerotrack_travel_riesgo_disrupcion' retrieved from /opt/airflow/dags/dag_estimar_riesgo_disrupcion.py
[2026-07-09T00:11:27.991-0500] {logging_mixin.py:188} INFO - [2026-07-09T00:11:27.991-0500] {dag.py:3089} INFO - Sync 1 DAGs
[2026-07-09T00:11:28.008-0500] {logging_mixin.py:188} INFO - [2026-07-09T00:11:28.007-0500] {dag.py:3947} INFO - Setting next_dagrun for aerotrack_travel_riesgo_disrupcion to 2026-07-09 00:00:00+00:00, run_after=2026-07-10 00:00:00+00:00
[2026-07-09T00:11:28.024-0500] {processor.py:183} INFO - Processing /opt/airflow/dags/dag_estimar_riesgo_disrupcion.py took 0.793 seconds
[2026-07-09T00:11:58.425-0500] {processor.py:161} INFO - Started process (PID=5527) to work on /opt/airflow/dags/dag_estimar_riesgo_disrupcion.py
[2026-07-09T00:11:58.426-0500] {processor.py:830} INFO - Processing file /opt/airflow/dags/dag_estimar_riesgo_disrupcion.py for tasks to queue
[2026-07-09T00:11:58.427-0500] {logging_mixin.py:188} INFO - [2026-07-09T00:11:58.427-0500] {dagbag.py:545} INFO - Filling up the DagBag from /opt/airflow/dags/dag_estimar_riesgo_disrupcion.py
[2026-07-09T00:11:58.959-0500] {processor.py:840} INFO - DAG(s) 'aerotrack_travel_riesgo_disrupcion' retrieved from /opt/airflow/dags/dag_estimar_riesgo_disrupcion.py
[2026-07-09T00:11:58.982-0500] {logging_mixin.py:188} INFO - [2026-07-09T00:11:58.981-0500] {dag.py:3089} INFO - Sync 1 DAGs
[2026-07-09T00:11:58.997-0500] {logging_mixin.py:188} INFO - [2026-07-09T00:11:58.996-0500] {dag.py:3947} INFO - Setting next_dagrun for aerotrack_travel_riesgo_disrupcion to 2026-07-09 00:00:00+00:00, run_after=2026-07-10 00:00:00+00:00
[2026-07-09T00:11:59.009-0500] {processor.py:183} INFO - Processing /opt/airflow/dags/dag_estimar_riesgo_disrupcion.py took 0.589 seconds
[2026-07-09T00:12:29.863-0500] {processor.py:161} INFO - Started process (PID=5554) to work on /opt/airflow/dags/dag_estimar_riesgo_disrupcion.py
[2026-07-09T00:12:29.863-0500] {processor.py:830} INFO - Processing file /opt/airflow/dags/dag_estimar_riesgo_disrupcion.py for tasks to queue
[2026-07-09T00:12:29.865-0500] {logging_mixin.py:188} INFO - [2026-07-09T00:12:29.865-0500] {dagbag.py:545} INFO - Filling up the DagBag from /opt/airflow/dags/dag_estimar_riesgo_disrupcion.py
[2026-07-09T00:12:30.398-0500] {processor.py:840} INFO - DAG(s) 'aerotrack_travel_riesgo_disrupcion' retrieved from /opt/airflow/dags/dag_estimar_riesgo_disrupcion.py
[2026-07-09T00:12:30.420-0500] {logging_mixin.py:188} INFO - [2026-07-09T00:12:30.420-0500] {dag.py:3089} INFO - Sync 1 DAGs
[2026-07-09T00:12:30.433-0500] {logging_mixin.py:188} INFO - [2026-07-09T00:12:30.433-0500] {dag.py:3947} INFO - Setting next_dagrun for aerotrack_travel_riesgo_disrupcion to 2026-07-09 00:00:00+00:00, run_after=2026-07-10 00:00:00+00:00
[2026-07-09T00:12:30.447-0500] {processor.py:183} INFO - Processing /opt/airflow/dags/dag_estimar_riesgo_disrupcion.py took 0.589 seconds
[2026-07-09T00:13:01.291-0500] {processor.py:161} INFO - Started process (PID=5581) to work on /opt/airflow/dags/dag_estimar_riesgo_disrupcion.py
[2026-07-09T00:13:01.292-0500] {processor.py:830} INFO - Processing file /opt/airflow/dags/dag_estimar_riesgo_disrupcion.py for tasks to queue
[2026-07-09T00:13:01.294-0500] {logging_mixin.py:188} INFO - [2026-07-09T00:13:01.294-0500] {dagbag.py:545} INFO - Filling up the DagBag from /opt/airflow/dags/dag_estimar_riesgo_disrupcion.py
[2026-07-09T00:13:01.864-0500] {processor.py:840} INFO - DAG(s) 'aerotrack_travel_riesgo_disrupcion' retrieved from /opt/airflow/dags/dag_estimar_riesgo_disrupcion.py
[2026-07-09T00:13:01.891-0500] {logging_mixin.py:188} INFO - [2026-07-09T00:13:01.891-0500] {dag.py:3089} INFO - Sync 1 DAGs
[2026-07-09T00:13:01.906-0500] {logging_mixin.py:188} INFO - [2026-07-09T00:13:01.906-0500] {dag.py:3947} INFO - Setting next_dagrun for aerotrack_travel_riesgo_disrupcion to 2026-07-09 00:00:00+00:00, run_after=2026-07-10 00:00:00+00:00
[2026-07-09T00:13:01.923-0500] {processor.py:183} INFO - Processing /opt/airflow/dags/dag_estimar_riesgo_disrupcion.py took 0.637 seconds
[2026-07-09T00:13:32.751-0500] {processor.py:161} INFO - Started process (PID=5608) to work on /opt/airflow/dags/dag_estimar_riesgo_disrupcion.py
[2026-07-09T00:13:32.752-0500] {processor.py:830} INFO - Processing file /opt/airflow/dags/dag_estimar_riesgo_disrupcion.py for tasks to queue
[2026-07-09T00:13:32.754-0500] {logging_mixin.py:188} INFO - [2026-07-09T00:13:32.753-0500] {dagbag.py:545} INFO - Filling up the DagBag from /opt/airflow/dags/dag_estimar_riesgo_disrupcion.py
[2026-07-09T00:13:33.357-0500] {processor.py:840} INFO - DAG(s) 'aerotrack_travel_riesgo_disrupcion' retrieved from /opt/airflow/dags/dag_estimar_riesgo_disrupcion.py
[2026-07-09T00:13:33.389-0500] {logging_mixin.py:188} INFO - [2026-07-09T00:13:33.389-0500] {dag.py:3089} INFO - Sync 1 DAGs
[2026-07-09T00:13:33.406-0500] {logging_mixin.py:188} INFO - [2026-07-09T00:13:33.405-0500] {dag.py:3947} INFO - Setting next_dagrun for aerotrack_travel_riesgo_disrupcion to 2026-07-09 00:00:00+00:00, run_after=2026-07-10 00:00:00+00:00
[2026-07-09T00:13:33.423-0500] {processor.py:183} INFO - Processing /opt/airflow/dags/dag_estimar_riesgo_disrupcion.py took 0.677 seconds
[2026-07-09T00:14:03.881-0500] {processor.py:161} INFO - Started process (PID=5635) to work on /opt/airflow/dags/dag_estimar_riesgo_disrupcion.py
[2026-07-09T00:14:03.882-0500] {processor.py:830} INFO - Processing file /opt/airflow/dags/dag_estimar_riesgo_disrupcion.py for tasks to queue
[2026-07-09T00:14:03.884-0500] {logging_mixin.py:188} INFO - [2026-07-09T00:14:03.884-0500] {dagbag.py:545} INFO - Filling up the DagBag from /opt/airflow/dags/dag_estimar_riesgo_disrupcion.py
[2026-07-09T00:14:04.430-0500] {processor.py:840} INFO - DAG(s) 'aerotrack_travel_riesgo_disrupcion' retrieved from /opt/airflow/dags/dag_estimar_riesgo_disrupcion.py
[2026-07-09T00:14:04.454-0500] {logging_mixin.py:188} INFO - [2026-07-09T00:14:04.454-0500] {dag.py:3089} INFO - Sync 1 DAGs
[2026-07-09T00:14:04.470-0500] {logging_mixin.py:188} INFO - [2026-07-09T00:14:04.470-0500] {dag.py:3947} INFO - Setting next_dagrun for aerotrack_travel_riesgo_disrupcion to 2026-07-09 00:00:00+00:00, run_after=2026-07-10 00:00:00+00:00
[2026-07-09T00:14:04.485-0500] {processor.py:183} INFO - Processing /opt/airflow/dags/dag_estimar_riesgo_disrupcion.py took 0.609 seconds
[2026-07-09T00:14:34.904-0500] {processor.py:161} INFO - Started process (PID=5662) to work on /opt/airflow/dags/dag_estimar_riesgo_disrupcion.py
[2026-07-09T00:14:34.904-0500] {processor.py:830} INFO - Processing file /opt/airflow/dags/dag_estimar_riesgo_disrupcion.py for tasks to queue
[2026-07-09T00:14:34.906-0500] {logging_mixin.py:188} INFO - [2026-07-09T00:14:34.906-0500] {dagbag.py:545} INFO - Filling up the DagBag from /opt/airflow/dags/dag_estimar_riesgo_disrupcion.py
[2026-07-09T00:14:35.434-0500] {processor.py:840} INFO - DAG(s) 'aerotrack_travel_riesgo_disrupcion' retrieved from /opt/airflow/dags/dag_estimar_riesgo_disrupcion.py
[2026-07-09T00:14:35.467-0500] {logging_mixin.py:188} INFO - [2026-07-09T00:14:35.466-0500] {dag.py:3089} INFO - Sync 1 DAGs
[2026-07-09T00:14:35.485-0500] {logging_mixin.py:188} INFO - [2026-07-09T00:14:35.484-0500] {dag.py:3947} INFO - Setting next_dagrun for aerotrack_travel_riesgo_disrupcion to 2026-07-09 00:00:00+00:00, run_after=2026-07-10 00:00:00+00:00
[2026-07-09T00:14:35.502-0500] {processor.py:183} INFO - Processing /opt/airflow/dags/dag_estimar_riesgo_disrupcion.py took 0.604 seconds
[2026-07-09T00:15:06.319-0500] {processor.py:161} INFO - Started process (PID=5689) to work on /opt/airflow/dags/dag_estimar_riesgo_disrupcion.py
[2026-07-09T00:15:06.319-0500] {processor.py:830} INFO - Processing file /opt/airflow/dags/dag_estimar_riesgo_disrupcion.py for tasks to queue
[2026-07-09T00:15:06.321-0500] {logging_mixin.py:188} INFO - [2026-07-09T00:15:06.321-0500] {dagbag.py:545} INFO - Filling up the DagBag from /opt/airflow/dags/dag_estimar_riesgo_disrupcion.py
[2026-07-09T00:15:06.842-0500] {processor.py:840} INFO - DAG(s) 'aerotrack_travel_riesgo_disrupcion' retrieved from /opt/airflow/dags/dag_estimar_riesgo_disrupcion.py
[2026-07-09T00:15:06.871-0500] {logging_mixin.py:188} INFO - [2026-07-09T00:15:06.871-0500] {dag.py:3089} INFO - Sync 1 DAGs
[2026-07-09T00:15:06.885-0500] {logging_mixin.py:188} INFO - [2026-07-09T00:15:06.885-0500] {dag.py:3947} INFO - Setting next_dagrun for aerotrack_travel_riesgo_disrupcion to 2026-07-09 00:00:00+00:00, run_after=2026-07-10 00:00:00+00:00
[2026-07-09T00:15:06.899-0500] {processor.py:183} INFO - Processing /opt/airflow/dags/dag_estimar_riesgo_disrupcion.py took 0.585 seconds
[2026-07-09T00:15:37.731-0500] {processor.py:161} INFO - Started process (PID=5716) to work on /opt/airflow/dags/dag_estimar_riesgo_disrupcion.py
[2026-07-09T00:15:37.732-0500] {processor.py:830} INFO - Processing file /opt/airflow/dags/dag_estimar_riesgo_disrupcion.py for tasks to queue
[2026-07-09T00:15:37.734-0500] {logging_mixin.py:188} INFO - [2026-07-09T00:15:37.734-0500] {dagbag.py:545} INFO - Filling up the DagBag from /opt/airflow/dags/dag_estimar_riesgo_disrupcion.py
[2026-07-09T00:15:38.363-0500] {processor.py:840} INFO - DAG(s) 'aerotrack_travel_riesgo_disrupcion' retrieved from /opt/airflow/dags/dag_estimar_riesgo_disrupcion.py
[2026-07-09T00:15:38.390-0500] {logging_mixin.py:188} INFO - [2026-07-09T00:15:38.390-0500] {dag.py:3089} INFO - Sync 1 DAGs
[2026-07-09T00:15:38.405-0500] {logging_mixin.py:188} INFO - [2026-07-09T00:15:38.405-0500] {dag.py:3947} INFO - Setting next_dagrun for aerotrack_travel_riesgo_disrupcion to 2026-07-09 00:00:00+00:00, run_after=2026-07-10 00:00:00+00:00
[2026-07-09T00:15:38.418-0500] {processor.py:183} INFO - Processing /opt/airflow/dags/dag_estimar_riesgo_disrupcion.py took 0.691 seconds
[2026-07-09T00:16:08.896-0500] {processor.py:161} INFO - Started process (PID=5743) to work on /opt/airflow/dags/dag_estimar_riesgo_disrupcion.py
[2026-07-09T00:16:08.897-0500] {processor.py:830} INFO - Processing file /opt/airflow/dags/dag_estimar_riesgo_disrupcion.py for tasks to queue
[2026-07-09T00:16:08.898-0500] {logging_mixin.py:188} INFO - [2026-07-09T00:16:08.898-0500] {dagbag.py:545} INFO - Filling up the DagBag from /opt/airflow/dags/dag_estimar_riesgo_disrupcion.py
[2026-07-09T00:16:09.455-0500] {processor.py:840} INFO - DAG(s) 'aerotrack_travel_riesgo_disrupcion' retrieved from /opt/airflow/dags/dag_estimar_riesgo_disrupcion.py
[2026-07-09T00:16:09.484-0500] {logging_mixin.py:188} INFO - [2026-07-09T00:16:09.484-0500] {dag.py:3089} INFO - Sync 1 DAGs
[2026-07-09T00:16:09.500-0500] {logging_mixin.py:188} INFO - [2026-07-09T00:16:09.499-0500] {dag.py:3947} INFO - Setting next_dagrun for aerotrack_travel_riesgo_disrupcion to 2026-07-09 00:00:00+00:00, run_after=2026-07-10 00:00:00+00:00
[2026-07-09T00:16:09.514-0500] {processor.py:183} INFO - Processing /opt/airflow/dags/dag_estimar_riesgo_disrupcion.py took 0.624 seconds
[2026-07-09T00:16:39.998-0500] {processor.py:161} INFO - Started process (PID=5770) to work on /opt/airflow/dags/dag_estimar_riesgo_disrupcion.py
[2026-07-09T00:16:39.999-0500] {processor.py:830} INFO - Processing file /opt/airflow/dags/dag_estimar_riesgo_disrupcion.py for tasks to queue
[2026-07-09T00:16:40.000-0500] {logging_mixin.py:188} INFO - [2026-07-09T00:16:40.000-0500] {dagbag.py:545} INFO - Filling up the DagBag from /opt/airflow/dags/dag_estimar_riesgo_disrupcion.py
[2026-07-09T00:16:40.523-0500] {processor.py:840} INFO - DAG(s) 'aerotrack_travel_riesgo_disrupcion' retrieved from /opt/airflow/dags/dag_estimar_riesgo_disrupcion.py
[2026-07-09T00:16:40.547-0500] {logging_mixin.py:188} INFO - [2026-07-09T00:16:40.546-0500] {dag.py:3089} INFO - Sync 1 DAGs
[2026-07-09T00:16:40.560-0500] {logging_mixin.py:188} INFO - [2026-07-09T00:16:40.560-0500] {dag.py:3947} INFO - Setting next_dagrun for aerotrack_travel_riesgo_disrupcion to 2026-07-09 00:00:00+00:00, run_after=2026-07-10 00:00:00+00:00
[2026-07-09T00:16:40.575-0500] {processor.py:183} INFO - Processing /opt/airflow/dags/dag_estimar_riesgo_disrupcion.py took 0.582 seconds
[2026-07-09T00:17:11.448-0500] {processor.py:161} INFO - Started process (PID=5797) to work on /opt/airflow/dags/dag_estimar_riesgo_disrupcion.py
[2026-07-09T00:17:11.449-0500] {processor.py:830} INFO - Processing file /opt/airflow/dags/dag_estimar_riesgo_disrupcion.py for tasks to queue
[2026-07-09T00:17:11.450-0500] {logging_mixin.py:188} INFO - [2026-07-09T00:17:11.450-0500] {dagbag.py:545} INFO - Filling up the DagBag from /opt/airflow/dags/dag_estimar_riesgo_disrupcion.py
[2026-07-09T00:17:11.945-0500] {processor.py:840} INFO - DAG(s) 'aerotrack_travel_riesgo_disrupcion' retrieved from /opt/airflow/dags/dag_estimar_riesgo_disrupcion.py
[2026-07-09T00:17:11.972-0500] {logging_mixin.py:188} INFO - [2026-07-09T00:17:11.971-0500] {dag.py:3089} INFO - Sync 1 DAGs
[2026-07-09T00:17:11.988-0500] {logging_mixin.py:188} INFO - [2026-07-09T00:17:11.988-0500] {dag.py:3947} INFO - Setting next_dagrun for aerotrack_travel_riesgo_disrupcion to 2026-07-09 00:00:00+00:00, run_after=2026-07-10 00:00:00+00:00
[2026-07-09T00:17:12.001-0500] {processor.py:183} INFO - Processing /opt/airflow/dags/dag_estimar_riesgo_disrupcion.py took 0.558 seconds
[2026-07-09T00:17:42.864-0500] {processor.py:161} INFO - Started process (PID=5824) to work on /opt/airflow/dags/dag_estimar_riesgo_disrupcion.py
[2026-07-09T00:17:42.865-0500] {processor.py:830} INFO - Processing file /opt/airflow/dags/dag_estimar_riesgo_disrupcion.py for tasks to queue
[2026-07-09T00:17:42.867-0500] {logging_mixin.py:188} INFO - [2026-07-09T00:17:42.867-0500] {dagbag.py:545} INFO - Filling up the DagBag from /opt/airflow/dags/dag_estimar_riesgo_disrupcion.py
[2026-07-09T00:17:43.522-0500] {processor.py:840} INFO - DAG(s) 'aerotrack_travel_riesgo_disrupcion' retrieved from /opt/airflow/dags/dag_estimar_riesgo_disrupcion.py
[2026-07-09T00:17:43.562-0500] {logging_mixin.py:188} INFO - [2026-07-09T00:17:43.561-0500] {dag.py:3089} INFO - Sync 1 DAGs
[2026-07-09T00:17:43.580-0500] {logging_mixin.py:188} INFO - [2026-07-09T00:17:43.580-0500] {dag.py:3947} INFO - Setting next_dagrun for aerotrack_travel_riesgo_disrupcion to 2026-07-09 00:00:00+00:00, run_after=2026-07-10 00:00:00+00:00
[2026-07-09T00:17:43.604-0500] {processor.py:183} INFO - Processing /opt/airflow/dags/dag_estimar_riesgo_disrupcion.py took 0.744 seconds
[2026-07-09T00:18:14.051-0500] {processor.py:161} INFO - Started process (PID=5851) to work on /opt/airflow/dags/dag_estimar_riesgo_disrupcion.py
[2026-07-09T00:18:14.051-0500] {processor.py:830} INFO - Processing file /opt/airflow/dags/dag_estimar_riesgo_disrupcion.py for tasks to queue
[2026-07-09T00:18:14.053-0500] {logging_mixin.py:188} INFO - [2026-07-09T00:18:14.053-0500] {dagbag.py:545} INFO - Filling up the DagBag from /opt/airflow/dags/dag_estimar_riesgo_disrupcion.py
[2026-07-09T00:18:14.648-0500] {processor.py:840} INFO - DAG(s) 'aerotrack_travel_riesgo_disrupcion' retrieved from /opt/airflow/dags/dag_estimar_riesgo_disrupcion.py
[2026-07-09T00:18:14.676-0500] {logging_mixin.py:188} INFO - [2026-07-09T00:18:14.676-0500] {dag.py:3089} INFO - Sync 1 DAGs
[2026-07-09T00:18:14.693-0500] {logging_mixin.py:188} INFO - [2026-07-09T00:18:14.693-0500] {dag.py:3947} INFO - Setting next_dagrun for aerotrack_travel_riesgo_disrupcion to 2026-07-09 00:00:00+00:00, run_after=2026-07-10 00:00:00+00:00
[2026-07-09T00:18:14.708-0500] {processor.py:183} INFO - Processing /opt/airflow/dags/dag_estimar_riesgo_disrupcion.py took 0.662 seconds
[2026-07-09T00:18:45.577-0500] {processor.py:161} INFO - Started process (PID=5878) to work on /opt/airflow/dags/dag_estimar_riesgo_disrupcion.py
[2026-07-09T00:18:45.578-0500] {processor.py:830} INFO - Processing file /opt/airflow/dags/dag_estimar_riesgo_disrupcion.py for tasks to queue
[2026-07-09T00:18:45.580-0500] {logging_mixin.py:188} INFO - [2026-07-09T00:18:45.579-0500] {dagbag.py:545} INFO - Filling up the DagBag from /opt/airflow/dags/dag_estimar_riesgo_disrupcion.py
[2026-07-09T00:18:46.237-0500] {processor.py:840} INFO - DAG(s) 'aerotrack_travel_riesgo_disrupcion' retrieved from /opt/airflow/dags/dag_estimar_riesgo_disrupcion.py
[2026-07-09T00:18:46.272-0500] {logging_mixin.py:188} INFO - [2026-07-09T00:18:46.272-0500] {dag.py:3089} INFO - Sync 1 DAGs
[2026-07-09T00:18:46.288-0500] {logging_mixin.py:188} INFO - [2026-07-09T00:18:46.287-0500] {dag.py:3947} INFO - Setting next_dagrun for aerotrack_travel_riesgo_disrupcion to 2026-07-09 00:00:00+00:00, run_after=2026-07-10 00:00:00+00:00
[2026-07-09T00:18:46.305-0500] {processor.py:183} INFO - Processing /opt/airflow/dags/dag_estimar_riesgo_disrupcion.py took 0.734 seconds
[2026-07-09T00:19:16.729-0500] {processor.py:161} INFO - Started process (PID=5905) to work on /opt/airflow/dags/dag_estimar_riesgo_disrupcion.py
[2026-07-09T00:19:16.730-0500] {processor.py:830} INFO - Processing file /opt/airflow/dags/dag_estimar_riesgo_disrupcion.py for tasks to queue
[2026-07-09T00:19:16.731-0500] {logging_mixin.py:188} INFO - [2026-07-09T00:19:16.731-0500] {dagbag.py:545} INFO - Filling up the DagBag from /opt/airflow/dags/dag_estimar_riesgo_disrupcion.py
[2026-07-09T00:19:17.259-0500] {processor.py:840} INFO - DAG(s) 'aerotrack_travel_riesgo_disrupcion' retrieved from /opt/airflow/dags/dag_estimar_riesgo_disrupcion.py
[2026-07-09T00:19:17.284-0500] {logging_mixin.py:188} INFO - [2026-07-09T00:19:17.283-0500] {dag.py:3089} INFO - Sync 1 DAGs
[2026-07-09T00:19:17.301-0500] {logging_mixin.py:188} INFO - [2026-07-09T00:19:17.300-0500] {dag.py:3947} INFO - Setting next_dagrun for aerotrack_travel_riesgo_disrupcion to 2026-07-09 00:00:00+00:00, run_after=2026-07-10 00:00:00+00:00
[2026-07-09T00:19:17.317-0500] {processor.py:183} INFO - Processing /opt/airflow/dags/dag_estimar_riesgo_disrupcion.py took 0.594 seconds
[2026-07-09T00:19:47.728-0500] {processor.py:161} INFO - Started process (PID=5932) to work on /opt/airflow/dags/dag_estimar_riesgo_disrupcion.py
[2026-07-09T00:19:47.729-0500] {processor.py:830} INFO - Processing file /opt/airflow/dags/dag_estimar_riesgo_disrupcion.py for tasks to queue
[2026-07-09T00:19:47.731-0500] {logging_mixin.py:188} INFO - [2026-07-09T00:19:47.731-0500] {dagbag.py:545} INFO - Filling up the DagBag from /opt/airflow/dags/dag_estimar_riesgo_disrupcion.py
[2026-07-09T00:19:48.352-0500] {processor.py:840} INFO - DAG(s) 'aerotrack_travel_riesgo_disrupcion' retrieved from /opt/airflow/dags/dag_estimar_riesgo_disrupcion.py
[2026-07-09T00:19:48.378-0500] {logging_mixin.py:188} INFO - [2026-07-09T00:19:48.378-0500] {dag.py:3089} INFO - Sync 1 DAGs
[2026-07-09T00:19:48.394-0500] {logging_mixin.py:188} INFO - [2026-07-09T00:19:48.394-0500] {dag.py:3947} INFO - Setting next_dagrun for aerotrack_travel_riesgo_disrupcion to 2026-07-09 00:00:00+00:00, run_after=2026-07-10 00:00:00+00:00
[2026-07-09T00:19:48.409-0500] {processor.py:183} INFO - Processing /opt/airflow/dags/dag_estimar_riesgo_disrupcion.py took 0.688 seconds
[2026-07-09T00:20:18.851-0500] {processor.py:161} INFO - Started process (PID=5959) to work on /opt/airflow/dags/dag_estimar_riesgo_disrupcion.py
[2026-07-09T00:20:18.852-0500] {processor.py:830} INFO - Processing file /opt/airflow/dags/dag_estimar_riesgo_disrupcion.py for tasks to queue
[2026-07-09T00:20:18.854-0500] {logging_mixin.py:188} INFO - [2026-07-09T00:20:18.853-0500] {dagbag.py:545} INFO - Filling up the DagBag from /opt/airflow/dags/dag_estimar_riesgo_disrupcion.py
[2026-07-09T00:20:19.379-0500] {processor.py:840} INFO - DAG(s) 'aerotrack_travel_riesgo_disrupcion' retrieved from /opt/airflow/dags/dag_estimar_riesgo_disrupcion.py
[2026-07-09T00:20:19.405-0500] {logging_mixin.py:188} INFO - [2026-07-09T00:20:19.405-0500] {dag.py:3089} INFO - Sync 1 DAGs
[2026-07-09T00:20:19.421-0500] {logging_mixin.py:188} INFO - [2026-07-09T00:20:19.421-0500] {dag.py:3947} INFO - Setting next_dagrun for aerotrack_travel_riesgo_disrupcion to 2026-07-09 00:00:00+00:00, run_after=2026-07-10 00:00:00+00:00
[2026-07-09T00:20:19.445-0500] {processor.py:183} INFO - Processing /opt/airflow/dags/dag_estimar_riesgo_disrupcion.py took 0.599 seconds
[2026-07-09T00:20:50.387-0500] {processor.py:161} INFO - Started process (PID=5986) to work on /opt/airflow/dags/dag_estimar_riesgo_disrupcion.py
[2026-07-09T00:20:50.388-0500] {processor.py:830} INFO - Processing file /opt/airflow/dags/dag_estimar_riesgo_disrupcion.py for tasks to queue
[2026-07-09T00:20:50.390-0500] {logging_mixin.py:188} INFO - [2026-07-09T00:20:50.390-0500] {dagbag.py:545} INFO - Filling up the DagBag from /opt/airflow/dags/dag_estimar_riesgo_disrupcion.py
[2026-07-09T00:20:50.940-0500] {processor.py:840} INFO - DAG(s) 'aerotrack_travel_riesgo_disrupcion' retrieved from /opt/airflow/dags/dag_estimar_riesgo_disrupcion.py
[2026-07-09T00:20:50.966-0500] {logging_mixin.py:188} INFO - [2026-07-09T00:20:50.966-0500] {dag.py:3089} INFO - Sync 1 DAGs
[2026-07-09T00:20:50.983-0500] {logging_mixin.py:188} INFO - [2026-07-09T00:20:50.982-0500] {dag.py:3947} INFO - Setting next_dagrun for aerotrack_travel_riesgo_disrupcion to 2026-07-09 00:00:00+00:00, run_after=2026-07-10 00:00:00+00:00
[2026-07-09T00:20:50.997-0500] {processor.py:183} INFO - Processing /opt/airflow/dags/dag_estimar_riesgo_disrupcion.py took 0.617 seconds
[2026-07-09T00:21:21.854-0500] {processor.py:161} INFO - Started process (PID=6013) to work on /opt/airflow/dags/dag_estimar_riesgo_disrupcion.py
[2026-07-09T00:21:21.855-0500] {processor.py:830} INFO - Processing file /opt/airflow/dags/dag_estimar_riesgo_disrupcion.py for tasks to queue
[2026-07-09T00:21:21.857-0500] {logging_mixin.py:188} INFO - [2026-07-09T00:21:21.857-0500] {dagbag.py:545} INFO - Filling up the DagBag from /opt/airflow/dags/dag_estimar_riesgo_disrupcion.py
[2026-07-09T00:21:22.397-0500] {processor.py:840} INFO - DAG(s) 'aerotrack_travel_riesgo_disrupcion' retrieved from /opt/airflow/dags/dag_estimar_riesgo_disrupcion.py
[2026-07-09T00:21:22.423-0500] {logging_mixin.py:188} INFO - [2026-07-09T00:21:22.423-0500] {dag.py:3089} INFO - Sync 1 DAGs
[2026-07-09T00:21:22.437-0500] {logging_mixin.py:188} INFO - [2026-07-09T00:21:22.437-0500] {dag.py:3947} INFO - Setting next_dagrun for aerotrack_travel_riesgo_disrupcion to 2026-07-09 00:00:00+00:00, run_after=2026-07-10 00:00:00+00:00
[2026-07-09T00:21:22.449-0500] {processor.py:183} INFO - Processing /opt/airflow/dags/dag_estimar_riesgo_disrupcion.py took 0.600 seconds
[2026-07-09T00:21:52.832-0500] {processor.py:161} INFO - Started process (PID=6040) to work on /opt/airflow/dags/dag_estimar_riesgo_disrupcion.py
[2026-07-09T00:21:52.833-0500] {processor.py:830} INFO - Processing file /opt/airflow/dags/dag_estimar_riesgo_disrupcion.py for tasks to queue
[2026-07-09T00:21:52.834-0500] {logging_mixin.py:188} INFO - [2026-07-09T00:21:52.834-0500] {dagbag.py:545} INFO - Filling up the DagBag from /opt/airflow/dags/dag_estimar_riesgo_disrupcion.py
[2026-07-09T00:21:53.372-0500] {processor.py:840} INFO - DAG(s) 'aerotrack_travel_riesgo_disrupcion' retrieved from /opt/airflow/dags/dag_estimar_riesgo_disrupcion.py
[2026-07-09T00:21:53.400-0500] {logging_mixin.py:188} INFO - [2026-07-09T00:21:53.400-0500] {dag.py:3089} INFO - Sync 1 DAGs
[2026-07-09T00:21:53.414-0500] {logging_mixin.py:188} INFO - [2026-07-09T00:21:53.413-0500] {dag.py:3947} INFO - Setting next_dagrun for aerotrack_travel_riesgo_disrupcion to 2026-07-09 00:00:00+00:00, run_after=2026-07-10 00:00:00+00:00
[2026-07-09T00:21:53.429-0500] {processor.py:183} INFO - Processing /opt/airflow/dags/dag_estimar_riesgo_disrupcion.py took 0.602 seconds
[2026-07-09T00:22:24.268-0500] {processor.py:161} INFO - Started process (PID=6067) to work on /opt/airflow/dags/dag_estimar_riesgo_disrupcion.py
[2026-07-09T00:22:24.269-0500] {processor.py:830} INFO - Processing file /opt/airflow/dags/dag_estimar_riesgo_disrupcion.py for tasks to queue
[2026-07-09T00:22:24.270-0500] {logging_mixin.py:188} INFO - [2026-07-09T00:22:24.270-0500] {dagbag.py:545} INFO - Filling up the DagBag from /opt/airflow/dags/dag_estimar_riesgo_disrupcion.py
[2026-07-09T00:22:24.804-0500] {processor.py:840} INFO - DAG(s) 'aerotrack_travel_riesgo_disrupcion' retrieved from /opt/airflow/dags/dag_estimar_riesgo_disrupcion.py
[2026-07-09T00:22:24.830-0500] {logging_mixin.py:188} INFO - [2026-07-09T00:22:24.829-0500] {dag.py:3089} INFO - Sync 1 DAGs
[2026-07-09T00:22:24.844-0500] {logging_mixin.py:188} INFO - [2026-07-09T00:22:24.844-0500] {dag.py:3947} INFO - Setting next_dagrun for aerotrack_travel_riesgo_disrupcion to 2026-07-09 00:00:00+00:00, run_after=2026-07-10 00:00:00+00:00
[2026-07-09T00:22:24.859-0500] {processor.py:183} INFO - Processing /opt/airflow/dags/dag_estimar_riesgo_disrupcion.py took 0.596 seconds
[2026-07-09T00:22:55.680-0500] {processor.py:161} INFO - Started process (PID=6094) to work on /opt/airflow/dags/dag_estimar_riesgo_disrupcion.py
[2026-07-09T00:22:55.681-0500] {processor.py:830} INFO - Processing file /opt/airflow/dags/dag_estimar_riesgo_disrupcion.py for tasks to queue
[2026-07-09T00:22:55.683-0500] {logging_mixin.py:188} INFO - [2026-07-09T00:22:55.683-0500] {dagbag.py:545} INFO - Filling up the DagBag from /opt/airflow/dags/dag_estimar_riesgo_disrupcion.py
[2026-07-09T00:22:56.209-0500] {processor.py:840} INFO - DAG(s) 'aerotrack_travel_riesgo_disrupcion' retrieved from /opt/airflow/dags/dag_estimar_riesgo_disrupcion.py
[2026-07-09T00:22:56.240-0500] {logging_mixin.py:188} INFO - [2026-07-09T00:22:56.239-0500] {dag.py:3089} INFO - Sync 1 DAGs
[2026-07-09T00:22:56.260-0500] {logging_mixin.py:188} INFO - [2026-07-09T00:22:56.260-0500] {dag.py:3947} INFO - Setting next_dagrun for aerotrack_travel_riesgo_disrupcion to 2026-07-09 00:00:00+00:00, run_after=2026-07-10 00:00:00+00:00
[2026-07-09T00:22:56.276-0500] {processor.py:183} INFO - Processing /opt/airflow/dags/dag_estimar_riesgo_disrupcion.py took 0.601 seconds
[2026-07-09T00:23:27.122-0500] {processor.py:161} INFO - Started process (PID=6121) to work on /opt/airflow/dags/dag_estimar_riesgo_disrupcion.py
[2026-07-09T00:23:27.123-0500] {processor.py:830} INFO - Processing file /opt/airflow/dags/dag_estimar_riesgo_disrupcion.py for tasks to queue
[2026-07-09T00:23:27.125-0500] {logging_mixin.py:188} INFO - [2026-07-09T00:23:27.124-0500] {dagbag.py:545} INFO - Filling up the DagBag from /opt/airflow/dags/dag_estimar_riesgo_disrupcion.py
[2026-07-09T00:23:27.633-0500] {processor.py:840} INFO - DAG(s) 'aerotrack_travel_riesgo_disrupcion' retrieved from /opt/airflow/dags/dag_estimar_riesgo_disrupcion.py
[2026-07-09T00:23:27.657-0500] {logging_mixin.py:188} INFO - [2026-07-09T00:23:27.657-0500] {dag.py:3089} INFO - Sync 1 DAGs
[2026-07-09T00:23:27.671-0500] {logging_mixin.py:188} INFO - [2026-07-09T00:23:27.671-0500] {dag.py:3947} INFO - Setting next_dagrun for aerotrack_travel_riesgo_disrupcion to 2026-07-09 00:00:00+00:00, run_after=2026-07-10 00:00:00+00:00
[2026-07-09T00:23:27.688-0500] {processor.py:183} INFO - Processing /opt/airflow/dags/dag_estimar_riesgo_disrupcion.py took 0.571 seconds
[2026-07-09T00:23:58.095-0500] {processor.py:161} INFO - Started process (PID=6148) to work on /opt/airflow/dags/dag_estimar_riesgo_disrupcion.py
[2026-07-09T00:23:58.096-0500] {processor.py:830} INFO - Processing file /opt/airflow/dags/dag_estimar_riesgo_disrupcion.py for tasks to queue
[2026-07-09T00:23:58.098-0500] {logging_mixin.py:188} INFO - [2026-07-09T00:23:58.098-0500] {dagbag.py:545} INFO - Filling up the DagBag from /opt/airflow/dags/dag_estimar_riesgo_disrupcion.py
[2026-07-09T00:23:58.621-0500] {processor.py:840} INFO - DAG(s) 'aerotrack_travel_riesgo_disrupcion' retrieved from /opt/airflow/dags/dag_estimar_riesgo_disrupcion.py
[2026-07-09T00:23:58.648-0500] {logging_mixin.py:188} INFO - [2026-07-09T00:23:58.648-0500] {dag.py:3089} INFO - Sync 1 DAGs
[2026-07-09T00:23:58.663-0500] {logging_mixin.py:188} INFO - [2026-07-09T00:23:58.663-0500] {dag.py:3947} INFO - Setting next_dagrun for aerotrack_travel_riesgo_disrupcion to 2026-07-09 00:00:00+00:00, run_after=2026-07-10 00:00:00+00:00
[2026-07-09T00:23:58.680-0500] {processor.py:183} INFO - Processing /opt/airflow/dags/dag_estimar_riesgo_disrupcion.py took 0.589 seconds
[2026-07-09T00:24:29.068-0500] {processor.py:161} INFO - Started process (PID=6175) to work on /opt/airflow/dags/dag_estimar_riesgo_disrupcion.py
[2026-07-09T00:24:29.068-0500] {processor.py:830} INFO - Processing file /opt/airflow/dags/dag_estimar_riesgo_disrupcion.py for tasks to queue
[2026-07-09T00:24:29.071-0500] {logging_mixin.py:188} INFO - [2026-07-09T00:24:29.070-0500] {dagbag.py:545} INFO - Filling up the DagBag from /opt/airflow/dags/dag_estimar_riesgo_disrupcion.py
[2026-07-09T00:24:29.590-0500] {processor.py:840} INFO - DAG(s) 'aerotrack_travel_riesgo_disrupcion' retrieved from /opt/airflow/dags/dag_estimar_riesgo_disrupcion.py
[2026-07-09T00:24:29.613-0500] {logging_mixin.py:188} INFO - [2026-07-09T00:24:29.613-0500] {dag.py:3089} INFO - Sync 1 DAGs
[2026-07-09T00:24:29.627-0500] {logging_mixin.py:188} INFO - [2026-07-09T00:24:29.627-0500] {dag.py:3947} INFO - Setting next_dagrun for aerotrack_travel_riesgo_disrupcion to 2026-07-09 00:00:00+00:00, run_after=2026-07-10 00:00:00+00:00
[2026-07-09T00:24:29.639-0500] {processor.py:183} INFO - Processing /opt/airflow/dags/dag_estimar_riesgo_disrupcion.py took 0.577 seconds
[2026-07-09T00:25:00.078-0500] {processor.py:161} INFO - Started process (PID=6202) to work on /opt/airflow/dags/dag_estimar_riesgo_disrupcion.py
[2026-07-09T00:25:00.079-0500] {processor.py:830} INFO - Processing file /opt/airflow/dags/dag_estimar_riesgo_disrupcion.py for tasks to queue
[2026-07-09T00:25:00.081-0500] {logging_mixin.py:188} INFO - [2026-07-09T00:25:00.081-0500] {dagbag.py:545} INFO - Filling up the DagBag from /opt/airflow/dags/dag_estimar_riesgo_disrupcion.py
[2026-07-09T00:25:00.944-0500] {processor.py:840} INFO - DAG(s) 'aerotrack_travel_riesgo_disrupcion' retrieved from /opt/airflow/dags/dag_estimar_riesgo_disrupcion.py
[2026-07-09T00:25:01.031-0500] {logging_mixin.py:188} INFO - [2026-07-09T00:25:01.028-0500] {dag.py:3089} INFO - Sync 1 DAGs
[2026-07-09T00:25:01.079-0500] {logging_mixin.py:188} INFO - [2026-07-09T00:25:01.079-0500] {dag.py:3947} INFO - Setting next_dagrun for aerotrack_travel_riesgo_disrupcion to 2026-07-09 00:00:00+00:00, run_after=2026-07-10 00:00:00+00:00
[2026-07-09T00:25:01.109-0500] {processor.py:183} INFO - Processing /opt/airflow/dags/dag_estimar_riesgo_disrupcion.py took 1.036 seconds
[2026-07-09T00:25:31.658-0500] {processor.py:161} INFO - Started process (PID=6232) to work on /opt/airflow/dags/dag_estimar_riesgo_disrupcion.py
[2026-07-09T00:25:31.660-0500] {processor.py:830} INFO - Processing file /opt/airflow/dags/dag_estimar_riesgo_disrupcion.py for tasks to queue
[2026-07-09T00:25:31.661-0500] {logging_mixin.py:188} INFO - [2026-07-09T00:25:31.661-0500] {dagbag.py:545} INFO - Filling up the DagBag from /opt/airflow/dags/dag_estimar_riesgo_disrupcion.py
[2026-07-09T00:25:32.221-0500] {processor.py:840} INFO - DAG(s) 'aerotrack_travel_riesgo_disrupcion' retrieved from /opt/airflow/dags/dag_estimar_riesgo_disrupcion.py
[2026-07-09T00:25:32.247-0500] {logging_mixin.py:188} INFO - [2026-07-09T00:25:32.246-0500] {dag.py:3089} INFO - Sync 1 DAGs
[2026-07-09T00:25:32.261-0500] {logging_mixin.py:188} INFO - [2026-07-09T00:25:32.260-0500] {dag.py:3947} INFO - Setting next_dagrun for aerotrack_travel_riesgo_disrupcion to 2026-07-09 00:00:00+00:00, run_after=2026-07-10 00:00:00+00:00
[2026-07-09T00:25:32.276-0500] {processor.py:183} INFO - Processing /opt/airflow/dags/dag_estimar_riesgo_disrupcion.py took 0.623 seconds
[2026-07-09T00:26:02.746-0500] {processor.py:161} INFO - Started process (PID=6259) to work on /opt/airflow/dags/dag_estimar_riesgo_disrupcion.py
[2026-07-09T00:26:02.747-0500] {processor.py:830} INFO - Processing file /opt/airflow/dags/dag_estimar_riesgo_disrupcion.py for tasks to queue
[2026-07-09T00:26:02.749-0500] {logging_mixin.py:188} INFO - [2026-07-09T00:26:02.748-0500] {dagbag.py:545} INFO - Filling up the DagBag from /opt/airflow/dags/dag_estimar_riesgo_disrupcion.py
[2026-07-09T00:26:03.347-0500] {processor.py:840} INFO - DAG(s) 'aerotrack_travel_riesgo_disrupcion' retrieved from /opt/airflow/dags/dag_estimar_riesgo_disrupcion.py
[2026-07-09T00:26:03.377-0500] {logging_mixin.py:188} INFO - [2026-07-09T00:26:03.376-0500] {dag.py:3089} INFO - Sync 1 DAGs
[2026-07-09T00:26:03.393-0500] {logging_mixin.py:188} INFO - [2026-07-09T00:26:03.393-0500] {dag.py:3947} INFO - Setting next_dagrun for aerotrack_travel_riesgo_disrupcion to 2026-07-09 00:00:00+00:00, run_after=2026-07-10 00:00:00+00:00
[2026-07-09T00:26:03.412-0500] {processor.py:183} INFO - Processing /opt/airflow/dags/dag_estimar_riesgo_disrupcion.py took 0.672 seconds
[2026-07-09T00:26:34.050-0500] {processor.py:161} INFO - Started process (PID=6288) to work on /opt/airflow/dags/dag_estimar_riesgo_disrupcion.py
[2026-07-09T00:26:34.050-0500] {processor.py:830} INFO - Processing file /opt/airflow/dags/dag_estimar_riesgo_disrupcion.py for tasks to queue
[2026-07-09T00:26:34.052-0500] {logging_mixin.py:188} INFO - [2026-07-09T00:26:34.052-0500] {dagbag.py:545} INFO - Filling up the DagBag from /opt/airflow/dags/dag_estimar_riesgo_disrupcion.py
[2026-07-09T00:26:34.704-0500] {processor.py:840} INFO - DAG(s) 'aerotrack_travel_riesgo_disrupcion' retrieved from /opt/airflow/dags/dag_estimar_riesgo_disrupcion.py
[2026-07-09T00:26:34.736-0500] {logging_mixin.py:188} INFO - [2026-07-09T00:26:34.736-0500] {dag.py:3089} INFO - Sync 1 DAGs
[2026-07-09T00:26:34.754-0500] {logging_mixin.py:188} INFO - [2026-07-09T00:26:34.754-0500] {dag.py:3947} INFO - Setting next_dagrun for aerotrack_travel_riesgo_disrupcion to 2026-07-09 00:00:00+00:00, run_after=2026-07-10 00:00:00+00:00
[2026-07-09T00:26:34.772-0500] {processor.py:183} INFO - Processing /opt/airflow/dags/dag_estimar_riesgo_disrupcion.py took 0.728 seconds
[2026-07-09T00:27:05.174-0500] {processor.py:161} INFO - Started process (PID=6315) to work on /opt/airflow/dags/dag_estimar_riesgo_disrupcion.py
[2026-07-09T00:27:05.175-0500] {processor.py:830} INFO - Processing file /opt/airflow/dags/dag_estimar_riesgo_disrupcion.py for tasks to queue
[2026-07-09T00:27:05.177-0500] {logging_mixin.py:188} INFO - [2026-07-09T00:27:05.176-0500] {dagbag.py:545} INFO - Filling up the DagBag from /opt/airflow/dags/dag_estimar_riesgo_disrupcion.py
[2026-07-09T00:27:05.718-0500] {processor.py:840} INFO - DAG(s) 'aerotrack_travel_riesgo_disrupcion' retrieved from /opt/airflow/dags/dag_estimar_riesgo_disrupcion.py
[2026-07-09T00:27:05.749-0500] {logging_mixin.py:188} INFO - [2026-07-09T00:27:05.748-0500] {dag.py:3089} INFO - Sync 1 DAGs
[2026-07-09T00:27:05.764-0500] {logging_mixin.py:188} INFO - [2026-07-09T00:27:05.764-0500] {dag.py:3947} INFO - Setting next_dagrun for aerotrack_travel_riesgo_disrupcion to 2026-07-09 00:00:00+00:00, run_after=2026-07-10 00:00:00+00:00
[2026-07-09T00:27:05.782-0500] {processor.py:183} INFO - Processing /opt/airflow/dags/dag_estimar_riesgo_disrupcion.py took 0.612 seconds
[2026-07-09T00:27:36.215-0500] {processor.py:161} INFO - Started process (PID=6342) to work on /opt/airflow/dags/dag_estimar_riesgo_disrupcion.py
[2026-07-09T00:27:36.216-0500] {processor.py:830} INFO - Processing file /opt/airflow/dags/dag_estimar_riesgo_disrupcion.py for tasks to queue
[2026-07-09T00:27:36.218-0500] {logging_mixin.py:188} INFO - [2026-07-09T00:27:36.217-0500] {dagbag.py:545} INFO - Filling up the DagBag from /opt/airflow/dags/dag_estimar_riesgo_disrupcion.py
[2026-07-09T00:27:36.809-0500] {processor.py:840} INFO - DAG(s) 'aerotrack_travel_riesgo_disrupcion' retrieved from /opt/airflow/dags/dag_estimar_riesgo_disrupcion.py
[2026-07-09T00:27:36.834-0500] {logging_mixin.py:188} INFO - [2026-07-09T00:27:36.834-0500] {dag.py:3089} INFO - Sync 1 DAGs
[2026-07-09T00:27:36.848-0500] {logging_mixin.py:188} INFO - [2026-07-09T00:27:36.848-0500] {dag.py:3947} INFO - Setting next_dagrun for aerotrack_travel_riesgo_disrupcion to 2026-07-09 00:00:00+00:00, run_after=2026-07-10 00:00:00+00:00
[2026-07-09T00:27:36.863-0500] {processor.py:183} INFO - Processing /opt/airflow/dags/dag_estimar_riesgo_disrupcion.py took 0.653 seconds
[2026-07-09T00:28:07.254-0500] {processor.py:161} INFO - Started process (PID=6369) to work on /opt/airflow/dags/dag_estimar_riesgo_disrupcion.py
[2026-07-09T00:28:07.255-0500] {processor.py:830} INFO - Processing file /opt/airflow/dags/dag_estimar_riesgo_disrupcion.py for tasks to queue
[2026-07-09T00:28:07.256-0500] {logging_mixin.py:188} INFO - [2026-07-09T00:28:07.256-0500] {dagbag.py:545} INFO - Filling up the DagBag from /opt/airflow/dags/dag_estimar_riesgo_disrupcion.py
[2026-07-09T00:28:07.795-0500] {processor.py:840} INFO - DAG(s) 'aerotrack_travel_riesgo_disrupcion' retrieved from /opt/airflow/dags/dag_estimar_riesgo_disrupcion.py
[2026-07-09T00:28:07.818-0500] {logging_mixin.py:188} INFO - [2026-07-09T00:28:07.818-0500] {dag.py:3089} INFO - Sync 1 DAGs
[2026-07-09T00:28:07.832-0500] {logging_mixin.py:188} INFO - [2026-07-09T00:28:07.832-0500] {dag.py:3947} INFO - Setting next_dagrun for aerotrack_travel_riesgo_disrupcion to 2026-07-09 00:00:00+00:00, run_after=2026-07-10 00:00:00+00:00
[2026-07-09T00:28:07.849-0500] {processor.py:183} INFO - Processing /opt/airflow/dags/dag_estimar_riesgo_disrupcion.py took 0.600 seconds
[2026-07-09T00:28:38.295-0500] {processor.py:161} INFO - Started process (PID=6396) to work on /opt/airflow/dags/dag_estimar_riesgo_disrupcion.py
[2026-07-09T00:28:38.296-0500] {processor.py:830} INFO - Processing file /opt/airflow/dags/dag_estimar_riesgo_disrupcion.py for tasks to queue
[2026-07-09T00:28:38.297-0500] {logging_mixin.py:188} INFO - [2026-07-09T00:28:38.297-0500] {dagbag.py:545} INFO - Filling up the DagBag from /opt/airflow/dags/dag_estimar_riesgo_disrupcion.py
[2026-07-09T00:28:38.878-0500] {processor.py:840} INFO - DAG(s) 'aerotrack_travel_riesgo_disrupcion' retrieved from /opt/airflow/dags/dag_estimar_riesgo_disrupcion.py
[2026-07-09T00:28:38.909-0500] {logging_mixin.py:188} INFO - [2026-07-09T00:28:38.909-0500] {dag.py:3089} INFO - Sync 1 DAGs
[2026-07-09T00:28:38.925-0500] {logging_mixin.py:188} INFO - [2026-07-09T00:28:38.925-0500] {dag.py:3947} INFO - Setting next_dagrun for aerotrack_travel_riesgo_disrupcion to 2026-07-09 00:00:00+00:00, run_after=2026-07-10 00:00:00+00:00
[2026-07-09T00:28:38.942-0500] {processor.py:183} INFO - Processing /opt/airflow/dags/dag_estimar_riesgo_disrupcion.py took 0.651 seconds
[2026-07-09T00:29:09.330-0500] {processor.py:161} INFO - Started process (PID=6423) to work on /opt/airflow/dags/dag_estimar_riesgo_disrupcion.py
[2026-07-09T00:29:09.331-0500] {processor.py:830} INFO - Processing file /opt/airflow/dags/dag_estimar_riesgo_disrupcion.py for tasks to queue
[2026-07-09T00:29:09.333-0500] {logging_mixin.py:188} INFO - [2026-07-09T00:29:09.333-0500] {dagbag.py:545} INFO - Filling up the DagBag from /opt/airflow/dags/dag_estimar_riesgo_disrupcion.py
[2026-07-09T00:29:09.874-0500] {processor.py:840} INFO - DAG(s) 'aerotrack_travel_riesgo_disrupcion' retrieved from /opt/airflow/dags/dag_estimar_riesgo_disrupcion.py
[2026-07-09T00:29:09.898-0500] {logging_mixin.py:188} INFO - [2026-07-09T00:29:09.898-0500] {dag.py:3089} INFO - Sync 1 DAGs
[2026-07-09T00:29:09.912-0500] {logging_mixin.py:188} INFO - [2026-07-09T00:29:09.912-0500] {dag.py:3947} INFO - Setting next_dagrun for aerotrack_travel_riesgo_disrupcion to 2026-07-09 00:00:00+00:00, run_after=2026-07-10 00:00:00+00:00
[2026-07-09T00:29:09.928-0500] {processor.py:183} INFO - Processing /opt/airflow/dags/dag_estimar_riesgo_disrupcion.py took 0.603 seconds
[2026-07-09T00:29:40.298-0500] {processor.py:161} INFO - Started process (PID=6450) to work on /opt/airflow/dags/dag_estimar_riesgo_disrupcion.py
[2026-07-09T00:29:40.299-0500] {processor.py:830} INFO - Processing file /opt/airflow/dags/dag_estimar_riesgo_disrupcion.py for tasks to queue
[2026-07-09T00:29:40.301-0500] {logging_mixin.py:188} INFO - [2026-07-09T00:29:40.301-0500] {dagbag.py:545} INFO - Filling up the DagBag from /opt/airflow/dags/dag_estimar_riesgo_disrupcion.py
[2026-07-09T00:29:40.811-0500] {processor.py:840} INFO - DAG(s) 'aerotrack_travel_riesgo_disrupcion' retrieved from /opt/airflow/dags/dag_estimar_riesgo_disrupcion.py
[2026-07-09T00:29:40.837-0500] {logging_mixin.py:188} INFO - [2026-07-09T00:29:40.837-0500] {dag.py:3089} INFO - Sync 1 DAGs
[2026-07-09T00:29:40.851-0500] {logging_mixin.py:188} INFO - [2026-07-09T00:29:40.851-0500] {dag.py:3947} INFO - Setting next_dagrun for aerotrack_travel_riesgo_disrupcion to 2026-07-09 00:00:00+00:00, run_after=2026-07-10 00:00:00+00:00
[2026-07-09T00:29:40.867-0500] {processor.py:183} INFO - Processing /opt/airflow/dags/dag_estimar_riesgo_disrupcion.py took 0.573 seconds
[2026-07-09T00:30:11.297-0500] {processor.py:161} INFO - Started process (PID=6477) to work on /opt/airflow/dags/dag_estimar_riesgo_disrupcion.py
[2026-07-09T00:30:11.298-0500] {processor.py:830} INFO - Processing file /opt/airflow/dags/dag_estimar_riesgo_disrupcion.py for tasks to queue
[2026-07-09T00:30:11.300-0500] {logging_mixin.py:188} INFO - [2026-07-09T00:30:11.300-0500] {dagbag.py:545} INFO - Filling up the DagBag from /opt/airflow/dags/dag_estimar_riesgo_disrupcion.py
[2026-07-09T00:30:11.832-0500] {processor.py:840} INFO - DAG(s) 'aerotrack_travel_riesgo_disrupcion' retrieved from /opt/airflow/dags/dag_estimar_riesgo_disrupcion.py
[2026-07-09T00:30:11.855-0500] {logging_mixin.py:188} INFO - [2026-07-09T00:30:11.855-0500] {dag.py:3089} INFO - Sync 1 DAGs
[2026-07-09T00:30:11.869-0500] {logging_mixin.py:188} INFO - [2026-07-09T00:30:11.869-0500] {dag.py:3947} INFO - Setting next_dagrun for aerotrack_travel_riesgo_disrupcion to 2026-07-09 00:00:00+00:00, run_after=2026-07-10 00:00:00+00:00
[2026-07-09T00:30:11.884-0500] {processor.py:183} INFO - Processing /opt/airflow/dags/dag_estimar_riesgo_disrupcion.py took 0.592 seconds
[2026-07-09T00:30:42.302-0500] {processor.py:161} INFO - Started process (PID=6504) to work on /opt/airflow/dags/dag_estimar_riesgo_disrupcion.py
[2026-07-09T00:30:42.303-0500] {processor.py:830} INFO - Processing file /opt/airflow/dags/dag_estimar_riesgo_disrupcion.py for tasks to queue
[2026-07-09T00:30:42.304-0500] {logging_mixin.py:188} INFO - [2026-07-09T00:30:42.304-0500] {dagbag.py:545} INFO - Filling up the DagBag from /opt/airflow/dags/dag_estimar_riesgo_disrupcion.py
[2026-07-09T00:30:42.824-0500] {processor.py:840} INFO - DAG(s) 'aerotrack_travel_riesgo_disrupcion' retrieved from /opt/airflow/dags/dag_estimar_riesgo_disrupcion.py
[2026-07-09T00:30:42.853-0500] {logging_mixin.py:188} INFO - [2026-07-09T00:30:42.853-0500] {dag.py:3089} INFO - Sync 1 DAGs
[2026-07-09T00:30:42.871-0500] {logging_mixin.py:188} INFO - [2026-07-09T00:30:42.871-0500] {dag.py:3947} INFO - Setting next_dagrun for aerotrack_travel_riesgo_disrupcion to 2026-07-09 00:00:00+00:00, run_after=2026-07-10 00:00:00+00:00
[2026-07-09T00:30:42.885-0500] {processor.py:183} INFO - Processing /opt/airflow/dags/dag_estimar_riesgo_disrupcion.py took 0.588 seconds
[2026-07-09T00:31:13.296-0500] {processor.py:161} INFO - Started process (PID=6531) to work on /opt/airflow/dags/dag_estimar_riesgo_disrupcion.py
[2026-07-09T00:31:13.297-0500] {processor.py:830} INFO - Processing file /opt/airflow/dags/dag_estimar_riesgo_disrupcion.py for tasks to queue
[2026-07-09T00:31:13.298-0500] {logging_mixin.py:188} INFO - [2026-07-09T00:31:13.298-0500] {dagbag.py:545} INFO - Filling up the DagBag from /opt/airflow/dags/dag_estimar_riesgo_disrupcion.py
[2026-07-09T00:31:13.816-0500] {processor.py:840} INFO - DAG(s) 'aerotrack_travel_riesgo_disrupcion' retrieved from /opt/airflow/dags/dag_estimar_riesgo_disrupcion.py
[2026-07-09T00:31:13.845-0500] {logging_mixin.py:188} INFO - [2026-07-09T00:31:13.845-0500] {dag.py:3089} INFO - Sync 1 DAGs
[2026-07-09T00:31:13.859-0500] {logging_mixin.py:188} INFO - [2026-07-09T00:31:13.859-0500] {dag.py:3947} INFO - Setting next_dagrun for aerotrack_travel_riesgo_disrupcion to 2026-07-09 00:00:00+00:00, run_after=2026-07-10 00:00:00+00:00
[2026-07-09T00:31:13.874-0500] {processor.py:183} INFO - Processing /opt/airflow/dags/dag_estimar_riesgo_disrupcion.py took 0.583 seconds
[2026-07-09T00:31:44.366-0500] {processor.py:161} INFO - Started process (PID=6558) to work on /opt/airflow/dags/dag_estimar_riesgo_disrupcion.py
[2026-07-09T00:31:44.367-0500] {processor.py:830} INFO - Processing file /opt/airflow/dags/dag_estimar_riesgo_disrupcion.py for tasks to queue
[2026-07-09T00:31:44.368-0500] {logging_mixin.py:188} INFO - [2026-07-09T00:31:44.368-0500] {dagbag.py:545} INFO - Filling up the DagBag from /opt/airflow/dags/dag_estimar_riesgo_disrupcion.py
[2026-07-09T00:31:44.943-0500] {processor.py:840} INFO - DAG(s) 'aerotrack_travel_riesgo_disrupcion' retrieved from /opt/airflow/dags/dag_estimar_riesgo_disrupcion.py
[2026-07-09T00:31:44.980-0500] {logging_mixin.py:188} INFO - [2026-07-09T00:31:44.980-0500] {dag.py:3089} INFO - Sync 1 DAGs
[2026-07-09T00:31:44.997-0500] {logging_mixin.py:188} INFO - [2026-07-09T00:31:44.997-0500] {dag.py:3947} INFO - Setting next_dagrun for aerotrack_travel_riesgo_disrupcion to 2026-07-09 00:00:00+00:00, run_after=2026-07-10 00:00:00+00:00
[2026-07-09T00:31:45.013-0500] {processor.py:183} INFO - Processing /opt/airflow/dags/dag_estimar_riesgo_disrupcion.py took 0.652 seconds
[2026-07-09T00:32:15.400-0500] {processor.py:161} INFO - Started process (PID=6585) to work on /opt/airflow/dags/dag_estimar_riesgo_disrupcion.py
[2026-07-09T00:32:15.401-0500] {processor.py:830} INFO - Processing file /opt/airflow/dags/dag_estimar_riesgo_disrupcion.py for tasks to queue
[2026-07-09T00:32:15.403-0500] {logging_mixin.py:188} INFO - [2026-07-09T00:32:15.403-0500] {dagbag.py:545} INFO - Filling up the DagBag from /opt/airflow/dags/dag_estimar_riesgo_disrupcion.py
[2026-07-09T00:32:15.995-0500] {processor.py:840} INFO - DAG(s) 'aerotrack_travel_riesgo_disrupcion' retrieved from /opt/airflow/dags/dag_estimar_riesgo_disrupcion.py
[2026-07-09T00:32:16.022-0500] {logging_mixin.py:188} INFO - [2026-07-09T00:32:16.022-0500] {dag.py:3089} INFO - Sync 1 DAGs
[2026-07-09T00:32:16.038-0500] {logging_mixin.py:188} INFO - [2026-07-09T00:32:16.038-0500] {dag.py:3947} INFO - Setting next_dagrun for aerotrack_travel_riesgo_disrupcion to 2026-07-09 00:00:00+00:00, run_after=2026-07-10 00:00:00+00:00
[2026-07-09T00:32:16.053-0500] {processor.py:183} INFO - Processing /opt/airflow/dags/dag_estimar_riesgo_disrupcion.py took 0.659 seconds
[2026-07-09T00:32:46.484-0500] {processor.py:161} INFO - Started process (PID=6612) to work on /opt/airflow/dags/dag_estimar_riesgo_disrupcion.py
[2026-07-09T00:32:46.486-0500] {processor.py:830} INFO - Processing file /opt/airflow/dags/dag_estimar_riesgo_disrupcion.py for tasks to queue
[2026-07-09T00:32:46.488-0500] {logging_mixin.py:188} INFO - [2026-07-09T00:32:46.487-0500] {dagbag.py:545} INFO - Filling up the DagBag from /opt/airflow/dags/dag_estimar_riesgo_disrupcion.py
[2026-07-09T00:32:47.258-0500] {processor.py:840} INFO - DAG(s) 'aerotrack_travel_riesgo_disrupcion' retrieved from /opt/airflow/dags/dag_estimar_riesgo_disrupcion.py
[2026-07-09T00:32:47.288-0500] {logging_mixin.py:188} INFO - [2026-07-09T00:32:47.288-0500] {dag.py:3089} INFO - Sync 1 DAGs
[2026-07-09T00:32:47.305-0500] {logging_mixin.py:188} INFO - [2026-07-09T00:32:47.305-0500] {dag.py:3947} INFO - Setting next_dagrun for aerotrack_travel_riesgo_disrupcion to 2026-07-09 00:00:00+00:00, run_after=2026-07-10 00:00:00+00:00
[2026-07-09T00:32:47.322-0500] {processor.py:183} INFO - Processing /opt/airflow/dags/dag_estimar_riesgo_disrupcion.py took 0.845 seconds
[2026-07-09T00:33:17.736-0500] {processor.py:161} INFO - Started process (PID=6642) to work on /opt/airflow/dags/dag_estimar_riesgo_disrupcion.py
[2026-07-09T00:33:17.738-0500] {processor.py:830} INFO - Processing file /opt/airflow/dags/dag_estimar_riesgo_disrupcion.py for tasks to queue
[2026-07-09T00:33:17.739-0500] {logging_mixin.py:188} INFO - [2026-07-09T00:33:17.739-0500] {dagbag.py:545} INFO - Filling up the DagBag from /opt/airflow/dags/dag_estimar_riesgo_disrupcion.py
[2026-07-09T00:33:18.381-0500] {processor.py:840} INFO - DAG(s) 'aerotrack_travel_riesgo_disrupcion' retrieved from /opt/airflow/dags/dag_estimar_riesgo_disrupcion.py
[2026-07-09T00:33:18.414-0500] {logging_mixin.py:188} INFO - [2026-07-09T00:33:18.414-0500] {dag.py:3089} INFO - Sync 1 DAGs
[2026-07-09T00:33:18.432-0500] {logging_mixin.py:188} INFO - [2026-07-09T00:33:18.432-0500] {dag.py:3947} INFO - Setting next_dagrun for aerotrack_travel_riesgo_disrupcion to 2026-07-09 00:00:00+00:00, run_after=2026-07-10 00:00:00+00:00
[2026-07-09T00:33:18.454-0500] {processor.py:183} INFO - Processing /opt/airflow/dags/dag_estimar_riesgo_disrupcion.py took 0.724 seconds
[2026-07-09T00:33:49.070-0500] {processor.py:161} INFO - Started process (PID=6671) to work on /opt/airflow/dags/dag_estimar_riesgo_disrupcion.py
[2026-07-09T00:33:49.071-0500] {processor.py:830} INFO - Processing file /opt/airflow/dags/dag_estimar_riesgo_disrupcion.py for tasks to queue
[2026-07-09T00:33:49.072-0500] {logging_mixin.py:188} INFO - [2026-07-09T00:33:49.072-0500] {dagbag.py:545} INFO - Filling up the DagBag from /opt/airflow/dags/dag_estimar_riesgo_disrupcion.py
[2026-07-09T00:33:49.574-0500] {processor.py:840} INFO - DAG(s) 'aerotrack_travel_riesgo_disrupcion' retrieved from /opt/airflow/dags/dag_estimar_riesgo_disrupcion.py
[2026-07-09T00:33:49.596-0500] {logging_mixin.py:188} INFO - [2026-07-09T00:33:49.596-0500] {dag.py:3089} INFO - Sync 1 DAGs
[2026-07-09T00:33:49.609-0500] {logging_mixin.py:188} INFO - [2026-07-09T00:33:49.609-0500] {dag.py:3947} INFO - Setting next_dagrun for aerotrack_travel_riesgo_disrupcion to 2026-07-09 00:00:00+00:00, run_after=2026-07-10 00:00:00+00:00
[2026-07-09T00:33:49.622-0500] {processor.py:183} INFO - Processing /opt/airflow/dags/dag_estimar_riesgo_disrupcion.py took 0.557 seconds
[2026-07-09T00:34:19.960-0500] {processor.py:161} INFO - Started process (PID=6698) to work on /opt/airflow/dags/dag_estimar_riesgo_disrupcion.py
[2026-07-09T00:34:19.960-0500] {processor.py:830} INFO - Processing file /opt/airflow/dags/dag_estimar_riesgo_disrupcion.py for tasks to queue
[2026-07-09T00:34:19.962-0500] {logging_mixin.py:188} INFO - [2026-07-09T00:34:19.962-0500] {dagbag.py:545} INFO - Filling up the DagBag from /opt/airflow/dags/dag_estimar_riesgo_disrupcion.py
[2026-07-09T00:34:20.492-0500] {processor.py:840} INFO - DAG(s) 'aerotrack_travel_riesgo_disrupcion' retrieved from /opt/airflow/dags/dag_estimar_riesgo_disrupcion.py
[2026-07-09T00:34:20.520-0500] {logging_mixin.py:188} INFO - [2026-07-09T00:34:20.520-0500] {dag.py:3089} INFO - Sync 1 DAGs
[2026-07-09T00:34:20.535-0500] {logging_mixin.py:188} INFO - [2026-07-09T00:34:20.535-0500] {dag.py:3947} INFO - Setting next_dagrun for aerotrack_travel_riesgo_disrupcion to 2026-07-09 00:00:00+00:00, run_after=2026-07-10 00:00:00+00:00
[2026-07-09T00:34:20.553-0500] {processor.py:183} INFO - Processing /opt/airflow/dags/dag_estimar_riesgo_disrupcion.py took 0.599 seconds
[2026-07-09T00:34:50.882-0500] {processor.py:161} INFO - Started process (PID=6725) to work on /opt/airflow/dags/dag_estimar_riesgo_disrupcion.py
[2026-07-09T00:34:50.883-0500] {processor.py:830} INFO - Processing file /opt/airflow/dags/dag_estimar_riesgo_disrupcion.py for tasks to queue
[2026-07-09T00:34:50.884-0500] {logging_mixin.py:188} INFO - [2026-07-09T00:34:50.884-0500] {dagbag.py:545} INFO - Filling up the DagBag from /opt/airflow/dags/dag_estimar_riesgo_disrupcion.py
[2026-07-09T00:34:51.366-0500] {processor.py:840} INFO - DAG(s) 'aerotrack_travel_riesgo_disrupcion' retrieved from /opt/airflow/dags/dag_estimar_riesgo_disrupcion.py
[2026-07-09T00:34:51.391-0500] {logging_mixin.py:188} INFO - [2026-07-09T00:34:51.391-0500] {dag.py:3089} INFO - Sync 1 DAGs
[2026-07-09T00:34:51.404-0500] {logging_mixin.py:188} INFO - [2026-07-09T00:34:51.404-0500] {dag.py:3947} INFO - Setting next_dagrun for aerotrack_travel_riesgo_disrupcion to 2026-07-09 00:00:00+00:00, run_after=2026-07-10 00:00:00+00:00
[2026-07-09T00:34:51.418-0500] {processor.py:183} INFO - Processing /opt/airflow/dags/dag_estimar_riesgo_disrupcion.py took 0.541 seconds
[2026-07-09T00:35:21.774-0500] {processor.py:161} INFO - Started process (PID=6752) to work on /opt/airflow/dags/dag_estimar_riesgo_disrupcion.py
[2026-07-09T00:35:21.775-0500] {processor.py:830} INFO - Processing file /opt/airflow/dags/dag_estimar_riesgo_disrupcion.py for tasks to queue
[2026-07-09T00:35:21.776-0500] {logging_mixin.py:188} INFO - [2026-07-09T00:35:21.776-0500] {dagbag.py:545} INFO - Filling up the DagBag from /opt/airflow/dags/dag_estimar_riesgo_disrupcion.py
[2026-07-09T00:35:22.260-0500] {processor.py:840} INFO - DAG(s) 'aerotrack_travel_riesgo_disrupcion' retrieved from /opt/airflow/dags/dag_estimar_riesgo_disrupcion.py
[2026-07-09T00:35:22.283-0500] {logging_mixin.py:188} INFO - [2026-07-09T00:35:22.283-0500] {dag.py:3089} INFO - Sync 1 DAGs
[2026-07-09T00:35:22.296-0500] {logging_mixin.py:188} INFO - [2026-07-09T00:35:22.296-0500] {dag.py:3947} INFO - Setting next_dagrun for aerotrack_travel_riesgo_disrupcion to 2026-07-09 00:00:00+00:00, run_after=2026-07-10 00:00:00+00:00
[2026-07-09T00:35:22.309-0500] {processor.py:183} INFO - Processing /opt/airflow/dags/dag_estimar_riesgo_disrupcion.py took 0.540 seconds
[2026-07-09T00:35:52.735-0500] {processor.py:161} INFO - Started process (PID=6779) to work on /opt/airflow/dags/dag_estimar_riesgo_disrupcion.py
[2026-07-09T00:35:52.736-0500] {processor.py:830} INFO - Processing file /opt/airflow/dags/dag_estimar_riesgo_disrupcion.py for tasks to queue
[2026-07-09T00:35:52.738-0500] {logging_mixin.py:188} INFO - [2026-07-09T00:35:52.738-0500] {dagbag.py:545} INFO - Filling up the DagBag from /opt/airflow/dags/dag_estimar_riesgo_disrupcion.py
[2026-07-09T00:35:53.291-0500] {processor.py:840} INFO - DAG(s) 'aerotrack_travel_riesgo_disrupcion' retrieved from /opt/airflow/dags/dag_estimar_riesgo_disrupcion.py
[2026-07-09T00:35:53.315-0500] {logging_mixin.py:188} INFO - [2026-07-09T00:35:53.314-0500] {dag.py:3089} INFO - Sync 1 DAGs
[2026-07-09T00:35:53.329-0500] {logging_mixin.py:188} INFO - [2026-07-09T00:35:53.329-0500] {dag.py:3947} INFO - Setting next_dagrun for aerotrack_travel_riesgo_disrupcion to 2026-07-09 00:00:00+00:00, run_after=2026-07-10 00:00:00+00:00
[2026-07-09T00:35:53.343-0500] {processor.py:183} INFO - Processing /opt/airflow/dags/dag_estimar_riesgo_disrupcion.py took 0.613 seconds
[2026-07-09T00:36:23.894-0500] {processor.py:161} INFO - Started process (PID=6806) to work on /opt/airflow/dags/dag_estimar_riesgo_disrupcion.py
[2026-07-09T00:36:23.895-0500] {processor.py:830} INFO - Processing file /opt/airflow/dags/dag_estimar_riesgo_disrupcion.py for tasks to queue
[2026-07-09T00:36:23.896-0500] {logging_mixin.py:188} INFO - [2026-07-09T00:36:23.896-0500] {dagbag.py:545} INFO - Filling up the DagBag from /opt/airflow/dags/dag_estimar_riesgo_disrupcion.py
[2026-07-09T00:36:24.471-0500] {processor.py:840} INFO - DAG(s) 'aerotrack_travel_riesgo_disrupcion' retrieved from /opt/airflow/dags/dag_estimar_riesgo_disrupcion.py
[2026-07-09T00:36:24.499-0500] {logging_mixin.py:188} INFO - [2026-07-09T00:36:24.498-0500] {dag.py:3089} INFO - Sync 1 DAGs
[2026-07-09T00:36:24.516-0500] {logging_mixin.py:188} INFO - [2026-07-09T00:36:24.515-0500] {dag.py:3947} INFO - Setting next_dagrun for aerotrack_travel_riesgo_disrupcion to 2026-07-09 00:00:00+00:00, run_after=2026-07-10 00:00:00+00:00
[2026-07-09T00:36:24.530-0500] {processor.py:183} INFO - Processing /opt/airflow/dags/dag_estimar_riesgo_disrupcion.py took 0.641 seconds
[2026-07-09T00:36:55.021-0500] {processor.py:161} INFO - Started process (PID=6833) to work on /opt/airflow/dags/dag_estimar_riesgo_disrupcion.py
[2026-07-09T00:36:55.022-0500] {processor.py:830} INFO - Processing file /opt/airflow/dags/dag_estimar_riesgo_disrupcion.py for tasks to queue
[2026-07-09T00:36:55.023-0500] {logging_mixin.py:188} INFO - [2026-07-09T00:36:55.023-0500] {dagbag.py:545} INFO - Filling up the DagBag from /opt/airflow/dags/dag_estimar_riesgo_disrupcion.py
[2026-07-09T00:36:55.507-0500] {processor.py:840} INFO - DAG(s) 'aerotrack_travel_riesgo_disrupcion' retrieved from /opt/airflow/dags/dag_estimar_riesgo_disrupcion.py
[2026-07-09T00:36:55.536-0500] {logging_mixin.py:188} INFO - [2026-07-09T00:36:55.535-0500] {dag.py:3089} INFO - Sync 1 DAGs
[2026-07-09T00:36:55.549-0500] {logging_mixin.py:188} INFO - [2026-07-09T00:36:55.549-0500] {dag.py:3947} INFO - Setting next_dagrun for aerotrack_travel_riesgo_disrupcion to 2026-07-09 00:00:00+00:00, run_after=2026-07-10 00:00:00+00:00
[2026-07-09T00:36:55.562-0500] {processor.py:183} INFO - Processing /opt/airflow/dags/dag_estimar_riesgo_disrupcion.py took 0.546 seconds
[2026-07-09T00:37:26.081-0500] {processor.py:161} INFO - Started process (PID=6860) to work on /opt/airflow/dags/dag_estimar_riesgo_disrupcion.py
[2026-07-09T00:37:26.082-0500] {processor.py:830} INFO - Processing file /opt/airflow/dags/dag_estimar_riesgo_disrupcion.py for tasks to queue
[2026-07-09T00:37:26.084-0500] {logging_mixin.py:188} INFO - [2026-07-09T00:37:26.084-0500] {dagbag.py:545} INFO - Filling up the DagBag from /opt/airflow/dags/dag_estimar_riesgo_disrupcion.py
[2026-07-09T00:37:26.584-0500] {processor.py:840} INFO - DAG(s) 'aerotrack_travel_riesgo_disrupcion' retrieved from /opt/airflow/dags/dag_estimar_riesgo_disrupcion.py
[2026-07-09T00:37:26.606-0500] {logging_mixin.py:188} INFO - [2026-07-09T00:37:26.605-0500] {dag.py:3089} INFO - Sync 1 DAGs
[2026-07-09T00:37:26.619-0500] {logging_mixin.py:188} INFO - [2026-07-09T00:37:26.619-0500] {dag.py:3947} INFO - Setting next_dagrun for aerotrack_travel_riesgo_disrupcion to 2026-07-09 00:00:00+00:00, run_after=2026-07-10 00:00:00+00:00
[2026-07-09T00:37:26.631-0500] {processor.py:183} INFO - Processing /opt/airflow/dags/dag_estimar_riesgo_disrupcion.py took 0.554 seconds
[2026-07-09T00:37:57.051-0500] {processor.py:161} INFO - Started process (PID=6887) to work on /opt/airflow/dags/dag_estimar_riesgo_disrupcion.py
[2026-07-09T00:37:57.052-0500] {processor.py:830} INFO - Processing file /opt/airflow/dags/dag_estimar_riesgo_disrupcion.py for tasks to queue
[2026-07-09T00:37:57.054-0500] {logging_mixin.py:188} INFO - [2026-07-09T00:37:57.054-0500] {dagbag.py:545} INFO - Filling up the DagBag from /opt/airflow/dags/dag_estimar_riesgo_disrupcion.py
[2026-07-09T00:37:57.562-0500] {processor.py:840} INFO - DAG(s) 'aerotrack_travel_riesgo_disrupcion' retrieved from /opt/airflow/dags/dag_estimar_riesgo_disrupcion.py
[2026-07-09T00:37:57.583-0500] {logging_mixin.py:188} INFO - [2026-07-09T00:37:57.583-0500] {dag.py:3089} INFO - Sync 1 DAGs
[2026-07-09T00:37:57.595-0500] {logging_mixin.py:188} INFO - [2026-07-09T00:37:57.595-0500] {dag.py:3947} INFO - Setting next_dagrun for aerotrack_travel_riesgo_disrupcion to 2026-07-09 00:00:00+00:00, run_after=2026-07-10 00:00:00+00:00
[2026-07-09T00:37:57.607-0500] {processor.py:183} INFO - Processing /opt/airflow/dags/dag_estimar_riesgo_disrupcion.py took 0.561 seconds
[2026-07-09T00:38:27.902-0500] {processor.py:161} INFO - Started process (PID=6914) to work on /opt/airflow/dags/dag_estimar_riesgo_disrupcion.py
[2026-07-09T00:38:27.903-0500] {processor.py:830} INFO - Processing file /opt/airflow/dags/dag_estimar_riesgo_disrupcion.py for tasks to queue
[2026-07-09T00:38:27.905-0500] {logging_mixin.py:188} INFO - [2026-07-09T00:38:27.904-0500] {dagbag.py:545} INFO - Filling up the DagBag from /opt/airflow/dags/dag_estimar_riesgo_disrupcion.py
[2026-07-09T00:38:28.419-0500] {processor.py:840} INFO - DAG(s) 'aerotrack_travel_riesgo_disrupcion' retrieved from /opt/airflow/dags/dag_estimar_riesgo_disrupcion.py
[2026-07-09T00:38:28.446-0500] {logging_mixin.py:188} INFO - [2026-07-09T00:38:28.446-0500] {dag.py:3089} INFO - Sync 1 DAGs
[2026-07-09T00:38:28.462-0500] {logging_mixin.py:188} INFO - [2026-07-09T00:38:28.462-0500] {dag.py:3947} INFO - Setting next_dagrun for aerotrack_travel_riesgo_disrupcion to 2026-07-09 00:00:00+00:00, run_after=2026-07-10 00:00:00+00:00
[2026-07-09T00:38:28.476-0500] {processor.py:183} INFO - Processing /opt/airflow/dags/dag_estimar_riesgo_disrupcion.py took 0.578 seconds
[2026-07-09T00:38:58.778-0500] {processor.py:161} INFO - Started process (PID=6941) to work on /opt/airflow/dags/dag_estimar_riesgo_disrupcion.py
[2026-07-09T00:38:58.779-0500] {processor.py:830} INFO - Processing file /opt/airflow/dags/dag_estimar_riesgo_disrupcion.py for tasks to queue
[2026-07-09T00:38:58.780-0500] {logging_mixin.py:188} INFO - [2026-07-09T00:38:58.780-0500] {dagbag.py:545} INFO - Filling up the DagBag from /opt/airflow/dags/dag_estimar_riesgo_disrupcion.py
[2026-07-09T00:38:59.315-0500] {processor.py:840} INFO - DAG(s) 'aerotrack_travel_riesgo_disrupcion' retrieved from /opt/airflow/dags/dag_estimar_riesgo_disrupcion.py
[2026-07-09T00:38:59.341-0500] {logging_mixin.py:188} INFO - [2026-07-09T00:38:59.341-0500] {dag.py:3089} INFO - Sync 1 DAGs
[2026-07-09T00:38:59.355-0500] {logging_mixin.py:188} INFO - [2026-07-09T00:38:59.354-0500] {dag.py:3947} INFO - Setting next_dagrun for aerotrack_travel_riesgo_disrupcion to 2026-07-09 00:00:00+00:00, run_after=2026-07-10 00:00:00+00:00
[2026-07-09T00:38:59.371-0500] {processor.py:183} INFO - Processing /opt/airflow/dags/dag_estimar_riesgo_disrupcion.py took 0.598 seconds
[2026-07-09T00:39:29.651-0500] {processor.py:161} INFO - Started process (PID=6968) to work on /opt/airflow/dags/dag_estimar_riesgo_disrupcion.py
[2026-07-09T00:39:29.652-0500] {processor.py:830} INFO - Processing file /opt/airflow/dags/dag_estimar_riesgo_disrupcion.py for tasks to queue
[2026-07-09T00:39:29.653-0500] {logging_mixin.py:188} INFO - [2026-07-09T00:39:29.653-0500] {dagbag.py:545} INFO - Filling up the DagBag from /opt/airflow/dags/dag_estimar_riesgo_disrupcion.py
[2026-07-09T00:39:30.187-0500] {processor.py:840} INFO - DAG(s) 'aerotrack_travel_riesgo_disrupcion' retrieved from /opt/airflow/dags/dag_estimar_riesgo_disrupcion.py
[2026-07-09T00:39:30.211-0500] {logging_mixin.py:188} INFO - [2026-07-09T00:39:30.211-0500] {dag.py:3089} INFO - Sync 1 DAGs
[2026-07-09T00:39:30.225-0500] {logging_mixin.py:188} INFO - [2026-07-09T00:39:30.225-0500] {dag.py:3947} INFO - Setting next_dagrun for aerotrack_travel_riesgo_disrupcion to 2026-07-09 00:00:00+00:00, run_after=2026-07-10 00:00:00+00:00
[2026-07-09T00:39:30.241-0500] {processor.py:183} INFO - Processing /opt/airflow/dags/dag_estimar_riesgo_disrupcion.py took 0.594 seconds
[2026-07-09T00:40:00.567-0500] {processor.py:161} INFO - Started process (PID=6995) to work on /opt/airflow/dags/dag_estimar_riesgo_disrupcion.py
[2026-07-09T00:40:00.568-0500] {processor.py:830} INFO - Processing file /opt/airflow/dags/dag_estimar_riesgo_disrupcion.py for tasks to queue
[2026-07-09T00:40:00.570-0500] {logging_mixin.py:188} INFO - [2026-07-09T00:40:00.569-0500] {dagbag.py:545} INFO - Filling up the DagBag from /opt/airflow/dags/dag_estimar_riesgo_disrupcion.py
[2026-07-09T00:40:01.063-0500] {processor.py:840} INFO - DAG(s) 'aerotrack_travel_riesgo_disrupcion' retrieved from /opt/airflow/dags/dag_estimar_riesgo_disrupcion.py
[2026-07-09T00:40:01.086-0500] {logging_mixin.py:188} INFO - [2026-07-09T00:40:01.086-0500] {dag.py:3089} INFO - Sync 1 DAGs
[2026-07-09T00:40:01.099-0500] {logging_mixin.py:188} INFO - [2026-07-09T00:40:01.099-0500] {dag.py:3947} INFO - Setting next_dagrun for aerotrack_travel_riesgo_disrupcion to 2026-07-09 00:00:00+00:00, run_after=2026-07-10 00:00:00+00:00
[2026-07-09T00:40:01.114-0500] {processor.py:183} INFO - Processing /opt/airflow/dags/dag_estimar_riesgo_disrupcion.py took 0.551 seconds
[2026-07-09T00:40:31.505-0500] {processor.py:161} INFO - Started process (PID=7022) to work on /opt/airflow/dags/dag_estimar_riesgo_disrupcion.py
[2026-07-09T00:40:31.506-0500] {processor.py:830} INFO - Processing file /opt/airflow/dags/dag_estimar_riesgo_disrupcion.py for tasks to queue
[2026-07-09T00:40:31.508-0500] {logging_mixin.py:188} INFO - [2026-07-09T00:40:31.507-0500] {dagbag.py:545} INFO - Filling up the DagBag from /opt/airflow/dags/dag_estimar_riesgo_disrupcion.py
[2026-07-09T00:40:31.872-0500] {processor.py:840} INFO - DAG(s) 'aerotrack_travel_riesgo_disrupcion' retrieved from /opt/airflow/dags/dag_estimar_riesgo_disrupcion.py
[2026-07-09T00:40:31.898-0500] {logging_mixin.py:188} INFO - [2026-07-09T00:40:31.898-0500] {dag.py:3089} INFO - Sync 1 DAGs
[2026-07-09T00:40:31.915-0500] {logging_mixin.py:188} INFO - [2026-07-09T00:40:31.914-0500] {dag.py:3947} INFO - Setting next_dagrun for aerotrack_travel_riesgo_disrupcion to 2026-07-09 00:00:00+00:00, run_after=2026-07-10 00:00:00+00:00
[2026-07-09T00:40:31.931-0500] {processor.py:183} INFO - Processing /opt/airflow/dags/dag_estimar_riesgo_disrupcion.py took 0.431 seconds
[2026-07-09T00:41:02.271-0500] {processor.py:161} INFO - Started process (PID=7049) to work on /opt/airflow/dags/dag_estimar_riesgo_disrupcion.py
[2026-07-09T00:41:02.272-0500] {processor.py:830} INFO - Processing file /opt/airflow/dags/dag_estimar_riesgo_disrupcion.py for tasks to queue
[2026-07-09T00:41:02.274-0500] {logging_mixin.py:188} INFO - [2026-07-09T00:41:02.273-0500] {dagbag.py:545} INFO - Filling up the DagBag from /opt/airflow/dags/dag_estimar_riesgo_disrupcion.py
[2026-07-09T00:41:02.639-0500] {processor.py:840} INFO - DAG(s) 'aerotrack_travel_riesgo_disrupcion' retrieved from /opt/airflow/dags/dag_estimar_riesgo_disrupcion.py
[2026-07-09T00:41:02.672-0500] {logging_mixin.py:188} INFO - [2026-07-09T00:41:02.672-0500] {dag.py:3089} INFO - Sync 1 DAGs
[2026-07-09T00:41:02.689-0500] {logging_mixin.py:188} INFO - [2026-07-09T00:41:02.689-0500] {dag.py:3947} INFO - Setting next_dagrun for aerotrack_travel_riesgo_disrupcion to 2026-07-09 00:00:00+00:00, run_after=2026-07-10 00:00:00+00:00
[2026-07-09T00:41:02.707-0500] {processor.py:183} INFO - Processing /opt/airflow/dags/dag_estimar_riesgo_disrupcion.py took 0.440 seconds
[2026-07-09T00:41:33.108-0500] {processor.py:161} INFO - Started process (PID=7076) to work on /opt/airflow/dags/dag_estimar_riesgo_disrupcion.py
[2026-07-09T00:41:33.109-0500] {processor.py:830} INFO - Processing file /opt/airflow/dags/dag_estimar_riesgo_disrupcion.py for tasks to queue
[2026-07-09T00:41:33.111-0500] {logging_mixin.py:188} INFO - [2026-07-09T00:41:33.110-0500] {dagbag.py:545} INFO - Filling up the DagBag from /opt/airflow/dags/dag_estimar_riesgo_disrupcion.py
[2026-07-09T00:41:33.528-0500] {processor.py:840} INFO - DAG(s) 'aerotrack_travel_riesgo_disrupcion' retrieved from /opt/airflow/dags/dag_estimar_riesgo_disrupcion.py
[2026-07-09T00:41:33.562-0500] {logging_mixin.py:188} INFO - [2026-07-09T00:41:33.562-0500] {dag.py:3089} INFO - Sync 1 DAGs
[2026-07-09T00:41:33.580-0500] {logging_mixin.py:188} INFO - [2026-07-09T00:41:33.580-0500] {dag.py:3947} INFO - Setting next_dagrun for aerotrack_travel_riesgo_disrupcion to 2026-07-09 00:00:00+00:00, run_after=2026-07-10 00:00:00+00:00
[2026-07-09T00:41:33.602-0500] {processor.py:183} INFO - Processing /opt/airflow/dags/dag_estimar_riesgo_disrupcion.py took 0.500 seconds
[2026-07-09T00:42:03.902-0500] {processor.py:161} INFO - Started process (PID=7103) to work on /opt/airflow/dags/dag_estimar_riesgo_disrupcion.py
[2026-07-09T00:42:03.902-0500] {processor.py:830} INFO - Processing file /opt/airflow/dags/dag_estimar_riesgo_disrupcion.py for tasks to queue
[2026-07-09T00:42:03.904-0500] {logging_mixin.py:188} INFO - [2026-07-09T00:42:03.904-0500] {dagbag.py:545} INFO - Filling up the DagBag from /opt/airflow/dags/dag_estimar_riesgo_disrupcion.py
[2026-07-09T00:42:04.305-0500] {processor.py:840} INFO - DAG(s) 'aerotrack_travel_riesgo_disrupcion' retrieved from /opt/airflow/dags/dag_estimar_riesgo_disrupcion.py
[2026-07-09T00:42:04.336-0500] {logging_mixin.py:188} INFO - [2026-07-09T00:42:04.335-0500] {dag.py:3089} INFO - Sync 1 DAGs
[2026-07-09T00:42:04.355-0500] {logging_mixin.py:188} INFO - [2026-07-09T00:42:04.355-0500] {dag.py:3947} INFO - Setting next_dagrun for aerotrack_travel_riesgo_disrupcion to 2026-07-09 00:00:00+00:00, run_after=2026-07-10 00:00:00+00:00
[2026-07-09T00:42:04.370-0500] {processor.py:183} INFO - Processing /opt/airflow/dags/dag_estimar_riesgo_disrupcion.py took 0.473 seconds
[2026-07-09T00:42:34.778-0500] {processor.py:161} INFO - Started process (PID=7130) to work on /opt/airflow/dags/dag_estimar_riesgo_disrupcion.py
[2026-07-09T00:42:34.779-0500] {processor.py:830} INFO - Processing file /opt/airflow/dags/dag_estimar_riesgo_disrupcion.py for tasks to queue
[2026-07-09T00:42:34.781-0500] {logging_mixin.py:188} INFO - [2026-07-09T00:42:34.780-0500] {dagbag.py:545} INFO - Filling up the DagBag from /opt/airflow/dags/dag_estimar_riesgo_disrupcion.py
[2026-07-09T00:42:35.176-0500] {processor.py:840} INFO - DAG(s) 'aerotrack_travel_riesgo_disrupcion' retrieved from /opt/airflow/dags/dag_estimar_riesgo_disrupcion.py
[2026-07-09T00:42:35.211-0500] {logging_mixin.py:188} INFO - [2026-07-09T00:42:35.210-0500] {dag.py:3089} INFO - Sync 1 DAGs
[2026-07-09T00:42:35.227-0500] {logging_mixin.py:188} INFO - [2026-07-09T00:42:35.227-0500] {dag.py:3947} INFO - Setting next_dagrun for aerotrack_travel_riesgo_disrupcion to 2026-07-09 00:00:00+00:00, run_after=2026-07-10 00:00:00+00:00
[2026-07-09T00:42:35.243-0500] {processor.py:183} INFO - Processing /opt/airflow/dags/dag_estimar_riesgo_disrupcion.py took 0.469 seconds
[2026-07-09T00:43:05.548-0500] {processor.py:161} INFO - Started process (PID=7157) to work on /opt/airflow/dags/dag_estimar_riesgo_disrupcion.py
[2026-07-09T00:43:05.549-0500] {processor.py:830} INFO - Processing file /opt/airflow/dags/dag_estimar_riesgo_disrupcion.py for tasks to queue
[2026-07-09T00:43:05.551-0500] {logging_mixin.py:188} INFO - [2026-07-09T00:43:05.550-0500] {dagbag.py:545} INFO - Filling up the DagBag from /opt/airflow/dags/dag_estimar_riesgo_disrupcion.py
[2026-07-09T00:43:05.949-0500] {processor.py:840} INFO - DAG(s) 'aerotrack_travel_riesgo_disrupcion' retrieved from /opt/airflow/dags/dag_estimar_riesgo_disrupcion.py
[2026-07-09T00:43:05.981-0500] {logging_mixin.py:188} INFO - [2026-07-09T00:43:05.981-0500] {dag.py:3089} INFO - Sync 1 DAGs
[2026-07-09T00:43:06.003-0500] {logging_mixin.py:188} INFO - [2026-07-09T00:43:06.003-0500] {dag.py:3947} INFO - Setting next_dagrun for aerotrack_travel_riesgo_disrupcion to 2026-07-09 00:00:00+00:00, run_after=2026-07-10 00:00:00+00:00
[2026-07-09T00:43:06.017-0500] {processor.py:183} INFO - Processing /opt/airflow/dags/dag_estimar_riesgo_disrupcion.py took 0.473 seconds
[2026-07-09T00:43:36.326-0500] {processor.py:161} INFO - Started process (PID=7184) to work on /opt/airflow/dags/dag_estimar_riesgo_disrupcion.py
[2026-07-09T00:43:36.327-0500] {processor.py:830} INFO - Processing file /opt/airflow/dags/dag_estimar_riesgo_disrupcion.py for tasks to queue
[2026-07-09T00:43:36.328-0500] {logging_mixin.py:188} INFO - [2026-07-09T00:43:36.328-0500] {dagbag.py:545} INFO - Filling up the DagBag from /opt/airflow/dags/dag_estimar_riesgo_disrupcion.py
[2026-07-09T00:43:36.728-0500] {processor.py:840} INFO - DAG(s) 'aerotrack_travel_riesgo_disrupcion' retrieved from /opt/airflow/dags/dag_estimar_riesgo_disrupcion.py
[2026-07-09T00:43:36.762-0500] {logging_mixin.py:188} INFO - [2026-07-09T00:43:36.762-0500] {dag.py:3089} INFO - Sync 1 DAGs
[2026-07-09T00:43:36.778-0500] {logging_mixin.py:188} INFO - [2026-07-09T00:43:36.778-0500] {dag.py:3947} INFO - Setting next_dagrun for aerotrack_travel_riesgo_disrupcion to 2026-07-09 00:00:00+00:00, run_after=2026-07-10 00:00:00+00:00
[2026-07-09T00:43:36.793-0500] {processor.py:183} INFO - Processing /opt/airflow/dags/dag_estimar_riesgo_disrupcion.py took 0.472 seconds
[2026-07-09T00:44:07.141-0500] {processor.py:161} INFO - Started process (PID=7211) to work on /opt/airflow/dags/dag_estimar_riesgo_disrupcion.py
[2026-07-09T00:44:07.142-0500] {processor.py:830} INFO - Processing file /opt/airflow/dags/dag_estimar_riesgo_disrupcion.py for tasks to queue
[2026-07-09T00:44:07.144-0500] {logging_mixin.py:188} INFO - [2026-07-09T00:44:07.144-0500] {dagbag.py:545} INFO - Filling up the DagBag from /opt/airflow/dags/dag_estimar_riesgo_disrupcion.py
[2026-07-09T00:44:07.587-0500] {processor.py:840} INFO - DAG(s) 'aerotrack_travel_riesgo_disrupcion' retrieved from /opt/airflow/dags/dag_estimar_riesgo_disrupcion.py
[2026-07-09T00:44:07.619-0500] {logging_mixin.py:188} INFO - [2026-07-09T00:44:07.619-0500] {dag.py:3089} INFO - Sync 1 DAGs
[2026-07-09T00:44:07.636-0500] {logging_mixin.py:188} INFO - [2026-07-09T00:44:07.636-0500] {dag.py:3947} INFO - Setting next_dagrun for aerotrack_travel_riesgo_disrupcion to 2026-07-09 00:00:00+00:00, run_after=2026-07-10 00:00:00+00:00
[2026-07-09T00:44:07.651-0500] {processor.py:183} INFO - Processing /opt/airflow/dags/dag_estimar_riesgo_disrupcion.py took 0.514 seconds
[2026-07-09T00:44:37.994-0500] {processor.py:161} INFO - Started process (PID=7238) to work on /opt/airflow/dags/dag_estimar_riesgo_disrupcion.py
[2026-07-09T00:44:37.995-0500] {processor.py:830} INFO - Processing file /opt/airflow/dags/dag_estimar_riesgo_disrupcion.py for tasks to queue
[2026-07-09T00:44:37.997-0500] {logging_mixin.py:188} INFO - [2026-07-09T00:44:37.997-0500] {dagbag.py:545} INFO - Filling up the DagBag from /opt/airflow/dags/dag_estimar_riesgo_disrupcion.py
[2026-07-09T00:44:38.459-0500] {processor.py:840} INFO - DAG(s) 'aerotrack_travel_riesgo_disrupcion' retrieved from /opt/airflow/dags/dag_estimar_riesgo_disrupcion.py
[2026-07-09T00:44:38.491-0500] {logging_mixin.py:188} INFO - [2026-07-09T00:44:38.490-0500] {dag.py:3089} INFO - Sync 1 DAGs
[2026-07-09T00:44:38.508-0500] {logging_mixin.py:188} INFO - [2026-07-09T00:44:38.508-0500] {dag.py:3947} INFO - Setting next_dagrun for aerotrack_travel_riesgo_disrupcion to 2026-07-09 00:00:00+00:00, run_after=2026-07-10 00:00:00+00:00
[2026-07-09T00:44:38.524-0500] {processor.py:183} INFO - Processing /opt/airflow/dags/dag_estimar_riesgo_disrupcion.py took 0.534 seconds
[2026-07-09T00:45:08.811-0500] {processor.py:161} INFO - Started process (PID=7265) to work on /opt/airflow/dags/dag_estimar_riesgo_disrupcion.py
[2026-07-09T00:45:08.812-0500] {processor.py:830} INFO - Processing file /opt/airflow/dags/dag_estimar_riesgo_disrupcion.py for tasks to queue
[2026-07-09T00:45:08.814-0500] {logging_mixin.py:188} INFO - [2026-07-09T00:45:08.813-0500] {dagbag.py:545} INFO - Filling up the DagBag from /opt/airflow/dags/dag_estimar_riesgo_disrupcion.py
[2026-07-09T00:45:09.236-0500] {processor.py:840} INFO - DAG(s) 'aerotrack_travel_riesgo_disrupcion' retrieved from /opt/airflow/dags/dag_estimar_riesgo_disrupcion.py
[2026-07-09T00:45:09.264-0500] {logging_mixin.py:188} INFO - [2026-07-09T00:45:09.263-0500] {dag.py:3089} INFO - Sync 1 DAGs
[2026-07-09T00:45:09.282-0500] {logging_mixin.py:188} INFO - [2026-07-09T00:45:09.281-0500] {dag.py:3947} INFO - Setting next_dagrun for aerotrack_travel_riesgo_disrupcion to 2026-07-09 00:00:00+00:00, run_after=2026-07-10 00:00:00+00:00
[2026-07-09T00:45:09.296-0500] {processor.py:183} INFO - Processing /opt/airflow/dags/dag_estimar_riesgo_disrupcion.py took 0.490 seconds
[2026-07-09T00:45:39.730-0500] {processor.py:161} INFO - Started process (PID=7292) to work on /opt/airflow/dags/dag_estimar_riesgo_disrupcion.py
[2026-07-09T00:45:39.731-0500] {processor.py:830} INFO - Processing file /opt/airflow/dags/dag_estimar_riesgo_disrupcion.py for tasks to queue
[2026-07-09T00:45:39.733-0500] {logging_mixin.py:188} INFO - [2026-07-09T00:45:39.733-0500] {dagbag.py:545} INFO - Filling up the DagBag from /opt/airflow/dags/dag_estimar_riesgo_disrupcion.py
[2026-07-09T00:45:40.158-0500] {processor.py:840} INFO - DAG(s) 'aerotrack_travel_riesgo_disrupcion' retrieved from /opt/airflow/dags/dag_estimar_riesgo_disrupcion.py
[2026-07-09T00:45:40.188-0500] {logging_mixin.py:188} INFO - [2026-07-09T00:45:40.188-0500] {dag.py:3089} INFO - Sync 1 DAGs
[2026-07-09T00:45:40.206-0500] {logging_mixin.py:188} INFO - [2026-07-09T00:45:40.206-0500] {dag.py:3947} INFO - Setting next_dagrun for aerotrack_travel_riesgo_disrupcion to 2026-07-09 00:00:00+00:00, run_after=2026-07-10 00:00:00+00:00
[2026-07-09T00:45:40.222-0500] {processor.py:183} INFO - Processing /opt/airflow/dags/dag_estimar_riesgo_disrupcion.py took 0.496 seconds
[2026-07-09T00:46:10.519-0500] {processor.py:161} INFO - Started process (PID=7319) to work on /opt/airflow/dags/dag_estimar_riesgo_disrupcion.py
[2026-07-09T00:46:10.520-0500] {processor.py:830} INFO - Processing file /opt/airflow/dags/dag_estimar_riesgo_disrupcion.py for tasks to queue
[2026-07-09T00:46:10.521-0500] {logging_mixin.py:188} INFO - [2026-07-09T00:46:10.521-0500] {dagbag.py:545} INFO - Filling up the DagBag from /opt/airflow/dags/dag_estimar_riesgo_disrupcion.py
[2026-07-09T00:46:10.900-0500] {processor.py:840} INFO - DAG(s) 'aerotrack_travel_riesgo_disrupcion' retrieved from /opt/airflow/dags/dag_estimar_riesgo_disrupcion.py
[2026-07-09T00:46:10.926-0500] {logging_mixin.py:188} INFO - [2026-07-09T00:46:10.926-0500] {dag.py:3089} INFO - Sync 1 DAGs
[2026-07-09T00:46:10.945-0500] {logging_mixin.py:188} INFO - [2026-07-09T00:46:10.945-0500] {dag.py:3947} INFO - Setting next_dagrun for aerotrack_travel_riesgo_disrupcion to 2026-07-09 00:00:00+00:00, run_after=2026-07-10 00:00:00+00:00
[2026-07-09T00:46:10.960-0500] {processor.py:183} INFO - Processing /opt/airflow/dags/dag_estimar_riesgo_disrupcion.py took 0.446 seconds
[2026-07-09T00:46:41.445-0500] {processor.py:161} INFO - Started process (PID=7346) to work on /opt/airflow/dags/dag_estimar_riesgo_disrupcion.py
[2026-07-09T00:46:41.446-0500] {processor.py:830} INFO - Processing file /opt/airflow/dags/dag_estimar_riesgo_disrupcion.py for tasks to queue
[2026-07-09T00:46:41.448-0500] {logging_mixin.py:188} INFO - [2026-07-09T00:46:41.448-0500] {dagbag.py:545} INFO - Filling up the DagBag from /opt/airflow/dags/dag_estimar_riesgo_disrupcion.py
[2026-07-09T00:46:41.888-0500] {processor.py:840} INFO - DAG(s) 'aerotrack_travel_riesgo_disrupcion' retrieved from /opt/airflow/dags/dag_estimar_riesgo_disrupcion.py
[2026-07-09T00:46:41.921-0500] {logging_mixin.py:188} INFO - [2026-07-09T00:46:41.920-0500] {dag.py:3089} INFO - Sync 1 DAGs
[2026-07-09T00:46:41.940-0500] {logging_mixin.py:188} INFO - [2026-07-09T00:46:41.939-0500] {dag.py:3947} INFO - Setting next_dagrun for aerotrack_travel_riesgo_disrupcion to 2026-07-09 00:00:00+00:00, run_after=2026-07-10 00:00:00+00:00
[2026-07-09T00:46:41.955-0500] {processor.py:183} INFO - Processing /opt/airflow/dags/dag_estimar_riesgo_disrupcion.py took 0.514 seconds
[2026-07-09T00:47:12.249-0500] {processor.py:161} INFO - Started process (PID=7373) to work on /opt/airflow/dags/dag_estimar_riesgo_disrupcion.py
[2026-07-09T00:47:12.250-0500] {processor.py:830} INFO - Processing file /opt/airflow/dags/dag_estimar_riesgo_disrupcion.py for tasks to queue
[2026-07-09T00:47:12.252-0500] {logging_mixin.py:188} INFO - [2026-07-09T00:47:12.251-0500] {dagbag.py:545} INFO - Filling up the DagBag from /opt/airflow/dags/dag_estimar_riesgo_disrupcion.py
[2026-07-09T00:47:12.634-0500] {processor.py:840} INFO - DAG(s) 'aerotrack_travel_riesgo_disrupcion' retrieved from /opt/airflow/dags/dag_estimar_riesgo_disrupcion.py
[2026-07-09T00:47:12.663-0500] {logging_mixin.py:188} INFO - [2026-07-09T00:47:12.662-0500] {dag.py:3089} INFO - Sync 1 DAGs
[2026-07-09T00:47:12.681-0500] {logging_mixin.py:188} INFO - [2026-07-09T00:47:12.681-0500] {dag.py:3947} INFO - Setting next_dagrun for aerotrack_travel_riesgo_disrupcion to 2026-07-09 00:00:00+00:00, run_after=2026-07-10 00:00:00+00:00
[2026-07-09T00:47:12.695-0500] {processor.py:183} INFO - Processing /opt/airflow/dags/dag_estimar_riesgo_disrupcion.py took 0.451 seconds
[2026-07-09T00:47:43.054-0500] {processor.py:161} INFO - Started process (PID=7400) to work on /opt/airflow/dags/dag_estimar_riesgo_disrupcion.py
[2026-07-09T00:47:43.055-0500] {processor.py:830} INFO - Processing file /opt/airflow/dags/dag_estimar_riesgo_disrupcion.py for tasks to queue
[2026-07-09T00:47:43.056-0500] {logging_mixin.py:188} INFO - [2026-07-09T00:47:43.056-0500] {dagbag.py:545} INFO - Filling up the DagBag from /opt/airflow/dags/dag_estimar_riesgo_disrupcion.py
[2026-07-09T00:47:43.512-0500] {processor.py:840} INFO - DAG(s) 'aerotrack_travel_riesgo_disrupcion' retrieved from /opt/airflow/dags/dag_estimar_riesgo_disrupcion.py
[2026-07-09T00:47:43.539-0500] {logging_mixin.py:188} INFO - [2026-07-09T00:47:43.539-0500] {dag.py:3089} INFO - Sync 1 DAGs
[2026-07-09T00:47:43.556-0500] {logging_mixin.py:188} INFO - [2026-07-09T00:47:43.556-0500] {dag.py:3947} INFO - Setting next_dagrun for aerotrack_travel_riesgo_disrupcion to 2026-07-09 00:00:00+00:00, run_after=2026-07-10 00:00:00+00:00
[2026-07-09T00:47:43.570-0500] {processor.py:183} INFO - Processing /opt/airflow/dags/dag_estimar_riesgo_disrupcion.py took 0.521 seconds
[2026-07-09T00:48:14.053-0500] {processor.py:161} INFO - Started process (PID=7427) to work on /opt/airflow/dags/dag_estimar_riesgo_disrupcion.py
[2026-07-09T00:48:14.054-0500] {processor.py:830} INFO - Processing file /opt/airflow/dags/dag_estimar_riesgo_disrupcion.py for tasks to queue
[2026-07-09T00:48:14.056-0500] {logging_mixin.py:188} INFO - [2026-07-09T00:48:14.055-0500] {dagbag.py:545} INFO - Filling up the DagBag from /opt/airflow/dags/dag_estimar_riesgo_disrupcion.py
[2026-07-09T00:48:14.522-0500] {processor.py:840} INFO - DAG(s) 'aerotrack_travel_riesgo_disrupcion' retrieved from /opt/airflow/dags/dag_estimar_riesgo_disrupcion.py
[2026-07-09T00:48:14.550-0500] {logging_mixin.py:188} INFO - [2026-07-09T00:48:14.550-0500] {dag.py:3089} INFO - Sync 1 DAGs
[2026-07-09T00:48:14.568-0500] {logging_mixin.py:188} INFO - [2026-07-09T00:48:14.568-0500] {dag.py:3947} INFO - Setting next_dagrun for aerotrack_travel_riesgo_disrupcion to 2026-07-09 00:00:00+00:00, run_after=2026-07-10 00:00:00+00:00
[2026-07-09T00:48:14.585-0500] {processor.py:183} INFO - Processing /opt/airflow/dags/dag_estimar_riesgo_disrupcion.py took 0.536 seconds
[2026-07-09T00:48:44.880-0500] {processor.py:161} INFO - Started process (PID=7454) to work on /opt/airflow/dags/dag_estimar_riesgo_disrupcion.py
[2026-07-09T00:48:44.881-0500] {processor.py:830} INFO - Processing file /opt/airflow/dags/dag_estimar_riesgo_disrupcion.py for tasks to queue
[2026-07-09T00:48:44.882-0500] {logging_mixin.py:188} INFO - [2026-07-09T00:48:44.882-0500] {dagbag.py:545} INFO - Filling up the DagBag from /opt/airflow/dags/dag_estimar_riesgo_disrupcion.py
[2026-07-09T00:48:45.291-0500] {processor.py:840} INFO - DAG(s) 'aerotrack_travel_riesgo_disrupcion' retrieved from /opt/airflow/dags/dag_estimar_riesgo_disrupcion.py
[2026-07-09T00:48:45.321-0500] {logging_mixin.py:188} INFO - [2026-07-09T00:48:45.321-0500] {dag.py:3089} INFO - Sync 1 DAGs
[2026-07-09T00:48:45.339-0500] {logging_mixin.py:188} INFO - [2026-07-09T00:48:45.339-0500] {dag.py:3947} INFO - Setting next_dagrun for aerotrack_travel_riesgo_disrupcion to 2026-07-09 00:00:00+00:00, run_after=2026-07-10 00:00:00+00:00
[2026-07-09T00:48:45.354-0500] {processor.py:183} INFO - Processing /opt/airflow/dags/dag_estimar_riesgo_disrupcion.py took 0.480 seconds
[2026-07-09T00:49:15.739-0500] {processor.py:161} INFO - Started process (PID=7481) to work on /opt/airflow/dags/dag_estimar_riesgo_disrupcion.py
[2026-07-09T00:49:15.740-0500] {processor.py:830} INFO - Processing file /opt/airflow/dags/dag_estimar_riesgo_disrupcion.py for tasks to queue
[2026-07-09T00:49:15.741-0500] {logging_mixin.py:188} INFO - [2026-07-09T00:49:15.741-0500] {dagbag.py:545} INFO - Filling up the DagBag from /opt/airflow/dags/dag_estimar_riesgo_disrupcion.py
[2026-07-09T00:49:16.131-0500] {processor.py:840} INFO - DAG(s) 'aerotrack_travel_riesgo_disrupcion' retrieved from /opt/airflow/dags/dag_estimar_riesgo_disrupcion.py
[2026-07-09T00:49:16.158-0500] {logging_mixin.py:188} INFO - [2026-07-09T00:49:16.158-0500] {dag.py:3089} INFO - Sync 1 DAGs
[2026-07-09T00:49:16.175-0500] {logging_mixin.py:188} INFO - [2026-07-09T00:49:16.174-0500] {dag.py:3947} INFO - Setting next_dagrun for aerotrack_travel_riesgo_disrupcion to 2026-07-09 00:00:00+00:00, run_after=2026-07-10 00:00:00+00:00
[2026-07-09T00:49:16.189-0500] {processor.py:183} INFO - Processing /opt/airflow/dags/dag_estimar_riesgo_disrupcion.py took 0.456 seconds
[2026-07-09T00:49:46.591-0500] {processor.py:161} INFO - Started process (PID=7508) to work on /opt/airflow/dags/dag_estimar_riesgo_disrupcion.py
[2026-07-09T00:49:46.592-0500] {processor.py:830} INFO - Processing file /opt/airflow/dags/dag_estimar_riesgo_disrupcion.py for tasks to queue
[2026-07-09T00:49:46.594-0500] {logging_mixin.py:188} INFO - [2026-07-09T00:49:46.594-0500] {dagbag.py:545} INFO - Filling up the DagBag from /opt/airflow/dags/dag_estimar_riesgo_disrupcion.py
[2026-07-09T00:49:47.006-0500] {processor.py:840} INFO - DAG(s) 'aerotrack_travel_riesgo_disrupcion' retrieved from /opt/airflow/dags/dag_estimar_riesgo_disrupcion.py
[2026-07-09T00:49:47.038-0500] {logging_mixin.py:188} INFO - [2026-07-09T00:49:47.038-0500] {dag.py:3089} INFO - Sync 1 DAGs
[2026-07-09T00:49:47.055-0500] {logging_mixin.py:188} INFO - [2026-07-09T00:49:47.055-0500] {dag.py:3947} INFO - Setting next_dagrun for aerotrack_travel_riesgo_disrupcion to 2026-07-09 00:00:00+00:00, run_after=2026-07-10 00:00:00+00:00
[2026-07-09T00:49:47.071-0500] {processor.py:183} INFO - Processing /opt/airflow/dags/dag_estimar_riesgo_disrupcion.py took 0.486 seconds
[2026-07-09T00:50:17.380-0500] {processor.py:161} INFO - Started process (PID=7535) to work on /opt/airflow/dags/dag_estimar_riesgo_disrupcion.py
[2026-07-09T00:50:17.381-0500] {processor.py:830} INFO - Processing file /opt/airflow/dags/dag_estimar_riesgo_disrupcion.py for tasks to queue
[2026-07-09T00:50:17.384-0500] {logging_mixin.py:188} INFO - [2026-07-09T00:50:17.384-0500] {dagbag.py:545} INFO - Filling up the DagBag from /opt/airflow/dags/dag_estimar_riesgo_disrupcion.py
[2026-07-09T00:50:17.807-0500] {processor.py:840} INFO - DAG(s) 'aerotrack_travel_riesgo_disrupcion' retrieved from /opt/airflow/dags/dag_estimar_riesgo_disrupcion.py
[2026-07-09T00:50:17.838-0500] {logging_mixin.py:188} INFO - [2026-07-09T00:50:17.838-0500] {dag.py:3089} INFO - Sync 1 DAGs
[2026-07-09T00:50:17.856-0500] {logging_mixin.py:188} INFO - [2026-07-09T00:50:17.856-0500] {dag.py:3947} INFO - Setting next_dagrun for aerotrack_travel_riesgo_disrupcion to 2026-07-09 00:00:00+00:00, run_after=2026-07-10 00:00:00+00:00
[2026-07-09T00:50:17.872-0500] {processor.py:183} INFO - Processing /opt/airflow/dags/dag_estimar_riesgo_disrupcion.py took 0.497 seconds
[2026-07-09T00:50:48.200-0500] {processor.py:161} INFO - Started process (PID=7562) to work on /opt/airflow/dags/dag_estimar_riesgo_disrupcion.py
[2026-07-09T00:50:48.201-0500] {processor.py:830} INFO - Processing file /opt/airflow/dags/dag_estimar_riesgo_disrupcion.py for tasks to queue
[2026-07-09T00:50:48.203-0500] {logging_mixin.py:188} INFO - [2026-07-09T00:50:48.202-0500] {dagbag.py:545} INFO - Filling up the DagBag from /opt/airflow/dags/dag_estimar_riesgo_disrupcion.py
[2026-07-09T00:50:48.593-0500] {processor.py:840} INFO - DAG(s) 'aerotrack_travel_riesgo_disrupcion' retrieved from /opt/airflow/dags/dag_estimar_riesgo_disrupcion.py
[2026-07-09T00:50:48.623-0500] {logging_mixin.py:188} INFO - [2026-07-09T00:50:48.623-0500] {dag.py:3089} INFO - Sync 1 DAGs
[2026-07-09T00:50:48.642-0500] {logging_mixin.py:188} INFO - [2026-07-09T00:50:48.642-0500] {dag.py:3947} INFO - Setting next_dagrun for aerotrack_travel_riesgo_disrupcion to 2026-07-09 00:00:00+00:00, run_after=2026-07-10 00:00:00+00:00
[2026-07-09T00:50:48.656-0500] {processor.py:183} INFO - Processing /opt/airflow/dags/dag_estimar_riesgo_disrupcion.py took 0.460 seconds
[2026-07-09T00:51:19.267-0500] {processor.py:161} INFO - Started process (PID=7589) to work on /opt/airflow/dags/dag_estimar_riesgo_disrupcion.py
[2026-07-09T00:51:19.268-0500] {processor.py:830} INFO - Processing file /opt/airflow/dags/dag_estimar_riesgo_disrupcion.py for tasks to queue
[2026-07-09T00:51:19.270-0500] {logging_mixin.py:188} INFO - [2026-07-09T00:51:19.270-0500] {dagbag.py:545} INFO - Filling up the DagBag from /opt/airflow/dags/dag_estimar_riesgo_disrupcion.py
[2026-07-09T00:51:19.678-0500] {processor.py:840} INFO - DAG(s) 'aerotrack_travel_riesgo_disrupcion' retrieved from /opt/airflow/dags/dag_estimar_riesgo_disrupcion.py
[2026-07-09T00:51:19.706-0500] {logging_mixin.py:188} INFO - [2026-07-09T00:51:19.706-0500] {dag.py:3089} INFO - Sync 1 DAGs
[2026-07-09T00:51:19.724-0500] {logging_mixin.py:188} INFO - [2026-07-09T00:51:19.724-0500] {dag.py:3947} INFO - Setting next_dagrun for aerotrack_travel_riesgo_disrupcion to 2026-07-09 00:00:00+00:00, run_after=2026-07-10 00:00:00+00:00
[2026-07-09T00:51:19.745-0500] {processor.py:183} INFO - Processing /opt/airflow/dags/dag_estimar_riesgo_disrupcion.py took 0.483 seconds
[2026-07-09T00:51:50.061-0500] {processor.py:161} INFO - Started process (PID=7616) to work on /opt/airflow/dags/dag_estimar_riesgo_disrupcion.py
[2026-07-09T00:51:50.062-0500] {processor.py:830} INFO - Processing file /opt/airflow/dags/dag_estimar_riesgo_disrupcion.py for tasks to queue
[2026-07-09T00:51:50.064-0500] {logging_mixin.py:188} INFO - [2026-07-09T00:51:50.063-0500] {dagbag.py:545} INFO - Filling up the DagBag from /opt/airflow/dags/dag_estimar_riesgo_disrupcion.py
[2026-07-09T00:51:50.462-0500] {processor.py:840} INFO - DAG(s) 'aerotrack_travel_riesgo_disrupcion' retrieved from /opt/airflow/dags/dag_estimar_riesgo_disrupcion.py
[2026-07-09T00:51:50.493-0500] {logging_mixin.py:188} INFO - [2026-07-09T00:51:50.492-0500] {dag.py:3089} INFO - Sync 1 DAGs
[2026-07-09T00:51:50.510-0500] {logging_mixin.py:188} INFO - [2026-07-09T00:51:50.509-0500] {dag.py:3947} INFO - Setting next_dagrun for aerotrack_travel_riesgo_disrupcion to 2026-07-09 00:00:00+00:00, run_after=2026-07-10 00:00:00+00:00
[2026-07-09T00:51:50.524-0500] {processor.py:183} INFO - Processing /opt/airflow/dags/dag_estimar_riesgo_disrupcion.py took 0.467 seconds
[2026-07-09T00:52:20.987-0500] {processor.py:161} INFO - Started process (PID=7643) to work on /opt/airflow/dags/dag_estimar_riesgo_disrupcion.py
[2026-07-09T00:52:20.987-0500] {processor.py:830} INFO - Processing file /opt/airflow/dags/dag_estimar_riesgo_disrupcion.py for tasks to queue
[2026-07-09T00:52:20.989-0500] {logging_mixin.py:188} INFO - [2026-07-09T00:52:20.989-0500] {dagbag.py:545} INFO - Filling up the DagBag from /opt/airflow/dags/dag_estimar_riesgo_disrupcion.py
[2026-07-09T00:52:21.385-0500] {processor.py:840} INFO - DAG(s) 'aerotrack_travel_riesgo_disrupcion' retrieved from /opt/airflow/dags/dag_estimar_riesgo_disrupcion.py
[2026-07-09T00:52:21.416-0500] {logging_mixin.py:188} INFO - [2026-07-09T00:52:21.416-0500] {dag.py:3089} INFO - Sync 1 DAGs
[2026-07-09T00:52:21.434-0500] {logging_mixin.py:188} INFO - [2026-07-09T00:52:21.434-0500] {dag.py:3947} INFO - Setting next_dagrun for aerotrack_travel_riesgo_disrupcion to 2026-07-09 00:00:00+00:00, run_after=2026-07-10 00:00:00+00:00
[2026-07-09T00:52:21.450-0500] {processor.py:183} INFO - Processing /opt/airflow/dags/dag_estimar_riesgo_disrupcion.py took 0.467 seconds
[2026-07-09T00:52:51.756-0500] {processor.py:161} INFO - Started process (PID=7670) to work on /opt/airflow/dags/dag_estimar_riesgo_disrupcion.py
[2026-07-09T00:52:51.757-0500] {processor.py:830} INFO - Processing file /opt/airflow/dags/dag_estimar_riesgo_disrupcion.py for tasks to queue
[2026-07-09T00:52:51.759-0500] {logging_mixin.py:188} INFO - [2026-07-09T00:52:51.758-0500] {dagbag.py:545} INFO - Filling up the DagBag from /opt/airflow/dags/dag_estimar_riesgo_disrupcion.py
[2026-07-09T00:52:52.166-0500] {processor.py:840} INFO - DAG(s) 'aerotrack_travel_riesgo_disrupcion' retrieved from /opt/airflow/dags/dag_estimar_riesgo_disrupcion.py
[2026-07-09T00:52:52.196-0500] {logging_mixin.py:188} INFO - [2026-07-09T00:52:52.195-0500] {dag.py:3089} INFO - Sync 1 DAGs
[2026-07-09T00:52:52.213-0500] {logging_mixin.py:188} INFO - [2026-07-09T00:52:52.213-0500] {dag.py:3947} INFO - Setting next_dagrun for aerotrack_travel_riesgo_disrupcion to 2026-07-09 00:00:00+00:00, run_after=2026-07-10 00:00:00+00:00
[2026-07-09T00:52:52.227-0500] {processor.py:183} INFO - Processing /opt/airflow/dags/dag_estimar_riesgo_disrupcion.py took 0.476 seconds
[2026-07-09T00:53:22.528-0500] {processor.py:161} INFO - Started process (PID=7697) to work on /opt/airflow/dags/dag_estimar_riesgo_disrupcion.py
[2026-07-09T00:53:22.529-0500] {processor.py:830} INFO - Processing file /opt/airflow/dags/dag_estimar_riesgo_disrupcion.py for tasks to queue
[2026-07-09T00:53:22.530-0500] {logging_mixin.py:188} INFO - [2026-07-09T00:53:22.530-0500] {dagbag.py:545} INFO - Filling up the DagBag from /opt/airflow/dags/dag_estimar_riesgo_disrupcion.py
[2026-07-09T00:53:22.928-0500] {processor.py:840} INFO - DAG(s) 'aerotrack_travel_riesgo_disrupcion' retrieved from /opt/airflow/dags/dag_estimar_riesgo_disrupcion.py
[2026-07-09T00:53:22.960-0500] {logging_mixin.py:188} INFO - [2026-07-09T00:53:22.959-0500] {dag.py:3089} INFO - Sync 1 DAGs
[2026-07-09T00:53:22.976-0500] {logging_mixin.py:188} INFO - [2026-07-09T00:53:22.976-0500] {dag.py:3947} INFO - Setting next_dagrun for aerotrack_travel_riesgo_disrupcion to 2026-07-09 00:00:00+00:00, run_after=2026-07-10 00:00:00+00:00
[2026-07-09T00:53:22.990-0500] {processor.py:183} INFO - Processing /opt/airflow/dags/dag_estimar_riesgo_disrupcion.py took 0.467 seconds
[2026-07-09T00:53:53.286-0500] {processor.py:161} INFO - Started process (PID=7724) to work on /opt/airflow/dags/dag_estimar_riesgo_disrupcion.py
[2026-07-09T00:53:53.287-0500] {processor.py:830} INFO - Processing file /opt/airflow/dags/dag_estimar_riesgo_disrupcion.py for tasks to queue
[2026-07-09T00:53:53.288-0500] {logging_mixin.py:188} INFO - [2026-07-09T00:53:53.288-0500] {dagbag.py:545} INFO - Filling up the DagBag from /opt/airflow/dags/dag_estimar_riesgo_disrupcion.py
[2026-07-09T00:53:53.646-0500] {processor.py:840} INFO - DAG(s) 'aerotrack_travel_riesgo_disrupcion' retrieved from /opt/airflow/dags/dag_estimar_riesgo_disrupcion.py
[2026-07-09T00:53:53.671-0500] {logging_mixin.py:188} INFO - [2026-07-09T00:53:53.671-0500] {dag.py:3089} INFO - Sync 1 DAGs
[2026-07-09T00:53:53.688-0500] {logging_mixin.py:188} INFO - [2026-07-09T00:53:53.687-0500] {dag.py:3947} INFO - Setting next_dagrun for aerotrack_travel_riesgo_disrupcion to 2026-07-09 00:00:00+00:00, run_after=2026-07-10 00:00:00+00:00
[2026-07-09T00:53:53.702-0500] {processor.py:183} INFO - Processing /opt/airflow/dags/dag_estimar_riesgo_disrupcion.py took 0.420 seconds
[2026-07-09T00:54:24.032-0500] {processor.py:161} INFO - Started process (PID=7751) to work on /opt/airflow/dags/dag_estimar_riesgo_disrupcion.py
[2026-07-09T00:54:24.032-0500] {processor.py:830} INFO - Processing file /opt/airflow/dags/dag_estimar_riesgo_disrupcion.py for tasks to queue
[2026-07-09T00:54:24.034-0500] {logging_mixin.py:188} INFO - [2026-07-09T00:54:24.034-0500] {dagbag.py:545} INFO - Filling up the DagBag from /opt/airflow/dags/dag_estimar_riesgo_disrupcion.py
[2026-07-09T00:54:24.409-0500] {processor.py:840} INFO - DAG(s) 'aerotrack_travel_riesgo_disrupcion' retrieved from /opt/airflow/dags/dag_estimar_riesgo_disrupcion.py
[2026-07-09T00:54:24.435-0500] {logging_mixin.py:188} INFO - [2026-07-09T00:54:24.435-0500] {dag.py:3089} INFO - Sync 1 DAGs
[2026-07-09T00:54:24.451-0500] {logging_mixin.py:188} INFO - [2026-07-09T00:54:24.451-0500] {dag.py:3947} INFO - Setting next_dagrun for aerotrack_travel_riesgo_disrupcion to 2026-07-09 00:00:00+00:00, run_after=2026-07-10 00:00:00+00:00
[2026-07-09T00:54:24.468-0500] {processor.py:183} INFO - Processing /opt/airflow/dags/dag_estimar_riesgo_disrupcion.py took 0.441 seconds
[2026-07-09T00:54:54.806-0500] {processor.py:161} INFO - Started process (PID=7778) to work on /opt/airflow/dags/dag_estimar_riesgo_disrupcion.py
[2026-07-09T00:54:54.807-0500] {processor.py:830} INFO - Processing file /opt/airflow/dags/dag_estimar_riesgo_disrupcion.py for tasks to queue
[2026-07-09T00:54:54.809-0500] {logging_mixin.py:188} INFO - [2026-07-09T00:54:54.809-0500] {dagbag.py:545} INFO - Filling up the DagBag from /opt/airflow/dags/dag_estimar_riesgo_disrupcion.py
[2026-07-09T00:54:55.203-0500] {processor.py:840} INFO - DAG(s) 'aerotrack_travel_riesgo_disrupcion' retrieved from /opt/airflow/dags/dag_estimar_riesgo_disrupcion.py
[2026-07-09T00:54:55.237-0500] {logging_mixin.py:188} INFO - [2026-07-09T00:54:55.236-0500] {dag.py:3089} INFO - Sync 1 DAGs
[2026-07-09T00:54:55.255-0500] {logging_mixin.py:188} INFO - [2026-07-09T00:54:55.255-0500] {dag.py:3947} INFO - Setting next_dagrun for aerotrack_travel_riesgo_disrupcion to 2026-07-09 00:00:00+00:00, run_after=2026-07-10 00:00:00+00:00
[2026-07-09T00:54:55.272-0500] {processor.py:183} INFO - Processing /opt/airflow/dags/dag_estimar_riesgo_disrupcion.py took 0.470 seconds
[2026-07-09T00:55:25.710-0500] {processor.py:161} INFO - Started process (PID=7805) to work on /opt/airflow/dags/dag_estimar_riesgo_disrupcion.py
[2026-07-09T00:55:25.711-0500] {processor.py:830} INFO - Processing file /opt/airflow/dags/dag_estimar_riesgo_disrupcion.py for tasks to queue
[2026-07-09T00:55:25.713-0500] {logging_mixin.py:188} INFO - [2026-07-09T00:55:25.712-0500] {dagbag.py:545} INFO - Filling up the DagBag from /opt/airflow/dags/dag_estimar_riesgo_disrupcion.py
[2026-07-09T00:55:26.138-0500] {processor.py:840} INFO - DAG(s) 'aerotrack_travel_riesgo_disrupcion' retrieved from /opt/airflow/dags/dag_estimar_riesgo_disrupcion.py
[2026-07-09T00:55:26.169-0500] {logging_mixin.py:188} INFO - [2026-07-09T00:55:26.169-0500] {dag.py:3089} INFO - Sync 1 DAGs
[2026-07-09T00:55:26.190-0500] {logging_mixin.py:188} INFO - [2026-07-09T00:55:26.190-0500] {dag.py:3947} INFO - Setting next_dagrun for aerotrack_travel_riesgo_disrupcion to 2026-07-09 00:00:00+00:00, run_after=2026-07-10 00:00:00+00:00
[2026-07-09T00:55:26.204-0500] {processor.py:183} INFO - Processing /opt/airflow/dags/dag_estimar_riesgo_disrupcion.py took 0.500 seconds
[2026-07-09T00:55:56.507-0500] {processor.py:161} INFO - Started process (PID=7832) to work on /opt/airflow/dags/dag_estimar_riesgo_disrupcion.py
[2026-07-09T00:55:56.508-0500] {processor.py:830} INFO - Processing file /opt/airflow/dags/dag_estimar_riesgo_disrupcion.py for tasks to queue
[2026-07-09T00:55:56.509-0500] {logging_mixin.py:188} INFO - [2026-07-09T00:55:56.509-0500] {dagbag.py:545} INFO - Filling up the DagBag from /opt/airflow/dags/dag_estimar_riesgo_disrupcion.py
[2026-07-09T00:55:56.956-0500] {processor.py:840} INFO - DAG(s) 'aerotrack_travel_riesgo_disrupcion' retrieved from /opt/airflow/dags/dag_estimar_riesgo_disrupcion.py
[2026-07-09T00:55:56.986-0500] {logging_mixin.py:188} INFO - [2026-07-09T00:55:56.986-0500] {dag.py:3089} INFO - Sync 1 DAGs
[2026-07-09T00:55:57.006-0500] {logging_mixin.py:188} INFO - [2026-07-09T00:55:57.006-0500] {dag.py:3947} INFO - Setting next_dagrun for aerotrack_travel_riesgo_disrupcion to 2026-07-09 00:00:00+00:00, run_after=2026-07-10 00:00:00+00:00
[2026-07-09T00:55:57.020-0500] {processor.py:183} INFO - Processing /opt/airflow/dags/dag_estimar_riesgo_disrupcion.py took 0.518 seconds
[2026-07-09T00:56:27.448-0500] {processor.py:161} INFO - Started process (PID=7859) to work on /opt/airflow/dags/dag_estimar_riesgo_disrupcion.py
[2026-07-09T00:56:27.448-0500] {processor.py:830} INFO - Processing file /opt/airflow/dags/dag_estimar_riesgo_disrupcion.py for tasks to queue
[2026-07-09T00:56:27.450-0500] {logging_mixin.py:188} INFO - [2026-07-09T00:56:27.450-0500] {dagbag.py:545} INFO - Filling up the DagBag from /opt/airflow/dags/dag_estimar_riesgo_disrupcion.py
[2026-07-09T00:56:27.862-0500] {processor.py:840} INFO - DAG(s) 'aerotrack_travel_riesgo_disrupcion' retrieved from /opt/airflow/dags/dag_estimar_riesgo_disrupcion.py
[2026-07-09T00:56:27.893-0500] {logging_mixin.py:188} INFO - [2026-07-09T00:56:27.893-0500] {dag.py:3089} INFO - Sync 1 DAGs
[2026-07-09T00:56:27.930-0500] {logging_mixin.py:188} INFO - [2026-07-09T00:56:27.929-0500] {dag.py:3947} INFO - Setting next_dagrun for aerotrack_travel_riesgo_disrupcion to 2026-07-09 00:00:00+00:00, run_after=2026-07-10 00:00:00+00:00
[2026-07-09T00:56:27.956-0500] {processor.py:183} INFO - Processing /opt/airflow/dags/dag_estimar_riesgo_disrupcion.py took 0.513 seconds
[2026-07-09T00:56:58.382-0500] {processor.py:161} INFO - Started process (PID=7886) to work on /opt/airflow/dags/dag_estimar_riesgo_disrupcion.py
[2026-07-09T00:56:58.383-0500] {processor.py:830} INFO - Processing file /opt/airflow/dags/dag_estimar_riesgo_disrupcion.py for tasks to queue
[2026-07-09T00:56:58.384-0500] {logging_mixin.py:188} INFO - [2026-07-09T00:56:58.384-0500] {dagbag.py:545} INFO - Filling up the DagBag from /opt/airflow/dags/dag_estimar_riesgo_disrupcion.py
[2026-07-09T00:56:58.787-0500] {processor.py:840} INFO - DAG(s) 'aerotrack_travel_riesgo_disrupcion' retrieved from /opt/airflow/dags/dag_estimar_riesgo_disrupcion.py
[2026-07-09T00:56:58.817-0500] {logging_mixin.py:188} INFO - [2026-07-09T00:56:58.816-0500] {dag.py:3089} INFO - Sync 1 DAGs
[2026-07-09T00:56:58.835-0500] {logging_mixin.py:188} INFO - [2026-07-09T00:56:58.835-0500] {dag.py:3947} INFO - Setting next_dagrun for aerotrack_travel_riesgo_disrupcion to 2026-07-09 00:00:00+00:00, run_after=2026-07-10 00:00:00+00:00
[2026-07-09T00:56:58.849-0500] {processor.py:183} INFO - Processing /opt/airflow/dags/dag_estimar_riesgo_disrupcion.py took 0.471 seconds
[2026-07-09T00:57:29.284-0500] {processor.py:161} INFO - Started process (PID=7913) to work on /opt/airflow/dags/dag_estimar_riesgo_disrupcion.py
[2026-07-09T00:57:29.285-0500] {processor.py:830} INFO - Processing file /opt/airflow/dags/dag_estimar_riesgo_disrupcion.py for tasks to queue
[2026-07-09T00:57:29.286-0500] {logging_mixin.py:188} INFO - [2026-07-09T00:57:29.286-0500] {dagbag.py:545} INFO - Filling up the DagBag from /opt/airflow/dags/dag_estimar_riesgo_disrupcion.py
[2026-07-09T00:57:29.701-0500] {processor.py:840} INFO - DAG(s) 'aerotrack_travel_riesgo_disrupcion' retrieved from /opt/airflow/dags/dag_estimar_riesgo_disrupcion.py
[2026-07-09T00:57:29.734-0500] {logging_mixin.py:188} INFO - [2026-07-09T00:57:29.733-0500] {dag.py:3089} INFO - Sync 1 DAGs
[2026-07-09T00:57:29.751-0500] {logging_mixin.py:188} INFO - [2026-07-09T00:57:29.751-0500] {dag.py:3947} INFO - Setting next_dagrun for aerotrack_travel_riesgo_disrupcion to 2026-07-09 00:00:00+00:00, run_after=2026-07-10 00:00:00+00:00
[2026-07-09T00:57:29.767-0500] {processor.py:183} INFO - Processing /opt/airflow/dags/dag_estimar_riesgo_disrupcion.py took 0.488 seconds
[2026-07-09T00:58:00.074-0500] {processor.py:161} INFO - Started process (PID=7940) to work on /opt/airflow/dags/dag_estimar_riesgo_disrupcion.py
[2026-07-09T00:58:00.075-0500] {processor.py:830} INFO - Processing file /opt/airflow/dags/dag_estimar_riesgo_disrupcion.py for tasks to queue
[2026-07-09T00:58:00.076-0500] {logging_mixin.py:188} INFO - [2026-07-09T00:58:00.076-0500] {dagbag.py:545} INFO - Filling up the DagBag from /opt/airflow/dags/dag_estimar_riesgo_disrupcion.py
[2026-07-09T00:58:00.543-0500] {processor.py:840} INFO - DAG(s) 'aerotrack_travel_riesgo_disrupcion' retrieved from /opt/airflow/dags/dag_estimar_riesgo_disrupcion.py
[2026-07-09T00:58:00.574-0500] {logging_mixin.py:188} INFO - [2026-07-09T00:58:00.573-0500] {dag.py:3089} INFO - Sync 1 DAGs
[2026-07-09T00:58:00.594-0500] {logging_mixin.py:188} INFO - [2026-07-09T00:58:00.594-0500] {dag.py:3947} INFO - Setting next_dagrun for aerotrack_travel_riesgo_disrupcion to 2026-07-09 00:00:00+00:00, run_after=2026-07-10 00:00:00+00:00
[2026-07-09T00:58:00.607-0500] {processor.py:183} INFO - Processing /opt/airflow/dags/dag_estimar_riesgo_disrupcion.py took 0.539 seconds
[2026-07-09T00:58:30.889-0500] {processor.py:161} INFO - Started process (PID=7967) to work on /opt/airflow/dags/dag_estimar_riesgo_disrupcion.py
[2026-07-09T00:58:30.890-0500] {processor.py:830} INFO - Processing file /opt/airflow/dags/dag_estimar_riesgo_disrupcion.py for tasks to queue
[2026-07-09T00:58:30.891-0500] {logging_mixin.py:188} INFO - [2026-07-09T00:58:30.891-0500] {dagbag.py:545} INFO - Filling up the DagBag from /opt/airflow/dags/dag_estimar_riesgo_disrupcion.py
[2026-07-09T00:58:31.354-0500] {processor.py:840} INFO - DAG(s) 'aerotrack_travel_riesgo_disrupcion' retrieved from /opt/airflow/dags/dag_estimar_riesgo_disrupcion.py
[2026-07-09T00:58:31.386-0500] {logging_mixin.py:188} INFO - [2026-07-09T00:58:31.386-0500] {dag.py:3089} INFO - Sync 1 DAGs
[2026-07-09T00:58:31.405-0500] {logging_mixin.py:188} INFO - [2026-07-09T00:58:31.404-0500] {dag.py:3947} INFO - Setting next_dagrun for aerotrack_travel_riesgo_disrupcion to 2026-07-09 00:00:00+00:00, run_after=2026-07-10 00:00:00+00:00
[2026-07-09T00:58:31.419-0500] {processor.py:183} INFO - Processing /opt/airflow/dags/dag_estimar_riesgo_disrupcion.py took 0.535 seconds
[2026-07-09T00:59:01.820-0500] {processor.py:161} INFO - Started process (PID=7994) to work on /opt/airflow/dags/dag_estimar_riesgo_disrupcion.py
[2026-07-09T00:59:01.821-0500] {processor.py:830} INFO - Processing file /opt/airflow/dags/dag_estimar_riesgo_disrupcion.py for tasks to queue
[2026-07-09T00:59:01.822-0500] {logging_mixin.py:188} INFO - [2026-07-09T00:59:01.822-0500] {dagbag.py:545} INFO - Filling up the DagBag from /opt/airflow/dags/dag_estimar_riesgo_disrupcion.py
[2026-07-09T00:59:02.218-0500] {processor.py:840} INFO - DAG(s) 'aerotrack_travel_riesgo_disrupcion' retrieved from /opt/airflow/dags/dag_estimar_riesgo_disrupcion.py
[2026-07-09T00:59:02.247-0500] {logging_mixin.py:188} INFO - [2026-07-09T00:59:02.247-0500] {dag.py:3089} INFO - Sync 1 DAGs
[2026-07-09T00:59:02.266-0500] {logging_mixin.py:188} INFO - [2026-07-09T00:59:02.266-0500] {dag.py:3947} INFO - Setting next_dagrun for aerotrack_travel_riesgo_disrupcion to 2026-07-09 00:00:00+00:00, run_after=2026-07-10 00:00:00+00:00
[2026-07-09T00:59:02.280-0500] {processor.py:183} INFO - Processing /opt/airflow/dags/dag_estimar_riesgo_disrupcion.py took 0.464 seconds
[2026-07-09T00:59:32.679-0500] {processor.py:161} INFO - Started process (PID=8021) to work on /opt/airflow/dags/dag_estimar_riesgo_disrupcion.py
[2026-07-09T00:59:32.681-0500] {processor.py:830} INFO - Processing file /opt/airflow/dags/dag_estimar_riesgo_disrupcion.py for tasks to queue
[2026-07-09T00:59:32.683-0500] {logging_mixin.py:188} INFO - [2026-07-09T00:59:32.682-0500] {dagbag.py:545} INFO - Filling up the DagBag from /opt/airflow/dags/dag_estimar_riesgo_disrupcion.py
[2026-07-09T00:59:33.106-0500] {processor.py:840} INFO - DAG(s) 'aerotrack_travel_riesgo_disrupcion' retrieved from /opt/airflow/dags/dag_estimar_riesgo_disrupcion.py
[2026-07-09T00:59:33.142-0500] {logging_mixin.py:188} INFO - [2026-07-09T00:59:33.141-0500] {dag.py:3089} INFO - Sync 1 DAGs
[2026-07-09T00:59:33.161-0500] {logging_mixin.py:188} INFO - [2026-07-09T00:59:33.161-0500] {dag.py:3947} INFO - Setting next_dagrun for aerotrack_travel_riesgo_disrupcion to 2026-07-09 00:00:00+00:00, run_after=2026-07-10 00:00:00+00:00
[2026-07-09T00:59:33.176-0500] {processor.py:183} INFO - Processing /opt/airflow/dags/dag_estimar_riesgo_disrupcion.py took 0.502 seconds
[2026-07-09T01:00:03.598-0500] {processor.py:161} INFO - Started process (PID=8048) to work on /opt/airflow/dags/dag_estimar_riesgo_disrupcion.py
[2026-07-09T01:00:03.599-0500] {processor.py:830} INFO - Processing file /opt/airflow/dags/dag_estimar_riesgo_disrupcion.py for tasks to queue
[2026-07-09T01:00:03.601-0500] {logging_mixin.py:188} INFO - [2026-07-09T01:00:03.600-0500] {dagbag.py:545} INFO - Filling up the DagBag from /opt/airflow/dags/dag_estimar_riesgo_disrupcion.py
[2026-07-09T01:00:03.995-0500] {processor.py:840} INFO - DAG(s) 'aerotrack_travel_riesgo_disrupcion' retrieved from /opt/airflow/dags/dag_estimar_riesgo_disrupcion.py
[2026-07-09T01:00:04.024-0500] {logging_mixin.py:188} INFO - [2026-07-09T01:00:04.024-0500] {dag.py:3089} INFO - Sync 1 DAGs
[2026-07-09T01:00:04.044-0500] {logging_mixin.py:188} INFO - [2026-07-09T01:00:04.044-0500] {dag.py:3947} INFO - Setting next_dagrun for aerotrack_travel_riesgo_disrupcion to 2026-07-09 00:00:00+00:00, run_after=2026-07-10 00:00:00+00:00
[2026-07-09T01:00:04.058-0500] {processor.py:183} INFO - Processing /opt/airflow/dags/dag_estimar_riesgo_disrupcion.py took 0.465 seconds
[2026-07-09T01:00:34.459-0500] {processor.py:161} INFO - Started process (PID=8075) to work on /opt/airflow/dags/dag_estimar_riesgo_disrupcion.py
[2026-07-09T01:00:34.459-0500] {processor.py:830} INFO - Processing file /opt/airflow/dags/dag_estimar_riesgo_disrupcion.py for tasks to queue
[2026-07-09T01:00:34.461-0500] {logging_mixin.py:188} INFO - [2026-07-09T01:00:34.460-0500] {dagbag.py:545} INFO - Filling up the DagBag from /opt/airflow/dags/dag_estimar_riesgo_disrupcion.py
[2026-07-09T01:00:34.892-0500] {processor.py:840} INFO - DAG(s) 'aerotrack_travel_riesgo_disrupcion' retrieved from /opt/airflow/dags/dag_estimar_riesgo_disrupcion.py
[2026-07-09T01:00:34.925-0500] {logging_mixin.py:188} INFO - [2026-07-09T01:00:34.925-0500] {dag.py:3089} INFO - Sync 1 DAGs
[2026-07-09T01:00:34.943-0500] {logging_mixin.py:188} INFO - [2026-07-09T01:00:34.943-0500] {dag.py:3947} INFO - Setting next_dagrun for aerotrack_travel_riesgo_disrupcion to 2026-07-09 00:00:00+00:00, run_after=2026-07-10 00:00:00+00:00
[2026-07-09T01:00:34.958-0500] {processor.py:183} INFO - Processing /opt/airflow/dags/dag_estimar_riesgo_disrupcion.py took 0.504 seconds
[2026-07-09T01:01:05.393-0500] {processor.py:161} INFO - Started process (PID=8102) to work on /opt/airflow/dags/dag_estimar_riesgo_disrupcion.py
[2026-07-09T01:01:05.395-0500] {processor.py:830} INFO - Processing file /opt/airflow/dags/dag_estimar_riesgo_disrupcion.py for tasks to queue
[2026-07-09T01:01:05.397-0500] {logging_mixin.py:188} INFO - [2026-07-09T01:01:05.396-0500] {dagbag.py:545} INFO - Filling up the DagBag from /opt/airflow/dags/dag_estimar_riesgo_disrupcion.py
[2026-07-09T01:01:05.809-0500] {processor.py:840} INFO - DAG(s) 'aerotrack_travel_riesgo_disrupcion' retrieved from /opt/airflow/dags/dag_estimar_riesgo_disrupcion.py
[2026-07-09T01:01:05.841-0500] {logging_mixin.py:188} INFO - [2026-07-09T01:01:05.840-0500] {dag.py:3089} INFO - Sync 1 DAGs
[2026-07-09T01:01:05.861-0500] {logging_mixin.py:188} INFO - [2026-07-09T01:01:05.861-0500] {dag.py:3947} INFO - Setting next_dagrun for aerotrack_travel_riesgo_disrupcion to 2026-07-09 00:00:00+00:00, run_after=2026-07-10 00:00:00+00:00
[2026-07-09T01:01:05.875-0500] {processor.py:183} INFO - Processing /opt/airflow/dags/dag_estimar_riesgo_disrupcion.py took 0.489 seconds
[2026-07-09T01:01:36.298-0500] {processor.py:161} INFO - Started process (PID=8129) to work on /opt/airflow/dags/dag_estimar_riesgo_disrupcion.py
[2026-07-09T01:01:36.299-0500] {processor.py:830} INFO - Processing file /opt/airflow/dags/dag_estimar_riesgo_disrupcion.py for tasks to queue
[2026-07-09T01:01:36.301-0500] {logging_mixin.py:188} INFO - [2026-07-09T01:01:36.300-0500] {dagbag.py:545} INFO - Filling up the DagBag from /opt/airflow/dags/dag_estimar_riesgo_disrupcion.py
[2026-07-09T01:01:36.714-0500] {processor.py:840} INFO - DAG(s) 'aerotrack_travel_riesgo_disrupcion' retrieved from /opt/airflow/dags/dag_estimar_riesgo_disrupcion.py
[2026-07-09T01:01:36.749-0500] {logging_mixin.py:188} INFO - [2026-07-09T01:01:36.748-0500] {dag.py:3089} INFO - Sync 1 DAGs
[2026-07-09T01:01:36.767-0500] {logging_mixin.py:188} INFO - [2026-07-09T01:01:36.767-0500] {dag.py:3947} INFO - Setting next_dagrun for aerotrack_travel_riesgo_disrupcion to 2026-07-09 00:00:00+00:00, run_after=2026-07-10 00:00:00+00:00
[2026-07-09T01:01:36.783-0500] {processor.py:183} INFO - Processing /opt/airflow/dags/dag_estimar_riesgo_disrupcion.py took 0.490 seconds
[2026-07-09T01:02:07.185-0500] {processor.py:161} INFO - Started process (PID=8156) to work on /opt/airflow/dags/dag_estimar_riesgo_disrupcion.py
[2026-07-09T01:02:07.185-0500] {processor.py:830} INFO - Processing file /opt/airflow/dags/dag_estimar_riesgo_disrupcion.py for tasks to queue
[2026-07-09T01:02:07.187-0500] {logging_mixin.py:188} INFO - [2026-07-09T01:02:07.187-0500] {dagbag.py:545} INFO - Filling up the DagBag from /opt/airflow/dags/dag_estimar_riesgo_disrupcion.py
[2026-07-09T01:02:07.596-0500] {processor.py:840} INFO - DAG(s) 'aerotrack_travel_riesgo_disrupcion' retrieved from /opt/airflow/dags/dag_estimar_riesgo_disrupcion.py
[2026-07-09T01:02:07.630-0500] {logging_mixin.py:188} INFO - [2026-07-09T01:02:07.630-0500] {dag.py:3089} INFO - Sync 1 DAGs
[2026-07-09T01:02:07.649-0500] {logging_mixin.py:188} INFO - [2026-07-09T01:02:07.648-0500] {dag.py:3947} INFO - Setting next_dagrun for aerotrack_travel_riesgo_disrupcion to 2026-07-09 00:00:00+00:00, run_after=2026-07-10 00:00:00+00:00
[2026-07-09T01:02:07.665-0500] {processor.py:183} INFO - Processing /opt/airflow/dags/dag_estimar_riesgo_disrupcion.py took 0.485 seconds
[2026-07-09T01:02:37.985-0500] {processor.py:161} INFO - Started process (PID=8183) to work on /opt/airflow/dags/dag_estimar_riesgo_disrupcion.py
[2026-07-09T01:02:37.986-0500] {processor.py:830} INFO - Processing file /opt/airflow/dags/dag_estimar_riesgo_disrupcion.py for tasks to queue
[2026-07-09T01:02:37.988-0500] {logging_mixin.py:188} INFO - [2026-07-09T01:02:37.988-0500] {dagbag.py:545} INFO - Filling up the DagBag from /opt/airflow/dags/dag_estimar_riesgo_disrupcion.py
[2026-07-09T01:02:38.438-0500] {processor.py:840} INFO - DAG(s) 'aerotrack_travel_riesgo_disrupcion' retrieved from /opt/airflow/dags/dag_estimar_riesgo_disrupcion.py
[2026-07-09T01:02:38.470-0500] {logging_mixin.py:188} INFO - [2026-07-09T01:02:38.470-0500] {dag.py:3089} INFO - Sync 1 DAGs
[2026-07-09T01:02:38.487-0500] {logging_mixin.py:188} INFO - [2026-07-09T01:02:38.487-0500] {dag.py:3947} INFO - Setting next_dagrun for aerotrack_travel_riesgo_disrupcion to 2026-07-09 00:00:00+00:00, run_after=2026-07-10 00:00:00+00:00
[2026-07-09T01:02:38.506-0500] {processor.py:183} INFO - Processing /opt/airflow/dags/dag_estimar_riesgo_disrupcion.py took 0.526 seconds
[2026-07-09T01:03:08.817-0500] {processor.py:161} INFO - Started process (PID=8210) to work on /opt/airflow/dags/dag_estimar_riesgo_disrupcion.py
[2026-07-09T01:03:08.818-0500] {processor.py:830} INFO - Processing file /opt/airflow/dags/dag_estimar_riesgo_disrupcion.py for tasks to queue
[2026-07-09T01:03:08.819-0500] {logging_mixin.py:188} INFO - [2026-07-09T01:03:08.819-0500] {dagbag.py:545} INFO - Filling up the DagBag from /opt/airflow/dags/dag_estimar_riesgo_disrupcion.py
[2026-07-09T01:03:09.211-0500] {processor.py:840} INFO - DAG(s) 'aerotrack_travel_riesgo_disrupcion' retrieved from /opt/airflow/dags/dag_estimar_riesgo_disrupcion.py
[2026-07-09T01:03:09.240-0500] {logging_mixin.py:188} INFO - [2026-07-09T01:03:09.240-0500] {dag.py:3089} INFO - Sync 1 DAGs
[2026-07-09T01:03:09.258-0500] {logging_mixin.py:188} INFO - [2026-07-09T01:03:09.257-0500] {dag.py:3947} INFO - Setting next_dagrun for aerotrack_travel_riesgo_disrupcion to 2026-07-09 00:00:00+00:00, run_after=2026-07-10 00:00:00+00:00
[2026-07-09T01:03:09.273-0500] {processor.py:183} INFO - Processing /opt/airflow/dags/dag_estimar_riesgo_disrupcion.py took 0.460 seconds
[2026-07-09T01:03:39.592-0500] {processor.py:161} INFO - Started process (PID=8237) to work on /opt/airflow/dags/dag_estimar_riesgo_disrupcion.py
[2026-07-09T01:03:39.593-0500] {processor.py:830} INFO - Processing file /opt/airflow/dags/dag_estimar_riesgo_disrupcion.py for tasks to queue
[2026-07-09T01:03:39.595-0500] {logging_mixin.py:188} INFO - [2026-07-09T01:03:39.594-0500] {dagbag.py:545} INFO - Filling up the DagBag from /opt/airflow/dags/dag_estimar_riesgo_disrupcion.py
[2026-07-09T01:03:39.996-0500] {processor.py:840} INFO - DAG(s) 'aerotrack_travel_riesgo_disrupcion' retrieved from /opt/airflow/dags/dag_estimar_riesgo_disrupcion.py
[2026-07-09T01:03:40.026-0500] {logging_mixin.py:188} INFO - [2026-07-09T01:03:40.026-0500] {dag.py:3089} INFO - Sync 1 DAGs
[2026-07-09T01:03:40.043-0500] {logging_mixin.py:188} INFO - [2026-07-09T01:03:40.043-0500] {dag.py:3947} INFO - Setting next_dagrun for aerotrack_travel_riesgo_disrupcion to 2026-07-09 00:00:00+00:00, run_after=2026-07-10 00:00:00+00:00
[2026-07-09T01:03:40.056-0500] {processor.py:183} INFO - Processing /opt/airflow/dags/dag_estimar_riesgo_disrupcion.py took 0.470 seconds
[2026-07-09T01:04:10.499-0500] {processor.py:161} INFO - Started process (PID=8264) to work on /opt/airflow/dags/dag_estimar_riesgo_disrupcion.py
[2026-07-09T01:04:10.500-0500] {processor.py:830} INFO - Processing file /opt/airflow/dags/dag_estimar_riesgo_disrupcion.py for tasks to queue
[2026-07-09T01:04:10.502-0500] {logging_mixin.py:188} INFO - [2026-07-09T01:04:10.502-0500] {dagbag.py:545} INFO - Filling up the DagBag from /opt/airflow/dags/dag_estimar_riesgo_disrupcion.py
[2026-07-09T01:04:10.942-0500] {processor.py:840} INFO - DAG(s) 'aerotrack_travel_riesgo_disrupcion' retrieved from /opt/airflow/dags/dag_estimar_riesgo_disrupcion.py
[2026-07-09T01:04:10.974-0500] {logging_mixin.py:188} INFO - [2026-07-09T01:04:10.974-0500] {dag.py:3089} INFO - Sync 1 DAGs
[2026-07-09T01:04:10.991-0500] {logging_mixin.py:188} INFO - [2026-07-09T01:04:10.991-0500] {dag.py:3947} INFO - Setting next_dagrun for aerotrack_travel_riesgo_disrupcion to 2026-07-09 00:00:00+00:00, run_after=2026-07-10 00:00:00+00:00
[2026-07-09T01:04:11.006-0500] {processor.py:183} INFO - Processing /opt/airflow/dags/dag_estimar_riesgo_disrupcion.py took 0.512 seconds
[2026-07-09T01:04:41.292-0500] {processor.py:161} INFO - Started process (PID=8291) to work on /opt/airflow/dags/dag_estimar_riesgo_disrupcion.py
[2026-07-09T01:04:41.292-0500] {processor.py:830} INFO - Processing file /opt/airflow/dags/dag_estimar_riesgo_disrupcion.py for tasks to queue
[2026-07-09T01:04:41.294-0500] {logging_mixin.py:188} INFO - [2026-07-09T01:04:41.294-0500] {dagbag.py:545} INFO - Filling up the DagBag from /opt/airflow/dags/dag_estimar_riesgo_disrupcion.py
[2026-07-09T01:04:41.698-0500] {processor.py:840} INFO - DAG(s) 'aerotrack_travel_riesgo_disrupcion' retrieved from /opt/airflow/dags/dag_estimar_riesgo_disrupcion.py
[2026-07-09T01:04:41.731-0500] {logging_mixin.py:188} INFO - [2026-07-09T01:04:41.731-0500] {dag.py:3089} INFO - Sync 1 DAGs
[2026-07-09T01:04:41.750-0500] {logging_mixin.py:188} INFO - [2026-07-09T01:04:41.750-0500] {dag.py:3947} INFO - Setting next_dagrun for aerotrack_travel_riesgo_disrupcion to 2026-07-09 00:00:00+00:00, run_after=2026-07-10 00:00:00+00:00
[2026-07-09T01:04:41.766-0500] {processor.py:183} INFO - Processing /opt/airflow/dags/dag_estimar_riesgo_disrupcion.py took 0.479 seconds
[2026-07-09T01:05:12.202-0500] {processor.py:161} INFO - Started process (PID=8318) to work on /opt/airflow/dags/dag_estimar_riesgo_disrupcion.py
[2026-07-09T01:05:12.203-0500] {processor.py:830} INFO - Processing file /opt/airflow/dags/dag_estimar_riesgo_disrupcion.py for tasks to queue
[2026-07-09T01:05:12.204-0500] {logging_mixin.py:188} INFO - [2026-07-09T01:05:12.204-0500] {dagbag.py:545} INFO - Filling up the DagBag from /opt/airflow/dags/dag_estimar_riesgo_disrupcion.py
[2026-07-09T01:05:12.623-0500] {processor.py:840} INFO - DAG(s) 'aerotrack_travel_riesgo_disrupcion' retrieved from /opt/airflow/dags/dag_estimar_riesgo_disrupcion.py
[2026-07-09T01:05:12.653-0500] {logging_mixin.py:188} INFO - [2026-07-09T01:05:12.653-0500] {dag.py:3089} INFO - Sync 1 DAGs
[2026-07-09T01:05:12.674-0500] {logging_mixin.py:188} INFO - [2026-07-09T01:05:12.674-0500] {dag.py:3947} INFO - Setting next_dagrun for aerotrack_travel_riesgo_disrupcion to 2026-07-09 00:00:00+00:00, run_after=2026-07-10 00:00:00+00:00
[2026-07-09T01:05:12.689-0500] {processor.py:183} INFO - Processing /opt/airflow/dags/dag_estimar_riesgo_disrupcion.py took 0.493 seconds
[2026-07-09T01:05:43.033-0500] {processor.py:161} INFO - Started process (PID=8345) to work on /opt/airflow/dags/dag_estimar_riesgo_disrupcion.py
[2026-07-09T01:05:43.034-0500] {processor.py:830} INFO - Processing file /opt/airflow/dags/dag_estimar_riesgo_disrupcion.py for tasks to queue
[2026-07-09T01:05:43.035-0500] {logging_mixin.py:188} INFO - [2026-07-09T01:05:43.035-0500] {dagbag.py:545} INFO - Filling up the DagBag from /opt/airflow/dags/dag_estimar_riesgo_disrupcion.py
[2026-07-09T01:05:43.433-0500] {processor.py:840} INFO - DAG(s) 'aerotrack_travel_riesgo_disrupcion' retrieved from /opt/airflow/dags/dag_estimar_riesgo_disrupcion.py
[2026-07-09T01:05:43.468-0500] {logging_mixin.py:188} INFO - [2026-07-09T01:05:43.468-0500] {dag.py:3089} INFO - Sync 1 DAGs
[2026-07-09T01:05:43.489-0500] {logging_mixin.py:188} INFO - [2026-07-09T01:05:43.489-0500] {dag.py:3947} INFO - Setting next_dagrun for aerotrack_travel_riesgo_disrupcion to 2026-07-09 00:00:00+00:00, run_after=2026-07-10 00:00:00+00:00
[2026-07-09T01:05:43.504-0500] {processor.py:183} INFO - Processing /opt/airflow/dags/dag_estimar_riesgo_disrupcion.py took 0.477 seconds
[2026-07-09T01:06:13.797-0500] {processor.py:161} INFO - Started process (PID=8372) to work on /opt/airflow/dags/dag_estimar_riesgo_disrupcion.py
[2026-07-09T01:06:13.798-0500] {processor.py:830} INFO - Processing file /opt/airflow/dags/dag_estimar_riesgo_disrupcion.py for tasks to queue
[2026-07-09T01:06:13.799-0500] {logging_mixin.py:188} INFO - [2026-07-09T01:06:13.799-0500] {dagbag.py:545} INFO - Filling up the DagBag from /opt/airflow/dags/dag_estimar_riesgo_disrupcion.py
[2026-07-09T01:06:14.185-0500] {processor.py:840} INFO - DAG(s) 'aerotrack_travel_riesgo_disrupcion' retrieved from /opt/airflow/dags/dag_estimar_riesgo_disrupcion.py
[2026-07-09T01:06:14.214-0500] {logging_mixin.py:188} INFO - [2026-07-09T01:06:14.214-0500] {dag.py:3089} INFO - Sync 1 DAGs
[2026-07-09T01:06:14.231-0500] {logging_mixin.py:188} INFO - [2026-07-09T01:06:14.231-0500] {dag.py:3947} INFO - Setting next_dagrun for aerotrack_travel_riesgo_disrupcion to 2026-07-09 00:00:00+00:00, run_after=2026-07-10 00:00:00+00:00
[2026-07-09T01:06:14.244-0500] {processor.py:183} INFO - Processing /opt/airflow/dags/dag_estimar_riesgo_disrupcion.py took 0.452 seconds
[2026-07-09T01:06:44.711-0500] {processor.py:161} INFO - Started process (PID=8399) to work on /opt/airflow/dags/dag_estimar_riesgo_disrupcion.py
[2026-07-09T01:06:44.711-0500] {processor.py:830} INFO - Processing file /opt/airflow/dags/dag_estimar_riesgo_disrupcion.py for tasks to queue
[2026-07-09T01:06:44.713-0500] {logging_mixin.py:188} INFO - [2026-07-09T01:06:44.713-0500] {dagbag.py:545} INFO - Filling up the DagBag from /opt/airflow/dags/dag_estimar_riesgo_disrupcion.py
[2026-07-09T01:06:45.108-0500] {processor.py:840} INFO - DAG(s) 'aerotrack_travel_riesgo_disrupcion' retrieved from /opt/airflow/dags/dag_estimar_riesgo_disrupcion.py
[2026-07-09T01:06:45.136-0500] {logging_mixin.py:188} INFO - [2026-07-09T01:06:45.136-0500] {dag.py:3089} INFO - Sync 1 DAGs
[2026-07-09T01:06:45.153-0500] {logging_mixin.py:188} INFO - [2026-07-09T01:06:45.153-0500] {dag.py:3947} INFO - Setting next_dagrun for aerotrack_travel_riesgo_disrupcion to 2026-07-09 00:00:00+00:00, run_after=2026-07-10 00:00:00+00:00
[2026-07-09T01:06:45.168-0500] {processor.py:183} INFO - Processing /opt/airflow/dags/dag_estimar_riesgo_disrupcion.py took 0.462 seconds
[2026-07-09T01:07:15.557-0500] {processor.py:161} INFO - Started process (PID=8426) to work on /opt/airflow/dags/dag_estimar_riesgo_disrupcion.py
[2026-07-09T01:07:15.558-0500] {processor.py:830} INFO - Processing file /opt/airflow/dags/dag_estimar_riesgo_disrupcion.py for tasks to queue
[2026-07-09T01:07:15.560-0500] {logging_mixin.py:188} INFO - [2026-07-09T01:07:15.560-0500] {dagbag.py:545} INFO - Filling up the DagBag from /opt/airflow/dags/dag_estimar_riesgo_disrupcion.py
[2026-07-09T01:07:15.939-0500] {processor.py:840} INFO - DAG(s) 'aerotrack_travel_riesgo_disrupcion' retrieved from /opt/airflow/dags/dag_estimar_riesgo_disrupcion.py
[2026-07-09T01:07:15.971-0500] {logging_mixin.py:188} INFO - [2026-07-09T01:07:15.971-0500] {dag.py:3089} INFO - Sync 1 DAGs
[2026-07-09T01:07:15.990-0500] {logging_mixin.py:188} INFO - [2026-07-09T01:07:15.990-0500] {dag.py:3947} INFO - Setting next_dagrun for aerotrack_travel_riesgo_disrupcion to 2026-07-09 00:00:00+00:00, run_after=2026-07-10 00:00:00+00:00
[2026-07-09T01:07:16.005-0500] {processor.py:183} INFO - Processing /opt/airflow/dags/dag_estimar_riesgo_disrupcion.py took 0.452 seconds
[2026-07-09T01:07:46.439-0500] {processor.py:161} INFO - Started process (PID=8453) to work on /opt/airflow/dags/dag_estimar_riesgo_disrupcion.py
[2026-07-09T01:07:46.440-0500] {processor.py:830} INFO - Processing file /opt/airflow/dags/dag_estimar_riesgo_disrupcion.py for tasks to queue
[2026-07-09T01:07:46.442-0500] {logging_mixin.py:188} INFO - [2026-07-09T01:07:46.441-0500] {dagbag.py:545} INFO - Filling up the DagBag from /opt/airflow/dags/dag_estimar_riesgo_disrupcion.py
[2026-07-09T01:07:46.831-0500] {processor.py:840} INFO - DAG(s) 'aerotrack_travel_riesgo_disrupcion' retrieved from /opt/airflow/dags/dag_estimar_riesgo_disrupcion.py
[2026-07-09T01:07:46.859-0500] {logging_mixin.py:188} INFO - [2026-07-09T01:07:46.858-0500] {dag.py:3089} INFO - Sync 1 DAGs
[2026-07-09T01:07:46.874-0500] {logging_mixin.py:188} INFO - [2026-07-09T01:07:46.874-0500] {dag.py:3947} INFO - Setting next_dagrun for aerotrack_travel_riesgo_disrupcion to 2026-07-09 00:00:00+00:00, run_after=2026-07-10 00:00:00+00:00
[2026-07-09T01:07:46.888-0500] {processor.py:183} INFO - Processing /opt/airflow/dags/dag_estimar_riesgo_disrupcion.py took 0.454 seconds
[2026-07-09T01:08:17.314-0500] {processor.py:161} INFO - Started process (PID=8480) to work on /opt/airflow/dags/dag_estimar_riesgo_disrupcion.py
[2026-07-09T01:08:17.315-0500] {processor.py:830} INFO - Processing file /opt/airflow/dags/dag_estimar_riesgo_disrupcion.py for tasks to queue
[2026-07-09T01:08:17.317-0500] {logging_mixin.py:188} INFO - [2026-07-09T01:08:17.317-0500] {dagbag.py:545} INFO - Filling up the DagBag from /opt/airflow/dags/dag_estimar_riesgo_disrupcion.py
[2026-07-09T01:08:17.681-0500] {processor.py:840} INFO - DAG(s) 'aerotrack_travel_riesgo_disrupcion' retrieved from /opt/airflow/dags/dag_estimar_riesgo_disrupcion.py
[2026-07-09T01:08:17.708-0500] {logging_mixin.py:188} INFO - [2026-07-09T01:08:17.708-0500] {dag.py:3089} INFO - Sync 1 DAGs
[2026-07-09T01:08:17.725-0500] {logging_mixin.py:188} INFO - [2026-07-09T01:08:17.725-0500] {dag.py:3947} INFO - Setting next_dagrun for aerotrack_travel_riesgo_disrupcion to 2026-07-09 00:00:00+00:00, run_after=2026-07-10 00:00:00+00:00
[2026-07-09T01:08:17.738-0500] {processor.py:183} INFO - Processing /opt/airflow/dags/dag_estimar_riesgo_disrupcion.py took 0.429 seconds
[2026-07-09T01:08:48.041-0500] {processor.py:161} INFO - Started process (PID=8507) to work on /opt/airflow/dags/dag_estimar_riesgo_disrupcion.py
[2026-07-09T01:08:48.042-0500] {processor.py:830} INFO - Processing file /opt/airflow/dags/dag_estimar_riesgo_disrupcion.py for tasks to queue
[2026-07-09T01:08:48.043-0500] {logging_mixin.py:188} INFO - [2026-07-09T01:08:48.043-0500] {dagbag.py:545} INFO - Filling up the DagBag from /opt/airflow/dags/dag_estimar_riesgo_disrupcion.py
[2026-07-09T01:08:48.424-0500] {processor.py:840} INFO - DAG(s) 'aerotrack_travel_riesgo_disrupcion' retrieved from /opt/airflow/dags/dag_estimar_riesgo_disrupcion.py
[2026-07-09T01:08:48.457-0500] {logging_mixin.py:188} INFO - [2026-07-09T01:08:48.457-0500] {dag.py:3089} INFO - Sync 1 DAGs
[2026-07-09T01:08:48.479-0500] {logging_mixin.py:188} INFO - [2026-07-09T01:08:48.478-0500] {dag.py:3947} INFO - Setting next_dagrun for aerotrack_travel_riesgo_disrupcion to 2026-07-09 00:00:00+00:00, run_after=2026-07-10 00:00:00+00:00
[2026-07-09T01:08:48.498-0500] {processor.py:183} INFO - Processing /opt/airflow/dags/dag_estimar_riesgo_disrupcion.py took 0.462 seconds
[2026-07-09T01:09:18.924-0500] {processor.py:161} INFO - Started process (PID=8534) to work on /opt/airflow/dags/dag_estimar_riesgo_disrupcion.py
[2026-07-09T01:09:18.925-0500] {processor.py:830} INFO - Processing file /opt/airflow/dags/dag_estimar_riesgo_disrupcion.py for tasks to queue
[2026-07-09T01:09:18.926-0500] {logging_mixin.py:188} INFO - [2026-07-09T01:09:18.926-0500] {dagbag.py:545} INFO - Filling up the DagBag from /opt/airflow/dags/dag_estimar_riesgo_disrupcion.py
[2026-07-09T01:09:19.327-0500] {processor.py:840} INFO - DAG(s) 'aerotrack_travel_riesgo_disrupcion' retrieved from /opt/airflow/dags/dag_estimar_riesgo_disrupcion.py
[2026-07-09T01:09:19.355-0500] {logging_mixin.py:188} INFO - [2026-07-09T01:09:19.355-0500] {dag.py:3089} INFO - Sync 1 DAGs
[2026-07-09T01:09:19.372-0500] {logging_mixin.py:188} INFO - [2026-07-09T01:09:19.372-0500] {dag.py:3947} INFO - Setting next_dagrun for aerotrack_travel_riesgo_disrupcion to 2026-07-09 00:00:00+00:00, run_after=2026-07-10 00:00:00+00:00
[2026-07-09T01:09:19.386-0500] {processor.py:183} INFO - Processing /opt/airflow/dags/dag_estimar_riesgo_disrupcion.py took 0.467 seconds
[2026-07-09T01:09:49.694-0500] {processor.py:161} INFO - Started process (PID=8561) to work on /opt/airflow/dags/dag_estimar_riesgo_disrupcion.py
[2026-07-09T01:09:49.695-0500] {processor.py:830} INFO - Processing file /opt/airflow/dags/dag_estimar_riesgo_disrupcion.py for tasks to queue
[2026-07-09T01:09:49.696-0500] {logging_mixin.py:188} INFO - [2026-07-09T01:09:49.696-0500] {dagbag.py:545} INFO - Filling up the DagBag from /opt/airflow/dags/dag_estimar_riesgo_disrupcion.py
[2026-07-09T01:09:50.047-0500] {processor.py:840} INFO - DAG(s) 'aerotrack_travel_riesgo_disrupcion' retrieved from /opt/airflow/dags/dag_estimar_riesgo_disrupcion.py
[2026-07-09T01:09:50.075-0500] {logging_mixin.py:188} INFO - [2026-07-09T01:09:50.074-0500] {dag.py:3089} INFO - Sync 1 DAGs
[2026-07-09T01:09:50.091-0500] {logging_mixin.py:188} INFO - [2026-07-09T01:09:50.091-0500] {dag.py:3947} INFO - Setting next_dagrun for aerotrack_travel_riesgo_disrupcion to 2026-07-09 00:00:00+00:00, run_after=2026-07-10 00:00:00+00:00
[2026-07-09T01:09:50.106-0500] {processor.py:183} INFO - Processing /opt/airflow/dags/dag_estimar_riesgo_disrupcion.py took 0.416 seconds
[2026-07-09T01:10:20.399-0500] {processor.py:161} INFO - Started process (PID=8588) to work on /opt/airflow/dags/dag_estimar_riesgo_disrupcion.py
[2026-07-09T01:10:20.400-0500] {processor.py:830} INFO - Processing file /opt/airflow/dags/dag_estimar_riesgo_disrupcion.py for tasks to queue
[2026-07-09T01:10:20.402-0500] {logging_mixin.py:188} INFO - [2026-07-09T01:10:20.401-0500] {dagbag.py:545} INFO - Filling up the DagBag from /opt/airflow/dags/dag_estimar_riesgo_disrupcion.py
[2026-07-09T01:10:20.775-0500] {processor.py:840} INFO - DAG(s) 'aerotrack_travel_riesgo_disrupcion' retrieved from /opt/airflow/dags/dag_estimar_riesgo_disrupcion.py
[2026-07-09T01:10:20.803-0500] {logging_mixin.py:188} INFO - [2026-07-09T01:10:20.802-0500] {dag.py:3089} INFO - Sync 1 DAGs
[2026-07-09T01:10:20.818-0500] {logging_mixin.py:188} INFO - [2026-07-09T01:10:20.818-0500] {dag.py:3947} INFO - Setting next_dagrun for aerotrack_travel_riesgo_disrupcion to 2026-07-09 00:00:00+00:00, run_after=2026-07-10 00:00:00+00:00
[2026-07-09T01:10:20.837-0500] {processor.py:183} INFO - Processing /opt/airflow/dags/dag_estimar_riesgo_disrupcion.py took 0.442 seconds
[2026-07-09T01:10:51.153-0500] {processor.py:161} INFO - Started process (PID=8615) to work on /opt/airflow/dags/dag_estimar_riesgo_disrupcion.py
[2026-07-09T01:10:51.154-0500] {processor.py:830} INFO - Processing file /opt/airflow/dags/dag_estimar_riesgo_disrupcion.py for tasks to queue
[2026-07-09T01:10:51.155-0500] {logging_mixin.py:188} INFO - [2026-07-09T01:10:51.155-0500] {dagbag.py:545} INFO - Filling up the DagBag from /opt/airflow/dags/dag_estimar_riesgo_disrupcion.py
[2026-07-09T01:10:51.527-0500] {processor.py:840} INFO - DAG(s) 'aerotrack_travel_riesgo_disrupcion' retrieved from /opt/airflow/dags/dag_estimar_riesgo_disrupcion.py
[2026-07-09T01:10:51.558-0500] {logging_mixin.py:188} INFO - [2026-07-09T01:10:51.558-0500] {dag.py:3089} INFO - Sync 1 DAGs
[2026-07-09T01:10:51.575-0500] {logging_mixin.py:188} INFO - [2026-07-09T01:10:51.575-0500] {dag.py:3947} INFO - Setting next_dagrun for aerotrack_travel_riesgo_disrupcion to 2026-07-09 00:00:00+00:00, run_after=2026-07-10 00:00:00+00:00
[2026-07-09T01:10:51.588-0500] {processor.py:183} INFO - Processing /opt/airflow/dags/dag_estimar_riesgo_disrupcion.py took 0.440 seconds
[2026-07-09T01:11:21.994-0500] {processor.py:161} INFO - Started process (PID=8642) to work on /opt/airflow/dags/dag_estimar_riesgo_disrupcion.py
[2026-07-09T01:11:21.995-0500] {processor.py:830} INFO - Processing file /opt/airflow/dags/dag_estimar_riesgo_disrupcion.py for tasks to queue
[2026-07-09T01:11:21.997-0500] {logging_mixin.py:188} INFO - [2026-07-09T01:11:21.997-0500] {dagbag.py:545} INFO - Filling up the DagBag from /opt/airflow/dags/dag_estimar_riesgo_disrupcion.py
[2026-07-09T01:11:22.391-0500] {processor.py:840} INFO - DAG(s) 'aerotrack_travel_riesgo_disrupcion' retrieved from /opt/airflow/dags/dag_estimar_riesgo_disrupcion.py
[2026-07-09T01:11:22.423-0500] {logging_mixin.py:188} INFO - [2026-07-09T01:11:22.422-0500] {dag.py:3089} INFO - Sync 1 DAGs
[2026-07-09T01:11:22.442-0500] {logging_mixin.py:188} INFO - [2026-07-09T01:11:22.442-0500] {dag.py:3947} INFO - Setting next_dagrun for aerotrack_travel_riesgo_disrupcion to 2026-07-09 00:00:00+00:00, run_after=2026-07-10 00:00:00+00:00
[2026-07-09T01:11:22.457-0500] {processor.py:183} INFO - Processing /opt/airflow/dags/dag_estimar_riesgo_disrupcion.py took 0.469 seconds
[2026-07-09T01:11:52.868-0500] {processor.py:161} INFO - Started process (PID=8669) to work on /opt/airflow/dags/dag_estimar_riesgo_disrupcion.py
[2026-07-09T01:11:52.869-0500] {processor.py:830} INFO - Processing file /opt/airflow/dags/dag_estimar_riesgo_disrupcion.py for tasks to queue
[2026-07-09T01:11:52.871-0500] {logging_mixin.py:188} INFO - [2026-07-09T01:11:52.870-0500] {dagbag.py:545} INFO - Filling up the DagBag from /opt/airflow/dags/dag_estimar_riesgo_disrupcion.py
[2026-07-09T01:11:53.271-0500] {processor.py:840} INFO - DAG(s) 'aerotrack_travel_riesgo_disrupcion' retrieved from /opt/airflow/dags/dag_estimar_riesgo_disrupcion.py
[2026-07-09T01:11:53.299-0500] {logging_mixin.py:188} INFO - [2026-07-09T01:11:53.298-0500] {dag.py:3089} INFO - Sync 1 DAGs
[2026-07-09T01:11:53.315-0500] {logging_mixin.py:188} INFO - [2026-07-09T01:11:53.315-0500] {dag.py:3947} INFO - Setting next_dagrun for aerotrack_travel_riesgo_disrupcion to 2026-07-09 00:00:00+00:00, run_after=2026-07-10 00:00:00+00:00
[2026-07-09T01:11:53.330-0500] {processor.py:183} INFO - Processing /opt/airflow/dags/dag_estimar_riesgo_disrupcion.py took 0.466 seconds
[2026-07-09T01:12:23.657-0500] {processor.py:161} INFO - Started process (PID=8696) to work on /opt/airflow/dags/dag_estimar_riesgo_disrupcion.py
[2026-07-09T01:12:23.658-0500] {processor.py:830} INFO - Processing file /opt/airflow/dags/dag_estimar_riesgo_disrupcion.py for tasks to queue
[2026-07-09T01:12:23.659-0500] {logging_mixin.py:188} INFO - [2026-07-09T01:12:23.659-0500] {dagbag.py:545} INFO - Filling up the DagBag from /opt/airflow/dags/dag_estimar_riesgo_disrupcion.py
[2026-07-09T01:12:24.051-0500] {processor.py:840} INFO - DAG(s) 'aerotrack_travel_riesgo_disrupcion' retrieved from /opt/airflow/dags/dag_estimar_riesgo_disrupcion.py
[2026-07-09T01:12:24.080-0500] {logging_mixin.py:188} INFO - [2026-07-09T01:12:24.080-0500] {dag.py:3089} INFO - Sync 1 DAGs
[2026-07-09T01:12:24.098-0500] {logging_mixin.py:188} INFO - [2026-07-09T01:12:24.097-0500] {dag.py:3947} INFO - Setting next_dagrun for aerotrack_travel_riesgo_disrupcion to 2026-07-09 00:00:00+00:00, run_after=2026-07-10 00:00:00+00:00
[2026-07-09T01:12:24.112-0500] {processor.py:183} INFO - Processing /opt/airflow/dags/dag_estimar_riesgo_disrupcion.py took 0.460 seconds
[2026-07-09T01:12:54.566-0500] {processor.py:161} INFO - Started process (PID=8723) to work on /opt/airflow/dags/dag_estimar_riesgo_disrupcion.py
[2026-07-09T01:12:54.567-0500] {processor.py:830} INFO - Processing file /opt/airflow/dags/dag_estimar_riesgo_disrupcion.py for tasks to queue
[2026-07-09T01:12:54.569-0500] {logging_mixin.py:188} INFO - [2026-07-09T01:12:54.569-0500] {dagbag.py:545} INFO - Filling up the DagBag from /opt/airflow/dags/dag_estimar_riesgo_disrupcion.py
[2026-07-09T01:12:54.970-0500] {processor.py:840} INFO - DAG(s) 'aerotrack_travel_riesgo_disrupcion' retrieved from /opt/airflow/dags/dag_estimar_riesgo_disrupcion.py
[2026-07-09T01:12:55.002-0500] {logging_mixin.py:188} INFO - [2026-07-09T01:12:55.002-0500] {dag.py:3089} INFO - Sync 1 DAGs
[2026-07-09T01:12:55.019-0500] {logging_mixin.py:188} INFO - [2026-07-09T01:12:55.019-0500] {dag.py:3947} INFO - Setting next_dagrun for aerotrack_travel_riesgo_disrupcion to 2026-07-09 00:00:00+00:00, run_after=2026-07-10 00:00:00+00:00
[2026-07-09T01:12:55.034-0500] {processor.py:183} INFO - Processing /opt/airflow/dags/dag_estimar_riesgo_disrupcion.py took 0.473 seconds
[2026-07-09T01:13:25.337-0500] {processor.py:161} INFO - Started process (PID=8750) to work on /opt/airflow/dags/dag_estimar_riesgo_disrupcion.py
[2026-07-09T01:13:25.338-0500] {processor.py:830} INFO - Processing file /opt/airflow/dags/dag_estimar_riesgo_disrupcion.py for tasks to queue
[2026-07-09T01:13:25.339-0500] {logging_mixin.py:188} INFO - [2026-07-09T01:13:25.339-0500] {dagbag.py:545} INFO - Filling up the DagBag from /opt/airflow/dags/dag_estimar_riesgo_disrupcion.py
[2026-07-09T01:13:25.749-0500] {processor.py:840} INFO - DAG(s) 'aerotrack_travel_riesgo_disrupcion' retrieved from /opt/airflow/dags/dag_estimar_riesgo_disrupcion.py
[2026-07-09T01:13:25.785-0500] {logging_mixin.py:188} INFO - [2026-07-09T01:13:25.785-0500] {dag.py:3089} INFO - Sync 1 DAGs
[2026-07-09T01:13:25.802-0500] {logging_mixin.py:188} INFO - [2026-07-09T01:13:25.802-0500] {dag.py:3947} INFO - Setting next_dagrun for aerotrack_travel_riesgo_disrupcion to 2026-07-09 00:00:00+00:00, run_after=2026-07-10 00:00:00+00:00
[2026-07-09T01:13:25.820-0500] {processor.py:183} INFO - Processing /opt/airflow/dags/dag_estimar_riesgo_disrupcion.py took 0.487 seconds
[2026-07-09T01:13:56.164-0500] {processor.py:161} INFO - Started process (PID=8777) to work on /opt/airflow/dags/dag_estimar_riesgo_disrupcion.py
[2026-07-09T01:13:56.166-0500] {processor.py:830} INFO - Processing file /opt/airflow/dags/dag_estimar_riesgo_disrupcion.py for tasks to queue
[2026-07-09T01:13:56.167-0500] {logging_mixin.py:188} INFO - [2026-07-09T01:13:56.167-0500] {dagbag.py:545} INFO - Filling up the DagBag from /opt/airflow/dags/dag_estimar_riesgo_disrupcion.py
[2026-07-09T01:13:56.599-0500] {processor.py:840} INFO - DAG(s) 'aerotrack_travel_riesgo_disrupcion' retrieved from /opt/airflow/dags/dag_estimar_riesgo_disrupcion.py
[2026-07-09T01:13:56.659-0500] {logging_mixin.py:188} INFO - [2026-07-09T01:13:56.658-0500] {dag.py:3089} INFO - Sync 1 DAGs
[2026-07-09T01:13:56.691-0500] {logging_mixin.py:188} INFO - [2026-07-09T01:13:56.691-0500] {dag.py:3947} INFO - Setting next_dagrun for aerotrack_travel_riesgo_disrupcion to 2026-07-09 00:00:00+00:00, run_after=2026-07-10 00:00:00+00:00
[2026-07-09T01:13:56.716-0500] {processor.py:183} INFO - Processing /opt/airflow/dags/dag_estimar_riesgo_disrupcion.py took 0.556 seconds
[2026-07-09T01:14:27.089-0500] {processor.py:161} INFO - Started process (PID=8804) to work on /opt/airflow/dags/dag_estimar_riesgo_disrupcion.py
[2026-07-09T01:14:27.090-0500] {processor.py:830} INFO - Processing file /opt/airflow/dags/dag_estimar_riesgo_disrupcion.py for tasks to queue
[2026-07-09T01:14:27.092-0500] {logging_mixin.py:188} INFO - [2026-07-09T01:14:27.091-0500] {dagbag.py:545} INFO - Filling up the DagBag from /opt/airflow/dags/dag_estimar_riesgo_disrupcion.py
[2026-07-09T01:14:27.489-0500] {processor.py:840} INFO - DAG(s) 'aerotrack_travel_riesgo_disrupcion' retrieved from /opt/airflow/dags/dag_estimar_riesgo_disrupcion.py
[2026-07-09T01:14:27.520-0500] {logging_mixin.py:188} INFO - [2026-07-09T01:14:27.520-0500] {dag.py:3089} INFO - Sync 1 DAGs
[2026-07-09T01:14:27.538-0500] {logging_mixin.py:188} INFO - [2026-07-09T01:14:27.538-0500] {dag.py:3947} INFO - Setting next_dagrun for aerotrack_travel_riesgo_disrupcion to 2026-07-09 00:00:00+00:00, run_after=2026-07-10 00:00:00+00:00
[2026-07-09T01:14:27.552-0500] {processor.py:183} INFO - Processing /opt/airflow/dags/dag_estimar_riesgo_disrupcion.py took 0.467 seconds
[2026-07-09T01:14:57.905-0500] {processor.py:161} INFO - Started process (PID=8831) to work on /opt/airflow/dags/dag_estimar_riesgo_disrupcion.py
[2026-07-09T01:14:57.906-0500] {processor.py:830} INFO - Processing file /opt/airflow/dags/dag_estimar_riesgo_disrupcion.py for tasks to queue
[2026-07-09T01:14:57.907-0500] {logging_mixin.py:188} INFO - [2026-07-09T01:14:57.907-0500] {dagbag.py:545} INFO - Filling up the DagBag from /opt/airflow/dags/dag_estimar_riesgo_disrupcion.py
[2026-07-09T01:14:58.400-0500] {processor.py:840} INFO - DAG(s) 'aerotrack_travel_riesgo_disrupcion' retrieved from /opt/airflow/dags/dag_estimar_riesgo_disrupcion.py
[2026-07-09T01:14:58.431-0500] {logging_mixin.py:188} INFO - [2026-07-09T01:14:58.431-0500] {dag.py:3089} INFO - Sync 1 DAGs
[2026-07-09T01:14:58.452-0500] {logging_mixin.py:188} INFO - [2026-07-09T01:14:58.452-0500] {dag.py:3947} INFO - Setting next_dagrun for aerotrack_travel_riesgo_disrupcion to 2026-07-09 00:00:00+00:00, run_after=2026-07-10 00:00:00+00:00
[2026-07-09T01:14:58.468-0500] {processor.py:183} INFO - Processing /opt/airflow/dags/dag_estimar_riesgo_disrupcion.py took 0.569 seconds
[2026-07-09T01:15:28.828-0500] {processor.py:161} INFO - Started process (PID=8858) to work on /opt/airflow/dags/dag_estimar_riesgo_disrupcion.py
[2026-07-09T01:15:28.830-0500] {processor.py:830} INFO - Processing file /opt/airflow/dags/dag_estimar_riesgo_disrupcion.py for tasks to queue
[2026-07-09T01:15:28.832-0500] {logging_mixin.py:188} INFO - [2026-07-09T01:15:28.832-0500] {dagbag.py:545} INFO - Filling up the DagBag from /opt/airflow/dags/dag_estimar_riesgo_disrupcion.py
[2026-07-09T01:15:29.310-0500] {processor.py:840} INFO - DAG(s) 'aerotrack_travel_riesgo_disrupcion' retrieved from /opt/airflow/dags/dag_estimar_riesgo_disrupcion.py
[2026-07-09T01:15:29.344-0500] {logging_mixin.py:188} INFO - [2026-07-09T01:15:29.343-0500] {dag.py:3089} INFO - Sync 1 DAGs
[2026-07-09T01:15:29.363-0500] {logging_mixin.py:188} INFO - [2026-07-09T01:15:29.363-0500] {dag.py:3947} INFO - Setting next_dagrun for aerotrack_travel_riesgo_disrupcion to 2026-07-09 00:00:00+00:00, run_after=2026-07-10 00:00:00+00:00
[2026-07-09T01:15:29.378-0500] {processor.py:183} INFO - Processing /opt/airflow/dags/dag_estimar_riesgo_disrupcion.py took 0.558 seconds
[2026-07-09T01:15:59.711-0500] {processor.py:161} INFO - Started process (PID=8885) to work on /opt/airflow/dags/dag_estimar_riesgo_disrupcion.py
[2026-07-09T01:15:59.712-0500] {processor.py:830} INFO - Processing file /opt/airflow/dags/dag_estimar_riesgo_disrupcion.py for tasks to queue
[2026-07-09T01:15:59.714-0500] {logging_mixin.py:188} INFO - [2026-07-09T01:15:59.714-0500] {dagbag.py:545} INFO - Filling up the DagBag from /opt/airflow/dags/dag_estimar_riesgo_disrupcion.py
[2026-07-09T01:16:00.158-0500] {processor.py:840} INFO - DAG(s) 'aerotrack_travel_riesgo_disrupcion' retrieved from /opt/airflow/dags/dag_estimar_riesgo_disrupcion.py
[2026-07-09T01:16:00.192-0500] {logging_mixin.py:188} INFO - [2026-07-09T01:16:00.191-0500] {dag.py:3089} INFO - Sync 1 DAGs
[2026-07-09T01:16:00.209-0500] {logging_mixin.py:188} INFO - [2026-07-09T01:16:00.209-0500] {dag.py:3947} INFO - Setting next_dagrun for aerotrack_travel_riesgo_disrupcion to 2026-07-09 00:00:00+00:00, run_after=2026-07-10 00:00:00+00:00
[2026-07-09T01:16:00.223-0500] {processor.py:183} INFO - Processing /opt/airflow/dags/dag_estimar_riesgo_disrupcion.py took 0.517 seconds
[2026-07-09T01:16:30.784-0500] {processor.py:161} INFO - Started process (PID=8912) to work on /opt/airflow/dags/dag_estimar_riesgo_disrupcion.py
[2026-07-09T01:16:30.785-0500] {processor.py:830} INFO - Processing file /opt/airflow/dags/dag_estimar_riesgo_disrupcion.py for tasks to queue
[2026-07-09T01:16:30.786-0500] {logging_mixin.py:188} INFO - [2026-07-09T01:16:30.786-0500] {dagbag.py:545} INFO - Filling up the DagBag from /opt/airflow/dags/dag_estimar_riesgo_disrupcion.py
[2026-07-09T01:16:31.214-0500] {processor.py:840} INFO - DAG(s) 'aerotrack_travel_riesgo_disrupcion' retrieved from /opt/airflow/dags/dag_estimar_riesgo_disrupcion.py
[2026-07-09T01:16:31.249-0500] {logging_mixin.py:188} INFO - [2026-07-09T01:16:31.248-0500] {dag.py:3089} INFO - Sync 1 DAGs
[2026-07-09T01:16:31.267-0500] {logging_mixin.py:188} INFO - [2026-07-09T01:16:31.267-0500] {dag.py:3947} INFO - Setting next_dagrun for aerotrack_travel_riesgo_disrupcion to 2026-07-09 00:00:00+00:00, run_after=2026-07-10 00:00:00+00:00
[2026-07-09T01:16:31.283-0500] {processor.py:183} INFO - Processing /opt/airflow/dags/dag_estimar_riesgo_disrupcion.py took 0.504 seconds
[2026-07-09T01:17:01.628-0500] {processor.py:161} INFO - Started process (PID=8939) to work on /opt/airflow/dags/dag_estimar_riesgo_disrupcion.py
[2026-07-09T01:17:01.629-0500] {processor.py:830} INFO - Processing file /opt/airflow/dags/dag_estimar_riesgo_disrupcion.py for tasks to queue
[2026-07-09T01:17:01.630-0500] {logging_mixin.py:188} INFO - [2026-07-09T01:17:01.630-0500] {dagbag.py:545} INFO - Filling up the DagBag from /opt/airflow/dags/dag_estimar_riesgo_disrupcion.py
[2026-07-09T01:17:02.026-0500] {processor.py:840} INFO - DAG(s) 'aerotrack_travel_riesgo_disrupcion' retrieved from /opt/airflow/dags/dag_estimar_riesgo_disrupcion.py
[2026-07-09T01:17:02.059-0500] {logging_mixin.py:188} INFO - [2026-07-09T01:17:02.059-0500] {dag.py:3089} INFO - Sync 1 DAGs
[2026-07-09T01:17:02.078-0500] {logging_mixin.py:188} INFO - [2026-07-09T01:17:02.078-0500] {dag.py:3947} INFO - Setting next_dagrun for aerotrack_travel_riesgo_disrupcion to 2026-07-09 00:00:00+00:00, run_after=2026-07-10 00:00:00+00:00
[2026-07-09T01:17:02.094-0500] {processor.py:183} INFO - Processing /opt/airflow/dags/dag_estimar_riesgo_disrupcion.py took 0.471 seconds
[2026-07-09T01:17:32.511-0500] {processor.py:161} INFO - Started process (PID=8966) to work on /opt/airflow/dags/dag_estimar_riesgo_disrupcion.py
[2026-07-09T01:17:32.511-0500] {processor.py:830} INFO - Processing file /opt/airflow/dags/dag_estimar_riesgo_disrupcion.py for tasks to queue
[2026-07-09T01:17:32.513-0500] {logging_mixin.py:188} INFO - [2026-07-09T01:17:32.513-0500] {dagbag.py:545} INFO - Filling up the DagBag from /opt/airflow/dags/dag_estimar_riesgo_disrupcion.py
[2026-07-09T01:17:32.905-0500] {processor.py:840} INFO - DAG(s) 'aerotrack_travel_riesgo_disrupcion' retrieved from /opt/airflow/dags/dag_estimar_riesgo_disrupcion.py
[2026-07-09T01:17:32.936-0500] {logging_mixin.py:188} INFO - [2026-07-09T01:17:32.935-0500] {dag.py:3089} INFO - Sync 1 DAGs
[2026-07-09T01:17:32.955-0500] {logging_mixin.py:188} INFO - [2026-07-09T01:17:32.955-0500] {dag.py:3947} INFO - Setting next_dagrun for aerotrack_travel_riesgo_disrupcion to 2026-07-09 00:00:00+00:00, run_after=2026-07-10 00:00:00+00:00
[2026-07-09T01:17:32.969-0500] {processor.py:183} INFO - Processing /opt/airflow/dags/dag_estimar_riesgo_disrupcion.py took 0.463 seconds
[2026-07-09T01:18:03.358-0500] {processor.py:161} INFO - Started process (PID=8993) to work on /opt/airflow/dags/dag_estimar_riesgo_disrupcion.py
[2026-07-09T01:18:03.359-0500] {processor.py:830} INFO - Processing file /opt/airflow/dags/dag_estimar_riesgo_disrupcion.py for tasks to queue
[2026-07-09T01:18:03.360-0500] {logging_mixin.py:188} INFO - [2026-07-09T01:18:03.360-0500] {dagbag.py:545} INFO - Filling up the DagBag from /opt/airflow/dags/dag_estimar_riesgo_disrupcion.py
[2026-07-09T01:18:03.742-0500] {processor.py:840} INFO - DAG(s) 'aerotrack_travel_riesgo_disrupcion' retrieved from /opt/airflow/dags/dag_estimar_riesgo_disrupcion.py
[2026-07-09T01:18:03.772-0500] {logging_mixin.py:188} INFO - [2026-07-09T01:18:03.772-0500] {dag.py:3089} INFO - Sync 1 DAGs
[2026-07-09T01:18:03.788-0500] {logging_mixin.py:188} INFO - [2026-07-09T01:18:03.787-0500] {dag.py:3947} INFO - Setting next_dagrun for aerotrack_travel_riesgo_disrupcion to 2026-07-09 00:00:00+00:00, run_after=2026-07-10 00:00:00+00:00
[2026-07-09T01:18:03.801-0500] {processor.py:183} INFO - Processing /opt/airflow/dags/dag_estimar_riesgo_disrupcion.py took 0.448 seconds
[2026-07-09T01:18:34.136-0500] {processor.py:161} INFO - Started process (PID=9020) to work on /opt/airflow/dags/dag_estimar_riesgo_disrupcion.py
[2026-07-09T01:18:34.137-0500] {processor.py:830} INFO - Processing file /opt/airflow/dags/dag_estimar_riesgo_disrupcion.py for tasks to queue
[2026-07-09T01:18:34.139-0500] {logging_mixin.py:188} INFO - [2026-07-09T01:18:34.139-0500] {dagbag.py:545} INFO - Filling up the DagBag from /opt/airflow/dags/dag_estimar_riesgo_disrupcion.py
[2026-07-09T01:18:34.528-0500] {processor.py:840} INFO - DAG(s) 'aerotrack_travel_riesgo_disrupcion' retrieved from /opt/airflow/dags/dag_estimar_riesgo_disrupcion.py
[2026-07-09T01:18:34.556-0500] {logging_mixin.py:188} INFO - [2026-07-09T01:18:34.555-0500] {dag.py:3089} INFO - Sync 1 DAGs
[2026-07-09T01:18:34.573-0500] {logging_mixin.py:188} INFO - [2026-07-09T01:18:34.573-0500] {dag.py:3947} INFO - Setting next_dagrun for aerotrack_travel_riesgo_disrupcion to 2026-07-09 00:00:00+00:00, run_after=2026-07-10 00:00:00+00:00
[2026-07-09T01:18:34.587-0500] {processor.py:183} INFO - Processing /opt/airflow/dags/dag_estimar_riesgo_disrupcion.py took 0.455 seconds
[2026-07-09T01:19:04.881-0500] {processor.py:161} INFO - Started process (PID=9047) to work on /opt/airflow/dags/dag_estimar_riesgo_disrupcion.py
[2026-07-09T01:19:04.882-0500] {processor.py:830} INFO - Processing file /opt/airflow/dags/dag_estimar_riesgo_disrupcion.py for tasks to queue
[2026-07-09T01:19:04.883-0500] {logging_mixin.py:188} INFO - [2026-07-09T01:19:04.883-0500] {dagbag.py:545} INFO - Filling up the DagBag from /opt/airflow/dags/dag_estimar_riesgo_disrupcion.py
[2026-07-09T01:19:05.281-0500] {processor.py:840} INFO - DAG(s) 'aerotrack_travel_riesgo_disrupcion' retrieved from /opt/airflow/dags/dag_estimar_riesgo_disrupcion.py
[2026-07-09T01:19:05.311-0500] {logging_mixin.py:188} INFO - [2026-07-09T01:19:05.311-0500] {dag.py:3089} INFO - Sync 1 DAGs
[2026-07-09T01:19:05.327-0500] {logging_mixin.py:188} INFO - [2026-07-09T01:19:05.327-0500] {dag.py:3947} INFO - Setting next_dagrun for aerotrack_travel_riesgo_disrupcion to 2026-07-09 00:00:00+00:00, run_after=2026-07-10 00:00:00+00:00
[2026-07-09T01:19:05.341-0500] {processor.py:183} INFO - Processing /opt/airflow/dags/dag_estimar_riesgo_disrupcion.py took 0.465 seconds
[2026-07-09T01:19:35.737-0500] {processor.py:161} INFO - Started process (PID=9074) to work on /opt/airflow/dags/dag_estimar_riesgo_disrupcion.py
[2026-07-09T01:19:35.738-0500] {processor.py:830} INFO - Processing file /opt/airflow/dags/dag_estimar_riesgo_disrupcion.py for tasks to queue
[2026-07-09T01:19:35.743-0500] {logging_mixin.py:188} INFO - [2026-07-09T01:19:35.743-0500] {dagbag.py:545} INFO - Filling up the DagBag from /opt/airflow/dags/dag_estimar_riesgo_disrupcion.py
[2026-07-09T01:19:36.148-0500] {processor.py:840} INFO - DAG(s) 'aerotrack_travel_riesgo_disrupcion' retrieved from /opt/airflow/dags/dag_estimar_riesgo_disrupcion.py
[2026-07-09T01:19:36.178-0500] {logging_mixin.py:188} INFO - [2026-07-09T01:19:36.178-0500] {dag.py:3089} INFO - Sync 1 DAGs
[2026-07-09T01:19:36.196-0500] {logging_mixin.py:188} INFO - [2026-07-09T01:19:36.195-0500] {dag.py:3947} INFO - Setting next_dagrun for aerotrack_travel_riesgo_disrupcion to 2026-07-09 00:00:00+00:00, run_after=2026-07-10 00:00:00+00:00
[2026-07-09T01:19:36.211-0500] {processor.py:183} INFO - Processing /opt/airflow/dags/dag_estimar_riesgo_disrupcion.py took 0.479 seconds
[2026-07-09T01:20:06.647-0500] {processor.py:161} INFO - Started process (PID=9101) to work on /opt/airflow/dags/dag_estimar_riesgo_disrupcion.py
[2026-07-09T01:20:06.647-0500] {processor.py:830} INFO - Processing file /opt/airflow/dags/dag_estimar_riesgo_disrupcion.py for tasks to queue
[2026-07-09T01:20:06.649-0500] {logging_mixin.py:188} INFO - [2026-07-09T01:20:06.649-0500] {dagbag.py:545} INFO - Filling up the DagBag from /opt/airflow/dags/dag_estimar_riesgo_disrupcion.py
[2026-07-09T01:20:07.061-0500] {processor.py:840} INFO - DAG(s) 'aerotrack_travel_riesgo_disrupcion' retrieved from /opt/airflow/dags/dag_estimar_riesgo_disrupcion.py
[2026-07-09T01:20:07.093-0500] {logging_mixin.py:188} INFO - [2026-07-09T01:20:07.092-0500] {dag.py:3089} INFO - Sync 1 DAGs
[2026-07-09T01:20:07.111-0500] {logging_mixin.py:188} INFO - [2026-07-09T01:20:07.110-0500] {dag.py:3947} INFO - Setting next_dagrun for aerotrack_travel_riesgo_disrupcion to 2026-07-09 00:00:00+00:00, run_after=2026-07-10 00:00:00+00:00
[2026-07-09T01:20:07.125-0500] {processor.py:183} INFO - Processing /opt/airflow/dags/dag_estimar_riesgo_disrupcion.py took 0.483 seconds
[2026-07-09T01:20:37.515-0500] {processor.py:161} INFO - Started process (PID=9128) to work on /opt/airflow/dags/dag_estimar_riesgo_disrupcion.py
[2026-07-09T01:20:37.516-0500] {processor.py:830} INFO - Processing file /opt/airflow/dags/dag_estimar_riesgo_disrupcion.py for tasks to queue
[2026-07-09T01:20:37.518-0500] {logging_mixin.py:188} INFO - [2026-07-09T01:20:37.518-0500] {dagbag.py:545} INFO - Filling up the DagBag from /opt/airflow/dags/dag_estimar_riesgo_disrupcion.py
[2026-07-09T01:20:37.933-0500] {processor.py:840} INFO - DAG(s) 'aerotrack_travel_riesgo_disrupcion' retrieved from /opt/airflow/dags/dag_estimar_riesgo_disrupcion.py
[2026-07-09T01:20:37.966-0500] {logging_mixin.py:188} INFO - [2026-07-09T01:20:37.966-0500] {dag.py:3089} INFO - Sync 1 DAGs
[2026-07-09T01:20:37.983-0500] {logging_mixin.py:188} INFO - [2026-07-09T01:20:37.983-0500] {dag.py:3947} INFO - Setting next_dagrun for aerotrack_travel_riesgo_disrupcion to 2026-07-09 00:00:00+00:00, run_after=2026-07-10 00:00:00+00:00
[2026-07-09T01:20:37.999-0500] {processor.py:183} INFO - Processing /opt/airflow/dags/dag_estimar_riesgo_disrupcion.py took 0.488 seconds
[2026-07-09T01:21:08.323-0500] {processor.py:161} INFO - Started process (PID=9155) to work on /opt/airflow/dags/dag_estimar_riesgo_disrupcion.py
[2026-07-09T01:21:08.324-0500] {processor.py:830} INFO - Processing file /opt/airflow/dags/dag_estimar_riesgo_disrupcion.py for tasks to queue
[2026-07-09T01:21:08.325-0500] {logging_mixin.py:188} INFO - [2026-07-09T01:21:08.325-0500] {dagbag.py:545} INFO - Filling up the DagBag from /opt/airflow/dags/dag_estimar_riesgo_disrupcion.py
[2026-07-09T01:21:08.735-0500] {processor.py:840} INFO - DAG(s) 'aerotrack_travel_riesgo_disrupcion' retrieved from /opt/airflow/dags/dag_estimar_riesgo_disrupcion.py
[2026-07-09T01:21:08.766-0500] {logging_mixin.py:188} INFO - [2026-07-09T01:21:08.765-0500] {dag.py:3089} INFO - Sync 1 DAGs
[2026-07-09T01:21:08.782-0500] {logging_mixin.py:188} INFO - [2026-07-09T01:21:08.781-0500] {dag.py:3947} INFO - Setting next_dagrun for aerotrack_travel_riesgo_disrupcion to 2026-07-09 00:00:00+00:00, run_after=2026-07-10 00:00:00+00:00
[2026-07-09T01:21:08.796-0500] {processor.py:183} INFO - Processing /opt/airflow/dags/dag_estimar_riesgo_disrupcion.py took 0.477 seconds
[2026-07-09T01:21:39.214-0500] {processor.py:161} INFO - Started process (PID=9182) to work on /opt/airflow/dags/dag_estimar_riesgo_disrupcion.py
[2026-07-09T01:21:39.215-0500] {processor.py:830} INFO - Processing file /opt/airflow/dags/dag_estimar_riesgo_disrupcion.py for tasks to queue
[2026-07-09T01:21:39.216-0500] {logging_mixin.py:188} INFO - [2026-07-09T01:21:39.216-0500] {dagbag.py:545} INFO - Filling up the DagBag from /opt/airflow/dags/dag_estimar_riesgo_disrupcion.py
[2026-07-09T01:21:39.647-0500] {processor.py:840} INFO - DAG(s) 'aerotrack_travel_riesgo_disrupcion' retrieved from /opt/airflow/dags/dag_estimar_riesgo_disrupcion.py
[2026-07-09T01:21:39.705-0500] {logging_mixin.py:188} INFO - [2026-07-09T01:21:39.705-0500] {dag.py:3089} INFO - Sync 1 DAGs
[2026-07-09T01:21:39.723-0500] {logging_mixin.py:188} INFO - [2026-07-09T01:21:39.723-0500] {dag.py:3947} INFO - Setting next_dagrun for aerotrack_travel_riesgo_disrupcion to 2026-07-09 00:00:00+00:00, run_after=2026-07-10 00:00:00+00:00
[2026-07-09T01:21:39.739-0500] {processor.py:183} INFO - Processing /opt/airflow/dags/dag_estimar_riesgo_disrupcion.py took 0.531 seconds
[2026-07-09T01:22:10.057-0500] {processor.py:161} INFO - Started process (PID=9209) to work on /opt/airflow/dags/dag_estimar_riesgo_disrupcion.py
[2026-07-09T01:22:10.057-0500] {processor.py:830} INFO - Processing file /opt/airflow/dags/dag_estimar_riesgo_disrupcion.py for tasks to queue
[2026-07-09T01:22:10.059-0500] {logging_mixin.py:188} INFO - [2026-07-09T01:22:10.059-0500] {dagbag.py:545} INFO - Filling up the DagBag from /opt/airflow/dags/dag_estimar_riesgo_disrupcion.py
[2026-07-09T01:22:10.424-0500] {processor.py:840} INFO - DAG(s) 'aerotrack_travel_riesgo_disrupcion' retrieved from /opt/airflow/dags/dag_estimar_riesgo_disrupcion.py
[2026-07-09T01:22:10.460-0500] {logging_mixin.py:188} INFO - [2026-07-09T01:22:10.460-0500] {dag.py:3089} INFO - Sync 1 DAGs
[2026-07-09T01:22:10.477-0500] {logging_mixin.py:188} INFO - [2026-07-09T01:22:10.477-0500] {dag.py:3947} INFO - Setting next_dagrun for aerotrack_travel_riesgo_disrupcion to 2026-07-09 00:00:00+00:00, run_after=2026-07-10 00:00:00+00:00
[2026-07-09T01:22:10.493-0500] {processor.py:183} INFO - Processing /opt/airflow/dags/dag_estimar_riesgo_disrupcion.py took 0.440 seconds
[2026-07-09T01:22:40.834-0500] {processor.py:161} INFO - Started process (PID=9236) to work on /opt/airflow/dags/dag_estimar_riesgo_disrupcion.py
[2026-07-09T01:22:40.835-0500] {processor.py:830} INFO - Processing file /opt/airflow/dags/dag_estimar_riesgo_disrupcion.py for tasks to queue
[2026-07-09T01:22:40.837-0500] {logging_mixin.py:188} INFO - [2026-07-09T01:22:40.837-0500] {dagbag.py:545} INFO - Filling up the DagBag from /opt/airflow/dags/dag_estimar_riesgo_disrupcion.py
[2026-07-09T01:22:41.273-0500] {processor.py:840} INFO - DAG(s) 'aerotrack_travel_riesgo_disrupcion' retrieved from /opt/airflow/dags/dag_estimar_riesgo_disrupcion.py
[2026-07-09T01:22:41.309-0500] {logging_mixin.py:188} INFO - [2026-07-09T01:22:41.309-0500] {dag.py:3089} INFO - Sync 1 DAGs
[2026-07-09T01:22:41.329-0500] {logging_mixin.py:188} INFO - [2026-07-09T01:22:41.329-0500] {dag.py:3947} INFO - Setting next_dagrun for aerotrack_travel_riesgo_disrupcion to 2026-07-09 00:00:00+00:00, run_after=2026-07-10 00:00:00+00:00
[2026-07-09T01:22:41.345-0500] {processor.py:183} INFO - Processing /opt/airflow/dags/dag_estimar_riesgo_disrupcion.py took 0.516 seconds
[2026-07-09T01:23:11.670-0500] {processor.py:161} INFO - Started process (PID=9263) to work on /opt/airflow/dags/dag_estimar_riesgo_disrupcion.py
[2026-07-09T01:23:11.671-0500] {processor.py:830} INFO - Processing file /opt/airflow/dags/dag_estimar_riesgo_disrupcion.py for tasks to queue
[2026-07-09T01:23:11.673-0500] {logging_mixin.py:188} INFO - [2026-07-09T01:23:11.672-0500] {dagbag.py:545} INFO - Filling up the DagBag from /opt/airflow/dags/dag_estimar_riesgo_disrupcion.py
[2026-07-09T01:23:12.055-0500] {processor.py:840} INFO - DAG(s) 'aerotrack_travel_riesgo_disrupcion' retrieved from /opt/airflow/dags/dag_estimar_riesgo_disrupcion.py
[2026-07-09T01:23:12.085-0500] {logging_mixin.py:188} INFO - [2026-07-09T01:23:12.085-0500] {dag.py:3089} INFO - Sync 1 DAGs
[2026-07-09T01:23:12.102-0500] {logging_mixin.py:188} INFO - [2026-07-09T01:23:12.102-0500] {dag.py:3947} INFO - Setting next_dagrun for aerotrack_travel_riesgo_disrupcion to 2026-07-09 00:00:00+00:00, run_after=2026-07-10 00:00:00+00:00
[2026-07-09T01:23:12.116-0500] {processor.py:183} INFO - Processing /opt/airflow/dags/dag_estimar_riesgo_disrupcion.py took 0.450 seconds
[2026-07-09T01:23:42.436-0500] {processor.py:161} INFO - Started process (PID=9290) to work on /opt/airflow/dags/dag_estimar_riesgo_disrupcion.py
[2026-07-09T01:23:42.437-0500] {processor.py:830} INFO - Processing file /opt/airflow/dags/dag_estimar_riesgo_disrupcion.py for tasks to queue
[2026-07-09T01:23:42.438-0500] {logging_mixin.py:188} INFO - [2026-07-09T01:23:42.438-0500] {dagbag.py:545} INFO - Filling up the DagBag from /opt/airflow/dags/dag_estimar_riesgo_disrupcion.py
[2026-07-09T01:23:42.849-0500] {processor.py:840} INFO - DAG(s) 'aerotrack_travel_riesgo_disrupcion' retrieved from /opt/airflow/dags/dag_estimar_riesgo_disrupcion.py
[2026-07-09T01:23:42.880-0500] {logging_mixin.py:188} INFO - [2026-07-09T01:23:42.880-0500] {dag.py:3089} INFO - Sync 1 DAGs
[2026-07-09T01:23:42.898-0500] {logging_mixin.py:188} INFO - [2026-07-09T01:23:42.898-0500] {dag.py:3947} INFO - Setting next_dagrun for aerotrack_travel_riesgo_disrupcion to 2026-07-09 00:00:00+00:00, run_after=2026-07-10 00:00:00+00:00
[2026-07-09T01:23:42.911-0500] {processor.py:183} INFO - Processing /opt/airflow/dags/dag_estimar_riesgo_disrupcion.py took 0.480 seconds
[2026-07-09T01:24:13.263-0500] {processor.py:161} INFO - Started process (PID=9317) to work on /opt/airflow/dags/dag_estimar_riesgo_disrupcion.py
[2026-07-09T01:24:13.264-0500] {processor.py:830} INFO - Processing file /opt/airflow/dags/dag_estimar_riesgo_disrupcion.py for tasks to queue
[2026-07-09T01:24:13.266-0500] {logging_mixin.py:188} INFO - [2026-07-09T01:24:13.265-0500] {dagbag.py:545} INFO - Filling up the DagBag from /opt/airflow/dags/dag_estimar_riesgo_disrupcion.py
[2026-07-09T01:24:13.666-0500] {processor.py:840} INFO - DAG(s) 'aerotrack_travel_riesgo_disrupcion' retrieved from /opt/airflow/dags/dag_estimar_riesgo_disrupcion.py
[2026-07-09T01:24:13.696-0500] {logging_mixin.py:188} INFO - [2026-07-09T01:24:13.696-0500] {dag.py:3089} INFO - Sync 1 DAGs
[2026-07-09T01:24:13.713-0500] {logging_mixin.py:188} INFO - [2026-07-09T01:24:13.712-0500] {dag.py:3947} INFO - Setting next_dagrun for aerotrack_travel_riesgo_disrupcion to 2026-07-09 00:00:00+00:00, run_after=2026-07-10 00:00:00+00:00
[2026-07-09T01:24:13.726-0500] {processor.py:183} INFO - Processing /opt/airflow/dags/dag_estimar_riesgo_disrupcion.py took 0.467 seconds
[2026-07-09T01:24:44.036-0500] {processor.py:161} INFO - Started process (PID=9344) to work on /opt/airflow/dags/dag_estimar_riesgo_disrupcion.py
[2026-07-09T01:24:44.038-0500] {processor.py:830} INFO - Processing file /opt/airflow/dags/dag_estimar_riesgo_disrupcion.py for tasks to queue
[2026-07-09T01:24:44.039-0500] {logging_mixin.py:188} INFO - [2026-07-09T01:24:44.039-0500] {dagbag.py:545} INFO - Filling up the DagBag from /opt/airflow/dags/dag_estimar_riesgo_disrupcion.py
[2026-07-09T01:24:44.431-0500] {processor.py:840} INFO - DAG(s) 'aerotrack_travel_riesgo_disrupcion' retrieved from /opt/airflow/dags/dag_estimar_riesgo_disrupcion.py
[2026-07-09T01:24:44.459-0500] {logging_mixin.py:188} INFO - [2026-07-09T01:24:44.459-0500] {dag.py:3089} INFO - Sync 1 DAGs
[2026-07-09T01:24:44.475-0500] {logging_mixin.py:188} INFO - [2026-07-09T01:24:44.474-0500] {dag.py:3947} INFO - Setting next_dagrun for aerotrack_travel_riesgo_disrupcion to 2026-07-09 00:00:00+00:00, run_after=2026-07-10 00:00:00+00:00
[2026-07-09T01:24:44.488-0500] {processor.py:183} INFO - Processing /opt/airflow/dags/dag_estimar_riesgo_disrupcion.py took 0.457 seconds
[2026-07-09T01:25:15.023-0500] {processor.py:161} INFO - Started process (PID=9371) to work on /opt/airflow/dags/dag_estimar_riesgo_disrupcion.py
[2026-07-09T01:25:15.023-0500] {processor.py:830} INFO - Processing file /opt/airflow/dags/dag_estimar_riesgo_disrupcion.py for tasks to queue
[2026-07-09T01:25:15.025-0500] {logging_mixin.py:188} INFO - [2026-07-09T01:25:15.025-0500] {dagbag.py:545} INFO - Filling up the DagBag from /opt/airflow/dags/dag_estimar_riesgo_disrupcion.py
[2026-07-09T01:25:15.515-0500] {processor.py:840} INFO - DAG(s) 'aerotrack_travel_riesgo_disrupcion' retrieved from /opt/airflow/dags/dag_estimar_riesgo_disrupcion.py
[2026-07-09T01:25:15.557-0500] {logging_mixin.py:188} INFO - [2026-07-09T01:25:15.557-0500] {dag.py:3089} INFO - Sync 1 DAGs
[2026-07-09T01:25:15.573-0500] {logging_mixin.py:188} INFO - [2026-07-09T01:25:15.573-0500] {dag.py:3947} INFO - Setting next_dagrun for aerotrack_travel_riesgo_disrupcion to 2026-07-09 00:00:00+00:00, run_after=2026-07-10 00:00:00+00:00
[2026-07-09T01:25:15.587-0500] {processor.py:183} INFO - Processing /opt/airflow/dags/dag_estimar_riesgo_disrupcion.py took 0.570 seconds
[2026-07-09T01:25:45.991-0500] {processor.py:161} INFO - Started process (PID=9398) to work on /opt/airflow/dags/dag_estimar_riesgo_disrupcion.py
[2026-07-09T01:25:45.992-0500] {processor.py:830} INFO - Processing file /opt/airflow/dags/dag_estimar_riesgo_disrupcion.py for tasks to queue
[2026-07-09T01:25:45.994-0500] {logging_mixin.py:188} INFO - [2026-07-09T01:25:45.993-0500] {dagbag.py:545} INFO - Filling up the DagBag from /opt/airflow/dags/dag_estimar_riesgo_disrupcion.py
[2026-07-09T01:25:46.404-0500] {processor.py:840} INFO - DAG(s) 'aerotrack_travel_riesgo_disrupcion' retrieved from /opt/airflow/dags/dag_estimar_riesgo_disrupcion.py
[2026-07-09T01:25:46.436-0500] {logging_mixin.py:188} INFO - [2026-07-09T01:25:46.435-0500] {dag.py:3089} INFO - Sync 1 DAGs
[2026-07-09T01:25:46.457-0500] {logging_mixin.py:188} INFO - [2026-07-09T01:25:46.457-0500] {dag.py:3947} INFO - Setting next_dagrun for aerotrack_travel_riesgo_disrupcion to 2026-07-09 00:00:00+00:00, run_after=2026-07-10 00:00:00+00:00
[2026-07-09T01:25:46.473-0500] {processor.py:183} INFO - Processing /opt/airflow/dags/dag_estimar_riesgo_disrupcion.py took 0.486 seconds
[2026-07-09T01:26:16.773-0500] {processor.py:161} INFO - Started process (PID=9425) to work on /opt/airflow/dags/dag_estimar_riesgo_disrupcion.py
[2026-07-09T01:26:16.774-0500] {processor.py:830} INFO - Processing file /opt/airflow/dags/dag_estimar_riesgo_disrupcion.py for tasks to queue
[2026-07-09T01:26:16.776-0500] {logging_mixin.py:188} INFO - [2026-07-09T01:26:16.775-0500] {dagbag.py:545} INFO - Filling up the DagBag from /opt/airflow/dags/dag_estimar_riesgo_disrupcion.py
[2026-07-09T01:26:17.159-0500] {processor.py:840} INFO - DAG(s) 'aerotrack_travel_riesgo_disrupcion' retrieved from /opt/airflow/dags/dag_estimar_riesgo_disrupcion.py
[2026-07-09T01:26:17.186-0500] {logging_mixin.py:188} INFO - [2026-07-09T01:26:17.186-0500] {dag.py:3089} INFO - Sync 1 DAGs
[2026-07-09T01:26:17.203-0500] {logging_mixin.py:188} INFO - [2026-07-09T01:26:17.203-0500] {dag.py:3947} INFO - Setting next_dagrun for aerotrack_travel_riesgo_disrupcion to 2026-07-09 00:00:00+00:00, run_after=2026-07-10 00:00:00+00:00
[2026-07-09T01:26:17.217-0500] {processor.py:183} INFO - Processing /opt/airflow/dags/dag_estimar_riesgo_disrupcion.py took 0.449 seconds
[2026-07-09T01:26:47.797-0500] {processor.py:161} INFO - Started process (PID=9452) to work on /opt/airflow/dags/dag_estimar_riesgo_disrupcion.py
[2026-07-09T01:26:47.797-0500] {processor.py:830} INFO - Processing file /opt/airflow/dags/dag_estimar_riesgo_disrupcion.py for tasks to queue
[2026-07-09T01:26:47.799-0500] {logging_mixin.py:188} INFO - [2026-07-09T01:26:47.799-0500] {dagbag.py:545} INFO - Filling up the DagBag from /opt/airflow/dags/dag_estimar_riesgo_disrupcion.py
[2026-07-09T01:26:48.209-0500] {processor.py:840} INFO - DAG(s) 'aerotrack_travel_riesgo_disrupcion' retrieved from /opt/airflow/dags/dag_estimar_riesgo_disrupcion.py
[2026-07-09T01:26:48.238-0500] {logging_mixin.py:188} INFO - [2026-07-09T01:26:48.238-0500] {dag.py:3089} INFO - Sync 1 DAGs
[2026-07-09T01:26:48.259-0500] {logging_mixin.py:188} INFO - [2026-07-09T01:26:48.259-0500] {dag.py:3947} INFO - Setting next_dagrun for aerotrack_travel_riesgo_disrupcion to 2026-07-09 00:00:00+00:00, run_after=2026-07-10 00:00:00+00:00
[2026-07-09T01:26:48.275-0500] {processor.py:183} INFO - Processing /opt/airflow/dags/dag_estimar_riesgo_disrupcion.py took 0.483 seconds
[2026-07-09T01:27:18.595-0500] {processor.py:161} INFO - Started process (PID=9479) to work on /opt/airflow/dags/dag_estimar_riesgo_disrupcion.py
[2026-07-09T01:27:18.595-0500] {processor.py:830} INFO - Processing file /opt/airflow/dags/dag_estimar_riesgo_disrupcion.py for tasks to queue
[2026-07-09T01:27:18.597-0500] {logging_mixin.py:188} INFO - [2026-07-09T01:27:18.597-0500] {dagbag.py:545} INFO - Filling up the DagBag from /opt/airflow/dags/dag_estimar_riesgo_disrupcion.py
[2026-07-09T01:27:18.975-0500] {processor.py:840} INFO - DAG(s) 'aerotrack_travel_riesgo_disrupcion' retrieved from /opt/airflow/dags/dag_estimar_riesgo_disrupcion.py
[2026-07-09T01:27:19.008-0500] {logging_mixin.py:188} INFO - [2026-07-09T01:27:19.007-0500] {dag.py:3089} INFO - Sync 1 DAGs
[2026-07-09T01:27:19.026-0500] {logging_mixin.py:188} INFO - [2026-07-09T01:27:19.026-0500] {dag.py:3947} INFO - Setting next_dagrun for aerotrack_travel_riesgo_disrupcion to 2026-07-09 00:00:00+00:00, run_after=2026-07-10 00:00:00+00:00
[2026-07-09T01:27:19.039-0500] {processor.py:183} INFO - Processing /opt/airflow/dags/dag_estimar_riesgo_disrupcion.py took 0.449 seconds
[2026-07-09T01:27:49.360-0500] {processor.py:161} INFO - Started process (PID=9506) to work on /opt/airflow/dags/dag_estimar_riesgo_disrupcion.py
[2026-07-09T01:27:49.362-0500] {processor.py:830} INFO - Processing file /opt/airflow/dags/dag_estimar_riesgo_disrupcion.py for tasks to queue
[2026-07-09T01:27:49.364-0500] {logging_mixin.py:188} INFO - [2026-07-09T01:27:49.363-0500] {dagbag.py:545} INFO - Filling up the DagBag from /opt/airflow/dags/dag_estimar_riesgo_disrupcion.py
[2026-07-09T01:27:49.848-0500] {processor.py:840} INFO - DAG(s) 'aerotrack_travel_riesgo_disrupcion' retrieved from /opt/airflow/dags/dag_estimar_riesgo_disrupcion.py
[2026-07-09T01:27:49.879-0500] {logging_mixin.py:188} INFO - [2026-07-09T01:27:49.879-0500] {dag.py:3089} INFO - Sync 1 DAGs
[2026-07-09T01:27:49.896-0500] {logging_mixin.py:188} INFO - [2026-07-09T01:27:49.896-0500] {dag.py:3947} INFO - Setting next_dagrun for aerotrack_travel_riesgo_disrupcion to 2026-07-09 00:00:00+00:00, run_after=2026-07-10 00:00:00+00:00
[2026-07-09T01:27:49.911-0500] {processor.py:183} INFO - Processing /opt/airflow/dags/dag_estimar_riesgo_disrupcion.py took 0.556 seconds
[2026-07-09T01:28:20.341-0500] {processor.py:161} INFO - Started process (PID=9533) to work on /opt/airflow/dags/dag_estimar_riesgo_disrupcion.py
[2026-07-09T01:28:20.342-0500] {processor.py:830} INFO - Processing file /opt/airflow/dags/dag_estimar_riesgo_disrupcion.py for tasks to queue
[2026-07-09T01:28:20.344-0500] {logging_mixin.py:188} INFO - [2026-07-09T01:28:20.344-0500] {dagbag.py:545} INFO - Filling up the DagBag from /opt/airflow/dags/dag_estimar_riesgo_disrupcion.py
[2026-07-09T01:28:20.745-0500] {processor.py:840} INFO - DAG(s) 'aerotrack_travel_riesgo_disrupcion' retrieved from /opt/airflow/dags/dag_estimar_riesgo_disrupcion.py
[2026-07-09T01:28:20.774-0500] {logging_mixin.py:188} INFO - [2026-07-09T01:28:20.774-0500] {dag.py:3089} INFO - Sync 1 DAGs
[2026-07-09T01:28:20.796-0500] {logging_mixin.py:188} INFO - [2026-07-09T01:28:20.796-0500] {dag.py:3947} INFO - Setting next_dagrun for aerotrack_travel_riesgo_disrupcion to 2026-07-09 00:00:00+00:00, run_after=2026-07-10 00:00:00+00:00
[2026-07-09T01:28:20.810-0500] {processor.py:183} INFO - Processing /opt/airflow/dags/dag_estimar_riesgo_disrupcion.py took 0.475 seconds
[2026-07-09T01:28:51.133-0500] {processor.py:161} INFO - Started process (PID=9560) to work on /opt/airflow/dags/dag_estimar_riesgo_disrupcion.py
[2026-07-09T01:28:51.134-0500] {processor.py:830} INFO - Processing file /opt/airflow/dags/dag_estimar_riesgo_disrupcion.py for tasks to queue
[2026-07-09T01:28:51.137-0500] {logging_mixin.py:188} INFO - [2026-07-09T01:28:51.136-0500] {dagbag.py:545} INFO - Filling up the DagBag from /opt/airflow/dags/dag_estimar_riesgo_disrupcion.py
[2026-07-09T01:28:51.558-0500] {processor.py:840} INFO - DAG(s) 'aerotrack_travel_riesgo_disrupcion' retrieved from /opt/airflow/dags/dag_estimar_riesgo_disrupcion.py
[2026-07-09T01:28:51.591-0500] {logging_mixin.py:188} INFO - [2026-07-09T01:28:51.591-0500] {dag.py:3089} INFO - Sync 1 DAGs
[2026-07-09T01:28:51.610-0500] {logging_mixin.py:188} INFO - [2026-07-09T01:28:51.609-0500] {dag.py:3947} INFO - Setting next_dagrun for aerotrack_travel_riesgo_disrupcion to 2026-07-09 00:00:00+00:00, run_after=2026-07-10 00:00:00+00:00
[2026-07-09T01:28:51.627-0500] {processor.py:183} INFO - Processing /opt/airflow/dags/dag_estimar_riesgo_disrupcion.py took 0.500 seconds
[2026-07-09T01:29:21.971-0500] {processor.py:161} INFO - Started process (PID=9587) to work on /opt/airflow/dags/dag_estimar_riesgo_disrupcion.py
[2026-07-09T01:29:21.972-0500] {processor.py:830} INFO - Processing file /opt/airflow/dags/dag_estimar_riesgo_disrupcion.py for tasks to queue
[2026-07-09T01:29:21.974-0500] {logging_mixin.py:188} INFO - [2026-07-09T01:29:21.973-0500] {dagbag.py:545} INFO - Filling up the DagBag from /opt/airflow/dags/dag_estimar_riesgo_disrupcion.py
[2026-07-09T01:29:22.372-0500] {processor.py:840} INFO - DAG(s) 'aerotrack_travel_riesgo_disrupcion' retrieved from /opt/airflow/dags/dag_estimar_riesgo_disrupcion.py
[2026-07-09T01:29:22.406-0500] {logging_mixin.py:188} INFO - [2026-07-09T01:29:22.406-0500] {dag.py:3089} INFO - Sync 1 DAGs
[2026-07-09T01:29:22.425-0500] {logging_mixin.py:188} INFO - [2026-07-09T01:29:22.424-0500] {dag.py:3947} INFO - Setting next_dagrun for aerotrack_travel_riesgo_disrupcion to 2026-07-09 00:00:00+00:00, run_after=2026-07-10 00:00:00+00:00
[2026-07-09T01:29:22.440-0500] {processor.py:183} INFO - Processing /opt/airflow/dags/dag_estimar_riesgo_disrupcion.py took 0.473 seconds
[2026-07-09T01:29:52.939-0500] {processor.py:161} INFO - Started process (PID=9614) to work on /opt/airflow/dags/dag_estimar_riesgo_disrupcion.py
[2026-07-09T01:29:52.941-0500] {processor.py:830} INFO - Processing file /opt/airflow/dags/dag_estimar_riesgo_disrupcion.py for tasks to queue
[2026-07-09T01:29:52.943-0500] {logging_mixin.py:188} INFO - [2026-07-09T01:29:52.943-0500] {dagbag.py:545} INFO - Filling up the DagBag from /opt/airflow/dags/dag_estimar_riesgo_disrupcion.py
[2026-07-09T01:29:53.371-0500] {processor.py:840} INFO - DAG(s) 'aerotrack_travel_riesgo_disrupcion' retrieved from /opt/airflow/dags/dag_estimar_riesgo_disrupcion.py
[2026-07-09T01:29:53.405-0500] {logging_mixin.py:188} INFO - [2026-07-09T01:29:53.405-0500] {dag.py:3089} INFO - Sync 1 DAGs
[2026-07-09T01:29:53.430-0500] {logging_mixin.py:188} INFO - [2026-07-09T01:29:53.429-0500] {dag.py:3947} INFO - Setting next_dagrun for aerotrack_travel_riesgo_disrupcion to 2026-07-09 00:00:00+00:00, run_after=2026-07-10 00:00:00+00:00
[2026-07-09T01:29:53.450-0500] {processor.py:183} INFO - Processing /opt/airflow/dags/dag_estimar_riesgo_disrupcion.py took 0.518 seconds
[2026-07-09T01:30:23.787-0500] {processor.py:161} INFO - Started process (PID=9641) to work on /opt/airflow/dags/dag_estimar_riesgo_disrupcion.py
[2026-07-09T01:30:23.788-0500] {processor.py:830} INFO - Processing file /opt/airflow/dags/dag_estimar_riesgo_disrupcion.py for tasks to queue
[2026-07-09T01:30:23.790-0500] {logging_mixin.py:188} INFO - [2026-07-09T01:30:23.790-0500] {dagbag.py:545} INFO - Filling up the DagBag from /opt/airflow/dags/dag_estimar_riesgo_disrupcion.py
[2026-07-09T01:30:24.243-0500] {processor.py:840} INFO - DAG(s) 'aerotrack_travel_riesgo_disrupcion' retrieved from /opt/airflow/dags/dag_estimar_riesgo_disrupcion.py
[2026-07-09T01:30:24.284-0500] {logging_mixin.py:188} INFO - [2026-07-09T01:30:24.284-0500] {dag.py:3089} INFO - Sync 1 DAGs
[2026-07-09T01:30:24.306-0500] {logging_mixin.py:188} INFO - [2026-07-09T01:30:24.306-0500] {dag.py:3947} INFO - Setting next_dagrun for aerotrack_travel_riesgo_disrupcion to 2026-07-09 00:00:00+00:00, run_after=2026-07-10 00:00:00+00:00
[2026-07-09T01:30:24.322-0500] {processor.py:183} INFO - Processing /opt/airflow/dags/dag_estimar_riesgo_disrupcion.py took 0.539 seconds
[2026-07-09T01:30:54.676-0500] {processor.py:161} INFO - Started process (PID=9668) to work on /opt/airflow/dags/dag_estimar_riesgo_disrupcion.py
[2026-07-09T01:30:54.678-0500] {processor.py:830} INFO - Processing file /opt/airflow/dags/dag_estimar_riesgo_disrupcion.py for tasks to queue
[2026-07-09T01:30:54.679-0500] {logging_mixin.py:188} INFO - [2026-07-09T01:30:54.679-0500] {dagbag.py:545} INFO - Filling up the DagBag from /opt/airflow/dags/dag_estimar_riesgo_disrupcion.py
[2026-07-09T01:30:55.155-0500] {processor.py:840} INFO - DAG(s) 'aerotrack_travel_riesgo_disrupcion' retrieved from /opt/airflow/dags/dag_estimar_riesgo_disrupcion.py
[2026-07-09T01:30:55.191-0500] {logging_mixin.py:188} INFO - [2026-07-09T01:30:55.191-0500] {dag.py:3089} INFO - Sync 1 DAGs
[2026-07-09T01:30:55.218-0500] {logging_mixin.py:188} INFO - [2026-07-09T01:30:55.218-0500] {dag.py:3947} INFO - Setting next_dagrun for aerotrack_travel_riesgo_disrupcion to 2026-07-09 00:00:00+00:00, run_after=2026-07-10 00:00:00+00:00
[2026-07-09T01:30:55.239-0500] {processor.py:183} INFO - Processing /opt/airflow/dags/dag_estimar_riesgo_disrupcion.py took 0.568 seconds
[2026-07-09T01:31:25.789-0500] {processor.py:161} INFO - Started process (PID=9695) to work on /opt/airflow/dags/dag_estimar_riesgo_disrupcion.py
[2026-07-09T01:31:25.790-0500] {processor.py:830} INFO - Processing file /opt/airflow/dags/dag_estimar_riesgo_disrupcion.py for tasks to queue
[2026-07-09T01:31:25.793-0500] {logging_mixin.py:188} INFO - [2026-07-09T01:31:25.793-0500] {dagbag.py:545} INFO - Filling up the DagBag from /opt/airflow/dags/dag_estimar_riesgo_disrupcion.py
[2026-07-09T01:31:26.319-0500] {processor.py:840} INFO - DAG(s) 'aerotrack_travel_riesgo_disrupcion' retrieved from /opt/airflow/dags/dag_estimar_riesgo_disrupcion.py
[2026-07-09T01:31:26.356-0500] {logging_mixin.py:188} INFO - [2026-07-09T01:31:26.356-0500] {dag.py:3089} INFO - Sync 1 DAGs
[2026-07-09T01:31:26.380-0500] {logging_mixin.py:188} INFO - [2026-07-09T01:31:26.379-0500] {dag.py:3947} INFO - Setting next_dagrun for aerotrack_travel_riesgo_disrupcion to 2026-07-09 00:00:00+00:00, run_after=2026-07-10 00:00:00+00:00
[2026-07-09T01:31:26.397-0500] {processor.py:183} INFO - Processing /opt/airflow/dags/dag_estimar_riesgo_disrupcion.py took 0.614 seconds
[2026-07-09T01:31:56.838-0500] {processor.py:161} INFO - Started process (PID=9722) to work on /opt/airflow/dags/dag_estimar_riesgo_disrupcion.py
[2026-07-09T01:31:56.839-0500] {processor.py:830} INFO - Processing file /opt/airflow/dags/dag_estimar_riesgo_disrupcion.py for tasks to queue
[2026-07-09T01:31:56.841-0500] {logging_mixin.py:188} INFO - [2026-07-09T01:31:56.841-0500] {dagbag.py:545} INFO - Filling up the DagBag from /opt/airflow/dags/dag_estimar_riesgo_disrupcion.py
[2026-07-09T01:31:57.274-0500] {processor.py:840} INFO - DAG(s) 'aerotrack_travel_riesgo_disrupcion' retrieved from /opt/airflow/dags/dag_estimar_riesgo_disrupcion.py
[2026-07-09T01:31:57.308-0500] {logging_mixin.py:188} INFO - [2026-07-09T01:31:57.308-0500] {dag.py:3089} INFO - Sync 1 DAGs
[2026-07-09T01:31:57.327-0500] {logging_mixin.py:188} INFO - [2026-07-09T01:31:57.326-0500] {dag.py:3947} INFO - Setting next_dagrun for aerotrack_travel_riesgo_disrupcion to 2026-07-09 00:00:00+00:00, run_after=2026-07-10 00:00:00+00:00
[2026-07-09T01:31:57.342-0500] {processor.py:183} INFO - Processing /opt/airflow/dags/dag_estimar_riesgo_disrupcion.py took 0.508 seconds
[2026-07-09T01:32:27.663-0500] {processor.py:161} INFO - Started process (PID=9749) to work on /opt/airflow/dags/dag_estimar_riesgo_disrupcion.py
[2026-07-09T01:32:27.664-0500] {processor.py:830} INFO - Processing file /opt/airflow/dags/dag_estimar_riesgo_disrupcion.py for tasks to queue
[2026-07-09T01:32:27.666-0500] {logging_mixin.py:188} INFO - [2026-07-09T01:32:27.666-0500] {dagbag.py:545} INFO - Filling up the DagBag from /opt/airflow/dags/dag_estimar_riesgo_disrupcion.py
[2026-07-09T01:32:28.075-0500] {processor.py:840} INFO - DAG(s) 'aerotrack_travel_riesgo_disrupcion' retrieved from /opt/airflow/dags/dag_estimar_riesgo_disrupcion.py
[2026-07-09T01:32:28.109-0500] {logging_mixin.py:188} INFO - [2026-07-09T01:32:28.109-0500] {dag.py:3089} INFO - Sync 1 DAGs
[2026-07-09T01:32:28.128-0500] {logging_mixin.py:188} INFO - [2026-07-09T01:32:28.128-0500] {dag.py:3947} INFO - Setting next_dagrun for aerotrack_travel_riesgo_disrupcion to 2026-07-09 00:00:00+00:00, run_after=2026-07-10 00:00:00+00:00
[2026-07-09T01:32:28.143-0500] {processor.py:183} INFO - Processing /opt/airflow/dags/dag_estimar_riesgo_disrupcion.py took 0.485 seconds
[2026-07-09T01:32:58.659-0500] {processor.py:161} INFO - Started process (PID=9776) to work on /opt/airflow/dags/dag_estimar_riesgo_disrupcion.py
[2026-07-09T01:32:58.659-0500] {processor.py:830} INFO - Processing file /opt/airflow/dags/dag_estimar_riesgo_disrupcion.py for tasks to queue
[2026-07-09T01:32:58.661-0500] {logging_mixin.py:188} INFO - [2026-07-09T01:32:58.661-0500] {dagbag.py:545} INFO - Filling up the DagBag from /opt/airflow/dags/dag_estimar_riesgo_disrupcion.py
[2026-07-09T01:32:59.076-0500] {processor.py:840} INFO - DAG(s) 'aerotrack_travel_riesgo_disrupcion' retrieved from /opt/airflow/dags/dag_estimar_riesgo_disrupcion.py
[2026-07-09T01:32:59.107-0500] {logging_mixin.py:188} INFO - [2026-07-09T01:32:59.107-0500] {dag.py:3089} INFO - Sync 1 DAGs
[2026-07-09T01:32:59.124-0500] {logging_mixin.py:188} INFO - [2026-07-09T01:32:59.124-0500] {dag.py:3947} INFO - Setting next_dagrun for aerotrack_travel_riesgo_disrupcion to 2026-07-09 00:00:00+00:00, run_after=2026-07-10 00:00:00+00:00
[2026-07-09T01:32:59.139-0500] {processor.py:183} INFO - Processing /opt/airflow/dags/dag_estimar_riesgo_disrupcion.py took 0.485 seconds
[2026-07-09T01:33:29.471-0500] {processor.py:161} INFO - Started process (PID=9803) to work on /opt/airflow/dags/dag_estimar_riesgo_disrupcion.py
[2026-07-09T01:33:29.471-0500] {processor.py:830} INFO - Processing file /opt/airflow/dags/dag_estimar_riesgo_disrupcion.py for tasks to queue
[2026-07-09T01:33:29.473-0500] {logging_mixin.py:188} INFO - [2026-07-09T01:33:29.473-0500] {dagbag.py:545} INFO - Filling up the DagBag from /opt/airflow/dags/dag_estimar_riesgo_disrupcion.py
[2026-07-09T01:33:29.926-0500] {processor.py:840} INFO - DAG(s) 'aerotrack_travel_riesgo_disrupcion' retrieved from /opt/airflow/dags/dag_estimar_riesgo_disrupcion.py
[2026-07-09T01:33:29.961-0500] {logging_mixin.py:188} INFO - [2026-07-09T01:33:29.961-0500] {dag.py:3089} INFO - Sync 1 DAGs
[2026-07-09T01:33:29.978-0500] {logging_mixin.py:188} INFO - [2026-07-09T01:33:29.978-0500] {dag.py:3947} INFO - Setting next_dagrun for aerotrack_travel_riesgo_disrupcion to 2026-07-09 00:00:00+00:00, run_after=2026-07-10 00:00:00+00:00
[2026-07-09T01:33:29.993-0500] {processor.py:183} INFO - Processing /opt/airflow/dags/dag_estimar_riesgo_disrupcion.py took 0.527 seconds
[2026-07-09T01:34:00.325-0500] {processor.py:161} INFO - Started process (PID=9830) to work on /opt/airflow/dags/dag_estimar_riesgo_disrupcion.py
[2026-07-09T01:34:00.326-0500] {processor.py:830} INFO - Processing file /opt/airflow/dags/dag_estimar_riesgo_disrupcion.py for tasks to queue
[2026-07-09T01:34:00.328-0500] {logging_mixin.py:188} INFO - [2026-07-09T01:34:00.327-0500] {dagbag.py:545} INFO - Filling up the DagBag from /opt/airflow/dags/dag_estimar_riesgo_disrupcion.py
[2026-07-09T01:34:00.729-0500] {processor.py:840} INFO - DAG(s) 'aerotrack_travel_riesgo_disrupcion' retrieved from /opt/airflow/dags/dag_estimar_riesgo_disrupcion.py
[2026-07-09T01:34:00.763-0500] {logging_mixin.py:188} INFO - [2026-07-09T01:34:00.762-0500] {dag.py:3089} INFO - Sync 1 DAGs
[2026-07-09T01:34:00.782-0500] {logging_mixin.py:188} INFO - [2026-07-09T01:34:00.782-0500] {dag.py:3947} INFO - Setting next_dagrun for aerotrack_travel_riesgo_disrupcion to 2026-07-09 00:00:00+00:00, run_after=2026-07-10 00:00:00+00:00
[2026-07-09T01:34:00.798-0500] {processor.py:183} INFO - Processing /opt/airflow/dags/dag_estimar_riesgo_disrupcion.py took 0.477 seconds
[2026-07-09T01:34:31.157-0500] {processor.py:161} INFO - Started process (PID=9857) to work on /opt/airflow/dags/dag_estimar_riesgo_disrupcion.py
[2026-07-09T01:34:31.158-0500] {processor.py:830} INFO - Processing file /opt/airflow/dags/dag_estimar_riesgo_disrupcion.py for tasks to queue
[2026-07-09T01:34:31.160-0500] {logging_mixin.py:188} INFO - [2026-07-09T01:34:31.160-0500] {dagbag.py:545} INFO - Filling up the DagBag from /opt/airflow/dags/dag_estimar_riesgo_disrupcion.py
[2026-07-09T01:34:31.630-0500] {processor.py:840} INFO - DAG(s) 'aerotrack_travel_riesgo_disrupcion' retrieved from /opt/airflow/dags/dag_estimar_riesgo_disrupcion.py
[2026-07-09T01:34:31.666-0500] {logging_mixin.py:188} INFO - [2026-07-09T01:34:31.666-0500] {dag.py:3089} INFO - Sync 1 DAGs
[2026-07-09T01:34:31.684-0500] {logging_mixin.py:188} INFO - [2026-07-09T01:34:31.683-0500] {dag.py:3947} INFO - Setting next_dagrun for aerotrack_travel_riesgo_disrupcion to 2026-07-09 00:00:00+00:00, run_after=2026-07-10 00:00:00+00:00
[2026-07-09T01:34:31.699-0500] {processor.py:183} INFO - Processing /opt/airflow/dags/dag_estimar_riesgo_disrupcion.py took 0.548 seconds
[2026-07-09T01:35:02.176-0500] {processor.py:161} INFO - Started process (PID=9884) to work on /opt/airflow/dags/dag_estimar_riesgo_disrupcion.py
[2026-07-09T01:35:02.177-0500] {processor.py:830} INFO - Processing file /opt/airflow/dags/dag_estimar_riesgo_disrupcion.py for tasks to queue
[2026-07-09T01:35:02.179-0500] {logging_mixin.py:188} INFO - [2026-07-09T01:35:02.178-0500] {dagbag.py:545} INFO - Filling up the DagBag from /opt/airflow/dags/dag_estimar_riesgo_disrupcion.py
[2026-07-09T01:35:02.555-0500] {processor.py:840} INFO - DAG(s) 'aerotrack_travel_riesgo_disrupcion' retrieved from /opt/airflow/dags/dag_estimar_riesgo_disrupcion.py
[2026-07-09T01:35:02.587-0500] {logging_mixin.py:188} INFO - [2026-07-09T01:35:02.587-0500] {dag.py:3089} INFO - Sync 1 DAGs
[2026-07-09T01:35:02.607-0500] {logging_mixin.py:188} INFO - [2026-07-09T01:35:02.607-0500] {dag.py:3947} INFO - Setting next_dagrun for aerotrack_travel_riesgo_disrupcion to 2026-07-09 00:00:00+00:00, run_after=2026-07-10 00:00:00+00:00
[2026-07-09T01:35:02.625-0500] {processor.py:183} INFO - Processing /opt/airflow/dags/dag_estimar_riesgo_disrupcion.py took 0.453 seconds
[2026-07-09T01:35:33.019-0500] {processor.py:161} INFO - Started process (PID=9911) to work on /opt/airflow/dags/dag_estimar_riesgo_disrupcion.py
[2026-07-09T01:35:33.020-0500] {processor.py:830} INFO - Processing file /opt/airflow/dags/dag_estimar_riesgo_disrupcion.py for tasks to queue
[2026-07-09T01:35:33.021-0500] {logging_mixin.py:188} INFO - [2026-07-09T01:35:33.021-0500] {dagbag.py:545} INFO - Filling up the DagBag from /opt/airflow/dags/dag_estimar_riesgo_disrupcion.py
[2026-07-09T01:35:33.480-0500] {processor.py:840} INFO - DAG(s) 'aerotrack_travel_riesgo_disrupcion' retrieved from /opt/airflow/dags/dag_estimar_riesgo_disrupcion.py
[2026-07-09T01:35:33.508-0500] {logging_mixin.py:188} INFO - [2026-07-09T01:35:33.507-0500] {dag.py:3089} INFO - Sync 1 DAGs
[2026-07-09T01:35:33.525-0500] {logging_mixin.py:188} INFO - [2026-07-09T01:35:33.524-0500] {dag.py:3947} INFO - Setting next_dagrun for aerotrack_travel_riesgo_disrupcion to 2026-07-09 00:00:00+00:00, run_after=2026-07-10 00:00:00+00:00
[2026-07-09T01:35:33.540-0500] {processor.py:183} INFO - Processing /opt/airflow/dags/dag_estimar_riesgo_disrupcion.py took 0.526 seconds
[2026-07-09T01:36:03.884-0500] {processor.py:161} INFO - Started process (PID=9938) to work on /opt/airflow/dags/dag_estimar_riesgo_disrupcion.py
[2026-07-09T01:36:03.886-0500] {processor.py:830} INFO - Processing file /opt/airflow/dags/dag_estimar_riesgo_disrupcion.py for tasks to queue
[2026-07-09T01:36:03.888-0500] {logging_mixin.py:188} INFO - [2026-07-09T01:36:03.887-0500] {dagbag.py:545} INFO - Filling up the DagBag from /opt/airflow/dags/dag_estimar_riesgo_disrupcion.py
[2026-07-09T01:36:04.339-0500] {processor.py:840} INFO - DAG(s) 'aerotrack_travel_riesgo_disrupcion' retrieved from /opt/airflow/dags/dag_estimar_riesgo_disrupcion.py
[2026-07-09T01:36:04.374-0500] {logging_mixin.py:188} INFO - [2026-07-09T01:36:04.374-0500] {dag.py:3089} INFO - Sync 1 DAGs
[2026-07-09T01:36:04.395-0500] {logging_mixin.py:188} INFO - [2026-07-09T01:36:04.395-0500] {dag.py:3947} INFO - Setting next_dagrun for aerotrack_travel_riesgo_disrupcion to 2026-07-09 00:00:00+00:00, run_after=2026-07-10 00:00:00+00:00
[2026-07-09T01:36:04.413-0500] {processor.py:183} INFO - Processing /opt/airflow/dags/dag_estimar_riesgo_disrupcion.py took 0.533 seconds
[2026-07-09T01:36:34.813-0500] {processor.py:161} INFO - Started process (PID=9965) to work on /opt/airflow/dags/dag_estimar_riesgo_disrupcion.py
[2026-07-09T01:36:34.813-0500] {processor.py:830} INFO - Processing file /opt/airflow/dags/dag_estimar_riesgo_disrupcion.py for tasks to queue
[2026-07-09T01:36:34.815-0500] {logging_mixin.py:188} INFO - [2026-07-09T01:36:34.815-0500] {dagbag.py:545} INFO - Filling up the DagBag from /opt/airflow/dags/dag_estimar_riesgo_disrupcion.py
[2026-07-09T01:36:35.216-0500] {processor.py:840} INFO - DAG(s) 'aerotrack_travel_riesgo_disrupcion' retrieved from /opt/airflow/dags/dag_estimar_riesgo_disrupcion.py
[2026-07-09T01:36:35.249-0500] {logging_mixin.py:188} INFO - [2026-07-09T01:36:35.248-0500] {dag.py:3089} INFO - Sync 1 DAGs
[2026-07-09T01:36:35.269-0500] {logging_mixin.py:188} INFO - [2026-07-09T01:36:35.268-0500] {dag.py:3947} INFO - Setting next_dagrun for aerotrack_travel_riesgo_disrupcion to 2026-07-09 00:00:00+00:00, run_after=2026-07-10 00:00:00+00:00
[2026-07-09T01:36:35.285-0500] {processor.py:183} INFO - Processing /opt/airflow/dags/dag_estimar_riesgo_disrupcion.py took 0.477 seconds
[2026-07-09T01:37:05.678-0500] {processor.py:161} INFO - Started process (PID=9992) to work on /opt/airflow/dags/dag_estimar_riesgo_disrupcion.py
[2026-07-09T01:37:05.679-0500] {processor.py:830} INFO - Processing file /opt/airflow/dags/dag_estimar_riesgo_disrupcion.py for tasks to queue
[2026-07-09T01:37:05.681-0500] {logging_mixin.py:188} INFO - [2026-07-09T01:37:05.680-0500] {dagbag.py:545} INFO - Filling up the DagBag from /opt/airflow/dags/dag_estimar_riesgo_disrupcion.py
[2026-07-09T01:37:06.079-0500] {processor.py:840} INFO - DAG(s) 'aerotrack_travel_riesgo_disrupcion' retrieved from /opt/airflow/dags/dag_estimar_riesgo_disrupcion.py
[2026-07-09T01:37:06.108-0500] {logging_mixin.py:188} INFO - [2026-07-09T01:37:06.108-0500] {dag.py:3089} INFO - Sync 1 DAGs
[2026-07-09T01:37:06.127-0500] {logging_mixin.py:188} INFO - [2026-07-09T01:37:06.127-0500] {dag.py:3947} INFO - Setting next_dagrun for aerotrack_travel_riesgo_disrupcion to 2026-07-09 00:00:00+00:00, run_after=2026-07-10 00:00:00+00:00
[2026-07-09T01:37:06.142-0500] {processor.py:183} INFO - Processing /opt/airflow/dags/dag_estimar_riesgo_disrupcion.py took 0.468 seconds
[2026-07-09T01:37:36.468-0500] {processor.py:161} INFO - Started process (PID=10019) to work on /opt/airflow/dags/dag_estimar_riesgo_disrupcion.py
[2026-07-09T01:37:36.469-0500] {processor.py:830} INFO - Processing file /opt/airflow/dags/dag_estimar_riesgo_disrupcion.py for tasks to queue
[2026-07-09T01:37:36.471-0500] {logging_mixin.py:188} INFO - [2026-07-09T01:37:36.470-0500] {dagbag.py:545} INFO - Filling up the DagBag from /opt/airflow/dags/dag_estimar_riesgo_disrupcion.py
[2026-07-09T01:37:36.843-0500] {processor.py:840} INFO - DAG(s) 'aerotrack_travel_riesgo_disrupcion' retrieved from /opt/airflow/dags/dag_estimar_riesgo_disrupcion.py
[2026-07-09T01:37:36.869-0500] {logging_mixin.py:188} INFO - [2026-07-09T01:37:36.869-0500] {dag.py:3089} INFO - Sync 1 DAGs
[2026-07-09T01:37:36.885-0500] {logging_mixin.py:188} INFO - [2026-07-09T01:37:36.885-0500] {dag.py:3947} INFO - Setting next_dagrun for aerotrack_travel_riesgo_disrupcion to 2026-07-09 00:00:00+00:00, run_after=2026-07-10 00:00:00+00:00
[2026-07-09T01:37:36.901-0500] {processor.py:183} INFO - Processing /opt/airflow/dags/dag_estimar_riesgo_disrupcion.py took 0.437 seconds
[2026-07-09T01:38:07.207-0500] {processor.py:161} INFO - Started process (PID=10046) to work on /opt/airflow/dags/dag_estimar_riesgo_disrupcion.py
[2026-07-09T01:38:07.208-0500] {processor.py:830} INFO - Processing file /opt/airflow/dags/dag_estimar_riesgo_disrupcion.py for tasks to queue
[2026-07-09T01:38:07.209-0500] {logging_mixin.py:188} INFO - [2026-07-09T01:38:07.209-0500] {dagbag.py:545} INFO - Filling up the DagBag from /opt/airflow/dags/dag_estimar_riesgo_disrupcion.py
[2026-07-09T01:38:07.589-0500] {processor.py:840} INFO - DAG(s) 'aerotrack_travel_riesgo_disrupcion' retrieved from /opt/airflow/dags/dag_estimar_riesgo_disrupcion.py
[2026-07-09T01:38:07.619-0500] {logging_mixin.py:188} INFO - [2026-07-09T01:38:07.618-0500] {dag.py:3089} INFO - Sync 1 DAGs
[2026-07-09T01:38:07.635-0500] {logging_mixin.py:188} INFO - [2026-07-09T01:38:07.635-0500] {dag.py:3947} INFO - Setting next_dagrun for aerotrack_travel_riesgo_disrupcion to 2026-07-09 00:00:00+00:00, run_after=2026-07-10 00:00:00+00:00
[2026-07-09T01:38:07.651-0500] {processor.py:183} INFO - Processing /opt/airflow/dags/dag_estimar_riesgo_disrupcion.py took 0.450 seconds
[2026-07-09T01:38:37.947-0500] {processor.py:161} INFO - Started process (PID=10073) to work on /opt/airflow/dags/dag_estimar_riesgo_disrupcion.py
[2026-07-09T01:38:37.948-0500] {processor.py:830} INFO - Processing file /opt/airflow/dags/dag_estimar_riesgo_disrupcion.py for tasks to queue
[2026-07-09T01:38:37.950-0500] {logging_mixin.py:188} INFO - [2026-07-09T01:38:37.949-0500] {dagbag.py:545} INFO - Filling up the DagBag from /opt/airflow/dags/dag_estimar_riesgo_disrupcion.py
[2026-07-09T01:38:38.349-0500] {processor.py:840} INFO - DAG(s) 'aerotrack_travel_riesgo_disrupcion' retrieved from /opt/airflow/dags/dag_estimar_riesgo_disrupcion.py
[2026-07-09T01:38:38.381-0500] {logging_mixin.py:188} INFO - [2026-07-09T01:38:38.381-0500] {dag.py:3089} INFO - Sync 1 DAGs
[2026-07-09T01:38:38.399-0500] {logging_mixin.py:188} INFO - [2026-07-09T01:38:38.398-0500] {dag.py:3947} INFO - Setting next_dagrun for aerotrack_travel_riesgo_disrupcion to 2026-07-09 00:00:00+00:00, run_after=2026-07-10 00:00:00+00:00
[2026-07-09T01:38:38.414-0500] {processor.py:183} INFO - Processing /opt/airflow/dags/dag_estimar_riesgo_disrupcion.py took 0.472 seconds
[2026-07-09T01:39:08.751-0500] {processor.py:161} INFO - Started process (PID=10100) to work on /opt/airflow/dags/dag_estimar_riesgo_disrupcion.py
[2026-07-09T01:39:08.752-0500] {processor.py:830} INFO - Processing file /opt/airflow/dags/dag_estimar_riesgo_disrupcion.py for tasks to queue
[2026-07-09T01:39:08.753-0500] {logging_mixin.py:188} INFO - [2026-07-09T01:39:08.753-0500] {dagbag.py:545} INFO - Filling up the DagBag from /opt/airflow/dags/dag_estimar_riesgo_disrupcion.py
[2026-07-09T01:39:09.133-0500] {processor.py:840} INFO - DAG(s) 'aerotrack_travel_riesgo_disrupcion' retrieved from /opt/airflow/dags/dag_estimar_riesgo_disrupcion.py
[2026-07-09T01:39:09.167-0500] {logging_mixin.py:188} INFO - [2026-07-09T01:39:09.166-0500] {dag.py:3089} INFO - Sync 1 DAGs
[2026-07-09T01:39:09.185-0500] {logging_mixin.py:188} INFO - [2026-07-09T01:39:09.184-0500] {dag.py:3947} INFO - Setting next_dagrun for aerotrack_travel_riesgo_disrupcion to 2026-07-09 00:00:00+00:00, run_after=2026-07-10 00:00:00+00:00
[2026-07-09T01:39:09.200-0500] {processor.py:183} INFO - Processing /opt/airflow/dags/dag_estimar_riesgo_disrupcion.py took 0.453 seconds
[2026-07-09T01:39:39.503-0500] {processor.py:161} INFO - Started process (PID=10127) to work on /opt/airflow/dags/dag_estimar_riesgo_disrupcion.py
[2026-07-09T01:39:39.504-0500] {processor.py:830} INFO - Processing file /opt/airflow/dags/dag_estimar_riesgo_disrupcion.py for tasks to queue
[2026-07-09T01:39:39.506-0500] {logging_mixin.py:188} INFO - [2026-07-09T01:39:39.506-0500] {dagbag.py:545} INFO - Filling up the DagBag from /opt/airflow/dags/dag_estimar_riesgo_disrupcion.py
[2026-07-09T01:39:39.874-0500] {processor.py:840} INFO - DAG(s) 'aerotrack_travel_riesgo_disrupcion' retrieved from /opt/airflow/dags/dag_estimar_riesgo_disrupcion.py
[2026-07-09T01:39:39.912-0500] {logging_mixin.py:188} INFO - [2026-07-09T01:39:39.911-0500] {dag.py:3089} INFO - Sync 1 DAGs
[2026-07-09T01:39:39.935-0500] {logging_mixin.py:188} INFO - [2026-07-09T01:39:39.934-0500] {dag.py:3947} INFO - Setting next_dagrun for aerotrack_travel_riesgo_disrupcion to 2026-07-09 00:00:00+00:00, run_after=2026-07-10 00:00:00+00:00
[2026-07-09T01:39:39.957-0500] {processor.py:183} INFO - Processing /opt/airflow/dags/dag_estimar_riesgo_disrupcion.py took 0.459 seconds
[2026-07-09T01:40:10.306-0500] {processor.py:161} INFO - Started process (PID=10154) to work on /opt/airflow/dags/dag_estimar_riesgo_disrupcion.py
[2026-07-09T01:40:10.307-0500] {processor.py:830} INFO - Processing file /opt/airflow/dags/dag_estimar_riesgo_disrupcion.py for tasks to queue
[2026-07-09T01:40:10.308-0500] {logging_mixin.py:188} INFO - [2026-07-09T01:40:10.308-0500] {dagbag.py:545} INFO - Filling up the DagBag from /opt/airflow/dags/dag_estimar_riesgo_disrupcion.py
[2026-07-09T01:40:10.691-0500] {processor.py:840} INFO - DAG(s) 'aerotrack_travel_riesgo_disrupcion' retrieved from /opt/airflow/dags/dag_estimar_riesgo_disrupcion.py
[2026-07-09T01:40:10.721-0500] {logging_mixin.py:188} INFO - [2026-07-09T01:40:10.721-0500] {dag.py:3089} INFO - Sync 1 DAGs
[2026-07-09T01:40:10.737-0500] {logging_mixin.py:188} INFO - [2026-07-09T01:40:10.737-0500] {dag.py:3947} INFO - Setting next_dagrun for aerotrack_travel_riesgo_disrupcion to 2026-07-09 00:00:00+00:00, run_after=2026-07-10 00:00:00+00:00
[2026-07-09T01:40:10.753-0500] {processor.py:183} INFO - Processing /opt/airflow/dags/dag_estimar_riesgo_disrupcion.py took 0.452 seconds
[2026-07-09T01:40:41.172-0500] {processor.py:161} INFO - Started process (PID=10181) to work on /opt/airflow/dags/dag_estimar_riesgo_disrupcion.py
[2026-07-09T01:40:41.173-0500] {processor.py:830} INFO - Processing file /opt/airflow/dags/dag_estimar_riesgo_disrupcion.py for tasks to queue
[2026-07-09T01:40:41.174-0500] {logging_mixin.py:188} INFO - [2026-07-09T01:40:41.174-0500] {dagbag.py:545} INFO - Filling up the DagBag from /opt/airflow/dags/dag_estimar_riesgo_disrupcion.py
[2026-07-09T01:40:41.552-0500] {processor.py:840} INFO - DAG(s) 'aerotrack_travel_riesgo_disrupcion' retrieved from /opt/airflow/dags/dag_estimar_riesgo_disrupcion.py
[2026-07-09T01:40:41.581-0500] {logging_mixin.py:188} INFO - [2026-07-09T01:40:41.581-0500] {dag.py:3089} INFO - Sync 1 DAGs
[2026-07-09T01:40:41.599-0500] {logging_mixin.py:188} INFO - [2026-07-09T01:40:41.598-0500] {dag.py:3947} INFO - Setting next_dagrun for aerotrack_travel_riesgo_disrupcion to 2026-07-09 00:00:00+00:00, run_after=2026-07-10 00:00:00+00:00
[2026-07-09T01:40:41.614-0500] {processor.py:183} INFO - Processing /opt/airflow/dags/dag_estimar_riesgo_disrupcion.py took 0.447 seconds
[2026-07-09T01:41:11.930-0500] {processor.py:161} INFO - Started process (PID=10208) to work on /opt/airflow/dags/dag_estimar_riesgo_disrupcion.py
[2026-07-09T01:41:11.931-0500] {processor.py:830} INFO - Processing file /opt/airflow/dags/dag_estimar_riesgo_disrupcion.py for tasks to queue
[2026-07-09T01:41:11.933-0500] {logging_mixin.py:188} INFO - [2026-07-09T01:41:11.933-0500] {dagbag.py:545} INFO - Filling up the DagBag from /opt/airflow/dags/dag_estimar_riesgo_disrupcion.py
[2026-07-09T01:41:12.346-0500] {processor.py:840} INFO - DAG(s) 'aerotrack_travel_riesgo_disrupcion' retrieved from /opt/airflow/dags/dag_estimar_riesgo_disrupcion.py
[2026-07-09T01:41:12.377-0500] {logging_mixin.py:188} INFO - [2026-07-09T01:41:12.376-0500] {dag.py:3089} INFO - Sync 1 DAGs
[2026-07-09T01:41:12.397-0500] {logging_mixin.py:188} INFO - [2026-07-09T01:41:12.396-0500] {dag.py:3947} INFO - Setting next_dagrun for aerotrack_travel_riesgo_disrupcion to 2026-07-09 00:00:00+00:00, run_after=2026-07-10 00:00:00+00:00
[2026-07-09T01:41:12.414-0500] {processor.py:183} INFO - Processing /opt/airflow/dags/dag_estimar_riesgo_disrupcion.py took 0.489 seconds
[2026-07-09T01:41:42.789-0500] {processor.py:161} INFO - Started process (PID=10235) to work on /opt/airflow/dags/dag_estimar_riesgo_disrupcion.py
[2026-07-09T01:41:42.789-0500] {processor.py:830} INFO - Processing file /opt/airflow/dags/dag_estimar_riesgo_disrupcion.py for tasks to queue
[2026-07-09T01:41:42.791-0500] {logging_mixin.py:188} INFO - [2026-07-09T01:41:42.791-0500] {dagbag.py:545} INFO - Filling up the DagBag from /opt/airflow/dags/dag_estimar_riesgo_disrupcion.py
[2026-07-09T01:41:43.193-0500] {processor.py:840} INFO - DAG(s) 'aerotrack_travel_riesgo_disrupcion' retrieved from /opt/airflow/dags/dag_estimar_riesgo_disrupcion.py
[2026-07-09T01:41:43.226-0500] {logging_mixin.py:188} INFO - [2026-07-09T01:41:43.226-0500] {dag.py:3089} INFO - Sync 1 DAGs
[2026-07-09T01:41:43.242-0500] {logging_mixin.py:188} INFO - [2026-07-09T01:41:43.242-0500] {dag.py:3947} INFO - Setting next_dagrun for aerotrack_travel_riesgo_disrupcion to 2026-07-09 00:00:00+00:00, run_after=2026-07-10 00:00:00+00:00
[2026-07-09T01:41:43.256-0500] {processor.py:183} INFO - Processing /opt/airflow/dags/dag_estimar_riesgo_disrupcion.py took 0.473 seconds
[2026-07-09T01:42:13.667-0500] {processor.py:161} INFO - Started process (PID=10262) to work on /opt/airflow/dags/dag_estimar_riesgo_disrupcion.py
[2026-07-09T01:42:13.668-0500] {processor.py:830} INFO - Processing file /opt/airflow/dags/dag_estimar_riesgo_disrupcion.py for tasks to queue
[2026-07-09T01:42:13.670-0500] {logging_mixin.py:188} INFO - [2026-07-09T01:42:13.669-0500] {dagbag.py:545} INFO - Filling up the DagBag from /opt/airflow/dags/dag_estimar_riesgo_disrupcion.py
[2026-07-09T01:42:14.097-0500] {processor.py:840} INFO - DAG(s) 'aerotrack_travel_riesgo_disrupcion' retrieved from /opt/airflow/dags/dag_estimar_riesgo_disrupcion.py
[2026-07-09T01:42:14.128-0500] {logging_mixin.py:188} INFO - [2026-07-09T01:42:14.128-0500] {dag.py:3089} INFO - Sync 1 DAGs
[2026-07-09T01:42:14.147-0500] {logging_mixin.py:188} INFO - [2026-07-09T01:42:14.147-0500] {dag.py:3947} INFO - Setting next_dagrun for aerotrack_travel_riesgo_disrupcion to 2026-07-09 00:00:00+00:00, run_after=2026-07-10 00:00:00+00:00
[2026-07-09T01:42:14.164-0500] {processor.py:183} INFO - Processing /opt/airflow/dags/dag_estimar_riesgo_disrupcion.py took 0.502 seconds
[2026-07-09T01:42:44.477-0500] {processor.py:161} INFO - Started process (PID=10289) to work on /opt/airflow/dags/dag_estimar_riesgo_disrupcion.py
[2026-07-09T01:42:44.478-0500] {processor.py:830} INFO - Processing file /opt/airflow/dags/dag_estimar_riesgo_disrupcion.py for tasks to queue
[2026-07-09T01:42:44.479-0500] {logging_mixin.py:188} INFO - [2026-07-09T01:42:44.479-0500] {dagbag.py:545} INFO - Filling up the DagBag from /opt/airflow/dags/dag_estimar_riesgo_disrupcion.py
[2026-07-09T01:42:44.863-0500] {processor.py:840} INFO - DAG(s) 'aerotrack_travel_riesgo_disrupcion' retrieved from /opt/airflow/dags/dag_estimar_riesgo_disrupcion.py
[2026-07-09T01:42:44.893-0500] {logging_mixin.py:188} INFO - [2026-07-09T01:42:44.892-0500] {dag.py:3089} INFO - Sync 1 DAGs
[2026-07-09T01:42:44.910-0500] {logging_mixin.py:188} INFO - [2026-07-09T01:42:44.910-0500] {dag.py:3947} INFO - Setting next_dagrun for aerotrack_travel_riesgo_disrupcion to 2026-07-09 00:00:00+00:00, run_after=2026-07-10 00:00:00+00:00
[2026-07-09T01:42:44.927-0500] {processor.py:183} INFO - Processing /opt/airflow/dags/dag_estimar_riesgo_disrupcion.py took 0.454 seconds
[2026-07-09T01:43:15.369-0500] {processor.py:161} INFO - Started process (PID=10316) to work on /opt/airflow/dags/dag_estimar_riesgo_disrupcion.py
[2026-07-09T01:43:15.370-0500] {processor.py:830} INFO - Processing file /opt/airflow/dags/dag_estimar_riesgo_disrupcion.py for tasks to queue
[2026-07-09T01:43:15.371-0500] {logging_mixin.py:188} INFO - [2026-07-09T01:43:15.371-0500] {dagbag.py:545} INFO - Filling up the DagBag from /opt/airflow/dags/dag_estimar_riesgo_disrupcion.py
[2026-07-09T01:43:15.756-0500] {processor.py:840} INFO - DAG(s) 'aerotrack_travel_riesgo_disrupcion' retrieved from /opt/airflow/dags/dag_estimar_riesgo_disrupcion.py
[2026-07-09T01:43:15.785-0500] {logging_mixin.py:188} INFO - [2026-07-09T01:43:15.784-0500] {dag.py:3089} INFO - Sync 1 DAGs
[2026-07-09T01:43:15.801-0500] {logging_mixin.py:188} INFO - [2026-07-09T01:43:15.801-0500] {dag.py:3947} INFO - Setting next_dagrun for aerotrack_travel_riesgo_disrupcion to 2026-07-09 00:00:00+00:00, run_after=2026-07-10 00:00:00+00:00
[2026-07-09T01:43:15.816-0500] {processor.py:183} INFO - Processing /opt/airflow/dags/dag_estimar_riesgo_disrupcion.py took 0.452 seconds
[2026-07-09T01:43:46.152-0500] {processor.py:161} INFO - Started process (PID=10343) to work on /opt/airflow/dags/dag_estimar_riesgo_disrupcion.py
[2026-07-09T01:43:46.153-0500] {processor.py:830} INFO - Processing file /opt/airflow/dags/dag_estimar_riesgo_disrupcion.py for tasks to queue
[2026-07-09T01:43:46.155-0500] {logging_mixin.py:188} INFO - [2026-07-09T01:43:46.154-0500] {dagbag.py:545} INFO - Filling up the DagBag from /opt/airflow/dags/dag_estimar_riesgo_disrupcion.py
[2026-07-09T01:43:46.554-0500] {processor.py:840} INFO - DAG(s) 'aerotrack_travel_riesgo_disrupcion' retrieved from /opt/airflow/dags/dag_estimar_riesgo_disrupcion.py
[2026-07-09T01:43:46.594-0500] {logging_mixin.py:188} INFO - [2026-07-09T01:43:46.594-0500] {dag.py:3089} INFO - Sync 1 DAGs
[2026-07-09T01:43:46.611-0500] {logging_mixin.py:188} INFO - [2026-07-09T01:43:46.611-0500] {dag.py:3947} INFO - Setting next_dagrun for aerotrack_travel_riesgo_disrupcion to 2026-07-09 00:00:00+00:00, run_after=2026-07-10 00:00:00+00:00
[2026-07-09T01:43:46.627-0500] {processor.py:183} INFO - Processing /opt/airflow/dags/dag_estimar_riesgo_disrupcion.py took 0.481 seconds
[2026-07-09T01:44:16.946-0500] {processor.py:161} INFO - Started process (PID=10370) to work on /opt/airflow/dags/dag_estimar_riesgo_disrupcion.py
[2026-07-09T01:44:16.948-0500] {processor.py:830} INFO - Processing file /opt/airflow/dags/dag_estimar_riesgo_disrupcion.py for tasks to queue
[2026-07-09T01:44:16.950-0500] {logging_mixin.py:188} INFO - [2026-07-09T01:44:16.950-0500] {dagbag.py:545} INFO - Filling up the DagBag from /opt/airflow/dags/dag_estimar_riesgo_disrupcion.py
[2026-07-09T01:44:17.374-0500] {processor.py:840} INFO - DAG(s) 'aerotrack_travel_riesgo_disrupcion' retrieved from /opt/airflow/dags/dag_estimar_riesgo_disrupcion.py
[2026-07-09T01:44:17.408-0500] {logging_mixin.py:188} INFO - [2026-07-09T01:44:17.408-0500] {dag.py:3089} INFO - Sync 1 DAGs
[2026-07-09T01:44:17.425-0500] {logging_mixin.py:188} INFO - [2026-07-09T01:44:17.425-0500] {dag.py:3947} INFO - Setting next_dagrun for aerotrack_travel_riesgo_disrupcion to 2026-07-09 00:00:00+00:00, run_after=2026-07-10 00:00:00+00:00
[2026-07-09T01:44:17.443-0500] {processor.py:183} INFO - Processing /opt/airflow/dags/dag_estimar_riesgo_disrupcion.py took 0.511 seconds
[2026-07-09T01:44:47.864-0500] {processor.py:161} INFO - Started process (PID=10397) to work on /opt/airflow/dags/dag_estimar_riesgo_disrupcion.py
[2026-07-09T01:44:47.865-0500] {processor.py:830} INFO - Processing file /opt/airflow/dags/dag_estimar_riesgo_disrupcion.py for tasks to queue
[2026-07-09T01:44:47.867-0500] {logging_mixin.py:188} INFO - [2026-07-09T01:44:47.867-0500] {dagbag.py:545} INFO - Filling up the DagBag from /opt/airflow/dags/dag_estimar_riesgo_disrupcion.py
[2026-07-09T01:44:48.236-0500] {processor.py:840} INFO - DAG(s) 'aerotrack_travel_riesgo_disrupcion' retrieved from /opt/airflow/dags/dag_estimar_riesgo_disrupcion.py
[2026-07-09T01:44:48.267-0500] {logging_mixin.py:188} INFO - [2026-07-09T01:44:48.267-0500] {dag.py:3089} INFO - Sync 1 DAGs
[2026-07-09T01:44:48.286-0500] {logging_mixin.py:188} INFO - [2026-07-09T01:44:48.285-0500] {dag.py:3947} INFO - Setting next_dagrun for aerotrack_travel_riesgo_disrupcion to 2026-07-09 00:00:00+00:00, run_after=2026-07-10 00:00:00+00:00
[2026-07-09T01:44:48.301-0500] {processor.py:183} INFO - Processing /opt/airflow/dags/dag_estimar_riesgo_disrupcion.py took 0.441 seconds
[2026-07-09T01:45:18.715-0500] {processor.py:161} INFO - Started process (PID=10424) to work on /opt/airflow/dags/dag_estimar_riesgo_disrupcion.py
[2026-07-09T01:45:18.716-0500] {processor.py:830} INFO - Processing file /opt/airflow/dags/dag_estimar_riesgo_disrupcion.py for tasks to queue
[2026-07-09T01:45:18.718-0500] {logging_mixin.py:188} INFO - [2026-07-09T01:45:18.717-0500] {dagbag.py:545} INFO - Filling up the DagBag from /opt/airflow/dags/dag_estimar_riesgo_disrupcion.py
[2026-07-09T01:45:19.097-0500] {processor.py:840} INFO - DAG(s) 'aerotrack_travel_riesgo_disrupcion' retrieved from /opt/airflow/dags/dag_estimar_riesgo_disrupcion.py
[2026-07-09T01:45:19.130-0500] {logging_mixin.py:188} INFO - [2026-07-09T01:45:19.129-0500] {dag.py:3089} INFO - Sync 1 DAGs
[2026-07-09T01:45:19.147-0500] {logging_mixin.py:188} INFO - [2026-07-09T01:45:19.147-0500] {dag.py:3947} INFO - Setting next_dagrun for aerotrack_travel_riesgo_disrupcion to 2026-07-09 00:00:00+00:00, run_after=2026-07-10 00:00:00+00:00
[2026-07-09T01:45:19.165-0500] {processor.py:183} INFO - Processing /opt/airflow/dags/dag_estimar_riesgo_disrupcion.py took 0.454 seconds
[2026-07-09T01:45:49.499-0500] {processor.py:161} INFO - Started process (PID=10451) to work on /opt/airflow/dags/dag_estimar_riesgo_disrupcion.py
[2026-07-09T01:45:49.500-0500] {processor.py:830} INFO - Processing file /opt/airflow/dags/dag_estimar_riesgo_disrupcion.py for tasks to queue
[2026-07-09T01:45:49.501-0500] {logging_mixin.py:188} INFO - [2026-07-09T01:45:49.501-0500] {dagbag.py:545} INFO - Filling up the DagBag from /opt/airflow/dags/dag_estimar_riesgo_disrupcion.py
[2026-07-09T01:45:49.890-0500] {processor.py:840} INFO - DAG(s) 'aerotrack_travel_riesgo_disrupcion' retrieved from /opt/airflow/dags/dag_estimar_riesgo_disrupcion.py
[2026-07-09T01:45:49.926-0500] {logging_mixin.py:188} INFO - [2026-07-09T01:45:49.925-0500] {dag.py:3089} INFO - Sync 1 DAGs
[2026-07-09T01:45:49.946-0500] {logging_mixin.py:188} INFO - [2026-07-09T01:45:49.946-0500] {dag.py:3947} INFO - Setting next_dagrun for aerotrack_travel_riesgo_disrupcion to 2026-07-09 00:00:00+00:00, run_after=2026-07-10 00:00:00+00:00
[2026-07-09T01:45:49.965-0500] {processor.py:183} INFO - Processing /opt/airflow/dags/dag_estimar_riesgo_disrupcion.py took 0.470 seconds
[2026-07-09T01:46:20.420-0500] {processor.py:161} INFO - Started process (PID=10478) to work on /opt/airflow/dags/dag_estimar_riesgo_disrupcion.py
[2026-07-09T01:46:20.421-0500] {processor.py:830} INFO - Processing file /opt/airflow/dags/dag_estimar_riesgo_disrupcion.py for tasks to queue
[2026-07-09T01:46:20.423-0500] {logging_mixin.py:188} INFO - [2026-07-09T01:46:20.422-0500] {dagbag.py:545} INFO - Filling up the DagBag from /opt/airflow/dags/dag_estimar_riesgo_disrupcion.py
[2026-07-09T01:46:20.811-0500] {processor.py:840} INFO - DAG(s) 'aerotrack_travel_riesgo_disrupcion' retrieved from /opt/airflow/dags/dag_estimar_riesgo_disrupcion.py
[2026-07-09T01:46:20.840-0500] {logging_mixin.py:188} INFO - [2026-07-09T01:46:20.839-0500] {dag.py:3089} INFO - Sync 1 DAGs
[2026-07-09T01:46:20.856-0500] {logging_mixin.py:188} INFO - [2026-07-09T01:46:20.856-0500] {dag.py:3947} INFO - Setting next_dagrun for aerotrack_travel_riesgo_disrupcion to 2026-07-09 00:00:00+00:00, run_after=2026-07-10 00:00:00+00:00
[2026-07-09T01:46:20.871-0500] {processor.py:183} INFO - Processing /opt/airflow/dags/dag_estimar_riesgo_disrupcion.py took 0.456 seconds
[2026-07-09T01:46:51.277-0500] {processor.py:161} INFO - Started process (PID=10505) to work on /opt/airflow/dags/dag_estimar_riesgo_disrupcion.py
[2026-07-09T01:46:51.278-0500] {processor.py:830} INFO - Processing file /opt/airflow/dags/dag_estimar_riesgo_disrupcion.py for tasks to queue
[2026-07-09T01:46:51.279-0500] {logging_mixin.py:188} INFO - [2026-07-09T01:46:51.279-0500] {dagbag.py:545} INFO - Filling up the DagBag from /opt/airflow/dags/dag_estimar_riesgo_disrupcion.py
[2026-07-09T01:46:51.666-0500] {processor.py:840} INFO - DAG(s) 'aerotrack_travel_riesgo_disrupcion' retrieved from /opt/airflow/dags/dag_estimar_riesgo_disrupcion.py
[2026-07-09T01:46:51.695-0500] {logging_mixin.py:188} INFO - [2026-07-09T01:46:51.695-0500] {dag.py:3089} INFO - Sync 1 DAGs
[2026-07-09T01:46:51.713-0500] {logging_mixin.py:188} INFO - [2026-07-09T01:46:51.713-0500] {dag.py:3947} INFO - Setting next_dagrun for aerotrack_travel_riesgo_disrupcion to 2026-07-09 00:00:00+00:00, run_after=2026-07-10 00:00:00+00:00
[2026-07-09T01:46:51.730-0500] {processor.py:183} INFO - Processing /opt/airflow/dags/dag_estimar_riesgo_disrupcion.py took 0.458 seconds
[2026-07-09T01:47:22.061-0500] {processor.py:161} INFO - Started process (PID=10532) to work on /opt/airflow/dags/dag_estimar_riesgo_disrupcion.py
[2026-07-09T01:47:22.062-0500] {processor.py:830} INFO - Processing file /opt/airflow/dags/dag_estimar_riesgo_disrupcion.py for tasks to queue
[2026-07-09T01:47:22.064-0500] {logging_mixin.py:188} INFO - [2026-07-09T01:47:22.063-0500] {dagbag.py:545} INFO - Filling up the DagBag from /opt/airflow/dags/dag_estimar_riesgo_disrupcion.py
[2026-07-09T01:47:22.437-0500] {processor.py:840} INFO - DAG(s) 'aerotrack_travel_riesgo_disrupcion' retrieved from /opt/airflow/dags/dag_estimar_riesgo_disrupcion.py
[2026-07-09T01:47:22.467-0500] {logging_mixin.py:188} INFO - [2026-07-09T01:47:22.467-0500] {dag.py:3089} INFO - Sync 1 DAGs
[2026-07-09T01:47:22.484-0500] {logging_mixin.py:188} INFO - [2026-07-09T01:47:22.484-0500] {dag.py:3947} INFO - Setting next_dagrun for aerotrack_travel_riesgo_disrupcion to 2026-07-09 00:00:00+00:00, run_after=2026-07-10 00:00:00+00:00
[2026-07-09T01:47:22.500-0500] {processor.py:183} INFO - Processing /opt/airflow/dags/dag_estimar_riesgo_disrupcion.py took 0.443 seconds
[2026-07-09T01:47:52.814-0500] {processor.py:161} INFO - Started process (PID=10559) to work on /opt/airflow/dags/dag_estimar_riesgo_disrupcion.py
[2026-07-09T01:47:52.815-0500] {processor.py:830} INFO - Processing file /opt/airflow/dags/dag_estimar_riesgo_disrupcion.py for tasks to queue
[2026-07-09T01:47:52.816-0500] {logging_mixin.py:188} INFO - [2026-07-09T01:47:52.816-0500] {dagbag.py:545} INFO - Filling up the DagBag from /opt/airflow/dags/dag_estimar_riesgo_disrupcion.py
[2026-07-09T01:47:53.181-0500] {processor.py:840} INFO - DAG(s) 'aerotrack_travel_riesgo_disrupcion' retrieved from /opt/airflow/dags/dag_estimar_riesgo_disrupcion.py
[2026-07-09T01:47:53.213-0500] {logging_mixin.py:188} INFO - [2026-07-09T01:47:53.213-0500] {dag.py:3089} INFO - Sync 1 DAGs
[2026-07-09T01:47:53.233-0500] {logging_mixin.py:188} INFO - [2026-07-09T01:47:53.232-0500] {dag.py:3947} INFO - Setting next_dagrun for aerotrack_travel_riesgo_disrupcion to 2026-07-09 00:00:00+00:00, run_after=2026-07-10 00:00:00+00:00
[2026-07-09T01:47:53.249-0500] {processor.py:183} INFO - Processing /opt/airflow/dags/dag_estimar_riesgo_disrupcion.py took 0.440 seconds
[2026-07-09T01:48:23.594-0500] {processor.py:161} INFO - Started process (PID=10586) to work on /opt/airflow/dags/dag_estimar_riesgo_disrupcion.py
[2026-07-09T01:48:23.595-0500] {processor.py:830} INFO - Processing file /opt/airflow/dags/dag_estimar_riesgo_disrupcion.py for tasks to queue
[2026-07-09T01:48:23.596-0500] {logging_mixin.py:188} INFO - [2026-07-09T01:48:23.596-0500] {dagbag.py:545} INFO - Filling up the DagBag from /opt/airflow/dags/dag_estimar_riesgo_disrupcion.py
[2026-07-09T01:48:23.990-0500] {processor.py:840} INFO - DAG(s) 'aerotrack_travel_riesgo_disrupcion' retrieved from /opt/airflow/dags/dag_estimar_riesgo_disrupcion.py
[2026-07-09T01:48:24.016-0500] {logging_mixin.py:188} INFO - [2026-07-09T01:48:24.016-0500] {dag.py:3089} INFO - Sync 1 DAGs
[2026-07-09T01:48:24.032-0500] {logging_mixin.py:188} INFO - [2026-07-09T01:48:24.032-0500] {dag.py:3947} INFO - Setting next_dagrun for aerotrack_travel_riesgo_disrupcion to 2026-07-09 00:00:00+00:00, run_after=2026-07-10 00:00:00+00:00
[2026-07-09T01:48:24.050-0500] {processor.py:183} INFO - Processing /opt/airflow/dags/dag_estimar_riesgo_disrupcion.py took 0.461 seconds
[2026-07-09T01:48:54.369-0500] {processor.py:161} INFO - Started process (PID=10613) to work on /opt/airflow/dags/dag_estimar_riesgo_disrupcion.py
[2026-07-09T01:48:54.370-0500] {processor.py:830} INFO - Processing file /opt/airflow/dags/dag_estimar_riesgo_disrupcion.py for tasks to queue
[2026-07-09T01:48:54.371-0500] {logging_mixin.py:188} INFO - [2026-07-09T01:48:54.371-0500] {dagbag.py:545} INFO - Filling up the DagBag from /opt/airflow/dags/dag_estimar_riesgo_disrupcion.py
[2026-07-09T01:48:54.733-0500] {processor.py:840} INFO - DAG(s) 'aerotrack_travel_riesgo_disrupcion' retrieved from /opt/airflow/dags/dag_estimar_riesgo_disrupcion.py
[2026-07-09T01:48:54.760-0500] {logging_mixin.py:188} INFO - [2026-07-09T01:48:54.760-0500] {dag.py:3089} INFO - Sync 1 DAGs
[2026-07-09T01:48:54.777-0500] {logging_mixin.py:188} INFO - [2026-07-09T01:48:54.777-0500] {dag.py:3947} INFO - Setting next_dagrun for aerotrack_travel_riesgo_disrupcion to 2026-07-09 00:00:00+00:00, run_after=2026-07-10 00:00:00+00:00
[2026-07-09T01:48:54.792-0500] {processor.py:183} INFO - Processing /opt/airflow/dags/dag_estimar_riesgo_disrupcion.py took 0.427 seconds
[2026-07-09T01:49:25.115-0500] {processor.py:161} INFO - Started process (PID=10640) to work on /opt/airflow/dags/dag_estimar_riesgo_disrupcion.py
[2026-07-09T01:49:25.116-0500] {processor.py:830} INFO - Processing file /opt/airflow/dags/dag_estimar_riesgo_disrupcion.py for tasks to queue
[2026-07-09T01:49:25.117-0500] {logging_mixin.py:188} INFO - [2026-07-09T01:49:25.117-0500] {dagbag.py:545} INFO - Filling up the DagBag from /opt/airflow/dags/dag_estimar_riesgo_disrupcion.py
[2026-07-09T01:49:25.467-0500] {processor.py:840} INFO - DAG(s) 'aerotrack_travel_riesgo_disrupcion' retrieved from /opt/airflow/dags/dag_estimar_riesgo_disrupcion.py
[2026-07-09T01:49:25.495-0500] {logging_mixin.py:188} INFO - [2026-07-09T01:49:25.494-0500] {dag.py:3089} INFO - Sync 1 DAGs
[2026-07-09T01:49:25.511-0500] {logging_mixin.py:188} INFO - [2026-07-09T01:49:25.510-0500] {dag.py:3947} INFO - Setting next_dagrun for aerotrack_travel_riesgo_disrupcion to 2026-07-09 00:00:00+00:00, run_after=2026-07-10 00:00:00+00:00
[2026-07-09T01:49:25.526-0500] {processor.py:183} INFO - Processing /opt/airflow/dags/dag_estimar_riesgo_disrupcion.py took 0.416 seconds
[2026-07-09T01:49:55.908-0500] {processor.py:161} INFO - Started process (PID=10667) to work on /opt/airflow/dags/dag_estimar_riesgo_disrupcion.py
[2026-07-09T01:49:55.909-0500] {processor.py:830} INFO - Processing file /opt/airflow/dags/dag_estimar_riesgo_disrupcion.py for tasks to queue
[2026-07-09T01:49:55.911-0500] {logging_mixin.py:188} INFO - [2026-07-09T01:49:55.911-0500] {dagbag.py:545} INFO - Filling up the DagBag from /opt/airflow/dags/dag_estimar_riesgo_disrupcion.py
[2026-07-09T01:49:56.313-0500] {processor.py:840} INFO - DAG(s) 'aerotrack_travel_riesgo_disrupcion' retrieved from /opt/airflow/dags/dag_estimar_riesgo_disrupcion.py
[2026-07-09T01:49:56.337-0500] {logging_mixin.py:188} INFO - [2026-07-09T01:49:56.337-0500] {dag.py:3089} INFO - Sync 1 DAGs
[2026-07-09T01:49:56.353-0500] {logging_mixin.py:188} INFO - [2026-07-09T01:49:56.353-0500] {dag.py:3947} INFO - Setting next_dagrun for aerotrack_travel_riesgo_disrupcion to 2026-07-09 00:00:00+00:00, run_after=2026-07-10 00:00:00+00:00
[2026-07-09T01:49:56.366-0500] {processor.py:183} INFO - Processing /opt/airflow/dags/dag_estimar_riesgo_disrupcion.py took 0.462 seconds
[2026-07-09T01:50:26.691-0500] {processor.py:161} INFO - Started process (PID=10694) to work on /opt/airflow/dags/dag_estimar_riesgo_disrupcion.py
[2026-07-09T01:50:26.692-0500] {processor.py:830} INFO - Processing file /opt/airflow/dags/dag_estimar_riesgo_disrupcion.py for tasks to queue
[2026-07-09T01:50:26.693-0500] {logging_mixin.py:188} INFO - [2026-07-09T01:50:26.693-0500] {dagbag.py:545} INFO - Filling up the DagBag from /opt/airflow/dags/dag_estimar_riesgo_disrupcion.py
[2026-07-09T01:50:27.086-0500] {processor.py:840} INFO - DAG(s) 'aerotrack_travel_riesgo_disrupcion' retrieved from /opt/airflow/dags/dag_estimar_riesgo_disrupcion.py
[2026-07-09T01:50:27.115-0500] {logging_mixin.py:188} INFO - [2026-07-09T01:50:27.115-0500] {dag.py:3089} INFO - Sync 1 DAGs
[2026-07-09T01:50:27.132-0500] {logging_mixin.py:188} INFO - [2026-07-09T01:50:27.132-0500] {dag.py:3947} INFO - Setting next_dagrun for aerotrack_travel_riesgo_disrupcion to 2026-07-09 00:00:00+00:00, run_after=2026-07-10 00:00:00+00:00
[2026-07-09T01:50:27.151-0500] {processor.py:183} INFO - Processing /opt/airflow/dags/dag_estimar_riesgo_disrupcion.py took 0.465 seconds
[2026-07-09T01:50:57.460-0500] {processor.py:161} INFO - Started process (PID=10721) to work on /opt/airflow/dags/dag_estimar_riesgo_disrupcion.py
[2026-07-09T01:50:57.461-0500] {processor.py:830} INFO - Processing file /opt/airflow/dags/dag_estimar_riesgo_disrupcion.py for tasks to queue
[2026-07-09T01:50:57.462-0500] {logging_mixin.py:188} INFO - [2026-07-09T01:50:57.462-0500] {dagbag.py:545} INFO - Filling up the DagBag from /opt/airflow/dags/dag_estimar_riesgo_disrupcion.py
[2026-07-09T01:50:57.836-0500] {processor.py:840} INFO - DAG(s) 'aerotrack_travel_riesgo_disrupcion' retrieved from /opt/airflow/dags/dag_estimar_riesgo_disrupcion.py
[2026-07-09T01:50:57.863-0500] {logging_mixin.py:188} INFO - [2026-07-09T01:50:57.863-0500] {dag.py:3089} INFO - Sync 1 DAGs
[2026-07-09T01:50:57.880-0500] {logging_mixin.py:188} INFO - [2026-07-09T01:50:57.879-0500] {dag.py:3947} INFO - Setting next_dagrun for aerotrack_travel_riesgo_disrupcion to 2026-07-09 00:00:00+00:00, run_after=2026-07-10 00:00:00+00:00
[2026-07-09T01:50:57.893-0500] {processor.py:183} INFO - Processing /opt/airflow/dags/dag_estimar_riesgo_disrupcion.py took 0.437 seconds
[2026-07-09T01:51:28.330-0500] {processor.py:161} INFO - Started process (PID=10748) to work on /opt/airflow/dags/dag_estimar_riesgo_disrupcion.py
[2026-07-09T01:51:28.331-0500] {processor.py:830} INFO - Processing file /opt/airflow/dags/dag_estimar_riesgo_disrupcion.py for tasks to queue
[2026-07-09T01:51:28.334-0500] {logging_mixin.py:188} INFO - [2026-07-09T01:51:28.333-0500] {dagbag.py:545} INFO - Filling up the DagBag from /opt/airflow/dags/dag_estimar_riesgo_disrupcion.py
[2026-07-09T01:51:28.988-0500] {processor.py:840} INFO - DAG(s) 'aerotrack_travel_riesgo_disrupcion' retrieved from /opt/airflow/dags/dag_estimar_riesgo_disrupcion.py
[2026-07-09T01:51:29.018-0500] {logging_mixin.py:188} INFO - [2026-07-09T01:51:29.018-0500] {dag.py:3089} INFO - Sync 1 DAGs
[2026-07-09T01:51:29.035-0500] {logging_mixin.py:188} INFO - [2026-07-09T01:51:29.035-0500] {dag.py:3947} INFO - Setting next_dagrun for aerotrack_travel_riesgo_disrupcion to 2026-07-09 00:00:00+00:00, run_after=2026-07-10 00:00:00+00:00
[2026-07-09T01:51:29.049-0500] {processor.py:183} INFO - Processing /opt/airflow/dags/dag_estimar_riesgo_disrupcion.py took 0.743 seconds
[2026-07-09T01:51:59.380-0500] {processor.py:161} INFO - Started process (PID=10775) to work on /opt/airflow/dags/dag_estimar_riesgo_disrupcion.py
[2026-07-09T01:51:59.381-0500] {processor.py:830} INFO - Processing file /opt/airflow/dags/dag_estimar_riesgo_disrupcion.py for tasks to queue
[2026-07-09T01:51:59.383-0500] {logging_mixin.py:188} INFO - [2026-07-09T01:51:59.383-0500] {dagbag.py:545} INFO - Filling up the DagBag from /opt/airflow/dags/dag_estimar_riesgo_disrupcion.py
[2026-07-09T01:51:59.750-0500] {processor.py:840} INFO - DAG(s) 'aerotrack_travel_riesgo_disrupcion' retrieved from /opt/airflow/dags/dag_estimar_riesgo_disrupcion.py
[2026-07-09T01:51:59.781-0500] {logging_mixin.py:188} INFO - [2026-07-09T01:51:59.780-0500] {dag.py:3089} INFO - Sync 1 DAGs
[2026-07-09T01:51:59.797-0500] {logging_mixin.py:188} INFO - [2026-07-09T01:51:59.797-0500] {dag.py:3947} INFO - Setting next_dagrun for aerotrack_travel_riesgo_disrupcion to 2026-07-09 00:00:00+00:00, run_after=2026-07-10 00:00:00+00:00
[2026-07-09T01:51:59.813-0500] {processor.py:183} INFO - Processing /opt/airflow/dags/dag_estimar_riesgo_disrupcion.py took 0.437 seconds
[2026-07-09T01:52:30.114-0500] {processor.py:161} INFO - Started process (PID=10802) to work on /opt/airflow/dags/dag_estimar_riesgo_disrupcion.py
[2026-07-09T01:52:30.115-0500] {processor.py:830} INFO - Processing file /opt/airflow/dags/dag_estimar_riesgo_disrupcion.py for tasks to queue
[2026-07-09T01:52:30.117-0500] {logging_mixin.py:188} INFO - [2026-07-09T01:52:30.117-0500] {dagbag.py:545} INFO - Filling up the DagBag from /opt/airflow/dags/dag_estimar_riesgo_disrupcion.py
[2026-07-09T01:52:30.490-0500] {processor.py:840} INFO - DAG(s) 'aerotrack_travel_riesgo_disrupcion' retrieved from /opt/airflow/dags/dag_estimar_riesgo_disrupcion.py
[2026-07-09T01:52:30.526-0500] {logging_mixin.py:188} INFO - [2026-07-09T01:52:30.525-0500] {dag.py:3089} INFO - Sync 1 DAGs
[2026-07-09T01:52:30.546-0500] {logging_mixin.py:188} INFO - [2026-07-09T01:52:30.545-0500] {dag.py:3947} INFO - Setting next_dagrun for aerotrack_travel_riesgo_disrupcion to 2026-07-09 00:00:00+00:00, run_after=2026-07-10 00:00:00+00:00
[2026-07-09T01:52:30.566-0500] {processor.py:183} INFO - Processing /opt/airflow/dags/dag_estimar_riesgo_disrupcion.py took 0.457 seconds
[2026-07-09T01:53:00.937-0500] {processor.py:161} INFO - Started process (PID=10829) to work on /opt/airflow/dags/dag_estimar_riesgo_disrupcion.py
[2026-07-09T01:53:00.938-0500] {processor.py:830} INFO - Processing file /opt/airflow/dags/dag_estimar_riesgo_disrupcion.py for tasks to queue
[2026-07-09T01:53:00.940-0500] {logging_mixin.py:188} INFO - [2026-07-09T01:53:00.940-0500] {dagbag.py:545} INFO - Filling up the DagBag from /opt/airflow/dags/dag_estimar_riesgo_disrupcion.py
[2026-07-09T01:53:01.326-0500] {processor.py:840} INFO - DAG(s) 'aerotrack_travel_riesgo_disrupcion' retrieved from /opt/airflow/dags/dag_estimar_riesgo_disrupcion.py
[2026-07-09T01:53:01.351-0500] {logging_mixin.py:188} INFO - [2026-07-09T01:53:01.351-0500] {dag.py:3089} INFO - Sync 1 DAGs
[2026-07-09T01:53:01.368-0500] {logging_mixin.py:188} INFO - [2026-07-09T01:53:01.368-0500] {dag.py:3947} INFO - Setting next_dagrun for aerotrack_travel_riesgo_disrupcion to 2026-07-09 00:00:00+00:00, run_after=2026-07-10 00:00:00+00:00
[2026-07-09T01:53:01.383-0500] {processor.py:183} INFO - Processing /opt/airflow/dags/dag_estimar_riesgo_disrupcion.py took 0.451 seconds
[2026-07-09T01:53:31.697-0500] {processor.py:161} INFO - Started process (PID=10856) to work on /opt/airflow/dags/dag_estimar_riesgo_disrupcion.py
[2026-07-09T01:53:31.698-0500] {processor.py:830} INFO - Processing file /opt/airflow/dags/dag_estimar_riesgo_disrupcion.py for tasks to queue
[2026-07-09T01:53:31.700-0500] {logging_mixin.py:188} INFO - [2026-07-09T01:53:31.699-0500] {dagbag.py:545} INFO - Filling up the DagBag from /opt/airflow/dags/dag_estimar_riesgo_disrupcion.py
[2026-07-09T01:53:32.065-0500] {processor.py:840} INFO - DAG(s) 'aerotrack_travel_riesgo_disrupcion' retrieved from /opt/airflow/dags/dag_estimar_riesgo_disrupcion.py
[2026-07-09T01:53:32.092-0500] {logging_mixin.py:188} INFO - [2026-07-09T01:53:32.092-0500] {dag.py:3089} INFO - Sync 1 DAGs
[2026-07-09T01:53:32.107-0500] {logging_mixin.py:188} INFO - [2026-07-09T01:53:32.107-0500] {dag.py:3947} INFO - Setting next_dagrun for aerotrack_travel_riesgo_disrupcion to 2026-07-09 00:00:00+00:00, run_after=2026-07-10 00:00:00+00:00
[2026-07-09T01:53:32.123-0500] {processor.py:183} INFO - Processing /opt/airflow/dags/dag_estimar_riesgo_disrupcion.py took 0.430 seconds
[2026-07-09T01:54:02.447-0500] {processor.py:161} INFO - Started process (PID=10883) to work on /opt/airflow/dags/dag_estimar_riesgo_disrupcion.py
[2026-07-09T01:54:02.448-0500] {processor.py:830} INFO - Processing file /opt/airflow/dags/dag_estimar_riesgo_disrupcion.py for tasks to queue
[2026-07-09T01:54:02.449-0500] {logging_mixin.py:188} INFO - [2026-07-09T01:54:02.449-0500] {dagbag.py:545} INFO - Filling up the DagBag from /opt/airflow/dags/dag_estimar_riesgo_disrupcion.py
[2026-07-09T01:54:02.857-0500] {processor.py:840} INFO - DAG(s) 'aerotrack_travel_riesgo_disrupcion' retrieved from /opt/airflow/dags/dag_estimar_riesgo_disrupcion.py
[2026-07-09T01:54:02.886-0500] {logging_mixin.py:188} INFO - [2026-07-09T01:54:02.886-0500] {dag.py:3089} INFO - Sync 1 DAGs
[2026-07-09T01:54:02.901-0500] {logging_mixin.py:188} INFO - [2026-07-09T01:54:02.901-0500] {dag.py:3947} INFO - Setting next_dagrun for aerotrack_travel_riesgo_disrupcion to 2026-07-09 00:00:00+00:00, run_after=2026-07-10 00:00:00+00:00
[2026-07-09T01:54:02.917-0500] {processor.py:183} INFO - Processing /opt/airflow/dags/dag_estimar_riesgo_disrupcion.py took 0.475 seconds
[2026-07-09T01:54:33.239-0500] {processor.py:161} INFO - Started process (PID=10910) to work on /opt/airflow/dags/dag_estimar_riesgo_disrupcion.py
[2026-07-09T01:54:33.240-0500] {processor.py:830} INFO - Processing file /opt/airflow/dags/dag_estimar_riesgo_disrupcion.py for tasks to queue
[2026-07-09T01:54:33.241-0500] {logging_mixin.py:188} INFO - [2026-07-09T01:54:33.241-0500] {dagbag.py:545} INFO - Filling up the DagBag from /opt/airflow/dags/dag_estimar_riesgo_disrupcion.py
[2026-07-09T01:54:33.649-0500] {processor.py:840} INFO - DAG(s) 'aerotrack_travel_riesgo_disrupcion' retrieved from /opt/airflow/dags/dag_estimar_riesgo_disrupcion.py
[2026-07-09T01:54:33.681-0500] {logging_mixin.py:188} INFO - [2026-07-09T01:54:33.681-0500] {dag.py:3089} INFO - Sync 1 DAGs
[2026-07-09T01:54:33.699-0500] {logging_mixin.py:188} INFO - [2026-07-09T01:54:33.699-0500] {dag.py:3947} INFO - Setting next_dagrun for aerotrack_travel_riesgo_disrupcion to 2026-07-09 00:00:00+00:00, run_after=2026-07-10 00:00:00+00:00
[2026-07-09T01:54:33.716-0500] {processor.py:183} INFO - Processing /opt/airflow/dags/dag_estimar_riesgo_disrupcion.py took 0.482 seconds
[2026-07-09T01:55:04.055-0500] {processor.py:161} INFO - Started process (PID=10937) to work on /opt/airflow/dags/dag_estimar_riesgo_disrupcion.py
[2026-07-09T01:55:04.056-0500] {processor.py:830} INFO - Processing file /opt/airflow/dags/dag_estimar_riesgo_disrupcion.py for tasks to queue
[2026-07-09T01:55:04.057-0500] {logging_mixin.py:188} INFO - [2026-07-09T01:55:04.057-0500] {dagbag.py:545} INFO - Filling up the DagBag from /opt/airflow/dags/dag_estimar_riesgo_disrupcion.py
[2026-07-09T01:55:04.435-0500] {processor.py:840} INFO - DAG(s) 'aerotrack_travel_riesgo_disrupcion' retrieved from /opt/airflow/dags/dag_estimar_riesgo_disrupcion.py
[2026-07-09T01:55:04.463-0500] {logging_mixin.py:188} INFO - [2026-07-09T01:55:04.462-0500] {dag.py:3089} INFO - Sync 1 DAGs
[2026-07-09T01:55:04.480-0500] {logging_mixin.py:188} INFO - [2026-07-09T01:55:04.480-0500] {dag.py:3947} INFO - Setting next_dagrun for aerotrack_travel_riesgo_disrupcion to 2026-07-09 00:00:00+00:00, run_after=2026-07-10 00:00:00+00:00
[2026-07-09T01:55:04.494-0500] {processor.py:183} INFO - Processing /opt/airflow/dags/dag_estimar_riesgo_disrupcion.py took 0.444 seconds
[2026-07-09T01:55:34.803-0500] {processor.py:161} INFO - Started process (PID=10964) to work on /opt/airflow/dags/dag_estimar_riesgo_disrupcion.py
[2026-07-09T01:55:34.804-0500] {processor.py:830} INFO - Processing file /opt/airflow/dags/dag_estimar_riesgo_disrupcion.py for tasks to queue
[2026-07-09T01:55:34.806-0500] {logging_mixin.py:188} INFO - [2026-07-09T01:55:34.805-0500] {dagbag.py:545} INFO - Filling up the DagBag from /opt/airflow/dags/dag_estimar_riesgo_disrupcion.py
[2026-07-09T01:55:35.200-0500] {processor.py:840} INFO - DAG(s) 'aerotrack_travel_riesgo_disrupcion' retrieved from /opt/airflow/dags/dag_estimar_riesgo_disrupcion.py
[2026-07-09T01:55:35.237-0500] {logging_mixin.py:188} INFO - [2026-07-09T01:55:35.236-0500] {dag.py:3089} INFO - Sync 1 DAGs
[2026-07-09T01:55:35.261-0500] {logging_mixin.py:188} INFO - [2026-07-09T01:55:35.261-0500] {dag.py:3947} INFO - Setting next_dagrun for aerotrack_travel_riesgo_disrupcion to 2026-07-09 00:00:00+00:00, run_after=2026-07-10 00:00:00+00:00
[2026-07-09T01:55:35.278-0500] {processor.py:183} INFO - Processing /opt/airflow/dags/dag_estimar_riesgo_disrupcion.py took 0.479 seconds
[2026-07-09T01:56:05.600-0500] {processor.py:161} INFO - Started process (PID=10991) to work on /opt/airflow/dags/dag_estimar_riesgo_disrupcion.py
[2026-07-09T01:56:05.601-0500] {processor.py:830} INFO - Processing file /opt/airflow/dags/dag_estimar_riesgo_disrupcion.py for tasks to queue
[2026-07-09T01:56:05.602-0500] {logging_mixin.py:188} INFO - [2026-07-09T01:56:05.602-0500] {dagbag.py:545} INFO - Filling up the DagBag from /opt/airflow/dags/dag_estimar_riesgo_disrupcion.py
[2026-07-09T01:56:06.058-0500] {processor.py:840} INFO - DAG(s) 'aerotrack_travel_riesgo_disrupcion' retrieved from /opt/airflow/dags/dag_estimar_riesgo_disrupcion.py
[2026-07-09T01:56:06.088-0500] {logging_mixin.py:188} INFO - [2026-07-09T01:56:06.087-0500] {dag.py:3089} INFO - Sync 1 DAGs
[2026-07-09T01:56:06.107-0500] {logging_mixin.py:188} INFO - [2026-07-09T01:56:06.107-0500] {dag.py:3947} INFO - Setting next_dagrun for aerotrack_travel_riesgo_disrupcion to 2026-07-09 00:00:00+00:00, run_after=2026-07-10 00:00:00+00:00
[2026-07-09T01:56:06.121-0500] {processor.py:183} INFO - Processing /opt/airflow/dags/dag_estimar_riesgo_disrupcion.py took 0.526 seconds
[2026-07-09T01:56:36.544-0500] {processor.py:161} INFO - Started process (PID=11018) to work on /opt/airflow/dags/dag_estimar_riesgo_disrupcion.py
[2026-07-09T01:56:36.545-0500] {processor.py:830} INFO - Processing file /opt/airflow/dags/dag_estimar_riesgo_disrupcion.py for tasks to queue
[2026-07-09T01:56:36.547-0500] {logging_mixin.py:188} INFO - [2026-07-09T01:56:36.546-0500] {dagbag.py:545} INFO - Filling up the DagBag from /opt/airflow/dags/dag_estimar_riesgo_disrupcion.py
[2026-07-09T01:56:37.020-0500] {processor.py:840} INFO - DAG(s) 'aerotrack_travel_riesgo_disrupcion' retrieved from /opt/airflow/dags/dag_estimar_riesgo_disrupcion.py
[2026-07-09T01:56:37.060-0500] {logging_mixin.py:188} INFO - [2026-07-09T01:56:37.059-0500] {dag.py:3089} INFO - Sync 1 DAGs
[2026-07-09T01:56:37.077-0500] {logging_mixin.py:188} INFO - [2026-07-09T01:56:37.076-0500] {dag.py:3947} INFO - Setting next_dagrun for aerotrack_travel_riesgo_disrupcion to 2026-07-09 00:00:00+00:00, run_after=2026-07-10 00:00:00+00:00
[2026-07-09T01:56:37.092-0500] {processor.py:183} INFO - Processing /opt/airflow/dags/dag_estimar_riesgo_disrupcion.py took 0.554 seconds
[2026-07-09T01:57:07.598-0500] {processor.py:161} INFO - Started process (PID=11045) to work on /opt/airflow/dags/dag_estimar_riesgo_disrupcion.py
[2026-07-09T01:57:07.599-0500] {processor.py:830} INFO - Processing file /opt/airflow/dags/dag_estimar_riesgo_disrupcion.py for tasks to queue
[2026-07-09T01:57:07.600-0500] {logging_mixin.py:188} INFO - [2026-07-09T01:57:07.600-0500] {dagbag.py:545} INFO - Filling up the DagBag from /opt/airflow/dags/dag_estimar_riesgo_disrupcion.py
[2026-07-09T01:57:07.982-0500] {processor.py:840} INFO - DAG(s) 'aerotrack_travel_riesgo_disrupcion' retrieved from /opt/airflow/dags/dag_estimar_riesgo_disrupcion.py
[2026-07-09T01:57:08.009-0500] {logging_mixin.py:188} INFO - [2026-07-09T01:57:08.009-0500] {dag.py:3089} INFO - Sync 1 DAGs
[2026-07-09T01:57:08.025-0500] {logging_mixin.py:188} INFO - [2026-07-09T01:57:08.025-0500] {dag.py:3947} INFO - Setting next_dagrun for aerotrack_travel_riesgo_disrupcion to 2026-07-09 00:00:00+00:00, run_after=2026-07-10 00:00:00+00:00
[2026-07-09T01:57:08.041-0500] {processor.py:183} INFO - Processing /opt/airflow/dags/dag_estimar_riesgo_disrupcion.py took 0.448 seconds
[2026-07-09T01:57:38.347-0500] {processor.py:161} INFO - Started process (PID=11072) to work on /opt/airflow/dags/dag_estimar_riesgo_disrupcion.py
[2026-07-09T01:57:38.348-0500] {processor.py:830} INFO - Processing file /opt/airflow/dags/dag_estimar_riesgo_disrupcion.py for tasks to queue
[2026-07-09T01:57:38.349-0500] {logging_mixin.py:188} INFO - [2026-07-09T01:57:38.349-0500] {dagbag.py:545} INFO - Filling up the DagBag from /opt/airflow/dags/dag_estimar_riesgo_disrupcion.py
[2026-07-09T01:57:38.757-0500] {processor.py:840} INFO - DAG(s) 'aerotrack_travel_riesgo_disrupcion' retrieved from /opt/airflow/dags/dag_estimar_riesgo_disrupcion.py
[2026-07-09T01:57:38.789-0500] {logging_mixin.py:188} INFO - [2026-07-09T01:57:38.788-0500] {dag.py:3089} INFO - Sync 1 DAGs
[2026-07-09T01:57:38.807-0500] {logging_mixin.py:188} INFO - [2026-07-09T01:57:38.807-0500] {dag.py:3947} INFO - Setting next_dagrun for aerotrack_travel_riesgo_disrupcion to 2026-07-09 00:00:00+00:00, run_after=2026-07-10 00:00:00+00:00
[2026-07-09T01:57:38.820-0500] {processor.py:183} INFO - Processing /opt/airflow/dags/dag_estimar_riesgo_disrupcion.py took 0.479 seconds
[2026-07-09T01:58:09.290-0500] {processor.py:161} INFO - Started process (PID=11099) to work on /opt/airflow/dags/dag_estimar_riesgo_disrupcion.py
[2026-07-09T01:58:09.291-0500] {processor.py:830} INFO - Processing file /opt/airflow/dags/dag_estimar_riesgo_disrupcion.py for tasks to queue
[2026-07-09T01:58:09.292-0500] {logging_mixin.py:188} INFO - [2026-07-09T01:58:09.292-0500] {dagbag.py:545} INFO - Filling up the DagBag from /opt/airflow/dags/dag_estimar_riesgo_disrupcion.py
[2026-07-09T01:58:09.725-0500] {processor.py:840} INFO - DAG(s) 'aerotrack_travel_riesgo_disrupcion' retrieved from /opt/airflow/dags/dag_estimar_riesgo_disrupcion.py
[2026-07-09T01:58:09.754-0500] {logging_mixin.py:188} INFO - [2026-07-09T01:58:09.753-0500] {dag.py:3089} INFO - Sync 1 DAGs
[2026-07-09T01:58:09.772-0500] {logging_mixin.py:188} INFO - [2026-07-09T01:58:09.772-0500] {dag.py:3947} INFO - Setting next_dagrun for aerotrack_travel_riesgo_disrupcion to 2026-07-09 00:00:00+00:00, run_after=2026-07-10 00:00:00+00:00
[2026-07-09T01:58:09.789-0500] {processor.py:183} INFO - Processing /opt/airflow/dags/dag_estimar_riesgo_disrupcion.py took 0.503 seconds
[2026-07-09T01:58:40.135-0500] {processor.py:161} INFO - Started process (PID=11126) to work on /opt/airflow/dags/dag_estimar_riesgo_disrupcion.py
[2026-07-09T01:58:40.136-0500] {processor.py:830} INFO - Processing file /opt/airflow/dags/dag_estimar_riesgo_disrupcion.py for tasks to queue
[2026-07-09T01:58:40.138-0500] {logging_mixin.py:188} INFO - [2026-07-09T01:58:40.137-0500] {dagbag.py:545} INFO - Filling up the DagBag from /opt/airflow/dags/dag_estimar_riesgo_disrupcion.py
[2026-07-09T01:58:40.577-0500] {processor.py:840} INFO - DAG(s) 'aerotrack_travel_riesgo_disrupcion' retrieved from /opt/airflow/dags/dag_estimar_riesgo_disrupcion.py
[2026-07-09T01:58:40.608-0500] {logging_mixin.py:188} INFO - [2026-07-09T01:58:40.608-0500] {dag.py:3089} INFO - Sync 1 DAGs
[2026-07-09T01:58:40.628-0500] {logging_mixin.py:188} INFO - [2026-07-09T01:58:40.628-0500] {dag.py:3947} INFO - Setting next_dagrun for aerotrack_travel_riesgo_disrupcion to 2026-07-09 00:00:00+00:00, run_after=2026-07-10 00:00:00+00:00
[2026-07-09T01:58:40.648-0500] {processor.py:183} INFO - Processing /opt/airflow/dags/dag_estimar_riesgo_disrupcion.py took 0.519 seconds
[2026-07-09T01:59:11.099-0500] {processor.py:161} INFO - Started process (PID=11153) to work on /opt/airflow/dags/dag_estimar_riesgo_disrupcion.py
[2026-07-09T01:59:11.099-0500] {processor.py:830} INFO - Processing file /opt/airflow/dags/dag_estimar_riesgo_disrupcion.py for tasks to queue
[2026-07-09T01:59:11.101-0500] {logging_mixin.py:188} INFO - [2026-07-09T01:59:11.101-0500] {dagbag.py:545} INFO - Filling up the DagBag from /opt/airflow/dags/dag_estimar_riesgo_disrupcion.py
[2026-07-09T01:59:11.527-0500] {processor.py:840} INFO - DAG(s) 'aerotrack_travel_riesgo_disrupcion' retrieved from /opt/airflow/dags/dag_estimar_riesgo_disrupcion.py
[2026-07-09T01:59:11.559-0500] {logging_mixin.py:188} INFO - [2026-07-09T01:59:11.558-0500] {dag.py:3089} INFO - Sync 1 DAGs
[2026-07-09T01:59:11.576-0500] {logging_mixin.py:188} INFO - [2026-07-09T01:59:11.575-0500] {dag.py:3947} INFO - Setting next_dagrun for aerotrack_travel_riesgo_disrupcion to 2026-07-09 00:00:00+00:00, run_after=2026-07-10 00:00:00+00:00
[2026-07-09T01:59:11.590-0500] {processor.py:183} INFO - Processing /opt/airflow/dags/dag_estimar_riesgo_disrupcion.py took 0.496 seconds
[2026-07-09T01:59:42.017-0500] {processor.py:161} INFO - Started process (PID=11180) to work on /opt/airflow/dags/dag_estimar_riesgo_disrupcion.py
[2026-07-09T01:59:42.018-0500] {processor.py:830} INFO - Processing file /opt/airflow/dags/dag_estimar_riesgo_disrupcion.py for tasks to queue
[2026-07-09T01:59:42.019-0500] {logging_mixin.py:188} INFO - [2026-07-09T01:59:42.019-0500] {dagbag.py:545} INFO - Filling up the DagBag from /opt/airflow/dags/dag_estimar_riesgo_disrupcion.py
[2026-07-09T01:59:42.438-0500] {processor.py:840} INFO - DAG(s) 'aerotrack_travel_riesgo_disrupcion' retrieved from /opt/airflow/dags/dag_estimar_riesgo_disrupcion.py
[2026-07-09T01:59:42.464-0500] {logging_mixin.py:188} INFO - [2026-07-09T01:59:42.464-0500] {dag.py:3089} INFO - Sync 1 DAGs
[2026-07-09T01:59:42.486-0500] {logging_mixin.py:188} INFO - [2026-07-09T01:59:42.486-0500] {dag.py:3947} INFO - Setting next_dagrun for aerotrack_travel_riesgo_disrupcion to 2026-07-09 00:00:00+00:00, run_after=2026-07-10 00:00:00+00:00
[2026-07-09T01:59:42.502-0500] {processor.py:183} INFO - Processing /opt/airflow/dags/dag_estimar_riesgo_disrupcion.py took 0.490 seconds
[2026-07-09T02:00:12.819-0500] {processor.py:161} INFO - Started process (PID=11207) to work on /opt/airflow/dags/dag_estimar_riesgo_disrupcion.py
[2026-07-09T02:00:12.821-0500] {processor.py:830} INFO - Processing file /opt/airflow/dags/dag_estimar_riesgo_disrupcion.py for tasks to queue
[2026-07-09T02:00:12.823-0500] {logging_mixin.py:188} INFO - [2026-07-09T02:00:12.822-0500] {dagbag.py:545} INFO - Filling up the DagBag from /opt/airflow/dags/dag_estimar_riesgo_disrupcion.py
[2026-07-09T02:00:13.328-0500] {processor.py:840} INFO - DAG(s) 'aerotrack_travel_riesgo_disrupcion' retrieved from /opt/airflow/dags/dag_estimar_riesgo_disrupcion.py
[2026-07-09T02:00:13.368-0500] {logging_mixin.py:188} INFO - [2026-07-09T02:00:13.367-0500] {dag.py:3089} INFO - Sync 1 DAGs
[2026-07-09T02:00:13.392-0500] {logging_mixin.py:188} INFO - [2026-07-09T02:00:13.392-0500] {dag.py:3947} INFO - Setting next_dagrun for aerotrack_travel_riesgo_disrupcion to 2026-07-09 00:00:00+00:00, run_after=2026-07-10 00:00:00+00:00
[2026-07-09T02:00:13.410-0500] {processor.py:183} INFO - Processing /opt/airflow/dags/dag_estimar_riesgo_disrupcion.py took 0.597 seconds
[2026-07-09T02:00:43.745-0500] {processor.py:161} INFO - Started process (PID=11234) to work on /opt/airflow/dags/dag_estimar_riesgo_disrupcion.py
[2026-07-09T02:00:43.746-0500] {processor.py:830} INFO - Processing file /opt/airflow/dags/dag_estimar_riesgo_disrupcion.py for tasks to queue
[2026-07-09T02:00:43.749-0500] {logging_mixin.py:188} INFO - [2026-07-09T02:00:43.748-0500] {dagbag.py:545} INFO - Filling up the DagBag from /opt/airflow/dags/dag_estimar_riesgo_disrupcion.py
[2026-07-09T02:00:44.194-0500] {processor.py:840} INFO - DAG(s) 'aerotrack_travel_riesgo_disrupcion' retrieved from /opt/airflow/dags/dag_estimar_riesgo_disrupcion.py
[2026-07-09T02:00:44.224-0500] {logging_mixin.py:188} INFO - [2026-07-09T02:00:44.223-0500] {dag.py:3089} INFO - Sync 1 DAGs
[2026-07-09T02:00:44.242-0500] {logging_mixin.py:188} INFO - [2026-07-09T02:00:44.242-0500] {dag.py:3947} INFO - Setting next_dagrun for aerotrack_travel_riesgo_disrupcion to 2026-07-09 00:00:00+00:00, run_after=2026-07-10 00:00:00+00:00
[2026-07-09T02:00:44.259-0500] {processor.py:183} INFO - Processing /opt/airflow/dags/dag_estimar_riesgo_disrupcion.py took 0.518 seconds
[2026-07-09T02:01:14.601-0500] {processor.py:161} INFO - Started process (PID=11261) to work on /opt/airflow/dags/dag_estimar_riesgo_disrupcion.py
[2026-07-09T02:01:14.602-0500] {processor.py:830} INFO - Processing file /opt/airflow/dags/dag_estimar_riesgo_disrupcion.py for tasks to queue
[2026-07-09T02:01:14.603-0500] {logging_mixin.py:188} INFO - [2026-07-09T02:01:14.603-0500] {dagbag.py:545} INFO - Filling up the DagBag from /opt/airflow/dags/dag_estimar_riesgo_disrupcion.py
[2026-07-09T02:01:15.155-0500] {processor.py:840} INFO - DAG(s) 'aerotrack_travel_riesgo_disrupcion' retrieved from /opt/airflow/dags/dag_estimar_riesgo_disrupcion.py
[2026-07-09T02:01:15.191-0500] {logging_mixin.py:188} INFO - [2026-07-09T02:01:15.191-0500] {dag.py:3089} INFO - Sync 1 DAGs
[2026-07-09T02:01:15.214-0500] {logging_mixin.py:188} INFO - [2026-07-09T02:01:15.214-0500] {dag.py:3947} INFO - Setting next_dagrun for aerotrack_travel_riesgo_disrupcion to 2026-07-09 00:00:00+00:00, run_after=2026-07-10 00:00:00+00:00
[2026-07-09T02:01:15.240-0500] {processor.py:183} INFO - Processing /opt/airflow/dags/dag_estimar_riesgo_disrupcion.py took 0.644 seconds
[2026-07-09T02:01:45.765-0500] {processor.py:161} INFO - Started process (PID=11288) to work on /opt/airflow/dags/dag_estimar_riesgo_disrupcion.py
[2026-07-09T02:01:45.766-0500] {processor.py:830} INFO - Processing file /opt/airflow/dags/dag_estimar_riesgo_disrupcion.py for tasks to queue
[2026-07-09T02:01:45.768-0500] {logging_mixin.py:188} INFO - [2026-07-09T02:01:45.767-0500] {dagbag.py:545} INFO - Filling up the DagBag from /opt/airflow/dags/dag_estimar_riesgo_disrupcion.py
[2026-07-09T02:01:46.212-0500] {processor.py:840} INFO - DAG(s) 'aerotrack_travel_riesgo_disrupcion' retrieved from /opt/airflow/dags/dag_estimar_riesgo_disrupcion.py
[2026-07-09T02:01:46.243-0500] {logging_mixin.py:188} INFO - [2026-07-09T02:01:46.242-0500] {dag.py:3089} INFO - Sync 1 DAGs
[2026-07-09T02:01:46.261-0500] {logging_mixin.py:188} INFO - [2026-07-09T02:01:46.260-0500] {dag.py:3947} INFO - Setting next_dagrun for aerotrack_travel_riesgo_disrupcion to 2026-07-09 00:00:00+00:00, run_after=2026-07-10 00:00:00+00:00
[2026-07-09T02:01:46.275-0500] {processor.py:183} INFO - Processing /opt/airflow/dags/dag_estimar_riesgo_disrupcion.py took 0.515 seconds
[2026-07-09T02:02:16.675-0500] {processor.py:161} INFO - Started process (PID=11315) to work on /opt/airflow/dags/dag_estimar_riesgo_disrupcion.py
[2026-07-09T02:02:16.675-0500] {processor.py:830} INFO - Processing file /opt/airflow/dags/dag_estimar_riesgo_disrupcion.py for tasks to queue
[2026-07-09T02:02:16.677-0500] {logging_mixin.py:188} INFO - [2026-07-09T02:02:16.677-0500] {dagbag.py:545} INFO - Filling up the DagBag from /opt/airflow/dags/dag_estimar_riesgo_disrupcion.py
[2026-07-09T02:02:17.084-0500] {processor.py:840} INFO - DAG(s) 'aerotrack_travel_riesgo_disrupcion' retrieved from /opt/airflow/dags/dag_estimar_riesgo_disrupcion.py
[2026-07-09T02:02:17.114-0500] {logging_mixin.py:188} INFO - [2026-07-09T02:02:17.113-0500] {dag.py:3089} INFO - Sync 1 DAGs
[2026-07-09T02:02:17.131-0500] {logging_mixin.py:188} INFO - [2026-07-09T02:02:17.131-0500] {dag.py:3947} INFO - Setting next_dagrun for aerotrack_travel_riesgo_disrupcion to 2026-07-09 00:00:00+00:00, run_after=2026-07-10 00:00:00+00:00
[2026-07-09T02:02:17.146-0500] {processor.py:183} INFO - Processing /opt/airflow/dags/dag_estimar_riesgo_disrupcion.py took 0.477 seconds
[2026-07-09T02:02:47.611-0500] {processor.py:161} INFO - Started process (PID=11342) to work on /opt/airflow/dags/dag_estimar_riesgo_disrupcion.py
[2026-07-09T02:02:47.612-0500] {processor.py:830} INFO - Processing file /opt/airflow/dags/dag_estimar_riesgo_disrupcion.py for tasks to queue
[2026-07-09T02:02:47.614-0500] {logging_mixin.py:188} INFO - [2026-07-09T02:02:47.613-0500] {dagbag.py:545} INFO - Filling up the DagBag from /opt/airflow/dags/dag_estimar_riesgo_disrupcion.py
[2026-07-09T02:02:48.023-0500] {processor.py:840} INFO - DAG(s) 'aerotrack_travel_riesgo_disrupcion' retrieved from /opt/airflow/dags/dag_estimar_riesgo_disrupcion.py
[2026-07-09T02:02:48.058-0500] {logging_mixin.py:188} INFO - [2026-07-09T02:02:48.058-0500] {dag.py:3089} INFO - Sync 1 DAGs
[2026-07-09T02:02:48.077-0500] {logging_mixin.py:188} INFO - [2026-07-09T02:02:48.077-0500] {dag.py:3947} INFO - Setting next_dagrun for aerotrack_travel_riesgo_disrupcion to 2026-07-09 00:00:00+00:00, run_after=2026-07-10 00:00:00+00:00
[2026-07-09T02:02:48.095-0500] {processor.py:183} INFO - Processing /opt/airflow/dags/dag_estimar_riesgo_disrupcion.py took 0.488 seconds
[2026-07-09T02:03:18.527-0500] {processor.py:161} INFO - Started process (PID=11369) to work on /opt/airflow/dags/dag_estimar_riesgo_disrupcion.py
[2026-07-09T02:03:18.528-0500] {processor.py:830} INFO - Processing file /opt/airflow/dags/dag_estimar_riesgo_disrupcion.py for tasks to queue
[2026-07-09T02:03:18.529-0500] {logging_mixin.py:188} INFO - [2026-07-09T02:03:18.529-0500] {dagbag.py:545} INFO - Filling up the DagBag from /opt/airflow/dags/dag_estimar_riesgo_disrupcion.py
[2026-07-09T02:03:18.990-0500] {processor.py:840} INFO - DAG(s) 'aerotrack_travel_riesgo_disrupcion' retrieved from /opt/airflow/dags/dag_estimar_riesgo_disrupcion.py
[2026-07-09T02:03:19.034-0500] {logging_mixin.py:188} INFO - [2026-07-09T02:03:19.033-0500] {dag.py:3089} INFO - Sync 1 DAGs
[2026-07-09T02:03:19.051-0500] {logging_mixin.py:188} INFO - [2026-07-09T02:03:19.051-0500] {dag.py:3947} INFO - Setting next_dagrun for aerotrack_travel_riesgo_disrupcion to 2026-07-09 00:00:00+00:00, run_after=2026-07-10 00:00:00+00:00
[2026-07-09T02:03:19.069-0500] {processor.py:183} INFO - Processing /opt/airflow/dags/dag_estimar_riesgo_disrupcion.py took 0.547 seconds
[2026-07-09T02:03:49.494-0500] {processor.py:161} INFO - Started process (PID=11396) to work on /opt/airflow/dags/dag_estimar_riesgo_disrupcion.py
[2026-07-09T02:03:49.495-0500] {processor.py:830} INFO - Processing file /opt/airflow/dags/dag_estimar_riesgo_disrupcion.py for tasks to queue
[2026-07-09T02:03:49.496-0500] {logging_mixin.py:188} INFO - [2026-07-09T02:03:49.496-0500] {dagbag.py:545} INFO - Filling up the DagBag from /opt/airflow/dags/dag_estimar_riesgo_disrupcion.py
[2026-07-09T02:03:49.899-0500] {processor.py:840} INFO - DAG(s) 'aerotrack_travel_riesgo_disrupcion' retrieved from /opt/airflow/dags/dag_estimar_riesgo_disrupcion.py
[2026-07-09T02:03:49.933-0500] {logging_mixin.py:188} INFO - [2026-07-09T02:03:49.932-0500] {dag.py:3089} INFO - Sync 1 DAGs
[2026-07-09T02:03:49.954-0500] {logging_mixin.py:188} INFO - [2026-07-09T02:03:49.953-0500] {dag.py:3947} INFO - Setting next_dagrun for aerotrack_travel_riesgo_disrupcion to 2026-07-09 00:00:00+00:00, run_after=2026-07-10 00:00:00+00:00
[2026-07-09T02:03:49.969-0500] {processor.py:183} INFO - Processing /opt/airflow/dags/dag_estimar_riesgo_disrupcion.py took 0.480 seconds
[2026-07-09T02:04:20.305-0500] {processor.py:161} INFO - Started process (PID=11423) to work on /opt/airflow/dags/dag_estimar_riesgo_disrupcion.py
[2026-07-09T02:04:20.306-0500] {processor.py:830} INFO - Processing file /opt/airflow/dags/dag_estimar_riesgo_disrupcion.py for tasks to queue
[2026-07-09T02:04:20.307-0500] {logging_mixin.py:188} INFO - [2026-07-09T02:04:20.307-0500] {dagbag.py:545} INFO - Filling up the DagBag from /opt/airflow/dags/dag_estimar_riesgo_disrupcion.py
[2026-07-09T02:04:20.699-0500] {processor.py:840} INFO - DAG(s) 'aerotrack_travel_riesgo_disrupcion' retrieved from /opt/airflow/dags/dag_estimar_riesgo_disrupcion.py
[2026-07-09T02:04:20.729-0500] {logging_mixin.py:188} INFO - [2026-07-09T02:04:20.728-0500] {dag.py:3089} INFO - Sync 1 DAGs
[2026-07-09T02:04:20.747-0500] {logging_mixin.py:188} INFO - [2026-07-09T02:04:20.747-0500] {dag.py:3947} INFO - Setting next_dagrun for aerotrack_travel_riesgo_disrupcion to 2026-07-09 00:00:00+00:00, run_after=2026-07-10 00:00:00+00:00
[2026-07-09T02:04:20.761-0500] {processor.py:183} INFO - Processing /opt/airflow/dags/dag_estimar_riesgo_disrupcion.py took 0.462 seconds
[2026-07-09T02:04:51.089-0500] {processor.py:161} INFO - Started process (PID=11450) to work on /opt/airflow/dags/dag_estimar_riesgo_disrupcion.py
[2026-07-09T02:04:51.091-0500] {processor.py:830} INFO - Processing file /opt/airflow/dags/dag_estimar_riesgo_disrupcion.py for tasks to queue
[2026-07-09T02:04:51.092-0500] {logging_mixin.py:188} INFO - [2026-07-09T02:04:51.092-0500] {dagbag.py:545} INFO - Filling up the DagBag from /opt/airflow/dags/dag_estimar_riesgo_disrupcion.py
[2026-07-09T02:04:51.526-0500] {processor.py:840} INFO - DAG(s) 'aerotrack_travel_riesgo_disrupcion' retrieved from /opt/airflow/dags/dag_estimar_riesgo_disrupcion.py
[2026-07-09T02:04:51.556-0500] {logging_mixin.py:188} INFO - [2026-07-09T02:04:51.556-0500] {dag.py:3089} INFO - Sync 1 DAGs
[2026-07-09T02:04:51.574-0500] {logging_mixin.py:188} INFO - [2026-07-09T02:04:51.574-0500] {dag.py:3947} INFO - Setting next_dagrun for aerotrack_travel_riesgo_disrupcion to 2026-07-09 00:00:00+00:00, run_after=2026-07-10 00:00:00+00:00
[2026-07-09T02:04:51.590-0500] {processor.py:183} INFO - Processing /opt/airflow/dags/dag_estimar_riesgo_disrupcion.py took 0.505 seconds
[2026-07-09T02:05:21.905-0500] {processor.py:161} INFO - Started process (PID=11477) to work on /opt/airflow/dags/dag_estimar_riesgo_disrupcion.py
[2026-07-09T02:05:21.906-0500] {processor.py:830} INFO - Processing file /opt/airflow/dags/dag_estimar_riesgo_disrupcion.py for tasks to queue
[2026-07-09T02:05:21.908-0500] {logging_mixin.py:188} INFO - [2026-07-09T02:05:21.907-0500] {dagbag.py:545} INFO - Filling up the DagBag from /opt/airflow/dags/dag_estimar_riesgo_disrupcion.py
[2026-07-09T02:05:22.350-0500] {processor.py:840} INFO - DAG(s) 'aerotrack_travel_riesgo_disrupcion' retrieved from /opt/airflow/dags/dag_estimar_riesgo_disrupcion.py
[2026-07-09T02:05:22.381-0500] {logging_mixin.py:188} INFO - [2026-07-09T02:05:22.381-0500] {dag.py:3089} INFO - Sync 1 DAGs
[2026-07-09T02:05:22.400-0500] {logging_mixin.py:188} INFO - [2026-07-09T02:05:22.399-0500] {dag.py:3947} INFO - Setting next_dagrun for aerotrack_travel_riesgo_disrupcion to 2026-07-09 00:00:00+00:00, run_after=2026-07-10 00:00:00+00:00
[2026-07-09T02:05:22.415-0500] {processor.py:183} INFO - Processing /opt/airflow/dags/dag_estimar_riesgo_disrupcion.py took 0.514 seconds
[2026-07-09T02:05:52.749-0500] {processor.py:161} INFO - Started process (PID=11504) to work on /opt/airflow/dags/dag_estimar_riesgo_disrupcion.py
[2026-07-09T02:05:52.750-0500] {processor.py:830} INFO - Processing file /opt/airflow/dags/dag_estimar_riesgo_disrupcion.py for tasks to queue
[2026-07-09T02:05:52.751-0500] {logging_mixin.py:188} INFO - [2026-07-09T02:05:52.751-0500] {dagbag.py:545} INFO - Filling up the DagBag from /opt/airflow/dags/dag_estimar_riesgo_disrupcion.py
[2026-07-09T02:05:53.161-0500] {processor.py:840} INFO - DAG(s) 'aerotrack_travel_riesgo_disrupcion' retrieved from /opt/airflow/dags/dag_estimar_riesgo_disrupcion.py
[2026-07-09T02:05:53.192-0500] {logging_mixin.py:188} INFO - [2026-07-09T02:05:53.191-0500] {dag.py:3089} INFO - Sync 1 DAGs
[2026-07-09T02:05:53.219-0500] {logging_mixin.py:188} INFO - [2026-07-09T02:05:53.218-0500] {dag.py:3947} INFO - Setting next_dagrun for aerotrack_travel_riesgo_disrupcion to 2026-07-09 00:00:00+00:00, run_after=2026-07-10 00:00:00+00:00
[2026-07-09T02:05:53.236-0500] {processor.py:183} INFO - Processing /opt/airflow/dags/dag_estimar_riesgo_disrupcion.py took 0.492 seconds
[2026-07-09T02:06:23.839-0500] {processor.py:161} INFO - Started process (PID=11531) to work on /opt/airflow/dags/dag_estimar_riesgo_disrupcion.py
[2026-07-09T02:06:23.840-0500] {processor.py:830} INFO - Processing file /opt/airflow/dags/dag_estimar_riesgo_disrupcion.py for tasks to queue
[2026-07-09T02:06:23.842-0500] {logging_mixin.py:188} INFO - [2026-07-09T02:06:23.842-0500] {dagbag.py:545} INFO - Filling up the DagBag from /opt/airflow/dags/dag_estimar_riesgo_disrupcion.py
[2026-07-09T02:06:24.264-0500] {processor.py:840} INFO - DAG(s) 'aerotrack_travel_riesgo_disrupcion' retrieved from /opt/airflow/dags/dag_estimar_riesgo_disrupcion.py
[2026-07-09T02:06:24.298-0500] {logging_mixin.py:188} INFO - [2026-07-09T02:06:24.298-0500] {dag.py:3089} INFO - Sync 1 DAGs
[2026-07-09T02:06:24.314-0500] {logging_mixin.py:188} INFO - [2026-07-09T02:06:24.314-0500] {dag.py:3947} INFO - Setting next_dagrun for aerotrack_travel_riesgo_disrupcion to 2026-07-09 00:00:00+00:00, run_after=2026-07-10 00:00:00+00:00
[2026-07-09T02:06:24.328-0500] {processor.py:183} INFO - Processing /opt/airflow/dags/dag_estimar_riesgo_disrupcion.py took 0.494 seconds
[2026-07-09T02:06:54.696-0500] {processor.py:161} INFO - Started process (PID=11558) to work on /opt/airflow/dags/dag_estimar_riesgo_disrupcion.py
[2026-07-09T02:06:54.697-0500] {processor.py:830} INFO - Processing file /opt/airflow/dags/dag_estimar_riesgo_disrupcion.py for tasks to queue
[2026-07-09T02:06:54.699-0500] {logging_mixin.py:188} INFO - [2026-07-09T02:06:54.699-0500] {dagbag.py:545} INFO - Filling up the DagBag from /opt/airflow/dags/dag_estimar_riesgo_disrupcion.py
[2026-07-09T02:06:55.093-0500] {processor.py:840} INFO - DAG(s) 'aerotrack_travel_riesgo_disrupcion' retrieved from /opt/airflow/dags/dag_estimar_riesgo_disrupcion.py
[2026-07-09T02:06:55.130-0500] {logging_mixin.py:188} INFO - [2026-07-09T02:06:55.130-0500] {dag.py:3089} INFO - Sync 1 DAGs
[2026-07-09T02:06:55.147-0500] {logging_mixin.py:188} INFO - [2026-07-09T02:06:55.147-0500] {dag.py:3947} INFO - Setting next_dagrun for aerotrack_travel_riesgo_disrupcion to 2026-07-09 00:00:00+00:00, run_after=2026-07-10 00:00:00+00:00
[2026-07-09T02:06:55.162-0500] {processor.py:183} INFO - Processing /opt/airflow/dags/dag_estimar_riesgo_disrupcion.py took 0.473 seconds
[2026-07-09T02:07:25.547-0500] {processor.py:161} INFO - Started process (PID=11585) to work on /opt/airflow/dags/dag_estimar_riesgo_disrupcion.py
[2026-07-09T02:07:25.548-0500] {processor.py:830} INFO - Processing file /opt/airflow/dags/dag_estimar_riesgo_disrupcion.py for tasks to queue
[2026-07-09T02:07:25.550-0500] {logging_mixin.py:188} INFO - [2026-07-09T02:07:25.549-0500] {dagbag.py:545} INFO - Filling up the DagBag from /opt/airflow/dags/dag_estimar_riesgo_disrupcion.py
[2026-07-09T02:07:25.946-0500] {processor.py:840} INFO - DAG(s) 'aerotrack_travel_riesgo_disrupcion' retrieved from /opt/airflow/dags/dag_estimar_riesgo_disrupcion.py
[2026-07-09T02:07:25.986-0500] {logging_mixin.py:188} INFO - [2026-07-09T02:07:25.985-0500] {dag.py:3089} INFO - Sync 1 DAGs
[2026-07-09T02:07:26.012-0500] {logging_mixin.py:188} INFO - [2026-07-09T02:07:26.011-0500] {dag.py:3947} INFO - Setting next_dagrun for aerotrack_travel_riesgo_disrupcion to 2026-07-09 00:00:00+00:00, run_after=2026-07-10 00:00:00+00:00
[2026-07-09T02:07:26.035-0500] {processor.py:183} INFO - Processing /opt/airflow/dags/dag_estimar_riesgo_disrupcion.py took 0.493 seconds
[2026-07-09T02:07:56.385-0500] {processor.py:161} INFO - Started process (PID=11612) to work on /opt/airflow/dags/dag_estimar_riesgo_disrupcion.py
[2026-07-09T02:07:56.386-0500] {processor.py:830} INFO - Processing file /opt/airflow/dags/dag_estimar_riesgo_disrupcion.py for tasks to queue
[2026-07-09T02:07:56.387-0500] {logging_mixin.py:188} INFO - [2026-07-09T02:07:56.387-0500] {dagbag.py:545} INFO - Filling up the DagBag from /opt/airflow/dags/dag_estimar_riesgo_disrupcion.py
[2026-07-09T02:07:56.763-0500] {processor.py:840} INFO - DAG(s) 'aerotrack_travel_riesgo_disrupcion' retrieved from /opt/airflow/dags/dag_estimar_riesgo_disrupcion.py
[2026-07-09T02:07:56.792-0500] {logging_mixin.py:188} INFO - [2026-07-09T02:07:56.792-0500] {dag.py:3089} INFO - Sync 1 DAGs
[2026-07-09T02:07:56.809-0500] {logging_mixin.py:188} INFO - [2026-07-09T02:07:56.808-0500] {dag.py:3947} INFO - Setting next_dagrun for aerotrack_travel_riesgo_disrupcion to 2026-07-09 00:00:00+00:00, run_after=2026-07-10 00:00:00+00:00
[2026-07-09T02:07:56.822-0500] {processor.py:183} INFO - Processing /opt/airflow/dags/dag_estimar_riesgo_disrupcion.py took 0.442 seconds
[2026-07-09T02:08:27.137-0500] {processor.py:161} INFO - Started process (PID=11639) to work on /opt/airflow/dags/dag_estimar_riesgo_disrupcion.py
[2026-07-09T02:08:27.138-0500] {processor.py:830} INFO - Processing file /opt/airflow/dags/dag_estimar_riesgo_disrupcion.py for tasks to queue
[2026-07-09T02:08:27.139-0500] {logging_mixin.py:188} INFO - [2026-07-09T02:08:27.139-0500] {dagbag.py:545} INFO - Filling up the DagBag from /opt/airflow/dags/dag_estimar_riesgo_disrupcion.py
[2026-07-09T02:08:27.499-0500] {processor.py:840} INFO - DAG(s) 'aerotrack_travel_riesgo_disrupcion' retrieved from /opt/airflow/dags/dag_estimar_riesgo_disrupcion.py
[2026-07-09T02:08:27.526-0500] {logging_mixin.py:188} INFO - [2026-07-09T02:08:27.526-0500] {dag.py:3089} INFO - Sync 1 DAGs
[2026-07-09T02:08:27.542-0500] {logging_mixin.py:188} INFO - [2026-07-09T02:08:27.541-0500] {dag.py:3947} INFO - Setting next_dagrun for aerotrack_travel_riesgo_disrupcion to 2026-07-09 00:00:00+00:00, run_after=2026-07-10 00:00:00+00:00
[2026-07-09T02:08:27.555-0500] {processor.py:183} INFO - Processing /opt/airflow/dags/dag_estimar_riesgo_disrupcion.py took 0.423 seconds
[2026-07-09T02:08:57.872-0500] {processor.py:161} INFO - Started process (PID=11666) to work on /opt/airflow/dags/dag_estimar_riesgo_disrupcion.py
[2026-07-09T02:08:57.873-0500] {processor.py:830} INFO - Processing file /opt/airflow/dags/dag_estimar_riesgo_disrupcion.py for tasks to queue
[2026-07-09T02:08:57.875-0500] {logging_mixin.py:188} INFO - [2026-07-09T02:08:57.875-0500] {dagbag.py:545} INFO - Filling up the DagBag from /opt/airflow/dags/dag_estimar_riesgo_disrupcion.py
[2026-07-09T02:08:58.268-0500] {processor.py:840} INFO - DAG(s) 'aerotrack_travel_riesgo_disrupcion' retrieved from /opt/airflow/dags/dag_estimar_riesgo_disrupcion.py
[2026-07-09T02:08:58.295-0500] {logging_mixin.py:188} INFO - [2026-07-09T02:08:58.295-0500] {dag.py:3089} INFO - Sync 1 DAGs
[2026-07-09T02:08:58.311-0500] {logging_mixin.py:188} INFO - [2026-07-09T02:08:58.311-0500] {dag.py:3947} INFO - Setting next_dagrun for aerotrack_travel_riesgo_disrupcion to 2026-07-09 00:00:00+00:00, run_after=2026-07-10 00:00:00+00:00
[2026-07-09T02:08:58.327-0500] {processor.py:183} INFO - Processing /opt/airflow/dags/dag_estimar_riesgo_disrupcion.py took 0.460 seconds
[2026-07-09T02:09:28.762-0500] {processor.py:161} INFO - Started process (PID=11693) to work on /opt/airflow/dags/dag_estimar_riesgo_disrupcion.py
[2026-07-09T02:09:28.763-0500] {processor.py:830} INFO - Processing file /opt/airflow/dags/dag_estimar_riesgo_disrupcion.py for tasks to queue
[2026-07-09T02:09:28.765-0500] {logging_mixin.py:188} INFO - [2026-07-09T02:09:28.765-0500] {dagbag.py:545} INFO - Filling up the DagBag from /opt/airflow/dags/dag_estimar_riesgo_disrupcion.py
[2026-07-09T02:09:29.153-0500] {processor.py:840} INFO - DAG(s) 'aerotrack_travel_riesgo_disrupcion' retrieved from /opt/airflow/dags/dag_estimar_riesgo_disrupcion.py
[2026-07-09T02:09:29.181-0500] {logging_mixin.py:188} INFO - [2026-07-09T02:09:29.181-0500] {dag.py:3089} INFO - Sync 1 DAGs
[2026-07-09T02:09:29.199-0500] {logging_mixin.py:188} INFO - [2026-07-09T02:09:29.199-0500] {dag.py:3947} INFO - Setting next_dagrun for aerotrack_travel_riesgo_disrupcion to 2026-07-09 00:00:00+00:00, run_after=2026-07-10 00:00:00+00:00
[2026-07-09T02:09:29.216-0500] {processor.py:183} INFO - Processing /opt/airflow/dags/dag_estimar_riesgo_disrupcion.py took 0.459 seconds
[2026-07-09T02:09:59.559-0500] {processor.py:161} INFO - Started process (PID=11720) to work on /opt/airflow/dags/dag_estimar_riesgo_disrupcion.py
[2026-07-09T02:09:59.560-0500] {processor.py:830} INFO - Processing file /opt/airflow/dags/dag_estimar_riesgo_disrupcion.py for tasks to queue
[2026-07-09T02:09:59.562-0500] {logging_mixin.py:188} INFO - [2026-07-09T02:09:59.562-0500] {dagbag.py:545} INFO - Filling up the DagBag from /opt/airflow/dags/dag_estimar_riesgo_disrupcion.py
[2026-07-09T02:09:59.923-0500] {processor.py:840} INFO - DAG(s) 'aerotrack_travel_riesgo_disrupcion' retrieved from /opt/airflow/dags/dag_estimar_riesgo_disrupcion.py
[2026-07-09T02:09:59.958-0500] {logging_mixin.py:188} INFO - [2026-07-09T02:09:59.958-0500] {dag.py:3089} INFO - Sync 1 DAGs
[2026-07-09T02:09:59.974-0500] {logging_mixin.py:188} INFO - [2026-07-09T02:09:59.974-0500] {dag.py:3947} INFO - Setting next_dagrun for aerotrack_travel_riesgo_disrupcion to 2026-07-09 00:00:00+00:00, run_after=2026-07-10 00:00:00+00:00
[2026-07-09T02:09:59.992-0500] {processor.py:183} INFO - Processing /opt/airflow/dags/dag_estimar_riesgo_disrupcion.py took 0.437 seconds
[2026-07-09T02:10:30.292-0500] {processor.py:161} INFO - Started process (PID=11747) to work on /opt/airflow/dags/dag_estimar_riesgo_disrupcion.py
[2026-07-09T02:10:30.293-0500] {processor.py:830} INFO - Processing file /opt/airflow/dags/dag_estimar_riesgo_disrupcion.py for tasks to queue
[2026-07-09T02:10:30.294-0500] {logging_mixin.py:188} INFO - [2026-07-09T02:10:30.294-0500] {dagbag.py:545} INFO - Filling up the DagBag from /opt/airflow/dags/dag_estimar_riesgo_disrupcion.py
[2026-07-09T02:10:30.672-0500] {processor.py:840} INFO - DAG(s) 'aerotrack_travel_riesgo_disrupcion' retrieved from /opt/airflow/dags/dag_estimar_riesgo_disrupcion.py
[2026-07-09T02:10:30.705-0500] {logging_mixin.py:188} INFO - [2026-07-09T02:10:30.705-0500] {dag.py:3089} INFO - Sync 1 DAGs
[2026-07-09T02:10:30.723-0500] {logging_mixin.py:188} INFO - [2026-07-09T02:10:30.723-0500] {dag.py:3947} INFO - Setting next_dagrun for aerotrack_travel_riesgo_disrupcion to 2026-07-09 00:00:00+00:00, run_after=2026-07-10 00:00:00+00:00
[2026-07-09T02:10:30.739-0500] {processor.py:183} INFO - Processing /opt/airflow/dags/dag_estimar_riesgo_disrupcion.py took 0.452 seconds
[2026-07-09T02:11:01.140-0500] {processor.py:161} INFO - Started process (PID=11774) to work on /opt/airflow/dags/dag_estimar_riesgo_disrupcion.py
[2026-07-09T02:11:01.141-0500] {processor.py:830} INFO - Processing file /opt/airflow/dags/dag_estimar_riesgo_disrupcion.py for tasks to queue
[2026-07-09T02:11:01.142-0500] {logging_mixin.py:188} INFO - [2026-07-09T02:11:01.142-0500] {dagbag.py:545} INFO - Filling up the DagBag from /opt/airflow/dags/dag_estimar_riesgo_disrupcion.py
[2026-07-09T02:11:01.574-0500] {processor.py:840} INFO - DAG(s) 'aerotrack_travel_riesgo_disrupcion' retrieved from /opt/airflow/dags/dag_estimar_riesgo_disrupcion.py
[2026-07-09T02:11:01.607-0500] {logging_mixin.py:188} INFO - [2026-07-09T02:11:01.607-0500] {dag.py:3089} INFO - Sync 1 DAGs
[2026-07-09T02:11:01.626-0500] {logging_mixin.py:188} INFO - [2026-07-09T02:11:01.626-0500] {dag.py:3947} INFO - Setting next_dagrun for aerotrack_travel_riesgo_disrupcion to 2026-07-09 00:00:00+00:00, run_after=2026-07-10 00:00:00+00:00
[2026-07-09T02:11:01.643-0500] {processor.py:183} INFO - Processing /opt/airflow/dags/dag_estimar_riesgo_disrupcion.py took 0.507 seconds
[2026-07-09T02:11:32.234-0500] {processor.py:161} INFO - Started process (PID=11801) to work on /opt/airflow/dags/dag_estimar_riesgo_disrupcion.py
[2026-07-09T02:11:32.235-0500] {processor.py:830} INFO - Processing file /opt/airflow/dags/dag_estimar_riesgo_disrupcion.py for tasks to queue
[2026-07-09T02:11:32.237-0500] {logging_mixin.py:188} INFO - [2026-07-09T02:11:32.237-0500] {dagbag.py:545} INFO - Filling up the DagBag from /opt/airflow/dags/dag_estimar_riesgo_disrupcion.py
[2026-07-09T02:11:32.629-0500] {processor.py:840} INFO - DAG(s) 'aerotrack_travel_riesgo_disrupcion' retrieved from /opt/airflow/dags/dag_estimar_riesgo_disrupcion.py
[2026-07-09T02:11:32.657-0500] {logging_mixin.py:188} INFO - [2026-07-09T02:11:32.657-0500] {dag.py:3089} INFO - Sync 1 DAGs
[2026-07-09T02:11:32.674-0500] {logging_mixin.py:188} INFO - [2026-07-09T02:11:32.674-0500] {dag.py:3947} INFO - Setting next_dagrun for aerotrack_travel_riesgo_disrupcion to 2026-07-09 00:00:00+00:00, run_after=2026-07-10 00:00:00+00:00
[2026-07-09T02:11:32.690-0500] {processor.py:183} INFO - Processing /opt/airflow/dags/dag_estimar_riesgo_disrupcion.py took 0.461 seconds
[2026-07-09T02:12:03.160-0500] {processor.py:161} INFO - Started process (PID=11828) to work on /opt/airflow/dags/dag_estimar_riesgo_disrupcion.py
[2026-07-09T02:12:03.161-0500] {processor.py:830} INFO - Processing file /opt/airflow/dags/dag_estimar_riesgo_disrupcion.py for tasks to queue
[2026-07-09T02:12:03.162-0500] {logging_mixin.py:188} INFO - [2026-07-09T02:12:03.162-0500] {dagbag.py:545} INFO - Filling up the DagBag from /opt/airflow/dags/dag_estimar_riesgo_disrupcion.py
[2026-07-09T02:12:03.599-0500] {processor.py:840} INFO - DAG(s) 'aerotrack_travel_riesgo_disrupcion' retrieved from /opt/airflow/dags/dag_estimar_riesgo_disrupcion.py
[2026-07-09T02:12:03.631-0500] {logging_mixin.py:188} INFO - [2026-07-09T02:12:03.630-0500] {dag.py:3089} INFO - Sync 1 DAGs
[2026-07-09T02:12:03.650-0500] {logging_mixin.py:188} INFO - [2026-07-09T02:12:03.650-0500] {dag.py:3947} INFO - Setting next_dagrun for aerotrack_travel_riesgo_disrupcion to 2026-07-09 00:00:00+00:00, run_after=2026-07-10 00:00:00+00:00
[2026-07-09T02:12:03.668-0500] {processor.py:183} INFO - Processing /opt/airflow/dags/dag_estimar_riesgo_disrupcion.py took 0.513 seconds
[2026-07-09T02:12:34.001-0500] {processor.py:161} INFO - Started process (PID=11855) to work on /opt/airflow/dags/dag_estimar_riesgo_disrupcion.py
[2026-07-09T02:12:34.002-0500] {processor.py:830} INFO - Processing file /opt/airflow/dags/dag_estimar_riesgo_disrupcion.py for tasks to queue
[2026-07-09T02:12:34.003-0500] {logging_mixin.py:188} INFO - [2026-07-09T02:12:34.003-0500] {dagbag.py:545} INFO - Filling up the DagBag from /opt/airflow/dags/dag_estimar_riesgo_disrupcion.py
[2026-07-09T02:12:34.365-0500] {processor.py:840} INFO - DAG(s) 'aerotrack_travel_riesgo_disrupcion' retrieved from /opt/airflow/dags/dag_estimar_riesgo_disrupcion.py
[2026-07-09T02:12:34.392-0500] {logging_mixin.py:188} INFO - [2026-07-09T02:12:34.391-0500] {dag.py:3089} INFO - Sync 1 DAGs
[2026-07-09T02:12:34.407-0500] {logging_mixin.py:188} INFO - [2026-07-09T02:12:34.407-0500] {dag.py:3947} INFO - Setting next_dagrun for aerotrack_travel_riesgo_disrupcion to 2026-07-09 00:00:00+00:00, run_after=2026-07-10 00:00:00+00:00
[2026-07-09T02:12:34.422-0500] {processor.py:183} INFO - Processing /opt/airflow/dags/dag_estimar_riesgo_disrupcion.py took 0.425 seconds
[2026-07-09T02:13:04.840-0500] {processor.py:161} INFO - Started process (PID=11882) to work on /opt/airflow/dags/dag_estimar_riesgo_disrupcion.py
[2026-07-09T02:13:04.841-0500] {processor.py:830} INFO - Processing file /opt/airflow/dags/dag_estimar_riesgo_disrupcion.py for tasks to queue
[2026-07-09T02:13:04.842-0500] {logging_mixin.py:188} INFO - [2026-07-09T02:13:04.842-0500] {dagbag.py:545} INFO - Filling up the DagBag from /opt/airflow/dags/dag_estimar_riesgo_disrupcion.py
[2026-07-09T02:13:05.240-0500] {processor.py:840} INFO - DAG(s) 'aerotrack_travel_riesgo_disrupcion' retrieved from /opt/airflow/dags/dag_estimar_riesgo_disrupcion.py
[2026-07-09T02:13:05.271-0500] {logging_mixin.py:188} INFO - [2026-07-09T02:13:05.271-0500] {dag.py:3089} INFO - Sync 1 DAGs
[2026-07-09T02:13:05.290-0500] {logging_mixin.py:188} INFO - [2026-07-09T02:13:05.290-0500] {dag.py:3947} INFO - Setting next_dagrun for aerotrack_travel_riesgo_disrupcion to 2026-07-09 00:00:00+00:00, run_after=2026-07-10 00:00:00+00:00
[2026-07-09T02:13:05.307-0500] {processor.py:183} INFO - Processing /opt/airflow/dags/dag_estimar_riesgo_disrupcion.py took 0.472 seconds
[2026-07-09T02:13:35.630-0500] {processor.py:161} INFO - Started process (PID=11909) to work on /opt/airflow/dags/dag_estimar_riesgo_disrupcion.py
[2026-07-09T02:13:35.631-0500] {processor.py:830} INFO - Processing file /opt/airflow/dags/dag_estimar_riesgo_disrupcion.py for tasks to queue
[2026-07-09T02:13:35.633-0500] {logging_mixin.py:188} INFO - [2026-07-09T02:13:35.633-0500] {dagbag.py:545} INFO - Filling up the DagBag from /opt/airflow/dags/dag_estimar_riesgo_disrupcion.py
[2026-07-09T02:13:36.129-0500] {processor.py:840} INFO - DAG(s) 'aerotrack_travel_riesgo_disrupcion' retrieved from /opt/airflow/dags/dag_estimar_riesgo_disrupcion.py
[2026-07-09T02:13:36.166-0500] {logging_mixin.py:188} INFO - [2026-07-09T02:13:36.165-0500] {dag.py:3089} INFO - Sync 1 DAGs
[2026-07-09T02:13:36.187-0500] {logging_mixin.py:188} INFO - [2026-07-09T02:13:36.187-0500] {dag.py:3947} INFO - Setting next_dagrun for aerotrack_travel_riesgo_disrupcion to 2026-07-09 00:00:00+00:00, run_after=2026-07-10 00:00:00+00:00
[2026-07-09T02:13:36.207-0500] {processor.py:183} INFO - Processing /opt/airflow/dags/dag_estimar_riesgo_disrupcion.py took 0.582 seconds
[2026-07-09T02:14:06.520-0500] {processor.py:161} INFO - Started process (PID=11936) to work on /opt/airflow/dags/dag_estimar_riesgo_disrupcion.py
[2026-07-09T02:14:06.521-0500] {processor.py:830} INFO - Processing file /opt/airflow/dags/dag_estimar_riesgo_disrupcion.py for tasks to queue
[2026-07-09T02:14:06.523-0500] {logging_mixin.py:188} INFO - [2026-07-09T02:14:06.522-0500] {dagbag.py:545} INFO - Filling up the DagBag from /opt/airflow/dags/dag_estimar_riesgo_disrupcion.py
[2026-07-09T02:14:07.027-0500] {processor.py:840} INFO - DAG(s) 'aerotrack_travel_riesgo_disrupcion' retrieved from /opt/airflow/dags/dag_estimar_riesgo_disrupcion.py
[2026-07-09T02:14:07.060-0500] {logging_mixin.py:188} INFO - [2026-07-09T02:14:07.060-0500] {dag.py:3089} INFO - Sync 1 DAGs
[2026-07-09T02:14:07.077-0500] {logging_mixin.py:188} INFO - [2026-07-09T02:14:07.077-0500] {dag.py:3947} INFO - Setting next_dagrun for aerotrack_travel_riesgo_disrupcion to 2026-07-09 00:00:00+00:00, run_after=2026-07-10 00:00:00+00:00
[2026-07-09T02:14:07.095-0500] {processor.py:183} INFO - Processing /opt/airflow/dags/dag_estimar_riesgo_disrupcion.py took 0.579 seconds
[2026-07-09T02:14:37.415-0500] {processor.py:161} INFO - Started process (PID=11963) to work on /opt/airflow/dags/dag_estimar_riesgo_disrupcion.py
[2026-07-09T02:14:37.417-0500] {processor.py:830} INFO - Processing file /opt/airflow/dags/dag_estimar_riesgo_disrupcion.py for tasks to queue
[2026-07-09T02:14:37.418-0500] {logging_mixin.py:188} INFO - [2026-07-09T02:14:37.418-0500] {dagbag.py:545} INFO - Filling up the DagBag from /opt/airflow/dags/dag_estimar_riesgo_disrupcion.py
[2026-07-09T02:14:37.804-0500] {processor.py:840} INFO - DAG(s) 'aerotrack_travel_riesgo_disrupcion' retrieved from /opt/airflow/dags/dag_estimar_riesgo_disrupcion.py
[2026-07-09T02:14:37.831-0500] {logging_mixin.py:188} INFO - [2026-07-09T02:14:37.830-0500] {dag.py:3089} INFO - Sync 1 DAGs
[2026-07-09T02:14:37.847-0500] {logging_mixin.py:188} INFO - [2026-07-09T02:14:37.846-0500] {dag.py:3947} INFO - Setting next_dagrun for aerotrack_travel_riesgo_disrupcion to 2026-07-09 00:00:00+00:00, run_after=2026-07-10 00:00:00+00:00
[2026-07-09T02:14:37.863-0500] {processor.py:183} INFO - Processing /opt/airflow/dags/dag_estimar_riesgo_disrupcion.py took 0.452 seconds
[2026-07-09T02:15:08.196-0500] {processor.py:161} INFO - Started process (PID=11990) to work on /opt/airflow/dags/dag_estimar_riesgo_disrupcion.py
[2026-07-09T02:15:08.197-0500] {processor.py:830} INFO - Processing file /opt/airflow/dags/dag_estimar_riesgo_disrupcion.py for tasks to queue
[2026-07-09T02:15:08.198-0500] {logging_mixin.py:188} INFO - [2026-07-09T02:15:08.198-0500] {dagbag.py:545} INFO - Filling up the DagBag from /opt/airflow/dags/dag_estimar_riesgo_disrupcion.py
[2026-07-09T02:15:08.545-0500] {processor.py:840} INFO - DAG(s) 'aerotrack_travel_riesgo_disrupcion' retrieved from /opt/airflow/dags/dag_estimar_riesgo_disrupcion.py
[2026-07-09T02:15:08.572-0500] {logging_mixin.py:188} INFO - [2026-07-09T02:15:08.572-0500] {dag.py:3089} INFO - Sync 1 DAGs
[2026-07-09T02:15:08.588-0500] {logging_mixin.py:188} INFO - [2026-07-09T02:15:08.588-0500] {dag.py:3947} INFO - Setting next_dagrun for aerotrack_travel_riesgo_disrupcion to 2026-07-09 00:00:00+00:00, run_after=2026-07-10 00:00:00+00:00
[2026-07-09T02:15:08.606-0500] {processor.py:183} INFO - Processing /opt/airflow/dags/dag_estimar_riesgo_disrupcion.py took 0.415 seconds
[2026-07-09T02:15:38.949-0500] {processor.py:161} INFO - Started process (PID=12017) to work on /opt/airflow/dags/dag_estimar_riesgo_disrupcion.py
[2026-07-09T02:15:38.950-0500] {processor.py:830} INFO - Processing file /opt/airflow/dags/dag_estimar_riesgo_disrupcion.py for tasks to queue
[2026-07-09T02:15:38.955-0500] {logging_mixin.py:188} INFO - [2026-07-09T02:15:38.953-0500] {dagbag.py:545} INFO - Filling up the DagBag from /opt/airflow/dags/dag_estimar_riesgo_disrupcion.py
[2026-07-09T02:15:39.405-0500] {processor.py:840} INFO - DAG(s) 'aerotrack_travel_riesgo_disrupcion' retrieved from /opt/airflow/dags/dag_estimar_riesgo_disrupcion.py
[2026-07-09T02:15:39.438-0500] {logging_mixin.py:188} INFO - [2026-07-09T02:15:39.437-0500] {dag.py:3089} INFO - Sync 1 DAGs
[2026-07-09T02:15:39.459-0500] {logging_mixin.py:188} INFO - [2026-07-09T02:15:39.459-0500] {dag.py:3947} INFO - Setting next_dagrun for aerotrack_travel_riesgo_disrupcion to 2026-07-09 00:00:00+00:00, run_after=2026-07-10 00:00:00+00:00
[2026-07-09T02:15:39.495-0500] {processor.py:183} INFO - Processing /opt/airflow/dags/dag_estimar_riesgo_disrupcion.py took 0.555 seconds
[2026-07-09T02:16:09.821-0500] {processor.py:161} INFO - Started process (PID=12044) to work on /opt/airflow/dags/dag_estimar_riesgo_disrupcion.py
[2026-07-09T02:16:09.822-0500] {processor.py:830} INFO - Processing file /opt/airflow/dags/dag_estimar_riesgo_disrupcion.py for tasks to queue
[2026-07-09T02:16:09.824-0500] {logging_mixin.py:188} INFO - [2026-07-09T02:16:09.823-0500] {dagbag.py:545} INFO - Filling up the DagBag from /opt/airflow/dags/dag_estimar_riesgo_disrupcion.py
[2026-07-09T02:16:10.213-0500] {processor.py:840} INFO - DAG(s) 'aerotrack_travel_riesgo_disrupcion' retrieved from /opt/airflow/dags/dag_estimar_riesgo_disrupcion.py
[2026-07-09T02:16:10.240-0500] {logging_mixin.py:188} INFO - [2026-07-09T02:16:10.240-0500] {dag.py:3089} INFO - Sync 1 DAGs
[2026-07-09T02:16:10.257-0500] {logging_mixin.py:188} INFO - [2026-07-09T02:16:10.257-0500] {dag.py:3947} INFO - Setting next_dagrun for aerotrack_travel_riesgo_disrupcion to 2026-07-09 00:00:00+00:00, run_after=2026-07-10 00:00:00+00:00
[2026-07-09T02:16:10.273-0500] {processor.py:183} INFO - Processing /opt/airflow/dags/dag_estimar_riesgo_disrupcion.py took 0.458 seconds
[2026-07-09T02:16:40.675-0500] {processor.py:161} INFO - Started process (PID=12071) to work on /opt/airflow/dags/dag_estimar_riesgo_disrupcion.py
[2026-07-09T02:16:40.676-0500] {processor.py:830} INFO - Processing file /opt/airflow/dags/dag_estimar_riesgo_disrupcion.py for tasks to queue
[2026-07-09T02:16:40.677-0500] {logging_mixin.py:188} INFO - [2026-07-09T02:16:40.677-0500] {dagbag.py:545} INFO - Filling up the DagBag from /opt/airflow/dags/dag_estimar_riesgo_disrupcion.py
[2026-07-09T02:16:41.057-0500] {processor.py:840} INFO - DAG(s) 'aerotrack_travel_riesgo_disrupcion' retrieved from /opt/airflow/dags/dag_estimar_riesgo_disrupcion.py
[2026-07-09T02:16:41.083-0500] {logging_mixin.py:188} INFO - [2026-07-09T02:16:41.083-0500] {dag.py:3089} INFO - Sync 1 DAGs
[2026-07-09T02:16:41.100-0500] {logging_mixin.py:188} INFO - [2026-07-09T02:16:41.100-0500] {dag.py:3947} INFO - Setting next_dagrun for aerotrack_travel_riesgo_disrupcion to 2026-07-09 00:00:00+00:00, run_after=2026-07-10 00:00:00+00:00
[2026-07-09T02:16:41.115-0500] {processor.py:183} INFO - Processing /opt/airflow/dags/dag_estimar_riesgo_disrupcion.py took 0.444 seconds
[2026-07-09T02:17:11.438-0500] {processor.py:161} INFO - Started process (PID=12098) to work on /opt/airflow/dags/dag_estimar_riesgo_disrupcion.py
[2026-07-09T02:17:11.439-0500] {processor.py:830} INFO - Processing file /opt/airflow/dags/dag_estimar_riesgo_disrupcion.py for tasks to queue
[2026-07-09T02:17:11.441-0500] {logging_mixin.py:188} INFO - [2026-07-09T02:17:11.440-0500] {dagbag.py:545} INFO - Filling up the DagBag from /opt/airflow/dags/dag_estimar_riesgo_disrupcion.py
[2026-07-09T02:17:11.850-0500] {processor.py:840} INFO - DAG(s) 'aerotrack_travel_riesgo_disrupcion' retrieved from /opt/airflow/dags/dag_estimar_riesgo_disrupcion.py
[2026-07-09T02:17:11.883-0500] {logging_mixin.py:188} INFO - [2026-07-09T02:17:11.882-0500] {dag.py:3089} INFO - Sync 1 DAGs
[2026-07-09T02:17:11.900-0500] {logging_mixin.py:188} INFO - [2026-07-09T02:17:11.900-0500] {dag.py:3947} INFO - Setting next_dagrun for aerotrack_travel_riesgo_disrupcion to 2026-07-09 00:00:00+00:00, run_after=2026-07-10 00:00:00+00:00
[2026-07-09T02:17:11.917-0500] {processor.py:183} INFO - Processing /opt/airflow/dags/dag_estimar_riesgo_disrupcion.py took 0.484 seconds
[2026-07-09T02:17:42.380-0500] {processor.py:161} INFO - Started process (PID=12125) to work on /opt/airflow/dags/dag_estimar_riesgo_disrupcion.py
[2026-07-09T02:17:42.381-0500] {processor.py:830} INFO - Processing file /opt/airflow/dags/dag_estimar_riesgo_disrupcion.py for tasks to queue
[2026-07-09T02:17:42.383-0500] {logging_mixin.py:188} INFO - [2026-07-09T02:17:42.383-0500] {dagbag.py:545} INFO - Filling up the DagBag from /opt/airflow/dags/dag_estimar_riesgo_disrupcion.py
[2026-07-09T02:17:42.788-0500] {processor.py:840} INFO - DAG(s) 'aerotrack_travel_riesgo_disrupcion' retrieved from /opt/airflow/dags/dag_estimar_riesgo_disrupcion.py
[2026-07-09T02:17:42.818-0500] {logging_mixin.py:188} INFO - [2026-07-09T02:17:42.817-0500] {dag.py:3089} INFO - Sync 1 DAGs
[2026-07-09T02:17:42.839-0500] {logging_mixin.py:188} INFO - [2026-07-09T02:17:42.838-0500] {dag.py:3947} INFO - Setting next_dagrun for aerotrack_travel_riesgo_disrupcion to 2026-07-09 00:00:00+00:00, run_after=2026-07-10 00:00:00+00:00
[2026-07-09T02:17:42.867-0500] {processor.py:183} INFO - Processing /opt/airflow/dags/dag_estimar_riesgo_disrupcion.py took 0.492 seconds
[2026-07-09T02:18:13.179-0500] {processor.py:161} INFO - Started process (PID=12152) to work on /opt/airflow/dags/dag_estimar_riesgo_disrupcion.py
[2026-07-09T02:18:13.180-0500] {processor.py:830} INFO - Processing file /opt/airflow/dags/dag_estimar_riesgo_disrupcion.py for tasks to queue
[2026-07-09T02:18:13.182-0500] {logging_mixin.py:188} INFO - [2026-07-09T02:18:13.182-0500] {dagbag.py:545} INFO - Filling up the DagBag from /opt/airflow/dags/dag_estimar_riesgo_disrupcion.py
[2026-07-09T02:18:13.601-0500] {processor.py:840} INFO - DAG(s) 'aerotrack_travel_riesgo_disrupcion' retrieved from /opt/airflow/dags/dag_estimar_riesgo_disrupcion.py
[2026-07-09T02:18:13.630-0500] {logging_mixin.py:188} INFO - [2026-07-09T02:18:13.629-0500] {dag.py:3089} INFO - Sync 1 DAGs
[2026-07-09T02:18:13.649-0500] {logging_mixin.py:188} INFO - [2026-07-09T02:18:13.649-0500] {dag.py:3947} INFO - Setting next_dagrun for aerotrack_travel_riesgo_disrupcion to 2026-07-09 00:00:00+00:00, run_after=2026-07-10 00:00:00+00:00
[2026-07-09T02:18:13.665-0500] {processor.py:183} INFO - Processing /opt/airflow/dags/dag_estimar_riesgo_disrupcion.py took 0.490 seconds
[2026-07-09T02:18:44.002-0500] {processor.py:161} INFO - Started process (PID=12179) to work on /opt/airflow/dags/dag_estimar_riesgo_disrupcion.py
[2026-07-09T02:18:44.003-0500] {processor.py:830} INFO - Processing file /opt/airflow/dags/dag_estimar_riesgo_disrupcion.py for tasks to queue
[2026-07-09T02:18:44.005-0500] {logging_mixin.py:188} INFO - [2026-07-09T02:18:44.004-0500] {dagbag.py:545} INFO - Filling up the DagBag from /opt/airflow/dags/dag_estimar_riesgo_disrupcion.py
[2026-07-09T02:18:44.418-0500] {processor.py:840} INFO - DAG(s) 'aerotrack_travel_riesgo_disrupcion' retrieved from /opt/airflow/dags/dag_estimar_riesgo_disrupcion.py
[2026-07-09T02:18:44.448-0500] {logging_mixin.py:188} INFO - [2026-07-09T02:18:44.448-0500] {dag.py:3089} INFO - Sync 1 DAGs
[2026-07-09T02:18:44.466-0500] {logging_mixin.py:188} INFO - [2026-07-09T02:18:44.465-0500] {dag.py:3947} INFO - Setting next_dagrun for aerotrack_travel_riesgo_disrupcion to 2026-07-09 00:00:00+00:00, run_after=2026-07-10 00:00:00+00:00
[2026-07-09T02:18:44.481-0500] {processor.py:183} INFO - Processing /opt/airflow/dags/dag_estimar_riesgo_disrupcion.py took 0.485 seconds
[2026-07-09T02:19:14.804-0500] {processor.py:161} INFO - Started process (PID=12206) to work on /opt/airflow/dags/dag_estimar_riesgo_disrupcion.py
[2026-07-09T02:19:14.805-0500] {processor.py:830} INFO - Processing file /opt/airflow/dags/dag_estimar_riesgo_disrupcion.py for tasks to queue
[2026-07-09T02:19:14.806-0500] {logging_mixin.py:188} INFO - [2026-07-09T02:19:14.806-0500] {dagbag.py:545} INFO - Filling up the DagBag from /opt/airflow/dags/dag_estimar_riesgo_disrupcion.py
[2026-07-09T02:19:15.194-0500] {processor.py:840} INFO - DAG(s) 'aerotrack_travel_riesgo_disrupcion' retrieved from /opt/airflow/dags/dag_estimar_riesgo_disrupcion.py
[2026-07-09T02:19:15.220-0500] {logging_mixin.py:188} INFO - [2026-07-09T02:19:15.220-0500] {dag.py:3089} INFO - Sync 1 DAGs
[2026-07-09T02:19:15.237-0500] {logging_mixin.py:188} INFO - [2026-07-09T02:19:15.237-0500] {dag.py:3947} INFO - Setting next_dagrun for aerotrack_travel_riesgo_disrupcion to 2026-07-09 00:00:00+00:00, run_after=2026-07-10 00:00:00+00:00
[2026-07-09T02:19:15.255-0500] {processor.py:183} INFO - Processing /opt/airflow/dags/dag_estimar_riesgo_disrupcion.py took 0.456 seconds
[2026-07-09T02:19:45.570-0500] {processor.py:161} INFO - Started process (PID=12233) to work on /opt/airflow/dags/dag_estimar_riesgo_disrupcion.py
[2026-07-09T02:19:45.571-0500] {processor.py:830} INFO - Processing file /opt/airflow/dags/dag_estimar_riesgo_disrupcion.py for tasks to queue
[2026-07-09T02:19:45.573-0500] {logging_mixin.py:188} INFO - [2026-07-09T02:19:45.573-0500] {dagbag.py:545} INFO - Filling up the DagBag from /opt/airflow/dags/dag_estimar_riesgo_disrupcion.py
[2026-07-09T02:19:45.962-0500] {processor.py:840} INFO - DAG(s) 'aerotrack_travel_riesgo_disrupcion' retrieved from /opt/airflow/dags/dag_estimar_riesgo_disrupcion.py
[2026-07-09T02:19:45.996-0500] {logging_mixin.py:188} INFO - [2026-07-09T02:19:45.996-0500] {dag.py:3089} INFO - Sync 1 DAGs
[2026-07-09T02:19:46.013-0500] {logging_mixin.py:188} INFO - [2026-07-09T02:19:46.013-0500] {dag.py:3947} INFO - Setting next_dagrun for aerotrack_travel_riesgo_disrupcion to 2026-07-09 00:00:00+00:00, run_after=2026-07-10 00:00:00+00:00
[2026-07-09T02:19:46.030-0500] {processor.py:183} INFO - Processing /opt/airflow/dags/dag_estimar_riesgo_disrupcion.py took 0.465 seconds
[2026-07-09T02:20:16.492-0500] {processor.py:161} INFO - Started process (PID=12260) to work on /opt/airflow/dags/dag_estimar_riesgo_disrupcion.py
[2026-07-09T02:20:16.494-0500] {processor.py:830} INFO - Processing file /opt/airflow/dags/dag_estimar_riesgo_disrupcion.py for tasks to queue
[2026-07-09T02:20:16.496-0500] {logging_mixin.py:188} INFO - [2026-07-09T02:20:16.495-0500] {dagbag.py:545} INFO - Filling up the DagBag from /opt/airflow/dags/dag_estimar_riesgo_disrupcion.py
[2026-07-09T02:20:16.940-0500] {processor.py:840} INFO - DAG(s) 'aerotrack_travel_riesgo_disrupcion' retrieved from /opt/airflow/dags/dag_estimar_riesgo_disrupcion.py
[2026-07-09T02:20:16.987-0500] {logging_mixin.py:188} INFO - [2026-07-09T02:20:16.986-0500] {dag.py:3089} INFO - Sync 1 DAGs
[2026-07-09T02:20:17.012-0500] {logging_mixin.py:188} INFO - [2026-07-09T02:20:17.012-0500] {dag.py:3947} INFO - Setting next_dagrun for aerotrack_travel_riesgo_disrupcion to 2026-07-09 00:00:00+00:00, run_after=2026-07-10 00:00:00+00:00
[2026-07-09T02:20:17.034-0500] {processor.py:183} INFO - Processing /opt/airflow/dags/dag_estimar_riesgo_disrupcion.py took 0.547 seconds
[2026-07-09T02:20:47.387-0500] {processor.py:161} INFO - Started process (PID=12287) to work on /opt/airflow/dags/dag_estimar_riesgo_disrupcion.py
[2026-07-09T02:20:47.388-0500] {processor.py:830} INFO - Processing file /opt/airflow/dags/dag_estimar_riesgo_disrupcion.py for tasks to queue
[2026-07-09T02:20:47.389-0500] {logging_mixin.py:188} INFO - [2026-07-09T02:20:47.389-0500] {dagbag.py:545} INFO - Filling up the DagBag from /opt/airflow/dags/dag_estimar_riesgo_disrupcion.py
[2026-07-09T02:20:47.761-0500] {processor.py:840} INFO - DAG(s) 'aerotrack_travel_riesgo_disrupcion' retrieved from /opt/airflow/dags/dag_estimar_riesgo_disrupcion.py
[2026-07-09T02:20:47.789-0500] {logging_mixin.py:188} INFO - [2026-07-09T02:20:47.789-0500] {dag.py:3089} INFO - Sync 1 DAGs
[2026-07-09T02:20:47.805-0500] {logging_mixin.py:188} INFO - [2026-07-09T02:20:47.805-0500] {dag.py:3947} INFO - Setting next_dagrun for aerotrack_travel_riesgo_disrupcion to 2026-07-09 00:00:00+00:00, run_after=2026-07-10 00:00:00+00:00
[2026-07-09T02:20:47.821-0500] {processor.py:183} INFO - Processing /opt/airflow/dags/dag_estimar_riesgo_disrupcion.py took 0.439 seconds
[2026-07-09T02:21:18.138-0500] {processor.py:161} INFO - Started process (PID=12314) to work on /opt/airflow/dags/dag_estimar_riesgo_disrupcion.py
[2026-07-09T02:21:18.139-0500] {processor.py:830} INFO - Processing file /opt/airflow/dags/dag_estimar_riesgo_disrupcion.py for tasks to queue
[2026-07-09T02:21:18.141-0500] {logging_mixin.py:188} INFO - [2026-07-09T02:21:18.141-0500] {dagbag.py:545} INFO - Filling up the DagBag from /opt/airflow/dags/dag_estimar_riesgo_disrupcion.py
[2026-07-09T02:21:18.511-0500] {processor.py:840} INFO - DAG(s) 'aerotrack_travel_riesgo_disrupcion' retrieved from /opt/airflow/dags/dag_estimar_riesgo_disrupcion.py
[2026-07-09T02:21:18.543-0500] {logging_mixin.py:188} INFO - [2026-07-09T02:21:18.543-0500] {dag.py:3089} INFO - Sync 1 DAGs
[2026-07-09T02:21:18.560-0500] {logging_mixin.py:188} INFO - [2026-07-09T02:21:18.559-0500] {dag.py:3947} INFO - Setting next_dagrun for aerotrack_travel_riesgo_disrupcion to 2026-07-09 00:00:00+00:00, run_after=2026-07-10 00:00:00+00:00
[2026-07-09T02:21:18.577-0500] {processor.py:183} INFO - Processing /opt/airflow/dags/dag_estimar_riesgo_disrupcion.py took 0.444 seconds
[2026-07-09T02:21:49.106-0500] {processor.py:161} INFO - Started process (PID=12341) to work on /opt/airflow/dags/dag_estimar_riesgo_disrupcion.py
[2026-07-09T02:21:49.107-0500] {processor.py:830} INFO - Processing file /opt/airflow/dags/dag_estimar_riesgo_disrupcion.py for tasks to queue
[2026-07-09T02:21:49.109-0500] {logging_mixin.py:188} INFO - [2026-07-09T02:21:49.108-0500] {dagbag.py:545} INFO - Filling up the DagBag from /opt/airflow/dags/dag_estimar_riesgo_disrupcion.py
[2026-07-09T02:21:49.491-0500] {processor.py:840} INFO - DAG(s) 'aerotrack_travel_riesgo_disrupcion' retrieved from /opt/airflow/dags/dag_estimar_riesgo_disrupcion.py
[2026-07-09T02:21:49.521-0500] {logging_mixin.py:188} INFO - [2026-07-09T02:21:49.521-0500] {dag.py:3089} INFO - Sync 1 DAGs
[2026-07-09T02:21:49.535-0500] {logging_mixin.py:188} INFO - [2026-07-09T02:21:49.535-0500] {dag.py:3947} INFO - Setting next_dagrun for aerotrack_travel_riesgo_disrupcion to 2026-07-09 00:00:00+00:00, run_after=2026-07-10 00:00:00+00:00
[2026-07-09T02:21:49.550-0500] {processor.py:183} INFO - Processing /opt/airflow/dags/dag_estimar_riesgo_disrupcion.py took 0.449 seconds
[2026-07-09T02:22:19.879-0500] {processor.py:161} INFO - Started process (PID=12368) to work on /opt/airflow/dags/dag_estimar_riesgo_disrupcion.py
[2026-07-09T02:22:19.880-0500] {processor.py:830} INFO - Processing file /opt/airflow/dags/dag_estimar_riesgo_disrupcion.py for tasks to queue
[2026-07-09T02:22:19.882-0500] {logging_mixin.py:188} INFO - [2026-07-09T02:22:19.882-0500] {dagbag.py:545} INFO - Filling up the DagBag from /opt/airflow/dags/dag_estimar_riesgo_disrupcion.py
[2026-07-09T02:22:20.284-0500] {processor.py:840} INFO - DAG(s) 'aerotrack_travel_riesgo_disrupcion' retrieved from /opt/airflow/dags/dag_estimar_riesgo_disrupcion.py
[2026-07-09T02:22:20.311-0500] {logging_mixin.py:188} INFO - [2026-07-09T02:22:20.311-0500] {dag.py:3089} INFO - Sync 1 DAGs
[2026-07-09T02:22:20.328-0500] {logging_mixin.py:188} INFO - [2026-07-09T02:22:20.328-0500] {dag.py:3947} INFO - Setting next_dagrun for aerotrack_travel_riesgo_disrupcion to 2026-07-09 00:00:00+00:00, run_after=2026-07-10 00:00:00+00:00
[2026-07-09T02:22:20.343-0500] {processor.py:183} INFO - Processing /opt/airflow/dags/dag_estimar_riesgo_disrupcion.py took 0.470 seconds
[2026-07-09T02:22:50.672-0500] {processor.py:161} INFO - Started process (PID=12395) to work on /opt/airflow/dags/dag_estimar_riesgo_disrupcion.py
[2026-07-09T02:22:50.673-0500] {processor.py:830} INFO - Processing file /opt/airflow/dags/dag_estimar_riesgo_disrupcion.py for tasks to queue
[2026-07-09T02:22:50.675-0500] {logging_mixin.py:188} INFO - [2026-07-09T02:22:50.674-0500] {dagbag.py:545} INFO - Filling up the DagBag from /opt/airflow/dags/dag_estimar_riesgo_disrupcion.py
[2026-07-09T02:22:51.058-0500] {processor.py:840} INFO - DAG(s) 'aerotrack_travel_riesgo_disrupcion' retrieved from /opt/airflow/dags/dag_estimar_riesgo_disrupcion.py
[2026-07-09T02:22:51.087-0500] {logging_mixin.py:188} INFO - [2026-07-09T02:22:51.086-0500] {dag.py:3089} INFO - Sync 1 DAGs
[2026-07-09T02:22:51.105-0500] {logging_mixin.py:188} INFO - [2026-07-09T02:22:51.104-0500] {dag.py:3947} INFO - Setting next_dagrun for aerotrack_travel_riesgo_disrupcion to 2026-07-09 00:00:00+00:00, run_after=2026-07-10 00:00:00+00:00
[2026-07-09T02:22:51.121-0500] {processor.py:183} INFO - Processing /opt/airflow/dags/dag_estimar_riesgo_disrupcion.py took 0.454 seconds
[2026-07-09T02:23:21.439-0500] {processor.py:161} INFO - Started process (PID=12422) to work on /opt/airflow/dags/dag_estimar_riesgo_disrupcion.py
[2026-07-09T02:23:21.440-0500] {processor.py:830} INFO - Processing file /opt/airflow/dags/dag_estimar_riesgo_disrupcion.py for tasks to queue
[2026-07-09T02:23:21.442-0500] {logging_mixin.py:188} INFO - [2026-07-09T02:23:21.441-0500] {dagbag.py:545} INFO - Filling up the DagBag from /opt/airflow/dags/dag_estimar_riesgo_disrupcion.py
[2026-07-09T02:23:21.835-0500] {processor.py:840} INFO - DAG(s) 'aerotrack_travel_riesgo_disrupcion' retrieved from /opt/airflow/dags/dag_estimar_riesgo_disrupcion.py
[2026-07-09T02:23:21.866-0500] {logging_mixin.py:188} INFO - [2026-07-09T02:23:21.866-0500] {dag.py:3089} INFO - Sync 1 DAGs
[2026-07-09T02:23:21.884-0500] {logging_mixin.py:188} INFO - [2026-07-09T02:23:21.884-0500] {dag.py:3947} INFO - Setting next_dagrun for aerotrack_travel_riesgo_disrupcion to 2026-07-09 00:00:00+00:00, run_after=2026-07-10 00:00:00+00:00
[2026-07-09T02:23:21.902-0500] {processor.py:183} INFO - Processing /opt/airflow/dags/dag_estimar_riesgo_disrupcion.py took 0.468 seconds
[2026-07-09T02:23:52.267-0500] {processor.py:161} INFO - Started process (PID=12449) to work on /opt/airflow/dags/dag_estimar_riesgo_disrupcion.py
[2026-07-09T02:23:52.268-0500] {processor.py:830} INFO - Processing file /opt/airflow/dags/dag_estimar_riesgo_disrupcion.py for tasks to queue
[2026-07-09T02:23:52.269-0500] {logging_mixin.py:188} INFO - [2026-07-09T02:23:52.269-0500] {dagbag.py:545} INFO - Filling up the DagBag from /opt/airflow/dags/dag_estimar_riesgo_disrupcion.py
[2026-07-09T02:23:52.676-0500] {processor.py:840} INFO - DAG(s) 'aerotrack_travel_riesgo_disrupcion' retrieved from /opt/airflow/dags/dag_estimar_riesgo_disrupcion.py
[2026-07-09T02:23:52.707-0500] {logging_mixin.py:188} INFO - [2026-07-09T02:23:52.706-0500] {dag.py:3089} INFO - Sync 1 DAGs
[2026-07-09T02:23:52.724-0500] {logging_mixin.py:188} INFO - [2026-07-09T02:23:52.724-0500] {dag.py:3947} INFO - Setting next_dagrun for aerotrack_travel_riesgo_disrupcion to 2026-07-09 00:00:00+00:00, run_after=2026-07-10 00:00:00+00:00
[2026-07-09T02:23:52.740-0500] {processor.py:183} INFO - Processing /opt/airflow/dags/dag_estimar_riesgo_disrupcion.py took 0.478 seconds
[2026-07-09T02:24:23.096-0500] {processor.py:161} INFO - Started process (PID=12476) to work on /opt/airflow/dags/dag_estimar_riesgo_disrupcion.py
[2026-07-09T02:24:23.097-0500] {processor.py:830} INFO - Processing file /opt/airflow/dags/dag_estimar_riesgo_disrupcion.py for tasks to queue
[2026-07-09T02:24:23.099-0500] {logging_mixin.py:188} INFO - [2026-07-09T02:24:23.098-0500] {dagbag.py:545} INFO - Filling up the DagBag from /opt/airflow/dags/dag_estimar_riesgo_disrupcion.py
[2026-07-09T02:24:23.527-0500] {processor.py:840} INFO - DAG(s) 'aerotrack_travel_riesgo_disrupcion' retrieved from /opt/airflow/dags/dag_estimar_riesgo_disrupcion.py
[2026-07-09T02:24:23.567-0500] {logging_mixin.py:188} INFO - [2026-07-09T02:24:23.567-0500] {dag.py:3089} INFO - Sync 1 DAGs
[2026-07-09T02:24:23.587-0500] {logging_mixin.py:188} INFO - [2026-07-09T02:24:23.586-0500] {dag.py:3947} INFO - Setting next_dagrun for aerotrack_travel_riesgo_disrupcion to 2026-07-09 00:00:00+00:00, run_after=2026-07-10 00:00:00+00:00
[2026-07-09T02:24:23.606-0500] {processor.py:183} INFO - Processing /opt/airflow/dags/dag_estimar_riesgo_disrupcion.py took 0.515 seconds
[2026-07-09T02:24:54.210-0500] {processor.py:161} INFO - Started process (PID=12503) to work on /opt/airflow/dags/dag_estimar_riesgo_disrupcion.py
[2026-07-09T02:24:54.211-0500] {processor.py:830} INFO - Processing file /opt/airflow/dags/dag_estimar_riesgo_disrupcion.py for tasks to queue
[2026-07-09T02:24:54.213-0500] {logging_mixin.py:188} INFO - [2026-07-09T02:24:54.213-0500] {dagbag.py:545} INFO - Filling up the DagBag from /opt/airflow/dags/dag_estimar_riesgo_disrupcion.py
[2026-07-09T02:24:54.698-0500] {processor.py:840} INFO - DAG(s) 'aerotrack_travel_riesgo_disrupcion' retrieved from /opt/airflow/dags/dag_estimar_riesgo_disrupcion.py
[2026-07-09T02:24:54.733-0500] {logging_mixin.py:188} INFO - [2026-07-09T02:24:54.732-0500] {dag.py:3089} INFO - Sync 1 DAGs
[2026-07-09T02:24:54.755-0500] {logging_mixin.py:188} INFO - [2026-07-09T02:24:54.755-0500] {dag.py:3947} INFO - Setting next_dagrun for aerotrack_travel_riesgo_disrupcion to 2026-07-09 00:00:00+00:00, run_after=2026-07-10 00:00:00+00:00
[2026-07-09T02:24:54.772-0500] {processor.py:183} INFO - Processing /opt/airflow/dags/dag_estimar_riesgo_disrupcion.py took 0.567 seconds
[2026-07-09T02:25:25.353-0500] {processor.py:161} INFO - Started process (PID=12530) to work on /opt/airflow/dags/dag_estimar_riesgo_disrupcion.py
[2026-07-09T02:25:25.354-0500] {processor.py:830} INFO - Processing file /opt/airflow/dags/dag_estimar_riesgo_disrupcion.py for tasks to queue
[2026-07-09T02:25:25.355-0500] {logging_mixin.py:188} INFO - [2026-07-09T02:25:25.355-0500] {dagbag.py:545} INFO - Filling up the DagBag from /opt/airflow/dags/dag_estimar_riesgo_disrupcion.py
[2026-07-09T02:25:25.769-0500] {processor.py:840} INFO - DAG(s) 'aerotrack_travel_riesgo_disrupcion' retrieved from /opt/airflow/dags/dag_estimar_riesgo_disrupcion.py
[2026-07-09T02:25:25.802-0500] {logging_mixin.py:188} INFO - [2026-07-09T02:25:25.802-0500] {dag.py:3089} INFO - Sync 1 DAGs
[2026-07-09T02:25:25.822-0500] {logging_mixin.py:188} INFO - [2026-07-09T02:25:25.821-0500] {dag.py:3947} INFO - Setting next_dagrun for aerotrack_travel_riesgo_disrupcion to 2026-07-09 00:00:00+00:00, run_after=2026-07-10 00:00:00+00:00
[2026-07-09T02:25:25.875-0500] {processor.py:183} INFO - Processing /opt/airflow/dags/dag_estimar_riesgo_disrupcion.py took 0.528 seconds
[2026-07-09T02:25:56.209-0500] {processor.py:161} INFO - Started process (PID=12557) to work on /opt/airflow/dags/dag_estimar_riesgo_disrupcion.py
[2026-07-09T02:25:56.210-0500] {processor.py:830} INFO - Processing file /opt/airflow/dags/dag_estimar_riesgo_disrupcion.py for tasks to queue
[2026-07-09T02:25:56.212-0500] {logging_mixin.py:188} INFO - [2026-07-09T02:25:56.212-0500] {dagbag.py:545} INFO - Filling up the DagBag from /opt/airflow/dags/dag_estimar_riesgo_disrupcion.py
[2026-07-09T02:25:56.646-0500] {processor.py:840} INFO - DAG(s) 'aerotrack_travel_riesgo_disrupcion' retrieved from /opt/airflow/dags/dag_estimar_riesgo_disrupcion.py
[2026-07-09T02:25:56.679-0500] {logging_mixin.py:188} INFO - [2026-07-09T02:25:56.679-0500] {dag.py:3089} INFO - Sync 1 DAGs
[2026-07-09T02:25:56.698-0500] {logging_mixin.py:188} INFO - [2026-07-09T02:25:56.697-0500] {dag.py:3947} INFO - Setting next_dagrun for aerotrack_travel_riesgo_disrupcion to 2026-07-09 00:00:00+00:00, run_after=2026-07-10 00:00:00+00:00
[2026-07-09T02:25:56.716-0500] {processor.py:183} INFO - Processing /opt/airflow/dags/dag_estimar_riesgo_disrupcion.py took 0.512 seconds
[2026-07-09T02:26:27.181-0500] {processor.py:161} INFO - Started process (PID=12584) to work on /opt/airflow/dags/dag_estimar_riesgo_disrupcion.py
[2026-07-09T02:26:27.183-0500] {processor.py:830} INFO - Processing file /opt/airflow/dags/dag_estimar_riesgo_disrupcion.py for tasks to queue
[2026-07-09T02:26:27.184-0500] {logging_mixin.py:188} INFO - [2026-07-09T02:26:27.184-0500] {dagbag.py:545} INFO - Filling up the DagBag from /opt/airflow/dags/dag_estimar_riesgo_disrupcion.py
[2026-07-09T02:26:27.624-0500] {processor.py:840} INFO - DAG(s) 'aerotrack_travel_riesgo_disrupcion' retrieved from /opt/airflow/dags/dag_estimar_riesgo_disrupcion.py
[2026-07-09T02:26:27.654-0500] {logging_mixin.py:188} INFO - [2026-07-09T02:26:27.653-0500] {dag.py:3089} INFO - Sync 1 DAGs
[2026-07-09T02:26:27.672-0500] {logging_mixin.py:188} INFO - [2026-07-09T02:26:27.671-0500] {dag.py:3947} INFO - Setting next_dagrun for aerotrack_travel_riesgo_disrupcion to 2026-07-09 00:00:00+00:00, run_after=2026-07-10 00:00:00+00:00
[2026-07-09T02:26:27.687-0500] {processor.py:183} INFO - Processing /opt/airflow/dags/dag_estimar_riesgo_disrupcion.py took 0.512 seconds
[2026-07-09T02:26:58.031-0500] {processor.py:161} INFO - Started process (PID=12611) to work on /opt/airflow/dags/dag_estimar_riesgo_disrupcion.py
[2026-07-09T02:26:58.032-0500] {processor.py:830} INFO - Processing file /opt/airflow/dags/dag_estimar_riesgo_disrupcion.py for tasks to queue
[2026-07-09T02:26:58.033-0500] {logging_mixin.py:188} INFO - [2026-07-09T02:26:58.033-0500] {dagbag.py:545} INFO - Filling up the DagBag from /opt/airflow/dags/dag_estimar_riesgo_disrupcion.py
[2026-07-09T02:26:58.444-0500] {processor.py:840} INFO - DAG(s) 'aerotrack_travel_riesgo_disrupcion' retrieved from /opt/airflow/dags/dag_estimar_riesgo_disrupcion.py
[2026-07-09T02:26:58.477-0500] {logging_mixin.py:188} INFO - [2026-07-09T02:26:58.476-0500] {dag.py:3089} INFO - Sync 1 DAGs
[2026-07-09T02:26:58.495-0500] {logging_mixin.py:188} INFO - [2026-07-09T02:26:58.495-0500] {dag.py:3947} INFO - Setting next_dagrun for aerotrack_travel_riesgo_disrupcion to 2026-07-09 00:00:00+00:00, run_after=2026-07-10 00:00:00+00:00
[2026-07-09T02:26:58.512-0500] {processor.py:183} INFO - Processing /opt/airflow/dags/dag_estimar_riesgo_disrupcion.py took 0.485 seconds
[2026-07-09T02:27:28.829-0500] {processor.py:161} INFO - Started process (PID=12638) to work on /opt/airflow/dags/dag_estimar_riesgo_disrupcion.py
[2026-07-09T02:27:28.830-0500] {processor.py:830} INFO - Processing file /opt/airflow/dags/dag_estimar_riesgo_disrupcion.py for tasks to queue
[2026-07-09T02:27:28.831-0500] {logging_mixin.py:188} INFO - [2026-07-09T02:27:28.831-0500] {dagbag.py:545} INFO - Filling up the DagBag from /opt/airflow/dags/dag_estimar_riesgo_disrupcion.py
[2026-07-09T02:27:29.223-0500] {processor.py:840} INFO - DAG(s) 'aerotrack_travel_riesgo_disrupcion' retrieved from /opt/airflow/dags/dag_estimar_riesgo_disrupcion.py
[2026-07-09T02:27:29.254-0500] {logging_mixin.py:188} INFO - [2026-07-09T02:27:29.254-0500] {dag.py:3089} INFO - Sync 1 DAGs
[2026-07-09T02:27:29.272-0500] {logging_mixin.py:188} INFO - [2026-07-09T02:27:29.272-0500] {dag.py:3947} INFO - Setting next_dagrun for aerotrack_travel_riesgo_disrupcion to 2026-07-09 00:00:00+00:00, run_after=2026-07-10 00:00:00+00:00
[2026-07-09T02:27:29.289-0500] {processor.py:183} INFO - Processing /opt/airflow/dags/dag_estimar_riesgo_disrupcion.py took 0.464 seconds
[2026-07-09T02:27:59.719-0500] {processor.py:161} INFO - Started process (PID=12665) to work on /opt/airflow/dags/dag_estimar_riesgo_disrupcion.py
[2026-07-09T02:27:59.720-0500] {processor.py:830} INFO - Processing file /opt/airflow/dags/dag_estimar_riesgo_disrupcion.py for tasks to queue
[2026-07-09T02:27:59.722-0500] {logging_mixin.py:188} INFO - [2026-07-09T02:27:59.721-0500] {dagbag.py:545} INFO - Filling up the DagBag from /opt/airflow/dags/dag_estimar_riesgo_disrupcion.py
[2026-07-09T02:28:00.157-0500] {processor.py:840} INFO - DAG(s) 'aerotrack_travel_riesgo_disrupcion' retrieved from /opt/airflow/dags/dag_estimar_riesgo_disrupcion.py
[2026-07-09T02:28:00.190-0500] {logging_mixin.py:188} INFO - [2026-07-09T02:28:00.190-0500] {dag.py:3089} INFO - Sync 1 DAGs
[2026-07-09T02:28:00.209-0500] {logging_mixin.py:188} INFO - [2026-07-09T02:28:00.209-0500] {dag.py:3947} INFO - Setting next_dagrun for aerotrack_travel_riesgo_disrupcion to 2026-07-09 00:00:00+00:00, run_after=2026-07-10 00:00:00+00:00
[2026-07-09T02:28:00.227-0500] {processor.py:183} INFO - Processing /opt/airflow/dags/dag_estimar_riesgo_disrupcion.py took 0.512 seconds
[2026-07-09T02:28:30.550-0500] {processor.py:161} INFO - Started process (PID=12692) to work on /opt/airflow/dags/dag_estimar_riesgo_disrupcion.py
[2026-07-09T02:28:30.551-0500] {processor.py:830} INFO - Processing file /opt/airflow/dags/dag_estimar_riesgo_disrupcion.py for tasks to queue
[2026-07-09T02:28:30.553-0500] {logging_mixin.py:188} INFO - [2026-07-09T02:28:30.553-0500] {dagbag.py:545} INFO - Filling up the DagBag from /opt/airflow/dags/dag_estimar_riesgo_disrupcion.py
[2026-07-09T02:28:30.959-0500] {processor.py:840} INFO - DAG(s) 'aerotrack_travel_riesgo_disrupcion' retrieved from /opt/airflow/dags/dag_estimar_riesgo_disrupcion.py
[2026-07-09T02:28:30.990-0500] {logging_mixin.py:188} INFO - [2026-07-09T02:28:30.989-0500] {dag.py:3089} INFO - Sync 1 DAGs
[2026-07-09T02:28:31.008-0500] {logging_mixin.py:188} INFO - [2026-07-09T02:28:31.008-0500] {dag.py:3947} INFO - Setting next_dagrun for aerotrack_travel_riesgo_disrupcion to 2026-07-09 00:00:00+00:00, run_after=2026-07-10 00:00:00+00:00
[2026-07-09T02:28:31.032-0500] {processor.py:183} INFO - Processing /opt/airflow/dags/dag_estimar_riesgo_disrupcion.py took 0.486 seconds
[2026-07-09T02:29:01.349-0500] {processor.py:161} INFO - Started process (PID=12719) to work on /opt/airflow/dags/dag_estimar_riesgo_disrupcion.py
[2026-07-09T02:29:01.350-0500] {processor.py:830} INFO - Processing file /opt/airflow/dags/dag_estimar_riesgo_disrupcion.py for tasks to queue
[2026-07-09T02:29:01.352-0500] {logging_mixin.py:188} INFO - [2026-07-09T02:29:01.352-0500] {dagbag.py:545} INFO - Filling up the DagBag from /opt/airflow/dags/dag_estimar_riesgo_disrupcion.py
[2026-07-09T02:29:01.810-0500] {processor.py:840} INFO - DAG(s) 'aerotrack_travel_riesgo_disrupcion' retrieved from /opt/airflow/dags/dag_estimar_riesgo_disrupcion.py
[2026-07-09T02:29:01.840-0500] {logging_mixin.py:188} INFO - [2026-07-09T02:29:01.840-0500] {dag.py:3089} INFO - Sync 1 DAGs
[2026-07-09T02:29:01.857-0500] {logging_mixin.py:188} INFO - [2026-07-09T02:29:01.857-0500] {dag.py:3947} INFO - Setting next_dagrun for aerotrack_travel_riesgo_disrupcion to 2026-07-09 00:00:00+00:00, run_after=2026-07-10 00:00:00+00:00
[2026-07-09T02:29:01.880-0500] {processor.py:183} INFO - Processing /opt/airflow/dags/dag_estimar_riesgo_disrupcion.py took 0.536 seconds
[2026-07-09T02:29:32.438-0500] {processor.py:161} INFO - Started process (PID=12746) to work on /opt/airflow/dags/dag_estimar_riesgo_disrupcion.py
[2026-07-09T02:29:32.439-0500] {processor.py:830} INFO - Processing file /opt/airflow/dags/dag_estimar_riesgo_disrupcion.py for tasks to queue
[2026-07-09T02:29:32.442-0500] {logging_mixin.py:188} INFO - [2026-07-09T02:29:32.441-0500] {dagbag.py:545} INFO - Filling up the DagBag from /opt/airflow/dags/dag_estimar_riesgo_disrupcion.py
[2026-07-09T02:29:32.972-0500] {processor.py:840} INFO - DAG(s) 'aerotrack_travel_riesgo_disrupcion' retrieved from /opt/airflow/dags/dag_estimar_riesgo_disrupcion.py
[2026-07-09T02:29:33.007-0500] {logging_mixin.py:188} INFO - [2026-07-09T02:29:33.007-0500] {dag.py:3089} INFO - Sync 1 DAGs
[2026-07-09T02:29:33.026-0500] {logging_mixin.py:188} INFO - [2026-07-09T02:29:33.025-0500] {dag.py:3947} INFO - Setting next_dagrun for aerotrack_travel_riesgo_disrupcion to 2026-07-09 00:00:00+00:00, run_after=2026-07-10 00:00:00+00:00
[2026-07-09T02:29:33.041-0500] {processor.py:183} INFO - Processing /opt/airflow/dags/dag_estimar_riesgo_disrupcion.py took 0.612 seconds
[2026-07-09T02:30:03.371-0500] {processor.py:161} INFO - Started process (PID=12773) to work on /opt/airflow/dags/dag_estimar_riesgo_disrupcion.py
[2026-07-09T02:30:03.372-0500] {processor.py:830} INFO - Processing file /opt/airflow/dags/dag_estimar_riesgo_disrupcion.py for tasks to queue
[2026-07-09T02:30:03.374-0500] {logging_mixin.py:188} INFO - [2026-07-09T02:30:03.374-0500] {dagbag.py:545} INFO - Filling up the DagBag from /opt/airflow/dags/dag_estimar_riesgo_disrupcion.py
[2026-07-09T02:30:03.811-0500] {processor.py:840} INFO - DAG(s) 'aerotrack_travel_riesgo_disrupcion' retrieved from /opt/airflow/dags/dag_estimar_riesgo_disrupcion.py
[2026-07-09T02:30:03.844-0500] {logging_mixin.py:188} INFO - [2026-07-09T02:30:03.844-0500] {dag.py:3089} INFO - Sync 1 DAGs
[2026-07-09T02:30:03.862-0500] {logging_mixin.py:188} INFO - [2026-07-09T02:30:03.862-0500] {dag.py:3947} INFO - Setting next_dagrun for aerotrack_travel_riesgo_disrupcion to 2026-07-09 00:00:00+00:00, run_after=2026-07-10 00:00:00+00:00
[2026-07-09T02:30:03.891-0500] {processor.py:183} INFO - Processing /opt/airflow/dags/dag_estimar_riesgo_disrupcion.py took 0.524 seconds
[2026-07-09T02:30:34.227-0500] {processor.py:161} INFO - Started process (PID=12800) to work on /opt/airflow/dags/dag_estimar_riesgo_disrupcion.py
[2026-07-09T02:30:34.228-0500] {processor.py:830} INFO - Processing file /opt/airflow/dags/dag_estimar_riesgo_disrupcion.py for tasks to queue
[2026-07-09T02:30:34.230-0500] {logging_mixin.py:188} INFO - [2026-07-09T02:30:34.230-0500] {dagbag.py:545} INFO - Filling up the DagBag from /opt/airflow/dags/dag_estimar_riesgo_disrupcion.py
[2026-07-09T02:30:34.708-0500] {processor.py:840} INFO - DAG(s) 'aerotrack_travel_riesgo_disrupcion' retrieved from /opt/airflow/dags/dag_estimar_riesgo_disrupcion.py
[2026-07-09T02:30:34.742-0500] {logging_mixin.py:188} INFO - [2026-07-09T02:30:34.742-0500] {dag.py:3089} INFO - Sync 1 DAGs
[2026-07-09T02:30:34.759-0500] {logging_mixin.py:188} INFO - [2026-07-09T02:30:34.759-0500] {dag.py:3947} INFO - Setting next_dagrun for aerotrack_travel_riesgo_disrupcion to 2026-07-09 00:00:00+00:00, run_after=2026-07-10 00:00:00+00:00
[2026-07-09T02:30:34.775-0500] {processor.py:183} INFO - Processing /opt/airflow/dags/dag_estimar_riesgo_disrupcion.py took 0.553 seconds
[2026-07-09T02:31:05.107-0500] {processor.py:161} INFO - Started process (PID=12827) to work on /opt/airflow/dags/dag_estimar_riesgo_disrupcion.py
[2026-07-09T02:31:05.107-0500] {processor.py:830} INFO - Processing file /opt/airflow/dags/dag_estimar_riesgo_disrupcion.py for tasks to queue
[2026-07-09T02:31:05.109-0500] {logging_mixin.py:188} INFO - [2026-07-09T02:31:05.109-0500] {dagbag.py:545} INFO - Filling up the DagBag from /opt/airflow/dags/dag_estimar_riesgo_disrupcion.py
[2026-07-09T02:31:05.540-0500] {processor.py:840} INFO - DAG(s) 'aerotrack_travel_riesgo_disrupcion' retrieved from /opt/airflow/dags/dag_estimar_riesgo_disrupcion.py
[2026-07-09T02:31:05.577-0500] {logging_mixin.py:188} INFO - [2026-07-09T02:31:05.576-0500] {dag.py:3089} INFO - Sync 1 DAGs
[2026-07-09T02:31:05.596-0500] {logging_mixin.py:188} INFO - [2026-07-09T02:31:05.595-0500] {dag.py:3947} INFO - Setting next_dagrun for aerotrack_travel_riesgo_disrupcion to 2026-07-09 00:00:00+00:00, run_after=2026-07-10 00:00:00+00:00
[2026-07-09T02:31:05.611-0500] {processor.py:183} INFO - Processing /opt/airflow/dags/dag_estimar_riesgo_disrupcion.py took 0.509 seconds
[2026-07-09T02:31:36.166-0500] {processor.py:161} INFO - Started process (PID=12854) to work on /opt/airflow/dags/dag_estimar_riesgo_disrupcion.py
[2026-07-09T02:31:36.167-0500] {processor.py:830} INFO - Processing file /opt/airflow/dags/dag_estimar_riesgo_disrupcion.py for tasks to queue
[2026-07-09T02:31:36.168-0500] {logging_mixin.py:188} INFO - [2026-07-09T02:31:36.168-0500] {dagbag.py:545} INFO - Filling up the DagBag from /opt/airflow/dags/dag_estimar_riesgo_disrupcion.py
[2026-07-09T02:31:36.591-0500] {processor.py:840} INFO - DAG(s) 'aerotrack_travel_riesgo_disrupcion' retrieved from /opt/airflow/dags/dag_estimar_riesgo_disrupcion.py
[2026-07-09T02:31:36.621-0500] {logging_mixin.py:188} INFO - [2026-07-09T02:31:36.620-0500] {dag.py:3089} INFO - Sync 1 DAGs
[2026-07-09T02:31:36.639-0500] {logging_mixin.py:188} INFO - [2026-07-09T02:31:36.639-0500] {dag.py:3947} INFO - Setting next_dagrun for aerotrack_travel_riesgo_disrupcion to 2026-07-09 00:00:00+00:00, run_after=2026-07-10 00:00:00+00:00
[2026-07-09T02:31:36.657-0500] {processor.py:183} INFO - Processing /opt/airflow/dags/dag_estimar_riesgo_disrupcion.py took 0.496 seconds
[2026-07-09T02:32:06.988-0500] {processor.py:161} INFO - Started process (PID=12881) to work on /opt/airflow/dags/dag_estimar_riesgo_disrupcion.py
[2026-07-09T02:32:06.989-0500] {processor.py:830} INFO - Processing file /opt/airflow/dags/dag_estimar_riesgo_disrupcion.py for tasks to queue
[2026-07-09T02:32:06.991-0500] {logging_mixin.py:188} INFO - [2026-07-09T02:32:06.991-0500] {dagbag.py:545} INFO - Filling up the DagBag from /opt/airflow/dags/dag_estimar_riesgo_disrupcion.py
[2026-07-09T02:32:07.443-0500] {processor.py:840} INFO - DAG(s) 'aerotrack_travel_riesgo_disrupcion' retrieved from /opt/airflow/dags/dag_estimar_riesgo_disrupcion.py
[2026-07-09T02:32:07.471-0500] {logging_mixin.py:188} INFO - [2026-07-09T02:32:07.471-0500] {dag.py:3089} INFO - Sync 1 DAGs
[2026-07-09T02:32:07.490-0500] {logging_mixin.py:188} INFO - [2026-07-09T02:32:07.489-0500] {dag.py:3947} INFO - Setting next_dagrun for aerotrack_travel_riesgo_disrupcion to 2026-07-09 00:00:00+00:00, run_after=2026-07-10 00:00:00+00:00
[2026-07-09T02:32:07.506-0500] {processor.py:183} INFO - Processing /opt/airflow/dags/dag_estimar_riesgo_disrupcion.py took 0.523 seconds
[2026-07-09T02:32:37.821-0500] {processor.py:161} INFO - Started process (PID=12908) to work on /opt/airflow/dags/dag_estimar_riesgo_disrupcion.py
[2026-07-09T02:32:37.822-0500] {processor.py:830} INFO - Processing file /opt/airflow/dags/dag_estimar_riesgo_disrupcion.py for tasks to queue
[2026-07-09T02:32:37.824-0500] {logging_mixin.py:188} INFO - [2026-07-09T02:32:37.824-0500] {dagbag.py:545} INFO - Filling up the DagBag from /opt/airflow/dags/dag_estimar_riesgo_disrupcion.py
[2026-07-09T02:32:38.249-0500] {processor.py:840} INFO - DAG(s) 'aerotrack_travel_riesgo_disrupcion' retrieved from /opt/airflow/dags/dag_estimar_riesgo_disrupcion.py
[2026-07-09T02:32:38.280-0500] {logging_mixin.py:188} INFO - [2026-07-09T02:32:38.279-0500] {dag.py:3089} INFO - Sync 1 DAGs
[2026-07-09T02:32:38.297-0500] {logging_mixin.py:188} INFO - [2026-07-09T02:32:38.297-0500] {dag.py:3947} INFO - Setting next_dagrun for aerotrack_travel_riesgo_disrupcion to 2026-07-09 00:00:00+00:00, run_after=2026-07-10 00:00:00+00:00
[2026-07-09T02:32:38.312-0500] {processor.py:183} INFO - Processing /opt/airflow/dags/dag_estimar_riesgo_disrupcion.py took 0.496 seconds
[2026-07-09T02:33:08.639-0500] {processor.py:161} INFO - Started process (PID=12935) to work on /opt/airflow/dags/dag_estimar_riesgo_disrupcion.py
[2026-07-09T02:33:08.640-0500] {processor.py:830} INFO - Processing file /opt/airflow/dags/dag_estimar_riesgo_disrupcion.py for tasks to queue
[2026-07-09T02:33:08.642-0500] {logging_mixin.py:188} INFO - [2026-07-09T02:33:08.642-0500] {dagbag.py:545} INFO - Filling up the DagBag from /opt/airflow/dags/dag_estimar_riesgo_disrupcion.py
[2026-07-09T02:33:09.060-0500] {processor.py:840} INFO - DAG(s) 'aerotrack_travel_riesgo_disrupcion' retrieved from /opt/airflow/dags/dag_estimar_riesgo_disrupcion.py
[2026-07-09T02:33:09.093-0500] {logging_mixin.py:188} INFO - [2026-07-09T02:33:09.092-0500] {dag.py:3089} INFO - Sync 1 DAGs
[2026-07-09T02:33:09.110-0500] {logging_mixin.py:188} INFO - [2026-07-09T02:33:09.109-0500] {dag.py:3947} INFO - Setting next_dagrun for aerotrack_travel_riesgo_disrupcion to 2026-07-09 00:00:00+00:00, run_after=2026-07-10 00:00:00+00:00
[2026-07-09T02:33:09.125-0500] {processor.py:183} INFO - Processing /opt/airflow/dags/dag_estimar_riesgo_disrupcion.py took 0.490 seconds
[2026-07-09T02:33:39.508-0500] {processor.py:161} INFO - Started process (PID=12962) to work on /opt/airflow/dags/dag_estimar_riesgo_disrupcion.py
[2026-07-09T02:33:39.509-0500] {processor.py:830} INFO - Processing file /opt/airflow/dags/dag_estimar_riesgo_disrupcion.py for tasks to queue
[2026-07-09T02:33:39.511-0500] {logging_mixin.py:188} INFO - [2026-07-09T02:33:39.511-0500] {dagbag.py:545} INFO - Filling up the DagBag from /opt/airflow/dags/dag_estimar_riesgo_disrupcion.py
[2026-07-09T02:33:39.919-0500] {processor.py:840} INFO - DAG(s) 'aerotrack_travel_riesgo_disrupcion' retrieved from /opt/airflow/dags/dag_estimar_riesgo_disrupcion.py
[2026-07-09T02:33:39.952-0500] {logging_mixin.py:188} INFO - [2026-07-09T02:33:39.951-0500] {dag.py:3089} INFO - Sync 1 DAGs
[2026-07-09T02:33:39.970-0500] {logging_mixin.py:188} INFO - [2026-07-09T02:33:39.970-0500] {dag.py:3947} INFO - Setting next_dagrun for aerotrack_travel_riesgo_disrupcion to 2026-07-09 00:00:00+00:00, run_after=2026-07-10 00:00:00+00:00
[2026-07-09T02:33:39.986-0500] {processor.py:183} INFO - Processing /opt/airflow/dags/dag_estimar_riesgo_disrupcion.py took 0.482 seconds
[2026-07-09T02:34:10.287-0500] {processor.py:161} INFO - Started process (PID=12989) to work on /opt/airflow/dags/dag_estimar_riesgo_disrupcion.py
[2026-07-09T02:34:10.288-0500] {processor.py:830} INFO - Processing file /opt/airflow/dags/dag_estimar_riesgo_disrupcion.py for tasks to queue
[2026-07-09T02:34:10.290-0500] {logging_mixin.py:188} INFO - [2026-07-09T02:34:10.289-0500] {dagbag.py:545} INFO - Filling up the DagBag from /opt/airflow/dags/dag_estimar_riesgo_disrupcion.py
[2026-07-09T02:34:10.716-0500] {processor.py:840} INFO - DAG(s) 'aerotrack_travel_riesgo_disrupcion' retrieved from /opt/airflow/dags/dag_estimar_riesgo_disrupcion.py
[2026-07-09T02:34:10.748-0500] {logging_mixin.py:188} INFO - [2026-07-09T02:34:10.747-0500] {dag.py:3089} INFO - Sync 1 DAGs
[2026-07-09T02:34:10.768-0500] {logging_mixin.py:188} INFO - [2026-07-09T02:34:10.768-0500] {dag.py:3947} INFO - Setting next_dagrun for aerotrack_travel_riesgo_disrupcion to 2026-07-09 00:00:00+00:00, run_after=2026-07-10 00:00:00+00:00
[2026-07-09T02:34:10.785-0500] {processor.py:183} INFO - Processing /opt/airflow/dags/dag_estimar_riesgo_disrupcion.py took 0.502 seconds
[2026-07-09T02:34:41.107-0500] {processor.py:161} INFO - Started process (PID=13016) to work on /opt/airflow/dags/dag_estimar_riesgo_disrupcion.py
[2026-07-09T02:34:41.108-0500] {processor.py:830} INFO - Processing file /opt/airflow/dags/dag_estimar_riesgo_disrupcion.py for tasks to queue
[2026-07-09T02:34:41.109-0500] {logging_mixin.py:188} INFO - [2026-07-09T02:34:41.109-0500] {dagbag.py:545} INFO - Filling up the DagBag from /opt/airflow/dags/dag_estimar_riesgo_disrupcion.py
[2026-07-09T02:34:41.520-0500] {processor.py:840} INFO - DAG(s) 'aerotrack_travel_riesgo_disrupcion' retrieved from /opt/airflow/dags/dag_estimar_riesgo_disrupcion.py
[2026-07-09T02:34:41.553-0500] {logging_mixin.py:188} INFO - [2026-07-09T02:34:41.553-0500] {dag.py:3089} INFO - Sync 1 DAGs
[2026-07-09T02:34:41.573-0500] {logging_mixin.py:188} INFO - [2026-07-09T02:34:41.573-0500] {dag.py:3947} INFO - Setting next_dagrun for aerotrack_travel_riesgo_disrupcion to 2026-07-09 00:00:00+00:00, run_after=2026-07-10 00:00:00+00:00
[2026-07-09T02:34:41.592-0500] {processor.py:183} INFO - Processing /opt/airflow/dags/dag_estimar_riesgo_disrupcion.py took 0.489 seconds
[2026-07-09T02:35:12.000-0500] {processor.py:161} INFO - Started process (PID=13043) to work on /opt/airflow/dags/dag_estimar_riesgo_disrupcion.py
[2026-07-09T02:35:12.001-0500] {processor.py:830} INFO - Processing file /opt/airflow/dags/dag_estimar_riesgo_disrupcion.py for tasks to queue
[2026-07-09T02:35:12.003-0500] {logging_mixin.py:188} INFO - [2026-07-09T02:35:12.003-0500] {dagbag.py:545} INFO - Filling up the DagBag from /opt/airflow/dags/dag_estimar_riesgo_disrupcion.py
[2026-07-09T02:35:12.407-0500] {processor.py:840} INFO - DAG(s) 'aerotrack_travel_riesgo_disrupcion' retrieved from /opt/airflow/dags/dag_estimar_riesgo_disrupcion.py
[2026-07-09T02:35:12.438-0500] {logging_mixin.py:188} INFO - [2026-07-09T02:35:12.438-0500] {dag.py:3089} INFO - Sync 1 DAGs
[2026-07-09T02:35:12.456-0500] {logging_mixin.py:188} INFO - [2026-07-09T02:35:12.456-0500] {dag.py:3947} INFO - Setting next_dagrun for aerotrack_travel_riesgo_disrupcion to 2026-07-09 00:00:00+00:00, run_after=2026-07-10 00:00:00+00:00
[2026-07-09T02:35:12.473-0500] {processor.py:183} INFO - Processing /opt/airflow/dags/dag_estimar_riesgo_disrupcion.py took 0.477 seconds
[2026-07-09T02:35:42.812-0500] {processor.py:161} INFO - Started process (PID=13070) to work on /opt/airflow/dags/dag_estimar_riesgo_disrupcion.py
[2026-07-09T02:35:42.813-0500] {processor.py:830} INFO - Processing file /opt/airflow/dags/dag_estimar_riesgo_disrupcion.py for tasks to queue
[2026-07-09T02:35:42.814-0500] {logging_mixin.py:188} INFO - [2026-07-09T02:35:42.814-0500] {dagbag.py:545} INFO - Filling up the DagBag from /opt/airflow/dags/dag_estimar_riesgo_disrupcion.py
[2026-07-09T02:35:43.228-0500] {processor.py:840} INFO - DAG(s) 'aerotrack_travel_riesgo_disrupcion' retrieved from /opt/airflow/dags/dag_estimar_riesgo_disrupcion.py
[2026-07-09T02:35:43.258-0500] {logging_mixin.py:188} INFO - [2026-07-09T02:35:43.258-0500] {dag.py:3089} INFO - Sync 1 DAGs
[2026-07-09T02:35:43.276-0500] {logging_mixin.py:188} INFO - [2026-07-09T02:35:43.275-0500] {dag.py:3947} INFO - Setting next_dagrun for aerotrack_travel_riesgo_disrupcion to 2026-07-09 00:00:00+00:00, run_after=2026-07-10 00:00:00+00:00
[2026-07-09T02:35:43.292-0500] {processor.py:183} INFO - Processing /opt/airflow/dags/dag_estimar_riesgo_disrupcion.py took 0.485 seconds
[2026-07-09T02:36:13.597-0500] {processor.py:161} INFO - Started process (PID=13097) to work on /opt/airflow/dags/dag_estimar_riesgo_disrupcion.py
[2026-07-09T02:36:13.598-0500] {processor.py:830} INFO - Processing file /opt/airflow/dags/dag_estimar_riesgo_disrupcion.py for tasks to queue
[2026-07-09T02:36:13.599-0500] {logging_mixin.py:188} INFO - [2026-07-09T02:36:13.599-0500] {dagbag.py:545} INFO - Filling up the DagBag from /opt/airflow/dags/dag_estimar_riesgo_disrupcion.py
[2026-07-09T02:36:14.014-0500] {processor.py:840} INFO - DAG(s) 'aerotrack_travel_riesgo_disrupcion' retrieved from /opt/airflow/dags/dag_estimar_riesgo_disrupcion.py
[2026-07-09T02:36:14.044-0500] {logging_mixin.py:188} INFO - [2026-07-09T02:36:14.044-0500] {dag.py:3089} INFO - Sync 1 DAGs
[2026-07-09T02:36:14.064-0500] {logging_mixin.py:188} INFO - [2026-07-09T02:36:14.063-0500] {dag.py:3947} INFO - Setting next_dagrun for aerotrack_travel_riesgo_disrupcion to 2026-07-09 00:00:00+00:00, run_after=2026-07-10 00:00:00+00:00
[2026-07-09T02:36:14.078-0500] {processor.py:183} INFO - Processing /opt/airflow/dags/dag_estimar_riesgo_disrupcion.py took 0.486 seconds
[2026-07-09T02:36:44.469-0500] {processor.py:161} INFO - Started process (PID=13124) to work on /opt/airflow/dags/dag_estimar_riesgo_disrupcion.py
[2026-07-09T02:36:44.470-0500] {processor.py:830} INFO - Processing file /opt/airflow/dags/dag_estimar_riesgo_disrupcion.py for tasks to queue
[2026-07-09T02:36:44.472-0500] {logging_mixin.py:188} INFO - [2026-07-09T02:36:44.471-0500] {dagbag.py:545} INFO - Filling up the DagBag from /opt/airflow/dags/dag_estimar_riesgo_disrupcion.py
[2026-07-09T02:36:44.920-0500] {processor.py:840} INFO - DAG(s) 'aerotrack_travel_riesgo_disrupcion' retrieved from /opt/airflow/dags/dag_estimar_riesgo_disrupcion.py
[2026-07-09T02:36:44.955-0500] {logging_mixin.py:188} INFO - [2026-07-09T02:36:44.955-0500] {dag.py:3089} INFO - Sync 1 DAGs
[2026-07-09T02:36:44.974-0500] {logging_mixin.py:188} INFO - [2026-07-09T02:36:44.974-0500] {dag.py:3947} INFO - Setting next_dagrun for aerotrack_travel_riesgo_disrupcion to 2026-07-09 00:00:00+00:00, run_after=2026-07-10 00:00:00+00:00
[2026-07-09T02:36:44.992-0500] {processor.py:183} INFO - Processing /opt/airflow/dags/dag_estimar_riesgo_disrupcion.py took 0.529 seconds
[2026-07-09T02:37:15.304-0500] {processor.py:161} INFO - Started process (PID=13151) to work on /opt/airflow/dags/dag_estimar_riesgo_disrupcion.py
[2026-07-09T02:37:15.305-0500] {processor.py:830} INFO - Processing file /opt/airflow/dags/dag_estimar_riesgo_disrupcion.py for tasks to queue
[2026-07-09T02:37:15.306-0500] {logging_mixin.py:188} INFO - [2026-07-09T02:37:15.306-0500] {dagbag.py:545} INFO - Filling up the DagBag from /opt/airflow/dags/dag_estimar_riesgo_disrupcion.py
[2026-07-09T02:37:15.708-0500] {processor.py:840} INFO - DAG(s) 'aerotrack_travel_riesgo_disrupcion' retrieved from /opt/airflow/dags/dag_estimar_riesgo_disrupcion.py
[2026-07-09T02:37:15.751-0500] {logging_mixin.py:188} INFO - [2026-07-09T02:37:15.751-0500] {dag.py:3089} INFO - Sync 1 DAGs
[2026-07-09T02:37:15.770-0500] {logging_mixin.py:188} INFO - [2026-07-09T02:37:15.770-0500] {dag.py:3947} INFO - Setting next_dagrun for aerotrack_travel_riesgo_disrupcion to 2026-07-09 00:00:00+00:00, run_after=2026-07-10 00:00:00+00:00
[2026-07-09T02:37:15.788-0500] {processor.py:183} INFO - Processing /opt/airflow/dags/dag_estimar_riesgo_disrupcion.py took 0.489 seconds
[2026-07-09T02:37:46.259-0500] {processor.py:161} INFO - Started process (PID=13178) to work on /opt/airflow/dags/dag_estimar_riesgo_disrupcion.py
[2026-07-09T02:37:46.260-0500] {processor.py:830} INFO - Processing file /opt/airflow/dags/dag_estimar_riesgo_disrupcion.py for tasks to queue
[2026-07-09T02:37:46.261-0500] {logging_mixin.py:188} INFO - [2026-07-09T02:37:46.261-0500] {dagbag.py:545} INFO - Filling up the DagBag from /opt/airflow/dags/dag_estimar_riesgo_disrupcion.py
[2026-07-09T02:37:46.716-0500] {processor.py:840} INFO - DAG(s) 'aerotrack_travel_riesgo_disrupcion' retrieved from /opt/airflow/dags/dag_estimar_riesgo_disrupcion.py
[2026-07-09T02:37:46.751-0500] {logging_mixin.py:188} INFO - [2026-07-09T02:37:46.751-0500] {dag.py:3089} INFO - Sync 1 DAGs
[2026-07-09T02:37:46.773-0500] {logging_mixin.py:188} INFO - [2026-07-09T02:37:46.772-0500] {dag.py:3947} INFO - Setting next_dagrun for aerotrack_travel_riesgo_disrupcion to 2026-07-09 00:00:00+00:00, run_after=2026-07-10 00:00:00+00:00
[2026-07-09T02:37:46.789-0500] {processor.py:183} INFO - Processing /opt/airflow/dags/dag_estimar_riesgo_disrupcion.py took 0.535 seconds
[2026-07-09T02:38:17.138-0500] {processor.py:161} INFO - Started process (PID=13205) to work on /opt/airflow/dags/dag_estimar_riesgo_disrupcion.py
[2026-07-09T02:38:17.139-0500] {processor.py:830} INFO - Processing file /opt/airflow/dags/dag_estimar_riesgo_disrupcion.py for tasks to queue
[2026-07-09T02:38:17.141-0500] {logging_mixin.py:188} INFO - [2026-07-09T02:38:17.141-0500] {dagbag.py:545} INFO - Filling up the DagBag from /opt/airflow/dags/dag_estimar_riesgo_disrupcion.py
[2026-07-09T02:38:17.577-0500] {processor.py:840} INFO - DAG(s) 'aerotrack_travel_riesgo_disrupcion' retrieved from /opt/airflow/dags/dag_estimar_riesgo_disrupcion.py
[2026-07-09T02:38:17.610-0500] {logging_mixin.py:188} INFO - [2026-07-09T02:38:17.609-0500] {dag.py:3089} INFO - Sync 1 DAGs
[2026-07-09T02:38:17.629-0500] {logging_mixin.py:188} INFO - [2026-07-09T02:38:17.629-0500] {dag.py:3947} INFO - Setting next_dagrun for aerotrack_travel_riesgo_disrupcion to 2026-07-09 00:00:00+00:00, run_after=2026-07-10 00:00:00+00:00
[2026-07-09T02:38:17.647-0500] {processor.py:183} INFO - Processing /opt/airflow/dags/dag_estimar_riesgo_disrupcion.py took 0.514 seconds
[2026-07-09T02:38:47.979-0500] {processor.py:161} INFO - Started process (PID=13232) to work on /opt/airflow/dags/dag_estimar_riesgo_disrupcion.py
[2026-07-09T02:38:47.981-0500] {processor.py:830} INFO - Processing file /opt/airflow/dags/dag_estimar_riesgo_disrupcion.py for tasks to queue
[2026-07-09T02:38:47.982-0500] {logging_mixin.py:188} INFO - [2026-07-09T02:38:47.982-0500] {dagbag.py:545} INFO - Filling up the DagBag from /opt/airflow/dags/dag_estimar_riesgo_disrupcion.py
[2026-07-09T02:38:48.392-0500] {processor.py:840} INFO - DAG(s) 'aerotrack_travel_riesgo_disrupcion' retrieved from /opt/airflow/dags/dag_estimar_riesgo_disrupcion.py
[2026-07-09T02:38:48.422-0500] {logging_mixin.py:188} INFO - [2026-07-09T02:38:48.422-0500] {dag.py:3089} INFO - Sync 1 DAGs
[2026-07-09T02:38:48.440-0500] {logging_mixin.py:188} INFO - [2026-07-09T02:38:48.440-0500] {dag.py:3947} INFO - Setting next_dagrun for aerotrack_travel_riesgo_disrupcion to 2026-07-09 00:00:00+00:00, run_after=2026-07-10 00:00:00+00:00
[2026-07-09T02:38:48.461-0500] {processor.py:183} INFO - Processing /opt/airflow/dags/dag_estimar_riesgo_disrupcion.py took 0.486 seconds
[2026-07-09T02:39:18.783-0500] {processor.py:161} INFO - Started process (PID=13259) to work on /opt/airflow/dags/dag_estimar_riesgo_disrupcion.py
[2026-07-09T02:39:18.784-0500] {processor.py:830} INFO - Processing file /opt/airflow/dags/dag_estimar_riesgo_disrupcion.py for tasks to queue
[2026-07-09T02:39:18.786-0500] {logging_mixin.py:188} INFO - [2026-07-09T02:39:18.786-0500] {dagbag.py:545} INFO - Filling up the DagBag from /opt/airflow/dags/dag_estimar_riesgo_disrupcion.py
[2026-07-09T02:39:19.238-0500] {processor.py:840} INFO - DAG(s) 'aerotrack_travel_riesgo_disrupcion' retrieved from /opt/airflow/dags/dag_estimar_riesgo_disrupcion.py
[2026-07-09T02:39:19.278-0500] {logging_mixin.py:188} INFO - [2026-07-09T02:39:19.277-0500] {dag.py:3089} INFO - Sync 1 DAGs
[2026-07-09T02:39:19.298-0500] {logging_mixin.py:188} INFO - [2026-07-09T02:39:19.298-0500] {dag.py:3947} INFO - Setting next_dagrun for aerotrack_travel_riesgo_disrupcion to 2026-07-09 00:00:00+00:00, run_after=2026-07-10 00:00:00+00:00
[2026-07-09T02:39:19.319-0500] {processor.py:183} INFO - Processing /opt/airflow/dags/dag_estimar_riesgo_disrupcion.py took 0.540 seconds
[2026-07-09T02:39:49.723-0500] {processor.py:161} INFO - Started process (PID=13286) to work on /opt/airflow/dags/dag_estimar_riesgo_disrupcion.py
[2026-07-09T02:39:49.724-0500] {processor.py:830} INFO - Processing file /opt/airflow/dags/dag_estimar_riesgo_disrupcion.py for tasks to queue
[2026-07-09T02:39:49.728-0500] {logging_mixin.py:188} INFO - [2026-07-09T02:39:49.728-0500] {dagbag.py:545} INFO - Filling up the DagBag from /opt/airflow/dags/dag_estimar_riesgo_disrupcion.py
[2026-07-09T02:39:50.124-0500] {processor.py:840} INFO - DAG(s) 'aerotrack_travel_riesgo_disrupcion' retrieved from /opt/airflow/dags/dag_estimar_riesgo_disrupcion.py
[2026-07-09T02:39:50.154-0500] {logging_mixin.py:188} INFO - [2026-07-09T02:39:50.154-0500] {dag.py:3089} INFO - Sync 1 DAGs
[2026-07-09T02:39:50.175-0500] {logging_mixin.py:188} INFO - [2026-07-09T02:39:50.175-0500] {dag.py:3947} INFO - Setting next_dagrun for aerotrack_travel_riesgo_disrupcion to 2026-07-09 00:00:00+00:00, run_after=2026-07-10 00:00:00+00:00
[2026-07-09T02:39:50.192-0500] {processor.py:183} INFO - Processing /opt/airflow/dags/dag_estimar_riesgo_disrupcion.py took 0.473 seconds
[2026-07-09T02:40:20.588-0500] {processor.py:161} INFO - Started process (PID=13313) to work on /opt/airflow/dags/dag_estimar_riesgo_disrupcion.py
[2026-07-09T02:40:20.589-0500] {processor.py:830} INFO - Processing file /opt/airflow/dags/dag_estimar_riesgo_disrupcion.py for tasks to queue
[2026-07-09T02:40:20.591-0500] {logging_mixin.py:188} INFO - [2026-07-09T02:40:20.591-0500] {dagbag.py:545} INFO - Filling up the DagBag from /opt/airflow/dags/dag_estimar_riesgo_disrupcion.py
[2026-07-09T02:40:20.987-0500] {processor.py:840} INFO - DAG(s) 'aerotrack_travel_riesgo_disrupcion' retrieved from /opt/airflow/dags/dag_estimar_riesgo_disrupcion.py
[2026-07-09T02:40:21.015-0500] {logging_mixin.py:188} INFO - [2026-07-09T02:40:21.014-0500] {dag.py:3089} INFO - Sync 1 DAGs
[2026-07-09T02:40:21.031-0500] {logging_mixin.py:188} INFO - [2026-07-09T02:40:21.031-0500] {dag.py:3947} INFO - Setting next_dagrun for aerotrack_travel_riesgo_disrupcion to 2026-07-09 00:00:00+00:00, run_after=2026-07-10 00:00:00+00:00
[2026-07-09T02:40:21.047-0500] {processor.py:183} INFO - Processing /opt/airflow/dags/dag_estimar_riesgo_disrupcion.py took 0.463 seconds
[2026-07-09T02:40:51.499-0500] {processor.py:161} INFO - Started process (PID=13340) to work on /opt/airflow/dags/dag_estimar_riesgo_disrupcion.py
[2026-07-09T02:40:51.500-0500] {processor.py:830} INFO - Processing file /opt/airflow/dags/dag_estimar_riesgo_disrupcion.py for tasks to queue
[2026-07-09T02:40:51.502-0500] {logging_mixin.py:188} INFO - [2026-07-09T02:40:51.502-0500] {dagbag.py:545} INFO - Filling up the DagBag from /opt/airflow/dags/dag_estimar_riesgo_disrupcion.py
[2026-07-09T02:40:51.975-0500] {processor.py:840} INFO - DAG(s) 'aerotrack_travel_riesgo_disrupcion' retrieved from /opt/airflow/dags/dag_estimar_riesgo_disrupcion.py
[2026-07-09T02:40:52.012-0500] {logging_mixin.py:188} INFO - [2026-07-09T02:40:52.012-0500] {dag.py:3089} INFO - Sync 1 DAGs
[2026-07-09T02:40:52.035-0500] {logging_mixin.py:188} INFO - [2026-07-09T02:40:52.035-0500] {dag.py:3947} INFO - Setting next_dagrun for aerotrack_travel_riesgo_disrupcion to 2026-07-09 00:00:00+00:00, run_after=2026-07-10 00:00:00+00:00
[2026-07-09T02:40:52.054-0500] {processor.py:183} INFO - Processing /opt/airflow/dags/dag_estimar_riesgo_disrupcion.py took 0.560 seconds
[2026-07-09T02:41:22.369-0500] {processor.py:161} INFO - Started process (PID=13367) to work on /opt/airflow/dags/dag_estimar_riesgo_disrupcion.py
[2026-07-09T02:41:22.372-0500] {processor.py:830} INFO - Processing file /opt/airflow/dags/dag_estimar_riesgo_disrupcion.py for tasks to queue
[2026-07-09T02:41:22.374-0500] {logging_mixin.py:188} INFO - [2026-07-09T02:41:22.374-0500] {dagbag.py:545} INFO - Filling up the DagBag from /opt/airflow/dags/dag_estimar_riesgo_disrupcion.py
[2026-07-09T02:41:22.777-0500] {processor.py:840} INFO - DAG(s) 'aerotrack_travel_riesgo_disrupcion' retrieved from /opt/airflow/dags/dag_estimar_riesgo_disrupcion.py
[2026-07-09T02:41:22.815-0500] {logging_mixin.py:188} INFO - [2026-07-09T02:41:22.814-0500] {dag.py:3089} INFO - Sync 1 DAGs
[2026-07-09T02:41:22.844-0500] {logging_mixin.py:188} INFO - [2026-07-09T02:41:22.844-0500] {dag.py:3947} INFO - Setting next_dagrun for aerotrack_travel_riesgo_disrupcion to 2026-07-09 00:00:00+00:00, run_after=2026-07-10 00:00:00+00:00
[2026-07-09T02:41:22.865-0500] {processor.py:183} INFO - Processing /opt/airflow/dags/dag_estimar_riesgo_disrupcion.py took 0.501 seconds
[2026-07-09T02:41:53.296-0500] {processor.py:161} INFO - Started process (PID=13394) to work on /opt/airflow/dags/dag_estimar_riesgo_disrupcion.py
[2026-07-09T02:41:53.297-0500] {processor.py:830} INFO - Processing file /opt/airflow/dags/dag_estimar_riesgo_disrupcion.py for tasks to queue
[2026-07-09T02:41:53.298-0500] {logging_mixin.py:188} INFO - [2026-07-09T02:41:53.298-0500] {dagbag.py:545} INFO - Filling up the DagBag from /opt/airflow/dags/dag_estimar_riesgo_disrupcion.py
[2026-07-09T02:41:53.688-0500] {processor.py:840} INFO - DAG(s) 'aerotrack_travel_riesgo_disrupcion' retrieved from /opt/airflow/dags/dag_estimar_riesgo_disrupcion.py
[2026-07-09T02:41:53.717-0500] {logging_mixin.py:188} INFO - [2026-07-09T02:41:53.717-0500] {dag.py:3089} INFO - Sync 1 DAGs
[2026-07-09T02:41:53.734-0500] {logging_mixin.py:188} INFO - [2026-07-09T02:41:53.734-0500] {dag.py:3947} INFO - Setting next_dagrun for aerotrack_travel_riesgo_disrupcion to 2026-07-09 00:00:00+00:00, run_after=2026-07-10 00:00:00+00:00
[2026-07-09T02:41:53.751-0500] {processor.py:183} INFO - Processing /opt/airflow/dags/dag_estimar_riesgo_disrupcion.py took 0.459 seconds
[2026-07-09T02:42:24.051-0500] {processor.py:161} INFO - Started process (PID=13421) to work on /opt/airflow/dags/dag_estimar_riesgo_disrupcion.py
[2026-07-09T02:42:24.052-0500] {processor.py:830} INFO - Processing file /opt/airflow/dags/dag_estimar_riesgo_disrupcion.py for tasks to queue
[2026-07-09T02:42:24.053-0500] {logging_mixin.py:188} INFO - [2026-07-09T02:42:24.053-0500] {dagbag.py:545} INFO - Filling up the DagBag from /opt/airflow/dags/dag_estimar_riesgo_disrupcion.py
[2026-07-09T02:42:24.451-0500] {processor.py:840} INFO - DAG(s) 'aerotrack_travel_riesgo_disrupcion' retrieved from /opt/airflow/dags/dag_estimar_riesgo_disrupcion.py
[2026-07-09T02:42:24.477-0500] {logging_mixin.py:188} INFO - [2026-07-09T02:42:24.477-0500] {dag.py:3089} INFO - Sync 1 DAGs
[2026-07-09T02:42:24.494-0500] {logging_mixin.py:188} INFO - [2026-07-09T02:42:24.494-0500] {dag.py:3947} INFO - Setting next_dagrun for aerotrack_travel_riesgo_disrupcion to 2026-07-09 00:00:00+00:00, run_after=2026-07-10 00:00:00+00:00
[2026-07-09T02:42:24.509-0500] {processor.py:183} INFO - Processing /opt/airflow/dags/dag_estimar_riesgo_disrupcion.py took 0.463 seconds
[2026-07-09T02:42:54.810-0500] {processor.py:161} INFO - Started process (PID=13448) to work on /opt/airflow/dags/dag_estimar_riesgo_disrupcion.py
[2026-07-09T02:42:54.811-0500] {processor.py:830} INFO - Processing file /opt/airflow/dags/dag_estimar_riesgo_disrupcion.py for tasks to queue
[2026-07-09T02:42:54.813-0500] {logging_mixin.py:188} INFO - [2026-07-09T02:42:54.813-0500] {dagbag.py:545} INFO - Filling up the DagBag from /opt/airflow/dags/dag_estimar_riesgo_disrupcion.py
[2026-07-09T02:42:55.345-0500] {processor.py:840} INFO - DAG(s) 'aerotrack_travel_riesgo_disrupcion' retrieved from /opt/airflow/dags/dag_estimar_riesgo_disrupcion.py
[2026-07-09T02:42:55.374-0500] {logging_mixin.py:188} INFO - [2026-07-09T02:42:55.373-0500] {dag.py:3089} INFO - Sync 1 DAGs
[2026-07-09T02:42:55.391-0500] {logging_mixin.py:188} INFO - [2026-07-09T02:42:55.391-0500] {dag.py:3947} INFO - Setting next_dagrun for aerotrack_travel_riesgo_disrupcion to 2026-07-09 00:00:00+00:00, run_after=2026-07-10 00:00:00+00:00
[2026-07-09T02:42:55.408-0500] {processor.py:183} INFO - Processing /opt/airflow/dags/dag_estimar_riesgo_disrupcion.py took 0.602 seconds
[2026-07-09T02:43:25.709-0500] {processor.py:161} INFO - Started process (PID=13475) to work on /opt/airflow/dags/dag_estimar_riesgo_disrupcion.py
[2026-07-09T02:43:25.710-0500] {processor.py:830} INFO - Processing file /opt/airflow/dags/dag_estimar_riesgo_disrupcion.py for tasks to queue
[2026-07-09T02:43:25.712-0500] {logging_mixin.py:188} INFO - [2026-07-09T02:43:25.712-0500] {dagbag.py:545} INFO - Filling up the DagBag from /opt/airflow/dags/dag_estimar_riesgo_disrupcion.py
[2026-07-09T02:43:26.147-0500] {processor.py:840} INFO - DAG(s) 'aerotrack_travel_riesgo_disrupcion' retrieved from /opt/airflow/dags/dag_estimar_riesgo_disrupcion.py
[2026-07-09T02:43:26.179-0500] {logging_mixin.py:188} INFO - [2026-07-09T02:43:26.178-0500] {dag.py:3089} INFO - Sync 1 DAGs
[2026-07-09T02:43:26.198-0500] {logging_mixin.py:188} INFO - [2026-07-09T02:43:26.198-0500] {dag.py:3947} INFO - Setting next_dagrun for aerotrack_travel_riesgo_disrupcion to 2026-07-09 00:00:00+00:00, run_after=2026-07-10 00:00:00+00:00
[2026-07-09T02:43:26.215-0500] {processor.py:183} INFO - Processing /opt/airflow/dags/dag_estimar_riesgo_disrupcion.py took 0.511 seconds
[2026-07-09T02:43:56.529-0500] {processor.py:161} INFO - Started process (PID=13502) to work on /opt/airflow/dags/dag_estimar_riesgo_disrupcion.py
[2026-07-09T02:43:56.530-0500] {processor.py:830} INFO - Processing file /opt/airflow/dags/dag_estimar_riesgo_disrupcion.py for tasks to queue
[2026-07-09T02:43:56.532-0500] {logging_mixin.py:188} INFO - [2026-07-09T02:43:56.531-0500] {dagbag.py:545} INFO - Filling up the DagBag from /opt/airflow/dags/dag_estimar_riesgo_disrupcion.py
[2026-07-09T02:43:56.957-0500] {processor.py:840} INFO - DAG(s) 'aerotrack_travel_riesgo_disrupcion' retrieved from /opt/airflow/dags/dag_estimar_riesgo_disrupcion.py
[2026-07-09T02:43:56.991-0500] {logging_mixin.py:188} INFO - [2026-07-09T02:43:56.990-0500] {dag.py:3089} INFO - Sync 1 DAGs
[2026-07-09T02:43:57.009-0500] {logging_mixin.py:188} INFO - [2026-07-09T02:43:57.009-0500] {dag.py:3947} INFO - Setting next_dagrun for aerotrack_travel_riesgo_disrupcion to 2026-07-09 00:00:00+00:00, run_after=2026-07-10 00:00:00+00:00
[2026-07-09T02:43:57.024-0500] {processor.py:183} INFO - Processing /opt/airflow/dags/dag_estimar_riesgo_disrupcion.py took 0.500 seconds
[2026-07-09T02:44:27.300-0500] {processor.py:161} INFO - Started process (PID=13529) to work on /opt/airflow/dags/dag_estimar_riesgo_disrupcion.py
[2026-07-09T02:44:27.301-0500] {processor.py:830} INFO - Processing file /opt/airflow/dags/dag_estimar_riesgo_disrupcion.py for tasks to queue
[2026-07-09T02:44:27.303-0500] {logging_mixin.py:188} INFO - [2026-07-09T02:44:27.302-0500] {dagbag.py:545} INFO - Filling up the DagBag from /opt/airflow/dags/dag_estimar_riesgo_disrupcion.py
[2026-07-09T02:44:27.689-0500] {processor.py:840} INFO - DAG(s) 'aerotrack_travel_riesgo_disrupcion' retrieved from /opt/airflow/dags/dag_estimar_riesgo_disrupcion.py
[2026-07-09T02:44:27.719-0500] {logging_mixin.py:188} INFO - [2026-07-09T02:44:27.718-0500] {dag.py:3089} INFO - Sync 1 DAGs
[2026-07-09T02:44:27.737-0500] {logging_mixin.py:188} INFO - [2026-07-09T02:44:27.737-0500] {dag.py:3947} INFO - Setting next_dagrun for aerotrack_travel_riesgo_disrupcion to 2026-07-09 00:00:00+00:00, run_after=2026-07-10 00:00:00+00:00
[2026-07-09T02:44:27.752-0500] {processor.py:183} INFO - Processing /opt/airflow/dags/dag_estimar_riesgo_disrupcion.py took 0.457 seconds
[2026-07-09T02:44:58.025-0500] {processor.py:161} INFO - Started process (PID=13556) to work on /opt/airflow/dags/dag_estimar_riesgo_disrupcion.py
[2026-07-09T02:44:58.026-0500] {processor.py:830} INFO - Processing file /opt/airflow/dags/dag_estimar_riesgo_disrupcion.py for tasks to queue
[2026-07-09T02:44:58.027-0500] {logging_mixin.py:188} INFO - [2026-07-09T02:44:58.027-0500] {dagbag.py:545} INFO - Filling up the DagBag from /opt/airflow/dags/dag_estimar_riesgo_disrupcion.py
[2026-07-09T02:44:58.423-0500] {processor.py:840} INFO - DAG(s) 'aerotrack_travel_riesgo_disrupcion' retrieved from /opt/airflow/dags/dag_estimar_riesgo_disrupcion.py
[2026-07-09T02:44:58.454-0500] {logging_mixin.py:188} INFO - [2026-07-09T02:44:58.454-0500] {dag.py:3089} INFO - Sync 1 DAGs
[2026-07-09T02:44:58.472-0500] {logging_mixin.py:188} INFO - [2026-07-09T02:44:58.471-0500] {dag.py:3947} INFO - Setting next_dagrun for aerotrack_travel_riesgo_disrupcion to 2026-07-09 00:00:00+00:00, run_after=2026-07-10 00:00:00+00:00
[2026-07-09T02:44:58.487-0500] {processor.py:183} INFO - Processing /opt/airflow/dags/dag_estimar_riesgo_disrupcion.py took 0.467 seconds
[2026-07-09T02:45:28.867-0500] {processor.py:161} INFO - Started process (PID=13583) to work on /opt/airflow/dags/dag_estimar_riesgo_disrupcion.py
[2026-07-09T02:45:28.868-0500] {processor.py:830} INFO - Processing file /opt/airflow/dags/dag_estimar_riesgo_disrupcion.py for tasks to queue
[2026-07-09T02:45:28.869-0500] {logging_mixin.py:188} INFO - [2026-07-09T02:45:28.869-0500] {dagbag.py:545} INFO - Filling up the DagBag from /opt/airflow/dags/dag_estimar_riesgo_disrupcion.py
[2026-07-09T02:45:29.276-0500] {processor.py:840} INFO - DAG(s) 'aerotrack_travel_riesgo_disrupcion' retrieved from /opt/airflow/dags/dag_estimar_riesgo_disrupcion.py
[2026-07-09T02:45:29.311-0500] {logging_mixin.py:188} INFO - [2026-07-09T02:45:29.311-0500] {dag.py:3089} INFO - Sync 1 DAGs
[2026-07-09T02:45:29.333-0500] {logging_mixin.py:188} INFO - [2026-07-09T02:45:29.333-0500] {dag.py:3947} INFO - Setting next_dagrun for aerotrack_travel_riesgo_disrupcion to 2026-07-09 00:00:00+00:00, run_after=2026-07-10 00:00:00+00:00
[2026-07-09T02:45:29.350-0500] {processor.py:183} INFO - Processing /opt/airflow/dags/dag_estimar_riesgo_disrupcion.py took 0.489 seconds
[2026-07-09T02:45:59.644-0500] {processor.py:161} INFO - Started process (PID=13610) to work on /opt/airflow/dags/dag_estimar_riesgo_disrupcion.py
[2026-07-09T02:45:59.645-0500] {processor.py:830} INFO - Processing file /opt/airflow/dags/dag_estimar_riesgo_disrupcion.py for tasks to queue
[2026-07-09T02:45:59.646-0500] {logging_mixin.py:188} INFO - [2026-07-09T02:45:59.646-0500] {dagbag.py:545} INFO - Filling up the DagBag from /opt/airflow/dags/dag_estimar_riesgo_disrupcion.py
[2026-07-09T02:46:00.034-0500] {processor.py:840} INFO - DAG(s) 'aerotrack_travel_riesgo_disrupcion' retrieved from /opt/airflow/dags/dag_estimar_riesgo_disrupcion.py
[2026-07-09T02:46:00.064-0500] {logging_mixin.py:188} INFO - [2026-07-09T02:46:00.064-0500] {dag.py:3089} INFO - Sync 1 DAGs
[2026-07-09T02:46:00.080-0500] {logging_mixin.py:188} INFO - [2026-07-09T02:46:00.080-0500] {dag.py:3947} INFO - Setting next_dagrun for aerotrack_travel_riesgo_disrupcion to 2026-07-09 00:00:00+00:00, run_after=2026-07-10 00:00:00+00:00
[2026-07-09T02:46:00.096-0500] {processor.py:183} INFO - Processing /opt/airflow/dags/dag_estimar_riesgo_disrupcion.py took 0.456 seconds
[2026-07-09T02:46:30.496-0500] {processor.py:161} INFO - Started process (PID=13637) to work on /opt/airflow/dags/dag_estimar_riesgo_disrupcion.py
[2026-07-09T02:46:30.497-0500] {processor.py:830} INFO - Processing file /opt/airflow/dags/dag_estimar_riesgo_disrupcion.py for tasks to queue
[2026-07-09T02:46:30.499-0500] {logging_mixin.py:188} INFO - [2026-07-09T02:46:30.498-0500] {dagbag.py:545} INFO - Filling up the DagBag from /opt/airflow/dags/dag_estimar_riesgo_disrupcion.py
[2026-07-09T02:46:30.900-0500] {processor.py:840} INFO - DAG(s) 'aerotrack_travel_riesgo_disrupcion' retrieved from /opt/airflow/dags/dag_estimar_riesgo_disrupcion.py
[2026-07-09T02:46:30.933-0500] {logging_mixin.py:188} INFO - [2026-07-09T02:46:30.932-0500] {dag.py:3089} INFO - Sync 1 DAGs
[2026-07-09T02:46:30.950-0500] {logging_mixin.py:188} INFO - [2026-07-09T02:46:30.950-0500] {dag.py:3947} INFO - Setting next_dagrun for aerotrack_travel_riesgo_disrupcion to 2026-07-09 00:00:00+00:00, run_after=2026-07-10 00:00:00+00:00
[2026-07-09T02:46:30.966-0500] {processor.py:183} INFO - Processing /opt/airflow/dags/dag_estimar_riesgo_disrupcion.py took 0.475 seconds
[2026-07-09T02:47:01.272-0500] {processor.py:161} INFO - Started process (PID=13664) to work on /opt/airflow/dags/dag_estimar_riesgo_disrupcion.py
[2026-07-09T02:47:01.273-0500] {processor.py:830} INFO - Processing file /opt/airflow/dags/dag_estimar_riesgo_disrupcion.py for tasks to queue
[2026-07-09T02:47:01.275-0500] {logging_mixin.py:188} INFO - [2026-07-09T02:47:01.274-0500] {dagbag.py:545} INFO - Filling up the DagBag from /opt/airflow/dags/dag_estimar_riesgo_disrupcion.py
[2026-07-09T02:47:01.713-0500] {processor.py:840} INFO - DAG(s) 'aerotrack_travel_riesgo_disrupcion' retrieved from /opt/airflow/dags/dag_estimar_riesgo_disrupcion.py
[2026-07-09T02:47:01.743-0500] {logging_mixin.py:188} INFO - [2026-07-09T02:47:01.743-0500] {dag.py:3089} INFO - Sync 1 DAGs
[2026-07-09T02:47:01.759-0500] {logging_mixin.py:188} INFO - [2026-07-09T02:47:01.759-0500] {dag.py:3947} INFO - Setting next_dagrun for aerotrack_travel_riesgo_disrupcion to 2026-07-09 00:00:00+00:00, run_after=2026-07-10 00:00:00+00:00
[2026-07-09T02:47:01.773-0500] {processor.py:183} INFO - Processing /opt/airflow/dags/dag_estimar_riesgo_disrupcion.py took 0.506 seconds
[2026-07-09T02:47:32.061-0500] {processor.py:161} INFO - Started process (PID=13691) to work on /opt/airflow/dags/dag_estimar_riesgo_disrupcion.py
[2026-07-09T02:47:32.062-0500] {processor.py:830} INFO - Processing file /opt/airflow/dags/dag_estimar_riesgo_disrupcion.py for tasks to queue
[2026-07-09T02:47:32.064-0500] {logging_mixin.py:188} INFO - [2026-07-09T02:47:32.063-0500] {dagbag.py:545} INFO - Filling up the DagBag from /opt/airflow/dags/dag_estimar_riesgo_disrupcion.py
[2026-07-09T02:47:32.506-0500] {processor.py:840} INFO - DAG(s) 'aerotrack_travel_riesgo_disrupcion' retrieved from /opt/airflow/dags/dag_estimar_riesgo_disrupcion.py
[2026-07-09T02:47:32.544-0500] {logging_mixin.py:188} INFO - [2026-07-09T02:47:32.543-0500] {dag.py:3089} INFO - Sync 1 DAGs
[2026-07-09T02:47:32.563-0500] {logging_mixin.py:188} INFO - [2026-07-09T02:47:32.563-0500] {dag.py:3947} INFO - Setting next_dagrun for aerotrack_travel_riesgo_disrupcion to 2026-07-09 00:00:00+00:00, run_after=2026-07-10 00:00:00+00:00
[2026-07-09T02:47:32.580-0500] {processor.py:183} INFO - Processing /opt/airflow/dags/dag_estimar_riesgo_disrupcion.py took 0.524 seconds
[2026-07-09T02:48:02.877-0500] {processor.py:161} INFO - Started process (PID=13718) to work on /opt/airflow/dags/dag_estimar_riesgo_disrupcion.py
[2026-07-09T02:48:02.878-0500] {processor.py:830} INFO - Processing file /opt/airflow/dags/dag_estimar_riesgo_disrupcion.py for tasks to queue
[2026-07-09T02:48:02.880-0500] {logging_mixin.py:188} INFO - [2026-07-09T02:48:02.880-0500] {dagbag.py:545} INFO - Filling up the DagBag from /opt/airflow/dags/dag_estimar_riesgo_disrupcion.py
[2026-07-09T02:48:03.363-0500] {processor.py:840} INFO - DAG(s) 'aerotrack_travel_riesgo_disrupcion' retrieved from /opt/airflow/dags/dag_estimar_riesgo_disrupcion.py
[2026-07-09T02:48:03.398-0500] {logging_mixin.py:188} INFO - [2026-07-09T02:48:03.398-0500] {dag.py:3089} INFO - Sync 1 DAGs
[2026-07-09T02:48:03.438-0500] {logging_mixin.py:188} INFO - [2026-07-09T02:48:03.437-0500] {dag.py:3947} INFO - Setting next_dagrun for aerotrack_travel_riesgo_disrupcion to 2026-07-09 00:00:00+00:00, run_after=2026-07-10 00:00:00+00:00
[2026-07-09T02:48:03.467-0500] {processor.py:183} INFO - Processing /opt/airflow/dags/dag_estimar_riesgo_disrupcion.py took 0.595 seconds
[2026-07-09T02:48:33.796-0500] {processor.py:161} INFO - Started process (PID=13745) to work on /opt/airflow/dags/dag_estimar_riesgo_disrupcion.py
[2026-07-09T02:48:33.797-0500] {processor.py:830} INFO - Processing file /opt/airflow/dags/dag_estimar_riesgo_disrupcion.py for tasks to queue
[2026-07-09T02:48:33.799-0500] {logging_mixin.py:188} INFO - [2026-07-09T02:48:33.798-0500] {dagbag.py:545} INFO - Filling up the DagBag from /opt/airflow/dags/dag_estimar_riesgo_disrupcion.py
[2026-07-09T02:48:34.238-0500] {processor.py:840} INFO - DAG(s) 'aerotrack_travel_riesgo_disrupcion' retrieved from /opt/airflow/dags/dag_estimar_riesgo_disrupcion.py
[2026-07-09T02:48:34.275-0500] {logging_mixin.py:188} INFO - [2026-07-09T02:48:34.274-0500] {dag.py:3089} INFO - Sync 1 DAGs
[2026-07-09T02:48:34.302-0500] {logging_mixin.py:188} INFO - [2026-07-09T02:48:34.302-0500] {dag.py:3947} INFO - Setting next_dagrun for aerotrack_travel_riesgo_disrupcion to 2026-07-09 00:00:00+00:00, run_after=2026-07-10 00:00:00+00:00
[2026-07-09T02:48:34.320-0500] {processor.py:183} INFO - Processing /opt/airflow/dags/dag_estimar_riesgo_disrupcion.py took 0.529 seconds
[2026-07-09T02:49:04.727-0500] {processor.py:161} INFO - Started process (PID=13772) to work on /opt/airflow/dags/dag_estimar_riesgo_disrupcion.py
[2026-07-09T02:49:04.728-0500] {processor.py:830} INFO - Processing file /opt/airflow/dags/dag_estimar_riesgo_disrupcion.py for tasks to queue
[2026-07-09T02:49:04.730-0500] {logging_mixin.py:188} INFO - [2026-07-09T02:49:04.729-0500] {dagbag.py:545} INFO - Filling up the DagBag from /opt/airflow/dags/dag_estimar_riesgo_disrupcion.py
[2026-07-09T02:49:05.154-0500] {processor.py:840} INFO - DAG(s) 'aerotrack_travel_riesgo_disrupcion' retrieved from /opt/airflow/dags/dag_estimar_riesgo_disrupcion.py
[2026-07-09T02:49:05.188-0500] {logging_mixin.py:188} INFO - [2026-07-09T02:49:05.187-0500] {dag.py:3089} INFO - Sync 1 DAGs
[2026-07-09T02:49:05.206-0500] {logging_mixin.py:188} INFO - [2026-07-09T02:49:05.206-0500] {dag.py:3947} INFO - Setting next_dagrun for aerotrack_travel_riesgo_disrupcion to 2026-07-09 00:00:00+00:00, run_after=2026-07-10 00:00:00+00:00
[2026-07-09T02:49:05.225-0500] {processor.py:183} INFO - Processing /opt/airflow/dags/dag_estimar_riesgo_disrupcion.py took 0.502 seconds
[2026-07-09T02:49:35.524-0500] {processor.py:161} INFO - Started process (PID=13799) to work on /opt/airflow/dags/dag_estimar_riesgo_disrupcion.py
[2026-07-09T02:49:35.525-0500] {processor.py:830} INFO - Processing file /opt/airflow/dags/dag_estimar_riesgo_disrupcion.py for tasks to queue
[2026-07-09T02:49:35.526-0500] {logging_mixin.py:188} INFO - [2026-07-09T02:49:35.526-0500] {dagbag.py:545} INFO - Filling up the DagBag from /opt/airflow/dags/dag_estimar_riesgo_disrupcion.py
[2026-07-09T02:49:35.952-0500] {processor.py:840} INFO - DAG(s) 'aerotrack_travel_riesgo_disrupcion' retrieved from /opt/airflow/dags/dag_estimar_riesgo_disrupcion.py
[2026-07-09T02:49:35.981-0500] {logging_mixin.py:188} INFO - [2026-07-09T02:49:35.981-0500] {dag.py:3089} INFO - Sync 1 DAGs
[2026-07-09T02:49:35.999-0500] {logging_mixin.py:188} INFO - [2026-07-09T02:49:35.999-0500] {dag.py:3947} INFO - Setting next_dagrun for aerotrack_travel_riesgo_disrupcion to 2026-07-09 00:00:00+00:00, run_after=2026-07-10 00:00:00+00:00
[2026-07-09T02:49:36.015-0500] {processor.py:183} INFO - Processing /opt/airflow/dags/dag_estimar_riesgo_disrupcion.py took 0.496 seconds
[2026-07-09T02:50:06.474-0500] {processor.py:161} INFO - Started process (PID=13826) to work on /opt/airflow/dags/dag_estimar_riesgo_disrupcion.py
[2026-07-09T02:50:06.475-0500] {processor.py:830} INFO - Processing file /opt/airflow/dags/dag_estimar_riesgo_disrupcion.py for tasks to queue
[2026-07-09T02:50:06.477-0500] {logging_mixin.py:188} INFO - [2026-07-09T02:50:06.477-0500] {dagbag.py:545} INFO - Filling up the DagBag from /opt/airflow/dags/dag_estimar_riesgo_disrupcion.py
[2026-07-09T02:50:06.894-0500] {processor.py:840} INFO - DAG(s) 'aerotrack_travel_riesgo_disrupcion' retrieved from /opt/airflow/dags/dag_estimar_riesgo_disrupcion.py
[2026-07-09T02:50:06.924-0500] {logging_mixin.py:188} INFO - [2026-07-09T02:50:06.923-0500] {dag.py:3089} INFO - Sync 1 DAGs
[2026-07-09T02:50:06.943-0500] {logging_mixin.py:188} INFO - [2026-07-09T02:50:06.943-0500] {dag.py:3947} INFO - Setting next_dagrun for aerotrack_travel_riesgo_disrupcion to 2026-07-09 00:00:00+00:00, run_after=2026-07-10 00:00:00+00:00
[2026-07-09T02:50:06.958-0500] {processor.py:183} INFO - Processing /opt/airflow/dags/dag_estimar_riesgo_disrupcion.py took 0.489 seconds
[2026-07-09T02:50:37.370-0500] {processor.py:161} INFO - Started process (PID=13853) to work on /opt/airflow/dags/dag_estimar_riesgo_disrupcion.py
[2026-07-09T02:50:37.371-0500] {processor.py:830} INFO - Processing file /opt/airflow/dags/dag_estimar_riesgo_disrupcion.py for tasks to queue
[2026-07-09T02:50:37.372-0500] {logging_mixin.py:188} INFO - [2026-07-09T02:50:37.372-0500] {dagbag.py:545} INFO - Filling up the DagBag from /opt/airflow/dags/dag_estimar_riesgo_disrupcion.py
[2026-07-09T02:50:37.764-0500] {processor.py:840} INFO - DAG(s) 'aerotrack_travel_riesgo_disrupcion' retrieved from /opt/airflow/dags/dag_estimar_riesgo_disrupcion.py
[2026-07-09T02:50:37.792-0500] {logging_mixin.py:188} INFO - [2026-07-09T02:50:37.791-0500] {dag.py:3089} INFO - Sync 1 DAGs
[2026-07-09T02:50:37.808-0500] {logging_mixin.py:188} INFO - [2026-07-09T02:50:37.808-0500] {dag.py:3947} INFO - Setting next_dagrun for aerotrack_travel_riesgo_disrupcion to 2026-07-09 00:00:00+00:00, run_after=2026-07-10 00:00:00+00:00
[2026-07-09T02:50:37.823-0500] {processor.py:183} INFO - Processing /opt/airflow/dags/dag_estimar_riesgo_disrupcion.py took 0.459 seconds
[2026-07-09T02:51:08.145-0500] {processor.py:161} INFO - Started process (PID=13880) to work on /opt/airflow/dags/dag_estimar_riesgo_disrupcion.py
[2026-07-09T02:51:08.146-0500] {processor.py:830} INFO - Processing file /opt/airflow/dags/dag_estimar_riesgo_disrupcion.py for tasks to queue
[2026-07-09T02:51:08.148-0500] {logging_mixin.py:188} INFO - [2026-07-09T02:51:08.148-0500] {dagbag.py:545} INFO - Filling up the DagBag from /opt/airflow/dags/dag_estimar_riesgo_disrupcion.py
[2026-07-09T02:51:08.595-0500] {processor.py:840} INFO - DAG(s) 'aerotrack_travel_riesgo_disrupcion' retrieved from /opt/airflow/dags/dag_estimar_riesgo_disrupcion.py
[2026-07-09T02:51:08.632-0500] {logging_mixin.py:188} INFO - [2026-07-09T02:51:08.632-0500] {dag.py:3089} INFO - Sync 1 DAGs
[2026-07-09T02:51:08.650-0500] {logging_mixin.py:188} INFO - [2026-07-09T02:51:08.650-0500] {dag.py:3947} INFO - Setting next_dagrun for aerotrack_travel_riesgo_disrupcion to 2026-07-09 00:00:00+00:00, run_after=2026-07-10 00:00:00+00:00
[2026-07-09T02:51:08.667-0500] {processor.py:183} INFO - Processing /opt/airflow/dags/dag_estimar_riesgo_disrupcion.py took 0.527 seconds
[2026-07-09T02:51:39.068-0500] {processor.py:161} INFO - Started process (PID=13907) to work on /opt/airflow/dags/dag_estimar_riesgo_disrupcion.py
[2026-07-09T02:51:39.069-0500] {processor.py:830} INFO - Processing file /opt/airflow/dags/dag_estimar_riesgo_disrupcion.py for tasks to queue
[2026-07-09T02:51:39.070-0500] {logging_mixin.py:188} INFO - [2026-07-09T02:51:39.070-0500] {dagbag.py:545} INFO - Filling up the DagBag from /opt/airflow/dags/dag_estimar_riesgo_disrupcion.py
[2026-07-09T02:51:39.490-0500] {processor.py:840} INFO - DAG(s) 'aerotrack_travel_riesgo_disrupcion' retrieved from /opt/airflow/dags/dag_estimar_riesgo_disrupcion.py
[2026-07-09T02:51:39.523-0500] {logging_mixin.py:188} INFO - [2026-07-09T02:51:39.522-0500] {dag.py:3089} INFO - Sync 1 DAGs
[2026-07-09T02:51:39.541-0500] {logging_mixin.py:188} INFO - [2026-07-09T02:51:39.540-0500] {dag.py:3947} INFO - Setting next_dagrun for aerotrack_travel_riesgo_disrupcion to 2026-07-09 00:00:00+00:00, run_after=2026-07-10 00:00:00+00:00
[2026-07-09T02:51:39.556-0500] {processor.py:183} INFO - Processing /opt/airflow/dags/dag_estimar_riesgo_disrupcion.py took 0.493 seconds
[2026-07-09T02:52:09.962-0500] {processor.py:161} INFO - Started process (PID=13934) to work on /opt/airflow/dags/dag_estimar_riesgo_disrupcion.py
[2026-07-09T02:52:09.962-0500] {processor.py:830} INFO - Processing file /opt/airflow/dags/dag_estimar_riesgo_disrupcion.py for tasks to queue
[2026-07-09T02:52:09.964-0500] {logging_mixin.py:188} INFO - [2026-07-09T02:52:09.964-0500] {dagbag.py:545} INFO - Filling up the DagBag from /opt/airflow/dags/dag_estimar_riesgo_disrupcion.py
[2026-07-09T02:52:10.396-0500] {processor.py:840} INFO - DAG(s) 'aerotrack_travel_riesgo_disrupcion' retrieved from /opt/airflow/dags/dag_estimar_riesgo_disrupcion.py
[2026-07-09T02:52:10.431-0500] {logging_mixin.py:188} INFO - [2026-07-09T02:52:10.430-0500] {dag.py:3089} INFO - Sync 1 DAGs
[2026-07-09T02:52:10.451-0500] {logging_mixin.py:188} INFO - [2026-07-09T02:52:10.451-0500] {dag.py:3947} INFO - Setting next_dagrun for aerotrack_travel_riesgo_disrupcion to 2026-07-09 00:00:00+00:00, run_after=2026-07-10 00:00:00+00:00
[2026-07-09T02:52:10.467-0500] {processor.py:183} INFO - Processing /opt/airflow/dags/dag_estimar_riesgo_disrupcion.py took 0.510 seconds
[2026-07-09T02:52:40.996-0500] {processor.py:161} INFO - Started process (PID=13961) to work on /opt/airflow/dags/dag_estimar_riesgo_disrupcion.py
[2026-07-09T02:52:40.997-0500] {processor.py:830} INFO - Processing file /opt/airflow/dags/dag_estimar_riesgo_disrupcion.py for tasks to queue
[2026-07-09T02:52:40.998-0500] {logging_mixin.py:188} INFO - [2026-07-09T02:52:40.998-0500] {dagbag.py:545} INFO - Filling up the DagBag from /opt/airflow/dags/dag_estimar_riesgo_disrupcion.py
[2026-07-09T02:52:41.428-0500] {processor.py:840} INFO - DAG(s) 'aerotrack_travel_riesgo_disrupcion' retrieved from /opt/airflow/dags/dag_estimar_riesgo_disrupcion.py
[2026-07-09T02:52:41.458-0500] {logging_mixin.py:188} INFO - [2026-07-09T02:52:41.457-0500] {dag.py:3089} INFO - Sync 1 DAGs
[2026-07-09T02:52:41.477-0500] {logging_mixin.py:188} INFO - [2026-07-09T02:52:41.476-0500] {dag.py:3947} INFO - Setting next_dagrun for aerotrack_travel_riesgo_disrupcion to 2026-07-09 00:00:00+00:00, run_after=2026-07-10 00:00:00+00:00
[2026-07-09T02:52:41.492-0500] {processor.py:183} INFO - Processing /opt/airflow/dags/dag_estimar_riesgo_disrupcion.py took 0.501 seconds
[2026-07-09T02:53:11.777-0500] {processor.py:161} INFO - Started process (PID=13988) to work on /opt/airflow/dags/dag_estimar_riesgo_disrupcion.py
[2026-07-09T02:53:11.778-0500] {processor.py:830} INFO - Processing file /opt/airflow/dags/dag_estimar_riesgo_disrupcion.py for tasks to queue
[2026-07-09T02:53:11.780-0500] {logging_mixin.py:188} INFO - [2026-07-09T02:53:11.780-0500] {dagbag.py:545} INFO - Filling up the DagBag from /opt/airflow/dags/dag_estimar_riesgo_disrupcion.py
[2026-07-09T02:53:12.211-0500] {processor.py:840} INFO - DAG(s) 'aerotrack_travel_riesgo_disrupcion' retrieved from /opt/airflow/dags/dag_estimar_riesgo_disrupcion.py
[2026-07-09T02:53:12.245-0500] {logging_mixin.py:188} INFO - [2026-07-09T02:53:12.245-0500] {dag.py:3089} INFO - Sync 1 DAGs
[2026-07-09T02:53:12.263-0500] {logging_mixin.py:188} INFO - [2026-07-09T02:53:12.263-0500] {dag.py:3947} INFO - Setting next_dagrun for aerotrack_travel_riesgo_disrupcion to 2026-07-09 00:00:00+00:00, run_after=2026-07-10 00:00:00+00:00
[2026-07-09T02:53:12.281-0500] {processor.py:183} INFO - Processing /opt/airflow/dags/dag_estimar_riesgo_disrupcion.py took 0.509 seconds
[2026-07-09T02:53:42.682-0500] {processor.py:161} INFO - Started process (PID=14015) to work on /opt/airflow/dags/dag_estimar_riesgo_disrupcion.py
[2026-07-09T02:53:42.683-0500] {processor.py:830} INFO - Processing file /opt/airflow/dags/dag_estimar_riesgo_disrupcion.py for tasks to queue
[2026-07-09T02:53:42.684-0500] {logging_mixin.py:188} INFO - [2026-07-09T02:53:42.684-0500] {dagbag.py:545} INFO - Filling up the DagBag from /opt/airflow/dags/dag_estimar_riesgo_disrupcion.py
[2026-07-09T02:53:43.105-0500] {processor.py:840} INFO - DAG(s) 'aerotrack_travel_riesgo_disrupcion' retrieved from /opt/airflow/dags/dag_estimar_riesgo_disrupcion.py
[2026-07-09T02:53:43.141-0500] {logging_mixin.py:188} INFO - [2026-07-09T02:53:43.141-0500] {dag.py:3089} INFO - Sync 1 DAGs
[2026-07-09T02:53:43.160-0500] {logging_mixin.py:188} INFO - [2026-07-09T02:53:43.160-0500] {dag.py:3947} INFO - Setting next_dagrun for aerotrack_travel_riesgo_disrupcion to 2026-07-09 00:00:00+00:00, run_after=2026-07-10 00:00:00+00:00
[2026-07-09T02:53:43.174-0500] {processor.py:183} INFO - Processing /opt/airflow/dags/dag_estimar_riesgo_disrupcion.py took 0.496 seconds
[2026-07-09T02:54:13.476-0500] {processor.py:161} INFO - Started process (PID=14042) to work on /opt/airflow/dags/dag_estimar_riesgo_disrupcion.py
[2026-07-09T02:54:13.477-0500] {processor.py:830} INFO - Processing file /opt/airflow/dags/dag_estimar_riesgo_disrupcion.py for tasks to queue
[2026-07-09T02:54:13.479-0500] {logging_mixin.py:188} INFO - [2026-07-09T02:54:13.479-0500] {dagbag.py:545} INFO - Filling up the DagBag from /opt/airflow/dags/dag_estimar_riesgo_disrupcion.py
[2026-07-09T02:54:13.908-0500] {processor.py:840} INFO - DAG(s) 'aerotrack_travel_riesgo_disrupcion' retrieved from /opt/airflow/dags/dag_estimar_riesgo_disrupcion.py
[2026-07-09T02:54:13.938-0500] {logging_mixin.py:188} INFO - [2026-07-09T02:54:13.938-0500] {dag.py:3089} INFO - Sync 1 DAGs
[2026-07-09T02:54:13.957-0500] {logging_mixin.py:188} INFO - [2026-07-09T02:54:13.957-0500] {dag.py:3947} INFO - Setting next_dagrun for aerotrack_travel_riesgo_disrupcion to 2026-07-09 00:00:00+00:00, run_after=2026-07-10 00:00:00+00:00
[2026-07-09T02:54:13.977-0500] {processor.py:183} INFO - Processing /opt/airflow/dags/dag_estimar_riesgo_disrupcion.py took 0.508 seconds
[2026-07-09T02:54:44.270-0500] {processor.py:161} INFO - Started process (PID=14069) to work on /opt/airflow/dags/dag_estimar_riesgo_disrupcion.py
[2026-07-09T02:54:44.270-0500] {processor.py:830} INFO - Processing file /opt/airflow/dags/dag_estimar_riesgo_disrupcion.py for tasks to queue
[2026-07-09T02:54:44.272-0500] {logging_mixin.py:188} INFO - [2026-07-09T02:54:44.272-0500] {dagbag.py:545} INFO - Filling up the DagBag from /opt/airflow/dags/dag_estimar_riesgo_disrupcion.py
[2026-07-09T02:54:44.784-0500] {processor.py:840} INFO - DAG(s) 'aerotrack_travel_riesgo_disrupcion' retrieved from /opt/airflow/dags/dag_estimar_riesgo_disrupcion.py
[2026-07-09T02:54:44.821-0500] {logging_mixin.py:188} INFO - [2026-07-09T02:54:44.821-0500] {dag.py:3089} INFO - Sync 1 DAGs
[2026-07-09T02:54:44.842-0500] {logging_mixin.py:188} INFO - [2026-07-09T02:54:44.842-0500] {dag.py:3947} INFO - Setting next_dagrun for aerotrack_travel_riesgo_disrupcion to 2026-07-09 00:00:00+00:00, run_after=2026-07-10 00:00:00+00:00
[2026-07-09T02:54:44.883-0500] {processor.py:183} INFO - Processing /opt/airflow/dags/dag_estimar_riesgo_disrupcion.py took 0.619 seconds
[2026-07-09T02:55:15.317-0500] {processor.py:161} INFO - Started process (PID=14096) to work on /opt/airflow/dags/dag_estimar_riesgo_disrupcion.py
[2026-07-09T02:55:15.318-0500] {processor.py:830} INFO - Processing file /opt/airflow/dags/dag_estimar_riesgo_disrupcion.py for tasks to queue
[2026-07-09T02:55:15.320-0500] {logging_mixin.py:188} INFO - [2026-07-09T02:55:15.320-0500] {dagbag.py:545} INFO - Filling up the DagBag from /opt/airflow/dags/dag_estimar_riesgo_disrupcion.py
[2026-07-09T02:55:15.764-0500] {processor.py:840} INFO - DAG(s) 'aerotrack_travel_riesgo_disrupcion' retrieved from /opt/airflow/dags/dag_estimar_riesgo_disrupcion.py
[2026-07-09T02:55:15.794-0500] {logging_mixin.py:188} INFO - [2026-07-09T02:55:15.794-0500] {dag.py:3089} INFO - Sync 1 DAGs
[2026-07-09T02:55:15.811-0500] {logging_mixin.py:188} INFO - [2026-07-09T02:55:15.811-0500] {dag.py:3947} INFO - Setting next_dagrun for aerotrack_travel_riesgo_disrupcion to 2026-07-09 00:00:00+00:00, run_after=2026-07-10 00:00:00+00:00
[2026-07-09T02:55:15.828-0500] {processor.py:183} INFO - Processing /opt/airflow/dags/dag_estimar_riesgo_disrupcion.py took 0.516 seconds
[2026-07-09T02:55:46.141-0500] {processor.py:161} INFO - Started process (PID=14123) to work on /opt/airflow/dags/dag_estimar_riesgo_disrupcion.py
[2026-07-09T02:55:46.142-0500] {processor.py:830} INFO - Processing file /opt/airflow/dags/dag_estimar_riesgo_disrupcion.py for tasks to queue
[2026-07-09T02:55:46.144-0500] {logging_mixin.py:188} INFO - [2026-07-09T02:55:46.144-0500] {dagbag.py:545} INFO - Filling up the DagBag from /opt/airflow/dags/dag_estimar_riesgo_disrupcion.py
[2026-07-09T02:55:46.567-0500] {processor.py:840} INFO - DAG(s) 'aerotrack_travel_riesgo_disrupcion' retrieved from /opt/airflow/dags/dag_estimar_riesgo_disrupcion.py
[2026-07-09T02:55:46.602-0500] {logging_mixin.py:188} INFO - [2026-07-09T02:55:46.602-0500] {dag.py:3089} INFO - Sync 1 DAGs
[2026-07-09T02:55:46.628-0500] {logging_mixin.py:188} INFO - [2026-07-09T02:55:46.627-0500] {dag.py:3947} INFO - Setting next_dagrun for aerotrack_travel_riesgo_disrupcion to 2026-07-09 00:00:00+00:00, run_after=2026-07-10 00:00:00+00:00
[2026-07-09T02:55:46.647-0500] {processor.py:183} INFO - Processing /opt/airflow/dags/dag_estimar_riesgo_disrupcion.py took 0.510 seconds
[2026-07-09T02:56:16.997-0500] {processor.py:161} INFO - Started process (PID=14150) to work on /opt/airflow/dags/dag_estimar_riesgo_disrupcion.py
[2026-07-09T02:56:16.998-0500] {processor.py:830} INFO - Processing file /opt/airflow/dags/dag_estimar_riesgo_disrupcion.py for tasks to queue
[2026-07-09T02:56:17.001-0500] {logging_mixin.py:188} INFO - [2026-07-09T02:56:17.001-0500] {dagbag.py:545} INFO - Filling up the DagBag from /opt/airflow/dags/dag_estimar_riesgo_disrupcion.py
[2026-07-09T02:56:17.444-0500] {processor.py:840} INFO - DAG(s) 'aerotrack_travel_riesgo_disrupcion' retrieved from /opt/airflow/dags/dag_estimar_riesgo_disrupcion.py
[2026-07-09T02:56:17.477-0500] {logging_mixin.py:188} INFO - [2026-07-09T02:56:17.476-0500] {dag.py:3089} INFO - Sync 1 DAGs
[2026-07-09T02:56:17.494-0500] {logging_mixin.py:188} INFO - [2026-07-09T02:56:17.494-0500] {dag.py:3947} INFO - Setting next_dagrun for aerotrack_travel_riesgo_disrupcion to 2026-07-09 00:00:00+00:00, run_after=2026-07-10 00:00:00+00:00
[2026-07-09T02:56:17.512-0500] {processor.py:183} INFO - Processing /opt/airflow/dags/dag_estimar_riesgo_disrupcion.py took 0.522 seconds
[2026-07-09T02:56:48.030-0500] {processor.py:161} INFO - Started process (PID=14177) to work on /opt/airflow/dags/dag_estimar_riesgo_disrupcion.py
[2026-07-09T02:56:48.031-0500] {processor.py:830} INFO - Processing file /opt/airflow/dags/dag_estimar_riesgo_disrupcion.py for tasks to queue
[2026-07-09T02:56:48.033-0500] {logging_mixin.py:188} INFO - [2026-07-09T02:56:48.033-0500] {dagbag.py:545} INFO - Filling up the DagBag from /opt/airflow/dags/dag_estimar_riesgo_disrupcion.py
[2026-07-09T02:56:48.439-0500] {processor.py:840} INFO - DAG(s) 'aerotrack_travel_riesgo_disrupcion' retrieved from /opt/airflow/dags/dag_estimar_riesgo_disrupcion.py
[2026-07-09T02:56:48.469-0500] {logging_mixin.py:188} INFO - [2026-07-09T02:56:48.468-0500] {dag.py:3089} INFO - Sync 1 DAGs
[2026-07-09T02:56:48.485-0500] {logging_mixin.py:188} INFO - [2026-07-09T02:56:48.485-0500] {dag.py:3947} INFO - Setting next_dagrun for aerotrack_travel_riesgo_disrupcion to 2026-07-09 00:00:00+00:00, run_after=2026-07-10 00:00:00+00:00
[2026-07-09T02:56:48.500-0500] {processor.py:183} INFO - Processing /opt/airflow/dags/dag_estimar_riesgo_disrupcion.py took 0.475 seconds
[2026-07-09T02:57:18.802-0500] {processor.py:161} INFO - Started process (PID=14204) to work on /opt/airflow/dags/dag_estimar_riesgo_disrupcion.py
[2026-07-09T02:57:18.803-0500] {processor.py:830} INFO - Processing file /opt/airflow/dags/dag_estimar_riesgo_disrupcion.py for tasks to queue
[2026-07-09T02:57:18.804-0500] {logging_mixin.py:188} INFO - [2026-07-09T02:57:18.804-0500] {dagbag.py:545} INFO - Filling up the DagBag from /opt/airflow/dags/dag_estimar_riesgo_disrupcion.py
[2026-07-09T02:57:19.211-0500] {processor.py:840} INFO - DAG(s) 'aerotrack_travel_riesgo_disrupcion' retrieved from /opt/airflow/dags/dag_estimar_riesgo_disrupcion.py
[2026-07-09T02:57:19.242-0500] {logging_mixin.py:188} INFO - [2026-07-09T02:57:19.241-0500] {dag.py:3089} INFO - Sync 1 DAGs
[2026-07-09T02:57:19.260-0500] {logging_mixin.py:188} INFO - [2026-07-09T02:57:19.260-0500] {dag.py:3947} INFO - Setting next_dagrun for aerotrack_travel_riesgo_disrupcion to 2026-07-09 00:00:00+00:00, run_after=2026-07-10 00:00:00+00:00
[2026-07-09T02:57:19.277-0500] {processor.py:183} INFO - Processing /opt/airflow/dags/dag_estimar_riesgo_disrupcion.py took 0.480 seconds
[2026-07-09T02:57:49.694-0500] {processor.py:161} INFO - Started process (PID=14231) to work on /opt/airflow/dags/dag_estimar_riesgo_disrupcion.py
[2026-07-09T02:57:49.695-0500] {processor.py:830} INFO - Processing file /opt/airflow/dags/dag_estimar_riesgo_disrupcion.py for tasks to queue
[2026-07-09T02:57:49.696-0500] {logging_mixin.py:188} INFO - [2026-07-09T02:57:49.696-0500] {dagbag.py:545} INFO - Filling up the DagBag from /opt/airflow/dags/dag_estimar_riesgo_disrupcion.py
[2026-07-09T02:57:50.137-0500] {processor.py:840} INFO - DAG(s) 'aerotrack_travel_riesgo_disrupcion' retrieved from /opt/airflow/dags/dag_estimar_riesgo_disrupcion.py
[2026-07-09T02:57:50.170-0500] {logging_mixin.py:188} INFO - [2026-07-09T02:57:50.169-0500] {dag.py:3089} INFO - Sync 1 DAGs
[2026-07-09T02:57:50.188-0500] {logging_mixin.py:188} INFO - [2026-07-09T02:57:50.188-0500] {dag.py:3947} INFO - Setting next_dagrun for aerotrack_travel_riesgo_disrupcion to 2026-07-09 00:00:00+00:00, run_after=2026-07-10 00:00:00+00:00
[2026-07-09T02:57:50.202-0500] {processor.py:183} INFO - Processing /opt/airflow/dags/dag_estimar_riesgo_disrupcion.py took 0.513 seconds
[2026-07-09T02:58:20.610-0500] {processor.py:161} INFO - Started process (PID=14258) to work on /opt/airflow/dags/dag_estimar_riesgo_disrupcion.py
[2026-07-09T02:58:20.611-0500] {processor.py:830} INFO - Processing file /opt/airflow/dags/dag_estimar_riesgo_disrupcion.py for tasks to queue
[2026-07-09T02:58:20.612-0500] {logging_mixin.py:188} INFO - [2026-07-09T02:58:20.612-0500] {dagbag.py:545} INFO - Filling up the DagBag from /opt/airflow/dags/dag_estimar_riesgo_disrupcion.py
[2026-07-09T02:58:21.009-0500] {processor.py:840} INFO - DAG(s) 'aerotrack_travel_riesgo_disrupcion' retrieved from /opt/airflow/dags/dag_estimar_riesgo_disrupcion.py
[2026-07-09T02:58:21.040-0500] {logging_mixin.py:188} INFO - [2026-07-09T02:58:21.040-0500] {dag.py:3089} INFO - Sync 1 DAGs
[2026-07-09T02:58:21.058-0500] {logging_mixin.py:188} INFO - [2026-07-09T02:58:21.058-0500] {dag.py:3947} INFO - Setting next_dagrun for aerotrack_travel_riesgo_disrupcion to 2026-07-09 00:00:00+00:00, run_after=2026-07-10 00:00:00+00:00
[2026-07-09T02:58:21.075-0500] {processor.py:183} INFO - Processing /opt/airflow/dags/dag_estimar_riesgo_disrupcion.py took 0.470 seconds
[2026-07-09T02:58:51.483-0500] {processor.py:161} INFO - Started process (PID=14285) to work on /opt/airflow/dags/dag_estimar_riesgo_disrupcion.py
[2026-07-09T02:58:51.484-0500] {processor.py:830} INFO - Processing file /opt/airflow/dags/dag_estimar_riesgo_disrupcion.py for tasks to queue
[2026-07-09T02:58:51.485-0500] {logging_mixin.py:188} INFO - [2026-07-09T02:58:51.485-0500] {dagbag.py:545} INFO - Filling up the DagBag from /opt/airflow/dags/dag_estimar_riesgo_disrupcion.py
[2026-07-09T02:58:51.887-0500] {processor.py:840} INFO - DAG(s) 'aerotrack_travel_riesgo_disrupcion' retrieved from /opt/airflow/dags/dag_estimar_riesgo_disrupcion.py
[2026-07-09T02:58:51.924-0500] {logging_mixin.py:188} INFO - [2026-07-09T02:58:51.923-0500] {dag.py:3089} INFO - Sync 1 DAGs
[2026-07-09T02:58:51.948-0500] {logging_mixin.py:188} INFO - [2026-07-09T02:58:51.948-0500] {dag.py:3947} INFO - Setting next_dagrun for aerotrack_travel_riesgo_disrupcion to 2026-07-09 00:00:00+00:00, run_after=2026-07-10 00:00:00+00:00
[2026-07-09T02:58:51.968-0500] {processor.py:183} INFO - Processing /opt/airflow/dags/dag_estimar_riesgo_disrupcion.py took 0.490 seconds
[2026-07-09T02:59:22.287-0500] {processor.py:161} INFO - Started process (PID=14312) to work on /opt/airflow/dags/dag_estimar_riesgo_disrupcion.py
[2026-07-09T02:59:22.288-0500] {processor.py:830} INFO - Processing file /opt/airflow/dags/dag_estimar_riesgo_disrupcion.py for tasks to queue
[2026-07-09T02:59:22.290-0500] {logging_mixin.py:188} INFO - [2026-07-09T02:59:22.290-0500] {dagbag.py:545} INFO - Filling up the DagBag from /opt/airflow/dags/dag_estimar_riesgo_disrupcion.py
[2026-07-09T02:59:22.764-0500] {processor.py:840} INFO - DAG(s) 'aerotrack_travel_riesgo_disrupcion' retrieved from /opt/airflow/dags/dag_estimar_riesgo_disrupcion.py
[2026-07-09T02:59:22.801-0500] {logging_mixin.py:188} INFO - [2026-07-09T02:59:22.800-0500] {dag.py:3089} INFO - Sync 1 DAGs
[2026-07-09T02:59:22.819-0500] {logging_mixin.py:188} INFO - [2026-07-09T02:59:22.819-0500] {dag.py:3947} INFO - Setting next_dagrun for aerotrack_travel_riesgo_disrupcion to 2026-07-09 00:00:00+00:00, run_after=2026-07-10 00:00:00+00:00
[2026-07-09T02:59:22.835-0500] {processor.py:183} INFO - Processing /opt/airflow/dags/dag_estimar_riesgo_disrupcion.py took 0.553 seconds
[2026-07-09T02:59:53.183-0500] {processor.py:161} INFO - Started process (PID=14339) to work on /opt/airflow/dags/dag_estimar_riesgo_disrupcion.py
[2026-07-09T02:59:53.184-0500] {processor.py:830} INFO - Processing file /opt/airflow/dags/dag_estimar_riesgo_disrupcion.py for tasks to queue
[2026-07-09T02:59:53.186-0500] {logging_mixin.py:188} INFO - [2026-07-09T02:59:53.185-0500] {dagbag.py:545} INFO - Filling up the DagBag from /opt/airflow/dags/dag_estimar_riesgo_disrupcion.py
[2026-07-09T02:59:53.613-0500] {processor.py:840} INFO - DAG(s) 'aerotrack_travel_riesgo_disrupcion' retrieved from /opt/airflow/dags/dag_estimar_riesgo_disrupcion.py
[2026-07-09T02:59:53.644-0500] {logging_mixin.py:188} INFO - [2026-07-09T02:59:53.643-0500] {dag.py:3089} INFO - Sync 1 DAGs
[2026-07-09T02:59:53.671-0500] {logging_mixin.py:188} INFO - [2026-07-09T02:59:53.671-0500] {dag.py:3947} INFO - Setting next_dagrun for aerotrack_travel_riesgo_disrupcion to 2026-07-09 00:00:00+00:00, run_after=2026-07-10 00:00:00+00:00
[2026-07-09T02:59:53.697-0500] {processor.py:183} INFO - Processing /opt/airflow/dags/dag_estimar_riesgo_disrupcion.py took 0.518 seconds
[2026-07-09T03:00:24.111-0500] {processor.py:161} INFO - Started process (PID=14366) to work on /opt/airflow/dags/dag_estimar_riesgo_disrupcion.py
[2026-07-09T03:00:24.112-0500] {processor.py:830} INFO - Processing file /opt/airflow/dags/dag_estimar_riesgo_disrupcion.py for tasks to queue
[2026-07-09T03:00:24.114-0500] {logging_mixin.py:188} INFO - [2026-07-09T03:00:24.113-0500] {dagbag.py:545} INFO - Filling up the DagBag from /opt/airflow/dags/dag_estimar_riesgo_disrupcion.py
[2026-07-09T03:00:24.520-0500] {processor.py:840} INFO - DAG(s) 'aerotrack_travel_riesgo_disrupcion' retrieved from /opt/airflow/dags/dag_estimar_riesgo_disrupcion.py
[2026-07-09T03:00:24.553-0500] {logging_mixin.py:188} INFO - [2026-07-09T03:00:24.553-0500] {dag.py:3089} INFO - Sync 1 DAGs
[2026-07-09T03:00:24.572-0500] {logging_mixin.py:188} INFO - [2026-07-09T03:00:24.572-0500] {dag.py:3947} INFO - Setting next_dagrun for aerotrack_travel_riesgo_disrupcion to 2026-07-09 00:00:00+00:00, run_after=2026-07-10 00:00:00+00:00
[2026-07-09T03:00:24.589-0500] {processor.py:183} INFO - Processing /opt/airflow/dags/dag_estimar_riesgo_disrupcion.py took 0.483 seconds
[2026-07-09T03:00:54.926-0500] {processor.py:161} INFO - Started process (PID=14393) to work on /opt/airflow/dags/dag_estimar_riesgo_disrupcion.py
[2026-07-09T03:00:54.927-0500] {processor.py:830} INFO - Processing file /opt/airflow/dags/dag_estimar_riesgo_disrupcion.py for tasks to queue
[2026-07-09T03:00:54.929-0500] {logging_mixin.py:188} INFO - [2026-07-09T03:00:54.929-0500] {dagbag.py:545} INFO - Filling up the DagBag from /opt/airflow/dags/dag_estimar_riesgo_disrupcion.py
[2026-07-09T03:00:55.392-0500] {processor.py:840} INFO - DAG(s) 'aerotrack_travel_riesgo_disrupcion' retrieved from /opt/airflow/dags/dag_estimar_riesgo_disrupcion.py
[2026-07-09T03:00:55.424-0500] {logging_mixin.py:188} INFO - [2026-07-09T03:00:55.424-0500] {dag.py:3089} INFO - Sync 1 DAGs
[2026-07-09T03:00:55.442-0500] {logging_mixin.py:188} INFO - [2026-07-09T03:00:55.442-0500] {dag.py:3947} INFO - Setting next_dagrun for aerotrack_travel_riesgo_disrupcion to 2026-07-09 00:00:00+00:00, run_after=2026-07-10 00:00:00+00:00
[2026-07-09T03:00:55.460-0500] {processor.py:183} INFO - Processing /opt/airflow/dags/dag_estimar_riesgo_disrupcion.py took 0.539 seconds
[2026-07-09T03:01:25.868-0500] {processor.py:161} INFO - Started process (PID=14420) to work on /opt/airflow/dags/dag_estimar_riesgo_disrupcion.py
[2026-07-09T03:01:25.869-0500] {processor.py:830} INFO - Processing file /opt/airflow/dags/dag_estimar_riesgo_disrupcion.py for tasks to queue
[2026-07-09T03:01:25.870-0500] {logging_mixin.py:188} INFO - [2026-07-09T03:01:25.870-0500] {dagbag.py:545} INFO - Filling up the DagBag from /opt/airflow/dags/dag_estimar_riesgo_disrupcion.py
[2026-07-09T03:01:26.302-0500] {processor.py:840} INFO - DAG(s) 'aerotrack_travel_riesgo_disrupcion' retrieved from /opt/airflow/dags/dag_estimar_riesgo_disrupcion.py
[2026-07-09T03:01:26.334-0500] {logging_mixin.py:188} INFO - [2026-07-09T03:01:26.334-0500] {dag.py:3089} INFO - Sync 1 DAGs
[2026-07-09T03:01:26.353-0500] {logging_mixin.py:188} INFO - [2026-07-09T03:01:26.352-0500] {dag.py:3947} INFO - Setting next_dagrun for aerotrack_travel_riesgo_disrupcion to 2026-07-09 00:00:00+00:00, run_after=2026-07-10 00:00:00+00:00
[2026-07-09T03:01:26.370-0500] {processor.py:183} INFO - Processing /opt/airflow/dags/dag_estimar_riesgo_disrupcion.py took 0.507 seconds
[2026-07-09T03:01:56.768-0500] {processor.py:161} INFO - Started process (PID=14447) to work on /opt/airflow/dags/dag_estimar_riesgo_disrupcion.py
[2026-07-09T03:01:56.770-0500] {processor.py:830} INFO - Processing file /opt/airflow/dags/dag_estimar_riesgo_disrupcion.py for tasks to queue
[2026-07-09T03:01:56.772-0500] {logging_mixin.py:188} INFO - [2026-07-09T03:01:56.772-0500] {dagbag.py:545} INFO - Filling up the DagBag from /opt/airflow/dags/dag_estimar_riesgo_disrupcion.py
[2026-07-09T03:01:57.240-0500] {processor.py:840} INFO - DAG(s) 'aerotrack_travel_riesgo_disrupcion' retrieved from /opt/airflow/dags/dag_estimar_riesgo_disrupcion.py
[2026-07-09T03:01:57.275-0500] {logging_mixin.py:188} INFO - [2026-07-09T03:01:57.274-0500] {dag.py:3089} INFO - Sync 1 DAGs
[2026-07-09T03:01:57.297-0500] {logging_mixin.py:188} INFO - [2026-07-09T03:01:57.296-0500] {dag.py:3947} INFO - Setting next_dagrun for aerotrack_travel_riesgo_disrupcion to 2026-07-09 00:00:00+00:00, run_after=2026-07-10 00:00:00+00:00
[2026-07-09T03:01:57.323-0500] {processor.py:183} INFO - Processing /opt/airflow/dags/dag_estimar_riesgo_disrupcion.py took 0.561 seconds
[2026-07-09T03:02:27.690-0500] {processor.py:161} INFO - Started process (PID=14474) to work on /opt/airflow/dags/dag_estimar_riesgo_disrupcion.py
[2026-07-09T03:02:27.691-0500] {processor.py:830} INFO - Processing file /opt/airflow/dags/dag_estimar_riesgo_disrupcion.py for tasks to queue
[2026-07-09T03:02:27.693-0500] {logging_mixin.py:188} INFO - [2026-07-09T03:02:27.693-0500] {dagbag.py:545} INFO - Filling up the DagBag from /opt/airflow/dags/dag_estimar_riesgo_disrupcion.py
[2026-07-09T03:02:28.106-0500] {processor.py:840} INFO - DAG(s) 'aerotrack_travel_riesgo_disrupcion' retrieved from /opt/airflow/dags/dag_estimar_riesgo_disrupcion.py
[2026-07-09T03:02:28.136-0500] {logging_mixin.py:188} INFO - [2026-07-09T03:02:28.135-0500] {dag.py:3089} INFO - Sync 1 DAGs
[2026-07-09T03:02:28.153-0500] {logging_mixin.py:188} INFO - [2026-07-09T03:02:28.153-0500] {dag.py:3947} INFO - Setting next_dagrun for aerotrack_travel_riesgo_disrupcion to 2026-07-09 00:00:00+00:00, run_after=2026-07-10 00:00:00+00:00
[2026-07-09T03:02:28.795-0500] {processor.py:183} INFO - Processing /opt/airflow/dags/dag_estimar_riesgo_disrupcion.py took 1.110 seconds
[2026-07-09T03:02:59.732-0500] {processor.py:161} INFO - Started process (PID=14512) to work on /opt/airflow/dags/dag_estimar_riesgo_disrupcion.py
[2026-07-09T03:02:59.734-0500] {processor.py:830} INFO - Processing file /opt/airflow/dags/dag_estimar_riesgo_disrupcion.py for tasks to queue
[2026-07-09T03:02:59.736-0500] {logging_mixin.py:188} INFO - [2026-07-09T03:02:59.736-0500] {dagbag.py:545} INFO - Filling up the DagBag from /opt/airflow/dags/dag_estimar_riesgo_disrupcion.py
[2026-07-09T03:03:00.148-0500] {processor.py:840} INFO - DAG(s) 'aerotrack_travel_riesgo_disrupcion' retrieved from /opt/airflow/dags/dag_estimar_riesgo_disrupcion.py
[2026-07-09T03:03:00.176-0500] {logging_mixin.py:188} INFO - [2026-07-09T03:03:00.176-0500] {dag.py:3089} INFO - Sync 1 DAGs
[2026-07-09T03:03:00.194-0500] {logging_mixin.py:188} INFO - [2026-07-09T03:03:00.194-0500] {dag.py:3947} INFO - Setting next_dagrun for aerotrack_travel_riesgo_disrupcion to 2026-07-09 00:00:00+00:00, run_after=2026-07-10 00:00:00+00:00
[2026-07-09T03:03:00.210-0500] {processor.py:183} INFO - Processing /opt/airflow/dags/dag_estimar_riesgo_disrupcion.py took 0.484 seconds
[2026-07-09T03:03:30.571-0500] {processor.py:161} INFO - Started process (PID=14539) to work on /opt/airflow/dags/dag_estimar_riesgo_disrupcion.py
[2026-07-09T03:03:30.572-0500] {processor.py:830} INFO - Processing file /opt/airflow/dags/dag_estimar_riesgo_disrupcion.py for tasks to queue
[2026-07-09T03:03:30.574-0500] {logging_mixin.py:188} INFO - [2026-07-09T03:03:30.573-0500] {dagbag.py:545} INFO - Filling up the DagBag from /opt/airflow/dags/dag_estimar_riesgo_disrupcion.py
[2026-07-09T03:03:30.971-0500] {processor.py:840} INFO - DAG(s) 'aerotrack_travel_riesgo_disrupcion' retrieved from /opt/airflow/dags/dag_estimar_riesgo_disrupcion.py
[2026-07-09T03:03:30.998-0500] {logging_mixin.py:188} INFO - [2026-07-09T03:03:30.997-0500] {dag.py:3089} INFO - Sync 1 DAGs
[2026-07-09T03:03:31.014-0500] {logging_mixin.py:188} INFO - [2026-07-09T03:03:31.014-0500] {dag.py:3947} INFO - Setting next_dagrun for aerotrack_travel_riesgo_disrupcion to 2026-07-09 00:00:00+00:00, run_after=2026-07-10 00:00:00+00:00
[2026-07-09T03:03:31.029-0500] {processor.py:183} INFO - Processing /opt/airflow/dags/dag_estimar_riesgo_disrupcion.py took 0.464 seconds
[2026-07-09T03:04:01.345-0500] {processor.py:161} INFO - Started process (PID=14566) to work on /opt/airflow/dags/dag_estimar_riesgo_disrupcion.py
[2026-07-09T03:04:01.346-0500] {processor.py:830} INFO - Processing file /opt/airflow/dags/dag_estimar_riesgo_disrupcion.py for tasks to queue
[2026-07-09T03:04:01.348-0500] {logging_mixin.py:188} INFO - [2026-07-09T03:04:01.348-0500] {dagbag.py:545} INFO - Filling up the DagBag from /opt/airflow/dags/dag_estimar_riesgo_disrupcion.py
[2026-07-09T03:04:01.749-0500] {processor.py:840} INFO - DAG(s) 'aerotrack_travel_riesgo_disrupcion' retrieved from /opt/airflow/dags/dag_estimar_riesgo_disrupcion.py
[2026-07-09T03:04:01.774-0500] {logging_mixin.py:188} INFO - [2026-07-09T03:04:01.774-0500] {dag.py:3089} INFO - Sync 1 DAGs
[2026-07-09T03:04:01.791-0500] {logging_mixin.py:188} INFO - [2026-07-09T03:04:01.790-0500] {dag.py:3947} INFO - Setting next_dagrun for aerotrack_travel_riesgo_disrupcion to 2026-07-09 00:00:00+00:00, run_after=2026-07-10 00:00:00+00:00
[2026-07-09T03:04:01.807-0500] {processor.py:183} INFO - Processing /opt/airflow/dags/dag_estimar_riesgo_disrupcion.py took 0.466 seconds
[2026-07-09T03:04:32.151-0500] {processor.py:161} INFO - Started process (PID=14593) to work on /opt/airflow/dags/dag_estimar_riesgo_disrupcion.py
[2026-07-09T03:04:32.152-0500] {processor.py:830} INFO - Processing file /opt/airflow/dags/dag_estimar_riesgo_disrupcion.py for tasks to queue
[2026-07-09T03:04:32.153-0500] {logging_mixin.py:188} INFO - [2026-07-09T03:04:32.153-0500] {dagbag.py:545} INFO - Filling up the DagBag from /opt/airflow/dags/dag_estimar_riesgo_disrupcion.py
[2026-07-09T03:04:32.518-0500] {processor.py:840} INFO - DAG(s) 'aerotrack_travel_riesgo_disrupcion' retrieved from /opt/airflow/dags/dag_estimar_riesgo_disrupcion.py
[2026-07-09T03:04:32.546-0500] {logging_mixin.py:188} INFO - [2026-07-09T03:04:32.545-0500] {dag.py:3089} INFO - Sync 1 DAGs
[2026-07-09T03:04:32.564-0500] {logging_mixin.py:188} INFO - [2026-07-09T03:04:32.563-0500] {dag.py:3947} INFO - Setting next_dagrun for aerotrack_travel_riesgo_disrupcion to 2026-07-09 00:00:00+00:00, run_after=2026-07-10 00:00:00+00:00
[2026-07-09T03:04:32.578-0500] {processor.py:183} INFO - Processing /opt/airflow/dags/dag_estimar_riesgo_disrupcion.py took 0.432 seconds
[2026-07-09T03:05:02.669-0500] {processor.py:161} INFO - Started process (PID=14620) to work on /opt/airflow/dags/dag_estimar_riesgo_disrupcion.py
[2026-07-09T03:05:02.670-0500] {processor.py:830} INFO - Processing file /opt/airflow/dags/dag_estimar_riesgo_disrupcion.py for tasks to queue
[2026-07-09T03:05:02.671-0500] {logging_mixin.py:188} INFO - [2026-07-09T03:05:02.671-0500] {dagbag.py:545} INFO - Filling up the DagBag from /opt/airflow/dags/dag_estimar_riesgo_disrupcion.py
[2026-07-09T03:05:03.067-0500] {processor.py:840} INFO - DAG(s) 'aerotrack_travel_riesgo_disrupcion' retrieved from /opt/airflow/dags/dag_estimar_riesgo_disrupcion.py
[2026-07-09T03:05:03.093-0500] {logging_mixin.py:188} INFO - [2026-07-09T03:05:03.093-0500] {dag.py:3089} INFO - Sync 1 DAGs
[2026-07-09T03:05:03.109-0500] {logging_mixin.py:188} INFO - [2026-07-09T03:05:03.109-0500] {dag.py:3947} INFO - Setting next_dagrun for aerotrack_travel_riesgo_disrupcion to 2026-07-09 00:00:00+00:00, run_after=2026-07-10 00:00:00+00:00
[2026-07-09T03:05:03.159-0500] {processor.py:183} INFO - Processing /opt/airflow/dags/dag_estimar_riesgo_disrupcion.py took 0.495 seconds
[2026-07-09T03:05:33.561-0500] {processor.py:161} INFO - Started process (PID=14641) to work on /opt/airflow/dags/dag_estimar_riesgo_disrupcion.py
[2026-07-09T03:05:33.562-0500] {processor.py:830} INFO - Processing file /opt/airflow/dags/dag_estimar_riesgo_disrupcion.py for tasks to queue
[2026-07-09T03:05:33.564-0500] {logging_mixin.py:188} INFO - [2026-07-09T03:05:33.563-0500] {dagbag.py:545} INFO - Filling up the DagBag from /opt/airflow/dags/dag_estimar_riesgo_disrupcion.py
[2026-07-09T03:05:33.989-0500] {processor.py:840} INFO - DAG(s) 'aerotrack_travel_riesgo_disrupcion' retrieved from /opt/airflow/dags/dag_estimar_riesgo_disrupcion.py
[2026-07-09T03:05:34.031-0500] {logging_mixin.py:188} INFO - [2026-07-09T03:05:34.031-0500] {dag.py:3089} INFO - Sync 1 DAGs
[2026-07-09T03:05:34.053-0500] {logging_mixin.py:188} INFO - [2026-07-09T03:05:34.053-0500] {dag.py:3947} INFO - Setting next_dagrun for aerotrack_travel_riesgo_disrupcion to 2026-07-09 00:00:00+00:00, run_after=2026-07-10 00:00:00+00:00
[2026-07-09T03:05:34.072-0500] {processor.py:183} INFO - Processing /opt/airflow/dags/dag_estimar_riesgo_disrupcion.py took 0.516 seconds
[2026-07-09T03:06:04.500-0500] {processor.py:161} INFO - Started process (PID=14668) to work on /opt/airflow/dags/dag_estimar_riesgo_disrupcion.py
[2026-07-09T03:06:04.501-0500] {processor.py:830} INFO - Processing file /opt/airflow/dags/dag_estimar_riesgo_disrupcion.py for tasks to queue
[2026-07-09T03:06:04.502-0500] {logging_mixin.py:188} INFO - [2026-07-09T03:06:04.502-0500] {dagbag.py:545} INFO - Filling up the DagBag from /opt/airflow/dags/dag_estimar_riesgo_disrupcion.py
[2026-07-09T03:06:04.946-0500] {processor.py:840} INFO - DAG(s) 'aerotrack_travel_riesgo_disrupcion' retrieved from /opt/airflow/dags/dag_estimar_riesgo_disrupcion.py
[2026-07-09T03:06:04.982-0500] {logging_mixin.py:188} INFO - [2026-07-09T03:06:04.981-0500] {dag.py:3089} INFO - Sync 1 DAGs
[2026-07-09T03:06:05.001-0500] {logging_mixin.py:188} INFO - [2026-07-09T03:06:05.001-0500] {dag.py:3947} INFO - Setting next_dagrun for aerotrack_travel_riesgo_disrupcion to 2026-07-09 00:00:00+00:00, run_after=2026-07-10 00:00:00+00:00
[2026-07-09T03:06:05.019-0500] {processor.py:183} INFO - Processing /opt/airflow/dags/dag_estimar_riesgo_disrupcion.py took 0.525 seconds
[2026-07-09T03:06:35.316-0500] {processor.py:161} INFO - Started process (PID=14695) to work on /opt/airflow/dags/dag_estimar_riesgo_disrupcion.py
[2026-07-09T03:06:35.317-0500] {processor.py:830} INFO - Processing file /opt/airflow/dags/dag_estimar_riesgo_disrupcion.py for tasks to queue
[2026-07-09T03:06:35.319-0500] {logging_mixin.py:188} INFO - [2026-07-09T03:06:35.318-0500] {dagbag.py:545} INFO - Filling up the DagBag from /opt/airflow/dags/dag_estimar_riesgo_disrupcion.py
[2026-07-09T03:06:35.725-0500] {processor.py:840} INFO - DAG(s) 'aerotrack_travel_riesgo_disrupcion' retrieved from /opt/airflow/dags/dag_estimar_riesgo_disrupcion.py
[2026-07-09T03:06:35.758-0500] {logging_mixin.py:188} INFO - [2026-07-09T03:06:35.757-0500] {dag.py:3089} INFO - Sync 1 DAGs
[2026-07-09T03:06:35.777-0500] {logging_mixin.py:188} INFO - [2026-07-09T03:06:35.777-0500] {dag.py:3947} INFO - Setting next_dagrun for aerotrack_travel_riesgo_disrupcion to 2026-07-09 00:00:00+00:00, run_after=2026-07-10 00:00:00+00:00
[2026-07-09T03:06:35.793-0500] {processor.py:183} INFO - Processing /opt/airflow/dags/dag_estimar_riesgo_disrupcion.py took 0.481 seconds
[2026-07-09T03:07:06.315-0500] {processor.py:161} INFO - Started process (PID=14722) to work on /opt/airflow/dags/dag_estimar_riesgo_disrupcion.py
[2026-07-09T03:07:06.316-0500] {processor.py:830} INFO - Processing file /opt/airflow/dags/dag_estimar_riesgo_disrupcion.py for tasks to queue
[2026-07-09T03:07:06.318-0500] {logging_mixin.py:188} INFO - [2026-07-09T03:07:06.318-0500] {dagbag.py:545} INFO - Filling up the DagBag from /opt/airflow/dags/dag_estimar_riesgo_disrupcion.py
[2026-07-09T03:07:06.808-0500] {processor.py:840} INFO - DAG(s) 'aerotrack_travel_riesgo_disrupcion' retrieved from /opt/airflow/dags/dag_estimar_riesgo_disrupcion.py
[2026-07-09T03:07:06.845-0500] {logging_mixin.py:188} INFO - [2026-07-09T03:07:06.843-0500] {dag.py:3089} INFO - Sync 1 DAGs
[2026-07-09T03:07:06.865-0500] {logging_mixin.py:188} INFO - [2026-07-09T03:07:06.865-0500] {dag.py:3947} INFO - Setting next_dagrun for aerotrack_travel_riesgo_disrupcion to 2026-07-09 00:00:00+00:00, run_after=2026-07-10 00:00:00+00:00
[2026-07-09T03:07:06.881-0500] {processor.py:183} INFO - Processing /opt/airflow/dags/dag_estimar_riesgo_disrupcion.py took 0.572 seconds
[2026-07-09T03:07:37.642-0500] {processor.py:161} INFO - Started process (PID=14749) to work on /opt/airflow/dags/dag_estimar_riesgo_disrupcion.py
[2026-07-09T03:07:37.643-0500] {processor.py:830} INFO - Processing file /opt/airflow/dags/dag_estimar_riesgo_disrupcion.py for tasks to queue
[2026-07-09T03:07:37.644-0500] {logging_mixin.py:188} INFO - [2026-07-09T03:07:37.644-0500] {dagbag.py:545} INFO - Filling up the DagBag from /opt/airflow/dags/dag_estimar_riesgo_disrupcion.py
[2026-07-09T03:07:38.068-0500] {processor.py:840} INFO - DAG(s) 'aerotrack_travel_riesgo_disrupcion' retrieved from /opt/airflow/dags/dag_estimar_riesgo_disrupcion.py
[2026-07-09T03:07:38.096-0500] {logging_mixin.py:188} INFO - [2026-07-09T03:07:38.096-0500] {dag.py:3089} INFO - Sync 1 DAGs
[2026-07-09T03:07:38.113-0500] {logging_mixin.py:188} INFO - [2026-07-09T03:07:38.113-0500] {dag.py:3947} INFO - Setting next_dagrun for aerotrack_travel_riesgo_disrupcion to 2026-07-09 00:00:00+00:00, run_after=2026-07-10 00:00:00+00:00
[2026-07-09T03:07:38.129-0500] {processor.py:183} INFO - Processing /opt/airflow/dags/dag_estimar_riesgo_disrupcion.py took 0.492 seconds
[2026-07-09T03:08:08.548-0500] {processor.py:161} INFO - Started process (PID=14776) to work on /opt/airflow/dags/dag_estimar_riesgo_disrupcion.py
[2026-07-09T03:08:08.548-0500] {processor.py:830} INFO - Processing file /opt/airflow/dags/dag_estimar_riesgo_disrupcion.py for tasks to queue
[2026-07-09T03:08:08.550-0500] {logging_mixin.py:188} INFO - [2026-07-09T03:08:08.550-0500] {dagbag.py:545} INFO - Filling up the DagBag from /opt/airflow/dags/dag_estimar_riesgo_disrupcion.py
[2026-07-09T03:08:08.959-0500] {processor.py:840} INFO - DAG(s) 'aerotrack_travel_riesgo_disrupcion' retrieved from /opt/airflow/dags/dag_estimar_riesgo_disrupcion.py
[2026-07-09T03:08:08.992-0500] {logging_mixin.py:188} INFO - [2026-07-09T03:08:08.991-0500] {dag.py:3089} INFO - Sync 1 DAGs
[2026-07-09T03:08:09.009-0500] {logging_mixin.py:188} INFO - [2026-07-09T03:08:09.009-0500] {dag.py:3947} INFO - Setting next_dagrun for aerotrack_travel_riesgo_disrupcion to 2026-07-09 00:00:00+00:00, run_after=2026-07-10 00:00:00+00:00
[2026-07-09T03:08:09.026-0500] {processor.py:183} INFO - Processing /opt/airflow/dags/dag_estimar_riesgo_disrupcion.py took 0.483 seconds
[2026-07-09T03:08:39.869-0500] {processor.py:161} INFO - Started process (PID=14803) to work on /opt/airflow/dags/dag_estimar_riesgo_disrupcion.py
[2026-07-09T03:08:39.870-0500] {processor.py:830} INFO - Processing file /opt/airflow/dags/dag_estimar_riesgo_disrupcion.py for tasks to queue
[2026-07-09T03:08:39.872-0500] {logging_mixin.py:188} INFO - [2026-07-09T03:08:39.871-0500] {dagbag.py:545} INFO - Filling up the DagBag from /opt/airflow/dags/dag_estimar_riesgo_disrupcion.py
[2026-07-09T03:08:40.293-0500] {processor.py:840} INFO - DAG(s) 'aerotrack_travel_riesgo_disrupcion' retrieved from /opt/airflow/dags/dag_estimar_riesgo_disrupcion.py
[2026-07-09T03:08:40.326-0500] {logging_mixin.py:188} INFO - [2026-07-09T03:08:40.326-0500] {dag.py:3089} INFO - Sync 1 DAGs
[2026-07-09T03:08:40.344-0500] {logging_mixin.py:188} INFO - [2026-07-09T03:08:40.344-0500] {dag.py:3947} INFO - Setting next_dagrun for aerotrack_travel_riesgo_disrupcion to 2026-07-09 00:00:00+00:00, run_after=2026-07-10 00:00:00+00:00
[2026-07-09T03:08:40.361-0500] {processor.py:183} INFO - Processing /opt/airflow/dags/dag_estimar_riesgo_disrupcion.py took 0.496 seconds
[2026-07-09T03:09:11.160-0500] {processor.py:161} INFO - Started process (PID=14830) to work on /opt/airflow/dags/dag_estimar_riesgo_disrupcion.py
[2026-07-09T03:09:11.161-0500] {processor.py:830} INFO - Processing file /opt/airflow/dags/dag_estimar_riesgo_disrupcion.py for tasks to queue
[2026-07-09T03:09:11.162-0500] {logging_mixin.py:188} INFO - [2026-07-09T03:09:11.162-0500] {dagbag.py:545} INFO - Filling up the DagBag from /opt/airflow/dags/dag_estimar_riesgo_disrupcion.py
[2026-07-09T03:09:11.583-0500] {processor.py:840} INFO - DAG(s) 'aerotrack_travel_riesgo_disrupcion' retrieved from /opt/airflow/dags/dag_estimar_riesgo_disrupcion.py
[2026-07-09T03:09:11.619-0500] {logging_mixin.py:188} INFO - [2026-07-09T03:09:11.618-0500] {dag.py:3089} INFO - Sync 1 DAGs
[2026-07-09T03:09:11.638-0500] {logging_mixin.py:188} INFO - [2026-07-09T03:09:11.638-0500] {dag.py:3947} INFO - Setting next_dagrun for aerotrack_travel_riesgo_disrupcion to 2026-07-09 00:00:00+00:00, run_after=2026-07-10 00:00:00+00:00
[2026-07-09T03:09:11.655-0500] {processor.py:183} INFO - Processing /opt/airflow/dags/dag_estimar_riesgo_disrupcion.py took 0.499 seconds
[2026-07-09T03:09:42.471-0500] {processor.py:161} INFO - Started process (PID=14857) to work on /opt/airflow/dags/dag_estimar_riesgo_disrupcion.py
[2026-07-09T03:09:42.472-0500] {processor.py:830} INFO - Processing file /opt/airflow/dags/dag_estimar_riesgo_disrupcion.py for tasks to queue
[2026-07-09T03:09:42.474-0500] {logging_mixin.py:188} INFO - [2026-07-09T03:09:42.474-0500] {dagbag.py:545} INFO - Filling up the DagBag from /opt/airflow/dags/dag_estimar_riesgo_disrupcion.py
[2026-07-09T03:09:42.898-0500] {processor.py:840} INFO - DAG(s) 'aerotrack_travel_riesgo_disrupcion' retrieved from /opt/airflow/dags/dag_estimar_riesgo_disrupcion.py
[2026-07-09T03:09:42.931-0500] {logging_mixin.py:188} INFO - [2026-07-09T03:09:42.931-0500] {dag.py:3089} INFO - Sync 1 DAGs
[2026-07-09T03:09:42.949-0500] {logging_mixin.py:188} INFO - [2026-07-09T03:09:42.948-0500] {dag.py:3947} INFO - Setting next_dagrun for aerotrack_travel_riesgo_disrupcion to 2026-07-09 00:00:00+00:00, run_after=2026-07-10 00:00:00+00:00
[2026-07-09T03:09:42.964-0500] {processor.py:183} INFO - Processing /opt/airflow/dags/dag_estimar_riesgo_disrupcion.py took 0.498 seconds
[2026-07-09T03:10:13.300-0500] {processor.py:161} INFO - Started process (PID=14884) to work on /opt/airflow/dags/dag_estimar_riesgo_disrupcion.py
[2026-07-09T03:10:13.301-0500] {processor.py:830} INFO - Processing file /opt/airflow/dags/dag_estimar_riesgo_disrupcion.py for tasks to queue
[2026-07-09T03:10:13.303-0500] {logging_mixin.py:188} INFO - [2026-07-09T03:10:13.303-0500] {dagbag.py:545} INFO - Filling up the DagBag from /opt/airflow/dags/dag_estimar_riesgo_disrupcion.py
[2026-07-09T03:10:13.715-0500] {processor.py:840} INFO - DAG(s) 'aerotrack_travel_riesgo_disrupcion' retrieved from /opt/airflow/dags/dag_estimar_riesgo_disrupcion.py
[2026-07-09T03:10:13.748-0500] {logging_mixin.py:188} INFO - [2026-07-09T03:10:13.747-0500] {dag.py:3089} INFO - Sync 1 DAGs
[2026-07-09T03:10:13.766-0500] {logging_mixin.py:188} INFO - [2026-07-09T03:10:13.766-0500] {dag.py:3947} INFO - Setting next_dagrun for aerotrack_travel_riesgo_disrupcion to 2026-07-09 00:00:00+00:00, run_after=2026-07-10 00:00:00+00:00
[2026-07-09T03:10:13.784-0500] {processor.py:183} INFO - Processing /opt/airflow/dags/dag_estimar_riesgo_disrupcion.py took 0.488 seconds
[2026-07-09T03:10:44.264-0500] {processor.py:161} INFO - Started process (PID=14911) to work on /opt/airflow/dags/dag_estimar_riesgo_disrupcion.py
[2026-07-09T03:10:44.265-0500] {processor.py:830} INFO - Processing file /opt/airflow/dags/dag_estimar_riesgo_disrupcion.py for tasks to queue
[2026-07-09T03:10:44.270-0500] {logging_mixin.py:188} INFO - [2026-07-09T03:10:44.269-0500] {dagbag.py:545} INFO - Filling up the DagBag from /opt/airflow/dags/dag_estimar_riesgo_disrupcion.py
[2026-07-09T03:10:44.713-0500] {processor.py:840} INFO - DAG(s) 'aerotrack_travel_riesgo_disrupcion' retrieved from /opt/airflow/dags/dag_estimar_riesgo_disrupcion.py
[2026-07-09T03:10:44.745-0500] {logging_mixin.py:188} INFO - [2026-07-09T03:10:44.745-0500] {dag.py:3089} INFO - Sync 1 DAGs
[2026-07-09T03:10:44.766-0500] {logging_mixin.py:188} INFO - [2026-07-09T03:10:44.766-0500] {dag.py:3947} INFO - Setting next_dagrun for aerotrack_travel_riesgo_disrupcion to 2026-07-09 00:00:00+00:00, run_after=2026-07-10 00:00:00+00:00
[2026-07-09T03:10:44.782-0500] {processor.py:183} INFO - Processing /opt/airflow/dags/dag_estimar_riesgo_disrupcion.py took 0.525 seconds
[2026-07-09T03:11:15.424-0500] {processor.py:161} INFO - Started process (PID=14938) to work on /opt/airflow/dags/dag_estimar_riesgo_disrupcion.py
[2026-07-09T03:11:15.425-0500] {processor.py:830} INFO - Processing file /opt/airflow/dags/dag_estimar_riesgo_disrupcion.py for tasks to queue
[2026-07-09T03:11:15.427-0500] {logging_mixin.py:188} INFO - [2026-07-09T03:11:15.426-0500] {dagbag.py:545} INFO - Filling up the DagBag from /opt/airflow/dags/dag_estimar_riesgo_disrupcion.py
[2026-07-09T03:11:15.878-0500] {processor.py:840} INFO - DAG(s) 'aerotrack_travel_riesgo_disrupcion' retrieved from /opt/airflow/dags/dag_estimar_riesgo_disrupcion.py
[2026-07-09T03:11:15.913-0500] {logging_mixin.py:188} INFO - [2026-07-09T03:11:15.912-0500] {dag.py:3089} INFO - Sync 1 DAGs
[2026-07-09T03:11:15.935-0500] {logging_mixin.py:188} INFO - [2026-07-09T03:11:15.934-0500] {dag.py:3947} INFO - Setting next_dagrun for aerotrack_travel_riesgo_disrupcion to 2026-07-09 00:00:00+00:00, run_after=2026-07-10 00:00:00+00:00
[2026-07-09T03:11:15.954-0500] {processor.py:183} INFO - Processing /opt/airflow/dags/dag_estimar_riesgo_disrupcion.py took 0.535 seconds
[2026-07-09T03:11:46.555-0500] {processor.py:161} INFO - Started process (PID=14965) to work on /opt/airflow/dags/dag_estimar_riesgo_disrupcion.py
[2026-07-09T03:11:46.555-0500] {processor.py:830} INFO - Processing file /opt/airflow/dags/dag_estimar_riesgo_disrupcion.py for tasks to queue
[2026-07-09T03:11:46.557-0500] {logging_mixin.py:188} INFO - [2026-07-09T03:11:46.557-0500] {dagbag.py:545} INFO - Filling up the DagBag from /opt/airflow/dags/dag_estimar_riesgo_disrupcion.py
[2026-07-09T03:11:47.021-0500] {processor.py:840} INFO - DAG(s) 'aerotrack_travel_riesgo_disrupcion' retrieved from /opt/airflow/dags/dag_estimar_riesgo_disrupcion.py
[2026-07-09T03:11:47.051-0500] {logging_mixin.py:188} INFO - [2026-07-09T03:11:47.051-0500] {dag.py:3089} INFO - Sync 1 DAGs
[2026-07-09T03:11:47.069-0500] {logging_mixin.py:188} INFO - [2026-07-09T03:11:47.069-0500] {dag.py:3947} INFO - Setting next_dagrun for aerotrack_travel_riesgo_disrupcion to 2026-07-09 00:00:00+00:00, run_after=2026-07-10 00:00:00+00:00
[2026-07-09T03:11:47.084-0500] {processor.py:183} INFO - Processing /opt/airflow/dags/dag_estimar_riesgo_disrupcion.py took 0.535 seconds
[2026-07-09T03:12:17.880-0500] {processor.py:161} INFO - Started process (PID=14992) to work on /opt/airflow/dags/dag_estimar_riesgo_disrupcion.py
[2026-07-09T03:12:17.882-0500] {processor.py:830} INFO - Processing file /opt/airflow/dags/dag_estimar_riesgo_disrupcion.py for tasks to queue
[2026-07-09T03:12:17.883-0500] {logging_mixin.py:188} INFO - [2026-07-09T03:12:17.883-0500] {dagbag.py:545} INFO - Filling up the DagBag from /opt/airflow/dags/dag_estimar_riesgo_disrupcion.py
[2026-07-09T03:12:18.328-0500] {processor.py:840} INFO - DAG(s) 'aerotrack_travel_riesgo_disrupcion' retrieved from /opt/airflow/dags/dag_estimar_riesgo_disrupcion.py
[2026-07-09T03:12:18.368-0500] {logging_mixin.py:188} INFO - [2026-07-09T03:12:18.367-0500] {dag.py:3089} INFO - Sync 1 DAGs
[2026-07-09T03:12:18.393-0500] {logging_mixin.py:188} INFO - [2026-07-09T03:12:18.393-0500] {dag.py:3947} INFO - Setting next_dagrun for aerotrack_travel_riesgo_disrupcion to 2026-07-09 00:00:00+00:00, run_after=2026-07-10 00:00:00+00:00
[2026-07-09T03:12:18.412-0500] {processor.py:183} INFO - Processing /opt/airflow/dags/dag_estimar_riesgo_disrupcion.py took 0.537 seconds
[2026-07-09T03:12:48.866-0500] {processor.py:161} INFO - Started process (PID=15019) to work on /opt/airflow/dags/dag_estimar_riesgo_disrupcion.py
[2026-07-09T03:12:48.867-0500] {processor.py:830} INFO - Processing file /opt/airflow/dags/dag_estimar_riesgo_disrupcion.py for tasks to queue
[2026-07-09T03:12:48.868-0500] {logging_mixin.py:188} INFO - [2026-07-09T03:12:48.868-0500] {dagbag.py:545} INFO - Filling up the DagBag from /opt/airflow/dags/dag_estimar_riesgo_disrupcion.py
[2026-07-09T03:12:49.336-0500] {processor.py:840} INFO - DAG(s) 'aerotrack_travel_riesgo_disrupcion' retrieved from /opt/airflow/dags/dag_estimar_riesgo_disrupcion.py
[2026-07-09T03:12:49.375-0500] {logging_mixin.py:188} INFO - [2026-07-09T03:12:49.375-0500] {dag.py:3089} INFO - Sync 1 DAGs
[2026-07-09T03:12:49.397-0500] {logging_mixin.py:188} INFO - [2026-07-09T03:12:49.397-0500] {dag.py:3947} INFO - Setting next_dagrun for aerotrack_travel_riesgo_disrupcion to 2026-07-09 00:00:00+00:00, run_after=2026-07-10 00:00:00+00:00
[2026-07-09T03:12:49.414-0500] {processor.py:183} INFO - Processing /opt/airflow/dags/dag_estimar_riesgo_disrupcion.py took 0.553 seconds
[2026-07-09T03:13:19.869-0500] {processor.py:161} INFO - Started process (PID=15046) to work on /opt/airflow/dags/dag_estimar_riesgo_disrupcion.py
[2026-07-09T03:13:19.869-0500] {processor.py:830} INFO - Processing file /opt/airflow/dags/dag_estimar_riesgo_disrupcion.py for tasks to queue
[2026-07-09T03:13:19.871-0500] {logging_mixin.py:188} INFO - [2026-07-09T03:13:19.871-0500] {dagbag.py:545} INFO - Filling up the DagBag from /opt/airflow/dags/dag_estimar_riesgo_disrupcion.py
[2026-07-09T03:13:20.307-0500] {processor.py:840} INFO - DAG(s) 'aerotrack_travel_riesgo_disrupcion' retrieved from /opt/airflow/dags/dag_estimar_riesgo_disrupcion.py
[2026-07-09T03:13:20.340-0500] {logging_mixin.py:188} INFO - [2026-07-09T03:13:20.340-0500] {dag.py:3089} INFO - Sync 1 DAGs
[2026-07-09T03:13:20.358-0500] {logging_mixin.py:188} INFO - [2026-07-09T03:13:20.358-0500] {dag.py:3947} INFO - Setting next_dagrun for aerotrack_travel_riesgo_disrupcion to 2026-07-09 00:00:00+00:00, run_after=2026-07-10 00:00:00+00:00
[2026-07-09T03:13:20.375-0500] {processor.py:183} INFO - Processing /opt/airflow/dags/dag_estimar_riesgo_disrupcion.py took 0.512 seconds
[2026-07-09T03:13:50.722-0500] {processor.py:161} INFO - Started process (PID=15073) to work on /opt/airflow/dags/dag_estimar_riesgo_disrupcion.py
[2026-07-09T03:13:50.723-0500] {processor.py:830} INFO - Processing file /opt/airflow/dags/dag_estimar_riesgo_disrupcion.py for tasks to queue
[2026-07-09T03:13:50.725-0500] {logging_mixin.py:188} INFO - [2026-07-09T03:13:50.724-0500] {dagbag.py:545} INFO - Filling up the DagBag from /opt/airflow/dags/dag_estimar_riesgo_disrupcion.py
[2026-07-09T03:13:51.191-0500] {processor.py:840} INFO - DAG(s) 'aerotrack_travel_riesgo_disrupcion' retrieved from /opt/airflow/dags/dag_estimar_riesgo_disrupcion.py
[2026-07-09T03:13:51.222-0500] {logging_mixin.py:188} INFO - [2026-07-09T03:13:51.222-0500] {dag.py:3089} INFO - Sync 1 DAGs
[2026-07-09T03:13:51.243-0500] {logging_mixin.py:188} INFO - [2026-07-09T03:13:51.242-0500] {dag.py:3947} INFO - Setting next_dagrun for aerotrack_travel_riesgo_disrupcion to 2026-07-09 00:00:00+00:00, run_after=2026-07-10 00:00:00+00:00
[2026-07-09T03:13:51.257-0500] {processor.py:183} INFO - Processing /opt/airflow/dags/dag_estimar_riesgo_disrupcion.py took 0.541 seconds
[2026-07-09T03:14:22.146-0500] {processor.py:161} INFO - Started process (PID=15100) to work on /opt/airflow/dags/dag_estimar_riesgo_disrupcion.py
[2026-07-09T03:14:22.147-0500] {processor.py:830} INFO - Processing file /opt/airflow/dags/dag_estimar_riesgo_disrupcion.py for tasks to queue
[2026-07-09T03:14:22.149-0500] {logging_mixin.py:188} INFO - [2026-07-09T03:14:22.148-0500] {dagbag.py:545} INFO - Filling up the DagBag from /opt/airflow/dags/dag_estimar_riesgo_disrupcion.py
[2026-07-09T03:14:22.597-0500] {processor.py:840} INFO - DAG(s) 'aerotrack_travel_riesgo_disrupcion' retrieved from /opt/airflow/dags/dag_estimar_riesgo_disrupcion.py
[2026-07-09T03:14:22.633-0500] {logging_mixin.py:188} INFO - [2026-07-09T03:14:22.632-0500] {dag.py:3089} INFO - Sync 1 DAGs
[2026-07-09T03:14:22.653-0500] {logging_mixin.py:188} INFO - [2026-07-09T03:14:22.652-0500] {dag.py:3947} INFO - Setting next_dagrun for aerotrack_travel_riesgo_disrupcion to 2026-07-09 00:00:00+00:00, run_after=2026-07-10 00:00:00+00:00
[2026-07-09T03:14:22.669-0500] {processor.py:183} INFO - Processing /opt/airflow/dags/dag_estimar_riesgo_disrupcion.py took 0.527 seconds
[2026-07-09T03:14:53.461-0500] {processor.py:161} INFO - Started process (PID=15127) to work on /opt/airflow/dags/dag_estimar_riesgo_disrupcion.py
[2026-07-09T03:14:53.462-0500] {processor.py:830} INFO - Processing file /opt/airflow/dags/dag_estimar_riesgo_disrupcion.py for tasks to queue
[2026-07-09T03:14:53.464-0500] {logging_mixin.py:188} INFO - [2026-07-09T03:14:53.464-0500] {dagbag.py:545} INFO - Filling up the DagBag from /opt/airflow/dags/dag_estimar_riesgo_disrupcion.py
[2026-07-09T03:14:53.976-0500] {processor.py:840} INFO - DAG(s) 'aerotrack_travel_riesgo_disrupcion' retrieved from /opt/airflow/dags/dag_estimar_riesgo_disrupcion.py
[2026-07-09T03:14:54.010-0500] {logging_mixin.py:188} INFO - [2026-07-09T03:14:54.010-0500] {dag.py:3089} INFO - Sync 1 DAGs
[2026-07-09T03:14:54.030-0500] {logging_mixin.py:188} INFO - [2026-07-09T03:14:54.030-0500] {dag.py:3947} INFO - Setting next_dagrun for aerotrack_travel_riesgo_disrupcion to 2026-07-09 00:00:00+00:00, run_after=2026-07-10 00:00:00+00:00
[2026-07-09T03:14:54.206-0500] {processor.py:183} INFO - Processing /opt/airflow/dags/dag_estimar_riesgo_disrupcion.py took 0.750 seconds
[2026-07-09T03:15:24.781-0500] {processor.py:161} INFO - Started process (PID=15154) to work on /opt/airflow/dags/dag_estimar_riesgo_disrupcion.py
[2026-07-09T03:15:24.782-0500] {processor.py:830} INFO - Processing file /opt/airflow/dags/dag_estimar_riesgo_disrupcion.py for tasks to queue
[2026-07-09T03:15:24.784-0500] {logging_mixin.py:188} INFO - [2026-07-09T03:15:24.783-0500] {dagbag.py:545} INFO - Filling up the DagBag from /opt/airflow/dags/dag_estimar_riesgo_disrupcion.py
[2026-07-09T03:15:25.234-0500] {processor.py:840} INFO - DAG(s) 'aerotrack_travel_riesgo_disrupcion' retrieved from /opt/airflow/dags/dag_estimar_riesgo_disrupcion.py
[2026-07-09T03:15:25.268-0500] {logging_mixin.py:188} INFO - [2026-07-09T03:15:25.268-0500] {dag.py:3089} INFO - Sync 1 DAGs
[2026-07-09T03:15:25.288-0500] {logging_mixin.py:188} INFO - [2026-07-09T03:15:25.287-0500] {dag.py:3947} INFO - Setting next_dagrun for aerotrack_travel_riesgo_disrupcion to 2026-07-09 00:00:00+00:00, run_after=2026-07-10 00:00:00+00:00
[2026-07-09T03:15:25.303-0500] {processor.py:183} INFO - Processing /opt/airflow/dags/dag_estimar_riesgo_disrupcion.py took 0.527 seconds
[2026-07-09T03:15:55.635-0500] {processor.py:161} INFO - Started process (PID=15181) to work on /opt/airflow/dags/dag_estimar_riesgo_disrupcion.py
[2026-07-09T03:15:55.635-0500] {processor.py:830} INFO - Processing file /opt/airflow/dags/dag_estimar_riesgo_disrupcion.py for tasks to queue
[2026-07-09T03:15:55.637-0500] {logging_mixin.py:188} INFO - [2026-07-09T03:15:55.637-0500] {dagbag.py:545} INFO - Filling up the DagBag from /opt/airflow/dags/dag_estimar_riesgo_disrupcion.py
[2026-07-09T03:15:56.161-0500] {processor.py:840} INFO - DAG(s) 'aerotrack_travel_riesgo_disrupcion' retrieved from /opt/airflow/dags/dag_estimar_riesgo_disrupcion.py
[2026-07-09T03:15:56.197-0500] {logging_mixin.py:188} INFO - [2026-07-09T03:15:56.196-0500] {dag.py:3089} INFO - Sync 1 DAGs
[2026-07-09T03:15:56.216-0500] {logging_mixin.py:188} INFO - [2026-07-09T03:15:56.216-0500] {dag.py:3947} INFO - Setting next_dagrun for aerotrack_travel_riesgo_disrupcion to 2026-07-09 00:00:00+00:00, run_after=2026-07-10 00:00:00+00:00
[2026-07-09T03:15:56.233-0500] {processor.py:183} INFO - Processing /opt/airflow/dags/dag_estimar_riesgo_disrupcion.py took 0.603 seconds
[2026-07-09T03:16:26.693-0500] {processor.py:161} INFO - Started process (PID=15208) to work on /opt/airflow/dags/dag_estimar_riesgo_disrupcion.py
[2026-07-09T03:16:26.694-0500] {processor.py:830} INFO - Processing file /opt/airflow/dags/dag_estimar_riesgo_disrupcion.py for tasks to queue
[2026-07-09T03:16:26.695-0500] {logging_mixin.py:188} INFO - [2026-07-09T03:16:26.695-0500] {dagbag.py:545} INFO - Filling up the DagBag from /opt/airflow/dags/dag_estimar_riesgo_disrupcion.py
[2026-07-09T03:16:27.166-0500] {processor.py:840} INFO - DAG(s) 'aerotrack_travel_riesgo_disrupcion' retrieved from /opt/airflow/dags/dag_estimar_riesgo_disrupcion.py
[2026-07-09T03:16:27.204-0500] {logging_mixin.py:188} INFO - [2026-07-09T03:16:27.204-0500] {dag.py:3089} INFO - Sync 1 DAGs
[2026-07-09T03:16:27.226-0500] {logging_mixin.py:188} INFO - [2026-07-09T03:16:27.226-0500] {dag.py:3947} INFO - Setting next_dagrun for aerotrack_travel_riesgo_disrupcion to 2026-07-09 00:00:00+00:00, run_after=2026-07-10 00:00:00+00:00
[2026-07-09T03:16:27.242-0500] {processor.py:183} INFO - Processing /opt/airflow/dags/dag_estimar_riesgo_disrupcion.py took 0.554 seconds
[2026-07-09T03:16:57.998-0500] {processor.py:161} INFO - Started process (PID=15235) to work on /opt/airflow/dags/dag_estimar_riesgo_disrupcion.py
[2026-07-09T03:16:57.998-0500] {processor.py:830} INFO - Processing file /opt/airflow/dags/dag_estimar_riesgo_disrupcion.py for tasks to queue
[2026-07-09T03:16:58.000-0500] {logging_mixin.py:188} INFO - [2026-07-09T03:16:58.000-0500] {dagbag.py:545} INFO - Filling up the DagBag from /opt/airflow/dags/dag_estimar_riesgo_disrupcion.py
[2026-07-09T03:16:58.462-0500] {processor.py:840} INFO - DAG(s) 'aerotrack_travel_riesgo_disrupcion' retrieved from /opt/airflow/dags/dag_estimar_riesgo_disrupcion.py
[2026-07-09T03:16:58.495-0500] {logging_mixin.py:188} INFO - [2026-07-09T03:16:58.495-0500] {dag.py:3089} INFO - Sync 1 DAGs
[2026-07-09T03:16:58.515-0500] {logging_mixin.py:188} INFO - [2026-07-09T03:16:58.514-0500] {dag.py:3947} INFO - Setting next_dagrun for aerotrack_travel_riesgo_disrupcion to 2026-07-09 00:00:00+00:00, run_after=2026-07-10 00:00:00+00:00
[2026-07-09T03:16:58.695-0500] {processor.py:183} INFO - Processing /opt/airflow/dags/dag_estimar_riesgo_disrupcion.py took 0.702 seconds
[2026-07-09T03:17:29.320-0500] {processor.py:161} INFO - Started process (PID=15262) to work on /opt/airflow/dags/dag_estimar_riesgo_disrupcion.py
[2026-07-09T03:17:29.322-0500] {processor.py:830} INFO - Processing file /opt/airflow/dags/dag_estimar_riesgo_disrupcion.py for tasks to queue
[2026-07-09T03:17:29.324-0500] {logging_mixin.py:188} INFO - [2026-07-09T03:17:29.323-0500] {dagbag.py:545} INFO - Filling up the DagBag from /opt/airflow/dags/dag_estimar_riesgo_disrupcion.py
[2026-07-09T03:17:29.799-0500] {processor.py:840} INFO - DAG(s) 'aerotrack_travel_riesgo_disrupcion' retrieved from /opt/airflow/dags/dag_estimar_riesgo_disrupcion.py
[2026-07-09T03:17:29.834-0500] {logging_mixin.py:188} INFO - [2026-07-09T03:17:29.834-0500] {dag.py:3089} INFO - Sync 1 DAGs
[2026-07-09T03:17:29.858-0500] {logging_mixin.py:188} INFO - [2026-07-09T03:17:29.858-0500] {dag.py:3947} INFO - Setting next_dagrun for aerotrack_travel_riesgo_disrupcion to 2026-07-09 00:00:00+00:00, run_after=2026-07-10 00:00:00+00:00
[2026-07-09T03:17:29.879-0500] {processor.py:183} INFO - Processing /opt/airflow/dags/dag_estimar_riesgo_disrupcion.py took 0.564 seconds
[2026-07-09T03:18:00.219-0500] {processor.py:161} INFO - Started process (PID=15289) to work on /opt/airflow/dags/dag_estimar_riesgo_disrupcion.py
[2026-07-09T03:18:00.220-0500] {processor.py:830} INFO - Processing file /opt/airflow/dags/dag_estimar_riesgo_disrupcion.py for tasks to queue
[2026-07-09T03:18:00.222-0500] {logging_mixin.py:188} INFO - [2026-07-09T03:18:00.221-0500] {dagbag.py:545} INFO - Filling up the DagBag from /opt/airflow/dags/dag_estimar_riesgo_disrupcion.py
[2026-07-09T03:18:00.661-0500] {processor.py:840} INFO - DAG(s) 'aerotrack_travel_riesgo_disrupcion' retrieved from /opt/airflow/dags/dag_estimar_riesgo_disrupcion.py
[2026-07-09T03:18:00.697-0500] {logging_mixin.py:188} INFO - [2026-07-09T03:18:00.697-0500] {dag.py:3089} INFO - Sync 1 DAGs
[2026-07-09T03:18:00.717-0500] {logging_mixin.py:188} INFO - [2026-07-09T03:18:00.717-0500] {dag.py:3947} INFO - Setting next_dagrun for aerotrack_travel_riesgo_disrupcion to 2026-07-09 00:00:00+00:00, run_after=2026-07-10 00:00:00+00:00
[2026-07-09T03:18:00.733-0500] {processor.py:183} INFO - Processing /opt/airflow/dags/dag_estimar_riesgo_disrupcion.py took 0.518 seconds
[2026-07-09T03:18:31.549-0500] {processor.py:161} INFO - Started process (PID=15316) to work on /opt/airflow/dags/dag_estimar_riesgo_disrupcion.py
[2026-07-09T03:18:31.550-0500] {processor.py:830} INFO - Processing file /opt/airflow/dags/dag_estimar_riesgo_disrupcion.py for tasks to queue
[2026-07-09T03:18:31.552-0500] {logging_mixin.py:188} INFO - [2026-07-09T03:18:31.551-0500] {dagbag.py:545} INFO - Filling up the DagBag from /opt/airflow/dags/dag_estimar_riesgo_disrupcion.py
[2026-07-09T03:18:31.988-0500] {processor.py:840} INFO - DAG(s) 'aerotrack_travel_riesgo_disrupcion' retrieved from /opt/airflow/dags/dag_estimar_riesgo_disrupcion.py
[2026-07-09T03:18:32.021-0500] {logging_mixin.py:188} INFO - [2026-07-09T03:18:32.020-0500] {dag.py:3089} INFO - Sync 1 DAGs
[2026-07-09T03:18:32.039-0500] {logging_mixin.py:188} INFO - [2026-07-09T03:18:32.038-0500] {dag.py:3947} INFO - Setting next_dagrun for aerotrack_travel_riesgo_disrupcion to 2026-07-09 00:00:00+00:00, run_after=2026-07-10 00:00:00+00:00
[2026-07-09T03:18:32.054-0500] {processor.py:183} INFO - Processing /opt/airflow/dags/dag_estimar_riesgo_disrupcion.py took 0.510 seconds
[2026-07-09T03:19:02.515-0500] {processor.py:161} INFO - Started process (PID=15343) to work on /opt/airflow/dags/dag_estimar_riesgo_disrupcion.py
[2026-07-09T03:19:02.517-0500] {processor.py:830} INFO - Processing file /opt/airflow/dags/dag_estimar_riesgo_disrupcion.py for tasks to queue
[2026-07-09T03:19:02.518-0500] {logging_mixin.py:188} INFO - [2026-07-09T03:19:02.518-0500] {dagbag.py:545} INFO - Filling up the DagBag from /opt/airflow/dags/dag_estimar_riesgo_disrupcion.py
[2026-07-09T03:19:02.974-0500] {processor.py:840} INFO - DAG(s) 'aerotrack_travel_riesgo_disrupcion' retrieved from /opt/airflow/dags/dag_estimar_riesgo_disrupcion.py
[2026-07-09T03:19:03.003-0500] {logging_mixin.py:188} INFO - [2026-07-09T03:19:03.003-0500] {dag.py:3089} INFO - Sync 1 DAGs
[2026-07-09T03:19:03.022-0500] {logging_mixin.py:188} INFO - [2026-07-09T03:19:03.021-0500] {dag.py:3947} INFO - Setting next_dagrun for aerotrack_travel_riesgo_disrupcion to 2026-07-09 00:00:00+00:00, run_after=2026-07-10 00:00:00+00:00
[2026-07-09T03:19:03.180-0500] {processor.py:183} INFO - Processing /opt/airflow/dags/dag_estimar_riesgo_disrupcion.py took 0.670 seconds
[2026-07-09T03:19:33.829-0500] {processor.py:161} INFO - Started process (PID=15370) to work on /opt/airflow/dags/dag_estimar_riesgo_disrupcion.py
[2026-07-09T03:19:33.831-0500] {processor.py:830} INFO - Processing file /opt/airflow/dags/dag_estimar_riesgo_disrupcion.py for tasks to queue
[2026-07-09T03:19:33.832-0500] {logging_mixin.py:188} INFO - [2026-07-09T03:19:33.832-0500] {dagbag.py:545} INFO - Filling up the DagBag from /opt/airflow/dags/dag_estimar_riesgo_disrupcion.py
[2026-07-09T03:19:34.306-0500] {processor.py:840} INFO - DAG(s) 'aerotrack_travel_riesgo_disrupcion' retrieved from /opt/airflow/dags/dag_estimar_riesgo_disrupcion.py
[2026-07-09T03:19:34.351-0500] {logging_mixin.py:188} INFO - [2026-07-09T03:19:34.350-0500] {dag.py:3089} INFO - Sync 1 DAGs
[2026-07-09T03:19:34.376-0500] {logging_mixin.py:188} INFO - [2026-07-09T03:19:34.376-0500] {dag.py:3947} INFO - Setting next_dagrun for aerotrack_travel_riesgo_disrupcion to 2026-07-09 00:00:00+00:00, run_after=2026-07-10 00:00:00+00:00
[2026-07-09T03:19:34.395-0500] {processor.py:183} INFO - Processing /opt/airflow/dags/dag_estimar_riesgo_disrupcion.py took 0.572 seconds
[2026-07-09T03:20:05.138-0500] {processor.py:161} INFO - Started process (PID=15397) to work on /opt/airflow/dags/dag_estimar_riesgo_disrupcion.py
[2026-07-09T03:20:05.138-0500] {processor.py:830} INFO - Processing file /opt/airflow/dags/dag_estimar_riesgo_disrupcion.py for tasks to queue
[2026-07-09T03:20:05.140-0500] {logging_mixin.py:188} INFO - [2026-07-09T03:20:05.140-0500] {dagbag.py:545} INFO - Filling up the DagBag from /opt/airflow/dags/dag_estimar_riesgo_disrupcion.py
[2026-07-09T03:20:05.637-0500] {processor.py:840} INFO - DAG(s) 'aerotrack_travel_riesgo_disrupcion' retrieved from /opt/airflow/dags/dag_estimar_riesgo_disrupcion.py
[2026-07-09T03:20:05.669-0500] {logging_mixin.py:188} INFO - [2026-07-09T03:20:05.668-0500] {dag.py:3089} INFO - Sync 1 DAGs
[2026-07-09T03:20:05.687-0500] {logging_mixin.py:188} INFO - [2026-07-09T03:20:05.687-0500] {dag.py:3947} INFO - Setting next_dagrun for aerotrack_travel_riesgo_disrupcion to 2026-07-09 00:00:00+00:00, run_after=2026-07-10 00:00:00+00:00
[2026-07-09T03:20:05.704-0500] {processor.py:183} INFO - Processing /opt/airflow/dags/dag_estimar_riesgo_disrupcion.py took 0.571 seconds
[2026-07-09T03:20:36.442-0500] {processor.py:161} INFO - Started process (PID=15424) to work on /opt/airflow/dags/dag_estimar_riesgo_disrupcion.py
[2026-07-09T03:20:36.443-0500] {processor.py:830} INFO - Processing file /opt/airflow/dags/dag_estimar_riesgo_disrupcion.py for tasks to queue
[2026-07-09T03:20:36.445-0500] {logging_mixin.py:188} INFO - [2026-07-09T03:20:36.444-0500] {dagbag.py:545} INFO - Filling up the DagBag from /opt/airflow/dags/dag_estimar_riesgo_disrupcion.py
[2026-07-09T03:20:36.916-0500] {processor.py:840} INFO - DAG(s) 'aerotrack_travel_riesgo_disrupcion' retrieved from /opt/airflow/dags/dag_estimar_riesgo_disrupcion.py
[2026-07-09T03:20:36.960-0500] {logging_mixin.py:188} INFO - [2026-07-09T03:20:36.959-0500] {dag.py:3089} INFO - Sync 1 DAGs
[2026-07-09T03:20:36.986-0500] {logging_mixin.py:188} INFO - [2026-07-09T03:20:36.985-0500] {dag.py:3947} INFO - Setting next_dagrun for aerotrack_travel_riesgo_disrupcion to 2026-07-09 00:00:00+00:00, run_after=2026-07-10 00:00:00+00:00
[2026-07-09T03:20:37.048-0500] {processor.py:183} INFO - Processing /opt/airflow/dags/dag_estimar_riesgo_disrupcion.py took 0.610 seconds
[2026-07-09T03:21:07.523-0500] {processor.py:161} INFO - Started process (PID=15451) to work on /opt/airflow/dags/dag_estimar_riesgo_disrupcion.py
[2026-07-09T03:21:07.524-0500] {processor.py:830} INFO - Processing file /opt/airflow/dags/dag_estimar_riesgo_disrupcion.py for tasks to queue
[2026-07-09T03:21:07.526-0500] {logging_mixin.py:188} INFO - [2026-07-09T03:21:07.526-0500] {dagbag.py:545} INFO - Filling up the DagBag from /opt/airflow/dags/dag_estimar_riesgo_disrupcion.py
[2026-07-09T03:21:07.954-0500] {processor.py:840} INFO - DAG(s) 'aerotrack_travel_riesgo_disrupcion' retrieved from /opt/airflow/dags/dag_estimar_riesgo_disrupcion.py
[2026-07-09T03:21:07.986-0500] {logging_mixin.py:188} INFO - [2026-07-09T03:21:07.986-0500] {dag.py:3089} INFO - Sync 1 DAGs
[2026-07-09T03:21:08.007-0500] {logging_mixin.py:188} INFO - [2026-07-09T03:21:08.007-0500] {dag.py:3947} INFO - Setting next_dagrun for aerotrack_travel_riesgo_disrupcion to 2026-07-09 00:00:00+00:00, run_after=2026-07-10 00:00:00+00:00
[2026-07-09T03:21:08.024-0500] {processor.py:183} INFO - Processing /opt/airflow/dags/dag_estimar_riesgo_disrupcion.py took 0.505 seconds
[2026-07-09T03:21:38.331-0500] {processor.py:161} INFO - Started process (PID=15478) to work on /opt/airflow/dags/dag_estimar_riesgo_disrupcion.py
[2026-07-09T03:21:38.332-0500] {processor.py:830} INFO - Processing file /opt/airflow/dags/dag_estimar_riesgo_disrupcion.py for tasks to queue
[2026-07-09T03:21:38.334-0500] {logging_mixin.py:188} INFO - [2026-07-09T03:21:38.334-0500] {dagbag.py:545} INFO - Filling up the DagBag from /opt/airflow/dags/dag_estimar_riesgo_disrupcion.py
[2026-07-09T03:21:38.773-0500] {processor.py:840} INFO - DAG(s) 'aerotrack_travel_riesgo_disrupcion' retrieved from /opt/airflow/dags/dag_estimar_riesgo_disrupcion.py
[2026-07-09T03:21:38.808-0500] {logging_mixin.py:188} INFO - [2026-07-09T03:21:38.808-0500] {dag.py:3089} INFO - Sync 1 DAGs
[2026-07-09T03:21:38.830-0500] {logging_mixin.py:188} INFO - [2026-07-09T03:21:38.829-0500] {dag.py:3947} INFO - Setting next_dagrun for aerotrack_travel_riesgo_disrupcion to 2026-07-09 00:00:00+00:00, run_after=2026-07-10 00:00:00+00:00
[2026-07-09T03:21:38.848-0500] {processor.py:183} INFO - Processing /opt/airflow/dags/dag_estimar_riesgo_disrupcion.py took 0.522 seconds
[2026-07-09T03:22:09.204-0500] {processor.py:161} INFO - Started process (PID=15505) to work on /opt/airflow/dags/dag_estimar_riesgo_disrupcion.py
[2026-07-09T03:22:09.205-0500] {processor.py:830} INFO - Processing file /opt/airflow/dags/dag_estimar_riesgo_disrupcion.py for tasks to queue
[2026-07-09T03:22:09.207-0500] {logging_mixin.py:188} INFO - [2026-07-09T03:22:09.207-0500] {dagbag.py:545} INFO - Filling up the DagBag from /opt/airflow/dags/dag_estimar_riesgo_disrupcion.py
[2026-07-09T03:22:09.679-0500] {processor.py:840} INFO - DAG(s) 'aerotrack_travel_riesgo_disrupcion' retrieved from /opt/airflow/dags/dag_estimar_riesgo_disrupcion.py
[2026-07-09T03:22:09.718-0500] {logging_mixin.py:188} INFO - [2026-07-09T03:22:09.718-0500] {dag.py:3089} INFO - Sync 1 DAGs
[2026-07-09T03:22:09.740-0500] {logging_mixin.py:188} INFO - [2026-07-09T03:22:09.740-0500] {dag.py:3947} INFO - Setting next_dagrun for aerotrack_travel_riesgo_disrupcion to 2026-07-09 00:00:00+00:00, run_after=2026-07-10 00:00:00+00:00
[2026-07-09T03:22:09.756-0500] {processor.py:183} INFO - Processing /opt/airflow/dags/dag_estimar_riesgo_disrupcion.py took 0.558 seconds
[2026-07-09T03:22:40.531-0500] {processor.py:161} INFO - Started process (PID=15532) to work on /opt/airflow/dags/dag_estimar_riesgo_disrupcion.py
[2026-07-09T03:22:40.532-0500] {processor.py:830} INFO - Processing file /opt/airflow/dags/dag_estimar_riesgo_disrupcion.py for tasks to queue
[2026-07-09T03:22:40.534-0500] {logging_mixin.py:188} INFO - [2026-07-09T03:22:40.534-0500] {dagbag.py:545} INFO - Filling up the DagBag from /opt/airflow/dags/dag_estimar_riesgo_disrupcion.py
[2026-07-09T03:22:40.978-0500] {processor.py:840} INFO - DAG(s) 'aerotrack_travel_riesgo_disrupcion' retrieved from /opt/airflow/dags/dag_estimar_riesgo_disrupcion.py
[2026-07-09T03:22:41.014-0500] {logging_mixin.py:188} INFO - [2026-07-09T03:22:41.014-0500] {dag.py:3089} INFO - Sync 1 DAGs
[2026-07-09T03:22:41.033-0500] {logging_mixin.py:188} INFO - [2026-07-09T03:22:41.033-0500] {dag.py:3947} INFO - Setting next_dagrun for aerotrack_travel_riesgo_disrupcion to 2026-07-09 00:00:00+00:00, run_after=2026-07-10 00:00:00+00:00
[2026-07-09T03:22:41.050-0500] {processor.py:183} INFO - Processing /opt/airflow/dags/dag_estimar_riesgo_disrupcion.py took 0.524 seconds
[2026-07-09T03:23:11.825-0500] {processor.py:161} INFO - Started process (PID=15559) to work on /opt/airflow/dags/dag_estimar_riesgo_disrupcion.py
[2026-07-09T03:23:11.826-0500] {processor.py:830} INFO - Processing file /opt/airflow/dags/dag_estimar_riesgo_disrupcion.py for tasks to queue
[2026-07-09T03:23:11.827-0500] {logging_mixin.py:188} INFO - [2026-07-09T03:23:11.827-0500] {dagbag.py:545} INFO - Filling up the DagBag from /opt/airflow/dags/dag_estimar_riesgo_disrupcion.py
[2026-07-09T03:23:12.276-0500] {processor.py:840} INFO - DAG(s) 'aerotrack_travel_riesgo_disrupcion' retrieved from /opt/airflow/dags/dag_estimar_riesgo_disrupcion.py
[2026-07-09T03:23:12.305-0500] {logging_mixin.py:188} INFO - [2026-07-09T03:23:12.304-0500] {dag.py:3089} INFO - Sync 1 DAGs
[2026-07-09T03:23:12.326-0500] {logging_mixin.py:188} INFO - [2026-07-09T03:23:12.326-0500] {dag.py:3947} INFO - Setting next_dagrun for aerotrack_travel_riesgo_disrupcion to 2026-07-09 00:00:00+00:00, run_after=2026-07-10 00:00:00+00:00
[2026-07-09T03:23:12.343-0500] {processor.py:183} INFO - Processing /opt/airflow/dags/dag_estimar_riesgo_disrupcion.py took 0.522 seconds
[2026-07-09T03:23:43.179-0500] {processor.py:161} INFO - Started process (PID=15586) to work on /opt/airflow/dags/dag_estimar_riesgo_disrupcion.py
[2026-07-09T03:23:43.180-0500] {processor.py:830} INFO - Processing file /opt/airflow/dags/dag_estimar_riesgo_disrupcion.py for tasks to queue
[2026-07-09T03:23:43.182-0500] {logging_mixin.py:188} INFO - [2026-07-09T03:23:43.181-0500] {dagbag.py:545} INFO - Filling up the DagBag from /opt/airflow/dags/dag_estimar_riesgo_disrupcion.py
[2026-07-09T03:23:43.594-0500] {processor.py:840} INFO - DAG(s) 'aerotrack_travel_riesgo_disrupcion' retrieved from /opt/airflow/dags/dag_estimar_riesgo_disrupcion.py
[2026-07-09T03:23:43.624-0500] {logging_mixin.py:188} INFO - [2026-07-09T03:23:43.624-0500] {dag.py:3089} INFO - Sync 1 DAGs
[2026-07-09T03:23:43.642-0500] {logging_mixin.py:188} INFO - [2026-07-09T03:23:43.642-0500] {dag.py:3947} INFO - Setting next_dagrun for aerotrack_travel_riesgo_disrupcion to 2026-07-09 00:00:00+00:00, run_after=2026-07-10 00:00:00+00:00
[2026-07-09T03:23:43.758-0500] {processor.py:183} INFO - Processing /opt/airflow/dags/dag_estimar_riesgo_disrupcion.py took 0.583 seconds
[2026-07-09T03:24:14.474-0500] {processor.py:161} INFO - Started process (PID=15613) to work on /opt/airflow/dags/dag_estimar_riesgo_disrupcion.py
[2026-07-09T03:24:14.475-0500] {processor.py:830} INFO - Processing file /opt/airflow/dags/dag_estimar_riesgo_disrupcion.py for tasks to queue
[2026-07-09T03:24:14.477-0500] {logging_mixin.py:188} INFO - [2026-07-09T03:24:14.476-0500] {dagbag.py:545} INFO - Filling up the DagBag from /opt/airflow/dags/dag_estimar_riesgo_disrupcion.py
[2026-07-09T03:24:14.898-0500] {processor.py:840} INFO - DAG(s) 'aerotrack_travel_riesgo_disrupcion' retrieved from /opt/airflow/dags/dag_estimar_riesgo_disrupcion.py
[2026-07-09T03:24:14.941-0500] {logging_mixin.py:188} INFO - [2026-07-09T03:24:14.941-0500] {dag.py:3089} INFO - Sync 1 DAGs
[2026-07-09T03:24:14.965-0500] {logging_mixin.py:188} INFO - [2026-07-09T03:24:14.964-0500] {dag.py:3947} INFO - Setting next_dagrun for aerotrack_travel_riesgo_disrupcion to 2026-07-09 00:00:00+00:00, run_after=2026-07-10 00:00:00+00:00
[2026-07-09T03:24:15.023-0500] {processor.py:183} INFO - Processing /opt/airflow/dags/dag_estimar_riesgo_disrupcion.py took 0.554 seconds
[2026-07-09T03:24:45.900-0500] {processor.py:161} INFO - Started process (PID=15640) to work on /opt/airflow/dags/dag_estimar_riesgo_disrupcion.py
[2026-07-09T03:24:45.901-0500] {processor.py:830} INFO - Processing file /opt/airflow/dags/dag_estimar_riesgo_disrupcion.py for tasks to queue
[2026-07-09T03:24:45.903-0500] {logging_mixin.py:188} INFO - [2026-07-09T03:24:45.903-0500] {dagbag.py:545} INFO - Filling up the DagBag from /opt/airflow/dags/dag_estimar_riesgo_disrupcion.py
[2026-07-09T03:24:46.354-0500] {processor.py:840} INFO - DAG(s) 'aerotrack_travel_riesgo_disrupcion' retrieved from /opt/airflow/dags/dag_estimar_riesgo_disrupcion.py
[2026-07-09T03:24:46.391-0500] {logging_mixin.py:188} INFO - [2026-07-09T03:24:46.390-0500] {dag.py:3089} INFO - Sync 1 DAGs
[2026-07-09T03:24:46.414-0500] {logging_mixin.py:188} INFO - [2026-07-09T03:24:46.413-0500] {dag.py:3947} INFO - Setting next_dagrun for aerotrack_travel_riesgo_disrupcion to 2026-07-09 00:00:00+00:00, run_after=2026-07-10 00:00:00+00:00
[2026-07-09T03:24:46.433-0500] {processor.py:183} INFO - Processing /opt/airflow/dags/dag_estimar_riesgo_disrupcion.py took 0.538 seconds
[2026-07-09T03:25:16.763-0500] {processor.py:161} INFO - Started process (PID=15667) to work on /opt/airflow/dags/dag_estimar_riesgo_disrupcion.py
[2026-07-09T03:25:16.765-0500] {processor.py:830} INFO - Processing file /opt/airflow/dags/dag_estimar_riesgo_disrupcion.py for tasks to queue
[2026-07-09T03:25:16.767-0500] {logging_mixin.py:188} INFO - [2026-07-09T03:25:16.767-0500] {dagbag.py:545} INFO - Filling up the DagBag from /opt/airflow/dags/dag_estimar_riesgo_disrupcion.py
[2026-07-09T03:25:17.238-0500] {processor.py:840} INFO - DAG(s) 'aerotrack_travel_riesgo_disrupcion' retrieved from /opt/airflow/dags/dag_estimar_riesgo_disrupcion.py
[2026-07-09T03:25:17.273-0500] {logging_mixin.py:188} INFO - [2026-07-09T03:25:17.273-0500] {dag.py:3089} INFO - Sync 1 DAGs
[2026-07-09T03:25:17.295-0500] {logging_mixin.py:188} INFO - [2026-07-09T03:25:17.295-0500] {dag.py:3947} INFO - Setting next_dagrun for aerotrack_travel_riesgo_disrupcion to 2026-07-09 00:00:00+00:00, run_after=2026-07-10 00:00:00+00:00
[2026-07-09T03:25:17.311-0500] {processor.py:183} INFO - Processing /opt/airflow/dags/dag_estimar_riesgo_disrupcion.py took 0.555 seconds
[2026-07-09T03:25:48.061-0500] {processor.py:161} INFO - Started process (PID=15694) to work on /opt/airflow/dags/dag_estimar_riesgo_disrupcion.py
[2026-07-09T03:25:48.062-0500] {processor.py:830} INFO - Processing file /opt/airflow/dags/dag_estimar_riesgo_disrupcion.py for tasks to queue
[2026-07-09T03:25:48.064-0500] {logging_mixin.py:188} INFO - [2026-07-09T03:25:48.064-0500] {dagbag.py:545} INFO - Filling up the DagBag from /opt/airflow/dags/dag_estimar_riesgo_disrupcion.py
[2026-07-09T03:25:48.496-0500] {processor.py:840} INFO - DAG(s) 'aerotrack_travel_riesgo_disrupcion' retrieved from /opt/airflow/dags/dag_estimar_riesgo_disrupcion.py
[2026-07-09T03:25:48.526-0500] {logging_mixin.py:188} INFO - [2026-07-09T03:25:48.526-0500] {dag.py:3089} INFO - Sync 1 DAGs
[2026-07-09T03:25:48.544-0500] {logging_mixin.py:188} INFO - [2026-07-09T03:25:48.543-0500] {dag.py:3947} INFO - Setting next_dagrun for aerotrack_travel_riesgo_disrupcion to 2026-07-09 00:00:00+00:00, run_after=2026-07-10 00:00:00+00:00
[2026-07-09T03:25:48.560-0500] {processor.py:183} INFO - Processing /opt/airflow/dags/dag_estimar_riesgo_disrupcion.py took 0.504 seconds
[2026-07-09T03:26:19.377-0500] {processor.py:161} INFO - Started process (PID=15721) to work on /opt/airflow/dags/dag_estimar_riesgo_disrupcion.py
[2026-07-09T03:26:19.377-0500] {processor.py:830} INFO - Processing file /opt/airflow/dags/dag_estimar_riesgo_disrupcion.py for tasks to queue
[2026-07-09T03:26:19.379-0500] {logging_mixin.py:188} INFO - [2026-07-09T03:26:19.378-0500] {dagbag.py:545} INFO - Filling up the DagBag from /opt/airflow/dags/dag_estimar_riesgo_disrupcion.py
[2026-07-09T03:26:19.791-0500] {processor.py:840} INFO - DAG(s) 'aerotrack_travel_riesgo_disrupcion' retrieved from /opt/airflow/dags/dag_estimar_riesgo_disrupcion.py
[2026-07-09T03:26:19.825-0500] {logging_mixin.py:188} INFO - [2026-07-09T03:26:19.824-0500] {dag.py:3089} INFO - Sync 1 DAGs
[2026-07-09T03:26:19.845-0500] {logging_mixin.py:188} INFO - [2026-07-09T03:26:19.844-0500] {dag.py:3947} INFO - Setting next_dagrun for aerotrack_travel_riesgo_disrupcion to 2026-07-09 00:00:00+00:00, run_after=2026-07-10 00:00:00+00:00
[2026-07-09T03:26:19.861-0500] {processor.py:183} INFO - Processing /opt/airflow/dags/dag_estimar_riesgo_disrupcion.py took 0.489 seconds
[2026-07-09T03:26:50.251-0500] {processor.py:161} INFO - Started process (PID=15748) to work on /opt/airflow/dags/dag_estimar_riesgo_disrupcion.py
[2026-07-09T03:26:50.254-0500] {processor.py:830} INFO - Processing file /opt/airflow/dags/dag_estimar_riesgo_disrupcion.py for tasks to queue
[2026-07-09T03:26:50.256-0500] {logging_mixin.py:188} INFO - [2026-07-09T03:26:50.256-0500] {dagbag.py:545} INFO - Filling up the DagBag from /opt/airflow/dags/dag_estimar_riesgo_disrupcion.py
[2026-07-09T03:26:50.685-0500] {processor.py:840} INFO - DAG(s) 'aerotrack_travel_riesgo_disrupcion' retrieved from /opt/airflow/dags/dag_estimar_riesgo_disrupcion.py
[2026-07-09T03:26:50.719-0500] {logging_mixin.py:188} INFO - [2026-07-09T03:26:50.719-0500] {dag.py:3089} INFO - Sync 1 DAGs
[2026-07-09T03:26:50.739-0500] {logging_mixin.py:188} INFO - [2026-07-09T03:26:50.738-0500] {dag.py:3947} INFO - Setting next_dagrun for aerotrack_travel_riesgo_disrupcion to 2026-07-09 00:00:00+00:00, run_after=2026-07-10 00:00:00+00:00
[2026-07-09T03:26:50.759-0500] {processor.py:183} INFO - Processing /opt/airflow/dags/dag_estimar_riesgo_disrupcion.py took 0.513 seconds
[2026-07-09T03:27:21.561-0500] {processor.py:161} INFO - Started process (PID=15775) to work on /opt/airflow/dags/dag_estimar_riesgo_disrupcion.py
[2026-07-09T03:27:21.562-0500] {processor.py:830} INFO - Processing file /opt/airflow/dags/dag_estimar_riesgo_disrupcion.py for tasks to queue
[2026-07-09T03:27:21.564-0500] {logging_mixin.py:188} INFO - [2026-07-09T03:27:21.563-0500] {dagbag.py:545} INFO - Filling up the DagBag from /opt/airflow/dags/dag_estimar_riesgo_disrupcion.py
[2026-07-09T03:27:21.989-0500] {processor.py:840} INFO - DAG(s) 'aerotrack_travel_riesgo_disrupcion' retrieved from /opt/airflow/dags/dag_estimar_riesgo_disrupcion.py
[2026-07-09T03:27:22.022-0500] {logging_mixin.py:188} INFO - [2026-07-09T03:27:22.022-0500] {dag.py:3089} INFO - Sync 1 DAGs
[2026-07-09T03:27:22.041-0500] {logging_mixin.py:188} INFO - [2026-07-09T03:27:22.041-0500] {dag.py:3947} INFO - Setting next_dagrun for aerotrack_travel_riesgo_disrupcion to 2026-07-09 00:00:00+00:00, run_after=2026-07-10 00:00:00+00:00
[2026-07-09T03:27:22.058-0500] {processor.py:183} INFO - Processing /opt/airflow/dags/dag_estimar_riesgo_disrupcion.py took 0.503 seconds
[2026-07-09T03:27:52.476-0500] {processor.py:161} INFO - Started process (PID=15802) to work on /opt/airflow/dags/dag_estimar_riesgo_disrupcion.py
[2026-07-09T03:27:52.477-0500] {processor.py:830} INFO - Processing file /opt/airflow/dags/dag_estimar_riesgo_disrupcion.py for tasks to queue
[2026-07-09T03:27:52.478-0500] {logging_mixin.py:188} INFO - [2026-07-09T03:27:52.478-0500] {dagbag.py:545} INFO - Filling up the DagBag from /opt/airflow/dags/dag_estimar_riesgo_disrupcion.py
[2026-07-09T03:27:52.886-0500] {processor.py:840} INFO - DAG(s) 'aerotrack_travel_riesgo_disrupcion' retrieved from /opt/airflow/dags/dag_estimar_riesgo_disrupcion.py
[2026-07-09T03:27:52.917-0500] {logging_mixin.py:188} INFO - [2026-07-09T03:27:52.917-0500] {dag.py:3089} INFO - Sync 1 DAGs
[2026-07-09T03:27:52.937-0500] {logging_mixin.py:188} INFO - [2026-07-09T03:27:52.937-0500] {dag.py:3947} INFO - Setting next_dagrun for aerotrack_travel_riesgo_disrupcion to 2026-07-09 00:00:00+00:00, run_after=2026-07-10 00:00:00+00:00
[2026-07-09T03:27:52.956-0500] {processor.py:183} INFO - Processing /opt/airflow/dags/dag_estimar_riesgo_disrupcion.py took 0.485 seconds
[2026-07-09T03:28:23.849-0500] {processor.py:161} INFO - Started process (PID=15829) to work on /opt/airflow/dags/dag_estimar_riesgo_disrupcion.py
[2026-07-09T03:28:23.850-0500] {processor.py:830} INFO - Processing file /opt/airflow/dags/dag_estimar_riesgo_disrupcion.py for tasks to queue
[2026-07-09T03:28:23.859-0500] {logging_mixin.py:188} INFO - [2026-07-09T03:28:23.858-0500] {dagbag.py:545} INFO - Filling up the DagBag from /opt/airflow/dags/dag_estimar_riesgo_disrupcion.py
[2026-07-09T03:28:24.672-0500] {processor.py:840} INFO - DAG(s) 'aerotrack_travel_riesgo_disrupcion' retrieved from /opt/airflow/dags/dag_estimar_riesgo_disrupcion.py
[2026-07-09T03:28:24.781-0500] {logging_mixin.py:188} INFO - [2026-07-09T03:28:24.780-0500] {dag.py:3089} INFO - Sync 1 DAGs
[2026-07-09T03:28:24.825-0500] {logging_mixin.py:188} INFO - [2026-07-09T03:28:24.824-0500] {dag.py:3947} INFO - Setting next_dagrun for aerotrack_travel_riesgo_disrupcion to 2026-07-09 00:00:00+00:00, run_after=2026-07-10 00:00:00+00:00
[2026-07-09T03:28:24.851-0500] {processor.py:183} INFO - Processing /opt/airflow/dags/dag_estimar_riesgo_disrupcion.py took 1.020 seconds
[2026-07-09T03:28:55.634-0500] {processor.py:161} INFO - Started process (PID=15866) to work on /opt/airflow/dags/dag_estimar_riesgo_disrupcion.py
[2026-07-09T03:28:55.636-0500] {processor.py:830} INFO - Processing file /opt/airflow/dags/dag_estimar_riesgo_disrupcion.py for tasks to queue
[2026-07-09T03:28:55.637-0500] {logging_mixin.py:188} INFO - [2026-07-09T03:28:55.637-0500] {dagbag.py:545} INFO - Filling up the DagBag from /opt/airflow/dags/dag_estimar_riesgo_disrupcion.py
[2026-07-09T03:28:56.069-0500] {processor.py:840} INFO - DAG(s) 'aerotrack_travel_riesgo_disrupcion' retrieved from /opt/airflow/dags/dag_estimar_riesgo_disrupcion.py
[2026-07-09T03:28:56.107-0500] {logging_mixin.py:188} INFO - [2026-07-09T03:28:56.107-0500] {dag.py:3089} INFO - Sync 1 DAGs
[2026-07-09T03:28:56.128-0500] {logging_mixin.py:188} INFO - [2026-07-09T03:28:56.127-0500] {dag.py:3947} INFO - Setting next_dagrun for aerotrack_travel_riesgo_disrupcion to 2026-07-09 00:00:00+00:00, run_after=2026-07-10 00:00:00+00:00
[2026-07-09T03:28:56.295-0500] {processor.py:183} INFO - Processing /opt/airflow/dags/dag_estimar_riesgo_disrupcion.py took 0.666 seconds
[2026-07-09T03:29:26.976-0500] {processor.py:161} INFO - Started process (PID=15893) to work on /opt/airflow/dags/dag_estimar_riesgo_disrupcion.py
[2026-07-09T03:29:26.977-0500] {processor.py:830} INFO - Processing file /opt/airflow/dags/dag_estimar_riesgo_disrupcion.py for tasks to queue
[2026-07-09T03:29:26.979-0500] {logging_mixin.py:188} INFO - [2026-07-09T03:29:26.979-0500] {dagbag.py:545} INFO - Filling up the DagBag from /opt/airflow/dags/dag_estimar_riesgo_disrupcion.py
[2026-07-09T03:29:27.525-0500] {processor.py:840} INFO - DAG(s) 'aerotrack_travel_riesgo_disrupcion' retrieved from /opt/airflow/dags/dag_estimar_riesgo_disrupcion.py
[2026-07-09T03:29:27.570-0500] {logging_mixin.py:188} INFO - [2026-07-09T03:29:27.570-0500] {dag.py:3089} INFO - Sync 1 DAGs
[2026-07-09T03:29:27.604-0500] {logging_mixin.py:188} INFO - [2026-07-09T03:29:27.603-0500] {dag.py:3947} INFO - Setting next_dagrun for aerotrack_travel_riesgo_disrupcion to 2026-07-09 00:00:00+00:00, run_after=2026-07-10 00:00:00+00:00
[2026-07-09T03:29:27.640-0500] {processor.py:183} INFO - Processing /opt/airflow/dags/dag_estimar_riesgo_disrupcion.py took 0.674 seconds
[2026-07-09T03:29:58.339-0500] {processor.py:161} INFO - Started process (PID=15920) to work on /opt/airflow/dags/dag_estimar_riesgo_disrupcion.py
[2026-07-09T03:29:58.341-0500] {processor.py:830} INFO - Processing file /opt/airflow/dags/dag_estimar_riesgo_disrupcion.py for tasks to queue
[2026-07-09T03:29:58.343-0500] {logging_mixin.py:188} INFO - [2026-07-09T03:29:58.342-0500] {dagbag.py:545} INFO - Filling up the DagBag from /opt/airflow/dags/dag_estimar_riesgo_disrupcion.py
[2026-07-09T03:29:58.799-0500] {processor.py:840} INFO - DAG(s) 'aerotrack_travel_riesgo_disrupcion' retrieved from /opt/airflow/dags/dag_estimar_riesgo_disrupcion.py
[2026-07-09T03:29:58.832-0500] {logging_mixin.py:188} INFO - [2026-07-09T03:29:58.831-0500] {dag.py:3089} INFO - Sync 1 DAGs
[2026-07-09T03:29:58.850-0500] {logging_mixin.py:188} INFO - [2026-07-09T03:29:58.850-0500] {dag.py:3947} INFO - Setting next_dagrun for aerotrack_travel_riesgo_disrupcion to 2026-07-09 00:00:00+00:00, run_after=2026-07-10 00:00:00+00:00
[2026-07-09T03:29:58.877-0500] {processor.py:183} INFO - Processing /opt/airflow/dags/dag_estimar_riesgo_disrupcion.py took 0.542 seconds
[2026-07-09T03:30:28.943-0500] {processor.py:161} INFO - Started process (PID=15947) to work on /opt/airflow/dags/dag_estimar_riesgo_disrupcion.py
[2026-07-09T03:30:28.944-0500] {processor.py:830} INFO - Processing file /opt/airflow/dags/dag_estimar_riesgo_disrupcion.py for tasks to queue
[2026-07-09T03:30:28.946-0500] {logging_mixin.py:188} INFO - [2026-07-09T03:30:28.946-0500] {dagbag.py:545} INFO - Filling up the DagBag from /opt/airflow/dags/dag_estimar_riesgo_disrupcion.py
[2026-07-09T03:30:29.376-0500] {processor.py:840} INFO - DAG(s) 'aerotrack_travel_riesgo_disrupcion' retrieved from /opt/airflow/dags/dag_estimar_riesgo_disrupcion.py
[2026-07-09T03:30:29.412-0500] {logging_mixin.py:188} INFO - [2026-07-09T03:30:29.411-0500] {dag.py:3089} INFO - Sync 1 DAGs
[2026-07-09T03:30:29.430-0500] {logging_mixin.py:188} INFO - [2026-07-09T03:30:29.430-0500] {dag.py:3947} INFO - Setting next_dagrun for aerotrack_travel_riesgo_disrupcion to 2026-07-09 00:00:00+00:00, run_after=2026-07-10 00:00:00+00:00
[2026-07-09T03:30:29.447-0500] {processor.py:183} INFO - Processing /opt/airflow/dags/dag_estimar_riesgo_disrupcion.py took 0.509 seconds
[2026-07-09T03:30:59.774-0500] {processor.py:161} INFO - Started process (PID=15974) to work on /opt/airflow/dags/dag_estimar_riesgo_disrupcion.py
[2026-07-09T03:30:59.775-0500] {processor.py:830} INFO - Processing file /opt/airflow/dags/dag_estimar_riesgo_disrupcion.py for tasks to queue
[2026-07-09T03:30:59.776-0500] {logging_mixin.py:188} INFO - [2026-07-09T03:30:59.776-0500] {dagbag.py:545} INFO - Filling up the DagBag from /opt/airflow/dags/dag_estimar_riesgo_disrupcion.py
[2026-07-09T03:31:00.221-0500] {processor.py:840} INFO - DAG(s) 'aerotrack_travel_riesgo_disrupcion' retrieved from /opt/airflow/dags/dag_estimar_riesgo_disrupcion.py
[2026-07-09T03:31:00.258-0500] {logging_mixin.py:188} INFO - [2026-07-09T03:31:00.258-0500] {dag.py:3089} INFO - Sync 1 DAGs
[2026-07-09T03:31:00.279-0500] {logging_mixin.py:188} INFO - [2026-07-09T03:31:00.278-0500] {dag.py:3947} INFO - Setting next_dagrun for aerotrack_travel_riesgo_disrupcion to 2026-07-09 00:00:00+00:00, run_after=2026-07-10 00:00:00+00:00
[2026-07-09T03:31:00.439-0500] {processor.py:183} INFO - Processing /opt/airflow/dags/dag_estimar_riesgo_disrupcion.py took 0.669 seconds
[2026-07-09T03:31:30.886-0500] {processor.py:161} INFO - Started process (PID=16001) to work on /opt/airflow/dags/dag_estimar_riesgo_disrupcion.py
[2026-07-09T03:31:30.887-0500] {processor.py:830} INFO - Processing file /opt/airflow/dags/dag_estimar_riesgo_disrupcion.py for tasks to queue
[2026-07-09T03:31:30.889-0500] {logging_mixin.py:188} INFO - [2026-07-09T03:31:30.889-0500] {dagbag.py:545} INFO - Filling up the DagBag from /opt/airflow/dags/dag_estimar_riesgo_disrupcion.py
[2026-07-09T03:31:31.349-0500] {processor.py:840} INFO - DAG(s) 'aerotrack_travel_riesgo_disrupcion' retrieved from /opt/airflow/dags/dag_estimar_riesgo_disrupcion.py
[2026-07-09T03:31:31.388-0500] {logging_mixin.py:188} INFO - [2026-07-09T03:31:31.388-0500] {dag.py:3089} INFO - Sync 1 DAGs
[2026-07-09T03:31:31.412-0500] {logging_mixin.py:188} INFO - [2026-07-09T03:31:31.411-0500] {dag.py:3947} INFO - Setting next_dagrun for aerotrack_travel_riesgo_disrupcion to 2026-07-09 00:00:00+00:00, run_after=2026-07-10 00:00:00+00:00
[2026-07-09T03:31:31.430-0500] {processor.py:183} INFO - Processing /opt/airflow/dags/dag_estimar_riesgo_disrupcion.py took 0.549 seconds
[2026-07-09T03:32:01.792-0500] {processor.py:161} INFO - Started process (PID=16028) to work on /opt/airflow/dags/dag_estimar_riesgo_disrupcion.py
[2026-07-09T03:32:01.793-0500] {processor.py:830} INFO - Processing file /opt/airflow/dags/dag_estimar_riesgo_disrupcion.py for tasks to queue
[2026-07-09T03:32:01.794-0500] {logging_mixin.py:188} INFO - [2026-07-09T03:32:01.794-0500] {dagbag.py:545} INFO - Filling up the DagBag from /opt/airflow/dags/dag_estimar_riesgo_disrupcion.py
[2026-07-09T03:32:02.215-0500] {processor.py:840} INFO - DAG(s) 'aerotrack_travel_riesgo_disrupcion' retrieved from /opt/airflow/dags/dag_estimar_riesgo_disrupcion.py
[2026-07-09T03:32:02.245-0500] {logging_mixin.py:188} INFO - [2026-07-09T03:32:02.245-0500] {dag.py:3089} INFO - Sync 1 DAGs
[2026-07-09T03:32:02.265-0500] {logging_mixin.py:188} INFO - [2026-07-09T03:32:02.265-0500] {dag.py:3947} INFO - Setting next_dagrun for aerotrack_travel_riesgo_disrupcion to 2026-07-09 00:00:00+00:00, run_after=2026-07-10 00:00:00+00:00
[2026-07-09T03:32:02.308-0500] {processor.py:183} INFO - Processing /opt/airflow/dags/dag_estimar_riesgo_disrupcion.py took 0.521 seconds
[2026-07-09T03:32:32.626-0500] {processor.py:161} INFO - Started process (PID=16055) to work on /opt/airflow/dags/dag_estimar_riesgo_disrupcion.py
[2026-07-09T03:32:32.627-0500] {processor.py:830} INFO - Processing file /opt/airflow/dags/dag_estimar_riesgo_disrupcion.py for tasks to queue
[2026-07-09T03:32:32.628-0500] {logging_mixin.py:188} INFO - [2026-07-09T03:32:32.628-0500] {dagbag.py:545} INFO - Filling up the DagBag from /opt/airflow/dags/dag_estimar_riesgo_disrupcion.py
[2026-07-09T03:32:33.037-0500] {processor.py:840} INFO - DAG(s) 'aerotrack_travel_riesgo_disrupcion' retrieved from /opt/airflow/dags/dag_estimar_riesgo_disrupcion.py
[2026-07-09T03:32:33.068-0500] {logging_mixin.py:188} INFO - [2026-07-09T03:32:33.067-0500] {dag.py:3089} INFO - Sync 1 DAGs
[2026-07-09T03:32:33.084-0500] {logging_mixin.py:188} INFO - [2026-07-09T03:32:33.084-0500] {dag.py:3947} INFO - Setting next_dagrun for aerotrack_travel_riesgo_disrupcion to 2026-07-09 00:00:00+00:00, run_after=2026-07-10 00:00:00+00:00
[2026-07-09T03:32:33.120-0500] {processor.py:183} INFO - Processing /opt/airflow/dags/dag_estimar_riesgo_disrupcion.py took 0.499 seconds
[2026-07-09T03:33:03.412-0500] {processor.py:161} INFO - Started process (PID=16082) to work on /opt/airflow/dags/dag_estimar_riesgo_disrupcion.py
[2026-07-09T03:33:03.413-0500] {processor.py:830} INFO - Processing file /opt/airflow/dags/dag_estimar_riesgo_disrupcion.py for tasks to queue
[2026-07-09T03:33:03.414-0500] {logging_mixin.py:188} INFO - [2026-07-09T03:33:03.414-0500] {dagbag.py:545} INFO - Filling up the DagBag from /opt/airflow/dags/dag_estimar_riesgo_disrupcion.py
[2026-07-09T03:33:03.832-0500] {processor.py:840} INFO - DAG(s) 'aerotrack_travel_riesgo_disrupcion' retrieved from /opt/airflow/dags/dag_estimar_riesgo_disrupcion.py
[2026-07-09T03:33:03.862-0500] {logging_mixin.py:188} INFO - [2026-07-09T03:33:03.862-0500] {dag.py:3089} INFO - Sync 1 DAGs
[2026-07-09T03:33:03.879-0500] {logging_mixin.py:188} INFO - [2026-07-09T03:33:03.879-0500] {dag.py:3947} INFO - Setting next_dagrun for aerotrack_travel_riesgo_disrupcion to 2026-07-09 00:00:00+00:00, run_after=2026-07-10 00:00:00+00:00
[2026-07-09T03:33:04.030-0500] {processor.py:183} INFO - Processing /opt/airflow/dags/dag_estimar_riesgo_disrupcion.py took 0.623 seconds
[2026-07-09T03:33:34.291-0500] {processor.py:161} INFO - Started process (PID=16109) to work on /opt/airflow/dags/dag_estimar_riesgo_disrupcion.py
[2026-07-09T03:33:34.292-0500] {processor.py:830} INFO - Processing file /opt/airflow/dags/dag_estimar_riesgo_disrupcion.py for tasks to queue
[2026-07-09T03:33:34.293-0500] {logging_mixin.py:188} INFO - [2026-07-09T03:33:34.293-0500] {dagbag.py:545} INFO - Filling up the DagBag from /opt/airflow/dags/dag_estimar_riesgo_disrupcion.py
[2026-07-09T03:33:34.746-0500] {processor.py:840} INFO - DAG(s) 'aerotrack_travel_riesgo_disrupcion' retrieved from /opt/airflow/dags/dag_estimar_riesgo_disrupcion.py
[2026-07-09T03:33:34.780-0500] {logging_mixin.py:188} INFO - [2026-07-09T03:33:34.780-0500] {dag.py:3089} INFO - Sync 1 DAGs
[2026-07-09T03:33:34.802-0500] {logging_mixin.py:188} INFO - [2026-07-09T03:33:34.802-0500] {dag.py:3947} INFO - Setting next_dagrun for aerotrack_travel_riesgo_disrupcion to 2026-07-09 00:00:00+00:00, run_after=2026-07-10 00:00:00+00:00
[2026-07-09T03:33:34.819-0500] {processor.py:183} INFO - Processing /opt/airflow/dags/dag_estimar_riesgo_disrupcion.py took 0.534 seconds
[2026-07-09T03:34:05.160-0500] {processor.py:161} INFO - Started process (PID=16136) to work on /opt/airflow/dags/dag_estimar_riesgo_disrupcion.py
[2026-07-09T03:34:05.161-0500] {processor.py:830} INFO - Processing file /opt/airflow/dags/dag_estimar_riesgo_disrupcion.py for tasks to queue
[2026-07-09T03:34:05.162-0500] {logging_mixin.py:188} INFO - [2026-07-09T03:34:05.162-0500] {dagbag.py:545} INFO - Filling up the DagBag from /opt/airflow/dags/dag_estimar_riesgo_disrupcion.py
[2026-07-09T03:34:05.664-0500] {processor.py:840} INFO - DAG(s) 'aerotrack_travel_riesgo_disrupcion' retrieved from /opt/airflow/dags/dag_estimar_riesgo_disrupcion.py
[2026-07-09T03:34:05.693-0500] {logging_mixin.py:188} INFO - [2026-07-09T03:34:05.693-0500] {dag.py:3089} INFO - Sync 1 DAGs
[2026-07-09T03:34:05.710-0500] {logging_mixin.py:188} INFO - [2026-07-09T03:34:05.710-0500] {dag.py:3947} INFO - Setting next_dagrun for aerotrack_travel_riesgo_disrupcion to 2026-07-09 00:00:00+00:00, run_after=2026-07-10 00:00:00+00:00
[2026-07-09T03:34:05.727-0500] {processor.py:183} INFO - Processing /opt/airflow/dags/dag_estimar_riesgo_disrupcion.py took 0.572 seconds
[2026-07-09T03:34:36.080-0500] {processor.py:161} INFO - Started process (PID=16163) to work on /opt/airflow/dags/dag_estimar_riesgo_disrupcion.py
[2026-07-09T03:34:36.081-0500] {processor.py:830} INFO - Processing file /opt/airflow/dags/dag_estimar_riesgo_disrupcion.py for tasks to queue
[2026-07-09T03:34:36.083-0500] {logging_mixin.py:188} INFO - [2026-07-09T03:34:36.082-0500] {dagbag.py:545} INFO - Filling up the DagBag from /opt/airflow/dags/dag_estimar_riesgo_disrupcion.py
[2026-07-09T03:34:36.536-0500] {processor.py:840} INFO - DAG(s) 'aerotrack_travel_riesgo_disrupcion' retrieved from /opt/airflow/dags/dag_estimar_riesgo_disrupcion.py
[2026-07-09T03:34:36.572-0500] {logging_mixin.py:188} INFO - [2026-07-09T03:34:36.572-0500] {dag.py:3089} INFO - Sync 1 DAGs
[2026-07-09T03:34:36.592-0500] {logging_mixin.py:188} INFO - [2026-07-09T03:34:36.592-0500] {dag.py:3947} INFO - Setting next_dagrun for aerotrack_travel_riesgo_disrupcion to 2026-07-09 00:00:00+00:00, run_after=2026-07-10 00:00:00+00:00
[2026-07-09T03:34:36.610-0500] {processor.py:183} INFO - Processing /opt/airflow/dags/dag_estimar_riesgo_disrupcion.py took 0.536 seconds
[2026-07-09T03:35:06.953-0500] {processor.py:161} INFO - Started process (PID=16190) to work on /opt/airflow/dags/dag_estimar_riesgo_disrupcion.py
[2026-07-09T03:35:06.954-0500] {processor.py:830} INFO - Processing file /opt/airflow/dags/dag_estimar_riesgo_disrupcion.py for tasks to queue
[2026-07-09T03:35:06.956-0500] {logging_mixin.py:188} INFO - [2026-07-09T03:35:06.955-0500] {dagbag.py:545} INFO - Filling up the DagBag from /opt/airflow/dags/dag_estimar_riesgo_disrupcion.py
[2026-07-09T03:35:07.423-0500] {processor.py:840} INFO - DAG(s) 'aerotrack_travel_riesgo_disrupcion' retrieved from /opt/airflow/dags/dag_estimar_riesgo_disrupcion.py
[2026-07-09T03:35:07.458-0500] {logging_mixin.py:188} INFO - [2026-07-09T03:35:07.458-0500] {dag.py:3089} INFO - Sync 1 DAGs
[2026-07-09T03:35:07.479-0500] {logging_mixin.py:188} INFO - [2026-07-09T03:35:07.478-0500] {dag.py:3947} INFO - Setting next_dagrun for aerotrack_travel_riesgo_disrupcion to 2026-07-09 00:00:00+00:00, run_after=2026-07-10 00:00:00+00:00
[2026-07-09T03:35:07.665-0500] {processor.py:183} INFO - Processing /opt/airflow/dags/dag_estimar_riesgo_disrupcion.py took 0.718 seconds
[2026-07-09T03:35:38.074-0500] {processor.py:161} INFO - Started process (PID=16217) to work on /opt/airflow/dags/dag_estimar_riesgo_disrupcion.py
[2026-07-09T03:35:38.075-0500] {processor.py:830} INFO - Processing file /opt/airflow/dags/dag_estimar_riesgo_disrupcion.py for tasks to queue
[2026-07-09T03:35:38.077-0500] {logging_mixin.py:188} INFO - [2026-07-09T03:35:38.077-0500] {dagbag.py:545} INFO - Filling up the DagBag from /opt/airflow/dags/dag_estimar_riesgo_disrupcion.py
[2026-07-09T03:35:38.523-0500] {processor.py:840} INFO - DAG(s) 'aerotrack_travel_riesgo_disrupcion' retrieved from /opt/airflow/dags/dag_estimar_riesgo_disrupcion.py
[2026-07-09T03:35:38.554-0500] {logging_mixin.py:188} INFO - [2026-07-09T03:35:38.553-0500] {dag.py:3089} INFO - Sync 1 DAGs
[2026-07-09T03:35:38.572-0500] {logging_mixin.py:188} INFO - [2026-07-09T03:35:38.572-0500] {dag.py:3947} INFO - Setting next_dagrun for aerotrack_travel_riesgo_disrupcion to 2026-07-09 00:00:00+00:00, run_after=2026-07-10 00:00:00+00:00
[2026-07-09T03:35:38.589-0500] {processor.py:183} INFO - Processing /opt/airflow/dags/dag_estimar_riesgo_disrupcion.py took 0.520 seconds
[2026-07-09T03:36:08.930-0500] {processor.py:161} INFO - Started process (PID=16244) to work on /opt/airflow/dags/dag_estimar_riesgo_disrupcion.py
[2026-07-09T03:36:08.931-0500] {processor.py:830} INFO - Processing file /opt/airflow/dags/dag_estimar_riesgo_disrupcion.py for tasks to queue
[2026-07-09T03:36:08.933-0500] {logging_mixin.py:188} INFO - [2026-07-09T03:36:08.932-0500] {dagbag.py:545} INFO - Filling up the DagBag from /opt/airflow/dags/dag_estimar_riesgo_disrupcion.py
[2026-07-09T03:36:09.349-0500] {processor.py:840} INFO - DAG(s) 'aerotrack_travel_riesgo_disrupcion' retrieved from /opt/airflow/dags/dag_estimar_riesgo_disrupcion.py
[2026-07-09T03:36:09.379-0500] {logging_mixin.py:188} INFO - [2026-07-09T03:36:09.379-0500] {dag.py:3089} INFO - Sync 1 DAGs
[2026-07-09T03:36:09.399-0500] {logging_mixin.py:188} INFO - [2026-07-09T03:36:09.398-0500] {dag.py:3947} INFO - Setting next_dagrun for aerotrack_travel_riesgo_disrupcion to 2026-07-09 00:00:00+00:00, run_after=2026-07-10 00:00:00+00:00
[2026-07-09T03:36:09.415-0500] {processor.py:183} INFO - Processing /opt/airflow/dags/dag_estimar_riesgo_disrupcion.py took 0.490 seconds
[2026-07-09T03:36:39.792-0500] {processor.py:161} INFO - Started process (PID=16271) to work on /opt/airflow/dags/dag_estimar_riesgo_disrupcion.py
[2026-07-09T03:36:39.793-0500] {processor.py:830} INFO - Processing file /opt/airflow/dags/dag_estimar_riesgo_disrupcion.py for tasks to queue
[2026-07-09T03:36:39.795-0500] {logging_mixin.py:188} INFO - [2026-07-09T03:36:39.794-0500] {dagbag.py:545} INFO - Filling up the DagBag from /opt/airflow/dags/dag_estimar_riesgo_disrupcion.py
[2026-07-09T03:36:40.195-0500] {processor.py:840} INFO - DAG(s) 'aerotrack_travel_riesgo_disrupcion' retrieved from /opt/airflow/dags/dag_estimar_riesgo_disrupcion.py
[2026-07-09T03:36:40.228-0500] {logging_mixin.py:188} INFO - [2026-07-09T03:36:40.228-0500] {dag.py:3089} INFO - Sync 1 DAGs
[2026-07-09T03:36:40.247-0500] {logging_mixin.py:188} INFO - [2026-07-09T03:36:40.246-0500] {dag.py:3947} INFO - Setting next_dagrun for aerotrack_travel_riesgo_disrupcion to 2026-07-09 00:00:00+00:00, run_after=2026-07-10 00:00:00+00:00
[2026-07-09T03:36:40.263-0500] {processor.py:183} INFO - Processing /opt/airflow/dags/dag_estimar_riesgo_disrupcion.py took 0.476 seconds
[2026-07-09T03:37:10.676-0500] {processor.py:161} INFO - Started process (PID=16298) to work on /opt/airflow/dags/dag_estimar_riesgo_disrupcion.py
[2026-07-09T03:37:10.677-0500] {processor.py:830} INFO - Processing file /opt/airflow/dags/dag_estimar_riesgo_disrupcion.py for tasks to queue
[2026-07-09T03:37:10.679-0500] {logging_mixin.py:188} INFO - [2026-07-09T03:37:10.678-0500] {dagbag.py:545} INFO - Filling up the DagBag from /opt/airflow/dags/dag_estimar_riesgo_disrupcion.py
[2026-07-09T03:37:11.088-0500] {processor.py:840} INFO - DAG(s) 'aerotrack_travel_riesgo_disrupcion' retrieved from /opt/airflow/dags/dag_estimar_riesgo_disrupcion.py
[2026-07-09T03:37:11.125-0500] {logging_mixin.py:188} INFO - [2026-07-09T03:37:11.125-0500] {dag.py:3089} INFO - Sync 1 DAGs
[2026-07-09T03:37:11.144-0500] {logging_mixin.py:188} INFO - [2026-07-09T03:37:11.144-0500] {dag.py:3947} INFO - Setting next_dagrun for aerotrack_travel_riesgo_disrupcion to 2026-07-09 00:00:00+00:00, run_after=2026-07-10 00:00:00+00:00
[2026-07-09T03:37:11.290-0500] {processor.py:183} INFO - Processing /opt/airflow/dags/dag_estimar_riesgo_disrupcion.py took 0.619 seconds
[2026-07-09T03:37:41.551-0500] {processor.py:161} INFO - Started process (PID=16325) to work on /opt/airflow/dags/dag_estimar_riesgo_disrupcion.py
[2026-07-09T03:37:41.552-0500] {processor.py:830} INFO - Processing file /opt/airflow/dags/dag_estimar_riesgo_disrupcion.py for tasks to queue
[2026-07-09T03:37:41.553-0500] {logging_mixin.py:188} INFO - [2026-07-09T03:37:41.553-0500] {dagbag.py:545} INFO - Filling up the DagBag from /opt/airflow/dags/dag_estimar_riesgo_disrupcion.py
[2026-07-09T03:37:41.988-0500] {processor.py:840} INFO - DAG(s) 'aerotrack_travel_riesgo_disrupcion' retrieved from /opt/airflow/dags/dag_estimar_riesgo_disrupcion.py
[2026-07-09T03:37:42.025-0500] {logging_mixin.py:188} INFO - [2026-07-09T03:37:42.024-0500] {dag.py:3089} INFO - Sync 1 DAGs
[2026-07-09T03:37:42.044-0500] {logging_mixin.py:188} INFO - [2026-07-09T03:37:42.044-0500] {dag.py:3947} INFO - Setting next_dagrun for aerotrack_travel_riesgo_disrupcion to 2026-07-09 00:00:00+00:00, run_after=2026-07-10 00:00:00+00:00
[2026-07-09T03:37:42.063-0500] {processor.py:183} INFO - Processing /opt/airflow/dags/dag_estimar_riesgo_disrupcion.py took 0.517 seconds
[2026-07-09T03:38:12.413-0500] {processor.py:161} INFO - Started process (PID=16352) to work on /opt/airflow/dags/dag_estimar_riesgo_disrupcion.py
[2026-07-09T03:38:12.414-0500] {processor.py:830} INFO - Processing file /opt/airflow/dags/dag_estimar_riesgo_disrupcion.py for tasks to queue
[2026-07-09T03:38:12.415-0500] {logging_mixin.py:188} INFO - [2026-07-09T03:38:12.415-0500] {dagbag.py:545} INFO - Filling up the DagBag from /opt/airflow/dags/dag_estimar_riesgo_disrupcion.py
[2026-07-09T03:38:12.824-0500] {processor.py:840} INFO - DAG(s) 'aerotrack_travel_riesgo_disrupcion' retrieved from /opt/airflow/dags/dag_estimar_riesgo_disrupcion.py
[2026-07-09T03:38:12.854-0500] {logging_mixin.py:188} INFO - [2026-07-09T03:38:12.853-0500] {dag.py:3089} INFO - Sync 1 DAGs
[2026-07-09T03:38:12.871-0500] {logging_mixin.py:188} INFO - [2026-07-09T03:38:12.870-0500] {dag.py:3947} INFO - Setting next_dagrun for aerotrack_travel_riesgo_disrupcion to 2026-07-09 00:00:00+00:00, run_after=2026-07-10 00:00:00+00:00
[2026-07-09T03:38:12.886-0500] {processor.py:183} INFO - Processing /opt/airflow/dags/dag_estimar_riesgo_disrupcion.py took 0.478 seconds
[2026-07-09T03:38:43.349-0500] {processor.py:161} INFO - Started process (PID=16379) to work on /opt/airflow/dags/dag_estimar_riesgo_disrupcion.py
[2026-07-09T03:38:43.350-0500] {processor.py:830} INFO - Processing file /opt/airflow/dags/dag_estimar_riesgo_disrupcion.py for tasks to queue
[2026-07-09T03:38:43.351-0500] {logging_mixin.py:188} INFO - [2026-07-09T03:38:43.351-0500] {dagbag.py:545} INFO - Filling up the DagBag from /opt/airflow/dags/dag_estimar_riesgo_disrupcion.py
[2026-07-09T03:38:43.744-0500] {processor.py:840} INFO - DAG(s) 'aerotrack_travel_riesgo_disrupcion' retrieved from /opt/airflow/dags/dag_estimar_riesgo_disrupcion.py
[2026-07-09T03:38:43.775-0500] {logging_mixin.py:188} INFO - [2026-07-09T03:38:43.774-0500] {dag.py:3089} INFO - Sync 1 DAGs
[2026-07-09T03:38:43.792-0500] {logging_mixin.py:188} INFO - [2026-07-09T03:38:43.792-0500] {dag.py:3947} INFO - Setting next_dagrun for aerotrack_travel_riesgo_disrupcion to 2026-07-09 00:00:00+00:00, run_after=2026-07-10 00:00:00+00:00
[2026-07-09T03:38:43.807-0500] {processor.py:183} INFO - Processing /opt/airflow/dags/dag_estimar_riesgo_disrupcion.py took 0.463 seconds
[2026-07-09T03:39:14.148-0500] {processor.py:161} INFO - Started process (PID=16406) to work on /opt/airflow/dags/dag_estimar_riesgo_disrupcion.py
[2026-07-09T03:39:14.149-0500] {processor.py:830} INFO - Processing file /opt/airflow/dags/dag_estimar_riesgo_disrupcion.py for tasks to queue
[2026-07-09T03:39:14.151-0500] {logging_mixin.py:188} INFO - [2026-07-09T03:39:14.150-0500] {dagbag.py:545} INFO - Filling up the DagBag from /opt/airflow/dags/dag_estimar_riesgo_disrupcion.py
[2026-07-09T03:39:14.593-0500] {processor.py:840} INFO - DAG(s) 'aerotrack_travel_riesgo_disrupcion' retrieved from /opt/airflow/dags/dag_estimar_riesgo_disrupcion.py
[2026-07-09T03:39:14.630-0500] {logging_mixin.py:188} INFO - [2026-07-09T03:39:14.630-0500] {dag.py:3089} INFO - Sync 1 DAGs
[2026-07-09T03:39:14.650-0500] {logging_mixin.py:188} INFO - [2026-07-09T03:39:14.650-0500] {dag.py:3947} INFO - Setting next_dagrun for aerotrack_travel_riesgo_disrupcion to 2026-07-09 00:00:00+00:00, run_after=2026-07-10 00:00:00+00:00
[2026-07-09T03:39:14.817-0500] {processor.py:183} INFO - Processing /opt/airflow/dags/dag_estimar_riesgo_disrupcion.py took 0.675 seconds
[2026-07-09T03:39:45.119-0500] {processor.py:161} INFO - Started process (PID=16433) to work on /opt/airflow/dags/dag_estimar_riesgo_disrupcion.py
[2026-07-09T03:39:45.120-0500] {processor.py:830} INFO - Processing file /opt/airflow/dags/dag_estimar_riesgo_disrupcion.py for tasks to queue
[2026-07-09T03:39:45.122-0500] {logging_mixin.py:188} INFO - [2026-07-09T03:39:45.121-0500] {dagbag.py:545} INFO - Filling up the DagBag from /opt/airflow/dags/dag_estimar_riesgo_disrupcion.py
[2026-07-09T03:39:45.580-0500] {processor.py:840} INFO - DAG(s) 'aerotrack_travel_riesgo_disrupcion' retrieved from /opt/airflow/dags/dag_estimar_riesgo_disrupcion.py
[2026-07-09T03:39:45.628-0500] {logging_mixin.py:188} INFO - [2026-07-09T03:39:45.627-0500] {dag.py:3089} INFO - Sync 1 DAGs
[2026-07-09T03:39:45.660-0500] {logging_mixin.py:188} INFO - [2026-07-09T03:39:45.659-0500] {dag.py:3947} INFO - Setting next_dagrun for aerotrack_travel_riesgo_disrupcion to 2026-07-09 00:00:00+00:00, run_after=2026-07-10 00:00:00+00:00
[2026-07-09T03:39:45.719-0500] {processor.py:183} INFO - Processing /opt/airflow/dags/dag_estimar_riesgo_disrupcion.py took 0.605 seconds
[2026-07-09T03:40:16.066-0500] {processor.py:161} INFO - Started process (PID=16460) to work on /opt/airflow/dags/dag_estimar_riesgo_disrupcion.py
[2026-07-09T03:40:16.067-0500] {processor.py:830} INFO - Processing file /opt/airflow/dags/dag_estimar_riesgo_disrupcion.py for tasks to queue
[2026-07-09T03:40:16.069-0500] {logging_mixin.py:188} INFO - [2026-07-09T03:40:16.068-0500] {dagbag.py:545} INFO - Filling up the DagBag from /opt/airflow/dags/dag_estimar_riesgo_disrupcion.py
[2026-07-09T03:40:16.511-0500] {processor.py:840} INFO - DAG(s) 'aerotrack_travel_riesgo_disrupcion' retrieved from /opt/airflow/dags/dag_estimar_riesgo_disrupcion.py
[2026-07-09T03:40:16.546-0500] {logging_mixin.py:188} INFO - [2026-07-09T03:40:16.546-0500] {dag.py:3089} INFO - Sync 1 DAGs
[2026-07-09T03:40:16.566-0500] {logging_mixin.py:188} INFO - [2026-07-09T03:40:16.566-0500] {dag.py:3947} INFO - Setting next_dagrun for aerotrack_travel_riesgo_disrupcion to 2026-07-09 00:00:00+00:00, run_after=2026-07-10 00:00:00+00:00
[2026-07-09T03:40:16.590-0500] {processor.py:183} INFO - Processing /opt/airflow/dags/dag_estimar_riesgo_disrupcion.py took 0.528 seconds
[2026-07-09T03:40:46.949-0500] {processor.py:161} INFO - Started process (PID=16487) to work on /opt/airflow/dags/dag_estimar_riesgo_disrupcion.py
[2026-07-09T03:40:46.951-0500] {processor.py:830} INFO - Processing file /opt/airflow/dags/dag_estimar_riesgo_disrupcion.py for tasks to queue
[2026-07-09T03:40:46.952-0500] {logging_mixin.py:188} INFO - [2026-07-09T03:40:46.952-0500] {dagbag.py:545} INFO - Filling up the DagBag from /opt/airflow/dags/dag_estimar_riesgo_disrupcion.py
[2026-07-09T03:40:47.433-0500] {processor.py:840} INFO - DAG(s) 'aerotrack_travel_riesgo_disrupcion' retrieved from /opt/airflow/dags/dag_estimar_riesgo_disrupcion.py
[2026-07-09T03:40:47.475-0500] {logging_mixin.py:188} INFO - [2026-07-09T03:40:47.474-0500] {dag.py:3089} INFO - Sync 1 DAGs
[2026-07-09T03:40:47.500-0500] {logging_mixin.py:188} INFO - [2026-07-09T03:40:47.500-0500] {dag.py:3947} INFO - Setting next_dagrun for aerotrack_travel_riesgo_disrupcion to 2026-07-09 00:00:00+00:00, run_after=2026-07-10 00:00:00+00:00
[2026-07-09T03:40:47.523-0500] {processor.py:183} INFO - Processing /opt/airflow/dags/dag_estimar_riesgo_disrupcion.py took 0.579 seconds
[2026-07-09T03:41:17.889-0500] {processor.py:161} INFO - Started process (PID=16514) to work on /opt/airflow/dags/dag_estimar_riesgo_disrupcion.py
[2026-07-09T03:41:17.890-0500] {processor.py:830} INFO - Processing file /opt/airflow/dags/dag_estimar_riesgo_disrupcion.py for tasks to queue
[2026-07-09T03:41:17.892-0500] {logging_mixin.py:188} INFO - [2026-07-09T03:41:17.891-0500] {dagbag.py:545} INFO - Filling up the DagBag from /opt/airflow/dags/dag_estimar_riesgo_disrupcion.py
[2026-07-09T03:41:18.327-0500] {processor.py:840} INFO - DAG(s) 'aerotrack_travel_riesgo_disrupcion' retrieved from /opt/airflow/dags/dag_estimar_riesgo_disrupcion.py
[2026-07-09T03:41:18.358-0500] {logging_mixin.py:188} INFO - [2026-07-09T03:41:18.358-0500] {dag.py:3089} INFO - Sync 1 DAGs
[2026-07-09T03:41:18.377-0500] {logging_mixin.py:188} INFO - [2026-07-09T03:41:18.377-0500] {dag.py:3947} INFO - Setting next_dagrun for aerotrack_travel_riesgo_disrupcion to 2026-07-09 00:00:00+00:00, run_after=2026-07-10 00:00:00+00:00
[2026-07-09T03:41:18.515-0500] {processor.py:183} INFO - Processing /opt/airflow/dags/dag_estimar_riesgo_disrupcion.py took 0.631 seconds
[2026-07-09T03:41:48.911-0500] {processor.py:161} INFO - Started process (PID=16541) to work on /opt/airflow/dags/dag_estimar_riesgo_disrupcion.py
[2026-07-09T03:41:48.912-0500] {processor.py:830} INFO - Processing file /opt/airflow/dags/dag_estimar_riesgo_disrupcion.py for tasks to queue
[2026-07-09T03:41:48.913-0500] {logging_mixin.py:188} INFO - [2026-07-09T03:41:48.913-0500] {dagbag.py:545} INFO - Filling up the DagBag from /opt/airflow/dags/dag_estimar_riesgo_disrupcion.py
[2026-07-09T03:41:49.361-0500] {processor.py:840} INFO - DAG(s) 'aerotrack_travel_riesgo_disrupcion' retrieved from /opt/airflow/dags/dag_estimar_riesgo_disrupcion.py
[2026-07-09T03:41:49.391-0500] {logging_mixin.py:188} INFO - [2026-07-09T03:41:49.390-0500] {dag.py:3089} INFO - Sync 1 DAGs
[2026-07-09T03:41:49.411-0500] {logging_mixin.py:188} INFO - [2026-07-09T03:41:49.411-0500] {dag.py:3947} INFO - Setting next_dagrun for aerotrack_travel_riesgo_disrupcion to 2026-07-09 00:00:00+00:00, run_after=2026-07-10 00:00:00+00:00
[2026-07-09T03:41:49.425-0500] {processor.py:183} INFO - Processing /opt/airflow/dags/dag_estimar_riesgo_disrupcion.py took 0.519 seconds
[2026-07-09T03:42:19.895-0500] {processor.py:161} INFO - Started process (PID=16568) to work on /opt/airflow/dags/dag_estimar_riesgo_disrupcion.py
[2026-07-09T03:42:19.897-0500] {processor.py:830} INFO - Processing file /opt/airflow/dags/dag_estimar_riesgo_disrupcion.py for tasks to queue
[2026-07-09T03:42:19.899-0500] {logging_mixin.py:188} INFO - [2026-07-09T03:42:19.898-0500] {dagbag.py:545} INFO - Filling up the DagBag from /opt/airflow/dags/dag_estimar_riesgo_disrupcion.py
[2026-07-09T03:42:20.373-0500] {processor.py:840} INFO - DAG(s) 'aerotrack_travel_riesgo_disrupcion' retrieved from /opt/airflow/dags/dag_estimar_riesgo_disrupcion.py
[2026-07-09T03:42:20.409-0500] {logging_mixin.py:188} INFO - [2026-07-09T03:42:20.408-0500] {dag.py:3089} INFO - Sync 1 DAGs
[2026-07-09T03:42:20.428-0500] {logging_mixin.py:188} INFO - [2026-07-09T03:42:20.428-0500] {dag.py:3947} INFO - Setting next_dagrun for aerotrack_travel_riesgo_disrupcion to 2026-07-09 00:00:00+00:00, run_after=2026-07-10 00:00:00+00:00
[2026-07-09T03:42:20.447-0500] {processor.py:183} INFO - Processing /opt/airflow/dags/dag_estimar_riesgo_disrupcion.py took 0.557 seconds
[2026-07-09T03:42:50.786-0500] {processor.py:161} INFO - Started process (PID=16595) to work on /opt/airflow/dags/dag_estimar_riesgo_disrupcion.py
[2026-07-09T03:42:50.787-0500] {processor.py:830} INFO - Processing file /opt/airflow/dags/dag_estimar_riesgo_disrupcion.py for tasks to queue
[2026-07-09T03:42:50.789-0500] {logging_mixin.py:188} INFO - [2026-07-09T03:42:50.788-0500] {dagbag.py:545} INFO - Filling up the DagBag from /opt/airflow/dags/dag_estimar_riesgo_disrupcion.py
[2026-07-09T03:42:51.199-0500] {processor.py:840} INFO - DAG(s) 'aerotrack_travel_riesgo_disrupcion' retrieved from /opt/airflow/dags/dag_estimar_riesgo_disrupcion.py
[2026-07-09T03:42:51.233-0500] {logging_mixin.py:188} INFO - [2026-07-09T03:42:51.233-0500] {dag.py:3089} INFO - Sync 1 DAGs
[2026-07-09T03:42:51.250-0500] {logging_mixin.py:188} INFO - [2026-07-09T03:42:51.250-0500] {dag.py:3947} INFO - Setting next_dagrun for aerotrack_travel_riesgo_disrupcion to 2026-07-09 00:00:00+00:00, run_after=2026-07-10 00:00:00+00:00
[2026-07-09T03:42:51.268-0500] {processor.py:183} INFO - Processing /opt/airflow/dags/dag_estimar_riesgo_disrupcion.py took 0.486 seconds
[2026-07-09T03:43:21.587-0500] {processor.py:161} INFO - Started process (PID=16622) to work on /opt/airflow/dags/dag_estimar_riesgo_disrupcion.py
[2026-07-09T03:43:21.588-0500] {processor.py:830} INFO - Processing file /opt/airflow/dags/dag_estimar_riesgo_disrupcion.py for tasks to queue
[2026-07-09T03:43:21.590-0500] {logging_mixin.py:188} INFO - [2026-07-09T03:43:21.590-0500] {dagbag.py:545} INFO - Filling up the DagBag from /opt/airflow/dags/dag_estimar_riesgo_disrupcion.py
[2026-07-09T03:43:22.063-0500] {processor.py:840} INFO - DAG(s) 'aerotrack_travel_riesgo_disrupcion' retrieved from /opt/airflow/dags/dag_estimar_riesgo_disrupcion.py
[2026-07-09T03:43:22.102-0500] {logging_mixin.py:188} INFO - [2026-07-09T03:43:22.102-0500] {dag.py:3089} INFO - Sync 1 DAGs
[2026-07-09T03:43:22.120-0500] {logging_mixin.py:188} INFO - [2026-07-09T03:43:22.120-0500] {dag.py:3947} INFO - Setting next_dagrun for aerotrack_travel_riesgo_disrupcion to 2026-07-09 00:00:00+00:00, run_after=2026-07-10 00:00:00+00:00
[2026-07-09T03:43:22.248-0500] {processor.py:183} INFO - Processing /opt/airflow/dags/dag_estimar_riesgo_disrupcion.py took 0.667 seconds
[2026-07-09T03:43:52.672-0500] {processor.py:161} INFO - Started process (PID=16649) to work on /opt/airflow/dags/dag_estimar_riesgo_disrupcion.py
[2026-07-09T03:43:52.673-0500] {processor.py:830} INFO - Processing file /opt/airflow/dags/dag_estimar_riesgo_disrupcion.py for tasks to queue
[2026-07-09T03:43:52.675-0500] {logging_mixin.py:188} INFO - [2026-07-09T03:43:52.674-0500] {dagbag.py:545} INFO - Filling up the DagBag from /opt/airflow/dags/dag_estimar_riesgo_disrupcion.py
[2026-07-09T03:43:53.144-0500] {processor.py:840} INFO - DAG(s) 'aerotrack_travel_riesgo_disrupcion' retrieved from /opt/airflow/dags/dag_estimar_riesgo_disrupcion.py
[2026-07-09T03:43:53.175-0500] {logging_mixin.py:188} INFO - [2026-07-09T03:43:53.174-0500] {dag.py:3089} INFO - Sync 1 DAGs
[2026-07-09T03:43:53.196-0500] {logging_mixin.py:188} INFO - [2026-07-09T03:43:53.195-0500] {dag.py:3947} INFO - Setting next_dagrun for aerotrack_travel_riesgo_disrupcion to 2026-07-09 00:00:00+00:00, run_after=2026-07-10 00:00:00+00:00
[2026-07-09T03:43:53.232-0500] {processor.py:183} INFO - Processing /opt/airflow/dags/dag_estimar_riesgo_disrupcion.py took 0.565 seconds
[2026-07-09T03:44:23.837-0500] {processor.py:161} INFO - Started process (PID=16676) to work on /opt/airflow/dags/dag_estimar_riesgo_disrupcion.py
[2026-07-09T03:44:23.838-0500] {processor.py:830} INFO - Processing file /opt/airflow/dags/dag_estimar_riesgo_disrupcion.py for tasks to queue
[2026-07-09T03:44:23.840-0500] {logging_mixin.py:188} INFO - [2026-07-09T03:44:23.840-0500] {dagbag.py:545} INFO - Filling up the DagBag from /opt/airflow/dags/dag_estimar_riesgo_disrupcion.py
[2026-07-09T03:44:24.339-0500] {processor.py:840} INFO - DAG(s) 'aerotrack_travel_riesgo_disrupcion' retrieved from /opt/airflow/dags/dag_estimar_riesgo_disrupcion.py
[2026-07-09T03:44:24.378-0500] {logging_mixin.py:188} INFO - [2026-07-09T03:44:24.377-0500] {dag.py:3089} INFO - Sync 1 DAGs
[2026-07-09T03:44:24.400-0500] {logging_mixin.py:188} INFO - [2026-07-09T03:44:24.399-0500] {dag.py:3947} INFO - Setting next_dagrun for aerotrack_travel_riesgo_disrupcion to 2026-07-09 00:00:00+00:00, run_after=2026-07-10 00:00:00+00:00
[2026-07-09T03:44:24.417-0500] {processor.py:183} INFO - Processing /opt/airflow/dags/dag_estimar_riesgo_disrupcion.py took 0.585 seconds
[2026-07-09T03:44:54.737-0500] {processor.py:161} INFO - Started process (PID=16703) to work on /opt/airflow/dags/dag_estimar_riesgo_disrupcion.py
[2026-07-09T03:44:54.738-0500] {processor.py:830} INFO - Processing file /opt/airflow/dags/dag_estimar_riesgo_disrupcion.py for tasks to queue
[2026-07-09T03:44:54.740-0500] {logging_mixin.py:188} INFO - [2026-07-09T03:44:54.739-0500] {dagbag.py:545} INFO - Filling up the DagBag from /opt/airflow/dags/dag_estimar_riesgo_disrupcion.py
[2026-07-09T03:44:55.221-0500] {processor.py:840} INFO - DAG(s) 'aerotrack_travel_riesgo_disrupcion' retrieved from /opt/airflow/dags/dag_estimar_riesgo_disrupcion.py
[2026-07-09T03:44:55.255-0500] {logging_mixin.py:188} INFO - [2026-07-09T03:44:55.254-0500] {dag.py:3089} INFO - Sync 1 DAGs
[2026-07-09T03:44:55.273-0500] {logging_mixin.py:188} INFO - [2026-07-09T03:44:55.273-0500] {dag.py:3947} INFO - Setting next_dagrun for aerotrack_travel_riesgo_disrupcion to 2026-07-09 00:00:00+00:00, run_after=2026-07-10 00:00:00+00:00
[2026-07-09T03:44:55.305-0500] {processor.py:183} INFO - Processing /opt/airflow/dags/dag_estimar_riesgo_disrupcion.py took 0.573 seconds
[2026-07-09T03:45:25.685-0500] {processor.py:161} INFO - Started process (PID=16730) to work on /opt/airflow/dags/dag_estimar_riesgo_disrupcion.py
[2026-07-09T03:45:25.687-0500] {processor.py:830} INFO - Processing file /opt/airflow/dags/dag_estimar_riesgo_disrupcion.py for tasks to queue
[2026-07-09T03:45:25.688-0500] {logging_mixin.py:188} INFO - [2026-07-09T03:45:25.688-0500] {dagbag.py:545} INFO - Filling up the DagBag from /opt/airflow/dags/dag_estimar_riesgo_disrupcion.py
[2026-07-09T03:45:26.214-0500] {processor.py:840} INFO - DAG(s) 'aerotrack_travel_riesgo_disrupcion' retrieved from /opt/airflow/dags/dag_estimar_riesgo_disrupcion.py
[2026-07-09T03:45:26.258-0500] {logging_mixin.py:188} INFO - [2026-07-09T03:45:26.257-0500] {dag.py:3089} INFO - Sync 1 DAGs
[2026-07-09T03:45:26.293-0500] {logging_mixin.py:188} INFO - [2026-07-09T03:45:26.293-0500] {dag.py:3947} INFO - Setting next_dagrun for aerotrack_travel_riesgo_disrupcion to 2026-07-09 00:00:00+00:00, run_after=2026-07-10 00:00:00+00:00
[2026-07-09T03:45:26.475-0500] {processor.py:183} INFO - Processing /opt/airflow/dags/dag_estimar_riesgo_disrupcion.py took 0.794 seconds
[2026-07-09T03:45:57.005-0500] {processor.py:161} INFO - Started process (PID=16757) to work on /opt/airflow/dags/dag_estimar_riesgo_disrupcion.py
[2026-07-09T03:45:57.006-0500] {processor.py:830} INFO - Processing file /opt/airflow/dags/dag_estimar_riesgo_disrupcion.py for tasks to queue
[2026-07-09T03:45:57.008-0500] {logging_mixin.py:188} INFO - [2026-07-09T03:45:57.007-0500] {dagbag.py:545} INFO - Filling up the DagBag from /opt/airflow/dags/dag_estimar_riesgo_disrupcion.py
[2026-07-09T03:45:57.467-0500] {processor.py:840} INFO - DAG(s) 'aerotrack_travel_riesgo_disrupcion' retrieved from /opt/airflow/dags/dag_estimar_riesgo_disrupcion.py
[2026-07-09T03:45:57.501-0500] {logging_mixin.py:188} INFO - [2026-07-09T03:45:57.500-0500] {dag.py:3089} INFO - Sync 1 DAGs
[2026-07-09T03:45:57.519-0500] {logging_mixin.py:188} INFO - [2026-07-09T03:45:57.519-0500] {dag.py:3947} INFO - Setting next_dagrun for aerotrack_travel_riesgo_disrupcion to 2026-07-09 00:00:00+00:00, run_after=2026-07-10 00:00:00+00:00
[2026-07-09T03:45:57.535-0500] {processor.py:183} INFO - Processing /opt/airflow/dags/dag_estimar_riesgo_disrupcion.py took 0.536 seconds
[2026-07-09T03:46:27.999-0500] {processor.py:161} INFO - Started process (PID=16784) to work on /opt/airflow/dags/dag_estimar_riesgo_disrupcion.py
[2026-07-09T03:46:28.000-0500] {processor.py:830} INFO - Processing file /opt/airflow/dags/dag_estimar_riesgo_disrupcion.py for tasks to queue
[2026-07-09T03:46:28.001-0500] {logging_mixin.py:188} INFO - [2026-07-09T03:46:28.001-0500] {dagbag.py:545} INFO - Filling up the DagBag from /opt/airflow/dags/dag_estimar_riesgo_disrupcion.py
[2026-07-09T03:46:28.518-0500] {processor.py:840} INFO - DAG(s) 'aerotrack_travel_riesgo_disrupcion' retrieved from /opt/airflow/dags/dag_estimar_riesgo_disrupcion.py
[2026-07-09T03:46:28.559-0500] {logging_mixin.py:188} INFO - [2026-07-09T03:46:28.559-0500] {dag.py:3089} INFO - Sync 1 DAGs
[2026-07-09T03:46:28.580-0500] {logging_mixin.py:188} INFO - [2026-07-09T03:46:28.580-0500] {dag.py:3947} INFO - Setting next_dagrun for aerotrack_travel_riesgo_disrupcion to 2026-07-09 00:00:00+00:00, run_after=2026-07-10 00:00:00+00:00
[2026-07-09T03:46:28.604-0500] {processor.py:183} INFO - Processing /opt/airflow/dags/dag_estimar_riesgo_disrupcion.py took 0.611 seconds
[2026-07-09T03:46:59.114-0500] {processor.py:161} INFO - Started process (PID=16811) to work on /opt/airflow/dags/dag_estimar_riesgo_disrupcion.py
[2026-07-09T03:46:59.115-0500] {processor.py:830} INFO - Processing file /opt/airflow/dags/dag_estimar_riesgo_disrupcion.py for tasks to queue
[2026-07-09T03:46:59.117-0500] {logging_mixin.py:188} INFO - [2026-07-09T03:46:59.117-0500] {dagbag.py:545} INFO - Filling up the DagBag from /opt/airflow/dags/dag_estimar_riesgo_disrupcion.py
[2026-07-09T03:46:59.550-0500] {processor.py:840} INFO - DAG(s) 'aerotrack_travel_riesgo_disrupcion' retrieved from /opt/airflow/dags/dag_estimar_riesgo_disrupcion.py
[2026-07-09T03:46:59.580-0500] {logging_mixin.py:188} INFO - [2026-07-09T03:46:59.580-0500] {dag.py:3089} INFO - Sync 1 DAGs
[2026-07-09T03:46:59.599-0500] {logging_mixin.py:188} INFO - [2026-07-09T03:46:59.599-0500] {dag.py:3947} INFO - Setting next_dagrun for aerotrack_travel_riesgo_disrupcion to 2026-07-09 00:00:00+00:00, run_after=2026-07-10 00:00:00+00:00
[2026-07-09T03:46:59.618-0500] {processor.py:183} INFO - Processing /opt/airflow/dags/dag_estimar_riesgo_disrupcion.py took 0.509 seconds
[2026-07-09T03:47:29.944-0500] {processor.py:161} INFO - Started process (PID=16838) to work on /opt/airflow/dags/dag_estimar_riesgo_disrupcion.py
[2026-07-09T03:47:29.946-0500] {processor.py:830} INFO - Processing file /opt/airflow/dags/dag_estimar_riesgo_disrupcion.py for tasks to queue
[2026-07-09T03:47:29.947-0500] {logging_mixin.py:188} INFO - [2026-07-09T03:47:29.947-0500] {dagbag.py:545} INFO - Filling up the DagBag from /opt/airflow/dags/dag_estimar_riesgo_disrupcion.py
[2026-07-09T03:47:30.376-0500] {processor.py:840} INFO - DAG(s) 'aerotrack_travel_riesgo_disrupcion' retrieved from /opt/airflow/dags/dag_estimar_riesgo_disrupcion.py
[2026-07-09T03:47:30.410-0500] {logging_mixin.py:188} INFO - [2026-07-09T03:47:30.410-0500] {dag.py:3089} INFO - Sync 1 DAGs
[2026-07-09T03:47:30.429-0500] {logging_mixin.py:188} INFO - [2026-07-09T03:47:30.429-0500] {dag.py:3947} INFO - Setting next_dagrun for aerotrack_travel_riesgo_disrupcion to 2026-07-09 00:00:00+00:00, run_after=2026-07-10 00:00:00+00:00
[2026-07-09T03:47:30.610-0500] {processor.py:183} INFO - Processing /opt/airflow/dags/dag_estimar_riesgo_disrupcion.py took 0.670 seconds
[2026-07-09T03:48:01.048-0500] {processor.py:161} INFO - Started process (PID=16865) to work on /opt/airflow/dags/dag_estimar_riesgo_disrupcion.py
[2026-07-09T03:48:01.049-0500] {processor.py:830} INFO - Processing file /opt/airflow/dags/dag_estimar_riesgo_disrupcion.py for tasks to queue
[2026-07-09T03:48:01.051-0500] {logging_mixin.py:188} INFO - [2026-07-09T03:48:01.050-0500] {dagbag.py:545} INFO - Filling up the DagBag from /opt/airflow/dags/dag_estimar_riesgo_disrupcion.py
[2026-07-09T03:48:01.461-0500] {processor.py:840} INFO - DAG(s) 'aerotrack_travel_riesgo_disrupcion' retrieved from /opt/airflow/dags/dag_estimar_riesgo_disrupcion.py
[2026-07-09T03:48:01.489-0500] {logging_mixin.py:188} INFO - [2026-07-09T03:48:01.489-0500] {dag.py:3089} INFO - Sync 1 DAGs
[2026-07-09T03:48:01.507-0500] {logging_mixin.py:188} INFO - [2026-07-09T03:48:01.506-0500] {dag.py:3947} INFO - Setting next_dagrun for aerotrack_travel_riesgo_disrupcion to 2026-07-09 00:00:00+00:00, run_after=2026-07-10 00:00:00+00:00
[2026-07-09T03:48:01.524-0500] {processor.py:183} INFO - Processing /opt/airflow/dags/dag_estimar_riesgo_disrupcion.py took 0.480 seconds
[2026-07-09T03:48:31.958-0500] {processor.py:161} INFO - Started process (PID=16892) to work on /opt/airflow/dags/dag_estimar_riesgo_disrupcion.py
[2026-07-09T03:48:31.959-0500] {processor.py:830} INFO - Processing file /opt/airflow/dags/dag_estimar_riesgo_disrupcion.py for tasks to queue
[2026-07-09T03:48:31.961-0500] {logging_mixin.py:188} INFO - [2026-07-09T03:48:31.960-0500] {dagbag.py:545} INFO - Filling up the DagBag from /opt/airflow/dags/dag_estimar_riesgo_disrupcion.py
[2026-07-09T03:48:32.410-0500] {processor.py:840} INFO - DAG(s) 'aerotrack_travel_riesgo_disrupcion' retrieved from /opt/airflow/dags/dag_estimar_riesgo_disrupcion.py
[2026-07-09T03:48:32.449-0500] {logging_mixin.py:188} INFO - [2026-07-09T03:48:32.449-0500] {dag.py:3089} INFO - Sync 1 DAGs
[2026-07-09T03:48:32.473-0500] {logging_mixin.py:188} INFO - [2026-07-09T03:48:32.473-0500] {dag.py:3947} INFO - Setting next_dagrun for aerotrack_travel_riesgo_disrupcion to 2026-07-09 00:00:00+00:00, run_after=2026-07-10 00:00:00+00:00
[2026-07-09T03:48:32.495-0500] {processor.py:183} INFO - Processing /opt/airflow/dags/dag_estimar_riesgo_disrupcion.py took 0.542 seconds
[2026-07-09T03:49:02.843-0500] {processor.py:161} INFO - Started process (PID=16919) to work on /opt/airflow/dags/dag_estimar_riesgo_disrupcion.py
[2026-07-09T03:49:02.844-0500] {processor.py:830} INFO - Processing file /opt/airflow/dags/dag_estimar_riesgo_disrupcion.py for tasks to queue
[2026-07-09T03:49:02.846-0500] {logging_mixin.py:188} INFO - [2026-07-09T03:49:02.845-0500] {dagbag.py:545} INFO - Filling up the DagBag from /opt/airflow/dags/dag_estimar_riesgo_disrupcion.py
[2026-07-09T03:49:03.281-0500] {processor.py:840} INFO - DAG(s) 'aerotrack_travel_riesgo_disrupcion' retrieved from /opt/airflow/dags/dag_estimar_riesgo_disrupcion.py
[2026-07-09T03:49:03.313-0500] {logging_mixin.py:188} INFO - [2026-07-09T03:49:03.312-0500] {dag.py:3089} INFO - Sync 1 DAGs
[2026-07-09T03:49:03.330-0500] {logging_mixin.py:188} INFO - [2026-07-09T03:49:03.330-0500] {dag.py:3947} INFO - Setting next_dagrun for aerotrack_travel_riesgo_disrupcion to 2026-07-09 00:00:00+00:00, run_after=2026-07-10 00:00:00+00:00
[2026-07-09T03:49:03.345-0500] {processor.py:183} INFO - Processing /opt/airflow/dags/dag_estimar_riesgo_disrupcion.py took 0.507 seconds
[2026-07-09T03:49:33.844-0500] {processor.py:161} INFO - Started process (PID=16946) to work on /opt/airflow/dags/dag_estimar_riesgo_disrupcion.py
[2026-07-09T03:49:33.845-0500] {processor.py:830} INFO - Processing file /opt/airflow/dags/dag_estimar_riesgo_disrupcion.py for tasks to queue
[2026-07-09T03:49:33.847-0500] {logging_mixin.py:188} INFO - [2026-07-09T03:49:33.846-0500] {dagbag.py:545} INFO - Filling up the DagBag from /opt/airflow/dags/dag_estimar_riesgo_disrupcion.py
[2026-07-09T03:49:34.317-0500] {processor.py:840} INFO - DAG(s) 'aerotrack_travel_riesgo_disrupcion' retrieved from /opt/airflow/dags/dag_estimar_riesgo_disrupcion.py
[2026-07-09T03:49:34.358-0500] {logging_mixin.py:188} INFO - [2026-07-09T03:49:34.358-0500] {dag.py:3089} INFO - Sync 1 DAGs
[2026-07-09T03:49:34.385-0500] {logging_mixin.py:188} INFO - [2026-07-09T03:49:34.385-0500] {dag.py:3947} INFO - Setting next_dagrun for aerotrack_travel_riesgo_disrupcion to 2026-07-09 00:00:00+00:00, run_after=2026-07-10 00:00:00+00:00
[2026-07-09T03:49:34.612-0500] {processor.py:183} INFO - Processing /opt/airflow/dags/dag_estimar_riesgo_disrupcion.py took 0.773 seconds
[2026-07-09T03:50:04.998-0500] {processor.py:161} INFO - Started process (PID=16973) to work on /opt/airflow/dags/dag_estimar_riesgo_disrupcion.py
[2026-07-09T03:50:04.999-0500] {processor.py:830} INFO - Processing file /opt/airflow/dags/dag_estimar_riesgo_disrupcion.py for tasks to queue
[2026-07-09T03:50:05.000-0500] {logging_mixin.py:188} INFO - [2026-07-09T03:50:05.000-0500] {dagbag.py:545} INFO - Filling up the DagBag from /opt/airflow/dags/dag_estimar_riesgo_disrupcion.py
[2026-07-09T03:50:05.440-0500] {processor.py:840} INFO - DAG(s) 'aerotrack_travel_riesgo_disrupcion' retrieved from /opt/airflow/dags/dag_estimar_riesgo_disrupcion.py
[2026-07-09T03:50:05.477-0500] {logging_mixin.py:188} INFO - [2026-07-09T03:50:05.477-0500] {dag.py:3089} INFO - Sync 1 DAGs
[2026-07-09T03:50:05.496-0500] {logging_mixin.py:188} INFO - [2026-07-09T03:50:05.496-0500] {dag.py:3947} INFO - Setting next_dagrun for aerotrack_travel_riesgo_disrupcion to 2026-07-09 00:00:00+00:00, run_after=2026-07-10 00:00:00+00:00
[2026-07-09T03:50:05.523-0500] {processor.py:183} INFO - Processing /opt/airflow/dags/dag_estimar_riesgo_disrupcion.py took 0.530 seconds
[2026-07-09T03:50:36.003-0500] {processor.py:161} INFO - Started process (PID=17000) to work on /opt/airflow/dags/dag_estimar_riesgo_disrupcion.py
[2026-07-09T03:50:36.004-0500] {processor.py:830} INFO - Processing file /opt/airflow/dags/dag_estimar_riesgo_disrupcion.py for tasks to queue
[2026-07-09T03:50:36.006-0500] {logging_mixin.py:188} INFO - [2026-07-09T03:50:36.006-0500] {dagbag.py:545} INFO - Filling up the DagBag from /opt/airflow/dags/dag_estimar_riesgo_disrupcion.py
[2026-07-09T03:50:36.525-0500] {processor.py:840} INFO - DAG(s) 'aerotrack_travel_riesgo_disrupcion' retrieved from /opt/airflow/dags/dag_estimar_riesgo_disrupcion.py
[2026-07-09T03:50:36.560-0500] {logging_mixin.py:188} INFO - [2026-07-09T03:50:36.560-0500] {dag.py:3089} INFO - Sync 1 DAGs
[2026-07-09T03:50:36.579-0500] {logging_mixin.py:188} INFO - [2026-07-09T03:50:36.579-0500] {dag.py:3947} INFO - Setting next_dagrun for aerotrack_travel_riesgo_disrupcion to 2026-07-09 00:00:00+00:00, run_after=2026-07-10 00:00:00+00:00
[2026-07-09T03:50:36.598-0500] {processor.py:183} INFO - Processing /opt/airflow/dags/dag_estimar_riesgo_disrupcion.py took 0.599 seconds
[2026-07-09T03:51:06.948-0500] {processor.py:161} INFO - Started process (PID=17027) to work on /opt/airflow/dags/dag_estimar_riesgo_disrupcion.py
[2026-07-09T03:51:06.949-0500] {processor.py:830} INFO - Processing file /opt/airflow/dags/dag_estimar_riesgo_disrupcion.py for tasks to queue
[2026-07-09T03:51:06.950-0500] {logging_mixin.py:188} INFO - [2026-07-09T03:51:06.950-0500] {dagbag.py:545} INFO - Filling up the DagBag from /opt/airflow/dags/dag_estimar_riesgo_disrupcion.py
[2026-07-09T03:51:07.435-0500] {processor.py:840} INFO - DAG(s) 'aerotrack_travel_riesgo_disrupcion' retrieved from /opt/airflow/dags/dag_estimar_riesgo_disrupcion.py
[2026-07-09T03:51:07.475-0500] {logging_mixin.py:188} INFO - [2026-07-09T03:51:07.474-0500] {dag.py:3089} INFO - Sync 1 DAGs
[2026-07-09T03:51:07.500-0500] {logging_mixin.py:188} INFO - [2026-07-09T03:51:07.500-0500] {dag.py:3947} INFO - Setting next_dagrun for aerotrack_travel_riesgo_disrupcion to 2026-07-09 00:00:00+00:00, run_after=2026-07-10 00:00:00+00:00
[2026-07-09T03:51:07.522-0500] {processor.py:183} INFO - Processing /opt/airflow/dags/dag_estimar_riesgo_disrupcion.py took 0.579 seconds
[2026-07-09T03:51:37.977-0500] {processor.py:161} INFO - Started process (PID=17054) to work on /opt/airflow/dags/dag_estimar_riesgo_disrupcion.py
[2026-07-09T03:51:37.978-0500] {processor.py:830} INFO - Processing file /opt/airflow/dags/dag_estimar_riesgo_disrupcion.py for tasks to queue
[2026-07-09T03:51:37.980-0500] {logging_mixin.py:188} INFO - [2026-07-09T03:51:37.980-0500] {dagbag.py:545} INFO - Filling up the DagBag from /opt/airflow/dags/dag_estimar_riesgo_disrupcion.py
[2026-07-09T03:51:38.400-0500] {processor.py:840} INFO - DAG(s) 'aerotrack_travel_riesgo_disrupcion' retrieved from /opt/airflow/dags/dag_estimar_riesgo_disrupcion.py
[2026-07-09T03:51:38.434-0500] {logging_mixin.py:188} INFO - [2026-07-09T03:51:38.434-0500] {dag.py:3089} INFO - Sync 1 DAGs
[2026-07-09T03:51:38.455-0500] {logging_mixin.py:188} INFO - [2026-07-09T03:51:38.455-0500] {dag.py:3947} INFO - Setting next_dagrun for aerotrack_travel_riesgo_disrupcion to 2026-07-09 00:00:00+00:00, run_after=2026-07-10 00:00:00+00:00
[2026-07-09T03:51:38.661-0500] {processor.py:183} INFO - Processing /opt/airflow/dags/dag_estimar_riesgo_disrupcion.py took 0.688 seconds
[2026-07-09T03:52:08.981-0500] {processor.py:161} INFO - Started process (PID=17081) to work on /opt/airflow/dags/dag_estimar_riesgo_disrupcion.py
[2026-07-09T03:52:08.982-0500] {processor.py:830} INFO - Processing file /opt/airflow/dags/dag_estimar_riesgo_disrupcion.py for tasks to queue
[2026-07-09T03:52:08.984-0500] {logging_mixin.py:188} INFO - [2026-07-09T03:52:08.983-0500] {dagbag.py:545} INFO - Filling up the DagBag from /opt/airflow/dags/dag_estimar_riesgo_disrupcion.py
[2026-07-09T03:52:09.411-0500] {processor.py:840} INFO - DAG(s) 'aerotrack_travel_riesgo_disrupcion' retrieved from /opt/airflow/dags/dag_estimar_riesgo_disrupcion.py
[2026-07-09T03:52:09.451-0500] {logging_mixin.py:188} INFO - [2026-07-09T03:52:09.451-0500] {dag.py:3089} INFO - Sync 1 DAGs
[2026-07-09T03:52:09.476-0500] {logging_mixin.py:188} INFO - [2026-07-09T03:52:09.476-0500] {dag.py:3947} INFO - Setting next_dagrun for aerotrack_travel_riesgo_disrupcion to 2026-07-09 00:00:00+00:00, run_after=2026-07-10 00:00:00+00:00
[2026-07-09T03:52:09.493-0500] {processor.py:183} INFO - Processing /opt/airflow/dags/dag_estimar_riesgo_disrupcion.py took 0.517 seconds
[2026-07-09T03:52:39.825-0500] {processor.py:161} INFO - Started process (PID=17108) to work on /opt/airflow/dags/dag_estimar_riesgo_disrupcion.py
[2026-07-09T03:52:39.826-0500] {processor.py:830} INFO - Processing file /opt/airflow/dags/dag_estimar_riesgo_disrupcion.py for tasks to queue
[2026-07-09T03:52:39.828-0500] {logging_mixin.py:188} INFO - [2026-07-09T03:52:39.827-0500] {dagbag.py:545} INFO - Filling up the DagBag from /opt/airflow/dags/dag_estimar_riesgo_disrupcion.py
[2026-07-09T03:52:40.242-0500] {processor.py:840} INFO - DAG(s) 'aerotrack_travel_riesgo_disrupcion' retrieved from /opt/airflow/dags/dag_estimar_riesgo_disrupcion.py
[2026-07-09T03:52:40.285-0500] {logging_mixin.py:188} INFO - [2026-07-09T03:52:40.284-0500] {dag.py:3089} INFO - Sync 1 DAGs
[2026-07-09T03:52:40.308-0500] {logging_mixin.py:188} INFO - [2026-07-09T03:52:40.308-0500] {dag.py:3947} INFO - Setting next_dagrun for aerotrack_travel_riesgo_disrupcion to 2026-07-09 00:00:00+00:00, run_after=2026-07-10 00:00:00+00:00
[2026-07-09T03:52:40.326-0500] {processor.py:183} INFO - Processing /opt/airflow/dags/dag_estimar_riesgo_disrupcion.py took 0.505 seconds
[2026-07-09T03:53:10.720-0500] {processor.py:161} INFO - Started process (PID=17135) to work on /opt/airflow/dags/dag_estimar_riesgo_disrupcion.py
[2026-07-09T03:53:10.721-0500] {processor.py:830} INFO - Processing file /opt/airflow/dags/dag_estimar_riesgo_disrupcion.py for tasks to queue
[2026-07-09T03:53:10.723-0500] {logging_mixin.py:188} INFO - [2026-07-09T03:53:10.722-0500] {dagbag.py:545} INFO - Filling up the DagBag from /opt/airflow/dags/dag_estimar_riesgo_disrupcion.py
[2026-07-09T03:53:11.122-0500] {processor.py:840} INFO - DAG(s) 'aerotrack_travel_riesgo_disrupcion' retrieved from /opt/airflow/dags/dag_estimar_riesgo_disrupcion.py
[2026-07-09T03:53:11.152-0500] {logging_mixin.py:188} INFO - [2026-07-09T03:53:11.151-0500] {dag.py:3089} INFO - Sync 1 DAGs
[2026-07-09T03:53:11.168-0500] {logging_mixin.py:188} INFO - [2026-07-09T03:53:11.168-0500] {dag.py:3947} INFO - Setting next_dagrun for aerotrack_travel_riesgo_disrupcion to 2026-07-09 00:00:00+00:00, run_after=2026-07-10 00:00:00+00:00
[2026-07-09T03:53:11.183-0500] {processor.py:183} INFO - Processing /opt/airflow/dags/dag_estimar_riesgo_disrupcion.py took 0.467 seconds
[2026-07-09T03:53:41.498-0500] {processor.py:161} INFO - Started process (PID=17162) to work on /opt/airflow/dags/dag_estimar_riesgo_disrupcion.py
[2026-07-09T03:53:41.499-0500] {processor.py:830} INFO - Processing file /opt/airflow/dags/dag_estimar_riesgo_disrupcion.py for tasks to queue
[2026-07-09T03:53:41.501-0500] {logging_mixin.py:188} INFO - [2026-07-09T03:53:41.500-0500] {dagbag.py:545} INFO - Filling up the DagBag from /opt/airflow/dags/dag_estimar_riesgo_disrupcion.py
[2026-07-09T03:53:41.952-0500] {processor.py:840} INFO - DAG(s) 'aerotrack_travel_riesgo_disrupcion' retrieved from /opt/airflow/dags/dag_estimar_riesgo_disrupcion.py
[2026-07-09T03:53:41.987-0500] {logging_mixin.py:188} INFO - [2026-07-09T03:53:41.986-0500] {dag.py:3089} INFO - Sync 1 DAGs
[2026-07-09T03:53:42.007-0500] {logging_mixin.py:188} INFO - [2026-07-09T03:53:42.006-0500] {dag.py:3947} INFO - Setting next_dagrun for aerotrack_travel_riesgo_disrupcion to 2026-07-09 00:00:00+00:00, run_after=2026-07-10 00:00:00+00:00
[2026-07-09T03:53:42.182-0500] {processor.py:183} INFO - Processing /opt/airflow/dags/dag_estimar_riesgo_disrupcion.py took 0.689 seconds
[2026-07-09T03:54:12.699-0500] {processor.py:161} INFO - Started process (PID=17189) to work on /opt/airflow/dags/dag_estimar_riesgo_disrupcion.py
[2026-07-09T03:54:12.700-0500] {processor.py:830} INFO - Processing file /opt/airflow/dags/dag_estimar_riesgo_disrupcion.py for tasks to queue
[2026-07-09T03:54:12.702-0500] {logging_mixin.py:188} INFO - [2026-07-09T03:54:12.701-0500] {dagbag.py:545} INFO - Filling up the DagBag from /opt/airflow/dags/dag_estimar_riesgo_disrupcion.py
[2026-07-09T03:54:13.142-0500] {processor.py:840} INFO - DAG(s) 'aerotrack_travel_riesgo_disrupcion' retrieved from /opt/airflow/dags/dag_estimar_riesgo_disrupcion.py
[2026-07-09T03:54:13.175-0500] {logging_mixin.py:188} INFO - [2026-07-09T03:54:13.174-0500] {dag.py:3089} INFO - Sync 1 DAGs
[2026-07-09T03:54:13.192-0500] {logging_mixin.py:188} INFO - [2026-07-09T03:54:13.192-0500] {dag.py:3947} INFO - Setting next_dagrun for aerotrack_travel_riesgo_disrupcion to 2026-07-09 00:00:00+00:00, run_after=2026-07-10 00:00:00+00:00
[2026-07-09T03:54:13.208-0500] {processor.py:183} INFO - Processing /opt/airflow/dags/dag_estimar_riesgo_disrupcion.py took 0.514 seconds
[2026-07-09T03:54:43.688-0500] {processor.py:161} INFO - Started process (PID=17216) to work on /opt/airflow/dags/dag_estimar_riesgo_disrupcion.py
[2026-07-09T03:54:43.689-0500] {processor.py:830} INFO - Processing file /opt/airflow/dags/dag_estimar_riesgo_disrupcion.py for tasks to queue
[2026-07-09T03:54:43.691-0500] {logging_mixin.py:188} INFO - [2026-07-09T03:54:43.691-0500] {dagbag.py:545} INFO - Filling up the DagBag from /opt/airflow/dags/dag_estimar_riesgo_disrupcion.py
[2026-07-09T03:54:44.151-0500] {processor.py:840} INFO - DAG(s) 'aerotrack_travel_riesgo_disrupcion' retrieved from /opt/airflow/dags/dag_estimar_riesgo_disrupcion.py
[2026-07-09T03:54:44.190-0500] {logging_mixin.py:188} INFO - [2026-07-09T03:54:44.190-0500] {dag.py:3089} INFO - Sync 1 DAGs
[2026-07-09T03:54:44.210-0500] {logging_mixin.py:188} INFO - [2026-07-09T03:54:44.210-0500] {dag.py:3947} INFO - Setting next_dagrun for aerotrack_travel_riesgo_disrupcion to 2026-07-09 00:00:00+00:00, run_after=2026-07-10 00:00:00+00:00
[2026-07-09T03:54:44.230-0500] {processor.py:183} INFO - Processing /opt/airflow/dags/dag_estimar_riesgo_disrupcion.py took 0.547 seconds
[2026-07-09T03:55:14.652-0500] {processor.py:161} INFO - Started process (PID=17243) to work on /opt/airflow/dags/dag_estimar_riesgo_disrupcion.py
[2026-07-09T03:55:14.653-0500] {processor.py:830} INFO - Processing file /opt/airflow/dags/dag_estimar_riesgo_disrupcion.py for tasks to queue
[2026-07-09T03:55:14.655-0500] {logging_mixin.py:188} INFO - [2026-07-09T03:55:14.655-0500] {dagbag.py:545} INFO - Filling up the DagBag from /opt/airflow/dags/dag_estimar_riesgo_disrupcion.py
[2026-07-09T03:55:15.110-0500] {processor.py:840} INFO - DAG(s) 'aerotrack_travel_riesgo_disrupcion' retrieved from /opt/airflow/dags/dag_estimar_riesgo_disrupcion.py
[2026-07-09T03:55:15.143-0500] {logging_mixin.py:188} INFO - [2026-07-09T03:55:15.143-0500] {dag.py:3089} INFO - Sync 1 DAGs
[2026-07-09T03:55:15.160-0500] {logging_mixin.py:188} INFO - [2026-07-09T03:55:15.160-0500] {dag.py:3947} INFO - Setting next_dagrun for aerotrack_travel_riesgo_disrupcion to 2026-07-09 00:00:00+00:00, run_after=2026-07-10 00:00:00+00:00
[2026-07-09T03:55:15.175-0500] {processor.py:183} INFO - Processing /opt/airflow/dags/dag_estimar_riesgo_disrupcion.py took 0.527 seconds
[2026-07-09T03:55:45.587-0500] {processor.py:161} INFO - Started process (PID=17270) to work on /opt/airflow/dags/dag_estimar_riesgo_disrupcion.py
[2026-07-09T03:55:45.587-0500] {processor.py:830} INFO - Processing file /opt/airflow/dags/dag_estimar_riesgo_disrupcion.py for tasks to queue
[2026-07-09T03:55:45.589-0500] {logging_mixin.py:188} INFO - [2026-07-09T03:55:45.589-0500] {dagbag.py:545} INFO - Filling up the DagBag from /opt/airflow/dags/dag_estimar_riesgo_disrupcion.py
[2026-07-09T03:55:46.012-0500] {processor.py:840} INFO - DAG(s) 'aerotrack_travel_riesgo_disrupcion' retrieved from /opt/airflow/dags/dag_estimar_riesgo_disrupcion.py
[2026-07-09T03:55:46.048-0500] {logging_mixin.py:188} INFO - [2026-07-09T03:55:46.047-0500] {dag.py:3089} INFO - Sync 1 DAGs
[2026-07-09T03:55:46.068-0500] {logging_mixin.py:188} INFO - [2026-07-09T03:55:46.067-0500] {dag.py:3947} INFO - Setting next_dagrun for aerotrack_travel_riesgo_disrupcion to 2026-07-09 00:00:00+00:00, run_after=2026-07-10 00:00:00+00:00
[2026-07-09T03:55:46.233-0500] {processor.py:183} INFO - Processing /opt/airflow/dags/dag_estimar_riesgo_disrupcion.py took 0.652 seconds
[2026-07-09T03:56:16.568-0500] {processor.py:161} INFO - Started process (PID=17297) to work on /opt/airflow/dags/dag_estimar_riesgo_disrupcion.py
[2026-07-09T03:56:16.569-0500] {processor.py:830} INFO - Processing file /opt/airflow/dags/dag_estimar_riesgo_disrupcion.py for tasks to queue
[2026-07-09T03:56:16.571-0500] {logging_mixin.py:188} INFO - [2026-07-09T03:56:16.571-0500] {dagbag.py:545} INFO - Filling up the DagBag from /opt/airflow/dags/dag_estimar_riesgo_disrupcion.py
[2026-07-09T03:56:17.020-0500] {processor.py:840} INFO - DAG(s) 'aerotrack_travel_riesgo_disrupcion' retrieved from /opt/airflow/dags/dag_estimar_riesgo_disrupcion.py
[2026-07-09T03:56:17.054-0500] {logging_mixin.py:188} INFO - [2026-07-09T03:56:17.054-0500] {dag.py:3089} INFO - Sync 1 DAGs
[2026-07-09T03:56:17.073-0500] {logging_mixin.py:188} INFO - [2026-07-09T03:56:17.072-0500] {dag.py:3947} INFO - Setting next_dagrun for aerotrack_travel_riesgo_disrupcion to 2026-07-09 00:00:00+00:00, run_after=2026-07-10 00:00:00+00:00
[2026-07-09T03:56:17.103-0500] {processor.py:183} INFO - Processing /opt/airflow/dags/dag_estimar_riesgo_disrupcion.py took 0.541 seconds
[2026-07-09T03:56:47.638-0500] {processor.py:161} INFO - Started process (PID=17324) to work on /opt/airflow/dags/dag_estimar_riesgo_disrupcion.py
[2026-07-09T03:56:47.639-0500] {processor.py:830} INFO - Processing file /opt/airflow/dags/dag_estimar_riesgo_disrupcion.py for tasks to queue
[2026-07-09T03:56:47.641-0500] {logging_mixin.py:188} INFO - [2026-07-09T03:56:47.640-0500] {dagbag.py:545} INFO - Filling up the DagBag from /opt/airflow/dags/dag_estimar_riesgo_disrupcion.py
[2026-07-09T03:56:48.234-0500] {processor.py:840} INFO - DAG(s) 'aerotrack_travel_riesgo_disrupcion' retrieved from /opt/airflow/dags/dag_estimar_riesgo_disrupcion.py
[2026-07-09T03:56:48.268-0500] {logging_mixin.py:188} INFO - [2026-07-09T03:56:48.267-0500] {dag.py:3089} INFO - Sync 1 DAGs
[2026-07-09T03:56:48.290-0500] {logging_mixin.py:188} INFO - [2026-07-09T03:56:48.289-0500] {dag.py:3947} INFO - Setting next_dagrun for aerotrack_travel_riesgo_disrupcion to 2026-07-09 00:00:00+00:00, run_after=2026-07-10 00:00:00+00:00
[2026-07-09T03:56:48.307-0500] {processor.py:183} INFO - Processing /opt/airflow/dags/dag_estimar_riesgo_disrupcion.py took 0.675 seconds
[2026-07-09T03:57:18.794-0500] {processor.py:161} INFO - Started process (PID=17351) to work on /opt/airflow/dags/dag_estimar_riesgo_disrupcion.py
[2026-07-09T03:57:18.795-0500] {processor.py:830} INFO - Processing file /opt/airflow/dags/dag_estimar_riesgo_disrupcion.py for tasks to queue
[2026-07-09T03:57:18.797-0500] {logging_mixin.py:188} INFO - [2026-07-09T03:57:18.797-0500] {dagbag.py:545} INFO - Filling up the DagBag from /opt/airflow/dags/dag_estimar_riesgo_disrupcion.py
[2026-07-09T03:57:19.287-0500] {processor.py:840} INFO - DAG(s) 'aerotrack_travel_riesgo_disrupcion' retrieved from /opt/airflow/dags/dag_estimar_riesgo_disrupcion.py
[2026-07-09T03:57:19.320-0500] {logging_mixin.py:188} INFO - [2026-07-09T03:57:19.320-0500] {dag.py:3089} INFO - Sync 1 DAGs
[2026-07-09T03:57:19.338-0500] {logging_mixin.py:188} INFO - [2026-07-09T03:57:19.338-0500] {dag.py:3947} INFO - Setting next_dagrun for aerotrack_travel_riesgo_disrupcion to 2026-07-09 00:00:00+00:00, run_after=2026-07-10 00:00:00+00:00
[2026-07-09T03:57:19.359-0500] {processor.py:183} INFO - Processing /opt/airflow/dags/dag_estimar_riesgo_disrupcion.py took 0.571 seconds
[2026-07-09T03:57:49.790-0500] {processor.py:161} INFO - Started process (PID=17378) to work on /opt/airflow/dags/dag_estimar_riesgo_disrupcion.py
[2026-07-09T03:57:49.791-0500] {processor.py:830} INFO - Processing file /opt/airflow/dags/dag_estimar_riesgo_disrupcion.py for tasks to queue
[2026-07-09T03:57:49.792-0500] {logging_mixin.py:188} INFO - [2026-07-09T03:57:49.792-0500] {dagbag.py:545} INFO - Filling up the DagBag from /opt/airflow/dags/dag_estimar_riesgo_disrupcion.py
[2026-07-09T03:57:50.222-0500] {processor.py:840} INFO - DAG(s) 'aerotrack_travel_riesgo_disrupcion' retrieved from /opt/airflow/dags/dag_estimar_riesgo_disrupcion.py
[2026-07-09T03:57:50.261-0500] {logging_mixin.py:188} INFO - [2026-07-09T03:57:50.261-0500] {dag.py:3089} INFO - Sync 1 DAGs
[2026-07-09T03:57:50.285-0500] {logging_mixin.py:188} INFO - [2026-07-09T03:57:50.284-0500] {dag.py:3947} INFO - Setting next_dagrun for aerotrack_travel_riesgo_disrupcion to 2026-07-09 00:00:00+00:00, run_after=2026-07-10 00:00:00+00:00
[2026-07-09T03:57:50.456-0500] {processor.py:183} INFO - Processing /opt/airflow/dags/dag_estimar_riesgo_disrupcion.py took 0.671 seconds
[2026-07-09T03:58:20.800-0500] {processor.py:161} INFO - Started process (PID=17405) to work on /opt/airflow/dags/dag_estimar_riesgo_disrupcion.py
[2026-07-09T03:58:20.801-0500] {processor.py:830} INFO - Processing file /opt/airflow/dags/dag_estimar_riesgo_disrupcion.py for tasks to queue
[2026-07-09T03:58:20.803-0500] {logging_mixin.py:188} INFO - [2026-07-09T03:58:20.803-0500] {dagbag.py:545} INFO - Filling up the DagBag from /opt/airflow/dags/dag_estimar_riesgo_disrupcion.py
[2026-07-09T03:58:21.275-0500] {processor.py:840} INFO - DAG(s) 'aerotrack_travel_riesgo_disrupcion' retrieved from /opt/airflow/dags/dag_estimar_riesgo_disrupcion.py
[2026-07-09T03:58:21.306-0500] {logging_mixin.py:188} INFO - [2026-07-09T03:58:21.306-0500] {dag.py:3089} INFO - Sync 1 DAGs
[2026-07-09T03:58:21.474-0500] {logging_mixin.py:188} INFO - [2026-07-09T03:58:21.473-0500] {dag.py:3947} INFO - Setting next_dagrun for aerotrack_travel_riesgo_disrupcion to 2026-07-09 00:00:00+00:00, run_after=2026-07-10 00:00:00+00:00
[2026-07-09T03:58:21.492-0500] {processor.py:183} INFO - Processing /opt/airflow/dags/dag_estimar_riesgo_disrupcion.py took 0.697 seconds
[2026-07-09T03:58:51.855-0500] {processor.py:161} INFO - Started process (PID=17432) to work on /opt/airflow/dags/dag_estimar_riesgo_disrupcion.py
[2026-07-09T03:58:51.856-0500] {processor.py:830} INFO - Processing file /opt/airflow/dags/dag_estimar_riesgo_disrupcion.py for tasks to queue
[2026-07-09T03:58:51.858-0500] {logging_mixin.py:188} INFO - [2026-07-09T03:58:51.857-0500] {dagbag.py:545} INFO - Filling up the DagBag from /opt/airflow/dags/dag_estimar_riesgo_disrupcion.py
[2026-07-09T03:58:52.335-0500] {processor.py:840} INFO - DAG(s) 'aerotrack_travel_riesgo_disrupcion' retrieved from /opt/airflow/dags/dag_estimar_riesgo_disrupcion.py
[2026-07-09T03:58:52.374-0500] {logging_mixin.py:188} INFO - [2026-07-09T03:58:52.374-0500] {dag.py:3089} INFO - Sync 1 DAGs
[2026-07-09T03:58:52.395-0500] {logging_mixin.py:188} INFO - [2026-07-09T03:58:52.395-0500] {dag.py:3947} INFO - Setting next_dagrun for aerotrack_travel_riesgo_disrupcion to 2026-07-09 00:00:00+00:00, run_after=2026-07-10 00:00:00+00:00
[2026-07-09T03:58:52.414-0500] {processor.py:183} INFO - Processing /opt/airflow/dags/dag_estimar_riesgo_disrupcion.py took 0.564 seconds
[2026-07-09T03:59:22.765-0500] {processor.py:161} INFO - Started process (PID=17459) to work on /opt/airflow/dags/dag_estimar_riesgo_disrupcion.py
[2026-07-09T03:59:22.766-0500] {processor.py:830} INFO - Processing file /opt/airflow/dags/dag_estimar_riesgo_disrupcion.py for tasks to queue
[2026-07-09T03:59:22.768-0500] {logging_mixin.py:188} INFO - [2026-07-09T03:59:22.767-0500] {dagbag.py:545} INFO - Filling up the DagBag from /opt/airflow/dags/dag_estimar_riesgo_disrupcion.py
[2026-07-09T03:59:23.172-0500] {processor.py:840} INFO - DAG(s) 'aerotrack_travel_riesgo_disrupcion' retrieved from /opt/airflow/dags/dag_estimar_riesgo_disrupcion.py
[2026-07-09T03:59:23.201-0500] {logging_mixin.py:188} INFO - [2026-07-09T03:59:23.201-0500] {dag.py:3089} INFO - Sync 1 DAGs
[2026-07-09T03:59:23.219-0500] {logging_mixin.py:188} INFO - [2026-07-09T03:59:23.219-0500] {dag.py:3947} INFO - Setting next_dagrun for aerotrack_travel_riesgo_disrupcion to 2026-07-09 00:00:00+00:00, run_after=2026-07-10 00:00:00+00:00
[2026-07-09T03:59:23.233-0500] {processor.py:183} INFO - Processing /opt/airflow/dags/dag_estimar_riesgo_disrupcion.py took 0.472 seconds
[2026-07-09T03:59:53.553-0500] {processor.py:161} INFO - Started process (PID=17486) to work on /opt/airflow/dags/dag_estimar_riesgo_disrupcion.py
[2026-07-09T03:59:53.554-0500] {processor.py:830} INFO - Processing file /opt/airflow/dags/dag_estimar_riesgo_disrupcion.py for tasks to queue
[2026-07-09T03:59:53.555-0500] {logging_mixin.py:188} INFO - [2026-07-09T03:59:53.555-0500] {dagbag.py:545} INFO - Filling up the DagBag from /opt/airflow/dags/dag_estimar_riesgo_disrupcion.py
[2026-07-09T03:59:53.972-0500] {processor.py:840} INFO - DAG(s) 'aerotrack_travel_riesgo_disrupcion' retrieved from /opt/airflow/dags/dag_estimar_riesgo_disrupcion.py
[2026-07-09T03:59:54.002-0500] {logging_mixin.py:188} INFO - [2026-07-09T03:59:54.002-0500] {dag.py:3089} INFO - Sync 1 DAGs
[2026-07-09T03:59:54.024-0500] {logging_mixin.py:188} INFO - [2026-07-09T03:59:54.024-0500] {dag.py:3947} INFO - Setting next_dagrun for aerotrack_travel_riesgo_disrupcion to 2026-07-09 00:00:00+00:00, run_after=2026-07-10 00:00:00+00:00
[2026-07-09T03:59:54.184-0500] {processor.py:183} INFO - Processing /opt/airflow/dags/dag_estimar_riesgo_disrupcion.py took 0.636 seconds
[2026-07-09T04:00:24.529-0500] {processor.py:161} INFO - Started process (PID=17513) to work on /opt/airflow/dags/dag_estimar_riesgo_disrupcion.py
[2026-07-09T04:00:24.530-0500] {processor.py:830} INFO - Processing file /opt/airflow/dags/dag_estimar_riesgo_disrupcion.py for tasks to queue
[2026-07-09T04:00:24.532-0500] {logging_mixin.py:188} INFO - [2026-07-09T04:00:24.532-0500] {dagbag.py:545} INFO - Filling up the DagBag from /opt/airflow/dags/dag_estimar_riesgo_disrupcion.py
[2026-07-09T04:00:25.022-0500] {processor.py:840} INFO - DAG(s) 'aerotrack_travel_riesgo_disrupcion' retrieved from /opt/airflow/dags/dag_estimar_riesgo_disrupcion.py
[2026-07-09T04:00:25.063-0500] {logging_mixin.py:188} INFO - [2026-07-09T04:00:25.062-0500] {dag.py:3089} INFO - Sync 1 DAGs
[2026-07-09T04:00:25.275-0500] {logging_mixin.py:188} INFO - [2026-07-09T04:00:25.275-0500] {dag.py:3947} INFO - Setting next_dagrun for aerotrack_travel_riesgo_disrupcion to 2026-07-09 00:00:00+00:00, run_after=2026-07-10 00:00:00+00:00
[2026-07-09T04:00:25.291-0500] {processor.py:183} INFO - Processing /opt/airflow/dags/dag_estimar_riesgo_disrupcion.py took 0.767 seconds
[2026-07-09T04:00:55.603-0500] {processor.py:161} INFO - Started process (PID=17540) to work on /opt/airflow/dags/dag_estimar_riesgo_disrupcion.py
[2026-07-09T04:00:55.604-0500] {processor.py:830} INFO - Processing file /opt/airflow/dags/dag_estimar_riesgo_disrupcion.py for tasks to queue
[2026-07-09T04:00:55.605-0500] {logging_mixin.py:188} INFO - [2026-07-09T04:00:55.605-0500] {dagbag.py:545} INFO - Filling up the DagBag from /opt/airflow/dags/dag_estimar_riesgo_disrupcion.py
[2026-07-09T04:00:56.026-0500] {processor.py:840} INFO - DAG(s) 'aerotrack_travel_riesgo_disrupcion' retrieved from /opt/airflow/dags/dag_estimar_riesgo_disrupcion.py
[2026-07-09T04:00:56.055-0500] {logging_mixin.py:188} INFO - [2026-07-09T04:00:56.055-0500] {dag.py:3089} INFO - Sync 1 DAGs
[2026-07-09T04:00:56.072-0500] {logging_mixin.py:188} INFO - [2026-07-09T04:00:56.072-0500] {dag.py:3947} INFO - Setting next_dagrun for aerotrack_travel_riesgo_disrupcion to 2026-07-09 00:00:00+00:00, run_after=2026-07-10 00:00:00+00:00
[2026-07-09T04:00:56.087-0500] {processor.py:183} INFO - Processing /opt/airflow/dags/dag_estimar_riesgo_disrupcion.py took 0.489 seconds
[2026-07-09T04:01:26.379-0500] {processor.py:161} INFO - Started process (PID=17567) to work on /opt/airflow/dags/dag_estimar_riesgo_disrupcion.py
[2026-07-09T04:01:26.380-0500] {processor.py:830} INFO - Processing file /opt/airflow/dags/dag_estimar_riesgo_disrupcion.py for tasks to queue
[2026-07-09T04:01:26.382-0500] {logging_mixin.py:188} INFO - [2026-07-09T04:01:26.382-0500] {dagbag.py:545} INFO - Filling up the DagBag from /opt/airflow/dags/dag_estimar_riesgo_disrupcion.py
[2026-07-09T04:01:26.804-0500] {processor.py:840} INFO - DAG(s) 'aerotrack_travel_riesgo_disrupcion' retrieved from /opt/airflow/dags/dag_estimar_riesgo_disrupcion.py
[2026-07-09T04:01:26.832-0500] {logging_mixin.py:188} INFO - [2026-07-09T04:01:26.832-0500] {dag.py:3089} INFO - Sync 1 DAGs
[2026-07-09T04:01:26.849-0500] {logging_mixin.py:188} INFO - [2026-07-09T04:01:26.849-0500] {dag.py:3947} INFO - Setting next_dagrun for aerotrack_travel_riesgo_disrupcion to 2026-07-09 00:00:00+00:00, run_after=2026-07-10 00:00:00+00:00
[2026-07-09T04:01:26.865-0500] {processor.py:183} INFO - Processing /opt/airflow/dags/dag_estimar_riesgo_disrupcion.py took 0.491 seconds
[2026-07-09T04:01:57.299-0500] {processor.py:161} INFO - Started process (PID=17594) to work on /opt/airflow/dags/dag_estimar_riesgo_disrupcion.py
[2026-07-09T04:01:57.300-0500] {processor.py:830} INFO - Processing file /opt/airflow/dags/dag_estimar_riesgo_disrupcion.py for tasks to queue
[2026-07-09T04:01:57.302-0500] {logging_mixin.py:188} INFO - [2026-07-09T04:01:57.302-0500] {dagbag.py:545} INFO - Filling up the DagBag from /opt/airflow/dags/dag_estimar_riesgo_disrupcion.py
[2026-07-09T04:01:57.781-0500] {processor.py:840} INFO - DAG(s) 'aerotrack_travel_riesgo_disrupcion' retrieved from /opt/airflow/dags/dag_estimar_riesgo_disrupcion.py
[2026-07-09T04:01:57.821-0500] {logging_mixin.py:188} INFO - [2026-07-09T04:01:57.821-0500] {dag.py:3089} INFO - Sync 1 DAGs
[2026-07-09T04:01:57.847-0500] {logging_mixin.py:188} INFO - [2026-07-09T04:01:57.846-0500] {dag.py:3947} INFO - Setting next_dagrun for aerotrack_travel_riesgo_disrupcion to 2026-07-09 00:00:00+00:00, run_after=2026-07-10 00:00:00+00:00
[2026-07-09T04:01:58.086-0500] {processor.py:183} INFO - Processing /opt/airflow/dags/dag_estimar_riesgo_disrupcion.py took 0.792 seconds
[2026-07-09T04:02:28.452-0500] {processor.py:161} INFO - Started process (PID=17621) to work on /opt/airflow/dags/dag_estimar_riesgo_disrupcion.py
[2026-07-09T04:02:28.453-0500] {processor.py:830} INFO - Processing file /opt/airflow/dags/dag_estimar_riesgo_disrupcion.py for tasks to queue
[2026-07-09T04:02:28.454-0500] {logging_mixin.py:188} INFO - [2026-07-09T04:02:28.454-0500] {dagbag.py:545} INFO - Filling up the DagBag from /opt/airflow/dags/dag_estimar_riesgo_disrupcion.py
[2026-07-09T04:02:28.876-0500] {processor.py:840} INFO - DAG(s) 'aerotrack_travel_riesgo_disrupcion' retrieved from /opt/airflow/dags/dag_estimar_riesgo_disrupcion.py
[2026-07-09T04:02:28.906-0500] {logging_mixin.py:188} INFO - [2026-07-09T04:02:28.906-0500] {dag.py:3089} INFO - Sync 1 DAGs
[2026-07-09T04:02:29.088-0500] {logging_mixin.py:188} INFO - [2026-07-09T04:02:29.087-0500] {dag.py:3947} INFO - Setting next_dagrun for aerotrack_travel_riesgo_disrupcion to 2026-07-09 00:00:00+00:00, run_after=2026-07-10 00:00:00+00:00
[2026-07-09T04:02:29.102-0500] {processor.py:183} INFO - Processing /opt/airflow/dags/dag_estimar_riesgo_disrupcion.py took 0.656 seconds
[2026-07-09T04:02:59.441-0500] {processor.py:161} INFO - Started process (PID=17648) to work on /opt/airflow/dags/dag_estimar_riesgo_disrupcion.py
[2026-07-09T04:02:59.442-0500] {processor.py:830} INFO - Processing file /opt/airflow/dags/dag_estimar_riesgo_disrupcion.py for tasks to queue
[2026-07-09T04:02:59.444-0500] {logging_mixin.py:188} INFO - [2026-07-09T04:02:59.444-0500] {dagbag.py:545} INFO - Filling up the DagBag from /opt/airflow/dags/dag_estimar_riesgo_disrupcion.py
[2026-07-09T04:02:59.932-0500] {processor.py:840} INFO - DAG(s) 'aerotrack_travel_riesgo_disrupcion' retrieved from /opt/airflow/dags/dag_estimar_riesgo_disrupcion.py
[2026-07-09T04:02:59.974-0500] {logging_mixin.py:188} INFO - [2026-07-09T04:02:59.973-0500] {dag.py:3089} INFO - Sync 1 DAGs
[2026-07-09T04:02:59.996-0500] {logging_mixin.py:188} INFO - [2026-07-09T04:02:59.996-0500] {dag.py:3947} INFO - Setting next_dagrun for aerotrack_travel_riesgo_disrupcion to 2026-07-09 00:00:00+00:00, run_after=2026-07-10 00:00:00+00:00
[2026-07-09T04:03:00.026-0500] {processor.py:183} INFO - Processing /opt/airflow/dags/dag_estimar_riesgo_disrupcion.py took 0.591 seconds
[2026-07-09T04:03:30.391-0500] {processor.py:161} INFO - Started process (PID=17675) to work on /opt/airflow/dags/dag_estimar_riesgo_disrupcion.py
[2026-07-09T04:03:30.392-0500] {processor.py:830} INFO - Processing file /opt/airflow/dags/dag_estimar_riesgo_disrupcion.py for tasks to queue
[2026-07-09T04:03:30.395-0500] {logging_mixin.py:188} INFO - [2026-07-09T04:03:30.395-0500] {dagbag.py:545} INFO - Filling up the DagBag from /opt/airflow/dags/dag_estimar_riesgo_disrupcion.py
[2026-07-09T04:03:30.837-0500] {processor.py:840} INFO - DAG(s) 'aerotrack_travel_riesgo_disrupcion' retrieved from /opt/airflow/dags/dag_estimar_riesgo_disrupcion.py
[2026-07-09T04:03:30.871-0500] {logging_mixin.py:188} INFO - [2026-07-09T04:03:30.871-0500] {dag.py:3089} INFO - Sync 1 DAGs
[2026-07-09T04:03:30.891-0500] {logging_mixin.py:188} INFO - [2026-07-09T04:03:30.891-0500] {dag.py:3947} INFO - Setting next_dagrun for aerotrack_travel_riesgo_disrupcion to 2026-07-09 00:00:00+00:00, run_after=2026-07-10 00:00:00+00:00
[2026-07-09T04:03:30.908-0500] {processor.py:183} INFO - Processing /opt/airflow/dags/dag_estimar_riesgo_disrupcion.py took 0.524 seconds
[2026-07-09T04:04:01.356-0500] {processor.py:161} INFO - Started process (PID=17702) to work on /opt/airflow/dags/dag_estimar_riesgo_disrupcion.py
[2026-07-09T04:04:01.357-0500] {processor.py:830} INFO - Processing file /opt/airflow/dags/dag_estimar_riesgo_disrupcion.py for tasks to queue
[2026-07-09T04:04:01.359-0500] {logging_mixin.py:188} INFO - [2026-07-09T04:04:01.359-0500] {dagbag.py:545} INFO - Filling up the DagBag from /opt/airflow/dags/dag_estimar_riesgo_disrupcion.py
[2026-07-09T04:04:01.816-0500] {processor.py:840} INFO - DAG(s) 'aerotrack_travel_riesgo_disrupcion' retrieved from /opt/airflow/dags/dag_estimar_riesgo_disrupcion.py
[2026-07-09T04:04:01.848-0500] {logging_mixin.py:188} INFO - [2026-07-09T04:04:01.848-0500] {dag.py:3089} INFO - Sync 1 DAGs
[2026-07-09T04:04:01.866-0500] {logging_mixin.py:188} INFO - [2026-07-09T04:04:01.865-0500] {dag.py:3947} INFO - Setting next_dagrun for aerotrack_travel_riesgo_disrupcion to 2026-07-09 00:00:00+00:00, run_after=2026-07-10 00:00:00+00:00
[2026-07-09T04:04:02.017-0500] {processor.py:183} INFO - Processing /opt/airflow/dags/dag_estimar_riesgo_disrupcion.py took 0.666 seconds
[2026-07-09T04:04:32.311-0500] {processor.py:161} INFO - Started process (PID=17729) to work on /opt/airflow/dags/dag_estimar_riesgo_disrupcion.py
[2026-07-09T04:04:32.312-0500] {processor.py:830} INFO - Processing file /opt/airflow/dags/dag_estimar_riesgo_disrupcion.py for tasks to queue
[2026-07-09T04:04:32.314-0500] {logging_mixin.py:188} INFO - [2026-07-09T04:04:32.313-0500] {dagbag.py:545} INFO - Filling up the DagBag from /opt/airflow/dags/dag_estimar_riesgo_disrupcion.py
[2026-07-09T04:04:32.735-0500] {processor.py:840} INFO - DAG(s) 'aerotrack_travel_riesgo_disrupcion' retrieved from /opt/airflow/dags/dag_estimar_riesgo_disrupcion.py
[2026-07-09T04:04:32.765-0500] {logging_mixin.py:188} INFO - [2026-07-09T04:04:32.765-0500] {dag.py:3089} INFO - Sync 1 DAGs
[2026-07-09T04:04:32.926-0500] {logging_mixin.py:188} INFO - [2026-07-09T04:04:32.925-0500] {dag.py:3947} INFO - Setting next_dagrun for aerotrack_travel_riesgo_disrupcion to 2026-07-09 00:00:00+00:00, run_after=2026-07-10 00:00:00+00:00
[2026-07-09T04:04:32.942-0500] {processor.py:183} INFO - Processing /opt/airflow/dags/dag_estimar_riesgo_disrupcion.py took 0.635 seconds
[2026-07-09T04:05:03.297-0500] {processor.py:161} INFO - Started process (PID=17756) to work on /opt/airflow/dags/dag_estimar_riesgo_disrupcion.py
[2026-07-09T04:05:03.299-0500] {processor.py:830} INFO - Processing file /opt/airflow/dags/dag_estimar_riesgo_disrupcion.py for tasks to queue
[2026-07-09T04:05:03.301-0500] {logging_mixin.py:188} INFO - [2026-07-09T04:05:03.301-0500] {dagbag.py:545} INFO - Filling up the DagBag from /opt/airflow/dags/dag_estimar_riesgo_disrupcion.py
[2026-07-09T04:05:03.734-0500] {processor.py:840} INFO - DAG(s) 'aerotrack_travel_riesgo_disrupcion' retrieved from /opt/airflow/dags/dag_estimar_riesgo_disrupcion.py
[2026-07-09T04:05:03.766-0500] {logging_mixin.py:188} INFO - [2026-07-09T04:05:03.766-0500] {dag.py:3089} INFO - Sync 1 DAGs
[2026-07-09T04:05:03.784-0500] {logging_mixin.py:188} INFO - [2026-07-09T04:05:03.784-0500] {dag.py:3947} INFO - Setting next_dagrun for aerotrack_travel_riesgo_disrupcion to 2026-07-09 00:00:00+00:00, run_after=2026-07-10 00:00:00+00:00
[2026-07-09T04:05:03.798-0500] {processor.py:183} INFO - Processing /opt/airflow/dags/dag_estimar_riesgo_disrupcion.py took 0.506 seconds
[2026-07-09T04:05:34.150-0500] {processor.py:161} INFO - Started process (PID=17783) to work on /opt/airflow/dags/dag_estimar_riesgo_disrupcion.py
[2026-07-09T04:05:34.151-0500] {processor.py:830} INFO - Processing file /opt/airflow/dags/dag_estimar_riesgo_disrupcion.py for tasks to queue
[2026-07-09T04:05:34.153-0500] {logging_mixin.py:188} INFO - [2026-07-09T04:05:34.153-0500] {dagbag.py:545} INFO - Filling up the DagBag from /opt/airflow/dags/dag_estimar_riesgo_disrupcion.py
[2026-07-09T04:05:34.584-0500] {processor.py:840} INFO - DAG(s) 'aerotrack_travel_riesgo_disrupcion' retrieved from /opt/airflow/dags/dag_estimar_riesgo_disrupcion.py
[2026-07-09T04:05:34.613-0500] {logging_mixin.py:188} INFO - [2026-07-09T04:05:34.612-0500] {dag.py:3089} INFO - Sync 1 DAGs
[2026-07-09T04:05:34.630-0500] {logging_mixin.py:188} INFO - [2026-07-09T04:05:34.630-0500] {dag.py:3947} INFO - Setting next_dagrun for aerotrack_travel_riesgo_disrupcion to 2026-07-09 00:00:00+00:00, run_after=2026-07-10 00:00:00+00:00
[2026-07-09T04:05:34.646-0500] {processor.py:183} INFO - Processing /opt/airflow/dags/dag_estimar_riesgo_disrupcion.py took 0.500 seconds
[2026-07-09T04:06:04.948-0500] {processor.py:161} INFO - Started process (PID=17810) to work on /opt/airflow/dags/dag_estimar_riesgo_disrupcion.py
[2026-07-09T04:06:04.949-0500] {processor.py:830} INFO - Processing file /opt/airflow/dags/dag_estimar_riesgo_disrupcion.py for tasks to queue
[2026-07-09T04:06:04.951-0500] {logging_mixin.py:188} INFO - [2026-07-09T04:06:04.950-0500] {dagbag.py:545} INFO - Filling up the DagBag from /opt/airflow/dags/dag_estimar_riesgo_disrupcion.py
[2026-07-09T04:06:05.366-0500] {processor.py:840} INFO - DAG(s) 'aerotrack_travel_riesgo_disrupcion' retrieved from /opt/airflow/dags/dag_estimar_riesgo_disrupcion.py
[2026-07-09T04:06:05.405-0500] {logging_mixin.py:188} INFO - [2026-07-09T04:06:05.405-0500] {dag.py:3089} INFO - Sync 1 DAGs
[2026-07-09T04:06:05.426-0500] {logging_mixin.py:188} INFO - [2026-07-09T04:06:05.425-0500] {dag.py:3947} INFO - Setting next_dagrun for aerotrack_travel_riesgo_disrupcion to 2026-07-09 00:00:00+00:00, run_after=2026-07-10 00:00:00+00:00
[2026-07-09T04:06:05.601-0500] {processor.py:183} INFO - Processing /opt/airflow/dags/dag_estimar_riesgo_disrupcion.py took 0.658 seconds
[2026-07-09T04:06:35.883-0500] {processor.py:161} INFO - Started process (PID=17837) to work on /opt/airflow/dags/dag_estimar_riesgo_disrupcion.py
[2026-07-09T04:06:35.884-0500] {processor.py:830} INFO - Processing file /opt/airflow/dags/dag_estimar_riesgo_disrupcion.py for tasks to queue
[2026-07-09T04:06:35.885-0500] {logging_mixin.py:188} INFO - [2026-07-09T04:06:35.885-0500] {dagbag.py:545} INFO - Filling up the DagBag from /opt/airflow/dags/dag_estimar_riesgo_disrupcion.py
[2026-07-09T04:06:36.296-0500] {processor.py:840} INFO - DAG(s) 'aerotrack_travel_riesgo_disrupcion' retrieved from /opt/airflow/dags/dag_estimar_riesgo_disrupcion.py
[2026-07-09T04:06:36.326-0500] {logging_mixin.py:188} INFO - [2026-07-09T04:06:36.326-0500] {dag.py:3089} INFO - Sync 1 DAGs
[2026-07-09T04:06:36.481-0500] {logging_mixin.py:188} INFO - [2026-07-09T04:06:36.481-0500] {dag.py:3947} INFO - Setting next_dagrun for aerotrack_travel_riesgo_disrupcion to 2026-07-09 00:00:00+00:00, run_after=2026-07-10 00:00:00+00:00
[2026-07-09T04:06:36.494-0500] {processor.py:183} INFO - Processing /opt/airflow/dags/dag_estimar_riesgo_disrupcion.py took 0.617 seconds
[2026-07-09T04:07:06.912-0500] {processor.py:161} INFO - Started process (PID=17864) to work on /opt/airflow/dags/dag_estimar_riesgo_disrupcion.py
[2026-07-09T04:07:06.913-0500] {processor.py:830} INFO - Processing file /opt/airflow/dags/dag_estimar_riesgo_disrupcion.py for tasks to queue
[2026-07-09T04:07:06.915-0500] {logging_mixin.py:188} INFO - [2026-07-09T04:07:06.915-0500] {dagbag.py:545} INFO - Filling up the DagBag from /opt/airflow/dags/dag_estimar_riesgo_disrupcion.py
[2026-07-09T04:07:07.341-0500] {processor.py:840} INFO - DAG(s) 'aerotrack_travel_riesgo_disrupcion' retrieved from /opt/airflow/dags/dag_estimar_riesgo_disrupcion.py
[2026-07-09T04:07:07.371-0500] {logging_mixin.py:188} INFO - [2026-07-09T04:07:07.371-0500] {dag.py:3089} INFO - Sync 1 DAGs
[2026-07-09T04:07:07.389-0500] {logging_mixin.py:188} INFO - [2026-07-09T04:07:07.389-0500] {dag.py:3947} INFO - Setting next_dagrun for aerotrack_travel_riesgo_disrupcion to 2026-07-09 00:00:00+00:00, run_after=2026-07-10 00:00:00+00:00
[2026-07-09T04:07:07.404-0500] {processor.py:183} INFO - Processing /opt/airflow/dags/dag_estimar_riesgo_disrupcion.py took 0.497 seconds
[2026-07-09T04:07:37.717-0500] {processor.py:161} INFO - Started process (PID=17891) to work on /opt/airflow/dags/dag_estimar_riesgo_disrupcion.py
[2026-07-09T04:07:37.718-0500] {processor.py:830} INFO - Processing file /opt/airflow/dags/dag_estimar_riesgo_disrupcion.py for tasks to queue
[2026-07-09T04:07:37.720-0500] {logging_mixin.py:188} INFO - [2026-07-09T04:07:37.720-0500] {dagbag.py:545} INFO - Filling up the DagBag from /opt/airflow/dags/dag_estimar_riesgo_disrupcion.py
[2026-07-09T04:07:38.153-0500] {processor.py:840} INFO - DAG(s) 'aerotrack_travel_riesgo_disrupcion' retrieved from /opt/airflow/dags/dag_estimar_riesgo_disrupcion.py
[2026-07-09T04:07:38.187-0500] {logging_mixin.py:188} INFO - [2026-07-09T04:07:38.186-0500] {dag.py:3089} INFO - Sync 1 DAGs
[2026-07-09T04:07:38.204-0500] {logging_mixin.py:188} INFO - [2026-07-09T04:07:38.204-0500] {dag.py:3947} INFO - Setting next_dagrun for aerotrack_travel_riesgo_disrupcion to 2026-07-09 00:00:00+00:00, run_after=2026-07-10 00:00:00+00:00
[2026-07-09T04:07:38.219-0500] {processor.py:183} INFO - Processing /opt/airflow/dags/dag_estimar_riesgo_disrupcion.py took 0.507 seconds
[2026-07-09T04:08:08.628-0500] {processor.py:161} INFO - Started process (PID=17918) to work on /opt/airflow/dags/dag_estimar_riesgo_disrupcion.py
[2026-07-09T04:08:08.629-0500] {processor.py:830} INFO - Processing file /opt/airflow/dags/dag_estimar_riesgo_disrupcion.py for tasks to queue
[2026-07-09T04:08:08.631-0500] {logging_mixin.py:188} INFO - [2026-07-09T04:08:08.631-0500] {dagbag.py:545} INFO - Filling up the DagBag from /opt/airflow/dags/dag_estimar_riesgo_disrupcion.py
[2026-07-09T04:08:09.070-0500] {processor.py:840} INFO - DAG(s) 'aerotrack_travel_riesgo_disrupcion' retrieved from /opt/airflow/dags/dag_estimar_riesgo_disrupcion.py
[2026-07-09T04:08:09.109-0500] {logging_mixin.py:188} INFO - [2026-07-09T04:08:09.109-0500] {dag.py:3089} INFO - Sync 1 DAGs
[2026-07-09T04:08:09.128-0500] {logging_mixin.py:188} INFO - [2026-07-09T04:08:09.128-0500] {dag.py:3947} INFO - Setting next_dagrun for aerotrack_travel_riesgo_disrupcion to 2026-07-09 00:00:00+00:00, run_after=2026-07-10 00:00:00+00:00
[2026-07-09T04:08:09.322-0500] {processor.py:183} INFO - Processing /opt/airflow/dags/dag_estimar_riesgo_disrupcion.py took 0.699 seconds
[2026-07-09T04:08:39.670-0500] {processor.py:161} INFO - Started process (PID=17945) to work on /opt/airflow/dags/dag_estimar_riesgo_disrupcion.py
[2026-07-09T04:08:39.671-0500] {processor.py:830} INFO - Processing file /opt/airflow/dags/dag_estimar_riesgo_disrupcion.py for tasks to queue
[2026-07-09T04:08:39.673-0500] {logging_mixin.py:188} INFO - [2026-07-09T04:08:39.673-0500] {dagbag.py:545} INFO - Filling up the DagBag from /opt/airflow/dags/dag_estimar_riesgo_disrupcion.py
[2026-07-09T04:08:40.121-0500] {processor.py:840} INFO - DAG(s) 'aerotrack_travel_riesgo_disrupcion' retrieved from /opt/airflow/dags/dag_estimar_riesgo_disrupcion.py
[2026-07-09T04:08:40.156-0500] {logging_mixin.py:188} INFO - [2026-07-09T04:08:40.155-0500] {dag.py:3089} INFO - Sync 1 DAGs
[2026-07-09T04:08:40.369-0500] {logging_mixin.py:188} INFO - [2026-07-09T04:08:40.369-0500] {dag.py:3947} INFO - Setting next_dagrun for aerotrack_travel_riesgo_disrupcion to 2026-07-09 00:00:00+00:00, run_after=2026-07-10 00:00:00+00:00
[2026-07-09T04:08:40.415-0500] {processor.py:183} INFO - Processing /opt/airflow/dags/dag_estimar_riesgo_disrupcion.py took 0.750 seconds
[2026-07-09T04:09:10.837-0500] {processor.py:161} INFO - Started process (PID=17972) to work on /opt/airflow/dags/dag_estimar_riesgo_disrupcion.py
[2026-07-09T04:09:10.838-0500] {processor.py:830} INFO - Processing file /opt/airflow/dags/dag_estimar_riesgo_disrupcion.py for tasks to queue
[2026-07-09T04:09:10.840-0500] {logging_mixin.py:188} INFO - [2026-07-09T04:09:10.840-0500] {dagbag.py:545} INFO - Filling up the DagBag from /opt/airflow/dags/dag_estimar_riesgo_disrupcion.py
[2026-07-09T04:09:11.283-0500] {processor.py:840} INFO - DAG(s) 'aerotrack_travel_riesgo_disrupcion' retrieved from /opt/airflow/dags/dag_estimar_riesgo_disrupcion.py
[2026-07-09T04:09:11.319-0500] {logging_mixin.py:188} INFO - [2026-07-09T04:09:11.318-0500] {dag.py:3089} INFO - Sync 1 DAGs
[2026-07-09T04:09:11.337-0500] {logging_mixin.py:188} INFO - [2026-07-09T04:09:11.337-0500] {dag.py:3947} INFO - Setting next_dagrun for aerotrack_travel_riesgo_disrupcion to 2026-07-09 00:00:00+00:00, run_after=2026-07-10 00:00:00+00:00
[2026-07-09T04:09:11.353-0500] {processor.py:183} INFO - Processing /opt/airflow/dags/dag_estimar_riesgo_disrupcion.py took 0.521 seconds
[2026-07-09T04:09:41.690-0500] {processor.py:161} INFO - Started process (PID=17999) to work on /opt/airflow/dags/dag_estimar_riesgo_disrupcion.py
[2026-07-09T04:09:41.692-0500] {processor.py:830} INFO - Processing file /opt/airflow/dags/dag_estimar_riesgo_disrupcion.py for tasks to queue
[2026-07-09T04:09:41.694-0500] {logging_mixin.py:188} INFO - [2026-07-09T04:09:41.693-0500] {dagbag.py:545} INFO - Filling up the DagBag from /opt/airflow/dags/dag_estimar_riesgo_disrupcion.py
[2026-07-09T04:09:42.142-0500] {processor.py:840} INFO - DAG(s) 'aerotrack_travel_riesgo_disrupcion' retrieved from /opt/airflow/dags/dag_estimar_riesgo_disrupcion.py
[2026-07-09T04:09:42.172-0500] {logging_mixin.py:188} INFO - [2026-07-09T04:09:42.172-0500] {dag.py:3089} INFO - Sync 1 DAGs
[2026-07-09T04:09:42.190-0500] {logging_mixin.py:188} INFO - [2026-07-09T04:09:42.190-0500] {dag.py:3947} INFO - Setting next_dagrun for aerotrack_travel_riesgo_disrupcion to 2026-07-09 00:00:00+00:00, run_after=2026-07-10 00:00:00+00:00
[2026-07-09T04:09:42.207-0500] {processor.py:183} INFO - Processing /opt/airflow/dags/dag_estimar_riesgo_disrupcion.py took 0.521 seconds
[2026-07-09T04:10:12.496-0500] {processor.py:161} INFO - Started process (PID=18026) to work on /opt/airflow/dags/dag_estimar_riesgo_disrupcion.py
[2026-07-09T04:10:12.497-0500] {processor.py:830} INFO - Processing file /opt/airflow/dags/dag_estimar_riesgo_disrupcion.py for tasks to queue
[2026-07-09T04:10:12.498-0500] {logging_mixin.py:188} INFO - [2026-07-09T04:10:12.498-0500] {dagbag.py:545} INFO - Filling up the DagBag from /opt/airflow/dags/dag_estimar_riesgo_disrupcion.py
[2026-07-09T04:10:12.924-0500] {processor.py:840} INFO - DAG(s) 'aerotrack_travel_riesgo_disrupcion' retrieved from /opt/airflow/dags/dag_estimar_riesgo_disrupcion.py
[2026-07-09T04:10:12.960-0500] {logging_mixin.py:188} INFO - [2026-07-09T04:10:12.960-0500] {dag.py:3089} INFO - Sync 1 DAGs
[2026-07-09T04:10:12.981-0500] {logging_mixin.py:188} INFO - [2026-07-09T04:10:12.981-0500] {dag.py:3947} INFO - Setting next_dagrun for aerotrack_travel_riesgo_disrupcion to 2026-07-09 00:00:00+00:00, run_after=2026-07-10 00:00:00+00:00
[2026-07-09T04:10:13.143-0500] {processor.py:183} INFO - Processing /opt/airflow/dags/dag_estimar_riesgo_disrupcion.py took 0.652 seconds
[2026-07-09T04:10:43.442-0500] {processor.py:161} INFO - Started process (PID=18053) to work on /opt/airflow/dags/dag_estimar_riesgo_disrupcion.py
[2026-07-09T04:10:43.443-0500] {processor.py:830} INFO - Processing file /opt/airflow/dags/dag_estimar_riesgo_disrupcion.py for tasks to queue
[2026-07-09T04:10:43.445-0500] {logging_mixin.py:188} INFO - [2026-07-09T04:10:43.445-0500] {dagbag.py:545} INFO - Filling up the DagBag from /opt/airflow/dags/dag_estimar_riesgo_disrupcion.py
[2026-07-09T04:10:43.864-0500] {processor.py:840} INFO - DAG(s) 'aerotrack_travel_riesgo_disrupcion' retrieved from /opt/airflow/dags/dag_estimar_riesgo_disrupcion.py
[2026-07-09T04:10:43.899-0500] {logging_mixin.py:188} INFO - [2026-07-09T04:10:43.898-0500] {dag.py:3089} INFO - Sync 1 DAGs
[2026-07-09T04:10:44.062-0500] {logging_mixin.py:188} INFO - [2026-07-09T04:10:44.061-0500] {dag.py:3947} INFO - Setting next_dagrun for aerotrack_travel_riesgo_disrupcion to 2026-07-09 00:00:00+00:00, run_after=2026-07-10 00:00:00+00:00
[2026-07-09T04:10:44.074-0500] {processor.py:183} INFO - Processing /opt/airflow/dags/dag_estimar_riesgo_disrupcion.py took 0.637 seconds
[2026-07-09T04:11:14.372-0500] {processor.py:161} INFO - Started process (PID=18080) to work on /opt/airflow/dags/dag_estimar_riesgo_disrupcion.py
[2026-07-09T04:11:14.373-0500] {processor.py:830} INFO - Processing file /opt/airflow/dags/dag_estimar_riesgo_disrupcion.py for tasks to queue
[2026-07-09T04:11:14.375-0500] {logging_mixin.py:188} INFO - [2026-07-09T04:11:14.375-0500] {dagbag.py:545} INFO - Filling up the DagBag from /opt/airflow/dags/dag_estimar_riesgo_disrupcion.py
[2026-07-09T04:11:14.831-0500] {processor.py:840} INFO - DAG(s) 'aerotrack_travel_riesgo_disrupcion' retrieved from /opt/airflow/dags/dag_estimar_riesgo_disrupcion.py
[2026-07-09T04:11:14.862-0500] {logging_mixin.py:188} INFO - [2026-07-09T04:11:14.861-0500] {dag.py:3089} INFO - Sync 1 DAGs
[2026-07-09T04:11:14.879-0500] {logging_mixin.py:188} INFO - [2026-07-09T04:11:14.879-0500] {dag.py:3947} INFO - Setting next_dagrun for aerotrack_travel_riesgo_disrupcion to 2026-07-09 00:00:00+00:00, run_after=2026-07-10 00:00:00+00:00
[2026-07-09T04:11:14.894-0500] {processor.py:183} INFO - Processing /opt/airflow/dags/dag_estimar_riesgo_disrupcion.py took 0.527 seconds
[2026-07-09T04:11:45.467-0500] {processor.py:161} INFO - Started process (PID=18107) to work on /opt/airflow/dags/dag_estimar_riesgo_disrupcion.py
[2026-07-09T04:11:45.468-0500] {processor.py:830} INFO - Processing file /opt/airflow/dags/dag_estimar_riesgo_disrupcion.py for tasks to queue
[2026-07-09T04:11:45.470-0500] {logging_mixin.py:188} INFO - [2026-07-09T04:11:45.469-0500] {dagbag.py:545} INFO - Filling up the DagBag from /opt/airflow/dags/dag_estimar_riesgo_disrupcion.py
[2026-07-09T04:11:45.932-0500] {processor.py:840} INFO - DAG(s) 'aerotrack_travel_riesgo_disrupcion' retrieved from /opt/airflow/dags/dag_estimar_riesgo_disrupcion.py
[2026-07-09T04:11:45.964-0500] {logging_mixin.py:188} INFO - [2026-07-09T04:11:45.964-0500] {dag.py:3089} INFO - Sync 1 DAGs
[2026-07-09T04:11:45.983-0500] {logging_mixin.py:188} INFO - [2026-07-09T04:11:45.982-0500] {dag.py:3947} INFO - Setting next_dagrun for aerotrack_travel_riesgo_disrupcion to 2026-07-09 00:00:00+00:00, run_after=2026-07-10 00:00:00+00:00
[2026-07-09T04:11:45.998-0500] {processor.py:183} INFO - Processing /opt/airflow/dags/dag_estimar_riesgo_disrupcion.py took 0.536 seconds
[2026-07-09T04:12:16.321-0500] {processor.py:161} INFO - Started process (PID=18134) to work on /opt/airflow/dags/dag_estimar_riesgo_disrupcion.py
[2026-07-09T04:12:16.322-0500] {processor.py:830} INFO - Processing file /opt/airflow/dags/dag_estimar_riesgo_disrupcion.py for tasks to queue
[2026-07-09T04:12:16.324-0500] {logging_mixin.py:188} INFO - [2026-07-09T04:12:16.324-0500] {dagbag.py:545} INFO - Filling up the DagBag from /opt/airflow/dags/dag_estimar_riesgo_disrupcion.py
[2026-07-09T04:12:16.745-0500] {processor.py:840} INFO - DAG(s) 'aerotrack_travel_riesgo_disrupcion' retrieved from /opt/airflow/dags/dag_estimar_riesgo_disrupcion.py
[2026-07-09T04:12:16.781-0500] {logging_mixin.py:188} INFO - [2026-07-09T04:12:16.780-0500] {dag.py:3089} INFO - Sync 1 DAGs
[2026-07-09T04:12:16.801-0500] {logging_mixin.py:188} INFO - [2026-07-09T04:12:16.800-0500] {dag.py:3947} INFO - Setting next_dagrun for aerotrack_travel_riesgo_disrupcion to 2026-07-09 00:00:00+00:00, run_after=2026-07-10 00:00:00+00:00
[2026-07-09T04:12:16.972-0500] {processor.py:183} INFO - Processing /opt/airflow/dags/dag_estimar_riesgo_disrupcion.py took 0.655 seconds
[2026-07-09T04:12:47.332-0500] {processor.py:161} INFO - Started process (PID=18161) to work on /opt/airflow/dags/dag_estimar_riesgo_disrupcion.py
[2026-07-09T04:12:47.333-0500] {processor.py:830} INFO - Processing file /opt/airflow/dags/dag_estimar_riesgo_disrupcion.py for tasks to queue
[2026-07-09T04:12:47.335-0500] {logging_mixin.py:188} INFO - [2026-07-09T04:12:47.335-0500] {dagbag.py:545} INFO - Filling up the DagBag from /opt/airflow/dags/dag_estimar_riesgo_disrupcion.py
[2026-07-09T04:12:47.767-0500] {processor.py:840} INFO - DAG(s) 'aerotrack_travel_riesgo_disrupcion' retrieved from /opt/airflow/dags/dag_estimar_riesgo_disrupcion.py
[2026-07-09T04:12:47.801-0500] {logging_mixin.py:188} INFO - [2026-07-09T04:12:47.801-0500] {dag.py:3089} INFO - Sync 1 DAGs
[2026-07-09T04:12:47.957-0500] {logging_mixin.py:188} INFO - [2026-07-09T04:12:47.957-0500] {dag.py:3947} INFO - Setting next_dagrun for aerotrack_travel_riesgo_disrupcion to 2026-07-09 00:00:00+00:00, run_after=2026-07-10 00:00:00+00:00
[2026-07-09T04:12:47.971-0500] {processor.py:183} INFO - Processing /opt/airflow/dags/dag_estimar_riesgo_disrupcion.py took 0.644 seconds
[2026-07-09T04:13:18.404-0500] {processor.py:161} INFO - Started process (PID=18188) to work on /opt/airflow/dags/dag_estimar_riesgo_disrupcion.py
[2026-07-09T04:13:18.405-0500] {processor.py:830} INFO - Processing file /opt/airflow/dags/dag_estimar_riesgo_disrupcion.py for tasks to queue
[2026-07-09T04:13:18.407-0500] {logging_mixin.py:188} INFO - [2026-07-09T04:13:18.407-0500] {dagbag.py:545} INFO - Filling up the DagBag from /opt/airflow/dags/dag_estimar_riesgo_disrupcion.py
[2026-07-09T04:13:18.870-0500] {processor.py:840} INFO - DAG(s) 'aerotrack_travel_riesgo_disrupcion' retrieved from /opt/airflow/dags/dag_estimar_riesgo_disrupcion.py
[2026-07-09T04:13:18.907-0500] {logging_mixin.py:188} INFO - [2026-07-09T04:13:18.906-0500] {dag.py:3089} INFO - Sync 1 DAGs
[2026-07-09T04:13:18.929-0500] {logging_mixin.py:188} INFO - [2026-07-09T04:13:18.929-0500] {dag.py:3947} INFO - Setting next_dagrun for aerotrack_travel_riesgo_disrupcion to 2026-07-09 00:00:00+00:00, run_after=2026-07-10 00:00:00+00:00
[2026-07-09T04:13:18.947-0500] {processor.py:183} INFO - Processing /opt/airflow/dags/dag_estimar_riesgo_disrupcion.py took 0.551 seconds
[2026-07-09T04:13:49.441-0500] {processor.py:161} INFO - Started process (PID=18215) to work on /opt/airflow/dags/dag_estimar_riesgo_disrupcion.py
[2026-07-09T04:13:49.442-0500] {processor.py:830} INFO - Processing file /opt/airflow/dags/dag_estimar_riesgo_disrupcion.py for tasks to queue
[2026-07-09T04:13:49.447-0500] {logging_mixin.py:188} INFO - [2026-07-09T04:13:49.446-0500] {dagbag.py:545} INFO - Filling up the DagBag from /opt/airflow/dags/dag_estimar_riesgo_disrupcion.py
[2026-07-09T04:13:49.981-0500] {processor.py:840} INFO - DAG(s) 'aerotrack_travel_riesgo_disrupcion' retrieved from /opt/airflow/dags/dag_estimar_riesgo_disrupcion.py
[2026-07-09T04:13:50.023-0500] {logging_mixin.py:188} INFO - [2026-07-09T04:13:50.023-0500] {dag.py:3089} INFO - Sync 1 DAGs
[2026-07-09T04:13:50.047-0500] {logging_mixin.py:188} INFO - [2026-07-09T04:13:50.046-0500] {dag.py:3947} INFO - Setting next_dagrun for aerotrack_travel_riesgo_disrupcion to 2026-07-09 00:00:00+00:00, run_after=2026-07-10 00:00:00+00:00
[2026-07-09T04:13:50.070-0500] {processor.py:183} INFO - Processing /opt/airflow/dags/dag_estimar_riesgo_disrupcion.py took 0.636 seconds
[2026-07-09T04:14:20.432-0500] {processor.py:161} INFO - Started process (PID=18242) to work on /opt/airflow/dags/dag_estimar_riesgo_disrupcion.py
[2026-07-09T04:14:20.433-0500] {processor.py:830} INFO - Processing file /opt/airflow/dags/dag_estimar_riesgo_disrupcion.py for tasks to queue
[2026-07-09T04:14:20.435-0500] {logging_mixin.py:188} INFO - [2026-07-09T04:14:20.435-0500] {dagbag.py:545} INFO - Filling up the DagBag from /opt/airflow/dags/dag_estimar_riesgo_disrupcion.py
[2026-07-09T04:14:20.894-0500] {processor.py:840} INFO - DAG(s) 'aerotrack_travel_riesgo_disrupcion' retrieved from /opt/airflow/dags/dag_estimar_riesgo_disrupcion.py
[2026-07-09T04:14:20.929-0500] {logging_mixin.py:188} INFO - [2026-07-09T04:14:20.929-0500] {dag.py:3089} INFO - Sync 1 DAGs
[2026-07-09T04:14:20.949-0500] {logging_mixin.py:188} INFO - [2026-07-09T04:14:20.949-0500] {dag.py:3947} INFO - Setting next_dagrun for aerotrack_travel_riesgo_disrupcion to 2026-07-09 00:00:00+00:00, run_after=2026-07-10 00:00:00+00:00
[2026-07-09T04:14:21.114-0500] {processor.py:183} INFO - Processing /opt/airflow/dags/dag_estimar_riesgo_disrupcion.py took 0.688 seconds
[2026-07-09T04:14:51.557-0500] {processor.py:161} INFO - Started process (PID=18269) to work on /opt/airflow/dags/dag_estimar_riesgo_disrupcion.py
[2026-07-09T04:14:51.558-0500] {processor.py:830} INFO - Processing file /opt/airflow/dags/dag_estimar_riesgo_disrupcion.py for tasks to queue
[2026-07-09T04:14:51.561-0500] {logging_mixin.py:188} INFO - [2026-07-09T04:14:51.560-0500] {dagbag.py:545} INFO - Filling up the DagBag from /opt/airflow/dags/dag_estimar_riesgo_disrupcion.py
[2026-07-09T04:14:51.997-0500] {processor.py:840} INFO - DAG(s) 'aerotrack_travel_riesgo_disrupcion' retrieved from /opt/airflow/dags/dag_estimar_riesgo_disrupcion.py
[2026-07-09T04:14:52.029-0500] {logging_mixin.py:188} INFO - [2026-07-09T04:14:52.028-0500] {dag.py:3089} INFO - Sync 1 DAGs
[2026-07-09T04:14:52.192-0500] {logging_mixin.py:188} INFO - [2026-07-09T04:14:52.192-0500] {dag.py:3947} INFO - Setting next_dagrun for aerotrack_travel_riesgo_disrupcion to 2026-07-09 00:00:00+00:00, run_after=2026-07-10 00:00:00+00:00
[2026-07-09T04:14:52.207-0500] {processor.py:183} INFO - Processing /opt/airflow/dags/dag_estimar_riesgo_disrupcion.py took 0.654 seconds
[2026-07-09T04:15:22.671-0500] {processor.py:161} INFO - Started process (PID=18296) to work on /opt/airflow/dags/dag_estimar_riesgo_disrupcion.py
[2026-07-09T04:15:22.673-0500] {processor.py:830} INFO - Processing file /opt/airflow/dags/dag_estimar_riesgo_disrupcion.py for tasks to queue
[2026-07-09T04:15:22.676-0500] {logging_mixin.py:188} INFO - [2026-07-09T04:15:22.676-0500] {dagbag.py:545} INFO - Filling up the DagBag from /opt/airflow/dags/dag_estimar_riesgo_disrupcion.py
[2026-07-09T04:15:23.178-0500] {processor.py:840} INFO - DAG(s) 'aerotrack_travel_riesgo_disrupcion' retrieved from /opt/airflow/dags/dag_estimar_riesgo_disrupcion.py
[2026-07-09T04:15:23.218-0500] {logging_mixin.py:188} INFO - [2026-07-09T04:15:23.218-0500] {dag.py:3089} INFO - Sync 1 DAGs
[2026-07-09T04:15:23.247-0500] {logging_mixin.py:188} INFO - [2026-07-09T04:15:23.246-0500] {dag.py:3947} INFO - Setting next_dagrun for aerotrack_travel_riesgo_disrupcion to 2026-07-09 00:00:00+00:00, run_after=2026-07-10 00:00:00+00:00
[2026-07-09T04:15:23.286-0500] {processor.py:183} INFO - Processing /opt/airflow/dags/dag_estimar_riesgo_disrupcion.py took 0.619 seconds
[2026-07-09T04:15:53.903-0500] {processor.py:161} INFO - Started process (PID=18323) to work on /opt/airflow/dags/dag_estimar_riesgo_disrupcion.py
[2026-07-09T04:15:53.904-0500] {processor.py:830} INFO - Processing file /opt/airflow/dags/dag_estimar_riesgo_disrupcion.py for tasks to queue
[2026-07-09T04:15:53.906-0500] {logging_mixin.py:188} INFO - [2026-07-09T04:15:53.906-0500] {dagbag.py:545} INFO - Filling up the DagBag from /opt/airflow/dags/dag_estimar_riesgo_disrupcion.py
[2026-07-09T04:15:54.378-0500] {processor.py:840} INFO - DAG(s) 'aerotrack_travel_riesgo_disrupcion' retrieved from /opt/airflow/dags/dag_estimar_riesgo_disrupcion.py
[2026-07-09T04:15:54.413-0500] {logging_mixin.py:188} INFO - [2026-07-09T04:15:54.413-0500] {dag.py:3089} INFO - Sync 1 DAGs
[2026-07-09T04:15:54.432-0500] {logging_mixin.py:188} INFO - [2026-07-09T04:15:54.431-0500] {dag.py:3947} INFO - Setting next_dagrun for aerotrack_travel_riesgo_disrupcion to 2026-07-09 00:00:00+00:00, run_after=2026-07-10 00:00:00+00:00
[2026-07-09T04:15:54.447-0500] {processor.py:183} INFO - Processing /opt/airflow/dags/dag_estimar_riesgo_disrupcion.py took 0.549 seconds
[2026-07-09T04:16:24.919-0500] {processor.py:161} INFO - Started process (PID=18350) to work on /opt/airflow/dags/dag_estimar_riesgo_disrupcion.py
[2026-07-09T04:16:24.920-0500] {processor.py:830} INFO - Processing file /opt/airflow/dags/dag_estimar_riesgo_disrupcion.py for tasks to queue
[2026-07-09T04:16:24.923-0500] {logging_mixin.py:188} INFO - [2026-07-09T04:16:24.922-0500] {dagbag.py:545} INFO - Filling up the DagBag from /opt/airflow/dags/dag_estimar_riesgo_disrupcion.py
[2026-07-09T04:16:25.408-0500] {processor.py:840} INFO - DAG(s) 'aerotrack_travel_riesgo_disrupcion' retrieved from /opt/airflow/dags/dag_estimar_riesgo_disrupcion.py
[2026-07-09T04:16:25.445-0500] {logging_mixin.py:188} INFO - [2026-07-09T04:16:25.444-0500] {dag.py:3089} INFO - Sync 1 DAGs
[2026-07-09T04:16:25.468-0500] {logging_mixin.py:188} INFO - [2026-07-09T04:16:25.468-0500] {dag.py:3947} INFO - Setting next_dagrun for aerotrack_travel_riesgo_disrupcion to 2026-07-09 00:00:00+00:00, run_after=2026-07-10 00:00:00+00:00
[2026-07-09T04:16:25.672-0500] {processor.py:183} INFO - Processing /opt/airflow/dags/dag_estimar_riesgo_disrupcion.py took 0.759 seconds
[2026-07-09T04:16:56.285-0500] {processor.py:161} INFO - Started process (PID=18377) to work on /opt/airflow/dags/dag_estimar_riesgo_disrupcion.py
[2026-07-09T04:16:56.286-0500] {processor.py:830} INFO - Processing file /opt/airflow/dags/dag_estimar_riesgo_disrupcion.py for tasks to queue
[2026-07-09T04:16:56.288-0500] {logging_mixin.py:188} INFO - [2026-07-09T04:16:56.287-0500] {dagbag.py:545} INFO - Filling up the DagBag from /opt/airflow/dags/dag_estimar_riesgo_disrupcion.py
[2026-07-09T04:16:56.808-0500] {processor.py:840} INFO - DAG(s) 'aerotrack_travel_riesgo_disrupcion' retrieved from /opt/airflow/dags/dag_estimar_riesgo_disrupcion.py
[2026-07-09T04:16:56.855-0500] {logging_mixin.py:188} INFO - [2026-07-09T04:16:56.855-0500] {dag.py:3089} INFO - Sync 1 DAGs
[2026-07-09T04:16:57.085-0500] {logging_mixin.py:188} INFO - [2026-07-09T04:16:57.084-0500] {dag.py:3947} INFO - Setting next_dagrun for aerotrack_travel_riesgo_disrupcion to 2026-07-09 00:00:00+00:00, run_after=2026-07-10 00:00:00+00:00
[2026-07-09T04:16:57.103-0500] {processor.py:183} INFO - Processing /opt/airflow/dags/dag_estimar_riesgo_disrupcion.py took 0.823 seconds
[2026-07-09T04:17:27.486-0500] {processor.py:161} INFO - Started process (PID=18404) to work on /opt/airflow/dags/dag_estimar_riesgo_disrupcion.py
[2026-07-09T04:17:27.487-0500] {processor.py:830} INFO - Processing file /opt/airflow/dags/dag_estimar_riesgo_disrupcion.py for tasks to queue
[2026-07-09T04:17:27.488-0500] {logging_mixin.py:188} INFO - [2026-07-09T04:17:27.488-0500] {dagbag.py:545} INFO - Filling up the DagBag from /opt/airflow/dags/dag_estimar_riesgo_disrupcion.py
[2026-07-09T04:17:28.015-0500] {processor.py:840} INFO - DAG(s) 'aerotrack_travel_riesgo_disrupcion' retrieved from /opt/airflow/dags/dag_estimar_riesgo_disrupcion.py
[2026-07-09T04:17:28.057-0500] {logging_mixin.py:188} INFO - [2026-07-09T04:17:28.057-0500] {dag.py:3089} INFO - Sync 1 DAGs
[2026-07-09T04:17:28.079-0500] {logging_mixin.py:188} INFO - [2026-07-09T04:17:28.079-0500] {dag.py:3947} INFO - Setting next_dagrun for aerotrack_travel_riesgo_disrupcion to 2026-07-09 00:00:00+00:00, run_after=2026-07-10 00:00:00+00:00
[2026-07-09T04:17:28.098-0500] {processor.py:183} INFO - Processing /opt/airflow/dags/dag_estimar_riesgo_disrupcion.py took 0.617 seconds
[2026-07-09T04:17:58.671-0500] {processor.py:161} INFO - Started process (PID=18431) to work on /opt/airflow/dags/dag_estimar_riesgo_disrupcion.py
[2026-07-09T04:17:58.672-0500] {processor.py:830} INFO - Processing file /opt/airflow/dags/dag_estimar_riesgo_disrupcion.py for tasks to queue
[2026-07-09T04:17:58.674-0500] {logging_mixin.py:188} INFO - [2026-07-09T04:17:58.674-0500] {dagbag.py:545} INFO - Filling up the DagBag from /opt/airflow/dags/dag_estimar_riesgo_disrupcion.py
[2026-07-09T04:17:59.156-0500] {processor.py:840} INFO - DAG(s) 'aerotrack_travel_riesgo_disrupcion' retrieved from /opt/airflow/dags/dag_estimar_riesgo_disrupcion.py
[2026-07-09T04:17:59.200-0500] {logging_mixin.py:188} INFO - [2026-07-09T04:17:59.200-0500] {dag.py:3089} INFO - Sync 1 DAGs
[2026-07-09T04:17:59.231-0500] {logging_mixin.py:188} INFO - [2026-07-09T04:17:59.231-0500] {dag.py:3947} INFO - Setting next_dagrun for aerotrack_travel_riesgo_disrupcion to 2026-07-09 00:00:00+00:00, run_after=2026-07-10 00:00:00+00:00
[2026-07-09T04:17:59.249-0500] {processor.py:183} INFO - Processing /opt/airflow/dags/dag_estimar_riesgo_disrupcion.py took 0.583 seconds
[2026-07-09T04:18:29.616-0500] {processor.py:161} INFO - Started process (PID=18458) to work on /opt/airflow/dags/dag_estimar_riesgo_disrupcion.py
[2026-07-09T04:18:29.618-0500] {processor.py:830} INFO - Processing file /opt/airflow/dags/dag_estimar_riesgo_disrupcion.py for tasks to queue
[2026-07-09T04:18:29.620-0500] {logging_mixin.py:188} INFO - [2026-07-09T04:18:29.619-0500] {dagbag.py:545} INFO - Filling up the DagBag from /opt/airflow/dags/dag_estimar_riesgo_disrupcion.py
[2026-07-09T04:18:30.184-0500] {processor.py:840} INFO - DAG(s) 'aerotrack_travel_riesgo_disrupcion' retrieved from /opt/airflow/dags/dag_estimar_riesgo_disrupcion.py
[2026-07-09T04:18:30.222-0500] {logging_mixin.py:188} INFO - [2026-07-09T04:18:30.222-0500] {dag.py:3089} INFO - Sync 1 DAGs
[2026-07-09T04:18:30.246-0500] {logging_mixin.py:188} INFO - [2026-07-09T04:18:30.246-0500] {dag.py:3947} INFO - Setting next_dagrun for aerotrack_travel_riesgo_disrupcion to 2026-07-09 00:00:00+00:00, run_after=2026-07-10 00:00:00+00:00
[2026-07-09T04:18:30.437-0500] {processor.py:183} INFO - Processing /opt/airflow/dags/dag_estimar_riesgo_disrupcion.py took 0.827 seconds
[2026-07-09T04:19:00.830-0500] {processor.py:161} INFO - Started process (PID=18485) to work on /opt/airflow/dags/dag_estimar_riesgo_disrupcion.py
[2026-07-09T04:19:00.830-0500] {processor.py:830} INFO - Processing file /opt/airflow/dags/dag_estimar_riesgo_disrupcion.py for tasks to queue
[2026-07-09T04:19:00.832-0500] {logging_mixin.py:188} INFO - [2026-07-09T04:19:00.832-0500] {dagbag.py:545} INFO - Filling up the DagBag from /opt/airflow/dags/dag_estimar_riesgo_disrupcion.py
[2026-07-09T04:19:01.327-0500] {processor.py:840} INFO - DAG(s) 'aerotrack_travel_riesgo_disrupcion' retrieved from /opt/airflow/dags/dag_estimar_riesgo_disrupcion.py
[2026-07-09T04:19:01.360-0500] {logging_mixin.py:188} INFO - [2026-07-09T04:19:01.360-0500] {dag.py:3089} INFO - Sync 1 DAGs
[2026-07-09T04:19:01.565-0500] {logging_mixin.py:188} INFO - [2026-07-09T04:19:01.565-0500] {dag.py:3947} INFO - Setting next_dagrun for aerotrack_travel_riesgo_disrupcion to 2026-07-09 00:00:00+00:00, run_after=2026-07-10 00:00:00+00:00
[2026-07-09T04:19:01.583-0500] {processor.py:183} INFO - Processing /opt/airflow/dags/dag_estimar_riesgo_disrupcion.py took 0.759 seconds
[2026-07-09T04:19:31.958-0500] {processor.py:161} INFO - Started process (PID=18512) to work on /opt/airflow/dags/dag_estimar_riesgo_disrupcion.py
[2026-07-09T04:19:31.959-0500] {processor.py:830} INFO - Processing file /opt/airflow/dags/dag_estimar_riesgo_disrupcion.py for tasks to queue
[2026-07-09T04:19:31.960-0500] {logging_mixin.py:188} INFO - [2026-07-09T04:19:31.960-0500] {dagbag.py:545} INFO - Filling up the DagBag from /opt/airflow/dags/dag_estimar_riesgo_disrupcion.py
[2026-07-09T04:19:32.437-0500] {processor.py:840} INFO - DAG(s) 'aerotrack_travel_riesgo_disrupcion' retrieved from /opt/airflow/dags/dag_estimar_riesgo_disrupcion.py
[2026-07-09T04:19:32.473-0500] {logging_mixin.py:188} INFO - [2026-07-09T04:19:32.473-0500] {dag.py:3089} INFO - Sync 1 DAGs
[2026-07-09T04:19:32.495-0500] {logging_mixin.py:188} INFO - [2026-07-09T04:19:32.495-0500] {dag.py:3947} INFO - Setting next_dagrun for aerotrack_travel_riesgo_disrupcion to 2026-07-09 00:00:00+00:00, run_after=2026-07-10 00:00:00+00:00
[2026-07-09T04:19:32.513-0500] {processor.py:183} INFO - Processing /opt/airflow/dags/dag_estimar_riesgo_disrupcion.py took 0.560 seconds
[2026-07-09T04:20:02.867-0500] {processor.py:161} INFO - Started process (PID=18539) to work on /opt/airflow/dags/dag_estimar_riesgo_disrupcion.py
[2026-07-09T04:20:02.868-0500] {processor.py:830} INFO - Processing file /opt/airflow/dags/dag_estimar_riesgo_disrupcion.py for tasks to queue
[2026-07-09T04:20:02.871-0500] {logging_mixin.py:188} INFO - [2026-07-09T04:20:02.870-0500] {dagbag.py:545} INFO - Filling up the DagBag from /opt/airflow/dags/dag_estimar_riesgo_disrupcion.py
[2026-07-09T04:20:03.355-0500] {processor.py:840} INFO - DAG(s) 'aerotrack_travel_riesgo_disrupcion' retrieved from /opt/airflow/dags/dag_estimar_riesgo_disrupcion.py
[2026-07-09T04:20:03.394-0500] {logging_mixin.py:188} INFO - [2026-07-09T04:20:03.393-0500] {dag.py:3089} INFO - Sync 1 DAGs
[2026-07-09T04:20:03.417-0500] {logging_mixin.py:188} INFO - [2026-07-09T04:20:03.417-0500] {dag.py:3947} INFO - Setting next_dagrun for aerotrack_travel_riesgo_disrupcion to 2026-07-09 00:00:00+00:00, run_after=2026-07-10 00:00:00+00:00
[2026-07-09T04:20:03.437-0500] {processor.py:183} INFO - Processing /opt/airflow/dags/dag_estimar_riesgo_disrupcion.py took 0.577 seconds
[2026-07-09T04:20:33.815-0500] {processor.py:161} INFO - Started process (PID=18566) to work on /opt/airflow/dags/dag_estimar_riesgo_disrupcion.py
[2026-07-09T04:20:33.816-0500] {processor.py:830} INFO - Processing file /opt/airflow/dags/dag_estimar_riesgo_disrupcion.py for tasks to queue
[2026-07-09T04:20:33.818-0500] {logging_mixin.py:188} INFO - [2026-07-09T04:20:33.817-0500] {dagbag.py:545} INFO - Filling up the DagBag from /opt/airflow/dags/dag_estimar_riesgo_disrupcion.py
[2026-07-09T04:20:34.297-0500] {processor.py:840} INFO - DAG(s) 'aerotrack_travel_riesgo_disrupcion' retrieved from /opt/airflow/dags/dag_estimar_riesgo_disrupcion.py
[2026-07-09T04:20:34.336-0500] {logging_mixin.py:188} INFO - [2026-07-09T04:20:34.335-0500] {dag.py:3089} INFO - Sync 1 DAGs
[2026-07-09T04:20:34.358-0500] {logging_mixin.py:188} INFO - [2026-07-09T04:20:34.358-0500] {dag.py:3947} INFO - Setting next_dagrun for aerotrack_travel_riesgo_disrupcion to 2026-07-09 00:00:00+00:00, run_after=2026-07-10 00:00:00+00:00
[2026-07-09T04:20:34.588-0500] {processor.py:183} INFO - Processing /opt/airflow/dags/dag_estimar_riesgo_disrupcion.py took 0.780 seconds
[2026-07-09T04:21:05.067-0500] {processor.py:161} INFO - Started process (PID=18593) to work on /opt/airflow/dags/dag_estimar_riesgo_disrupcion.py
[2026-07-09T04:21:05.068-0500] {processor.py:830} INFO - Processing file /opt/airflow/dags/dag_estimar_riesgo_disrupcion.py for tasks to queue
[2026-07-09T04:21:05.071-0500] {logging_mixin.py:188} INFO - [2026-07-09T04:21:05.070-0500] {dagbag.py:545} INFO - Filling up the DagBag from /opt/airflow/dags/dag_estimar_riesgo_disrupcion.py
[2026-07-09T04:21:05.570-0500] {processor.py:840} INFO - DAG(s) 'aerotrack_travel_riesgo_disrupcion' retrieved from /opt/airflow/dags/dag_estimar_riesgo_disrupcion.py
[2026-07-09T04:21:05.607-0500] {logging_mixin.py:188} INFO - [2026-07-09T04:21:05.606-0500] {dag.py:3089} INFO - Sync 1 DAGs
[2026-07-09T04:21:05.793-0500] {logging_mixin.py:188} INFO - [2026-07-09T04:21:05.792-0500] {dag.py:3947} INFO - Setting next_dagrun for aerotrack_travel_riesgo_disrupcion to 2026-07-09 00:00:00+00:00, run_after=2026-07-10 00:00:00+00:00
[2026-07-09T04:21:05.815-0500] {processor.py:183} INFO - Processing /opt/airflow/dags/dag_estimar_riesgo_disrupcion.py took 0.753 seconds
[2026-07-09T04:21:36.412-0500] {processor.py:161} INFO - Started process (PID=18620) to work on /opt/airflow/dags/dag_estimar_riesgo_disrupcion.py
[2026-07-09T04:21:36.413-0500] {processor.py:830} INFO - Processing file /opt/airflow/dags/dag_estimar_riesgo_disrupcion.py for tasks to queue
[2026-07-09T04:21:36.415-0500] {logging_mixin.py:188} INFO - [2026-07-09T04:21:36.414-0500] {dagbag.py:545} INFO - Filling up the DagBag from /opt/airflow/dags/dag_estimar_riesgo_disrupcion.py
[2026-07-09T04:21:36.877-0500] {processor.py:840} INFO - DAG(s) 'aerotrack_travel_riesgo_disrupcion' retrieved from /opt/airflow/dags/dag_estimar_riesgo_disrupcion.py
[2026-07-09T04:21:36.948-0500] {logging_mixin.py:188} INFO - [2026-07-09T04:21:36.948-0500] {dag.py:3089} INFO - Sync 1 DAGs
[2026-07-09T04:21:36.969-0500] {logging_mixin.py:188} INFO - [2026-07-09T04:21:36.969-0500] {dag.py:3947} INFO - Setting next_dagrun for aerotrack_travel_riesgo_disrupcion to 2026-07-09 00:00:00+00:00, run_after=2026-07-10 00:00:00+00:00
[2026-07-09T04:21:36.989-0500] {processor.py:183} INFO - Processing /opt/airflow/dags/dag_estimar_riesgo_disrupcion.py took 0.583 seconds
[2026-07-09T04:22:07.374-0500] {processor.py:161} INFO - Started process (PID=18647) to work on /opt/airflow/dags/dag_estimar_riesgo_disrupcion.py
[2026-07-09T04:22:07.376-0500] {processor.py:830} INFO - Processing file /opt/airflow/dags/dag_estimar_riesgo_disrupcion.py for tasks to queue
[2026-07-09T04:22:07.378-0500] {logging_mixin.py:188} INFO - [2026-07-09T04:22:07.377-0500] {dagbag.py:545} INFO - Filling up the DagBag from /opt/airflow/dags/dag_estimar_riesgo_disrupcion.py
[2026-07-09T04:22:07.922-0500] {processor.py:840} INFO - DAG(s) 'aerotrack_travel_riesgo_disrupcion' retrieved from /opt/airflow/dags/dag_estimar_riesgo_disrupcion.py
[2026-07-09T04:22:07.966-0500] {logging_mixin.py:188} INFO - [2026-07-09T04:22:07.965-0500] {dag.py:3089} INFO - Sync 1 DAGs
[2026-07-09T04:22:07.994-0500] {logging_mixin.py:188} INFO - [2026-07-09T04:22:07.994-0500] {dag.py:3947} INFO - Setting next_dagrun for aerotrack_travel_riesgo_disrupcion to 2026-07-09 00:00:00+00:00, run_after=2026-07-10 00:00:00+00:00
[2026-07-09T04:22:08.016-0500] {processor.py:183} INFO - Processing /opt/airflow/dags/dag_estimar_riesgo_disrupcion.py took 0.647 seconds
[2026-07-09T04:22:38.402-0500] {processor.py:161} INFO - Started process (PID=18674) to work on /opt/airflow/dags/dag_estimar_riesgo_disrupcion.py
[2026-07-09T04:22:38.403-0500] {processor.py:830} INFO - Processing file /opt/airflow/dags/dag_estimar_riesgo_disrupcion.py for tasks to queue
[2026-07-09T04:22:38.405-0500] {logging_mixin.py:188} INFO - [2026-07-09T04:22:38.405-0500] {dagbag.py:545} INFO - Filling up the DagBag from /opt/airflow/dags/dag_estimar_riesgo_disrupcion.py
[2026-07-09T04:22:38.882-0500] {processor.py:840} INFO - DAG(s) 'aerotrack_travel_riesgo_disrupcion' retrieved from /opt/airflow/dags/dag_estimar_riesgo_disrupcion.py
[2026-07-09T04:22:38.919-0500] {logging_mixin.py:188} INFO - [2026-07-09T04:22:38.919-0500] {dag.py:3089} INFO - Sync 1 DAGs
[2026-07-09T04:22:38.946-0500] {logging_mixin.py:188} INFO - [2026-07-09T04:22:38.946-0500] {dag.py:3947} INFO - Setting next_dagrun for aerotrack_travel_riesgo_disrupcion to 2026-07-09 00:00:00+00:00, run_after=2026-07-10 00:00:00+00:00
[2026-07-09T04:22:39.177-0500] {processor.py:183} INFO - Processing /opt/airflow/dags/dag_estimar_riesgo_disrupcion.py took 0.781 seconds
[2026-07-09T04:23:09.774-0500] {processor.py:161} INFO - Started process (PID=18701) to work on /opt/airflow/dags/dag_estimar_riesgo_disrupcion.py
[2026-07-09T04:23:09.776-0500] {processor.py:830} INFO - Processing file /opt/airflow/dags/dag_estimar_riesgo_disrupcion.py for tasks to queue
[2026-07-09T04:23:09.778-0500] {logging_mixin.py:188} INFO - [2026-07-09T04:23:09.778-0500] {dagbag.py:545} INFO - Filling up the DagBag from /opt/airflow/dags/dag_estimar_riesgo_disrupcion.py
[2026-07-09T04:23:10.310-0500] {processor.py:840} INFO - DAG(s) 'aerotrack_travel_riesgo_disrupcion' retrieved from /opt/airflow/dags/dag_estimar_riesgo_disrupcion.py
[2026-07-09T04:23:10.347-0500] {logging_mixin.py:188} INFO - [2026-07-09T04:23:10.347-0500] {dag.py:3089} INFO - Sync 1 DAGs
[2026-07-09T04:23:10.604-0500] {logging_mixin.py:188} INFO - [2026-07-09T04:23:10.604-0500] {dag.py:3947} INFO - Setting next_dagrun for aerotrack_travel_riesgo_disrupcion to 2026-07-09 00:00:00+00:00, run_after=2026-07-10 00:00:00+00:00
[2026-07-09T04:23:10.627-0500] {processor.py:183} INFO - Processing /opt/airflow/dags/dag_estimar_riesgo_disrupcion.py took 0.861 seconds
[2026-07-09T04:23:41.118-0500] {processor.py:161} INFO - Started process (PID=18728) to work on /opt/airflow/dags/dag_estimar_riesgo_disrupcion.py
[2026-07-09T04:23:41.119-0500] {processor.py:830} INFO - Processing file /opt/airflow/dags/dag_estimar_riesgo_disrupcion.py for tasks to queue
[2026-07-09T04:23:41.121-0500] {logging_mixin.py:188} INFO - [2026-07-09T04:23:41.121-0500] {dagbag.py:545} INFO - Filling up the DagBag from /opt/airflow/dags/dag_estimar_riesgo_disrupcion.py
[2026-07-09T04:23:41.549-0500] {processor.py:840} INFO - DAG(s) 'aerotrack_travel_riesgo_disrupcion' retrieved from /opt/airflow/dags/dag_estimar_riesgo_disrupcion.py
[2026-07-09T04:23:41.582-0500] {logging_mixin.py:188} INFO - [2026-07-09T04:23:41.582-0500] {dag.py:3089} INFO - Sync 1 DAGs
[2026-07-09T04:23:41.601-0500] {logging_mixin.py:188} INFO - [2026-07-09T04:23:41.601-0500] {dag.py:3947} INFO - Setting next_dagrun for aerotrack_travel_riesgo_disrupcion to 2026-07-09 00:00:00+00:00, run_after=2026-07-10 00:00:00+00:00
[2026-07-09T04:23:41.621-0500] {processor.py:183} INFO - Processing /opt/airflow/dags/dag_estimar_riesgo_disrupcion.py took 0.507 seconds
[2026-07-09T04:24:11.965-0500] {processor.py:161} INFO - Started process (PID=18755) to work on /opt/airflow/dags/dag_estimar_riesgo_disrupcion.py
[2026-07-09T04:24:11.965-0500] {processor.py:830} INFO - Processing file /opt/airflow/dags/dag_estimar_riesgo_disrupcion.py for tasks to queue
[2026-07-09T04:24:11.967-0500] {logging_mixin.py:188} INFO - [2026-07-09T04:24:11.967-0500] {dagbag.py:545} INFO - Filling up the DagBag from /opt/airflow/dags/dag_estimar_riesgo_disrupcion.py
[2026-07-09T04:24:12.401-0500] {processor.py:840} INFO - DAG(s) 'aerotrack_travel_riesgo_disrupcion' retrieved from /opt/airflow/dags/dag_estimar_riesgo_disrupcion.py
[2026-07-09T04:24:12.433-0500] {logging_mixin.py:188} INFO - [2026-07-09T04:24:12.432-0500] {dag.py:3089} INFO - Sync 1 DAGs
[2026-07-09T04:24:12.452-0500] {logging_mixin.py:188} INFO - [2026-07-09T04:24:12.452-0500] {dag.py:3947} INFO - Setting next_dagrun for aerotrack_travel_riesgo_disrupcion to 2026-07-09 00:00:00+00:00, run_after=2026-07-10 00:00:00+00:00
[2026-07-09T04:24:12.470-0500] {processor.py:183} INFO - Processing /opt/airflow/dags/dag_estimar_riesgo_disrupcion.py took 0.510 seconds
[2026-07-09T04:24:42.882-0500] {processor.py:161} INFO - Started process (PID=18782) to work on /opt/airflow/dags/dag_estimar_riesgo_disrupcion.py
[2026-07-09T04:24:42.883-0500] {processor.py:830} INFO - Processing file /opt/airflow/dags/dag_estimar_riesgo_disrupcion.py for tasks to queue
[2026-07-09T04:24:42.885-0500] {logging_mixin.py:188} INFO - [2026-07-09T04:24:42.885-0500] {dagbag.py:545} INFO - Filling up the DagBag from /opt/airflow/dags/dag_estimar_riesgo_disrupcion.py
[2026-07-09T04:24:43.345-0500] {processor.py:840} INFO - DAG(s) 'aerotrack_travel_riesgo_disrupcion' retrieved from /opt/airflow/dags/dag_estimar_riesgo_disrupcion.py
[2026-07-09T04:24:43.377-0500] {logging_mixin.py:188} INFO - [2026-07-09T04:24:43.377-0500] {dag.py:3089} INFO - Sync 1 DAGs
[2026-07-09T04:24:43.396-0500] {logging_mixin.py:188} INFO - [2026-07-09T04:24:43.396-0500] {dag.py:3947} INFO - Setting next_dagrun for aerotrack_travel_riesgo_disrupcion to 2026-07-09 00:00:00+00:00, run_after=2026-07-10 00:00:00+00:00
[2026-07-09T04:24:43.567-0500] {processor.py:183} INFO - Processing /opt/airflow/dags/dag_estimar_riesgo_disrupcion.py took 0.689 seconds
[2026-07-09T04:25:13.903-0500] {processor.py:161} INFO - Started process (PID=18809) to work on /opt/airflow/dags/dag_estimar_riesgo_disrupcion.py
[2026-07-09T04:25:13.904-0500] {processor.py:830} INFO - Processing file /opt/airflow/dags/dag_estimar_riesgo_disrupcion.py for tasks to queue
[2026-07-09T04:25:13.905-0500] {logging_mixin.py:188} INFO - [2026-07-09T04:25:13.905-0500] {dagbag.py:545} INFO - Filling up the DagBag from /opt/airflow/dags/dag_estimar_riesgo_disrupcion.py
[2026-07-09T04:25:14.308-0500] {processor.py:840} INFO - DAG(s) 'aerotrack_travel_riesgo_disrupcion' retrieved from /opt/airflow/dags/dag_estimar_riesgo_disrupcion.py
[2026-07-09T04:25:14.340-0500] {logging_mixin.py:188} INFO - [2026-07-09T04:25:14.339-0500] {dag.py:3089} INFO - Sync 1 DAGs
[2026-07-09T04:25:14.491-0500] {logging_mixin.py:188} INFO - [2026-07-09T04:25:14.491-0500] {dag.py:3947} INFO - Setting next_dagrun for aerotrack_travel_riesgo_disrupcion to 2026-07-09 00:00:00+00:00, run_after=2026-07-10 00:00:00+00:00
[2026-07-09T04:25:14.504-0500] {processor.py:183} INFO - Processing /opt/airflow/dags/dag_estimar_riesgo_disrupcion.py took 0.606 seconds
[2026-07-09T04:25:44.815-0500] {processor.py:161} INFO - Started process (PID=18836) to work on /opt/airflow/dags/dag_estimar_riesgo_disrupcion.py
[2026-07-09T04:25:44.816-0500] {processor.py:830} INFO - Processing file /opt/airflow/dags/dag_estimar_riesgo_disrupcion.py for tasks to queue
[2026-07-09T04:25:44.818-0500] {logging_mixin.py:188} INFO - [2026-07-09T04:25:44.817-0500] {dagbag.py:545} INFO - Filling up the DagBag from /opt/airflow/dags/dag_estimar_riesgo_disrupcion.py
[2026-07-09T04:25:45.266-0500] {processor.py:840} INFO - DAG(s) 'aerotrack_travel_riesgo_disrupcion' retrieved from /opt/airflow/dags/dag_estimar_riesgo_disrupcion.py
[2026-07-09T04:25:45.306-0500] {logging_mixin.py:188} INFO - [2026-07-09T04:25:45.306-0500] {dag.py:3089} INFO - Sync 1 DAGs
[2026-07-09T04:25:45.328-0500] {logging_mixin.py:188} INFO - [2026-07-09T04:25:45.327-0500] {dag.py:3947} INFO - Setting next_dagrun for aerotrack_travel_riesgo_disrupcion to 2026-07-09 00:00:00+00:00, run_after=2026-07-10 00:00:00+00:00
[2026-07-09T04:25:45.349-0500] {processor.py:183} INFO - Processing /opt/airflow/dags/dag_estimar_riesgo_disrupcion.py took 0.539 seconds
[2026-07-09T04:26:15.711-0500] {processor.py:161} INFO - Started process (PID=18863) to work on /opt/airflow/dags/dag_estimar_riesgo_disrupcion.py
[2026-07-09T04:26:15.712-0500] {processor.py:830} INFO - Processing file /opt/airflow/dags/dag_estimar_riesgo_disrupcion.py for tasks to queue
[2026-07-09T04:26:15.713-0500] {logging_mixin.py:188} INFO - [2026-07-09T04:26:15.713-0500] {dagbag.py:545} INFO - Filling up the DagBag from /opt/airflow/dags/dag_estimar_riesgo_disrupcion.py
[2026-07-09T04:26:16.107-0500] {processor.py:840} INFO - DAG(s) 'aerotrack_travel_riesgo_disrupcion' retrieved from /opt/airflow/dags/dag_estimar_riesgo_disrupcion.py
[2026-07-09T04:26:16.136-0500] {logging_mixin.py:188} INFO - [2026-07-09T04:26:16.135-0500] {dag.py:3089} INFO - Sync 1 DAGs
[2026-07-09T04:26:16.153-0500] {logging_mixin.py:188} INFO - [2026-07-09T04:26:16.153-0500] {dag.py:3947} INFO - Setting next_dagrun for aerotrack_travel_riesgo_disrupcion to 2026-07-09 00:00:00+00:00, run_after=2026-07-10 00:00:00+00:00
[2026-07-09T04:26:16.170-0500] {processor.py:183} INFO - Processing /opt/airflow/dags/dag_estimar_riesgo_disrupcion.py took 0.464 seconds
[2026-07-09T04:26:46.691-0500] {processor.py:161} INFO - Started process (PID=18890) to work on /opt/airflow/dags/dag_estimar_riesgo_disrupcion.py
[2026-07-09T04:26:46.692-0500] {processor.py:830} INFO - Processing file /opt/airflow/dags/dag_estimar_riesgo_disrupcion.py for tasks to queue
[2026-07-09T04:26:46.694-0500] {logging_mixin.py:188} INFO - [2026-07-09T04:26:46.694-0500] {dagbag.py:545} INFO - Filling up the DagBag from /opt/airflow/dags/dag_estimar_riesgo_disrupcion.py
[2026-07-09T04:26:47.191-0500] {processor.py:840} INFO - DAG(s) 'aerotrack_travel_riesgo_disrupcion' retrieved from /opt/airflow/dags/dag_estimar_riesgo_disrupcion.py
[2026-07-09T04:26:47.226-0500] {logging_mixin.py:188} INFO - [2026-07-09T04:26:47.226-0500] {dag.py:3089} INFO - Sync 1 DAGs
[2026-07-09T04:26:47.411-0500] {logging_mixin.py:188} INFO - [2026-07-09T04:26:47.411-0500] {dag.py:3947} INFO - Setting next_dagrun for aerotrack_travel_riesgo_disrupcion to 2026-07-09 00:00:00+00:00, run_after=2026-07-10 00:00:00+00:00
[2026-07-09T04:26:47.430-0500] {processor.py:183} INFO - Processing /opt/airflow/dags/dag_estimar_riesgo_disrupcion.py took 0.744 seconds
[2026-07-09T04:27:17.894-0500] {processor.py:161} INFO - Started process (PID=18917) to work on /opt/airflow/dags/dag_estimar_riesgo_disrupcion.py
[2026-07-09T04:27:17.895-0500] {processor.py:830} INFO - Processing file /opt/airflow/dags/dag_estimar_riesgo_disrupcion.py for tasks to queue
[2026-07-09T04:27:17.897-0500] {logging_mixin.py:188} INFO - [2026-07-09T04:27:17.896-0500] {dagbag.py:545} INFO - Filling up the DagBag from /opt/airflow/dags/dag_estimar_riesgo_disrupcion.py
[2026-07-09T04:27:18.326-0500] {processor.py:840} INFO - DAG(s) 'aerotrack_travel_riesgo_disrupcion' retrieved from /opt/airflow/dags/dag_estimar_riesgo_disrupcion.py
[2026-07-09T04:27:18.508-0500] {logging_mixin.py:188} INFO - [2026-07-09T04:27:18.508-0500] {dag.py:3089} INFO - Sync 1 DAGs
[2026-07-09T04:27:18.521-0500] {logging_mixin.py:188} INFO - [2026-07-09T04:27:18.521-0500] {dag.py:3947} INFO - Setting next_dagrun for aerotrack_travel_riesgo_disrupcion to 2026-07-09 00:00:00+00:00, run_after=2026-07-10 00:00:00+00:00
[2026-07-09T04:27:18.534-0500] {processor.py:183} INFO - Processing /opt/airflow/dags/dag_estimar_riesgo_disrupcion.py took 0.646 seconds
[2026-07-09T04:27:48.860-0500] {processor.py:161} INFO - Started process (PID=18944) to work on /opt/airflow/dags/dag_estimar_riesgo_disrupcion.py
[2026-07-09T04:27:48.861-0500] {processor.py:830} INFO - Processing file /opt/airflow/dags/dag_estimar_riesgo_disrupcion.py for tasks to queue
[2026-07-09T04:27:48.863-0500] {logging_mixin.py:188} INFO - [2026-07-09T04:27:48.863-0500] {dagbag.py:545} INFO - Filling up the DagBag from /opt/airflow/dags/dag_estimar_riesgo_disrupcion.py
[2026-07-09T04:27:49.317-0500] {processor.py:840} INFO - DAG(s) 'aerotrack_travel_riesgo_disrupcion' retrieved from /opt/airflow/dags/dag_estimar_riesgo_disrupcion.py
[2026-07-09T04:27:49.347-0500] {logging_mixin.py:188} INFO - [2026-07-09T04:27:49.347-0500] {dag.py:3089} INFO - Sync 1 DAGs
[2026-07-09T04:27:49.365-0500] {logging_mixin.py:188} INFO - [2026-07-09T04:27:49.365-0500] {dag.py:3947} INFO - Setting next_dagrun for aerotrack_travel_riesgo_disrupcion to 2026-07-09 00:00:00+00:00, run_after=2026-07-10 00:00:00+00:00
[2026-07-09T04:27:49.383-0500] {processor.py:183} INFO - Processing /opt/airflow/dags/dag_estimar_riesgo_disrupcion.py took 0.528 seconds
[2026-07-09T04:28:19.847-0500] {processor.py:161} INFO - Started process (PID=18971) to work on /opt/airflow/dags/dag_estimar_riesgo_disrupcion.py
[2026-07-09T04:28:19.848-0500] {processor.py:830} INFO - Processing file /opt/airflow/dags/dag_estimar_riesgo_disrupcion.py for tasks to queue
[2026-07-09T04:28:19.850-0500] {logging_mixin.py:188} INFO - [2026-07-09T04:28:19.849-0500] {dagbag.py:545} INFO - Filling up the DagBag from /opt/airflow/dags/dag_estimar_riesgo_disrupcion.py
[2026-07-09T04:28:20.593-0500] {processor.py:840} INFO - DAG(s) 'aerotrack_travel_riesgo_disrupcion' retrieved from /opt/airflow/dags/dag_estimar_riesgo_disrupcion.py
[2026-07-09T04:28:20.623-0500] {logging_mixin.py:188} INFO - [2026-07-09T04:28:20.623-0500] {dag.py:3089} INFO - Sync 1 DAGs
[2026-07-09T04:28:20.639-0500] {logging_mixin.py:188} INFO - [2026-07-09T04:28:20.639-0500] {dag.py:3947} INFO - Setting next_dagrun for aerotrack_travel_riesgo_disrupcion to 2026-07-09 00:00:00+00:00, run_after=2026-07-10 00:00:00+00:00
[2026-07-09T04:28:20.656-0500] {processor.py:183} INFO - Processing /opt/airflow/dags/dag_estimar_riesgo_disrupcion.py took 0.813 seconds
[2026-07-09T04:28:51.015-0500] {processor.py:161} INFO - Started process (PID=18998) to work on /opt/airflow/dags/dag_estimar_riesgo_disrupcion.py
[2026-07-09T04:28:51.016-0500] {processor.py:830} INFO - Processing file /opt/airflow/dags/dag_estimar_riesgo_disrupcion.py for tasks to queue
[2026-07-09T04:28:51.018-0500] {logging_mixin.py:188} INFO - [2026-07-09T04:28:51.018-0500] {dagbag.py:545} INFO - Filling up the DagBag from /opt/airflow/dags/dag_estimar_riesgo_disrupcion.py
[2026-07-09T04:28:51.441-0500] {processor.py:840} INFO - DAG(s) 'aerotrack_travel_riesgo_disrupcion' retrieved from /opt/airflow/dags/dag_estimar_riesgo_disrupcion.py
[2026-07-09T04:28:51.471-0500] {logging_mixin.py:188} INFO - [2026-07-09T04:28:51.470-0500] {dag.py:3089} INFO - Sync 1 DAGs
[2026-07-09T04:28:51.635-0500] {logging_mixin.py:188} INFO - [2026-07-09T04:28:51.635-0500] {dag.py:3947} INFO - Setting next_dagrun for aerotrack_travel_riesgo_disrupcion to 2026-07-09 00:00:00+00:00, run_after=2026-07-10 00:00:00+00:00
[2026-07-09T04:28:51.647-0500] {processor.py:183} INFO - Processing /opt/airflow/dags/dag_estimar_riesgo_disrupcion.py took 0.637 seconds
[2026-07-09T04:29:21.984-0500] {processor.py:161} INFO - Started process (PID=19025) to work on /opt/airflow/dags/dag_estimar_riesgo_disrupcion.py
[2026-07-09T04:29:21.985-0500] {processor.py:830} INFO - Processing file /opt/airflow/dags/dag_estimar_riesgo_disrupcion.py for tasks to queue
[2026-07-09T04:29:21.987-0500] {logging_mixin.py:188} INFO - [2026-07-09T04:29:21.986-0500] {dagbag.py:545} INFO - Filling up the DagBag from /opt/airflow/dags/dag_estimar_riesgo_disrupcion.py
[2026-07-09T04:29:22.452-0500] {processor.py:840} INFO - DAG(s) 'aerotrack_travel_riesgo_disrupcion' retrieved from /opt/airflow/dags/dag_estimar_riesgo_disrupcion.py
[2026-07-09T04:29:22.625-0500] {logging_mixin.py:188} INFO - [2026-07-09T04:29:22.625-0500] {dag.py:3089} INFO - Sync 1 DAGs
[2026-07-09T04:29:22.639-0500] {logging_mixin.py:188} INFO - [2026-07-09T04:29:22.639-0500] {dag.py:3947} INFO - Setting next_dagrun for aerotrack_travel_riesgo_disrupcion to 2026-07-09 00:00:00+00:00, run_after=2026-07-10 00:00:00+00:00
[2026-07-09T04:29:22.652-0500] {processor.py:183} INFO - Processing /opt/airflow/dags/dag_estimar_riesgo_disrupcion.py took 0.674 seconds
[2026-07-09T04:29:53.080-0500] {processor.py:161} INFO - Started process (PID=19052) to work on /opt/airflow/dags/dag_estimar_riesgo_disrupcion.py
[2026-07-09T04:29:53.081-0500] {processor.py:830} INFO - Processing file /opt/airflow/dags/dag_estimar_riesgo_disrupcion.py for tasks to queue
[2026-07-09T04:29:53.082-0500] {logging_mixin.py:188} INFO - [2026-07-09T04:29:53.082-0500] {dagbag.py:545} INFO - Filling up the DagBag from /opt/airflow/dags/dag_estimar_riesgo_disrupcion.py
[2026-07-09T04:29:53.488-0500] {processor.py:840} INFO - DAG(s) 'aerotrack_travel_riesgo_disrupcion' retrieved from /opt/airflow/dags/dag_estimar_riesgo_disrupcion.py
[2026-07-09T04:29:53.516-0500] {logging_mixin.py:188} INFO - [2026-07-09T04:29:53.516-0500] {dag.py:3089} INFO - Sync 1 DAGs
[2026-07-09T04:29:53.533-0500] {logging_mixin.py:188} INFO - [2026-07-09T04:29:53.533-0500] {dag.py:3947} INFO - Setting next_dagrun for aerotrack_travel_riesgo_disrupcion to 2026-07-09 00:00:00+00:00, run_after=2026-07-10 00:00:00+00:00
[2026-07-09T04:29:53.548-0500] {processor.py:183} INFO - Processing /opt/airflow/dags/dag_estimar_riesgo_disrupcion.py took 0.473 seconds
[2026-07-09T04:30:23.867-0500] {processor.py:161} INFO - Started process (PID=19079) to work on /opt/airflow/dags/dag_estimar_riesgo_disrupcion.py
[2026-07-09T04:30:23.868-0500] {processor.py:830} INFO - Processing file /opt/airflow/dags/dag_estimar_riesgo_disrupcion.py for tasks to queue
[2026-07-09T04:30:23.869-0500] {logging_mixin.py:188} INFO - [2026-07-09T04:30:23.869-0500] {dagbag.py:545} INFO - Filling up the DagBag from /opt/airflow/dags/dag_estimar_riesgo_disrupcion.py
[2026-07-09T04:30:24.468-0500] {processor.py:840} INFO - DAG(s) 'aerotrack_travel_riesgo_disrupcion' retrieved from /opt/airflow/dags/dag_estimar_riesgo_disrupcion.py
[2026-07-09T04:30:24.493-0500] {logging_mixin.py:188} INFO - [2026-07-09T04:30:24.492-0500] {dag.py:3089} INFO - Sync 1 DAGs
[2026-07-09T04:30:24.509-0500] {logging_mixin.py:188} INFO - [2026-07-09T04:30:24.509-0500] {dag.py:3947} INFO - Setting next_dagrun for aerotrack_travel_riesgo_disrupcion to 2026-07-09 00:00:00+00:00, run_after=2026-07-10 00:00:00+00:00
[2026-07-09T04:30:24.523-0500] {processor.py:183} INFO - Processing /opt/airflow/dags/dag_estimar_riesgo_disrupcion.py took 0.662 seconds
[2026-07-09T04:30:54.845-0500] {processor.py:161} INFO - Started process (PID=19106) to work on /opt/airflow/dags/dag_estimar_riesgo_disrupcion.py
[2026-07-09T04:30:54.847-0500] {processor.py:830} INFO - Processing file /opt/airflow/dags/dag_estimar_riesgo_disrupcion.py for tasks to queue
[2026-07-09T04:30:54.849-0500] {logging_mixin.py:188} INFO - [2026-07-09T04:30:54.848-0500] {dagbag.py:545} INFO - Filling up the DagBag from /opt/airflow/dags/dag_estimar_riesgo_disrupcion.py
[2026-07-09T04:30:55.320-0500] {processor.py:840} INFO - DAG(s) 'aerotrack_travel_riesgo_disrupcion' retrieved from /opt/airflow/dags/dag_estimar_riesgo_disrupcion.py
[2026-07-09T04:30:55.357-0500] {logging_mixin.py:188} INFO - [2026-07-09T04:30:55.356-0500] {dag.py:3089} INFO - Sync 1 DAGs
[2026-07-09T04:30:55.536-0500] {logging_mixin.py:188} INFO - [2026-07-09T04:30:55.536-0500] {dag.py:3947} INFO - Setting next_dagrun for aerotrack_travel_riesgo_disrupcion to 2026-07-09 00:00:00+00:00, run_after=2026-07-10 00:00:00+00:00
[2026-07-09T04:30:55.552-0500] {processor.py:183} INFO - Processing /opt/airflow/dags/dag_estimar_riesgo_disrupcion.py took 0.711 seconds
[2026-07-09T04:31:25.915-0500] {processor.py:161} INFO - Started process (PID=19133) to work on /opt/airflow/dags/dag_estimar_riesgo_disrupcion.py
[2026-07-09T04:31:25.916-0500] {processor.py:830} INFO - Processing file /opt/airflow/dags/dag_estimar_riesgo_disrupcion.py for tasks to queue
[2026-07-09T04:31:25.918-0500] {logging_mixin.py:188} INFO - [2026-07-09T04:31:25.917-0500] {dagbag.py:545} INFO - Filling up the DagBag from /opt/airflow/dags/dag_estimar_riesgo_disrupcion.py
[2026-07-09T04:31:26.366-0500] {processor.py:840} INFO - DAG(s) 'aerotrack_travel_riesgo_disrupcion' retrieved from /opt/airflow/dags/dag_estimar_riesgo_disrupcion.py
[2026-07-09T04:31:26.549-0500] {logging_mixin.py:188} INFO - [2026-07-09T04:31:26.549-0500] {dag.py:3089} INFO - Sync 1 DAGs
[2026-07-09T04:31:26.564-0500] {logging_mixin.py:188} INFO - [2026-07-09T04:31:26.564-0500] {dag.py:3947} INFO - Setting next_dagrun for aerotrack_travel_riesgo_disrupcion to 2026-07-09 00:00:00+00:00, run_after=2026-07-10 00:00:00+00:00
[2026-07-09T04:31:26.580-0500] {processor.py:183} INFO - Processing /opt/airflow/dags/dag_estimar_riesgo_disrupcion.py took 0.670 seconds
[2026-07-09T04:31:57.199-0500] {processor.py:161} INFO - Started process (PID=19160) to work on /opt/airflow/dags/dag_estimar_riesgo_disrupcion.py
[2026-07-09T04:31:57.200-0500] {processor.py:830} INFO - Processing file /opt/airflow/dags/dag_estimar_riesgo_disrupcion.py for tasks to queue
[2026-07-09T04:31:57.202-0500] {logging_mixin.py:188} INFO - [2026-07-09T04:31:57.201-0500] {dagbag.py:545} INFO - Filling up the DagBag from /opt/airflow/dags/dag_estimar_riesgo_disrupcion.py
[2026-07-09T04:31:57.609-0500] {processor.py:840} INFO - DAG(s) 'aerotrack_travel_riesgo_disrupcion' retrieved from /opt/airflow/dags/dag_estimar_riesgo_disrupcion.py
[2026-07-09T04:31:57.639-0500] {logging_mixin.py:188} INFO - [2026-07-09T04:31:57.639-0500] {dag.py:3089} INFO - Sync 1 DAGs
[2026-07-09T04:31:57.658-0500] {logging_mixin.py:188} INFO - [2026-07-09T04:31:57.658-0500] {dag.py:3947} INFO - Setting next_dagrun for aerotrack_travel_riesgo_disrupcion to 2026-07-09 00:00:00+00:00, run_after=2026-07-10 00:00:00+00:00
[2026-07-09T04:31:57.675-0500] {processor.py:183} INFO - Processing /opt/airflow/dags/dag_estimar_riesgo_disrupcion.py took 0.480 seconds
[2026-07-09T04:32:28.128-0500] {processor.py:161} INFO - Started process (PID=19187) to work on /opt/airflow/dags/dag_estimar_riesgo_disrupcion.py
[2026-07-09T04:32:28.129-0500] {processor.py:830} INFO - Processing file /opt/airflow/dags/dag_estimar_riesgo_disrupcion.py for tasks to queue
[2026-07-09T04:32:28.131-0500] {logging_mixin.py:188} INFO - [2026-07-09T04:32:28.131-0500] {dagbag.py:545} INFO - Filling up the DagBag from /opt/airflow/dags/dag_estimar_riesgo_disrupcion.py
[2026-07-09T04:32:28.722-0500] {processor.py:840} INFO - DAG(s) 'aerotrack_travel_riesgo_disrupcion' retrieved from /opt/airflow/dags/dag_estimar_riesgo_disrupcion.py
[2026-07-09T04:32:28.749-0500] {logging_mixin.py:188} INFO - [2026-07-09T04:32:28.749-0500] {dag.py:3089} INFO - Sync 1 DAGs
[2026-07-09T04:32:28.764-0500] {logging_mixin.py:188} INFO - [2026-07-09T04:32:28.764-0500] {dag.py:3947} INFO - Setting next_dagrun for aerotrack_travel_riesgo_disrupcion to 2026-07-09 00:00:00+00:00, run_after=2026-07-10 00:00:00+00:00
[2026-07-09T04:32:28.778-0500] {processor.py:183} INFO - Processing /opt/airflow/dags/dag_estimar_riesgo_disrupcion.py took 0.655 seconds
[2026-07-09T04:32:59.116-0500] {processor.py:161} INFO - Started process (PID=19214) to work on /opt/airflow/dags/dag_estimar_riesgo_disrupcion.py
[2026-07-09T04:32:59.117-0500] {processor.py:830} INFO - Processing file /opt/airflow/dags/dag_estimar_riesgo_disrupcion.py for tasks to queue
[2026-07-09T04:32:59.119-0500] {logging_mixin.py:188} INFO - [2026-07-09T04:32:59.118-0500] {dagbag.py:545} INFO - Filling up the DagBag from /opt/airflow/dags/dag_estimar_riesgo_disrupcion.py
[2026-07-09T04:32:59.600-0500] {processor.py:840} INFO - DAG(s) 'aerotrack_travel_riesgo_disrupcion' retrieved from /opt/airflow/dags/dag_estimar_riesgo_disrupcion.py
[2026-07-09T04:32:59.630-0500] {logging_mixin.py:188} INFO - [2026-07-09T04:32:59.630-0500] {dag.py:3089} INFO - Sync 1 DAGs
[2026-07-09T04:32:59.833-0500] {logging_mixin.py:188} INFO - [2026-07-09T04:32:59.833-0500] {dag.py:3947} INFO - Setting next_dagrun for aerotrack_travel_riesgo_disrupcion to 2026-07-09 00:00:00+00:00, run_after=2026-07-10 00:00:00+00:00
[2026-07-09T04:32:59.849-0500] {processor.py:183} INFO - Processing /opt/airflow/dags/dag_estimar_riesgo_disrupcion.py took 0.739 seconds
[2026-07-09T04:33:30.287-0500] {processor.py:161} INFO - Started process (PID=19241) to work on /opt/airflow/dags/dag_estimar_riesgo_disrupcion.py
[2026-07-09T04:33:30.288-0500] {processor.py:830} INFO - Processing file /opt/airflow/dags/dag_estimar_riesgo_disrupcion.py for tasks to queue
[2026-07-09T04:33:30.290-0500] {logging_mixin.py:188} INFO - [2026-07-09T04:33:30.290-0500] {dagbag.py:545} INFO - Filling up the DagBag from /opt/airflow/dags/dag_estimar_riesgo_disrupcion.py
[2026-07-09T04:33:30.739-0500] {processor.py:840} INFO - DAG(s) 'aerotrack_travel_riesgo_disrupcion' retrieved from /opt/airflow/dags/dag_estimar_riesgo_disrupcion.py
[2026-07-09T04:33:30.955-0500] {logging_mixin.py:188} INFO - [2026-07-09T04:33:30.955-0500] {dag.py:3089} INFO - Sync 1 DAGs
[2026-07-09T04:33:30.971-0500] {logging_mixin.py:188} INFO - [2026-07-09T04:33:30.970-0500] {dag.py:3947} INFO - Setting next_dagrun for aerotrack_travel_riesgo_disrupcion to 2026-07-09 00:00:00+00:00, run_after=2026-07-10 00:00:00+00:00
[2026-07-09T04:33:30.985-0500] {processor.py:183} INFO - Processing /opt/airflow/dags/dag_estimar_riesgo_disrupcion.py took 0.704 seconds
[2026-07-09T04:34:01.499-0500] {processor.py:161} INFO - Started process (PID=19268) to work on /opt/airflow/dags/dag_estimar_riesgo_disrupcion.py
[2026-07-09T04:34:01.500-0500] {processor.py:830} INFO - Processing file /opt/airflow/dags/dag_estimar_riesgo_disrupcion.py for tasks to queue
[2026-07-09T04:34:01.502-0500] {logging_mixin.py:188} INFO - [2026-07-09T04:34:01.502-0500] {dagbag.py:545} INFO - Filling up the DagBag from /opt/airflow/dags/dag_estimar_riesgo_disrupcion.py
[2026-07-09T04:34:01.947-0500] {processor.py:840} INFO - DAG(s) 'aerotrack_travel_riesgo_disrupcion' retrieved from /opt/airflow/dags/dag_estimar_riesgo_disrupcion.py
[2026-07-09T04:34:01.984-0500] {logging_mixin.py:188} INFO - [2026-07-09T04:34:01.984-0500] {dag.py:3089} INFO - Sync 1 DAGs
[2026-07-09T04:34:02.004-0500] {logging_mixin.py:188} INFO - [2026-07-09T04:34:02.004-0500] {dag.py:3947} INFO - Setting next_dagrun for aerotrack_travel_riesgo_disrupcion to 2026-07-09 00:00:00+00:00, run_after=2026-07-10 00:00:00+00:00
[2026-07-09T04:34:02.020-0500] {processor.py:183} INFO - Processing /opt/airflow/dags/dag_estimar_riesgo_disrupcion.py took 0.527 seconds
[2026-07-09T04:34:32.377-0500] {processor.py:161} INFO - Started process (PID=19295) to work on /opt/airflow/dags/dag_estimar_riesgo_disrupcion.py
[2026-07-09T04:34:32.378-0500] {processor.py:830} INFO - Processing file /opt/airflow/dags/dag_estimar_riesgo_disrupcion.py for tasks to queue
[2026-07-09T04:34:32.380-0500] {logging_mixin.py:188} INFO - [2026-07-09T04:34:32.380-0500] {dagbag.py:545} INFO - Filling up the DagBag from /opt/airflow/dags/dag_estimar_riesgo_disrupcion.py
[2026-07-09T04:34:32.949-0500] {processor.py:840} INFO - DAG(s) 'aerotrack_travel_riesgo_disrupcion' retrieved from /opt/airflow/dags/dag_estimar_riesgo_disrupcion.py
[2026-07-09T04:34:32.982-0500] {logging_mixin.py:188} INFO - [2026-07-09T04:34:32.982-0500] {dag.py:3089} INFO - Sync 1 DAGs
[2026-07-09T04:34:32.996-0500] {logging_mixin.py:188} INFO - [2026-07-09T04:34:32.996-0500] {dag.py:3947} INFO - Setting next_dagrun for aerotrack_travel_riesgo_disrupcion to 2026-07-09 00:00:00+00:00, run_after=2026-07-10 00:00:00+00:00
[2026-07-09T04:34:33.013-0500] {processor.py:183} INFO - Processing /opt/airflow/dags/dag_estimar_riesgo_disrupcion.py took 0.641 seconds
[2026-07-09T04:35:03.351-0500] {processor.py:161} INFO - Started process (PID=19322) to work on /opt/airflow/dags/dag_estimar_riesgo_disrupcion.py
[2026-07-09T04:35:03.352-0500] {processor.py:830} INFO - Processing file /opt/airflow/dags/dag_estimar_riesgo_disrupcion.py for tasks to queue
[2026-07-09T04:35:03.354-0500] {logging_mixin.py:188} INFO - [2026-07-09T04:35:03.353-0500] {dagbag.py:545} INFO - Filling up the DagBag from /opt/airflow/dags/dag_estimar_riesgo_disrupcion.py
[2026-07-09T04:35:03.757-0500] {processor.py:840} INFO - DAG(s) 'aerotrack_travel_riesgo_disrupcion' retrieved from /opt/airflow/dags/dag_estimar_riesgo_disrupcion.py
[2026-07-09T04:35:03.789-0500] {logging_mixin.py:188} INFO - [2026-07-09T04:35:03.789-0500] {dag.py:3089} INFO - Sync 1 DAGs
[2026-07-09T04:35:03.970-0500] {logging_mixin.py:188} INFO - [2026-07-09T04:35:03.970-0500] {dag.py:3947} INFO - Setting next_dagrun for aerotrack_travel_riesgo_disrupcion to 2026-07-09 00:00:00+00:00, run_after=2026-07-10 00:00:00+00:00
[2026-07-09T04:35:03.985-0500] {processor.py:183} INFO - Processing /opt/airflow/dags/dag_estimar_riesgo_disrupcion.py took 0.639 seconds
[2026-07-09T04:35:34.327-0500] {processor.py:161} INFO - Started process (PID=19349) to work on /opt/airflow/dags/dag_estimar_riesgo_disrupcion.py
[2026-07-09T04:35:34.328-0500] {processor.py:830} INFO - Processing file /opt/airflow/dags/dag_estimar_riesgo_disrupcion.py for tasks to queue
[2026-07-09T04:35:34.331-0500] {logging_mixin.py:188} INFO - [2026-07-09T04:35:34.330-0500] {dagbag.py:545} INFO - Filling up the DagBag from /opt/airflow/dags/dag_estimar_riesgo_disrupcion.py
[2026-07-09T04:35:34.765-0500] {processor.py:840} INFO - DAG(s) 'aerotrack_travel_riesgo_disrupcion' retrieved from /opt/airflow/dags/dag_estimar_riesgo_disrupcion.py
[2026-07-09T04:35:34.975-0500] {logging_mixin.py:188} INFO - [2026-07-09T04:35:34.974-0500] {dag.py:3089} INFO - Sync 1 DAGs
[2026-07-09T04:35:34.998-0500] {logging_mixin.py:188} INFO - [2026-07-09T04:35:34.997-0500] {dag.py:3947} INFO - Setting next_dagrun for aerotrack_travel_riesgo_disrupcion to 2026-07-09 00:00:00+00:00, run_after=2026-07-10 00:00:00+00:00
[2026-07-09T04:35:35.017-0500] {processor.py:183} INFO - Processing /opt/airflow/dags/dag_estimar_riesgo_disrupcion.py took 0.694 seconds
[2026-07-09T04:36:05.402-0500] {processor.py:161} INFO - Started process (PID=19376) to work on /opt/airflow/dags/dag_estimar_riesgo_disrupcion.py
[2026-07-09T04:36:05.403-0500] {processor.py:830} INFO - Processing file /opt/airflow/dags/dag_estimar_riesgo_disrupcion.py for tasks to queue
[2026-07-09T04:36:05.405-0500] {logging_mixin.py:188} INFO - [2026-07-09T04:36:05.405-0500] {dagbag.py:545} INFO - Filling up the DagBag from /opt/airflow/dags/dag_estimar_riesgo_disrupcion.py
[2026-07-09T04:36:06.022-0500] {processor.py:840} INFO - DAG(s) 'aerotrack_travel_riesgo_disrupcion' retrieved from /opt/airflow/dags/dag_estimar_riesgo_disrupcion.py
[2026-07-09T04:36:06.050-0500] {logging_mixin.py:188} INFO - [2026-07-09T04:36:06.049-0500] {dag.py:3089} INFO - Sync 1 DAGs
[2026-07-09T04:36:06.066-0500] {logging_mixin.py:188} INFO - [2026-07-09T04:36:06.065-0500] {dag.py:3947} INFO - Setting next_dagrun for aerotrack_travel_riesgo_disrupcion to 2026-07-09 00:00:00+00:00, run_after=2026-07-10 00:00:00+00:00
[2026-07-09T04:36:06.084-0500] {processor.py:183} INFO - Processing /opt/airflow/dags/dag_estimar_riesgo_disrupcion.py took 0.687 seconds
[2026-07-09T04:36:36.702-0500] {processor.py:161} INFO - Started process (PID=19403) to work on /opt/airflow/dags/dag_estimar_riesgo_disrupcion.py
[2026-07-09T04:36:36.704-0500] {processor.py:830} INFO - Processing file /opt/airflow/dags/dag_estimar_riesgo_disrupcion.py for tasks to queue
[2026-07-09T04:36:36.707-0500] {logging_mixin.py:188} INFO - [2026-07-09T04:36:36.706-0500] {dagbag.py:545} INFO - Filling up the DagBag from /opt/airflow/dags/dag_estimar_riesgo_disrupcion.py
[2026-07-09T04:36:37.314-0500] {processor.py:840} INFO - DAG(s) 'aerotrack_travel_riesgo_disrupcion' retrieved from /opt/airflow/dags/dag_estimar_riesgo_disrupcion.py
[2026-07-09T04:36:37.345-0500] {logging_mixin.py:188} INFO - [2026-07-09T04:36:37.345-0500] {dag.py:3089} INFO - Sync 1 DAGs
[2026-07-09T04:36:37.360-0500] {logging_mixin.py:188} INFO - [2026-07-09T04:36:37.360-0500] {dag.py:3947} INFO - Setting next_dagrun for aerotrack_travel_riesgo_disrupcion to 2026-07-09 00:00:00+00:00, run_after=2026-07-10 00:00:00+00:00
[2026-07-09T04:36:37.376-0500] {processor.py:183} INFO - Processing /opt/airflow/dags/dag_estimar_riesgo_disrupcion.py took 0.679 seconds
[2026-07-09T04:37:07.875-0500] {processor.py:161} INFO - Started process (PID=19430) to work on /opt/airflow/dags/dag_estimar_riesgo_disrupcion.py
[2026-07-09T04:37:07.876-0500] {processor.py:830} INFO - Processing file /opt/airflow/dags/dag_estimar_riesgo_disrupcion.py for tasks to queue
[2026-07-09T04:37:07.878-0500] {logging_mixin.py:188} INFO - [2026-07-09T04:37:07.877-0500] {dagbag.py:545} INFO - Filling up the DagBag from /opt/airflow/dags/dag_estimar_riesgo_disrupcion.py
[2026-07-09T04:37:08.508-0500] {processor.py:840} INFO - DAG(s) 'aerotrack_travel_riesgo_disrupcion' retrieved from /opt/airflow/dags/dag_estimar_riesgo_disrupcion.py
[2026-07-09T04:37:08.536-0500] {logging_mixin.py:188} INFO - [2026-07-09T04:37:08.535-0500] {dag.py:3089} INFO - Sync 1 DAGs
[2026-07-09T04:37:08.552-0500] {logging_mixin.py:188} INFO - [2026-07-09T04:37:08.552-0500] {dag.py:3947} INFO - Setting next_dagrun for aerotrack_travel_riesgo_disrupcion to 2026-07-09 00:00:00+00:00, run_after=2026-07-10 00:00:00+00:00
[2026-07-09T04:37:08.571-0500] {processor.py:183} INFO - Processing /opt/airflow/dags/dag_estimar_riesgo_disrupcion.py took 0.701 seconds
[2026-07-09T04:37:39.051-0500] {processor.py:161} INFO - Started process (PID=19457) to work on /opt/airflow/dags/dag_estimar_riesgo_disrupcion.py
[2026-07-09T04:37:39.052-0500] {processor.py:830} INFO - Processing file /opt/airflow/dags/dag_estimar_riesgo_disrupcion.py for tasks to queue
[2026-07-09T04:37:39.054-0500] {logging_mixin.py:188} INFO - [2026-07-09T04:37:39.054-0500] {dagbag.py:545} INFO - Filling up the DagBag from /opt/airflow/dags/dag_estimar_riesgo_disrupcion.py
[2026-07-09T04:37:39.463-0500] {processor.py:840} INFO - DAG(s) 'aerotrack_travel_riesgo_disrupcion' retrieved from /opt/airflow/dags/dag_estimar_riesgo_disrupcion.py
[2026-07-09T04:37:39.625-0500] {logging_mixin.py:188} INFO - [2026-07-09T04:37:39.625-0500] {dag.py:3089} INFO - Sync 1 DAGs
[2026-07-09T04:37:39.638-0500] {logging_mixin.py:188} INFO - [2026-07-09T04:37:39.638-0500] {dag.py:3947} INFO - Setting next_dagrun for aerotrack_travel_riesgo_disrupcion to 2026-07-09 00:00:00+00:00, run_after=2026-07-10 00:00:00+00:00
[2026-07-09T04:37:39.649-0500] {processor.py:183} INFO - Processing /opt/airflow/dags/dag_estimar_riesgo_disrupcion.py took 0.605 seconds
[2026-07-09T04:38:09.965-0500] {processor.py:161} INFO - Started process (PID=19484) to work on /opt/airflow/dags/dag_estimar_riesgo_disrupcion.py
[2026-07-09T04:38:09.966-0500] {processor.py:830} INFO - Processing file /opt/airflow/dags/dag_estimar_riesgo_disrupcion.py for tasks to queue
[2026-07-09T04:38:09.969-0500] {logging_mixin.py:188} INFO - [2026-07-09T04:38:09.968-0500] {dagbag.py:545} INFO - Filling up the DagBag from /opt/airflow/dags/dag_estimar_riesgo_disrupcion.py
[2026-07-09T04:38:10.555-0500] {processor.py:840} INFO - DAG(s) 'aerotrack_travel_riesgo_disrupcion' retrieved from /opt/airflow/dags/dag_estimar_riesgo_disrupcion.py
[2026-07-09T04:38:10.583-0500] {logging_mixin.py:188} INFO - [2026-07-09T04:38:10.582-0500] {dag.py:3089} INFO - Sync 1 DAGs
[2026-07-09T04:38:10.606-0500] {logging_mixin.py:188} INFO - [2026-07-09T04:38:10.606-0500] {dag.py:3947} INFO - Setting next_dagrun for aerotrack_travel_riesgo_disrupcion to 2026-07-09 00:00:00+00:00, run_after=2026-07-10 00:00:00+00:00
[2026-07-09T04:38:10.630-0500] {processor.py:183} INFO - Processing /opt/airflow/dags/dag_estimar_riesgo_disrupcion.py took 0.670 seconds
[2026-07-09T04:38:41.006-0500] {processor.py:161} INFO - Started process (PID=19511) to work on /opt/airflow/dags/dag_estimar_riesgo_disrupcion.py
[2026-07-09T04:38:41.007-0500] {processor.py:830} INFO - Processing file /opt/airflow/dags/dag_estimar_riesgo_disrupcion.py for tasks to queue
[2026-07-09T04:38:41.009-0500] {logging_mixin.py:188} INFO - [2026-07-09T04:38:41.009-0500] {dagbag.py:545} INFO - Filling up the DagBag from /opt/airflow/dags/dag_estimar_riesgo_disrupcion.py
[2026-07-09T04:38:41.613-0500] {processor.py:840} INFO - DAG(s) 'aerotrack_travel_riesgo_disrupcion' retrieved from /opt/airflow/dags/dag_estimar_riesgo_disrupcion.py
[2026-07-09T04:38:41.644-0500] {logging_mixin.py:188} INFO - [2026-07-09T04:38:41.643-0500] {dag.py:3089} INFO - Sync 1 DAGs
[2026-07-09T04:38:41.661-0500] {logging_mixin.py:188} INFO - [2026-07-09T04:38:41.661-0500] {dag.py:3947} INFO - Setting next_dagrun for aerotrack_travel_riesgo_disrupcion to 2026-07-09 00:00:00+00:00, run_after=2026-07-10 00:00:00+00:00
[2026-07-09T04:38:41.680-0500] {processor.py:183} INFO - Processing /opt/airflow/dags/dag_estimar_riesgo_disrupcion.py took 0.679 seconds
[2026-07-09T04:39:12.051-0500] {processor.py:161} INFO - Started process (PID=19538) to work on /opt/airflow/dags/dag_estimar_riesgo_disrupcion.py
[2026-07-09T04:39:12.052-0500] {processor.py:830} INFO - Processing file /opt/airflow/dags/dag_estimar_riesgo_disrupcion.py for tasks to queue
[2026-07-09T04:39:12.054-0500] {logging_mixin.py:188} INFO - [2026-07-09T04:39:12.054-0500] {dagbag.py:545} INFO - Filling up the DagBag from /opt/airflow/dags/dag_estimar_riesgo_disrupcion.py
[2026-07-09T04:39:12.749-0500] {processor.py:840} INFO - DAG(s) 'aerotrack_travel_riesgo_disrupcion' retrieved from /opt/airflow/dags/dag_estimar_riesgo_disrupcion.py
[2026-07-09T04:39:12.777-0500] {logging_mixin.py:188} INFO - [2026-07-09T04:39:12.777-0500] {dag.py:3089} INFO - Sync 1 DAGs
[2026-07-09T04:39:12.796-0500] {logging_mixin.py:188} INFO - [2026-07-09T04:39:12.795-0500] {dag.py:3947} INFO - Setting next_dagrun for aerotrack_travel_riesgo_disrupcion to 2026-07-09 00:00:00+00:00, run_after=2026-07-10 00:00:00+00:00
[2026-07-09T04:39:12.811-0500] {processor.py:183} INFO - Processing /opt/airflow/dags/dag_estimar_riesgo_disrupcion.py took 0.766 seconds
[2026-07-09T04:39:43.206-0500] {processor.py:161} INFO - Started process (PID=19565) to work on /opt/airflow/dags/dag_estimar_riesgo_disrupcion.py
[2026-07-09T04:39:43.207-0500] {processor.py:830} INFO - Processing file /opt/airflow/dags/dag_estimar_riesgo_disrupcion.py for tasks to queue
[2026-07-09T04:39:43.209-0500] {logging_mixin.py:188} INFO - [2026-07-09T04:39:43.209-0500] {dagbag.py:545} INFO - Filling up the DagBag from /opt/airflow/dags/dag_estimar_riesgo_disrupcion.py
[2026-07-09T04:39:43.685-0500] {processor.py:840} INFO - DAG(s) 'aerotrack_travel_riesgo_disrupcion' retrieved from /opt/airflow/dags/dag_estimar_riesgo_disrupcion.py
[2026-07-09T04:39:43.913-0500] {logging_mixin.py:188} INFO - [2026-07-09T04:39:43.913-0500] {dag.py:3089} INFO - Sync 1 DAGs
[2026-07-09T04:39:43.935-0500] {logging_mixin.py:188} INFO - [2026-07-09T04:39:43.934-0500] {dag.py:3947} INFO - Setting next_dagrun for aerotrack_travel_riesgo_disrupcion to 2026-07-09 00:00:00+00:00, run_after=2026-07-10 00:00:00+00:00
[2026-07-09T04:39:43.955-0500] {processor.py:183} INFO - Processing /opt/airflow/dags/dag_estimar_riesgo_disrupcion.py took 0.755 seconds
[2026-07-09T04:40:14.344-0500] {processor.py:161} INFO - Started process (PID=19592) to work on /opt/airflow/dags/dag_estimar_riesgo_disrupcion.py
[2026-07-09T04:40:14.346-0500] {processor.py:830} INFO - Processing file /opt/airflow/dags/dag_estimar_riesgo_disrupcion.py for tasks to queue
[2026-07-09T04:40:14.349-0500] {logging_mixin.py:188} INFO - [2026-07-09T04:40:14.349-0500] {dagbag.py:545} INFO - Filling up the DagBag from /opt/airflow/dags/dag_estimar_riesgo_disrupcion.py
[2026-07-09T04:40:15.049-0500] {processor.py:840} INFO - DAG(s) 'aerotrack_travel_riesgo_disrupcion' retrieved from /opt/airflow/dags/dag_estimar_riesgo_disrupcion.py
[2026-07-09T04:40:15.082-0500] {logging_mixin.py:188} INFO - [2026-07-09T04:40:15.081-0500] {dag.py:3089} INFO - Sync 1 DAGs
[2026-07-09T04:40:15.101-0500] {logging_mixin.py:188} INFO - [2026-07-09T04:40:15.101-0500] {dag.py:3947} INFO - Setting next_dagrun for aerotrack_travel_riesgo_disrupcion to 2026-07-09 00:00:00+00:00, run_after=2026-07-10 00:00:00+00:00
[2026-07-09T04:40:15.123-0500] {processor.py:183} INFO - Processing /opt/airflow/dags/dag_estimar_riesgo_disrupcion.py took 0.785 seconds
[2026-07-09T04:40:45.567-0500] {processor.py:161} INFO - Started process (PID=19619) to work on /opt/airflow/dags/dag_estimar_riesgo_disrupcion.py
[2026-07-09T04:40:45.569-0500] {processor.py:830} INFO - Processing file /opt/airflow/dags/dag_estimar_riesgo_disrupcion.py for tasks to queue
[2026-07-09T04:40:45.573-0500] {logging_mixin.py:188} INFO - [2026-07-09T04:40:45.573-0500] {dagbag.py:545} INFO - Filling up the DagBag from /opt/airflow/dags/dag_estimar_riesgo_disrupcion.py
[2026-07-09T04:40:46.348-0500] {processor.py:840} INFO - DAG(s) 'aerotrack_travel_riesgo_disrupcion' retrieved from /opt/airflow/dags/dag_estimar_riesgo_disrupcion.py
[2026-07-09T04:40:46.387-0500] {logging_mixin.py:188} INFO - [2026-07-09T04:40:46.387-0500] {dag.py:3089} INFO - Sync 1 DAGs
[2026-07-09T04:40:46.410-0500] {logging_mixin.py:188} INFO - [2026-07-09T04:40:46.409-0500] {dag.py:3947} INFO - Setting next_dagrun for aerotrack_travel_riesgo_disrupcion to 2026-07-09 00:00:00+00:00, run_after=2026-07-10 00:00:00+00:00
[2026-07-09T04:40:46.434-0500] {processor.py:183} INFO - Processing /opt/airflow/dags/dag_estimar_riesgo_disrupcion.py took 0.874 seconds
[2026-07-09T04:41:16.928-0500] {processor.py:161} INFO - Started process (PID=19646) to work on /opt/airflow/dags/dag_estimar_riesgo_disrupcion.py
[2026-07-09T04:41:16.929-0500] {processor.py:830} INFO - Processing file /opt/airflow/dags/dag_estimar_riesgo_disrupcion.py for tasks to queue
[2026-07-09T04:41:16.932-0500] {logging_mixin.py:188} INFO - [2026-07-09T04:41:16.932-0500] {dagbag.py:545} INFO - Filling up the DagBag from /opt/airflow/dags/dag_estimar_riesgo_disrupcion.py
[2026-07-09T04:41:17.580-0500] {processor.py:840} INFO - DAG(s) 'aerotrack_travel_riesgo_disrupcion' retrieved from /opt/airflow/dags/dag_estimar_riesgo_disrupcion.py
[2026-07-09T04:41:17.611-0500] {logging_mixin.py:188} INFO - [2026-07-09T04:41:17.610-0500] {dag.py:3089} INFO - Sync 1 DAGs
[2026-07-09T04:41:17.628-0500] {logging_mixin.py:188} INFO - [2026-07-09T04:41:17.627-0500] {dag.py:3947} INFO - Setting next_dagrun for aerotrack_travel_riesgo_disrupcion to 2026-07-09 00:00:00+00:00, run_after=2026-07-10 00:00:00+00:00
[2026-07-09T04:41:17.644-0500] {processor.py:183} INFO - Processing /opt/airflow/dags/dag_estimar_riesgo_disrupcion.py took 0.726 seconds
[2026-07-09T04:41:48.133-0500] {processor.py:161} INFO - Started process (PID=19673) to work on /opt/airflow/dags/dag_estimar_riesgo_disrupcion.py
[2026-07-09T04:41:48.134-0500] {processor.py:830} INFO - Processing file /opt/airflow/dags/dag_estimar_riesgo_disrupcion.py for tasks to queue
[2026-07-09T04:41:48.136-0500] {logging_mixin.py:188} INFO - [2026-07-09T04:41:48.135-0500] {dagbag.py:545} INFO - Filling up the DagBag from /opt/airflow/dags/dag_estimar_riesgo_disrupcion.py
[2026-07-09T04:41:48.527-0500] {processor.py:840} INFO - DAG(s) 'aerotrack_travel_riesgo_disrupcion' retrieved from /opt/airflow/dags/dag_estimar_riesgo_disrupcion.py
[2026-07-09T04:41:48.558-0500] {logging_mixin.py:188} INFO - [2026-07-09T04:41:48.558-0500] {dag.py:3089} INFO - Sync 1 DAGs
[2026-07-09T04:41:48.708-0500] {logging_mixin.py:188} INFO - [2026-07-09T04:41:48.708-0500] {dag.py:3947} INFO - Setting next_dagrun for aerotrack_travel_riesgo_disrupcion to 2026-07-09 00:00:00+00:00, run_after=2026-07-10 00:00:00+00:00
[2026-07-09T04:41:48.721-0500] {processor.py:183} INFO - Processing /opt/airflow/dags/dag_estimar_riesgo_disrupcion.py took 0.593 seconds
[2026-07-09T04:42:19.121-0500] {processor.py:161} INFO - Started process (PID=19700) to work on /opt/airflow/dags/dag_estimar_riesgo_disrupcion.py
[2026-07-09T04:42:19.122-0500] {processor.py:830} INFO - Processing file /opt/airflow/dags/dag_estimar_riesgo_disrupcion.py for tasks to queue
[2026-07-09T04:42:19.124-0500] {logging_mixin.py:188} INFO - [2026-07-09T04:42:19.123-0500] {dagbag.py:545} INFO - Filling up the DagBag from /opt/airflow/dags/dag_estimar_riesgo_disrupcion.py
[2026-07-09T04:42:19.555-0500] {processor.py:840} INFO - DAG(s) 'aerotrack_travel_riesgo_disrupcion' retrieved from /opt/airflow/dags/dag_estimar_riesgo_disrupcion.py
[2026-07-09T04:42:19.741-0500] {logging_mixin.py:188} INFO - [2026-07-09T04:42:19.741-0500] {dag.py:3089} INFO - Sync 1 DAGs
[2026-07-09T04:42:19.757-0500] {logging_mixin.py:188} INFO - [2026-07-09T04:42:19.756-0500] {dag.py:3947} INFO - Setting next_dagrun for aerotrack_travel_riesgo_disrupcion to 2026-07-09 00:00:00+00:00, run_after=2026-07-10 00:00:00+00:00
[2026-07-09T04:42:19.770-0500] {processor.py:183} INFO - Processing /opt/airflow/dags/dag_estimar_riesgo_disrupcion.py took 0.654 seconds
[2026-07-09T04:42:50.240-0500] {processor.py:161} INFO - Started process (PID=19727) to work on /opt/airflow/dags/dag_estimar_riesgo_disrupcion.py
[2026-07-09T04:42:50.241-0500] {processor.py:830} INFO - Processing file /opt/airflow/dags/dag_estimar_riesgo_disrupcion.py for tasks to queue
[2026-07-09T04:42:50.243-0500] {logging_mixin.py:188} INFO - [2026-07-09T04:42:50.243-0500] {dagbag.py:545} INFO - Filling up the DagBag from /opt/airflow/dags/dag_estimar_riesgo_disrupcion.py
[2026-07-09T04:42:50.900-0500] {processor.py:840} INFO - DAG(s) 'aerotrack_travel_riesgo_disrupcion' retrieved from /opt/airflow/dags/dag_estimar_riesgo_disrupcion.py
[2026-07-09T04:42:50.939-0500] {logging_mixin.py:188} INFO - [2026-07-09T04:42:50.938-0500] {dag.py:3089} INFO - Sync 1 DAGs
[2026-07-09T04:42:50.964-0500] {logging_mixin.py:188} INFO - [2026-07-09T04:42:50.963-0500] {dag.py:3947} INFO - Setting next_dagrun for aerotrack_travel_riesgo_disrupcion to 2026-07-09 00:00:00+00:00, run_after=2026-07-10 00:00:00+00:00
[2026-07-09T04:42:50.982-0500] {processor.py:183} INFO - Processing /opt/airflow/dags/dag_estimar_riesgo_disrupcion.py took 0.748 seconds
[2026-07-09T04:43:21.360-0500] {processor.py:161} INFO - Started process (PID=19754) to work on /opt/airflow/dags/dag_estimar_riesgo_disrupcion.py
[2026-07-09T04:43:21.362-0500] {processor.py:830} INFO - Processing file /opt/airflow/dags/dag_estimar_riesgo_disrupcion.py for tasks to queue
[2026-07-09T04:43:21.364-0500] {logging_mixin.py:188} INFO - [2026-07-09T04:43:21.363-0500] {dagbag.py:545} INFO - Filling up the DagBag from /opt/airflow/dags/dag_estimar_riesgo_disrupcion.py
[2026-07-09T04:43:21.988-0500] {processor.py:840} INFO - DAG(s) 'aerotrack_travel_riesgo_disrupcion' retrieved from /opt/airflow/dags/dag_estimar_riesgo_disrupcion.py
[2026-07-09T04:43:22.014-0500] {logging_mixin.py:188} INFO - [2026-07-09T04:43:22.014-0500] {dag.py:3089} INFO - Sync 1 DAGs
[2026-07-09T04:43:22.028-0500] {logging_mixin.py:188} INFO - [2026-07-09T04:43:22.028-0500] {dag.py:3947} INFO - Setting next_dagrun for aerotrack_travel_riesgo_disrupcion to 2026-07-09 00:00:00+00:00, run_after=2026-07-10 00:00:00+00:00
[2026-07-09T04:43:22.045-0500] {processor.py:183} INFO - Processing /opt/airflow/dags/dag_estimar_riesgo_disrupcion.py took 0.690 seconds
[2026-07-09T04:43:52.393-0500] {processor.py:161} INFO - Started process (PID=19781) to work on /opt/airflow/dags/dag_estimar_riesgo_disrupcion.py
[2026-07-09T04:43:52.394-0500] {processor.py:830} INFO - Processing file /opt/airflow/dags/dag_estimar_riesgo_disrupcion.py for tasks to queue
[2026-07-09T04:43:52.396-0500] {logging_mixin.py:188} INFO - [2026-07-09T04:43:52.396-0500] {dagbag.py:545} INFO - Filling up the DagBag from /opt/airflow/dags/dag_estimar_riesgo_disrupcion.py
[2026-07-09T04:43:52.821-0500] {processor.py:840} INFO - DAG(s) 'aerotrack_travel_riesgo_disrupcion' retrieved from /opt/airflow/dags/dag_estimar_riesgo_disrupcion.py
[2026-07-09T04:43:52.855-0500] {logging_mixin.py:188} INFO - [2026-07-09T04:43:52.854-0500] {dag.py:3089} INFO - Sync 1 DAGs
[2026-07-09T04:43:53.022-0500] {logging_mixin.py:188} INFO - [2026-07-09T04:43:53.022-0500] {dag.py:3947} INFO - Setting next_dagrun for aerotrack_travel_riesgo_disrupcion to 2026-07-09 00:00:00+00:00, run_after=2026-07-10 00:00:00+00:00
[2026-07-09T04:43:53.046-0500] {processor.py:183} INFO - Processing /opt/airflow/dags/dag_estimar_riesgo_disrupcion.py took 0.657 seconds
[2026-07-09T04:44:23.419-0500] {processor.py:161} INFO - Started process (PID=19808) to work on /opt/airflow/dags/dag_estimar_riesgo_disrupcion.py
[2026-07-09T04:44:23.420-0500] {processor.py:830} INFO - Processing file /opt/airflow/dags/dag_estimar_riesgo_disrupcion.py for tasks to queue
[2026-07-09T04:44:23.422-0500] {logging_mixin.py:188} INFO - [2026-07-09T04:44:23.422-0500] {dagbag.py:545} INFO - Filling up the DagBag from /opt/airflow/dags/dag_estimar_riesgo_disrupcion.py
[2026-07-09T04:44:23.841-0500] {processor.py:840} INFO - DAG(s) 'aerotrack_travel_riesgo_disrupcion' retrieved from /opt/airflow/dags/dag_estimar_riesgo_disrupcion.py
[2026-07-09T04:44:24.015-0500] {logging_mixin.py:188} INFO - [2026-07-09T04:44:24.015-0500] {dag.py:3089} INFO - Sync 1 DAGs
[2026-07-09T04:44:24.029-0500] {logging_mixin.py:188} INFO - [2026-07-09T04:44:24.029-0500] {dag.py:3947} INFO - Setting next_dagrun for aerotrack_travel_riesgo_disrupcion to 2026-07-09 00:00:00+00:00, run_after=2026-07-10 00:00:00+00:00
[2026-07-09T04:44:24.041-0500] {processor.py:183} INFO - Processing /opt/airflow/dags/dag_estimar_riesgo_disrupcion.py took 0.627 seconds
[2026-07-09T04:44:54.377-0500] {processor.py:161} INFO - Started process (PID=19835) to work on /opt/airflow/dags/dag_estimar_riesgo_disrupcion.py
[2026-07-09T04:44:54.378-0500] {processor.py:830} INFO - Processing file /opt/airflow/dags/dag_estimar_riesgo_disrupcion.py for tasks to queue
[2026-07-09T04:44:54.380-0500] {logging_mixin.py:188} INFO - [2026-07-09T04:44:54.380-0500] {dagbag.py:545} INFO - Filling up the DagBag from /opt/airflow/dags/dag_estimar_riesgo_disrupcion.py
[2026-07-09T04:44:54.954-0500] {processor.py:840} INFO - DAG(s) 'aerotrack_travel_riesgo_disrupcion' retrieved from /opt/airflow/dags/dag_estimar_riesgo_disrupcion.py
[2026-07-09T04:44:54.978-0500] {logging_mixin.py:188} INFO - [2026-07-09T04:44:54.977-0500] {dag.py:3089} INFO - Sync 1 DAGs
[2026-07-09T04:44:54.992-0500] {logging_mixin.py:188} INFO - [2026-07-09T04:44:54.992-0500] {dag.py:3947} INFO - Setting next_dagrun for aerotrack_travel_riesgo_disrupcion to 2026-07-09 00:00:00+00:00, run_after=2026-07-10 00:00:00+00:00
[2026-07-09T04:44:55.037-0500] {processor.py:183} INFO - Processing /opt/airflow/dags/dag_estimar_riesgo_disrupcion.py took 0.665 seconds
[2026-07-09T04:45:25.373-0500] {processor.py:161} INFO - Started process (PID=19862) to work on /opt/airflow/dags/dag_estimar_riesgo_disrupcion.py
[2026-07-09T04:45:25.374-0500] {processor.py:830} INFO - Processing file /opt/airflow/dags/dag_estimar_riesgo_disrupcion.py for tasks to queue
[2026-07-09T04:45:25.375-0500] {logging_mixin.py:188} INFO - [2026-07-09T04:45:25.375-0500] {dagbag.py:545} INFO - Filling up the DagBag from /opt/airflow/dags/dag_estimar_riesgo_disrupcion.py
[2026-07-09T04:45:25.940-0500] {processor.py:840} INFO - DAG(s) 'aerotrack_travel_riesgo_disrupcion' retrieved from /opt/airflow/dags/dag_estimar_riesgo_disrupcion.py
[2026-07-09T04:45:25.969-0500] {logging_mixin.py:188} INFO - [2026-07-09T04:45:25.969-0500] {dag.py:3089} INFO - Sync 1 DAGs
[2026-07-09T04:45:25.985-0500] {logging_mixin.py:188} INFO - [2026-07-09T04:45:25.985-0500] {dag.py:3947} INFO - Setting next_dagrun for aerotrack_travel_riesgo_disrupcion to 2026-07-09 00:00:00+00:00, run_after=2026-07-10 00:00:00+00:00
[2026-07-09T04:45:26.016-0500] {processor.py:183} INFO - Processing /opt/airflow/dags/dag_estimar_riesgo_disrupcion.py took 0.649 seconds
[2026-07-09T04:45:56.348-0500] {processor.py:161} INFO - Started process (PID=19889) to work on /opt/airflow/dags/dag_estimar_riesgo_disrupcion.py
[2026-07-09T04:45:56.349-0500] {processor.py:830} INFO - Processing file /opt/airflow/dags/dag_estimar_riesgo_disrupcion.py for tasks to queue
[2026-07-09T04:45:56.351-0500] {logging_mixin.py:188} INFO - [2026-07-09T04:45:56.350-0500] {dagbag.py:545} INFO - Filling up the DagBag from /opt/airflow/dags/dag_estimar_riesgo_disrupcion.py
[2026-07-09T04:45:56.926-0500] {processor.py:840} INFO - DAG(s) 'aerotrack_travel_riesgo_disrupcion' retrieved from /opt/airflow/dags/dag_estimar_riesgo_disrupcion.py
[2026-07-09T04:45:56.959-0500] {logging_mixin.py:188} INFO - [2026-07-09T04:45:56.958-0500] {dag.py:3089} INFO - Sync 1 DAGs
[2026-07-09T04:45:56.976-0500] {logging_mixin.py:188} INFO - [2026-07-09T04:45:56.976-0500] {dag.py:3947} INFO - Setting next_dagrun for aerotrack_travel_riesgo_disrupcion to 2026-07-09 00:00:00+00:00, run_after=2026-07-10 00:00:00+00:00
[2026-07-09T04:45:56.992-0500] {processor.py:183} INFO - Processing /opt/airflow/dags/dag_estimar_riesgo_disrupcion.py took 0.649 seconds
[2026-07-09T04:46:27.417-0500] {processor.py:161} INFO - Started process (PID=19916) to work on /opt/airflow/dags/dag_estimar_riesgo_disrupcion.py
[2026-07-09T04:46:27.418-0500] {processor.py:830} INFO - Processing file /opt/airflow/dags/dag_estimar_riesgo_disrupcion.py for tasks to queue
[2026-07-09T04:46:27.420-0500] {logging_mixin.py:188} INFO - [2026-07-09T04:46:27.420-0500] {dagbag.py:545} INFO - Filling up the DagBag from /opt/airflow/dags/dag_estimar_riesgo_disrupcion.py
[2026-07-09T04:46:27.826-0500] {processor.py:840} INFO - DAG(s) 'aerotrack_travel_riesgo_disrupcion' retrieved from /opt/airflow/dags/dag_estimar_riesgo_disrupcion.py
[2026-07-09T04:46:28.001-0500] {logging_mixin.py:188} INFO - [2026-07-09T04:46:28.001-0500] {dag.py:3089} INFO - Sync 1 DAGs
[2026-07-09T04:46:28.016-0500] {logging_mixin.py:188} INFO - [2026-07-09T04:46:28.016-0500] {dag.py:3947} INFO - Setting next_dagrun for aerotrack_travel_riesgo_disrupcion to 2026-07-09 00:00:00+00:00, run_after=2026-07-10 00:00:00+00:00
[2026-07-09T04:46:28.031-0500] {processor.py:183} INFO - Processing /opt/airflow/dags/dag_estimar_riesgo_disrupcion.py took 0.618 seconds
[2026-07-09T04:46:58.546-0500] {processor.py:161} INFO - Started process (PID=19943) to work on /opt/airflow/dags/dag_estimar_riesgo_disrupcion.py
[2026-07-09T04:46:58.547-0500] {processor.py:830} INFO - Processing file /opt/airflow/dags/dag_estimar_riesgo_disrupcion.py for tasks to queue
[2026-07-09T04:46:58.548-0500] {logging_mixin.py:188} INFO - [2026-07-09T04:46:58.548-0500] {dagbag.py:545} INFO - Filling up the DagBag from /opt/airflow/dags/dag_estimar_riesgo_disrupcion.py
[2026-07-09T04:46:59.179-0500] {processor.py:840} INFO - DAG(s) 'aerotrack_travel_riesgo_disrupcion' retrieved from /opt/airflow/dags/dag_estimar_riesgo_disrupcion.py
[2026-07-09T04:46:59.207-0500] {logging_mixin.py:188} INFO - [2026-07-09T04:46:59.206-0500] {dag.py:3089} INFO - Sync 1 DAGs
[2026-07-09T04:46:59.222-0500] {logging_mixin.py:188} INFO - [2026-07-09T04:46:59.221-0500] {dag.py:3947} INFO - Setting next_dagrun for aerotrack_travel_riesgo_disrupcion to 2026-07-09 00:00:00+00:00, run_after=2026-07-10 00:00:00+00:00
[2026-07-09T04:46:59.245-0500] {processor.py:183} INFO - Processing /opt/airflow/dags/dag_estimar_riesgo_disrupcion.py took 0.705 seconds
[2026-07-09T04:47:29.633-0500] {processor.py:161} INFO - Started process (PID=19970) to work on /opt/airflow/dags/dag_estimar_riesgo_disrupcion.py
[2026-07-09T04:47:29.634-0500] {processor.py:830} INFO - Processing file /opt/airflow/dags/dag_estimar_riesgo_disrupcion.py for tasks to queue
[2026-07-09T04:47:29.636-0500] {logging_mixin.py:188} INFO - [2026-07-09T04:47:29.635-0500] {dagbag.py:545} INFO - Filling up the DagBag from /opt/airflow/dags/dag_estimar_riesgo_disrupcion.py
[2026-07-09T04:47:30.190-0500] {processor.py:840} INFO - DAG(s) 'aerotrack_travel_riesgo_disrupcion' retrieved from /opt/airflow/dags/dag_estimar_riesgo_disrupcion.py
[2026-07-09T04:47:30.214-0500] {logging_mixin.py:188} INFO - [2026-07-09T04:47:30.213-0500] {dag.py:3089} INFO - Sync 1 DAGs
[2026-07-09T04:47:30.228-0500] {logging_mixin.py:188} INFO - [2026-07-09T04:47:30.227-0500] {dag.py:3947} INFO - Setting next_dagrun for aerotrack_travel_riesgo_disrupcion to 2026-07-09 00:00:00+00:00, run_after=2026-07-10 00:00:00+00:00
[2026-07-09T04:47:30.251-0500] {processor.py:183} INFO - Processing /opt/airflow/dags/dag_estimar_riesgo_disrupcion.py took 0.622 seconds
[2026-07-09T04:48:00.584-0500] {processor.py:161} INFO - Started process (PID=19997) to work on /opt/airflow/dags/dag_estimar_riesgo_disrupcion.py
[2026-07-09T04:48:00.584-0500] {processor.py:830} INFO - Processing file /opt/airflow/dags/dag_estimar_riesgo_disrupcion.py for tasks to queue
[2026-07-09T04:48:00.586-0500] {logging_mixin.py:188} INFO - [2026-07-09T04:48:00.586-0500] {dagbag.py:545} INFO - Filling up the DagBag from /opt/airflow/dags/dag_estimar_riesgo_disrupcion.py
[2026-07-09T04:48:01.167-0500] {processor.py:840} INFO - DAG(s) 'aerotrack_travel_riesgo_disrupcion' retrieved from /opt/airflow/dags/dag_estimar_riesgo_disrupcion.py
[2026-07-09T04:48:01.196-0500] {logging_mixin.py:188} INFO - [2026-07-09T04:48:01.196-0500] {dag.py:3089} INFO - Sync 1 DAGs
[2026-07-09T04:48:01.213-0500] {logging_mixin.py:188} INFO - [2026-07-09T04:48:01.212-0500] {dag.py:3947} INFO - Setting next_dagrun for aerotrack_travel_riesgo_disrupcion to 2026-07-09 00:00:00+00:00, run_after=2026-07-10 00:00:00+00:00
[2026-07-09T04:48:01.230-0500] {processor.py:183} INFO - Processing /opt/airflow/dags/dag_estimar_riesgo_disrupcion.py took 0.651 seconds
[2026-07-09T04:48:31.568-0500] {processor.py:161} INFO - Started process (PID=20024) to work on /opt/airflow/dags/dag_estimar_riesgo_disrupcion.py
[2026-07-09T04:48:31.569-0500] {processor.py:830} INFO - Processing file /opt/airflow/dags/dag_estimar_riesgo_disrupcion.py for tasks to queue
[2026-07-09T04:48:31.570-0500] {logging_mixin.py:188} INFO - [2026-07-09T04:48:31.570-0500] {dagbag.py:545} INFO - Filling up the DagBag from /opt/airflow/dags/dag_estimar_riesgo_disrupcion.py
[2026-07-09T04:48:31.953-0500] {processor.py:840} INFO - DAG(s) 'aerotrack_travel_riesgo_disrupcion' retrieved from /opt/airflow/dags/dag_estimar_riesgo_disrupcion.py
[2026-07-09T04:48:32.135-0500] {logging_mixin.py:188} INFO - [2026-07-09T04:48:32.134-0500] {dag.py:3089} INFO - Sync 1 DAGs
[2026-07-09T04:48:32.152-0500] {logging_mixin.py:188} INFO - [2026-07-09T04:48:32.152-0500] {dag.py:3947} INFO - Setting next_dagrun for aerotrack_travel_riesgo_disrupcion to 2026-07-09 00:00:00+00:00, run_after=2026-07-10 00:00:00+00:00
[2026-07-09T04:48:32.166-0500] {processor.py:183} INFO - Processing /opt/airflow/dags/dag_estimar_riesgo_disrupcion.py took 0.603 seconds
[2026-07-09T04:49:02.499-0500] {processor.py:161} INFO - Started process (PID=20051) to work on /opt/airflow/dags/dag_estimar_riesgo_disrupcion.py
[2026-07-09T04:49:02.500-0500] {processor.py:830} INFO - Processing file /opt/airflow/dags/dag_estimar_riesgo_disrupcion.py for tasks to queue
[2026-07-09T04:49:02.502-0500] {logging_mixin.py:188} INFO - [2026-07-09T04:49:02.502-0500] {dagbag.py:545} INFO - Filling up the DagBag from /opt/airflow/dags/dag_estimar_riesgo_disrupcion.py
[2026-07-09T04:49:03.199-0500] {processor.py:840} INFO - DAG(s) 'aerotrack_travel_riesgo_disrupcion' retrieved from /opt/airflow/dags/dag_estimar_riesgo_disrupcion.py
[2026-07-09T04:49:03.233-0500] {logging_mixin.py:188} INFO - [2026-07-09T04:49:03.232-0500] {dag.py:3089} INFO - Sync 1 DAGs
[2026-07-09T04:49:03.252-0500] {logging_mixin.py:188} INFO - [2026-07-09T04:49:03.252-0500] {dag.py:3947} INFO - Setting next_dagrun for aerotrack_travel_riesgo_disrupcion to 2026-07-09 00:00:00+00:00, run_after=2026-07-10 00:00:00+00:00
[2026-07-09T04:49:03.275-0500] {processor.py:183} INFO - Processing /opt/airflow/dags/dag_estimar_riesgo_disrupcion.py took 0.783 seconds
[2026-07-09T04:49:33.635-0500] {processor.py:161} INFO - Started process (PID=20078) to work on /opt/airflow/dags/dag_estimar_riesgo_disrupcion.py
[2026-07-09T04:49:33.636-0500] {processor.py:830} INFO - Processing file /opt/airflow/dags/dag_estimar_riesgo_disrupcion.py for tasks to queue
[2026-07-09T04:49:33.638-0500] {logging_mixin.py:188} INFO - [2026-07-09T04:49:33.638-0500] {dagbag.py:545} INFO - Filling up the DagBag from /opt/airflow/dags/dag_estimar_riesgo_disrupcion.py
[2026-07-09T04:49:34.342-0500] {processor.py:840} INFO - DAG(s) 'aerotrack_travel_riesgo_disrupcion' retrieved from /opt/airflow/dags/dag_estimar_riesgo_disrupcion.py
[2026-07-09T04:49:34.385-0500] {logging_mixin.py:188} INFO - [2026-07-09T04:49:34.385-0500] {dag.py:3089} INFO - Sync 1 DAGs
[2026-07-09T04:49:34.411-0500] {logging_mixin.py:188} INFO - [2026-07-09T04:49:34.411-0500] {dag.py:3947} INFO - Setting next_dagrun for aerotrack_travel_riesgo_disrupcion to 2026-07-09 00:00:00+00:00, run_after=2026-07-10 00:00:00+00:00
[2026-07-09T04:49:34.459-0500] {processor.py:183} INFO - Processing /opt/airflow/dags/dag_estimar_riesgo_disrupcion.py took 0.829 seconds
[2026-07-09T04:50:05.255-0500] {processor.py:161} INFO - Started process (PID=20115) to work on /opt/airflow/dags/dag_estimar_riesgo_disrupcion.py
[2026-07-09T04:50:05.256-0500] {processor.py:830} INFO - Processing file /opt/airflow/dags/dag_estimar_riesgo_disrupcion.py for tasks to queue
[2026-07-09T04:50:05.258-0500] {logging_mixin.py:188} INFO - [2026-07-09T04:50:05.257-0500] {dagbag.py:545} INFO - Filling up the DagBag from /opt/airflow/dags/dag_estimar_riesgo_disrupcion.py
[2026-07-09T04:50:05.650-0500] {processor.py:840} INFO - DAG(s) 'aerotrack_travel_riesgo_disrupcion' retrieved from /opt/airflow/dags/dag_estimar_riesgo_disrupcion.py
[2026-07-09T04:50:05.811-0500] {logging_mixin.py:188} INFO - [2026-07-09T04:50:05.810-0500] {dag.py:3089} INFO - Sync 1 DAGs
[2026-07-09T04:50:05.825-0500] {logging_mixin.py:188} INFO - [2026-07-09T04:50:05.825-0500] {dag.py:3947} INFO - Setting next_dagrun for aerotrack_travel_riesgo_disrupcion to 2026-07-09 00:00:00+00:00, run_after=2026-07-10 00:00:00+00:00
[2026-07-09T04:50:05.847-0500] {processor.py:183} INFO - Processing /opt/airflow/dags/dag_estimar_riesgo_disrupcion.py took 0.597 seconds
[2026-07-09T04:50:35.916-0500] {processor.py:161} INFO - Started process (PID=20142) to work on /opt/airflow/dags/dag_estimar_riesgo_disrupcion.py
[2026-07-09T04:50:35.917-0500] {processor.py:830} INFO - Processing file /opt/airflow/dags/dag_estimar_riesgo_disrupcion.py for tasks to queue
[2026-07-09T04:50:35.919-0500] {logging_mixin.py:188} INFO - [2026-07-09T04:50:35.919-0500] {dagbag.py:545} INFO - Filling up the DagBag from /opt/airflow/dags/dag_estimar_riesgo_disrupcion.py
[2026-07-09T04:50:36.422-0500] {processor.py:840} INFO - DAG(s) 'aerotrack_travel_riesgo_disrupcion' retrieved from /opt/airflow/dags/dag_estimar_riesgo_disrupcion.py
[2026-07-09T04:50:36.445-0500] {logging_mixin.py:188} INFO - [2026-07-09T04:50:36.445-0500] {dag.py:3089} INFO - Sync 1 DAGs
[2026-07-09T04:50:36.461-0500] {logging_mixin.py:188} INFO - [2026-07-09T04:50:36.460-0500] {dag.py:3947} INFO - Setting next_dagrun for aerotrack_travel_riesgo_disrupcion to 2026-07-09 00:00:00+00:00, run_after=2026-07-10 00:00:00+00:00
[2026-07-09T04:50:36.514-0500] {processor.py:183} INFO - Processing /opt/airflow/dags/dag_estimar_riesgo_disrupcion.py took 0.603 seconds
[2026-07-09T04:51:06.572-0500] {processor.py:161} INFO - Started process (PID=20169) to work on /opt/airflow/dags/dag_estimar_riesgo_disrupcion.py
[2026-07-09T04:51:06.573-0500] {processor.py:830} INFO - Processing file /opt/airflow/dags/dag_estimar_riesgo_disrupcion.py for tasks to queue
[2026-07-09T04:51:06.575-0500] {logging_mixin.py:188} INFO - [2026-07-09T04:51:06.575-0500] {dagbag.py:545} INFO - Filling up the DagBag from /opt/airflow/dags/dag_estimar_riesgo_disrupcion.py
[2026-07-09T04:51:07.068-0500] {processor.py:840} INFO - DAG(s) 'aerotrack_travel_riesgo_disrupcion' retrieved from /opt/airflow/dags/dag_estimar_riesgo_disrupcion.py
[2026-07-09T04:51:07.091-0500] {logging_mixin.py:188} INFO - [2026-07-09T04:51:07.091-0500] {dag.py:3089} INFO - Sync 1 DAGs
[2026-07-09T04:51:07.105-0500] {logging_mixin.py:188} INFO - [2026-07-09T04:51:07.105-0500] {dag.py:3947} INFO - Setting next_dagrun for aerotrack_travel_riesgo_disrupcion to 2026-07-09 00:00:00+00:00, run_after=2026-07-10 00:00:00+00:00
[2026-07-09T04:51:07.118-0500] {processor.py:183} INFO - Processing /opt/airflow/dags/dag_estimar_riesgo_disrupcion.py took 0.552 seconds
