[2026-07-08T23:26:08.705-0500] {processor.py:161} INFO - Started process (PID=3006) to work on /opt/airflow/dags/dag_estado_real_vuelo.py
[2026-07-08T23:26:08.706-0500] {processor.py:830} INFO - Processing file /opt/airflow/dags/dag_estado_real_vuelo.py for tasks to queue
[2026-07-08T23:26:08.708-0500] {logging_mixin.py:188} INFO - [2026-07-08T23:26:08.707-0500] {dagbag.py:545} INFO - Filling up the DagBag from /opt/airflow/dags/dag_estado_real_vuelo.py
[2026-07-08T23:26:08.750-0500] {processor.py:840} INFO - DAG(s) 'aerotrack_travel_estado_real_vuelo' retrieved from /opt/airflow/dags/dag_estado_real_vuelo.py
[2026-07-08T23:26:08.880-0500] {logging_mixin.py:188} INFO - [2026-07-08T23:26:08.879-0500] {override.py:1858} INFO - Created Permission View: can delete on DAG:aerotrack_travel_estado_real_vuelo
[2026-07-08T23:26:08.888-0500] {logging_mixin.py:188} INFO - [2026-07-08T23:26:08.887-0500] {override.py:1858} INFO - Created Permission View: can edit on DAG:aerotrack_travel_estado_real_vuelo
[2026-07-08T23:26:08.892-0500] {logging_mixin.py:188} INFO - [2026-07-08T23:26:08.892-0500] {override.py:1858} INFO - Created Permission View: can read on DAG:aerotrack_travel_estado_real_vuelo
[2026-07-08T23:26:08.893-0500] {logging_mixin.py:188} INFO - [2026-07-08T23:26:08.893-0500] {dag.py:3089} INFO - Sync 1 DAGs
[2026-07-08T23:26:08.902-0500] {logging_mixin.py:188} INFO - [2026-07-08T23:26:08.902-0500] {dag.py:3111} INFO - Creating ORM DAG for aerotrack_travel_estado_real_vuelo
[2026-07-08T23:26:08.903-0500] {logging_mixin.py:188} INFO - [2026-07-08T23:26:08.903-0500] {dag.py:3947} INFO - Setting next_dagrun for aerotrack_travel_estado_real_vuelo to None, run_after=None
[2026-07-08T23:26:08.925-0500] {processor.py:183} INFO - Processing /opt/airflow/dags/dag_estado_real_vuelo.py took 0.225 seconds
[2026-07-08T23:26:39.721-0500] {processor.py:161} INFO - Started process (PID=3045) to work on /opt/airflow/dags/dag_estado_real_vuelo.py
[2026-07-08T23:26:39.722-0500] {processor.py:830} INFO - Processing file /opt/airflow/dags/dag_estado_real_vuelo.py for tasks to queue
[2026-07-08T23:26:39.724-0500] {logging_mixin.py:188} INFO - [2026-07-08T23:26:39.723-0500] {dagbag.py:545} INFO - Filling up the DagBag from /opt/airflow/dags/dag_estado_real_vuelo.py
[2026-07-08T23:26:39.753-0500] {processor.py:840} INFO - DAG(s) 'aerotrack_travel_estado_real_vuelo' retrieved from /opt/airflow/dags/dag_estado_real_vuelo.py
[2026-07-08T23:26:39.786-0500] {logging_mixin.py:188} INFO - [2026-07-08T23:26:39.786-0500] {dag.py:3089} INFO - Sync 1 DAGs
[2026-07-08T23:26:39.798-0500] {logging_mixin.py:188} INFO - [2026-07-08T23:26:39.798-0500] {dag.py:3947} INFO - Setting next_dagrun for aerotrack_travel_estado_real_vuelo to None, run_after=None
[2026-07-08T23:26:39.815-0500] {processor.py:183} INFO - Processing /opt/airflow/dags/dag_estado_real_vuelo.py took 0.098 seconds
[2026-07-08T23:27:10.772-0500] {processor.py:161} INFO - Started process (PID=3084) to work on /opt/airflow/dags/dag_estado_real_vuelo.py
[2026-07-08T23:27:10.773-0500] {processor.py:830} INFO - Processing file /opt/airflow/dags/dag_estado_real_vuelo.py for tasks to queue
[2026-07-08T23:27:10.775-0500] {logging_mixin.py:188} INFO - [2026-07-08T23:27:10.775-0500] {dagbag.py:545} INFO - Filling up the DagBag from /opt/airflow/dags/dag_estado_real_vuelo.py
[2026-07-08T23:27:10.817-0500] {processor.py:840} INFO - DAG(s) 'aerotrack_travel_estado_real_vuelo' retrieved from /opt/airflow/dags/dag_estado_real_vuelo.py
[2026-07-08T23:27:10.849-0500] {logging_mixin.py:188} INFO - [2026-07-08T23:27:10.849-0500] {dag.py:3089} INFO - Sync 1 DAGs
[2026-07-08T23:27:10.859-0500] {logging_mixin.py:188} INFO - [2026-07-08T23:27:10.859-0500] {dag.py:3947} INFO - Setting next_dagrun for aerotrack_travel_estado_real_vuelo to None, run_after=None
[2026-07-08T23:27:10.874-0500] {processor.py:183} INFO - Processing /opt/airflow/dags/dag_estado_real_vuelo.py took 0.106 seconds
[2026-07-08T23:27:41.759-0500] {processor.py:161} INFO - Started process (PID=3111) to work on /opt/airflow/dags/dag_estado_real_vuelo.py
[2026-07-08T23:27:41.760-0500] {processor.py:830} INFO - Processing file /opt/airflow/dags/dag_estado_real_vuelo.py for tasks to queue
[2026-07-08T23:27:41.761-0500] {logging_mixin.py:188} INFO - [2026-07-08T23:27:41.761-0500] {dagbag.py:545} INFO - Filling up the DagBag from /opt/airflow/dags/dag_estado_real_vuelo.py
[2026-07-08T23:27:41.794-0500] {processor.py:840} INFO - DAG(s) 'aerotrack_travel_estado_real_vuelo' retrieved from /opt/airflow/dags/dag_estado_real_vuelo.py
[2026-07-08T23:27:41.823-0500] {logging_mixin.py:188} INFO - [2026-07-08T23:27:41.823-0500] {dag.py:3089} INFO - Sync 1 DAGs
[2026-07-08T23:27:41.833-0500] {logging_mixin.py:188} INFO - [2026-07-08T23:27:41.833-0500] {dag.py:3947} INFO - Setting next_dagrun for aerotrack_travel_estado_real_vuelo to None, run_after=None
[2026-07-08T23:27:41.847-0500] {processor.py:183} INFO - Processing /opt/airflow/dags/dag_estado_real_vuelo.py took 0.093 seconds
[2026-07-08T23:28:12.707-0500] {processor.py:161} INFO - Started process (PID=3138) to work on /opt/airflow/dags/dag_estado_real_vuelo.py
[2026-07-08T23:28:12.708-0500] {processor.py:830} INFO - Processing file /opt/airflow/dags/dag_estado_real_vuelo.py for tasks to queue
[2026-07-08T23:28:12.709-0500] {logging_mixin.py:188} INFO - [2026-07-08T23:28:12.709-0500] {dagbag.py:545} INFO - Filling up the DagBag from /opt/airflow/dags/dag_estado_real_vuelo.py
[2026-07-08T23:28:12.747-0500] {processor.py:840} INFO - DAG(s) 'aerotrack_travel_estado_real_vuelo' retrieved from /opt/airflow/dags/dag_estado_real_vuelo.py
[2026-07-08T23:28:12.780-0500] {logging_mixin.py:188} INFO - [2026-07-08T23:28:12.780-0500] {dag.py:3089} INFO - Sync 1 DAGs
[2026-07-08T23:28:12.792-0500] {logging_mixin.py:188} INFO - [2026-07-08T23:28:12.792-0500] {dag.py:3947} INFO - Setting next_dagrun for aerotrack_travel_estado_real_vuelo to None, run_after=None
[2026-07-08T23:28:12.809-0500] {processor.py:183} INFO - Processing /opt/airflow/dags/dag_estado_real_vuelo.py took 0.108 seconds
[2026-07-08T23:28:43.799-0500] {processor.py:161} INFO - Started process (PID=3165) to work on /opt/airflow/dags/dag_estado_real_vuelo.py
[2026-07-08T23:28:43.800-0500] {processor.py:830} INFO - Processing file /opt/airflow/dags/dag_estado_real_vuelo.py for tasks to queue
[2026-07-08T23:28:43.802-0500] {logging_mixin.py:188} INFO - [2026-07-08T23:28:43.802-0500] {dagbag.py:545} INFO - Filling up the DagBag from /opt/airflow/dags/dag_estado_real_vuelo.py
[2026-07-08T23:28:43.866-0500] {processor.py:840} INFO - DAG(s) 'aerotrack_travel_estado_real_vuelo' retrieved from /opt/airflow/dags/dag_estado_real_vuelo.py
[2026-07-08T23:28:43.903-0500] {logging_mixin.py:188} INFO - [2026-07-08T23:28:43.903-0500] {dag.py:3089} INFO - Sync 1 DAGs
[2026-07-08T23:28:43.916-0500] {logging_mixin.py:188} INFO - [2026-07-08T23:28:43.916-0500] {dag.py:3947} INFO - Setting next_dagrun for aerotrack_travel_estado_real_vuelo to None, run_after=None
[2026-07-08T23:28:43.935-0500] {processor.py:183} INFO - Processing /opt/airflow/dags/dag_estado_real_vuelo.py took 0.141 seconds
[2026-07-08T23:29:14.745-0500] {processor.py:161} INFO - Started process (PID=3192) to work on /opt/airflow/dags/dag_estado_real_vuelo.py
[2026-07-08T23:29:14.746-0500] {processor.py:830} INFO - Processing file /opt/airflow/dags/dag_estado_real_vuelo.py for tasks to queue
[2026-07-08T23:29:14.748-0500] {logging_mixin.py:188} INFO - [2026-07-08T23:29:14.747-0500] {dagbag.py:545} INFO - Filling up the DagBag from /opt/airflow/dags/dag_estado_real_vuelo.py
[2026-07-08T23:29:14.784-0500] {processor.py:840} INFO - DAG(s) 'aerotrack_travel_estado_real_vuelo' retrieved from /opt/airflow/dags/dag_estado_real_vuelo.py
[2026-07-08T23:29:14.818-0500] {logging_mixin.py:188} INFO - [2026-07-08T23:29:14.818-0500] {dag.py:3089} INFO - Sync 1 DAGs
[2026-07-08T23:29:14.831-0500] {logging_mixin.py:188} INFO - [2026-07-08T23:29:14.831-0500] {dag.py:3947} INFO - Setting next_dagrun for aerotrack_travel_estado_real_vuelo to None, run_after=None
[2026-07-08T23:29:14.847-0500] {processor.py:183} INFO - Processing /opt/airflow/dags/dag_estado_real_vuelo.py took 0.109 seconds
[2026-07-08T23:29:45.820-0500] {processor.py:161} INFO - Started process (PID=3219) to work on /opt/airflow/dags/dag_estado_real_vuelo.py
[2026-07-08T23:29:45.821-0500] {processor.py:830} INFO - Processing file /opt/airflow/dags/dag_estado_real_vuelo.py for tasks to queue
[2026-07-08T23:29:45.823-0500] {logging_mixin.py:188} INFO - [2026-07-08T23:29:45.823-0500] {dagbag.py:545} INFO - Filling up the DagBag from /opt/airflow/dags/dag_estado_real_vuelo.py
[2026-07-08T23:29:45.869-0500] {processor.py:840} INFO - DAG(s) 'aerotrack_travel_estado_real_vuelo' retrieved from /opt/airflow/dags/dag_estado_real_vuelo.py
[2026-07-08T23:29:45.897-0500] {logging_mixin.py:188} INFO - [2026-07-08T23:29:45.897-0500] {dag.py:3089} INFO - Sync 1 DAGs
[2026-07-08T23:29:45.908-0500] {logging_mixin.py:188} INFO - [2026-07-08T23:29:45.907-0500] {dag.py:3947} INFO - Setting next_dagrun for aerotrack_travel_estado_real_vuelo to None, run_after=None
[2026-07-08T23:29:45.930-0500] {processor.py:183} INFO - Processing /opt/airflow/dags/dag_estado_real_vuelo.py took 0.115 seconds
[2026-07-08T23:30:16.709-0500] {processor.py:161} INFO - Started process (PID=3246) to work on /opt/airflow/dags/dag_estado_real_vuelo.py
[2026-07-08T23:30:16.710-0500] {processor.py:830} INFO - Processing file /opt/airflow/dags/dag_estado_real_vuelo.py for tasks to queue
[2026-07-08T23:30:16.711-0500] {logging_mixin.py:188} INFO - [2026-07-08T23:30:16.711-0500] {dagbag.py:545} INFO - Filling up the DagBag from /opt/airflow/dags/dag_estado_real_vuelo.py
[2026-07-08T23:30:16.754-0500] {processor.py:840} INFO - DAG(s) 'aerotrack_travel_estado_real_vuelo' retrieved from /opt/airflow/dags/dag_estado_real_vuelo.py
[2026-07-08T23:30:16.787-0500] {logging_mixin.py:188} INFO - [2026-07-08T23:30:16.787-0500] {dag.py:3089} INFO - Sync 1 DAGs
[2026-07-08T23:30:16.799-0500] {logging_mixin.py:188} INFO - [2026-07-08T23:30:16.799-0500] {dag.py:3947} INFO - Setting next_dagrun for aerotrack_travel_estado_real_vuelo to None, run_after=None
[2026-07-08T23:30:16.813-0500] {processor.py:183} INFO - Processing /opt/airflow/dags/dag_estado_real_vuelo.py took 0.110 seconds
[2026-07-08T23:30:47.655-0500] {processor.py:161} INFO - Started process (PID=3273) to work on /opt/airflow/dags/dag_estado_real_vuelo.py
[2026-07-08T23:30:47.656-0500] {processor.py:830} INFO - Processing file /opt/airflow/dags/dag_estado_real_vuelo.py for tasks to queue
[2026-07-08T23:30:47.657-0500] {logging_mixin.py:188} INFO - [2026-07-08T23:30:47.657-0500] {dagbag.py:545} INFO - Filling up the DagBag from /opt/airflow/dags/dag_estado_real_vuelo.py
[2026-07-08T23:30:47.690-0500] {processor.py:840} INFO - DAG(s) 'aerotrack_travel_estado_real_vuelo' retrieved from /opt/airflow/dags/dag_estado_real_vuelo.py
[2026-07-08T23:30:47.728-0500] {logging_mixin.py:188} INFO - [2026-07-08T23:30:47.728-0500] {dag.py:3089} INFO - Sync 1 DAGs
[2026-07-08T23:30:47.742-0500] {logging_mixin.py:188} INFO - [2026-07-08T23:30:47.742-0500] {dag.py:3947} INFO - Setting next_dagrun for aerotrack_travel_estado_real_vuelo to None, run_after=None
[2026-07-08T23:30:47.760-0500] {processor.py:183} INFO - Processing /opt/airflow/dags/dag_estado_real_vuelo.py took 0.109 seconds
[2026-07-08T23:31:17.956-0500] {processor.py:161} INFO - Started process (PID=3300) to work on /opt/airflow/dags/dag_estado_real_vuelo.py
[2026-07-08T23:31:17.957-0500] {processor.py:830} INFO - Processing file /opt/airflow/dags/dag_estado_real_vuelo.py for tasks to queue
[2026-07-08T23:31:17.958-0500] {logging_mixin.py:188} INFO - [2026-07-08T23:31:17.958-0500] {dagbag.py:545} INFO - Filling up the DagBag from /opt/airflow/dags/dag_estado_real_vuelo.py
[2026-07-08T23:31:18.005-0500] {processor.py:840} INFO - DAG(s) 'aerotrack_travel_estado_real_vuelo' retrieved from /opt/airflow/dags/dag_estado_real_vuelo.py
[2026-07-08T23:31:18.046-0500] {logging_mixin.py:188} INFO - [2026-07-08T23:31:18.046-0500] {dag.py:3089} INFO - Sync 1 DAGs
[2026-07-08T23:31:18.061-0500] {logging_mixin.py:188} INFO - [2026-07-08T23:31:18.061-0500] {dag.py:3947} INFO - Setting next_dagrun for aerotrack_travel_estado_real_vuelo to None, run_after=None
[2026-07-08T23:31:18.083-0500] {processor.py:183} INFO - Processing /opt/airflow/dags/dag_estado_real_vuelo.py took 0.133 seconds
[2026-07-08T23:31:48.164-0500] {processor.py:161} INFO - Started process (PID=3327) to work on /opt/airflow/dags/dag_estado_real_vuelo.py
[2026-07-08T23:31:48.165-0500] {processor.py:830} INFO - Processing file /opt/airflow/dags/dag_estado_real_vuelo.py for tasks to queue
[2026-07-08T23:31:48.167-0500] {logging_mixin.py:188} INFO - [2026-07-08T23:31:48.166-0500] {dagbag.py:545} INFO - Filling up the DagBag from /opt/airflow/dags/dag_estado_real_vuelo.py
[2026-07-08T23:31:48.202-0500] {processor.py:840} INFO - DAG(s) 'aerotrack_travel_estado_real_vuelo' retrieved from /opt/airflow/dags/dag_estado_real_vuelo.py
[2026-07-08T23:31:48.242-0500] {logging_mixin.py:188} INFO - [2026-07-08T23:31:48.242-0500] {dag.py:3089} INFO - Sync 1 DAGs
[2026-07-08T23:31:48.256-0500] {logging_mixin.py:188} INFO - [2026-07-08T23:31:48.256-0500] {dag.py:3947} INFO - Setting next_dagrun for aerotrack_travel_estado_real_vuelo to None, run_after=None
[2026-07-08T23:31:48.274-0500] {processor.py:183} INFO - Processing /opt/airflow/dags/dag_estado_real_vuelo.py took 0.114 seconds
[2026-07-08T23:32:19.146-0500] {processor.py:161} INFO - Started process (PID=3354) to work on /opt/airflow/dags/dag_estado_real_vuelo.py
[2026-07-08T23:32:19.147-0500] {processor.py:830} INFO - Processing file /opt/airflow/dags/dag_estado_real_vuelo.py for tasks to queue
[2026-07-08T23:32:19.149-0500] {logging_mixin.py:188} INFO - [2026-07-08T23:32:19.148-0500] {dagbag.py:545} INFO - Filling up the DagBag from /opt/airflow/dags/dag_estado_real_vuelo.py
[2026-07-08T23:32:19.183-0500] {processor.py:840} INFO - DAG(s) 'aerotrack_travel_estado_real_vuelo' retrieved from /opt/airflow/dags/dag_estado_real_vuelo.py
[2026-07-08T23:32:19.216-0500] {logging_mixin.py:188} INFO - [2026-07-08T23:32:19.216-0500] {dag.py:3089} INFO - Sync 1 DAGs
[2026-07-08T23:32:19.230-0500] {logging_mixin.py:188} INFO - [2026-07-08T23:32:19.230-0500] {dag.py:3947} INFO - Setting next_dagrun for aerotrack_travel_estado_real_vuelo to None, run_after=None
[2026-07-08T23:32:19.248-0500] {processor.py:183} INFO - Processing /opt/airflow/dags/dag_estado_real_vuelo.py took 0.106 seconds
[2026-07-08T23:32:50.155-0500] {processor.py:161} INFO - Started process (PID=3381) to work on /opt/airflow/dags/dag_estado_real_vuelo.py
[2026-07-08T23:32:50.156-0500] {processor.py:830} INFO - Processing file /opt/airflow/dags/dag_estado_real_vuelo.py for tasks to queue
[2026-07-08T23:32:50.158-0500] {logging_mixin.py:188} INFO - [2026-07-08T23:32:50.157-0500] {dagbag.py:545} INFO - Filling up the DagBag from /opt/airflow/dags/dag_estado_real_vuelo.py
[2026-07-08T23:32:50.199-0500] {processor.py:840} INFO - DAG(s) 'aerotrack_travel_estado_real_vuelo' retrieved from /opt/airflow/dags/dag_estado_real_vuelo.py
[2026-07-08T23:32:50.238-0500] {logging_mixin.py:188} INFO - [2026-07-08T23:32:50.238-0500] {dag.py:3089} INFO - Sync 1 DAGs
[2026-07-08T23:32:50.253-0500] {logging_mixin.py:188} INFO - [2026-07-08T23:32:50.253-0500] {dag.py:3947} INFO - Setting next_dagrun for aerotrack_travel_estado_real_vuelo to None, run_after=None
[2026-07-08T23:32:50.271-0500] {processor.py:183} INFO - Processing /opt/airflow/dags/dag_estado_real_vuelo.py took 0.121 seconds
[2026-07-08T23:33:21.284-0500] {processor.py:161} INFO - Started process (PID=3408) to work on /opt/airflow/dags/dag_estado_real_vuelo.py
[2026-07-08T23:33:21.284-0500] {processor.py:830} INFO - Processing file /opt/airflow/dags/dag_estado_real_vuelo.py for tasks to queue
[2026-07-08T23:33:21.286-0500] {logging_mixin.py:188} INFO - [2026-07-08T23:33:21.286-0500] {dagbag.py:545} INFO - Filling up the DagBag from /opt/airflow/dags/dag_estado_real_vuelo.py
[2026-07-08T23:33:21.326-0500] {processor.py:840} INFO - DAG(s) 'aerotrack_travel_estado_real_vuelo' retrieved from /opt/airflow/dags/dag_estado_real_vuelo.py
[2026-07-08T23:33:21.356-0500] {logging_mixin.py:188} INFO - [2026-07-08T23:33:21.356-0500] {dag.py:3089} INFO - Sync 1 DAGs
[2026-07-08T23:33:21.370-0500] {logging_mixin.py:188} INFO - [2026-07-08T23:33:21.370-0500] {dag.py:3947} INFO - Setting next_dagrun for aerotrack_travel_estado_real_vuelo to None, run_after=None
[2026-07-08T23:33:21.388-0500] {processor.py:183} INFO - Processing /opt/airflow/dags/dag_estado_real_vuelo.py took 0.109 seconds
[2026-07-08T23:33:52.331-0500] {processor.py:161} INFO - Started process (PID=3435) to work on /opt/airflow/dags/dag_estado_real_vuelo.py
[2026-07-08T23:33:52.332-0500] {processor.py:830} INFO - Processing file /opt/airflow/dags/dag_estado_real_vuelo.py for tasks to queue
[2026-07-08T23:33:52.333-0500] {logging_mixin.py:188} INFO - [2026-07-08T23:33:52.333-0500] {dagbag.py:545} INFO - Filling up the DagBag from /opt/airflow/dags/dag_estado_real_vuelo.py
[2026-07-08T23:33:52.372-0500] {processor.py:840} INFO - DAG(s) 'aerotrack_travel_estado_real_vuelo' retrieved from /opt/airflow/dags/dag_estado_real_vuelo.py
[2026-07-08T23:33:52.398-0500] {logging_mixin.py:188} INFO - [2026-07-08T23:33:52.397-0500] {dag.py:3089} INFO - Sync 1 DAGs
[2026-07-08T23:33:52.411-0500] {logging_mixin.py:188} INFO - [2026-07-08T23:33:52.411-0500] {dag.py:3947} INFO - Setting next_dagrun for aerotrack_travel_estado_real_vuelo to None, run_after=None
[2026-07-08T23:33:52.428-0500] {processor.py:183} INFO - Processing /opt/airflow/dags/dag_estado_real_vuelo.py took 0.102 seconds
[2026-07-08T23:34:23.245-0500] {processor.py:161} INFO - Started process (PID=3462) to work on /opt/airflow/dags/dag_estado_real_vuelo.py
[2026-07-08T23:34:23.246-0500] {processor.py:830} INFO - Processing file /opt/airflow/dags/dag_estado_real_vuelo.py for tasks to queue
[2026-07-08T23:34:23.247-0500] {logging_mixin.py:188} INFO - [2026-07-08T23:34:23.247-0500] {dagbag.py:545} INFO - Filling up the DagBag from /opt/airflow/dags/dag_estado_real_vuelo.py
[2026-07-08T23:34:23.284-0500] {processor.py:840} INFO - DAG(s) 'aerotrack_travel_estado_real_vuelo' retrieved from /opt/airflow/dags/dag_estado_real_vuelo.py
[2026-07-08T23:34:23.314-0500] {logging_mixin.py:188} INFO - [2026-07-08T23:34:23.314-0500] {dag.py:3089} INFO - Sync 1 DAGs
[2026-07-08T23:34:23.327-0500] {logging_mixin.py:188} INFO - [2026-07-08T23:34:23.326-0500] {dag.py:3947} INFO - Setting next_dagrun for aerotrack_travel_estado_real_vuelo to None, run_after=None
[2026-07-08T23:34:23.345-0500] {processor.py:183} INFO - Processing /opt/airflow/dags/dag_estado_real_vuelo.py took 0.105 seconds
[2026-07-08T23:34:54.219-0500] {processor.py:161} INFO - Started process (PID=3489) to work on /opt/airflow/dags/dag_estado_real_vuelo.py
[2026-07-08T23:34:54.220-0500] {processor.py:830} INFO - Processing file /opt/airflow/dags/dag_estado_real_vuelo.py for tasks to queue
[2026-07-08T23:34:54.222-0500] {logging_mixin.py:188} INFO - [2026-07-08T23:34:54.222-0500] {dagbag.py:545} INFO - Filling up the DagBag from /opt/airflow/dags/dag_estado_real_vuelo.py
[2026-07-08T23:34:54.265-0500] {processor.py:840} INFO - DAG(s) 'aerotrack_travel_estado_real_vuelo' retrieved from /opt/airflow/dags/dag_estado_real_vuelo.py
[2026-07-08T23:34:54.298-0500] {logging_mixin.py:188} INFO - [2026-07-08T23:34:54.298-0500] {dag.py:3089} INFO - Sync 1 DAGs
[2026-07-08T23:34:54.314-0500] {logging_mixin.py:188} INFO - [2026-07-08T23:34:54.314-0500] {dag.py:3947} INFO - Setting next_dagrun for aerotrack_travel_estado_real_vuelo to None, run_after=None
[2026-07-08T23:34:54.332-0500] {processor.py:183} INFO - Processing /opt/airflow/dags/dag_estado_real_vuelo.py took 0.118 seconds
[2026-07-08T23:35:25.219-0500] {processor.py:161} INFO - Started process (PID=3516) to work on /opt/airflow/dags/dag_estado_real_vuelo.py
[2026-07-08T23:35:25.220-0500] {processor.py:830} INFO - Processing file /opt/airflow/dags/dag_estado_real_vuelo.py for tasks to queue
[2026-07-08T23:35:25.222-0500] {logging_mixin.py:188} INFO - [2026-07-08T23:35:25.222-0500] {dagbag.py:545} INFO - Filling up the DagBag from /opt/airflow/dags/dag_estado_real_vuelo.py
[2026-07-08T23:35:25.262-0500] {processor.py:840} INFO - DAG(s) 'aerotrack_travel_estado_real_vuelo' retrieved from /opt/airflow/dags/dag_estado_real_vuelo.py
[2026-07-08T23:35:25.291-0500] {logging_mixin.py:188} INFO - [2026-07-08T23:35:25.291-0500] {dag.py:3089} INFO - Sync 1 DAGs
[2026-07-08T23:35:25.305-0500] {logging_mixin.py:188} INFO - [2026-07-08T23:35:25.305-0500] {dag.py:3947} INFO - Setting next_dagrun for aerotrack_travel_estado_real_vuelo to None, run_after=None
[2026-07-08T23:35:25.320-0500] {processor.py:183} INFO - Processing /opt/airflow/dags/dag_estado_real_vuelo.py took 0.105 seconds
[2026-07-08T23:35:56.113-0500] {processor.py:161} INFO - Started process (PID=3543) to work on /opt/airflow/dags/dag_estado_real_vuelo.py
[2026-07-08T23:35:56.114-0500] {processor.py:830} INFO - Processing file /opt/airflow/dags/dag_estado_real_vuelo.py for tasks to queue
[2026-07-08T23:35:56.116-0500] {logging_mixin.py:188} INFO - [2026-07-08T23:35:56.116-0500] {dagbag.py:545} INFO - Filling up the DagBag from /opt/airflow/dags/dag_estado_real_vuelo.py
[2026-07-08T23:35:56.153-0500] {processor.py:840} INFO - DAG(s) 'aerotrack_travel_estado_real_vuelo' retrieved from /opt/airflow/dags/dag_estado_real_vuelo.py
[2026-07-08T23:35:56.181-0500] {logging_mixin.py:188} INFO - [2026-07-08T23:35:56.181-0500] {dag.py:3089} INFO - Sync 1 DAGs
[2026-07-08T23:35:56.194-0500] {logging_mixin.py:188} INFO - [2026-07-08T23:35:56.194-0500] {dag.py:3947} INFO - Setting next_dagrun for aerotrack_travel_estado_real_vuelo to None, run_after=None
[2026-07-08T23:35:56.220-0500] {processor.py:183} INFO - Processing /opt/airflow/dags/dag_estado_real_vuelo.py took 0.111 seconds
[2026-07-08T23:36:26.317-0500] {processor.py:161} INFO - Started process (PID=3570) to work on /opt/airflow/dags/dag_estado_real_vuelo.py
[2026-07-08T23:36:26.318-0500] {processor.py:830} INFO - Processing file /opt/airflow/dags/dag_estado_real_vuelo.py for tasks to queue
[2026-07-08T23:36:26.320-0500] {logging_mixin.py:188} INFO - [2026-07-08T23:36:26.320-0500] {dagbag.py:545} INFO - Filling up the DagBag from /opt/airflow/dags/dag_estado_real_vuelo.py
[2026-07-08T23:36:26.356-0500] {processor.py:840} INFO - DAG(s) 'aerotrack_travel_estado_real_vuelo' retrieved from /opt/airflow/dags/dag_estado_real_vuelo.py
[2026-07-08T23:36:26.388-0500] {logging_mixin.py:188} INFO - [2026-07-08T23:36:26.388-0500] {dag.py:3089} INFO - Sync 1 DAGs
[2026-07-08T23:36:26.401-0500] {logging_mixin.py:188} INFO - [2026-07-08T23:36:26.401-0500] {dag.py:3947} INFO - Setting next_dagrun for aerotrack_travel_estado_real_vuelo to None, run_after=None
[2026-07-08T23:36:26.416-0500] {processor.py:183} INFO - Processing /opt/airflow/dags/dag_estado_real_vuelo.py took 0.105 seconds
[2026-07-08T23:36:57.289-0500] {processor.py:161} INFO - Started process (PID=3597) to work on /opt/airflow/dags/dag_estado_real_vuelo.py
[2026-07-08T23:36:57.290-0500] {processor.py:830} INFO - Processing file /opt/airflow/dags/dag_estado_real_vuelo.py for tasks to queue
[2026-07-08T23:36:57.291-0500] {logging_mixin.py:188} INFO - [2026-07-08T23:36:57.291-0500] {dagbag.py:545} INFO - Filling up the DagBag from /opt/airflow/dags/dag_estado_real_vuelo.py
[2026-07-08T23:36:57.318-0500] {processor.py:840} INFO - DAG(s) 'aerotrack_travel_estado_real_vuelo' retrieved from /opt/airflow/dags/dag_estado_real_vuelo.py
[2026-07-08T23:36:57.349-0500] {logging_mixin.py:188} INFO - [2026-07-08T23:36:57.349-0500] {dag.py:3089} INFO - Sync 1 DAGs
[2026-07-08T23:36:57.361-0500] {logging_mixin.py:188} INFO - [2026-07-08T23:36:57.361-0500] {dag.py:3947} INFO - Setting next_dagrun for aerotrack_travel_estado_real_vuelo to None, run_after=None
[2026-07-08T23:36:57.375-0500] {processor.py:183} INFO - Processing /opt/airflow/dags/dag_estado_real_vuelo.py took 0.091 seconds
[2026-07-08T23:37:28.304-0500] {processor.py:161} INFO - Started process (PID=3624) to work on /opt/airflow/dags/dag_estado_real_vuelo.py
[2026-07-08T23:37:28.305-0500] {processor.py:830} INFO - Processing file /opt/airflow/dags/dag_estado_real_vuelo.py for tasks to queue
[2026-07-08T23:37:28.306-0500] {logging_mixin.py:188} INFO - [2026-07-08T23:37:28.306-0500] {dagbag.py:545} INFO - Filling up the DagBag from /opt/airflow/dags/dag_estado_real_vuelo.py
[2026-07-08T23:37:28.337-0500] {processor.py:840} INFO - DAG(s) 'aerotrack_travel_estado_real_vuelo' retrieved from /opt/airflow/dags/dag_estado_real_vuelo.py
[2026-07-08T23:37:28.391-0500] {logging_mixin.py:188} INFO - [2026-07-08T23:37:28.390-0500] {dag.py:3089} INFO - Sync 1 DAGs
[2026-07-08T23:37:28.404-0500] {logging_mixin.py:188} INFO - [2026-07-08T23:37:28.403-0500] {dag.py:3947} INFO - Setting next_dagrun for aerotrack_travel_estado_real_vuelo to None, run_after=None
[2026-07-08T23:37:28.423-0500] {processor.py:183} INFO - Processing /opt/airflow/dags/dag_estado_real_vuelo.py took 0.123 seconds
[2026-07-08T23:37:59.230-0500] {processor.py:161} INFO - Started process (PID=3651) to work on /opt/airflow/dags/dag_estado_real_vuelo.py
[2026-07-08T23:37:59.232-0500] {processor.py:830} INFO - Processing file /opt/airflow/dags/dag_estado_real_vuelo.py for tasks to queue
[2026-07-08T23:37:59.234-0500] {logging_mixin.py:188} INFO - [2026-07-08T23:37:59.233-0500] {dagbag.py:545} INFO - Filling up the DagBag from /opt/airflow/dags/dag_estado_real_vuelo.py
[2026-07-08T23:37:59.294-0500] {processor.py:840} INFO - DAG(s) 'aerotrack_travel_estado_real_vuelo' retrieved from /opt/airflow/dags/dag_estado_real_vuelo.py
[2026-07-08T23:37:59.328-0500] {logging_mixin.py:188} INFO - [2026-07-08T23:37:59.328-0500] {dag.py:3089} INFO - Sync 1 DAGs
[2026-07-08T23:37:59.341-0500] {logging_mixin.py:188} INFO - [2026-07-08T23:37:59.341-0500] {dag.py:3947} INFO - Setting next_dagrun for aerotrack_travel_estado_real_vuelo to None, run_after=None
[2026-07-08T23:37:59.357-0500] {processor.py:183} INFO - Processing /opt/airflow/dags/dag_estado_real_vuelo.py took 0.132 seconds
[2026-07-08T23:38:29.504-0500] {processor.py:161} INFO - Started process (PID=3678) to work on /opt/airflow/dags/dag_estado_real_vuelo.py
[2026-07-08T23:38:29.504-0500] {processor.py:830} INFO - Processing file /opt/airflow/dags/dag_estado_real_vuelo.py for tasks to queue
[2026-07-08T23:38:29.506-0500] {logging_mixin.py:188} INFO - [2026-07-08T23:38:29.506-0500] {dagbag.py:545} INFO - Filling up the DagBag from /opt/airflow/dags/dag_estado_real_vuelo.py
[2026-07-08T23:38:29.540-0500] {processor.py:840} INFO - DAG(s) 'aerotrack_travel_estado_real_vuelo' retrieved from /opt/airflow/dags/dag_estado_real_vuelo.py
[2026-07-08T23:38:29.569-0500] {logging_mixin.py:188} INFO - [2026-07-08T23:38:29.569-0500] {dag.py:3089} INFO - Sync 1 DAGs
[2026-07-08T23:38:29.580-0500] {logging_mixin.py:188} INFO - [2026-07-08T23:38:29.580-0500] {dag.py:3947} INFO - Setting next_dagrun for aerotrack_travel_estado_real_vuelo to None, run_after=None
[2026-07-08T23:38:29.596-0500] {processor.py:183} INFO - Processing /opt/airflow/dags/dag_estado_real_vuelo.py took 0.097 seconds
[2026-07-08T23:39:00.417-0500] {processor.py:161} INFO - Started process (PID=3705) to work on /opt/airflow/dags/dag_estado_real_vuelo.py
[2026-07-08T23:39:00.418-0500] {processor.py:830} INFO - Processing file /opt/airflow/dags/dag_estado_real_vuelo.py for tasks to queue
[2026-07-08T23:39:00.420-0500] {logging_mixin.py:188} INFO - [2026-07-08T23:39:00.420-0500] {dagbag.py:545} INFO - Filling up the DagBag from /opt/airflow/dags/dag_estado_real_vuelo.py
[2026-07-08T23:39:00.456-0500] {processor.py:840} INFO - DAG(s) 'aerotrack_travel_estado_real_vuelo' retrieved from /opt/airflow/dags/dag_estado_real_vuelo.py
[2026-07-08T23:39:00.485-0500] {logging_mixin.py:188} INFO - [2026-07-08T23:39:00.485-0500] {dag.py:3089} INFO - Sync 1 DAGs
[2026-07-08T23:39:00.499-0500] {logging_mixin.py:188} INFO - [2026-07-08T23:39:00.498-0500] {dag.py:3947} INFO - Setting next_dagrun for aerotrack_travel_estado_real_vuelo to None, run_after=None
[2026-07-08T23:39:00.514-0500] {processor.py:183} INFO - Processing /opt/airflow/dags/dag_estado_real_vuelo.py took 0.101 seconds
[2026-07-08T23:39:31.411-0500] {processor.py:161} INFO - Started process (PID=3732) to work on /opt/airflow/dags/dag_estado_real_vuelo.py
[2026-07-08T23:39:31.412-0500] {processor.py:830} INFO - Processing file /opt/airflow/dags/dag_estado_real_vuelo.py for tasks to queue
[2026-07-08T23:39:31.414-0500] {logging_mixin.py:188} INFO - [2026-07-08T23:39:31.413-0500] {dagbag.py:545} INFO - Filling up the DagBag from /opt/airflow/dags/dag_estado_real_vuelo.py
[2026-07-08T23:39:31.441-0500] {processor.py:840} INFO - DAG(s) 'aerotrack_travel_estado_real_vuelo' retrieved from /opt/airflow/dags/dag_estado_real_vuelo.py
[2026-07-08T23:39:31.476-0500] {logging_mixin.py:188} INFO - [2026-07-08T23:39:31.476-0500] {dag.py:3089} INFO - Sync 1 DAGs
[2026-07-08T23:39:31.488-0500] {logging_mixin.py:188} INFO - [2026-07-08T23:39:31.487-0500] {dag.py:3947} INFO - Setting next_dagrun for aerotrack_travel_estado_real_vuelo to None, run_after=None
[2026-07-08T23:39:31.504-0500] {processor.py:183} INFO - Processing /opt/airflow/dags/dag_estado_real_vuelo.py took 0.097 seconds
[2026-07-08T23:40:02.341-0500] {processor.py:161} INFO - Started process (PID=3759) to work on /opt/airflow/dags/dag_estado_real_vuelo.py
[2026-07-08T23:40:02.342-0500] {processor.py:830} INFO - Processing file /opt/airflow/dags/dag_estado_real_vuelo.py for tasks to queue
[2026-07-08T23:40:02.344-0500] {logging_mixin.py:188} INFO - [2026-07-08T23:40:02.344-0500] {dagbag.py:545} INFO - Filling up the DagBag from /opt/airflow/dags/dag_estado_real_vuelo.py
[2026-07-08T23:40:02.390-0500] {processor.py:840} INFO - DAG(s) 'aerotrack_travel_estado_real_vuelo' retrieved from /opt/airflow/dags/dag_estado_real_vuelo.py
[2026-07-08T23:40:02.425-0500] {logging_mixin.py:188} INFO - [2026-07-08T23:40:02.425-0500] {dag.py:3089} INFO - Sync 1 DAGs
[2026-07-08T23:40:02.438-0500] {logging_mixin.py:188} INFO - [2026-07-08T23:40:02.438-0500] {dag.py:3947} INFO - Setting next_dagrun for aerotrack_travel_estado_real_vuelo to None, run_after=None
[2026-07-08T23:40:02.456-0500] {processor.py:183} INFO - Processing /opt/airflow/dags/dag_estado_real_vuelo.py took 0.121 seconds
[2026-07-08T23:40:33.374-0500] {processor.py:161} INFO - Started process (PID=3786) to work on /opt/airflow/dags/dag_estado_real_vuelo.py
[2026-07-08T23:40:33.375-0500] {processor.py:830} INFO - Processing file /opt/airflow/dags/dag_estado_real_vuelo.py for tasks to queue
[2026-07-08T23:40:33.377-0500] {logging_mixin.py:188} INFO - [2026-07-08T23:40:33.376-0500] {dagbag.py:545} INFO - Filling up the DagBag from /opt/airflow/dags/dag_estado_real_vuelo.py
[2026-07-08T23:40:33.407-0500] {processor.py:840} INFO - DAG(s) 'aerotrack_travel_estado_real_vuelo' retrieved from /opt/airflow/dags/dag_estado_real_vuelo.py
[2026-07-08T23:40:33.445-0500] {logging_mixin.py:188} INFO - [2026-07-08T23:40:33.445-0500] {dag.py:3089} INFO - Sync 1 DAGs
[2026-07-08T23:40:33.456-0500] {logging_mixin.py:188} INFO - [2026-07-08T23:40:33.456-0500] {dag.py:3947} INFO - Setting next_dagrun for aerotrack_travel_estado_real_vuelo to None, run_after=None
[2026-07-08T23:40:33.472-0500] {processor.py:183} INFO - Processing /opt/airflow/dags/dag_estado_real_vuelo.py took 0.102 seconds
[2026-07-08T23:41:03.574-0500] {processor.py:161} INFO - Started process (PID=3813) to work on /opt/airflow/dags/dag_estado_real_vuelo.py
[2026-07-08T23:41:03.575-0500] {processor.py:830} INFO - Processing file /opt/airflow/dags/dag_estado_real_vuelo.py for tasks to queue
[2026-07-08T23:41:03.577-0500] {logging_mixin.py:188} INFO - [2026-07-08T23:41:03.577-0500] {dagbag.py:545} INFO - Filling up the DagBag from /opt/airflow/dags/dag_estado_real_vuelo.py
[2026-07-08T23:41:03.608-0500] {processor.py:840} INFO - DAG(s) 'aerotrack_travel_estado_real_vuelo' retrieved from /opt/airflow/dags/dag_estado_real_vuelo.py
[2026-07-08T23:41:03.641-0500] {logging_mixin.py:188} INFO - [2026-07-08T23:41:03.640-0500] {dag.py:3089} INFO - Sync 1 DAGs
[2026-07-08T23:41:03.652-0500] {logging_mixin.py:188} INFO - [2026-07-08T23:41:03.652-0500] {dag.py:3947} INFO - Setting next_dagrun for aerotrack_travel_estado_real_vuelo to None, run_after=None
[2026-07-08T23:41:03.667-0500] {processor.py:183} INFO - Processing /opt/airflow/dags/dag_estado_real_vuelo.py took 0.097 seconds
[2026-07-08T23:41:33.726-0500] {processor.py:161} INFO - Started process (PID=3840) to work on /opt/airflow/dags/dag_estado_real_vuelo.py
[2026-07-08T23:41:33.727-0500] {processor.py:830} INFO - Processing file /opt/airflow/dags/dag_estado_real_vuelo.py for tasks to queue
[2026-07-08T23:41:33.729-0500] {logging_mixin.py:188} INFO - [2026-07-08T23:41:33.728-0500] {dagbag.py:545} INFO - Filling up the DagBag from /opt/airflow/dags/dag_estado_real_vuelo.py
[2026-07-08T23:41:33.774-0500] {processor.py:840} INFO - DAG(s) 'aerotrack_travel_estado_real_vuelo' retrieved from /opt/airflow/dags/dag_estado_real_vuelo.py
[2026-07-08T23:41:33.810-0500] {logging_mixin.py:188} INFO - [2026-07-08T23:41:33.810-0500] {dag.py:3089} INFO - Sync 1 DAGs
[2026-07-08T23:41:33.821-0500] {logging_mixin.py:188} INFO - [2026-07-08T23:41:33.821-0500] {dag.py:3947} INFO - Setting next_dagrun for aerotrack_travel_estado_real_vuelo to None, run_after=None
[2026-07-08T23:41:33.837-0500] {processor.py:183} INFO - Processing /opt/airflow/dags/dag_estado_real_vuelo.py took 0.115 seconds
[2026-07-08T23:42:04.728-0500] {processor.py:161} INFO - Started process (PID=3867) to work on /opt/airflow/dags/dag_estado_real_vuelo.py
[2026-07-08T23:42:04.729-0500] {processor.py:830} INFO - Processing file /opt/airflow/dags/dag_estado_real_vuelo.py for tasks to queue
[2026-07-08T23:42:04.731-0500] {logging_mixin.py:188} INFO - [2026-07-08T23:42:04.731-0500] {dagbag.py:545} INFO - Filling up the DagBag from /opt/airflow/dags/dag_estado_real_vuelo.py
[2026-07-08T23:42:04.778-0500] {processor.py:840} INFO - DAG(s) 'aerotrack_travel_estado_real_vuelo' retrieved from /opt/airflow/dags/dag_estado_real_vuelo.py
[2026-07-08T23:42:04.808-0500] {logging_mixin.py:188} INFO - [2026-07-08T23:42:04.808-0500] {dag.py:3089} INFO - Sync 1 DAGs
[2026-07-08T23:42:04.819-0500] {logging_mixin.py:188} INFO - [2026-07-08T23:42:04.819-0500] {dag.py:3947} INFO - Setting next_dagrun for aerotrack_travel_estado_real_vuelo to None, run_after=None
[2026-07-08T23:42:04.834-0500] {processor.py:183} INFO - Processing /opt/airflow/dags/dag_estado_real_vuelo.py took 0.112 seconds
[2026-07-08T23:42:35.666-0500] {processor.py:161} INFO - Started process (PID=3894) to work on /opt/airflow/dags/dag_estado_real_vuelo.py
[2026-07-08T23:42:35.667-0500] {processor.py:830} INFO - Processing file /opt/airflow/dags/dag_estado_real_vuelo.py for tasks to queue
[2026-07-08T23:42:35.669-0500] {logging_mixin.py:188} INFO - [2026-07-08T23:42:35.669-0500] {dagbag.py:545} INFO - Filling up the DagBag from /opt/airflow/dags/dag_estado_real_vuelo.py
[2026-07-08T23:42:35.707-0500] {processor.py:840} INFO - DAG(s) 'aerotrack_travel_estado_real_vuelo' retrieved from /opt/airflow/dags/dag_estado_real_vuelo.py
[2026-07-08T23:42:35.738-0500] {logging_mixin.py:188} INFO - [2026-07-08T23:42:35.738-0500] {dag.py:3089} INFO - Sync 1 DAGs
[2026-07-08T23:42:35.749-0500] {logging_mixin.py:188} INFO - [2026-07-08T23:42:35.748-0500] {dag.py:3947} INFO - Setting next_dagrun for aerotrack_travel_estado_real_vuelo to None, run_after=None
[2026-07-08T23:42:35.765-0500] {processor.py:183} INFO - Processing /opt/airflow/dags/dag_estado_real_vuelo.py took 0.103 seconds
[2026-07-08T23:43:06.657-0500] {processor.py:161} INFO - Started process (PID=3921) to work on /opt/airflow/dags/dag_estado_real_vuelo.py
[2026-07-08T23:43:06.658-0500] {processor.py:830} INFO - Processing file /opt/airflow/dags/dag_estado_real_vuelo.py for tasks to queue
[2026-07-08T23:43:06.660-0500] {logging_mixin.py:188} INFO - [2026-07-08T23:43:06.659-0500] {dagbag.py:545} INFO - Filling up the DagBag from /opt/airflow/dags/dag_estado_real_vuelo.py
[2026-07-08T23:43:06.704-0500] {processor.py:840} INFO - DAG(s) 'aerotrack_travel_estado_real_vuelo' retrieved from /opt/airflow/dags/dag_estado_real_vuelo.py
[2026-07-08T23:43:06.738-0500] {logging_mixin.py:188} INFO - [2026-07-08T23:43:06.738-0500] {dag.py:3089} INFO - Sync 1 DAGs
[2026-07-08T23:43:06.750-0500] {logging_mixin.py:188} INFO - [2026-07-08T23:43:06.750-0500] {dag.py:3947} INFO - Setting next_dagrun for aerotrack_travel_estado_real_vuelo to None, run_after=None
[2026-07-08T23:43:06.767-0500] {processor.py:183} INFO - Processing /opt/airflow/dags/dag_estado_real_vuelo.py took 0.114 seconds
[2026-07-08T23:43:37.550-0500] {processor.py:161} INFO - Started process (PID=3948) to work on /opt/airflow/dags/dag_estado_real_vuelo.py
[2026-07-08T23:43:37.550-0500] {processor.py:830} INFO - Processing file /opt/airflow/dags/dag_estado_real_vuelo.py for tasks to queue
[2026-07-08T23:43:37.552-0500] {logging_mixin.py:188} INFO - [2026-07-08T23:43:37.552-0500] {dagbag.py:545} INFO - Filling up the DagBag from /opt/airflow/dags/dag_estado_real_vuelo.py
[2026-07-08T23:43:37.594-0500] {processor.py:840} INFO - DAG(s) 'aerotrack_travel_estado_real_vuelo' retrieved from /opt/airflow/dags/dag_estado_real_vuelo.py
[2026-07-08T23:43:37.625-0500] {logging_mixin.py:188} INFO - [2026-07-08T23:43:37.624-0500] {dag.py:3089} INFO - Sync 1 DAGs
[2026-07-08T23:43:37.635-0500] {logging_mixin.py:188} INFO - [2026-07-08T23:43:37.635-0500] {dag.py:3947} INFO - Setting next_dagrun for aerotrack_travel_estado_real_vuelo to None, run_after=None
[2026-07-08T23:43:37.649-0500] {processor.py:183} INFO - Processing /opt/airflow/dags/dag_estado_real_vuelo.py took 0.104 seconds
[2026-07-08T23:44:08.563-0500] {processor.py:161} INFO - Started process (PID=3975) to work on /opt/airflow/dags/dag_estado_real_vuelo.py
[2026-07-08T23:44:08.564-0500] {processor.py:830} INFO - Processing file /opt/airflow/dags/dag_estado_real_vuelo.py for tasks to queue
[2026-07-08T23:44:08.566-0500] {logging_mixin.py:188} INFO - [2026-07-08T23:44:08.565-0500] {dagbag.py:545} INFO - Filling up the DagBag from /opt/airflow/dags/dag_estado_real_vuelo.py
[2026-07-08T23:44:08.593-0500] {processor.py:840} INFO - DAG(s) 'aerotrack_travel_estado_real_vuelo' retrieved from /opt/airflow/dags/dag_estado_real_vuelo.py
[2026-07-08T23:44:08.620-0500] {logging_mixin.py:188} INFO - [2026-07-08T23:44:08.620-0500] {dag.py:3089} INFO - Sync 1 DAGs
[2026-07-08T23:44:08.634-0500] {logging_mixin.py:188} INFO - [2026-07-08T23:44:08.634-0500] {dag.py:3947} INFO - Setting next_dagrun for aerotrack_travel_estado_real_vuelo to None, run_after=None
[2026-07-08T23:44:08.650-0500] {processor.py:183} INFO - Processing /opt/airflow/dags/dag_estado_real_vuelo.py took 0.092 seconds
[2026-07-08T23:44:39.446-0500] {processor.py:161} INFO - Started process (PID=4002) to work on /opt/airflow/dags/dag_estado_real_vuelo.py
[2026-07-08T23:44:39.446-0500] {processor.py:830} INFO - Processing file /opt/airflow/dags/dag_estado_real_vuelo.py for tasks to queue
[2026-07-08T23:44:39.448-0500] {logging_mixin.py:188} INFO - [2026-07-08T23:44:39.447-0500] {dagbag.py:545} INFO - Filling up the DagBag from /opt/airflow/dags/dag_estado_real_vuelo.py
[2026-07-08T23:44:39.476-0500] {processor.py:840} INFO - DAG(s) 'aerotrack_travel_estado_real_vuelo' retrieved from /opt/airflow/dags/dag_estado_real_vuelo.py
[2026-07-08T23:44:39.511-0500] {logging_mixin.py:188} INFO - [2026-07-08T23:44:39.511-0500] {dag.py:3089} INFO - Sync 1 DAGs
[2026-07-08T23:44:39.522-0500] {logging_mixin.py:188} INFO - [2026-07-08T23:44:39.521-0500] {dag.py:3947} INFO - Setting next_dagrun for aerotrack_travel_estado_real_vuelo to None, run_after=None
[2026-07-08T23:44:39.537-0500] {processor.py:183} INFO - Processing /opt/airflow/dags/dag_estado_real_vuelo.py took 0.096 seconds
[2026-07-08T23:45:10.548-0500] {processor.py:161} INFO - Started process (PID=4029) to work on /opt/airflow/dags/dag_estado_real_vuelo.py
[2026-07-08T23:45:10.549-0500] {processor.py:830} INFO - Processing file /opt/airflow/dags/dag_estado_real_vuelo.py for tasks to queue
[2026-07-08T23:45:10.550-0500] {logging_mixin.py:188} INFO - [2026-07-08T23:45:10.550-0500] {dagbag.py:545} INFO - Filling up the DagBag from /opt/airflow/dags/dag_estado_real_vuelo.py
[2026-07-08T23:45:10.579-0500] {processor.py:840} INFO - DAG(s) 'aerotrack_travel_estado_real_vuelo' retrieved from /opt/airflow/dags/dag_estado_real_vuelo.py
[2026-07-08T23:45:10.606-0500] {logging_mixin.py:188} INFO - [2026-07-08T23:45:10.606-0500] {dag.py:3089} INFO - Sync 1 DAGs
[2026-07-08T23:45:10.617-0500] {logging_mixin.py:188} INFO - [2026-07-08T23:45:10.617-0500] {dag.py:3947} INFO - Setting next_dagrun for aerotrack_travel_estado_real_vuelo to None, run_after=None
[2026-07-08T23:45:10.637-0500] {processor.py:183} INFO - Processing /opt/airflow/dags/dag_estado_real_vuelo.py took 0.094 seconds
[2026-07-08T23:45:41.415-0500] {processor.py:161} INFO - Started process (PID=4056) to work on /opt/airflow/dags/dag_estado_real_vuelo.py
[2026-07-08T23:45:41.416-0500] {processor.py:830} INFO - Processing file /opt/airflow/dags/dag_estado_real_vuelo.py for tasks to queue
[2026-07-08T23:45:41.418-0500] {logging_mixin.py:188} INFO - [2026-07-08T23:45:41.417-0500] {dagbag.py:545} INFO - Filling up the DagBag from /opt/airflow/dags/dag_estado_real_vuelo.py
[2026-07-08T23:45:41.456-0500] {processor.py:840} INFO - DAG(s) 'aerotrack_travel_estado_real_vuelo' retrieved from /opt/airflow/dags/dag_estado_real_vuelo.py
[2026-07-08T23:45:41.481-0500] {logging_mixin.py:188} INFO - [2026-07-08T23:45:41.481-0500] {dag.py:3089} INFO - Sync 1 DAGs
[2026-07-08T23:45:41.490-0500] {logging_mixin.py:188} INFO - [2026-07-08T23:45:41.490-0500] {dag.py:3947} INFO - Setting next_dagrun for aerotrack_travel_estado_real_vuelo to None, run_after=None
[2026-07-08T23:45:41.504-0500] {processor.py:183} INFO - Processing /opt/airflow/dags/dag_estado_real_vuelo.py took 0.093 seconds
[2026-07-08T23:46:12.484-0500] {processor.py:161} INFO - Started process (PID=4083) to work on /opt/airflow/dags/dag_estado_real_vuelo.py
[2026-07-08T23:46:12.485-0500] {processor.py:830} INFO - Processing file /opt/airflow/dags/dag_estado_real_vuelo.py for tasks to queue
[2026-07-08T23:46:12.486-0500] {logging_mixin.py:188} INFO - [2026-07-08T23:46:12.486-0500] {dagbag.py:545} INFO - Filling up the DagBag from /opt/airflow/dags/dag_estado_real_vuelo.py
[2026-07-08T23:46:12.522-0500] {processor.py:840} INFO - DAG(s) 'aerotrack_travel_estado_real_vuelo' retrieved from /opt/airflow/dags/dag_estado_real_vuelo.py
[2026-07-08T23:46:12.549-0500] {logging_mixin.py:188} INFO - [2026-07-08T23:46:12.549-0500] {dag.py:3089} INFO - Sync 1 DAGs
[2026-07-08T23:46:12.560-0500] {logging_mixin.py:188} INFO - [2026-07-08T23:46:12.559-0500] {dag.py:3947} INFO - Setting next_dagrun for aerotrack_travel_estado_real_vuelo to None, run_after=None
[2026-07-08T23:46:12.573-0500] {processor.py:183} INFO - Processing /opt/airflow/dags/dag_estado_real_vuelo.py took 0.093 seconds
[2026-07-08T23:46:43.393-0500] {processor.py:161} INFO - Started process (PID=4110) to work on /opt/airflow/dags/dag_estado_real_vuelo.py
[2026-07-08T23:46:43.394-0500] {processor.py:830} INFO - Processing file /opt/airflow/dags/dag_estado_real_vuelo.py for tasks to queue
[2026-07-08T23:46:43.395-0500] {logging_mixin.py:188} INFO - [2026-07-08T23:46:43.395-0500] {dagbag.py:545} INFO - Filling up the DagBag from /opt/airflow/dags/dag_estado_real_vuelo.py
[2026-07-08T23:46:43.434-0500] {processor.py:840} INFO - DAG(s) 'aerotrack_travel_estado_real_vuelo' retrieved from /opt/airflow/dags/dag_estado_real_vuelo.py
[2026-07-08T23:46:43.473-0500] {logging_mixin.py:188} INFO - [2026-07-08T23:46:43.472-0500] {dag.py:3089} INFO - Sync 1 DAGs
[2026-07-08T23:46:43.482-0500] {logging_mixin.py:188} INFO - [2026-07-08T23:46:43.482-0500] {dag.py:3947} INFO - Setting next_dagrun for aerotrack_travel_estado_real_vuelo to None, run_after=None
[2026-07-08T23:46:43.498-0500] {processor.py:183} INFO - Processing /opt/airflow/dags/dag_estado_real_vuelo.py took 0.110 seconds
[2026-07-08T23:47:13.439-0500] {processor.py:161} INFO - Started process (PID=4134) to work on /opt/airflow/dags/dag_estado_real_vuelo.py
[2026-07-08T23:47:13.440-0500] {processor.py:830} INFO - Processing file /opt/airflow/dags/dag_estado_real_vuelo.py for tasks to queue
[2026-07-08T23:47:13.442-0500] {logging_mixin.py:188} INFO - [2026-07-08T23:47:13.441-0500] {dagbag.py:545} INFO - Filling up the DagBag from /opt/airflow/dags/dag_estado_real_vuelo.py
[2026-07-08T23:47:13.480-0500] {processor.py:840} INFO - DAG(s) 'aerotrack_travel_estado_real_vuelo' retrieved from /opt/airflow/dags/dag_estado_real_vuelo.py
[2026-07-08T23:47:13.570-0500] {logging_mixin.py:188} INFO - [2026-07-08T23:47:13.569-0500] {dag.py:3089} INFO - Sync 1 DAGs
[2026-07-08T23:47:13.578-0500] {logging_mixin.py:188} INFO - [2026-07-08T23:47:13.577-0500] {dag.py:3947} INFO - Setting next_dagrun for aerotrack_travel_estado_real_vuelo to None, run_after=None
[2026-07-08T23:47:13.599-0500] {processor.py:183} INFO - Processing /opt/airflow/dags/dag_estado_real_vuelo.py took 0.164 seconds
[2026-07-08T23:47:44.547-0500] {processor.py:161} INFO - Started process (PID=4161) to work on /opt/airflow/dags/dag_estado_real_vuelo.py
[2026-07-08T23:47:44.548-0500] {processor.py:830} INFO - Processing file /opt/airflow/dags/dag_estado_real_vuelo.py for tasks to queue
[2026-07-08T23:47:44.549-0500] {logging_mixin.py:188} INFO - [2026-07-08T23:47:44.549-0500] {dagbag.py:545} INFO - Filling up the DagBag from /opt/airflow/dags/dag_estado_real_vuelo.py
[2026-07-08T23:47:44.589-0500] {processor.py:840} INFO - DAG(s) 'aerotrack_travel_estado_real_vuelo' retrieved from /opt/airflow/dags/dag_estado_real_vuelo.py
[2026-07-08T23:47:44.642-0500] {logging_mixin.py:188} INFO - [2026-07-08T23:47:44.642-0500] {dag.py:3089} INFO - Sync 1 DAGs
[2026-07-08T23:47:44.661-0500] {logging_mixin.py:188} INFO - [2026-07-08T23:47:44.660-0500] {dag.py:3947} INFO - Setting next_dagrun for aerotrack_travel_estado_real_vuelo to None, run_after=None
[2026-07-08T23:47:44.682-0500] {processor.py:183} INFO - Processing /opt/airflow/dags/dag_estado_real_vuelo.py took 0.140 seconds
[2026-07-08T23:48:15.663-0500] {processor.py:161} INFO - Started process (PID=4200) to work on /opt/airflow/dags/dag_estado_real_vuelo.py
[2026-07-08T23:48:15.665-0500] {processor.py:830} INFO - Processing file /opt/airflow/dags/dag_estado_real_vuelo.py for tasks to queue
[2026-07-08T23:48:15.668-0500] {logging_mixin.py:188} INFO - [2026-07-08T23:48:15.667-0500] {dagbag.py:545} INFO - Filling up the DagBag from /opt/airflow/dags/dag_estado_real_vuelo.py
[2026-07-08T23:48:15.724-0500] {processor.py:840} INFO - DAG(s) 'aerotrack_travel_estado_real_vuelo' retrieved from /opt/airflow/dags/dag_estado_real_vuelo.py
[2026-07-08T23:48:15.762-0500] {logging_mixin.py:188} INFO - [2026-07-08T23:48:15.761-0500] {dag.py:3089} INFO - Sync 1 DAGs
[2026-07-08T23:48:15.774-0500] {logging_mixin.py:188} INFO - [2026-07-08T23:48:15.774-0500] {dag.py:3947} INFO - Setting next_dagrun for aerotrack_travel_estado_real_vuelo to None, run_after=None
[2026-07-08T23:48:15.790-0500] {processor.py:183} INFO - Processing /opt/airflow/dags/dag_estado_real_vuelo.py took 0.136 seconds
[2026-07-08T23:48:46.564-0500] {processor.py:161} INFO - Started process (PID=4227) to work on /opt/airflow/dags/dag_estado_real_vuelo.py
[2026-07-08T23:48:46.565-0500] {processor.py:830} INFO - Processing file /opt/airflow/dags/dag_estado_real_vuelo.py for tasks to queue
[2026-07-08T23:48:46.567-0500] {logging_mixin.py:188} INFO - [2026-07-08T23:48:46.566-0500] {dagbag.py:545} INFO - Filling up the DagBag from /opt/airflow/dags/dag_estado_real_vuelo.py
[2026-07-08T23:48:46.607-0500] {processor.py:840} INFO - DAG(s) 'aerotrack_travel_estado_real_vuelo' retrieved from /opt/airflow/dags/dag_estado_real_vuelo.py
[2026-07-08T23:48:46.643-0500] {logging_mixin.py:188} INFO - [2026-07-08T23:48:46.643-0500] {dag.py:3089} INFO - Sync 1 DAGs
[2026-07-08T23:48:46.660-0500] {logging_mixin.py:188} INFO - [2026-07-08T23:48:46.659-0500] {dag.py:3947} INFO - Setting next_dagrun for aerotrack_travel_estado_real_vuelo to None, run_after=None
[2026-07-08T23:48:46.678-0500] {processor.py:183} INFO - Processing /opt/airflow/dags/dag_estado_real_vuelo.py took 0.125 seconds
[2026-07-08T23:49:17.573-0500] {processor.py:161} INFO - Started process (PID=4273) to work on /opt/airflow/dags/dag_estado_real_vuelo.py
[2026-07-08T23:49:17.574-0500] {processor.py:830} INFO - Processing file /opt/airflow/dags/dag_estado_real_vuelo.py for tasks to queue
[2026-07-08T23:49:17.575-0500] {logging_mixin.py:188} INFO - [2026-07-08T23:49:17.575-0500] {dagbag.py:545} INFO - Filling up the DagBag from /opt/airflow/dags/dag_estado_real_vuelo.py
[2026-07-08T23:49:17.604-0500] {processor.py:840} INFO - DAG(s) 'aerotrack_travel_estado_real_vuelo' retrieved from /opt/airflow/dags/dag_estado_real_vuelo.py
[2026-07-08T23:49:17.634-0500] {logging_mixin.py:188} INFO - [2026-07-08T23:49:17.634-0500] {dag.py:3089} INFO - Sync 1 DAGs
[2026-07-08T23:49:17.645-0500] {logging_mixin.py:188} INFO - [2026-07-08T23:49:17.645-0500] {dag.py:3947} INFO - Setting next_dagrun for aerotrack_travel_estado_real_vuelo to None, run_after=None
[2026-07-08T23:49:17.661-0500] {processor.py:183} INFO - Processing /opt/airflow/dags/dag_estado_real_vuelo.py took 0.093 seconds
[2026-07-08T23:49:20.654-0500] {processor.py:161} INFO - Started process (PID=4283) to work on /opt/airflow/dags/dag_estado_real_vuelo.py
[2026-07-08T23:49:20.655-0500] {processor.py:830} INFO - Processing file /opt/airflow/dags/dag_estado_real_vuelo.py for tasks to queue
[2026-07-08T23:49:20.657-0500] {logging_mixin.py:188} INFO - [2026-07-08T23:49:20.657-0500] {dagbag.py:545} INFO - Filling up the DagBag from /opt/airflow/dags/dag_estado_real_vuelo.py
[2026-07-08T23:49:20.705-0500] {processor.py:840} INFO - DAG(s) 'aerotrack_travel_estado_real_vuelo' retrieved from /opt/airflow/dags/dag_estado_real_vuelo.py
[2026-07-08T23:49:20.811-0500] {logging_mixin.py:188} INFO - [2026-07-08T23:49:20.811-0500] {dag.py:3089} INFO - Sync 1 DAGs
[2026-07-08T23:49:20.829-0500] {logging_mixin.py:188} INFO - [2026-07-08T23:49:20.829-0500] {dag.py:3947} INFO - Setting next_dagrun for aerotrack_travel_estado_real_vuelo to 2026-07-08 00:00:00+00:00, run_after=2026-07-09 00:00:00+00:00
[2026-07-08T23:49:20.851-0500] {processor.py:183} INFO - Processing /opt/airflow/dags/dag_estado_real_vuelo.py took 0.202 seconds
[2026-07-08T23:49:51.677-0500] {processor.py:161} INFO - Started process (PID=4344) to work on /opt/airflow/dags/dag_estado_real_vuelo.py
[2026-07-08T23:49:51.678-0500] {processor.py:830} INFO - Processing file /opt/airflow/dags/dag_estado_real_vuelo.py for tasks to queue
[2026-07-08T23:49:51.679-0500] {logging_mixin.py:188} INFO - [2026-07-08T23:49:51.679-0500] {dagbag.py:545} INFO - Filling up the DagBag from /opt/airflow/dags/dag_estado_real_vuelo.py
[2026-07-08T23:49:51.710-0500] {processor.py:840} INFO - DAG(s) 'aerotrack_travel_estado_real_vuelo' retrieved from /opt/airflow/dags/dag_estado_real_vuelo.py
[2026-07-08T23:49:51.740-0500] {logging_mixin.py:188} INFO - [2026-07-08T23:49:51.740-0500] {dag.py:3089} INFO - Sync 1 DAGs
[2026-07-08T23:49:51.757-0500] {logging_mixin.py:188} INFO - [2026-07-08T23:49:51.757-0500] {dag.py:3947} INFO - Setting next_dagrun for aerotrack_travel_estado_real_vuelo to 2026-07-09 00:00:00+00:00, run_after=2026-07-10 00:00:00+00:00
[2026-07-08T23:49:51.771-0500] {processor.py:183} INFO - Processing /opt/airflow/dags/dag_estado_real_vuelo.py took 0.098 seconds
[2026-07-08T23:50:21.861-0500] {processor.py:161} INFO - Started process (PID=4371) to work on /opt/airflow/dags/dag_estado_real_vuelo.py
[2026-07-08T23:50:21.862-0500] {processor.py:830} INFO - Processing file /opt/airflow/dags/dag_estado_real_vuelo.py for tasks to queue
[2026-07-08T23:50:21.864-0500] {logging_mixin.py:188} INFO - [2026-07-08T23:50:21.863-0500] {dagbag.py:545} INFO - Filling up the DagBag from /opt/airflow/dags/dag_estado_real_vuelo.py
[2026-07-08T23:50:21.903-0500] {processor.py:840} INFO - DAG(s) 'aerotrack_travel_estado_real_vuelo' retrieved from /opt/airflow/dags/dag_estado_real_vuelo.py
[2026-07-08T23:50:21.938-0500] {logging_mixin.py:188} INFO - [2026-07-08T23:50:21.938-0500] {dag.py:3089} INFO - Sync 1 DAGs
[2026-07-08T23:50:21.955-0500] {logging_mixin.py:188} INFO - [2026-07-08T23:50:21.954-0500] {dag.py:3947} INFO - Setting next_dagrun for aerotrack_travel_estado_real_vuelo to 2026-07-09 00:00:00+00:00, run_after=2026-07-10 00:00:00+00:00
[2026-07-08T23:50:21.969-0500] {processor.py:183} INFO - Processing /opt/airflow/dags/dag_estado_real_vuelo.py took 0.113 seconds
[2026-07-08T23:50:52.810-0500] {processor.py:161} INFO - Started process (PID=4398) to work on /opt/airflow/dags/dag_estado_real_vuelo.py
[2026-07-08T23:50:52.811-0500] {processor.py:830} INFO - Processing file /opt/airflow/dags/dag_estado_real_vuelo.py for tasks to queue
[2026-07-08T23:50:52.812-0500] {logging_mixin.py:188} INFO - [2026-07-08T23:50:52.812-0500] {dagbag.py:545} INFO - Filling up the DagBag from /opt/airflow/dags/dag_estado_real_vuelo.py
[2026-07-08T23:50:52.843-0500] {processor.py:840} INFO - DAG(s) 'aerotrack_travel_estado_real_vuelo' retrieved from /opt/airflow/dags/dag_estado_real_vuelo.py
[2026-07-08T23:50:52.871-0500] {logging_mixin.py:188} INFO - [2026-07-08T23:50:52.871-0500] {dag.py:3089} INFO - Sync 1 DAGs
[2026-07-08T23:50:52.887-0500] {logging_mixin.py:188} INFO - [2026-07-08T23:50:52.887-0500] {dag.py:3947} INFO - Setting next_dagrun for aerotrack_travel_estado_real_vuelo to 2026-07-09 00:00:00+00:00, run_after=2026-07-10 00:00:00+00:00
[2026-07-08T23:50:52.900-0500] {processor.py:183} INFO - Processing /opt/airflow/dags/dag_estado_real_vuelo.py took 0.095 seconds
[2026-07-08T23:51:23.036-0500] {processor.py:161} INFO - Started process (PID=4425) to work on /opt/airflow/dags/dag_estado_real_vuelo.py
[2026-07-08T23:51:23.037-0500] {processor.py:830} INFO - Processing file /opt/airflow/dags/dag_estado_real_vuelo.py for tasks to queue
[2026-07-08T23:51:23.039-0500] {logging_mixin.py:188} INFO - [2026-07-08T23:51:23.038-0500] {dagbag.py:545} INFO - Filling up the DagBag from /opt/airflow/dags/dag_estado_real_vuelo.py
[2026-07-08T23:51:23.068-0500] {processor.py:840} INFO - DAG(s) 'aerotrack_travel_estado_real_vuelo' retrieved from /opt/airflow/dags/dag_estado_real_vuelo.py
[2026-07-08T23:51:23.098-0500] {logging_mixin.py:188} INFO - [2026-07-08T23:51:23.098-0500] {dag.py:3089} INFO - Sync 1 DAGs
[2026-07-08T23:51:23.115-0500] {logging_mixin.py:188} INFO - [2026-07-08T23:51:23.115-0500] {dag.py:3947} INFO - Setting next_dagrun for aerotrack_travel_estado_real_vuelo to 2026-07-09 00:00:00+00:00, run_after=2026-07-10 00:00:00+00:00
[2026-07-08T23:51:23.128-0500] {processor.py:183} INFO - Processing /opt/airflow/dags/dag_estado_real_vuelo.py took 0.097 seconds
[2026-07-08T23:51:53.996-0500] {processor.py:161} INFO - Started process (PID=4452) to work on /opt/airflow/dags/dag_estado_real_vuelo.py
[2026-07-08T23:51:53.997-0500] {processor.py:830} INFO - Processing file /opt/airflow/dags/dag_estado_real_vuelo.py for tasks to queue
[2026-07-08T23:51:53.999-0500] {logging_mixin.py:188} INFO - [2026-07-08T23:51:53.999-0500] {dagbag.py:545} INFO - Filling up the DagBag from /opt/airflow/dags/dag_estado_real_vuelo.py
[2026-07-08T23:51:54.029-0500] {processor.py:840} INFO - DAG(s) 'aerotrack_travel_estado_real_vuelo' retrieved from /opt/airflow/dags/dag_estado_real_vuelo.py
[2026-07-08T23:51:54.058-0500] {logging_mixin.py:188} INFO - [2026-07-08T23:51:54.058-0500] {dag.py:3089} INFO - Sync 1 DAGs
[2026-07-08T23:51:54.075-0500] {logging_mixin.py:188} INFO - [2026-07-08T23:51:54.074-0500] {dag.py:3947} INFO - Setting next_dagrun for aerotrack_travel_estado_real_vuelo to 2026-07-09 00:00:00+00:00, run_after=2026-07-10 00:00:00+00:00
[2026-07-08T23:51:54.089-0500] {processor.py:183} INFO - Processing /opt/airflow/dags/dag_estado_real_vuelo.py took 0.097 seconds
[2026-07-08T23:52:24.172-0500] {processor.py:161} INFO - Started process (PID=4479) to work on /opt/airflow/dags/dag_estado_real_vuelo.py
[2026-07-08T23:52:24.173-0500] {processor.py:830} INFO - Processing file /opt/airflow/dags/dag_estado_real_vuelo.py for tasks to queue
[2026-07-08T23:52:24.175-0500] {logging_mixin.py:188} INFO - [2026-07-08T23:52:24.174-0500] {dagbag.py:545} INFO - Filling up the DagBag from /opt/airflow/dags/dag_estado_real_vuelo.py
[2026-07-08T23:52:24.208-0500] {processor.py:840} INFO - DAG(s) 'aerotrack_travel_estado_real_vuelo' retrieved from /opt/airflow/dags/dag_estado_real_vuelo.py
[2026-07-08T23:52:24.240-0500] {logging_mixin.py:188} INFO - [2026-07-08T23:52:24.239-0500] {dag.py:3089} INFO - Sync 1 DAGs
[2026-07-08T23:52:24.261-0500] {logging_mixin.py:188} INFO - [2026-07-08T23:52:24.261-0500] {dag.py:3947} INFO - Setting next_dagrun for aerotrack_travel_estado_real_vuelo to 2026-07-09 00:00:00+00:00, run_after=2026-07-10 00:00:00+00:00
[2026-07-08T23:52:24.275-0500] {processor.py:183} INFO - Processing /opt/airflow/dags/dag_estado_real_vuelo.py took 0.109 seconds
[2026-07-08T23:52:55.117-0500] {processor.py:161} INFO - Started process (PID=4506) to work on /opt/airflow/dags/dag_estado_real_vuelo.py
[2026-07-08T23:52:55.118-0500] {processor.py:830} INFO - Processing file /opt/airflow/dags/dag_estado_real_vuelo.py for tasks to queue
[2026-07-08T23:52:55.119-0500] {logging_mixin.py:188} INFO - [2026-07-08T23:52:55.119-0500] {dagbag.py:545} INFO - Filling up the DagBag from /opt/airflow/dags/dag_estado_real_vuelo.py
[2026-07-08T23:52:55.154-0500] {processor.py:840} INFO - DAG(s) 'aerotrack_travel_estado_real_vuelo' retrieved from /opt/airflow/dags/dag_estado_real_vuelo.py
[2026-07-08T23:52:55.189-0500] {logging_mixin.py:188} INFO - [2026-07-08T23:52:55.188-0500] {dag.py:3089} INFO - Sync 1 DAGs
[2026-07-08T23:52:55.207-0500] {logging_mixin.py:188} INFO - [2026-07-08T23:52:55.207-0500] {dag.py:3947} INFO - Setting next_dagrun for aerotrack_travel_estado_real_vuelo to 2026-07-09 00:00:00+00:00, run_after=2026-07-10 00:00:00+00:00
[2026-07-08T23:52:55.221-0500] {processor.py:183} INFO - Processing /opt/airflow/dags/dag_estado_real_vuelo.py took 0.110 seconds
[2026-07-08T23:53:26.057-0500] {processor.py:161} INFO - Started process (PID=4533) to work on /opt/airflow/dags/dag_estado_real_vuelo.py
[2026-07-08T23:53:26.057-0500] {processor.py:830} INFO - Processing file /opt/airflow/dags/dag_estado_real_vuelo.py for tasks to queue
[2026-07-08T23:53:26.059-0500] {logging_mixin.py:188} INFO - [2026-07-08T23:53:26.058-0500] {dagbag.py:545} INFO - Filling up the DagBag from /opt/airflow/dags/dag_estado_real_vuelo.py
[2026-07-08T23:53:26.087-0500] {processor.py:840} INFO - DAG(s) 'aerotrack_travel_estado_real_vuelo' retrieved from /opt/airflow/dags/dag_estado_real_vuelo.py
[2026-07-08T23:53:26.113-0500] {logging_mixin.py:188} INFO - [2026-07-08T23:53:26.113-0500] {dag.py:3089} INFO - Sync 1 DAGs
[2026-07-08T23:53:26.130-0500] {logging_mixin.py:188} INFO - [2026-07-08T23:53:26.130-0500] {dag.py:3947} INFO - Setting next_dagrun for aerotrack_travel_estado_real_vuelo to 2026-07-09 00:00:00+00:00, run_after=2026-07-10 00:00:00+00:00
[2026-07-08T23:53:26.144-0500] {processor.py:183} INFO - Processing /opt/airflow/dags/dag_estado_real_vuelo.py took 0.092 seconds
[2026-07-08T23:53:56.990-0500] {processor.py:161} INFO - Started process (PID=4560) to work on /opt/airflow/dags/dag_estado_real_vuelo.py
[2026-07-08T23:53:56.991-0500] {processor.py:830} INFO - Processing file /opt/airflow/dags/dag_estado_real_vuelo.py for tasks to queue
[2026-07-08T23:53:56.993-0500] {logging_mixin.py:188} INFO - [2026-07-08T23:53:56.993-0500] {dagbag.py:545} INFO - Filling up the DagBag from /opt/airflow/dags/dag_estado_real_vuelo.py
[2026-07-08T23:53:57.048-0500] {processor.py:840} INFO - DAG(s) 'aerotrack_travel_estado_real_vuelo' retrieved from /opt/airflow/dags/dag_estado_real_vuelo.py
[2026-07-08T23:53:57.084-0500] {logging_mixin.py:188} INFO - [2026-07-08T23:53:57.084-0500] {dag.py:3089} INFO - Sync 1 DAGs
[2026-07-08T23:53:57.103-0500] {logging_mixin.py:188} INFO - [2026-07-08T23:53:57.103-0500] {dag.py:3947} INFO - Setting next_dagrun for aerotrack_travel_estado_real_vuelo to 2026-07-09 00:00:00+00:00, run_after=2026-07-10 00:00:00+00:00
[2026-07-08T23:53:57.119-0500] {processor.py:183} INFO - Processing /opt/airflow/dags/dag_estado_real_vuelo.py took 0.133 seconds
[2026-07-08T23:54:27.998-0500] {processor.py:161} INFO - Started process (PID=4587) to work on /opt/airflow/dags/dag_estado_real_vuelo.py
[2026-07-08T23:54:27.998-0500] {processor.py:830} INFO - Processing file /opt/airflow/dags/dag_estado_real_vuelo.py for tasks to queue
[2026-07-08T23:54:28.000-0500] {logging_mixin.py:188} INFO - [2026-07-08T23:54:28.000-0500] {dagbag.py:545} INFO - Filling up the DagBag from /opt/airflow/dags/dag_estado_real_vuelo.py
[2026-07-08T23:54:28.031-0500] {processor.py:840} INFO - DAG(s) 'aerotrack_travel_estado_real_vuelo' retrieved from /opt/airflow/dags/dag_estado_real_vuelo.py
[2026-07-08T23:54:28.059-0500] {logging_mixin.py:188} INFO - [2026-07-08T23:54:28.058-0500] {dag.py:3089} INFO - Sync 1 DAGs
[2026-07-08T23:54:28.074-0500] {logging_mixin.py:188} INFO - [2026-07-08T23:54:28.074-0500] {dag.py:3947} INFO - Setting next_dagrun for aerotrack_travel_estado_real_vuelo to 2026-07-09 00:00:00+00:00, run_after=2026-07-10 00:00:00+00:00
[2026-07-08T23:54:28.087-0500] {processor.py:183} INFO - Processing /opt/airflow/dags/dag_estado_real_vuelo.py took 0.094 seconds
[2026-07-08T23:54:59.055-0500] {processor.py:161} INFO - Started process (PID=4614) to work on /opt/airflow/dags/dag_estado_real_vuelo.py
[2026-07-08T23:54:59.056-0500] {processor.py:830} INFO - Processing file /opt/airflow/dags/dag_estado_real_vuelo.py for tasks to queue
[2026-07-08T23:54:59.057-0500] {logging_mixin.py:188} INFO - [2026-07-08T23:54:59.057-0500] {dagbag.py:545} INFO - Filling up the DagBag from /opt/airflow/dags/dag_estado_real_vuelo.py
[2026-07-08T23:54:59.088-0500] {processor.py:840} INFO - DAG(s) 'aerotrack_travel_estado_real_vuelo' retrieved from /opt/airflow/dags/dag_estado_real_vuelo.py
[2026-07-08T23:54:59.115-0500] {logging_mixin.py:188} INFO - [2026-07-08T23:54:59.115-0500] {dag.py:3089} INFO - Sync 1 DAGs
[2026-07-08T23:54:59.131-0500] {logging_mixin.py:188} INFO - [2026-07-08T23:54:59.131-0500] {dag.py:3947} INFO - Setting next_dagrun for aerotrack_travel_estado_real_vuelo to 2026-07-09 00:00:00+00:00, run_after=2026-07-10 00:00:00+00:00
[2026-07-08T23:54:59.143-0500] {processor.py:183} INFO - Processing /opt/airflow/dags/dag_estado_real_vuelo.py took 0.093 seconds
[2026-07-08T23:55:30.055-0500] {processor.py:161} INFO - Started process (PID=4641) to work on /opt/airflow/dags/dag_estado_real_vuelo.py
[2026-07-08T23:55:30.056-0500] {processor.py:830} INFO - Processing file /opt/airflow/dags/dag_estado_real_vuelo.py for tasks to queue
[2026-07-08T23:55:30.057-0500] {logging_mixin.py:188} INFO - [2026-07-08T23:55:30.057-0500] {dagbag.py:545} INFO - Filling up the DagBag from /opt/airflow/dags/dag_estado_real_vuelo.py
[2026-07-08T23:55:30.091-0500] {processor.py:840} INFO - DAG(s) 'aerotrack_travel_estado_real_vuelo' retrieved from /opt/airflow/dags/dag_estado_real_vuelo.py
[2026-07-08T23:55:30.119-0500] {logging_mixin.py:188} INFO - [2026-07-08T23:55:30.119-0500] {dag.py:3089} INFO - Sync 1 DAGs
[2026-07-08T23:55:30.136-0500] {logging_mixin.py:188} INFO - [2026-07-08T23:55:30.135-0500] {dag.py:3947} INFO - Setting next_dagrun for aerotrack_travel_estado_real_vuelo to 2026-07-09 00:00:00+00:00, run_after=2026-07-10 00:00:00+00:00
[2026-07-08T23:55:30.150-0500] {processor.py:183} INFO - Processing /opt/airflow/dags/dag_estado_real_vuelo.py took 0.099 seconds
[2026-07-08T23:56:00.303-0500] {processor.py:161} INFO - Started process (PID=4668) to work on /opt/airflow/dags/dag_estado_real_vuelo.py
[2026-07-08T23:56:00.304-0500] {processor.py:830} INFO - Processing file /opt/airflow/dags/dag_estado_real_vuelo.py for tasks to queue
[2026-07-08T23:56:00.307-0500] {logging_mixin.py:188} INFO - [2026-07-08T23:56:00.306-0500] {dagbag.py:545} INFO - Filling up the DagBag from /opt/airflow/dags/dag_estado_real_vuelo.py
[2026-07-08T23:56:00.353-0500] {processor.py:840} INFO - DAG(s) 'aerotrack_travel_estado_real_vuelo' retrieved from /opt/airflow/dags/dag_estado_real_vuelo.py
[2026-07-08T23:56:00.387-0500] {logging_mixin.py:188} INFO - [2026-07-08T23:56:00.387-0500] {dag.py:3089} INFO - Sync 1 DAGs
[2026-07-08T23:56:00.406-0500] {logging_mixin.py:188} INFO - [2026-07-08T23:56:00.406-0500] {dag.py:3947} INFO - Setting next_dagrun for aerotrack_travel_estado_real_vuelo to 2026-07-09 00:00:00+00:00, run_after=2026-07-10 00:00:00+00:00
[2026-07-08T23:56:00.422-0500] {processor.py:183} INFO - Processing /opt/airflow/dags/dag_estado_real_vuelo.py took 0.124 seconds
[2026-07-08T23:56:30.533-0500] {processor.py:161} INFO - Started process (PID=4695) to work on /opt/airflow/dags/dag_estado_real_vuelo.py
[2026-07-08T23:56:30.534-0500] {processor.py:830} INFO - Processing file /opt/airflow/dags/dag_estado_real_vuelo.py for tasks to queue
[2026-07-08T23:56:30.536-0500] {logging_mixin.py:188} INFO - [2026-07-08T23:56:30.535-0500] {dagbag.py:545} INFO - Filling up the DagBag from /opt/airflow/dags/dag_estado_real_vuelo.py
[2026-07-08T23:56:30.571-0500] {processor.py:840} INFO - DAG(s) 'aerotrack_travel_estado_real_vuelo' retrieved from /opt/airflow/dags/dag_estado_real_vuelo.py
[2026-07-08T23:56:30.599-0500] {logging_mixin.py:188} INFO - [2026-07-08T23:56:30.599-0500] {dag.py:3089} INFO - Sync 1 DAGs
[2026-07-08T23:56:30.616-0500] {logging_mixin.py:188} INFO - [2026-07-08T23:56:30.616-0500] {dag.py:3947} INFO - Setting next_dagrun for aerotrack_travel_estado_real_vuelo to 2026-07-09 00:00:00+00:00, run_after=2026-07-10 00:00:00+00:00
[2026-07-08T23:56:30.629-0500] {processor.py:183} INFO - Processing /opt/airflow/dags/dag_estado_real_vuelo.py took 0.101 seconds
[2026-07-08T23:57:01.622-0500] {processor.py:161} INFO - Started process (PID=4722) to work on /opt/airflow/dags/dag_estado_real_vuelo.py
[2026-07-08T23:57:01.623-0500] {processor.py:830} INFO - Processing file /opt/airflow/dags/dag_estado_real_vuelo.py for tasks to queue
[2026-07-08T23:57:01.625-0500] {logging_mixin.py:188} INFO - [2026-07-08T23:57:01.624-0500] {dagbag.py:545} INFO - Filling up the DagBag from /opt/airflow/dags/dag_estado_real_vuelo.py
[2026-07-08T23:57:01.671-0500] {processor.py:840} INFO - DAG(s) 'aerotrack_travel_estado_real_vuelo' retrieved from /opt/airflow/dags/dag_estado_real_vuelo.py
[2026-07-08T23:57:01.701-0500] {logging_mixin.py:188} INFO - [2026-07-08T23:57:01.701-0500] {dag.py:3089} INFO - Sync 1 DAGs
[2026-07-08T23:57:01.720-0500] {logging_mixin.py:188} INFO - [2026-07-08T23:57:01.720-0500] {dag.py:3947} INFO - Setting next_dagrun for aerotrack_travel_estado_real_vuelo to 2026-07-09 00:00:00+00:00, run_after=2026-07-10 00:00:00+00:00
[2026-07-08T23:57:01.735-0500] {processor.py:183} INFO - Processing /opt/airflow/dags/dag_estado_real_vuelo.py took 0.118 seconds
[2026-07-08T23:57:32.600-0500] {processor.py:161} INFO - Started process (PID=4749) to work on /opt/airflow/dags/dag_estado_real_vuelo.py
[2026-07-08T23:57:32.601-0500] {processor.py:830} INFO - Processing file /opt/airflow/dags/dag_estado_real_vuelo.py for tasks to queue
[2026-07-08T23:57:32.603-0500] {logging_mixin.py:188} INFO - [2026-07-08T23:57:32.603-0500] {dagbag.py:545} INFO - Filling up the DagBag from /opt/airflow/dags/dag_estado_real_vuelo.py
[2026-07-08T23:57:32.639-0500] {processor.py:840} INFO - DAG(s) 'aerotrack_travel_estado_real_vuelo' retrieved from /opt/airflow/dags/dag_estado_real_vuelo.py
[2026-07-08T23:57:32.671-0500] {logging_mixin.py:188} INFO - [2026-07-08T23:57:32.671-0500] {dag.py:3089} INFO - Sync 1 DAGs
[2026-07-08T23:57:32.689-0500] {logging_mixin.py:188} INFO - [2026-07-08T23:57:32.689-0500] {dag.py:3947} INFO - Setting next_dagrun for aerotrack_travel_estado_real_vuelo to 2026-07-09 00:00:00+00:00, run_after=2026-07-10 00:00:00+00:00
[2026-07-08T23:57:32.702-0500] {processor.py:183} INFO - Processing /opt/airflow/dags/dag_estado_real_vuelo.py took 0.108 seconds
[2026-07-08T23:58:02.757-0500] {processor.py:161} INFO - Started process (PID=4776) to work on /opt/airflow/dags/dag_estado_real_vuelo.py
[2026-07-08T23:58:02.758-0500] {processor.py:830} INFO - Processing file /opt/airflow/dags/dag_estado_real_vuelo.py for tasks to queue
[2026-07-08T23:58:02.760-0500] {logging_mixin.py:188} INFO - [2026-07-08T23:58:02.760-0500] {dagbag.py:545} INFO - Filling up the DagBag from /opt/airflow/dags/dag_estado_real_vuelo.py
[2026-07-08T23:58:02.808-0500] {processor.py:840} INFO - DAG(s) 'aerotrack_travel_estado_real_vuelo' retrieved from /opt/airflow/dags/dag_estado_real_vuelo.py
[2026-07-08T23:58:02.845-0500] {logging_mixin.py:188} INFO - [2026-07-08T23:58:02.845-0500] {dag.py:3089} INFO - Sync 1 DAGs
[2026-07-08T23:58:02.869-0500] {logging_mixin.py:188} INFO - [2026-07-08T23:58:02.869-0500] {dag.py:3947} INFO - Setting next_dagrun for aerotrack_travel_estado_real_vuelo to 2026-07-09 00:00:00+00:00, run_after=2026-07-10 00:00:00+00:00
[2026-07-08T23:58:02.889-0500] {processor.py:183} INFO - Processing /opt/airflow/dags/dag_estado_real_vuelo.py took 0.137 seconds
[2026-07-08T23:58:33.669-0500] {processor.py:161} INFO - Started process (PID=4798) to work on /opt/airflow/dags/dag_estado_real_vuelo.py
[2026-07-08T23:58:33.670-0500] {processor.py:830} INFO - Processing file /opt/airflow/dags/dag_estado_real_vuelo.py for tasks to queue
[2026-07-08T23:58:33.673-0500] {logging_mixin.py:188} INFO - [2026-07-08T23:58:33.672-0500] {dagbag.py:545} INFO - Filling up the DagBag from /opt/airflow/dags/dag_estado_real_vuelo.py
[2026-07-08T23:58:33.722-0500] {processor.py:840} INFO - DAG(s) 'aerotrack_travel_estado_real_vuelo' retrieved from /opt/airflow/dags/dag_estado_real_vuelo.py
[2026-07-08T23:58:33.755-0500] {logging_mixin.py:188} INFO - [2026-07-08T23:58:33.755-0500] {dag.py:3089} INFO - Sync 1 DAGs
[2026-07-08T23:58:33.773-0500] {logging_mixin.py:188} INFO - [2026-07-08T23:58:33.773-0500] {dag.py:3947} INFO - Setting next_dagrun for aerotrack_travel_estado_real_vuelo to 2026-07-09 00:00:00+00:00, run_after=2026-07-10 00:00:00+00:00
[2026-07-08T23:58:33.788-0500] {processor.py:183} INFO - Processing /opt/airflow/dags/dag_estado_real_vuelo.py took 0.124 seconds
[2026-07-08T23:59:04.731-0500] {processor.py:161} INFO - Started process (PID=4825) to work on /opt/airflow/dags/dag_estado_real_vuelo.py
[2026-07-08T23:59:04.733-0500] {processor.py:830} INFO - Processing file /opt/airflow/dags/dag_estado_real_vuelo.py for tasks to queue
[2026-07-08T23:59:04.735-0500] {logging_mixin.py:188} INFO - [2026-07-08T23:59:04.734-0500] {dagbag.py:545} INFO - Filling up the DagBag from /opt/airflow/dags/dag_estado_real_vuelo.py
[2026-07-08T23:59:04.782-0500] {processor.py:840} INFO - DAG(s) 'aerotrack_travel_estado_real_vuelo' retrieved from /opt/airflow/dags/dag_estado_real_vuelo.py
[2026-07-08T23:59:04.814-0500] {logging_mixin.py:188} INFO - [2026-07-08T23:59:04.814-0500] {dag.py:3089} INFO - Sync 1 DAGs
[2026-07-08T23:59:04.834-0500] {logging_mixin.py:188} INFO - [2026-07-08T23:59:04.834-0500] {dag.py:3947} INFO - Setting next_dagrun for aerotrack_travel_estado_real_vuelo to 2026-07-09 00:00:00+00:00, run_after=2026-07-10 00:00:00+00:00
[2026-07-08T23:59:04.852-0500] {processor.py:183} INFO - Processing /opt/airflow/dags/dag_estado_real_vuelo.py took 0.125 seconds
[2026-07-08T23:59:35.348-0500] {processor.py:161} INFO - Started process (PID=4852) to work on /opt/airflow/dags/dag_estado_real_vuelo.py
[2026-07-08T23:59:35.349-0500] {processor.py:830} INFO - Processing file /opt/airflow/dags/dag_estado_real_vuelo.py for tasks to queue
[2026-07-08T23:59:35.352-0500] {logging_mixin.py:188} INFO - [2026-07-08T23:59:35.351-0500] {dagbag.py:545} INFO - Filling up the DagBag from /opt/airflow/dags/dag_estado_real_vuelo.py
[2026-07-08T23:59:35.399-0500] {processor.py:840} INFO - DAG(s) 'aerotrack_travel_estado_real_vuelo' retrieved from /opt/airflow/dags/dag_estado_real_vuelo.py
[2026-07-08T23:59:35.434-0500] {logging_mixin.py:188} INFO - [2026-07-08T23:59:35.434-0500] {dag.py:3089} INFO - Sync 1 DAGs
[2026-07-08T23:59:35.454-0500] {logging_mixin.py:188} INFO - [2026-07-08T23:59:35.454-0500] {dag.py:3947} INFO - Setting next_dagrun for aerotrack_travel_estado_real_vuelo to 2026-07-09 00:00:00+00:00, run_after=2026-07-10 00:00:00+00:00
[2026-07-08T23:59:35.472-0500] {processor.py:183} INFO - Processing /opt/airflow/dags/dag_estado_real_vuelo.py took 0.129 seconds
[2026-07-09T00:00:05.516-0500] {processor.py:161} INFO - Started process (PID=4879) to work on /opt/airflow/dags/dag_estado_real_vuelo.py
[2026-07-09T00:00:05.518-0500] {processor.py:830} INFO - Processing file /opt/airflow/dags/dag_estado_real_vuelo.py for tasks to queue
[2026-07-09T00:00:05.520-0500] {logging_mixin.py:188} INFO - [2026-07-09T00:00:05.520-0500] {dagbag.py:545} INFO - Filling up the DagBag from /opt/airflow/dags/dag_estado_real_vuelo.py
[2026-07-09T00:00:05.564-0500] {processor.py:840} INFO - DAG(s) 'aerotrack_travel_estado_real_vuelo' retrieved from /opt/airflow/dags/dag_estado_real_vuelo.py
[2026-07-09T00:00:05.606-0500] {logging_mixin.py:188} INFO - [2026-07-09T00:00:05.605-0500] {dag.py:3089} INFO - Sync 1 DAGs
[2026-07-09T00:00:05.627-0500] {logging_mixin.py:188} INFO - [2026-07-09T00:00:05.627-0500] {dag.py:3947} INFO - Setting next_dagrun for aerotrack_travel_estado_real_vuelo to 2026-07-09 00:00:00+00:00, run_after=2026-07-10 00:00:00+00:00
[2026-07-09T00:00:05.646-0500] {processor.py:183} INFO - Processing /opt/airflow/dags/dag_estado_real_vuelo.py took 0.135 seconds
[2026-07-09T00:00:35.712-0500] {processor.py:161} INFO - Started process (PID=4906) to work on /opt/airflow/dags/dag_estado_real_vuelo.py
[2026-07-09T00:00:35.713-0500] {processor.py:830} INFO - Processing file /opt/airflow/dags/dag_estado_real_vuelo.py for tasks to queue
[2026-07-09T00:00:35.715-0500] {logging_mixin.py:188} INFO - [2026-07-09T00:00:35.714-0500] {dagbag.py:545} INFO - Filling up the DagBag from /opt/airflow/dags/dag_estado_real_vuelo.py
[2026-07-09T00:00:35.759-0500] {processor.py:840} INFO - DAG(s) 'aerotrack_travel_estado_real_vuelo' retrieved from /opt/airflow/dags/dag_estado_real_vuelo.py
[2026-07-09T00:00:35.791-0500] {logging_mixin.py:188} INFO - [2026-07-09T00:00:35.790-0500] {dag.py:3089} INFO - Sync 1 DAGs
[2026-07-09T00:00:35.810-0500] {logging_mixin.py:188} INFO - [2026-07-09T00:00:35.810-0500] {dag.py:3947} INFO - Setting next_dagrun for aerotrack_travel_estado_real_vuelo to 2026-07-09 00:00:00+00:00, run_after=2026-07-10 00:00:00+00:00
[2026-07-09T00:00:35.826-0500] {processor.py:183} INFO - Processing /opt/airflow/dags/dag_estado_real_vuelo.py took 0.119 seconds
[2026-07-09T00:01:06.663-0500] {processor.py:161} INFO - Started process (PID=4933) to work on /opt/airflow/dags/dag_estado_real_vuelo.py
[2026-07-09T00:01:06.664-0500] {processor.py:830} INFO - Processing file /opt/airflow/dags/dag_estado_real_vuelo.py for tasks to queue
[2026-07-09T00:01:06.666-0500] {logging_mixin.py:188} INFO - [2026-07-09T00:01:06.665-0500] {dagbag.py:545} INFO - Filling up the DagBag from /opt/airflow/dags/dag_estado_real_vuelo.py
[2026-07-09T00:01:06.703-0500] {processor.py:840} INFO - DAG(s) 'aerotrack_travel_estado_real_vuelo' retrieved from /opt/airflow/dags/dag_estado_real_vuelo.py
[2026-07-09T00:01:06.734-0500] {logging_mixin.py:188} INFO - [2026-07-09T00:01:06.734-0500] {dag.py:3089} INFO - Sync 1 DAGs
[2026-07-09T00:01:06.754-0500] {logging_mixin.py:188} INFO - [2026-07-09T00:01:06.754-0500] {dag.py:3947} INFO - Setting next_dagrun for aerotrack_travel_estado_real_vuelo to 2026-07-09 00:00:00+00:00, run_after=2026-07-10 00:00:00+00:00
[2026-07-09T00:01:06.783-0500] {processor.py:183} INFO - Processing /opt/airflow/dags/dag_estado_real_vuelo.py took 0.125 seconds
[2026-07-09T00:01:36.876-0500] {processor.py:161} INFO - Started process (PID=4960) to work on /opt/airflow/dags/dag_estado_real_vuelo.py
[2026-07-09T00:01:36.877-0500] {processor.py:830} INFO - Processing file /opt/airflow/dags/dag_estado_real_vuelo.py for tasks to queue
[2026-07-09T00:01:36.879-0500] {logging_mixin.py:188} INFO - [2026-07-09T00:01:36.879-0500] {dagbag.py:545} INFO - Filling up the DagBag from /opt/airflow/dags/dag_estado_real_vuelo.py
[2026-07-09T00:01:36.909-0500] {processor.py:840} INFO - DAG(s) 'aerotrack_travel_estado_real_vuelo' retrieved from /opt/airflow/dags/dag_estado_real_vuelo.py
[2026-07-09T00:01:36.941-0500] {logging_mixin.py:188} INFO - [2026-07-09T00:01:36.941-0500] {dag.py:3089} INFO - Sync 1 DAGs
[2026-07-09T00:01:36.958-0500] {logging_mixin.py:188} INFO - [2026-07-09T00:01:36.958-0500] {dag.py:3947} INFO - Setting next_dagrun for aerotrack_travel_estado_real_vuelo to 2026-07-09 00:00:00+00:00, run_after=2026-07-10 00:00:00+00:00
[2026-07-09T00:01:36.973-0500] {processor.py:183} INFO - Processing /opt/airflow/dags/dag_estado_real_vuelo.py took 0.101 seconds
[2026-07-09T00:02:07.796-0500] {processor.py:161} INFO - Started process (PID=4987) to work on /opt/airflow/dags/dag_estado_real_vuelo.py
[2026-07-09T00:02:07.797-0500] {processor.py:830} INFO - Processing file /opt/airflow/dags/dag_estado_real_vuelo.py for tasks to queue
[2026-07-09T00:02:07.799-0500] {logging_mixin.py:188} INFO - [2026-07-09T00:02:07.798-0500] {dagbag.py:545} INFO - Filling up the DagBag from /opt/airflow/dags/dag_estado_real_vuelo.py
[2026-07-09T00:02:07.828-0500] {processor.py:840} INFO - DAG(s) 'aerotrack_travel_estado_real_vuelo' retrieved from /opt/airflow/dags/dag_estado_real_vuelo.py
[2026-07-09T00:02:07.856-0500] {logging_mixin.py:188} INFO - [2026-07-09T00:02:07.856-0500] {dag.py:3089} INFO - Sync 1 DAGs
[2026-07-09T00:02:07.873-0500] {logging_mixin.py:188} INFO - [2026-07-09T00:02:07.872-0500] {dag.py:3947} INFO - Setting next_dagrun for aerotrack_travel_estado_real_vuelo to 2026-07-09 00:00:00+00:00, run_after=2026-07-10 00:00:00+00:00
[2026-07-09T00:02:07.885-0500] {processor.py:183} INFO - Processing /opt/airflow/dags/dag_estado_real_vuelo.py took 0.093 seconds
[2026-07-09T00:02:38.039-0500] {processor.py:161} INFO - Started process (PID=5014) to work on /opt/airflow/dags/dag_estado_real_vuelo.py
[2026-07-09T00:02:38.040-0500] {processor.py:830} INFO - Processing file /opt/airflow/dags/dag_estado_real_vuelo.py for tasks to queue
[2026-07-09T00:02:38.042-0500] {logging_mixin.py:188} INFO - [2026-07-09T00:02:38.042-0500] {dagbag.py:545} INFO - Filling up the DagBag from /opt/airflow/dags/dag_estado_real_vuelo.py
[2026-07-09T00:02:38.089-0500] {processor.py:840} INFO - DAG(s) 'aerotrack_travel_estado_real_vuelo' retrieved from /opt/airflow/dags/dag_estado_real_vuelo.py
[2026-07-09T00:02:38.128-0500] {logging_mixin.py:188} INFO - [2026-07-09T00:02:38.128-0500] {dag.py:3089} INFO - Sync 1 DAGs
[2026-07-09T00:02:38.151-0500] {logging_mixin.py:188} INFO - [2026-07-09T00:02:38.151-0500] {dag.py:3947} INFO - Setting next_dagrun for aerotrack_travel_estado_real_vuelo to 2026-07-09 00:00:00+00:00, run_after=2026-07-10 00:00:00+00:00
[2026-07-09T00:02:38.172-0500] {processor.py:183} INFO - Processing /opt/airflow/dags/dag_estado_real_vuelo.py took 0.138 seconds
[2026-07-09T00:03:08.477-0500] {processor.py:161} INFO - Started process (PID=5024) to work on /opt/airflow/dags/dag_estado_real_vuelo.py
[2026-07-09T00:03:08.478-0500] {processor.py:830} INFO - Processing file /opt/airflow/dags/dag_estado_real_vuelo.py for tasks to queue
[2026-07-09T00:03:08.480-0500] {logging_mixin.py:188} INFO - [2026-07-09T00:03:08.479-0500] {dagbag.py:545} INFO - Filling up the DagBag from /opt/airflow/dags/dag_estado_real_vuelo.py
[2026-07-09T00:03:08.526-0500] {processor.py:840} INFO - DAG(s) 'aerotrack_travel_estado_real_vuelo' retrieved from /opt/airflow/dags/dag_estado_real_vuelo.py
[2026-07-09T00:03:08.563-0500] {logging_mixin.py:188} INFO - [2026-07-09T00:03:08.563-0500] {dag.py:3089} INFO - Sync 1 DAGs
[2026-07-09T00:03:08.583-0500] {logging_mixin.py:188} INFO - [2026-07-09T00:03:08.583-0500] {dag.py:3947} INFO - Setting next_dagrun for aerotrack_travel_estado_real_vuelo to 2026-07-09 00:00:00+00:00, run_after=2026-07-10 00:00:00+00:00
[2026-07-09T00:03:08.601-0500] {processor.py:183} INFO - Processing /opt/airflow/dags/dag_estado_real_vuelo.py took 0.129 seconds
[2026-07-09T00:03:39.178-0500] {processor.py:161} INFO - Started process (PID=5051) to work on /opt/airflow/dags/dag_estado_real_vuelo.py
[2026-07-09T00:03:39.179-0500] {processor.py:830} INFO - Processing file /opt/airflow/dags/dag_estado_real_vuelo.py for tasks to queue
[2026-07-09T00:03:39.183-0500] {logging_mixin.py:188} INFO - [2026-07-09T00:03:39.182-0500] {dagbag.py:545} INFO - Filling up the DagBag from /opt/airflow/dags/dag_estado_real_vuelo.py
[2026-07-09T00:03:39.248-0500] {processor.py:840} INFO - DAG(s) 'aerotrack_travel_estado_real_vuelo' retrieved from /opt/airflow/dags/dag_estado_real_vuelo.py
[2026-07-09T00:03:39.294-0500] {logging_mixin.py:188} INFO - [2026-07-09T00:03:39.294-0500] {dag.py:3089} INFO - Sync 1 DAGs
[2026-07-09T00:03:39.321-0500] {logging_mixin.py:188} INFO - [2026-07-09T00:03:39.321-0500] {dag.py:3947} INFO - Setting next_dagrun for aerotrack_travel_estado_real_vuelo to 2026-07-09 00:00:00+00:00, run_after=2026-07-10 00:00:00+00:00
[2026-07-09T00:03:39.340-0500] {processor.py:183} INFO - Processing /opt/airflow/dags/dag_estado_real_vuelo.py took 0.169 seconds
[2026-07-09T00:04:10.032-0500] {processor.py:161} INFO - Started process (PID=5078) to work on /opt/airflow/dags/dag_estado_real_vuelo.py
[2026-07-09T00:04:10.033-0500] {processor.py:830} INFO - Processing file /opt/airflow/dags/dag_estado_real_vuelo.py for tasks to queue
[2026-07-09T00:04:10.035-0500] {logging_mixin.py:188} INFO - [2026-07-09T00:04:10.035-0500] {dagbag.py:545} INFO - Filling up the DagBag from /opt/airflow/dags/dag_estado_real_vuelo.py
[2026-07-09T00:04:10.060-0500] {processor.py:840} INFO - DAG(s) 'aerotrack_travel_estado_real_vuelo' retrieved from /opt/airflow/dags/dag_estado_real_vuelo.py
[2026-07-09T00:04:10.091-0500] {logging_mixin.py:188} INFO - [2026-07-09T00:04:10.090-0500] {dag.py:3089} INFO - Sync 1 DAGs
[2026-07-09T00:04:10.109-0500] {logging_mixin.py:188} INFO - [2026-07-09T00:04:10.109-0500] {dag.py:3947} INFO - Setting next_dagrun for aerotrack_travel_estado_real_vuelo to 2026-07-09 00:00:00+00:00, run_after=2026-07-10 00:00:00+00:00
[2026-07-09T00:04:10.125-0500] {processor.py:183} INFO - Processing /opt/airflow/dags/dag_estado_real_vuelo.py took 0.097 seconds
[2026-07-09T00:04:40.572-0500] {processor.py:161} INFO - Started process (PID=5105) to work on /opt/airflow/dags/dag_estado_real_vuelo.py
[2026-07-09T00:04:40.573-0500] {processor.py:830} INFO - Processing file /opt/airflow/dags/dag_estado_real_vuelo.py for tasks to queue
[2026-07-09T00:04:40.575-0500] {logging_mixin.py:188} INFO - [2026-07-09T00:04:40.575-0500] {dagbag.py:545} INFO - Filling up the DagBag from /opt/airflow/dags/dag_estado_real_vuelo.py
[2026-07-09T00:04:40.616-0500] {processor.py:840} INFO - DAG(s) 'aerotrack_travel_estado_real_vuelo' retrieved from /opt/airflow/dags/dag_estado_real_vuelo.py
[2026-07-09T00:04:40.652-0500] {logging_mixin.py:188} INFO - [2026-07-09T00:04:40.652-0500] {dag.py:3089} INFO - Sync 1 DAGs
[2026-07-09T00:04:40.672-0500] {logging_mixin.py:188} INFO - [2026-07-09T00:04:40.672-0500] {dag.py:3947} INFO - Setting next_dagrun for aerotrack_travel_estado_real_vuelo to 2026-07-09 00:00:00+00:00, run_after=2026-07-10 00:00:00+00:00
[2026-07-09T00:04:40.718-0500] {processor.py:183} INFO - Processing /opt/airflow/dags/dag_estado_real_vuelo.py took 0.152 seconds
[2026-07-09T00:05:11.213-0500] {processor.py:161} INFO - Started process (PID=5132) to work on /opt/airflow/dags/dag_estado_real_vuelo.py
[2026-07-09T00:05:11.215-0500] {processor.py:830} INFO - Processing file /opt/airflow/dags/dag_estado_real_vuelo.py for tasks to queue
[2026-07-09T00:05:11.217-0500] {logging_mixin.py:188} INFO - [2026-07-09T00:05:11.216-0500] {dagbag.py:545} INFO - Filling up the DagBag from /opt/airflow/dags/dag_estado_real_vuelo.py
[2026-07-09T00:05:11.258-0500] {processor.py:840} INFO - DAG(s) 'aerotrack_travel_estado_real_vuelo' retrieved from /opt/airflow/dags/dag_estado_real_vuelo.py
[2026-07-09T00:05:11.288-0500] {logging_mixin.py:188} INFO - [2026-07-09T00:05:11.288-0500] {dag.py:3089} INFO - Sync 1 DAGs
[2026-07-09T00:05:11.305-0500] {logging_mixin.py:188} INFO - [2026-07-09T00:05:11.304-0500] {dag.py:3947} INFO - Setting next_dagrun for aerotrack_travel_estado_real_vuelo to 2026-07-09 00:00:00+00:00, run_after=2026-07-10 00:00:00+00:00
[2026-07-09T00:05:11.319-0500] {processor.py:183} INFO - Processing /opt/airflow/dags/dag_estado_real_vuelo.py took 0.111 seconds
[2026-07-09T00:05:41.764-0500] {processor.py:161} INFO - Started process (PID=5159) to work on /opt/airflow/dags/dag_estado_real_vuelo.py
[2026-07-09T00:05:41.765-0500] {processor.py:830} INFO - Processing file /opt/airflow/dags/dag_estado_real_vuelo.py for tasks to queue
[2026-07-09T00:05:41.767-0500] {logging_mixin.py:188} INFO - [2026-07-09T00:05:41.767-0500] {dagbag.py:545} INFO - Filling up the DagBag from /opt/airflow/dags/dag_estado_real_vuelo.py
[2026-07-09T00:05:41.807-0500] {processor.py:840} INFO - DAG(s) 'aerotrack_travel_estado_real_vuelo' retrieved from /opt/airflow/dags/dag_estado_real_vuelo.py
[2026-07-09T00:05:41.839-0500] {logging_mixin.py:188} INFO - [2026-07-09T00:05:41.839-0500] {dag.py:3089} INFO - Sync 1 DAGs
[2026-07-09T00:05:41.860-0500] {logging_mixin.py:188} INFO - [2026-07-09T00:05:41.860-0500] {dag.py:3947} INFO - Setting next_dagrun for aerotrack_travel_estado_real_vuelo to 2026-07-09 00:00:00+00:00, run_after=2026-07-10 00:00:00+00:00
[2026-07-09T00:05:41.878-0500] {processor.py:183} INFO - Processing /opt/airflow/dags/dag_estado_real_vuelo.py took 0.119 seconds
[2026-07-09T00:06:12.752-0500] {processor.py:161} INFO - Started process (PID=5186) to work on /opt/airflow/dags/dag_estado_real_vuelo.py
[2026-07-09T00:06:12.753-0500] {processor.py:830} INFO - Processing file /opt/airflow/dags/dag_estado_real_vuelo.py for tasks to queue
[2026-07-09T00:06:12.755-0500] {logging_mixin.py:188} INFO - [2026-07-09T00:06:12.755-0500] {dagbag.py:545} INFO - Filling up the DagBag from /opt/airflow/dags/dag_estado_real_vuelo.py
[2026-07-09T00:06:12.805-0500] {processor.py:840} INFO - DAG(s) 'aerotrack_travel_estado_real_vuelo' retrieved from /opt/airflow/dags/dag_estado_real_vuelo.py
[2026-07-09T00:06:12.842-0500] {logging_mixin.py:188} INFO - [2026-07-09T00:06:12.842-0500] {dag.py:3089} INFO - Sync 1 DAGs
[2026-07-09T00:06:12.868-0500] {logging_mixin.py:188} INFO - [2026-07-09T00:06:12.867-0500] {dag.py:3947} INFO - Setting next_dagrun for aerotrack_travel_estado_real_vuelo to 2026-07-09 00:00:00+00:00, run_after=2026-07-10 00:00:00+00:00
[2026-07-09T00:06:12.891-0500] {processor.py:183} INFO - Processing /opt/airflow/dags/dag_estado_real_vuelo.py took 0.144 seconds
[2026-07-09T00:06:43.262-0500] {processor.py:161} INFO - Started process (PID=5213) to work on /opt/airflow/dags/dag_estado_real_vuelo.py
[2026-07-09T00:06:43.262-0500] {processor.py:830} INFO - Processing file /opt/airflow/dags/dag_estado_real_vuelo.py for tasks to queue
[2026-07-09T00:06:43.264-0500] {logging_mixin.py:188} INFO - [2026-07-09T00:06:43.264-0500] {dagbag.py:545} INFO - Filling up the DagBag from /opt/airflow/dags/dag_estado_real_vuelo.py
[2026-07-09T00:06:43.307-0500] {processor.py:840} INFO - DAG(s) 'aerotrack_travel_estado_real_vuelo' retrieved from /opt/airflow/dags/dag_estado_real_vuelo.py
[2026-07-09T00:06:43.336-0500] {logging_mixin.py:188} INFO - [2026-07-09T00:06:43.336-0500] {dag.py:3089} INFO - Sync 1 DAGs
[2026-07-09T00:06:43.354-0500] {logging_mixin.py:188} INFO - [2026-07-09T00:06:43.354-0500] {dag.py:3947} INFO - Setting next_dagrun for aerotrack_travel_estado_real_vuelo to 2026-07-09 00:00:00+00:00, run_after=2026-07-10 00:00:00+00:00
[2026-07-09T00:06:43.370-0500] {processor.py:183} INFO - Processing /opt/airflow/dags/dag_estado_real_vuelo.py took 0.114 seconds
[2026-07-09T00:07:13.684-0500] {processor.py:161} INFO - Started process (PID=5240) to work on /opt/airflow/dags/dag_estado_real_vuelo.py
[2026-07-09T00:07:13.685-0500] {processor.py:830} INFO - Processing file /opt/airflow/dags/dag_estado_real_vuelo.py for tasks to queue
[2026-07-09T00:07:13.686-0500] {logging_mixin.py:188} INFO - [2026-07-09T00:07:13.686-0500] {dagbag.py:545} INFO - Filling up the DagBag from /opt/airflow/dags/dag_estado_real_vuelo.py
[2026-07-09T00:07:13.718-0500] {processor.py:840} INFO - DAG(s) 'aerotrack_travel_estado_real_vuelo' retrieved from /opt/airflow/dags/dag_estado_real_vuelo.py
[2026-07-09T00:07:13.747-0500] {logging_mixin.py:188} INFO - [2026-07-09T00:07:13.747-0500] {dag.py:3089} INFO - Sync 1 DAGs
[2026-07-09T00:07:13.765-0500] {logging_mixin.py:188} INFO - [2026-07-09T00:07:13.765-0500] {dag.py:3947} INFO - Setting next_dagrun for aerotrack_travel_estado_real_vuelo to 2026-07-09 00:00:00+00:00, run_after=2026-07-10 00:00:00+00:00
[2026-07-09T00:07:13.779-0500] {processor.py:183} INFO - Processing /opt/airflow/dags/dag_estado_real_vuelo.py took 0.100 seconds
[2026-07-09T00:07:44.087-0500] {processor.py:161} INFO - Started process (PID=5267) to work on /opt/airflow/dags/dag_estado_real_vuelo.py
[2026-07-09T00:07:44.088-0500] {processor.py:830} INFO - Processing file /opt/airflow/dags/dag_estado_real_vuelo.py for tasks to queue
[2026-07-09T00:07:44.089-0500] {logging_mixin.py:188} INFO - [2026-07-09T00:07:44.089-0500] {dagbag.py:545} INFO - Filling up the DagBag from /opt/airflow/dags/dag_estado_real_vuelo.py
[2026-07-09T00:07:44.117-0500] {processor.py:840} INFO - DAG(s) 'aerotrack_travel_estado_real_vuelo' retrieved from /opt/airflow/dags/dag_estado_real_vuelo.py
[2026-07-09T00:07:44.147-0500] {logging_mixin.py:188} INFO - [2026-07-09T00:07:44.146-0500] {dag.py:3089} INFO - Sync 1 DAGs
[2026-07-09T00:07:44.164-0500] {logging_mixin.py:188} INFO - [2026-07-09T00:07:44.163-0500] {dag.py:3947} INFO - Setting next_dagrun for aerotrack_travel_estado_real_vuelo to 2026-07-09 00:00:00+00:00, run_after=2026-07-10 00:00:00+00:00
[2026-07-09T00:07:44.179-0500] {processor.py:183} INFO - Processing /opt/airflow/dags/dag_estado_real_vuelo.py took 0.097 seconds
[2026-07-09T00:08:14.514-0500] {processor.py:161} INFO - Started process (PID=5294) to work on /opt/airflow/dags/dag_estado_real_vuelo.py
[2026-07-09T00:08:14.515-0500] {processor.py:830} INFO - Processing file /opt/airflow/dags/dag_estado_real_vuelo.py for tasks to queue
[2026-07-09T00:08:14.517-0500] {logging_mixin.py:188} INFO - [2026-07-09T00:08:14.516-0500] {dagbag.py:545} INFO - Filling up the DagBag from /opt/airflow/dags/dag_estado_real_vuelo.py
[2026-07-09T00:08:14.546-0500] {processor.py:840} INFO - DAG(s) 'aerotrack_travel_estado_real_vuelo' retrieved from /opt/airflow/dags/dag_estado_real_vuelo.py
[2026-07-09T00:08:14.576-0500] {logging_mixin.py:188} INFO - [2026-07-09T00:08:14.576-0500] {dag.py:3089} INFO - Sync 1 DAGs
[2026-07-09T00:08:14.594-0500] {logging_mixin.py:188} INFO - [2026-07-09T00:08:14.594-0500] {dag.py:3947} INFO - Setting next_dagrun for aerotrack_travel_estado_real_vuelo to 2026-07-09 00:00:00+00:00, run_after=2026-07-10 00:00:00+00:00
[2026-07-09T00:08:14.609-0500] {processor.py:183} INFO - Processing /opt/airflow/dags/dag_estado_real_vuelo.py took 0.099 seconds
[2026-07-09T00:08:45.482-0500] {processor.py:161} INFO - Started process (PID=5321) to work on /opt/airflow/dags/dag_estado_real_vuelo.py
[2026-07-09T00:08:45.484-0500] {processor.py:830} INFO - Processing file /opt/airflow/dags/dag_estado_real_vuelo.py for tasks to queue
[2026-07-09T00:08:45.486-0500] {logging_mixin.py:188} INFO - [2026-07-09T00:08:45.485-0500] {dagbag.py:545} INFO - Filling up the DagBag from /opt/airflow/dags/dag_estado_real_vuelo.py
[2026-07-09T00:08:45.527-0500] {processor.py:840} INFO - DAG(s) 'aerotrack_travel_estado_real_vuelo' retrieved from /opt/airflow/dags/dag_estado_real_vuelo.py
[2026-07-09T00:08:45.572-0500] {logging_mixin.py:188} INFO - [2026-07-09T00:08:45.571-0500] {dag.py:3089} INFO - Sync 1 DAGs
[2026-07-09T00:08:45.603-0500] {logging_mixin.py:188} INFO - [2026-07-09T00:08:45.603-0500] {dag.py:3947} INFO - Setting next_dagrun for aerotrack_travel_estado_real_vuelo to 2026-07-09 00:00:00+00:00, run_after=2026-07-10 00:00:00+00:00
[2026-07-09T00:08:45.629-0500] {processor.py:183} INFO - Processing /opt/airflow/dags/dag_estado_real_vuelo.py took 0.152 seconds
[2026-07-09T00:09:16.626-0500] {processor.py:161} INFO - Started process (PID=5348) to work on /opt/airflow/dags/dag_estado_real_vuelo.py
[2026-07-09T00:09:16.626-0500] {processor.py:830} INFO - Processing file /opt/airflow/dags/dag_estado_real_vuelo.py for tasks to queue
[2026-07-09T00:09:16.628-0500] {logging_mixin.py:188} INFO - [2026-07-09T00:09:16.628-0500] {dagbag.py:545} INFO - Filling up the DagBag from /opt/airflow/dags/dag_estado_real_vuelo.py
[2026-07-09T00:09:16.664-0500] {processor.py:840} INFO - DAG(s) 'aerotrack_travel_estado_real_vuelo' retrieved from /opt/airflow/dags/dag_estado_real_vuelo.py
[2026-07-09T00:09:16.699-0500] {logging_mixin.py:188} INFO - [2026-07-09T00:09:16.698-0500] {dag.py:3089} INFO - Sync 1 DAGs
[2026-07-09T00:09:16.717-0500] {logging_mixin.py:188} INFO - [2026-07-09T00:09:16.717-0500] {dag.py:3947} INFO - Setting next_dagrun for aerotrack_travel_estado_real_vuelo to 2026-07-09 00:00:00+00:00, run_after=2026-07-10 00:00:00+00:00
[2026-07-09T00:09:16.736-0500] {processor.py:183} INFO - Processing /opt/airflow/dags/dag_estado_real_vuelo.py took 0.115 seconds
[2026-07-09T00:09:47.086-0500] {processor.py:161} INFO - Started process (PID=5375) to work on /opt/airflow/dags/dag_estado_real_vuelo.py
[2026-07-09T00:09:47.087-0500] {processor.py:830} INFO - Processing file /opt/airflow/dags/dag_estado_real_vuelo.py for tasks to queue
[2026-07-09T00:09:47.088-0500] {logging_mixin.py:188} INFO - [2026-07-09T00:09:47.088-0500] {dagbag.py:545} INFO - Filling up the DagBag from /opt/airflow/dags/dag_estado_real_vuelo.py
[2026-07-09T00:09:47.142-0500] {processor.py:840} INFO - DAG(s) 'aerotrack_travel_estado_real_vuelo' retrieved from /opt/airflow/dags/dag_estado_real_vuelo.py
[2026-07-09T00:09:47.173-0500] {logging_mixin.py:188} INFO - [2026-07-09T00:09:47.173-0500] {dag.py:3089} INFO - Sync 1 DAGs
[2026-07-09T00:09:47.191-0500] {logging_mixin.py:188} INFO - [2026-07-09T00:09:47.190-0500] {dag.py:3947} INFO - Setting next_dagrun for aerotrack_travel_estado_real_vuelo to 2026-07-09 00:00:00+00:00, run_after=2026-07-10 00:00:00+00:00
[2026-07-09T00:09:47.207-0500] {processor.py:183} INFO - Processing /opt/airflow/dags/dag_estado_real_vuelo.py took 0.126 seconds
[2026-07-09T00:10:17.517-0500] {processor.py:161} INFO - Started process (PID=5402) to work on /opt/airflow/dags/dag_estado_real_vuelo.py
[2026-07-09T00:10:17.518-0500] {processor.py:830} INFO - Processing file /opt/airflow/dags/dag_estado_real_vuelo.py for tasks to queue
[2026-07-09T00:10:17.519-0500] {logging_mixin.py:188} INFO - [2026-07-09T00:10:17.519-0500] {dagbag.py:545} INFO - Filling up the DagBag from /opt/airflow/dags/dag_estado_real_vuelo.py
[2026-07-09T00:10:17.557-0500] {processor.py:840} INFO - DAG(s) 'aerotrack_travel_estado_real_vuelo' retrieved from /opt/airflow/dags/dag_estado_real_vuelo.py
[2026-07-09T00:10:17.589-0500] {logging_mixin.py:188} INFO - [2026-07-09T00:10:17.589-0500] {dag.py:3089} INFO - Sync 1 DAGs
[2026-07-09T00:10:17.608-0500] {logging_mixin.py:188} INFO - [2026-07-09T00:10:17.608-0500] {dag.py:3947} INFO - Setting next_dagrun for aerotrack_travel_estado_real_vuelo to 2026-07-09 00:00:00+00:00, run_after=2026-07-10 00:00:00+00:00
[2026-07-09T00:10:17.624-0500] {processor.py:183} INFO - Processing /opt/airflow/dags/dag_estado_real_vuelo.py took 0.112 seconds
[2026-07-09T00:10:47.673-0500] {processor.py:161} INFO - Started process (PID=5429) to work on /opt/airflow/dags/dag_estado_real_vuelo.py
[2026-07-09T00:10:47.674-0500] {processor.py:830} INFO - Processing file /opt/airflow/dags/dag_estado_real_vuelo.py for tasks to queue
[2026-07-09T00:10:47.675-0500] {logging_mixin.py:188} INFO - [2026-07-09T00:10:47.675-0500] {dagbag.py:545} INFO - Filling up the DagBag from /opt/airflow/dags/dag_estado_real_vuelo.py
[2026-07-09T00:10:47.712-0500] {processor.py:840} INFO - DAG(s) 'aerotrack_travel_estado_real_vuelo' retrieved from /opt/airflow/dags/dag_estado_real_vuelo.py
[2026-07-09T00:10:47.755-0500] {logging_mixin.py:188} INFO - [2026-07-09T00:10:47.755-0500] {dag.py:3089} INFO - Sync 1 DAGs
[2026-07-09T00:10:47.778-0500] {logging_mixin.py:188} INFO - [2026-07-09T00:10:47.778-0500] {dag.py:3947} INFO - Setting next_dagrun for aerotrack_travel_estado_real_vuelo to 2026-07-09 00:00:00+00:00, run_after=2026-07-10 00:00:00+00:00
[2026-07-09T00:10:47.795-0500] {processor.py:183} INFO - Processing /opt/airflow/dags/dag_estado_real_vuelo.py took 0.127 seconds
[2026-07-09T00:11:00.555-0500] {processor.py:161} INFO - Started process (PID=5456) to work on /opt/airflow/dags/dag_estado_real_vuelo.py
[2026-07-09T00:11:00.556-0500] {processor.py:830} INFO - Processing file /opt/airflow/dags/dag_estado_real_vuelo.py for tasks to queue
[2026-07-09T00:11:00.558-0500] {logging_mixin.py:188} INFO - [2026-07-09T00:11:00.558-0500] {dagbag.py:545} INFO - Filling up the DagBag from /opt/airflow/dags/dag_estado_real_vuelo.py
[2026-07-09T00:11:00.626-0500] {processor.py:840} INFO - DAG(s) 'aerotrack_travel_estado_real_vuelo' retrieved from /opt/airflow/dags/dag_estado_real_vuelo.py
[2026-07-09T00:11:00.658-0500] {logging_mixin.py:188} INFO - [2026-07-09T00:11:00.658-0500] {dag.py:3089} INFO - Sync 1 DAGs
[2026-07-09T00:11:00.679-0500] {logging_mixin.py:188} INFO - [2026-07-09T00:11:00.679-0500] {dag.py:3947} INFO - Setting next_dagrun for aerotrack_travel_estado_real_vuelo to 2026-07-09 00:00:00+00:00, run_after=2026-07-10 00:00:00+00:00
[2026-07-09T00:11:00.702-0500] {processor.py:183} INFO - Processing /opt/airflow/dags/dag_estado_real_vuelo.py took 0.152 seconds
[2026-07-09T00:11:20.095-0500] {processor.py:161} INFO - Started process (PID=5471) to work on /opt/airflow/dags/dag_estado_real_vuelo.py
[2026-07-09T00:11:20.096-0500] {processor.py:830} INFO - Processing file /opt/airflow/dags/dag_estado_real_vuelo.py for tasks to queue
[2026-07-09T00:11:20.098-0500] {logging_mixin.py:188} INFO - [2026-07-09T00:11:20.098-0500] {dagbag.py:545} INFO - Filling up the DagBag from /opt/airflow/dags/dag_estado_real_vuelo.py
[2026-07-09T00:11:20.150-0500] {processor.py:840} INFO - DAG(s) 'aerotrack_travel_estado_real_vuelo' retrieved from /opt/airflow/dags/dag_estado_real_vuelo.py
[2026-07-09T00:11:20.182-0500] {logging_mixin.py:188} INFO - [2026-07-09T00:11:20.182-0500] {dag.py:3089} INFO - Sync 1 DAGs
[2026-07-09T00:11:20.200-0500] {logging_mixin.py:188} INFO - [2026-07-09T00:11:20.200-0500] {dag.py:3947} INFO - Setting next_dagrun for aerotrack_travel_estado_real_vuelo to 2026-07-09 00:00:00+00:00, run_after=2026-07-10 00:00:00+00:00
[2026-07-09T00:11:20.223-0500] {processor.py:183} INFO - Processing /opt/airflow/dags/dag_estado_real_vuelo.py took 0.132 seconds
[2026-07-09T00:11:50.303-0500] {processor.py:161} INFO - Started process (PID=5522) to work on /opt/airflow/dags/dag_estado_real_vuelo.py
[2026-07-09T00:11:50.304-0500] {processor.py:830} INFO - Processing file /opt/airflow/dags/dag_estado_real_vuelo.py for tasks to queue
[2026-07-09T00:11:50.306-0500] {logging_mixin.py:188} INFO - [2026-07-09T00:11:50.306-0500] {dagbag.py:545} INFO - Filling up the DagBag from /opt/airflow/dags/dag_estado_real_vuelo.py
[2026-07-09T00:11:50.337-0500] {processor.py:840} INFO - DAG(s) 'aerotrack_travel_estado_real_vuelo' retrieved from /opt/airflow/dags/dag_estado_real_vuelo.py
[2026-07-09T00:11:50.366-0500] {logging_mixin.py:188} INFO - [2026-07-09T00:11:50.365-0500] {dag.py:3089} INFO - Sync 1 DAGs
[2026-07-09T00:11:50.383-0500] {logging_mixin.py:188} INFO - [2026-07-09T00:11:50.383-0500] {dag.py:3947} INFO - Setting next_dagrun for aerotrack_travel_estado_real_vuelo to 2026-07-09 00:00:00+00:00, run_after=2026-07-10 00:00:00+00:00
[2026-07-09T00:11:50.400-0500] {processor.py:183} INFO - Processing /opt/airflow/dags/dag_estado_real_vuelo.py took 0.101 seconds
[2026-07-09T00:12:20.728-0500] {processor.py:161} INFO - Started process (PID=5549) to work on /opt/airflow/dags/dag_estado_real_vuelo.py
[2026-07-09T00:12:20.729-0500] {processor.py:830} INFO - Processing file /opt/airflow/dags/dag_estado_real_vuelo.py for tasks to queue
[2026-07-09T00:12:20.730-0500] {logging_mixin.py:188} INFO - [2026-07-09T00:12:20.730-0500] {dagbag.py:545} INFO - Filling up the DagBag from /opt/airflow/dags/dag_estado_real_vuelo.py
[2026-07-09T00:12:20.761-0500] {processor.py:840} INFO - DAG(s) 'aerotrack_travel_estado_real_vuelo' retrieved from /opt/airflow/dags/dag_estado_real_vuelo.py
[2026-07-09T00:12:20.787-0500] {logging_mixin.py:188} INFO - [2026-07-09T00:12:20.787-0500] {dag.py:3089} INFO - Sync 1 DAGs
[2026-07-09T00:12:20.804-0500] {logging_mixin.py:188} INFO - [2026-07-09T00:12:20.804-0500] {dag.py:3947} INFO - Setting next_dagrun for aerotrack_travel_estado_real_vuelo to 2026-07-09 00:00:00+00:00, run_after=2026-07-10 00:00:00+00:00
[2026-07-09T00:12:20.818-0500] {processor.py:183} INFO - Processing /opt/airflow/dags/dag_estado_real_vuelo.py took 0.095 seconds
[2026-07-09T00:12:51.159-0500] {processor.py:161} INFO - Started process (PID=5576) to work on /opt/airflow/dags/dag_estado_real_vuelo.py
[2026-07-09T00:12:51.160-0500] {processor.py:830} INFO - Processing file /opt/airflow/dags/dag_estado_real_vuelo.py for tasks to queue
[2026-07-09T00:12:51.161-0500] {logging_mixin.py:188} INFO - [2026-07-09T00:12:51.161-0500] {dagbag.py:545} INFO - Filling up the DagBag from /opt/airflow/dags/dag_estado_real_vuelo.py
[2026-07-09T00:12:51.195-0500] {processor.py:840} INFO - DAG(s) 'aerotrack_travel_estado_real_vuelo' retrieved from /opt/airflow/dags/dag_estado_real_vuelo.py
[2026-07-09T00:12:51.227-0500] {logging_mixin.py:188} INFO - [2026-07-09T00:12:51.227-0500] {dag.py:3089} INFO - Sync 1 DAGs
[2026-07-09T00:12:51.243-0500] {logging_mixin.py:188} INFO - [2026-07-09T00:12:51.243-0500] {dag.py:3947} INFO - Setting next_dagrun for aerotrack_travel_estado_real_vuelo to 2026-07-09 00:00:00+00:00, run_after=2026-07-10 00:00:00+00:00
[2026-07-09T00:12:51.259-0500] {processor.py:183} INFO - Processing /opt/airflow/dags/dag_estado_real_vuelo.py took 0.105 seconds
[2026-07-09T00:13:21.586-0500] {processor.py:161} INFO - Started process (PID=5603) to work on /opt/airflow/dags/dag_estado_real_vuelo.py
[2026-07-09T00:13:21.587-0500] {processor.py:830} INFO - Processing file /opt/airflow/dags/dag_estado_real_vuelo.py for tasks to queue
[2026-07-09T00:13:21.589-0500] {logging_mixin.py:188} INFO - [2026-07-09T00:13:21.588-0500] {dagbag.py:545} INFO - Filling up the DagBag from /opt/airflow/dags/dag_estado_real_vuelo.py
[2026-07-09T00:13:21.620-0500] {processor.py:840} INFO - DAG(s) 'aerotrack_travel_estado_real_vuelo' retrieved from /opt/airflow/dags/dag_estado_real_vuelo.py
[2026-07-09T00:13:21.652-0500] {logging_mixin.py:188} INFO - [2026-07-09T00:13:21.651-0500] {dag.py:3089} INFO - Sync 1 DAGs
[2026-07-09T00:13:21.669-0500] {logging_mixin.py:188} INFO - [2026-07-09T00:13:21.669-0500] {dag.py:3947} INFO - Setting next_dagrun for aerotrack_travel_estado_real_vuelo to 2026-07-09 00:00:00+00:00, run_after=2026-07-10 00:00:00+00:00
[2026-07-09T00:13:21.682-0500] {processor.py:183} INFO - Processing /opt/airflow/dags/dag_estado_real_vuelo.py took 0.101 seconds
[2026-07-09T00:13:51.785-0500] {processor.py:161} INFO - Started process (PID=5630) to work on /opt/airflow/dags/dag_estado_real_vuelo.py
[2026-07-09T00:13:51.786-0500] {processor.py:830} INFO - Processing file /opt/airflow/dags/dag_estado_real_vuelo.py for tasks to queue
[2026-07-09T00:13:51.787-0500] {logging_mixin.py:188} INFO - [2026-07-09T00:13:51.787-0500] {dagbag.py:545} INFO - Filling up the DagBag from /opt/airflow/dags/dag_estado_real_vuelo.py
[2026-07-09T00:13:51.820-0500] {processor.py:840} INFO - DAG(s) 'aerotrack_travel_estado_real_vuelo' retrieved from /opt/airflow/dags/dag_estado_real_vuelo.py
[2026-07-09T00:13:51.846-0500] {logging_mixin.py:188} INFO - [2026-07-09T00:13:51.846-0500] {dag.py:3089} INFO - Sync 1 DAGs
[2026-07-09T00:13:51.862-0500] {logging_mixin.py:188} INFO - [2026-07-09T00:13:51.862-0500] {dag.py:3947} INFO - Setting next_dagrun for aerotrack_travel_estado_real_vuelo to 2026-07-09 00:00:00+00:00, run_after=2026-07-10 00:00:00+00:00
[2026-07-09T00:13:51.876-0500] {processor.py:183} INFO - Processing /opt/airflow/dags/dag_estado_real_vuelo.py took 0.095 seconds
[2026-07-09T00:14:22.740-0500] {processor.py:161} INFO - Started process (PID=5657) to work on /opt/airflow/dags/dag_estado_real_vuelo.py
[2026-07-09T00:14:22.741-0500] {processor.py:830} INFO - Processing file /opt/airflow/dags/dag_estado_real_vuelo.py for tasks to queue
[2026-07-09T00:14:22.743-0500] {logging_mixin.py:188} INFO - [2026-07-09T00:14:22.742-0500] {dagbag.py:545} INFO - Filling up the DagBag from /opt/airflow/dags/dag_estado_real_vuelo.py
[2026-07-09T00:14:22.772-0500] {processor.py:840} INFO - DAG(s) 'aerotrack_travel_estado_real_vuelo' retrieved from /opt/airflow/dags/dag_estado_real_vuelo.py
[2026-07-09T00:14:22.802-0500] {logging_mixin.py:188} INFO - [2026-07-09T00:14:22.802-0500] {dag.py:3089} INFO - Sync 1 DAGs
[2026-07-09T00:14:22.818-0500] {logging_mixin.py:188} INFO - [2026-07-09T00:14:22.818-0500] {dag.py:3947} INFO - Setting next_dagrun for aerotrack_travel_estado_real_vuelo to 2026-07-09 00:00:00+00:00, run_after=2026-07-10 00:00:00+00:00
[2026-07-09T00:14:22.833-0500] {processor.py:183} INFO - Processing /opt/airflow/dags/dag_estado_real_vuelo.py took 0.097 seconds
[2026-07-09T00:14:53.154-0500] {processor.py:161} INFO - Started process (PID=5684) to work on /opt/airflow/dags/dag_estado_real_vuelo.py
[2026-07-09T00:14:53.155-0500] {processor.py:830} INFO - Processing file /opt/airflow/dags/dag_estado_real_vuelo.py for tasks to queue
[2026-07-09T00:14:53.157-0500] {logging_mixin.py:188} INFO - [2026-07-09T00:14:53.156-0500] {dagbag.py:545} INFO - Filling up the DagBag from /opt/airflow/dags/dag_estado_real_vuelo.py
[2026-07-09T00:14:53.187-0500] {processor.py:840} INFO - DAG(s) 'aerotrack_travel_estado_real_vuelo' retrieved from /opt/airflow/dags/dag_estado_real_vuelo.py
[2026-07-09T00:14:53.217-0500] {logging_mixin.py:188} INFO - [2026-07-09T00:14:53.217-0500] {dag.py:3089} INFO - Sync 1 DAGs
[2026-07-09T00:14:53.235-0500] {logging_mixin.py:188} INFO - [2026-07-09T00:14:53.234-0500] {dag.py:3947} INFO - Setting next_dagrun for aerotrack_travel_estado_real_vuelo to 2026-07-09 00:00:00+00:00, run_after=2026-07-10 00:00:00+00:00
[2026-07-09T00:14:53.250-0500] {processor.py:183} INFO - Processing /opt/airflow/dags/dag_estado_real_vuelo.py took 0.100 seconds
[2026-07-09T00:15:23.559-0500] {processor.py:161} INFO - Started process (PID=5711) to work on /opt/airflow/dags/dag_estado_real_vuelo.py
[2026-07-09T00:15:23.560-0500] {processor.py:830} INFO - Processing file /opt/airflow/dags/dag_estado_real_vuelo.py for tasks to queue
[2026-07-09T00:15:23.561-0500] {logging_mixin.py:188} INFO - [2026-07-09T00:15:23.561-0500] {dagbag.py:545} INFO - Filling up the DagBag from /opt/airflow/dags/dag_estado_real_vuelo.py
[2026-07-09T00:15:23.593-0500] {processor.py:840} INFO - DAG(s) 'aerotrack_travel_estado_real_vuelo' retrieved from /opt/airflow/dags/dag_estado_real_vuelo.py
[2026-07-09T00:15:23.620-0500] {logging_mixin.py:188} INFO - [2026-07-09T00:15:23.619-0500] {dag.py:3089} INFO - Sync 1 DAGs
[2026-07-09T00:15:23.636-0500] {logging_mixin.py:188} INFO - [2026-07-09T00:15:23.636-0500] {dag.py:3947} INFO - Setting next_dagrun for aerotrack_travel_estado_real_vuelo to 2026-07-09 00:00:00+00:00, run_after=2026-07-10 00:00:00+00:00
[2026-07-09T00:15:23.653-0500] {processor.py:183} INFO - Processing /opt/airflow/dags/dag_estado_real_vuelo.py took 0.098 seconds
[2026-07-09T00:15:53.759-0500] {processor.py:161} INFO - Started process (PID=5738) to work on /opt/airflow/dags/dag_estado_real_vuelo.py
[2026-07-09T00:15:53.759-0500] {processor.py:830} INFO - Processing file /opt/airflow/dags/dag_estado_real_vuelo.py for tasks to queue
[2026-07-09T00:15:53.761-0500] {logging_mixin.py:188} INFO - [2026-07-09T00:15:53.761-0500] {dagbag.py:545} INFO - Filling up the DagBag from /opt/airflow/dags/dag_estado_real_vuelo.py
[2026-07-09T00:15:53.793-0500] {processor.py:840} INFO - DAG(s) 'aerotrack_travel_estado_real_vuelo' retrieved from /opt/airflow/dags/dag_estado_real_vuelo.py
[2026-07-09T00:15:53.823-0500] {logging_mixin.py:188} INFO - [2026-07-09T00:15:53.823-0500] {dag.py:3089} INFO - Sync 1 DAGs
[2026-07-09T00:15:53.840-0500] {logging_mixin.py:188} INFO - [2026-07-09T00:15:53.840-0500] {dag.py:3947} INFO - Setting next_dagrun for aerotrack_travel_estado_real_vuelo to 2026-07-09 00:00:00+00:00, run_after=2026-07-10 00:00:00+00:00
[2026-07-09T00:15:53.855-0500] {processor.py:183} INFO - Processing /opt/airflow/dags/dag_estado_real_vuelo.py took 0.101 seconds
[2026-07-09T00:16:24.809-0500] {processor.py:161} INFO - Started process (PID=5765) to work on /opt/airflow/dags/dag_estado_real_vuelo.py
[2026-07-09T00:16:24.810-0500] {processor.py:830} INFO - Processing file /opt/airflow/dags/dag_estado_real_vuelo.py for tasks to queue
[2026-07-09T00:16:24.811-0500] {logging_mixin.py:188} INFO - [2026-07-09T00:16:24.811-0500] {dagbag.py:545} INFO - Filling up the DagBag from /opt/airflow/dags/dag_estado_real_vuelo.py
[2026-07-09T00:16:24.854-0500] {processor.py:840} INFO - DAG(s) 'aerotrack_travel_estado_real_vuelo' retrieved from /opt/airflow/dags/dag_estado_real_vuelo.py
[2026-07-09T00:16:24.882-0500] {logging_mixin.py:188} INFO - [2026-07-09T00:16:24.882-0500] {dag.py:3089} INFO - Sync 1 DAGs
[2026-07-09T00:16:24.899-0500] {logging_mixin.py:188} INFO - [2026-07-09T00:16:24.899-0500] {dag.py:3947} INFO - Setting next_dagrun for aerotrack_travel_estado_real_vuelo to 2026-07-09 00:00:00+00:00, run_after=2026-07-10 00:00:00+00:00
[2026-07-09T00:16:24.918-0500] {processor.py:183} INFO - Processing /opt/airflow/dags/dag_estado_real_vuelo.py took 0.113 seconds
[2026-07-09T00:16:55.253-0500] {processor.py:161} INFO - Started process (PID=5792) to work on /opt/airflow/dags/dag_estado_real_vuelo.py
[2026-07-09T00:16:55.254-0500] {processor.py:830} INFO - Processing file /opt/airflow/dags/dag_estado_real_vuelo.py for tasks to queue
[2026-07-09T00:16:55.255-0500] {logging_mixin.py:188} INFO - [2026-07-09T00:16:55.255-0500] {dagbag.py:545} INFO - Filling up the DagBag from /opt/airflow/dags/dag_estado_real_vuelo.py
[2026-07-09T00:16:55.286-0500] {processor.py:840} INFO - DAG(s) 'aerotrack_travel_estado_real_vuelo' retrieved from /opt/airflow/dags/dag_estado_real_vuelo.py
[2026-07-09T00:16:55.316-0500] {logging_mixin.py:188} INFO - [2026-07-09T00:16:55.316-0500] {dag.py:3089} INFO - Sync 1 DAGs
[2026-07-09T00:16:55.334-0500] {logging_mixin.py:188} INFO - [2026-07-09T00:16:55.334-0500] {dag.py:3947} INFO - Setting next_dagrun for aerotrack_travel_estado_real_vuelo to 2026-07-09 00:00:00+00:00, run_after=2026-07-10 00:00:00+00:00
[2026-07-09T00:16:55.350-0500] {processor.py:183} INFO - Processing /opt/airflow/dags/dag_estado_real_vuelo.py took 0.102 seconds
[2026-07-09T00:17:25.685-0500] {processor.py:161} INFO - Started process (PID=5819) to work on /opt/airflow/dags/dag_estado_real_vuelo.py
[2026-07-09T00:17:25.686-0500] {processor.py:830} INFO - Processing file /opt/airflow/dags/dag_estado_real_vuelo.py for tasks to queue
[2026-07-09T00:17:25.687-0500] {logging_mixin.py:188} INFO - [2026-07-09T00:17:25.687-0500] {dagbag.py:545} INFO - Filling up the DagBag from /opt/airflow/dags/dag_estado_real_vuelo.py
[2026-07-09T00:17:25.719-0500] {processor.py:840} INFO - DAG(s) 'aerotrack_travel_estado_real_vuelo' retrieved from /opt/airflow/dags/dag_estado_real_vuelo.py
[2026-07-09T00:17:25.745-0500] {logging_mixin.py:188} INFO - [2026-07-09T00:17:25.745-0500] {dag.py:3089} INFO - Sync 1 DAGs
[2026-07-09T00:17:25.759-0500] {logging_mixin.py:188} INFO - [2026-07-09T00:17:25.759-0500] {dag.py:3947} INFO - Setting next_dagrun for aerotrack_travel_estado_real_vuelo to 2026-07-09 00:00:00+00:00, run_after=2026-07-10 00:00:00+00:00
[2026-07-09T00:17:25.776-0500] {processor.py:183} INFO - Processing /opt/airflow/dags/dag_estado_real_vuelo.py took 0.096 seconds
[2026-07-09T00:17:55.854-0500] {processor.py:161} INFO - Started process (PID=5846) to work on /opt/airflow/dags/dag_estado_real_vuelo.py
[2026-07-09T00:17:55.856-0500] {processor.py:830} INFO - Processing file /opt/airflow/dags/dag_estado_real_vuelo.py for tasks to queue
[2026-07-09T00:17:55.858-0500] {logging_mixin.py:188} INFO - [2026-07-09T00:17:55.858-0500] {dagbag.py:545} INFO - Filling up the DagBag from /opt/airflow/dags/dag_estado_real_vuelo.py
[2026-07-09T00:17:55.903-0500] {processor.py:840} INFO - DAG(s) 'aerotrack_travel_estado_real_vuelo' retrieved from /opt/airflow/dags/dag_estado_real_vuelo.py
[2026-07-09T00:17:55.934-0500] {logging_mixin.py:188} INFO - [2026-07-09T00:17:55.933-0500] {dag.py:3089} INFO - Sync 1 DAGs
[2026-07-09T00:17:55.951-0500] {logging_mixin.py:188} INFO - [2026-07-09T00:17:55.951-0500] {dag.py:3947} INFO - Setting next_dagrun for aerotrack_travel_estado_real_vuelo to 2026-07-09 00:00:00+00:00, run_after=2026-07-10 00:00:00+00:00
[2026-07-09T00:17:55.973-0500] {processor.py:183} INFO - Processing /opt/airflow/dags/dag_estado_real_vuelo.py took 0.126 seconds
[2026-07-09T00:18:26.350-0500] {processor.py:161} INFO - Started process (PID=5873) to work on /opt/airflow/dags/dag_estado_real_vuelo.py
[2026-07-09T00:18:26.351-0500] {processor.py:830} INFO - Processing file /opt/airflow/dags/dag_estado_real_vuelo.py for tasks to queue
[2026-07-09T00:18:26.353-0500] {logging_mixin.py:188} INFO - [2026-07-09T00:18:26.353-0500] {dagbag.py:545} INFO - Filling up the DagBag from /opt/airflow/dags/dag_estado_real_vuelo.py
[2026-07-09T00:18:26.404-0500] {processor.py:840} INFO - DAG(s) 'aerotrack_travel_estado_real_vuelo' retrieved from /opt/airflow/dags/dag_estado_real_vuelo.py
[2026-07-09T00:18:26.444-0500] {logging_mixin.py:188} INFO - [2026-07-09T00:18:26.444-0500] {dag.py:3089} INFO - Sync 1 DAGs
[2026-07-09T00:18:26.463-0500] {logging_mixin.py:188} INFO - [2026-07-09T00:18:26.462-0500] {dag.py:3947} INFO - Setting next_dagrun for aerotrack_travel_estado_real_vuelo to 2026-07-09 00:00:00+00:00, run_after=2026-07-10 00:00:00+00:00
[2026-07-09T00:18:26.478-0500] {processor.py:183} INFO - Processing /opt/airflow/dags/dag_estado_real_vuelo.py took 0.137 seconds
[2026-07-09T00:18:56.567-0500] {processor.py:161} INFO - Started process (PID=5900) to work on /opt/airflow/dags/dag_estado_real_vuelo.py
[2026-07-09T00:18:56.568-0500] {processor.py:830} INFO - Processing file /opt/airflow/dags/dag_estado_real_vuelo.py for tasks to queue
[2026-07-09T00:18:56.570-0500] {logging_mixin.py:188} INFO - [2026-07-09T00:18:56.570-0500] {dagbag.py:545} INFO - Filling up the DagBag from /opt/airflow/dags/dag_estado_real_vuelo.py
[2026-07-09T00:18:56.603-0500] {processor.py:840} INFO - DAG(s) 'aerotrack_travel_estado_real_vuelo' retrieved from /opt/airflow/dags/dag_estado_real_vuelo.py
[2026-07-09T00:18:56.634-0500] {logging_mixin.py:188} INFO - [2026-07-09T00:18:56.634-0500] {dag.py:3089} INFO - Sync 1 DAGs
[2026-07-09T00:18:56.653-0500] {logging_mixin.py:188} INFO - [2026-07-09T00:18:56.652-0500] {dag.py:3947} INFO - Setting next_dagrun for aerotrack_travel_estado_real_vuelo to 2026-07-09 00:00:00+00:00, run_after=2026-07-10 00:00:00+00:00
[2026-07-09T00:18:56.668-0500] {processor.py:183} INFO - Processing /opt/airflow/dags/dag_estado_real_vuelo.py took 0.106 seconds
[2026-07-09T00:19:27.496-0500] {processor.py:161} INFO - Started process (PID=5927) to work on /opt/airflow/dags/dag_estado_real_vuelo.py
[2026-07-09T00:19:27.497-0500] {processor.py:830} INFO - Processing file /opt/airflow/dags/dag_estado_real_vuelo.py for tasks to queue
[2026-07-09T00:19:27.498-0500] {logging_mixin.py:188} INFO - [2026-07-09T00:19:27.498-0500] {dagbag.py:545} INFO - Filling up the DagBag from /opt/airflow/dags/dag_estado_real_vuelo.py
[2026-07-09T00:19:27.534-0500] {processor.py:840} INFO - DAG(s) 'aerotrack_travel_estado_real_vuelo' retrieved from /opt/airflow/dags/dag_estado_real_vuelo.py
[2026-07-09T00:19:27.562-0500] {logging_mixin.py:188} INFO - [2026-07-09T00:19:27.562-0500] {dag.py:3089} INFO - Sync 1 DAGs
[2026-07-09T00:19:27.577-0500] {logging_mixin.py:188} INFO - [2026-07-09T00:19:27.577-0500] {dag.py:3947} INFO - Setting next_dagrun for aerotrack_travel_estado_real_vuelo to 2026-07-09 00:00:00+00:00, run_after=2026-07-10 00:00:00+00:00
[2026-07-09T00:19:27.591-0500] {processor.py:183} INFO - Processing /opt/airflow/dags/dag_estado_real_vuelo.py took 0.100 seconds
[2026-07-09T00:19:57.691-0500] {processor.py:161} INFO - Started process (PID=5954) to work on /opt/airflow/dags/dag_estado_real_vuelo.py
[2026-07-09T00:19:57.692-0500] {processor.py:830} INFO - Processing file /opt/airflow/dags/dag_estado_real_vuelo.py for tasks to queue
[2026-07-09T00:19:57.694-0500] {logging_mixin.py:188} INFO - [2026-07-09T00:19:57.693-0500] {dagbag.py:545} INFO - Filling up the DagBag from /opt/airflow/dags/dag_estado_real_vuelo.py
[2026-07-09T00:19:57.722-0500] {processor.py:840} INFO - DAG(s) 'aerotrack_travel_estado_real_vuelo' retrieved from /opt/airflow/dags/dag_estado_real_vuelo.py
[2026-07-09T00:19:57.751-0500] {logging_mixin.py:188} INFO - [2026-07-09T00:19:57.750-0500] {dag.py:3089} INFO - Sync 1 DAGs
[2026-07-09T00:19:57.771-0500] {logging_mixin.py:188} INFO - [2026-07-09T00:19:57.771-0500] {dag.py:3947} INFO - Setting next_dagrun for aerotrack_travel_estado_real_vuelo to 2026-07-09 00:00:00+00:00, run_after=2026-07-10 00:00:00+00:00
[2026-07-09T00:19:57.791-0500] {processor.py:183} INFO - Processing /opt/airflow/dags/dag_estado_real_vuelo.py took 0.104 seconds
[2026-07-09T00:20:28.121-0500] {processor.py:161} INFO - Started process (PID=5981) to work on /opt/airflow/dags/dag_estado_real_vuelo.py
[2026-07-09T00:20:28.122-0500] {processor.py:830} INFO - Processing file /opt/airflow/dags/dag_estado_real_vuelo.py for tasks to queue
[2026-07-09T00:20:28.123-0500] {logging_mixin.py:188} INFO - [2026-07-09T00:20:28.123-0500] {dagbag.py:545} INFO - Filling up the DagBag from /opt/airflow/dags/dag_estado_real_vuelo.py
[2026-07-09T00:20:28.155-0500] {processor.py:840} INFO - DAG(s) 'aerotrack_travel_estado_real_vuelo' retrieved from /opt/airflow/dags/dag_estado_real_vuelo.py
[2026-07-09T00:20:28.186-0500] {logging_mixin.py:188} INFO - [2026-07-09T00:20:28.186-0500] {dag.py:3089} INFO - Sync 1 DAGs
[2026-07-09T00:20:28.212-0500] {logging_mixin.py:188} INFO - [2026-07-09T00:20:28.212-0500] {dag.py:3947} INFO - Setting next_dagrun for aerotrack_travel_estado_real_vuelo to 2026-07-09 00:00:00+00:00, run_after=2026-07-10 00:00:00+00:00
[2026-07-09T00:20:28.235-0500] {processor.py:183} INFO - Processing /opt/airflow/dags/dag_estado_real_vuelo.py took 0.120 seconds
[2026-07-09T00:20:58.568-0500] {processor.py:161} INFO - Started process (PID=6008) to work on /opt/airflow/dags/dag_estado_real_vuelo.py
[2026-07-09T00:20:58.569-0500] {processor.py:830} INFO - Processing file /opt/airflow/dags/dag_estado_real_vuelo.py for tasks to queue
[2026-07-09T00:20:58.571-0500] {logging_mixin.py:188} INFO - [2026-07-09T00:20:58.571-0500] {dagbag.py:545} INFO - Filling up the DagBag from /opt/airflow/dags/dag_estado_real_vuelo.py
[2026-07-09T00:20:58.614-0500] {processor.py:840} INFO - DAG(s) 'aerotrack_travel_estado_real_vuelo' retrieved from /opt/airflow/dags/dag_estado_real_vuelo.py
[2026-07-09T00:20:58.644-0500] {logging_mixin.py:188} INFO - [2026-07-09T00:20:58.644-0500] {dag.py:3089} INFO - Sync 1 DAGs
[2026-07-09T00:20:58.662-0500] {logging_mixin.py:188} INFO - [2026-07-09T00:20:58.662-0500] {dag.py:3947} INFO - Setting next_dagrun for aerotrack_travel_estado_real_vuelo to 2026-07-09 00:00:00+00:00, run_after=2026-07-10 00:00:00+00:00
[2026-07-09T00:20:58.680-0500] {processor.py:183} INFO - Processing /opt/airflow/dags/dag_estado_real_vuelo.py took 0.117 seconds
[2026-07-09T00:21:29.593-0500] {processor.py:161} INFO - Started process (PID=6035) to work on /opt/airflow/dags/dag_estado_real_vuelo.py
[2026-07-09T00:21:29.594-0500] {processor.py:830} INFO - Processing file /opt/airflow/dags/dag_estado_real_vuelo.py for tasks to queue
[2026-07-09T00:21:29.596-0500] {logging_mixin.py:188} INFO - [2026-07-09T00:21:29.595-0500] {dagbag.py:545} INFO - Filling up the DagBag from /opt/airflow/dags/dag_estado_real_vuelo.py
[2026-07-09T00:21:29.634-0500] {processor.py:840} INFO - DAG(s) 'aerotrack_travel_estado_real_vuelo' retrieved from /opt/airflow/dags/dag_estado_real_vuelo.py
[2026-07-09T00:21:29.667-0500] {logging_mixin.py:188} INFO - [2026-07-09T00:21:29.666-0500] {dag.py:3089} INFO - Sync 1 DAGs
[2026-07-09T00:21:29.682-0500] {logging_mixin.py:188} INFO - [2026-07-09T00:21:29.682-0500] {dag.py:3947} INFO - Setting next_dagrun for aerotrack_travel_estado_real_vuelo to 2026-07-09 00:00:00+00:00, run_after=2026-07-10 00:00:00+00:00
[2026-07-09T00:21:29.696-0500] {processor.py:183} INFO - Processing /opt/airflow/dags/dag_estado_real_vuelo.py took 0.107 seconds
[2026-07-09T00:22:00.035-0500] {processor.py:161} INFO - Started process (PID=6062) to work on /opt/airflow/dags/dag_estado_real_vuelo.py
[2026-07-09T00:22:00.036-0500] {processor.py:830} INFO - Processing file /opt/airflow/dags/dag_estado_real_vuelo.py for tasks to queue
[2026-07-09T00:22:00.038-0500] {logging_mixin.py:188} INFO - [2026-07-09T00:22:00.038-0500] {dagbag.py:545} INFO - Filling up the DagBag from /opt/airflow/dags/dag_estado_real_vuelo.py
[2026-07-09T00:22:00.067-0500] {processor.py:840} INFO - DAG(s) 'aerotrack_travel_estado_real_vuelo' retrieved from /opt/airflow/dags/dag_estado_real_vuelo.py
[2026-07-09T00:22:00.095-0500] {logging_mixin.py:188} INFO - [2026-07-09T00:22:00.095-0500] {dag.py:3089} INFO - Sync 1 DAGs
[2026-07-09T00:22:00.111-0500] {logging_mixin.py:188} INFO - [2026-07-09T00:22:00.111-0500] {dag.py:3947} INFO - Setting next_dagrun for aerotrack_travel_estado_real_vuelo to 2026-07-09 00:00:00+00:00, run_after=2026-07-10 00:00:00+00:00
[2026-07-09T00:22:00.127-0500] {processor.py:183} INFO - Processing /opt/airflow/dags/dag_estado_real_vuelo.py took 0.096 seconds
[2026-07-09T00:22:30.441-0500] {processor.py:161} INFO - Started process (PID=6089) to work on /opt/airflow/dags/dag_estado_real_vuelo.py
[2026-07-09T00:22:30.442-0500] {processor.py:830} INFO - Processing file /opt/airflow/dags/dag_estado_real_vuelo.py for tasks to queue
[2026-07-09T00:22:30.444-0500] {logging_mixin.py:188} INFO - [2026-07-09T00:22:30.444-0500] {dagbag.py:545} INFO - Filling up the DagBag from /opt/airflow/dags/dag_estado_real_vuelo.py
[2026-07-09T00:22:30.474-0500] {processor.py:840} INFO - DAG(s) 'aerotrack_travel_estado_real_vuelo' retrieved from /opt/airflow/dags/dag_estado_real_vuelo.py
[2026-07-09T00:22:30.505-0500] {logging_mixin.py:188} INFO - [2026-07-09T00:22:30.505-0500] {dag.py:3089} INFO - Sync 1 DAGs
[2026-07-09T00:22:30.522-0500] {logging_mixin.py:188} INFO - [2026-07-09T00:22:30.522-0500] {dag.py:3947} INFO - Setting next_dagrun for aerotrack_travel_estado_real_vuelo to 2026-07-09 00:00:00+00:00, run_after=2026-07-10 00:00:00+00:00
[2026-07-09T00:22:30.539-0500] {processor.py:183} INFO - Processing /opt/airflow/dags/dag_estado_real_vuelo.py took 0.102 seconds
[2026-07-09T00:23:00.864-0500] {processor.py:161} INFO - Started process (PID=6116) to work on /opt/airflow/dags/dag_estado_real_vuelo.py
[2026-07-09T00:23:00.865-0500] {processor.py:830} INFO - Processing file /opt/airflow/dags/dag_estado_real_vuelo.py for tasks to queue
[2026-07-09T00:23:00.866-0500] {logging_mixin.py:188} INFO - [2026-07-09T00:23:00.866-0500] {dagbag.py:545} INFO - Filling up the DagBag from /opt/airflow/dags/dag_estado_real_vuelo.py
[2026-07-09T00:23:00.896-0500] {processor.py:840} INFO - DAG(s) 'aerotrack_travel_estado_real_vuelo' retrieved from /opt/airflow/dags/dag_estado_real_vuelo.py
[2026-07-09T00:23:00.925-0500] {logging_mixin.py:188} INFO - [2026-07-09T00:23:00.925-0500] {dag.py:3089} INFO - Sync 1 DAGs
[2026-07-09T00:23:00.942-0500] {logging_mixin.py:188} INFO - [2026-07-09T00:23:00.942-0500] {dag.py:3947} INFO - Setting next_dagrun for aerotrack_travel_estado_real_vuelo to 2026-07-09 00:00:00+00:00, run_after=2026-07-10 00:00:00+00:00
[2026-07-09T00:23:00.957-0500] {processor.py:183} INFO - Processing /opt/airflow/dags/dag_estado_real_vuelo.py took 0.098 seconds
[2026-07-09T00:23:31.827-0500] {processor.py:161} INFO - Started process (PID=6143) to work on /opt/airflow/dags/dag_estado_real_vuelo.py
[2026-07-09T00:23:31.828-0500] {processor.py:830} INFO - Processing file /opt/airflow/dags/dag_estado_real_vuelo.py for tasks to queue
[2026-07-09T00:23:31.829-0500] {logging_mixin.py:188} INFO - [2026-07-09T00:23:31.829-0500] {dagbag.py:545} INFO - Filling up the DagBag from /opt/airflow/dags/dag_estado_real_vuelo.py
[2026-07-09T00:23:31.860-0500] {processor.py:840} INFO - DAG(s) 'aerotrack_travel_estado_real_vuelo' retrieved from /opt/airflow/dags/dag_estado_real_vuelo.py
[2026-07-09T00:23:31.893-0500] {logging_mixin.py:188} INFO - [2026-07-09T00:23:31.893-0500] {dag.py:3089} INFO - Sync 1 DAGs
[2026-07-09T00:23:31.911-0500] {logging_mixin.py:188} INFO - [2026-07-09T00:23:31.911-0500] {dag.py:3947} INFO - Setting next_dagrun for aerotrack_travel_estado_real_vuelo to 2026-07-09 00:00:00+00:00, run_after=2026-07-10 00:00:00+00:00
[2026-07-09T00:23:31.931-0500] {processor.py:183} INFO - Processing /opt/airflow/dags/dag_estado_real_vuelo.py took 0.109 seconds
[2026-07-09T00:24:02.822-0500] {processor.py:161} INFO - Started process (PID=6170) to work on /opt/airflow/dags/dag_estado_real_vuelo.py
[2026-07-09T00:24:02.822-0500] {processor.py:830} INFO - Processing file /opt/airflow/dags/dag_estado_real_vuelo.py for tasks to queue
[2026-07-09T00:24:02.824-0500] {logging_mixin.py:188} INFO - [2026-07-09T00:24:02.824-0500] {dagbag.py:545} INFO - Filling up the DagBag from /opt/airflow/dags/dag_estado_real_vuelo.py
[2026-07-09T00:24:02.851-0500] {processor.py:840} INFO - DAG(s) 'aerotrack_travel_estado_real_vuelo' retrieved from /opt/airflow/dags/dag_estado_real_vuelo.py
[2026-07-09T00:24:02.880-0500] {logging_mixin.py:188} INFO - [2026-07-09T00:24:02.880-0500] {dag.py:3089} INFO - Sync 1 DAGs
[2026-07-09T00:24:02.895-0500] {logging_mixin.py:188} INFO - [2026-07-09T00:24:02.895-0500] {dag.py:3947} INFO - Setting next_dagrun for aerotrack_travel_estado_real_vuelo to 2026-07-09 00:00:00+00:00, run_after=2026-07-10 00:00:00+00:00
[2026-07-09T00:24:02.913-0500] {processor.py:183} INFO - Processing /opt/airflow/dags/dag_estado_real_vuelo.py took 0.096 seconds
[2026-07-09T00:24:33.787-0500] {processor.py:161} INFO - Started process (PID=6197) to work on /opt/airflow/dags/dag_estado_real_vuelo.py
[2026-07-09T00:24:33.788-0500] {processor.py:830} INFO - Processing file /opt/airflow/dags/dag_estado_real_vuelo.py for tasks to queue
[2026-07-09T00:24:33.790-0500] {logging_mixin.py:188} INFO - [2026-07-09T00:24:33.790-0500] {dagbag.py:545} INFO - Filling up the DagBag from /opt/airflow/dags/dag_estado_real_vuelo.py
[2026-07-09T00:24:33.821-0500] {processor.py:840} INFO - DAG(s) 'aerotrack_travel_estado_real_vuelo' retrieved from /opt/airflow/dags/dag_estado_real_vuelo.py
[2026-07-09T00:24:33.851-0500] {logging_mixin.py:188} INFO - [2026-07-09T00:24:33.850-0500] {dag.py:3089} INFO - Sync 1 DAGs
[2026-07-09T00:24:33.868-0500] {logging_mixin.py:188} INFO - [2026-07-09T00:24:33.868-0500] {dag.py:3947} INFO - Setting next_dagrun for aerotrack_travel_estado_real_vuelo to 2026-07-09 00:00:00+00:00, run_after=2026-07-10 00:00:00+00:00
[2026-07-09T00:24:33.884-0500] {processor.py:183} INFO - Processing /opt/airflow/dags/dag_estado_real_vuelo.py took 0.103 seconds
[2026-07-09T00:25:04.402-0500] {processor.py:161} INFO - Started process (PID=6224) to work on /opt/airflow/dags/dag_estado_real_vuelo.py
[2026-07-09T00:25:04.403-0500] {processor.py:830} INFO - Processing file /opt/airflow/dags/dag_estado_real_vuelo.py for tasks to queue
[2026-07-09T00:25:04.405-0500] {logging_mixin.py:188} INFO - [2026-07-09T00:25:04.405-0500] {dagbag.py:545} INFO - Filling up the DagBag from /opt/airflow/dags/dag_estado_real_vuelo.py
[2026-07-09T00:25:04.442-0500] {processor.py:840} INFO - DAG(s) 'aerotrack_travel_estado_real_vuelo' retrieved from /opt/airflow/dags/dag_estado_real_vuelo.py
[2026-07-09T00:25:04.475-0500] {logging_mixin.py:188} INFO - [2026-07-09T00:25:04.475-0500] {dag.py:3089} INFO - Sync 1 DAGs
[2026-07-09T00:25:04.494-0500] {logging_mixin.py:188} INFO - [2026-07-09T00:25:04.494-0500] {dag.py:3947} INFO - Setting next_dagrun for aerotrack_travel_estado_real_vuelo to 2026-07-09 00:00:00+00:00, run_after=2026-07-10 00:00:00+00:00
[2026-07-09T00:25:04.513-0500] {processor.py:183} INFO - Processing /opt/airflow/dags/dag_estado_real_vuelo.py took 0.115 seconds
[2026-07-09T00:25:35.417-0500] {processor.py:161} INFO - Started process (PID=6251) to work on /opt/airflow/dags/dag_estado_real_vuelo.py
[2026-07-09T00:25:35.419-0500] {processor.py:830} INFO - Processing file /opt/airflow/dags/dag_estado_real_vuelo.py for tasks to queue
[2026-07-09T00:25:35.421-0500] {logging_mixin.py:188} INFO - [2026-07-09T00:25:35.420-0500] {dagbag.py:545} INFO - Filling up the DagBag from /opt/airflow/dags/dag_estado_real_vuelo.py
[2026-07-09T00:25:35.453-0500] {processor.py:840} INFO - DAG(s) 'aerotrack_travel_estado_real_vuelo' retrieved from /opt/airflow/dags/dag_estado_real_vuelo.py
[2026-07-09T00:25:35.482-0500] {logging_mixin.py:188} INFO - [2026-07-09T00:25:35.482-0500] {dag.py:3089} INFO - Sync 1 DAGs
[2026-07-09T00:25:35.500-0500] {logging_mixin.py:188} INFO - [2026-07-09T00:25:35.499-0500] {dag.py:3947} INFO - Setting next_dagrun for aerotrack_travel_estado_real_vuelo to 2026-07-09 00:00:00+00:00, run_after=2026-07-10 00:00:00+00:00
[2026-07-09T00:25:35.518-0500] {processor.py:183} INFO - Processing /opt/airflow/dags/dag_estado_real_vuelo.py took 0.106 seconds
[2026-07-09T00:26:05.647-0500] {processor.py:161} INFO - Started process (PID=6278) to work on /opt/airflow/dags/dag_estado_real_vuelo.py
[2026-07-09T00:26:05.648-0500] {processor.py:830} INFO - Processing file /opt/airflow/dags/dag_estado_real_vuelo.py for tasks to queue
[2026-07-09T00:26:05.649-0500] {logging_mixin.py:188} INFO - [2026-07-09T00:26:05.649-0500] {dagbag.py:545} INFO - Filling up the DagBag from /opt/airflow/dags/dag_estado_real_vuelo.py
[2026-07-09T00:26:05.683-0500] {processor.py:840} INFO - DAG(s) 'aerotrack_travel_estado_real_vuelo' retrieved from /opt/airflow/dags/dag_estado_real_vuelo.py
[2026-07-09T00:26:05.721-0500] {logging_mixin.py:188} INFO - [2026-07-09T00:26:05.720-0500] {dag.py:3089} INFO - Sync 1 DAGs
[2026-07-09T00:26:05.742-0500] {logging_mixin.py:188} INFO - [2026-07-09T00:26:05.742-0500] {dag.py:3947} INFO - Setting next_dagrun for aerotrack_travel_estado_real_vuelo to 2026-07-09 00:00:00+00:00, run_after=2026-07-10 00:00:00+00:00
[2026-07-09T00:26:05.762-0500] {processor.py:183} INFO - Processing /opt/airflow/dags/dag_estado_real_vuelo.py took 0.120 seconds
[2026-07-09T00:26:35.833-0500] {processor.py:161} INFO - Started process (PID=6305) to work on /opt/airflow/dags/dag_estado_real_vuelo.py
[2026-07-09T00:26:35.834-0500] {processor.py:830} INFO - Processing file /opt/airflow/dags/dag_estado_real_vuelo.py for tasks to queue
[2026-07-09T00:26:35.835-0500] {logging_mixin.py:188} INFO - [2026-07-09T00:26:35.835-0500] {dagbag.py:545} INFO - Filling up the DagBag from /opt/airflow/dags/dag_estado_real_vuelo.py
[2026-07-09T00:26:35.867-0500] {processor.py:840} INFO - DAG(s) 'aerotrack_travel_estado_real_vuelo' retrieved from /opt/airflow/dags/dag_estado_real_vuelo.py
[2026-07-09T00:26:35.899-0500] {logging_mixin.py:188} INFO - [2026-07-09T00:26:35.899-0500] {dag.py:3089} INFO - Sync 1 DAGs
[2026-07-09T00:26:35.916-0500] {logging_mixin.py:188} INFO - [2026-07-09T00:26:35.916-0500] {dag.py:3947} INFO - Setting next_dagrun for aerotrack_travel_estado_real_vuelo to 2026-07-09 00:00:00+00:00, run_after=2026-07-10 00:00:00+00:00
[2026-07-09T00:26:35.933-0500] {processor.py:183} INFO - Processing /opt/airflow/dags/dag_estado_real_vuelo.py took 0.106 seconds
[2026-07-09T00:27:06.849-0500] {processor.py:161} INFO - Started process (PID=6332) to work on /opt/airflow/dags/dag_estado_real_vuelo.py
[2026-07-09T00:27:06.850-0500] {processor.py:830} INFO - Processing file /opt/airflow/dags/dag_estado_real_vuelo.py for tasks to queue
[2026-07-09T00:27:06.852-0500] {logging_mixin.py:188} INFO - [2026-07-09T00:27:06.851-0500] {dagbag.py:545} INFO - Filling up the DagBag from /opt/airflow/dags/dag_estado_real_vuelo.py
[2026-07-09T00:27:06.886-0500] {processor.py:840} INFO - DAG(s) 'aerotrack_travel_estado_real_vuelo' retrieved from /opt/airflow/dags/dag_estado_real_vuelo.py
[2026-07-09T00:27:06.918-0500] {logging_mixin.py:188} INFO - [2026-07-09T00:27:06.917-0500] {dag.py:3089} INFO - Sync 1 DAGs
[2026-07-09T00:27:06.936-0500] {logging_mixin.py:188} INFO - [2026-07-09T00:27:06.936-0500] {dag.py:3947} INFO - Setting next_dagrun for aerotrack_travel_estado_real_vuelo to 2026-07-09 00:00:00+00:00, run_after=2026-07-10 00:00:00+00:00
[2026-07-09T00:27:06.953-0500] {processor.py:183} INFO - Processing /opt/airflow/dags/dag_estado_real_vuelo.py took 0.109 seconds
[2026-07-09T00:27:37.910-0500] {processor.py:161} INFO - Started process (PID=6359) to work on /opt/airflow/dags/dag_estado_real_vuelo.py
[2026-07-09T00:27:37.911-0500] {processor.py:830} INFO - Processing file /opt/airflow/dags/dag_estado_real_vuelo.py for tasks to queue
[2026-07-09T00:27:37.912-0500] {logging_mixin.py:188} INFO - [2026-07-09T00:27:37.912-0500] {dagbag.py:545} INFO - Filling up the DagBag from /opt/airflow/dags/dag_estado_real_vuelo.py
[2026-07-09T00:27:37.944-0500] {processor.py:840} INFO - DAG(s) 'aerotrack_travel_estado_real_vuelo' retrieved from /opt/airflow/dags/dag_estado_real_vuelo.py
[2026-07-09T00:27:37.973-0500] {logging_mixin.py:188} INFO - [2026-07-09T00:27:37.973-0500] {dag.py:3089} INFO - Sync 1 DAGs
[2026-07-09T00:27:37.988-0500] {logging_mixin.py:188} INFO - [2026-07-09T00:27:37.988-0500] {dag.py:3947} INFO - Setting next_dagrun for aerotrack_travel_estado_real_vuelo to 2026-07-09 00:00:00+00:00, run_after=2026-07-10 00:00:00+00:00
[2026-07-09T00:27:38.003-0500] {processor.py:183} INFO - Processing /opt/airflow/dags/dag_estado_real_vuelo.py took 0.098 seconds
[2026-07-09T00:28:08.922-0500] {processor.py:161} INFO - Started process (PID=6386) to work on /opt/airflow/dags/dag_estado_real_vuelo.py
[2026-07-09T00:28:08.923-0500] {processor.py:830} INFO - Processing file /opt/airflow/dags/dag_estado_real_vuelo.py for tasks to queue
[2026-07-09T00:28:08.926-0500] {logging_mixin.py:188} INFO - [2026-07-09T00:28:08.925-0500] {dagbag.py:545} INFO - Filling up the DagBag from /opt/airflow/dags/dag_estado_real_vuelo.py
[2026-07-09T00:28:08.973-0500] {processor.py:840} INFO - DAG(s) 'aerotrack_travel_estado_real_vuelo' retrieved from /opt/airflow/dags/dag_estado_real_vuelo.py
[2026-07-09T00:28:09.003-0500] {logging_mixin.py:188} INFO - [2026-07-09T00:28:09.003-0500] {dag.py:3089} INFO - Sync 1 DAGs
[2026-07-09T00:28:09.021-0500] {logging_mixin.py:188} INFO - [2026-07-09T00:28:09.021-0500] {dag.py:3947} INFO - Setting next_dagrun for aerotrack_travel_estado_real_vuelo to 2026-07-09 00:00:00+00:00, run_after=2026-07-10 00:00:00+00:00
[2026-07-09T00:28:09.038-0500] {processor.py:183} INFO - Processing /opt/airflow/dags/dag_estado_real_vuelo.py took 0.124 seconds
[2026-07-09T00:28:39.998-0500] {processor.py:161} INFO - Started process (PID=6413) to work on /opt/airflow/dags/dag_estado_real_vuelo.py
[2026-07-09T00:28:39.999-0500] {processor.py:830} INFO - Processing file /opt/airflow/dags/dag_estado_real_vuelo.py for tasks to queue
[2026-07-09T00:28:40.001-0500] {logging_mixin.py:188} INFO - [2026-07-09T00:28:40.000-0500] {dagbag.py:545} INFO - Filling up the DagBag from /opt/airflow/dags/dag_estado_real_vuelo.py
[2026-07-09T00:28:40.030-0500] {processor.py:840} INFO - DAG(s) 'aerotrack_travel_estado_real_vuelo' retrieved from /opt/airflow/dags/dag_estado_real_vuelo.py
[2026-07-09T00:28:40.057-0500] {logging_mixin.py:188} INFO - [2026-07-09T00:28:40.057-0500] {dag.py:3089} INFO - Sync 1 DAGs
[2026-07-09T00:28:40.076-0500] {logging_mixin.py:188} INFO - [2026-07-09T00:28:40.076-0500] {dag.py:3947} INFO - Setting next_dagrun for aerotrack_travel_estado_real_vuelo to 2026-07-09 00:00:00+00:00, run_after=2026-07-10 00:00:00+00:00
[2026-07-09T00:28:40.090-0500] {processor.py:183} INFO - Processing /opt/airflow/dags/dag_estado_real_vuelo.py took 0.096 seconds
[2026-07-09T00:29:10.987-0500] {processor.py:161} INFO - Started process (PID=6440) to work on /opt/airflow/dags/dag_estado_real_vuelo.py
[2026-07-09T00:29:10.988-0500] {processor.py:830} INFO - Processing file /opt/airflow/dags/dag_estado_real_vuelo.py for tasks to queue
[2026-07-09T00:29:10.989-0500] {logging_mixin.py:188} INFO - [2026-07-09T00:29:10.989-0500] {dagbag.py:545} INFO - Filling up the DagBag from /opt/airflow/dags/dag_estado_real_vuelo.py
[2026-07-09T00:29:11.021-0500] {processor.py:840} INFO - DAG(s) 'aerotrack_travel_estado_real_vuelo' retrieved from /opt/airflow/dags/dag_estado_real_vuelo.py
[2026-07-09T00:29:11.048-0500] {logging_mixin.py:188} INFO - [2026-07-09T00:29:11.048-0500] {dag.py:3089} INFO - Sync 1 DAGs
[2026-07-09T00:29:11.064-0500] {logging_mixin.py:188} INFO - [2026-07-09T00:29:11.064-0500] {dag.py:3947} INFO - Setting next_dagrun for aerotrack_travel_estado_real_vuelo to 2026-07-09 00:00:00+00:00, run_after=2026-07-10 00:00:00+00:00
[2026-07-09T00:29:11.077-0500] {processor.py:183} INFO - Processing /opt/airflow/dags/dag_estado_real_vuelo.py took 0.095 seconds
[2026-07-09T00:29:41.938-0500] {processor.py:161} INFO - Started process (PID=6467) to work on /opt/airflow/dags/dag_estado_real_vuelo.py
[2026-07-09T00:29:41.941-0500] {processor.py:830} INFO - Processing file /opt/airflow/dags/dag_estado_real_vuelo.py for tasks to queue
[2026-07-09T00:29:41.945-0500] {logging_mixin.py:188} INFO - [2026-07-09T00:29:41.944-0500] {dagbag.py:545} INFO - Filling up the DagBag from /opt/airflow/dags/dag_estado_real_vuelo.py
[2026-07-09T00:29:42.006-0500] {processor.py:840} INFO - DAG(s) 'aerotrack_travel_estado_real_vuelo' retrieved from /opt/airflow/dags/dag_estado_real_vuelo.py
[2026-07-09T00:29:42.037-0500] {logging_mixin.py:188} INFO - [2026-07-09T00:29:42.036-0500] {dag.py:3089} INFO - Sync 1 DAGs
[2026-07-09T00:29:42.055-0500] {logging_mixin.py:188} INFO - [2026-07-09T00:29:42.055-0500] {dag.py:3947} INFO - Setting next_dagrun for aerotrack_travel_estado_real_vuelo to 2026-07-09 00:00:00+00:00, run_after=2026-07-10 00:00:00+00:00
[2026-07-09T00:29:42.075-0500] {processor.py:183} INFO - Processing /opt/airflow/dags/dag_estado_real_vuelo.py took 0.148 seconds
[2026-07-09T00:30:12.938-0500] {processor.py:161} INFO - Started process (PID=6494) to work on /opt/airflow/dags/dag_estado_real_vuelo.py
[2026-07-09T00:30:12.939-0500] {processor.py:830} INFO - Processing file /opt/airflow/dags/dag_estado_real_vuelo.py for tasks to queue
[2026-07-09T00:30:12.940-0500] {logging_mixin.py:188} INFO - [2026-07-09T00:30:12.940-0500] {dagbag.py:545} INFO - Filling up the DagBag from /opt/airflow/dags/dag_estado_real_vuelo.py
[2026-07-09T00:30:12.985-0500] {processor.py:840} INFO - DAG(s) 'aerotrack_travel_estado_real_vuelo' retrieved from /opt/airflow/dags/dag_estado_real_vuelo.py
[2026-07-09T00:30:13.018-0500] {logging_mixin.py:188} INFO - [2026-07-09T00:30:13.018-0500] {dag.py:3089} INFO - Sync 1 DAGs
[2026-07-09T00:30:13.036-0500] {logging_mixin.py:188} INFO - [2026-07-09T00:30:13.036-0500] {dag.py:3947} INFO - Setting next_dagrun for aerotrack_travel_estado_real_vuelo to 2026-07-09 00:00:00+00:00, run_after=2026-07-10 00:00:00+00:00
[2026-07-09T00:30:13.052-0500] {processor.py:183} INFO - Processing /opt/airflow/dags/dag_estado_real_vuelo.py took 0.119 seconds
[2026-07-09T00:30:43.954-0500] {processor.py:161} INFO - Started process (PID=6521) to work on /opt/airflow/dags/dag_estado_real_vuelo.py
[2026-07-09T00:30:43.955-0500] {processor.py:830} INFO - Processing file /opt/airflow/dags/dag_estado_real_vuelo.py for tasks to queue
[2026-07-09T00:30:43.956-0500] {logging_mixin.py:188} INFO - [2026-07-09T00:30:43.956-0500] {dagbag.py:545} INFO - Filling up the DagBag from /opt/airflow/dags/dag_estado_real_vuelo.py
[2026-07-09T00:30:43.998-0500] {processor.py:840} INFO - DAG(s) 'aerotrack_travel_estado_real_vuelo' retrieved from /opt/airflow/dags/dag_estado_real_vuelo.py
[2026-07-09T00:30:44.026-0500] {logging_mixin.py:188} INFO - [2026-07-09T00:30:44.026-0500] {dag.py:3089} INFO - Sync 1 DAGs
[2026-07-09T00:30:44.044-0500] {logging_mixin.py:188} INFO - [2026-07-09T00:30:44.044-0500] {dag.py:3947} INFO - Setting next_dagrun for aerotrack_travel_estado_real_vuelo to 2026-07-09 00:00:00+00:00, run_after=2026-07-10 00:00:00+00:00
[2026-07-09T00:30:44.058-0500] {processor.py:183} INFO - Processing /opt/airflow/dags/dag_estado_real_vuelo.py took 0.110 seconds
[2026-07-09T00:31:15.046-0500] {processor.py:161} INFO - Started process (PID=6548) to work on /opt/airflow/dags/dag_estado_real_vuelo.py
[2026-07-09T00:31:15.047-0500] {processor.py:830} INFO - Processing file /opt/airflow/dags/dag_estado_real_vuelo.py for tasks to queue
[2026-07-09T00:31:15.049-0500] {logging_mixin.py:188} INFO - [2026-07-09T00:31:15.049-0500] {dagbag.py:545} INFO - Filling up the DagBag from /opt/airflow/dags/dag_estado_real_vuelo.py
[2026-07-09T00:31:15.082-0500] {processor.py:840} INFO - DAG(s) 'aerotrack_travel_estado_real_vuelo' retrieved from /opt/airflow/dags/dag_estado_real_vuelo.py
[2026-07-09T00:31:15.110-0500] {logging_mixin.py:188} INFO - [2026-07-09T00:31:15.110-0500] {dag.py:3089} INFO - Sync 1 DAGs
[2026-07-09T00:31:15.127-0500] {logging_mixin.py:188} INFO - [2026-07-09T00:31:15.127-0500] {dag.py:3947} INFO - Setting next_dagrun for aerotrack_travel_estado_real_vuelo to 2026-07-09 00:00:00+00:00, run_after=2026-07-10 00:00:00+00:00
[2026-07-09T00:31:15.141-0500] {processor.py:183} INFO - Processing /opt/airflow/dags/dag_estado_real_vuelo.py took 0.100 seconds
[2026-07-09T00:31:46.076-0500] {processor.py:161} INFO - Started process (PID=6575) to work on /opt/airflow/dags/dag_estado_real_vuelo.py
[2026-07-09T00:31:46.077-0500] {processor.py:830} INFO - Processing file /opt/airflow/dags/dag_estado_real_vuelo.py for tasks to queue
[2026-07-09T00:31:46.079-0500] {logging_mixin.py:188} INFO - [2026-07-09T00:31:46.078-0500] {dagbag.py:545} INFO - Filling up the DagBag from /opt/airflow/dags/dag_estado_real_vuelo.py
[2026-07-09T00:31:46.111-0500] {processor.py:840} INFO - DAG(s) 'aerotrack_travel_estado_real_vuelo' retrieved from /opt/airflow/dags/dag_estado_real_vuelo.py
[2026-07-09T00:31:46.137-0500] {logging_mixin.py:188} INFO - [2026-07-09T00:31:46.137-0500] {dag.py:3089} INFO - Sync 1 DAGs
[2026-07-09T00:31:46.154-0500] {logging_mixin.py:188} INFO - [2026-07-09T00:31:46.154-0500] {dag.py:3947} INFO - Setting next_dagrun for aerotrack_travel_estado_real_vuelo to 2026-07-09 00:00:00+00:00, run_after=2026-07-10 00:00:00+00:00
[2026-07-09T00:31:46.168-0500] {processor.py:183} INFO - Processing /opt/airflow/dags/dag_estado_real_vuelo.py took 0.097 seconds
[2026-07-09T00:32:17.119-0500] {processor.py:161} INFO - Started process (PID=6602) to work on /opt/airflow/dags/dag_estado_real_vuelo.py
[2026-07-09T00:32:17.121-0500] {processor.py:830} INFO - Processing file /opt/airflow/dags/dag_estado_real_vuelo.py for tasks to queue
[2026-07-09T00:32:17.122-0500] {logging_mixin.py:188} INFO - [2026-07-09T00:32:17.122-0500] {dagbag.py:545} INFO - Filling up the DagBag from /opt/airflow/dags/dag_estado_real_vuelo.py
[2026-07-09T00:32:17.170-0500] {processor.py:840} INFO - DAG(s) 'aerotrack_travel_estado_real_vuelo' retrieved from /opt/airflow/dags/dag_estado_real_vuelo.py
[2026-07-09T00:32:17.199-0500] {logging_mixin.py:188} INFO - [2026-07-09T00:32:17.199-0500] {dag.py:3089} INFO - Sync 1 DAGs
[2026-07-09T00:32:17.218-0500] {logging_mixin.py:188} INFO - [2026-07-09T00:32:17.218-0500] {dag.py:3947} INFO - Setting next_dagrun for aerotrack_travel_estado_real_vuelo to 2026-07-09 00:00:00+00:00, run_after=2026-07-10 00:00:00+00:00
[2026-07-09T00:32:17.236-0500] {processor.py:183} INFO - Processing /opt/airflow/dags/dag_estado_real_vuelo.py took 0.122 seconds
[2026-07-09T00:32:47.479-0500] {processor.py:161} INFO - Started process (PID=6629) to work on /opt/airflow/dags/dag_estado_real_vuelo.py
[2026-07-09T00:32:47.481-0500] {processor.py:830} INFO - Processing file /opt/airflow/dags/dag_estado_real_vuelo.py for tasks to queue
[2026-07-09T00:32:47.483-0500] {logging_mixin.py:188} INFO - [2026-07-09T00:32:47.483-0500] {dagbag.py:545} INFO - Filling up the DagBag from /opt/airflow/dags/dag_estado_real_vuelo.py
[2026-07-09T00:32:47.521-0500] {processor.py:840} INFO - DAG(s) 'aerotrack_travel_estado_real_vuelo' retrieved from /opt/airflow/dags/dag_estado_real_vuelo.py
[2026-07-09T00:32:47.556-0500] {logging_mixin.py:188} INFO - [2026-07-09T00:32:47.555-0500] {dag.py:3089} INFO - Sync 1 DAGs
[2026-07-09T00:32:47.578-0500] {logging_mixin.py:188} INFO - [2026-07-09T00:32:47.578-0500] {dag.py:3947} INFO - Setting next_dagrun for aerotrack_travel_estado_real_vuelo to 2026-07-09 00:00:00+00:00, run_after=2026-07-10 00:00:00+00:00
[2026-07-09T00:32:47.596-0500] {processor.py:183} INFO - Processing /opt/airflow/dags/dag_estado_real_vuelo.py took 0.122 seconds
[2026-07-09T00:33:17.725-0500] {processor.py:161} INFO - Started process (PID=6639) to work on /opt/airflow/dags/dag_estado_real_vuelo.py
[2026-07-09T00:33:17.727-0500] {processor.py:830} INFO - Processing file /opt/airflow/dags/dag_estado_real_vuelo.py for tasks to queue
[2026-07-09T00:33:17.729-0500] {logging_mixin.py:188} INFO - [2026-07-09T00:33:17.728-0500] {dagbag.py:545} INFO - Filling up the DagBag from /opt/airflow/dags/dag_estado_real_vuelo.py
[2026-07-09T00:33:17.787-0500] {processor.py:840} INFO - DAG(s) 'aerotrack_travel_estado_real_vuelo' retrieved from /opt/airflow/dags/dag_estado_real_vuelo.py
[2026-07-09T00:33:17.828-0500] {logging_mixin.py:188} INFO - [2026-07-09T00:33:17.827-0500] {dag.py:3089} INFO - Sync 1 DAGs
[2026-07-09T00:33:17.850-0500] {logging_mixin.py:188} INFO - [2026-07-09T00:33:17.850-0500] {dag.py:3947} INFO - Setting next_dagrun for aerotrack_travel_estado_real_vuelo to 2026-07-09 00:00:00+00:00, run_after=2026-07-10 00:00:00+00:00
[2026-07-09T00:33:17.875-0500] {processor.py:183} INFO - Processing /opt/airflow/dags/dag_estado_real_vuelo.py took 0.154 seconds
[2026-07-09T00:33:47.939-0500] {processor.py:161} INFO - Started process (PID=6666) to work on /opt/airflow/dags/dag_estado_real_vuelo.py
[2026-07-09T00:33:47.940-0500] {processor.py:830} INFO - Processing file /opt/airflow/dags/dag_estado_real_vuelo.py for tasks to queue
[2026-07-09T00:33:47.942-0500] {logging_mixin.py:188} INFO - [2026-07-09T00:33:47.942-0500] {dagbag.py:545} INFO - Filling up the DagBag from /opt/airflow/dags/dag_estado_real_vuelo.py
[2026-07-09T00:33:47.981-0500] {processor.py:840} INFO - DAG(s) 'aerotrack_travel_estado_real_vuelo' retrieved from /opt/airflow/dags/dag_estado_real_vuelo.py
[2026-07-09T00:33:48.014-0500] {logging_mixin.py:188} INFO - [2026-07-09T00:33:48.014-0500] {dag.py:3089} INFO - Sync 1 DAGs
[2026-07-09T00:33:48.031-0500] {logging_mixin.py:188} INFO - [2026-07-09T00:33:48.031-0500] {dag.py:3947} INFO - Setting next_dagrun for aerotrack_travel_estado_real_vuelo to 2026-07-09 00:00:00+00:00, run_after=2026-07-10 00:00:00+00:00
[2026-07-09T00:33:48.047-0500] {processor.py:183} INFO - Processing /opt/airflow/dags/dag_estado_real_vuelo.py took 0.112 seconds
[2026-07-09T00:34:18.940-0500] {processor.py:161} INFO - Started process (PID=6693) to work on /opt/airflow/dags/dag_estado_real_vuelo.py
[2026-07-09T00:34:18.941-0500] {processor.py:830} INFO - Processing file /opt/airflow/dags/dag_estado_real_vuelo.py for tasks to queue
[2026-07-09T00:34:18.943-0500] {logging_mixin.py:188} INFO - [2026-07-09T00:34:18.942-0500] {dagbag.py:545} INFO - Filling up the DagBag from /opt/airflow/dags/dag_estado_real_vuelo.py
[2026-07-09T00:34:18.983-0500] {processor.py:840} INFO - DAG(s) 'aerotrack_travel_estado_real_vuelo' retrieved from /opt/airflow/dags/dag_estado_real_vuelo.py
[2026-07-09T00:34:19.011-0500] {logging_mixin.py:188} INFO - [2026-07-09T00:34:19.011-0500] {dag.py:3089} INFO - Sync 1 DAGs
[2026-07-09T00:34:19.028-0500] {logging_mixin.py:188} INFO - [2026-07-09T00:34:19.028-0500] {dag.py:3947} INFO - Setting next_dagrun for aerotrack_travel_estado_real_vuelo to 2026-07-09 00:00:00+00:00, run_after=2026-07-10 00:00:00+00:00
[2026-07-09T00:34:19.045-0500] {processor.py:183} INFO - Processing /opt/airflow/dags/dag_estado_real_vuelo.py took 0.110 seconds
[2026-07-09T00:34:49.869-0500] {processor.py:161} INFO - Started process (PID=6720) to work on /opt/airflow/dags/dag_estado_real_vuelo.py
[2026-07-09T00:34:49.870-0500] {processor.py:830} INFO - Processing file /opt/airflow/dags/dag_estado_real_vuelo.py for tasks to queue
[2026-07-09T00:34:49.872-0500] {logging_mixin.py:188} INFO - [2026-07-09T00:34:49.871-0500] {dagbag.py:545} INFO - Filling up the DagBag from /opt/airflow/dags/dag_estado_real_vuelo.py
[2026-07-09T00:34:49.898-0500] {processor.py:840} INFO - DAG(s) 'aerotrack_travel_estado_real_vuelo' retrieved from /opt/airflow/dags/dag_estado_real_vuelo.py
[2026-07-09T00:34:49.922-0500] {logging_mixin.py:188} INFO - [2026-07-09T00:34:49.922-0500] {dag.py:3089} INFO - Sync 1 DAGs
[2026-07-09T00:34:50.040-0500] {logging_mixin.py:188} INFO - [2026-07-09T00:34:50.040-0500] {dag.py:3947} INFO - Setting next_dagrun for aerotrack_travel_estado_real_vuelo to 2026-07-09 00:00:00+00:00, run_after=2026-07-10 00:00:00+00:00
[2026-07-09T00:34:50.054-0500] {processor.py:183} INFO - Processing /opt/airflow/dags/dag_estado_real_vuelo.py took 0.190 seconds
[2026-07-09T00:35:20.704-0500] {processor.py:161} INFO - Started process (PID=6747) to work on /opt/airflow/dags/dag_estado_real_vuelo.py
[2026-07-09T00:35:20.705-0500] {processor.py:830} INFO - Processing file /opt/airflow/dags/dag_estado_real_vuelo.py for tasks to queue
[2026-07-09T00:35:20.706-0500] {logging_mixin.py:188} INFO - [2026-07-09T00:35:20.706-0500] {dagbag.py:545} INFO - Filling up the DagBag from /opt/airflow/dags/dag_estado_real_vuelo.py
[2026-07-09T00:35:20.732-0500] {processor.py:840} INFO - DAG(s) 'aerotrack_travel_estado_real_vuelo' retrieved from /opt/airflow/dags/dag_estado_real_vuelo.py
[2026-07-09T00:35:20.759-0500] {logging_mixin.py:188} INFO - [2026-07-09T00:35:20.758-0500] {dag.py:3089} INFO - Sync 1 DAGs
[2026-07-09T00:35:20.773-0500] {logging_mixin.py:188} INFO - [2026-07-09T00:35:20.773-0500] {dag.py:3947} INFO - Setting next_dagrun for aerotrack_travel_estado_real_vuelo to 2026-07-09 00:00:00+00:00, run_after=2026-07-10 00:00:00+00:00
[2026-07-09T00:35:20.788-0500] {processor.py:183} INFO - Processing /opt/airflow/dags/dag_estado_real_vuelo.py took 0.089 seconds
[2026-07-09T00:35:51.610-0500] {processor.py:161} INFO - Started process (PID=6774) to work on /opt/airflow/dags/dag_estado_real_vuelo.py
[2026-07-09T00:35:51.610-0500] {processor.py:830} INFO - Processing file /opt/airflow/dags/dag_estado_real_vuelo.py for tasks to queue
[2026-07-09T00:35:51.612-0500] {logging_mixin.py:188} INFO - [2026-07-09T00:35:51.612-0500] {dagbag.py:545} INFO - Filling up the DagBag from /opt/airflow/dags/dag_estado_real_vuelo.py
[2026-07-09T00:35:51.640-0500] {processor.py:840} INFO - DAG(s) 'aerotrack_travel_estado_real_vuelo' retrieved from /opt/airflow/dags/dag_estado_real_vuelo.py
[2026-07-09T00:35:51.666-0500] {logging_mixin.py:188} INFO - [2026-07-09T00:35:51.666-0500] {dag.py:3089} INFO - Sync 1 DAGs
[2026-07-09T00:35:51.681-0500] {logging_mixin.py:188} INFO - [2026-07-09T00:35:51.681-0500] {dag.py:3947} INFO - Setting next_dagrun for aerotrack_travel_estado_real_vuelo to 2026-07-09 00:00:00+00:00, run_after=2026-07-10 00:00:00+00:00
[2026-07-09T00:35:51.695-0500] {processor.py:183} INFO - Processing /opt/airflow/dags/dag_estado_real_vuelo.py took 0.090 seconds
[2026-07-09T00:36:21.897-0500] {processor.py:161} INFO - Started process (PID=6801) to work on /opt/airflow/dags/dag_estado_real_vuelo.py
[2026-07-09T00:36:21.901-0500] {processor.py:830} INFO - Processing file /opt/airflow/dags/dag_estado_real_vuelo.py for tasks to queue
[2026-07-09T00:36:21.903-0500] {logging_mixin.py:188} INFO - [2026-07-09T00:36:21.903-0500] {dagbag.py:545} INFO - Filling up the DagBag from /opt/airflow/dags/dag_estado_real_vuelo.py
[2026-07-09T00:36:21.957-0500] {processor.py:840} INFO - DAG(s) 'aerotrack_travel_estado_real_vuelo' retrieved from /opt/airflow/dags/dag_estado_real_vuelo.py
[2026-07-09T00:36:21.999-0500] {logging_mixin.py:188} INFO - [2026-07-09T00:36:21.997-0500] {dag.py:3089} INFO - Sync 1 DAGs
[2026-07-09T00:36:22.019-0500] {logging_mixin.py:188} INFO - [2026-07-09T00:36:22.019-0500] {dag.py:3947} INFO - Setting next_dagrun for aerotrack_travel_estado_real_vuelo to 2026-07-09 00:00:00+00:00, run_after=2026-07-10 00:00:00+00:00
[2026-07-09T00:36:22.038-0500] {processor.py:183} INFO - Processing /opt/airflow/dags/dag_estado_real_vuelo.py took 0.156 seconds
[2026-07-09T00:36:52.804-0500] {processor.py:161} INFO - Started process (PID=6828) to work on /opt/airflow/dags/dag_estado_real_vuelo.py
[2026-07-09T00:36:52.804-0500] {processor.py:830} INFO - Processing file /opt/airflow/dags/dag_estado_real_vuelo.py for tasks to queue
[2026-07-09T00:36:52.806-0500] {logging_mixin.py:188} INFO - [2026-07-09T00:36:52.806-0500] {dagbag.py:545} INFO - Filling up the DagBag from /opt/airflow/dags/dag_estado_real_vuelo.py
[2026-07-09T00:36:52.845-0500] {processor.py:840} INFO - DAG(s) 'aerotrack_travel_estado_real_vuelo' retrieved from /opt/airflow/dags/dag_estado_real_vuelo.py
[2026-07-09T00:36:52.871-0500] {logging_mixin.py:188} INFO - [2026-07-09T00:36:52.871-0500] {dag.py:3089} INFO - Sync 1 DAGs
[2026-07-09T00:36:53.002-0500] {logging_mixin.py:188} INFO - [2026-07-09T00:36:53.002-0500] {dag.py:3947} INFO - Setting next_dagrun for aerotrack_travel_estado_real_vuelo to 2026-07-09 00:00:00+00:00, run_after=2026-07-10 00:00:00+00:00
[2026-07-09T00:36:53.015-0500] {processor.py:183} INFO - Processing /opt/airflow/dags/dag_estado_real_vuelo.py took 0.216 seconds
[2026-07-09T00:37:23.053-0500] {processor.py:161} INFO - Started process (PID=6855) to work on /opt/airflow/dags/dag_estado_real_vuelo.py
[2026-07-09T00:37:23.054-0500] {processor.py:830} INFO - Processing file /opt/airflow/dags/dag_estado_real_vuelo.py for tasks to queue
[2026-07-09T00:37:23.055-0500] {logging_mixin.py:188} INFO - [2026-07-09T00:37:23.055-0500] {dagbag.py:545} INFO - Filling up the DagBag from /opt/airflow/dags/dag_estado_real_vuelo.py
[2026-07-09T00:37:23.083-0500] {processor.py:840} INFO - DAG(s) 'aerotrack_travel_estado_real_vuelo' retrieved from /opt/airflow/dags/dag_estado_real_vuelo.py
[2026-07-09T00:37:23.191-0500] {logging_mixin.py:188} INFO - [2026-07-09T00:37:23.191-0500] {dag.py:3089} INFO - Sync 1 DAGs
[2026-07-09T00:37:23.205-0500] {logging_mixin.py:188} INFO - [2026-07-09T00:37:23.205-0500] {dag.py:3947} INFO - Setting next_dagrun for aerotrack_travel_estado_real_vuelo to 2026-07-09 00:00:00+00:00, run_after=2026-07-10 00:00:00+00:00
[2026-07-09T00:37:23.218-0500] {processor.py:183} INFO - Processing /opt/airflow/dags/dag_estado_real_vuelo.py took 0.169 seconds
[2026-07-09T00:37:53.877-0500] {processor.py:161} INFO - Started process (PID=6877) to work on /opt/airflow/dags/dag_estado_real_vuelo.py
[2026-07-09T00:37:53.878-0500] {processor.py:830} INFO - Processing file /opt/airflow/dags/dag_estado_real_vuelo.py for tasks to queue
[2026-07-09T00:37:53.880-0500] {logging_mixin.py:188} INFO - [2026-07-09T00:37:53.880-0500] {dagbag.py:545} INFO - Filling up the DagBag from /opt/airflow/dags/dag_estado_real_vuelo.py
[2026-07-09T00:37:53.924-0500] {processor.py:840} INFO - DAG(s) 'aerotrack_travel_estado_real_vuelo' retrieved from /opt/airflow/dags/dag_estado_real_vuelo.py
[2026-07-09T00:37:53.960-0500] {logging_mixin.py:188} INFO - [2026-07-09T00:37:53.959-0500] {dag.py:3089} INFO - Sync 1 DAGs
[2026-07-09T00:37:53.976-0500] {logging_mixin.py:188} INFO - [2026-07-09T00:37:53.976-0500] {dag.py:3947} INFO - Setting next_dagrun for aerotrack_travel_estado_real_vuelo to 2026-07-09 00:00:00+00:00, run_after=2026-07-10 00:00:00+00:00
[2026-07-09T00:37:53.989-0500] {processor.py:183} INFO - Processing /opt/airflow/dags/dag_estado_real_vuelo.py took 0.121 seconds
[2026-07-09T00:38:24.856-0500] {processor.py:161} INFO - Started process (PID=6904) to work on /opt/airflow/dags/dag_estado_real_vuelo.py
[2026-07-09T00:38:24.857-0500] {processor.py:830} INFO - Processing file /opt/airflow/dags/dag_estado_real_vuelo.py for tasks to queue
[2026-07-09T00:38:24.858-0500] {logging_mixin.py:188} INFO - [2026-07-09T00:38:24.858-0500] {dagbag.py:545} INFO - Filling up the DagBag from /opt/airflow/dags/dag_estado_real_vuelo.py
[2026-07-09T00:38:24.886-0500] {processor.py:840} INFO - DAG(s) 'aerotrack_travel_estado_real_vuelo' retrieved from /opt/airflow/dags/dag_estado_real_vuelo.py
[2026-07-09T00:38:24.914-0500] {logging_mixin.py:188} INFO - [2026-07-09T00:38:24.913-0500] {dag.py:3089} INFO - Sync 1 DAGs
[2026-07-09T00:38:24.933-0500] {logging_mixin.py:188} INFO - [2026-07-09T00:38:24.933-0500] {dag.py:3947} INFO - Setting next_dagrun for aerotrack_travel_estado_real_vuelo to 2026-07-09 00:00:00+00:00, run_after=2026-07-10 00:00:00+00:00
[2026-07-09T00:38:24.957-0500] {processor.py:183} INFO - Processing /opt/airflow/dags/dag_estado_real_vuelo.py took 0.105 seconds
[2026-07-09T00:38:55.723-0500] {processor.py:161} INFO - Started process (PID=6931) to work on /opt/airflow/dags/dag_estado_real_vuelo.py
[2026-07-09T00:38:55.724-0500] {processor.py:830} INFO - Processing file /opt/airflow/dags/dag_estado_real_vuelo.py for tasks to queue
[2026-07-09T00:38:55.726-0500] {logging_mixin.py:188} INFO - [2026-07-09T00:38:55.725-0500] {dagbag.py:545} INFO - Filling up the DagBag from /opt/airflow/dags/dag_estado_real_vuelo.py
[2026-07-09T00:38:55.755-0500] {processor.py:840} INFO - DAG(s) 'aerotrack_travel_estado_real_vuelo' retrieved from /opt/airflow/dags/dag_estado_real_vuelo.py
[2026-07-09T00:38:55.783-0500] {logging_mixin.py:188} INFO - [2026-07-09T00:38:55.783-0500] {dag.py:3089} INFO - Sync 1 DAGs
[2026-07-09T00:38:55.929-0500] {logging_mixin.py:188} INFO - [2026-07-09T00:38:55.928-0500] {dag.py:3947} INFO - Setting next_dagrun for aerotrack_travel_estado_real_vuelo to 2026-07-09 00:00:00+00:00, run_after=2026-07-10 00:00:00+00:00
[2026-07-09T00:38:55.945-0500] {processor.py:183} INFO - Processing /opt/airflow/dags/dag_estado_real_vuelo.py took 0.226 seconds
[2026-07-09T00:39:26.604-0500] {processor.py:161} INFO - Started process (PID=6958) to work on /opt/airflow/dags/dag_estado_real_vuelo.py
[2026-07-09T00:39:26.605-0500] {processor.py:830} INFO - Processing file /opt/airflow/dags/dag_estado_real_vuelo.py for tasks to queue
[2026-07-09T00:39:26.606-0500] {logging_mixin.py:188} INFO - [2026-07-09T00:39:26.606-0500] {dagbag.py:545} INFO - Filling up the DagBag from /opt/airflow/dags/dag_estado_real_vuelo.py
[2026-07-09T00:39:26.652-0500] {processor.py:840} INFO - DAG(s) 'aerotrack_travel_estado_real_vuelo' retrieved from /opt/airflow/dags/dag_estado_real_vuelo.py
[2026-07-09T00:39:26.820-0500] {logging_mixin.py:188} INFO - [2026-07-09T00:39:26.820-0500] {dag.py:3089} INFO - Sync 1 DAGs
[2026-07-09T00:39:26.834-0500] {logging_mixin.py:188} INFO - [2026-07-09T00:39:26.834-0500] {dag.py:3947} INFO - Setting next_dagrun for aerotrack_travel_estado_real_vuelo to 2026-07-09 00:00:00+00:00, run_after=2026-07-10 00:00:00+00:00
[2026-07-09T00:39:26.848-0500] {processor.py:183} INFO - Processing /opt/airflow/dags/dag_estado_real_vuelo.py took 0.249 seconds
[2026-07-09T00:39:57.491-0500] {processor.py:161} INFO - Started process (PID=6985) to work on /opt/airflow/dags/dag_estado_real_vuelo.py
[2026-07-09T00:39:57.492-0500] {processor.py:830} INFO - Processing file /opt/airflow/dags/dag_estado_real_vuelo.py for tasks to queue
[2026-07-09T00:39:57.494-0500] {logging_mixin.py:188} INFO - [2026-07-09T00:39:57.494-0500] {dagbag.py:545} INFO - Filling up the DagBag from /opt/airflow/dags/dag_estado_real_vuelo.py
[2026-07-09T00:39:57.642-0500] {processor.py:840} INFO - DAG(s) 'aerotrack_travel_estado_real_vuelo' retrieved from /opt/airflow/dags/dag_estado_real_vuelo.py
[2026-07-09T00:39:57.665-0500] {logging_mixin.py:188} INFO - [2026-07-09T00:39:57.665-0500] {dag.py:3089} INFO - Sync 1 DAGs
[2026-07-09T00:39:57.679-0500] {logging_mixin.py:188} INFO - [2026-07-09T00:39:57.679-0500] {dag.py:3947} INFO - Setting next_dagrun for aerotrack_travel_estado_real_vuelo to 2026-07-09 00:00:00+00:00, run_after=2026-07-10 00:00:00+00:00
[2026-07-09T00:39:57.692-0500] {processor.py:183} INFO - Processing /opt/airflow/dags/dag_estado_real_vuelo.py took 0.206 seconds
[2026-07-09T00:40:28.356-0500] {processor.py:161} INFO - Started process (PID=7012) to work on /opt/airflow/dags/dag_estado_real_vuelo.py
[2026-07-09T00:40:28.356-0500] {processor.py:830} INFO - Processing file /opt/airflow/dags/dag_estado_real_vuelo.py for tasks to queue
[2026-07-09T00:40:28.358-0500] {logging_mixin.py:188} INFO - [2026-07-09T00:40:28.358-0500] {dagbag.py:545} INFO - Filling up the DagBag from /opt/airflow/dags/dag_estado_real_vuelo.py
[2026-07-09T00:40:28.390-0500] {processor.py:840} INFO - DAG(s) 'aerotrack_travel_estado_real_vuelo' retrieved from /opt/airflow/dags/dag_estado_real_vuelo.py
[2026-07-09T00:40:28.421-0500] {logging_mixin.py:188} INFO - [2026-07-09T00:40:28.421-0500] {dag.py:3089} INFO - Sync 1 DAGs
[2026-07-09T00:40:28.438-0500] {logging_mixin.py:188} INFO - [2026-07-09T00:40:28.438-0500] {dag.py:3947} INFO - Setting next_dagrun for aerotrack_travel_estado_real_vuelo to 2026-07-09 00:00:00+00:00, run_after=2026-07-10 00:00:00+00:00
[2026-07-09T00:40:28.456-0500] {processor.py:183} INFO - Processing /opt/airflow/dags/dag_estado_real_vuelo.py took 0.104 seconds
[2026-07-09T00:40:59.210-0500] {processor.py:161} INFO - Started process (PID=7039) to work on /opt/airflow/dags/dag_estado_real_vuelo.py
[2026-07-09T00:40:59.211-0500] {processor.py:830} INFO - Processing file /opt/airflow/dags/dag_estado_real_vuelo.py for tasks to queue
[2026-07-09T00:40:59.214-0500] {logging_mixin.py:188} INFO - [2026-07-09T00:40:59.214-0500] {dagbag.py:545} INFO - Filling up the DagBag from /opt/airflow/dags/dag_estado_real_vuelo.py
[2026-07-09T00:40:59.262-0500] {processor.py:840} INFO - DAG(s) 'aerotrack_travel_estado_real_vuelo' retrieved from /opt/airflow/dags/dag_estado_real_vuelo.py
[2026-07-09T00:40:59.300-0500] {logging_mixin.py:188} INFO - [2026-07-09T00:40:59.300-0500] {dag.py:3089} INFO - Sync 1 DAGs
[2026-07-09T00:40:59.323-0500] {logging_mixin.py:188} INFO - [2026-07-09T00:40:59.323-0500] {dag.py:3947} INFO - Setting next_dagrun for aerotrack_travel_estado_real_vuelo to 2026-07-09 00:00:00+00:00, run_after=2026-07-10 00:00:00+00:00
[2026-07-09T00:40:59.342-0500] {processor.py:183} INFO - Processing /opt/airflow/dags/dag_estado_real_vuelo.py took 0.138 seconds
[2026-07-09T00:41:30.052-0500] {processor.py:161} INFO - Started process (PID=7066) to work on /opt/airflow/dags/dag_estado_real_vuelo.py
[2026-07-09T00:41:30.053-0500] {processor.py:830} INFO - Processing file /opt/airflow/dags/dag_estado_real_vuelo.py for tasks to queue
[2026-07-09T00:41:30.055-0500] {logging_mixin.py:188} INFO - [2026-07-09T00:41:30.054-0500] {dagbag.py:545} INFO - Filling up the DagBag from /opt/airflow/dags/dag_estado_real_vuelo.py
[2026-07-09T00:41:30.090-0500] {processor.py:840} INFO - DAG(s) 'aerotrack_travel_estado_real_vuelo' retrieved from /opt/airflow/dags/dag_estado_real_vuelo.py
[2026-07-09T00:41:30.120-0500] {logging_mixin.py:188} INFO - [2026-07-09T00:41:30.120-0500] {dag.py:3089} INFO - Sync 1 DAGs
[2026-07-09T00:41:30.140-0500] {logging_mixin.py:188} INFO - [2026-07-09T00:41:30.140-0500] {dag.py:3947} INFO - Setting next_dagrun for aerotrack_travel_estado_real_vuelo to 2026-07-09 00:00:00+00:00, run_after=2026-07-10 00:00:00+00:00
[2026-07-09T00:41:30.156-0500] {processor.py:183} INFO - Processing /opt/airflow/dags/dag_estado_real_vuelo.py took 0.109 seconds
[2026-07-09T00:42:00.847-0500] {processor.py:161} INFO - Started process (PID=7093) to work on /opt/airflow/dags/dag_estado_real_vuelo.py
[2026-07-09T00:42:00.848-0500] {processor.py:830} INFO - Processing file /opt/airflow/dags/dag_estado_real_vuelo.py for tasks to queue
[2026-07-09T00:42:00.850-0500] {logging_mixin.py:188} INFO - [2026-07-09T00:42:00.849-0500] {dagbag.py:545} INFO - Filling up the DagBag from /opt/airflow/dags/dag_estado_real_vuelo.py
[2026-07-09T00:42:00.896-0500] {processor.py:840} INFO - DAG(s) 'aerotrack_travel_estado_real_vuelo' retrieved from /opt/airflow/dags/dag_estado_real_vuelo.py
[2026-07-09T00:42:00.926-0500] {logging_mixin.py:188} INFO - [2026-07-09T00:42:00.926-0500] {dag.py:3089} INFO - Sync 1 DAGs
[2026-07-09T00:42:00.945-0500] {logging_mixin.py:188} INFO - [2026-07-09T00:42:00.945-0500] {dag.py:3947} INFO - Setting next_dagrun for aerotrack_travel_estado_real_vuelo to 2026-07-09 00:00:00+00:00, run_after=2026-07-10 00:00:00+00:00
[2026-07-09T00:42:00.960-0500] {processor.py:183} INFO - Processing /opt/airflow/dags/dag_estado_real_vuelo.py took 0.118 seconds
[2026-07-09T00:42:31.619-0500] {processor.py:161} INFO - Started process (PID=7120) to work on /opt/airflow/dags/dag_estado_real_vuelo.py
[2026-07-09T00:42:31.620-0500] {processor.py:830} INFO - Processing file /opt/airflow/dags/dag_estado_real_vuelo.py for tasks to queue
[2026-07-09T00:42:31.621-0500] {logging_mixin.py:188} INFO - [2026-07-09T00:42:31.621-0500] {dagbag.py:545} INFO - Filling up the DagBag from /opt/airflow/dags/dag_estado_real_vuelo.py
[2026-07-09T00:42:31.656-0500] {processor.py:840} INFO - DAG(s) 'aerotrack_travel_estado_real_vuelo' retrieved from /opt/airflow/dags/dag_estado_real_vuelo.py
[2026-07-09T00:42:31.688-0500] {logging_mixin.py:188} INFO - [2026-07-09T00:42:31.688-0500] {dag.py:3089} INFO - Sync 1 DAGs
[2026-07-09T00:42:31.706-0500] {logging_mixin.py:188} INFO - [2026-07-09T00:42:31.706-0500] {dag.py:3947} INFO - Setting next_dagrun for aerotrack_travel_estado_real_vuelo to 2026-07-09 00:00:00+00:00, run_after=2026-07-10 00:00:00+00:00
[2026-07-09T00:42:31.722-0500] {processor.py:183} INFO - Processing /opt/airflow/dags/dag_estado_real_vuelo.py took 0.108 seconds
[2026-07-09T00:43:02.498-0500] {processor.py:161} INFO - Started process (PID=7147) to work on /opt/airflow/dags/dag_estado_real_vuelo.py
[2026-07-09T00:43:02.499-0500] {processor.py:830} INFO - Processing file /opt/airflow/dags/dag_estado_real_vuelo.py for tasks to queue
[2026-07-09T00:43:02.500-0500] {logging_mixin.py:188} INFO - [2026-07-09T00:43:02.500-0500] {dagbag.py:545} INFO - Filling up the DagBag from /opt/airflow/dags/dag_estado_real_vuelo.py
[2026-07-09T00:43:02.542-0500] {processor.py:840} INFO - DAG(s) 'aerotrack_travel_estado_real_vuelo' retrieved from /opt/airflow/dags/dag_estado_real_vuelo.py
[2026-07-09T00:43:02.579-0500] {logging_mixin.py:188} INFO - [2026-07-09T00:43:02.578-0500] {dag.py:3089} INFO - Sync 1 DAGs
[2026-07-09T00:43:02.597-0500] {logging_mixin.py:188} INFO - [2026-07-09T00:43:02.597-0500] {dag.py:3947} INFO - Setting next_dagrun for aerotrack_travel_estado_real_vuelo to 2026-07-09 00:00:00+00:00, run_after=2026-07-10 00:00:00+00:00
[2026-07-09T00:43:02.612-0500] {processor.py:183} INFO - Processing /opt/airflow/dags/dag_estado_real_vuelo.py took 0.119 seconds
[2026-07-09T00:43:33.271-0500] {processor.py:161} INFO - Started process (PID=7174) to work on /opt/airflow/dags/dag_estado_real_vuelo.py
[2026-07-09T00:43:33.272-0500] {processor.py:830} INFO - Processing file /opt/airflow/dags/dag_estado_real_vuelo.py for tasks to queue
[2026-07-09T00:43:33.274-0500] {logging_mixin.py:188} INFO - [2026-07-09T00:43:33.274-0500] {dagbag.py:545} INFO - Filling up the DagBag from /opt/airflow/dags/dag_estado_real_vuelo.py
[2026-07-09T00:43:33.313-0500] {processor.py:840} INFO - DAG(s) 'aerotrack_travel_estado_real_vuelo' retrieved from /opt/airflow/dags/dag_estado_real_vuelo.py
[2026-07-09T00:43:33.348-0500] {logging_mixin.py:188} INFO - [2026-07-09T00:43:33.347-0500] {dag.py:3089} INFO - Sync 1 DAGs
[2026-07-09T00:43:33.366-0500] {logging_mixin.py:188} INFO - [2026-07-09T00:43:33.366-0500] {dag.py:3947} INFO - Setting next_dagrun for aerotrack_travel_estado_real_vuelo to 2026-07-09 00:00:00+00:00, run_after=2026-07-10 00:00:00+00:00
[2026-07-09T00:43:33.382-0500] {processor.py:183} INFO - Processing /opt/airflow/dags/dag_estado_real_vuelo.py took 0.116 seconds
[2026-07-09T00:44:04.051-0500] {processor.py:161} INFO - Started process (PID=7201) to work on /opt/airflow/dags/dag_estado_real_vuelo.py
[2026-07-09T00:44:04.052-0500] {processor.py:830} INFO - Processing file /opt/airflow/dags/dag_estado_real_vuelo.py for tasks to queue
[2026-07-09T00:44:04.054-0500] {logging_mixin.py:188} INFO - [2026-07-09T00:44:04.053-0500] {dagbag.py:545} INFO - Filling up the DagBag from /opt/airflow/dags/dag_estado_real_vuelo.py
[2026-07-09T00:44:04.097-0500] {processor.py:840} INFO - DAG(s) 'aerotrack_travel_estado_real_vuelo' retrieved from /opt/airflow/dags/dag_estado_real_vuelo.py
[2026-07-09T00:44:04.130-0500] {logging_mixin.py:188} INFO - [2026-07-09T00:44:04.130-0500] {dag.py:3089} INFO - Sync 1 DAGs
[2026-07-09T00:44:04.150-0500] {logging_mixin.py:188} INFO - [2026-07-09T00:44:04.150-0500] {dag.py:3947} INFO - Setting next_dagrun for aerotrack_travel_estado_real_vuelo to 2026-07-09 00:00:00+00:00, run_after=2026-07-10 00:00:00+00:00
[2026-07-09T00:44:04.164-0500] {processor.py:183} INFO - Processing /opt/airflow/dags/dag_estado_real_vuelo.py took 0.118 seconds
[2026-07-09T00:44:34.937-0500] {processor.py:161} INFO - Started process (PID=7228) to work on /opt/airflow/dags/dag_estado_real_vuelo.py
[2026-07-09T00:44:34.937-0500] {processor.py:830} INFO - Processing file /opt/airflow/dags/dag_estado_real_vuelo.py for tasks to queue
[2026-07-09T00:44:34.939-0500] {logging_mixin.py:188} INFO - [2026-07-09T00:44:34.939-0500] {dagbag.py:545} INFO - Filling up the DagBag from /opt/airflow/dags/dag_estado_real_vuelo.py
[2026-07-09T00:44:34.983-0500] {processor.py:840} INFO - DAG(s) 'aerotrack_travel_estado_real_vuelo' retrieved from /opt/airflow/dags/dag_estado_real_vuelo.py
[2026-07-09T00:44:35.028-0500] {logging_mixin.py:188} INFO - [2026-07-09T00:44:35.027-0500] {dag.py:3089} INFO - Sync 1 DAGs
[2026-07-09T00:44:35.047-0500] {logging_mixin.py:188} INFO - [2026-07-09T00:44:35.047-0500] {dag.py:3947} INFO - Setting next_dagrun for aerotrack_travel_estado_real_vuelo to 2026-07-09 00:00:00+00:00, run_after=2026-07-10 00:00:00+00:00
[2026-07-09T00:44:35.064-0500] {processor.py:183} INFO - Processing /opt/airflow/dags/dag_estado_real_vuelo.py took 0.132 seconds
[2026-07-09T00:45:05.760-0500] {processor.py:161} INFO - Started process (PID=7255) to work on /opt/airflow/dags/dag_estado_real_vuelo.py
[2026-07-09T00:45:05.761-0500] {processor.py:830} INFO - Processing file /opt/airflow/dags/dag_estado_real_vuelo.py for tasks to queue
[2026-07-09T00:45:05.763-0500] {logging_mixin.py:188} INFO - [2026-07-09T00:45:05.763-0500] {dagbag.py:545} INFO - Filling up the DagBag from /opt/airflow/dags/dag_estado_real_vuelo.py
[2026-07-09T00:45:05.794-0500] {processor.py:840} INFO - DAG(s) 'aerotrack_travel_estado_real_vuelo' retrieved from /opt/airflow/dags/dag_estado_real_vuelo.py
[2026-07-09T00:45:05.828-0500] {logging_mixin.py:188} INFO - [2026-07-09T00:45:05.827-0500] {dag.py:3089} INFO - Sync 1 DAGs
[2026-07-09T00:45:05.848-0500] {logging_mixin.py:188} INFO - [2026-07-09T00:45:05.848-0500] {dag.py:3947} INFO - Setting next_dagrun for aerotrack_travel_estado_real_vuelo to 2026-07-09 00:00:00+00:00, run_after=2026-07-10 00:00:00+00:00
[2026-07-09T00:45:05.863-0500] {processor.py:183} INFO - Processing /opt/airflow/dags/dag_estado_real_vuelo.py took 0.107 seconds
[2026-07-09T00:45:36.556-0500] {processor.py:161} INFO - Started process (PID=7282) to work on /opt/airflow/dags/dag_estado_real_vuelo.py
[2026-07-09T00:45:36.557-0500] {processor.py:830} INFO - Processing file /opt/airflow/dags/dag_estado_real_vuelo.py for tasks to queue
[2026-07-09T00:45:36.559-0500] {logging_mixin.py:188} INFO - [2026-07-09T00:45:36.559-0500] {dagbag.py:545} INFO - Filling up the DagBag from /opt/airflow/dags/dag_estado_real_vuelo.py
[2026-07-09T00:45:36.599-0500] {processor.py:840} INFO - DAG(s) 'aerotrack_travel_estado_real_vuelo' retrieved from /opt/airflow/dags/dag_estado_real_vuelo.py
[2026-07-09T00:45:36.630-0500] {logging_mixin.py:188} INFO - [2026-07-09T00:45:36.630-0500] {dag.py:3089} INFO - Sync 1 DAGs
[2026-07-09T00:45:36.654-0500] {logging_mixin.py:188} INFO - [2026-07-09T00:45:36.653-0500] {dag.py:3947} INFO - Setting next_dagrun for aerotrack_travel_estado_real_vuelo to 2026-07-09 00:00:00+00:00, run_after=2026-07-10 00:00:00+00:00
[2026-07-09T00:45:36.669-0500] {processor.py:183} INFO - Processing /opt/airflow/dags/dag_estado_real_vuelo.py took 0.119 seconds
[2026-07-09T00:46:07.468-0500] {processor.py:161} INFO - Started process (PID=7309) to work on /opt/airflow/dags/dag_estado_real_vuelo.py
[2026-07-09T00:46:07.470-0500] {processor.py:830} INFO - Processing file /opt/airflow/dags/dag_estado_real_vuelo.py for tasks to queue
[2026-07-09T00:46:07.472-0500] {logging_mixin.py:188} INFO - [2026-07-09T00:46:07.472-0500] {dagbag.py:545} INFO - Filling up the DagBag from /opt/airflow/dags/dag_estado_real_vuelo.py
[2026-07-09T00:46:07.513-0500] {processor.py:840} INFO - DAG(s) 'aerotrack_travel_estado_real_vuelo' retrieved from /opt/airflow/dags/dag_estado_real_vuelo.py
[2026-07-09T00:46:07.541-0500] {logging_mixin.py:188} INFO - [2026-07-09T00:46:07.541-0500] {dag.py:3089} INFO - Sync 1 DAGs
[2026-07-09T00:46:07.558-0500] {logging_mixin.py:188} INFO - [2026-07-09T00:46:07.557-0500] {dag.py:3947} INFO - Setting next_dagrun for aerotrack_travel_estado_real_vuelo to 2026-07-09 00:00:00+00:00, run_after=2026-07-10 00:00:00+00:00
[2026-07-09T00:46:07.571-0500] {processor.py:183} INFO - Processing /opt/airflow/dags/dag_estado_real_vuelo.py took 0.108 seconds
[2026-07-09T00:46:38.303-0500] {processor.py:161} INFO - Started process (PID=7336) to work on /opt/airflow/dags/dag_estado_real_vuelo.py
[2026-07-09T00:46:38.304-0500] {processor.py:830} INFO - Processing file /opt/airflow/dags/dag_estado_real_vuelo.py for tasks to queue
[2026-07-09T00:46:38.305-0500] {logging_mixin.py:188} INFO - [2026-07-09T00:46:38.305-0500] {dagbag.py:545} INFO - Filling up the DagBag from /opt/airflow/dags/dag_estado_real_vuelo.py
[2026-07-09T00:46:38.337-0500] {processor.py:840} INFO - DAG(s) 'aerotrack_travel_estado_real_vuelo' retrieved from /opt/airflow/dags/dag_estado_real_vuelo.py
[2026-07-09T00:46:38.366-0500] {logging_mixin.py:188} INFO - [2026-07-09T00:46:38.366-0500] {dag.py:3089} INFO - Sync 1 DAGs
[2026-07-09T00:46:38.382-0500] {logging_mixin.py:188} INFO - [2026-07-09T00:46:38.382-0500] {dag.py:3947} INFO - Setting next_dagrun for aerotrack_travel_estado_real_vuelo to 2026-07-09 00:00:00+00:00, run_after=2026-07-10 00:00:00+00:00
[2026-07-09T00:46:38.397-0500] {processor.py:183} INFO - Processing /opt/airflow/dags/dag_estado_real_vuelo.py took 0.098 seconds
[2026-07-09T00:47:09.206-0500] {processor.py:161} INFO - Started process (PID=7363) to work on /opt/airflow/dags/dag_estado_real_vuelo.py
[2026-07-09T00:47:09.207-0500] {processor.py:830} INFO - Processing file /opt/airflow/dags/dag_estado_real_vuelo.py for tasks to queue
[2026-07-09T00:47:09.208-0500] {logging_mixin.py:188} INFO - [2026-07-09T00:47:09.208-0500] {dagbag.py:545} INFO - Filling up the DagBag from /opt/airflow/dags/dag_estado_real_vuelo.py
[2026-07-09T00:47:09.240-0500] {processor.py:840} INFO - DAG(s) 'aerotrack_travel_estado_real_vuelo' retrieved from /opt/airflow/dags/dag_estado_real_vuelo.py
[2026-07-09T00:47:09.270-0500] {logging_mixin.py:188} INFO - [2026-07-09T00:47:09.270-0500] {dag.py:3089} INFO - Sync 1 DAGs
[2026-07-09T00:47:09.288-0500] {logging_mixin.py:188} INFO - [2026-07-09T00:47:09.288-0500] {dag.py:3947} INFO - Setting next_dagrun for aerotrack_travel_estado_real_vuelo to 2026-07-09 00:00:00+00:00, run_after=2026-07-10 00:00:00+00:00
[2026-07-09T00:47:09.303-0500] {processor.py:183} INFO - Processing /opt/airflow/dags/dag_estado_real_vuelo.py took 0.102 seconds
[2026-07-09T00:47:39.990-0500] {processor.py:161} INFO - Started process (PID=7390) to work on /opt/airflow/dags/dag_estado_real_vuelo.py
[2026-07-09T00:47:39.991-0500] {processor.py:830} INFO - Processing file /opt/airflow/dags/dag_estado_real_vuelo.py for tasks to queue
[2026-07-09T00:47:39.992-0500] {logging_mixin.py:188} INFO - [2026-07-09T00:47:39.992-0500] {dagbag.py:545} INFO - Filling up the DagBag from /opt/airflow/dags/dag_estado_real_vuelo.py
[2026-07-09T00:47:40.026-0500] {processor.py:840} INFO - DAG(s) 'aerotrack_travel_estado_real_vuelo' retrieved from /opt/airflow/dags/dag_estado_real_vuelo.py
[2026-07-09T00:47:40.055-0500] {logging_mixin.py:188} INFO - [2026-07-09T00:47:40.054-0500] {dag.py:3089} INFO - Sync 1 DAGs
[2026-07-09T00:47:40.072-0500] {logging_mixin.py:188} INFO - [2026-07-09T00:47:40.071-0500] {dag.py:3947} INFO - Setting next_dagrun for aerotrack_travel_estado_real_vuelo to 2026-07-09 00:00:00+00:00, run_after=2026-07-10 00:00:00+00:00
[2026-07-09T00:47:40.086-0500] {processor.py:183} INFO - Processing /opt/airflow/dags/dag_estado_real_vuelo.py took 0.101 seconds
[2026-07-09T00:48:10.833-0500] {processor.py:161} INFO - Started process (PID=7417) to work on /opt/airflow/dags/dag_estado_real_vuelo.py
[2026-07-09T00:48:10.834-0500] {processor.py:830} INFO - Processing file /opt/airflow/dags/dag_estado_real_vuelo.py for tasks to queue
[2026-07-09T00:48:10.835-0500] {logging_mixin.py:188} INFO - [2026-07-09T00:48:10.835-0500] {dagbag.py:545} INFO - Filling up the DagBag from /opt/airflow/dags/dag_estado_real_vuelo.py
[2026-07-09T00:48:10.920-0500] {processor.py:840} INFO - DAG(s) 'aerotrack_travel_estado_real_vuelo' retrieved from /opt/airflow/dags/dag_estado_real_vuelo.py
[2026-07-09T00:48:10.951-0500] {logging_mixin.py:188} INFO - [2026-07-09T00:48:10.950-0500] {dag.py:3089} INFO - Sync 1 DAGs
[2026-07-09T00:48:10.973-0500] {logging_mixin.py:188} INFO - [2026-07-09T00:48:10.973-0500] {dag.py:3947} INFO - Setting next_dagrun for aerotrack_travel_estado_real_vuelo to 2026-07-09 00:00:00+00:00, run_after=2026-07-10 00:00:00+00:00
[2026-07-09T00:48:10.989-0500] {processor.py:183} INFO - Processing /opt/airflow/dags/dag_estado_real_vuelo.py took 0.161 seconds
[2026-07-09T00:48:41.827-0500] {processor.py:161} INFO - Started process (PID=7444) to work on /opt/airflow/dags/dag_estado_real_vuelo.py
[2026-07-09T00:48:41.828-0500] {processor.py:830} INFO - Processing file /opt/airflow/dags/dag_estado_real_vuelo.py for tasks to queue
[2026-07-09T00:48:41.829-0500] {logging_mixin.py:188} INFO - [2026-07-09T00:48:41.829-0500] {dagbag.py:545} INFO - Filling up the DagBag from /opt/airflow/dags/dag_estado_real_vuelo.py
[2026-07-09T00:48:41.862-0500] {processor.py:840} INFO - DAG(s) 'aerotrack_travel_estado_real_vuelo' retrieved from /opt/airflow/dags/dag_estado_real_vuelo.py
[2026-07-09T00:48:41.896-0500] {logging_mixin.py:188} INFO - [2026-07-09T00:48:41.896-0500] {dag.py:3089} INFO - Sync 1 DAGs
[2026-07-09T00:48:41.914-0500] {logging_mixin.py:188} INFO - [2026-07-09T00:48:41.914-0500] {dag.py:3947} INFO - Setting next_dagrun for aerotrack_travel_estado_real_vuelo to 2026-07-09 00:00:00+00:00, run_after=2026-07-10 00:00:00+00:00
[2026-07-09T00:48:41.931-0500] {processor.py:183} INFO - Processing /opt/airflow/dags/dag_estado_real_vuelo.py took 0.109 seconds
[2026-07-09T00:49:12.577-0500] {processor.py:161} INFO - Started process (PID=7471) to work on /opt/airflow/dags/dag_estado_real_vuelo.py
[2026-07-09T00:49:12.583-0500] {processor.py:830} INFO - Processing file /opt/airflow/dags/dag_estado_real_vuelo.py for tasks to queue
[2026-07-09T00:49:12.585-0500] {logging_mixin.py:188} INFO - [2026-07-09T00:49:12.584-0500] {dagbag.py:545} INFO - Filling up the DagBag from /opt/airflow/dags/dag_estado_real_vuelo.py
[2026-07-09T00:49:12.621-0500] {processor.py:840} INFO - DAG(s) 'aerotrack_travel_estado_real_vuelo' retrieved from /opt/airflow/dags/dag_estado_real_vuelo.py
[2026-07-09T00:49:12.650-0500] {logging_mixin.py:188} INFO - [2026-07-09T00:49:12.650-0500] {dag.py:3089} INFO - Sync 1 DAGs
[2026-07-09T00:49:12.668-0500] {logging_mixin.py:188} INFO - [2026-07-09T00:49:12.668-0500] {dag.py:3947} INFO - Setting next_dagrun for aerotrack_travel_estado_real_vuelo to 2026-07-09 00:00:00+00:00, run_after=2026-07-10 00:00:00+00:00
[2026-07-09T00:49:12.687-0500] {processor.py:183} INFO - Processing /opt/airflow/dags/dag_estado_real_vuelo.py took 0.114 seconds
[2026-07-09T00:49:43.430-0500] {processor.py:161} INFO - Started process (PID=7498) to work on /opt/airflow/dags/dag_estado_real_vuelo.py
[2026-07-09T00:49:43.431-0500] {processor.py:830} INFO - Processing file /opt/airflow/dags/dag_estado_real_vuelo.py for tasks to queue
[2026-07-09T00:49:43.432-0500] {logging_mixin.py:188} INFO - [2026-07-09T00:49:43.432-0500] {dagbag.py:545} INFO - Filling up the DagBag from /opt/airflow/dags/dag_estado_real_vuelo.py
[2026-07-09T00:49:43.464-0500] {processor.py:840} INFO - DAG(s) 'aerotrack_travel_estado_real_vuelo' retrieved from /opt/airflow/dags/dag_estado_real_vuelo.py
[2026-07-09T00:49:43.494-0500] {logging_mixin.py:188} INFO - [2026-07-09T00:49:43.494-0500] {dag.py:3089} INFO - Sync 1 DAGs
[2026-07-09T00:49:43.513-0500] {logging_mixin.py:188} INFO - [2026-07-09T00:49:43.513-0500] {dag.py:3947} INFO - Setting next_dagrun for aerotrack_travel_estado_real_vuelo to 2026-07-09 00:00:00+00:00, run_after=2026-07-10 00:00:00+00:00
[2026-07-09T00:49:43.528-0500] {processor.py:183} INFO - Processing /opt/airflow/dags/dag_estado_real_vuelo.py took 0.103 seconds
[2026-07-09T00:50:14.336-0500] {processor.py:161} INFO - Started process (PID=7525) to work on /opt/airflow/dags/dag_estado_real_vuelo.py
[2026-07-09T00:50:14.337-0500] {processor.py:830} INFO - Processing file /opt/airflow/dags/dag_estado_real_vuelo.py for tasks to queue
[2026-07-09T00:50:14.338-0500] {logging_mixin.py:188} INFO - [2026-07-09T00:50:14.338-0500] {dagbag.py:545} INFO - Filling up the DagBag from /opt/airflow/dags/dag_estado_real_vuelo.py
[2026-07-09T00:50:14.391-0500] {processor.py:840} INFO - DAG(s) 'aerotrack_travel_estado_real_vuelo' retrieved from /opt/airflow/dags/dag_estado_real_vuelo.py
[2026-07-09T00:50:14.429-0500] {logging_mixin.py:188} INFO - [2026-07-09T00:50:14.429-0500] {dag.py:3089} INFO - Sync 1 DAGs
[2026-07-09T00:50:14.448-0500] {logging_mixin.py:188} INFO - [2026-07-09T00:50:14.448-0500] {dag.py:3947} INFO - Setting next_dagrun for aerotrack_travel_estado_real_vuelo to 2026-07-09 00:00:00+00:00, run_after=2026-07-10 00:00:00+00:00
[2026-07-09T00:50:14.464-0500] {processor.py:183} INFO - Processing /opt/airflow/dags/dag_estado_real_vuelo.py took 0.133 seconds
[2026-07-09T00:50:45.151-0500] {processor.py:161} INFO - Started process (PID=7552) to work on /opt/airflow/dags/dag_estado_real_vuelo.py
[2026-07-09T00:50:45.152-0500] {processor.py:830} INFO - Processing file /opt/airflow/dags/dag_estado_real_vuelo.py for tasks to queue
[2026-07-09T00:50:45.153-0500] {logging_mixin.py:188} INFO - [2026-07-09T00:50:45.153-0500] {dagbag.py:545} INFO - Filling up the DagBag from /opt/airflow/dags/dag_estado_real_vuelo.py
[2026-07-09T00:50:45.190-0500] {processor.py:840} INFO - DAG(s) 'aerotrack_travel_estado_real_vuelo' retrieved from /opt/airflow/dags/dag_estado_real_vuelo.py
[2026-07-09T00:50:45.222-0500] {logging_mixin.py:188} INFO - [2026-07-09T00:50:45.222-0500] {dag.py:3089} INFO - Sync 1 DAGs
[2026-07-09T00:50:45.241-0500] {logging_mixin.py:188} INFO - [2026-07-09T00:50:45.240-0500] {dag.py:3947} INFO - Setting next_dagrun for aerotrack_travel_estado_real_vuelo to 2026-07-09 00:00:00+00:00, run_after=2026-07-10 00:00:00+00:00
[2026-07-09T00:50:45.257-0500] {processor.py:183} INFO - Processing /opt/airflow/dags/dag_estado_real_vuelo.py took 0.111 seconds
[2026-07-09T00:51:16.100-0500] {processor.py:161} INFO - Started process (PID=7579) to work on /opt/airflow/dags/dag_estado_real_vuelo.py
[2026-07-09T00:51:16.101-0500] {processor.py:830} INFO - Processing file /opt/airflow/dags/dag_estado_real_vuelo.py for tasks to queue
[2026-07-09T00:51:16.103-0500] {logging_mixin.py:188} INFO - [2026-07-09T00:51:16.102-0500] {dagbag.py:545} INFO - Filling up the DagBag from /opt/airflow/dags/dag_estado_real_vuelo.py
[2026-07-09T00:51:16.139-0500] {processor.py:840} INFO - DAG(s) 'aerotrack_travel_estado_real_vuelo' retrieved from /opt/airflow/dags/dag_estado_real_vuelo.py
[2026-07-09T00:51:16.172-0500] {logging_mixin.py:188} INFO - [2026-07-09T00:51:16.172-0500] {dag.py:3089} INFO - Sync 1 DAGs
[2026-07-09T00:51:16.192-0500] {logging_mixin.py:188} INFO - [2026-07-09T00:51:16.192-0500] {dag.py:3947} INFO - Setting next_dagrun for aerotrack_travel_estado_real_vuelo to 2026-07-09 00:00:00+00:00, run_after=2026-07-10 00:00:00+00:00
[2026-07-09T00:51:16.208-0500] {processor.py:183} INFO - Processing /opt/airflow/dags/dag_estado_real_vuelo.py took 0.113 seconds
[2026-07-09T00:51:47.015-0500] {processor.py:161} INFO - Started process (PID=7606) to work on /opt/airflow/dags/dag_estado_real_vuelo.py
[2026-07-09T00:51:47.016-0500] {processor.py:830} INFO - Processing file /opt/airflow/dags/dag_estado_real_vuelo.py for tasks to queue
[2026-07-09T00:51:47.017-0500] {logging_mixin.py:188} INFO - [2026-07-09T00:51:47.017-0500] {dagbag.py:545} INFO - Filling up the DagBag from /opt/airflow/dags/dag_estado_real_vuelo.py
[2026-07-09T00:51:47.056-0500] {processor.py:840} INFO - DAG(s) 'aerotrack_travel_estado_real_vuelo' retrieved from /opt/airflow/dags/dag_estado_real_vuelo.py
[2026-07-09T00:51:47.094-0500] {logging_mixin.py:188} INFO - [2026-07-09T00:51:47.094-0500] {dag.py:3089} INFO - Sync 1 DAGs
[2026-07-09T00:51:47.113-0500] {logging_mixin.py:188} INFO - [2026-07-09T00:51:47.113-0500] {dag.py:3947} INFO - Setting next_dagrun for aerotrack_travel_estado_real_vuelo to 2026-07-09 00:00:00+00:00, run_after=2026-07-10 00:00:00+00:00
[2026-07-09T00:51:47.130-0500] {processor.py:183} INFO - Processing /opt/airflow/dags/dag_estado_real_vuelo.py took 0.121 seconds
[2026-07-09T00:52:17.818-0500] {processor.py:161} INFO - Started process (PID=7633) to work on /opt/airflow/dags/dag_estado_real_vuelo.py
[2026-07-09T00:52:17.819-0500] {processor.py:830} INFO - Processing file /opt/airflow/dags/dag_estado_real_vuelo.py for tasks to queue
[2026-07-09T00:52:17.821-0500] {logging_mixin.py:188} INFO - [2026-07-09T00:52:17.821-0500] {dagbag.py:545} INFO - Filling up the DagBag from /opt/airflow/dags/dag_estado_real_vuelo.py
[2026-07-09T00:52:17.867-0500] {processor.py:840} INFO - DAG(s) 'aerotrack_travel_estado_real_vuelo' retrieved from /opt/airflow/dags/dag_estado_real_vuelo.py
[2026-07-09T00:52:17.899-0500] {logging_mixin.py:188} INFO - [2026-07-09T00:52:17.899-0500] {dag.py:3089} INFO - Sync 1 DAGs
[2026-07-09T00:52:17.920-0500] {logging_mixin.py:188} INFO - [2026-07-09T00:52:17.919-0500] {dag.py:3947} INFO - Setting next_dagrun for aerotrack_travel_estado_real_vuelo to 2026-07-09 00:00:00+00:00, run_after=2026-07-10 00:00:00+00:00
[2026-07-09T00:52:17.936-0500] {processor.py:183} INFO - Processing /opt/airflow/dags/dag_estado_real_vuelo.py took 0.122 seconds
[2026-07-09T00:52:48.688-0500] {processor.py:161} INFO - Started process (PID=7660) to work on /opt/airflow/dags/dag_estado_real_vuelo.py
[2026-07-09T00:52:48.689-0500] {processor.py:830} INFO - Processing file /opt/airflow/dags/dag_estado_real_vuelo.py for tasks to queue
[2026-07-09T00:52:48.690-0500] {logging_mixin.py:188} INFO - [2026-07-09T00:52:48.690-0500] {dagbag.py:545} INFO - Filling up the DagBag from /opt/airflow/dags/dag_estado_real_vuelo.py
[2026-07-09T00:52:48.726-0500] {processor.py:840} INFO - DAG(s) 'aerotrack_travel_estado_real_vuelo' retrieved from /opt/airflow/dags/dag_estado_real_vuelo.py
[2026-07-09T00:52:48.761-0500] {logging_mixin.py:188} INFO - [2026-07-09T00:52:48.760-0500] {dag.py:3089} INFO - Sync 1 DAGs
[2026-07-09T00:52:48.779-0500] {logging_mixin.py:188} INFO - [2026-07-09T00:52:48.779-0500] {dag.py:3947} INFO - Setting next_dagrun for aerotrack_travel_estado_real_vuelo to 2026-07-09 00:00:00+00:00, run_after=2026-07-10 00:00:00+00:00
[2026-07-09T00:52:48.795-0500] {processor.py:183} INFO - Processing /opt/airflow/dags/dag_estado_real_vuelo.py took 0.111 seconds
[2026-07-09T00:53:19.473-0500] {processor.py:161} INFO - Started process (PID=7687) to work on /opt/airflow/dags/dag_estado_real_vuelo.py
[2026-07-09T00:53:19.474-0500] {processor.py:830} INFO - Processing file /opt/airflow/dags/dag_estado_real_vuelo.py for tasks to queue
[2026-07-09T00:53:19.476-0500] {logging_mixin.py:188} INFO - [2026-07-09T00:53:19.476-0500] {dagbag.py:545} INFO - Filling up the DagBag from /opt/airflow/dags/dag_estado_real_vuelo.py
[2026-07-09T00:53:19.520-0500] {processor.py:840} INFO - DAG(s) 'aerotrack_travel_estado_real_vuelo' retrieved from /opt/airflow/dags/dag_estado_real_vuelo.py
[2026-07-09T00:53:19.550-0500] {logging_mixin.py:188} INFO - [2026-07-09T00:53:19.550-0500] {dag.py:3089} INFO - Sync 1 DAGs
[2026-07-09T00:53:19.570-0500] {logging_mixin.py:188} INFO - [2026-07-09T00:53:19.570-0500] {dag.py:3947} INFO - Setting next_dagrun for aerotrack_travel_estado_real_vuelo to 2026-07-09 00:00:00+00:00, run_after=2026-07-10 00:00:00+00:00
[2026-07-09T00:53:19.586-0500] {processor.py:183} INFO - Processing /opt/airflow/dags/dag_estado_real_vuelo.py took 0.117 seconds
[2026-07-09T00:53:50.239-0500] {processor.py:161} INFO - Started process (PID=7714) to work on /opt/airflow/dags/dag_estado_real_vuelo.py
[2026-07-09T00:53:50.240-0500] {processor.py:830} INFO - Processing file /opt/airflow/dags/dag_estado_real_vuelo.py for tasks to queue
[2026-07-09T00:53:50.242-0500] {logging_mixin.py:188} INFO - [2026-07-09T00:53:50.242-0500] {dagbag.py:545} INFO - Filling up the DagBag from /opt/airflow/dags/dag_estado_real_vuelo.py
[2026-07-09T00:53:50.274-0500] {processor.py:840} INFO - DAG(s) 'aerotrack_travel_estado_real_vuelo' retrieved from /opt/airflow/dags/dag_estado_real_vuelo.py
[2026-07-09T00:53:50.304-0500] {logging_mixin.py:188} INFO - [2026-07-09T00:53:50.304-0500] {dag.py:3089} INFO - Sync 1 DAGs
[2026-07-09T00:53:50.322-0500] {logging_mixin.py:188} INFO - [2026-07-09T00:53:50.322-0500] {dag.py:3947} INFO - Setting next_dagrun for aerotrack_travel_estado_real_vuelo to 2026-07-09 00:00:00+00:00, run_after=2026-07-10 00:00:00+00:00
[2026-07-09T00:53:50.340-0500] {processor.py:183} INFO - Processing /opt/airflow/dags/dag_estado_real_vuelo.py took 0.105 seconds
[2026-07-09T00:54:20.987-0500] {processor.py:161} INFO - Started process (PID=7741) to work on /opt/airflow/dags/dag_estado_real_vuelo.py
[2026-07-09T00:54:20.988-0500] {processor.py:830} INFO - Processing file /opt/airflow/dags/dag_estado_real_vuelo.py for tasks to queue
[2026-07-09T00:54:20.989-0500] {logging_mixin.py:188} INFO - [2026-07-09T00:54:20.989-0500] {dagbag.py:545} INFO - Filling up the DagBag from /opt/airflow/dags/dag_estado_real_vuelo.py
[2026-07-09T00:54:21.020-0500] {processor.py:840} INFO - DAG(s) 'aerotrack_travel_estado_real_vuelo' retrieved from /opt/airflow/dags/dag_estado_real_vuelo.py
[2026-07-09T00:54:21.048-0500] {logging_mixin.py:188} INFO - [2026-07-09T00:54:21.048-0500] {dag.py:3089} INFO - Sync 1 DAGs
[2026-07-09T00:54:21.064-0500] {logging_mixin.py:188} INFO - [2026-07-09T00:54:21.064-0500] {dag.py:3947} INFO - Setting next_dagrun for aerotrack_travel_estado_real_vuelo to 2026-07-09 00:00:00+00:00, run_after=2026-07-10 00:00:00+00:00
[2026-07-09T00:54:21.082-0500] {processor.py:183} INFO - Processing /opt/airflow/dags/dag_estado_real_vuelo.py took 0.100 seconds
[2026-07-09T00:54:51.747-0500] {processor.py:161} INFO - Started process (PID=7768) to work on /opt/airflow/dags/dag_estado_real_vuelo.py
[2026-07-09T00:54:51.748-0500] {processor.py:830} INFO - Processing file /opt/airflow/dags/dag_estado_real_vuelo.py for tasks to queue
[2026-07-09T00:54:51.749-0500] {logging_mixin.py:188} INFO - [2026-07-09T00:54:51.749-0500] {dagbag.py:545} INFO - Filling up the DagBag from /opt/airflow/dags/dag_estado_real_vuelo.py
[2026-07-09T00:54:51.787-0500] {processor.py:840} INFO - DAG(s) 'aerotrack_travel_estado_real_vuelo' retrieved from /opt/airflow/dags/dag_estado_real_vuelo.py
[2026-07-09T00:54:51.816-0500] {logging_mixin.py:188} INFO - [2026-07-09T00:54:51.816-0500] {dag.py:3089} INFO - Sync 1 DAGs
[2026-07-09T00:54:51.834-0500] {logging_mixin.py:188} INFO - [2026-07-09T00:54:51.834-0500] {dag.py:3947} INFO - Setting next_dagrun for aerotrack_travel_estado_real_vuelo to 2026-07-09 00:00:00+00:00, run_after=2026-07-10 00:00:00+00:00
[2026-07-09T00:54:51.849-0500] {processor.py:183} INFO - Processing /opt/airflow/dags/dag_estado_real_vuelo.py took 0.107 seconds
[2026-07-09T00:55:22.544-0500] {processor.py:161} INFO - Started process (PID=7795) to work on /opt/airflow/dags/dag_estado_real_vuelo.py
[2026-07-09T00:55:22.545-0500] {processor.py:830} INFO - Processing file /opt/airflow/dags/dag_estado_real_vuelo.py for tasks to queue
[2026-07-09T00:55:22.546-0500] {logging_mixin.py:188} INFO - [2026-07-09T00:55:22.546-0500] {dagbag.py:545} INFO - Filling up the DagBag from /opt/airflow/dags/dag_estado_real_vuelo.py
[2026-07-09T00:55:22.589-0500] {processor.py:840} INFO - DAG(s) 'aerotrack_travel_estado_real_vuelo' retrieved from /opt/airflow/dags/dag_estado_real_vuelo.py
[2026-07-09T00:55:22.619-0500] {logging_mixin.py:188} INFO - [2026-07-09T00:55:22.618-0500] {dag.py:3089} INFO - Sync 1 DAGs
[2026-07-09T00:55:22.638-0500] {logging_mixin.py:188} INFO - [2026-07-09T00:55:22.637-0500] {dag.py:3947} INFO - Setting next_dagrun for aerotrack_travel_estado_real_vuelo to 2026-07-09 00:00:00+00:00, run_after=2026-07-10 00:00:00+00:00
[2026-07-09T00:55:22.653-0500] {processor.py:183} INFO - Processing /opt/airflow/dags/dag_estado_real_vuelo.py took 0.114 seconds
[2026-07-09T00:55:53.458-0500] {processor.py:161} INFO - Started process (PID=7822) to work on /opt/airflow/dags/dag_estado_real_vuelo.py
[2026-07-09T00:55:53.459-0500] {processor.py:830} INFO - Processing file /opt/airflow/dags/dag_estado_real_vuelo.py for tasks to queue
[2026-07-09T00:55:53.461-0500] {logging_mixin.py:188} INFO - [2026-07-09T00:55:53.461-0500] {dagbag.py:545} INFO - Filling up the DagBag from /opt/airflow/dags/dag_estado_real_vuelo.py
[2026-07-09T00:55:53.498-0500] {processor.py:840} INFO - DAG(s) 'aerotrack_travel_estado_real_vuelo' retrieved from /opt/airflow/dags/dag_estado_real_vuelo.py
[2026-07-09T00:55:53.641-0500] {logging_mixin.py:188} INFO - [2026-07-09T00:55:53.641-0500] {dag.py:3089} INFO - Sync 1 DAGs
[2026-07-09T00:55:53.725-0500] {logging_mixin.py:188} INFO - [2026-07-09T00:55:53.725-0500] {dag.py:3947} INFO - Setting next_dagrun for aerotrack_travel_estado_real_vuelo to 2026-07-09 00:00:00+00:00, run_after=2026-07-10 00:00:00+00:00
[2026-07-09T00:55:53.869-0500] {processor.py:183} INFO - Processing /opt/airflow/dags/dag_estado_real_vuelo.py took 0.415 seconds
[2026-07-09T00:56:24.401-0500] {processor.py:161} INFO - Started process (PID=7849) to work on /opt/airflow/dags/dag_estado_real_vuelo.py
[2026-07-09T00:56:24.403-0500] {processor.py:830} INFO - Processing file /opt/airflow/dags/dag_estado_real_vuelo.py for tasks to queue
[2026-07-09T00:56:24.405-0500] {logging_mixin.py:188} INFO - [2026-07-09T00:56:24.404-0500] {dagbag.py:545} INFO - Filling up the DagBag from /opt/airflow/dags/dag_estado_real_vuelo.py
[2026-07-09T00:56:24.450-0500] {processor.py:840} INFO - DAG(s) 'aerotrack_travel_estado_real_vuelo' retrieved from /opt/airflow/dags/dag_estado_real_vuelo.py
[2026-07-09T00:56:24.480-0500] {logging_mixin.py:188} INFO - [2026-07-09T00:56:24.479-0500] {dag.py:3089} INFO - Sync 1 DAGs
[2026-07-09T00:56:24.497-0500] {logging_mixin.py:188} INFO - [2026-07-09T00:56:24.497-0500] {dag.py:3947} INFO - Setting next_dagrun for aerotrack_travel_estado_real_vuelo to 2026-07-09 00:00:00+00:00, run_after=2026-07-10 00:00:00+00:00
[2026-07-09T00:56:24.512-0500] {processor.py:183} INFO - Processing /opt/airflow/dags/dag_estado_real_vuelo.py took 0.116 seconds
[2026-07-09T00:56:55.225-0500] {processor.py:161} INFO - Started process (PID=7876) to work on /opt/airflow/dags/dag_estado_real_vuelo.py
[2026-07-09T00:56:55.226-0500] {processor.py:830} INFO - Processing file /opt/airflow/dags/dag_estado_real_vuelo.py for tasks to queue
[2026-07-09T00:56:55.228-0500] {logging_mixin.py:188} INFO - [2026-07-09T00:56:55.228-0500] {dagbag.py:545} INFO - Filling up the DagBag from /opt/airflow/dags/dag_estado_real_vuelo.py
[2026-07-09T00:56:55.263-0500] {processor.py:840} INFO - DAG(s) 'aerotrack_travel_estado_real_vuelo' retrieved from /opt/airflow/dags/dag_estado_real_vuelo.py
[2026-07-09T00:56:55.296-0500] {logging_mixin.py:188} INFO - [2026-07-09T00:56:55.296-0500] {dag.py:3089} INFO - Sync 1 DAGs
[2026-07-09T00:56:55.319-0500] {logging_mixin.py:188} INFO - [2026-07-09T00:56:55.319-0500] {dag.py:3947} INFO - Setting next_dagrun for aerotrack_travel_estado_real_vuelo to 2026-07-09 00:00:00+00:00, run_after=2026-07-10 00:00:00+00:00
[2026-07-09T00:56:55.335-0500] {processor.py:183} INFO - Processing /opt/airflow/dags/dag_estado_real_vuelo.py took 0.114 seconds
[2026-07-09T00:57:26.122-0500] {processor.py:161} INFO - Started process (PID=7903) to work on /opt/airflow/dags/dag_estado_real_vuelo.py
[2026-07-09T00:57:26.123-0500] {processor.py:830} INFO - Processing file /opt/airflow/dags/dag_estado_real_vuelo.py for tasks to queue
[2026-07-09T00:57:26.125-0500] {logging_mixin.py:188} INFO - [2026-07-09T00:57:26.125-0500] {dagbag.py:545} INFO - Filling up the DagBag from /opt/airflow/dags/dag_estado_real_vuelo.py
[2026-07-09T00:57:26.163-0500] {processor.py:840} INFO - DAG(s) 'aerotrack_travel_estado_real_vuelo' retrieved from /opt/airflow/dags/dag_estado_real_vuelo.py
[2026-07-09T00:57:26.194-0500] {logging_mixin.py:188} INFO - [2026-07-09T00:57:26.194-0500] {dag.py:3089} INFO - Sync 1 DAGs
[2026-07-09T00:57:26.214-0500] {logging_mixin.py:188} INFO - [2026-07-09T00:57:26.213-0500] {dag.py:3947} INFO - Setting next_dagrun for aerotrack_travel_estado_real_vuelo to 2026-07-09 00:00:00+00:00, run_after=2026-07-10 00:00:00+00:00
[2026-07-09T00:57:26.229-0500] {processor.py:183} INFO - Processing /opt/airflow/dags/dag_estado_real_vuelo.py took 0.113 seconds
[2026-07-09T00:57:57.011-0500] {processor.py:161} INFO - Started process (PID=7930) to work on /opt/airflow/dags/dag_estado_real_vuelo.py
[2026-07-09T00:57:57.012-0500] {processor.py:830} INFO - Processing file /opt/airflow/dags/dag_estado_real_vuelo.py for tasks to queue
[2026-07-09T00:57:57.013-0500] {logging_mixin.py:188} INFO - [2026-07-09T00:57:57.013-0500] {dagbag.py:545} INFO - Filling up the DagBag from /opt/airflow/dags/dag_estado_real_vuelo.py
[2026-07-09T00:57:57.048-0500] {processor.py:840} INFO - DAG(s) 'aerotrack_travel_estado_real_vuelo' retrieved from /opt/airflow/dags/dag_estado_real_vuelo.py
[2026-07-09T00:57:57.084-0500] {logging_mixin.py:188} INFO - [2026-07-09T00:57:57.084-0500] {dag.py:3089} INFO - Sync 1 DAGs
[2026-07-09T00:57:57.106-0500] {logging_mixin.py:188} INFO - [2026-07-09T00:57:57.106-0500] {dag.py:3947} INFO - Setting next_dagrun for aerotrack_travel_estado_real_vuelo to 2026-07-09 00:00:00+00:00, run_after=2026-07-10 00:00:00+00:00
[2026-07-09T00:57:57.123-0500] {processor.py:183} INFO - Processing /opt/airflow/dags/dag_estado_real_vuelo.py took 0.116 seconds
[2026-07-09T00:58:27.844-0500] {processor.py:161} INFO - Started process (PID=7957) to work on /opt/airflow/dags/dag_estado_real_vuelo.py
[2026-07-09T00:58:27.845-0500] {processor.py:830} INFO - Processing file /opt/airflow/dags/dag_estado_real_vuelo.py for tasks to queue
[2026-07-09T00:58:27.847-0500] {logging_mixin.py:188} INFO - [2026-07-09T00:58:27.846-0500] {dagbag.py:545} INFO - Filling up the DagBag from /opt/airflow/dags/dag_estado_real_vuelo.py
[2026-07-09T00:58:27.893-0500] {processor.py:840} INFO - DAG(s) 'aerotrack_travel_estado_real_vuelo' retrieved from /opt/airflow/dags/dag_estado_real_vuelo.py
[2026-07-09T00:58:27.928-0500] {logging_mixin.py:188} INFO - [2026-07-09T00:58:27.928-0500] {dag.py:3089} INFO - Sync 1 DAGs
[2026-07-09T00:58:27.950-0500] {logging_mixin.py:188} INFO - [2026-07-09T00:58:27.949-0500] {dag.py:3947} INFO - Setting next_dagrun for aerotrack_travel_estado_real_vuelo to 2026-07-09 00:00:00+00:00, run_after=2026-07-10 00:00:00+00:00
[2026-07-09T00:58:27.966-0500] {processor.py:183} INFO - Processing /opt/airflow/dags/dag_estado_real_vuelo.py took 0.127 seconds
[2026-07-09T00:58:58.650-0500] {processor.py:161} INFO - Started process (PID=7984) to work on /opt/airflow/dags/dag_estado_real_vuelo.py
[2026-07-09T00:58:58.651-0500] {processor.py:830} INFO - Processing file /opt/airflow/dags/dag_estado_real_vuelo.py for tasks to queue
[2026-07-09T00:58:58.653-0500] {logging_mixin.py:188} INFO - [2026-07-09T00:58:58.653-0500] {dagbag.py:545} INFO - Filling up the DagBag from /opt/airflow/dags/dag_estado_real_vuelo.py
[2026-07-09T00:58:58.703-0500] {processor.py:840} INFO - DAG(s) 'aerotrack_travel_estado_real_vuelo' retrieved from /opt/airflow/dags/dag_estado_real_vuelo.py
[2026-07-09T00:58:58.737-0500] {logging_mixin.py:188} INFO - [2026-07-09T00:58:58.737-0500] {dag.py:3089} INFO - Sync 1 DAGs
[2026-07-09T00:58:58.756-0500] {logging_mixin.py:188} INFO - [2026-07-09T00:58:58.756-0500] {dag.py:3947} INFO - Setting next_dagrun for aerotrack_travel_estado_real_vuelo to 2026-07-09 00:00:00+00:00, run_after=2026-07-10 00:00:00+00:00
[2026-07-09T00:58:58.773-0500] {processor.py:183} INFO - Processing /opt/airflow/dags/dag_estado_real_vuelo.py took 0.128 seconds
[2026-07-09T00:59:29.516-0500] {processor.py:161} INFO - Started process (PID=8011) to work on /opt/airflow/dags/dag_estado_real_vuelo.py
[2026-07-09T00:59:29.517-0500] {processor.py:830} INFO - Processing file /opt/airflow/dags/dag_estado_real_vuelo.py for tasks to queue
[2026-07-09T00:59:29.518-0500] {logging_mixin.py:188} INFO - [2026-07-09T00:59:29.518-0500] {dagbag.py:545} INFO - Filling up the DagBag from /opt/airflow/dags/dag_estado_real_vuelo.py
[2026-07-09T00:59:29.552-0500] {processor.py:840} INFO - DAG(s) 'aerotrack_travel_estado_real_vuelo' retrieved from /opt/airflow/dags/dag_estado_real_vuelo.py
[2026-07-09T00:59:29.585-0500] {logging_mixin.py:188} INFO - [2026-07-09T00:59:29.585-0500] {dag.py:3089} INFO - Sync 1 DAGs
[2026-07-09T00:59:29.609-0500] {logging_mixin.py:188} INFO - [2026-07-09T00:59:29.608-0500] {dag.py:3947} INFO - Setting next_dagrun for aerotrack_travel_estado_real_vuelo to 2026-07-09 00:00:00+00:00, run_after=2026-07-10 00:00:00+00:00
[2026-07-09T00:59:29.625-0500] {processor.py:183} INFO - Processing /opt/airflow/dags/dag_estado_real_vuelo.py took 0.114 seconds
[2026-07-09T01:00:00.440-0500] {processor.py:161} INFO - Started process (PID=8038) to work on /opt/airflow/dags/dag_estado_real_vuelo.py
[2026-07-09T01:00:00.440-0500] {processor.py:830} INFO - Processing file /opt/airflow/dags/dag_estado_real_vuelo.py for tasks to queue
[2026-07-09T01:00:00.442-0500] {logging_mixin.py:188} INFO - [2026-07-09T01:00:00.442-0500] {dagbag.py:545} INFO - Filling up the DagBag from /opt/airflow/dags/dag_estado_real_vuelo.py
[2026-07-09T01:00:00.475-0500] {processor.py:840} INFO - DAG(s) 'aerotrack_travel_estado_real_vuelo' retrieved from /opt/airflow/dags/dag_estado_real_vuelo.py
[2026-07-09T01:00:00.506-0500] {logging_mixin.py:188} INFO - [2026-07-09T01:00:00.506-0500] {dag.py:3089} INFO - Sync 1 DAGs
[2026-07-09T01:00:00.529-0500] {logging_mixin.py:188} INFO - [2026-07-09T01:00:00.528-0500] {dag.py:3947} INFO - Setting next_dagrun for aerotrack_travel_estado_real_vuelo to 2026-07-09 00:00:00+00:00, run_after=2026-07-10 00:00:00+00:00
[2026-07-09T01:00:00.544-0500] {processor.py:183} INFO - Processing /opt/airflow/dags/dag_estado_real_vuelo.py took 0.109 seconds
[2026-07-09T01:00:31.300-0500] {processor.py:161} INFO - Started process (PID=8065) to work on /opt/airflow/dags/dag_estado_real_vuelo.py
[2026-07-09T01:00:31.301-0500] {processor.py:830} INFO - Processing file /opt/airflow/dags/dag_estado_real_vuelo.py for tasks to queue
[2026-07-09T01:00:31.303-0500] {logging_mixin.py:188} INFO - [2026-07-09T01:00:31.303-0500] {dagbag.py:545} INFO - Filling up the DagBag from /opt/airflow/dags/dag_estado_real_vuelo.py
[2026-07-09T01:00:31.342-0500] {processor.py:840} INFO - DAG(s) 'aerotrack_travel_estado_real_vuelo' retrieved from /opt/airflow/dags/dag_estado_real_vuelo.py
[2026-07-09T01:00:31.375-0500] {logging_mixin.py:188} INFO - [2026-07-09T01:00:31.375-0500] {dag.py:3089} INFO - Sync 1 DAGs
[2026-07-09T01:00:31.394-0500] {logging_mixin.py:188} INFO - [2026-07-09T01:00:31.394-0500] {dag.py:3947} INFO - Setting next_dagrun for aerotrack_travel_estado_real_vuelo to 2026-07-09 00:00:00+00:00, run_after=2026-07-10 00:00:00+00:00
[2026-07-09T01:00:31.409-0500] {processor.py:183} INFO - Processing /opt/airflow/dags/dag_estado_real_vuelo.py took 0.113 seconds
[2026-07-09T01:01:02.216-0500] {processor.py:161} INFO - Started process (PID=8092) to work on /opt/airflow/dags/dag_estado_real_vuelo.py
[2026-07-09T01:01:02.217-0500] {processor.py:830} INFO - Processing file /opt/airflow/dags/dag_estado_real_vuelo.py for tasks to queue
[2026-07-09T01:01:02.218-0500] {logging_mixin.py:188} INFO - [2026-07-09T01:01:02.218-0500] {dagbag.py:545} INFO - Filling up the DagBag from /opt/airflow/dags/dag_estado_real_vuelo.py
[2026-07-09T01:01:02.263-0500] {processor.py:840} INFO - DAG(s) 'aerotrack_travel_estado_real_vuelo' retrieved from /opt/airflow/dags/dag_estado_real_vuelo.py
[2026-07-09T01:01:02.297-0500] {logging_mixin.py:188} INFO - [2026-07-09T01:01:02.297-0500] {dag.py:3089} INFO - Sync 1 DAGs
[2026-07-09T01:01:02.318-0500] {logging_mixin.py:188} INFO - [2026-07-09T01:01:02.318-0500] {dag.py:3947} INFO - Setting next_dagrun for aerotrack_travel_estado_real_vuelo to 2026-07-09 00:00:00+00:00, run_after=2026-07-10 00:00:00+00:00
[2026-07-09T01:01:02.334-0500] {processor.py:183} INFO - Processing /opt/airflow/dags/dag_estado_real_vuelo.py took 0.123 seconds
[2026-07-09T01:01:33.236-0500] {processor.py:161} INFO - Started process (PID=8119) to work on /opt/airflow/dags/dag_estado_real_vuelo.py
[2026-07-09T01:01:33.237-0500] {processor.py:830} INFO - Processing file /opt/airflow/dags/dag_estado_real_vuelo.py for tasks to queue
[2026-07-09T01:01:33.239-0500] {logging_mixin.py:188} INFO - [2026-07-09T01:01:33.238-0500] {dagbag.py:545} INFO - Filling up the DagBag from /opt/airflow/dags/dag_estado_real_vuelo.py
[2026-07-09T01:01:33.289-0500] {processor.py:840} INFO - DAG(s) 'aerotrack_travel_estado_real_vuelo' retrieved from /opt/airflow/dags/dag_estado_real_vuelo.py
[2026-07-09T01:01:33.324-0500] {logging_mixin.py:188} INFO - [2026-07-09T01:01:33.324-0500] {dag.py:3089} INFO - Sync 1 DAGs
[2026-07-09T01:01:33.343-0500] {logging_mixin.py:188} INFO - [2026-07-09T01:01:33.343-0500] {dag.py:3947} INFO - Setting next_dagrun for aerotrack_travel_estado_real_vuelo to 2026-07-09 00:00:00+00:00, run_after=2026-07-10 00:00:00+00:00
[2026-07-09T01:01:33.359-0500] {processor.py:183} INFO - Processing /opt/airflow/dags/dag_estado_real_vuelo.py took 0.127 seconds
[2026-07-09T01:02:04.014-0500] {processor.py:161} INFO - Started process (PID=8146) to work on /opt/airflow/dags/dag_estado_real_vuelo.py
[2026-07-09T01:02:04.015-0500] {processor.py:830} INFO - Processing file /opt/airflow/dags/dag_estado_real_vuelo.py for tasks to queue
[2026-07-09T01:02:04.016-0500] {logging_mixin.py:188} INFO - [2026-07-09T01:02:04.016-0500] {dagbag.py:545} INFO - Filling up the DagBag from /opt/airflow/dags/dag_estado_real_vuelo.py
[2026-07-09T01:02:04.058-0500] {processor.py:840} INFO - DAG(s) 'aerotrack_travel_estado_real_vuelo' retrieved from /opt/airflow/dags/dag_estado_real_vuelo.py
[2026-07-09T01:02:04.098-0500] {logging_mixin.py:188} INFO - [2026-07-09T01:02:04.098-0500] {dag.py:3089} INFO - Sync 1 DAGs
[2026-07-09T01:02:04.116-0500] {logging_mixin.py:188} INFO - [2026-07-09T01:02:04.116-0500] {dag.py:3947} INFO - Setting next_dagrun for aerotrack_travel_estado_real_vuelo to 2026-07-09 00:00:00+00:00, run_after=2026-07-10 00:00:00+00:00
[2026-07-09T01:02:04.130-0500] {processor.py:183} INFO - Processing /opt/airflow/dags/dag_estado_real_vuelo.py took 0.121 seconds
[2026-07-09T01:02:34.919-0500] {processor.py:161} INFO - Started process (PID=8173) to work on /opt/airflow/dags/dag_estado_real_vuelo.py
[2026-07-09T01:02:34.920-0500] {processor.py:830} INFO - Processing file /opt/airflow/dags/dag_estado_real_vuelo.py for tasks to queue
[2026-07-09T01:02:34.922-0500] {logging_mixin.py:188} INFO - [2026-07-09T01:02:34.922-0500] {dagbag.py:545} INFO - Filling up the DagBag from /opt/airflow/dags/dag_estado_real_vuelo.py
[2026-07-09T01:02:34.968-0500] {processor.py:840} INFO - DAG(s) 'aerotrack_travel_estado_real_vuelo' retrieved from /opt/airflow/dags/dag_estado_real_vuelo.py
[2026-07-09T01:02:35.004-0500] {logging_mixin.py:188} INFO - [2026-07-09T01:02:35.004-0500] {dag.py:3089} INFO - Sync 1 DAGs
[2026-07-09T01:02:35.023-0500] {logging_mixin.py:188} INFO - [2026-07-09T01:02:35.022-0500] {dag.py:3947} INFO - Setting next_dagrun for aerotrack_travel_estado_real_vuelo to 2026-07-09 00:00:00+00:00, run_after=2026-07-10 00:00:00+00:00
[2026-07-09T01:02:35.038-0500] {processor.py:183} INFO - Processing /opt/airflow/dags/dag_estado_real_vuelo.py took 0.123 seconds
[2026-07-09T01:03:05.771-0500] {processor.py:161} INFO - Started process (PID=8200) to work on /opt/airflow/dags/dag_estado_real_vuelo.py
[2026-07-09T01:03:05.772-0500] {processor.py:830} INFO - Processing file /opt/airflow/dags/dag_estado_real_vuelo.py for tasks to queue
[2026-07-09T01:03:05.774-0500] {logging_mixin.py:188} INFO - [2026-07-09T01:03:05.773-0500] {dagbag.py:545} INFO - Filling up the DagBag from /opt/airflow/dags/dag_estado_real_vuelo.py
[2026-07-09T01:03:05.805-0500] {processor.py:840} INFO - DAG(s) 'aerotrack_travel_estado_real_vuelo' retrieved from /opt/airflow/dags/dag_estado_real_vuelo.py
[2026-07-09T01:03:05.838-0500] {logging_mixin.py:188} INFO - [2026-07-09T01:03:05.838-0500] {dag.py:3089} INFO - Sync 1 DAGs
[2026-07-09T01:03:05.856-0500] {logging_mixin.py:188} INFO - [2026-07-09T01:03:05.856-0500] {dag.py:3947} INFO - Setting next_dagrun for aerotrack_travel_estado_real_vuelo to 2026-07-09 00:00:00+00:00, run_after=2026-07-10 00:00:00+00:00
[2026-07-09T01:03:05.871-0500] {processor.py:183} INFO - Processing /opt/airflow/dags/dag_estado_real_vuelo.py took 0.105 seconds
[2026-07-09T01:03:36.528-0500] {processor.py:161} INFO - Started process (PID=8227) to work on /opt/airflow/dags/dag_estado_real_vuelo.py
[2026-07-09T01:03:36.529-0500] {processor.py:830} INFO - Processing file /opt/airflow/dags/dag_estado_real_vuelo.py for tasks to queue
[2026-07-09T01:03:36.531-0500] {logging_mixin.py:188} INFO - [2026-07-09T01:03:36.530-0500] {dagbag.py:545} INFO - Filling up the DagBag from /opt/airflow/dags/dag_estado_real_vuelo.py
[2026-07-09T01:03:36.575-0500] {processor.py:840} INFO - DAG(s) 'aerotrack_travel_estado_real_vuelo' retrieved from /opt/airflow/dags/dag_estado_real_vuelo.py
[2026-07-09T01:03:36.615-0500] {logging_mixin.py:188} INFO - [2026-07-09T01:03:36.615-0500] {dag.py:3089} INFO - Sync 1 DAGs
[2026-07-09T01:03:36.634-0500] {logging_mixin.py:188} INFO - [2026-07-09T01:03:36.634-0500] {dag.py:3947} INFO - Setting next_dagrun for aerotrack_travel_estado_real_vuelo to 2026-07-09 00:00:00+00:00, run_after=2026-07-10 00:00:00+00:00
[2026-07-09T01:03:36.649-0500] {processor.py:183} INFO - Processing /opt/airflow/dags/dag_estado_real_vuelo.py took 0.125 seconds
[2026-07-09T01:04:07.316-0500] {processor.py:161} INFO - Started process (PID=8254) to work on /opt/airflow/dags/dag_estado_real_vuelo.py
[2026-07-09T01:04:07.317-0500] {processor.py:830} INFO - Processing file /opt/airflow/dags/dag_estado_real_vuelo.py for tasks to queue
[2026-07-09T01:04:07.323-0500] {logging_mixin.py:188} INFO - [2026-07-09T01:04:07.323-0500] {dagbag.py:545} INFO - Filling up the DagBag from /opt/airflow/dags/dag_estado_real_vuelo.py
[2026-07-09T01:04:07.363-0500] {processor.py:840} INFO - DAG(s) 'aerotrack_travel_estado_real_vuelo' retrieved from /opt/airflow/dags/dag_estado_real_vuelo.py
[2026-07-09T01:04:07.398-0500] {logging_mixin.py:188} INFO - [2026-07-09T01:04:07.397-0500] {dag.py:3089} INFO - Sync 1 DAGs
[2026-07-09T01:04:07.417-0500] {logging_mixin.py:188} INFO - [2026-07-09T01:04:07.417-0500] {dag.py:3947} INFO - Setting next_dagrun for aerotrack_travel_estado_real_vuelo to 2026-07-09 00:00:00+00:00, run_after=2026-07-10 00:00:00+00:00
[2026-07-09T01:04:07.435-0500] {processor.py:183} INFO - Processing /opt/airflow/dags/dag_estado_real_vuelo.py took 0.123 seconds
[2026-07-09T01:04:38.244-0500] {processor.py:161} INFO - Started process (PID=8281) to work on /opt/airflow/dags/dag_estado_real_vuelo.py
[2026-07-09T01:04:38.245-0500] {processor.py:830} INFO - Processing file /opt/airflow/dags/dag_estado_real_vuelo.py for tasks to queue
[2026-07-09T01:04:38.247-0500] {logging_mixin.py:188} INFO - [2026-07-09T01:04:38.247-0500] {dagbag.py:545} INFO - Filling up the DagBag from /opt/airflow/dags/dag_estado_real_vuelo.py
[2026-07-09T01:04:38.294-0500] {processor.py:840} INFO - DAG(s) 'aerotrack_travel_estado_real_vuelo' retrieved from /opt/airflow/dags/dag_estado_real_vuelo.py
[2026-07-09T01:04:38.337-0500] {logging_mixin.py:188} INFO - [2026-07-09T01:04:38.337-0500] {dag.py:3089} INFO - Sync 1 DAGs
[2026-07-09T01:04:38.362-0500] {logging_mixin.py:188} INFO - [2026-07-09T01:04:38.362-0500] {dag.py:3947} INFO - Setting next_dagrun for aerotrack_travel_estado_real_vuelo to 2026-07-09 00:00:00+00:00, run_after=2026-07-10 00:00:00+00:00
[2026-07-09T01:04:38.379-0500] {processor.py:183} INFO - Processing /opt/airflow/dags/dag_estado_real_vuelo.py took 0.139 seconds
[2026-07-09T01:05:09.030-0500] {processor.py:161} INFO - Started process (PID=8308) to work on /opt/airflow/dags/dag_estado_real_vuelo.py
[2026-07-09T01:05:09.031-0500] {processor.py:830} INFO - Processing file /opt/airflow/dags/dag_estado_real_vuelo.py for tasks to queue
[2026-07-09T01:05:09.032-0500] {logging_mixin.py:188} INFO - [2026-07-09T01:05:09.032-0500] {dagbag.py:545} INFO - Filling up the DagBag from /opt/airflow/dags/dag_estado_real_vuelo.py
[2026-07-09T01:05:09.075-0500] {processor.py:840} INFO - DAG(s) 'aerotrack_travel_estado_real_vuelo' retrieved from /opt/airflow/dags/dag_estado_real_vuelo.py
[2026-07-09T01:05:09.105-0500] {logging_mixin.py:188} INFO - [2026-07-09T01:05:09.104-0500] {dag.py:3089} INFO - Sync 1 DAGs
[2026-07-09T01:05:09.124-0500] {logging_mixin.py:188} INFO - [2026-07-09T01:05:09.123-0500] {dag.py:3947} INFO - Setting next_dagrun for aerotrack_travel_estado_real_vuelo to 2026-07-09 00:00:00+00:00, run_after=2026-07-10 00:00:00+00:00
[2026-07-09T01:05:09.140-0500] {processor.py:183} INFO - Processing /opt/airflow/dags/dag_estado_real_vuelo.py took 0.115 seconds
[2026-07-09T01:05:39.979-0500] {processor.py:161} INFO - Started process (PID=8335) to work on /opt/airflow/dags/dag_estado_real_vuelo.py
[2026-07-09T01:05:39.979-0500] {processor.py:830} INFO - Processing file /opt/airflow/dags/dag_estado_real_vuelo.py for tasks to queue
[2026-07-09T01:05:39.981-0500] {logging_mixin.py:188} INFO - [2026-07-09T01:05:39.981-0500] {dagbag.py:545} INFO - Filling up the DagBag from /opt/airflow/dags/dag_estado_real_vuelo.py
[2026-07-09T01:05:40.031-0500] {processor.py:840} INFO - DAG(s) 'aerotrack_travel_estado_real_vuelo' retrieved from /opt/airflow/dags/dag_estado_real_vuelo.py
[2026-07-09T01:05:40.062-0500] {logging_mixin.py:188} INFO - [2026-07-09T01:05:40.062-0500] {dag.py:3089} INFO - Sync 1 DAGs
[2026-07-09T01:05:40.079-0500] {logging_mixin.py:188} INFO - [2026-07-09T01:05:40.079-0500] {dag.py:3947} INFO - Setting next_dagrun for aerotrack_travel_estado_real_vuelo to 2026-07-09 00:00:00+00:00, run_after=2026-07-10 00:00:00+00:00
[2026-07-09T01:05:40.094-0500] {processor.py:183} INFO - Processing /opt/airflow/dags/dag_estado_real_vuelo.py took 0.121 seconds
[2026-07-09T01:06:10.746-0500] {processor.py:161} INFO - Started process (PID=8362) to work on /opt/airflow/dags/dag_estado_real_vuelo.py
[2026-07-09T01:06:10.747-0500] {processor.py:830} INFO - Processing file /opt/airflow/dags/dag_estado_real_vuelo.py for tasks to queue
[2026-07-09T01:06:10.748-0500] {logging_mixin.py:188} INFO - [2026-07-09T01:06:10.748-0500] {dagbag.py:545} INFO - Filling up the DagBag from /opt/airflow/dags/dag_estado_real_vuelo.py
[2026-07-09T01:06:10.782-0500] {processor.py:840} INFO - DAG(s) 'aerotrack_travel_estado_real_vuelo' retrieved from /opt/airflow/dags/dag_estado_real_vuelo.py
[2026-07-09T01:06:10.816-0500] {logging_mixin.py:188} INFO - [2026-07-09T01:06:10.816-0500] {dag.py:3089} INFO - Sync 1 DAGs
[2026-07-09T01:06:10.832-0500] {logging_mixin.py:188} INFO - [2026-07-09T01:06:10.832-0500] {dag.py:3947} INFO - Setting next_dagrun for aerotrack_travel_estado_real_vuelo to 2026-07-09 00:00:00+00:00, run_after=2026-07-10 00:00:00+00:00
[2026-07-09T01:06:10.845-0500] {processor.py:183} INFO - Processing /opt/airflow/dags/dag_estado_real_vuelo.py took 0.103 seconds
[2026-07-09T01:06:41.668-0500] {processor.py:161} INFO - Started process (PID=8389) to work on /opt/airflow/dags/dag_estado_real_vuelo.py
[2026-07-09T01:06:41.669-0500] {processor.py:830} INFO - Processing file /opt/airflow/dags/dag_estado_real_vuelo.py for tasks to queue
[2026-07-09T01:06:41.670-0500] {logging_mixin.py:188} INFO - [2026-07-09T01:06:41.670-0500] {dagbag.py:545} INFO - Filling up the DagBag from /opt/airflow/dags/dag_estado_real_vuelo.py
[2026-07-09T01:06:41.703-0500] {processor.py:840} INFO - DAG(s) 'aerotrack_travel_estado_real_vuelo' retrieved from /opt/airflow/dags/dag_estado_real_vuelo.py
[2026-07-09T01:06:41.734-0500] {logging_mixin.py:188} INFO - [2026-07-09T01:06:41.734-0500] {dag.py:3089} INFO - Sync 1 DAGs
[2026-07-09T01:06:41.752-0500] {logging_mixin.py:188} INFO - [2026-07-09T01:06:41.752-0500] {dag.py:3947} INFO - Setting next_dagrun for aerotrack_travel_estado_real_vuelo to 2026-07-09 00:00:00+00:00, run_after=2026-07-10 00:00:00+00:00
[2026-07-09T01:06:41.767-0500] {processor.py:183} INFO - Processing /opt/airflow/dags/dag_estado_real_vuelo.py took 0.104 seconds
[2026-07-09T01:07:12.410-0500] {processor.py:161} INFO - Started process (PID=8416) to work on /opt/airflow/dags/dag_estado_real_vuelo.py
[2026-07-09T01:07:12.411-0500] {processor.py:830} INFO - Processing file /opt/airflow/dags/dag_estado_real_vuelo.py for tasks to queue
[2026-07-09T01:07:12.412-0500] {logging_mixin.py:188} INFO - [2026-07-09T01:07:12.412-0500] {dagbag.py:545} INFO - Filling up the DagBag from /opt/airflow/dags/dag_estado_real_vuelo.py
[2026-07-09T01:07:12.445-0500] {processor.py:840} INFO - DAG(s) 'aerotrack_travel_estado_real_vuelo' retrieved from /opt/airflow/dags/dag_estado_real_vuelo.py
[2026-07-09T01:07:12.473-0500] {logging_mixin.py:188} INFO - [2026-07-09T01:07:12.473-0500] {dag.py:3089} INFO - Sync 1 DAGs
[2026-07-09T01:07:12.490-0500] {logging_mixin.py:188} INFO - [2026-07-09T01:07:12.489-0500] {dag.py:3947} INFO - Setting next_dagrun for aerotrack_travel_estado_real_vuelo to 2026-07-09 00:00:00+00:00, run_after=2026-07-10 00:00:00+00:00
[2026-07-09T01:07:12.506-0500] {processor.py:183} INFO - Processing /opt/airflow/dags/dag_estado_real_vuelo.py took 0.101 seconds
[2026-07-09T01:07:43.273-0500] {processor.py:161} INFO - Started process (PID=8443) to work on /opt/airflow/dags/dag_estado_real_vuelo.py
[2026-07-09T01:07:43.274-0500] {processor.py:830} INFO - Processing file /opt/airflow/dags/dag_estado_real_vuelo.py for tasks to queue
[2026-07-09T01:07:43.275-0500] {logging_mixin.py:188} INFO - [2026-07-09T01:07:43.275-0500] {dagbag.py:545} INFO - Filling up the DagBag from /opt/airflow/dags/dag_estado_real_vuelo.py
[2026-07-09T01:07:43.316-0500] {processor.py:840} INFO - DAG(s) 'aerotrack_travel_estado_real_vuelo' retrieved from /opt/airflow/dags/dag_estado_real_vuelo.py
[2026-07-09T01:07:43.352-0500] {logging_mixin.py:188} INFO - [2026-07-09T01:07:43.352-0500] {dag.py:3089} INFO - Sync 1 DAGs
[2026-07-09T01:07:43.373-0500] {logging_mixin.py:188} INFO - [2026-07-09T01:07:43.373-0500] {dag.py:3947} INFO - Setting next_dagrun for aerotrack_travel_estado_real_vuelo to 2026-07-09 00:00:00+00:00, run_after=2026-07-10 00:00:00+00:00
[2026-07-09T01:07:43.389-0500] {processor.py:183} INFO - Processing /opt/airflow/dags/dag_estado_real_vuelo.py took 0.120 seconds
[2026-07-09T01:08:14.171-0500] {processor.py:161} INFO - Started process (PID=8470) to work on /opt/airflow/dags/dag_estado_real_vuelo.py
[2026-07-09T01:08:14.171-0500] {processor.py:830} INFO - Processing file /opt/airflow/dags/dag_estado_real_vuelo.py for tasks to queue
[2026-07-09T01:08:14.173-0500] {logging_mixin.py:188} INFO - [2026-07-09T01:08:14.173-0500] {dagbag.py:545} INFO - Filling up the DagBag from /opt/airflow/dags/dag_estado_real_vuelo.py
[2026-07-09T01:08:14.202-0500] {processor.py:840} INFO - DAG(s) 'aerotrack_travel_estado_real_vuelo' retrieved from /opt/airflow/dags/dag_estado_real_vuelo.py
[2026-07-09T01:08:14.232-0500] {logging_mixin.py:188} INFO - [2026-07-09T01:08:14.232-0500] {dag.py:3089} INFO - Sync 1 DAGs
[2026-07-09T01:08:14.249-0500] {logging_mixin.py:188} INFO - [2026-07-09T01:08:14.249-0500] {dag.py:3947} INFO - Setting next_dagrun for aerotrack_travel_estado_real_vuelo to 2026-07-09 00:00:00+00:00, run_after=2026-07-10 00:00:00+00:00
[2026-07-09T01:08:14.263-0500] {processor.py:183} INFO - Processing /opt/airflow/dags/dag_estado_real_vuelo.py took 0.097 seconds
[2026-07-09T01:08:44.998-0500] {processor.py:161} INFO - Started process (PID=8497) to work on /opt/airflow/dags/dag_estado_real_vuelo.py
[2026-07-09T01:08:44.999-0500] {processor.py:830} INFO - Processing file /opt/airflow/dags/dag_estado_real_vuelo.py for tasks to queue
[2026-07-09T01:08:45.001-0500] {logging_mixin.py:188} INFO - [2026-07-09T01:08:45.001-0500] {dagbag.py:545} INFO - Filling up the DagBag from /opt/airflow/dags/dag_estado_real_vuelo.py
[2026-07-09T01:08:45.031-0500] {processor.py:840} INFO - DAG(s) 'aerotrack_travel_estado_real_vuelo' retrieved from /opt/airflow/dags/dag_estado_real_vuelo.py
[2026-07-09T01:08:45.063-0500] {logging_mixin.py:188} INFO - [2026-07-09T01:08:45.063-0500] {dag.py:3089} INFO - Sync 1 DAGs
[2026-07-09T01:08:45.080-0500] {logging_mixin.py:188} INFO - [2026-07-09T01:08:45.080-0500] {dag.py:3947} INFO - Setting next_dagrun for aerotrack_travel_estado_real_vuelo to 2026-07-09 00:00:00+00:00, run_after=2026-07-10 00:00:00+00:00
[2026-07-09T01:08:45.094-0500] {processor.py:183} INFO - Processing /opt/airflow/dags/dag_estado_real_vuelo.py took 0.100 seconds
[2026-07-09T01:09:15.783-0500] {processor.py:161} INFO - Started process (PID=8524) to work on /opt/airflow/dags/dag_estado_real_vuelo.py
[2026-07-09T01:09:15.784-0500] {processor.py:830} INFO - Processing file /opt/airflow/dags/dag_estado_real_vuelo.py for tasks to queue
[2026-07-09T01:09:15.785-0500] {logging_mixin.py:188} INFO - [2026-07-09T01:09:15.785-0500] {dagbag.py:545} INFO - Filling up the DagBag from /opt/airflow/dags/dag_estado_real_vuelo.py
[2026-07-09T01:09:15.816-0500] {processor.py:840} INFO - DAG(s) 'aerotrack_travel_estado_real_vuelo' retrieved from /opt/airflow/dags/dag_estado_real_vuelo.py
[2026-07-09T01:09:15.844-0500] {logging_mixin.py:188} INFO - [2026-07-09T01:09:15.844-0500] {dag.py:3089} INFO - Sync 1 DAGs
[2026-07-09T01:09:15.862-0500] {logging_mixin.py:188} INFO - [2026-07-09T01:09:15.862-0500] {dag.py:3947} INFO - Setting next_dagrun for aerotrack_travel_estado_real_vuelo to 2026-07-09 00:00:00+00:00, run_after=2026-07-10 00:00:00+00:00
[2026-07-09T01:09:15.876-0500] {processor.py:183} INFO - Processing /opt/airflow/dags/dag_estado_real_vuelo.py took 0.098 seconds
[2026-07-09T01:09:46.648-0500] {processor.py:161} INFO - Started process (PID=8551) to work on /opt/airflow/dags/dag_estado_real_vuelo.py
[2026-07-09T01:09:46.649-0500] {processor.py:830} INFO - Processing file /opt/airflow/dags/dag_estado_real_vuelo.py for tasks to queue
[2026-07-09T01:09:46.651-0500] {logging_mixin.py:188} INFO - [2026-07-09T01:09:46.650-0500] {dagbag.py:545} INFO - Filling up the DagBag from /opt/airflow/dags/dag_estado_real_vuelo.py
[2026-07-09T01:09:46.678-0500] {processor.py:840} INFO - DAG(s) 'aerotrack_travel_estado_real_vuelo' retrieved from /opt/airflow/dags/dag_estado_real_vuelo.py
[2026-07-09T01:09:46.708-0500] {logging_mixin.py:188} INFO - [2026-07-09T01:09:46.708-0500] {dag.py:3089} INFO - Sync 1 DAGs
[2026-07-09T01:09:46.729-0500] {logging_mixin.py:188} INFO - [2026-07-09T01:09:46.729-0500] {dag.py:3947} INFO - Setting next_dagrun for aerotrack_travel_estado_real_vuelo to 2026-07-09 00:00:00+00:00, run_after=2026-07-10 00:00:00+00:00
[2026-07-09T01:09:46.745-0500] {processor.py:183} INFO - Processing /opt/airflow/dags/dag_estado_real_vuelo.py took 0.103 seconds
[2026-07-09T01:10:17.356-0500] {processor.py:161} INFO - Started process (PID=8578) to work on /opt/airflow/dags/dag_estado_real_vuelo.py
[2026-07-09T01:10:17.357-0500] {processor.py:830} INFO - Processing file /opt/airflow/dags/dag_estado_real_vuelo.py for tasks to queue
[2026-07-09T01:10:17.359-0500] {logging_mixin.py:188} INFO - [2026-07-09T01:10:17.359-0500] {dagbag.py:545} INFO - Filling up the DagBag from /opt/airflow/dags/dag_estado_real_vuelo.py
[2026-07-09T01:10:17.392-0500] {processor.py:840} INFO - DAG(s) 'aerotrack_travel_estado_real_vuelo' retrieved from /opt/airflow/dags/dag_estado_real_vuelo.py
[2026-07-09T01:10:17.420-0500] {logging_mixin.py:188} INFO - [2026-07-09T01:10:17.419-0500] {dag.py:3089} INFO - Sync 1 DAGs
[2026-07-09T01:10:17.435-0500] {logging_mixin.py:188} INFO - [2026-07-09T01:10:17.435-0500] {dag.py:3947} INFO - Setting next_dagrun for aerotrack_travel_estado_real_vuelo to 2026-07-09 00:00:00+00:00, run_after=2026-07-10 00:00:00+00:00
[2026-07-09T01:10:17.449-0500] {processor.py:183} INFO - Processing /opt/airflow/dags/dag_estado_real_vuelo.py took 0.098 seconds
[2026-07-09T01:10:48.103-0500] {processor.py:161} INFO - Started process (PID=8605) to work on /opt/airflow/dags/dag_estado_real_vuelo.py
[2026-07-09T01:10:48.104-0500] {processor.py:830} INFO - Processing file /opt/airflow/dags/dag_estado_real_vuelo.py for tasks to queue
[2026-07-09T01:10:48.105-0500] {logging_mixin.py:188} INFO - [2026-07-09T01:10:48.105-0500] {dagbag.py:545} INFO - Filling up the DagBag from /opt/airflow/dags/dag_estado_real_vuelo.py
[2026-07-09T01:10:48.138-0500] {processor.py:840} INFO - DAG(s) 'aerotrack_travel_estado_real_vuelo' retrieved from /opt/airflow/dags/dag_estado_real_vuelo.py
[2026-07-09T01:10:48.166-0500] {logging_mixin.py:188} INFO - [2026-07-09T01:10:48.166-0500] {dag.py:3089} INFO - Sync 1 DAGs
[2026-07-09T01:10:48.185-0500] {logging_mixin.py:188} INFO - [2026-07-09T01:10:48.185-0500] {dag.py:3947} INFO - Setting next_dagrun for aerotrack_travel_estado_real_vuelo to 2026-07-09 00:00:00+00:00, run_after=2026-07-10 00:00:00+00:00
[2026-07-09T01:10:48.200-0500] {processor.py:183} INFO - Processing /opt/airflow/dags/dag_estado_real_vuelo.py took 0.102 seconds
[2026-07-09T01:11:18.937-0500] {processor.py:161} INFO - Started process (PID=8632) to work on /opt/airflow/dags/dag_estado_real_vuelo.py
[2026-07-09T01:11:18.938-0500] {processor.py:830} INFO - Processing file /opt/airflow/dags/dag_estado_real_vuelo.py for tasks to queue
[2026-07-09T01:11:18.940-0500] {logging_mixin.py:188} INFO - [2026-07-09T01:11:18.939-0500] {dagbag.py:545} INFO - Filling up the DagBag from /opt/airflow/dags/dag_estado_real_vuelo.py
[2026-07-09T01:11:18.974-0500] {processor.py:840} INFO - DAG(s) 'aerotrack_travel_estado_real_vuelo' retrieved from /opt/airflow/dags/dag_estado_real_vuelo.py
[2026-07-09T01:11:19.007-0500] {logging_mixin.py:188} INFO - [2026-07-09T01:11:19.006-0500] {dag.py:3089} INFO - Sync 1 DAGs
[2026-07-09T01:11:19.023-0500] {logging_mixin.py:188} INFO - [2026-07-09T01:11:19.023-0500] {dag.py:3947} INFO - Setting next_dagrun for aerotrack_travel_estado_real_vuelo to 2026-07-09 00:00:00+00:00, run_after=2026-07-10 00:00:00+00:00
[2026-07-09T01:11:19.046-0500] {processor.py:183} INFO - Processing /opt/airflow/dags/dag_estado_real_vuelo.py took 0.114 seconds
[2026-07-09T01:11:49.703-0500] {processor.py:161} INFO - Started process (PID=8659) to work on /opt/airflow/dags/dag_estado_real_vuelo.py
[2026-07-09T01:11:49.704-0500] {processor.py:830} INFO - Processing file /opt/airflow/dags/dag_estado_real_vuelo.py for tasks to queue
[2026-07-09T01:11:49.706-0500] {logging_mixin.py:188} INFO - [2026-07-09T01:11:49.706-0500] {dagbag.py:545} INFO - Filling up the DagBag from /opt/airflow/dags/dag_estado_real_vuelo.py
[2026-07-09T01:11:49.745-0500] {processor.py:840} INFO - DAG(s) 'aerotrack_travel_estado_real_vuelo' retrieved from /opt/airflow/dags/dag_estado_real_vuelo.py
[2026-07-09T01:11:49.776-0500] {logging_mixin.py:188} INFO - [2026-07-09T01:11:49.775-0500] {dag.py:3089} INFO - Sync 1 DAGs
[2026-07-09T01:11:49.793-0500] {logging_mixin.py:188} INFO - [2026-07-09T01:11:49.793-0500] {dag.py:3947} INFO - Setting next_dagrun for aerotrack_travel_estado_real_vuelo to 2026-07-09 00:00:00+00:00, run_after=2026-07-10 00:00:00+00:00
[2026-07-09T01:11:49.808-0500] {processor.py:183} INFO - Processing /opt/airflow/dags/dag_estado_real_vuelo.py took 0.109 seconds
[2026-07-09T01:12:20.605-0500] {processor.py:161} INFO - Started process (PID=8686) to work on /opt/airflow/dags/dag_estado_real_vuelo.py
[2026-07-09T01:12:20.606-0500] {processor.py:830} INFO - Processing file /opt/airflow/dags/dag_estado_real_vuelo.py for tasks to queue
[2026-07-09T01:12:20.608-0500] {logging_mixin.py:188} INFO - [2026-07-09T01:12:20.608-0500] {dagbag.py:545} INFO - Filling up the DagBag from /opt/airflow/dags/dag_estado_real_vuelo.py
[2026-07-09T01:12:20.648-0500] {processor.py:840} INFO - DAG(s) 'aerotrack_travel_estado_real_vuelo' retrieved from /opt/airflow/dags/dag_estado_real_vuelo.py
[2026-07-09T01:12:20.686-0500] {logging_mixin.py:188} INFO - [2026-07-09T01:12:20.686-0500] {dag.py:3089} INFO - Sync 1 DAGs
[2026-07-09T01:12:20.704-0500] {logging_mixin.py:188} INFO - [2026-07-09T01:12:20.704-0500] {dag.py:3947} INFO - Setting next_dagrun for aerotrack_travel_estado_real_vuelo to 2026-07-09 00:00:00+00:00, run_after=2026-07-10 00:00:00+00:00
[2026-07-09T01:12:20.718-0500] {processor.py:183} INFO - Processing /opt/airflow/dags/dag_estado_real_vuelo.py took 0.119 seconds
[2026-07-09T01:12:51.397-0500] {processor.py:161} INFO - Started process (PID=8713) to work on /opt/airflow/dags/dag_estado_real_vuelo.py
[2026-07-09T01:12:51.398-0500] {processor.py:830} INFO - Processing file /opt/airflow/dags/dag_estado_real_vuelo.py for tasks to queue
[2026-07-09T01:12:51.399-0500] {logging_mixin.py:188} INFO - [2026-07-09T01:12:51.399-0500] {dagbag.py:545} INFO - Filling up the DagBag from /opt/airflow/dags/dag_estado_real_vuelo.py
[2026-07-09T01:12:51.442-0500] {processor.py:840} INFO - DAG(s) 'aerotrack_travel_estado_real_vuelo' retrieved from /opt/airflow/dags/dag_estado_real_vuelo.py
[2026-07-09T01:12:51.474-0500] {logging_mixin.py:188} INFO - [2026-07-09T01:12:51.474-0500] {dag.py:3089} INFO - Sync 1 DAGs
[2026-07-09T01:12:51.492-0500] {logging_mixin.py:188} INFO - [2026-07-09T01:12:51.492-0500] {dag.py:3947} INFO - Setting next_dagrun for aerotrack_travel_estado_real_vuelo to 2026-07-09 00:00:00+00:00, run_after=2026-07-10 00:00:00+00:00
[2026-07-09T01:12:51.506-0500] {processor.py:183} INFO - Processing /opt/airflow/dags/dag_estado_real_vuelo.py took 0.114 seconds
[2026-07-09T01:13:22.288-0500] {processor.py:161} INFO - Started process (PID=8740) to work on /opt/airflow/dags/dag_estado_real_vuelo.py
[2026-07-09T01:13:22.289-0500] {processor.py:830} INFO - Processing file /opt/airflow/dags/dag_estado_real_vuelo.py for tasks to queue
[2026-07-09T01:13:22.290-0500] {logging_mixin.py:188} INFO - [2026-07-09T01:13:22.290-0500] {dagbag.py:545} INFO - Filling up the DagBag from /opt/airflow/dags/dag_estado_real_vuelo.py
[2026-07-09T01:13:22.321-0500] {processor.py:840} INFO - DAG(s) 'aerotrack_travel_estado_real_vuelo' retrieved from /opt/airflow/dags/dag_estado_real_vuelo.py
[2026-07-09T01:13:22.353-0500] {logging_mixin.py:188} INFO - [2026-07-09T01:13:22.353-0500] {dag.py:3089} INFO - Sync 1 DAGs
[2026-07-09T01:13:22.370-0500] {logging_mixin.py:188} INFO - [2026-07-09T01:13:22.370-0500] {dag.py:3947} INFO - Setting next_dagrun for aerotrack_travel_estado_real_vuelo to 2026-07-09 00:00:00+00:00, run_after=2026-07-10 00:00:00+00:00
[2026-07-09T01:13:22.386-0500] {processor.py:183} INFO - Processing /opt/airflow/dags/dag_estado_real_vuelo.py took 0.102 seconds
[2026-07-09T01:13:53.107-0500] {processor.py:161} INFO - Started process (PID=8767) to work on /opt/airflow/dags/dag_estado_real_vuelo.py
[2026-07-09T01:13:53.108-0500] {processor.py:830} INFO - Processing file /opt/airflow/dags/dag_estado_real_vuelo.py for tasks to queue
[2026-07-09T01:13:53.111-0500] {logging_mixin.py:188} INFO - [2026-07-09T01:13:53.110-0500] {dagbag.py:545} INFO - Filling up the DagBag from /opt/airflow/dags/dag_estado_real_vuelo.py
[2026-07-09T01:13:53.163-0500] {processor.py:840} INFO - DAG(s) 'aerotrack_travel_estado_real_vuelo' retrieved from /opt/airflow/dags/dag_estado_real_vuelo.py
[2026-07-09T01:13:53.199-0500] {logging_mixin.py:188} INFO - [2026-07-09T01:13:53.199-0500] {dag.py:3089} INFO - Sync 1 DAGs
[2026-07-09T01:13:53.221-0500] {logging_mixin.py:188} INFO - [2026-07-09T01:13:53.221-0500] {dag.py:3947} INFO - Setting next_dagrun for aerotrack_travel_estado_real_vuelo to 2026-07-09 00:00:00+00:00, run_after=2026-07-10 00:00:00+00:00
[2026-07-09T01:13:53.239-0500] {processor.py:183} INFO - Processing /opt/airflow/dags/dag_estado_real_vuelo.py took 0.136 seconds
[2026-07-09T01:14:24.038-0500] {processor.py:161} INFO - Started process (PID=8794) to work on /opt/airflow/dags/dag_estado_real_vuelo.py
[2026-07-09T01:14:24.039-0500] {processor.py:830} INFO - Processing file /opt/airflow/dags/dag_estado_real_vuelo.py for tasks to queue
[2026-07-09T01:14:24.042-0500] {logging_mixin.py:188} INFO - [2026-07-09T01:14:24.041-0500] {dagbag.py:545} INFO - Filling up the DagBag from /opt/airflow/dags/dag_estado_real_vuelo.py
[2026-07-09T01:14:24.093-0500] {processor.py:840} INFO - DAG(s) 'aerotrack_travel_estado_real_vuelo' retrieved from /opt/airflow/dags/dag_estado_real_vuelo.py
[2026-07-09T01:14:24.129-0500] {logging_mixin.py:188} INFO - [2026-07-09T01:14:24.128-0500] {dag.py:3089} INFO - Sync 1 DAGs
[2026-07-09T01:14:24.148-0500] {logging_mixin.py:188} INFO - [2026-07-09T01:14:24.148-0500] {dag.py:3947} INFO - Setting next_dagrun for aerotrack_travel_estado_real_vuelo to 2026-07-09 00:00:00+00:00, run_after=2026-07-10 00:00:00+00:00
[2026-07-09T01:14:24.166-0500] {processor.py:183} INFO - Processing /opt/airflow/dags/dag_estado_real_vuelo.py took 0.134 seconds
[2026-07-09T01:14:54.842-0500] {processor.py:161} INFO - Started process (PID=8821) to work on /opt/airflow/dags/dag_estado_real_vuelo.py
[2026-07-09T01:14:54.843-0500] {processor.py:830} INFO - Processing file /opt/airflow/dags/dag_estado_real_vuelo.py for tasks to queue
[2026-07-09T01:14:54.845-0500] {logging_mixin.py:188} INFO - [2026-07-09T01:14:54.845-0500] {dagbag.py:545} INFO - Filling up the DagBag from /opt/airflow/dags/dag_estado_real_vuelo.py
[2026-07-09T01:14:54.895-0500] {processor.py:840} INFO - DAG(s) 'aerotrack_travel_estado_real_vuelo' retrieved from /opt/airflow/dags/dag_estado_real_vuelo.py
[2026-07-09T01:14:54.931-0500] {logging_mixin.py:188} INFO - [2026-07-09T01:14:54.931-0500] {dag.py:3089} INFO - Sync 1 DAGs
[2026-07-09T01:14:54.952-0500] {logging_mixin.py:188} INFO - [2026-07-09T01:14:54.952-0500] {dag.py:3947} INFO - Setting next_dagrun for aerotrack_travel_estado_real_vuelo to 2026-07-09 00:00:00+00:00, run_after=2026-07-10 00:00:00+00:00
[2026-07-09T01:14:54.970-0500] {processor.py:183} INFO - Processing /opt/airflow/dags/dag_estado_real_vuelo.py took 0.133 seconds
[2026-07-09T01:15:25.768-0500] {processor.py:161} INFO - Started process (PID=8848) to work on /opt/airflow/dags/dag_estado_real_vuelo.py
[2026-07-09T01:15:25.770-0500] {processor.py:830} INFO - Processing file /opt/airflow/dags/dag_estado_real_vuelo.py for tasks to queue
[2026-07-09T01:15:25.772-0500] {logging_mixin.py:188} INFO - [2026-07-09T01:15:25.772-0500] {dagbag.py:545} INFO - Filling up the DagBag from /opt/airflow/dags/dag_estado_real_vuelo.py
[2026-07-09T01:15:25.825-0500] {processor.py:840} INFO - DAG(s) 'aerotrack_travel_estado_real_vuelo' retrieved from /opt/airflow/dags/dag_estado_real_vuelo.py
[2026-07-09T01:15:25.860-0500] {logging_mixin.py:188} INFO - [2026-07-09T01:15:25.860-0500] {dag.py:3089} INFO - Sync 1 DAGs
[2026-07-09T01:15:25.878-0500] {logging_mixin.py:188} INFO - [2026-07-09T01:15:25.878-0500] {dag.py:3947} INFO - Setting next_dagrun for aerotrack_travel_estado_real_vuelo to 2026-07-09 00:00:00+00:00, run_after=2026-07-10 00:00:00+00:00
[2026-07-09T01:15:25.895-0500] {processor.py:183} INFO - Processing /opt/airflow/dags/dag_estado_real_vuelo.py took 0.134 seconds
[2026-07-09T01:15:56.642-0500] {processor.py:161} INFO - Started process (PID=8875) to work on /opt/airflow/dags/dag_estado_real_vuelo.py
[2026-07-09T01:15:56.643-0500] {processor.py:830} INFO - Processing file /opt/airflow/dags/dag_estado_real_vuelo.py for tasks to queue
[2026-07-09T01:15:56.645-0500] {logging_mixin.py:188} INFO - [2026-07-09T01:15:56.644-0500] {dagbag.py:545} INFO - Filling up the DagBag from /opt/airflow/dags/dag_estado_real_vuelo.py
[2026-07-09T01:15:56.687-0500] {processor.py:840} INFO - DAG(s) 'aerotrack_travel_estado_real_vuelo' retrieved from /opt/airflow/dags/dag_estado_real_vuelo.py
[2026-07-09T01:15:56.719-0500] {logging_mixin.py:188} INFO - [2026-07-09T01:15:56.718-0500] {dag.py:3089} INFO - Sync 1 DAGs
[2026-07-09T01:15:56.740-0500] {logging_mixin.py:188} INFO - [2026-07-09T01:15:56.740-0500] {dag.py:3947} INFO - Setting next_dagrun for aerotrack_travel_estado_real_vuelo to 2026-07-09 00:00:00+00:00, run_after=2026-07-10 00:00:00+00:00
[2026-07-09T01:15:56.758-0500] {processor.py:183} INFO - Processing /opt/airflow/dags/dag_estado_real_vuelo.py took 0.121 seconds
[2026-07-09T01:16:27.627-0500] {processor.py:161} INFO - Started process (PID=8902) to work on /opt/airflow/dags/dag_estado_real_vuelo.py
[2026-07-09T01:16:27.628-0500] {processor.py:830} INFO - Processing file /opt/airflow/dags/dag_estado_real_vuelo.py for tasks to queue
[2026-07-09T01:16:27.629-0500] {logging_mixin.py:188} INFO - [2026-07-09T01:16:27.629-0500] {dagbag.py:545} INFO - Filling up the DagBag from /opt/airflow/dags/dag_estado_real_vuelo.py
[2026-07-09T01:16:27.666-0500] {processor.py:840} INFO - DAG(s) 'aerotrack_travel_estado_real_vuelo' retrieved from /opt/airflow/dags/dag_estado_real_vuelo.py
[2026-07-09T01:16:27.696-0500] {logging_mixin.py:188} INFO - [2026-07-09T01:16:27.696-0500] {dag.py:3089} INFO - Sync 1 DAGs
[2026-07-09T01:16:27.721-0500] {logging_mixin.py:188} INFO - [2026-07-09T01:16:27.721-0500] {dag.py:3947} INFO - Setting next_dagrun for aerotrack_travel_estado_real_vuelo to 2026-07-09 00:00:00+00:00, run_after=2026-07-10 00:00:00+00:00
[2026-07-09T01:16:27.737-0500] {processor.py:183} INFO - Processing /opt/airflow/dags/dag_estado_real_vuelo.py took 0.114 seconds
[2026-07-09T01:16:58.577-0500] {processor.py:161} INFO - Started process (PID=8929) to work on /opt/airflow/dags/dag_estado_real_vuelo.py
[2026-07-09T01:16:58.578-0500] {processor.py:830} INFO - Processing file /opt/airflow/dags/dag_estado_real_vuelo.py for tasks to queue
[2026-07-09T01:16:58.580-0500] {logging_mixin.py:188} INFO - [2026-07-09T01:16:58.580-0500] {dagbag.py:545} INFO - Filling up the DagBag from /opt/airflow/dags/dag_estado_real_vuelo.py
[2026-07-09T01:16:58.630-0500] {processor.py:840} INFO - DAG(s) 'aerotrack_travel_estado_real_vuelo' retrieved from /opt/airflow/dags/dag_estado_real_vuelo.py
[2026-07-09T01:16:58.661-0500] {logging_mixin.py:188} INFO - [2026-07-09T01:16:58.660-0500] {dag.py:3089} INFO - Sync 1 DAGs
[2026-07-09T01:16:58.683-0500] {logging_mixin.py:188} INFO - [2026-07-09T01:16:58.682-0500] {dag.py:3947} INFO - Setting next_dagrun for aerotrack_travel_estado_real_vuelo to 2026-07-09 00:00:00+00:00, run_after=2026-07-10 00:00:00+00:00
[2026-07-09T01:16:58.698-0500] {processor.py:183} INFO - Processing /opt/airflow/dags/dag_estado_real_vuelo.py took 0.126 seconds
[2026-07-09T01:17:29.358-0500] {processor.py:161} INFO - Started process (PID=8956) to work on /opt/airflow/dags/dag_estado_real_vuelo.py
[2026-07-09T01:17:29.358-0500] {processor.py:830} INFO - Processing file /opt/airflow/dags/dag_estado_real_vuelo.py for tasks to queue
[2026-07-09T01:17:29.360-0500] {logging_mixin.py:188} INFO - [2026-07-09T01:17:29.360-0500] {dagbag.py:545} INFO - Filling up the DagBag from /opt/airflow/dags/dag_estado_real_vuelo.py
[2026-07-09T01:17:29.398-0500] {processor.py:840} INFO - DAG(s) 'aerotrack_travel_estado_real_vuelo' retrieved from /opt/airflow/dags/dag_estado_real_vuelo.py
[2026-07-09T01:17:29.429-0500] {logging_mixin.py:188} INFO - [2026-07-09T01:17:29.428-0500] {dag.py:3089} INFO - Sync 1 DAGs
[2026-07-09T01:17:29.447-0500] {logging_mixin.py:188} INFO - [2026-07-09T01:17:29.447-0500] {dag.py:3947} INFO - Setting next_dagrun for aerotrack_travel_estado_real_vuelo to 2026-07-09 00:00:00+00:00, run_after=2026-07-10 00:00:00+00:00
[2026-07-09T01:17:29.461-0500] {processor.py:183} INFO - Processing /opt/airflow/dags/dag_estado_real_vuelo.py took 0.108 seconds
[2026-07-09T01:18:00.201-0500] {processor.py:161} INFO - Started process (PID=8983) to work on /opt/airflow/dags/dag_estado_real_vuelo.py
[2026-07-09T01:18:00.202-0500] {processor.py:830} INFO - Processing file /opt/airflow/dags/dag_estado_real_vuelo.py for tasks to queue
[2026-07-09T01:18:00.204-0500] {logging_mixin.py:188} INFO - [2026-07-09T01:18:00.203-0500] {dagbag.py:545} INFO - Filling up the DagBag from /opt/airflow/dags/dag_estado_real_vuelo.py
[2026-07-09T01:18:00.244-0500] {processor.py:840} INFO - DAG(s) 'aerotrack_travel_estado_real_vuelo' retrieved from /opt/airflow/dags/dag_estado_real_vuelo.py
[2026-07-09T01:18:00.273-0500] {logging_mixin.py:188} INFO - [2026-07-09T01:18:00.273-0500] {dag.py:3089} INFO - Sync 1 DAGs
[2026-07-09T01:18:00.290-0500] {logging_mixin.py:188} INFO - [2026-07-09T01:18:00.290-0500] {dag.py:3947} INFO - Setting next_dagrun for aerotrack_travel_estado_real_vuelo to 2026-07-09 00:00:00+00:00, run_after=2026-07-10 00:00:00+00:00
[2026-07-09T01:18:00.306-0500] {processor.py:183} INFO - Processing /opt/airflow/dags/dag_estado_real_vuelo.py took 0.109 seconds
[2026-07-09T01:18:31.075-0500] {processor.py:161} INFO - Started process (PID=9010) to work on /opt/airflow/dags/dag_estado_real_vuelo.py
[2026-07-09T01:18:31.076-0500] {processor.py:830} INFO - Processing file /opt/airflow/dags/dag_estado_real_vuelo.py for tasks to queue
[2026-07-09T01:18:31.078-0500] {logging_mixin.py:188} INFO - [2026-07-09T01:18:31.078-0500] {dagbag.py:545} INFO - Filling up the DagBag from /opt/airflow/dags/dag_estado_real_vuelo.py
[2026-07-09T01:18:31.131-0500] {processor.py:840} INFO - DAG(s) 'aerotrack_travel_estado_real_vuelo' retrieved from /opt/airflow/dags/dag_estado_real_vuelo.py
[2026-07-09T01:18:31.164-0500] {logging_mixin.py:188} INFO - [2026-07-09T01:18:31.164-0500] {dag.py:3089} INFO - Sync 1 DAGs
[2026-07-09T01:18:31.180-0500] {logging_mixin.py:188} INFO - [2026-07-09T01:18:31.180-0500] {dag.py:3947} INFO - Setting next_dagrun for aerotrack_travel_estado_real_vuelo to 2026-07-09 00:00:00+00:00, run_after=2026-07-10 00:00:00+00:00
[2026-07-09T01:18:31.196-0500] {processor.py:183} INFO - Processing /opt/airflow/dags/dag_estado_real_vuelo.py took 0.125 seconds
[2026-07-09T01:19:01.823-0500] {processor.py:161} INFO - Started process (PID=9037) to work on /opt/airflow/dags/dag_estado_real_vuelo.py
[2026-07-09T01:19:01.824-0500] {processor.py:830} INFO - Processing file /opt/airflow/dags/dag_estado_real_vuelo.py for tasks to queue
[2026-07-09T01:19:01.826-0500] {logging_mixin.py:188} INFO - [2026-07-09T01:19:01.826-0500] {dagbag.py:545} INFO - Filling up the DagBag from /opt/airflow/dags/dag_estado_real_vuelo.py
[2026-07-09T01:19:01.871-0500] {processor.py:840} INFO - DAG(s) 'aerotrack_travel_estado_real_vuelo' retrieved from /opt/airflow/dags/dag_estado_real_vuelo.py
[2026-07-09T01:19:01.905-0500] {logging_mixin.py:188} INFO - [2026-07-09T01:19:01.904-0500] {dag.py:3089} INFO - Sync 1 DAGs
[2026-07-09T01:19:01.924-0500] {logging_mixin.py:188} INFO - [2026-07-09T01:19:01.924-0500] {dag.py:3947} INFO - Setting next_dagrun for aerotrack_travel_estado_real_vuelo to 2026-07-09 00:00:00+00:00, run_after=2026-07-10 00:00:00+00:00
[2026-07-09T01:19:01.939-0500] {processor.py:183} INFO - Processing /opt/airflow/dags/dag_estado_real_vuelo.py took 0.121 seconds
[2026-07-09T01:19:32.576-0500] {processor.py:161} INFO - Started process (PID=9064) to work on /opt/airflow/dags/dag_estado_real_vuelo.py
[2026-07-09T01:19:32.577-0500] {processor.py:830} INFO - Processing file /opt/airflow/dags/dag_estado_real_vuelo.py for tasks to queue
[2026-07-09T01:19:32.579-0500] {logging_mixin.py:188} INFO - [2026-07-09T01:19:32.579-0500] {dagbag.py:545} INFO - Filling up the DagBag from /opt/airflow/dags/dag_estado_real_vuelo.py
[2026-07-09T01:19:32.615-0500] {processor.py:840} INFO - DAG(s) 'aerotrack_travel_estado_real_vuelo' retrieved from /opt/airflow/dags/dag_estado_real_vuelo.py
[2026-07-09T01:19:32.647-0500] {logging_mixin.py:188} INFO - [2026-07-09T01:19:32.647-0500] {dag.py:3089} INFO - Sync 1 DAGs
[2026-07-09T01:19:32.668-0500] {logging_mixin.py:188} INFO - [2026-07-09T01:19:32.668-0500] {dag.py:3947} INFO - Setting next_dagrun for aerotrack_travel_estado_real_vuelo to 2026-07-09 00:00:00+00:00, run_after=2026-07-10 00:00:00+00:00
[2026-07-09T01:19:32.685-0500] {processor.py:183} INFO - Processing /opt/airflow/dags/dag_estado_real_vuelo.py took 0.113 seconds
[2026-07-09T01:20:03.471-0500] {processor.py:161} INFO - Started process (PID=9091) to work on /opt/airflow/dags/dag_estado_real_vuelo.py
[2026-07-09T01:20:03.473-0500] {processor.py:830} INFO - Processing file /opt/airflow/dags/dag_estado_real_vuelo.py for tasks to queue
[2026-07-09T01:20:03.474-0500] {logging_mixin.py:188} INFO - [2026-07-09T01:20:03.474-0500] {dagbag.py:545} INFO - Filling up the DagBag from /opt/airflow/dags/dag_estado_real_vuelo.py
[2026-07-09T01:20:03.518-0500] {processor.py:840} INFO - DAG(s) 'aerotrack_travel_estado_real_vuelo' retrieved from /opt/airflow/dags/dag_estado_real_vuelo.py
[2026-07-09T01:20:03.556-0500] {logging_mixin.py:188} INFO - [2026-07-09T01:20:03.556-0500] {dag.py:3089} INFO - Sync 1 DAGs
[2026-07-09T01:20:03.577-0500] {logging_mixin.py:188} INFO - [2026-07-09T01:20:03.577-0500] {dag.py:3947} INFO - Setting next_dagrun for aerotrack_travel_estado_real_vuelo to 2026-07-09 00:00:00+00:00, run_after=2026-07-10 00:00:00+00:00
[2026-07-09T01:20:03.592-0500] {processor.py:183} INFO - Processing /opt/airflow/dags/dag_estado_real_vuelo.py took 0.125 seconds
[2026-07-09T01:20:34.354-0500] {processor.py:161} INFO - Started process (PID=9118) to work on /opt/airflow/dags/dag_estado_real_vuelo.py
[2026-07-09T01:20:34.355-0500] {processor.py:830} INFO - Processing file /opt/airflow/dags/dag_estado_real_vuelo.py for tasks to queue
[2026-07-09T01:20:34.357-0500] {logging_mixin.py:188} INFO - [2026-07-09T01:20:34.357-0500] {dagbag.py:545} INFO - Filling up the DagBag from /opt/airflow/dags/dag_estado_real_vuelo.py
[2026-07-09T01:20:34.391-0500] {processor.py:840} INFO - DAG(s) 'aerotrack_travel_estado_real_vuelo' retrieved from /opt/airflow/dags/dag_estado_real_vuelo.py
[2026-07-09T01:20:34.423-0500] {logging_mixin.py:188} INFO - [2026-07-09T01:20:34.422-0500] {dag.py:3089} INFO - Sync 1 DAGs
[2026-07-09T01:20:34.440-0500] {logging_mixin.py:188} INFO - [2026-07-09T01:20:34.440-0500] {dag.py:3947} INFO - Setting next_dagrun for aerotrack_travel_estado_real_vuelo to 2026-07-09 00:00:00+00:00, run_after=2026-07-10 00:00:00+00:00
[2026-07-09T01:20:34.454-0500] {processor.py:183} INFO - Processing /opt/airflow/dags/dag_estado_real_vuelo.py took 0.104 seconds
[2026-07-09T01:21:05.231-0500] {processor.py:161} INFO - Started process (PID=9145) to work on /opt/airflow/dags/dag_estado_real_vuelo.py
[2026-07-09T01:21:05.232-0500] {processor.py:830} INFO - Processing file /opt/airflow/dags/dag_estado_real_vuelo.py for tasks to queue
[2026-07-09T01:21:05.233-0500] {logging_mixin.py:188} INFO - [2026-07-09T01:21:05.233-0500] {dagbag.py:545} INFO - Filling up the DagBag from /opt/airflow/dags/dag_estado_real_vuelo.py
[2026-07-09T01:21:05.267-0500] {processor.py:840} INFO - DAG(s) 'aerotrack_travel_estado_real_vuelo' retrieved from /opt/airflow/dags/dag_estado_real_vuelo.py
[2026-07-09T01:21:05.299-0500] {logging_mixin.py:188} INFO - [2026-07-09T01:21:05.299-0500] {dag.py:3089} INFO - Sync 1 DAGs
[2026-07-09T01:21:05.321-0500] {logging_mixin.py:188} INFO - [2026-07-09T01:21:05.321-0500] {dag.py:3947} INFO - Setting next_dagrun for aerotrack_travel_estado_real_vuelo to 2026-07-09 00:00:00+00:00, run_after=2026-07-10 00:00:00+00:00
[2026-07-09T01:21:05.336-0500] {processor.py:183} INFO - Processing /opt/airflow/dags/dag_estado_real_vuelo.py took 0.109 seconds
[2026-07-09T01:21:36.152-0500] {processor.py:161} INFO - Started process (PID=9172) to work on /opt/airflow/dags/dag_estado_real_vuelo.py
[2026-07-09T01:21:36.153-0500] {processor.py:830} INFO - Processing file /opt/airflow/dags/dag_estado_real_vuelo.py for tasks to queue
[2026-07-09T01:21:36.156-0500] {logging_mixin.py:188} INFO - [2026-07-09T01:21:36.156-0500] {dagbag.py:545} INFO - Filling up the DagBag from /opt/airflow/dags/dag_estado_real_vuelo.py
[2026-07-09T01:21:36.195-0500] {processor.py:840} INFO - DAG(s) 'aerotrack_travel_estado_real_vuelo' retrieved from /opt/airflow/dags/dag_estado_real_vuelo.py
[2026-07-09T01:21:36.232-0500] {logging_mixin.py:188} INFO - [2026-07-09T01:21:36.232-0500] {dag.py:3089} INFO - Sync 1 DAGs
[2026-07-09T01:21:36.251-0500] {logging_mixin.py:188} INFO - [2026-07-09T01:21:36.250-0500] {dag.py:3947} INFO - Setting next_dagrun for aerotrack_travel_estado_real_vuelo to 2026-07-09 00:00:00+00:00, run_after=2026-07-10 00:00:00+00:00
[2026-07-09T01:21:36.266-0500] {processor.py:183} INFO - Processing /opt/airflow/dags/dag_estado_real_vuelo.py took 0.123 seconds
[2026-07-09T01:22:06.989-0500] {processor.py:161} INFO - Started process (PID=9199) to work on /opt/airflow/dags/dag_estado_real_vuelo.py
[2026-07-09T01:22:06.990-0500] {processor.py:830} INFO - Processing file /opt/airflow/dags/dag_estado_real_vuelo.py for tasks to queue
[2026-07-09T01:22:06.992-0500] {logging_mixin.py:188} INFO - [2026-07-09T01:22:06.992-0500] {dagbag.py:545} INFO - Filling up the DagBag from /opt/airflow/dags/dag_estado_real_vuelo.py
[2026-07-09T01:22:07.022-0500] {processor.py:840} INFO - DAG(s) 'aerotrack_travel_estado_real_vuelo' retrieved from /opt/airflow/dags/dag_estado_real_vuelo.py
[2026-07-09T01:22:07.054-0500] {logging_mixin.py:188} INFO - [2026-07-09T01:22:07.053-0500] {dag.py:3089} INFO - Sync 1 DAGs
[2026-07-09T01:22:07.072-0500] {logging_mixin.py:188} INFO - [2026-07-09T01:22:07.072-0500] {dag.py:3947} INFO - Setting next_dagrun for aerotrack_travel_estado_real_vuelo to 2026-07-09 00:00:00+00:00, run_after=2026-07-10 00:00:00+00:00
[2026-07-09T01:22:07.086-0500] {processor.py:183} INFO - Processing /opt/airflow/dags/dag_estado_real_vuelo.py took 0.102 seconds
[2026-07-09T01:22:37.757-0500] {processor.py:161} INFO - Started process (PID=9226) to work on /opt/airflow/dags/dag_estado_real_vuelo.py
[2026-07-09T01:22:37.758-0500] {processor.py:830} INFO - Processing file /opt/airflow/dags/dag_estado_real_vuelo.py for tasks to queue
[2026-07-09T01:22:37.760-0500] {logging_mixin.py:188} INFO - [2026-07-09T01:22:37.759-0500] {dagbag.py:545} INFO - Filling up the DagBag from /opt/airflow/dags/dag_estado_real_vuelo.py
[2026-07-09T01:22:37.790-0500] {processor.py:840} INFO - DAG(s) 'aerotrack_travel_estado_real_vuelo' retrieved from /opt/airflow/dags/dag_estado_real_vuelo.py
[2026-07-09T01:22:37.819-0500] {logging_mixin.py:188} INFO - [2026-07-09T01:22:37.819-0500] {dag.py:3089} INFO - Sync 1 DAGs
[2026-07-09T01:22:37.835-0500] {logging_mixin.py:188} INFO - [2026-07-09T01:22:37.835-0500] {dag.py:3947} INFO - Setting next_dagrun for aerotrack_travel_estado_real_vuelo to 2026-07-09 00:00:00+00:00, run_after=2026-07-10 00:00:00+00:00
[2026-07-09T01:22:37.850-0500] {processor.py:183} INFO - Processing /opt/airflow/dags/dag_estado_real_vuelo.py took 0.098 seconds
[2026-07-09T01:23:08.597-0500] {processor.py:161} INFO - Started process (PID=9253) to work on /opt/airflow/dags/dag_estado_real_vuelo.py
[2026-07-09T01:23:08.599-0500] {processor.py:830} INFO - Processing file /opt/airflow/dags/dag_estado_real_vuelo.py for tasks to queue
[2026-07-09T01:23:08.601-0500] {logging_mixin.py:188} INFO - [2026-07-09T01:23:08.600-0500] {dagbag.py:545} INFO - Filling up the DagBag from /opt/airflow/dags/dag_estado_real_vuelo.py
[2026-07-09T01:23:08.660-0500] {processor.py:840} INFO - DAG(s) 'aerotrack_travel_estado_real_vuelo' retrieved from /opt/airflow/dags/dag_estado_real_vuelo.py
[2026-07-09T01:23:08.696-0500] {logging_mixin.py:188} INFO - [2026-07-09T01:23:08.696-0500] {dag.py:3089} INFO - Sync 1 DAGs
[2026-07-09T01:23:08.715-0500] {logging_mixin.py:188} INFO - [2026-07-09T01:23:08.715-0500] {dag.py:3947} INFO - Setting next_dagrun for aerotrack_travel_estado_real_vuelo to 2026-07-09 00:00:00+00:00, run_after=2026-07-10 00:00:00+00:00
[2026-07-09T01:23:08.732-0500] {processor.py:183} INFO - Processing /opt/airflow/dags/dag_estado_real_vuelo.py took 0.140 seconds
[2026-07-09T01:23:39.390-0500] {processor.py:161} INFO - Started process (PID=9280) to work on /opt/airflow/dags/dag_estado_real_vuelo.py
[2026-07-09T01:23:39.391-0500] {processor.py:830} INFO - Processing file /opt/airflow/dags/dag_estado_real_vuelo.py for tasks to queue
[2026-07-09T01:23:39.393-0500] {logging_mixin.py:188} INFO - [2026-07-09T01:23:39.393-0500] {dagbag.py:545} INFO - Filling up the DagBag from /opt/airflow/dags/dag_estado_real_vuelo.py
[2026-07-09T01:23:39.442-0500] {processor.py:840} INFO - DAG(s) 'aerotrack_travel_estado_real_vuelo' retrieved from /opt/airflow/dags/dag_estado_real_vuelo.py
[2026-07-09T01:23:39.478-0500] {logging_mixin.py:188} INFO - [2026-07-09T01:23:39.478-0500] {dag.py:3089} INFO - Sync 1 DAGs
[2026-07-09T01:23:39.498-0500] {logging_mixin.py:188} INFO - [2026-07-09T01:23:39.497-0500] {dag.py:3947} INFO - Setting next_dagrun for aerotrack_travel_estado_real_vuelo to 2026-07-09 00:00:00+00:00, run_after=2026-07-10 00:00:00+00:00
[2026-07-09T01:23:39.514-0500] {processor.py:183} INFO - Processing /opt/airflow/dags/dag_estado_real_vuelo.py took 0.128 seconds
[2026-07-09T01:24:10.219-0500] {processor.py:161} INFO - Started process (PID=9307) to work on /opt/airflow/dags/dag_estado_real_vuelo.py
[2026-07-09T01:24:10.220-0500] {processor.py:830} INFO - Processing file /opt/airflow/dags/dag_estado_real_vuelo.py for tasks to queue
[2026-07-09T01:24:10.222-0500] {logging_mixin.py:188} INFO - [2026-07-09T01:24:10.222-0500] {dagbag.py:545} INFO - Filling up the DagBag from /opt/airflow/dags/dag_estado_real_vuelo.py
[2026-07-09T01:24:10.268-0500] {processor.py:840} INFO - DAG(s) 'aerotrack_travel_estado_real_vuelo' retrieved from /opt/airflow/dags/dag_estado_real_vuelo.py
[2026-07-09T01:24:10.300-0500] {logging_mixin.py:188} INFO - [2026-07-09T01:24:10.299-0500] {dag.py:3089} INFO - Sync 1 DAGs
[2026-07-09T01:24:10.322-0500] {logging_mixin.py:188} INFO - [2026-07-09T01:24:10.322-0500] {dag.py:3947} INFO - Setting next_dagrun for aerotrack_travel_estado_real_vuelo to 2026-07-09 00:00:00+00:00, run_after=2026-07-10 00:00:00+00:00
[2026-07-09T01:24:10.341-0500] {processor.py:183} INFO - Processing /opt/airflow/dags/dag_estado_real_vuelo.py took 0.126 seconds
[2026-07-09T01:24:40.987-0500] {processor.py:161} INFO - Started process (PID=9334) to work on /opt/airflow/dags/dag_estado_real_vuelo.py
[2026-07-09T01:24:40.988-0500] {processor.py:830} INFO - Processing file /opt/airflow/dags/dag_estado_real_vuelo.py for tasks to queue
[2026-07-09T01:24:40.990-0500] {logging_mixin.py:188} INFO - [2026-07-09T01:24:40.989-0500] {dagbag.py:545} INFO - Filling up the DagBag from /opt/airflow/dags/dag_estado_real_vuelo.py
[2026-07-09T01:24:41.034-0500] {processor.py:840} INFO - DAG(s) 'aerotrack_travel_estado_real_vuelo' retrieved from /opt/airflow/dags/dag_estado_real_vuelo.py
[2026-07-09T01:24:41.068-0500] {logging_mixin.py:188} INFO - [2026-07-09T01:24:41.068-0500] {dag.py:3089} INFO - Sync 1 DAGs
[2026-07-09T01:24:41.088-0500] {logging_mixin.py:188} INFO - [2026-07-09T01:24:41.088-0500] {dag.py:3947} INFO - Setting next_dagrun for aerotrack_travel_estado_real_vuelo to 2026-07-09 00:00:00+00:00, run_after=2026-07-10 00:00:00+00:00
[2026-07-09T01:24:41.104-0500] {processor.py:183} INFO - Processing /opt/airflow/dags/dag_estado_real_vuelo.py took 0.121 seconds
[2026-07-09T01:25:11.762-0500] {processor.py:161} INFO - Started process (PID=9361) to work on /opt/airflow/dags/dag_estado_real_vuelo.py
[2026-07-09T01:25:11.763-0500] {processor.py:830} INFO - Processing file /opt/airflow/dags/dag_estado_real_vuelo.py for tasks to queue
[2026-07-09T01:25:11.765-0500] {logging_mixin.py:188} INFO - [2026-07-09T01:25:11.765-0500] {dagbag.py:545} INFO - Filling up the DagBag from /opt/airflow/dags/dag_estado_real_vuelo.py
[2026-07-09T01:25:11.832-0500] {processor.py:840} INFO - DAG(s) 'aerotrack_travel_estado_real_vuelo' retrieved from /opt/airflow/dags/dag_estado_real_vuelo.py
[2026-07-09T01:25:11.904-0500] {logging_mixin.py:188} INFO - [2026-07-09T01:25:11.904-0500] {dag.py:3089} INFO - Sync 1 DAGs
[2026-07-09T01:25:11.941-0500] {logging_mixin.py:188} INFO - [2026-07-09T01:25:11.940-0500] {dag.py:3947} INFO - Setting next_dagrun for aerotrack_travel_estado_real_vuelo to 2026-07-09 00:00:00+00:00, run_after=2026-07-10 00:00:00+00:00
[2026-07-09T01:25:11.958-0500] {processor.py:183} INFO - Processing /opt/airflow/dags/dag_estado_real_vuelo.py took 0.201 seconds
[2026-07-09T01:25:42.823-0500] {processor.py:161} INFO - Started process (PID=9388) to work on /opt/airflow/dags/dag_estado_real_vuelo.py
[2026-07-09T01:25:42.824-0500] {processor.py:830} INFO - Processing file /opt/airflow/dags/dag_estado_real_vuelo.py for tasks to queue
[2026-07-09T01:25:42.825-0500] {logging_mixin.py:188} INFO - [2026-07-09T01:25:42.825-0500] {dagbag.py:545} INFO - Filling up the DagBag from /opt/airflow/dags/dag_estado_real_vuelo.py
[2026-07-09T01:25:42.860-0500] {processor.py:840} INFO - DAG(s) 'aerotrack_travel_estado_real_vuelo' retrieved from /opt/airflow/dags/dag_estado_real_vuelo.py
[2026-07-09T01:25:42.895-0500] {logging_mixin.py:188} INFO - [2026-07-09T01:25:42.895-0500] {dag.py:3089} INFO - Sync 1 DAGs
[2026-07-09T01:25:42.911-0500] {logging_mixin.py:188} INFO - [2026-07-09T01:25:42.911-0500] {dag.py:3947} INFO - Setting next_dagrun for aerotrack_travel_estado_real_vuelo to 2026-07-09 00:00:00+00:00, run_after=2026-07-10 00:00:00+00:00
[2026-07-09T01:25:42.926-0500] {processor.py:183} INFO - Processing /opt/airflow/dags/dag_estado_real_vuelo.py took 0.108 seconds
[2026-07-09T01:26:13.734-0500] {processor.py:161} INFO - Started process (PID=9415) to work on /opt/airflow/dags/dag_estado_real_vuelo.py
[2026-07-09T01:26:13.735-0500] {processor.py:830} INFO - Processing file /opt/airflow/dags/dag_estado_real_vuelo.py for tasks to queue
[2026-07-09T01:26:13.736-0500] {logging_mixin.py:188} INFO - [2026-07-09T01:26:13.736-0500] {dagbag.py:545} INFO - Filling up the DagBag from /opt/airflow/dags/dag_estado_real_vuelo.py
[2026-07-09T01:26:13.787-0500] {processor.py:840} INFO - DAG(s) 'aerotrack_travel_estado_real_vuelo' retrieved from /opt/airflow/dags/dag_estado_real_vuelo.py
[2026-07-09T01:26:13.821-0500] {logging_mixin.py:188} INFO - [2026-07-09T01:26:13.821-0500] {dag.py:3089} INFO - Sync 1 DAGs
[2026-07-09T01:26:13.838-0500] {logging_mixin.py:188} INFO - [2026-07-09T01:26:13.838-0500] {dag.py:3947} INFO - Setting next_dagrun for aerotrack_travel_estado_real_vuelo to 2026-07-09 00:00:00+00:00, run_after=2026-07-10 00:00:00+00:00
[2026-07-09T01:26:13.854-0500] {processor.py:183} INFO - Processing /opt/airflow/dags/dag_estado_real_vuelo.py took 0.128 seconds
[2026-07-09T01:26:44.652-0500] {processor.py:161} INFO - Started process (PID=9442) to work on /opt/airflow/dags/dag_estado_real_vuelo.py
[2026-07-09T01:26:44.653-0500] {processor.py:830} INFO - Processing file /opt/airflow/dags/dag_estado_real_vuelo.py for tasks to queue
[2026-07-09T01:26:44.655-0500] {logging_mixin.py:188} INFO - [2026-07-09T01:26:44.654-0500] {dagbag.py:545} INFO - Filling up the DagBag from /opt/airflow/dags/dag_estado_real_vuelo.py
[2026-07-09T01:26:44.688-0500] {processor.py:840} INFO - DAG(s) 'aerotrack_travel_estado_real_vuelo' retrieved from /opt/airflow/dags/dag_estado_real_vuelo.py
[2026-07-09T01:26:44.722-0500] {logging_mixin.py:188} INFO - [2026-07-09T01:26:44.722-0500] {dag.py:3089} INFO - Sync 1 DAGs
[2026-07-09T01:26:44.737-0500] {logging_mixin.py:188} INFO - [2026-07-09T01:26:44.737-0500] {dag.py:3947} INFO - Setting next_dagrun for aerotrack_travel_estado_real_vuelo to 2026-07-09 00:00:00+00:00, run_after=2026-07-10 00:00:00+00:00
[2026-07-09T01:26:44.751-0500] {processor.py:183} INFO - Processing /opt/airflow/dags/dag_estado_real_vuelo.py took 0.105 seconds
[2026-07-09T01:27:15.530-0500] {processor.py:161} INFO - Started process (PID=9469) to work on /opt/airflow/dags/dag_estado_real_vuelo.py
[2026-07-09T01:27:15.531-0500] {processor.py:830} INFO - Processing file /opt/airflow/dags/dag_estado_real_vuelo.py for tasks to queue
[2026-07-09T01:27:15.532-0500] {logging_mixin.py:188} INFO - [2026-07-09T01:27:15.532-0500] {dagbag.py:545} INFO - Filling up the DagBag from /opt/airflow/dags/dag_estado_real_vuelo.py
[2026-07-09T01:27:15.569-0500] {processor.py:840} INFO - DAG(s) 'aerotrack_travel_estado_real_vuelo' retrieved from /opt/airflow/dags/dag_estado_real_vuelo.py
[2026-07-09T01:27:15.602-0500] {logging_mixin.py:188} INFO - [2026-07-09T01:27:15.602-0500] {dag.py:3089} INFO - Sync 1 DAGs
[2026-07-09T01:27:15.624-0500] {logging_mixin.py:188} INFO - [2026-07-09T01:27:15.624-0500] {dag.py:3947} INFO - Setting next_dagrun for aerotrack_travel_estado_real_vuelo to 2026-07-09 00:00:00+00:00, run_after=2026-07-10 00:00:00+00:00
[2026-07-09T01:27:15.641-0500] {processor.py:183} INFO - Processing /opt/airflow/dags/dag_estado_real_vuelo.py took 0.116 seconds
[2026-07-09T01:27:46.304-0500] {processor.py:161} INFO - Started process (PID=9496) to work on /opt/airflow/dags/dag_estado_real_vuelo.py
[2026-07-09T01:27:46.305-0500] {processor.py:830} INFO - Processing file /opt/airflow/dags/dag_estado_real_vuelo.py for tasks to queue
[2026-07-09T01:27:46.307-0500] {logging_mixin.py:188} INFO - [2026-07-09T01:27:46.306-0500] {dagbag.py:545} INFO - Filling up the DagBag from /opt/airflow/dags/dag_estado_real_vuelo.py
[2026-07-09T01:27:46.363-0500] {processor.py:840} INFO - DAG(s) 'aerotrack_travel_estado_real_vuelo' retrieved from /opt/airflow/dags/dag_estado_real_vuelo.py
[2026-07-09T01:27:46.400-0500] {logging_mixin.py:188} INFO - [2026-07-09T01:27:46.399-0500] {dag.py:3089} INFO - Sync 1 DAGs
[2026-07-09T01:27:46.421-0500] {logging_mixin.py:188} INFO - [2026-07-09T01:27:46.421-0500] {dag.py:3947} INFO - Setting next_dagrun for aerotrack_travel_estado_real_vuelo to 2026-07-09 00:00:00+00:00, run_after=2026-07-10 00:00:00+00:00
[2026-07-09T01:27:46.440-0500] {processor.py:183} INFO - Processing /opt/airflow/dags/dag_estado_real_vuelo.py took 0.144 seconds
[2026-07-09T01:28:17.182-0500] {processor.py:161} INFO - Started process (PID=9523) to work on /opt/airflow/dags/dag_estado_real_vuelo.py
[2026-07-09T01:28:17.183-0500] {processor.py:830} INFO - Processing file /opt/airflow/dags/dag_estado_real_vuelo.py for tasks to queue
[2026-07-09T01:28:17.185-0500] {logging_mixin.py:188} INFO - [2026-07-09T01:28:17.184-0500] {dagbag.py:545} INFO - Filling up the DagBag from /opt/airflow/dags/dag_estado_real_vuelo.py
[2026-07-09T01:28:17.221-0500] {processor.py:840} INFO - DAG(s) 'aerotrack_travel_estado_real_vuelo' retrieved from /opt/airflow/dags/dag_estado_real_vuelo.py
[2026-07-09T01:28:17.254-0500] {logging_mixin.py:188} INFO - [2026-07-09T01:28:17.254-0500] {dag.py:3089} INFO - Sync 1 DAGs
[2026-07-09T01:28:17.275-0500] {logging_mixin.py:188} INFO - [2026-07-09T01:28:17.274-0500] {dag.py:3947} INFO - Setting next_dagrun for aerotrack_travel_estado_real_vuelo to 2026-07-09 00:00:00+00:00, run_after=2026-07-10 00:00:00+00:00
[2026-07-09T01:28:17.290-0500] {processor.py:183} INFO - Processing /opt/airflow/dags/dag_estado_real_vuelo.py took 0.112 seconds
[2026-07-09T01:28:48.066-0500] {processor.py:161} INFO - Started process (PID=9550) to work on /opt/airflow/dags/dag_estado_real_vuelo.py
[2026-07-09T01:28:48.067-0500] {processor.py:830} INFO - Processing file /opt/airflow/dags/dag_estado_real_vuelo.py for tasks to queue
[2026-07-09T01:28:48.070-0500] {logging_mixin.py:188} INFO - [2026-07-09T01:28:48.069-0500] {dagbag.py:545} INFO - Filling up the DagBag from /opt/airflow/dags/dag_estado_real_vuelo.py
[2026-07-09T01:28:48.114-0500] {processor.py:840} INFO - DAG(s) 'aerotrack_travel_estado_real_vuelo' retrieved from /opt/airflow/dags/dag_estado_real_vuelo.py
[2026-07-09T01:28:48.148-0500] {logging_mixin.py:188} INFO - [2026-07-09T01:28:48.148-0500] {dag.py:3089} INFO - Sync 1 DAGs
[2026-07-09T01:28:48.168-0500] {logging_mixin.py:188} INFO - [2026-07-09T01:28:48.167-0500] {dag.py:3947} INFO - Setting next_dagrun for aerotrack_travel_estado_real_vuelo to 2026-07-09 00:00:00+00:00, run_after=2026-07-10 00:00:00+00:00
[2026-07-09T01:28:48.183-0500] {processor.py:183} INFO - Processing /opt/airflow/dags/dag_estado_real_vuelo.py took 0.123 seconds
[2026-07-09T01:29:18.925-0500] {processor.py:161} INFO - Started process (PID=9577) to work on /opt/airflow/dags/dag_estado_real_vuelo.py
[2026-07-09T01:29:18.927-0500] {processor.py:830} INFO - Processing file /opt/airflow/dags/dag_estado_real_vuelo.py for tasks to queue
[2026-07-09T01:29:18.930-0500] {logging_mixin.py:188} INFO - [2026-07-09T01:29:18.929-0500] {dagbag.py:545} INFO - Filling up the DagBag from /opt/airflow/dags/dag_estado_real_vuelo.py
[2026-07-09T01:29:18.995-0500] {processor.py:840} INFO - DAG(s) 'aerotrack_travel_estado_real_vuelo' retrieved from /opt/airflow/dags/dag_estado_real_vuelo.py
[2026-07-09T01:29:19.032-0500] {logging_mixin.py:188} INFO - [2026-07-09T01:29:19.031-0500] {dag.py:3089} INFO - Sync 1 DAGs
[2026-07-09T01:29:19.053-0500] {logging_mixin.py:188} INFO - [2026-07-09T01:29:19.052-0500] {dag.py:3947} INFO - Setting next_dagrun for aerotrack_travel_estado_real_vuelo to 2026-07-09 00:00:00+00:00, run_after=2026-07-10 00:00:00+00:00
[2026-07-09T01:29:19.074-0500] {processor.py:183} INFO - Processing /opt/airflow/dags/dag_estado_real_vuelo.py took 0.156 seconds
[2026-07-09T01:29:49.739-0500] {processor.py:161} INFO - Started process (PID=9604) to work on /opt/airflow/dags/dag_estado_real_vuelo.py
[2026-07-09T01:29:49.741-0500] {processor.py:830} INFO - Processing file /opt/airflow/dags/dag_estado_real_vuelo.py for tasks to queue
[2026-07-09T01:29:49.743-0500] {logging_mixin.py:188} INFO - [2026-07-09T01:29:49.742-0500] {dagbag.py:545} INFO - Filling up the DagBag from /opt/airflow/dags/dag_estado_real_vuelo.py
[2026-07-09T01:29:49.794-0500] {processor.py:840} INFO - DAG(s) 'aerotrack_travel_estado_real_vuelo' retrieved from /opt/airflow/dags/dag_estado_real_vuelo.py
[2026-07-09T01:29:49.835-0500] {logging_mixin.py:188} INFO - [2026-07-09T01:29:49.834-0500] {dag.py:3089} INFO - Sync 1 DAGs
[2026-07-09T01:29:49.860-0500] {logging_mixin.py:188} INFO - [2026-07-09T01:29:49.860-0500] {dag.py:3947} INFO - Setting next_dagrun for aerotrack_travel_estado_real_vuelo to 2026-07-09 00:00:00+00:00, run_after=2026-07-10 00:00:00+00:00
[2026-07-09T01:29:49.882-0500] {processor.py:183} INFO - Processing /opt/airflow/dags/dag_estado_real_vuelo.py took 0.148 seconds
[2026-07-09T01:30:20.713-0500] {processor.py:161} INFO - Started process (PID=9631) to work on /opt/airflow/dags/dag_estado_real_vuelo.py
[2026-07-09T01:30:20.714-0500] {processor.py:830} INFO - Processing file /opt/airflow/dags/dag_estado_real_vuelo.py for tasks to queue
[2026-07-09T01:30:20.716-0500] {logging_mixin.py:188} INFO - [2026-07-09T01:30:20.715-0500] {dagbag.py:545} INFO - Filling up the DagBag from /opt/airflow/dags/dag_estado_real_vuelo.py
[2026-07-09T01:30:20.770-0500] {processor.py:840} INFO - DAG(s) 'aerotrack_travel_estado_real_vuelo' retrieved from /opt/airflow/dags/dag_estado_real_vuelo.py
[2026-07-09T01:30:20.809-0500] {logging_mixin.py:188} INFO - [2026-07-09T01:30:20.809-0500] {dag.py:3089} INFO - Sync 1 DAGs
[2026-07-09T01:30:20.829-0500] {logging_mixin.py:188} INFO - [2026-07-09T01:30:20.829-0500] {dag.py:3947} INFO - Setting next_dagrun for aerotrack_travel_estado_real_vuelo to 2026-07-09 00:00:00+00:00, run_after=2026-07-10 00:00:00+00:00
[2026-07-09T01:30:20.844-0500] {processor.py:183} INFO - Processing /opt/airflow/dags/dag_estado_real_vuelo.py took 0.137 seconds
[2026-07-09T01:30:51.604-0500] {processor.py:161} INFO - Started process (PID=9658) to work on /opt/airflow/dags/dag_estado_real_vuelo.py
[2026-07-09T01:30:51.607-0500] {processor.py:830} INFO - Processing file /opt/airflow/dags/dag_estado_real_vuelo.py for tasks to queue
[2026-07-09T01:30:51.610-0500] {logging_mixin.py:188} INFO - [2026-07-09T01:30:51.610-0500] {dagbag.py:545} INFO - Filling up the DagBag from /opt/airflow/dags/dag_estado_real_vuelo.py
[2026-07-09T01:30:51.661-0500] {processor.py:840} INFO - DAG(s) 'aerotrack_travel_estado_real_vuelo' retrieved from /opt/airflow/dags/dag_estado_real_vuelo.py
[2026-07-09T01:30:51.696-0500] {logging_mixin.py:188} INFO - [2026-07-09T01:30:51.696-0500] {dag.py:3089} INFO - Sync 1 DAGs
[2026-07-09T01:30:51.719-0500] {logging_mixin.py:188} INFO - [2026-07-09T01:30:51.719-0500] {dag.py:3947} INFO - Setting next_dagrun for aerotrack_travel_estado_real_vuelo to 2026-07-09 00:00:00+00:00, run_after=2026-07-10 00:00:00+00:00
[2026-07-09T01:30:51.736-0500] {processor.py:183} INFO - Processing /opt/airflow/dags/dag_estado_real_vuelo.py took 0.140 seconds
[2026-07-09T01:31:22.710-0500] {processor.py:161} INFO - Started process (PID=9685) to work on /opt/airflow/dags/dag_estado_real_vuelo.py
[2026-07-09T01:31:22.711-0500] {processor.py:830} INFO - Processing file /opt/airflow/dags/dag_estado_real_vuelo.py for tasks to queue
[2026-07-09T01:31:22.713-0500] {logging_mixin.py:188} INFO - [2026-07-09T01:31:22.713-0500] {dagbag.py:545} INFO - Filling up the DagBag from /opt/airflow/dags/dag_estado_real_vuelo.py
[2026-07-09T01:31:22.750-0500] {processor.py:840} INFO - DAG(s) 'aerotrack_travel_estado_real_vuelo' retrieved from /opt/airflow/dags/dag_estado_real_vuelo.py
[2026-07-09T01:31:22.779-0500] {logging_mixin.py:188} INFO - [2026-07-09T01:31:22.779-0500] {dag.py:3089} INFO - Sync 1 DAGs
[2026-07-09T01:31:22.795-0500] {logging_mixin.py:188} INFO - [2026-07-09T01:31:22.795-0500] {dag.py:3947} INFO - Setting next_dagrun for aerotrack_travel_estado_real_vuelo to 2026-07-09 00:00:00+00:00, run_after=2026-07-10 00:00:00+00:00
[2026-07-09T01:31:22.809-0500] {processor.py:183} INFO - Processing /opt/airflow/dags/dag_estado_real_vuelo.py took 0.104 seconds
[2026-07-09T01:31:53.668-0500] {processor.py:161} INFO - Started process (PID=9712) to work on /opt/airflow/dags/dag_estado_real_vuelo.py
[2026-07-09T01:31:53.669-0500] {processor.py:830} INFO - Processing file /opt/airflow/dags/dag_estado_real_vuelo.py for tasks to queue
[2026-07-09T01:31:53.672-0500] {logging_mixin.py:188} INFO - [2026-07-09T01:31:53.671-0500] {dagbag.py:545} INFO - Filling up the DagBag from /opt/airflow/dags/dag_estado_real_vuelo.py
[2026-07-09T01:31:53.715-0500] {processor.py:840} INFO - DAG(s) 'aerotrack_travel_estado_real_vuelo' retrieved from /opt/airflow/dags/dag_estado_real_vuelo.py
[2026-07-09T01:31:53.748-0500] {logging_mixin.py:188} INFO - [2026-07-09T01:31:53.748-0500] {dag.py:3089} INFO - Sync 1 DAGs
[2026-07-09T01:31:53.768-0500] {logging_mixin.py:188} INFO - [2026-07-09T01:31:53.768-0500] {dag.py:3947} INFO - Setting next_dagrun for aerotrack_travel_estado_real_vuelo to 2026-07-09 00:00:00+00:00, run_after=2026-07-10 00:00:00+00:00
[2026-07-09T01:31:53.784-0500] {processor.py:183} INFO - Processing /opt/airflow/dags/dag_estado_real_vuelo.py took 0.121 seconds
[2026-07-09T01:32:24.612-0500] {processor.py:161} INFO - Started process (PID=9739) to work on /opt/airflow/dags/dag_estado_real_vuelo.py
[2026-07-09T01:32:24.613-0500] {processor.py:830} INFO - Processing file /opt/airflow/dags/dag_estado_real_vuelo.py for tasks to queue
[2026-07-09T01:32:24.614-0500] {logging_mixin.py:188} INFO - [2026-07-09T01:32:24.614-0500] {dagbag.py:545} INFO - Filling up the DagBag from /opt/airflow/dags/dag_estado_real_vuelo.py
[2026-07-09T01:32:24.655-0500] {processor.py:840} INFO - DAG(s) 'aerotrack_travel_estado_real_vuelo' retrieved from /opt/airflow/dags/dag_estado_real_vuelo.py
[2026-07-09T01:32:24.683-0500] {logging_mixin.py:188} INFO - [2026-07-09T01:32:24.683-0500] {dag.py:3089} INFO - Sync 1 DAGs
[2026-07-09T01:32:24.699-0500] {logging_mixin.py:188} INFO - [2026-07-09T01:32:24.699-0500] {dag.py:3947} INFO - Setting next_dagrun for aerotrack_travel_estado_real_vuelo to 2026-07-09 00:00:00+00:00, run_after=2026-07-10 00:00:00+00:00
[2026-07-09T01:32:24.714-0500] {processor.py:183} INFO - Processing /opt/airflow/dags/dag_estado_real_vuelo.py took 0.107 seconds
[2026-07-09T01:32:55.427-0500] {processor.py:161} INFO - Started process (PID=9766) to work on /opt/airflow/dags/dag_estado_real_vuelo.py
[2026-07-09T01:32:55.429-0500] {processor.py:830} INFO - Processing file /opt/airflow/dags/dag_estado_real_vuelo.py for tasks to queue
[2026-07-09T01:32:55.432-0500] {logging_mixin.py:188} INFO - [2026-07-09T01:32:55.432-0500] {dagbag.py:545} INFO - Filling up the DagBag from /opt/airflow/dags/dag_estado_real_vuelo.py
[2026-07-09T01:32:55.491-0500] {processor.py:840} INFO - DAG(s) 'aerotrack_travel_estado_real_vuelo' retrieved from /opt/airflow/dags/dag_estado_real_vuelo.py
[2026-07-09T01:32:55.541-0500] {logging_mixin.py:188} INFO - [2026-07-09T01:32:55.541-0500] {dag.py:3089} INFO - Sync 1 DAGs
[2026-07-09T01:32:55.568-0500] {logging_mixin.py:188} INFO - [2026-07-09T01:32:55.568-0500] {dag.py:3947} INFO - Setting next_dagrun for aerotrack_travel_estado_real_vuelo to 2026-07-09 00:00:00+00:00, run_after=2026-07-10 00:00:00+00:00
[2026-07-09T01:32:55.590-0500] {processor.py:183} INFO - Processing /opt/airflow/dags/dag_estado_real_vuelo.py took 0.172 seconds
[2026-07-09T01:33:26.403-0500] {processor.py:161} INFO - Started process (PID=9793) to work on /opt/airflow/dags/dag_estado_real_vuelo.py
[2026-07-09T01:33:26.404-0500] {processor.py:830} INFO - Processing file /opt/airflow/dags/dag_estado_real_vuelo.py for tasks to queue
[2026-07-09T01:33:26.407-0500] {logging_mixin.py:188} INFO - [2026-07-09T01:33:26.407-0500] {dagbag.py:545} INFO - Filling up the DagBag from /opt/airflow/dags/dag_estado_real_vuelo.py
[2026-07-09T01:33:26.458-0500] {processor.py:840} INFO - DAG(s) 'aerotrack_travel_estado_real_vuelo' retrieved from /opt/airflow/dags/dag_estado_real_vuelo.py
[2026-07-09T01:33:26.494-0500] {logging_mixin.py:188} INFO - [2026-07-09T01:33:26.494-0500] {dag.py:3089} INFO - Sync 1 DAGs
[2026-07-09T01:33:26.514-0500] {logging_mixin.py:188} INFO - [2026-07-09T01:33:26.514-0500] {dag.py:3947} INFO - Setting next_dagrun for aerotrack_travel_estado_real_vuelo to 2026-07-09 00:00:00+00:00, run_after=2026-07-10 00:00:00+00:00
[2026-07-09T01:33:26.532-0500] {processor.py:183} INFO - Processing /opt/airflow/dags/dag_estado_real_vuelo.py took 0.134 seconds
[2026-07-09T01:33:57.242-0500] {processor.py:161} INFO - Started process (PID=9820) to work on /opt/airflow/dags/dag_estado_real_vuelo.py
[2026-07-09T01:33:57.243-0500] {processor.py:830} INFO - Processing file /opt/airflow/dags/dag_estado_real_vuelo.py for tasks to queue
[2026-07-09T01:33:57.244-0500] {logging_mixin.py:188} INFO - [2026-07-09T01:33:57.244-0500] {dagbag.py:545} INFO - Filling up the DagBag from /opt/airflow/dags/dag_estado_real_vuelo.py
[2026-07-09T01:33:57.284-0500] {processor.py:840} INFO - DAG(s) 'aerotrack_travel_estado_real_vuelo' retrieved from /opt/airflow/dags/dag_estado_real_vuelo.py
[2026-07-09T01:33:57.313-0500] {logging_mixin.py:188} INFO - [2026-07-09T01:33:57.312-0500] {dag.py:3089} INFO - Sync 1 DAGs
[2026-07-09T01:33:57.329-0500] {logging_mixin.py:188} INFO - [2026-07-09T01:33:57.329-0500] {dag.py:3947} INFO - Setting next_dagrun for aerotrack_travel_estado_real_vuelo to 2026-07-09 00:00:00+00:00, run_after=2026-07-10 00:00:00+00:00
[2026-07-09T01:33:57.344-0500] {processor.py:183} INFO - Processing /opt/airflow/dags/dag_estado_real_vuelo.py took 0.107 seconds
[2026-07-09T01:34:28.089-0500] {processor.py:161} INFO - Started process (PID=9847) to work on /opt/airflow/dags/dag_estado_real_vuelo.py
[2026-07-09T01:34:28.090-0500] {processor.py:830} INFO - Processing file /opt/airflow/dags/dag_estado_real_vuelo.py for tasks to queue
[2026-07-09T01:34:28.092-0500] {logging_mixin.py:188} INFO - [2026-07-09T01:34:28.092-0500] {dagbag.py:545} INFO - Filling up the DagBag from /opt/airflow/dags/dag_estado_real_vuelo.py
[2026-07-09T01:34:28.126-0500] {processor.py:840} INFO - DAG(s) 'aerotrack_travel_estado_real_vuelo' retrieved from /opt/airflow/dags/dag_estado_real_vuelo.py
[2026-07-09T01:34:28.159-0500] {logging_mixin.py:188} INFO - [2026-07-09T01:34:28.159-0500] {dag.py:3089} INFO - Sync 1 DAGs
[2026-07-09T01:34:28.178-0500] {logging_mixin.py:188} INFO - [2026-07-09T01:34:28.177-0500] {dag.py:3947} INFO - Setting next_dagrun for aerotrack_travel_estado_real_vuelo to 2026-07-09 00:00:00+00:00, run_after=2026-07-10 00:00:00+00:00
[2026-07-09T01:34:28.191-0500] {processor.py:183} INFO - Processing /opt/airflow/dags/dag_estado_real_vuelo.py took 0.108 seconds
[2026-07-09T01:34:59.014-0500] {processor.py:161} INFO - Started process (PID=9874) to work on /opt/airflow/dags/dag_estado_real_vuelo.py
[2026-07-09T01:34:59.015-0500] {processor.py:830} INFO - Processing file /opt/airflow/dags/dag_estado_real_vuelo.py for tasks to queue
[2026-07-09T01:34:59.016-0500] {logging_mixin.py:188} INFO - [2026-07-09T01:34:59.016-0500] {dagbag.py:545} INFO - Filling up the DagBag from /opt/airflow/dags/dag_estado_real_vuelo.py
[2026-07-09T01:34:59.060-0500] {processor.py:840} INFO - DAG(s) 'aerotrack_travel_estado_real_vuelo' retrieved from /opt/airflow/dags/dag_estado_real_vuelo.py
[2026-07-09T01:34:59.090-0500] {logging_mixin.py:188} INFO - [2026-07-09T01:34:59.090-0500] {dag.py:3089} INFO - Sync 1 DAGs
[2026-07-09T01:34:59.107-0500] {logging_mixin.py:188} INFO - [2026-07-09T01:34:59.107-0500] {dag.py:3947} INFO - Setting next_dagrun for aerotrack_travel_estado_real_vuelo to 2026-07-09 00:00:00+00:00, run_after=2026-07-10 00:00:00+00:00
[2026-07-09T01:34:59.123-0500] {processor.py:183} INFO - Processing /opt/airflow/dags/dag_estado_real_vuelo.py took 0.114 seconds
[2026-07-09T01:35:29.920-0500] {processor.py:161} INFO - Started process (PID=9901) to work on /opt/airflow/dags/dag_estado_real_vuelo.py
[2026-07-09T01:35:29.921-0500] {processor.py:830} INFO - Processing file /opt/airflow/dags/dag_estado_real_vuelo.py for tasks to queue
[2026-07-09T01:35:29.923-0500] {logging_mixin.py:188} INFO - [2026-07-09T01:35:29.923-0500] {dagbag.py:545} INFO - Filling up the DagBag from /opt/airflow/dags/dag_estado_real_vuelo.py
[2026-07-09T01:35:29.974-0500] {processor.py:840} INFO - DAG(s) 'aerotrack_travel_estado_real_vuelo' retrieved from /opt/airflow/dags/dag_estado_real_vuelo.py
[2026-07-09T01:35:30.010-0500] {logging_mixin.py:188} INFO - [2026-07-09T01:35:30.010-0500] {dag.py:3089} INFO - Sync 1 DAGs
[2026-07-09T01:35:30.028-0500] {logging_mixin.py:188} INFO - [2026-07-09T01:35:30.028-0500] {dag.py:3947} INFO - Setting next_dagrun for aerotrack_travel_estado_real_vuelo to 2026-07-09 00:00:00+00:00, run_after=2026-07-10 00:00:00+00:00
[2026-07-09T01:35:30.044-0500] {processor.py:183} INFO - Processing /opt/airflow/dags/dag_estado_real_vuelo.py took 0.129 seconds
[2026-07-09T01:36:00.809-0500] {processor.py:161} INFO - Started process (PID=9928) to work on /opt/airflow/dags/dag_estado_real_vuelo.py
[2026-07-09T01:36:00.810-0500] {processor.py:830} INFO - Processing file /opt/airflow/dags/dag_estado_real_vuelo.py for tasks to queue
[2026-07-09T01:36:00.812-0500] {logging_mixin.py:188} INFO - [2026-07-09T01:36:00.811-0500] {dagbag.py:545} INFO - Filling up the DagBag from /opt/airflow/dags/dag_estado_real_vuelo.py
[2026-07-09T01:36:00.866-0500] {processor.py:840} INFO - DAG(s) 'aerotrack_travel_estado_real_vuelo' retrieved from /opt/airflow/dags/dag_estado_real_vuelo.py
[2026-07-09T01:36:00.900-0500] {logging_mixin.py:188} INFO - [2026-07-09T01:36:00.900-0500] {dag.py:3089} INFO - Sync 1 DAGs
[2026-07-09T01:36:00.917-0500] {logging_mixin.py:188} INFO - [2026-07-09T01:36:00.917-0500] {dag.py:3947} INFO - Setting next_dagrun for aerotrack_travel_estado_real_vuelo to 2026-07-09 00:00:00+00:00, run_after=2026-07-10 00:00:00+00:00
[2026-07-09T01:36:00.937-0500] {processor.py:183} INFO - Processing /opt/airflow/dags/dag_estado_real_vuelo.py took 0.133 seconds
[2026-07-09T01:36:31.762-0500] {processor.py:161} INFO - Started process (PID=9955) to work on /opt/airflow/dags/dag_estado_real_vuelo.py
[2026-07-09T01:36:31.763-0500] {processor.py:830} INFO - Processing file /opt/airflow/dags/dag_estado_real_vuelo.py for tasks to queue
[2026-07-09T01:36:31.765-0500] {logging_mixin.py:188} INFO - [2026-07-09T01:36:31.764-0500] {dagbag.py:545} INFO - Filling up the DagBag from /opt/airflow/dags/dag_estado_real_vuelo.py
[2026-07-09T01:36:31.810-0500] {processor.py:840} INFO - DAG(s) 'aerotrack_travel_estado_real_vuelo' retrieved from /opt/airflow/dags/dag_estado_real_vuelo.py
[2026-07-09T01:36:31.844-0500] {logging_mixin.py:188} INFO - [2026-07-09T01:36:31.844-0500] {dag.py:3089} INFO - Sync 1 DAGs
[2026-07-09T01:36:31.871-0500] {logging_mixin.py:188} INFO - [2026-07-09T01:36:31.871-0500] {dag.py:3947} INFO - Setting next_dagrun for aerotrack_travel_estado_real_vuelo to 2026-07-09 00:00:00+00:00, run_after=2026-07-10 00:00:00+00:00
[2026-07-09T01:36:31.897-0500] {processor.py:183} INFO - Processing /opt/airflow/dags/dag_estado_real_vuelo.py took 0.140 seconds
[2026-07-09T01:37:02.524-0500] {processor.py:161} INFO - Started process (PID=9982) to work on /opt/airflow/dags/dag_estado_real_vuelo.py
[2026-07-09T01:37:02.525-0500] {processor.py:830} INFO - Processing file /opt/airflow/dags/dag_estado_real_vuelo.py for tasks to queue
[2026-07-09T01:37:02.527-0500] {logging_mixin.py:188} INFO - [2026-07-09T01:37:02.526-0500] {dagbag.py:545} INFO - Filling up the DagBag from /opt/airflow/dags/dag_estado_real_vuelo.py
[2026-07-09T01:37:02.560-0500] {processor.py:840} INFO - DAG(s) 'aerotrack_travel_estado_real_vuelo' retrieved from /opt/airflow/dags/dag_estado_real_vuelo.py
[2026-07-09T01:37:02.589-0500] {logging_mixin.py:188} INFO - [2026-07-09T01:37:02.589-0500] {dag.py:3089} INFO - Sync 1 DAGs
[2026-07-09T01:37:02.607-0500] {logging_mixin.py:188} INFO - [2026-07-09T01:37:02.607-0500] {dag.py:3947} INFO - Setting next_dagrun for aerotrack_travel_estado_real_vuelo to 2026-07-09 00:00:00+00:00, run_after=2026-07-10 00:00:00+00:00
[2026-07-09T01:37:02.622-0500] {processor.py:183} INFO - Processing /opt/airflow/dags/dag_estado_real_vuelo.py took 0.102 seconds
[2026-07-09T01:37:33.412-0500] {processor.py:161} INFO - Started process (PID=10009) to work on /opt/airflow/dags/dag_estado_real_vuelo.py
[2026-07-09T01:37:33.413-0500] {processor.py:830} INFO - Processing file /opt/airflow/dags/dag_estado_real_vuelo.py for tasks to queue
[2026-07-09T01:37:33.416-0500] {logging_mixin.py:188} INFO - [2026-07-09T01:37:33.415-0500] {dagbag.py:545} INFO - Filling up the DagBag from /opt/airflow/dags/dag_estado_real_vuelo.py
[2026-07-09T01:37:33.466-0500] {processor.py:840} INFO - DAG(s) 'aerotrack_travel_estado_real_vuelo' retrieved from /opt/airflow/dags/dag_estado_real_vuelo.py
[2026-07-09T01:37:33.499-0500] {logging_mixin.py:188} INFO - [2026-07-09T01:37:33.498-0500] {dag.py:3089} INFO - Sync 1 DAGs
[2026-07-09T01:37:33.517-0500] {logging_mixin.py:188} INFO - [2026-07-09T01:37:33.517-0500] {dag.py:3947} INFO - Setting next_dagrun for aerotrack_travel_estado_real_vuelo to 2026-07-09 00:00:00+00:00, run_after=2026-07-10 00:00:00+00:00
[2026-07-09T01:37:33.533-0500] {processor.py:183} INFO - Processing /opt/airflow/dags/dag_estado_real_vuelo.py took 0.126 seconds
[2026-07-09T01:38:04.152-0500] {processor.py:161} INFO - Started process (PID=10036) to work on /opt/airflow/dags/dag_estado_real_vuelo.py
[2026-07-09T01:38:04.154-0500] {processor.py:830} INFO - Processing file /opt/airflow/dags/dag_estado_real_vuelo.py for tasks to queue
[2026-07-09T01:38:04.155-0500] {logging_mixin.py:188} INFO - [2026-07-09T01:38:04.155-0500] {dagbag.py:545} INFO - Filling up the DagBag from /opt/airflow/dags/dag_estado_real_vuelo.py
[2026-07-09T01:38:04.201-0500] {processor.py:840} INFO - DAG(s) 'aerotrack_travel_estado_real_vuelo' retrieved from /opt/airflow/dags/dag_estado_real_vuelo.py
[2026-07-09T01:38:04.229-0500] {logging_mixin.py:188} INFO - [2026-07-09T01:38:04.229-0500] {dag.py:3089} INFO - Sync 1 DAGs
[2026-07-09T01:38:04.247-0500] {logging_mixin.py:188} INFO - [2026-07-09T01:38:04.246-0500] {dag.py:3947} INFO - Setting next_dagrun for aerotrack_travel_estado_real_vuelo to 2026-07-09 00:00:00+00:00, run_after=2026-07-10 00:00:00+00:00
[2026-07-09T01:38:04.263-0500] {processor.py:183} INFO - Processing /opt/airflow/dags/dag_estado_real_vuelo.py took 0.116 seconds
[2026-07-09T01:38:34.880-0500] {processor.py:161} INFO - Started process (PID=10063) to work on /opt/airflow/dags/dag_estado_real_vuelo.py
[2026-07-09T01:38:34.881-0500] {processor.py:830} INFO - Processing file /opt/airflow/dags/dag_estado_real_vuelo.py for tasks to queue
[2026-07-09T01:38:34.883-0500] {logging_mixin.py:188} INFO - [2026-07-09T01:38:34.882-0500] {dagbag.py:545} INFO - Filling up the DagBag from /opt/airflow/dags/dag_estado_real_vuelo.py
[2026-07-09T01:38:34.914-0500] {processor.py:840} INFO - DAG(s) 'aerotrack_travel_estado_real_vuelo' retrieved from /opt/airflow/dags/dag_estado_real_vuelo.py
[2026-07-09T01:38:34.946-0500] {logging_mixin.py:188} INFO - [2026-07-09T01:38:34.945-0500] {dag.py:3089} INFO - Sync 1 DAGs
[2026-07-09T01:38:34.963-0500] {logging_mixin.py:188} INFO - [2026-07-09T01:38:34.963-0500] {dag.py:3947} INFO - Setting next_dagrun for aerotrack_travel_estado_real_vuelo to 2026-07-09 00:00:00+00:00, run_after=2026-07-10 00:00:00+00:00
[2026-07-09T01:38:34.980-0500] {processor.py:183} INFO - Processing /opt/airflow/dags/dag_estado_real_vuelo.py took 0.104 seconds
[2026-07-09T01:39:05.703-0500] {processor.py:161} INFO - Started process (PID=10090) to work on /opt/airflow/dags/dag_estado_real_vuelo.py
[2026-07-09T01:39:05.703-0500] {processor.py:830} INFO - Processing file /opt/airflow/dags/dag_estado_real_vuelo.py for tasks to queue
[2026-07-09T01:39:05.705-0500] {logging_mixin.py:188} INFO - [2026-07-09T01:39:05.705-0500] {dagbag.py:545} INFO - Filling up the DagBag from /opt/airflow/dags/dag_estado_real_vuelo.py
[2026-07-09T01:39:05.735-0500] {processor.py:840} INFO - DAG(s) 'aerotrack_travel_estado_real_vuelo' retrieved from /opt/airflow/dags/dag_estado_real_vuelo.py
[2026-07-09T01:39:05.773-0500] {logging_mixin.py:188} INFO - [2026-07-09T01:39:05.773-0500] {dag.py:3089} INFO - Sync 1 DAGs
[2026-07-09T01:39:05.790-0500] {logging_mixin.py:188} INFO - [2026-07-09T01:39:05.790-0500] {dag.py:3947} INFO - Setting next_dagrun for aerotrack_travel_estado_real_vuelo to 2026-07-09 00:00:00+00:00, run_after=2026-07-10 00:00:00+00:00
[2026-07-09T01:39:05.804-0500] {processor.py:183} INFO - Processing /opt/airflow/dags/dag_estado_real_vuelo.py took 0.106 seconds
[2026-07-09T01:39:36.459-0500] {processor.py:161} INFO - Started process (PID=10117) to work on /opt/airflow/dags/dag_estado_real_vuelo.py
[2026-07-09T01:39:36.460-0500] {processor.py:830} INFO - Processing file /opt/airflow/dags/dag_estado_real_vuelo.py for tasks to queue
[2026-07-09T01:39:36.462-0500] {logging_mixin.py:188} INFO - [2026-07-09T01:39:36.461-0500] {dagbag.py:545} INFO - Filling up the DagBag from /opt/airflow/dags/dag_estado_real_vuelo.py
[2026-07-09T01:39:36.503-0500] {processor.py:840} INFO - DAG(s) 'aerotrack_travel_estado_real_vuelo' retrieved from /opt/airflow/dags/dag_estado_real_vuelo.py
[2026-07-09T01:39:36.541-0500] {logging_mixin.py:188} INFO - [2026-07-09T01:39:36.541-0500] {dag.py:3089} INFO - Sync 1 DAGs
[2026-07-09T01:39:36.559-0500] {logging_mixin.py:188} INFO - [2026-07-09T01:39:36.558-0500] {dag.py:3947} INFO - Setting next_dagrun for aerotrack_travel_estado_real_vuelo to 2026-07-09 00:00:00+00:00, run_after=2026-07-10 00:00:00+00:00
[2026-07-09T01:39:36.576-0500] {processor.py:183} INFO - Processing /opt/airflow/dags/dag_estado_real_vuelo.py took 0.122 seconds
[2026-07-09T01:40:07.229-0500] {processor.py:161} INFO - Started process (PID=10144) to work on /opt/airflow/dags/dag_estado_real_vuelo.py
[2026-07-09T01:40:07.230-0500] {processor.py:830} INFO - Processing file /opt/airflow/dags/dag_estado_real_vuelo.py for tasks to queue
[2026-07-09T01:40:07.232-0500] {logging_mixin.py:188} INFO - [2026-07-09T01:40:07.231-0500] {dagbag.py:545} INFO - Filling up the DagBag from /opt/airflow/dags/dag_estado_real_vuelo.py
[2026-07-09T01:40:07.269-0500] {processor.py:840} INFO - DAG(s) 'aerotrack_travel_estado_real_vuelo' retrieved from /opt/airflow/dags/dag_estado_real_vuelo.py
[2026-07-09T01:40:07.304-0500] {logging_mixin.py:188} INFO - [2026-07-09T01:40:07.303-0500] {dag.py:3089} INFO - Sync 1 DAGs
[2026-07-09T01:40:07.323-0500] {logging_mixin.py:188} INFO - [2026-07-09T01:40:07.323-0500] {dag.py:3947} INFO - Setting next_dagrun for aerotrack_travel_estado_real_vuelo to 2026-07-09 00:00:00+00:00, run_after=2026-07-10 00:00:00+00:00
[2026-07-09T01:40:07.340-0500] {processor.py:183} INFO - Processing /opt/airflow/dags/dag_estado_real_vuelo.py took 0.116 seconds
[2026-07-09T01:40:38.014-0500] {processor.py:161} INFO - Started process (PID=10171) to work on /opt/airflow/dags/dag_estado_real_vuelo.py
[2026-07-09T01:40:38.015-0500] {processor.py:830} INFO - Processing file /opt/airflow/dags/dag_estado_real_vuelo.py for tasks to queue
[2026-07-09T01:40:38.016-0500] {logging_mixin.py:188} INFO - [2026-07-09T01:40:38.016-0500] {dagbag.py:545} INFO - Filling up the DagBag from /opt/airflow/dags/dag_estado_real_vuelo.py
[2026-07-09T01:40:38.056-0500] {processor.py:840} INFO - DAG(s) 'aerotrack_travel_estado_real_vuelo' retrieved from /opt/airflow/dags/dag_estado_real_vuelo.py
[2026-07-09T01:40:38.085-0500] {logging_mixin.py:188} INFO - [2026-07-09T01:40:38.084-0500] {dag.py:3089} INFO - Sync 1 DAGs
[2026-07-09T01:40:38.102-0500] {logging_mixin.py:188} INFO - [2026-07-09T01:40:38.102-0500] {dag.py:3947} INFO - Setting next_dagrun for aerotrack_travel_estado_real_vuelo to 2026-07-09 00:00:00+00:00, run_after=2026-07-10 00:00:00+00:00
[2026-07-09T01:40:38.118-0500] {processor.py:183} INFO - Processing /opt/airflow/dags/dag_estado_real_vuelo.py took 0.108 seconds
[2026-07-09T01:41:08.866-0500] {processor.py:161} INFO - Started process (PID=10198) to work on /opt/airflow/dags/dag_estado_real_vuelo.py
[2026-07-09T01:41:08.867-0500] {processor.py:830} INFO - Processing file /opt/airflow/dags/dag_estado_real_vuelo.py for tasks to queue
[2026-07-09T01:41:08.869-0500] {logging_mixin.py:188} INFO - [2026-07-09T01:41:08.869-0500] {dagbag.py:545} INFO - Filling up the DagBag from /opt/airflow/dags/dag_estado_real_vuelo.py
[2026-07-09T01:41:08.900-0500] {processor.py:840} INFO - DAG(s) 'aerotrack_travel_estado_real_vuelo' retrieved from /opt/airflow/dags/dag_estado_real_vuelo.py
[2026-07-09T01:41:08.932-0500] {logging_mixin.py:188} INFO - [2026-07-09T01:41:08.932-0500] {dag.py:3089} INFO - Sync 1 DAGs
[2026-07-09T01:41:08.951-0500] {logging_mixin.py:188} INFO - [2026-07-09T01:41:08.951-0500] {dag.py:3947} INFO - Setting next_dagrun for aerotrack_travel_estado_real_vuelo to 2026-07-09 00:00:00+00:00, run_after=2026-07-10 00:00:00+00:00
[2026-07-09T01:41:08.965-0500] {processor.py:183} INFO - Processing /opt/airflow/dags/dag_estado_real_vuelo.py took 0.104 seconds
[2026-07-09T01:41:39.739-0500] {processor.py:161} INFO - Started process (PID=10225) to work on /opt/airflow/dags/dag_estado_real_vuelo.py
[2026-07-09T01:41:39.740-0500] {processor.py:830} INFO - Processing file /opt/airflow/dags/dag_estado_real_vuelo.py for tasks to queue
[2026-07-09T01:41:39.741-0500] {logging_mixin.py:188} INFO - [2026-07-09T01:41:39.741-0500] {dagbag.py:545} INFO - Filling up the DagBag from /opt/airflow/dags/dag_estado_real_vuelo.py
[2026-07-09T01:41:39.771-0500] {processor.py:840} INFO - DAG(s) 'aerotrack_travel_estado_real_vuelo' retrieved from /opt/airflow/dags/dag_estado_real_vuelo.py
[2026-07-09T01:41:39.799-0500] {logging_mixin.py:188} INFO - [2026-07-09T01:41:39.799-0500] {dag.py:3089} INFO - Sync 1 DAGs
[2026-07-09T01:41:39.815-0500] {logging_mixin.py:188} INFO - [2026-07-09T01:41:39.815-0500] {dag.py:3947} INFO - Setting next_dagrun for aerotrack_travel_estado_real_vuelo to 2026-07-09 00:00:00+00:00, run_after=2026-07-10 00:00:00+00:00
[2026-07-09T01:41:39.828-0500] {processor.py:183} INFO - Processing /opt/airflow/dags/dag_estado_real_vuelo.py took 0.094 seconds
[2026-07-09T01:42:10.513-0500] {processor.py:161} INFO - Started process (PID=10252) to work on /opt/airflow/dags/dag_estado_real_vuelo.py
[2026-07-09T01:42:10.514-0500] {processor.py:830} INFO - Processing file /opt/airflow/dags/dag_estado_real_vuelo.py for tasks to queue
[2026-07-09T01:42:10.516-0500] {logging_mixin.py:188} INFO - [2026-07-09T01:42:10.515-0500] {dagbag.py:545} INFO - Filling up the DagBag from /opt/airflow/dags/dag_estado_real_vuelo.py
[2026-07-09T01:42:10.544-0500] {processor.py:840} INFO - DAG(s) 'aerotrack_travel_estado_real_vuelo' retrieved from /opt/airflow/dags/dag_estado_real_vuelo.py
[2026-07-09T01:42:10.573-0500] {logging_mixin.py:188} INFO - [2026-07-09T01:42:10.573-0500] {dag.py:3089} INFO - Sync 1 DAGs
[2026-07-09T01:42:10.591-0500] {logging_mixin.py:188} INFO - [2026-07-09T01:42:10.590-0500] {dag.py:3947} INFO - Setting next_dagrun for aerotrack_travel_estado_real_vuelo to 2026-07-09 00:00:00+00:00, run_after=2026-07-10 00:00:00+00:00
[2026-07-09T01:42:10.607-0500] {processor.py:183} INFO - Processing /opt/airflow/dags/dag_estado_real_vuelo.py took 0.098 seconds
[2026-07-09T01:42:41.415-0500] {processor.py:161} INFO - Started process (PID=10279) to work on /opt/airflow/dags/dag_estado_real_vuelo.py
[2026-07-09T01:42:41.416-0500] {processor.py:830} INFO - Processing file /opt/airflow/dags/dag_estado_real_vuelo.py for tasks to queue
[2026-07-09T01:42:41.417-0500] {logging_mixin.py:188} INFO - [2026-07-09T01:42:41.417-0500] {dagbag.py:545} INFO - Filling up the DagBag from /opt/airflow/dags/dag_estado_real_vuelo.py
[2026-07-09T01:42:41.450-0500] {processor.py:840} INFO - DAG(s) 'aerotrack_travel_estado_real_vuelo' retrieved from /opt/airflow/dags/dag_estado_real_vuelo.py
[2026-07-09T01:42:41.479-0500] {logging_mixin.py:188} INFO - [2026-07-09T01:42:41.479-0500] {dag.py:3089} INFO - Sync 1 DAGs
[2026-07-09T01:42:41.497-0500] {logging_mixin.py:188} INFO - [2026-07-09T01:42:41.497-0500] {dag.py:3947} INFO - Setting next_dagrun for aerotrack_travel_estado_real_vuelo to 2026-07-09 00:00:00+00:00, run_after=2026-07-10 00:00:00+00:00
[2026-07-09T01:42:41.512-0500] {processor.py:183} INFO - Processing /opt/airflow/dags/dag_estado_real_vuelo.py took 0.102 seconds
[2026-07-09T01:43:12.199-0500] {processor.py:161} INFO - Started process (PID=10306) to work on /opt/airflow/dags/dag_estado_real_vuelo.py
[2026-07-09T01:43:12.200-0500] {processor.py:830} INFO - Processing file /opt/airflow/dags/dag_estado_real_vuelo.py for tasks to queue
[2026-07-09T01:43:12.202-0500] {logging_mixin.py:188} INFO - [2026-07-09T01:43:12.201-0500] {dagbag.py:545} INFO - Filling up the DagBag from /opt/airflow/dags/dag_estado_real_vuelo.py
[2026-07-09T01:43:12.255-0500] {processor.py:840} INFO - DAG(s) 'aerotrack_travel_estado_real_vuelo' retrieved from /opt/airflow/dags/dag_estado_real_vuelo.py
[2026-07-09T01:43:12.285-0500] {logging_mixin.py:188} INFO - [2026-07-09T01:43:12.285-0500] {dag.py:3089} INFO - Sync 1 DAGs
[2026-07-09T01:43:12.303-0500] {logging_mixin.py:188} INFO - [2026-07-09T01:43:12.302-0500] {dag.py:3947} INFO - Setting next_dagrun for aerotrack_travel_estado_real_vuelo to 2026-07-09 00:00:00+00:00, run_after=2026-07-10 00:00:00+00:00
[2026-07-09T01:43:12.318-0500] {processor.py:183} INFO - Processing /opt/airflow/dags/dag_estado_real_vuelo.py took 0.128 seconds
[2026-07-09T01:43:43.069-0500] {processor.py:161} INFO - Started process (PID=10333) to work on /opt/airflow/dags/dag_estado_real_vuelo.py
[2026-07-09T01:43:43.070-0500] {processor.py:830} INFO - Processing file /opt/airflow/dags/dag_estado_real_vuelo.py for tasks to queue
[2026-07-09T01:43:43.071-0500] {logging_mixin.py:188} INFO - [2026-07-09T01:43:43.071-0500] {dagbag.py:545} INFO - Filling up the DagBag from /opt/airflow/dags/dag_estado_real_vuelo.py
[2026-07-09T01:43:43.105-0500] {processor.py:840} INFO - DAG(s) 'aerotrack_travel_estado_real_vuelo' retrieved from /opt/airflow/dags/dag_estado_real_vuelo.py
[2026-07-09T01:43:43.134-0500] {logging_mixin.py:188} INFO - [2026-07-09T01:43:43.134-0500] {dag.py:3089} INFO - Sync 1 DAGs
[2026-07-09T01:43:43.152-0500] {logging_mixin.py:188} INFO - [2026-07-09T01:43:43.151-0500] {dag.py:3947} INFO - Setting next_dagrun for aerotrack_travel_estado_real_vuelo to 2026-07-09 00:00:00+00:00, run_after=2026-07-10 00:00:00+00:00
[2026-07-09T01:43:43.166-0500] {processor.py:183} INFO - Processing /opt/airflow/dags/dag_estado_real_vuelo.py took 0.102 seconds
[2026-07-09T01:44:13.877-0500] {processor.py:161} INFO - Started process (PID=10360) to work on /opt/airflow/dags/dag_estado_real_vuelo.py
[2026-07-09T01:44:13.878-0500] {processor.py:830} INFO - Processing file /opt/airflow/dags/dag_estado_real_vuelo.py for tasks to queue
[2026-07-09T01:44:13.880-0500] {logging_mixin.py:188} INFO - [2026-07-09T01:44:13.879-0500] {dagbag.py:545} INFO - Filling up the DagBag from /opt/airflow/dags/dag_estado_real_vuelo.py
[2026-07-09T01:44:13.911-0500] {processor.py:840} INFO - DAG(s) 'aerotrack_travel_estado_real_vuelo' retrieved from /opt/airflow/dags/dag_estado_real_vuelo.py
[2026-07-09T01:44:13.941-0500] {logging_mixin.py:188} INFO - [2026-07-09T01:44:13.941-0500] {dag.py:3089} INFO - Sync 1 DAGs
[2026-07-09T01:44:13.958-0500] {logging_mixin.py:188} INFO - [2026-07-09T01:44:13.957-0500] {dag.py:3947} INFO - Setting next_dagrun for aerotrack_travel_estado_real_vuelo to 2026-07-09 00:00:00+00:00, run_after=2026-07-10 00:00:00+00:00
[2026-07-09T01:44:13.975-0500] {processor.py:183} INFO - Processing /opt/airflow/dags/dag_estado_real_vuelo.py took 0.102 seconds
[2026-07-09T01:44:44.687-0500] {processor.py:161} INFO - Started process (PID=10387) to work on /opt/airflow/dags/dag_estado_real_vuelo.py
[2026-07-09T01:44:44.688-0500] {processor.py:830} INFO - Processing file /opt/airflow/dags/dag_estado_real_vuelo.py for tasks to queue
[2026-07-09T01:44:44.689-0500] {logging_mixin.py:188} INFO - [2026-07-09T01:44:44.689-0500] {dagbag.py:545} INFO - Filling up the DagBag from /opt/airflow/dags/dag_estado_real_vuelo.py
[2026-07-09T01:44:44.727-0500] {processor.py:840} INFO - DAG(s) 'aerotrack_travel_estado_real_vuelo' retrieved from /opt/airflow/dags/dag_estado_real_vuelo.py
[2026-07-09T01:44:44.759-0500] {logging_mixin.py:188} INFO - [2026-07-09T01:44:44.759-0500] {dag.py:3089} INFO - Sync 1 DAGs
[2026-07-09T01:44:44.777-0500] {logging_mixin.py:188} INFO - [2026-07-09T01:44:44.776-0500] {dag.py:3947} INFO - Setting next_dagrun for aerotrack_travel_estado_real_vuelo to 2026-07-09 00:00:00+00:00, run_after=2026-07-10 00:00:00+00:00
[2026-07-09T01:44:44.790-0500] {processor.py:183} INFO - Processing /opt/airflow/dags/dag_estado_real_vuelo.py took 0.108 seconds
[2026-07-09T01:45:15.547-0500] {processor.py:161} INFO - Started process (PID=10414) to work on /opt/airflow/dags/dag_estado_real_vuelo.py
[2026-07-09T01:45:15.548-0500] {processor.py:830} INFO - Processing file /opt/airflow/dags/dag_estado_real_vuelo.py for tasks to queue
[2026-07-09T01:45:15.550-0500] {logging_mixin.py:188} INFO - [2026-07-09T01:45:15.549-0500] {dagbag.py:545} INFO - Filling up the DagBag from /opt/airflow/dags/dag_estado_real_vuelo.py
[2026-07-09T01:45:15.589-0500] {processor.py:840} INFO - DAG(s) 'aerotrack_travel_estado_real_vuelo' retrieved from /opt/airflow/dags/dag_estado_real_vuelo.py
[2026-07-09T01:45:15.621-0500] {logging_mixin.py:188} INFO - [2026-07-09T01:45:15.620-0500] {dag.py:3089} INFO - Sync 1 DAGs
[2026-07-09T01:45:15.642-0500] {logging_mixin.py:188} INFO - [2026-07-09T01:45:15.641-0500] {dag.py:3947} INFO - Setting next_dagrun for aerotrack_travel_estado_real_vuelo to 2026-07-09 00:00:00+00:00, run_after=2026-07-10 00:00:00+00:00
[2026-07-09T01:45:15.661-0500] {processor.py:183} INFO - Processing /opt/airflow/dags/dag_estado_real_vuelo.py took 0.119 seconds
[2026-07-09T01:45:46.431-0500] {processor.py:161} INFO - Started process (PID=10441) to work on /opt/airflow/dags/dag_estado_real_vuelo.py
[2026-07-09T01:45:46.432-0500] {processor.py:830} INFO - Processing file /opt/airflow/dags/dag_estado_real_vuelo.py for tasks to queue
[2026-07-09T01:45:46.434-0500] {logging_mixin.py:188} INFO - [2026-07-09T01:45:46.433-0500] {dagbag.py:545} INFO - Filling up the DagBag from /opt/airflow/dags/dag_estado_real_vuelo.py
[2026-07-09T01:45:46.467-0500] {processor.py:840} INFO - DAG(s) 'aerotrack_travel_estado_real_vuelo' retrieved from /opt/airflow/dags/dag_estado_real_vuelo.py
[2026-07-09T01:45:46.501-0500] {logging_mixin.py:188} INFO - [2026-07-09T01:45:46.501-0500] {dag.py:3089} INFO - Sync 1 DAGs
[2026-07-09T01:45:46.521-0500] {logging_mixin.py:188} INFO - [2026-07-09T01:45:46.521-0500] {dag.py:3947} INFO - Setting next_dagrun for aerotrack_travel_estado_real_vuelo to 2026-07-09 00:00:00+00:00, run_after=2026-07-10 00:00:00+00:00
[2026-07-09T01:45:46.537-0500] {processor.py:183} INFO - Processing /opt/airflow/dags/dag_estado_real_vuelo.py took 0.110 seconds
[2026-07-09T01:46:17.225-0500] {processor.py:161} INFO - Started process (PID=10468) to work on /opt/airflow/dags/dag_estado_real_vuelo.py
[2026-07-09T01:46:17.226-0500] {processor.py:830} INFO - Processing file /opt/airflow/dags/dag_estado_real_vuelo.py for tasks to queue
[2026-07-09T01:46:17.227-0500] {logging_mixin.py:188} INFO - [2026-07-09T01:46:17.227-0500] {dagbag.py:545} INFO - Filling up the DagBag from /opt/airflow/dags/dag_estado_real_vuelo.py
[2026-07-09T01:46:17.262-0500] {processor.py:840} INFO - DAG(s) 'aerotrack_travel_estado_real_vuelo' retrieved from /opt/airflow/dags/dag_estado_real_vuelo.py
[2026-07-09T01:46:17.299-0500] {logging_mixin.py:188} INFO - [2026-07-09T01:46:17.298-0500] {dag.py:3089} INFO - Sync 1 DAGs
[2026-07-09T01:46:17.315-0500] {logging_mixin.py:188} INFO - [2026-07-09T01:46:17.315-0500] {dag.py:3947} INFO - Setting next_dagrun for aerotrack_travel_estado_real_vuelo to 2026-07-09 00:00:00+00:00, run_after=2026-07-10 00:00:00+00:00
[2026-07-09T01:46:17.329-0500] {processor.py:183} INFO - Processing /opt/airflow/dags/dag_estado_real_vuelo.py took 0.109 seconds
[2026-07-09T01:46:48.229-0500] {processor.py:161} INFO - Started process (PID=10495) to work on /opt/airflow/dags/dag_estado_real_vuelo.py
[2026-07-09T01:46:48.233-0500] {processor.py:830} INFO - Processing file /opt/airflow/dags/dag_estado_real_vuelo.py for tasks to queue
[2026-07-09T01:46:48.235-0500] {logging_mixin.py:188} INFO - [2026-07-09T01:46:48.235-0500] {dagbag.py:545} INFO - Filling up the DagBag from /opt/airflow/dags/dag_estado_real_vuelo.py
[2026-07-09T01:46:48.264-0500] {processor.py:840} INFO - DAG(s) 'aerotrack_travel_estado_real_vuelo' retrieved from /opt/airflow/dags/dag_estado_real_vuelo.py
[2026-07-09T01:46:48.290-0500] {logging_mixin.py:188} INFO - [2026-07-09T01:46:48.290-0500] {dag.py:3089} INFO - Sync 1 DAGs
[2026-07-09T01:46:48.306-0500] {logging_mixin.py:188} INFO - [2026-07-09T01:46:48.306-0500] {dag.py:3947} INFO - Setting next_dagrun for aerotrack_travel_estado_real_vuelo to 2026-07-09 00:00:00+00:00, run_after=2026-07-10 00:00:00+00:00
[2026-07-09T01:46:48.322-0500] {processor.py:183} INFO - Processing /opt/airflow/dags/dag_estado_real_vuelo.py took 0.097 seconds
[2026-07-09T01:47:19.013-0500] {processor.py:161} INFO - Started process (PID=10522) to work on /opt/airflow/dags/dag_estado_real_vuelo.py
[2026-07-09T01:47:19.015-0500] {processor.py:830} INFO - Processing file /opt/airflow/dags/dag_estado_real_vuelo.py for tasks to queue
[2026-07-09T01:47:19.016-0500] {logging_mixin.py:188} INFO - [2026-07-09T01:47:19.016-0500] {dagbag.py:545} INFO - Filling up the DagBag from /opt/airflow/dags/dag_estado_real_vuelo.py
[2026-07-09T01:47:19.058-0500] {processor.py:840} INFO - DAG(s) 'aerotrack_travel_estado_real_vuelo' retrieved from /opt/airflow/dags/dag_estado_real_vuelo.py
[2026-07-09T01:47:19.095-0500] {logging_mixin.py:188} INFO - [2026-07-09T01:47:19.095-0500] {dag.py:3089} INFO - Sync 1 DAGs
[2026-07-09T01:47:19.113-0500] {logging_mixin.py:188} INFO - [2026-07-09T01:47:19.113-0500] {dag.py:3947} INFO - Setting next_dagrun for aerotrack_travel_estado_real_vuelo to 2026-07-09 00:00:00+00:00, run_after=2026-07-10 00:00:00+00:00
[2026-07-09T01:47:19.128-0500] {processor.py:183} INFO - Processing /opt/airflow/dags/dag_estado_real_vuelo.py took 0.120 seconds
[2026-07-09T01:47:49.742-0500] {processor.py:161} INFO - Started process (PID=10549) to work on /opt/airflow/dags/dag_estado_real_vuelo.py
[2026-07-09T01:47:49.743-0500] {processor.py:830} INFO - Processing file /opt/airflow/dags/dag_estado_real_vuelo.py for tasks to queue
[2026-07-09T01:47:49.745-0500] {logging_mixin.py:188} INFO - [2026-07-09T01:47:49.744-0500] {dagbag.py:545} INFO - Filling up the DagBag from /opt/airflow/dags/dag_estado_real_vuelo.py
[2026-07-09T01:47:49.780-0500] {processor.py:840} INFO - DAG(s) 'aerotrack_travel_estado_real_vuelo' retrieved from /opt/airflow/dags/dag_estado_real_vuelo.py
[2026-07-09T01:47:49.810-0500] {logging_mixin.py:188} INFO - [2026-07-09T01:47:49.809-0500] {dag.py:3089} INFO - Sync 1 DAGs
[2026-07-09T01:47:49.826-0500] {logging_mixin.py:188} INFO - [2026-07-09T01:47:49.825-0500] {dag.py:3947} INFO - Setting next_dagrun for aerotrack_travel_estado_real_vuelo to 2026-07-09 00:00:00+00:00, run_after=2026-07-10 00:00:00+00:00
[2026-07-09T01:47:49.839-0500] {processor.py:183} INFO - Processing /opt/airflow/dags/dag_estado_real_vuelo.py took 0.102 seconds
[2026-07-09T01:48:20.548-0500] {processor.py:161} INFO - Started process (PID=10576) to work on /opt/airflow/dags/dag_estado_real_vuelo.py
[2026-07-09T01:48:20.549-0500] {processor.py:830} INFO - Processing file /opt/airflow/dags/dag_estado_real_vuelo.py for tasks to queue
[2026-07-09T01:48:20.550-0500] {logging_mixin.py:188} INFO - [2026-07-09T01:48:20.550-0500] {dagbag.py:545} INFO - Filling up the DagBag from /opt/airflow/dags/dag_estado_real_vuelo.py
[2026-07-09T01:48:20.589-0500] {processor.py:840} INFO - DAG(s) 'aerotrack_travel_estado_real_vuelo' retrieved from /opt/airflow/dags/dag_estado_real_vuelo.py
[2026-07-09T01:48:20.620-0500] {logging_mixin.py:188} INFO - [2026-07-09T01:48:20.620-0500] {dag.py:3089} INFO - Sync 1 DAGs
[2026-07-09T01:48:20.637-0500] {logging_mixin.py:188} INFO - [2026-07-09T01:48:20.637-0500] {dag.py:3947} INFO - Setting next_dagrun for aerotrack_travel_estado_real_vuelo to 2026-07-09 00:00:00+00:00, run_after=2026-07-10 00:00:00+00:00
[2026-07-09T01:48:20.652-0500] {processor.py:183} INFO - Processing /opt/airflow/dags/dag_estado_real_vuelo.py took 0.109 seconds
[2026-07-09T01:48:51.295-0500] {processor.py:161} INFO - Started process (PID=10603) to work on /opt/airflow/dags/dag_estado_real_vuelo.py
[2026-07-09T01:48:51.296-0500] {processor.py:830} INFO - Processing file /opt/airflow/dags/dag_estado_real_vuelo.py for tasks to queue
[2026-07-09T01:48:51.298-0500] {logging_mixin.py:188} INFO - [2026-07-09T01:48:51.298-0500] {dagbag.py:545} INFO - Filling up the DagBag from /opt/airflow/dags/dag_estado_real_vuelo.py
[2026-07-09T01:48:51.327-0500] {processor.py:840} INFO - DAG(s) 'aerotrack_travel_estado_real_vuelo' retrieved from /opt/airflow/dags/dag_estado_real_vuelo.py
[2026-07-09T01:48:51.353-0500] {logging_mixin.py:188} INFO - [2026-07-09T01:48:51.353-0500] {dag.py:3089} INFO - Sync 1 DAGs
[2026-07-09T01:48:51.369-0500] {logging_mixin.py:188} INFO - [2026-07-09T01:48:51.369-0500] {dag.py:3947} INFO - Setting next_dagrun for aerotrack_travel_estado_real_vuelo to 2026-07-09 00:00:00+00:00, run_after=2026-07-10 00:00:00+00:00
[2026-07-09T01:48:51.391-0500] {processor.py:183} INFO - Processing /opt/airflow/dags/dag_estado_real_vuelo.py took 0.100 seconds
[2026-07-09T01:49:22.068-0500] {processor.py:161} INFO - Started process (PID=10630) to work on /opt/airflow/dags/dag_estado_real_vuelo.py
[2026-07-09T01:49:22.070-0500] {processor.py:830} INFO - Processing file /opt/airflow/dags/dag_estado_real_vuelo.py for tasks to queue
[2026-07-09T01:49:22.073-0500] {logging_mixin.py:188} INFO - [2026-07-09T01:49:22.073-0500] {dagbag.py:545} INFO - Filling up the DagBag from /opt/airflow/dags/dag_estado_real_vuelo.py
[2026-07-09T01:49:22.128-0500] {processor.py:840} INFO - DAG(s) 'aerotrack_travel_estado_real_vuelo' retrieved from /opt/airflow/dags/dag_estado_real_vuelo.py
[2026-07-09T01:49:22.177-0500] {logging_mixin.py:188} INFO - [2026-07-09T01:49:22.177-0500] {dag.py:3089} INFO - Sync 1 DAGs
[2026-07-09T01:49:22.200-0500] {logging_mixin.py:188} INFO - [2026-07-09T01:49:22.200-0500] {dag.py:3947} INFO - Setting next_dagrun for aerotrack_travel_estado_real_vuelo to 2026-07-09 00:00:00+00:00, run_after=2026-07-10 00:00:00+00:00
[2026-07-09T01:49:22.222-0500] {processor.py:183} INFO - Processing /opt/airflow/dags/dag_estado_real_vuelo.py took 0.159 seconds
[2026-07-09T01:49:52.768-0500] {processor.py:161} INFO - Started process (PID=10657) to work on /opt/airflow/dags/dag_estado_real_vuelo.py
[2026-07-09T01:49:52.769-0500] {processor.py:830} INFO - Processing file /opt/airflow/dags/dag_estado_real_vuelo.py for tasks to queue
[2026-07-09T01:49:52.771-0500] {logging_mixin.py:188} INFO - [2026-07-09T01:49:52.770-0500] {dagbag.py:545} INFO - Filling up the DagBag from /opt/airflow/dags/dag_estado_real_vuelo.py
[2026-07-09T01:49:52.802-0500] {processor.py:840} INFO - DAG(s) 'aerotrack_travel_estado_real_vuelo' retrieved from /opt/airflow/dags/dag_estado_real_vuelo.py
[2026-07-09T01:49:52.830-0500] {logging_mixin.py:188} INFO - [2026-07-09T01:49:52.830-0500] {dag.py:3089} INFO - Sync 1 DAGs
[2026-07-09T01:49:52.847-0500] {logging_mixin.py:188} INFO - [2026-07-09T01:49:52.847-0500] {dag.py:3947} INFO - Setting next_dagrun for aerotrack_travel_estado_real_vuelo to 2026-07-09 00:00:00+00:00, run_after=2026-07-10 00:00:00+00:00
[2026-07-09T01:49:52.862-0500] {processor.py:183} INFO - Processing /opt/airflow/dags/dag_estado_real_vuelo.py took 0.099 seconds
[2026-07-09T01:50:23.635-0500] {processor.py:161} INFO - Started process (PID=10684) to work on /opt/airflow/dags/dag_estado_real_vuelo.py
[2026-07-09T01:50:23.636-0500] {processor.py:830} INFO - Processing file /opt/airflow/dags/dag_estado_real_vuelo.py for tasks to queue
[2026-07-09T01:50:23.637-0500] {logging_mixin.py:188} INFO - [2026-07-09T01:50:23.637-0500] {dagbag.py:545} INFO - Filling up the DagBag from /opt/airflow/dags/dag_estado_real_vuelo.py
[2026-07-09T01:50:23.667-0500] {processor.py:840} INFO - DAG(s) 'aerotrack_travel_estado_real_vuelo' retrieved from /opt/airflow/dags/dag_estado_real_vuelo.py
[2026-07-09T01:50:23.695-0500] {logging_mixin.py:188} INFO - [2026-07-09T01:50:23.695-0500] {dag.py:3089} INFO - Sync 1 DAGs
[2026-07-09T01:50:23.712-0500] {logging_mixin.py:188} INFO - [2026-07-09T01:50:23.712-0500] {dag.py:3947} INFO - Setting next_dagrun for aerotrack_travel_estado_real_vuelo to 2026-07-09 00:00:00+00:00, run_after=2026-07-10 00:00:00+00:00
[2026-07-09T01:50:23.729-0500] {processor.py:183} INFO - Processing /opt/airflow/dags/dag_estado_real_vuelo.py took 0.099 seconds
[2026-07-09T01:50:54.405-0500] {processor.py:161} INFO - Started process (PID=10711) to work on /opt/airflow/dags/dag_estado_real_vuelo.py
[2026-07-09T01:50:54.406-0500] {processor.py:830} INFO - Processing file /opt/airflow/dags/dag_estado_real_vuelo.py for tasks to queue
[2026-07-09T01:50:54.408-0500] {logging_mixin.py:188} INFO - [2026-07-09T01:50:54.408-0500] {dagbag.py:545} INFO - Filling up the DagBag from /opt/airflow/dags/dag_estado_real_vuelo.py
[2026-07-09T01:50:54.444-0500] {processor.py:840} INFO - DAG(s) 'aerotrack_travel_estado_real_vuelo' retrieved from /opt/airflow/dags/dag_estado_real_vuelo.py
[2026-07-09T01:50:54.476-0500] {logging_mixin.py:188} INFO - [2026-07-09T01:50:54.476-0500] {dag.py:3089} INFO - Sync 1 DAGs
[2026-07-09T01:50:54.494-0500] {logging_mixin.py:188} INFO - [2026-07-09T01:50:54.494-0500] {dag.py:3947} INFO - Setting next_dagrun for aerotrack_travel_estado_real_vuelo to 2026-07-09 00:00:00+00:00, run_after=2026-07-10 00:00:00+00:00
[2026-07-09T01:50:54.508-0500] {processor.py:183} INFO - Processing /opt/airflow/dags/dag_estado_real_vuelo.py took 0.107 seconds
[2026-07-09T01:51:25.211-0500] {processor.py:161} INFO - Started process (PID=10738) to work on /opt/airflow/dags/dag_estado_real_vuelo.py
[2026-07-09T01:51:25.212-0500] {processor.py:830} INFO - Processing file /opt/airflow/dags/dag_estado_real_vuelo.py for tasks to queue
[2026-07-09T01:51:25.214-0500] {logging_mixin.py:188} INFO - [2026-07-09T01:51:25.214-0500] {dagbag.py:545} INFO - Filling up the DagBag from /opt/airflow/dags/dag_estado_real_vuelo.py
[2026-07-09T01:51:25.246-0500] {processor.py:840} INFO - DAG(s) 'aerotrack_travel_estado_real_vuelo' retrieved from /opt/airflow/dags/dag_estado_real_vuelo.py
[2026-07-09T01:51:25.276-0500] {logging_mixin.py:188} INFO - [2026-07-09T01:51:25.276-0500] {dag.py:3089} INFO - Sync 1 DAGs
[2026-07-09T01:51:25.294-0500] {logging_mixin.py:188} INFO - [2026-07-09T01:51:25.293-0500] {dag.py:3947} INFO - Setting next_dagrun for aerotrack_travel_estado_real_vuelo to 2026-07-09 00:00:00+00:00, run_after=2026-07-10 00:00:00+00:00
[2026-07-09T01:51:25.309-0500] {processor.py:183} INFO - Processing /opt/airflow/dags/dag_estado_real_vuelo.py took 0.102 seconds
[2026-07-09T01:51:56.334-0500] {processor.py:161} INFO - Started process (PID=10765) to work on /opt/airflow/dags/dag_estado_real_vuelo.py
[2026-07-09T01:51:56.335-0500] {processor.py:830} INFO - Processing file /opt/airflow/dags/dag_estado_real_vuelo.py for tasks to queue
[2026-07-09T01:51:56.336-0500] {logging_mixin.py:188} INFO - [2026-07-09T01:51:56.336-0500] {dagbag.py:545} INFO - Filling up the DagBag from /opt/airflow/dags/dag_estado_real_vuelo.py
[2026-07-09T01:51:56.367-0500] {processor.py:840} INFO - DAG(s) 'aerotrack_travel_estado_real_vuelo' retrieved from /opt/airflow/dags/dag_estado_real_vuelo.py
[2026-07-09T01:51:56.397-0500] {logging_mixin.py:188} INFO - [2026-07-09T01:51:56.397-0500] {dag.py:3089} INFO - Sync 1 DAGs
[2026-07-09T01:51:56.415-0500] {logging_mixin.py:188} INFO - [2026-07-09T01:51:56.415-0500] {dag.py:3947} INFO - Setting next_dagrun for aerotrack_travel_estado_real_vuelo to 2026-07-09 00:00:00+00:00, run_after=2026-07-10 00:00:00+00:00
[2026-07-09T01:51:56.429-0500] {processor.py:183} INFO - Processing /opt/airflow/dags/dag_estado_real_vuelo.py took 0.100 seconds
[2026-07-09T01:52:27.063-0500] {processor.py:161} INFO - Started process (PID=10792) to work on /opt/airflow/dags/dag_estado_real_vuelo.py
[2026-07-09T01:52:27.063-0500] {processor.py:830} INFO - Processing file /opt/airflow/dags/dag_estado_real_vuelo.py for tasks to queue
[2026-07-09T01:52:27.065-0500] {logging_mixin.py:188} INFO - [2026-07-09T01:52:27.065-0500] {dagbag.py:545} INFO - Filling up the DagBag from /opt/airflow/dags/dag_estado_real_vuelo.py
[2026-07-09T01:52:27.094-0500] {processor.py:840} INFO - DAG(s) 'aerotrack_travel_estado_real_vuelo' retrieved from /opt/airflow/dags/dag_estado_real_vuelo.py
[2026-07-09T01:52:27.123-0500] {logging_mixin.py:188} INFO - [2026-07-09T01:52:27.123-0500] {dag.py:3089} INFO - Sync 1 DAGs
[2026-07-09T01:52:27.140-0500] {logging_mixin.py:188} INFO - [2026-07-09T01:52:27.140-0500] {dag.py:3947} INFO - Setting next_dagrun for aerotrack_travel_estado_real_vuelo to 2026-07-09 00:00:00+00:00, run_after=2026-07-10 00:00:00+00:00
[2026-07-09T01:52:27.155-0500] {processor.py:183} INFO - Processing /opt/airflow/dags/dag_estado_real_vuelo.py took 0.098 seconds
[2026-07-09T01:52:57.865-0500] {processor.py:161} INFO - Started process (PID=10819) to work on /opt/airflow/dags/dag_estado_real_vuelo.py
[2026-07-09T01:52:57.866-0500] {processor.py:830} INFO - Processing file /opt/airflow/dags/dag_estado_real_vuelo.py for tasks to queue
[2026-07-09T01:52:57.867-0500] {logging_mixin.py:188} INFO - [2026-07-09T01:52:57.867-0500] {dagbag.py:545} INFO - Filling up the DagBag from /opt/airflow/dags/dag_estado_real_vuelo.py
[2026-07-09T01:52:57.897-0500] {processor.py:840} INFO - DAG(s) 'aerotrack_travel_estado_real_vuelo' retrieved from /opt/airflow/dags/dag_estado_real_vuelo.py
[2026-07-09T01:52:57.927-0500] {logging_mixin.py:188} INFO - [2026-07-09T01:52:57.926-0500] {dag.py:3089} INFO - Sync 1 DAGs
[2026-07-09T01:52:57.948-0500] {logging_mixin.py:188} INFO - [2026-07-09T01:52:57.947-0500] {dag.py:3947} INFO - Setting next_dagrun for aerotrack_travel_estado_real_vuelo to 2026-07-09 00:00:00+00:00, run_after=2026-07-10 00:00:00+00:00
[2026-07-09T01:52:57.964-0500] {processor.py:183} INFO - Processing /opt/airflow/dags/dag_estado_real_vuelo.py took 0.104 seconds
[2026-07-09T01:53:28.644-0500] {processor.py:161} INFO - Started process (PID=10846) to work on /opt/airflow/dags/dag_estado_real_vuelo.py
[2026-07-09T01:53:28.645-0500] {processor.py:830} INFO - Processing file /opt/airflow/dags/dag_estado_real_vuelo.py for tasks to queue
[2026-07-09T01:53:28.647-0500] {logging_mixin.py:188} INFO - [2026-07-09T01:53:28.646-0500] {dagbag.py:545} INFO - Filling up the DagBag from /opt/airflow/dags/dag_estado_real_vuelo.py
[2026-07-09T01:53:28.676-0500] {processor.py:840} INFO - DAG(s) 'aerotrack_travel_estado_real_vuelo' retrieved from /opt/airflow/dags/dag_estado_real_vuelo.py
[2026-07-09T01:53:28.712-0500] {logging_mixin.py:188} INFO - [2026-07-09T01:53:28.712-0500] {dag.py:3089} INFO - Sync 1 DAGs
[2026-07-09T01:53:28.729-0500] {logging_mixin.py:188} INFO - [2026-07-09T01:53:28.729-0500] {dag.py:3947} INFO - Setting next_dagrun for aerotrack_travel_estado_real_vuelo to 2026-07-09 00:00:00+00:00, run_after=2026-07-10 00:00:00+00:00
[2026-07-09T01:53:28.744-0500] {processor.py:183} INFO - Processing /opt/airflow/dags/dag_estado_real_vuelo.py took 0.104 seconds
[2026-07-09T01:53:59.406-0500] {processor.py:161} INFO - Started process (PID=10873) to work on /opt/airflow/dags/dag_estado_real_vuelo.py
[2026-07-09T01:53:59.407-0500] {processor.py:830} INFO - Processing file /opt/airflow/dags/dag_estado_real_vuelo.py for tasks to queue
[2026-07-09T01:53:59.408-0500] {logging_mixin.py:188} INFO - [2026-07-09T01:53:59.408-0500] {dagbag.py:545} INFO - Filling up the DagBag from /opt/airflow/dags/dag_estado_real_vuelo.py
[2026-07-09T01:53:59.451-0500] {processor.py:840} INFO - DAG(s) 'aerotrack_travel_estado_real_vuelo' retrieved from /opt/airflow/dags/dag_estado_real_vuelo.py
[2026-07-09T01:53:59.482-0500] {logging_mixin.py:188} INFO - [2026-07-09T01:53:59.482-0500] {dag.py:3089} INFO - Sync 1 DAGs
[2026-07-09T01:53:59.499-0500] {logging_mixin.py:188} INFO - [2026-07-09T01:53:59.499-0500] {dag.py:3947} INFO - Setting next_dagrun for aerotrack_travel_estado_real_vuelo to 2026-07-09 00:00:00+00:00, run_after=2026-07-10 00:00:00+00:00
[2026-07-09T01:53:59.515-0500] {processor.py:183} INFO - Processing /opt/airflow/dags/dag_estado_real_vuelo.py took 0.113 seconds
[2026-07-09T01:54:30.159-0500] {processor.py:161} INFO - Started process (PID=10900) to work on /opt/airflow/dags/dag_estado_real_vuelo.py
[2026-07-09T01:54:30.160-0500] {processor.py:830} INFO - Processing file /opt/airflow/dags/dag_estado_real_vuelo.py for tasks to queue
[2026-07-09T01:54:30.162-0500] {logging_mixin.py:188} INFO - [2026-07-09T01:54:30.161-0500] {dagbag.py:545} INFO - Filling up the DagBag from /opt/airflow/dags/dag_estado_real_vuelo.py
[2026-07-09T01:54:30.191-0500] {processor.py:840} INFO - DAG(s) 'aerotrack_travel_estado_real_vuelo' retrieved from /opt/airflow/dags/dag_estado_real_vuelo.py
[2026-07-09T01:54:30.222-0500] {logging_mixin.py:188} INFO - [2026-07-09T01:54:30.222-0500] {dag.py:3089} INFO - Sync 1 DAGs
[2026-07-09T01:54:30.239-0500] {logging_mixin.py:188} INFO - [2026-07-09T01:54:30.239-0500] {dag.py:3947} INFO - Setting next_dagrun for aerotrack_travel_estado_real_vuelo to 2026-07-09 00:00:00+00:00, run_after=2026-07-10 00:00:00+00:00
[2026-07-09T01:54:30.254-0500] {processor.py:183} INFO - Processing /opt/airflow/dags/dag_estado_real_vuelo.py took 0.100 seconds
[2026-07-09T01:55:01.001-0500] {processor.py:161} INFO - Started process (PID=10927) to work on /opt/airflow/dags/dag_estado_real_vuelo.py
[2026-07-09T01:55:01.002-0500] {processor.py:830} INFO - Processing file /opt/airflow/dags/dag_estado_real_vuelo.py for tasks to queue
[2026-07-09T01:55:01.003-0500] {logging_mixin.py:188} INFO - [2026-07-09T01:55:01.003-0500] {dagbag.py:545} INFO - Filling up the DagBag from /opt/airflow/dags/dag_estado_real_vuelo.py
[2026-07-09T01:55:01.046-0500] {processor.py:840} INFO - DAG(s) 'aerotrack_travel_estado_real_vuelo' retrieved from /opt/airflow/dags/dag_estado_real_vuelo.py
[2026-07-09T01:55:01.075-0500] {logging_mixin.py:188} INFO - [2026-07-09T01:55:01.075-0500] {dag.py:3089} INFO - Sync 1 DAGs
[2026-07-09T01:55:01.095-0500] {logging_mixin.py:188} INFO - [2026-07-09T01:55:01.094-0500] {dag.py:3947} INFO - Setting next_dagrun for aerotrack_travel_estado_real_vuelo to 2026-07-09 00:00:00+00:00, run_after=2026-07-10 00:00:00+00:00
[2026-07-09T01:55:01.110-0500] {processor.py:183} INFO - Processing /opt/airflow/dags/dag_estado_real_vuelo.py took 0.114 seconds
[2026-07-09T01:55:31.760-0500] {processor.py:161} INFO - Started process (PID=10954) to work on /opt/airflow/dags/dag_estado_real_vuelo.py
[2026-07-09T01:55:31.761-0500] {processor.py:830} INFO - Processing file /opt/airflow/dags/dag_estado_real_vuelo.py for tasks to queue
[2026-07-09T01:55:31.763-0500] {logging_mixin.py:188} INFO - [2026-07-09T01:55:31.762-0500] {dagbag.py:545} INFO - Filling up the DagBag from /opt/airflow/dags/dag_estado_real_vuelo.py
[2026-07-09T01:55:31.795-0500] {processor.py:840} INFO - DAG(s) 'aerotrack_travel_estado_real_vuelo' retrieved from /opt/airflow/dags/dag_estado_real_vuelo.py
[2026-07-09T01:55:31.823-0500] {logging_mixin.py:188} INFO - [2026-07-09T01:55:31.823-0500] {dag.py:3089} INFO - Sync 1 DAGs
[2026-07-09T01:55:31.839-0500] {logging_mixin.py:188} INFO - [2026-07-09T01:55:31.839-0500] {dag.py:3947} INFO - Setting next_dagrun for aerotrack_travel_estado_real_vuelo to 2026-07-09 00:00:00+00:00, run_after=2026-07-10 00:00:00+00:00
[2026-07-09T01:55:31.853-0500] {processor.py:183} INFO - Processing /opt/airflow/dags/dag_estado_real_vuelo.py took 0.098 seconds
[2026-07-09T01:56:02.541-0500] {processor.py:161} INFO - Started process (PID=10981) to work on /opt/airflow/dags/dag_estado_real_vuelo.py
[2026-07-09T01:56:02.541-0500] {processor.py:830} INFO - Processing file /opt/airflow/dags/dag_estado_real_vuelo.py for tasks to queue
[2026-07-09T01:56:02.543-0500] {logging_mixin.py:188} INFO - [2026-07-09T01:56:02.543-0500] {dagbag.py:545} INFO - Filling up the DagBag from /opt/airflow/dags/dag_estado_real_vuelo.py
[2026-07-09T01:56:02.575-0500] {processor.py:840} INFO - DAG(s) 'aerotrack_travel_estado_real_vuelo' retrieved from /opt/airflow/dags/dag_estado_real_vuelo.py
[2026-07-09T01:56:02.604-0500] {logging_mixin.py:188} INFO - [2026-07-09T01:56:02.604-0500] {dag.py:3089} INFO - Sync 1 DAGs
[2026-07-09T01:56:02.621-0500] {logging_mixin.py:188} INFO - [2026-07-09T01:56:02.620-0500] {dag.py:3947} INFO - Setting next_dagrun for aerotrack_travel_estado_real_vuelo to 2026-07-09 00:00:00+00:00, run_after=2026-07-10 00:00:00+00:00
[2026-07-09T01:56:02.637-0500] {processor.py:183} INFO - Processing /opt/airflow/dags/dag_estado_real_vuelo.py took 0.101 seconds
[2026-07-09T01:56:33.484-0500] {processor.py:161} INFO - Started process (PID=11008) to work on /opt/airflow/dags/dag_estado_real_vuelo.py
[2026-07-09T01:56:33.485-0500] {processor.py:830} INFO - Processing file /opt/airflow/dags/dag_estado_real_vuelo.py for tasks to queue
[2026-07-09T01:56:33.487-0500] {logging_mixin.py:188} INFO - [2026-07-09T01:56:33.486-0500] {dagbag.py:545} INFO - Filling up the DagBag from /opt/airflow/dags/dag_estado_real_vuelo.py
[2026-07-09T01:56:33.538-0500] {processor.py:840} INFO - DAG(s) 'aerotrack_travel_estado_real_vuelo' retrieved from /opt/airflow/dags/dag_estado_real_vuelo.py
[2026-07-09T01:56:33.581-0500] {logging_mixin.py:188} INFO - [2026-07-09T01:56:33.581-0500] {dag.py:3089} INFO - Sync 1 DAGs
[2026-07-09T01:56:33.601-0500] {logging_mixin.py:188} INFO - [2026-07-09T01:56:33.601-0500] {dag.py:3947} INFO - Setting next_dagrun for aerotrack_travel_estado_real_vuelo to 2026-07-09 00:00:00+00:00, run_after=2026-07-10 00:00:00+00:00
[2026-07-09T01:56:33.618-0500] {processor.py:183} INFO - Processing /opt/airflow/dags/dag_estado_real_vuelo.py took 0.141 seconds
[2026-07-09T01:57:04.436-0500] {processor.py:161} INFO - Started process (PID=11035) to work on /opt/airflow/dags/dag_estado_real_vuelo.py
[2026-07-09T01:57:04.437-0500] {processor.py:830} INFO - Processing file /opt/airflow/dags/dag_estado_real_vuelo.py for tasks to queue
[2026-07-09T01:57:04.438-0500] {logging_mixin.py:188} INFO - [2026-07-09T01:57:04.438-0500] {dagbag.py:545} INFO - Filling up the DagBag from /opt/airflow/dags/dag_estado_real_vuelo.py
[2026-07-09T01:57:04.485-0500] {processor.py:840} INFO - DAG(s) 'aerotrack_travel_estado_real_vuelo' retrieved from /opt/airflow/dags/dag_estado_real_vuelo.py
[2026-07-09T01:57:04.514-0500] {logging_mixin.py:188} INFO - [2026-07-09T01:57:04.514-0500] {dag.py:3089} INFO - Sync 1 DAGs
[2026-07-09T01:57:04.532-0500] {logging_mixin.py:188} INFO - [2026-07-09T01:57:04.532-0500] {dag.py:3947} INFO - Setting next_dagrun for aerotrack_travel_estado_real_vuelo to 2026-07-09 00:00:00+00:00, run_after=2026-07-10 00:00:00+00:00
[2026-07-09T01:57:04.547-0500] {processor.py:183} INFO - Processing /opt/airflow/dags/dag_estado_real_vuelo.py took 0.116 seconds
[2026-07-09T01:57:35.302-0500] {processor.py:161} INFO - Started process (PID=11062) to work on /opt/airflow/dags/dag_estado_real_vuelo.py
[2026-07-09T01:57:35.303-0500] {processor.py:830} INFO - Processing file /opt/airflow/dags/dag_estado_real_vuelo.py for tasks to queue
[2026-07-09T01:57:35.304-0500] {logging_mixin.py:188} INFO - [2026-07-09T01:57:35.304-0500] {dagbag.py:545} INFO - Filling up the DagBag from /opt/airflow/dags/dag_estado_real_vuelo.py
[2026-07-09T01:57:35.335-0500] {processor.py:840} INFO - DAG(s) 'aerotrack_travel_estado_real_vuelo' retrieved from /opt/airflow/dags/dag_estado_real_vuelo.py
[2026-07-09T01:57:35.366-0500] {logging_mixin.py:188} INFO - [2026-07-09T01:57:35.366-0500] {dag.py:3089} INFO - Sync 1 DAGs
[2026-07-09T01:57:35.382-0500] {logging_mixin.py:188} INFO - [2026-07-09T01:57:35.382-0500] {dag.py:3947} INFO - Setting next_dagrun for aerotrack_travel_estado_real_vuelo to 2026-07-09 00:00:00+00:00, run_after=2026-07-10 00:00:00+00:00
[2026-07-09T01:57:35.398-0500] {processor.py:183} INFO - Processing /opt/airflow/dags/dag_estado_real_vuelo.py took 0.101 seconds
[2026-07-09T01:58:06.125-0500] {processor.py:161} INFO - Started process (PID=11089) to work on /opt/airflow/dags/dag_estado_real_vuelo.py
[2026-07-09T01:58:06.126-0500] {processor.py:830} INFO - Processing file /opt/airflow/dags/dag_estado_real_vuelo.py for tasks to queue
[2026-07-09T01:58:06.128-0500] {logging_mixin.py:188} INFO - [2026-07-09T01:58:06.128-0500] {dagbag.py:545} INFO - Filling up the DagBag from /opt/airflow/dags/dag_estado_real_vuelo.py
[2026-07-09T01:58:06.167-0500] {processor.py:840} INFO - DAG(s) 'aerotrack_travel_estado_real_vuelo' retrieved from /opt/airflow/dags/dag_estado_real_vuelo.py
[2026-07-09T01:58:06.197-0500] {logging_mixin.py:188} INFO - [2026-07-09T01:58:06.197-0500] {dag.py:3089} INFO - Sync 1 DAGs
[2026-07-09T01:58:06.214-0500] {logging_mixin.py:188} INFO - [2026-07-09T01:58:06.214-0500] {dag.py:3947} INFO - Setting next_dagrun for aerotrack_travel_estado_real_vuelo to 2026-07-09 00:00:00+00:00, run_after=2026-07-10 00:00:00+00:00
[2026-07-09T01:58:06.227-0500] {processor.py:183} INFO - Processing /opt/airflow/dags/dag_estado_real_vuelo.py took 0.107 seconds
[2026-07-09T01:58:37.073-0500] {processor.py:161} INFO - Started process (PID=11116) to work on /opt/airflow/dags/dag_estado_real_vuelo.py
[2026-07-09T01:58:37.074-0500] {processor.py:830} INFO - Processing file /opt/airflow/dags/dag_estado_real_vuelo.py for tasks to queue
[2026-07-09T01:58:37.076-0500] {logging_mixin.py:188} INFO - [2026-07-09T01:58:37.076-0500] {dagbag.py:545} INFO - Filling up the DagBag from /opt/airflow/dags/dag_estado_real_vuelo.py
[2026-07-09T01:58:37.118-0500] {processor.py:840} INFO - DAG(s) 'aerotrack_travel_estado_real_vuelo' retrieved from /opt/airflow/dags/dag_estado_real_vuelo.py
[2026-07-09T01:58:37.151-0500] {logging_mixin.py:188} INFO - [2026-07-09T01:58:37.151-0500] {dag.py:3089} INFO - Sync 1 DAGs
[2026-07-09T01:58:37.171-0500] {logging_mixin.py:188} INFO - [2026-07-09T01:58:37.171-0500] {dag.py:3947} INFO - Setting next_dagrun for aerotrack_travel_estado_real_vuelo to 2026-07-09 00:00:00+00:00, run_after=2026-07-10 00:00:00+00:00
[2026-07-09T01:58:37.208-0500] {processor.py:183} INFO - Processing /opt/airflow/dags/dag_estado_real_vuelo.py took 0.140 seconds
[2026-07-09T01:59:07.921-0500] {processor.py:161} INFO - Started process (PID=11143) to work on /opt/airflow/dags/dag_estado_real_vuelo.py
[2026-07-09T01:59:07.922-0500] {processor.py:830} INFO - Processing file /opt/airflow/dags/dag_estado_real_vuelo.py for tasks to queue
[2026-07-09T01:59:07.924-0500] {logging_mixin.py:188} INFO - [2026-07-09T01:59:07.924-0500] {dagbag.py:545} INFO - Filling up the DagBag from /opt/airflow/dags/dag_estado_real_vuelo.py
[2026-07-09T01:59:07.974-0500] {processor.py:840} INFO - DAG(s) 'aerotrack_travel_estado_real_vuelo' retrieved from /opt/airflow/dags/dag_estado_real_vuelo.py
[2026-07-09T01:59:08.005-0500] {logging_mixin.py:188} INFO - [2026-07-09T01:59:08.004-0500] {dag.py:3089} INFO - Sync 1 DAGs
[2026-07-09T01:59:08.022-0500] {logging_mixin.py:188} INFO - [2026-07-09T01:59:08.022-0500] {dag.py:3947} INFO - Setting next_dagrun for aerotrack_travel_estado_real_vuelo to 2026-07-09 00:00:00+00:00, run_after=2026-07-10 00:00:00+00:00
[2026-07-09T01:59:08.035-0500] {processor.py:183} INFO - Processing /opt/airflow/dags/dag_estado_real_vuelo.py took 0.118 seconds
[2026-07-09T01:59:38.851-0500] {processor.py:161} INFO - Started process (PID=11170) to work on /opt/airflow/dags/dag_estado_real_vuelo.py
[2026-07-09T01:59:38.852-0500] {processor.py:830} INFO - Processing file /opt/airflow/dags/dag_estado_real_vuelo.py for tasks to queue
[2026-07-09T01:59:38.854-0500] {logging_mixin.py:188} INFO - [2026-07-09T01:59:38.853-0500] {dagbag.py:545} INFO - Filling up the DagBag from /opt/airflow/dags/dag_estado_real_vuelo.py
[2026-07-09T01:59:38.893-0500] {processor.py:840} INFO - DAG(s) 'aerotrack_travel_estado_real_vuelo' retrieved from /opt/airflow/dags/dag_estado_real_vuelo.py
[2026-07-09T01:59:38.928-0500] {logging_mixin.py:188} INFO - [2026-07-09T01:59:38.927-0500] {dag.py:3089} INFO - Sync 1 DAGs
[2026-07-09T01:59:38.947-0500] {logging_mixin.py:188} INFO - [2026-07-09T01:59:38.947-0500] {dag.py:3947} INFO - Setting next_dagrun for aerotrack_travel_estado_real_vuelo to 2026-07-09 00:00:00+00:00, run_after=2026-07-10 00:00:00+00:00
[2026-07-09T01:59:38.963-0500] {processor.py:183} INFO - Processing /opt/airflow/dags/dag_estado_real_vuelo.py took 0.119 seconds
[2026-07-09T02:00:09.752-0500] {processor.py:161} INFO - Started process (PID=11197) to work on /opt/airflow/dags/dag_estado_real_vuelo.py
[2026-07-09T02:00:09.753-0500] {processor.py:830} INFO - Processing file /opt/airflow/dags/dag_estado_real_vuelo.py for tasks to queue
[2026-07-09T02:00:09.754-0500] {logging_mixin.py:188} INFO - [2026-07-09T02:00:09.754-0500] {dagbag.py:545} INFO - Filling up the DagBag from /opt/airflow/dags/dag_estado_real_vuelo.py
[2026-07-09T02:00:09.791-0500] {processor.py:840} INFO - DAG(s) 'aerotrack_travel_estado_real_vuelo' retrieved from /opt/airflow/dags/dag_estado_real_vuelo.py
[2026-07-09T02:00:09.822-0500] {logging_mixin.py:188} INFO - [2026-07-09T02:00:09.822-0500] {dag.py:3089} INFO - Sync 1 DAGs
[2026-07-09T02:00:09.839-0500] {logging_mixin.py:188} INFO - [2026-07-09T02:00:09.839-0500] {dag.py:3947} INFO - Setting next_dagrun for aerotrack_travel_estado_real_vuelo to 2026-07-09 00:00:00+00:00, run_after=2026-07-10 00:00:00+00:00
[2026-07-09T02:00:09.854-0500] {processor.py:183} INFO - Processing /opt/airflow/dags/dag_estado_real_vuelo.py took 0.107 seconds
[2026-07-09T02:00:40.658-0500] {processor.py:161} INFO - Started process (PID=11224) to work on /opt/airflow/dags/dag_estado_real_vuelo.py
[2026-07-09T02:00:40.659-0500] {processor.py:830} INFO - Processing file /opt/airflow/dags/dag_estado_real_vuelo.py for tasks to queue
[2026-07-09T02:00:40.660-0500] {logging_mixin.py:188} INFO - [2026-07-09T02:00:40.660-0500] {dagbag.py:545} INFO - Filling up the DagBag from /opt/airflow/dags/dag_estado_real_vuelo.py
[2026-07-09T02:00:40.700-0500] {processor.py:840} INFO - DAG(s) 'aerotrack_travel_estado_real_vuelo' retrieved from /opt/airflow/dags/dag_estado_real_vuelo.py
[2026-07-09T02:00:40.732-0500] {logging_mixin.py:188} INFO - [2026-07-09T02:00:40.731-0500] {dag.py:3089} INFO - Sync 1 DAGs
[2026-07-09T02:00:40.748-0500] {logging_mixin.py:188} INFO - [2026-07-09T02:00:40.748-0500] {dag.py:3947} INFO - Setting next_dagrun for aerotrack_travel_estado_real_vuelo to 2026-07-09 00:00:00+00:00, run_after=2026-07-10 00:00:00+00:00
[2026-07-09T02:00:40.763-0500] {processor.py:183} INFO - Processing /opt/airflow/dags/dag_estado_real_vuelo.py took 0.110 seconds
[2026-07-09T02:01:11.517-0500] {processor.py:161} INFO - Started process (PID=11251) to work on /opt/airflow/dags/dag_estado_real_vuelo.py
[2026-07-09T02:01:11.518-0500] {processor.py:830} INFO - Processing file /opt/airflow/dags/dag_estado_real_vuelo.py for tasks to queue
[2026-07-09T02:01:11.520-0500] {logging_mixin.py:188} INFO - [2026-07-09T02:01:11.519-0500] {dagbag.py:545} INFO - Filling up the DagBag from /opt/airflow/dags/dag_estado_real_vuelo.py
[2026-07-09T02:01:11.566-0500] {processor.py:840} INFO - DAG(s) 'aerotrack_travel_estado_real_vuelo' retrieved from /opt/airflow/dags/dag_estado_real_vuelo.py
[2026-07-09T02:01:11.602-0500] {logging_mixin.py:188} INFO - [2026-07-09T02:01:11.602-0500] {dag.py:3089} INFO - Sync 1 DAGs
[2026-07-09T02:01:11.631-0500] {logging_mixin.py:188} INFO - [2026-07-09T02:01:11.630-0500] {dag.py:3947} INFO - Setting next_dagrun for aerotrack_travel_estado_real_vuelo to 2026-07-09 00:00:00+00:00, run_after=2026-07-10 00:00:00+00:00
[2026-07-09T02:01:11.678-0500] {processor.py:183} INFO - Processing /opt/airflow/dags/dag_estado_real_vuelo.py took 0.165 seconds
[2026-07-09T02:01:42.582-0500] {processor.py:161} INFO - Started process (PID=11278) to work on /opt/airflow/dags/dag_estado_real_vuelo.py
[2026-07-09T02:01:42.583-0500] {processor.py:830} INFO - Processing file /opt/airflow/dags/dag_estado_real_vuelo.py for tasks to queue
[2026-07-09T02:01:42.585-0500] {logging_mixin.py:188} INFO - [2026-07-09T02:01:42.584-0500] {dagbag.py:545} INFO - Filling up the DagBag from /opt/airflow/dags/dag_estado_real_vuelo.py
[2026-07-09T02:01:42.632-0500] {processor.py:840} INFO - DAG(s) 'aerotrack_travel_estado_real_vuelo' retrieved from /opt/airflow/dags/dag_estado_real_vuelo.py
[2026-07-09T02:01:42.667-0500] {logging_mixin.py:188} INFO - [2026-07-09T02:01:42.667-0500] {dag.py:3089} INFO - Sync 1 DAGs
[2026-07-09T02:01:42.687-0500] {logging_mixin.py:188} INFO - [2026-07-09T02:01:42.686-0500] {dag.py:3947} INFO - Setting next_dagrun for aerotrack_travel_estado_real_vuelo to 2026-07-09 00:00:00+00:00, run_after=2026-07-10 00:00:00+00:00
[2026-07-09T02:01:42.701-0500] {processor.py:183} INFO - Processing /opt/airflow/dags/dag_estado_real_vuelo.py took 0.124 seconds
[2026-07-09T02:02:13.521-0500] {processor.py:161} INFO - Started process (PID=11305) to work on /opt/airflow/dags/dag_estado_real_vuelo.py
[2026-07-09T02:02:13.522-0500] {processor.py:830} INFO - Processing file /opt/airflow/dags/dag_estado_real_vuelo.py for tasks to queue
[2026-07-09T02:02:13.524-0500] {logging_mixin.py:188} INFO - [2026-07-09T02:02:13.524-0500] {dagbag.py:545} INFO - Filling up the DagBag from /opt/airflow/dags/dag_estado_real_vuelo.py
[2026-07-09T02:02:13.560-0500] {processor.py:840} INFO - DAG(s) 'aerotrack_travel_estado_real_vuelo' retrieved from /opt/airflow/dags/dag_estado_real_vuelo.py
[2026-07-09T02:02:13.589-0500] {logging_mixin.py:188} INFO - [2026-07-09T02:02:13.589-0500] {dag.py:3089} INFO - Sync 1 DAGs
[2026-07-09T02:02:13.605-0500] {logging_mixin.py:188} INFO - [2026-07-09T02:02:13.605-0500] {dag.py:3947} INFO - Setting next_dagrun for aerotrack_travel_estado_real_vuelo to 2026-07-09 00:00:00+00:00, run_after=2026-07-10 00:00:00+00:00
[2026-07-09T02:02:13.620-0500] {processor.py:183} INFO - Processing /opt/airflow/dags/dag_estado_real_vuelo.py took 0.104 seconds
[2026-07-09T02:02:44.423-0500] {processor.py:161} INFO - Started process (PID=11332) to work on /opt/airflow/dags/dag_estado_real_vuelo.py
[2026-07-09T02:02:44.424-0500] {processor.py:830} INFO - Processing file /opt/airflow/dags/dag_estado_real_vuelo.py for tasks to queue
[2026-07-09T02:02:44.426-0500] {logging_mixin.py:188} INFO - [2026-07-09T02:02:44.426-0500] {dagbag.py:545} INFO - Filling up the DagBag from /opt/airflow/dags/dag_estado_real_vuelo.py
[2026-07-09T02:02:44.485-0500] {processor.py:840} INFO - DAG(s) 'aerotrack_travel_estado_real_vuelo' retrieved from /opt/airflow/dags/dag_estado_real_vuelo.py
[2026-07-09T02:02:44.519-0500] {logging_mixin.py:188} INFO - [2026-07-09T02:02:44.519-0500] {dag.py:3089} INFO - Sync 1 DAGs
[2026-07-09T02:02:44.537-0500] {logging_mixin.py:188} INFO - [2026-07-09T02:02:44.537-0500] {dag.py:3947} INFO - Setting next_dagrun for aerotrack_travel_estado_real_vuelo to 2026-07-09 00:00:00+00:00, run_after=2026-07-10 00:00:00+00:00
[2026-07-09T02:02:44.554-0500] {processor.py:183} INFO - Processing /opt/airflow/dags/dag_estado_real_vuelo.py took 0.135 seconds
[2026-07-09T02:03:15.355-0500] {processor.py:161} INFO - Started process (PID=11359) to work on /opt/airflow/dags/dag_estado_real_vuelo.py
[2026-07-09T02:03:15.356-0500] {processor.py:830} INFO - Processing file /opt/airflow/dags/dag_estado_real_vuelo.py for tasks to queue
[2026-07-09T02:03:15.357-0500] {logging_mixin.py:188} INFO - [2026-07-09T02:03:15.357-0500] {dagbag.py:545} INFO - Filling up the DagBag from /opt/airflow/dags/dag_estado_real_vuelo.py
[2026-07-09T02:03:15.402-0500] {processor.py:840} INFO - DAG(s) 'aerotrack_travel_estado_real_vuelo' retrieved from /opt/airflow/dags/dag_estado_real_vuelo.py
[2026-07-09T02:03:15.436-0500] {logging_mixin.py:188} INFO - [2026-07-09T02:03:15.436-0500] {dag.py:3089} INFO - Sync 1 DAGs
[2026-07-09T02:03:15.458-0500] {logging_mixin.py:188} INFO - [2026-07-09T02:03:15.458-0500] {dag.py:3947} INFO - Setting next_dagrun for aerotrack_travel_estado_real_vuelo to 2026-07-09 00:00:00+00:00, run_after=2026-07-10 00:00:00+00:00
[2026-07-09T02:03:15.474-0500] {processor.py:183} INFO - Processing /opt/airflow/dags/dag_estado_real_vuelo.py took 0.124 seconds
[2026-07-09T02:03:46.322-0500] {processor.py:161} INFO - Started process (PID=11386) to work on /opt/airflow/dags/dag_estado_real_vuelo.py
[2026-07-09T02:03:46.324-0500] {processor.py:830} INFO - Processing file /opt/airflow/dags/dag_estado_real_vuelo.py for tasks to queue
[2026-07-09T02:03:46.325-0500] {logging_mixin.py:188} INFO - [2026-07-09T02:03:46.325-0500] {dagbag.py:545} INFO - Filling up the DagBag from /opt/airflow/dags/dag_estado_real_vuelo.py
[2026-07-09T02:03:46.372-0500] {processor.py:840} INFO - DAG(s) 'aerotrack_travel_estado_real_vuelo' retrieved from /opt/airflow/dags/dag_estado_real_vuelo.py
[2026-07-09T02:03:46.405-0500] {logging_mixin.py:188} INFO - [2026-07-09T02:03:46.405-0500] {dag.py:3089} INFO - Sync 1 DAGs
[2026-07-09T02:03:46.425-0500] {logging_mixin.py:188} INFO - [2026-07-09T02:03:46.425-0500] {dag.py:3947} INFO - Setting next_dagrun for aerotrack_travel_estado_real_vuelo to 2026-07-09 00:00:00+00:00, run_after=2026-07-10 00:00:00+00:00
[2026-07-09T02:03:46.442-0500] {processor.py:183} INFO - Processing /opt/airflow/dags/dag_estado_real_vuelo.py took 0.124 seconds
[2026-07-09T02:04:17.236-0500] {processor.py:161} INFO - Started process (PID=11413) to work on /opt/airflow/dags/dag_estado_real_vuelo.py
[2026-07-09T02:04:17.237-0500] {processor.py:830} INFO - Processing file /opt/airflow/dags/dag_estado_real_vuelo.py for tasks to queue
[2026-07-09T02:04:17.239-0500] {logging_mixin.py:188} INFO - [2026-07-09T02:04:17.238-0500] {dagbag.py:545} INFO - Filling up the DagBag from /opt/airflow/dags/dag_estado_real_vuelo.py
[2026-07-09T02:04:17.293-0500] {processor.py:840} INFO - DAG(s) 'aerotrack_travel_estado_real_vuelo' retrieved from /opt/airflow/dags/dag_estado_real_vuelo.py
[2026-07-09T02:04:17.334-0500] {logging_mixin.py:188} INFO - [2026-07-09T02:04:17.334-0500] {dag.py:3089} INFO - Sync 1 DAGs
[2026-07-09T02:04:17.354-0500] {logging_mixin.py:188} INFO - [2026-07-09T02:04:17.354-0500] {dag.py:3947} INFO - Setting next_dagrun for aerotrack_travel_estado_real_vuelo to 2026-07-09 00:00:00+00:00, run_after=2026-07-10 00:00:00+00:00
[2026-07-09T02:04:17.376-0500] {processor.py:183} INFO - Processing /opt/airflow/dags/dag_estado_real_vuelo.py took 0.145 seconds
[2026-07-09T02:04:48.029-0500] {processor.py:161} INFO - Started process (PID=11440) to work on /opt/airflow/dags/dag_estado_real_vuelo.py
[2026-07-09T02:04:48.030-0500] {processor.py:830} INFO - Processing file /opt/airflow/dags/dag_estado_real_vuelo.py for tasks to queue
[2026-07-09T02:04:48.032-0500] {logging_mixin.py:188} INFO - [2026-07-09T02:04:48.031-0500] {dagbag.py:545} INFO - Filling up the DagBag from /opt/airflow/dags/dag_estado_real_vuelo.py
[2026-07-09T02:04:48.076-0500] {processor.py:840} INFO - DAG(s) 'aerotrack_travel_estado_real_vuelo' retrieved from /opt/airflow/dags/dag_estado_real_vuelo.py
[2026-07-09T02:04:48.113-0500] {logging_mixin.py:188} INFO - [2026-07-09T02:04:48.113-0500] {dag.py:3089} INFO - Sync 1 DAGs
[2026-07-09T02:04:48.134-0500] {logging_mixin.py:188} INFO - [2026-07-09T02:04:48.134-0500] {dag.py:3947} INFO - Setting next_dagrun for aerotrack_travel_estado_real_vuelo to 2026-07-09 00:00:00+00:00, run_after=2026-07-10 00:00:00+00:00
[2026-07-09T02:04:48.152-0500] {processor.py:183} INFO - Processing /opt/airflow/dags/dag_estado_real_vuelo.py took 0.128 seconds
[2026-07-09T02:05:18.866-0500] {processor.py:161} INFO - Started process (PID=11467) to work on /opt/airflow/dags/dag_estado_real_vuelo.py
[2026-07-09T02:05:18.867-0500] {processor.py:830} INFO - Processing file /opt/airflow/dags/dag_estado_real_vuelo.py for tasks to queue
[2026-07-09T02:05:18.869-0500] {logging_mixin.py:188} INFO - [2026-07-09T02:05:18.868-0500] {dagbag.py:545} INFO - Filling up the DagBag from /opt/airflow/dags/dag_estado_real_vuelo.py
[2026-07-09T02:05:18.908-0500] {processor.py:840} INFO - DAG(s) 'aerotrack_travel_estado_real_vuelo' retrieved from /opt/airflow/dags/dag_estado_real_vuelo.py
[2026-07-09T02:05:18.941-0500] {logging_mixin.py:188} INFO - [2026-07-09T02:05:18.941-0500] {dag.py:3089} INFO - Sync 1 DAGs
[2026-07-09T02:05:18.959-0500] {logging_mixin.py:188} INFO - [2026-07-09T02:05:18.959-0500] {dag.py:3947} INFO - Setting next_dagrun for aerotrack_travel_estado_real_vuelo to 2026-07-09 00:00:00+00:00, run_after=2026-07-10 00:00:00+00:00
[2026-07-09T02:05:18.973-0500] {processor.py:183} INFO - Processing /opt/airflow/dags/dag_estado_real_vuelo.py took 0.112 seconds
[2026-07-09T02:05:49.678-0500] {processor.py:161} INFO - Started process (PID=11494) to work on /opt/airflow/dags/dag_estado_real_vuelo.py
[2026-07-09T02:05:49.679-0500] {processor.py:830} INFO - Processing file /opt/airflow/dags/dag_estado_real_vuelo.py for tasks to queue
[2026-07-09T02:05:49.681-0500] {logging_mixin.py:188} INFO - [2026-07-09T02:05:49.680-0500] {dagbag.py:545} INFO - Filling up the DagBag from /opt/airflow/dags/dag_estado_real_vuelo.py
[2026-07-09T02:05:49.730-0500] {processor.py:840} INFO - DAG(s) 'aerotrack_travel_estado_real_vuelo' retrieved from /opt/airflow/dags/dag_estado_real_vuelo.py
[2026-07-09T02:05:49.761-0500] {logging_mixin.py:188} INFO - [2026-07-09T02:05:49.761-0500] {dag.py:3089} INFO - Sync 1 DAGs
[2026-07-09T02:05:49.777-0500] {logging_mixin.py:188} INFO - [2026-07-09T02:05:49.777-0500] {dag.py:3947} INFO - Setting next_dagrun for aerotrack_travel_estado_real_vuelo to 2026-07-09 00:00:00+00:00, run_after=2026-07-10 00:00:00+00:00
[2026-07-09T02:05:49.791-0500] {processor.py:183} INFO - Processing /opt/airflow/dags/dag_estado_real_vuelo.py took 0.118 seconds
[2026-07-09T02:06:20.514-0500] {processor.py:161} INFO - Started process (PID=11521) to work on /opt/airflow/dags/dag_estado_real_vuelo.py
[2026-07-09T02:06:20.515-0500] {processor.py:830} INFO - Processing file /opt/airflow/dags/dag_estado_real_vuelo.py for tasks to queue
[2026-07-09T02:06:20.517-0500] {logging_mixin.py:188} INFO - [2026-07-09T02:06:20.517-0500] {dagbag.py:545} INFO - Filling up the DagBag from /opt/airflow/dags/dag_estado_real_vuelo.py
[2026-07-09T02:06:20.561-0500] {processor.py:840} INFO - DAG(s) 'aerotrack_travel_estado_real_vuelo' retrieved from /opt/airflow/dags/dag_estado_real_vuelo.py
[2026-07-09T02:06:20.588-0500] {logging_mixin.py:188} INFO - [2026-07-09T02:06:20.588-0500] {dag.py:3089} INFO - Sync 1 DAGs
[2026-07-09T02:06:20.604-0500] {logging_mixin.py:188} INFO - [2026-07-09T02:06:20.604-0500] {dag.py:3947} INFO - Setting next_dagrun for aerotrack_travel_estado_real_vuelo to 2026-07-09 00:00:00+00:00, run_after=2026-07-10 00:00:00+00:00
[2026-07-09T02:06:20.620-0500] {processor.py:183} INFO - Processing /opt/airflow/dags/dag_estado_real_vuelo.py took 0.111 seconds
[2026-07-09T02:06:51.615-0500] {processor.py:161} INFO - Started process (PID=11548) to work on /opt/airflow/dags/dag_estado_real_vuelo.py
[2026-07-09T02:06:51.616-0500] {processor.py:830} INFO - Processing file /opt/airflow/dags/dag_estado_real_vuelo.py for tasks to queue
[2026-07-09T02:06:51.617-0500] {logging_mixin.py:188} INFO - [2026-07-09T02:06:51.617-0500] {dagbag.py:545} INFO - Filling up the DagBag from /opt/airflow/dags/dag_estado_real_vuelo.py
[2026-07-09T02:06:51.663-0500] {processor.py:840} INFO - DAG(s) 'aerotrack_travel_estado_real_vuelo' retrieved from /opt/airflow/dags/dag_estado_real_vuelo.py
[2026-07-09T02:06:51.693-0500] {logging_mixin.py:188} INFO - [2026-07-09T02:06:51.692-0500] {dag.py:3089} INFO - Sync 1 DAGs
[2026-07-09T02:06:51.711-0500] {logging_mixin.py:188} INFO - [2026-07-09T02:06:51.711-0500] {dag.py:3947} INFO - Setting next_dagrun for aerotrack_travel_estado_real_vuelo to 2026-07-09 00:00:00+00:00, run_after=2026-07-10 00:00:00+00:00
[2026-07-09T02:06:51.729-0500] {processor.py:183} INFO - Processing /opt/airflow/dags/dag_estado_real_vuelo.py took 0.118 seconds
[2026-07-09T02:07:22.456-0500] {processor.py:161} INFO - Started process (PID=11575) to work on /opt/airflow/dags/dag_estado_real_vuelo.py
[2026-07-09T02:07:22.457-0500] {processor.py:830} INFO - Processing file /opt/airflow/dags/dag_estado_real_vuelo.py for tasks to queue
[2026-07-09T02:07:22.458-0500] {logging_mixin.py:188} INFO - [2026-07-09T02:07:22.458-0500] {dagbag.py:545} INFO - Filling up the DagBag from /opt/airflow/dags/dag_estado_real_vuelo.py
[2026-07-09T02:07:22.500-0500] {processor.py:840} INFO - DAG(s) 'aerotrack_travel_estado_real_vuelo' retrieved from /opt/airflow/dags/dag_estado_real_vuelo.py
[2026-07-09T02:07:22.532-0500] {logging_mixin.py:188} INFO - [2026-07-09T02:07:22.531-0500] {dag.py:3089} INFO - Sync 1 DAGs
[2026-07-09T02:07:22.552-0500] {logging_mixin.py:188} INFO - [2026-07-09T02:07:22.552-0500] {dag.py:3947} INFO - Setting next_dagrun for aerotrack_travel_estado_real_vuelo to 2026-07-09 00:00:00+00:00, run_after=2026-07-10 00:00:00+00:00
[2026-07-09T02:07:22.569-0500] {processor.py:183} INFO - Processing /opt/airflow/dags/dag_estado_real_vuelo.py took 0.119 seconds
[2026-07-09T02:07:53.336-0500] {processor.py:161} INFO - Started process (PID=11602) to work on /opt/airflow/dags/dag_estado_real_vuelo.py
[2026-07-09T02:07:53.337-0500] {processor.py:830} INFO - Processing file /opt/airflow/dags/dag_estado_real_vuelo.py for tasks to queue
[2026-07-09T02:07:53.338-0500] {logging_mixin.py:188} INFO - [2026-07-09T02:07:53.338-0500] {dagbag.py:545} INFO - Filling up the DagBag from /opt/airflow/dags/dag_estado_real_vuelo.py
[2026-07-09T02:07:53.376-0500] {processor.py:840} INFO - DAG(s) 'aerotrack_travel_estado_real_vuelo' retrieved from /opt/airflow/dags/dag_estado_real_vuelo.py
[2026-07-09T02:07:53.408-0500] {logging_mixin.py:188} INFO - [2026-07-09T02:07:53.408-0500] {dag.py:3089} INFO - Sync 1 DAGs
[2026-07-09T02:07:53.426-0500] {logging_mixin.py:188} INFO - [2026-07-09T02:07:53.425-0500] {dag.py:3947} INFO - Setting next_dagrun for aerotrack_travel_estado_real_vuelo to 2026-07-09 00:00:00+00:00, run_after=2026-07-10 00:00:00+00:00
[2026-07-09T02:07:53.442-0500] {processor.py:183} INFO - Processing /opt/airflow/dags/dag_estado_real_vuelo.py took 0.110 seconds
[2026-07-09T02:08:24.073-0500] {processor.py:161} INFO - Started process (PID=11629) to work on /opt/airflow/dags/dag_estado_real_vuelo.py
[2026-07-09T02:08:24.074-0500] {processor.py:830} INFO - Processing file /opt/airflow/dags/dag_estado_real_vuelo.py for tasks to queue
[2026-07-09T02:08:24.075-0500] {logging_mixin.py:188} INFO - [2026-07-09T02:08:24.075-0500] {dagbag.py:545} INFO - Filling up the DagBag from /opt/airflow/dags/dag_estado_real_vuelo.py
[2026-07-09T02:08:24.118-0500] {processor.py:840} INFO - DAG(s) 'aerotrack_travel_estado_real_vuelo' retrieved from /opt/airflow/dags/dag_estado_real_vuelo.py
[2026-07-09T02:08:24.149-0500] {logging_mixin.py:188} INFO - [2026-07-09T02:08:24.149-0500] {dag.py:3089} INFO - Sync 1 DAGs
[2026-07-09T02:08:24.166-0500] {logging_mixin.py:188} INFO - [2026-07-09T02:08:24.166-0500] {dag.py:3947} INFO - Setting next_dagrun for aerotrack_travel_estado_real_vuelo to 2026-07-09 00:00:00+00:00, run_after=2026-07-10 00:00:00+00:00
[2026-07-09T02:08:24.181-0500] {processor.py:183} INFO - Processing /opt/airflow/dags/dag_estado_real_vuelo.py took 0.113 seconds
[2026-07-09T02:08:54.824-0500] {processor.py:161} INFO - Started process (PID=11656) to work on /opt/airflow/dags/dag_estado_real_vuelo.py
[2026-07-09T02:08:54.825-0500] {processor.py:830} INFO - Processing file /opt/airflow/dags/dag_estado_real_vuelo.py for tasks to queue
[2026-07-09T02:08:54.827-0500] {logging_mixin.py:188} INFO - [2026-07-09T02:08:54.827-0500] {dagbag.py:545} INFO - Filling up the DagBag from /opt/airflow/dags/dag_estado_real_vuelo.py
[2026-07-09T02:08:54.875-0500] {processor.py:840} INFO - DAG(s) 'aerotrack_travel_estado_real_vuelo' retrieved from /opt/airflow/dags/dag_estado_real_vuelo.py
[2026-07-09T02:08:54.903-0500] {logging_mixin.py:188} INFO - [2026-07-09T02:08:54.902-0500] {dag.py:3089} INFO - Sync 1 DAGs
[2026-07-09T02:08:54.919-0500] {logging_mixin.py:188} INFO - [2026-07-09T02:08:54.918-0500] {dag.py:3947} INFO - Setting next_dagrun for aerotrack_travel_estado_real_vuelo to 2026-07-09 00:00:00+00:00, run_after=2026-07-10 00:00:00+00:00
[2026-07-09T02:08:54.937-0500] {processor.py:183} INFO - Processing /opt/airflow/dags/dag_estado_real_vuelo.py took 0.119 seconds
[2026-07-09T02:09:25.611-0500] {processor.py:161} INFO - Started process (PID=11683) to work on /opt/airflow/dags/dag_estado_real_vuelo.py
[2026-07-09T02:09:25.612-0500] {processor.py:830} INFO - Processing file /opt/airflow/dags/dag_estado_real_vuelo.py for tasks to queue
[2026-07-09T02:09:25.614-0500] {logging_mixin.py:188} INFO - [2026-07-09T02:09:25.613-0500] {dagbag.py:545} INFO - Filling up the DagBag from /opt/airflow/dags/dag_estado_real_vuelo.py
[2026-07-09T02:09:25.644-0500] {processor.py:840} INFO - DAG(s) 'aerotrack_travel_estado_real_vuelo' retrieved from /opt/airflow/dags/dag_estado_real_vuelo.py
[2026-07-09T02:09:25.672-0500] {logging_mixin.py:188} INFO - [2026-07-09T02:09:25.672-0500] {dag.py:3089} INFO - Sync 1 DAGs
[2026-07-09T02:09:25.690-0500] {logging_mixin.py:188} INFO - [2026-07-09T02:09:25.690-0500] {dag.py:3947} INFO - Setting next_dagrun for aerotrack_travel_estado_real_vuelo to 2026-07-09 00:00:00+00:00, run_after=2026-07-10 00:00:00+00:00
[2026-07-09T02:09:25.704-0500] {processor.py:183} INFO - Processing /opt/airflow/dags/dag_estado_real_vuelo.py took 0.098 seconds
[2026-07-09T02:09:56.462-0500] {processor.py:161} INFO - Started process (PID=11710) to work on /opt/airflow/dags/dag_estado_real_vuelo.py
[2026-07-09T02:09:56.463-0500] {processor.py:830} INFO - Processing file /opt/airflow/dags/dag_estado_real_vuelo.py for tasks to queue
[2026-07-09T02:09:56.464-0500] {logging_mixin.py:188} INFO - [2026-07-09T02:09:56.464-0500] {dagbag.py:545} INFO - Filling up the DagBag from /opt/airflow/dags/dag_estado_real_vuelo.py
[2026-07-09T02:09:56.494-0500] {processor.py:840} INFO - DAG(s) 'aerotrack_travel_estado_real_vuelo' retrieved from /opt/airflow/dags/dag_estado_real_vuelo.py
[2026-07-09T02:09:56.522-0500] {logging_mixin.py:188} INFO - [2026-07-09T02:09:56.522-0500] {dag.py:3089} INFO - Sync 1 DAGs
[2026-07-09T02:09:56.538-0500] {logging_mixin.py:188} INFO - [2026-07-09T02:09:56.538-0500] {dag.py:3947} INFO - Setting next_dagrun for aerotrack_travel_estado_real_vuelo to 2026-07-09 00:00:00+00:00, run_after=2026-07-10 00:00:00+00:00
[2026-07-09T02:09:56.552-0500] {processor.py:183} INFO - Processing /opt/airflow/dags/dag_estado_real_vuelo.py took 0.094 seconds
[2026-07-09T02:10:27.235-0500] {processor.py:161} INFO - Started process (PID=11737) to work on /opt/airflow/dags/dag_estado_real_vuelo.py
[2026-07-09T02:10:27.236-0500] {processor.py:830} INFO - Processing file /opt/airflow/dags/dag_estado_real_vuelo.py for tasks to queue
[2026-07-09T02:10:27.238-0500] {logging_mixin.py:188} INFO - [2026-07-09T02:10:27.237-0500] {dagbag.py:545} INFO - Filling up the DagBag from /opt/airflow/dags/dag_estado_real_vuelo.py
[2026-07-09T02:10:27.272-0500] {processor.py:840} INFO - DAG(s) 'aerotrack_travel_estado_real_vuelo' retrieved from /opt/airflow/dags/dag_estado_real_vuelo.py
[2026-07-09T02:10:27.304-0500] {logging_mixin.py:188} INFO - [2026-07-09T02:10:27.304-0500] {dag.py:3089} INFO - Sync 1 DAGs
[2026-07-09T02:10:27.321-0500] {logging_mixin.py:188} INFO - [2026-07-09T02:10:27.321-0500] {dag.py:3947} INFO - Setting next_dagrun for aerotrack_travel_estado_real_vuelo to 2026-07-09 00:00:00+00:00, run_after=2026-07-10 00:00:00+00:00
[2026-07-09T02:10:27.336-0500] {processor.py:183} INFO - Processing /opt/airflow/dags/dag_estado_real_vuelo.py took 0.106 seconds
[2026-07-09T02:10:57.990-0500] {processor.py:161} INFO - Started process (PID=11764) to work on /opt/airflow/dags/dag_estado_real_vuelo.py
[2026-07-09T02:10:57.991-0500] {processor.py:830} INFO - Processing file /opt/airflow/dags/dag_estado_real_vuelo.py for tasks to queue
[2026-07-09T02:10:57.993-0500] {logging_mixin.py:188} INFO - [2026-07-09T02:10:57.992-0500] {dagbag.py:545} INFO - Filling up the DagBag from /opt/airflow/dags/dag_estado_real_vuelo.py
[2026-07-09T02:10:58.024-0500] {processor.py:840} INFO - DAG(s) 'aerotrack_travel_estado_real_vuelo' retrieved from /opt/airflow/dags/dag_estado_real_vuelo.py
[2026-07-09T02:10:58.054-0500] {logging_mixin.py:188} INFO - [2026-07-09T02:10:58.054-0500] {dag.py:3089} INFO - Sync 1 DAGs
[2026-07-09T02:10:58.071-0500] {logging_mixin.py:188} INFO - [2026-07-09T02:10:58.070-0500] {dag.py:3947} INFO - Setting next_dagrun for aerotrack_travel_estado_real_vuelo to 2026-07-09 00:00:00+00:00, run_after=2026-07-10 00:00:00+00:00
[2026-07-09T02:10:58.086-0500] {processor.py:183} INFO - Processing /opt/airflow/dags/dag_estado_real_vuelo.py took 0.101 seconds
[2026-07-09T02:11:29.076-0500] {processor.py:161} INFO - Started process (PID=11791) to work on /opt/airflow/dags/dag_estado_real_vuelo.py
[2026-07-09T02:11:29.077-0500] {processor.py:830} INFO - Processing file /opt/airflow/dags/dag_estado_real_vuelo.py for tasks to queue
[2026-07-09T02:11:29.080-0500] {logging_mixin.py:188} INFO - [2026-07-09T02:11:29.080-0500] {dagbag.py:545} INFO - Filling up the DagBag from /opt/airflow/dags/dag_estado_real_vuelo.py
[2026-07-09T02:11:29.113-0500] {processor.py:840} INFO - DAG(s) 'aerotrack_travel_estado_real_vuelo' retrieved from /opt/airflow/dags/dag_estado_real_vuelo.py
[2026-07-09T02:11:29.143-0500] {logging_mixin.py:188} INFO - [2026-07-09T02:11:29.143-0500] {dag.py:3089} INFO - Sync 1 DAGs
[2026-07-09T02:11:29.160-0500] {logging_mixin.py:188} INFO - [2026-07-09T02:11:29.160-0500] {dag.py:3947} INFO - Setting next_dagrun for aerotrack_travel_estado_real_vuelo to 2026-07-09 00:00:00+00:00, run_after=2026-07-10 00:00:00+00:00
[2026-07-09T02:11:29.175-0500] {processor.py:183} INFO - Processing /opt/airflow/dags/dag_estado_real_vuelo.py took 0.104 seconds
[2026-07-09T02:11:59.981-0500] {processor.py:161} INFO - Started process (PID=11818) to work on /opt/airflow/dags/dag_estado_real_vuelo.py
[2026-07-09T02:11:59.983-0500] {processor.py:830} INFO - Processing file /opt/airflow/dags/dag_estado_real_vuelo.py for tasks to queue
[2026-07-09T02:11:59.984-0500] {logging_mixin.py:188} INFO - [2026-07-09T02:11:59.984-0500] {dagbag.py:545} INFO - Filling up the DagBag from /opt/airflow/dags/dag_estado_real_vuelo.py
[2026-07-09T02:12:00.030-0500] {processor.py:840} INFO - DAG(s) 'aerotrack_travel_estado_real_vuelo' retrieved from /opt/airflow/dags/dag_estado_real_vuelo.py
[2026-07-09T02:12:00.064-0500] {logging_mixin.py:188} INFO - [2026-07-09T02:12:00.063-0500] {dag.py:3089} INFO - Sync 1 DAGs
[2026-07-09T02:12:00.083-0500] {logging_mixin.py:188} INFO - [2026-07-09T02:12:00.082-0500] {dag.py:3947} INFO - Setting next_dagrun for aerotrack_travel_estado_real_vuelo to 2026-07-09 00:00:00+00:00, run_after=2026-07-10 00:00:00+00:00
[2026-07-09T02:12:00.103-0500] {processor.py:183} INFO - Processing /opt/airflow/dags/dag_estado_real_vuelo.py took 0.126 seconds
[2026-07-09T02:12:30.933-0500] {processor.py:161} INFO - Started process (PID=11845) to work on /opt/airflow/dags/dag_estado_real_vuelo.py
[2026-07-09T02:12:30.935-0500] {processor.py:830} INFO - Processing file /opt/airflow/dags/dag_estado_real_vuelo.py for tasks to queue
[2026-07-09T02:12:30.936-0500] {logging_mixin.py:188} INFO - [2026-07-09T02:12:30.936-0500] {dagbag.py:545} INFO - Filling up the DagBag from /opt/airflow/dags/dag_estado_real_vuelo.py
[2026-07-09T02:12:30.981-0500] {processor.py:840} INFO - DAG(s) 'aerotrack_travel_estado_real_vuelo' retrieved from /opt/airflow/dags/dag_estado_real_vuelo.py
[2026-07-09T02:12:31.007-0500] {logging_mixin.py:188} INFO - [2026-07-09T02:12:31.007-0500] {dag.py:3089} INFO - Sync 1 DAGs
[2026-07-09T02:12:31.022-0500] {logging_mixin.py:188} INFO - [2026-07-09T02:12:31.022-0500] {dag.py:3947} INFO - Setting next_dagrun for aerotrack_travel_estado_real_vuelo to 2026-07-09 00:00:00+00:00, run_after=2026-07-10 00:00:00+00:00
[2026-07-09T02:12:31.035-0500] {processor.py:183} INFO - Processing /opt/airflow/dags/dag_estado_real_vuelo.py took 0.107 seconds
[2026-07-09T02:13:01.685-0500] {processor.py:161} INFO - Started process (PID=11872) to work on /opt/airflow/dags/dag_estado_real_vuelo.py
[2026-07-09T02:13:01.688-0500] {processor.py:830} INFO - Processing file /opt/airflow/dags/dag_estado_real_vuelo.py for tasks to queue
[2026-07-09T02:13:01.689-0500] {logging_mixin.py:188} INFO - [2026-07-09T02:13:01.689-0500] {dagbag.py:545} INFO - Filling up the DagBag from /opt/airflow/dags/dag_estado_real_vuelo.py
[2026-07-09T02:13:01.724-0500] {processor.py:840} INFO - DAG(s) 'aerotrack_travel_estado_real_vuelo' retrieved from /opt/airflow/dags/dag_estado_real_vuelo.py
[2026-07-09T02:13:01.753-0500] {logging_mixin.py:188} INFO - [2026-07-09T02:13:01.753-0500] {dag.py:3089} INFO - Sync 1 DAGs
[2026-07-09T02:13:01.770-0500] {logging_mixin.py:188} INFO - [2026-07-09T02:13:01.770-0500] {dag.py:3947} INFO - Setting next_dagrun for aerotrack_travel_estado_real_vuelo to 2026-07-09 00:00:00+00:00, run_after=2026-07-10 00:00:00+00:00
[2026-07-09T02:13:01.786-0500] {processor.py:183} INFO - Processing /opt/airflow/dags/dag_estado_real_vuelo.py took 0.105 seconds
[2026-07-09T02:13:32.549-0500] {processor.py:161} INFO - Started process (PID=11899) to work on /opt/airflow/dags/dag_estado_real_vuelo.py
[2026-07-09T02:13:32.550-0500] {processor.py:830} INFO - Processing file /opt/airflow/dags/dag_estado_real_vuelo.py for tasks to queue
[2026-07-09T02:13:32.552-0500] {logging_mixin.py:188} INFO - [2026-07-09T02:13:32.551-0500] {dagbag.py:545} INFO - Filling up the DagBag from /opt/airflow/dags/dag_estado_real_vuelo.py
[2026-07-09T02:13:32.604-0500] {processor.py:840} INFO - DAG(s) 'aerotrack_travel_estado_real_vuelo' retrieved from /opt/airflow/dags/dag_estado_real_vuelo.py
[2026-07-09T02:13:32.633-0500] {logging_mixin.py:188} INFO - [2026-07-09T02:13:32.633-0500] {dag.py:3089} INFO - Sync 1 DAGs
[2026-07-09T02:13:32.651-0500] {logging_mixin.py:188} INFO - [2026-07-09T02:13:32.651-0500] {dag.py:3947} INFO - Setting next_dagrun for aerotrack_travel_estado_real_vuelo to 2026-07-09 00:00:00+00:00, run_after=2026-07-10 00:00:00+00:00
[2026-07-09T02:13:32.666-0500] {processor.py:183} INFO - Processing /opt/airflow/dags/dag_estado_real_vuelo.py took 0.122 seconds
[2026-07-09T02:14:03.470-0500] {processor.py:161} INFO - Started process (PID=11926) to work on /opt/airflow/dags/dag_estado_real_vuelo.py
[2026-07-09T02:14:03.471-0500] {processor.py:830} INFO - Processing file /opt/airflow/dags/dag_estado_real_vuelo.py for tasks to queue
[2026-07-09T02:14:03.472-0500] {logging_mixin.py:188} INFO - [2026-07-09T02:14:03.472-0500] {dagbag.py:545} INFO - Filling up the DagBag from /opt/airflow/dags/dag_estado_real_vuelo.py
[2026-07-09T02:14:03.516-0500] {processor.py:840} INFO - DAG(s) 'aerotrack_travel_estado_real_vuelo' retrieved from /opt/airflow/dags/dag_estado_real_vuelo.py
[2026-07-09T02:14:03.554-0500] {logging_mixin.py:188} INFO - [2026-07-09T02:14:03.554-0500] {dag.py:3089} INFO - Sync 1 DAGs
[2026-07-09T02:14:03.575-0500] {logging_mixin.py:188} INFO - [2026-07-09T02:14:03.575-0500] {dag.py:3947} INFO - Setting next_dagrun for aerotrack_travel_estado_real_vuelo to 2026-07-09 00:00:00+00:00, run_after=2026-07-10 00:00:00+00:00
[2026-07-09T02:14:03.590-0500] {processor.py:183} INFO - Processing /opt/airflow/dags/dag_estado_real_vuelo.py took 0.125 seconds
[2026-07-09T02:14:34.341-0500] {processor.py:161} INFO - Started process (PID=11953) to work on /opt/airflow/dags/dag_estado_real_vuelo.py
[2026-07-09T02:14:34.342-0500] {processor.py:830} INFO - Processing file /opt/airflow/dags/dag_estado_real_vuelo.py for tasks to queue
[2026-07-09T02:14:34.344-0500] {logging_mixin.py:188} INFO - [2026-07-09T02:14:34.343-0500] {dagbag.py:545} INFO - Filling up the DagBag from /opt/airflow/dags/dag_estado_real_vuelo.py
[2026-07-09T02:14:34.373-0500] {processor.py:840} INFO - DAG(s) 'aerotrack_travel_estado_real_vuelo' retrieved from /opt/airflow/dags/dag_estado_real_vuelo.py
[2026-07-09T02:14:34.401-0500] {logging_mixin.py:188} INFO - [2026-07-09T02:14:34.401-0500] {dag.py:3089} INFO - Sync 1 DAGs
[2026-07-09T02:14:34.419-0500] {logging_mixin.py:188} INFO - [2026-07-09T02:14:34.419-0500] {dag.py:3947} INFO - Setting next_dagrun for aerotrack_travel_estado_real_vuelo to 2026-07-09 00:00:00+00:00, run_after=2026-07-10 00:00:00+00:00
[2026-07-09T02:14:34.436-0500] {processor.py:183} INFO - Processing /opt/airflow/dags/dag_estado_real_vuelo.py took 0.099 seconds
[2026-07-09T02:15:05.146-0500] {processor.py:161} INFO - Started process (PID=11980) to work on /opt/airflow/dags/dag_estado_real_vuelo.py
[2026-07-09T02:15:05.147-0500] {processor.py:830} INFO - Processing file /opt/airflow/dags/dag_estado_real_vuelo.py for tasks to queue
[2026-07-09T02:15:05.148-0500] {logging_mixin.py:188} INFO - [2026-07-09T02:15:05.148-0500] {dagbag.py:545} INFO - Filling up the DagBag from /opt/airflow/dags/dag_estado_real_vuelo.py
[2026-07-09T02:15:05.203-0500] {processor.py:840} INFO - DAG(s) 'aerotrack_travel_estado_real_vuelo' retrieved from /opt/airflow/dags/dag_estado_real_vuelo.py
[2026-07-09T02:15:05.240-0500] {logging_mixin.py:188} INFO - [2026-07-09T02:15:05.240-0500] {dag.py:3089} INFO - Sync 1 DAGs
[2026-07-09T02:15:05.258-0500] {logging_mixin.py:188} INFO - [2026-07-09T02:15:05.257-0500] {dag.py:3947} INFO - Setting next_dagrun for aerotrack_travel_estado_real_vuelo to 2026-07-09 00:00:00+00:00, run_after=2026-07-10 00:00:00+00:00
[2026-07-09T02:15:05.275-0500] {processor.py:183} INFO - Processing /opt/airflow/dags/dag_estado_real_vuelo.py took 0.134 seconds
[2026-07-09T02:15:35.864-0500] {processor.py:161} INFO - Started process (PID=12007) to work on /opt/airflow/dags/dag_estado_real_vuelo.py
[2026-07-09T02:15:35.865-0500] {processor.py:830} INFO - Processing file /opt/airflow/dags/dag_estado_real_vuelo.py for tasks to queue
[2026-07-09T02:15:35.867-0500] {logging_mixin.py:188} INFO - [2026-07-09T02:15:35.867-0500] {dagbag.py:545} INFO - Filling up the DagBag from /opt/airflow/dags/dag_estado_real_vuelo.py
[2026-07-09T02:15:35.907-0500] {processor.py:840} INFO - DAG(s) 'aerotrack_travel_estado_real_vuelo' retrieved from /opt/airflow/dags/dag_estado_real_vuelo.py
[2026-07-09T02:15:35.941-0500] {logging_mixin.py:188} INFO - [2026-07-09T02:15:35.941-0500] {dag.py:3089} INFO - Sync 1 DAGs
[2026-07-09T02:15:35.959-0500] {logging_mixin.py:188} INFO - [2026-07-09T02:15:35.959-0500] {dag.py:3947} INFO - Setting next_dagrun for aerotrack_travel_estado_real_vuelo to 2026-07-09 00:00:00+00:00, run_after=2026-07-10 00:00:00+00:00
[2026-07-09T02:15:35.975-0500] {processor.py:183} INFO - Processing /opt/airflow/dags/dag_estado_real_vuelo.py took 0.116 seconds
[2026-07-09T02:16:06.774-0500] {processor.py:161} INFO - Started process (PID=12034) to work on /opt/airflow/dags/dag_estado_real_vuelo.py
[2026-07-09T02:16:06.775-0500] {processor.py:830} INFO - Processing file /opt/airflow/dags/dag_estado_real_vuelo.py for tasks to queue
[2026-07-09T02:16:06.776-0500] {logging_mixin.py:188} INFO - [2026-07-09T02:16:06.776-0500] {dagbag.py:545} INFO - Filling up the DagBag from /opt/airflow/dags/dag_estado_real_vuelo.py
[2026-07-09T02:16:06.807-0500] {processor.py:840} INFO - DAG(s) 'aerotrack_travel_estado_real_vuelo' retrieved from /opt/airflow/dags/dag_estado_real_vuelo.py
[2026-07-09T02:16:06.844-0500] {logging_mixin.py:188} INFO - [2026-07-09T02:16:06.844-0500] {dag.py:3089} INFO - Sync 1 DAGs
[2026-07-09T02:16:06.864-0500] {logging_mixin.py:188} INFO - [2026-07-09T02:16:06.864-0500] {dag.py:3947} INFO - Setting next_dagrun for aerotrack_travel_estado_real_vuelo to 2026-07-09 00:00:00+00:00, run_after=2026-07-10 00:00:00+00:00
[2026-07-09T02:16:06.880-0500] {processor.py:183} INFO - Processing /opt/airflow/dags/dag_estado_real_vuelo.py took 0.113 seconds
[2026-07-09T02:16:37.620-0500] {processor.py:161} INFO - Started process (PID=12061) to work on /opt/airflow/dags/dag_estado_real_vuelo.py
[2026-07-09T02:16:37.621-0500] {processor.py:830} INFO - Processing file /opt/airflow/dags/dag_estado_real_vuelo.py for tasks to queue
[2026-07-09T02:16:37.622-0500] {logging_mixin.py:188} INFO - [2026-07-09T02:16:37.622-0500] {dagbag.py:545} INFO - Filling up the DagBag from /opt/airflow/dags/dag_estado_real_vuelo.py
[2026-07-09T02:16:37.656-0500] {processor.py:840} INFO - DAG(s) 'aerotrack_travel_estado_real_vuelo' retrieved from /opt/airflow/dags/dag_estado_real_vuelo.py
[2026-07-09T02:16:37.686-0500] {logging_mixin.py:188} INFO - [2026-07-09T02:16:37.686-0500] {dag.py:3089} INFO - Sync 1 DAGs
[2026-07-09T02:16:37.703-0500] {logging_mixin.py:188} INFO - [2026-07-09T02:16:37.703-0500] {dag.py:3947} INFO - Setting next_dagrun for aerotrack_travel_estado_real_vuelo to 2026-07-09 00:00:00+00:00, run_after=2026-07-10 00:00:00+00:00
[2026-07-09T02:16:37.717-0500] {processor.py:183} INFO - Processing /opt/airflow/dags/dag_estado_real_vuelo.py took 0.102 seconds
[2026-07-09T02:17:08.377-0500] {processor.py:161} INFO - Started process (PID=12088) to work on /opt/airflow/dags/dag_estado_real_vuelo.py
[2026-07-09T02:17:08.378-0500] {processor.py:830} INFO - Processing file /opt/airflow/dags/dag_estado_real_vuelo.py for tasks to queue
[2026-07-09T02:17:08.380-0500] {logging_mixin.py:188} INFO - [2026-07-09T02:17:08.380-0500] {dagbag.py:545} INFO - Filling up the DagBag from /opt/airflow/dags/dag_estado_real_vuelo.py
[2026-07-09T02:17:08.421-0500] {processor.py:840} INFO - DAG(s) 'aerotrack_travel_estado_real_vuelo' retrieved from /opt/airflow/dags/dag_estado_real_vuelo.py
[2026-07-09T02:17:08.454-0500] {logging_mixin.py:188} INFO - [2026-07-09T02:17:08.454-0500] {dag.py:3089} INFO - Sync 1 DAGs
[2026-07-09T02:17:08.475-0500] {logging_mixin.py:188} INFO - [2026-07-09T02:17:08.475-0500] {dag.py:3947} INFO - Setting next_dagrun for aerotrack_travel_estado_real_vuelo to 2026-07-09 00:00:00+00:00, run_after=2026-07-10 00:00:00+00:00
[2026-07-09T02:17:08.495-0500] {processor.py:183} INFO - Processing /opt/airflow/dags/dag_estado_real_vuelo.py took 0.123 seconds
[2026-07-09T02:17:39.181-0500] {processor.py:161} INFO - Started process (PID=12115) to work on /opt/airflow/dags/dag_estado_real_vuelo.py
[2026-07-09T02:17:39.182-0500] {processor.py:830} INFO - Processing file /opt/airflow/dags/dag_estado_real_vuelo.py for tasks to queue
[2026-07-09T02:17:39.184-0500] {logging_mixin.py:188} INFO - [2026-07-09T02:17:39.184-0500] {dagbag.py:545} INFO - Filling up the DagBag from /opt/airflow/dags/dag_estado_real_vuelo.py
[2026-07-09T02:17:39.237-0500] {processor.py:840} INFO - DAG(s) 'aerotrack_travel_estado_real_vuelo' retrieved from /opt/airflow/dags/dag_estado_real_vuelo.py
[2026-07-09T02:17:39.274-0500] {logging_mixin.py:188} INFO - [2026-07-09T02:17:39.273-0500] {dag.py:3089} INFO - Sync 1 DAGs
[2026-07-09T02:17:39.297-0500] {logging_mixin.py:188} INFO - [2026-07-09T02:17:39.296-0500] {dag.py:3947} INFO - Setting next_dagrun for aerotrack_travel_estado_real_vuelo to 2026-07-09 00:00:00+00:00, run_after=2026-07-10 00:00:00+00:00
[2026-07-09T02:17:39.318-0500] {processor.py:183} INFO - Processing /opt/airflow/dags/dag_estado_real_vuelo.py took 0.142 seconds
[2026-07-09T02:18:10.116-0500] {processor.py:161} INFO - Started process (PID=12142) to work on /opt/airflow/dags/dag_estado_real_vuelo.py
[2026-07-09T02:18:10.117-0500] {processor.py:830} INFO - Processing file /opt/airflow/dags/dag_estado_real_vuelo.py for tasks to queue
[2026-07-09T02:18:10.119-0500] {logging_mixin.py:188} INFO - [2026-07-09T02:18:10.118-0500] {dagbag.py:545} INFO - Filling up the DagBag from /opt/airflow/dags/dag_estado_real_vuelo.py
[2026-07-09T02:18:10.160-0500] {processor.py:840} INFO - DAG(s) 'aerotrack_travel_estado_real_vuelo' retrieved from /opt/airflow/dags/dag_estado_real_vuelo.py
[2026-07-09T02:18:10.195-0500] {logging_mixin.py:188} INFO - [2026-07-09T02:18:10.195-0500] {dag.py:3089} INFO - Sync 1 DAGs
[2026-07-09T02:18:10.215-0500] {logging_mixin.py:188} INFO - [2026-07-09T02:18:10.215-0500] {dag.py:3947} INFO - Setting next_dagrun for aerotrack_travel_estado_real_vuelo to 2026-07-09 00:00:00+00:00, run_after=2026-07-10 00:00:00+00:00
[2026-07-09T02:18:10.231-0500] {processor.py:183} INFO - Processing /opt/airflow/dags/dag_estado_real_vuelo.py took 0.120 seconds
[2026-07-09T02:18:40.939-0500] {processor.py:161} INFO - Started process (PID=12169) to work on /opt/airflow/dags/dag_estado_real_vuelo.py
[2026-07-09T02:18:40.940-0500] {processor.py:830} INFO - Processing file /opt/airflow/dags/dag_estado_real_vuelo.py for tasks to queue
[2026-07-09T02:18:40.942-0500] {logging_mixin.py:188} INFO - [2026-07-09T02:18:40.941-0500] {dagbag.py:545} INFO - Filling up the DagBag from /opt/airflow/dags/dag_estado_real_vuelo.py
[2026-07-09T02:18:40.990-0500] {processor.py:840} INFO - DAG(s) 'aerotrack_travel_estado_real_vuelo' retrieved from /opt/airflow/dags/dag_estado_real_vuelo.py
[2026-07-09T02:18:41.024-0500] {logging_mixin.py:188} INFO - [2026-07-09T02:18:41.024-0500] {dag.py:3089} INFO - Sync 1 DAGs
[2026-07-09T02:18:41.046-0500] {logging_mixin.py:188} INFO - [2026-07-09T02:18:41.045-0500] {dag.py:3947} INFO - Setting next_dagrun for aerotrack_travel_estado_real_vuelo to 2026-07-09 00:00:00+00:00, run_after=2026-07-10 00:00:00+00:00
[2026-07-09T02:18:41.063-0500] {processor.py:183} INFO - Processing /opt/airflow/dags/dag_estado_real_vuelo.py took 0.129 seconds
[2026-07-09T02:19:11.748-0500] {processor.py:161} INFO - Started process (PID=12196) to work on /opt/airflow/dags/dag_estado_real_vuelo.py
[2026-07-09T02:19:11.750-0500] {processor.py:830} INFO - Processing file /opt/airflow/dags/dag_estado_real_vuelo.py for tasks to queue
[2026-07-09T02:19:11.752-0500] {logging_mixin.py:188} INFO - [2026-07-09T02:19:11.752-0500] {dagbag.py:545} INFO - Filling up the DagBag from /opt/airflow/dags/dag_estado_real_vuelo.py
[2026-07-09T02:19:11.805-0500] {processor.py:840} INFO - DAG(s) 'aerotrack_travel_estado_real_vuelo' retrieved from /opt/airflow/dags/dag_estado_real_vuelo.py
[2026-07-09T02:19:11.851-0500] {logging_mixin.py:188} INFO - [2026-07-09T02:19:11.851-0500] {dag.py:3089} INFO - Sync 1 DAGs
[2026-07-09T02:19:11.871-0500] {logging_mixin.py:188} INFO - [2026-07-09T02:19:11.871-0500] {dag.py:3947} INFO - Setting next_dagrun for aerotrack_travel_estado_real_vuelo to 2026-07-09 00:00:00+00:00, run_after=2026-07-10 00:00:00+00:00
[2026-07-09T02:19:11.897-0500] {processor.py:183} INFO - Processing /opt/airflow/dags/dag_estado_real_vuelo.py took 0.154 seconds
[2026-07-09T02:19:42.521-0500] {processor.py:161} INFO - Started process (PID=12223) to work on /opt/airflow/dags/dag_estado_real_vuelo.py
[2026-07-09T02:19:42.522-0500] {processor.py:830} INFO - Processing file /opt/airflow/dags/dag_estado_real_vuelo.py for tasks to queue
[2026-07-09T02:19:42.524-0500] {logging_mixin.py:188} INFO - [2026-07-09T02:19:42.523-0500] {dagbag.py:545} INFO - Filling up the DagBag from /opt/airflow/dags/dag_estado_real_vuelo.py
[2026-07-09T02:19:42.554-0500] {processor.py:840} INFO - DAG(s) 'aerotrack_travel_estado_real_vuelo' retrieved from /opt/airflow/dags/dag_estado_real_vuelo.py
[2026-07-09T02:19:42.582-0500] {logging_mixin.py:188} INFO - [2026-07-09T02:19:42.582-0500] {dag.py:3089} INFO - Sync 1 DAGs
[2026-07-09T02:19:42.599-0500] {logging_mixin.py:188} INFO - [2026-07-09T02:19:42.598-0500] {dag.py:3947} INFO - Setting next_dagrun for aerotrack_travel_estado_real_vuelo to 2026-07-09 00:00:00+00:00, run_after=2026-07-10 00:00:00+00:00
[2026-07-09T02:19:42.612-0500] {processor.py:183} INFO - Processing /opt/airflow/dags/dag_estado_real_vuelo.py took 0.096 seconds
[2026-07-09T02:20:13.320-0500] {processor.py:161} INFO - Started process (PID=12250) to work on /opt/airflow/dags/dag_estado_real_vuelo.py
[2026-07-09T02:20:13.321-0500] {processor.py:830} INFO - Processing file /opt/airflow/dags/dag_estado_real_vuelo.py for tasks to queue
[2026-07-09T02:20:13.323-0500] {logging_mixin.py:188} INFO - [2026-07-09T02:20:13.323-0500] {dagbag.py:545} INFO - Filling up the DagBag from /opt/airflow/dags/dag_estado_real_vuelo.py
[2026-07-09T02:20:13.361-0500] {processor.py:840} INFO - DAG(s) 'aerotrack_travel_estado_real_vuelo' retrieved from /opt/airflow/dags/dag_estado_real_vuelo.py
[2026-07-09T02:20:13.391-0500] {logging_mixin.py:188} INFO - [2026-07-09T02:20:13.390-0500] {dag.py:3089} INFO - Sync 1 DAGs
[2026-07-09T02:20:13.407-0500] {logging_mixin.py:188} INFO - [2026-07-09T02:20:13.407-0500] {dag.py:3947} INFO - Setting next_dagrun for aerotrack_travel_estado_real_vuelo to 2026-07-09 00:00:00+00:00, run_after=2026-07-10 00:00:00+00:00
[2026-07-09T02:20:13.420-0500] {processor.py:183} INFO - Processing /opt/airflow/dags/dag_estado_real_vuelo.py took 0.105 seconds
[2026-07-09T02:20:44.340-0500] {processor.py:161} INFO - Started process (PID=12277) to work on /opt/airflow/dags/dag_estado_real_vuelo.py
[2026-07-09T02:20:44.340-0500] {processor.py:830} INFO - Processing file /opt/airflow/dags/dag_estado_real_vuelo.py for tasks to queue
[2026-07-09T02:20:44.342-0500] {logging_mixin.py:188} INFO - [2026-07-09T02:20:44.342-0500] {dagbag.py:545} INFO - Filling up the DagBag from /opt/airflow/dags/dag_estado_real_vuelo.py
[2026-07-09T02:20:44.386-0500] {processor.py:840} INFO - DAG(s) 'aerotrack_travel_estado_real_vuelo' retrieved from /opt/airflow/dags/dag_estado_real_vuelo.py
[2026-07-09T02:20:44.414-0500] {logging_mixin.py:188} INFO - [2026-07-09T02:20:44.414-0500] {dag.py:3089} INFO - Sync 1 DAGs
[2026-07-09T02:20:44.431-0500] {logging_mixin.py:188} INFO - [2026-07-09T02:20:44.430-0500] {dag.py:3947} INFO - Setting next_dagrun for aerotrack_travel_estado_real_vuelo to 2026-07-09 00:00:00+00:00, run_after=2026-07-10 00:00:00+00:00
[2026-07-09T02:20:44.444-0500] {processor.py:183} INFO - Processing /opt/airflow/dags/dag_estado_real_vuelo.py took 0.109 seconds
[2026-07-09T02:21:15.093-0500] {processor.py:161} INFO - Started process (PID=12304) to work on /opt/airflow/dags/dag_estado_real_vuelo.py
[2026-07-09T02:21:15.094-0500] {processor.py:830} INFO - Processing file /opt/airflow/dags/dag_estado_real_vuelo.py for tasks to queue
[2026-07-09T02:21:15.095-0500] {logging_mixin.py:188} INFO - [2026-07-09T02:21:15.095-0500] {dagbag.py:545} INFO - Filling up the DagBag from /opt/airflow/dags/dag_estado_real_vuelo.py
[2026-07-09T02:21:15.132-0500] {processor.py:840} INFO - DAG(s) 'aerotrack_travel_estado_real_vuelo' retrieved from /opt/airflow/dags/dag_estado_real_vuelo.py
[2026-07-09T02:21:15.165-0500] {logging_mixin.py:188} INFO - [2026-07-09T02:21:15.164-0500] {dag.py:3089} INFO - Sync 1 DAGs
[2026-07-09T02:21:15.181-0500] {logging_mixin.py:188} INFO - [2026-07-09T02:21:15.181-0500] {dag.py:3947} INFO - Setting next_dagrun for aerotrack_travel_estado_real_vuelo to 2026-07-09 00:00:00+00:00, run_after=2026-07-10 00:00:00+00:00
[2026-07-09T02:21:15.197-0500] {processor.py:183} INFO - Processing /opt/airflow/dags/dag_estado_real_vuelo.py took 0.108 seconds
[2026-07-09T02:21:45.958-0500] {processor.py:161} INFO - Started process (PID=12331) to work on /opt/airflow/dags/dag_estado_real_vuelo.py
[2026-07-09T02:21:45.959-0500] {processor.py:830} INFO - Processing file /opt/airflow/dags/dag_estado_real_vuelo.py for tasks to queue
[2026-07-09T02:21:45.960-0500] {logging_mixin.py:188} INFO - [2026-07-09T02:21:45.960-0500] {dagbag.py:545} INFO - Filling up the DagBag from /opt/airflow/dags/dag_estado_real_vuelo.py
[2026-07-09T02:21:45.994-0500] {processor.py:840} INFO - DAG(s) 'aerotrack_travel_estado_real_vuelo' retrieved from /opt/airflow/dags/dag_estado_real_vuelo.py
[2026-07-09T02:21:46.023-0500] {logging_mixin.py:188} INFO - [2026-07-09T02:21:46.023-0500] {dag.py:3089} INFO - Sync 1 DAGs
[2026-07-09T02:21:46.040-0500] {logging_mixin.py:188} INFO - [2026-07-09T02:21:46.040-0500] {dag.py:3947} INFO - Setting next_dagrun for aerotrack_travel_estado_real_vuelo to 2026-07-09 00:00:00+00:00, run_after=2026-07-10 00:00:00+00:00
[2026-07-09T02:21:46.054-0500] {processor.py:183} INFO - Processing /opt/airflow/dags/dag_estado_real_vuelo.py took 0.101 seconds
[2026-07-09T02:22:16.819-0500] {processor.py:161} INFO - Started process (PID=12358) to work on /opt/airflow/dags/dag_estado_real_vuelo.py
[2026-07-09T02:22:16.820-0500] {processor.py:830} INFO - Processing file /opt/airflow/dags/dag_estado_real_vuelo.py for tasks to queue
[2026-07-09T02:22:16.822-0500] {logging_mixin.py:188} INFO - [2026-07-09T02:22:16.822-0500] {dagbag.py:545} INFO - Filling up the DagBag from /opt/airflow/dags/dag_estado_real_vuelo.py
[2026-07-09T02:22:16.869-0500] {processor.py:840} INFO - DAG(s) 'aerotrack_travel_estado_real_vuelo' retrieved from /opt/airflow/dags/dag_estado_real_vuelo.py
[2026-07-09T02:22:16.901-0500] {logging_mixin.py:188} INFO - [2026-07-09T02:22:16.900-0500] {dag.py:3089} INFO - Sync 1 DAGs
[2026-07-09T02:22:16.917-0500] {logging_mixin.py:188} INFO - [2026-07-09T02:22:16.916-0500] {dag.py:3947} INFO - Setting next_dagrun for aerotrack_travel_estado_real_vuelo to 2026-07-09 00:00:00+00:00, run_after=2026-07-10 00:00:00+00:00
[2026-07-09T02:22:16.939-0500] {processor.py:183} INFO - Processing /opt/airflow/dags/dag_estado_real_vuelo.py took 0.124 seconds
[2026-07-09T02:22:47.582-0500] {processor.py:161} INFO - Started process (PID=12385) to work on /opt/airflow/dags/dag_estado_real_vuelo.py
[2026-07-09T02:22:47.583-0500] {processor.py:830} INFO - Processing file /opt/airflow/dags/dag_estado_real_vuelo.py for tasks to queue
[2026-07-09T02:22:47.584-0500] {logging_mixin.py:188} INFO - [2026-07-09T02:22:47.584-0500] {dagbag.py:545} INFO - Filling up the DagBag from /opt/airflow/dags/dag_estado_real_vuelo.py
[2026-07-09T02:22:47.614-0500] {processor.py:840} INFO - DAG(s) 'aerotrack_travel_estado_real_vuelo' retrieved from /opt/airflow/dags/dag_estado_real_vuelo.py
[2026-07-09T02:22:47.644-0500] {logging_mixin.py:188} INFO - [2026-07-09T02:22:47.643-0500] {dag.py:3089} INFO - Sync 1 DAGs
[2026-07-09T02:22:47.660-0500] {logging_mixin.py:188} INFO - [2026-07-09T02:22:47.660-0500] {dag.py:3947} INFO - Setting next_dagrun for aerotrack_travel_estado_real_vuelo to 2026-07-09 00:00:00+00:00, run_after=2026-07-10 00:00:00+00:00
[2026-07-09T02:22:47.674-0500] {processor.py:183} INFO - Processing /opt/airflow/dags/dag_estado_real_vuelo.py took 0.096 seconds
[2026-07-09T02:23:18.380-0500] {processor.py:161} INFO - Started process (PID=12412) to work on /opt/airflow/dags/dag_estado_real_vuelo.py
[2026-07-09T02:23:18.381-0500] {processor.py:830} INFO - Processing file /opt/airflow/dags/dag_estado_real_vuelo.py for tasks to queue
[2026-07-09T02:23:18.383-0500] {logging_mixin.py:188} INFO - [2026-07-09T02:23:18.383-0500] {dagbag.py:545} INFO - Filling up the DagBag from /opt/airflow/dags/dag_estado_real_vuelo.py
[2026-07-09T02:23:18.418-0500] {processor.py:840} INFO - DAG(s) 'aerotrack_travel_estado_real_vuelo' retrieved from /opt/airflow/dags/dag_estado_real_vuelo.py
[2026-07-09T02:23:18.453-0500] {logging_mixin.py:188} INFO - [2026-07-09T02:23:18.452-0500] {dag.py:3089} INFO - Sync 1 DAGs
[2026-07-09T02:23:18.470-0500] {logging_mixin.py:188} INFO - [2026-07-09T02:23:18.470-0500] {dag.py:3947} INFO - Setting next_dagrun for aerotrack_travel_estado_real_vuelo to 2026-07-09 00:00:00+00:00, run_after=2026-07-10 00:00:00+00:00
[2026-07-09T02:23:18.486-0500] {processor.py:183} INFO - Processing /opt/airflow/dags/dag_estado_real_vuelo.py took 0.110 seconds
[2026-07-09T02:23:49.141-0500] {processor.py:161} INFO - Started process (PID=12439) to work on /opt/airflow/dags/dag_estado_real_vuelo.py
[2026-07-09T02:23:49.142-0500] {processor.py:830} INFO - Processing file /opt/airflow/dags/dag_estado_real_vuelo.py for tasks to queue
[2026-07-09T02:23:49.144-0500] {logging_mixin.py:188} INFO - [2026-07-09T02:23:49.144-0500] {dagbag.py:545} INFO - Filling up the DagBag from /opt/airflow/dags/dag_estado_real_vuelo.py
[2026-07-09T02:23:49.172-0500] {processor.py:840} INFO - DAG(s) 'aerotrack_travel_estado_real_vuelo' retrieved from /opt/airflow/dags/dag_estado_real_vuelo.py
[2026-07-09T02:23:49.201-0500] {logging_mixin.py:188} INFO - [2026-07-09T02:23:49.201-0500] {dag.py:3089} INFO - Sync 1 DAGs
[2026-07-09T02:23:49.220-0500] {logging_mixin.py:188} INFO - [2026-07-09T02:23:49.220-0500] {dag.py:3947} INFO - Setting next_dagrun for aerotrack_travel_estado_real_vuelo to 2026-07-09 00:00:00+00:00, run_after=2026-07-10 00:00:00+00:00
[2026-07-09T02:23:49.234-0500] {processor.py:183} INFO - Processing /opt/airflow/dags/dag_estado_real_vuelo.py took 0.098 seconds
[2026-07-09T02:24:20.025-0500] {processor.py:161} INFO - Started process (PID=12466) to work on /opt/airflow/dags/dag_estado_real_vuelo.py
[2026-07-09T02:24:20.026-0500] {processor.py:830} INFO - Processing file /opt/airflow/dags/dag_estado_real_vuelo.py for tasks to queue
[2026-07-09T02:24:20.028-0500] {logging_mixin.py:188} INFO - [2026-07-09T02:24:20.027-0500] {dagbag.py:545} INFO - Filling up the DagBag from /opt/airflow/dags/dag_estado_real_vuelo.py
[2026-07-09T02:24:20.068-0500] {processor.py:840} INFO - DAG(s) 'aerotrack_travel_estado_real_vuelo' retrieved from /opt/airflow/dags/dag_estado_real_vuelo.py
[2026-07-09T02:24:20.103-0500] {logging_mixin.py:188} INFO - [2026-07-09T02:24:20.103-0500] {dag.py:3089} INFO - Sync 1 DAGs
[2026-07-09T02:24:20.121-0500] {logging_mixin.py:188} INFO - [2026-07-09T02:24:20.121-0500] {dag.py:3947} INFO - Setting next_dagrun for aerotrack_travel_estado_real_vuelo to 2026-07-09 00:00:00+00:00, run_after=2026-07-10 00:00:00+00:00
[2026-07-09T02:24:20.136-0500] {processor.py:183} INFO - Processing /opt/airflow/dags/dag_estado_real_vuelo.py took 0.116 seconds
[2026-07-09T02:24:50.931-0500] {processor.py:161} INFO - Started process (PID=12493) to work on /opt/airflow/dags/dag_estado_real_vuelo.py
[2026-07-09T02:24:50.934-0500] {processor.py:830} INFO - Processing file /opt/airflow/dags/dag_estado_real_vuelo.py for tasks to queue
[2026-07-09T02:24:50.939-0500] {logging_mixin.py:188} INFO - [2026-07-09T02:24:50.938-0500] {dagbag.py:545} INFO - Filling up the DagBag from /opt/airflow/dags/dag_estado_real_vuelo.py
[2026-07-09T02:24:51.021-0500] {processor.py:840} INFO - DAG(s) 'aerotrack_travel_estado_real_vuelo' retrieved from /opt/airflow/dags/dag_estado_real_vuelo.py
[2026-07-09T02:24:51.076-0500] {logging_mixin.py:188} INFO - [2026-07-09T02:24:51.076-0500] {dag.py:3089} INFO - Sync 1 DAGs
[2026-07-09T02:24:51.101-0500] {logging_mixin.py:188} INFO - [2026-07-09T02:24:51.100-0500] {dag.py:3947} INFO - Setting next_dagrun for aerotrack_travel_estado_real_vuelo to 2026-07-09 00:00:00+00:00, run_after=2026-07-10 00:00:00+00:00
[2026-07-09T02:24:51.124-0500] {processor.py:183} INFO - Processing /opt/airflow/dags/dag_estado_real_vuelo.py took 0.208 seconds
[2026-07-09T02:25:22.078-0500] {processor.py:161} INFO - Started process (PID=12520) to work on /opt/airflow/dags/dag_estado_real_vuelo.py
[2026-07-09T02:25:22.079-0500] {processor.py:830} INFO - Processing file /opt/airflow/dags/dag_estado_real_vuelo.py for tasks to queue
[2026-07-09T02:25:22.083-0500] {logging_mixin.py:188} INFO - [2026-07-09T02:25:22.082-0500] {dagbag.py:545} INFO - Filling up the DagBag from /opt/airflow/dags/dag_estado_real_vuelo.py
[2026-07-09T02:25:22.155-0500] {processor.py:840} INFO - DAG(s) 'aerotrack_travel_estado_real_vuelo' retrieved from /opt/airflow/dags/dag_estado_real_vuelo.py
[2026-07-09T02:25:22.211-0500] {logging_mixin.py:188} INFO - [2026-07-09T02:25:22.211-0500] {dag.py:3089} INFO - Sync 1 DAGs
[2026-07-09T02:25:22.266-0500] {logging_mixin.py:188} INFO - [2026-07-09T02:25:22.266-0500] {dag.py:3947} INFO - Setting next_dagrun for aerotrack_travel_estado_real_vuelo to 2026-07-09 00:00:00+00:00, run_after=2026-07-10 00:00:00+00:00
[2026-07-09T02:25:22.300-0500] {processor.py:183} INFO - Processing /opt/airflow/dags/dag_estado_real_vuelo.py took 0.230 seconds
[2026-07-09T02:25:53.164-0500] {processor.py:161} INFO - Started process (PID=12547) to work on /opt/airflow/dags/dag_estado_real_vuelo.py
[2026-07-09T02:25:53.165-0500] {processor.py:830} INFO - Processing file /opt/airflow/dags/dag_estado_real_vuelo.py for tasks to queue
[2026-07-09T02:25:53.166-0500] {logging_mixin.py:188} INFO - [2026-07-09T02:25:53.166-0500] {dagbag.py:545} INFO - Filling up the DagBag from /opt/airflow/dags/dag_estado_real_vuelo.py
[2026-07-09T02:25:53.213-0500] {processor.py:840} INFO - DAG(s) 'aerotrack_travel_estado_real_vuelo' retrieved from /opt/airflow/dags/dag_estado_real_vuelo.py
[2026-07-09T02:25:53.246-0500] {logging_mixin.py:188} INFO - [2026-07-09T02:25:53.246-0500] {dag.py:3089} INFO - Sync 1 DAGs
[2026-07-09T02:25:53.266-0500] {logging_mixin.py:188} INFO - [2026-07-09T02:25:53.266-0500] {dag.py:3947} INFO - Setting next_dagrun for aerotrack_travel_estado_real_vuelo to 2026-07-09 00:00:00+00:00, run_after=2026-07-10 00:00:00+00:00
[2026-07-09T02:25:53.283-0500] {processor.py:183} INFO - Processing /opt/airflow/dags/dag_estado_real_vuelo.py took 0.124 seconds
[2026-07-09T02:26:24.123-0500] {processor.py:161} INFO - Started process (PID=12574) to work on /opt/airflow/dags/dag_estado_real_vuelo.py
[2026-07-09T02:26:24.124-0500] {processor.py:830} INFO - Processing file /opt/airflow/dags/dag_estado_real_vuelo.py for tasks to queue
[2026-07-09T02:26:24.126-0500] {logging_mixin.py:188} INFO - [2026-07-09T02:26:24.126-0500] {dagbag.py:545} INFO - Filling up the DagBag from /opt/airflow/dags/dag_estado_real_vuelo.py
[2026-07-09T02:26:24.170-0500] {processor.py:840} INFO - DAG(s) 'aerotrack_travel_estado_real_vuelo' retrieved from /opt/airflow/dags/dag_estado_real_vuelo.py
[2026-07-09T02:26:24.206-0500] {logging_mixin.py:188} INFO - [2026-07-09T02:26:24.206-0500] {dag.py:3089} INFO - Sync 1 DAGs
[2026-07-09T02:26:24.228-0500] {logging_mixin.py:188} INFO - [2026-07-09T02:26:24.228-0500] {dag.py:3947} INFO - Setting next_dagrun for aerotrack_travel_estado_real_vuelo to 2026-07-09 00:00:00+00:00, run_after=2026-07-10 00:00:00+00:00
[2026-07-09T02:26:24.247-0500] {processor.py:183} INFO - Processing /opt/airflow/dags/dag_estado_real_vuelo.py took 0.129 seconds
[2026-07-09T02:26:54.955-0500] {processor.py:161} INFO - Started process (PID=12601) to work on /opt/airflow/dags/dag_estado_real_vuelo.py
[2026-07-09T02:26:54.955-0500] {processor.py:830} INFO - Processing file /opt/airflow/dags/dag_estado_real_vuelo.py for tasks to queue
[2026-07-09T02:26:54.957-0500] {logging_mixin.py:188} INFO - [2026-07-09T02:26:54.957-0500] {dagbag.py:545} INFO - Filling up the DagBag from /opt/airflow/dags/dag_estado_real_vuelo.py
[2026-07-09T02:26:54.993-0500] {processor.py:840} INFO - DAG(s) 'aerotrack_travel_estado_real_vuelo' retrieved from /opt/airflow/dags/dag_estado_real_vuelo.py
[2026-07-09T02:26:55.024-0500] {logging_mixin.py:188} INFO - [2026-07-09T02:26:55.024-0500] {dag.py:3089} INFO - Sync 1 DAGs
[2026-07-09T02:26:55.044-0500] {logging_mixin.py:188} INFO - [2026-07-09T02:26:55.044-0500] {dag.py:3947} INFO - Setting next_dagrun for aerotrack_travel_estado_real_vuelo to 2026-07-09 00:00:00+00:00, run_after=2026-07-10 00:00:00+00:00
[2026-07-09T02:26:55.111-0500] {processor.py:183} INFO - Processing /opt/airflow/dags/dag_estado_real_vuelo.py took 0.161 seconds
[2026-07-09T02:27:25.776-0500] {processor.py:161} INFO - Started process (PID=12628) to work on /opt/airflow/dags/dag_estado_real_vuelo.py
[2026-07-09T02:27:25.777-0500] {processor.py:830} INFO - Processing file /opt/airflow/dags/dag_estado_real_vuelo.py for tasks to queue
[2026-07-09T02:27:25.778-0500] {logging_mixin.py:188} INFO - [2026-07-09T02:27:25.778-0500] {dagbag.py:545} INFO - Filling up the DagBag from /opt/airflow/dags/dag_estado_real_vuelo.py
[2026-07-09T02:27:25.814-0500] {processor.py:840} INFO - DAG(s) 'aerotrack_travel_estado_real_vuelo' retrieved from /opt/airflow/dags/dag_estado_real_vuelo.py
[2026-07-09T02:27:25.844-0500] {logging_mixin.py:188} INFO - [2026-07-09T02:27:25.843-0500] {dag.py:3089} INFO - Sync 1 DAGs
[2026-07-09T02:27:25.863-0500] {logging_mixin.py:188} INFO - [2026-07-09T02:27:25.863-0500] {dag.py:3947} INFO - Setting next_dagrun for aerotrack_travel_estado_real_vuelo to 2026-07-09 00:00:00+00:00, run_after=2026-07-10 00:00:00+00:00
[2026-07-09T02:27:25.884-0500] {processor.py:183} INFO - Processing /opt/airflow/dags/dag_estado_real_vuelo.py took 0.113 seconds
[2026-07-09T02:27:56.552-0500] {processor.py:161} INFO - Started process (PID=12655) to work on /opt/airflow/dags/dag_estado_real_vuelo.py
[2026-07-09T02:27:56.553-0500] {processor.py:830} INFO - Processing file /opt/airflow/dags/dag_estado_real_vuelo.py for tasks to queue
[2026-07-09T02:27:56.555-0500] {logging_mixin.py:188} INFO - [2026-07-09T02:27:56.555-0500] {dagbag.py:545} INFO - Filling up the DagBag from /opt/airflow/dags/dag_estado_real_vuelo.py
[2026-07-09T02:27:56.593-0500] {processor.py:840} INFO - DAG(s) 'aerotrack_travel_estado_real_vuelo' retrieved from /opt/airflow/dags/dag_estado_real_vuelo.py
[2026-07-09T02:27:56.628-0500] {logging_mixin.py:188} INFO - [2026-07-09T02:27:56.628-0500] {dag.py:3089} INFO - Sync 1 DAGs
[2026-07-09T02:27:56.649-0500] {logging_mixin.py:188} INFO - [2026-07-09T02:27:56.649-0500] {dag.py:3947} INFO - Setting next_dagrun for aerotrack_travel_estado_real_vuelo to 2026-07-09 00:00:00+00:00, run_after=2026-07-10 00:00:00+00:00
[2026-07-09T02:27:56.666-0500] {processor.py:183} INFO - Processing /opt/airflow/dags/dag_estado_real_vuelo.py took 0.119 seconds
[2026-07-09T02:28:27.488-0500] {processor.py:161} INFO - Started process (PID=12682) to work on /opt/airflow/dags/dag_estado_real_vuelo.py
[2026-07-09T02:28:27.489-0500] {processor.py:830} INFO - Processing file /opt/airflow/dags/dag_estado_real_vuelo.py for tasks to queue
[2026-07-09T02:28:27.491-0500] {logging_mixin.py:188} INFO - [2026-07-09T02:28:27.490-0500] {dagbag.py:545} INFO - Filling up the DagBag from /opt/airflow/dags/dag_estado_real_vuelo.py
[2026-07-09T02:28:27.533-0500] {processor.py:840} INFO - DAG(s) 'aerotrack_travel_estado_real_vuelo' retrieved from /opt/airflow/dags/dag_estado_real_vuelo.py
[2026-07-09T02:28:27.568-0500] {logging_mixin.py:188} INFO - [2026-07-09T02:28:27.568-0500] {dag.py:3089} INFO - Sync 1 DAGs
[2026-07-09T02:28:27.590-0500] {logging_mixin.py:188} INFO - [2026-07-09T02:28:27.590-0500] {dag.py:3947} INFO - Setting next_dagrun for aerotrack_travel_estado_real_vuelo to 2026-07-09 00:00:00+00:00, run_after=2026-07-10 00:00:00+00:00
[2026-07-09T02:28:27.677-0500] {processor.py:183} INFO - Processing /opt/airflow/dags/dag_estado_real_vuelo.py took 0.195 seconds
[2026-07-09T02:28:58.287-0500] {processor.py:161} INFO - Started process (PID=12709) to work on /opt/airflow/dags/dag_estado_real_vuelo.py
[2026-07-09T02:28:58.288-0500] {processor.py:830} INFO - Processing file /opt/airflow/dags/dag_estado_real_vuelo.py for tasks to queue
[2026-07-09T02:28:58.290-0500] {logging_mixin.py:188} INFO - [2026-07-09T02:28:58.290-0500] {dagbag.py:545} INFO - Filling up the DagBag from /opt/airflow/dags/dag_estado_real_vuelo.py
[2026-07-09T02:28:58.331-0500] {processor.py:840} INFO - DAG(s) 'aerotrack_travel_estado_real_vuelo' retrieved from /opt/airflow/dags/dag_estado_real_vuelo.py
[2026-07-09T02:28:58.364-0500] {logging_mixin.py:188} INFO - [2026-07-09T02:28:58.363-0500] {dag.py:3089} INFO - Sync 1 DAGs
[2026-07-09T02:28:58.383-0500] {logging_mixin.py:188} INFO - [2026-07-09T02:28:58.383-0500] {dag.py:3947} INFO - Setting next_dagrun for aerotrack_travel_estado_real_vuelo to 2026-07-09 00:00:00+00:00, run_after=2026-07-10 00:00:00+00:00
[2026-07-09T02:28:58.435-0500] {processor.py:183} INFO - Processing /opt/airflow/dags/dag_estado_real_vuelo.py took 0.154 seconds
[2026-07-09T02:29:29.195-0500] {processor.py:161} INFO - Started process (PID=12736) to work on /opt/airflow/dags/dag_estado_real_vuelo.py
[2026-07-09T02:29:29.196-0500] {processor.py:830} INFO - Processing file /opt/airflow/dags/dag_estado_real_vuelo.py for tasks to queue
[2026-07-09T02:29:29.198-0500] {logging_mixin.py:188} INFO - [2026-07-09T02:29:29.198-0500] {dagbag.py:545} INFO - Filling up the DagBag from /opt/airflow/dags/dag_estado_real_vuelo.py
[2026-07-09T02:29:29.274-0500] {processor.py:840} INFO - DAG(s) 'aerotrack_travel_estado_real_vuelo' retrieved from /opt/airflow/dags/dag_estado_real_vuelo.py
[2026-07-09T02:29:29.310-0500] {logging_mixin.py:188} INFO - [2026-07-09T02:29:29.310-0500] {dag.py:3089} INFO - Sync 1 DAGs
[2026-07-09T02:29:29.330-0500] {logging_mixin.py:188} INFO - [2026-07-09T02:29:29.329-0500] {dag.py:3947} INFO - Setting next_dagrun for aerotrack_travel_estado_real_vuelo to 2026-07-09 00:00:00+00:00, run_after=2026-07-10 00:00:00+00:00
[2026-07-09T02:29:29.347-0500] {processor.py:183} INFO - Processing /opt/airflow/dags/dag_estado_real_vuelo.py took 0.160 seconds
[2026-07-09T02:30:00.315-0500] {processor.py:161} INFO - Started process (PID=12763) to work on /opt/airflow/dags/dag_estado_real_vuelo.py
[2026-07-09T02:30:00.316-0500] {processor.py:830} INFO - Processing file /opt/airflow/dags/dag_estado_real_vuelo.py for tasks to queue
[2026-07-09T02:30:00.318-0500] {logging_mixin.py:188} INFO - [2026-07-09T02:30:00.318-0500] {dagbag.py:545} INFO - Filling up the DagBag from /opt/airflow/dags/dag_estado_real_vuelo.py
[2026-07-09T02:30:00.350-0500] {processor.py:840} INFO - DAG(s) 'aerotrack_travel_estado_real_vuelo' retrieved from /opt/airflow/dags/dag_estado_real_vuelo.py
[2026-07-09T02:30:00.383-0500] {logging_mixin.py:188} INFO - [2026-07-09T02:30:00.383-0500] {dag.py:3089} INFO - Sync 1 DAGs
[2026-07-09T02:30:00.404-0500] {logging_mixin.py:188} INFO - [2026-07-09T02:30:00.404-0500] {dag.py:3947} INFO - Setting next_dagrun for aerotrack_travel_estado_real_vuelo to 2026-07-09 00:00:00+00:00, run_after=2026-07-10 00:00:00+00:00
[2026-07-09T02:30:00.421-0500] {processor.py:183} INFO - Processing /opt/airflow/dags/dag_estado_real_vuelo.py took 0.110 seconds
[2026-07-09T02:30:31.167-0500] {processor.py:161} INFO - Started process (PID=12790) to work on /opt/airflow/dags/dag_estado_real_vuelo.py
[2026-07-09T02:30:31.167-0500] {processor.py:830} INFO - Processing file /opt/airflow/dags/dag_estado_real_vuelo.py for tasks to queue
[2026-07-09T02:30:31.169-0500] {logging_mixin.py:188} INFO - [2026-07-09T02:30:31.169-0500] {dagbag.py:545} INFO - Filling up the DagBag from /opt/airflow/dags/dag_estado_real_vuelo.py
[2026-07-09T02:30:31.203-0500] {processor.py:840} INFO - DAG(s) 'aerotrack_travel_estado_real_vuelo' retrieved from /opt/airflow/dags/dag_estado_real_vuelo.py
[2026-07-09T02:30:31.234-0500] {logging_mixin.py:188} INFO - [2026-07-09T02:30:31.234-0500] {dag.py:3089} INFO - Sync 1 DAGs
[2026-07-09T02:30:31.254-0500] {logging_mixin.py:188} INFO - [2026-07-09T02:30:31.254-0500] {dag.py:3947} INFO - Setting next_dagrun for aerotrack_travel_estado_real_vuelo to 2026-07-09 00:00:00+00:00, run_after=2026-07-10 00:00:00+00:00
[2026-07-09T02:30:31.272-0500] {processor.py:183} INFO - Processing /opt/airflow/dags/dag_estado_real_vuelo.py took 0.110 seconds
[2026-07-09T02:31:02.034-0500] {processor.py:161} INFO - Started process (PID=12817) to work on /opt/airflow/dags/dag_estado_real_vuelo.py
[2026-07-09T02:31:02.035-0500] {processor.py:830} INFO - Processing file /opt/airflow/dags/dag_estado_real_vuelo.py for tasks to queue
[2026-07-09T02:31:02.037-0500] {logging_mixin.py:188} INFO - [2026-07-09T02:31:02.036-0500] {dagbag.py:545} INFO - Filling up the DagBag from /opt/airflow/dags/dag_estado_real_vuelo.py
[2026-07-09T02:31:02.079-0500] {processor.py:840} INFO - DAG(s) 'aerotrack_travel_estado_real_vuelo' retrieved from /opt/airflow/dags/dag_estado_real_vuelo.py
[2026-07-09T02:31:02.109-0500] {logging_mixin.py:188} INFO - [2026-07-09T02:31:02.108-0500] {dag.py:3089} INFO - Sync 1 DAGs
[2026-07-09T02:31:02.127-0500] {logging_mixin.py:188} INFO - [2026-07-09T02:31:02.127-0500] {dag.py:3947} INFO - Setting next_dagrun for aerotrack_travel_estado_real_vuelo to 2026-07-09 00:00:00+00:00, run_after=2026-07-10 00:00:00+00:00
[2026-07-09T02:31:02.142-0500] {processor.py:183} INFO - Processing /opt/airflow/dags/dag_estado_real_vuelo.py took 0.112 seconds
[2026-07-09T02:31:33.119-0500] {processor.py:161} INFO - Started process (PID=12844) to work on /opt/airflow/dags/dag_estado_real_vuelo.py
[2026-07-09T02:31:33.120-0500] {processor.py:830} INFO - Processing file /opt/airflow/dags/dag_estado_real_vuelo.py for tasks to queue
[2026-07-09T02:31:33.122-0500] {logging_mixin.py:188} INFO - [2026-07-09T02:31:33.122-0500] {dagbag.py:545} INFO - Filling up the DagBag from /opt/airflow/dags/dag_estado_real_vuelo.py
[2026-07-09T02:31:33.174-0500] {processor.py:840} INFO - DAG(s) 'aerotrack_travel_estado_real_vuelo' retrieved from /opt/airflow/dags/dag_estado_real_vuelo.py
[2026-07-09T02:31:33.210-0500] {logging_mixin.py:188} INFO - [2026-07-09T02:31:33.210-0500] {dag.py:3089} INFO - Sync 1 DAGs
[2026-07-09T02:31:33.241-0500] {logging_mixin.py:188} INFO - [2026-07-09T02:31:33.240-0500] {dag.py:3947} INFO - Setting next_dagrun for aerotrack_travel_estado_real_vuelo to 2026-07-09 00:00:00+00:00, run_after=2026-07-10 00:00:00+00:00
[2026-07-09T02:31:33.265-0500] {processor.py:183} INFO - Processing /opt/airflow/dags/dag_estado_real_vuelo.py took 0.152 seconds
[2026-07-09T02:32:03.920-0500] {processor.py:161} INFO - Started process (PID=12871) to work on /opt/airflow/dags/dag_estado_real_vuelo.py
[2026-07-09T02:32:03.921-0500] {processor.py:830} INFO - Processing file /opt/airflow/dags/dag_estado_real_vuelo.py for tasks to queue
[2026-07-09T02:32:03.923-0500] {logging_mixin.py:188} INFO - [2026-07-09T02:32:03.923-0500] {dagbag.py:545} INFO - Filling up the DagBag from /opt/airflow/dags/dag_estado_real_vuelo.py
[2026-07-09T02:32:03.968-0500] {processor.py:840} INFO - DAG(s) 'aerotrack_travel_estado_real_vuelo' retrieved from /opt/airflow/dags/dag_estado_real_vuelo.py
[2026-07-09T02:32:03.999-0500] {logging_mixin.py:188} INFO - [2026-07-09T02:32:03.999-0500] {dag.py:3089} INFO - Sync 1 DAGs
[2026-07-09T02:32:04.018-0500] {logging_mixin.py:188} INFO - [2026-07-09T02:32:04.018-0500] {dag.py:3947} INFO - Setting next_dagrun for aerotrack_travel_estado_real_vuelo to 2026-07-09 00:00:00+00:00, run_after=2026-07-10 00:00:00+00:00
[2026-07-09T02:32:04.033-0500] {processor.py:183} INFO - Processing /opt/airflow/dags/dag_estado_real_vuelo.py took 0.117 seconds
[2026-07-09T02:32:34.767-0500] {processor.py:161} INFO - Started process (PID=12898) to work on /opt/airflow/dags/dag_estado_real_vuelo.py
[2026-07-09T02:32:34.768-0500] {processor.py:830} INFO - Processing file /opt/airflow/dags/dag_estado_real_vuelo.py for tasks to queue
[2026-07-09T02:32:34.769-0500] {logging_mixin.py:188} INFO - [2026-07-09T02:32:34.769-0500] {dagbag.py:545} INFO - Filling up the DagBag from /opt/airflow/dags/dag_estado_real_vuelo.py
[2026-07-09T02:32:34.815-0500] {processor.py:840} INFO - DAG(s) 'aerotrack_travel_estado_real_vuelo' retrieved from /opt/airflow/dags/dag_estado_real_vuelo.py
[2026-07-09T02:32:34.853-0500] {logging_mixin.py:188} INFO - [2026-07-09T02:32:34.853-0500] {dag.py:3089} INFO - Sync 1 DAGs
[2026-07-09T02:32:34.874-0500] {logging_mixin.py:188} INFO - [2026-07-09T02:32:34.874-0500] {dag.py:3947} INFO - Setting next_dagrun for aerotrack_travel_estado_real_vuelo to 2026-07-09 00:00:00+00:00, run_after=2026-07-10 00:00:00+00:00
[2026-07-09T02:32:34.891-0500] {processor.py:183} INFO - Processing /opt/airflow/dags/dag_estado_real_vuelo.py took 0.129 seconds
[2026-07-09T02:33:05.579-0500] {processor.py:161} INFO - Started process (PID=12925) to work on /opt/airflow/dags/dag_estado_real_vuelo.py
[2026-07-09T02:33:05.580-0500] {processor.py:830} INFO - Processing file /opt/airflow/dags/dag_estado_real_vuelo.py for tasks to queue
[2026-07-09T02:33:05.581-0500] {logging_mixin.py:188} INFO - [2026-07-09T02:33:05.581-0500] {dagbag.py:545} INFO - Filling up the DagBag from /opt/airflow/dags/dag_estado_real_vuelo.py
[2026-07-09T02:33:05.620-0500] {processor.py:840} INFO - DAG(s) 'aerotrack_travel_estado_real_vuelo' retrieved from /opt/airflow/dags/dag_estado_real_vuelo.py
[2026-07-09T02:33:05.654-0500] {logging_mixin.py:188} INFO - [2026-07-09T02:33:05.653-0500] {dag.py:3089} INFO - Sync 1 DAGs
[2026-07-09T02:33:05.674-0500] {logging_mixin.py:188} INFO - [2026-07-09T02:33:05.674-0500] {dag.py:3947} INFO - Setting next_dagrun for aerotrack_travel_estado_real_vuelo to 2026-07-09 00:00:00+00:00, run_after=2026-07-10 00:00:00+00:00
[2026-07-09T02:33:05.691-0500] {processor.py:183} INFO - Processing /opt/airflow/dags/dag_estado_real_vuelo.py took 0.117 seconds
[2026-07-09T02:33:36.358-0500] {processor.py:161} INFO - Started process (PID=12952) to work on /opt/airflow/dags/dag_estado_real_vuelo.py
[2026-07-09T02:33:36.359-0500] {processor.py:830} INFO - Processing file /opt/airflow/dags/dag_estado_real_vuelo.py for tasks to queue
[2026-07-09T02:33:36.360-0500] {logging_mixin.py:188} INFO - [2026-07-09T02:33:36.360-0500] {dagbag.py:545} INFO - Filling up the DagBag from /opt/airflow/dags/dag_estado_real_vuelo.py
[2026-07-09T02:33:36.391-0500] {processor.py:840} INFO - DAG(s) 'aerotrack_travel_estado_real_vuelo' retrieved from /opt/airflow/dags/dag_estado_real_vuelo.py
[2026-07-09T02:33:36.421-0500] {logging_mixin.py:188} INFO - [2026-07-09T02:33:36.420-0500] {dag.py:3089} INFO - Sync 1 DAGs
[2026-07-09T02:33:36.440-0500] {logging_mixin.py:188} INFO - [2026-07-09T02:33:36.440-0500] {dag.py:3947} INFO - Setting next_dagrun for aerotrack_travel_estado_real_vuelo to 2026-07-09 00:00:00+00:00, run_after=2026-07-10 00:00:00+00:00
[2026-07-09T02:33:36.456-0500] {processor.py:183} INFO - Processing /opt/airflow/dags/dag_estado_real_vuelo.py took 0.103 seconds
[2026-07-09T02:34:07.209-0500] {processor.py:161} INFO - Started process (PID=12979) to work on /opt/airflow/dags/dag_estado_real_vuelo.py
[2026-07-09T02:34:07.210-0500] {processor.py:830} INFO - Processing file /opt/airflow/dags/dag_estado_real_vuelo.py for tasks to queue
[2026-07-09T02:34:07.211-0500] {logging_mixin.py:188} INFO - [2026-07-09T02:34:07.211-0500] {dagbag.py:545} INFO - Filling up the DagBag from /opt/airflow/dags/dag_estado_real_vuelo.py
[2026-07-09T02:34:07.241-0500] {processor.py:840} INFO - DAG(s) 'aerotrack_travel_estado_real_vuelo' retrieved from /opt/airflow/dags/dag_estado_real_vuelo.py
[2026-07-09T02:34:07.270-0500] {logging_mixin.py:188} INFO - [2026-07-09T02:34:07.270-0500] {dag.py:3089} INFO - Sync 1 DAGs
[2026-07-09T02:34:07.290-0500] {logging_mixin.py:188} INFO - [2026-07-09T02:34:07.289-0500] {dag.py:3947} INFO - Setting next_dagrun for aerotrack_travel_estado_real_vuelo to 2026-07-09 00:00:00+00:00, run_after=2026-07-10 00:00:00+00:00
[2026-07-09T02:34:07.305-0500] {processor.py:183} INFO - Processing /opt/airflow/dags/dag_estado_real_vuelo.py took 0.101 seconds
[2026-07-09T02:34:38.031-0500] {processor.py:161} INFO - Started process (PID=13006) to work on /opt/airflow/dags/dag_estado_real_vuelo.py
[2026-07-09T02:34:38.032-0500] {processor.py:830} INFO - Processing file /opt/airflow/dags/dag_estado_real_vuelo.py for tasks to queue
[2026-07-09T02:34:38.033-0500] {logging_mixin.py:188} INFO - [2026-07-09T02:34:38.033-0500] {dagbag.py:545} INFO - Filling up the DagBag from /opt/airflow/dags/dag_estado_real_vuelo.py
[2026-07-09T02:34:38.067-0500] {processor.py:840} INFO - DAG(s) 'aerotrack_travel_estado_real_vuelo' retrieved from /opt/airflow/dags/dag_estado_real_vuelo.py
[2026-07-09T02:34:38.098-0500] {logging_mixin.py:188} INFO - [2026-07-09T02:34:38.098-0500] {dag.py:3089} INFO - Sync 1 DAGs
[2026-07-09T02:34:38.117-0500] {logging_mixin.py:188} INFO - [2026-07-09T02:34:38.116-0500] {dag.py:3947} INFO - Setting next_dagrun for aerotrack_travel_estado_real_vuelo to 2026-07-09 00:00:00+00:00, run_after=2026-07-10 00:00:00+00:00
[2026-07-09T02:34:38.134-0500] {processor.py:183} INFO - Processing /opt/airflow/dags/dag_estado_real_vuelo.py took 0.108 seconds
[2026-07-09T02:35:08.845-0500] {processor.py:161} INFO - Started process (PID=13033) to work on /opt/airflow/dags/dag_estado_real_vuelo.py
[2026-07-09T02:35:08.846-0500] {processor.py:830} INFO - Processing file /opt/airflow/dags/dag_estado_real_vuelo.py for tasks to queue
[2026-07-09T02:35:08.848-0500] {logging_mixin.py:188} INFO - [2026-07-09T02:35:08.848-0500] {dagbag.py:545} INFO - Filling up the DagBag from /opt/airflow/dags/dag_estado_real_vuelo.py
[2026-07-09T02:35:08.885-0500] {processor.py:840} INFO - DAG(s) 'aerotrack_travel_estado_real_vuelo' retrieved from /opt/airflow/dags/dag_estado_real_vuelo.py
[2026-07-09T02:35:08.915-0500] {logging_mixin.py:188} INFO - [2026-07-09T02:35:08.915-0500] {dag.py:3089} INFO - Sync 1 DAGs
[2026-07-09T02:35:08.935-0500] {logging_mixin.py:188} INFO - [2026-07-09T02:35:08.935-0500] {dag.py:3947} INFO - Setting next_dagrun for aerotrack_travel_estado_real_vuelo to 2026-07-09 00:00:00+00:00, run_after=2026-07-10 00:00:00+00:00
[2026-07-09T02:35:08.951-0500] {processor.py:183} INFO - Processing /opt/airflow/dags/dag_estado_real_vuelo.py took 0.110 seconds
[2026-07-09T02:35:39.744-0500] {processor.py:161} INFO - Started process (PID=13060) to work on /opt/airflow/dags/dag_estado_real_vuelo.py
[2026-07-09T02:35:39.745-0500] {processor.py:830} INFO - Processing file /opt/airflow/dags/dag_estado_real_vuelo.py for tasks to queue
[2026-07-09T02:35:39.746-0500] {logging_mixin.py:188} INFO - [2026-07-09T02:35:39.746-0500] {dagbag.py:545} INFO - Filling up the DagBag from /opt/airflow/dags/dag_estado_real_vuelo.py
[2026-07-09T02:35:39.789-0500] {processor.py:840} INFO - DAG(s) 'aerotrack_travel_estado_real_vuelo' retrieved from /opt/airflow/dags/dag_estado_real_vuelo.py
[2026-07-09T02:35:39.821-0500] {logging_mixin.py:188} INFO - [2026-07-09T02:35:39.821-0500] {dag.py:3089} INFO - Sync 1 DAGs
[2026-07-09T02:35:39.839-0500] {logging_mixin.py:188} INFO - [2026-07-09T02:35:39.839-0500] {dag.py:3947} INFO - Setting next_dagrun for aerotrack_travel_estado_real_vuelo to 2026-07-09 00:00:00+00:00, run_after=2026-07-10 00:00:00+00:00
[2026-07-09T02:35:39.856-0500] {processor.py:183} INFO - Processing /opt/airflow/dags/dag_estado_real_vuelo.py took 0.117 seconds
[2026-07-09T02:36:10.538-0500] {processor.py:161} INFO - Started process (PID=13087) to work on /opt/airflow/dags/dag_estado_real_vuelo.py
[2026-07-09T02:36:10.539-0500] {processor.py:830} INFO - Processing file /opt/airflow/dags/dag_estado_real_vuelo.py for tasks to queue
[2026-07-09T02:36:10.540-0500] {logging_mixin.py:188} INFO - [2026-07-09T02:36:10.540-0500] {dagbag.py:545} INFO - Filling up the DagBag from /opt/airflow/dags/dag_estado_real_vuelo.py
[2026-07-09T02:36:10.574-0500] {processor.py:840} INFO - DAG(s) 'aerotrack_travel_estado_real_vuelo' retrieved from /opt/airflow/dags/dag_estado_real_vuelo.py
[2026-07-09T02:36:10.607-0500] {logging_mixin.py:188} INFO - [2026-07-09T02:36:10.607-0500] {dag.py:3089} INFO - Sync 1 DAGs
[2026-07-09T02:36:10.625-0500] {logging_mixin.py:188} INFO - [2026-07-09T02:36:10.625-0500] {dag.py:3947} INFO - Setting next_dagrun for aerotrack_travel_estado_real_vuelo to 2026-07-09 00:00:00+00:00, run_after=2026-07-10 00:00:00+00:00
[2026-07-09T02:36:10.641-0500] {processor.py:183} INFO - Processing /opt/airflow/dags/dag_estado_real_vuelo.py took 0.107 seconds
[2026-07-09T02:36:41.409-0500] {processor.py:161} INFO - Started process (PID=13114) to work on /opt/airflow/dags/dag_estado_real_vuelo.py
[2026-07-09T02:36:41.410-0500] {processor.py:830} INFO - Processing file /opt/airflow/dags/dag_estado_real_vuelo.py for tasks to queue
[2026-07-09T02:36:41.411-0500] {logging_mixin.py:188} INFO - [2026-07-09T02:36:41.411-0500] {dagbag.py:545} INFO - Filling up the DagBag from /opt/airflow/dags/dag_estado_real_vuelo.py
[2026-07-09T02:36:41.458-0500] {processor.py:840} INFO - DAG(s) 'aerotrack_travel_estado_real_vuelo' retrieved from /opt/airflow/dags/dag_estado_real_vuelo.py
[2026-07-09T02:36:41.497-0500] {logging_mixin.py:188} INFO - [2026-07-09T02:36:41.497-0500] {dag.py:3089} INFO - Sync 1 DAGs
[2026-07-09T02:36:41.521-0500] {logging_mixin.py:188} INFO - [2026-07-09T02:36:41.521-0500] {dag.py:3947} INFO - Setting next_dagrun for aerotrack_travel_estado_real_vuelo to 2026-07-09 00:00:00+00:00, run_after=2026-07-10 00:00:00+00:00
[2026-07-09T02:36:41.546-0500] {processor.py:183} INFO - Processing /opt/airflow/dags/dag_estado_real_vuelo.py took 0.142 seconds
[2026-07-09T02:37:12.237-0500] {processor.py:161} INFO - Started process (PID=13141) to work on /opt/airflow/dags/dag_estado_real_vuelo.py
[2026-07-09T02:37:12.238-0500] {processor.py:830} INFO - Processing file /opt/airflow/dags/dag_estado_real_vuelo.py for tasks to queue
[2026-07-09T02:37:12.240-0500] {logging_mixin.py:188} INFO - [2026-07-09T02:37:12.239-0500] {dagbag.py:545} INFO - Filling up the DagBag from /opt/airflow/dags/dag_estado_real_vuelo.py
[2026-07-09T02:37:12.276-0500] {processor.py:840} INFO - DAG(s) 'aerotrack_travel_estado_real_vuelo' retrieved from /opt/airflow/dags/dag_estado_real_vuelo.py
[2026-07-09T02:37:12.307-0500] {logging_mixin.py:188} INFO - [2026-07-09T02:37:12.307-0500] {dag.py:3089} INFO - Sync 1 DAGs
[2026-07-09T02:37:12.325-0500] {logging_mixin.py:188} INFO - [2026-07-09T02:37:12.325-0500] {dag.py:3947} INFO - Setting next_dagrun for aerotrack_travel_estado_real_vuelo to 2026-07-09 00:00:00+00:00, run_after=2026-07-10 00:00:00+00:00
[2026-07-09T02:37:12.341-0500] {processor.py:183} INFO - Processing /opt/airflow/dags/dag_estado_real_vuelo.py took 0.108 seconds
[2026-07-09T02:37:43.087-0500] {processor.py:161} INFO - Started process (PID=13168) to work on /opt/airflow/dags/dag_estado_real_vuelo.py
[2026-07-09T02:37:43.088-0500] {processor.py:830} INFO - Processing file /opt/airflow/dags/dag_estado_real_vuelo.py for tasks to queue
[2026-07-09T02:37:43.090-0500] {logging_mixin.py:188} INFO - [2026-07-09T02:37:43.090-0500] {dagbag.py:545} INFO - Filling up the DagBag from /opt/airflow/dags/dag_estado_real_vuelo.py
[2026-07-09T02:37:43.133-0500] {processor.py:840} INFO - DAG(s) 'aerotrack_travel_estado_real_vuelo' retrieved from /opt/airflow/dags/dag_estado_real_vuelo.py
[2026-07-09T02:37:43.168-0500] {logging_mixin.py:188} INFO - [2026-07-09T02:37:43.168-0500] {dag.py:3089} INFO - Sync 1 DAGs
[2026-07-09T02:37:43.188-0500] {logging_mixin.py:188} INFO - [2026-07-09T02:37:43.187-0500] {dag.py:3947} INFO - Setting next_dagrun for aerotrack_travel_estado_real_vuelo to 2026-07-09 00:00:00+00:00, run_after=2026-07-10 00:00:00+00:00
[2026-07-09T02:37:43.206-0500] {processor.py:183} INFO - Processing /opt/airflow/dags/dag_estado_real_vuelo.py took 0.124 seconds
[2026-07-09T02:38:14.087-0500] {processor.py:161} INFO - Started process (PID=13195) to work on /opt/airflow/dags/dag_estado_real_vuelo.py
[2026-07-09T02:38:14.088-0500] {processor.py:830} INFO - Processing file /opt/airflow/dags/dag_estado_real_vuelo.py for tasks to queue
[2026-07-09T02:38:14.090-0500] {logging_mixin.py:188} INFO - [2026-07-09T02:38:14.089-0500] {dagbag.py:545} INFO - Filling up the DagBag from /opt/airflow/dags/dag_estado_real_vuelo.py
[2026-07-09T02:38:14.136-0500] {processor.py:840} INFO - DAG(s) 'aerotrack_travel_estado_real_vuelo' retrieved from /opt/airflow/dags/dag_estado_real_vuelo.py
[2026-07-09T02:38:14.169-0500] {logging_mixin.py:188} INFO - [2026-07-09T02:38:14.169-0500] {dag.py:3089} INFO - Sync 1 DAGs
[2026-07-09T02:38:14.189-0500] {logging_mixin.py:188} INFO - [2026-07-09T02:38:14.189-0500] {dag.py:3947} INFO - Setting next_dagrun for aerotrack_travel_estado_real_vuelo to 2026-07-09 00:00:00+00:00, run_after=2026-07-10 00:00:00+00:00
[2026-07-09T02:38:14.204-0500] {processor.py:183} INFO - Processing /opt/airflow/dags/dag_estado_real_vuelo.py took 0.122 seconds
[2026-07-09T02:38:44.922-0500] {processor.py:161} INFO - Started process (PID=13222) to work on /opt/airflow/dags/dag_estado_real_vuelo.py
[2026-07-09T02:38:44.924-0500] {processor.py:830} INFO - Processing file /opt/airflow/dags/dag_estado_real_vuelo.py for tasks to queue
[2026-07-09T02:38:44.927-0500] {logging_mixin.py:188} INFO - [2026-07-09T02:38:44.926-0500] {dagbag.py:545} INFO - Filling up the DagBag from /opt/airflow/dags/dag_estado_real_vuelo.py
[2026-07-09T02:38:44.980-0500] {processor.py:840} INFO - DAG(s) 'aerotrack_travel_estado_real_vuelo' retrieved from /opt/airflow/dags/dag_estado_real_vuelo.py
[2026-07-09T02:38:45.019-0500] {logging_mixin.py:188} INFO - [2026-07-09T02:38:45.019-0500] {dag.py:3089} INFO - Sync 1 DAGs
[2026-07-09T02:38:45.038-0500] {logging_mixin.py:188} INFO - [2026-07-09T02:38:45.038-0500] {dag.py:3947} INFO - Setting next_dagrun for aerotrack_travel_estado_real_vuelo to 2026-07-09 00:00:00+00:00, run_after=2026-07-10 00:00:00+00:00
[2026-07-09T02:38:45.056-0500] {processor.py:183} INFO - Processing /opt/airflow/dags/dag_estado_real_vuelo.py took 0.139 seconds
[2026-07-09T02:39:15.729-0500] {processor.py:161} INFO - Started process (PID=13249) to work on /opt/airflow/dags/dag_estado_real_vuelo.py
[2026-07-09T02:39:15.730-0500] {processor.py:830} INFO - Processing file /opt/airflow/dags/dag_estado_real_vuelo.py for tasks to queue
[2026-07-09T02:39:15.732-0500] {logging_mixin.py:188} INFO - [2026-07-09T02:39:15.732-0500] {dagbag.py:545} INFO - Filling up the DagBag from /opt/airflow/dags/dag_estado_real_vuelo.py
[2026-07-09T02:39:15.773-0500] {processor.py:840} INFO - DAG(s) 'aerotrack_travel_estado_real_vuelo' retrieved from /opt/airflow/dags/dag_estado_real_vuelo.py
[2026-07-09T02:39:15.803-0500] {logging_mixin.py:188} INFO - [2026-07-09T02:39:15.803-0500] {dag.py:3089} INFO - Sync 1 DAGs
[2026-07-09T02:39:15.821-0500] {logging_mixin.py:188} INFO - [2026-07-09T02:39:15.821-0500] {dag.py:3947} INFO - Setting next_dagrun for aerotrack_travel_estado_real_vuelo to 2026-07-09 00:00:00+00:00, run_after=2026-07-10 00:00:00+00:00
[2026-07-09T02:39:15.838-0500] {processor.py:183} INFO - Processing /opt/airflow/dags/dag_estado_real_vuelo.py took 0.115 seconds
[2026-07-09T02:39:46.579-0500] {processor.py:161} INFO - Started process (PID=13276) to work on /opt/airflow/dags/dag_estado_real_vuelo.py
[2026-07-09T02:39:46.580-0500] {processor.py:830} INFO - Processing file /opt/airflow/dags/dag_estado_real_vuelo.py for tasks to queue
[2026-07-09T02:39:46.581-0500] {logging_mixin.py:188} INFO - [2026-07-09T02:39:46.581-0500] {dagbag.py:545} INFO - Filling up the DagBag from /opt/airflow/dags/dag_estado_real_vuelo.py
[2026-07-09T02:39:46.618-0500] {processor.py:840} INFO - DAG(s) 'aerotrack_travel_estado_real_vuelo' retrieved from /opt/airflow/dags/dag_estado_real_vuelo.py
[2026-07-09T02:39:46.644-0500] {logging_mixin.py:188} INFO - [2026-07-09T02:39:46.644-0500] {dag.py:3089} INFO - Sync 1 DAGs
[2026-07-09T02:39:46.662-0500] {logging_mixin.py:188} INFO - [2026-07-09T02:39:46.661-0500] {dag.py:3947} INFO - Setting next_dagrun for aerotrack_travel_estado_real_vuelo to 2026-07-09 00:00:00+00:00, run_after=2026-07-10 00:00:00+00:00
[2026-07-09T02:39:46.677-0500] {processor.py:183} INFO - Processing /opt/airflow/dags/dag_estado_real_vuelo.py took 0.102 seconds
[2026-07-09T02:40:17.431-0500] {processor.py:161} INFO - Started process (PID=13303) to work on /opt/airflow/dags/dag_estado_real_vuelo.py
[2026-07-09T02:40:17.432-0500] {processor.py:830} INFO - Processing file /opt/airflow/dags/dag_estado_real_vuelo.py for tasks to queue
[2026-07-09T02:40:17.434-0500] {logging_mixin.py:188} INFO - [2026-07-09T02:40:17.434-0500] {dagbag.py:545} INFO - Filling up the DagBag from /opt/airflow/dags/dag_estado_real_vuelo.py
[2026-07-09T02:40:17.472-0500] {processor.py:840} INFO - DAG(s) 'aerotrack_travel_estado_real_vuelo' retrieved from /opt/airflow/dags/dag_estado_real_vuelo.py
[2026-07-09T02:40:17.502-0500] {logging_mixin.py:188} INFO - [2026-07-09T02:40:17.502-0500] {dag.py:3089} INFO - Sync 1 DAGs
[2026-07-09T02:40:17.518-0500] {logging_mixin.py:188} INFO - [2026-07-09T02:40:17.518-0500] {dag.py:3947} INFO - Setting next_dagrun for aerotrack_travel_estado_real_vuelo to 2026-07-09 00:00:00+00:00, run_after=2026-07-10 00:00:00+00:00
[2026-07-09T02:40:17.533-0500] {processor.py:183} INFO - Processing /opt/airflow/dags/dag_estado_real_vuelo.py took 0.107 seconds
[2026-07-09T02:40:48.311-0500] {processor.py:161} INFO - Started process (PID=13330) to work on /opt/airflow/dags/dag_estado_real_vuelo.py
[2026-07-09T02:40:48.312-0500] {processor.py:830} INFO - Processing file /opt/airflow/dags/dag_estado_real_vuelo.py for tasks to queue
[2026-07-09T02:40:48.314-0500] {logging_mixin.py:188} INFO - [2026-07-09T02:40:48.313-0500] {dagbag.py:545} INFO - Filling up the DagBag from /opt/airflow/dags/dag_estado_real_vuelo.py
[2026-07-09T02:40:48.358-0500] {processor.py:840} INFO - DAG(s) 'aerotrack_travel_estado_real_vuelo' retrieved from /opt/airflow/dags/dag_estado_real_vuelo.py
[2026-07-09T02:40:48.396-0500] {logging_mixin.py:188} INFO - [2026-07-09T02:40:48.396-0500] {dag.py:3089} INFO - Sync 1 DAGs
[2026-07-09T02:40:48.416-0500] {logging_mixin.py:188} INFO - [2026-07-09T02:40:48.416-0500] {dag.py:3947} INFO - Setting next_dagrun for aerotrack_travel_estado_real_vuelo to 2026-07-09 00:00:00+00:00, run_after=2026-07-10 00:00:00+00:00
[2026-07-09T02:40:48.435-0500] {processor.py:183} INFO - Processing /opt/airflow/dags/dag_estado_real_vuelo.py took 0.130 seconds
[2026-07-09T02:41:19.294-0500] {processor.py:161} INFO - Started process (PID=13357) to work on /opt/airflow/dags/dag_estado_real_vuelo.py
[2026-07-09T02:41:19.295-0500] {processor.py:830} INFO - Processing file /opt/airflow/dags/dag_estado_real_vuelo.py for tasks to queue
[2026-07-09T02:41:19.296-0500] {logging_mixin.py:188} INFO - [2026-07-09T02:41:19.296-0500] {dagbag.py:545} INFO - Filling up the DagBag from /opt/airflow/dags/dag_estado_real_vuelo.py
[2026-07-09T02:41:19.330-0500] {processor.py:840} INFO - DAG(s) 'aerotrack_travel_estado_real_vuelo' retrieved from /opt/airflow/dags/dag_estado_real_vuelo.py
[2026-07-09T02:41:19.364-0500] {logging_mixin.py:188} INFO - [2026-07-09T02:41:19.364-0500] {dag.py:3089} INFO - Sync 1 DAGs
[2026-07-09T02:41:19.380-0500] {logging_mixin.py:188} INFO - [2026-07-09T02:41:19.380-0500] {dag.py:3947} INFO - Setting next_dagrun for aerotrack_travel_estado_real_vuelo to 2026-07-09 00:00:00+00:00, run_after=2026-07-10 00:00:00+00:00
[2026-07-09T02:41:19.395-0500] {processor.py:183} INFO - Processing /opt/airflow/dags/dag_estado_real_vuelo.py took 0.106 seconds
[2026-07-09T02:41:50.253-0500] {processor.py:161} INFO - Started process (PID=13384) to work on /opt/airflow/dags/dag_estado_real_vuelo.py
[2026-07-09T02:41:50.253-0500] {processor.py:830} INFO - Processing file /opt/airflow/dags/dag_estado_real_vuelo.py for tasks to queue
[2026-07-09T02:41:50.255-0500] {logging_mixin.py:188} INFO - [2026-07-09T02:41:50.255-0500] {dagbag.py:545} INFO - Filling up the DagBag from /opt/airflow/dags/dag_estado_real_vuelo.py
[2026-07-09T02:41:50.291-0500] {processor.py:840} INFO - DAG(s) 'aerotrack_travel_estado_real_vuelo' retrieved from /opt/airflow/dags/dag_estado_real_vuelo.py
[2026-07-09T02:41:50.323-0500] {logging_mixin.py:188} INFO - [2026-07-09T02:41:50.323-0500] {dag.py:3089} INFO - Sync 1 DAGs
[2026-07-09T02:41:50.341-0500] {logging_mixin.py:188} INFO - [2026-07-09T02:41:50.341-0500] {dag.py:3947} INFO - Setting next_dagrun for aerotrack_travel_estado_real_vuelo to 2026-07-09 00:00:00+00:00, run_after=2026-07-10 00:00:00+00:00
[2026-07-09T02:41:50.357-0500] {processor.py:183} INFO - Processing /opt/airflow/dags/dag_estado_real_vuelo.py took 0.109 seconds
[2026-07-09T02:42:21.004-0500] {processor.py:161} INFO - Started process (PID=13411) to work on /opt/airflow/dags/dag_estado_real_vuelo.py
[2026-07-09T02:42:21.005-0500] {processor.py:830} INFO - Processing file /opt/airflow/dags/dag_estado_real_vuelo.py for tasks to queue
[2026-07-09T02:42:21.006-0500] {logging_mixin.py:188} INFO - [2026-07-09T02:42:21.006-0500] {dagbag.py:545} INFO - Filling up the DagBag from /opt/airflow/dags/dag_estado_real_vuelo.py
[2026-07-09T02:42:21.042-0500] {processor.py:840} INFO - DAG(s) 'aerotrack_travel_estado_real_vuelo' retrieved from /opt/airflow/dags/dag_estado_real_vuelo.py
[2026-07-09T02:42:21.071-0500] {logging_mixin.py:188} INFO - [2026-07-09T02:42:21.071-0500] {dag.py:3089} INFO - Sync 1 DAGs
[2026-07-09T02:42:21.088-0500] {logging_mixin.py:188} INFO - [2026-07-09T02:42:21.088-0500] {dag.py:3947} INFO - Setting next_dagrun for aerotrack_travel_estado_real_vuelo to 2026-07-09 00:00:00+00:00, run_after=2026-07-10 00:00:00+00:00
[2026-07-09T02:42:21.102-0500] {processor.py:183} INFO - Processing /opt/airflow/dags/dag_estado_real_vuelo.py took 0.103 seconds
[2026-07-09T02:42:51.766-0500] {processor.py:161} INFO - Started process (PID=13438) to work on /opt/airflow/dags/dag_estado_real_vuelo.py
[2026-07-09T02:42:51.768-0500] {processor.py:830} INFO - Processing file /opt/airflow/dags/dag_estado_real_vuelo.py for tasks to queue
[2026-07-09T02:42:51.770-0500] {logging_mixin.py:188} INFO - [2026-07-09T02:42:51.769-0500] {dagbag.py:545} INFO - Filling up the DagBag from /opt/airflow/dags/dag_estado_real_vuelo.py
[2026-07-09T02:42:51.817-0500] {processor.py:840} INFO - DAG(s) 'aerotrack_travel_estado_real_vuelo' retrieved from /opt/airflow/dags/dag_estado_real_vuelo.py
[2026-07-09T02:42:51.853-0500] {logging_mixin.py:188} INFO - [2026-07-09T02:42:51.853-0500] {dag.py:3089} INFO - Sync 1 DAGs
[2026-07-09T02:42:51.873-0500] {logging_mixin.py:188} INFO - [2026-07-09T02:42:51.872-0500] {dag.py:3947} INFO - Setting next_dagrun for aerotrack_travel_estado_real_vuelo to 2026-07-09 00:00:00+00:00, run_after=2026-07-10 00:00:00+00:00
[2026-07-09T02:42:51.888-0500] {processor.py:183} INFO - Processing /opt/airflow/dags/dag_estado_real_vuelo.py took 0.128 seconds
[2026-07-09T02:43:22.662-0500] {processor.py:161} INFO - Started process (PID=13465) to work on /opt/airflow/dags/dag_estado_real_vuelo.py
[2026-07-09T02:43:22.663-0500] {processor.py:830} INFO - Processing file /opt/airflow/dags/dag_estado_real_vuelo.py for tasks to queue
[2026-07-09T02:43:22.664-0500] {logging_mixin.py:188} INFO - [2026-07-09T02:43:22.664-0500] {dagbag.py:545} INFO - Filling up the DagBag from /opt/airflow/dags/dag_estado_real_vuelo.py
[2026-07-09T02:43:22.702-0500] {processor.py:840} INFO - DAG(s) 'aerotrack_travel_estado_real_vuelo' retrieved from /opt/airflow/dags/dag_estado_real_vuelo.py
[2026-07-09T02:43:22.739-0500] {logging_mixin.py:188} INFO - [2026-07-09T02:43:22.738-0500] {dag.py:3089} INFO - Sync 1 DAGs
[2026-07-09T02:43:22.758-0500] {logging_mixin.py:188} INFO - [2026-07-09T02:43:22.757-0500] {dag.py:3947} INFO - Setting next_dagrun for aerotrack_travel_estado_real_vuelo to 2026-07-09 00:00:00+00:00, run_after=2026-07-10 00:00:00+00:00
[2026-07-09T02:43:22.774-0500] {processor.py:183} INFO - Processing /opt/airflow/dags/dag_estado_real_vuelo.py took 0.117 seconds
[2026-07-09T02:43:53.483-0500] {processor.py:161} INFO - Started process (PID=13492) to work on /opt/airflow/dags/dag_estado_real_vuelo.py
[2026-07-09T02:43:53.484-0500] {processor.py:830} INFO - Processing file /opt/airflow/dags/dag_estado_real_vuelo.py for tasks to queue
[2026-07-09T02:43:53.486-0500] {logging_mixin.py:188} INFO - [2026-07-09T02:43:53.485-0500] {dagbag.py:545} INFO - Filling up the DagBag from /opt/airflow/dags/dag_estado_real_vuelo.py
[2026-07-09T02:43:53.522-0500] {processor.py:840} INFO - DAG(s) 'aerotrack_travel_estado_real_vuelo' retrieved from /opt/airflow/dags/dag_estado_real_vuelo.py
[2026-07-09T02:43:53.553-0500] {logging_mixin.py:188} INFO - [2026-07-09T02:43:53.552-0500] {dag.py:3089} INFO - Sync 1 DAGs
[2026-07-09T02:43:53.571-0500] {logging_mixin.py:188} INFO - [2026-07-09T02:43:53.571-0500] {dag.py:3947} INFO - Setting next_dagrun for aerotrack_travel_estado_real_vuelo to 2026-07-09 00:00:00+00:00, run_after=2026-07-10 00:00:00+00:00
[2026-07-09T02:43:53.588-0500] {processor.py:183} INFO - Processing /opt/airflow/dags/dag_estado_real_vuelo.py took 0.110 seconds
[2026-07-09T02:44:24.256-0500] {processor.py:161} INFO - Started process (PID=13519) to work on /opt/airflow/dags/dag_estado_real_vuelo.py
[2026-07-09T02:44:24.257-0500] {processor.py:830} INFO - Processing file /opt/airflow/dags/dag_estado_real_vuelo.py for tasks to queue
[2026-07-09T02:44:24.258-0500] {logging_mixin.py:188} INFO - [2026-07-09T02:44:24.258-0500] {dagbag.py:545} INFO - Filling up the DagBag from /opt/airflow/dags/dag_estado_real_vuelo.py
[2026-07-09T02:44:24.289-0500] {processor.py:840} INFO - DAG(s) 'aerotrack_travel_estado_real_vuelo' retrieved from /opt/airflow/dags/dag_estado_real_vuelo.py
[2026-07-09T02:44:24.323-0500] {logging_mixin.py:188} INFO - [2026-07-09T02:44:24.322-0500] {dag.py:3089} INFO - Sync 1 DAGs
[2026-07-09T02:44:24.343-0500] {logging_mixin.py:188} INFO - [2026-07-09T02:44:24.343-0500] {dag.py:3947} INFO - Setting next_dagrun for aerotrack_travel_estado_real_vuelo to 2026-07-09 00:00:00+00:00, run_after=2026-07-10 00:00:00+00:00
[2026-07-09T02:44:24.359-0500] {processor.py:183} INFO - Processing /opt/airflow/dags/dag_estado_real_vuelo.py took 0.107 seconds
[2026-07-09T02:44:54.972-0500] {processor.py:161} INFO - Started process (PID=13546) to work on /opt/airflow/dags/dag_estado_real_vuelo.py
[2026-07-09T02:44:54.973-0500] {processor.py:830} INFO - Processing file /opt/airflow/dags/dag_estado_real_vuelo.py for tasks to queue
[2026-07-09T02:44:54.975-0500] {logging_mixin.py:188} INFO - [2026-07-09T02:44:54.975-0500] {dagbag.py:545} INFO - Filling up the DagBag from /opt/airflow/dags/dag_estado_real_vuelo.py
[2026-07-09T02:44:55.020-0500] {processor.py:840} INFO - DAG(s) 'aerotrack_travel_estado_real_vuelo' retrieved from /opt/airflow/dags/dag_estado_real_vuelo.py
[2026-07-09T02:44:55.060-0500] {logging_mixin.py:188} INFO - [2026-07-09T02:44:55.059-0500] {dag.py:3089} INFO - Sync 1 DAGs
[2026-07-09T02:44:55.086-0500] {logging_mixin.py:188} INFO - [2026-07-09T02:44:55.085-0500] {dag.py:3947} INFO - Setting next_dagrun for aerotrack_travel_estado_real_vuelo to 2026-07-09 00:00:00+00:00, run_after=2026-07-10 00:00:00+00:00
[2026-07-09T02:44:55.123-0500] {processor.py:183} INFO - Processing /opt/airflow/dags/dag_estado_real_vuelo.py took 0.156 seconds
[2026-07-09T02:45:25.717-0500] {processor.py:161} INFO - Started process (PID=13573) to work on /opt/airflow/dags/dag_estado_real_vuelo.py
[2026-07-09T02:45:25.717-0500] {processor.py:830} INFO - Processing file /opt/airflow/dags/dag_estado_real_vuelo.py for tasks to queue
[2026-07-09T02:45:25.719-0500] {logging_mixin.py:188} INFO - [2026-07-09T02:45:25.719-0500] {dagbag.py:545} INFO - Filling up the DagBag from /opt/airflow/dags/dag_estado_real_vuelo.py
[2026-07-09T02:45:25.755-0500] {processor.py:840} INFO - DAG(s) 'aerotrack_travel_estado_real_vuelo' retrieved from /opt/airflow/dags/dag_estado_real_vuelo.py
[2026-07-09T02:45:25.784-0500] {logging_mixin.py:188} INFO - [2026-07-09T02:45:25.784-0500] {dag.py:3089} INFO - Sync 1 DAGs
[2026-07-09T02:45:25.804-0500] {logging_mixin.py:188} INFO - [2026-07-09T02:45:25.804-0500] {dag.py:3947} INFO - Setting next_dagrun for aerotrack_travel_estado_real_vuelo to 2026-07-09 00:00:00+00:00, run_after=2026-07-10 00:00:00+00:00
[2026-07-09T02:45:25.819-0500] {processor.py:183} INFO - Processing /opt/airflow/dags/dag_estado_real_vuelo.py took 0.107 seconds
[2026-07-09T02:45:56.592-0500] {processor.py:161} INFO - Started process (PID=13600) to work on /opt/airflow/dags/dag_estado_real_vuelo.py
[2026-07-09T02:45:56.593-0500] {processor.py:830} INFO - Processing file /opt/airflow/dags/dag_estado_real_vuelo.py for tasks to queue
[2026-07-09T02:45:56.594-0500] {logging_mixin.py:188} INFO - [2026-07-09T02:45:56.594-0500] {dagbag.py:545} INFO - Filling up the DagBag from /opt/airflow/dags/dag_estado_real_vuelo.py
[2026-07-09T02:45:56.627-0500] {processor.py:840} INFO - DAG(s) 'aerotrack_travel_estado_real_vuelo' retrieved from /opt/airflow/dags/dag_estado_real_vuelo.py
[2026-07-09T02:45:56.658-0500] {logging_mixin.py:188} INFO - [2026-07-09T02:45:56.658-0500] {dag.py:3089} INFO - Sync 1 DAGs
[2026-07-09T02:45:56.679-0500] {logging_mixin.py:188} INFO - [2026-07-09T02:45:56.679-0500] {dag.py:3947} INFO - Setting next_dagrun for aerotrack_travel_estado_real_vuelo to 2026-07-09 00:00:00+00:00, run_after=2026-07-10 00:00:00+00:00
[2026-07-09T02:45:56.695-0500] {processor.py:183} INFO - Processing /opt/airflow/dags/dag_estado_real_vuelo.py took 0.108 seconds
[2026-07-09T02:46:27.448-0500] {processor.py:161} INFO - Started process (PID=13627) to work on /opt/airflow/dags/dag_estado_real_vuelo.py
[2026-07-09T02:46:27.449-0500] {processor.py:830} INFO - Processing file /opt/airflow/dags/dag_estado_real_vuelo.py for tasks to queue
[2026-07-09T02:46:27.451-0500] {logging_mixin.py:188} INFO - [2026-07-09T02:46:27.451-0500] {dagbag.py:545} INFO - Filling up the DagBag from /opt/airflow/dags/dag_estado_real_vuelo.py
[2026-07-09T02:46:27.490-0500] {processor.py:840} INFO - DAG(s) 'aerotrack_travel_estado_real_vuelo' retrieved from /opt/airflow/dags/dag_estado_real_vuelo.py
[2026-07-09T02:46:27.517-0500] {logging_mixin.py:188} INFO - [2026-07-09T02:46:27.517-0500] {dag.py:3089} INFO - Sync 1 DAGs
[2026-07-09T02:46:27.534-0500] {logging_mixin.py:188} INFO - [2026-07-09T02:46:27.534-0500] {dag.py:3947} INFO - Setting next_dagrun for aerotrack_travel_estado_real_vuelo to 2026-07-09 00:00:00+00:00, run_after=2026-07-10 00:00:00+00:00
[2026-07-09T02:46:27.548-0500] {processor.py:183} INFO - Processing /opt/airflow/dags/dag_estado_real_vuelo.py took 0.106 seconds
[2026-07-09T02:46:58.203-0500] {processor.py:161} INFO - Started process (PID=13654) to work on /opt/airflow/dags/dag_estado_real_vuelo.py
[2026-07-09T02:46:58.204-0500] {processor.py:830} INFO - Processing file /opt/airflow/dags/dag_estado_real_vuelo.py for tasks to queue
[2026-07-09T02:46:58.206-0500] {logging_mixin.py:188} INFO - [2026-07-09T02:46:58.205-0500] {dagbag.py:545} INFO - Filling up the DagBag from /opt/airflow/dags/dag_estado_real_vuelo.py
[2026-07-09T02:46:58.238-0500] {processor.py:840} INFO - DAG(s) 'aerotrack_travel_estado_real_vuelo' retrieved from /opt/airflow/dags/dag_estado_real_vuelo.py
[2026-07-09T02:46:58.269-0500] {logging_mixin.py:188} INFO - [2026-07-09T02:46:58.268-0500] {dag.py:3089} INFO - Sync 1 DAGs
[2026-07-09T02:46:58.286-0500] {logging_mixin.py:188} INFO - [2026-07-09T02:46:58.286-0500] {dag.py:3947} INFO - Setting next_dagrun for aerotrack_travel_estado_real_vuelo to 2026-07-09 00:00:00+00:00, run_after=2026-07-10 00:00:00+00:00
[2026-07-09T02:46:58.301-0500] {processor.py:183} INFO - Processing /opt/airflow/dags/dag_estado_real_vuelo.py took 0.102 seconds
[2026-07-09T02:47:29.007-0500] {processor.py:161} INFO - Started process (PID=13681) to work on /opt/airflow/dags/dag_estado_real_vuelo.py
[2026-07-09T02:47:29.009-0500] {processor.py:830} INFO - Processing file /opt/airflow/dags/dag_estado_real_vuelo.py for tasks to queue
[2026-07-09T02:47:29.010-0500] {logging_mixin.py:188} INFO - [2026-07-09T02:47:29.010-0500] {dagbag.py:545} INFO - Filling up the DagBag from /opt/airflow/dags/dag_estado_real_vuelo.py
[2026-07-09T02:47:29.055-0500] {processor.py:840} INFO - DAG(s) 'aerotrack_travel_estado_real_vuelo' retrieved from /opt/airflow/dags/dag_estado_real_vuelo.py
[2026-07-09T02:47:29.091-0500] {logging_mixin.py:188} INFO - [2026-07-09T02:47:29.090-0500] {dag.py:3089} INFO - Sync 1 DAGs
[2026-07-09T02:47:29.112-0500] {logging_mixin.py:188} INFO - [2026-07-09T02:47:29.112-0500] {dag.py:3947} INFO - Setting next_dagrun for aerotrack_travel_estado_real_vuelo to 2026-07-09 00:00:00+00:00, run_after=2026-07-10 00:00:00+00:00
[2026-07-09T02:47:29.129-0500] {processor.py:183} INFO - Processing /opt/airflow/dags/dag_estado_real_vuelo.py took 0.127 seconds
[2026-07-09T02:47:59.832-0500] {processor.py:161} INFO - Started process (PID=13708) to work on /opt/airflow/dags/dag_estado_real_vuelo.py
[2026-07-09T02:47:59.833-0500] {processor.py:830} INFO - Processing file /opt/airflow/dags/dag_estado_real_vuelo.py for tasks to queue
[2026-07-09T02:47:59.834-0500] {logging_mixin.py:188} INFO - [2026-07-09T02:47:59.834-0500] {dagbag.py:545} INFO - Filling up the DagBag from /opt/airflow/dags/dag_estado_real_vuelo.py
[2026-07-09T02:47:59.877-0500] {processor.py:840} INFO - DAG(s) 'aerotrack_travel_estado_real_vuelo' retrieved from /opt/airflow/dags/dag_estado_real_vuelo.py
[2026-07-09T02:47:59.909-0500] {logging_mixin.py:188} INFO - [2026-07-09T02:47:59.908-0500] {dag.py:3089} INFO - Sync 1 DAGs
[2026-07-09T02:47:59.929-0500] {logging_mixin.py:188} INFO - [2026-07-09T02:47:59.929-0500] {dag.py:3947} INFO - Setting next_dagrun for aerotrack_travel_estado_real_vuelo to 2026-07-09 00:00:00+00:00, run_after=2026-07-10 00:00:00+00:00
[2026-07-09T02:47:59.948-0500] {processor.py:183} INFO - Processing /opt/airflow/dags/dag_estado_real_vuelo.py took 0.121 seconds
[2026-07-09T02:48:30.735-0500] {processor.py:161} INFO - Started process (PID=13735) to work on /opt/airflow/dags/dag_estado_real_vuelo.py
[2026-07-09T02:48:30.737-0500] {processor.py:830} INFO - Processing file /opt/airflow/dags/dag_estado_real_vuelo.py for tasks to queue
[2026-07-09T02:48:30.738-0500] {logging_mixin.py:188} INFO - [2026-07-09T02:48:30.738-0500] {dagbag.py:545} INFO - Filling up the DagBag from /opt/airflow/dags/dag_estado_real_vuelo.py
[2026-07-09T02:48:30.787-0500] {processor.py:840} INFO - DAG(s) 'aerotrack_travel_estado_real_vuelo' retrieved from /opt/airflow/dags/dag_estado_real_vuelo.py
[2026-07-09T02:48:30.822-0500] {logging_mixin.py:188} INFO - [2026-07-09T02:48:30.822-0500] {dag.py:3089} INFO - Sync 1 DAGs
[2026-07-09T02:48:30.844-0500] {logging_mixin.py:188} INFO - [2026-07-09T02:48:30.843-0500] {dag.py:3947} INFO - Setting next_dagrun for aerotrack_travel_estado_real_vuelo to 2026-07-09 00:00:00+00:00, run_after=2026-07-10 00:00:00+00:00
[2026-07-09T02:48:30.859-0500] {processor.py:183} INFO - Processing /opt/airflow/dags/dag_estado_real_vuelo.py took 0.129 seconds
[2026-07-09T02:49:01.574-0500] {processor.py:161} INFO - Started process (PID=13762) to work on /opt/airflow/dags/dag_estado_real_vuelo.py
[2026-07-09T02:49:01.575-0500] {processor.py:830} INFO - Processing file /opt/airflow/dags/dag_estado_real_vuelo.py for tasks to queue
[2026-07-09T02:49:01.576-0500] {logging_mixin.py:188} INFO - [2026-07-09T02:49:01.576-0500] {dagbag.py:545} INFO - Filling up the DagBag from /opt/airflow/dags/dag_estado_real_vuelo.py
[2026-07-09T02:49:01.610-0500] {processor.py:840} INFO - DAG(s) 'aerotrack_travel_estado_real_vuelo' retrieved from /opt/airflow/dags/dag_estado_real_vuelo.py
[2026-07-09T02:49:01.644-0500] {logging_mixin.py:188} INFO - [2026-07-09T02:49:01.644-0500] {dag.py:3089} INFO - Sync 1 DAGs
[2026-07-09T02:49:01.662-0500] {logging_mixin.py:188} INFO - [2026-07-09T02:49:01.661-0500] {dag.py:3947} INFO - Setting next_dagrun for aerotrack_travel_estado_real_vuelo to 2026-07-09 00:00:00+00:00, run_after=2026-07-10 00:00:00+00:00
[2026-07-09T02:49:01.679-0500] {processor.py:183} INFO - Processing /opt/airflow/dags/dag_estado_real_vuelo.py took 0.110 seconds
[2026-07-09T02:49:32.472-0500] {processor.py:161} INFO - Started process (PID=13789) to work on /opt/airflow/dags/dag_estado_real_vuelo.py
[2026-07-09T02:49:32.473-0500] {processor.py:830} INFO - Processing file /opt/airflow/dags/dag_estado_real_vuelo.py for tasks to queue
[2026-07-09T02:49:32.475-0500] {logging_mixin.py:188} INFO - [2026-07-09T02:49:32.474-0500] {dagbag.py:545} INFO - Filling up the DagBag from /opt/airflow/dags/dag_estado_real_vuelo.py
[2026-07-09T02:49:32.505-0500] {processor.py:840} INFO - DAG(s) 'aerotrack_travel_estado_real_vuelo' retrieved from /opt/airflow/dags/dag_estado_real_vuelo.py
[2026-07-09T02:49:32.533-0500] {logging_mixin.py:188} INFO - [2026-07-09T02:49:32.533-0500] {dag.py:3089} INFO - Sync 1 DAGs
[2026-07-09T02:49:32.551-0500] {logging_mixin.py:188} INFO - [2026-07-09T02:49:32.551-0500] {dag.py:3947} INFO - Setting next_dagrun for aerotrack_travel_estado_real_vuelo to 2026-07-09 00:00:00+00:00, run_after=2026-07-10 00:00:00+00:00
[2026-07-09T02:49:32.566-0500] {processor.py:183} INFO - Processing /opt/airflow/dags/dag_estado_real_vuelo.py took 0.099 seconds
[2026-07-09T02:50:03.262-0500] {processor.py:161} INFO - Started process (PID=13816) to work on /opt/airflow/dags/dag_estado_real_vuelo.py
[2026-07-09T02:50:03.264-0500] {processor.py:830} INFO - Processing file /opt/airflow/dags/dag_estado_real_vuelo.py for tasks to queue
[2026-07-09T02:50:03.266-0500] {logging_mixin.py:188} INFO - [2026-07-09T02:50:03.265-0500] {dagbag.py:545} INFO - Filling up the DagBag from /opt/airflow/dags/dag_estado_real_vuelo.py
[2026-07-09T02:50:03.323-0500] {processor.py:840} INFO - DAG(s) 'aerotrack_travel_estado_real_vuelo' retrieved from /opt/airflow/dags/dag_estado_real_vuelo.py
[2026-07-09T02:50:03.362-0500] {logging_mixin.py:188} INFO - [2026-07-09T02:50:03.362-0500] {dag.py:3089} INFO - Sync 1 DAGs
[2026-07-09T02:50:03.394-0500] {logging_mixin.py:188} INFO - [2026-07-09T02:50:03.393-0500] {dag.py:3947} INFO - Setting next_dagrun for aerotrack_travel_estado_real_vuelo to 2026-07-09 00:00:00+00:00, run_after=2026-07-10 00:00:00+00:00
[2026-07-09T02:50:03.414-0500] {processor.py:183} INFO - Processing /opt/airflow/dags/dag_estado_real_vuelo.py took 0.159 seconds
[2026-07-09T02:50:34.200-0500] {processor.py:161} INFO - Started process (PID=13843) to work on /opt/airflow/dags/dag_estado_real_vuelo.py
[2026-07-09T02:50:34.201-0500] {processor.py:830} INFO - Processing file /opt/airflow/dags/dag_estado_real_vuelo.py for tasks to queue
[2026-07-09T02:50:34.203-0500] {logging_mixin.py:188} INFO - [2026-07-09T02:50:34.202-0500] {dagbag.py:545} INFO - Filling up the DagBag from /opt/airflow/dags/dag_estado_real_vuelo.py
[2026-07-09T02:50:34.242-0500] {processor.py:840} INFO - DAG(s) 'aerotrack_travel_estado_real_vuelo' retrieved from /opt/airflow/dags/dag_estado_real_vuelo.py
[2026-07-09T02:50:34.276-0500] {logging_mixin.py:188} INFO - [2026-07-09T02:50:34.276-0500] {dag.py:3089} INFO - Sync 1 DAGs
[2026-07-09T02:50:34.297-0500] {logging_mixin.py:188} INFO - [2026-07-09T02:50:34.297-0500] {dag.py:3947} INFO - Setting next_dagrun for aerotrack_travel_estado_real_vuelo to 2026-07-09 00:00:00+00:00, run_after=2026-07-10 00:00:00+00:00
[2026-07-09T02:50:34.312-0500] {processor.py:183} INFO - Processing /opt/airflow/dags/dag_estado_real_vuelo.py took 0.118 seconds
[2026-07-09T02:51:05.094-0500] {processor.py:161} INFO - Started process (PID=13870) to work on /opt/airflow/dags/dag_estado_real_vuelo.py
[2026-07-09T02:51:05.096-0500] {processor.py:830} INFO - Processing file /opt/airflow/dags/dag_estado_real_vuelo.py for tasks to queue
[2026-07-09T02:51:05.098-0500] {logging_mixin.py:188} INFO - [2026-07-09T02:51:05.098-0500] {dagbag.py:545} INFO - Filling up the DagBag from /opt/airflow/dags/dag_estado_real_vuelo.py
[2026-07-09T02:51:05.139-0500] {processor.py:840} INFO - DAG(s) 'aerotrack_travel_estado_real_vuelo' retrieved from /opt/airflow/dags/dag_estado_real_vuelo.py
[2026-07-09T02:51:05.180-0500] {logging_mixin.py:188} INFO - [2026-07-09T02:51:05.180-0500] {dag.py:3089} INFO - Sync 1 DAGs
[2026-07-09T02:51:05.204-0500] {logging_mixin.py:188} INFO - [2026-07-09T02:51:05.204-0500] {dag.py:3947} INFO - Setting next_dagrun for aerotrack_travel_estado_real_vuelo to 2026-07-09 00:00:00+00:00, run_after=2026-07-10 00:00:00+00:00
[2026-07-09T02:51:05.226-0500] {processor.py:183} INFO - Processing /opt/airflow/dags/dag_estado_real_vuelo.py took 0.140 seconds
[2026-07-09T02:51:36.020-0500] {processor.py:161} INFO - Started process (PID=13897) to work on /opt/airflow/dags/dag_estado_real_vuelo.py
[2026-07-09T02:51:36.020-0500] {processor.py:830} INFO - Processing file /opt/airflow/dags/dag_estado_real_vuelo.py for tasks to queue
[2026-07-09T02:51:36.022-0500] {logging_mixin.py:188} INFO - [2026-07-09T02:51:36.022-0500] {dagbag.py:545} INFO - Filling up the DagBag from /opt/airflow/dags/dag_estado_real_vuelo.py
[2026-07-09T02:51:36.065-0500] {processor.py:840} INFO - DAG(s) 'aerotrack_travel_estado_real_vuelo' retrieved from /opt/airflow/dags/dag_estado_real_vuelo.py
[2026-07-09T02:51:36.101-0500] {logging_mixin.py:188} INFO - [2026-07-09T02:51:36.100-0500] {dag.py:3089} INFO - Sync 1 DAGs
[2026-07-09T02:51:36.121-0500] {logging_mixin.py:188} INFO - [2026-07-09T02:51:36.121-0500] {dag.py:3947} INFO - Setting next_dagrun for aerotrack_travel_estado_real_vuelo to 2026-07-09 00:00:00+00:00, run_after=2026-07-10 00:00:00+00:00
[2026-07-09T02:51:36.138-0500] {processor.py:183} INFO - Processing /opt/airflow/dags/dag_estado_real_vuelo.py took 0.124 seconds
[2026-07-09T02:52:06.801-0500] {processor.py:161} INFO - Started process (PID=13924) to work on /opt/airflow/dags/dag_estado_real_vuelo.py
[2026-07-09T02:52:06.802-0500] {processor.py:830} INFO - Processing file /opt/airflow/dags/dag_estado_real_vuelo.py for tasks to queue
[2026-07-09T02:52:06.804-0500] {logging_mixin.py:188} INFO - [2026-07-09T02:52:06.803-0500] {dagbag.py:545} INFO - Filling up the DagBag from /opt/airflow/dags/dag_estado_real_vuelo.py
[2026-07-09T02:52:06.837-0500] {processor.py:840} INFO - DAG(s) 'aerotrack_travel_estado_real_vuelo' retrieved from /opt/airflow/dags/dag_estado_real_vuelo.py
[2026-07-09T02:52:06.869-0500] {logging_mixin.py:188} INFO - [2026-07-09T02:52:06.869-0500] {dag.py:3089} INFO - Sync 1 DAGs
[2026-07-09T02:52:06.887-0500] {logging_mixin.py:188} INFO - [2026-07-09T02:52:06.887-0500] {dag.py:3947} INFO - Setting next_dagrun for aerotrack_travel_estado_real_vuelo to 2026-07-09 00:00:00+00:00, run_after=2026-07-10 00:00:00+00:00
[2026-07-09T02:52:06.904-0500] {processor.py:183} INFO - Processing /opt/airflow/dags/dag_estado_real_vuelo.py took 0.108 seconds
[2026-07-09T02:52:37.806-0500] {processor.py:161} INFO - Started process (PID=13951) to work on /opt/airflow/dags/dag_estado_real_vuelo.py
[2026-07-09T02:52:37.807-0500] {processor.py:830} INFO - Processing file /opt/airflow/dags/dag_estado_real_vuelo.py for tasks to queue
[2026-07-09T02:52:37.809-0500] {logging_mixin.py:188} INFO - [2026-07-09T02:52:37.809-0500] {dagbag.py:545} INFO - Filling up the DagBag from /opt/airflow/dags/dag_estado_real_vuelo.py
[2026-07-09T02:52:37.859-0500] {processor.py:840} INFO - DAG(s) 'aerotrack_travel_estado_real_vuelo' retrieved from /opt/airflow/dags/dag_estado_real_vuelo.py
[2026-07-09T02:52:37.896-0500] {logging_mixin.py:188} INFO - [2026-07-09T02:52:37.896-0500] {dag.py:3089} INFO - Sync 1 DAGs
[2026-07-09T02:52:37.920-0500] {logging_mixin.py:188} INFO - [2026-07-09T02:52:37.920-0500] {dag.py:3947} INFO - Setting next_dagrun for aerotrack_travel_estado_real_vuelo to 2026-07-09 00:00:00+00:00, run_after=2026-07-10 00:00:00+00:00
[2026-07-09T02:52:37.947-0500] {processor.py:183} INFO - Processing /opt/airflow/dags/dag_estado_real_vuelo.py took 0.147 seconds
[2026-07-09T02:53:08.735-0500] {processor.py:161} INFO - Started process (PID=13978) to work on /opt/airflow/dags/dag_estado_real_vuelo.py
[2026-07-09T02:53:08.736-0500] {processor.py:830} INFO - Processing file /opt/airflow/dags/dag_estado_real_vuelo.py for tasks to queue
[2026-07-09T02:53:08.738-0500] {logging_mixin.py:188} INFO - [2026-07-09T02:53:08.737-0500] {dagbag.py:545} INFO - Filling up the DagBag from /opt/airflow/dags/dag_estado_real_vuelo.py
[2026-07-09T02:53:08.782-0500] {processor.py:840} INFO - DAG(s) 'aerotrack_travel_estado_real_vuelo' retrieved from /opt/airflow/dags/dag_estado_real_vuelo.py
[2026-07-09T02:53:08.815-0500] {logging_mixin.py:188} INFO - [2026-07-09T02:53:08.815-0500] {dag.py:3089} INFO - Sync 1 DAGs
[2026-07-09T02:53:08.835-0500] {logging_mixin.py:188} INFO - [2026-07-09T02:53:08.835-0500] {dag.py:3947} INFO - Setting next_dagrun for aerotrack_travel_estado_real_vuelo to 2026-07-09 00:00:00+00:00, run_after=2026-07-10 00:00:00+00:00
[2026-07-09T02:53:08.852-0500] {processor.py:183} INFO - Processing /opt/airflow/dags/dag_estado_real_vuelo.py took 0.122 seconds
[2026-07-09T02:53:39.531-0500] {processor.py:161} INFO - Started process (PID=14005) to work on /opt/airflow/dags/dag_estado_real_vuelo.py
[2026-07-09T02:53:39.532-0500] {processor.py:830} INFO - Processing file /opt/airflow/dags/dag_estado_real_vuelo.py for tasks to queue
[2026-07-09T02:53:39.533-0500] {logging_mixin.py:188} INFO - [2026-07-09T02:53:39.533-0500] {dagbag.py:545} INFO - Filling up the DagBag from /opt/airflow/dags/dag_estado_real_vuelo.py
[2026-07-09T02:53:39.568-0500] {processor.py:840} INFO - DAG(s) 'aerotrack_travel_estado_real_vuelo' retrieved from /opt/airflow/dags/dag_estado_real_vuelo.py
[2026-07-09T02:53:39.600-0500] {logging_mixin.py:188} INFO - [2026-07-09T02:53:39.599-0500] {dag.py:3089} INFO - Sync 1 DAGs
[2026-07-09T02:53:39.618-0500] {logging_mixin.py:188} INFO - [2026-07-09T02:53:39.618-0500] {dag.py:3947} INFO - Setting next_dagrun for aerotrack_travel_estado_real_vuelo to 2026-07-09 00:00:00+00:00, run_after=2026-07-10 00:00:00+00:00
[2026-07-09T02:53:39.634-0500] {processor.py:183} INFO - Processing /opt/airflow/dags/dag_estado_real_vuelo.py took 0.108 seconds
[2026-07-09T02:54:10.406-0500] {processor.py:161} INFO - Started process (PID=14032) to work on /opt/airflow/dags/dag_estado_real_vuelo.py
[2026-07-09T02:54:10.407-0500] {processor.py:830} INFO - Processing file /opt/airflow/dags/dag_estado_real_vuelo.py for tasks to queue
[2026-07-09T02:54:10.409-0500] {logging_mixin.py:188} INFO - [2026-07-09T02:54:10.408-0500] {dagbag.py:545} INFO - Filling up the DagBag from /opt/airflow/dags/dag_estado_real_vuelo.py
[2026-07-09T02:54:10.443-0500] {processor.py:840} INFO - DAG(s) 'aerotrack_travel_estado_real_vuelo' retrieved from /opt/airflow/dags/dag_estado_real_vuelo.py
[2026-07-09T02:54:10.475-0500] {logging_mixin.py:188} INFO - [2026-07-09T02:54:10.475-0500] {dag.py:3089} INFO - Sync 1 DAGs
[2026-07-09T02:54:10.493-0500] {logging_mixin.py:188} INFO - [2026-07-09T02:54:10.493-0500] {dag.py:3947} INFO - Setting next_dagrun for aerotrack_travel_estado_real_vuelo to 2026-07-09 00:00:00+00:00, run_after=2026-07-10 00:00:00+00:00
[2026-07-09T02:54:10.510-0500] {processor.py:183} INFO - Processing /opt/airflow/dags/dag_estado_real_vuelo.py took 0.109 seconds
[2026-07-09T02:54:41.224-0500] {processor.py:161} INFO - Started process (PID=14059) to work on /opt/airflow/dags/dag_estado_real_vuelo.py
[2026-07-09T02:54:41.225-0500] {processor.py:830} INFO - Processing file /opt/airflow/dags/dag_estado_real_vuelo.py for tasks to queue
[2026-07-09T02:54:41.227-0500] {logging_mixin.py:188} INFO - [2026-07-09T02:54:41.226-0500] {dagbag.py:545} INFO - Filling up the DagBag from /opt/airflow/dags/dag_estado_real_vuelo.py
[2026-07-09T02:54:41.256-0500] {processor.py:840} INFO - DAG(s) 'aerotrack_travel_estado_real_vuelo' retrieved from /opt/airflow/dags/dag_estado_real_vuelo.py
[2026-07-09T02:54:41.284-0500] {logging_mixin.py:188} INFO - [2026-07-09T02:54:41.284-0500] {dag.py:3089} INFO - Sync 1 DAGs
[2026-07-09T02:54:41.304-0500] {logging_mixin.py:188} INFO - [2026-07-09T02:54:41.304-0500] {dag.py:3947} INFO - Setting next_dagrun for aerotrack_travel_estado_real_vuelo to 2026-07-09 00:00:00+00:00, run_after=2026-07-10 00:00:00+00:00
[2026-07-09T02:54:41.343-0500] {processor.py:183} INFO - Processing /opt/airflow/dags/dag_estado_real_vuelo.py took 0.123 seconds
[2026-07-09T02:55:12.139-0500] {processor.py:161} INFO - Started process (PID=14086) to work on /opt/airflow/dags/dag_estado_real_vuelo.py
[2026-07-09T02:55:12.140-0500] {processor.py:830} INFO - Processing file /opt/airflow/dags/dag_estado_real_vuelo.py for tasks to queue
[2026-07-09T02:55:12.142-0500] {logging_mixin.py:188} INFO - [2026-07-09T02:55:12.141-0500] {dagbag.py:545} INFO - Filling up the DagBag from /opt/airflow/dags/dag_estado_real_vuelo.py
[2026-07-09T02:55:12.181-0500] {processor.py:840} INFO - DAG(s) 'aerotrack_travel_estado_real_vuelo' retrieved from /opt/airflow/dags/dag_estado_real_vuelo.py
[2026-07-09T02:55:12.214-0500] {logging_mixin.py:188} INFO - [2026-07-09T02:55:12.213-0500] {dag.py:3089} INFO - Sync 1 DAGs
[2026-07-09T02:55:12.232-0500] {logging_mixin.py:188} INFO - [2026-07-09T02:55:12.232-0500] {dag.py:3947} INFO - Setting next_dagrun for aerotrack_travel_estado_real_vuelo to 2026-07-09 00:00:00+00:00, run_after=2026-07-10 00:00:00+00:00
[2026-07-09T02:55:12.250-0500] {processor.py:183} INFO - Processing /opt/airflow/dags/dag_estado_real_vuelo.py took 0.115 seconds
[2026-07-09T02:55:43.087-0500] {processor.py:161} INFO - Started process (PID=14113) to work on /opt/airflow/dags/dag_estado_real_vuelo.py
[2026-07-09T02:55:43.088-0500] {processor.py:830} INFO - Processing file /opt/airflow/dags/dag_estado_real_vuelo.py for tasks to queue
[2026-07-09T02:55:43.089-0500] {logging_mixin.py:188} INFO - [2026-07-09T02:55:43.089-0500] {dagbag.py:545} INFO - Filling up the DagBag from /opt/airflow/dags/dag_estado_real_vuelo.py
[2026-07-09T02:55:43.120-0500] {processor.py:840} INFO - DAG(s) 'aerotrack_travel_estado_real_vuelo' retrieved from /opt/airflow/dags/dag_estado_real_vuelo.py
[2026-07-09T02:55:43.149-0500] {logging_mixin.py:188} INFO - [2026-07-09T02:55:43.148-0500] {dag.py:3089} INFO - Sync 1 DAGs
[2026-07-09T02:55:43.166-0500] {logging_mixin.py:188} INFO - [2026-07-09T02:55:43.165-0500] {dag.py:3947} INFO - Setting next_dagrun for aerotrack_travel_estado_real_vuelo to 2026-07-09 00:00:00+00:00, run_after=2026-07-10 00:00:00+00:00
[2026-07-09T02:55:43.181-0500] {processor.py:183} INFO - Processing /opt/airflow/dags/dag_estado_real_vuelo.py took 0.099 seconds
[2026-07-09T02:56:13.910-0500] {processor.py:161} INFO - Started process (PID=14140) to work on /opt/airflow/dags/dag_estado_real_vuelo.py
[2026-07-09T02:56:13.911-0500] {processor.py:830} INFO - Processing file /opt/airflow/dags/dag_estado_real_vuelo.py for tasks to queue
[2026-07-09T02:56:13.914-0500] {logging_mixin.py:188} INFO - [2026-07-09T02:56:13.913-0500] {dagbag.py:545} INFO - Filling up the DagBag from /opt/airflow/dags/dag_estado_real_vuelo.py
[2026-07-09T02:56:13.963-0500] {processor.py:840} INFO - DAG(s) 'aerotrack_travel_estado_real_vuelo' retrieved from /opt/airflow/dags/dag_estado_real_vuelo.py
[2026-07-09T02:56:13.997-0500] {logging_mixin.py:188} INFO - [2026-07-09T02:56:13.997-0500] {dag.py:3089} INFO - Sync 1 DAGs
[2026-07-09T02:56:14.026-0500] {logging_mixin.py:188} INFO - [2026-07-09T02:56:14.025-0500] {dag.py:3947} INFO - Setting next_dagrun for aerotrack_travel_estado_real_vuelo to 2026-07-09 00:00:00+00:00, run_after=2026-07-10 00:00:00+00:00
[2026-07-09T02:56:14.046-0500] {processor.py:183} INFO - Processing /opt/airflow/dags/dag_estado_real_vuelo.py took 0.143 seconds
[2026-07-09T02:56:44.868-0500] {processor.py:161} INFO - Started process (PID=14167) to work on /opt/airflow/dags/dag_estado_real_vuelo.py
[2026-07-09T02:56:44.869-0500] {processor.py:830} INFO - Processing file /opt/airflow/dags/dag_estado_real_vuelo.py for tasks to queue
[2026-07-09T02:56:44.871-0500] {logging_mixin.py:188} INFO - [2026-07-09T02:56:44.871-0500] {dagbag.py:545} INFO - Filling up the DagBag from /opt/airflow/dags/dag_estado_real_vuelo.py
[2026-07-09T02:56:44.912-0500] {processor.py:840} INFO - DAG(s) 'aerotrack_travel_estado_real_vuelo' retrieved from /opt/airflow/dags/dag_estado_real_vuelo.py
[2026-07-09T02:56:44.945-0500] {logging_mixin.py:188} INFO - [2026-07-09T02:56:44.945-0500] {dag.py:3089} INFO - Sync 1 DAGs
[2026-07-09T02:56:44.965-0500] {logging_mixin.py:188} INFO - [2026-07-09T02:56:44.964-0500] {dag.py:3947} INFO - Setting next_dagrun for aerotrack_travel_estado_real_vuelo to 2026-07-09 00:00:00+00:00, run_after=2026-07-10 00:00:00+00:00
[2026-07-09T02:56:44.982-0500] {processor.py:183} INFO - Processing /opt/airflow/dags/dag_estado_real_vuelo.py took 0.119 seconds
[2026-07-09T02:57:15.750-0500] {processor.py:161} INFO - Started process (PID=14194) to work on /opt/airflow/dags/dag_estado_real_vuelo.py
[2026-07-09T02:57:15.751-0500] {processor.py:830} INFO - Processing file /opt/airflow/dags/dag_estado_real_vuelo.py for tasks to queue
[2026-07-09T02:57:15.753-0500] {logging_mixin.py:188} INFO - [2026-07-09T02:57:15.753-0500] {dagbag.py:545} INFO - Filling up the DagBag from /opt/airflow/dags/dag_estado_real_vuelo.py
[2026-07-09T02:57:15.793-0500] {processor.py:840} INFO - DAG(s) 'aerotrack_travel_estado_real_vuelo' retrieved from /opt/airflow/dags/dag_estado_real_vuelo.py
[2026-07-09T02:57:15.825-0500] {logging_mixin.py:188} INFO - [2026-07-09T02:57:15.824-0500] {dag.py:3089} INFO - Sync 1 DAGs
[2026-07-09T02:57:15.844-0500] {logging_mixin.py:188} INFO - [2026-07-09T02:57:15.844-0500] {dag.py:3947} INFO - Setting next_dagrun for aerotrack_travel_estado_real_vuelo to 2026-07-09 00:00:00+00:00, run_after=2026-07-10 00:00:00+00:00
[2026-07-09T02:57:15.861-0500] {processor.py:183} INFO - Processing /opt/airflow/dags/dag_estado_real_vuelo.py took 0.116 seconds
[2026-07-09T02:57:46.524-0500] {processor.py:161} INFO - Started process (PID=14221) to work on /opt/airflow/dags/dag_estado_real_vuelo.py
[2026-07-09T02:57:46.525-0500] {processor.py:830} INFO - Processing file /opt/airflow/dags/dag_estado_real_vuelo.py for tasks to queue
[2026-07-09T02:57:46.526-0500] {logging_mixin.py:188} INFO - [2026-07-09T02:57:46.526-0500] {dagbag.py:545} INFO - Filling up the DagBag from /opt/airflow/dags/dag_estado_real_vuelo.py
[2026-07-09T02:57:46.562-0500] {processor.py:840} INFO - DAG(s) 'aerotrack_travel_estado_real_vuelo' retrieved from /opt/airflow/dags/dag_estado_real_vuelo.py
[2026-07-09T02:57:46.598-0500] {logging_mixin.py:188} INFO - [2026-07-09T02:57:46.598-0500] {dag.py:3089} INFO - Sync 1 DAGs
[2026-07-09T02:57:46.618-0500] {logging_mixin.py:188} INFO - [2026-07-09T02:57:46.618-0500] {dag.py:3947} INFO - Setting next_dagrun for aerotrack_travel_estado_real_vuelo to 2026-07-09 00:00:00+00:00, run_after=2026-07-10 00:00:00+00:00
[2026-07-09T02:57:46.635-0500] {processor.py:183} INFO - Processing /opt/airflow/dags/dag_estado_real_vuelo.py took 0.116 seconds
[2026-07-09T02:58:17.465-0500] {processor.py:161} INFO - Started process (PID=14248) to work on /opt/airflow/dags/dag_estado_real_vuelo.py
[2026-07-09T02:58:17.466-0500] {processor.py:830} INFO - Processing file /opt/airflow/dags/dag_estado_real_vuelo.py for tasks to queue
[2026-07-09T02:58:17.468-0500] {logging_mixin.py:188} INFO - [2026-07-09T02:58:17.468-0500] {dagbag.py:545} INFO - Filling up the DagBag from /opt/airflow/dags/dag_estado_real_vuelo.py
[2026-07-09T02:58:17.500-0500] {processor.py:840} INFO - DAG(s) 'aerotrack_travel_estado_real_vuelo' retrieved from /opt/airflow/dags/dag_estado_real_vuelo.py
[2026-07-09T02:58:17.528-0500] {logging_mixin.py:188} INFO - [2026-07-09T02:58:17.528-0500] {dag.py:3089} INFO - Sync 1 DAGs
[2026-07-09T02:58:17.547-0500] {logging_mixin.py:188} INFO - [2026-07-09T02:58:17.547-0500] {dag.py:3947} INFO - Setting next_dagrun for aerotrack_travel_estado_real_vuelo to 2026-07-09 00:00:00+00:00, run_after=2026-07-10 00:00:00+00:00
[2026-07-09T02:58:17.566-0500] {processor.py:183} INFO - Processing /opt/airflow/dags/dag_estado_real_vuelo.py took 0.105 seconds
[2026-07-09T02:58:48.326-0500] {processor.py:161} INFO - Started process (PID=14275) to work on /opt/airflow/dags/dag_estado_real_vuelo.py
[2026-07-09T02:58:48.327-0500] {processor.py:830} INFO - Processing file /opt/airflow/dags/dag_estado_real_vuelo.py for tasks to queue
[2026-07-09T02:58:48.329-0500] {logging_mixin.py:188} INFO - [2026-07-09T02:58:48.329-0500] {dagbag.py:545} INFO - Filling up the DagBag from /opt/airflow/dags/dag_estado_real_vuelo.py
[2026-07-09T02:58:48.363-0500] {processor.py:840} INFO - DAG(s) 'aerotrack_travel_estado_real_vuelo' retrieved from /opt/airflow/dags/dag_estado_real_vuelo.py
[2026-07-09T02:58:48.394-0500] {logging_mixin.py:188} INFO - [2026-07-09T02:58:48.394-0500] {dag.py:3089} INFO - Sync 1 DAGs
[2026-07-09T02:58:48.414-0500] {logging_mixin.py:188} INFO - [2026-07-09T02:58:48.414-0500] {dag.py:3947} INFO - Setting next_dagrun for aerotrack_travel_estado_real_vuelo to 2026-07-09 00:00:00+00:00, run_after=2026-07-10 00:00:00+00:00
[2026-07-09T02:58:48.432-0500] {processor.py:183} INFO - Processing /opt/airflow/dags/dag_estado_real_vuelo.py took 0.110 seconds
[2026-07-09T02:59:19.213-0500] {processor.py:161} INFO - Started process (PID=14302) to work on /opt/airflow/dags/dag_estado_real_vuelo.py
[2026-07-09T02:59:19.213-0500] {processor.py:830} INFO - Processing file /opt/airflow/dags/dag_estado_real_vuelo.py for tasks to queue
[2026-07-09T02:59:19.215-0500] {logging_mixin.py:188} INFO - [2026-07-09T02:59:19.215-0500] {dagbag.py:545} INFO - Filling up the DagBag from /opt/airflow/dags/dag_estado_real_vuelo.py
[2026-07-09T02:59:19.248-0500] {processor.py:840} INFO - DAG(s) 'aerotrack_travel_estado_real_vuelo' retrieved from /opt/airflow/dags/dag_estado_real_vuelo.py
[2026-07-09T02:59:19.284-0500] {logging_mixin.py:188} INFO - [2026-07-09T02:59:19.283-0500] {dag.py:3089} INFO - Sync 1 DAGs
[2026-07-09T02:59:19.306-0500] {logging_mixin.py:188} INFO - [2026-07-09T02:59:19.305-0500] {dag.py:3947} INFO - Setting next_dagrun for aerotrack_travel_estado_real_vuelo to 2026-07-09 00:00:00+00:00, run_after=2026-07-10 00:00:00+00:00
[2026-07-09T02:59:19.322-0500] {processor.py:183} INFO - Processing /opt/airflow/dags/dag_estado_real_vuelo.py took 0.114 seconds
[2026-07-09T02:59:50.106-0500] {processor.py:161} INFO - Started process (PID=14329) to work on /opt/airflow/dags/dag_estado_real_vuelo.py
[2026-07-09T02:59:50.107-0500] {processor.py:830} INFO - Processing file /opt/airflow/dags/dag_estado_real_vuelo.py for tasks to queue
[2026-07-09T02:59:50.108-0500] {logging_mixin.py:188} INFO - [2026-07-09T02:59:50.108-0500] {dagbag.py:545} INFO - Filling up the DagBag from /opt/airflow/dags/dag_estado_real_vuelo.py
[2026-07-09T02:59:50.157-0500] {processor.py:840} INFO - DAG(s) 'aerotrack_travel_estado_real_vuelo' retrieved from /opt/airflow/dags/dag_estado_real_vuelo.py
[2026-07-09T02:59:50.187-0500] {logging_mixin.py:188} INFO - [2026-07-09T02:59:50.187-0500] {dag.py:3089} INFO - Sync 1 DAGs
[2026-07-09T02:59:50.206-0500] {logging_mixin.py:188} INFO - [2026-07-09T02:59:50.206-0500] {dag.py:3947} INFO - Setting next_dagrun for aerotrack_travel_estado_real_vuelo to 2026-07-09 00:00:00+00:00, run_after=2026-07-10 00:00:00+00:00
[2026-07-09T02:59:50.221-0500] {processor.py:183} INFO - Processing /opt/airflow/dags/dag_estado_real_vuelo.py took 0.121 seconds
[2026-07-09T03:00:20.950-0500] {processor.py:161} INFO - Started process (PID=14356) to work on /opt/airflow/dags/dag_estado_real_vuelo.py
[2026-07-09T03:00:20.951-0500] {processor.py:830} INFO - Processing file /opt/airflow/dags/dag_estado_real_vuelo.py for tasks to queue
[2026-07-09T03:00:20.953-0500] {logging_mixin.py:188} INFO - [2026-07-09T03:00:20.953-0500] {dagbag.py:545} INFO - Filling up the DagBag from /opt/airflow/dags/dag_estado_real_vuelo.py
[2026-07-09T03:00:20.997-0500] {processor.py:840} INFO - DAG(s) 'aerotrack_travel_estado_real_vuelo' retrieved from /opt/airflow/dags/dag_estado_real_vuelo.py
[2026-07-09T03:00:21.026-0500] {logging_mixin.py:188} INFO - [2026-07-09T03:00:21.026-0500] {dag.py:3089} INFO - Sync 1 DAGs
[2026-07-09T03:00:21.046-0500] {logging_mixin.py:188} INFO - [2026-07-09T03:00:21.045-0500] {dag.py:3947} INFO - Setting next_dagrun for aerotrack_travel_estado_real_vuelo to 2026-07-09 00:00:00+00:00, run_after=2026-07-10 00:00:00+00:00
[2026-07-09T03:00:21.062-0500] {processor.py:183} INFO - Processing /opt/airflow/dags/dag_estado_real_vuelo.py took 0.116 seconds
[2026-07-09T03:00:51.824-0500] {processor.py:161} INFO - Started process (PID=14383) to work on /opt/airflow/dags/dag_estado_real_vuelo.py
[2026-07-09T03:00:51.825-0500] {processor.py:830} INFO - Processing file /opt/airflow/dags/dag_estado_real_vuelo.py for tasks to queue
[2026-07-09T03:00:51.827-0500] {logging_mixin.py:188} INFO - [2026-07-09T03:00:51.826-0500] {dagbag.py:545} INFO - Filling up the DagBag from /opt/airflow/dags/dag_estado_real_vuelo.py
[2026-07-09T03:00:51.859-0500] {processor.py:840} INFO - DAG(s) 'aerotrack_travel_estado_real_vuelo' retrieved from /opt/airflow/dags/dag_estado_real_vuelo.py
[2026-07-09T03:00:51.893-0500] {logging_mixin.py:188} INFO - [2026-07-09T03:00:51.893-0500] {dag.py:3089} INFO - Sync 1 DAGs
[2026-07-09T03:00:51.914-0500] {logging_mixin.py:188} INFO - [2026-07-09T03:00:51.914-0500] {dag.py:3947} INFO - Setting next_dagrun for aerotrack_travel_estado_real_vuelo to 2026-07-09 00:00:00+00:00, run_after=2026-07-10 00:00:00+00:00
[2026-07-09T03:00:51.931-0500] {processor.py:183} INFO - Processing /opt/airflow/dags/dag_estado_real_vuelo.py took 0.111 seconds
[2026-07-09T03:01:22.711-0500] {processor.py:161} INFO - Started process (PID=14410) to work on /opt/airflow/dags/dag_estado_real_vuelo.py
[2026-07-09T03:01:22.712-0500] {processor.py:830} INFO - Processing file /opt/airflow/dags/dag_estado_real_vuelo.py for tasks to queue
[2026-07-09T03:01:22.714-0500] {logging_mixin.py:188} INFO - [2026-07-09T03:01:22.714-0500] {dagbag.py:545} INFO - Filling up the DagBag from /opt/airflow/dags/dag_estado_real_vuelo.py
[2026-07-09T03:01:22.746-0500] {processor.py:840} INFO - DAG(s) 'aerotrack_travel_estado_real_vuelo' retrieved from /opt/airflow/dags/dag_estado_real_vuelo.py
[2026-07-09T03:01:22.781-0500] {logging_mixin.py:188} INFO - [2026-07-09T03:01:22.781-0500] {dag.py:3089} INFO - Sync 1 DAGs
[2026-07-09T03:01:22.801-0500] {logging_mixin.py:188} INFO - [2026-07-09T03:01:22.800-0500] {dag.py:3947} INFO - Setting next_dagrun for aerotrack_travel_estado_real_vuelo to 2026-07-09 00:00:00+00:00, run_after=2026-07-10 00:00:00+00:00
[2026-07-09T03:01:22.816-0500] {processor.py:183} INFO - Processing /opt/airflow/dags/dag_estado_real_vuelo.py took 0.109 seconds
[2026-07-09T03:01:53.706-0500] {processor.py:161} INFO - Started process (PID=14437) to work on /opt/airflow/dags/dag_estado_real_vuelo.py
[2026-07-09T03:01:53.707-0500] {processor.py:830} INFO - Processing file /opt/airflow/dags/dag_estado_real_vuelo.py for tasks to queue
[2026-07-09T03:01:53.709-0500] {logging_mixin.py:188} INFO - [2026-07-09T03:01:53.709-0500] {dagbag.py:545} INFO - Filling up the DagBag from /opt/airflow/dags/dag_estado_real_vuelo.py
[2026-07-09T03:01:53.760-0500] {processor.py:840} INFO - DAG(s) 'aerotrack_travel_estado_real_vuelo' retrieved from /opt/airflow/dags/dag_estado_real_vuelo.py
[2026-07-09T03:01:53.805-0500] {logging_mixin.py:188} INFO - [2026-07-09T03:01:53.805-0500] {dag.py:3089} INFO - Sync 1 DAGs
[2026-07-09T03:01:53.826-0500] {logging_mixin.py:188} INFO - [2026-07-09T03:01:53.826-0500] {dag.py:3947} INFO - Setting next_dagrun for aerotrack_travel_estado_real_vuelo to 2026-07-09 00:00:00+00:00, run_after=2026-07-10 00:00:00+00:00
[2026-07-09T03:01:53.847-0500] {processor.py:183} INFO - Processing /opt/airflow/dags/dag_estado_real_vuelo.py took 0.145 seconds
[2026-07-09T03:02:24.592-0500] {processor.py:161} INFO - Started process (PID=14464) to work on /opt/airflow/dags/dag_estado_real_vuelo.py
[2026-07-09T03:02:24.593-0500] {processor.py:830} INFO - Processing file /opt/airflow/dags/dag_estado_real_vuelo.py for tasks to queue
[2026-07-09T03:02:24.595-0500] {logging_mixin.py:188} INFO - [2026-07-09T03:02:24.594-0500] {dagbag.py:545} INFO - Filling up the DagBag from /opt/airflow/dags/dag_estado_real_vuelo.py
[2026-07-09T03:02:24.628-0500] {processor.py:840} INFO - DAG(s) 'aerotrack_travel_estado_real_vuelo' retrieved from /opt/airflow/dags/dag_estado_real_vuelo.py
[2026-07-09T03:02:24.659-0500] {logging_mixin.py:188} INFO - [2026-07-09T03:02:24.659-0500] {dag.py:3089} INFO - Sync 1 DAGs
[2026-07-09T03:02:24.679-0500] {logging_mixin.py:188} INFO - [2026-07-09T03:02:24.678-0500] {dag.py:3947} INFO - Setting next_dagrun for aerotrack_travel_estado_real_vuelo to 2026-07-09 00:00:00+00:00, run_after=2026-07-10 00:00:00+00:00
[2026-07-09T03:02:24.696-0500] {processor.py:183} INFO - Processing /opt/airflow/dags/dag_estado_real_vuelo.py took 0.108 seconds
[2026-07-09T03:02:55.043-0500] {processor.py:161} INFO - Started process (PID=14491) to work on /opt/airflow/dags/dag_estado_real_vuelo.py
[2026-07-09T03:02:55.045-0500] {processor.py:830} INFO - Processing file /opt/airflow/dags/dag_estado_real_vuelo.py for tasks to queue
[2026-07-09T03:02:55.047-0500] {logging_mixin.py:188} INFO - [2026-07-09T03:02:55.046-0500] {dagbag.py:545} INFO - Filling up the DagBag from /opt/airflow/dags/dag_estado_real_vuelo.py
[2026-07-09T03:02:55.095-0500] {processor.py:840} INFO - DAG(s) 'aerotrack_travel_estado_real_vuelo' retrieved from /opt/airflow/dags/dag_estado_real_vuelo.py
[2026-07-09T03:02:55.138-0500] {logging_mixin.py:188} INFO - [2026-07-09T03:02:55.137-0500] {dag.py:3089} INFO - Sync 1 DAGs
[2026-07-09T03:02:55.162-0500] {logging_mixin.py:188} INFO - [2026-07-09T03:02:55.162-0500] {dag.py:3947} INFO - Setting next_dagrun for aerotrack_travel_estado_real_vuelo to 2026-07-09 00:00:00+00:00, run_after=2026-07-10 00:00:00+00:00
[2026-07-09T03:02:55.182-0500] {processor.py:183} INFO - Processing /opt/airflow/dags/dag_estado_real_vuelo.py took 0.143 seconds
[2026-07-09T03:03:25.430-0500] {processor.py:161} INFO - Started process (PID=14518) to work on /opt/airflow/dags/dag_estado_real_vuelo.py
[2026-07-09T03:03:25.431-0500] {processor.py:830} INFO - Processing file /opt/airflow/dags/dag_estado_real_vuelo.py for tasks to queue
[2026-07-09T03:03:25.432-0500] {logging_mixin.py:188} INFO - [2026-07-09T03:03:25.432-0500] {dagbag.py:545} INFO - Filling up the DagBag from /opt/airflow/dags/dag_estado_real_vuelo.py
[2026-07-09T03:03:25.482-0500] {processor.py:840} INFO - DAG(s) 'aerotrack_travel_estado_real_vuelo' retrieved from /opt/airflow/dags/dag_estado_real_vuelo.py
[2026-07-09T03:03:25.516-0500] {logging_mixin.py:188} INFO - [2026-07-09T03:03:25.516-0500] {dag.py:3089} INFO - Sync 1 DAGs
[2026-07-09T03:03:25.537-0500] {logging_mixin.py:188} INFO - [2026-07-09T03:03:25.537-0500] {dag.py:3947} INFO - Setting next_dagrun for aerotrack_travel_estado_real_vuelo to 2026-07-09 00:00:00+00:00, run_after=2026-07-10 00:00:00+00:00
[2026-07-09T03:03:25.555-0500] {processor.py:183} INFO - Processing /opt/airflow/dags/dag_estado_real_vuelo.py took 0.130 seconds
[2026-07-09T03:03:56.197-0500] {processor.py:161} INFO - Started process (PID=14545) to work on /opt/airflow/dags/dag_estado_real_vuelo.py
[2026-07-09T03:03:56.198-0500] {processor.py:830} INFO - Processing file /opt/airflow/dags/dag_estado_real_vuelo.py for tasks to queue
[2026-07-09T03:03:56.200-0500] {logging_mixin.py:188} INFO - [2026-07-09T03:03:56.199-0500] {dagbag.py:545} INFO - Filling up the DagBag from /opt/airflow/dags/dag_estado_real_vuelo.py
[2026-07-09T03:03:56.241-0500] {processor.py:840} INFO - DAG(s) 'aerotrack_travel_estado_real_vuelo' retrieved from /opt/airflow/dags/dag_estado_real_vuelo.py
[2026-07-09T03:03:56.277-0500] {logging_mixin.py:188} INFO - [2026-07-09T03:03:56.277-0500] {dag.py:3089} INFO - Sync 1 DAGs
[2026-07-09T03:03:56.296-0500] {logging_mixin.py:188} INFO - [2026-07-09T03:03:56.295-0500] {dag.py:3947} INFO - Setting next_dagrun for aerotrack_travel_estado_real_vuelo to 2026-07-09 00:00:00+00:00, run_after=2026-07-10 00:00:00+00:00
[2026-07-09T03:03:56.312-0500] {processor.py:183} INFO - Processing /opt/airflow/dags/dag_estado_real_vuelo.py took 0.119 seconds
[2026-07-09T03:04:26.942-0500] {processor.py:161} INFO - Started process (PID=14572) to work on /opt/airflow/dags/dag_estado_real_vuelo.py
[2026-07-09T03:04:26.943-0500] {processor.py:830} INFO - Processing file /opt/airflow/dags/dag_estado_real_vuelo.py for tasks to queue
[2026-07-09T03:04:26.945-0500] {logging_mixin.py:188} INFO - [2026-07-09T03:04:26.945-0500] {dagbag.py:545} INFO - Filling up the DagBag from /opt/airflow/dags/dag_estado_real_vuelo.py
[2026-07-09T03:04:26.991-0500] {processor.py:840} INFO - DAG(s) 'aerotrack_travel_estado_real_vuelo' retrieved from /opt/airflow/dags/dag_estado_real_vuelo.py
[2026-07-09T03:04:27.021-0500] {logging_mixin.py:188} INFO - [2026-07-09T03:04:27.021-0500] {dag.py:3089} INFO - Sync 1 DAGs
[2026-07-09T03:04:27.039-0500] {logging_mixin.py:188} INFO - [2026-07-09T03:04:27.039-0500] {dag.py:3947} INFO - Setting next_dagrun for aerotrack_travel_estado_real_vuelo to 2026-07-09 00:00:00+00:00, run_after=2026-07-10 00:00:00+00:00
[2026-07-09T03:04:27.056-0500] {processor.py:183} INFO - Processing /opt/airflow/dags/dag_estado_real_vuelo.py took 0.118 seconds
[2026-07-09T03:04:57.805-0500] {processor.py:161} INFO - Started process (PID=14599) to work on /opt/airflow/dags/dag_estado_real_vuelo.py
[2026-07-09T03:04:57.820-0500] {processor.py:830} INFO - Processing file /opt/airflow/dags/dag_estado_real_vuelo.py for tasks to queue
[2026-07-09T03:04:57.847-0500] {logging_mixin.py:188} INFO - [2026-07-09T03:04:57.844-0500] {dagbag.py:545} INFO - Filling up the DagBag from /opt/airflow/dags/dag_estado_real_vuelo.py
[2026-07-09T03:04:57.921-0500] {processor.py:840} INFO - DAG(s) 'aerotrack_travel_estado_real_vuelo' retrieved from /opt/airflow/dags/dag_estado_real_vuelo.py
[2026-07-09T03:04:57.977-0500] {logging_mixin.py:188} INFO - [2026-07-09T03:04:57.976-0500] {dag.py:3089} INFO - Sync 1 DAGs
[2026-07-09T03:04:58.007-0500] {logging_mixin.py:188} INFO - [2026-07-09T03:04:58.006-0500] {dag.py:3947} INFO - Setting next_dagrun for aerotrack_travel_estado_real_vuelo to 2026-07-09 00:00:00+00:00, run_after=2026-07-10 00:00:00+00:00
[2026-07-09T03:04:58.029-0500] {processor.py:183} INFO - Processing /opt/airflow/dags/dag_estado_real_vuelo.py took 0.234 seconds
[2026-07-09T03:05:28.373-0500] {processor.py:161} INFO - Started process (PID=14626) to work on /opt/airflow/dags/dag_estado_real_vuelo.py
[2026-07-09T03:05:28.374-0500] {processor.py:830} INFO - Processing file /opt/airflow/dags/dag_estado_real_vuelo.py for tasks to queue
[2026-07-09T03:05:28.376-0500] {logging_mixin.py:188} INFO - [2026-07-09T03:05:28.375-0500] {dagbag.py:545} INFO - Filling up the DagBag from /opt/airflow/dags/dag_estado_real_vuelo.py
[2026-07-09T03:05:28.412-0500] {processor.py:840} INFO - DAG(s) 'aerotrack_travel_estado_real_vuelo' retrieved from /opt/airflow/dags/dag_estado_real_vuelo.py
[2026-07-09T03:05:28.443-0500] {logging_mixin.py:188} INFO - [2026-07-09T03:05:28.443-0500] {dag.py:3089} INFO - Sync 1 DAGs
[2026-07-09T03:05:28.461-0500] {logging_mixin.py:188} INFO - [2026-07-09T03:05:28.461-0500] {dag.py:3947} INFO - Setting next_dagrun for aerotrack_travel_estado_real_vuelo to 2026-07-09 00:00:00+00:00, run_after=2026-07-10 00:00:00+00:00
[2026-07-09T03:05:28.476-0500] {processor.py:183} INFO - Processing /opt/airflow/dags/dag_estado_real_vuelo.py took 0.107 seconds
[2026-07-09T03:05:59.307-0500] {processor.py:161} INFO - Started process (PID=14653) to work on /opt/airflow/dags/dag_estado_real_vuelo.py
[2026-07-09T03:05:59.308-0500] {processor.py:830} INFO - Processing file /opt/airflow/dags/dag_estado_real_vuelo.py for tasks to queue
[2026-07-09T03:05:59.310-0500] {logging_mixin.py:188} INFO - [2026-07-09T03:05:59.309-0500] {dagbag.py:545} INFO - Filling up the DagBag from /opt/airflow/dags/dag_estado_real_vuelo.py
[2026-07-09T03:05:59.359-0500] {processor.py:840} INFO - DAG(s) 'aerotrack_travel_estado_real_vuelo' retrieved from /opt/airflow/dags/dag_estado_real_vuelo.py
[2026-07-09T03:05:59.392-0500] {logging_mixin.py:188} INFO - [2026-07-09T03:05:59.391-0500] {dag.py:3089} INFO - Sync 1 DAGs
[2026-07-09T03:05:59.410-0500] {logging_mixin.py:188} INFO - [2026-07-09T03:05:59.410-0500] {dag.py:3947} INFO - Setting next_dagrun for aerotrack_travel_estado_real_vuelo to 2026-07-09 00:00:00+00:00, run_after=2026-07-10 00:00:00+00:00
[2026-07-09T03:05:59.425-0500] {processor.py:183} INFO - Processing /opt/airflow/dags/dag_estado_real_vuelo.py took 0.124 seconds
[2026-07-09T03:06:29.910-0500] {processor.py:161} INFO - Started process (PID=14680) to work on /opt/airflow/dags/dag_estado_real_vuelo.py
[2026-07-09T03:06:29.911-0500] {processor.py:830} INFO - Processing file /opt/airflow/dags/dag_estado_real_vuelo.py for tasks to queue
[2026-07-09T03:06:29.919-0500] {logging_mixin.py:188} INFO - [2026-07-09T03:06:29.918-0500] {dagbag.py:545} INFO - Filling up the DagBag from /opt/airflow/dags/dag_estado_real_vuelo.py
[2026-07-09T03:06:30.000-0500] {processor.py:840} INFO - DAG(s) 'aerotrack_travel_estado_real_vuelo' retrieved from /opt/airflow/dags/dag_estado_real_vuelo.py
[2026-07-09T03:06:30.105-0500] {logging_mixin.py:188} INFO - [2026-07-09T03:06:30.103-0500] {dag.py:3089} INFO - Sync 1 DAGs
[2026-07-09T03:06:30.164-0500] {logging_mixin.py:188} INFO - [2026-07-09T03:06:30.162-0500] {dag.py:3947} INFO - Setting next_dagrun for aerotrack_travel_estado_real_vuelo to 2026-07-09 00:00:00+00:00, run_after=2026-07-10 00:00:00+00:00
[2026-07-09T03:06:30.217-0500] {processor.py:183} INFO - Processing /opt/airflow/dags/dag_estado_real_vuelo.py took 0.320 seconds
[2026-07-09T03:07:01.068-0500] {processor.py:161} INFO - Started process (PID=14707) to work on /opt/airflow/dags/dag_estado_real_vuelo.py
[2026-07-09T03:07:01.069-0500] {processor.py:830} INFO - Processing file /opt/airflow/dags/dag_estado_real_vuelo.py for tasks to queue
[2026-07-09T03:07:01.071-0500] {logging_mixin.py:188} INFO - [2026-07-09T03:07:01.071-0500] {dagbag.py:545} INFO - Filling up the DagBag from /opt/airflow/dags/dag_estado_real_vuelo.py
[2026-07-09T03:07:01.125-0500] {processor.py:840} INFO - DAG(s) 'aerotrack_travel_estado_real_vuelo' retrieved from /opt/airflow/dags/dag_estado_real_vuelo.py
[2026-07-09T03:07:01.163-0500] {logging_mixin.py:188} INFO - [2026-07-09T03:07:01.163-0500] {dag.py:3089} INFO - Sync 1 DAGs
[2026-07-09T03:07:01.187-0500] {logging_mixin.py:188} INFO - [2026-07-09T03:07:01.187-0500] {dag.py:3947} INFO - Setting next_dagrun for aerotrack_travel_estado_real_vuelo to 2026-07-09 00:00:00+00:00, run_after=2026-07-10 00:00:00+00:00
[2026-07-09T03:07:01.207-0500] {processor.py:183} INFO - Processing /opt/airflow/dags/dag_estado_real_vuelo.py took 0.145 seconds
[2026-07-09T03:07:31.567-0500] {processor.py:161} INFO - Started process (PID=14734) to work on /opt/airflow/dags/dag_estado_real_vuelo.py
[2026-07-09T03:07:31.568-0500] {processor.py:830} INFO - Processing file /opt/airflow/dags/dag_estado_real_vuelo.py for tasks to queue
[2026-07-09T03:07:31.570-0500] {logging_mixin.py:188} INFO - [2026-07-09T03:07:31.570-0500] {dagbag.py:545} INFO - Filling up the DagBag from /opt/airflow/dags/dag_estado_real_vuelo.py
[2026-07-09T03:07:31.602-0500] {processor.py:840} INFO - DAG(s) 'aerotrack_travel_estado_real_vuelo' retrieved from /opt/airflow/dags/dag_estado_real_vuelo.py
[2026-07-09T03:07:31.634-0500] {logging_mixin.py:188} INFO - [2026-07-09T03:07:31.634-0500] {dag.py:3089} INFO - Sync 1 DAGs
[2026-07-09T03:07:31.655-0500] {logging_mixin.py:188} INFO - [2026-07-09T03:07:31.655-0500] {dag.py:3947} INFO - Setting next_dagrun for aerotrack_travel_estado_real_vuelo to 2026-07-09 00:00:00+00:00, run_after=2026-07-10 00:00:00+00:00
[2026-07-09T03:07:31.672-0500] {processor.py:183} INFO - Processing /opt/airflow/dags/dag_estado_real_vuelo.py took 0.109 seconds
[2026-07-09T03:08:02.351-0500] {processor.py:161} INFO - Started process (PID=14761) to work on /opt/airflow/dags/dag_estado_real_vuelo.py
[2026-07-09T03:08:02.352-0500] {processor.py:830} INFO - Processing file /opt/airflow/dags/dag_estado_real_vuelo.py for tasks to queue
[2026-07-09T03:08:02.354-0500] {logging_mixin.py:188} INFO - [2026-07-09T03:08:02.354-0500] {dagbag.py:545} INFO - Filling up the DagBag from /opt/airflow/dags/dag_estado_real_vuelo.py
[2026-07-09T03:08:02.388-0500] {processor.py:840} INFO - DAG(s) 'aerotrack_travel_estado_real_vuelo' retrieved from /opt/airflow/dags/dag_estado_real_vuelo.py
[2026-07-09T03:08:02.417-0500] {logging_mixin.py:188} INFO - [2026-07-09T03:08:02.417-0500] {dag.py:3089} INFO - Sync 1 DAGs
[2026-07-09T03:08:02.434-0500] {logging_mixin.py:188} INFO - [2026-07-09T03:08:02.433-0500] {dag.py:3947} INFO - Setting next_dagrun for aerotrack_travel_estado_real_vuelo to 2026-07-09 00:00:00+00:00, run_after=2026-07-10 00:00:00+00:00
[2026-07-09T03:08:02.450-0500] {processor.py:183} INFO - Processing /opt/airflow/dags/dag_estado_real_vuelo.py took 0.103 seconds
[2026-07-09T03:08:32.799-0500] {processor.py:161} INFO - Started process (PID=14788) to work on /opt/airflow/dags/dag_estado_real_vuelo.py
[2026-07-09T03:08:32.800-0500] {processor.py:830} INFO - Processing file /opt/airflow/dags/dag_estado_real_vuelo.py for tasks to queue
[2026-07-09T03:08:32.802-0500] {logging_mixin.py:188} INFO - [2026-07-09T03:08:32.801-0500] {dagbag.py:545} INFO - Filling up the DagBag from /opt/airflow/dags/dag_estado_real_vuelo.py
[2026-07-09T03:08:32.855-0500] {processor.py:840} INFO - DAG(s) 'aerotrack_travel_estado_real_vuelo' retrieved from /opt/airflow/dags/dag_estado_real_vuelo.py
[2026-07-09T03:08:32.891-0500] {logging_mixin.py:188} INFO - [2026-07-09T03:08:32.891-0500] {dag.py:3089} INFO - Sync 1 DAGs
[2026-07-09T03:08:32.911-0500] {logging_mixin.py:188} INFO - [2026-07-09T03:08:32.910-0500] {dag.py:3947} INFO - Setting next_dagrun for aerotrack_travel_estado_real_vuelo to 2026-07-09 00:00:00+00:00, run_after=2026-07-10 00:00:00+00:00
[2026-07-09T03:08:32.932-0500] {processor.py:183} INFO - Processing /opt/airflow/dags/dag_estado_real_vuelo.py took 0.140 seconds
[2026-07-09T03:09:03.083-0500] {processor.py:161} INFO - Started process (PID=14815) to work on /opt/airflow/dags/dag_estado_real_vuelo.py
[2026-07-09T03:09:03.084-0500] {processor.py:830} INFO - Processing file /opt/airflow/dags/dag_estado_real_vuelo.py for tasks to queue
[2026-07-09T03:09:03.086-0500] {logging_mixin.py:188} INFO - [2026-07-09T03:09:03.086-0500] {dagbag.py:545} INFO - Filling up the DagBag from /opt/airflow/dags/dag_estado_real_vuelo.py
[2026-07-09T03:09:03.127-0500] {processor.py:840} INFO - DAG(s) 'aerotrack_travel_estado_real_vuelo' retrieved from /opt/airflow/dags/dag_estado_real_vuelo.py
[2026-07-09T03:09:03.163-0500] {logging_mixin.py:188} INFO - [2026-07-09T03:09:03.163-0500] {dag.py:3089} INFO - Sync 1 DAGs
[2026-07-09T03:09:03.185-0500] {logging_mixin.py:188} INFO - [2026-07-09T03:09:03.185-0500] {dag.py:3947} INFO - Setting next_dagrun for aerotrack_travel_estado_real_vuelo to 2026-07-09 00:00:00+00:00, run_after=2026-07-10 00:00:00+00:00
[2026-07-09T03:09:03.202-0500] {processor.py:183} INFO - Processing /opt/airflow/dags/dag_estado_real_vuelo.py took 0.124 seconds
[2026-07-09T03:09:33.384-0500] {processor.py:161} INFO - Started process (PID=14842) to work on /opt/airflow/dags/dag_estado_real_vuelo.py
[2026-07-09T03:09:33.385-0500] {processor.py:830} INFO - Processing file /opt/airflow/dags/dag_estado_real_vuelo.py for tasks to queue
[2026-07-09T03:09:33.387-0500] {logging_mixin.py:188} INFO - [2026-07-09T03:09:33.387-0500] {dagbag.py:545} INFO - Filling up the DagBag from /opt/airflow/dags/dag_estado_real_vuelo.py
[2026-07-09T03:09:33.422-0500] {processor.py:840} INFO - DAG(s) 'aerotrack_travel_estado_real_vuelo' retrieved from /opt/airflow/dags/dag_estado_real_vuelo.py
[2026-07-09T03:09:33.456-0500] {logging_mixin.py:188} INFO - [2026-07-09T03:09:33.456-0500] {dag.py:3089} INFO - Sync 1 DAGs
[2026-07-09T03:09:33.475-0500] {logging_mixin.py:188} INFO - [2026-07-09T03:09:33.475-0500] {dag.py:3947} INFO - Setting next_dagrun for aerotrack_travel_estado_real_vuelo to 2026-07-09 00:00:00+00:00, run_after=2026-07-10 00:00:00+00:00
[2026-07-09T03:09:33.490-0500] {processor.py:183} INFO - Processing /opt/airflow/dags/dag_estado_real_vuelo.py took 0.111 seconds
[2026-07-09T03:10:04.192-0500] {processor.py:161} INFO - Started process (PID=14869) to work on /opt/airflow/dags/dag_estado_real_vuelo.py
[2026-07-09T03:10:04.194-0500] {processor.py:830} INFO - Processing file /opt/airflow/dags/dag_estado_real_vuelo.py for tasks to queue
[2026-07-09T03:10:04.196-0500] {logging_mixin.py:188} INFO - [2026-07-09T03:10:04.195-0500] {dagbag.py:545} INFO - Filling up the DagBag from /opt/airflow/dags/dag_estado_real_vuelo.py
[2026-07-09T03:10:04.257-0500] {processor.py:840} INFO - DAG(s) 'aerotrack_travel_estado_real_vuelo' retrieved from /opt/airflow/dags/dag_estado_real_vuelo.py
[2026-07-09T03:10:04.305-0500] {logging_mixin.py:188} INFO - [2026-07-09T03:10:04.305-0500] {dag.py:3089} INFO - Sync 1 DAGs
[2026-07-09T03:10:04.325-0500] {logging_mixin.py:188} INFO - [2026-07-09T03:10:04.325-0500] {dag.py:3947} INFO - Setting next_dagrun for aerotrack_travel_estado_real_vuelo to 2026-07-09 00:00:00+00:00, run_after=2026-07-10 00:00:00+00:00
[2026-07-09T03:10:04.342-0500] {processor.py:183} INFO - Processing /opt/airflow/dags/dag_estado_real_vuelo.py took 0.155 seconds
[2026-07-09T03:10:34.994-0500] {processor.py:161} INFO - Started process (PID=14896) to work on /opt/airflow/dags/dag_estado_real_vuelo.py
[2026-07-09T03:10:34.995-0500] {processor.py:830} INFO - Processing file /opt/airflow/dags/dag_estado_real_vuelo.py for tasks to queue
[2026-07-09T03:10:34.997-0500] {logging_mixin.py:188} INFO - [2026-07-09T03:10:34.996-0500] {dagbag.py:545} INFO - Filling up the DagBag from /opt/airflow/dags/dag_estado_real_vuelo.py
[2026-07-09T03:10:35.047-0500] {processor.py:840} INFO - DAG(s) 'aerotrack_travel_estado_real_vuelo' retrieved from /opt/airflow/dags/dag_estado_real_vuelo.py
[2026-07-09T03:10:35.083-0500] {logging_mixin.py:188} INFO - [2026-07-09T03:10:35.083-0500] {dag.py:3089} INFO - Sync 1 DAGs
[2026-07-09T03:10:35.104-0500] {logging_mixin.py:188} INFO - [2026-07-09T03:10:35.104-0500] {dag.py:3947} INFO - Setting next_dagrun for aerotrack_travel_estado_real_vuelo to 2026-07-09 00:00:00+00:00, run_after=2026-07-10 00:00:00+00:00
[2026-07-09T03:10:35.124-0500] {processor.py:183} INFO - Processing /opt/airflow/dags/dag_estado_real_vuelo.py took 0.136 seconds
[2026-07-09T03:11:05.178-0500] {processor.py:161} INFO - Started process (PID=14923) to work on /opt/airflow/dags/dag_estado_real_vuelo.py
[2026-07-09T03:11:05.179-0500] {processor.py:830} INFO - Processing file /opt/airflow/dags/dag_estado_real_vuelo.py for tasks to queue
[2026-07-09T03:11:05.181-0500] {logging_mixin.py:188} INFO - [2026-07-09T03:11:05.181-0500] {dagbag.py:545} INFO - Filling up the DagBag from /opt/airflow/dags/dag_estado_real_vuelo.py
[2026-07-09T03:11:05.225-0500] {processor.py:840} INFO - DAG(s) 'aerotrack_travel_estado_real_vuelo' retrieved from /opt/airflow/dags/dag_estado_real_vuelo.py
[2026-07-09T03:11:05.259-0500] {logging_mixin.py:188} INFO - [2026-07-09T03:11:05.258-0500] {dag.py:3089} INFO - Sync 1 DAGs
[2026-07-09T03:11:05.279-0500] {logging_mixin.py:188} INFO - [2026-07-09T03:11:05.278-0500] {dag.py:3947} INFO - Setting next_dagrun for aerotrack_travel_estado_real_vuelo to 2026-07-09 00:00:00+00:00, run_after=2026-07-10 00:00:00+00:00
[2026-07-09T03:11:05.295-0500] {processor.py:183} INFO - Processing /opt/airflow/dags/dag_estado_real_vuelo.py took 0.123 seconds
[2026-07-09T03:11:36.281-0500] {processor.py:161} INFO - Started process (PID=14950) to work on /opt/airflow/dags/dag_estado_real_vuelo.py
[2026-07-09T03:11:36.282-0500] {processor.py:830} INFO - Processing file /opt/airflow/dags/dag_estado_real_vuelo.py for tasks to queue
[2026-07-09T03:11:36.284-0500] {logging_mixin.py:188} INFO - [2026-07-09T03:11:36.284-0500] {dagbag.py:545} INFO - Filling up the DagBag from /opt/airflow/dags/dag_estado_real_vuelo.py
[2026-07-09T03:11:36.331-0500] {processor.py:840} INFO - DAG(s) 'aerotrack_travel_estado_real_vuelo' retrieved from /opt/airflow/dags/dag_estado_real_vuelo.py
[2026-07-09T03:11:36.376-0500] {logging_mixin.py:188} INFO - [2026-07-09T03:11:36.376-0500] {dag.py:3089} INFO - Sync 1 DAGs
[2026-07-09T03:11:36.403-0500] {logging_mixin.py:188} INFO - [2026-07-09T03:11:36.403-0500] {dag.py:3947} INFO - Setting next_dagrun for aerotrack_travel_estado_real_vuelo to 2026-07-09 00:00:00+00:00, run_after=2026-07-10 00:00:00+00:00
[2026-07-09T03:11:36.426-0500] {processor.py:183} INFO - Processing /opt/airflow/dags/dag_estado_real_vuelo.py took 0.151 seconds
[2026-07-09T03:12:06.768-0500] {processor.py:161} INFO - Started process (PID=14977) to work on /opt/airflow/dags/dag_estado_real_vuelo.py
[2026-07-09T03:12:06.769-0500] {processor.py:830} INFO - Processing file /opt/airflow/dags/dag_estado_real_vuelo.py for tasks to queue
[2026-07-09T03:12:06.771-0500] {logging_mixin.py:188} INFO - [2026-07-09T03:12:06.771-0500] {dagbag.py:545} INFO - Filling up the DagBag from /opt/airflow/dags/dag_estado_real_vuelo.py
[2026-07-09T03:12:06.826-0500] {processor.py:840} INFO - DAG(s) 'aerotrack_travel_estado_real_vuelo' retrieved from /opt/airflow/dags/dag_estado_real_vuelo.py
[2026-07-09T03:12:06.862-0500] {logging_mixin.py:188} INFO - [2026-07-09T03:12:06.862-0500] {dag.py:3089} INFO - Sync 1 DAGs
[2026-07-09T03:12:06.883-0500] {logging_mixin.py:188} INFO - [2026-07-09T03:12:06.883-0500] {dag.py:3947} INFO - Setting next_dagrun for aerotrack_travel_estado_real_vuelo to 2026-07-09 00:00:00+00:00, run_after=2026-07-10 00:00:00+00:00
[2026-07-09T03:12:06.901-0500] {processor.py:183} INFO - Processing /opt/airflow/dags/dag_estado_real_vuelo.py took 0.138 seconds
[2026-07-09T03:12:37.608-0500] {processor.py:161} INFO - Started process (PID=15004) to work on /opt/airflow/dags/dag_estado_real_vuelo.py
[2026-07-09T03:12:37.609-0500] {processor.py:830} INFO - Processing file /opt/airflow/dags/dag_estado_real_vuelo.py for tasks to queue
[2026-07-09T03:12:37.611-0500] {logging_mixin.py:188} INFO - [2026-07-09T03:12:37.611-0500] {dagbag.py:545} INFO - Filling up the DagBag from /opt/airflow/dags/dag_estado_real_vuelo.py
[2026-07-09T03:12:37.654-0500] {processor.py:840} INFO - DAG(s) 'aerotrack_travel_estado_real_vuelo' retrieved from /opt/airflow/dags/dag_estado_real_vuelo.py
[2026-07-09T03:12:37.691-0500] {logging_mixin.py:188} INFO - [2026-07-09T03:12:37.690-0500] {dag.py:3089} INFO - Sync 1 DAGs
[2026-07-09T03:12:37.712-0500] {logging_mixin.py:188} INFO - [2026-07-09T03:12:37.712-0500] {dag.py:3947} INFO - Setting next_dagrun for aerotrack_travel_estado_real_vuelo to 2026-07-09 00:00:00+00:00, run_after=2026-07-10 00:00:00+00:00
[2026-07-09T03:12:37.734-0500] {processor.py:183} INFO - Processing /opt/airflow/dags/dag_estado_real_vuelo.py took 0.130 seconds
[2026-07-09T03:13:08.615-0500] {processor.py:161} INFO - Started process (PID=15031) to work on /opt/airflow/dags/dag_estado_real_vuelo.py
[2026-07-09T03:13:08.615-0500] {processor.py:830} INFO - Processing file /opt/airflow/dags/dag_estado_real_vuelo.py for tasks to queue
[2026-07-09T03:13:08.617-0500] {logging_mixin.py:188} INFO - [2026-07-09T03:13:08.617-0500] {dagbag.py:545} INFO - Filling up the DagBag from /opt/airflow/dags/dag_estado_real_vuelo.py
[2026-07-09T03:13:08.654-0500] {processor.py:840} INFO - DAG(s) 'aerotrack_travel_estado_real_vuelo' retrieved from /opt/airflow/dags/dag_estado_real_vuelo.py
[2026-07-09T03:13:08.686-0500] {logging_mixin.py:188} INFO - [2026-07-09T03:13:08.686-0500] {dag.py:3089} INFO - Sync 1 DAGs
[2026-07-09T03:13:08.711-0500] {logging_mixin.py:188} INFO - [2026-07-09T03:13:08.710-0500] {dag.py:3947} INFO - Setting next_dagrun for aerotrack_travel_estado_real_vuelo to 2026-07-09 00:00:00+00:00, run_after=2026-07-10 00:00:00+00:00
[2026-07-09T03:13:08.730-0500] {processor.py:183} INFO - Processing /opt/airflow/dags/dag_estado_real_vuelo.py took 0.120 seconds
[2026-07-09T03:13:39.589-0500] {processor.py:161} INFO - Started process (PID=15058) to work on /opt/airflow/dags/dag_estado_real_vuelo.py
[2026-07-09T03:13:39.590-0500] {processor.py:830} INFO - Processing file /opt/airflow/dags/dag_estado_real_vuelo.py for tasks to queue
[2026-07-09T03:13:39.592-0500] {logging_mixin.py:188} INFO - [2026-07-09T03:13:39.591-0500] {dagbag.py:545} INFO - Filling up the DagBag from /opt/airflow/dags/dag_estado_real_vuelo.py
[2026-07-09T03:13:39.641-0500] {processor.py:840} INFO - DAG(s) 'aerotrack_travel_estado_real_vuelo' retrieved from /opt/airflow/dags/dag_estado_real_vuelo.py
[2026-07-09T03:13:39.677-0500] {logging_mixin.py:188} INFO - [2026-07-09T03:13:39.677-0500] {dag.py:3089} INFO - Sync 1 DAGs
[2026-07-09T03:13:39.697-0500] {logging_mixin.py:188} INFO - [2026-07-09T03:13:39.697-0500] {dag.py:3947} INFO - Setting next_dagrun for aerotrack_travel_estado_real_vuelo to 2026-07-09 00:00:00+00:00, run_after=2026-07-10 00:00:00+00:00
[2026-07-09T03:13:39.714-0500] {processor.py:183} INFO - Processing /opt/airflow/dags/dag_estado_real_vuelo.py took 0.130 seconds
[2026-07-09T03:14:09.894-0500] {processor.py:161} INFO - Started process (PID=15085) to work on /opt/airflow/dags/dag_estado_real_vuelo.py
[2026-07-09T03:14:09.895-0500] {processor.py:830} INFO - Processing file /opt/airflow/dags/dag_estado_real_vuelo.py for tasks to queue
[2026-07-09T03:14:09.896-0500] {logging_mixin.py:188} INFO - [2026-07-09T03:14:09.896-0500] {dagbag.py:545} INFO - Filling up the DagBag from /opt/airflow/dags/dag_estado_real_vuelo.py
[2026-07-09T03:14:09.931-0500] {processor.py:840} INFO - DAG(s) 'aerotrack_travel_estado_real_vuelo' retrieved from /opt/airflow/dags/dag_estado_real_vuelo.py
[2026-07-09T03:14:09.964-0500] {logging_mixin.py:188} INFO - [2026-07-09T03:14:09.963-0500] {dag.py:3089} INFO - Sync 1 DAGs
[2026-07-09T03:14:09.982-0500] {logging_mixin.py:188} INFO - [2026-07-09T03:14:09.982-0500] {dag.py:3947} INFO - Setting next_dagrun for aerotrack_travel_estado_real_vuelo to 2026-07-09 00:00:00+00:00, run_after=2026-07-10 00:00:00+00:00
[2026-07-09T03:14:09.998-0500] {processor.py:183} INFO - Processing /opt/airflow/dags/dag_estado_real_vuelo.py took 0.108 seconds
[2026-07-09T03:14:40.337-0500] {processor.py:161} INFO - Started process (PID=15112) to work on /opt/airflow/dags/dag_estado_real_vuelo.py
[2026-07-09T03:14:40.338-0500] {processor.py:830} INFO - Processing file /opt/airflow/dags/dag_estado_real_vuelo.py for tasks to queue
[2026-07-09T03:14:40.340-0500] {logging_mixin.py:188} INFO - [2026-07-09T03:14:40.340-0500] {dagbag.py:545} INFO - Filling up the DagBag from /opt/airflow/dags/dag_estado_real_vuelo.py
[2026-07-09T03:14:40.417-0500] {processor.py:840} INFO - DAG(s) 'aerotrack_travel_estado_real_vuelo' retrieved from /opt/airflow/dags/dag_estado_real_vuelo.py
[2026-07-09T03:14:40.467-0500] {logging_mixin.py:188} INFO - [2026-07-09T03:14:40.467-0500] {dag.py:3089} INFO - Sync 1 DAGs
[2026-07-09T03:14:40.486-0500] {logging_mixin.py:188} INFO - [2026-07-09T03:14:40.486-0500] {dag.py:3947} INFO - Setting next_dagrun for aerotrack_travel_estado_real_vuelo to 2026-07-09 00:00:00+00:00, run_after=2026-07-10 00:00:00+00:00
[2026-07-09T03:14:40.507-0500] {processor.py:183} INFO - Processing /opt/airflow/dags/dag_estado_real_vuelo.py took 0.176 seconds
[2026-07-09T03:15:10.642-0500] {processor.py:161} INFO - Started process (PID=15139) to work on /opt/airflow/dags/dag_estado_real_vuelo.py
[2026-07-09T03:15:10.643-0500] {processor.py:830} INFO - Processing file /opt/airflow/dags/dag_estado_real_vuelo.py for tasks to queue
[2026-07-09T03:15:10.645-0500] {logging_mixin.py:188} INFO - [2026-07-09T03:15:10.644-0500] {dagbag.py:545} INFO - Filling up the DagBag from /opt/airflow/dags/dag_estado_real_vuelo.py
[2026-07-09T03:15:10.698-0500] {processor.py:840} INFO - DAG(s) 'aerotrack_travel_estado_real_vuelo' retrieved from /opt/airflow/dags/dag_estado_real_vuelo.py
[2026-07-09T03:15:10.731-0500] {logging_mixin.py:188} INFO - [2026-07-09T03:15:10.731-0500] {dag.py:3089} INFO - Sync 1 DAGs
[2026-07-09T03:15:10.750-0500] {logging_mixin.py:188} INFO - [2026-07-09T03:15:10.750-0500] {dag.py:3947} INFO - Setting next_dagrun for aerotrack_travel_estado_real_vuelo to 2026-07-09 00:00:00+00:00, run_after=2026-07-10 00:00:00+00:00
[2026-07-09T03:15:10.767-0500] {processor.py:183} INFO - Processing /opt/airflow/dags/dag_estado_real_vuelo.py took 0.129 seconds
[2026-07-09T03:15:41.476-0500] {processor.py:161} INFO - Started process (PID=15166) to work on /opt/airflow/dags/dag_estado_real_vuelo.py
[2026-07-09T03:15:41.477-0500] {processor.py:830} INFO - Processing file /opt/airflow/dags/dag_estado_real_vuelo.py for tasks to queue
[2026-07-09T03:15:41.478-0500] {logging_mixin.py:188} INFO - [2026-07-09T03:15:41.478-0500] {dagbag.py:545} INFO - Filling up the DagBag from /opt/airflow/dags/dag_estado_real_vuelo.py
[2026-07-09T03:15:41.527-0500] {processor.py:840} INFO - DAG(s) 'aerotrack_travel_estado_real_vuelo' retrieved from /opt/airflow/dags/dag_estado_real_vuelo.py
[2026-07-09T03:15:41.567-0500] {logging_mixin.py:188} INFO - [2026-07-09T03:15:41.566-0500] {dag.py:3089} INFO - Sync 1 DAGs
[2026-07-09T03:15:41.590-0500] {logging_mixin.py:188} INFO - [2026-07-09T03:15:41.590-0500] {dag.py:3947} INFO - Setting next_dagrun for aerotrack_travel_estado_real_vuelo to 2026-07-09 00:00:00+00:00, run_after=2026-07-10 00:00:00+00:00
[2026-07-09T03:15:41.610-0500] {processor.py:183} INFO - Processing /opt/airflow/dags/dag_estado_real_vuelo.py took 0.139 seconds
[2026-07-09T03:16:12.395-0500] {processor.py:161} INFO - Started process (PID=15193) to work on /opt/airflow/dags/dag_estado_real_vuelo.py
[2026-07-09T03:16:12.396-0500] {processor.py:830} INFO - Processing file /opt/airflow/dags/dag_estado_real_vuelo.py for tasks to queue
[2026-07-09T03:16:12.398-0500] {logging_mixin.py:188} INFO - [2026-07-09T03:16:12.398-0500] {dagbag.py:545} INFO - Filling up the DagBag from /opt/airflow/dags/dag_estado_real_vuelo.py
[2026-07-09T03:16:12.447-0500] {processor.py:840} INFO - DAG(s) 'aerotrack_travel_estado_real_vuelo' retrieved from /opt/airflow/dags/dag_estado_real_vuelo.py
[2026-07-09T03:16:12.482-0500] {logging_mixin.py:188} INFO - [2026-07-09T03:16:12.482-0500] {dag.py:3089} INFO - Sync 1 DAGs
[2026-07-09T03:16:12.500-0500] {logging_mixin.py:188} INFO - [2026-07-09T03:16:12.499-0500] {dag.py:3947} INFO - Setting next_dagrun for aerotrack_travel_estado_real_vuelo to 2026-07-09 00:00:00+00:00, run_after=2026-07-10 00:00:00+00:00
[2026-07-09T03:16:12.517-0500] {processor.py:183} INFO - Processing /opt/airflow/dags/dag_estado_real_vuelo.py took 0.126 seconds
[2026-07-09T03:16:42.860-0500] {processor.py:161} INFO - Started process (PID=15220) to work on /opt/airflow/dags/dag_estado_real_vuelo.py
[2026-07-09T03:16:42.861-0500] {processor.py:830} INFO - Processing file /opt/airflow/dags/dag_estado_real_vuelo.py for tasks to queue
[2026-07-09T03:16:42.863-0500] {logging_mixin.py:188} INFO - [2026-07-09T03:16:42.862-0500] {dagbag.py:545} INFO - Filling up the DagBag from /opt/airflow/dags/dag_estado_real_vuelo.py
[2026-07-09T03:16:42.911-0500] {processor.py:840} INFO - DAG(s) 'aerotrack_travel_estado_real_vuelo' retrieved from /opt/airflow/dags/dag_estado_real_vuelo.py
[2026-07-09T03:16:42.945-0500] {logging_mixin.py:188} INFO - [2026-07-09T03:16:42.944-0500] {dag.py:3089} INFO - Sync 1 DAGs
[2026-07-09T03:16:42.965-0500] {logging_mixin.py:188} INFO - [2026-07-09T03:16:42.965-0500] {dag.py:3947} INFO - Setting next_dagrun for aerotrack_travel_estado_real_vuelo to 2026-07-09 00:00:00+00:00, run_after=2026-07-10 00:00:00+00:00
[2026-07-09T03:16:42.980-0500] {processor.py:183} INFO - Processing /opt/airflow/dags/dag_estado_real_vuelo.py took 0.127 seconds
[2026-07-09T03:17:13.147-0500] {processor.py:161} INFO - Started process (PID=15247) to work on /opt/airflow/dags/dag_estado_real_vuelo.py
[2026-07-09T03:17:13.148-0500] {processor.py:830} INFO - Processing file /opt/airflow/dags/dag_estado_real_vuelo.py for tasks to queue
[2026-07-09T03:17:13.150-0500] {logging_mixin.py:188} INFO - [2026-07-09T03:17:13.150-0500] {dagbag.py:545} INFO - Filling up the DagBag from /opt/airflow/dags/dag_estado_real_vuelo.py
[2026-07-09T03:17:13.194-0500] {processor.py:840} INFO - DAG(s) 'aerotrack_travel_estado_real_vuelo' retrieved from /opt/airflow/dags/dag_estado_real_vuelo.py
[2026-07-09T03:17:13.236-0500] {logging_mixin.py:188} INFO - [2026-07-09T03:17:13.236-0500] {dag.py:3089} INFO - Sync 1 DAGs
[2026-07-09T03:17:13.258-0500] {logging_mixin.py:188} INFO - [2026-07-09T03:17:13.257-0500] {dag.py:3947} INFO - Setting next_dagrun for aerotrack_travel_estado_real_vuelo to 2026-07-09 00:00:00+00:00, run_after=2026-07-10 00:00:00+00:00
[2026-07-09T03:17:13.274-0500] {processor.py:183} INFO - Processing /opt/airflow/dags/dag_estado_real_vuelo.py took 0.132 seconds
[2026-07-09T03:17:44.059-0500] {processor.py:161} INFO - Started process (PID=15274) to work on /opt/airflow/dags/dag_estado_real_vuelo.py
[2026-07-09T03:17:44.060-0500] {processor.py:830} INFO - Processing file /opt/airflow/dags/dag_estado_real_vuelo.py for tasks to queue
[2026-07-09T03:17:44.062-0500] {logging_mixin.py:188} INFO - [2026-07-09T03:17:44.061-0500] {dagbag.py:545} INFO - Filling up the DagBag from /opt/airflow/dags/dag_estado_real_vuelo.py
[2026-07-09T03:17:44.111-0500] {processor.py:840} INFO - DAG(s) 'aerotrack_travel_estado_real_vuelo' retrieved from /opt/airflow/dags/dag_estado_real_vuelo.py
[2026-07-09T03:17:44.153-0500] {logging_mixin.py:188} INFO - [2026-07-09T03:17:44.153-0500] {dag.py:3089} INFO - Sync 1 DAGs
[2026-07-09T03:17:44.179-0500] {logging_mixin.py:188} INFO - [2026-07-09T03:17:44.178-0500] {dag.py:3947} INFO - Setting next_dagrun for aerotrack_travel_estado_real_vuelo to 2026-07-09 00:00:00+00:00, run_after=2026-07-10 00:00:00+00:00
[2026-07-09T03:17:44.198-0500] {processor.py:183} INFO - Processing /opt/airflow/dags/dag_estado_real_vuelo.py took 0.145 seconds
[2026-07-09T03:18:14.391-0500] {processor.py:161} INFO - Started process (PID=15301) to work on /opt/airflow/dags/dag_estado_real_vuelo.py
[2026-07-09T03:18:14.392-0500] {processor.py:830} INFO - Processing file /opt/airflow/dags/dag_estado_real_vuelo.py for tasks to queue
[2026-07-09T03:18:14.393-0500] {logging_mixin.py:188} INFO - [2026-07-09T03:18:14.393-0500] {dagbag.py:545} INFO - Filling up the DagBag from /opt/airflow/dags/dag_estado_real_vuelo.py
[2026-07-09T03:18:14.427-0500] {processor.py:840} INFO - DAG(s) 'aerotrack_travel_estado_real_vuelo' retrieved from /opt/airflow/dags/dag_estado_real_vuelo.py
[2026-07-09T03:18:14.464-0500] {logging_mixin.py:188} INFO - [2026-07-09T03:18:14.464-0500] {dag.py:3089} INFO - Sync 1 DAGs
[2026-07-09T03:18:14.496-0500] {logging_mixin.py:188} INFO - [2026-07-09T03:18:14.496-0500] {dag.py:3947} INFO - Setting next_dagrun for aerotrack_travel_estado_real_vuelo to 2026-07-09 00:00:00+00:00, run_after=2026-07-10 00:00:00+00:00
[2026-07-09T03:18:14.528-0500] {processor.py:183} INFO - Processing /opt/airflow/dags/dag_estado_real_vuelo.py took 0.141 seconds
[2026-07-09T03:18:45.206-0500] {processor.py:161} INFO - Started process (PID=15328) to work on /opt/airflow/dags/dag_estado_real_vuelo.py
[2026-07-09T03:18:45.207-0500] {processor.py:830} INFO - Processing file /opt/airflow/dags/dag_estado_real_vuelo.py for tasks to queue
[2026-07-09T03:18:45.208-0500] {logging_mixin.py:188} INFO - [2026-07-09T03:18:45.208-0500] {dagbag.py:545} INFO - Filling up the DagBag from /opt/airflow/dags/dag_estado_real_vuelo.py
[2026-07-09T03:18:45.245-0500] {processor.py:840} INFO - DAG(s) 'aerotrack_travel_estado_real_vuelo' retrieved from /opt/airflow/dags/dag_estado_real_vuelo.py
[2026-07-09T03:18:45.282-0500] {logging_mixin.py:188} INFO - [2026-07-09T03:18:45.282-0500] {dag.py:3089} INFO - Sync 1 DAGs
[2026-07-09T03:18:45.304-0500] {logging_mixin.py:188} INFO - [2026-07-09T03:18:45.304-0500] {dag.py:3947} INFO - Setting next_dagrun for aerotrack_travel_estado_real_vuelo to 2026-07-09 00:00:00+00:00, run_after=2026-07-10 00:00:00+00:00
[2026-07-09T03:18:45.320-0500] {processor.py:183} INFO - Processing /opt/airflow/dags/dag_estado_real_vuelo.py took 0.119 seconds
[2026-07-09T03:19:15.645-0500] {processor.py:161} INFO - Started process (PID=15355) to work on /opt/airflow/dags/dag_estado_real_vuelo.py
[2026-07-09T03:19:15.646-0500] {processor.py:830} INFO - Processing file /opt/airflow/dags/dag_estado_real_vuelo.py for tasks to queue
[2026-07-09T03:19:15.648-0500] {logging_mixin.py:188} INFO - [2026-07-09T03:19:15.647-0500] {dagbag.py:545} INFO - Filling up the DagBag from /opt/airflow/dags/dag_estado_real_vuelo.py
[2026-07-09T03:19:15.696-0500] {processor.py:840} INFO - DAG(s) 'aerotrack_travel_estado_real_vuelo' retrieved from /opt/airflow/dags/dag_estado_real_vuelo.py
[2026-07-09T03:19:15.735-0500] {logging_mixin.py:188} INFO - [2026-07-09T03:19:15.735-0500] {dag.py:3089} INFO - Sync 1 DAGs
[2026-07-09T03:19:15.762-0500] {logging_mixin.py:188} INFO - [2026-07-09T03:19:15.762-0500] {dag.py:3947} INFO - Setting next_dagrun for aerotrack_travel_estado_real_vuelo to 2026-07-09 00:00:00+00:00, run_after=2026-07-10 00:00:00+00:00
[2026-07-09T03:19:15.781-0500] {processor.py:183} INFO - Processing /opt/airflow/dags/dag_estado_real_vuelo.py took 0.141 seconds
[2026-07-09T03:19:45.958-0500] {processor.py:161} INFO - Started process (PID=15382) to work on /opt/airflow/dags/dag_estado_real_vuelo.py
[2026-07-09T03:19:45.959-0500] {processor.py:830} INFO - Processing file /opt/airflow/dags/dag_estado_real_vuelo.py for tasks to queue
[2026-07-09T03:19:45.961-0500] {logging_mixin.py:188} INFO - [2026-07-09T03:19:45.960-0500] {dagbag.py:545} INFO - Filling up the DagBag from /opt/airflow/dags/dag_estado_real_vuelo.py
[2026-07-09T03:19:46.015-0500] {processor.py:840} INFO - DAG(s) 'aerotrack_travel_estado_real_vuelo' retrieved from /opt/airflow/dags/dag_estado_real_vuelo.py
[2026-07-09T03:19:46.058-0500] {logging_mixin.py:188} INFO - [2026-07-09T03:19:46.058-0500] {dag.py:3089} INFO - Sync 1 DAGs
[2026-07-09T03:19:46.085-0500] {logging_mixin.py:188} INFO - [2026-07-09T03:19:46.084-0500] {dag.py:3947} INFO - Setting next_dagrun for aerotrack_travel_estado_real_vuelo to 2026-07-09 00:00:00+00:00, run_after=2026-07-10 00:00:00+00:00
[2026-07-09T03:19:46.106-0500] {processor.py:183} INFO - Processing /opt/airflow/dags/dag_estado_real_vuelo.py took 0.153 seconds
[2026-07-09T03:20:16.268-0500] {processor.py:161} INFO - Started process (PID=15409) to work on /opt/airflow/dags/dag_estado_real_vuelo.py
[2026-07-09T03:20:16.269-0500] {processor.py:830} INFO - Processing file /opt/airflow/dags/dag_estado_real_vuelo.py for tasks to queue
[2026-07-09T03:20:16.271-0500] {logging_mixin.py:188} INFO - [2026-07-09T03:20:16.270-0500] {dagbag.py:545} INFO - Filling up the DagBag from /opt/airflow/dags/dag_estado_real_vuelo.py
[2026-07-09T03:20:16.310-0500] {processor.py:840} INFO - DAG(s) 'aerotrack_travel_estado_real_vuelo' retrieved from /opt/airflow/dags/dag_estado_real_vuelo.py
[2026-07-09T03:20:16.343-0500] {logging_mixin.py:188} INFO - [2026-07-09T03:20:16.342-0500] {dag.py:3089} INFO - Sync 1 DAGs
[2026-07-09T03:20:16.369-0500] {logging_mixin.py:188} INFO - [2026-07-09T03:20:16.368-0500] {dag.py:3947} INFO - Setting next_dagrun for aerotrack_travel_estado_real_vuelo to 2026-07-09 00:00:00+00:00, run_after=2026-07-10 00:00:00+00:00
[2026-07-09T03:20:16.387-0500] {processor.py:183} INFO - Processing /opt/airflow/dags/dag_estado_real_vuelo.py took 0.124 seconds
[2026-07-09T03:20:47.174-0500] {processor.py:161} INFO - Started process (PID=15436) to work on /opt/airflow/dags/dag_estado_real_vuelo.py
[2026-07-09T03:20:47.174-0500] {processor.py:830} INFO - Processing file /opt/airflow/dags/dag_estado_real_vuelo.py for tasks to queue
[2026-07-09T03:20:47.176-0500] {logging_mixin.py:188} INFO - [2026-07-09T03:20:47.176-0500] {dagbag.py:545} INFO - Filling up the DagBag from /opt/airflow/dags/dag_estado_real_vuelo.py
[2026-07-09T03:20:47.227-0500] {processor.py:840} INFO - DAG(s) 'aerotrack_travel_estado_real_vuelo' retrieved from /opt/airflow/dags/dag_estado_real_vuelo.py
[2026-07-09T03:20:47.266-0500] {logging_mixin.py:188} INFO - [2026-07-09T03:20:47.266-0500] {dag.py:3089} INFO - Sync 1 DAGs
[2026-07-09T03:20:47.289-0500] {logging_mixin.py:188} INFO - [2026-07-09T03:20:47.289-0500] {dag.py:3947} INFO - Setting next_dagrun for aerotrack_travel_estado_real_vuelo to 2026-07-09 00:00:00+00:00, run_after=2026-07-10 00:00:00+00:00
[2026-07-09T03:20:47.308-0500] {processor.py:183} INFO - Processing /opt/airflow/dags/dag_estado_real_vuelo.py took 0.139 seconds
[2026-07-09T03:21:18.145-0500] {processor.py:161} INFO - Started process (PID=15463) to work on /opt/airflow/dags/dag_estado_real_vuelo.py
[2026-07-09T03:21:18.146-0500] {processor.py:830} INFO - Processing file /opt/airflow/dags/dag_estado_real_vuelo.py for tasks to queue
[2026-07-09T03:21:18.148-0500] {logging_mixin.py:188} INFO - [2026-07-09T03:21:18.148-0500] {dagbag.py:545} INFO - Filling up the DagBag from /opt/airflow/dags/dag_estado_real_vuelo.py
[2026-07-09T03:21:18.195-0500] {processor.py:840} INFO - DAG(s) 'aerotrack_travel_estado_real_vuelo' retrieved from /opt/airflow/dags/dag_estado_real_vuelo.py
[2026-07-09T03:21:18.229-0500] {logging_mixin.py:188} INFO - [2026-07-09T03:21:18.229-0500] {dag.py:3089} INFO - Sync 1 DAGs
[2026-07-09T03:21:18.258-0500] {logging_mixin.py:188} INFO - [2026-07-09T03:21:18.258-0500] {dag.py:3947} INFO - Setting next_dagrun for aerotrack_travel_estado_real_vuelo to 2026-07-09 00:00:00+00:00, run_after=2026-07-10 00:00:00+00:00
[2026-07-09T03:21:18.275-0500] {processor.py:183} INFO - Processing /opt/airflow/dags/dag_estado_real_vuelo.py took 0.134 seconds
[2026-07-09T03:21:48.979-0500] {processor.py:161} INFO - Started process (PID=15490) to work on /opt/airflow/dags/dag_estado_real_vuelo.py
[2026-07-09T03:21:48.980-0500] {processor.py:830} INFO - Processing file /opt/airflow/dags/dag_estado_real_vuelo.py for tasks to queue
[2026-07-09T03:21:48.982-0500] {logging_mixin.py:188} INFO - [2026-07-09T03:21:48.982-0500] {dagbag.py:545} INFO - Filling up the DagBag from /opt/airflow/dags/dag_estado_real_vuelo.py
[2026-07-09T03:21:49.026-0500] {processor.py:840} INFO - DAG(s) 'aerotrack_travel_estado_real_vuelo' retrieved from /opt/airflow/dags/dag_estado_real_vuelo.py
[2026-07-09T03:21:49.064-0500] {logging_mixin.py:188} INFO - [2026-07-09T03:21:49.064-0500] {dag.py:3089} INFO - Sync 1 DAGs
[2026-07-09T03:21:49.089-0500] {logging_mixin.py:188} INFO - [2026-07-09T03:21:49.089-0500] {dag.py:3947} INFO - Setting next_dagrun for aerotrack_travel_estado_real_vuelo to 2026-07-09 00:00:00+00:00, run_after=2026-07-10 00:00:00+00:00
[2026-07-09T03:21:49.107-0500] {processor.py:183} INFO - Processing /opt/airflow/dags/dag_estado_real_vuelo.py took 0.133 seconds
[2026-07-09T03:22:19.323-0500] {processor.py:161} INFO - Started process (PID=15517) to work on /opt/airflow/dags/dag_estado_real_vuelo.py
[2026-07-09T03:22:19.324-0500] {processor.py:830} INFO - Processing file /opt/airflow/dags/dag_estado_real_vuelo.py for tasks to queue
[2026-07-09T03:22:19.326-0500] {logging_mixin.py:188} INFO - [2026-07-09T03:22:19.326-0500] {dagbag.py:545} INFO - Filling up the DagBag from /opt/airflow/dags/dag_estado_real_vuelo.py
[2026-07-09T03:22:19.377-0500] {processor.py:840} INFO - DAG(s) 'aerotrack_travel_estado_real_vuelo' retrieved from /opt/airflow/dags/dag_estado_real_vuelo.py
[2026-07-09T03:22:19.415-0500] {logging_mixin.py:188} INFO - [2026-07-09T03:22:19.415-0500] {dag.py:3089} INFO - Sync 1 DAGs
[2026-07-09T03:22:19.442-0500] {logging_mixin.py:188} INFO - [2026-07-09T03:22:19.442-0500] {dag.py:3947} INFO - Setting next_dagrun for aerotrack_travel_estado_real_vuelo to 2026-07-09 00:00:00+00:00, run_after=2026-07-10 00:00:00+00:00
[2026-07-09T03:22:19.465-0500] {processor.py:183} INFO - Processing /opt/airflow/dags/dag_estado_real_vuelo.py took 0.147 seconds
[2026-07-09T03:22:49.630-0500] {processor.py:161} INFO - Started process (PID=15544) to work on /opt/airflow/dags/dag_estado_real_vuelo.py
[2026-07-09T03:22:49.631-0500] {processor.py:830} INFO - Processing file /opt/airflow/dags/dag_estado_real_vuelo.py for tasks to queue
[2026-07-09T03:22:49.632-0500] {logging_mixin.py:188} INFO - [2026-07-09T03:22:49.632-0500] {dagbag.py:545} INFO - Filling up the DagBag from /opt/airflow/dags/dag_estado_real_vuelo.py
[2026-07-09T03:22:49.669-0500] {processor.py:840} INFO - DAG(s) 'aerotrack_travel_estado_real_vuelo' retrieved from /opt/airflow/dags/dag_estado_real_vuelo.py
[2026-07-09T03:22:49.701-0500] {logging_mixin.py:188} INFO - [2026-07-09T03:22:49.701-0500] {dag.py:3089} INFO - Sync 1 DAGs
[2026-07-09T03:22:49.726-0500] {logging_mixin.py:188} INFO - [2026-07-09T03:22:49.726-0500] {dag.py:3947} INFO - Setting next_dagrun for aerotrack_travel_estado_real_vuelo to 2026-07-09 00:00:00+00:00, run_after=2026-07-10 00:00:00+00:00
[2026-07-09T03:22:49.746-0500] {processor.py:183} INFO - Processing /opt/airflow/dags/dag_estado_real_vuelo.py took 0.121 seconds
[2026-07-09T03:23:19.974-0500] {processor.py:161} INFO - Started process (PID=15571) to work on /opt/airflow/dags/dag_estado_real_vuelo.py
[2026-07-09T03:23:19.975-0500] {processor.py:830} INFO - Processing file /opt/airflow/dags/dag_estado_real_vuelo.py for tasks to queue
[2026-07-09T03:23:19.977-0500] {logging_mixin.py:188} INFO - [2026-07-09T03:23:19.977-0500] {dagbag.py:545} INFO - Filling up the DagBag from /opt/airflow/dags/dag_estado_real_vuelo.py
[2026-07-09T03:23:20.022-0500] {processor.py:840} INFO - DAG(s) 'aerotrack_travel_estado_real_vuelo' retrieved from /opt/airflow/dags/dag_estado_real_vuelo.py
[2026-07-09T03:23:20.057-0500] {logging_mixin.py:188} INFO - [2026-07-09T03:23:20.057-0500] {dag.py:3089} INFO - Sync 1 DAGs
[2026-07-09T03:23:20.076-0500] {logging_mixin.py:188} INFO - [2026-07-09T03:23:20.076-0500] {dag.py:3947} INFO - Setting next_dagrun for aerotrack_travel_estado_real_vuelo to 2026-07-09 00:00:00+00:00, run_after=2026-07-10 00:00:00+00:00
[2026-07-09T03:23:20.094-0500] {processor.py:183} INFO - Processing /opt/airflow/dags/dag_estado_real_vuelo.py took 0.125 seconds
[2026-07-09T03:23:50.262-0500] {processor.py:161} INFO - Started process (PID=15598) to work on /opt/airflow/dags/dag_estado_real_vuelo.py
[2026-07-09T03:23:50.263-0500] {processor.py:830} INFO - Processing file /opt/airflow/dags/dag_estado_real_vuelo.py for tasks to queue
[2026-07-09T03:23:50.265-0500] {logging_mixin.py:188} INFO - [2026-07-09T03:23:50.264-0500] {dagbag.py:545} INFO - Filling up the DagBag from /opt/airflow/dags/dag_estado_real_vuelo.py
[2026-07-09T03:23:50.296-0500] {processor.py:840} INFO - DAG(s) 'aerotrack_travel_estado_real_vuelo' retrieved from /opt/airflow/dags/dag_estado_real_vuelo.py
[2026-07-09T03:23:50.326-0500] {logging_mixin.py:188} INFO - [2026-07-09T03:23:50.326-0500] {dag.py:3089} INFO - Sync 1 DAGs
[2026-07-09T03:23:50.345-0500] {logging_mixin.py:188} INFO - [2026-07-09T03:23:50.345-0500] {dag.py:3947} INFO - Setting next_dagrun for aerotrack_travel_estado_real_vuelo to 2026-07-09 00:00:00+00:00, run_after=2026-07-10 00:00:00+00:00
[2026-07-09T03:23:50.374-0500] {processor.py:183} INFO - Processing /opt/airflow/dags/dag_estado_real_vuelo.py took 0.116 seconds
[2026-07-09T03:24:20.553-0500] {processor.py:161} INFO - Started process (PID=15625) to work on /opt/airflow/dags/dag_estado_real_vuelo.py
[2026-07-09T03:24:20.554-0500] {processor.py:830} INFO - Processing file /opt/airflow/dags/dag_estado_real_vuelo.py for tasks to queue
[2026-07-09T03:24:20.556-0500] {logging_mixin.py:188} INFO - [2026-07-09T03:24:20.555-0500] {dagbag.py:545} INFO - Filling up the DagBag from /opt/airflow/dags/dag_estado_real_vuelo.py
[2026-07-09T03:24:20.587-0500] {processor.py:840} INFO - DAG(s) 'aerotrack_travel_estado_real_vuelo' retrieved from /opt/airflow/dags/dag_estado_real_vuelo.py
[2026-07-09T03:24:20.622-0500] {logging_mixin.py:188} INFO - [2026-07-09T03:24:20.622-0500] {dag.py:3089} INFO - Sync 1 DAGs
[2026-07-09T03:24:20.642-0500] {logging_mixin.py:188} INFO - [2026-07-09T03:24:20.641-0500] {dag.py:3947} INFO - Setting next_dagrun for aerotrack_travel_estado_real_vuelo to 2026-07-09 00:00:00+00:00, run_after=2026-07-10 00:00:00+00:00
[2026-07-09T03:24:20.657-0500] {processor.py:183} INFO - Processing /opt/airflow/dags/dag_estado_real_vuelo.py took 0.108 seconds
[2026-07-09T03:24:51.516-0500] {processor.py:161} INFO - Started process (PID=15652) to work on /opt/airflow/dags/dag_estado_real_vuelo.py
[2026-07-09T03:24:51.518-0500] {processor.py:830} INFO - Processing file /opt/airflow/dags/dag_estado_real_vuelo.py for tasks to queue
[2026-07-09T03:24:51.520-0500] {logging_mixin.py:188} INFO - [2026-07-09T03:24:51.519-0500] {dagbag.py:545} INFO - Filling up the DagBag from /opt/airflow/dags/dag_estado_real_vuelo.py
[2026-07-09T03:24:51.570-0500] {processor.py:840} INFO - DAG(s) 'aerotrack_travel_estado_real_vuelo' retrieved from /opt/airflow/dags/dag_estado_real_vuelo.py
[2026-07-09T03:24:51.606-0500] {logging_mixin.py:188} INFO - [2026-07-09T03:24:51.606-0500] {dag.py:3089} INFO - Sync 1 DAGs
[2026-07-09T03:24:51.629-0500] {logging_mixin.py:188} INFO - [2026-07-09T03:24:51.628-0500] {dag.py:3947} INFO - Setting next_dagrun for aerotrack_travel_estado_real_vuelo to 2026-07-09 00:00:00+00:00, run_after=2026-07-10 00:00:00+00:00
[2026-07-09T03:24:51.697-0500] {processor.py:183} INFO - Processing /opt/airflow/dags/dag_estado_real_vuelo.py took 0.186 seconds
[2026-07-09T03:25:21.830-0500] {processor.py:161} INFO - Started process (PID=15679) to work on /opt/airflow/dags/dag_estado_real_vuelo.py
[2026-07-09T03:25:21.831-0500] {processor.py:830} INFO - Processing file /opt/airflow/dags/dag_estado_real_vuelo.py for tasks to queue
[2026-07-09T03:25:21.832-0500] {logging_mixin.py:188} INFO - [2026-07-09T03:25:21.832-0500] {dagbag.py:545} INFO - Filling up the DagBag from /opt/airflow/dags/dag_estado_real_vuelo.py
[2026-07-09T03:25:21.880-0500] {processor.py:840} INFO - DAG(s) 'aerotrack_travel_estado_real_vuelo' retrieved from /opt/airflow/dags/dag_estado_real_vuelo.py
[2026-07-09T03:25:21.918-0500] {logging_mixin.py:188} INFO - [2026-07-09T03:25:21.917-0500] {dag.py:3089} INFO - Sync 1 DAGs
[2026-07-09T03:25:21.939-0500] {logging_mixin.py:188} INFO - [2026-07-09T03:25:21.939-0500] {dag.py:3947} INFO - Setting next_dagrun for aerotrack_travel_estado_real_vuelo to 2026-07-09 00:00:00+00:00, run_after=2026-07-10 00:00:00+00:00
[2026-07-09T03:25:21.956-0500] {processor.py:183} INFO - Processing /opt/airflow/dags/dag_estado_real_vuelo.py took 0.132 seconds
[2026-07-09T03:25:52.164-0500] {processor.py:161} INFO - Started process (PID=15706) to work on /opt/airflow/dags/dag_estado_real_vuelo.py
[2026-07-09T03:25:52.165-0500] {processor.py:830} INFO - Processing file /opt/airflow/dags/dag_estado_real_vuelo.py for tasks to queue
[2026-07-09T03:25:52.166-0500] {logging_mixin.py:188} INFO - [2026-07-09T03:25:52.166-0500] {dagbag.py:545} INFO - Filling up the DagBag from /opt/airflow/dags/dag_estado_real_vuelo.py
[2026-07-09T03:25:52.195-0500] {processor.py:840} INFO - DAG(s) 'aerotrack_travel_estado_real_vuelo' retrieved from /opt/airflow/dags/dag_estado_real_vuelo.py
[2026-07-09T03:25:52.224-0500] {logging_mixin.py:188} INFO - [2026-07-09T03:25:52.224-0500] {dag.py:3089} INFO - Sync 1 DAGs
[2026-07-09T03:25:52.242-0500] {logging_mixin.py:188} INFO - [2026-07-09T03:25:52.242-0500] {dag.py:3947} INFO - Setting next_dagrun for aerotrack_travel_estado_real_vuelo to 2026-07-09 00:00:00+00:00, run_after=2026-07-10 00:00:00+00:00
[2026-07-09T03:25:52.259-0500] {processor.py:183} INFO - Processing /opt/airflow/dags/dag_estado_real_vuelo.py took 0.099 seconds
[2026-07-09T03:26:22.934-0500] {processor.py:161} INFO - Started process (PID=15733) to work on /opt/airflow/dags/dag_estado_real_vuelo.py
[2026-07-09T03:26:22.935-0500] {processor.py:830} INFO - Processing file /opt/airflow/dags/dag_estado_real_vuelo.py for tasks to queue
[2026-07-09T03:26:22.937-0500] {logging_mixin.py:188} INFO - [2026-07-09T03:26:22.936-0500] {dagbag.py:545} INFO - Filling up the DagBag from /opt/airflow/dags/dag_estado_real_vuelo.py
[2026-07-09T03:26:22.986-0500] {processor.py:840} INFO - DAG(s) 'aerotrack_travel_estado_real_vuelo' retrieved from /opt/airflow/dags/dag_estado_real_vuelo.py
[2026-07-09T03:26:23.018-0500] {logging_mixin.py:188} INFO - [2026-07-09T03:26:23.018-0500] {dag.py:3089} INFO - Sync 1 DAGs
[2026-07-09T03:26:23.035-0500] {logging_mixin.py:188} INFO - [2026-07-09T03:26:23.035-0500] {dag.py:3947} INFO - Setting next_dagrun for aerotrack_travel_estado_real_vuelo to 2026-07-09 00:00:00+00:00, run_after=2026-07-10 00:00:00+00:00
[2026-07-09T03:26:23.050-0500] {processor.py:183} INFO - Processing /opt/airflow/dags/dag_estado_real_vuelo.py took 0.121 seconds
[2026-07-09T03:26:53.305-0500] {processor.py:161} INFO - Started process (PID=15760) to work on /opt/airflow/dags/dag_estado_real_vuelo.py
[2026-07-09T03:26:53.306-0500] {processor.py:830} INFO - Processing file /opt/airflow/dags/dag_estado_real_vuelo.py for tasks to queue
[2026-07-09T03:26:53.308-0500] {logging_mixin.py:188} INFO - [2026-07-09T03:26:53.308-0500] {dagbag.py:545} INFO - Filling up the DagBag from /opt/airflow/dags/dag_estado_real_vuelo.py
[2026-07-09T03:26:53.354-0500] {processor.py:840} INFO - DAG(s) 'aerotrack_travel_estado_real_vuelo' retrieved from /opt/airflow/dags/dag_estado_real_vuelo.py
[2026-07-09T03:26:53.390-0500] {logging_mixin.py:188} INFO - [2026-07-09T03:26:53.390-0500] {dag.py:3089} INFO - Sync 1 DAGs
[2026-07-09T03:26:53.409-0500] {logging_mixin.py:188} INFO - [2026-07-09T03:26:53.409-0500] {dag.py:3947} INFO - Setting next_dagrun for aerotrack_travel_estado_real_vuelo to 2026-07-09 00:00:00+00:00, run_after=2026-07-10 00:00:00+00:00
[2026-07-09T03:26:53.431-0500] {processor.py:183} INFO - Processing /opt/airflow/dags/dag_estado_real_vuelo.py took 0.131 seconds
[2026-07-09T03:27:24.118-0500] {processor.py:161} INFO - Started process (PID=15787) to work on /opt/airflow/dags/dag_estado_real_vuelo.py
[2026-07-09T03:27:24.119-0500] {processor.py:830} INFO - Processing file /opt/airflow/dags/dag_estado_real_vuelo.py for tasks to queue
[2026-07-09T03:27:24.120-0500] {logging_mixin.py:188} INFO - [2026-07-09T03:27:24.120-0500] {dagbag.py:545} INFO - Filling up the DagBag from /opt/airflow/dags/dag_estado_real_vuelo.py
[2026-07-09T03:27:24.151-0500] {processor.py:840} INFO - DAG(s) 'aerotrack_travel_estado_real_vuelo' retrieved from /opt/airflow/dags/dag_estado_real_vuelo.py
[2026-07-09T03:27:24.182-0500] {logging_mixin.py:188} INFO - [2026-07-09T03:27:24.182-0500] {dag.py:3089} INFO - Sync 1 DAGs
[2026-07-09T03:27:24.206-0500] {logging_mixin.py:188} INFO - [2026-07-09T03:27:24.206-0500] {dag.py:3947} INFO - Setting next_dagrun for aerotrack_travel_estado_real_vuelo to 2026-07-09 00:00:00+00:00, run_after=2026-07-10 00:00:00+00:00
[2026-07-09T03:27:24.225-0500] {processor.py:183} INFO - Processing /opt/airflow/dags/dag_estado_real_vuelo.py took 0.112 seconds
[2026-07-09T03:27:54.548-0500] {processor.py:161} INFO - Started process (PID=15814) to work on /opt/airflow/dags/dag_estado_real_vuelo.py
[2026-07-09T03:27:54.550-0500] {processor.py:830} INFO - Processing file /opt/airflow/dags/dag_estado_real_vuelo.py for tasks to queue
[2026-07-09T03:27:54.552-0500] {logging_mixin.py:188} INFO - [2026-07-09T03:27:54.551-0500] {dagbag.py:545} INFO - Filling up the DagBag from /opt/airflow/dags/dag_estado_real_vuelo.py
[2026-07-09T03:27:54.589-0500] {processor.py:840} INFO - DAG(s) 'aerotrack_travel_estado_real_vuelo' retrieved from /opt/airflow/dags/dag_estado_real_vuelo.py
[2026-07-09T03:27:54.621-0500] {logging_mixin.py:188} INFO - [2026-07-09T03:27:54.621-0500] {dag.py:3089} INFO - Sync 1 DAGs
[2026-07-09T03:27:54.639-0500] {logging_mixin.py:188} INFO - [2026-07-09T03:27:54.639-0500] {dag.py:3947} INFO - Setting next_dagrun for aerotrack_travel_estado_real_vuelo to 2026-07-09 00:00:00+00:00, run_after=2026-07-10 00:00:00+00:00
[2026-07-09T03:27:54.654-0500] {processor.py:183} INFO - Processing /opt/airflow/dags/dag_estado_real_vuelo.py took 0.110 seconds
[2026-07-09T03:28:24.903-0500] {processor.py:161} INFO - Started process (PID=15841) to work on /opt/airflow/dags/dag_estado_real_vuelo.py
[2026-07-09T03:28:24.904-0500] {processor.py:830} INFO - Processing file /opt/airflow/dags/dag_estado_real_vuelo.py for tasks to queue
[2026-07-09T03:28:24.906-0500] {logging_mixin.py:188} INFO - [2026-07-09T03:28:24.906-0500] {dagbag.py:545} INFO - Filling up the DagBag from /opt/airflow/dags/dag_estado_real_vuelo.py
[2026-07-09T03:28:24.961-0500] {processor.py:840} INFO - DAG(s) 'aerotrack_travel_estado_real_vuelo' retrieved from /opt/airflow/dags/dag_estado_real_vuelo.py
[2026-07-09T03:28:25.005-0500] {logging_mixin.py:188} INFO - [2026-07-09T03:28:25.005-0500] {dag.py:3089} INFO - Sync 1 DAGs
[2026-07-09T03:28:25.029-0500] {logging_mixin.py:188} INFO - [2026-07-09T03:28:25.028-0500] {dag.py:3947} INFO - Setting next_dagrun for aerotrack_travel_estado_real_vuelo to 2026-07-09 00:00:00+00:00, run_after=2026-07-10 00:00:00+00:00
[2026-07-09T03:28:25.052-0500] {processor.py:183} INFO - Processing /opt/airflow/dags/dag_estado_real_vuelo.py took 0.154 seconds
[2026-07-09T03:28:55.398-0500] {processor.py:161} INFO - Started process (PID=15856) to work on /opt/airflow/dags/dag_estado_real_vuelo.py
[2026-07-09T03:28:55.399-0500] {processor.py:830} INFO - Processing file /opt/airflow/dags/dag_estado_real_vuelo.py for tasks to queue
[2026-07-09T03:28:55.402-0500] {logging_mixin.py:188} INFO - [2026-07-09T03:28:55.402-0500] {dagbag.py:545} INFO - Filling up the DagBag from /opt/airflow/dags/dag_estado_real_vuelo.py
[2026-07-09T03:28:55.470-0500] {processor.py:840} INFO - DAG(s) 'aerotrack_travel_estado_real_vuelo' retrieved from /opt/airflow/dags/dag_estado_real_vuelo.py
[2026-07-09T03:28:55.534-0500] {logging_mixin.py:188} INFO - [2026-07-09T03:28:55.534-0500] {dag.py:3089} INFO - Sync 1 DAGs
[2026-07-09T03:28:55.564-0500] {logging_mixin.py:188} INFO - [2026-07-09T03:28:55.563-0500] {dag.py:3947} INFO - Setting next_dagrun for aerotrack_travel_estado_real_vuelo to 2026-07-09 00:00:00+00:00, run_after=2026-07-10 00:00:00+00:00
[2026-07-09T03:28:55.589-0500] {processor.py:183} INFO - Processing /opt/airflow/dags/dag_estado_real_vuelo.py took 0.197 seconds
[2026-07-09T03:29:25.918-0500] {processor.py:161} INFO - Started process (PID=15883) to work on /opt/airflow/dags/dag_estado_real_vuelo.py
[2026-07-09T03:29:25.920-0500] {processor.py:830} INFO - Processing file /opt/airflow/dags/dag_estado_real_vuelo.py for tasks to queue
[2026-07-09T03:29:25.922-0500] {logging_mixin.py:188} INFO - [2026-07-09T03:29:25.921-0500] {dagbag.py:545} INFO - Filling up the DagBag from /opt/airflow/dags/dag_estado_real_vuelo.py
[2026-07-09T03:29:25.986-0500] {processor.py:840} INFO - DAG(s) 'aerotrack_travel_estado_real_vuelo' retrieved from /opt/airflow/dags/dag_estado_real_vuelo.py
[2026-07-09T03:29:26.027-0500] {logging_mixin.py:188} INFO - [2026-07-09T03:29:26.027-0500] {dag.py:3089} INFO - Sync 1 DAGs
[2026-07-09T03:29:26.053-0500] {logging_mixin.py:188} INFO - [2026-07-09T03:29:26.053-0500] {dag.py:3947} INFO - Setting next_dagrun for aerotrack_travel_estado_real_vuelo to 2026-07-09 00:00:00+00:00, run_after=2026-07-10 00:00:00+00:00
[2026-07-09T03:29:26.077-0500] {processor.py:183} INFO - Processing /opt/airflow/dags/dag_estado_real_vuelo.py took 0.165 seconds
[2026-07-09T03:29:56.249-0500] {processor.py:161} INFO - Started process (PID=15910) to work on /opt/airflow/dags/dag_estado_real_vuelo.py
[2026-07-09T03:29:56.251-0500] {processor.py:830} INFO - Processing file /opt/airflow/dags/dag_estado_real_vuelo.py for tasks to queue
[2026-07-09T03:29:56.254-0500] {logging_mixin.py:188} INFO - [2026-07-09T03:29:56.254-0500] {dagbag.py:545} INFO - Filling up the DagBag from /opt/airflow/dags/dag_estado_real_vuelo.py
[2026-07-09T03:29:56.318-0500] {processor.py:840} INFO - DAG(s) 'aerotrack_travel_estado_real_vuelo' retrieved from /opt/airflow/dags/dag_estado_real_vuelo.py
[2026-07-09T03:29:56.364-0500] {logging_mixin.py:188} INFO - [2026-07-09T03:29:56.364-0500] {dag.py:3089} INFO - Sync 1 DAGs
[2026-07-09T03:29:56.388-0500] {logging_mixin.py:188} INFO - [2026-07-09T03:29:56.388-0500] {dag.py:3947} INFO - Setting next_dagrun for aerotrack_travel_estado_real_vuelo to 2026-07-09 00:00:00+00:00, run_after=2026-07-10 00:00:00+00:00
[2026-07-09T03:29:56.450-0500] {processor.py:183} INFO - Processing /opt/airflow/dags/dag_estado_real_vuelo.py took 0.209 seconds
[2026-07-09T03:30:26.773-0500] {processor.py:161} INFO - Started process (PID=15937) to work on /opt/airflow/dags/dag_estado_real_vuelo.py
[2026-07-09T03:30:26.774-0500] {processor.py:830} INFO - Processing file /opt/airflow/dags/dag_estado_real_vuelo.py for tasks to queue
[2026-07-09T03:30:26.776-0500] {logging_mixin.py:188} INFO - [2026-07-09T03:30:26.776-0500] {dagbag.py:545} INFO - Filling up the DagBag from /opt/airflow/dags/dag_estado_real_vuelo.py
[2026-07-09T03:30:26.815-0500] {processor.py:840} INFO - DAG(s) 'aerotrack_travel_estado_real_vuelo' retrieved from /opt/airflow/dags/dag_estado_real_vuelo.py
[2026-07-09T03:30:26.852-0500] {logging_mixin.py:188} INFO - [2026-07-09T03:30:26.852-0500] {dag.py:3089} INFO - Sync 1 DAGs
[2026-07-09T03:30:26.874-0500] {logging_mixin.py:188} INFO - [2026-07-09T03:30:26.874-0500] {dag.py:3947} INFO - Setting next_dagrun for aerotrack_travel_estado_real_vuelo to 2026-07-09 00:00:00+00:00, run_after=2026-07-10 00:00:00+00:00
[2026-07-09T03:30:26.892-0500] {processor.py:183} INFO - Processing /opt/airflow/dags/dag_estado_real_vuelo.py took 0.124 seconds
[2026-07-09T03:30:57.731-0500] {processor.py:161} INFO - Started process (PID=15964) to work on /opt/airflow/dags/dag_estado_real_vuelo.py
[2026-07-09T03:30:57.732-0500] {processor.py:830} INFO - Processing file /opt/airflow/dags/dag_estado_real_vuelo.py for tasks to queue
[2026-07-09T03:30:57.734-0500] {logging_mixin.py:188} INFO - [2026-07-09T03:30:57.734-0500] {dagbag.py:545} INFO - Filling up the DagBag from /opt/airflow/dags/dag_estado_real_vuelo.py
[2026-07-09T03:30:57.783-0500] {processor.py:840} INFO - DAG(s) 'aerotrack_travel_estado_real_vuelo' retrieved from /opt/airflow/dags/dag_estado_real_vuelo.py
[2026-07-09T03:30:57.819-0500] {logging_mixin.py:188} INFO - [2026-07-09T03:30:57.819-0500] {dag.py:3089} INFO - Sync 1 DAGs
[2026-07-09T03:30:57.839-0500] {logging_mixin.py:188} INFO - [2026-07-09T03:30:57.839-0500] {dag.py:3947} INFO - Setting next_dagrun for aerotrack_travel_estado_real_vuelo to 2026-07-09 00:00:00+00:00, run_after=2026-07-10 00:00:00+00:00
[2026-07-09T03:30:57.867-0500] {processor.py:183} INFO - Processing /opt/airflow/dags/dag_estado_real_vuelo.py took 0.140 seconds
[2026-07-09T03:31:28.673-0500] {processor.py:161} INFO - Started process (PID=15991) to work on /opt/airflow/dags/dag_estado_real_vuelo.py
[2026-07-09T03:31:28.674-0500] {processor.py:830} INFO - Processing file /opt/airflow/dags/dag_estado_real_vuelo.py for tasks to queue
[2026-07-09T03:31:28.682-0500] {logging_mixin.py:188} INFO - [2026-07-09T03:31:28.682-0500] {dagbag.py:545} INFO - Filling up the DagBag from /opt/airflow/dags/dag_estado_real_vuelo.py
[2026-07-09T03:31:28.728-0500] {processor.py:840} INFO - DAG(s) 'aerotrack_travel_estado_real_vuelo' retrieved from /opt/airflow/dags/dag_estado_real_vuelo.py
[2026-07-09T03:31:28.766-0500] {logging_mixin.py:188} INFO - [2026-07-09T03:31:28.766-0500] {dag.py:3089} INFO - Sync 1 DAGs
[2026-07-09T03:31:28.787-0500] {logging_mixin.py:188} INFO - [2026-07-09T03:31:28.787-0500] {dag.py:3947} INFO - Setting next_dagrun for aerotrack_travel_estado_real_vuelo to 2026-07-09 00:00:00+00:00, run_after=2026-07-10 00:00:00+00:00
[2026-07-09T03:31:28.808-0500] {processor.py:183} INFO - Processing /opt/airflow/dags/dag_estado_real_vuelo.py took 0.140 seconds
[2026-07-09T03:31:59.734-0500] {processor.py:161} INFO - Started process (PID=16018) to work on /opt/airflow/dags/dag_estado_real_vuelo.py
[2026-07-09T03:31:59.735-0500] {processor.py:830} INFO - Processing file /opt/airflow/dags/dag_estado_real_vuelo.py for tasks to queue
[2026-07-09T03:31:59.737-0500] {logging_mixin.py:188} INFO - [2026-07-09T03:31:59.737-0500] {dagbag.py:545} INFO - Filling up the DagBag from /opt/airflow/dags/dag_estado_real_vuelo.py
[2026-07-09T03:31:59.776-0500] {processor.py:840} INFO - DAG(s) 'aerotrack_travel_estado_real_vuelo' retrieved from /opt/airflow/dags/dag_estado_real_vuelo.py
[2026-07-09T03:31:59.812-0500] {logging_mixin.py:188} INFO - [2026-07-09T03:31:59.812-0500] {dag.py:3089} INFO - Sync 1 DAGs
[2026-07-09T03:31:59.833-0500] {logging_mixin.py:188} INFO - [2026-07-09T03:31:59.833-0500] {dag.py:3947} INFO - Setting next_dagrun for aerotrack_travel_estado_real_vuelo to 2026-07-09 00:00:00+00:00, run_after=2026-07-10 00:00:00+00:00
[2026-07-09T03:31:59.896-0500] {processor.py:183} INFO - Processing /opt/airflow/dags/dag_estado_real_vuelo.py took 0.167 seconds
[2026-07-09T03:32:30.568-0500] {processor.py:161} INFO - Started process (PID=16045) to work on /opt/airflow/dags/dag_estado_real_vuelo.py
[2026-07-09T03:32:30.569-0500] {processor.py:830} INFO - Processing file /opt/airflow/dags/dag_estado_real_vuelo.py for tasks to queue
[2026-07-09T03:32:30.571-0500] {logging_mixin.py:188} INFO - [2026-07-09T03:32:30.571-0500] {dagbag.py:545} INFO - Filling up the DagBag from /opt/airflow/dags/dag_estado_real_vuelo.py
[2026-07-09T03:32:30.617-0500] {processor.py:840} INFO - DAG(s) 'aerotrack_travel_estado_real_vuelo' retrieved from /opt/airflow/dags/dag_estado_real_vuelo.py
[2026-07-09T03:32:30.653-0500] {logging_mixin.py:188} INFO - [2026-07-09T03:32:30.653-0500] {dag.py:3089} INFO - Sync 1 DAGs
[2026-07-09T03:32:30.673-0500] {logging_mixin.py:188} INFO - [2026-07-09T03:32:30.672-0500] {dag.py:3947} INFO - Setting next_dagrun for aerotrack_travel_estado_real_vuelo to 2026-07-09 00:00:00+00:00, run_after=2026-07-10 00:00:00+00:00
[2026-07-09T03:32:30.688-0500] {processor.py:183} INFO - Processing /opt/airflow/dags/dag_estado_real_vuelo.py took 0.125 seconds
[2026-07-09T03:33:01.376-0500] {processor.py:161} INFO - Started process (PID=16072) to work on /opt/airflow/dags/dag_estado_real_vuelo.py
[2026-07-09T03:33:01.377-0500] {processor.py:830} INFO - Processing file /opt/airflow/dags/dag_estado_real_vuelo.py for tasks to queue
[2026-07-09T03:33:01.379-0500] {logging_mixin.py:188} INFO - [2026-07-09T03:33:01.379-0500] {dagbag.py:545} INFO - Filling up the DagBag from /opt/airflow/dags/dag_estado_real_vuelo.py
[2026-07-09T03:33:01.412-0500] {processor.py:840} INFO - DAG(s) 'aerotrack_travel_estado_real_vuelo' retrieved from /opt/airflow/dags/dag_estado_real_vuelo.py
[2026-07-09T03:33:01.446-0500] {logging_mixin.py:188} INFO - [2026-07-09T03:33:01.446-0500] {dag.py:3089} INFO - Sync 1 DAGs
[2026-07-09T03:33:01.469-0500] {logging_mixin.py:188} INFO - [2026-07-09T03:33:01.469-0500] {dag.py:3947} INFO - Setting next_dagrun for aerotrack_travel_estado_real_vuelo to 2026-07-09 00:00:00+00:00, run_after=2026-07-10 00:00:00+00:00
[2026-07-09T03:33:01.500-0500] {processor.py:183} INFO - Processing /opt/airflow/dags/dag_estado_real_vuelo.py took 0.128 seconds
[2026-07-09T03:33:32.239-0500] {processor.py:161} INFO - Started process (PID=16099) to work on /opt/airflow/dags/dag_estado_real_vuelo.py
[2026-07-09T03:33:32.240-0500] {processor.py:830} INFO - Processing file /opt/airflow/dags/dag_estado_real_vuelo.py for tasks to queue
[2026-07-09T03:33:32.241-0500] {logging_mixin.py:188} INFO - [2026-07-09T03:33:32.241-0500] {dagbag.py:545} INFO - Filling up the DagBag from /opt/airflow/dags/dag_estado_real_vuelo.py
[2026-07-09T03:33:32.286-0500] {processor.py:840} INFO - DAG(s) 'aerotrack_travel_estado_real_vuelo' retrieved from /opt/airflow/dags/dag_estado_real_vuelo.py
[2026-07-09T03:33:32.319-0500] {logging_mixin.py:188} INFO - [2026-07-09T03:33:32.319-0500] {dag.py:3089} INFO - Sync 1 DAGs
[2026-07-09T03:33:32.341-0500] {logging_mixin.py:188} INFO - [2026-07-09T03:33:32.341-0500] {dag.py:3947} INFO - Setting next_dagrun for aerotrack_travel_estado_real_vuelo to 2026-07-09 00:00:00+00:00, run_after=2026-07-10 00:00:00+00:00
[2026-07-09T03:33:32.357-0500] {processor.py:183} INFO - Processing /opt/airflow/dags/dag_estado_real_vuelo.py took 0.123 seconds
[2026-07-09T03:34:03.102-0500] {processor.py:161} INFO - Started process (PID=16126) to work on /opt/airflow/dags/dag_estado_real_vuelo.py
[2026-07-09T03:34:03.103-0500] {processor.py:830} INFO - Processing file /opt/airflow/dags/dag_estado_real_vuelo.py for tasks to queue
[2026-07-09T03:34:03.105-0500] {logging_mixin.py:188} INFO - [2026-07-09T03:34:03.105-0500] {dagbag.py:545} INFO - Filling up the DagBag from /opt/airflow/dags/dag_estado_real_vuelo.py
[2026-07-09T03:34:03.147-0500] {processor.py:840} INFO - DAG(s) 'aerotrack_travel_estado_real_vuelo' retrieved from /opt/airflow/dags/dag_estado_real_vuelo.py
[2026-07-09T03:34:03.182-0500] {logging_mixin.py:188} INFO - [2026-07-09T03:34:03.182-0500] {dag.py:3089} INFO - Sync 1 DAGs
[2026-07-09T03:34:03.205-0500] {logging_mixin.py:188} INFO - [2026-07-09T03:34:03.205-0500] {dag.py:3947} INFO - Setting next_dagrun for aerotrack_travel_estado_real_vuelo to 2026-07-09 00:00:00+00:00, run_after=2026-07-10 00:00:00+00:00
[2026-07-09T03:34:03.223-0500] {processor.py:183} INFO - Processing /opt/airflow/dags/dag_estado_real_vuelo.py took 0.126 seconds
[2026-07-09T03:34:34.004-0500] {processor.py:161} INFO - Started process (PID=16153) to work on /opt/airflow/dags/dag_estado_real_vuelo.py
[2026-07-09T03:34:34.005-0500] {processor.py:830} INFO - Processing file /opt/airflow/dags/dag_estado_real_vuelo.py for tasks to queue
[2026-07-09T03:34:34.006-0500] {logging_mixin.py:188} INFO - [2026-07-09T03:34:34.006-0500] {dagbag.py:545} INFO - Filling up the DagBag from /opt/airflow/dags/dag_estado_real_vuelo.py
[2026-07-09T03:34:34.049-0500] {processor.py:840} INFO - DAG(s) 'aerotrack_travel_estado_real_vuelo' retrieved from /opt/airflow/dags/dag_estado_real_vuelo.py
[2026-07-09T03:34:34.085-0500] {logging_mixin.py:188} INFO - [2026-07-09T03:34:34.085-0500] {dag.py:3089} INFO - Sync 1 DAGs
[2026-07-09T03:34:34.106-0500] {logging_mixin.py:188} INFO - [2026-07-09T03:34:34.106-0500] {dag.py:3947} INFO - Setting next_dagrun for aerotrack_travel_estado_real_vuelo to 2026-07-09 00:00:00+00:00, run_after=2026-07-10 00:00:00+00:00
[2026-07-09T03:34:34.124-0500] {processor.py:183} INFO - Processing /opt/airflow/dags/dag_estado_real_vuelo.py took 0.124 seconds
[2026-07-09T03:35:04.892-0500] {processor.py:161} INFO - Started process (PID=16180) to work on /opt/airflow/dags/dag_estado_real_vuelo.py
[2026-07-09T03:35:04.893-0500] {processor.py:830} INFO - Processing file /opt/airflow/dags/dag_estado_real_vuelo.py for tasks to queue
[2026-07-09T03:35:04.896-0500] {logging_mixin.py:188} INFO - [2026-07-09T03:35:04.896-0500] {dagbag.py:545} INFO - Filling up the DagBag from /opt/airflow/dags/dag_estado_real_vuelo.py
[2026-07-09T03:35:04.945-0500] {processor.py:840} INFO - DAG(s) 'aerotrack_travel_estado_real_vuelo' retrieved from /opt/airflow/dags/dag_estado_real_vuelo.py
[2026-07-09T03:35:04.982-0500] {logging_mixin.py:188} INFO - [2026-07-09T03:35:04.982-0500] {dag.py:3089} INFO - Sync 1 DAGs
[2026-07-09T03:35:05.006-0500] {logging_mixin.py:188} INFO - [2026-07-09T03:35:05.006-0500] {dag.py:3947} INFO - Setting next_dagrun for aerotrack_travel_estado_real_vuelo to 2026-07-09 00:00:00+00:00, run_after=2026-07-10 00:00:00+00:00
[2026-07-09T03:35:05.027-0500] {processor.py:183} INFO - Processing /opt/airflow/dags/dag_estado_real_vuelo.py took 0.141 seconds
[2026-07-09T03:35:35.895-0500] {processor.py:161} INFO - Started process (PID=16207) to work on /opt/airflow/dags/dag_estado_real_vuelo.py
[2026-07-09T03:35:35.896-0500] {processor.py:830} INFO - Processing file /opt/airflow/dags/dag_estado_real_vuelo.py for tasks to queue
[2026-07-09T03:35:35.898-0500] {logging_mixin.py:188} INFO - [2026-07-09T03:35:35.898-0500] {dagbag.py:545} INFO - Filling up the DagBag from /opt/airflow/dags/dag_estado_real_vuelo.py
[2026-07-09T03:35:35.945-0500] {processor.py:840} INFO - DAG(s) 'aerotrack_travel_estado_real_vuelo' retrieved from /opt/airflow/dags/dag_estado_real_vuelo.py
[2026-07-09T03:35:35.981-0500] {logging_mixin.py:188} INFO - [2026-07-09T03:35:35.981-0500] {dag.py:3089} INFO - Sync 1 DAGs
[2026-07-09T03:35:36.003-0500] {logging_mixin.py:188} INFO - [2026-07-09T03:35:36.003-0500] {dag.py:3947} INFO - Setting next_dagrun for aerotrack_travel_estado_real_vuelo to 2026-07-09 00:00:00+00:00, run_after=2026-07-10 00:00:00+00:00
[2026-07-09T03:35:36.022-0500] {processor.py:183} INFO - Processing /opt/airflow/dags/dag_estado_real_vuelo.py took 0.132 seconds
[2026-07-09T03:36:06.873-0500] {processor.py:161} INFO - Started process (PID=16234) to work on /opt/airflow/dags/dag_estado_real_vuelo.py
[2026-07-09T03:36:06.874-0500] {processor.py:830} INFO - Processing file /opt/airflow/dags/dag_estado_real_vuelo.py for tasks to queue
[2026-07-09T03:36:06.876-0500] {logging_mixin.py:188} INFO - [2026-07-09T03:36:06.876-0500] {dagbag.py:545} INFO - Filling up the DagBag from /opt/airflow/dags/dag_estado_real_vuelo.py
[2026-07-09T03:36:06.918-0500] {processor.py:840} INFO - DAG(s) 'aerotrack_travel_estado_real_vuelo' retrieved from /opt/airflow/dags/dag_estado_real_vuelo.py
[2026-07-09T03:36:06.954-0500] {logging_mixin.py:188} INFO - [2026-07-09T03:36:06.953-0500] {dag.py:3089} INFO - Sync 1 DAGs
[2026-07-09T03:36:06.971-0500] {logging_mixin.py:188} INFO - [2026-07-09T03:36:06.971-0500] {dag.py:3947} INFO - Setting next_dagrun for aerotrack_travel_estado_real_vuelo to 2026-07-09 00:00:00+00:00, run_after=2026-07-10 00:00:00+00:00
[2026-07-09T03:36:06.988-0500] {processor.py:183} INFO - Processing /opt/airflow/dags/dag_estado_real_vuelo.py took 0.119 seconds
[2026-07-09T03:36:37.752-0500] {processor.py:161} INFO - Started process (PID=16261) to work on /opt/airflow/dags/dag_estado_real_vuelo.py
[2026-07-09T03:36:37.753-0500] {processor.py:830} INFO - Processing file /opt/airflow/dags/dag_estado_real_vuelo.py for tasks to queue
[2026-07-09T03:36:37.755-0500] {logging_mixin.py:188} INFO - [2026-07-09T03:36:37.755-0500] {dagbag.py:545} INFO - Filling up the DagBag from /opt/airflow/dags/dag_estado_real_vuelo.py
[2026-07-09T03:36:37.809-0500] {processor.py:840} INFO - DAG(s) 'aerotrack_travel_estado_real_vuelo' retrieved from /opt/airflow/dags/dag_estado_real_vuelo.py
[2026-07-09T03:36:37.843-0500] {logging_mixin.py:188} INFO - [2026-07-09T03:36:37.842-0500] {dag.py:3089} INFO - Sync 1 DAGs
[2026-07-09T03:36:37.861-0500] {logging_mixin.py:188} INFO - [2026-07-09T03:36:37.861-0500] {dag.py:3947} INFO - Setting next_dagrun for aerotrack_travel_estado_real_vuelo to 2026-07-09 00:00:00+00:00, run_after=2026-07-10 00:00:00+00:00
[2026-07-09T03:36:37.875-0500] {processor.py:183} INFO - Processing /opt/airflow/dags/dag_estado_real_vuelo.py took 0.128 seconds
[2026-07-09T03:37:08.522-0500] {processor.py:161} INFO - Started process (PID=16288) to work on /opt/airflow/dags/dag_estado_real_vuelo.py
[2026-07-09T03:37:08.523-0500] {processor.py:830} INFO - Processing file /opt/airflow/dags/dag_estado_real_vuelo.py for tasks to queue
[2026-07-09T03:37:08.524-0500] {logging_mixin.py:188} INFO - [2026-07-09T03:37:08.524-0500] {dagbag.py:545} INFO - Filling up the DagBag from /opt/airflow/dags/dag_estado_real_vuelo.py
[2026-07-09T03:37:08.561-0500] {processor.py:840} INFO - DAG(s) 'aerotrack_travel_estado_real_vuelo' retrieved from /opt/airflow/dags/dag_estado_real_vuelo.py
[2026-07-09T03:37:08.594-0500] {logging_mixin.py:188} INFO - [2026-07-09T03:37:08.594-0500] {dag.py:3089} INFO - Sync 1 DAGs
[2026-07-09T03:37:08.613-0500] {logging_mixin.py:188} INFO - [2026-07-09T03:37:08.613-0500] {dag.py:3947} INFO - Setting next_dagrun for aerotrack_travel_estado_real_vuelo to 2026-07-09 00:00:00+00:00, run_after=2026-07-10 00:00:00+00:00
[2026-07-09T03:37:08.631-0500] {processor.py:183} INFO - Processing /opt/airflow/dags/dag_estado_real_vuelo.py took 0.114 seconds
[2026-07-09T03:37:39.513-0500] {processor.py:161} INFO - Started process (PID=16315) to work on /opt/airflow/dags/dag_estado_real_vuelo.py
[2026-07-09T03:37:39.514-0500] {processor.py:830} INFO - Processing file /opt/airflow/dags/dag_estado_real_vuelo.py for tasks to queue
[2026-07-09T03:37:39.515-0500] {logging_mixin.py:188} INFO - [2026-07-09T03:37:39.515-0500] {dagbag.py:545} INFO - Filling up the DagBag from /opt/airflow/dags/dag_estado_real_vuelo.py
[2026-07-09T03:37:39.560-0500] {processor.py:840} INFO - DAG(s) 'aerotrack_travel_estado_real_vuelo' retrieved from /opt/airflow/dags/dag_estado_real_vuelo.py
[2026-07-09T03:37:39.595-0500] {logging_mixin.py:188} INFO - [2026-07-09T03:37:39.595-0500] {dag.py:3089} INFO - Sync 1 DAGs
[2026-07-09T03:37:39.614-0500] {logging_mixin.py:188} INFO - [2026-07-09T03:37:39.614-0500] {dag.py:3947} INFO - Setting next_dagrun for aerotrack_travel_estado_real_vuelo to 2026-07-09 00:00:00+00:00, run_after=2026-07-10 00:00:00+00:00
[2026-07-09T03:37:39.631-0500] {processor.py:183} INFO - Processing /opt/airflow/dags/dag_estado_real_vuelo.py took 0.123 seconds
[2026-07-09T03:38:10.350-0500] {processor.py:161} INFO - Started process (PID=16342) to work on /opt/airflow/dags/dag_estado_real_vuelo.py
[2026-07-09T03:38:10.351-0500] {processor.py:830} INFO - Processing file /opt/airflow/dags/dag_estado_real_vuelo.py for tasks to queue
[2026-07-09T03:38:10.353-0500] {logging_mixin.py:188} INFO - [2026-07-09T03:38:10.353-0500] {dagbag.py:545} INFO - Filling up the DagBag from /opt/airflow/dags/dag_estado_real_vuelo.py
[2026-07-09T03:38:10.398-0500] {processor.py:840} INFO - DAG(s) 'aerotrack_travel_estado_real_vuelo' retrieved from /opt/airflow/dags/dag_estado_real_vuelo.py
[2026-07-09T03:38:10.432-0500] {logging_mixin.py:188} INFO - [2026-07-09T03:38:10.432-0500] {dag.py:3089} INFO - Sync 1 DAGs
[2026-07-09T03:38:10.453-0500] {logging_mixin.py:188} INFO - [2026-07-09T03:38:10.453-0500] {dag.py:3947} INFO - Setting next_dagrun for aerotrack_travel_estado_real_vuelo to 2026-07-09 00:00:00+00:00, run_after=2026-07-10 00:00:00+00:00
[2026-07-09T03:38:10.469-0500] {processor.py:183} INFO - Processing /opt/airflow/dags/dag_estado_real_vuelo.py took 0.124 seconds
[2026-07-09T03:38:41.185-0500] {processor.py:161} INFO - Started process (PID=16369) to work on /opt/airflow/dags/dag_estado_real_vuelo.py
[2026-07-09T03:38:41.186-0500] {processor.py:830} INFO - Processing file /opt/airflow/dags/dag_estado_real_vuelo.py for tasks to queue
[2026-07-09T03:38:41.187-0500] {logging_mixin.py:188} INFO - [2026-07-09T03:38:41.187-0500] {dagbag.py:545} INFO - Filling up the DagBag from /opt/airflow/dags/dag_estado_real_vuelo.py
[2026-07-09T03:38:41.236-0500] {processor.py:840} INFO - DAG(s) 'aerotrack_travel_estado_real_vuelo' retrieved from /opt/airflow/dags/dag_estado_real_vuelo.py
[2026-07-09T03:38:41.271-0500] {logging_mixin.py:188} INFO - [2026-07-09T03:38:41.271-0500] {dag.py:3089} INFO - Sync 1 DAGs
[2026-07-09T03:38:41.291-0500] {logging_mixin.py:188} INFO - [2026-07-09T03:38:41.291-0500] {dag.py:3947} INFO - Setting next_dagrun for aerotrack_travel_estado_real_vuelo to 2026-07-09 00:00:00+00:00, run_after=2026-07-10 00:00:00+00:00
[2026-07-09T03:38:41.308-0500] {processor.py:183} INFO - Processing /opt/airflow/dags/dag_estado_real_vuelo.py took 0.128 seconds
[2026-07-09T03:39:12.097-0500] {processor.py:161} INFO - Started process (PID=16396) to work on /opt/airflow/dags/dag_estado_real_vuelo.py
[2026-07-09T03:39:12.098-0500] {processor.py:830} INFO - Processing file /opt/airflow/dags/dag_estado_real_vuelo.py for tasks to queue
[2026-07-09T03:39:12.100-0500] {logging_mixin.py:188} INFO - [2026-07-09T03:39:12.100-0500] {dagbag.py:545} INFO - Filling up the DagBag from /opt/airflow/dags/dag_estado_real_vuelo.py
[2026-07-09T03:39:12.148-0500] {processor.py:840} INFO - DAG(s) 'aerotrack_travel_estado_real_vuelo' retrieved from /opt/airflow/dags/dag_estado_real_vuelo.py
[2026-07-09T03:39:12.179-0500] {logging_mixin.py:188} INFO - [2026-07-09T03:39:12.178-0500] {dag.py:3089} INFO - Sync 1 DAGs
[2026-07-09T03:39:12.197-0500] {logging_mixin.py:188} INFO - [2026-07-09T03:39:12.197-0500] {dag.py:3947} INFO - Setting next_dagrun for aerotrack_travel_estado_real_vuelo to 2026-07-09 00:00:00+00:00, run_after=2026-07-10 00:00:00+00:00
[2026-07-09T03:39:12.214-0500] {processor.py:183} INFO - Processing /opt/airflow/dags/dag_estado_real_vuelo.py took 0.123 seconds
[2026-07-09T03:39:43.076-0500] {processor.py:161} INFO - Started process (PID=16423) to work on /opt/airflow/dags/dag_estado_real_vuelo.py
[2026-07-09T03:39:43.077-0500] {processor.py:830} INFO - Processing file /opt/airflow/dags/dag_estado_real_vuelo.py for tasks to queue
[2026-07-09T03:39:43.079-0500] {logging_mixin.py:188} INFO - [2026-07-09T03:39:43.078-0500] {dagbag.py:545} INFO - Filling up the DagBag from /opt/airflow/dags/dag_estado_real_vuelo.py
[2026-07-09T03:39:43.115-0500] {processor.py:840} INFO - DAG(s) 'aerotrack_travel_estado_real_vuelo' retrieved from /opt/airflow/dags/dag_estado_real_vuelo.py
[2026-07-09T03:39:43.143-0500] {logging_mixin.py:188} INFO - [2026-07-09T03:39:43.143-0500] {dag.py:3089} INFO - Sync 1 DAGs
[2026-07-09T03:39:43.164-0500] {logging_mixin.py:188} INFO - [2026-07-09T03:39:43.164-0500] {dag.py:3947} INFO - Setting next_dagrun for aerotrack_travel_estado_real_vuelo to 2026-07-09 00:00:00+00:00, run_after=2026-07-10 00:00:00+00:00
[2026-07-09T03:39:43.180-0500] {processor.py:183} INFO - Processing /opt/airflow/dags/dag_estado_real_vuelo.py took 0.108 seconds
[2026-07-09T03:40:14.014-0500] {processor.py:161} INFO - Started process (PID=16450) to work on /opt/airflow/dags/dag_estado_real_vuelo.py
[2026-07-09T03:40:14.016-0500] {processor.py:830} INFO - Processing file /opt/airflow/dags/dag_estado_real_vuelo.py for tasks to queue
[2026-07-09T03:40:14.017-0500] {logging_mixin.py:188} INFO - [2026-07-09T03:40:14.017-0500] {dagbag.py:545} INFO - Filling up the DagBag from /opt/airflow/dags/dag_estado_real_vuelo.py
[2026-07-09T03:40:14.069-0500] {processor.py:840} INFO - DAG(s) 'aerotrack_travel_estado_real_vuelo' retrieved from /opt/airflow/dags/dag_estado_real_vuelo.py
[2026-07-09T03:40:14.108-0500] {logging_mixin.py:188} INFO - [2026-07-09T03:40:14.107-0500] {dag.py:3089} INFO - Sync 1 DAGs
[2026-07-09T03:40:14.132-0500] {logging_mixin.py:188} INFO - [2026-07-09T03:40:14.132-0500] {dag.py:3947} INFO - Setting next_dagrun for aerotrack_travel_estado_real_vuelo to 2026-07-09 00:00:00+00:00, run_after=2026-07-10 00:00:00+00:00
[2026-07-09T03:40:14.153-0500] {processor.py:183} INFO - Processing /opt/airflow/dags/dag_estado_real_vuelo.py took 0.144 seconds
[2026-07-09T03:40:44.901-0500] {processor.py:161} INFO - Started process (PID=16477) to work on /opt/airflow/dags/dag_estado_real_vuelo.py
[2026-07-09T03:40:44.903-0500] {processor.py:830} INFO - Processing file /opt/airflow/dags/dag_estado_real_vuelo.py for tasks to queue
[2026-07-09T03:40:44.906-0500] {logging_mixin.py:188} INFO - [2026-07-09T03:40:44.905-0500] {dagbag.py:545} INFO - Filling up the DagBag from /opt/airflow/dags/dag_estado_real_vuelo.py
[2026-07-09T03:40:44.966-0500] {processor.py:840} INFO - DAG(s) 'aerotrack_travel_estado_real_vuelo' retrieved from /opt/airflow/dags/dag_estado_real_vuelo.py
[2026-07-09T03:40:45.033-0500] {logging_mixin.py:188} INFO - [2026-07-09T03:40:45.033-0500] {dag.py:3089} INFO - Sync 1 DAGs
[2026-07-09T03:40:45.069-0500] {logging_mixin.py:188} INFO - [2026-07-09T03:40:45.069-0500] {dag.py:3947} INFO - Setting next_dagrun for aerotrack_travel_estado_real_vuelo to 2026-07-09 00:00:00+00:00, run_after=2026-07-10 00:00:00+00:00
[2026-07-09T03:40:45.104-0500] {processor.py:183} INFO - Processing /opt/airflow/dags/dag_estado_real_vuelo.py took 0.209 seconds
[2026-07-09T03:41:15.808-0500] {processor.py:161} INFO - Started process (PID=16504) to work on /opt/airflow/dags/dag_estado_real_vuelo.py
[2026-07-09T03:41:15.809-0500] {processor.py:830} INFO - Processing file /opt/airflow/dags/dag_estado_real_vuelo.py for tasks to queue
[2026-07-09T03:41:15.811-0500] {logging_mixin.py:188} INFO - [2026-07-09T03:41:15.811-0500] {dagbag.py:545} INFO - Filling up the DagBag from /opt/airflow/dags/dag_estado_real_vuelo.py
[2026-07-09T03:41:15.847-0500] {processor.py:840} INFO - DAG(s) 'aerotrack_travel_estado_real_vuelo' retrieved from /opt/airflow/dags/dag_estado_real_vuelo.py
[2026-07-09T03:41:15.883-0500] {logging_mixin.py:188} INFO - [2026-07-09T03:41:15.883-0500] {dag.py:3089} INFO - Sync 1 DAGs
[2026-07-09T03:41:15.903-0500] {logging_mixin.py:188} INFO - [2026-07-09T03:41:15.902-0500] {dag.py:3947} INFO - Setting next_dagrun for aerotrack_travel_estado_real_vuelo to 2026-07-09 00:00:00+00:00, run_after=2026-07-10 00:00:00+00:00
[2026-07-09T03:41:15.920-0500] {processor.py:183} INFO - Processing /opt/airflow/dags/dag_estado_real_vuelo.py took 0.116 seconds
[2026-07-09T03:41:46.749-0500] {processor.py:161} INFO - Started process (PID=16531) to work on /opt/airflow/dags/dag_estado_real_vuelo.py
[2026-07-09T03:41:46.750-0500] {processor.py:830} INFO - Processing file /opt/airflow/dags/dag_estado_real_vuelo.py for tasks to queue
[2026-07-09T03:41:46.751-0500] {logging_mixin.py:188} INFO - [2026-07-09T03:41:46.751-0500] {dagbag.py:545} INFO - Filling up the DagBag from /opt/airflow/dags/dag_estado_real_vuelo.py
[2026-07-09T03:41:46.796-0500] {processor.py:840} INFO - DAG(s) 'aerotrack_travel_estado_real_vuelo' retrieved from /opt/airflow/dags/dag_estado_real_vuelo.py
[2026-07-09T03:41:46.829-0500] {logging_mixin.py:188} INFO - [2026-07-09T03:41:46.829-0500] {dag.py:3089} INFO - Sync 1 DAGs
[2026-07-09T03:41:46.850-0500] {logging_mixin.py:188} INFO - [2026-07-09T03:41:46.850-0500] {dag.py:3947} INFO - Setting next_dagrun for aerotrack_travel_estado_real_vuelo to 2026-07-09 00:00:00+00:00, run_after=2026-07-10 00:00:00+00:00
[2026-07-09T03:41:46.866-0500] {processor.py:183} INFO - Processing /opt/airflow/dags/dag_estado_real_vuelo.py took 0.122 seconds
[2026-07-09T03:42:17.711-0500] {processor.py:161} INFO - Started process (PID=16558) to work on /opt/airflow/dags/dag_estado_real_vuelo.py
[2026-07-09T03:42:17.712-0500] {processor.py:830} INFO - Processing file /opt/airflow/dags/dag_estado_real_vuelo.py for tasks to queue
[2026-07-09T03:42:17.713-0500] {logging_mixin.py:188} INFO - [2026-07-09T03:42:17.713-0500] {dagbag.py:545} INFO - Filling up the DagBag from /opt/airflow/dags/dag_estado_real_vuelo.py
[2026-07-09T03:42:17.756-0500] {processor.py:840} INFO - DAG(s) 'aerotrack_travel_estado_real_vuelo' retrieved from /opt/airflow/dags/dag_estado_real_vuelo.py
[2026-07-09T03:42:17.790-0500] {logging_mixin.py:188} INFO - [2026-07-09T03:42:17.790-0500] {dag.py:3089} INFO - Sync 1 DAGs
[2026-07-09T03:42:17.809-0500] {logging_mixin.py:188} INFO - [2026-07-09T03:42:17.809-0500] {dag.py:3947} INFO - Setting next_dagrun for aerotrack_travel_estado_real_vuelo to 2026-07-09 00:00:00+00:00, run_after=2026-07-10 00:00:00+00:00
[2026-07-09T03:42:17.833-0500] {processor.py:183} INFO - Processing /opt/airflow/dags/dag_estado_real_vuelo.py took 0.127 seconds
[2026-07-09T03:42:48.723-0500] {processor.py:161} INFO - Started process (PID=16585) to work on /opt/airflow/dags/dag_estado_real_vuelo.py
[2026-07-09T03:42:48.723-0500] {processor.py:830} INFO - Processing file /opt/airflow/dags/dag_estado_real_vuelo.py for tasks to queue
[2026-07-09T03:42:48.725-0500] {logging_mixin.py:188} INFO - [2026-07-09T03:42:48.725-0500] {dagbag.py:545} INFO - Filling up the DagBag from /opt/airflow/dags/dag_estado_real_vuelo.py
[2026-07-09T03:42:48.755-0500] {processor.py:840} INFO - DAG(s) 'aerotrack_travel_estado_real_vuelo' retrieved from /opt/airflow/dags/dag_estado_real_vuelo.py
[2026-07-09T03:42:48.784-0500] {logging_mixin.py:188} INFO - [2026-07-09T03:42:48.784-0500] {dag.py:3089} INFO - Sync 1 DAGs
[2026-07-09T03:42:48.806-0500] {logging_mixin.py:188} INFO - [2026-07-09T03:42:48.806-0500] {dag.py:3947} INFO - Setting next_dagrun for aerotrack_travel_estado_real_vuelo to 2026-07-09 00:00:00+00:00, run_after=2026-07-10 00:00:00+00:00
[2026-07-09T03:42:48.822-0500] {processor.py:183} INFO - Processing /opt/airflow/dags/dag_estado_real_vuelo.py took 0.104 seconds
[2026-07-09T03:43:19.525-0500] {processor.py:161} INFO - Started process (PID=16612) to work on /opt/airflow/dags/dag_estado_real_vuelo.py
[2026-07-09T03:43:19.527-0500] {processor.py:830} INFO - Processing file /opt/airflow/dags/dag_estado_real_vuelo.py for tasks to queue
[2026-07-09T03:43:19.531-0500] {logging_mixin.py:188} INFO - [2026-07-09T03:43:19.530-0500] {dagbag.py:545} INFO - Filling up the DagBag from /opt/airflow/dags/dag_estado_real_vuelo.py
[2026-07-09T03:43:19.578-0500] {processor.py:840} INFO - DAG(s) 'aerotrack_travel_estado_real_vuelo' retrieved from /opt/airflow/dags/dag_estado_real_vuelo.py
[2026-07-09T03:43:19.618-0500] {logging_mixin.py:188} INFO - [2026-07-09T03:43:19.618-0500] {dag.py:3089} INFO - Sync 1 DAGs
[2026-07-09T03:43:19.640-0500] {logging_mixin.py:188} INFO - [2026-07-09T03:43:19.639-0500] {dag.py:3947} INFO - Setting next_dagrun for aerotrack_travel_estado_real_vuelo to 2026-07-09 00:00:00+00:00, run_after=2026-07-10 00:00:00+00:00
[2026-07-09T03:43:19.660-0500] {processor.py:183} INFO - Processing /opt/airflow/dags/dag_estado_real_vuelo.py took 0.139 seconds
[2026-07-09T03:43:50.474-0500] {processor.py:161} INFO - Started process (PID=16639) to work on /opt/airflow/dags/dag_estado_real_vuelo.py
[2026-07-09T03:43:50.475-0500] {processor.py:830} INFO - Processing file /opt/airflow/dags/dag_estado_real_vuelo.py for tasks to queue
[2026-07-09T03:43:50.477-0500] {logging_mixin.py:188} INFO - [2026-07-09T03:43:50.477-0500] {dagbag.py:545} INFO - Filling up the DagBag from /opt/airflow/dags/dag_estado_real_vuelo.py
[2026-07-09T03:43:50.525-0500] {processor.py:840} INFO - DAG(s) 'aerotrack_travel_estado_real_vuelo' retrieved from /opt/airflow/dags/dag_estado_real_vuelo.py
[2026-07-09T03:43:50.563-0500] {logging_mixin.py:188} INFO - [2026-07-09T03:43:50.563-0500] {dag.py:3089} INFO - Sync 1 DAGs
[2026-07-09T03:43:50.584-0500] {logging_mixin.py:188} INFO - [2026-07-09T03:43:50.584-0500] {dag.py:3947} INFO - Setting next_dagrun for aerotrack_travel_estado_real_vuelo to 2026-07-09 00:00:00+00:00, run_after=2026-07-10 00:00:00+00:00
[2026-07-09T03:43:50.602-0500] {processor.py:183} INFO - Processing /opt/airflow/dags/dag_estado_real_vuelo.py took 0.134 seconds
[2026-07-09T03:44:20.809-0500] {processor.py:161} INFO - Started process (PID=16671) to work on /opt/airflow/dags/dag_estado_real_vuelo.py
[2026-07-09T03:44:20.810-0500] {processor.py:830} INFO - Processing file /opt/airflow/dags/dag_estado_real_vuelo.py for tasks to queue
[2026-07-09T03:44:20.812-0500] {logging_mixin.py:188} INFO - [2026-07-09T03:44:20.811-0500] {dagbag.py:545} INFO - Filling up the DagBag from /opt/airflow/dags/dag_estado_real_vuelo.py
[2026-07-09T03:44:20.859-0500] {processor.py:840} INFO - DAG(s) 'aerotrack_travel_estado_real_vuelo' retrieved from /opt/airflow/dags/dag_estado_real_vuelo.py
[2026-07-09T03:44:20.894-0500] {logging_mixin.py:188} INFO - [2026-07-09T03:44:20.894-0500] {dag.py:3089} INFO - Sync 1 DAGs
[2026-07-09T03:44:20.914-0500] {logging_mixin.py:188} INFO - [2026-07-09T03:44:20.914-0500] {dag.py:3947} INFO - Setting next_dagrun for aerotrack_travel_estado_real_vuelo to 2026-07-09 00:00:00+00:00, run_after=2026-07-10 00:00:00+00:00
[2026-07-09T03:44:20.932-0500] {processor.py:183} INFO - Processing /opt/airflow/dags/dag_estado_real_vuelo.py took 0.130 seconds
[2026-07-09T03:44:51.654-0500] {processor.py:161} INFO - Started process (PID=16693) to work on /opt/airflow/dags/dag_estado_real_vuelo.py
[2026-07-09T03:44:51.655-0500] {processor.py:830} INFO - Processing file /opt/airflow/dags/dag_estado_real_vuelo.py for tasks to queue
[2026-07-09T03:44:51.657-0500] {logging_mixin.py:188} INFO - [2026-07-09T03:44:51.657-0500] {dagbag.py:545} INFO - Filling up the DagBag from /opt/airflow/dags/dag_estado_real_vuelo.py
[2026-07-09T03:44:51.695-0500] {processor.py:840} INFO - DAG(s) 'aerotrack_travel_estado_real_vuelo' retrieved from /opt/airflow/dags/dag_estado_real_vuelo.py
[2026-07-09T03:44:51.733-0500] {logging_mixin.py:188} INFO - [2026-07-09T03:44:51.733-0500] {dag.py:3089} INFO - Sync 1 DAGs
[2026-07-09T03:44:51.754-0500] {logging_mixin.py:188} INFO - [2026-07-09T03:44:51.754-0500] {dag.py:3947} INFO - Setting next_dagrun for aerotrack_travel_estado_real_vuelo to 2026-07-09 00:00:00+00:00, run_after=2026-07-10 00:00:00+00:00
[2026-07-09T03:44:51.775-0500] {processor.py:183} INFO - Processing /opt/airflow/dags/dag_estado_real_vuelo.py took 0.126 seconds
[2026-07-09T03:45:22.548-0500] {processor.py:161} INFO - Started process (PID=16720) to work on /opt/airflow/dags/dag_estado_real_vuelo.py
[2026-07-09T03:45:22.549-0500] {processor.py:830} INFO - Processing file /opt/airflow/dags/dag_estado_real_vuelo.py for tasks to queue
[2026-07-09T03:45:22.551-0500] {logging_mixin.py:188} INFO - [2026-07-09T03:45:22.551-0500] {dagbag.py:545} INFO - Filling up the DagBag from /opt/airflow/dags/dag_estado_real_vuelo.py
[2026-07-09T03:45:22.594-0500] {processor.py:840} INFO - DAG(s) 'aerotrack_travel_estado_real_vuelo' retrieved from /opt/airflow/dags/dag_estado_real_vuelo.py
[2026-07-09T03:45:22.629-0500] {logging_mixin.py:188} INFO - [2026-07-09T03:45:22.629-0500] {dag.py:3089} INFO - Sync 1 DAGs
[2026-07-09T03:45:22.651-0500] {logging_mixin.py:188} INFO - [2026-07-09T03:45:22.651-0500] {dag.py:3947} INFO - Setting next_dagrun for aerotrack_travel_estado_real_vuelo to 2026-07-09 00:00:00+00:00, run_after=2026-07-10 00:00:00+00:00
[2026-07-09T03:45:22.691-0500] {processor.py:183} INFO - Processing /opt/airflow/dags/dag_estado_real_vuelo.py took 0.148 seconds
[2026-07-09T03:45:52.777-0500] {processor.py:161} INFO - Started process (PID=16747) to work on /opt/airflow/dags/dag_estado_real_vuelo.py
[2026-07-09T03:45:52.778-0500] {processor.py:830} INFO - Processing file /opt/airflow/dags/dag_estado_real_vuelo.py for tasks to queue
[2026-07-09T03:45:52.780-0500] {logging_mixin.py:188} INFO - [2026-07-09T03:45:52.779-0500] {dagbag.py:545} INFO - Filling up the DagBag from /opt/airflow/dags/dag_estado_real_vuelo.py
[2026-07-09T03:45:52.827-0500] {processor.py:840} INFO - DAG(s) 'aerotrack_travel_estado_real_vuelo' retrieved from /opt/airflow/dags/dag_estado_real_vuelo.py
[2026-07-09T03:45:52.866-0500] {logging_mixin.py:188} INFO - [2026-07-09T03:45:52.866-0500] {dag.py:3089} INFO - Sync 1 DAGs
[2026-07-09T03:45:52.893-0500] {logging_mixin.py:188} INFO - [2026-07-09T03:45:52.893-0500] {dag.py:3947} INFO - Setting next_dagrun for aerotrack_travel_estado_real_vuelo to 2026-07-09 00:00:00+00:00, run_after=2026-07-10 00:00:00+00:00
[2026-07-09T03:45:52.915-0500] {processor.py:183} INFO - Processing /opt/airflow/dags/dag_estado_real_vuelo.py took 0.144 seconds
[2026-07-09T03:46:23.792-0500] {processor.py:161} INFO - Started process (PID=16774) to work on /opt/airflow/dags/dag_estado_real_vuelo.py
[2026-07-09T03:46:23.793-0500] {processor.py:830} INFO - Processing file /opt/airflow/dags/dag_estado_real_vuelo.py for tasks to queue
[2026-07-09T03:46:23.796-0500] {logging_mixin.py:188} INFO - [2026-07-09T03:46:23.796-0500] {dagbag.py:545} INFO - Filling up the DagBag from /opt/airflow/dags/dag_estado_real_vuelo.py
[2026-07-09T03:46:23.831-0500] {processor.py:840} INFO - DAG(s) 'aerotrack_travel_estado_real_vuelo' retrieved from /opt/airflow/dags/dag_estado_real_vuelo.py
[2026-07-09T03:46:23.865-0500] {logging_mixin.py:188} INFO - [2026-07-09T03:46:23.865-0500] {dag.py:3089} INFO - Sync 1 DAGs
[2026-07-09T03:46:23.886-0500] {logging_mixin.py:188} INFO - [2026-07-09T03:46:23.886-0500] {dag.py:3947} INFO - Setting next_dagrun for aerotrack_travel_estado_real_vuelo to 2026-07-09 00:00:00+00:00, run_after=2026-07-10 00:00:00+00:00
[2026-07-09T03:46:23.904-0500] {processor.py:183} INFO - Processing /opt/airflow/dags/dag_estado_real_vuelo.py took 0.117 seconds
[2026-07-09T03:46:54.038-0500] {processor.py:161} INFO - Started process (PID=16801) to work on /opt/airflow/dags/dag_estado_real_vuelo.py
[2026-07-09T03:46:54.039-0500] {processor.py:830} INFO - Processing file /opt/airflow/dags/dag_estado_real_vuelo.py for tasks to queue
[2026-07-09T03:46:54.041-0500] {logging_mixin.py:188} INFO - [2026-07-09T03:46:54.041-0500] {dagbag.py:545} INFO - Filling up the DagBag from /opt/airflow/dags/dag_estado_real_vuelo.py
[2026-07-09T03:46:54.086-0500] {processor.py:840} INFO - DAG(s) 'aerotrack_travel_estado_real_vuelo' retrieved from /opt/airflow/dags/dag_estado_real_vuelo.py
[2026-07-09T03:46:54.117-0500] {logging_mixin.py:188} INFO - [2026-07-09T03:46:54.116-0500] {dag.py:3089} INFO - Sync 1 DAGs
[2026-07-09T03:46:54.134-0500] {logging_mixin.py:188} INFO - [2026-07-09T03:46:54.134-0500] {dag.py:3947} INFO - Setting next_dagrun for aerotrack_travel_estado_real_vuelo to 2026-07-09 00:00:00+00:00, run_after=2026-07-10 00:00:00+00:00
[2026-07-09T03:46:54.148-0500] {processor.py:183} INFO - Processing /opt/airflow/dags/dag_estado_real_vuelo.py took 0.116 seconds
[2026-07-09T03:47:24.861-0500] {processor.py:161} INFO - Started process (PID=16828) to work on /opt/airflow/dags/dag_estado_real_vuelo.py
[2026-07-09T03:47:24.862-0500] {processor.py:830} INFO - Processing file /opt/airflow/dags/dag_estado_real_vuelo.py for tasks to queue
[2026-07-09T03:47:24.864-0500] {logging_mixin.py:188} INFO - [2026-07-09T03:47:24.863-0500] {dagbag.py:545} INFO - Filling up the DagBag from /opt/airflow/dags/dag_estado_real_vuelo.py
[2026-07-09T03:47:24.896-0500] {processor.py:840} INFO - DAG(s) 'aerotrack_travel_estado_real_vuelo' retrieved from /opt/airflow/dags/dag_estado_real_vuelo.py
[2026-07-09T03:47:24.925-0500] {logging_mixin.py:188} INFO - [2026-07-09T03:47:24.924-0500] {dag.py:3089} INFO - Sync 1 DAGs
[2026-07-09T03:47:24.944-0500] {logging_mixin.py:188} INFO - [2026-07-09T03:47:24.944-0500] {dag.py:3947} INFO - Setting next_dagrun for aerotrack_travel_estado_real_vuelo to 2026-07-09 00:00:00+00:00, run_after=2026-07-10 00:00:00+00:00
[2026-07-09T03:47:24.975-0500] {processor.py:183} INFO - Processing /opt/airflow/dags/dag_estado_real_vuelo.py took 0.120 seconds
[2026-07-09T03:47:55.846-0500] {processor.py:161} INFO - Started process (PID=16855) to work on /opt/airflow/dags/dag_estado_real_vuelo.py
[2026-07-09T03:47:55.847-0500] {processor.py:830} INFO - Processing file /opt/airflow/dags/dag_estado_real_vuelo.py for tasks to queue
[2026-07-09T03:47:55.849-0500] {logging_mixin.py:188} INFO - [2026-07-09T03:47:55.848-0500] {dagbag.py:545} INFO - Filling up the DagBag from /opt/airflow/dags/dag_estado_real_vuelo.py
[2026-07-09T03:47:55.891-0500] {processor.py:840} INFO - DAG(s) 'aerotrack_travel_estado_real_vuelo' retrieved from /opt/airflow/dags/dag_estado_real_vuelo.py
[2026-07-09T03:47:55.926-0500] {logging_mixin.py:188} INFO - [2026-07-09T03:47:55.926-0500] {dag.py:3089} INFO - Sync 1 DAGs
[2026-07-09T03:47:55.953-0500] {logging_mixin.py:188} INFO - [2026-07-09T03:47:55.953-0500] {dag.py:3947} INFO - Setting next_dagrun for aerotrack_travel_estado_real_vuelo to 2026-07-09 00:00:00+00:00, run_after=2026-07-10 00:00:00+00:00
[2026-07-09T03:47:55.977-0500] {processor.py:183} INFO - Processing /opt/airflow/dags/dag_estado_real_vuelo.py took 0.137 seconds
[2026-07-09T03:48:26.768-0500] {processor.py:161} INFO - Started process (PID=16882) to work on /opt/airflow/dags/dag_estado_real_vuelo.py
[2026-07-09T03:48:26.769-0500] {processor.py:830} INFO - Processing file /opt/airflow/dags/dag_estado_real_vuelo.py for tasks to queue
[2026-07-09T03:48:26.771-0500] {logging_mixin.py:188} INFO - [2026-07-09T03:48:26.771-0500] {dagbag.py:545} INFO - Filling up the DagBag from /opt/airflow/dags/dag_estado_real_vuelo.py
[2026-07-09T03:48:26.819-0500] {processor.py:840} INFO - DAG(s) 'aerotrack_travel_estado_real_vuelo' retrieved from /opt/airflow/dags/dag_estado_real_vuelo.py
[2026-07-09T03:48:26.851-0500] {logging_mixin.py:188} INFO - [2026-07-09T03:48:26.851-0500] {dag.py:3089} INFO - Sync 1 DAGs
[2026-07-09T03:48:26.870-0500] {logging_mixin.py:188} INFO - [2026-07-09T03:48:26.870-0500] {dag.py:3947} INFO - Setting next_dagrun for aerotrack_travel_estado_real_vuelo to 2026-07-09 00:00:00+00:00, run_after=2026-07-10 00:00:00+00:00
[2026-07-09T03:48:26.885-0500] {processor.py:183} INFO - Processing /opt/airflow/dags/dag_estado_real_vuelo.py took 0.122 seconds
[2026-07-09T03:48:57.734-0500] {processor.py:161} INFO - Started process (PID=16909) to work on /opt/airflow/dags/dag_estado_real_vuelo.py
[2026-07-09T03:48:57.735-0500] {processor.py:830} INFO - Processing file /opt/airflow/dags/dag_estado_real_vuelo.py for tasks to queue
[2026-07-09T03:48:57.736-0500] {logging_mixin.py:188} INFO - [2026-07-09T03:48:57.736-0500] {dagbag.py:545} INFO - Filling up the DagBag from /opt/airflow/dags/dag_estado_real_vuelo.py
[2026-07-09T03:48:57.790-0500] {processor.py:840} INFO - DAG(s) 'aerotrack_travel_estado_real_vuelo' retrieved from /opt/airflow/dags/dag_estado_real_vuelo.py
[2026-07-09T03:48:57.824-0500] {logging_mixin.py:188} INFO - [2026-07-09T03:48:57.824-0500] {dag.py:3089} INFO - Sync 1 DAGs
[2026-07-09T03:48:57.845-0500] {logging_mixin.py:188} INFO - [2026-07-09T03:48:57.845-0500] {dag.py:3947} INFO - Setting next_dagrun for aerotrack_travel_estado_real_vuelo to 2026-07-09 00:00:00+00:00, run_after=2026-07-10 00:00:00+00:00
[2026-07-09T03:48:57.864-0500] {processor.py:183} INFO - Processing /opt/airflow/dags/dag_estado_real_vuelo.py took 0.136 seconds
[2026-07-09T03:49:28.635-0500] {processor.py:161} INFO - Started process (PID=16936) to work on /opt/airflow/dags/dag_estado_real_vuelo.py
[2026-07-09T03:49:28.636-0500] {processor.py:830} INFO - Processing file /opt/airflow/dags/dag_estado_real_vuelo.py for tasks to queue
[2026-07-09T03:49:28.638-0500] {logging_mixin.py:188} INFO - [2026-07-09T03:49:28.638-0500] {dagbag.py:545} INFO - Filling up the DagBag from /opt/airflow/dags/dag_estado_real_vuelo.py
[2026-07-09T03:49:28.684-0500] {processor.py:840} INFO - DAG(s) 'aerotrack_travel_estado_real_vuelo' retrieved from /opt/airflow/dags/dag_estado_real_vuelo.py
[2026-07-09T03:49:28.720-0500] {logging_mixin.py:188} INFO - [2026-07-09T03:49:28.720-0500] {dag.py:3089} INFO - Sync 1 DAGs
[2026-07-09T03:49:28.740-0500] {logging_mixin.py:188} INFO - [2026-07-09T03:49:28.739-0500] {dag.py:3947} INFO - Setting next_dagrun for aerotrack_travel_estado_real_vuelo to 2026-07-09 00:00:00+00:00, run_after=2026-07-10 00:00:00+00:00
[2026-07-09T03:49:28.761-0500] {processor.py:183} INFO - Processing /opt/airflow/dags/dag_estado_real_vuelo.py took 0.131 seconds
[2026-07-09T03:49:58.887-0500] {processor.py:161} INFO - Started process (PID=16963) to work on /opt/airflow/dags/dag_estado_real_vuelo.py
[2026-07-09T03:49:58.887-0500] {processor.py:830} INFO - Processing file /opt/airflow/dags/dag_estado_real_vuelo.py for tasks to queue
[2026-07-09T03:49:58.889-0500] {logging_mixin.py:188} INFO - [2026-07-09T03:49:58.889-0500] {dagbag.py:545} INFO - Filling up the DagBag from /opt/airflow/dags/dag_estado_real_vuelo.py
[2026-07-09T03:49:58.934-0500] {processor.py:840} INFO - DAG(s) 'aerotrack_travel_estado_real_vuelo' retrieved from /opt/airflow/dags/dag_estado_real_vuelo.py
[2026-07-09T03:49:58.977-0500] {logging_mixin.py:188} INFO - [2026-07-09T03:49:58.976-0500] {dag.py:3089} INFO - Sync 1 DAGs
[2026-07-09T03:49:59.001-0500] {logging_mixin.py:188} INFO - [2026-07-09T03:49:59.001-0500] {dag.py:3947} INFO - Setting next_dagrun for aerotrack_travel_estado_real_vuelo to 2026-07-09 00:00:00+00:00, run_after=2026-07-10 00:00:00+00:00
[2026-07-09T03:49:59.019-0500] {processor.py:183} INFO - Processing /opt/airflow/dags/dag_estado_real_vuelo.py took 0.137 seconds
[2026-07-09T03:50:29.776-0500] {processor.py:161} INFO - Started process (PID=16990) to work on /opt/airflow/dags/dag_estado_real_vuelo.py
[2026-07-09T03:50:29.777-0500] {processor.py:830} INFO - Processing file /opt/airflow/dags/dag_estado_real_vuelo.py for tasks to queue
[2026-07-09T03:50:29.779-0500] {logging_mixin.py:188} INFO - [2026-07-09T03:50:29.778-0500] {dagbag.py:545} INFO - Filling up the DagBag from /opt/airflow/dags/dag_estado_real_vuelo.py
[2026-07-09T03:50:29.828-0500] {processor.py:840} INFO - DAG(s) 'aerotrack_travel_estado_real_vuelo' retrieved from /opt/airflow/dags/dag_estado_real_vuelo.py
[2026-07-09T03:50:29.874-0500] {logging_mixin.py:188} INFO - [2026-07-09T03:50:29.874-0500] {dag.py:3089} INFO - Sync 1 DAGs
[2026-07-09T03:50:29.897-0500] {logging_mixin.py:188} INFO - [2026-07-09T03:50:29.897-0500] {dag.py:3947} INFO - Setting next_dagrun for aerotrack_travel_estado_real_vuelo to 2026-07-09 00:00:00+00:00, run_after=2026-07-10 00:00:00+00:00
[2026-07-09T03:50:29.916-0500] {processor.py:183} INFO - Processing /opt/airflow/dags/dag_estado_real_vuelo.py took 0.145 seconds
[2026-07-09T03:51:00.857-0500] {processor.py:161} INFO - Started process (PID=17017) to work on /opt/airflow/dags/dag_estado_real_vuelo.py
[2026-07-09T03:51:00.858-0500] {processor.py:830} INFO - Processing file /opt/airflow/dags/dag_estado_real_vuelo.py for tasks to queue
[2026-07-09T03:51:00.860-0500] {logging_mixin.py:188} INFO - [2026-07-09T03:51:00.860-0500] {dagbag.py:545} INFO - Filling up the DagBag from /opt/airflow/dags/dag_estado_real_vuelo.py
[2026-07-09T03:51:00.915-0500] {processor.py:840} INFO - DAG(s) 'aerotrack_travel_estado_real_vuelo' retrieved from /opt/airflow/dags/dag_estado_real_vuelo.py
[2026-07-09T03:51:00.954-0500] {logging_mixin.py:188} INFO - [2026-07-09T03:51:00.954-0500] {dag.py:3089} INFO - Sync 1 DAGs
[2026-07-09T03:51:00.974-0500] {logging_mixin.py:188} INFO - [2026-07-09T03:51:00.974-0500] {dag.py:3947} INFO - Setting next_dagrun for aerotrack_travel_estado_real_vuelo to 2026-07-09 00:00:00+00:00, run_after=2026-07-10 00:00:00+00:00
[2026-07-09T03:51:00.991-0500] {processor.py:183} INFO - Processing /opt/airflow/dags/dag_estado_real_vuelo.py took 0.140 seconds
[2026-07-09T03:51:31.902-0500] {processor.py:161} INFO - Started process (PID=17044) to work on /opt/airflow/dags/dag_estado_real_vuelo.py
[2026-07-09T03:51:31.903-0500] {processor.py:830} INFO - Processing file /opt/airflow/dags/dag_estado_real_vuelo.py for tasks to queue
[2026-07-09T03:51:31.904-0500] {logging_mixin.py:188} INFO - [2026-07-09T03:51:31.904-0500] {dagbag.py:545} INFO - Filling up the DagBag from /opt/airflow/dags/dag_estado_real_vuelo.py
[2026-07-09T03:51:31.951-0500] {processor.py:840} INFO - DAG(s) 'aerotrack_travel_estado_real_vuelo' retrieved from /opt/airflow/dags/dag_estado_real_vuelo.py
[2026-07-09T03:51:31.990-0500] {logging_mixin.py:188} INFO - [2026-07-09T03:51:31.989-0500] {dag.py:3089} INFO - Sync 1 DAGs
[2026-07-09T03:51:32.011-0500] {logging_mixin.py:188} INFO - [2026-07-09T03:51:32.011-0500] {dag.py:3947} INFO - Setting next_dagrun for aerotrack_travel_estado_real_vuelo to 2026-07-09 00:00:00+00:00, run_after=2026-07-10 00:00:00+00:00
[2026-07-09T03:51:32.029-0500] {processor.py:183} INFO - Processing /opt/airflow/dags/dag_estado_real_vuelo.py took 0.132 seconds
[2026-07-09T03:52:02.896-0500] {processor.py:161} INFO - Started process (PID=17071) to work on /opt/airflow/dags/dag_estado_real_vuelo.py
[2026-07-09T03:52:02.897-0500] {processor.py:830} INFO - Processing file /opt/airflow/dags/dag_estado_real_vuelo.py for tasks to queue
[2026-07-09T03:52:02.898-0500] {logging_mixin.py:188} INFO - [2026-07-09T03:52:02.898-0500] {dagbag.py:545} INFO - Filling up the DagBag from /opt/airflow/dags/dag_estado_real_vuelo.py
[2026-07-09T03:52:02.937-0500] {processor.py:840} INFO - DAG(s) 'aerotrack_travel_estado_real_vuelo' retrieved from /opt/airflow/dags/dag_estado_real_vuelo.py
[2026-07-09T03:52:02.976-0500] {logging_mixin.py:188} INFO - [2026-07-09T03:52:02.975-0500] {dag.py:3089} INFO - Sync 1 DAGs
[2026-07-09T03:52:02.996-0500] {logging_mixin.py:188} INFO - [2026-07-09T03:52:02.995-0500] {dag.py:3947} INFO - Setting next_dagrun for aerotrack_travel_estado_real_vuelo to 2026-07-09 00:00:00+00:00, run_after=2026-07-10 00:00:00+00:00
[2026-07-09T03:52:03.014-0500] {processor.py:183} INFO - Processing /opt/airflow/dags/dag_estado_real_vuelo.py took 0.122 seconds
[2026-07-09T03:52:33.737-0500] {processor.py:161} INFO - Started process (PID=17098) to work on /opt/airflow/dags/dag_estado_real_vuelo.py
[2026-07-09T03:52:33.738-0500] {processor.py:830} INFO - Processing file /opt/airflow/dags/dag_estado_real_vuelo.py for tasks to queue
[2026-07-09T03:52:33.741-0500] {logging_mixin.py:188} INFO - [2026-07-09T03:52:33.740-0500] {dagbag.py:545} INFO - Filling up the DagBag from /opt/airflow/dags/dag_estado_real_vuelo.py
[2026-07-09T03:52:33.786-0500] {processor.py:840} INFO - DAG(s) 'aerotrack_travel_estado_real_vuelo' retrieved from /opt/airflow/dags/dag_estado_real_vuelo.py
[2026-07-09T03:52:33.828-0500] {logging_mixin.py:188} INFO - [2026-07-09T03:52:33.828-0500] {dag.py:3089} INFO - Sync 1 DAGs
[2026-07-09T03:52:33.851-0500] {logging_mixin.py:188} INFO - [2026-07-09T03:52:33.851-0500] {dag.py:3947} INFO - Setting next_dagrun for aerotrack_travel_estado_real_vuelo to 2026-07-09 00:00:00+00:00, run_after=2026-07-10 00:00:00+00:00
[2026-07-09T03:52:33.870-0500] {processor.py:183} INFO - Processing /opt/airflow/dags/dag_estado_real_vuelo.py took 0.138 seconds
[2026-07-09T03:53:04.544-0500] {processor.py:161} INFO - Started process (PID=17125) to work on /opt/airflow/dags/dag_estado_real_vuelo.py
[2026-07-09T03:53:04.545-0500] {processor.py:830} INFO - Processing file /opt/airflow/dags/dag_estado_real_vuelo.py for tasks to queue
[2026-07-09T03:53:04.547-0500] {logging_mixin.py:188} INFO - [2026-07-09T03:53:04.547-0500] {dagbag.py:545} INFO - Filling up the DagBag from /opt/airflow/dags/dag_estado_real_vuelo.py
[2026-07-09T03:53:04.582-0500] {processor.py:840} INFO - DAG(s) 'aerotrack_travel_estado_real_vuelo' retrieved from /opt/airflow/dags/dag_estado_real_vuelo.py
[2026-07-09T03:53:04.611-0500] {logging_mixin.py:188} INFO - [2026-07-09T03:53:04.611-0500] {dag.py:3089} INFO - Sync 1 DAGs
[2026-07-09T03:53:04.629-0500] {logging_mixin.py:188} INFO - [2026-07-09T03:53:04.629-0500] {dag.py:3947} INFO - Setting next_dagrun for aerotrack_travel_estado_real_vuelo to 2026-07-09 00:00:00+00:00, run_after=2026-07-10 00:00:00+00:00
[2026-07-09T03:53:04.643-0500] {processor.py:183} INFO - Processing /opt/airflow/dags/dag_estado_real_vuelo.py took 0.103 seconds
[2026-07-09T03:53:35.416-0500] {processor.py:161} INFO - Started process (PID=17152) to work on /opt/airflow/dags/dag_estado_real_vuelo.py
[2026-07-09T03:53:35.417-0500] {processor.py:830} INFO - Processing file /opt/airflow/dags/dag_estado_real_vuelo.py for tasks to queue
[2026-07-09T03:53:35.420-0500] {logging_mixin.py:188} INFO - [2026-07-09T03:53:35.419-0500] {dagbag.py:545} INFO - Filling up the DagBag from /opt/airflow/dags/dag_estado_real_vuelo.py
[2026-07-09T03:53:35.465-0500] {processor.py:840} INFO - DAG(s) 'aerotrack_travel_estado_real_vuelo' retrieved from /opt/airflow/dags/dag_estado_real_vuelo.py
[2026-07-09T03:53:35.505-0500] {logging_mixin.py:188} INFO - [2026-07-09T03:53:35.505-0500] {dag.py:3089} INFO - Sync 1 DAGs
[2026-07-09T03:53:35.527-0500] {logging_mixin.py:188} INFO - [2026-07-09T03:53:35.527-0500] {dag.py:3947} INFO - Setting next_dagrun for aerotrack_travel_estado_real_vuelo to 2026-07-09 00:00:00+00:00, run_after=2026-07-10 00:00:00+00:00
[2026-07-09T03:53:35.546-0500] {processor.py:183} INFO - Processing /opt/airflow/dags/dag_estado_real_vuelo.py took 0.136 seconds
[2026-07-09T03:54:05.616-0500] {processor.py:161} INFO - Started process (PID=17179) to work on /opt/airflow/dags/dag_estado_real_vuelo.py
[2026-07-09T03:54:05.617-0500] {processor.py:830} INFO - Processing file /opt/airflow/dags/dag_estado_real_vuelo.py for tasks to queue
[2026-07-09T03:54:05.619-0500] {logging_mixin.py:188} INFO - [2026-07-09T03:54:05.618-0500] {dagbag.py:545} INFO - Filling up the DagBag from /opt/airflow/dags/dag_estado_real_vuelo.py
[2026-07-09T03:54:05.657-0500] {processor.py:840} INFO - DAG(s) 'aerotrack_travel_estado_real_vuelo' retrieved from /opt/airflow/dags/dag_estado_real_vuelo.py
[2026-07-09T03:54:05.691-0500] {logging_mixin.py:188} INFO - [2026-07-09T03:54:05.691-0500] {dag.py:3089} INFO - Sync 1 DAGs
[2026-07-09T03:54:05.715-0500] {logging_mixin.py:188} INFO - [2026-07-09T03:54:05.715-0500] {dag.py:3947} INFO - Setting next_dagrun for aerotrack_travel_estado_real_vuelo to 2026-07-09 00:00:00+00:00, run_after=2026-07-10 00:00:00+00:00
[2026-07-09T03:54:05.735-0500] {processor.py:183} INFO - Processing /opt/airflow/dags/dag_estado_real_vuelo.py took 0.123 seconds
[2026-07-09T03:54:36.438-0500] {processor.py:161} INFO - Started process (PID=17206) to work on /opt/airflow/dags/dag_estado_real_vuelo.py
[2026-07-09T03:54:36.444-0500] {processor.py:830} INFO - Processing file /opt/airflow/dags/dag_estado_real_vuelo.py for tasks to queue
[2026-07-09T03:54:36.448-0500] {logging_mixin.py:188} INFO - [2026-07-09T03:54:36.447-0500] {dagbag.py:545} INFO - Filling up the DagBag from /opt/airflow/dags/dag_estado_real_vuelo.py
[2026-07-09T03:54:36.496-0500] {processor.py:840} INFO - DAG(s) 'aerotrack_travel_estado_real_vuelo' retrieved from /opt/airflow/dags/dag_estado_real_vuelo.py
[2026-07-09T03:54:36.536-0500] {logging_mixin.py:188} INFO - [2026-07-09T03:54:36.536-0500] {dag.py:3089} INFO - Sync 1 DAGs
[2026-07-09T03:54:36.563-0500] {logging_mixin.py:188} INFO - [2026-07-09T03:54:36.563-0500] {dag.py:3947} INFO - Setting next_dagrun for aerotrack_travel_estado_real_vuelo to 2026-07-09 00:00:00+00:00, run_after=2026-07-10 00:00:00+00:00
[2026-07-09T03:54:36.586-0500] {processor.py:183} INFO - Processing /opt/airflow/dags/dag_estado_real_vuelo.py took 0.158 seconds
[2026-07-09T03:55:07.464-0500] {processor.py:161} INFO - Started process (PID=17233) to work on /opt/airflow/dags/dag_estado_real_vuelo.py
[2026-07-09T03:55:07.465-0500] {processor.py:830} INFO - Processing file /opt/airflow/dags/dag_estado_real_vuelo.py for tasks to queue
[2026-07-09T03:55:07.467-0500] {logging_mixin.py:188} INFO - [2026-07-09T03:55:07.466-0500] {dagbag.py:545} INFO - Filling up the DagBag from /opt/airflow/dags/dag_estado_real_vuelo.py
[2026-07-09T03:55:07.499-0500] {processor.py:840} INFO - DAG(s) 'aerotrack_travel_estado_real_vuelo' retrieved from /opt/airflow/dags/dag_estado_real_vuelo.py
[2026-07-09T03:55:07.531-0500] {logging_mixin.py:188} INFO - [2026-07-09T03:55:07.530-0500] {dag.py:3089} INFO - Sync 1 DAGs
[2026-07-09T03:55:07.550-0500] {logging_mixin.py:188} INFO - [2026-07-09T03:55:07.550-0500] {dag.py:3947} INFO - Setting next_dagrun for aerotrack_travel_estado_real_vuelo to 2026-07-09 00:00:00+00:00, run_after=2026-07-10 00:00:00+00:00
[2026-07-09T03:55:07.565-0500] {processor.py:183} INFO - Processing /opt/airflow/dags/dag_estado_real_vuelo.py took 0.105 seconds
[2026-07-09T03:55:38.389-0500] {processor.py:161} INFO - Started process (PID=17260) to work on /opt/airflow/dags/dag_estado_real_vuelo.py
[2026-07-09T03:55:38.390-0500] {processor.py:830} INFO - Processing file /opt/airflow/dags/dag_estado_real_vuelo.py for tasks to queue
[2026-07-09T03:55:38.392-0500] {logging_mixin.py:188} INFO - [2026-07-09T03:55:38.392-0500] {dagbag.py:545} INFO - Filling up the DagBag from /opt/airflow/dags/dag_estado_real_vuelo.py
[2026-07-09T03:55:38.443-0500] {processor.py:840} INFO - DAG(s) 'aerotrack_travel_estado_real_vuelo' retrieved from /opt/airflow/dags/dag_estado_real_vuelo.py
[2026-07-09T03:55:38.478-0500] {logging_mixin.py:188} INFO - [2026-07-09T03:55:38.478-0500] {dag.py:3089} INFO - Sync 1 DAGs
[2026-07-09T03:55:38.496-0500] {logging_mixin.py:188} INFO - [2026-07-09T03:55:38.496-0500] {dag.py:3947} INFO - Setting next_dagrun for aerotrack_travel_estado_real_vuelo to 2026-07-09 00:00:00+00:00, run_after=2026-07-10 00:00:00+00:00
[2026-07-09T03:55:38.512-0500] {processor.py:183} INFO - Processing /opt/airflow/dags/dag_estado_real_vuelo.py took 0.128 seconds
[2026-07-09T03:56:09.457-0500] {processor.py:161} INFO - Started process (PID=17287) to work on /opt/airflow/dags/dag_estado_real_vuelo.py
[2026-07-09T03:56:09.459-0500] {processor.py:830} INFO - Processing file /opt/airflow/dags/dag_estado_real_vuelo.py for tasks to queue
[2026-07-09T03:56:09.461-0500] {logging_mixin.py:188} INFO - [2026-07-09T03:56:09.461-0500] {dagbag.py:545} INFO - Filling up the DagBag from /opt/airflow/dags/dag_estado_real_vuelo.py
[2026-07-09T03:56:09.503-0500] {processor.py:840} INFO - DAG(s) 'aerotrack_travel_estado_real_vuelo' retrieved from /opt/airflow/dags/dag_estado_real_vuelo.py
[2026-07-09T03:56:09.538-0500] {logging_mixin.py:188} INFO - [2026-07-09T03:56:09.538-0500] {dag.py:3089} INFO - Sync 1 DAGs
[2026-07-09T03:56:09.560-0500] {logging_mixin.py:188} INFO - [2026-07-09T03:56:09.560-0500] {dag.py:3947} INFO - Setting next_dagrun for aerotrack_travel_estado_real_vuelo to 2026-07-09 00:00:00+00:00, run_after=2026-07-10 00:00:00+00:00
[2026-07-09T03:56:09.591-0500] {processor.py:183} INFO - Processing /opt/airflow/dags/dag_estado_real_vuelo.py took 0.141 seconds
[2026-07-09T03:56:40.548-0500] {processor.py:161} INFO - Started process (PID=17314) to work on /opt/airflow/dags/dag_estado_real_vuelo.py
[2026-07-09T03:56:40.549-0500] {processor.py:830} INFO - Processing file /opt/airflow/dags/dag_estado_real_vuelo.py for tasks to queue
[2026-07-09T03:56:40.551-0500] {logging_mixin.py:188} INFO - [2026-07-09T03:56:40.550-0500] {dagbag.py:545} INFO - Filling up the DagBag from /opt/airflow/dags/dag_estado_real_vuelo.py
[2026-07-09T03:56:40.612-0500] {processor.py:840} INFO - DAG(s) 'aerotrack_travel_estado_real_vuelo' retrieved from /opt/airflow/dags/dag_estado_real_vuelo.py
[2026-07-09T03:56:40.654-0500] {logging_mixin.py:188} INFO - [2026-07-09T03:56:40.654-0500] {dag.py:3089} INFO - Sync 1 DAGs
[2026-07-09T03:56:40.679-0500] {logging_mixin.py:188} INFO - [2026-07-09T03:56:40.679-0500] {dag.py:3947} INFO - Setting next_dagrun for aerotrack_travel_estado_real_vuelo to 2026-07-09 00:00:00+00:00, run_after=2026-07-10 00:00:00+00:00
[2026-07-09T03:56:40.699-0500] {processor.py:183} INFO - Processing /opt/airflow/dags/dag_estado_real_vuelo.py took 0.158 seconds
[2026-07-09T03:57:11.565-0500] {processor.py:161} INFO - Started process (PID=17341) to work on /opt/airflow/dags/dag_estado_real_vuelo.py
[2026-07-09T03:57:11.566-0500] {processor.py:830} INFO - Processing file /opt/airflow/dags/dag_estado_real_vuelo.py for tasks to queue
[2026-07-09T03:57:11.568-0500] {logging_mixin.py:188} INFO - [2026-07-09T03:57:11.567-0500] {dagbag.py:545} INFO - Filling up the DagBag from /opt/airflow/dags/dag_estado_real_vuelo.py
[2026-07-09T03:57:11.610-0500] {processor.py:840} INFO - DAG(s) 'aerotrack_travel_estado_real_vuelo' retrieved from /opt/airflow/dags/dag_estado_real_vuelo.py
[2026-07-09T03:57:11.648-0500] {logging_mixin.py:188} INFO - [2026-07-09T03:57:11.648-0500] {dag.py:3089} INFO - Sync 1 DAGs
[2026-07-09T03:57:11.671-0500] {logging_mixin.py:188} INFO - [2026-07-09T03:57:11.670-0500] {dag.py:3947} INFO - Setting next_dagrun for aerotrack_travel_estado_real_vuelo to 2026-07-09 00:00:00+00:00, run_after=2026-07-10 00:00:00+00:00
[2026-07-09T03:57:11.696-0500] {processor.py:183} INFO - Processing /opt/airflow/dags/dag_estado_real_vuelo.py took 0.137 seconds
[2026-07-09T03:57:42.595-0500] {processor.py:161} INFO - Started process (PID=17368) to work on /opt/airflow/dags/dag_estado_real_vuelo.py
[2026-07-09T03:57:42.596-0500] {processor.py:830} INFO - Processing file /opt/airflow/dags/dag_estado_real_vuelo.py for tasks to queue
[2026-07-09T03:57:42.597-0500] {logging_mixin.py:188} INFO - [2026-07-09T03:57:42.597-0500] {dagbag.py:545} INFO - Filling up the DagBag from /opt/airflow/dags/dag_estado_real_vuelo.py
[2026-07-09T03:57:42.636-0500] {processor.py:840} INFO - DAG(s) 'aerotrack_travel_estado_real_vuelo' retrieved from /opt/airflow/dags/dag_estado_real_vuelo.py
[2026-07-09T03:57:42.669-0500] {logging_mixin.py:188} INFO - [2026-07-09T03:57:42.669-0500] {dag.py:3089} INFO - Sync 1 DAGs
[2026-07-09T03:57:42.689-0500] {logging_mixin.py:188} INFO - [2026-07-09T03:57:42.689-0500] {dag.py:3947} INFO - Setting next_dagrun for aerotrack_travel_estado_real_vuelo to 2026-07-09 00:00:00+00:00, run_after=2026-07-10 00:00:00+00:00
[2026-07-09T03:57:42.707-0500] {processor.py:183} INFO - Processing /opt/airflow/dags/dag_estado_real_vuelo.py took 0.117 seconds
[2026-07-09T03:58:13.694-0500] {processor.py:161} INFO - Started process (PID=17395) to work on /opt/airflow/dags/dag_estado_real_vuelo.py
[2026-07-09T03:58:13.695-0500] {processor.py:830} INFO - Processing file /opt/airflow/dags/dag_estado_real_vuelo.py for tasks to queue
[2026-07-09T03:58:13.697-0500] {logging_mixin.py:188} INFO - [2026-07-09T03:58:13.697-0500] {dagbag.py:545} INFO - Filling up the DagBag from /opt/airflow/dags/dag_estado_real_vuelo.py
[2026-07-09T03:58:13.743-0500] {processor.py:840} INFO - DAG(s) 'aerotrack_travel_estado_real_vuelo' retrieved from /opt/airflow/dags/dag_estado_real_vuelo.py
[2026-07-09T03:58:13.779-0500] {logging_mixin.py:188} INFO - [2026-07-09T03:58:13.779-0500] {dag.py:3089} INFO - Sync 1 DAGs
[2026-07-09T03:58:13.799-0500] {logging_mixin.py:188} INFO - [2026-07-09T03:58:13.799-0500] {dag.py:3947} INFO - Setting next_dagrun for aerotrack_travel_estado_real_vuelo to 2026-07-09 00:00:00+00:00, run_after=2026-07-10 00:00:00+00:00
[2026-07-09T03:58:13.815-0500] {processor.py:183} INFO - Processing /opt/airflow/dags/dag_estado_real_vuelo.py took 0.126 seconds
[2026-07-09T03:58:44.742-0500] {processor.py:161} INFO - Started process (PID=17422) to work on /opt/airflow/dags/dag_estado_real_vuelo.py
[2026-07-09T03:58:44.742-0500] {processor.py:830} INFO - Processing file /opt/airflow/dags/dag_estado_real_vuelo.py for tasks to queue
[2026-07-09T03:58:44.745-0500] {logging_mixin.py:188} INFO - [2026-07-09T03:58:44.744-0500] {dagbag.py:545} INFO - Filling up the DagBag from /opt/airflow/dags/dag_estado_real_vuelo.py
[2026-07-09T03:58:44.789-0500] {processor.py:840} INFO - DAG(s) 'aerotrack_travel_estado_real_vuelo' retrieved from /opt/airflow/dags/dag_estado_real_vuelo.py
[2026-07-09T03:58:44.825-0500] {logging_mixin.py:188} INFO - [2026-07-09T03:58:44.824-0500] {dag.py:3089} INFO - Sync 1 DAGs
[2026-07-09T03:58:44.844-0500] {logging_mixin.py:188} INFO - [2026-07-09T03:58:44.844-0500] {dag.py:3947} INFO - Setting next_dagrun for aerotrack_travel_estado_real_vuelo to 2026-07-09 00:00:00+00:00, run_after=2026-07-10 00:00:00+00:00
[2026-07-09T03:58:44.859-0500] {processor.py:183} INFO - Processing /opt/airflow/dags/dag_estado_real_vuelo.py took 0.123 seconds
[2026-07-09T03:59:15.647-0500] {processor.py:161} INFO - Started process (PID=17449) to work on /opt/airflow/dags/dag_estado_real_vuelo.py
[2026-07-09T03:59:15.648-0500] {processor.py:830} INFO - Processing file /opt/airflow/dags/dag_estado_real_vuelo.py for tasks to queue
[2026-07-09T03:59:15.649-0500] {logging_mixin.py:188} INFO - [2026-07-09T03:59:15.649-0500] {dagbag.py:545} INFO - Filling up the DagBag from /opt/airflow/dags/dag_estado_real_vuelo.py
[2026-07-09T03:59:15.683-0500] {processor.py:840} INFO - DAG(s) 'aerotrack_travel_estado_real_vuelo' retrieved from /opt/airflow/dags/dag_estado_real_vuelo.py
[2026-07-09T03:59:15.713-0500] {logging_mixin.py:188} INFO - [2026-07-09T03:59:15.713-0500] {dag.py:3089} INFO - Sync 1 DAGs
[2026-07-09T03:59:15.732-0500] {logging_mixin.py:188} INFO - [2026-07-09T03:59:15.732-0500] {dag.py:3947} INFO - Setting next_dagrun for aerotrack_travel_estado_real_vuelo to 2026-07-09 00:00:00+00:00, run_after=2026-07-10 00:00:00+00:00
[2026-07-09T03:59:15.749-0500] {processor.py:183} INFO - Processing /opt/airflow/dags/dag_estado_real_vuelo.py took 0.107 seconds
[2026-07-09T03:59:46.454-0500] {processor.py:161} INFO - Started process (PID=17476) to work on /opt/airflow/dags/dag_estado_real_vuelo.py
[2026-07-09T03:59:46.455-0500] {processor.py:830} INFO - Processing file /opt/airflow/dags/dag_estado_real_vuelo.py for tasks to queue
[2026-07-09T03:59:46.457-0500] {logging_mixin.py:188} INFO - [2026-07-09T03:59:46.456-0500] {dagbag.py:545} INFO - Filling up the DagBag from /opt/airflow/dags/dag_estado_real_vuelo.py
[2026-07-09T03:59:46.500-0500] {processor.py:840} INFO - DAG(s) 'aerotrack_travel_estado_real_vuelo' retrieved from /opt/airflow/dags/dag_estado_real_vuelo.py
[2026-07-09T03:59:46.543-0500] {logging_mixin.py:188} INFO - [2026-07-09T03:59:46.543-0500] {dag.py:3089} INFO - Sync 1 DAGs
[2026-07-09T03:59:46.561-0500] {logging_mixin.py:188} INFO - [2026-07-09T03:59:46.561-0500] {dag.py:3947} INFO - Setting next_dagrun for aerotrack_travel_estado_real_vuelo to 2026-07-09 00:00:00+00:00, run_after=2026-07-10 00:00:00+00:00
[2026-07-09T03:59:46.581-0500] {processor.py:183} INFO - Processing /opt/airflow/dags/dag_estado_real_vuelo.py took 0.132 seconds
[2026-07-09T04:00:17.407-0500] {processor.py:161} INFO - Started process (PID=17503) to work on /opt/airflow/dags/dag_estado_real_vuelo.py
[2026-07-09T04:00:17.408-0500] {processor.py:830} INFO - Processing file /opt/airflow/dags/dag_estado_real_vuelo.py for tasks to queue
[2026-07-09T04:00:17.410-0500] {logging_mixin.py:188} INFO - [2026-07-09T04:00:17.410-0500] {dagbag.py:545} INFO - Filling up the DagBag from /opt/airflow/dags/dag_estado_real_vuelo.py
[2026-07-09T04:00:17.461-0500] {processor.py:840} INFO - DAG(s) 'aerotrack_travel_estado_real_vuelo' retrieved from /opt/airflow/dags/dag_estado_real_vuelo.py
[2026-07-09T04:00:17.499-0500] {logging_mixin.py:188} INFO - [2026-07-09T04:00:17.499-0500] {dag.py:3089} INFO - Sync 1 DAGs
[2026-07-09T04:00:17.520-0500] {logging_mixin.py:188} INFO - [2026-07-09T04:00:17.520-0500] {dag.py:3947} INFO - Setting next_dagrun for aerotrack_travel_estado_real_vuelo to 2026-07-09 00:00:00+00:00, run_after=2026-07-10 00:00:00+00:00
[2026-07-09T04:00:17.540-0500] {processor.py:183} INFO - Processing /opt/airflow/dags/dag_estado_real_vuelo.py took 0.140 seconds
[2026-07-09T04:00:48.506-0500] {processor.py:161} INFO - Started process (PID=17530) to work on /opt/airflow/dags/dag_estado_real_vuelo.py
[2026-07-09T04:00:48.507-0500] {processor.py:830} INFO - Processing file /opt/airflow/dags/dag_estado_real_vuelo.py for tasks to queue
[2026-07-09T04:00:48.508-0500] {logging_mixin.py:188} INFO - [2026-07-09T04:00:48.508-0500] {dagbag.py:545} INFO - Filling up the DagBag from /opt/airflow/dags/dag_estado_real_vuelo.py
[2026-07-09T04:00:48.551-0500] {processor.py:840} INFO - DAG(s) 'aerotrack_travel_estado_real_vuelo' retrieved from /opt/airflow/dags/dag_estado_real_vuelo.py
[2026-07-09T04:00:48.585-0500] {logging_mixin.py:188} INFO - [2026-07-09T04:00:48.584-0500] {dag.py:3089} INFO - Sync 1 DAGs
[2026-07-09T04:00:48.603-0500] {logging_mixin.py:188} INFO - [2026-07-09T04:00:48.602-0500] {dag.py:3947} INFO - Setting next_dagrun for aerotrack_travel_estado_real_vuelo to 2026-07-09 00:00:00+00:00, run_after=2026-07-10 00:00:00+00:00
[2026-07-09T04:00:48.618-0500] {processor.py:183} INFO - Processing /opt/airflow/dags/dag_estado_real_vuelo.py took 0.118 seconds
[2026-07-09T04:01:19.292-0500] {processor.py:161} INFO - Started process (PID=17557) to work on /opt/airflow/dags/dag_estado_real_vuelo.py
[2026-07-09T04:01:19.292-0500] {processor.py:830} INFO - Processing file /opt/airflow/dags/dag_estado_real_vuelo.py for tasks to queue
[2026-07-09T04:01:19.294-0500] {logging_mixin.py:188} INFO - [2026-07-09T04:01:19.294-0500] {dagbag.py:545} INFO - Filling up the DagBag from /opt/airflow/dags/dag_estado_real_vuelo.py
[2026-07-09T04:01:19.326-0500] {processor.py:840} INFO - DAG(s) 'aerotrack_travel_estado_real_vuelo' retrieved from /opt/airflow/dags/dag_estado_real_vuelo.py
[2026-07-09T04:01:19.357-0500] {logging_mixin.py:188} INFO - [2026-07-09T04:01:19.357-0500] {dag.py:3089} INFO - Sync 1 DAGs
[2026-07-09T04:01:19.375-0500] {logging_mixin.py:188} INFO - [2026-07-09T04:01:19.375-0500] {dag.py:3947} INFO - Setting next_dagrun for aerotrack_travel_estado_real_vuelo to 2026-07-09 00:00:00+00:00, run_after=2026-07-10 00:00:00+00:00
[2026-07-09T04:01:19.391-0500] {processor.py:183} INFO - Processing /opt/airflow/dags/dag_estado_real_vuelo.py took 0.105 seconds
[2026-07-09T04:01:50.213-0500] {processor.py:161} INFO - Started process (PID=17584) to work on /opt/airflow/dags/dag_estado_real_vuelo.py
[2026-07-09T04:01:50.214-0500] {processor.py:830} INFO - Processing file /opt/airflow/dags/dag_estado_real_vuelo.py for tasks to queue
[2026-07-09T04:01:50.216-0500] {logging_mixin.py:188} INFO - [2026-07-09T04:01:50.216-0500] {dagbag.py:545} INFO - Filling up the DagBag from /opt/airflow/dags/dag_estado_real_vuelo.py
[2026-07-09T04:01:50.255-0500] {processor.py:840} INFO - DAG(s) 'aerotrack_travel_estado_real_vuelo' retrieved from /opt/airflow/dags/dag_estado_real_vuelo.py
[2026-07-09T04:01:50.286-0500] {logging_mixin.py:188} INFO - [2026-07-09T04:01:50.286-0500] {dag.py:3089} INFO - Sync 1 DAGs
[2026-07-09T04:01:50.304-0500] {logging_mixin.py:188} INFO - [2026-07-09T04:01:50.303-0500] {dag.py:3947} INFO - Setting next_dagrun for aerotrack_travel_estado_real_vuelo to 2026-07-09 00:00:00+00:00, run_after=2026-07-10 00:00:00+00:00
[2026-07-09T04:01:50.318-0500] {processor.py:183} INFO - Processing /opt/airflow/dags/dag_estado_real_vuelo.py took 0.110 seconds
[2026-07-09T04:02:20.369-0500] {processor.py:161} INFO - Started process (PID=17611) to work on /opt/airflow/dags/dag_estado_real_vuelo.py
[2026-07-09T04:02:20.370-0500] {processor.py:830} INFO - Processing file /opt/airflow/dags/dag_estado_real_vuelo.py for tasks to queue
[2026-07-09T04:02:20.372-0500] {logging_mixin.py:188} INFO - [2026-07-09T04:02:20.372-0500] {dagbag.py:545} INFO - Filling up the DagBag from /opt/airflow/dags/dag_estado_real_vuelo.py
[2026-07-09T04:02:20.415-0500] {processor.py:840} INFO - DAG(s) 'aerotrack_travel_estado_real_vuelo' retrieved from /opt/airflow/dags/dag_estado_real_vuelo.py
[2026-07-09T04:02:20.451-0500] {logging_mixin.py:188} INFO - [2026-07-09T04:02:20.451-0500] {dag.py:3089} INFO - Sync 1 DAGs
[2026-07-09T04:02:20.476-0500] {logging_mixin.py:188} INFO - [2026-07-09T04:02:20.476-0500] {dag.py:3947} INFO - Setting next_dagrun for aerotrack_travel_estado_real_vuelo to 2026-07-09 00:00:00+00:00, run_after=2026-07-10 00:00:00+00:00
[2026-07-09T04:02:20.494-0500] {processor.py:183} INFO - Processing /opt/airflow/dags/dag_estado_real_vuelo.py took 0.131 seconds
[2026-07-09T04:02:51.352-0500] {processor.py:161} INFO - Started process (PID=17638) to work on /opt/airflow/dags/dag_estado_real_vuelo.py
[2026-07-09T04:02:51.353-0500] {processor.py:830} INFO - Processing file /opt/airflow/dags/dag_estado_real_vuelo.py for tasks to queue
[2026-07-09T04:02:51.355-0500] {logging_mixin.py:188} INFO - [2026-07-09T04:02:51.354-0500] {dagbag.py:545} INFO - Filling up the DagBag from /opt/airflow/dags/dag_estado_real_vuelo.py
[2026-07-09T04:02:51.396-0500] {processor.py:840} INFO - DAG(s) 'aerotrack_travel_estado_real_vuelo' retrieved from /opt/airflow/dags/dag_estado_real_vuelo.py
[2026-07-09T04:02:51.441-0500] {logging_mixin.py:188} INFO - [2026-07-09T04:02:51.441-0500] {dag.py:3089} INFO - Sync 1 DAGs
[2026-07-09T04:02:51.470-0500] {logging_mixin.py:188} INFO - [2026-07-09T04:02:51.469-0500] {dag.py:3947} INFO - Setting next_dagrun for aerotrack_travel_estado_real_vuelo to 2026-07-09 00:00:00+00:00, run_after=2026-07-10 00:00:00+00:00
[2026-07-09T04:02:51.490-0500] {processor.py:183} INFO - Processing /opt/airflow/dags/dag_estado_real_vuelo.py took 0.144 seconds
[2026-07-09T04:03:22.261-0500] {processor.py:161} INFO - Started process (PID=17665) to work on /opt/airflow/dags/dag_estado_real_vuelo.py
[2026-07-09T04:03:22.262-0500] {processor.py:830} INFO - Processing file /opt/airflow/dags/dag_estado_real_vuelo.py for tasks to queue
[2026-07-09T04:03:22.264-0500] {logging_mixin.py:188} INFO - [2026-07-09T04:03:22.264-0500] {dagbag.py:545} INFO - Filling up the DagBag from /opt/airflow/dags/dag_estado_real_vuelo.py
[2026-07-09T04:03:22.303-0500] {processor.py:840} INFO - DAG(s) 'aerotrack_travel_estado_real_vuelo' retrieved from /opt/airflow/dags/dag_estado_real_vuelo.py
[2026-07-09T04:03:22.341-0500] {logging_mixin.py:188} INFO - [2026-07-09T04:03:22.341-0500] {dag.py:3089} INFO - Sync 1 DAGs
[2026-07-09T04:03:22.363-0500] {logging_mixin.py:188} INFO - [2026-07-09T04:03:22.363-0500] {dag.py:3947} INFO - Setting next_dagrun for aerotrack_travel_estado_real_vuelo to 2026-07-09 00:00:00+00:00, run_after=2026-07-10 00:00:00+00:00
[2026-07-09T04:03:22.380-0500] {processor.py:183} INFO - Processing /opt/airflow/dags/dag_estado_real_vuelo.py took 0.125 seconds
[2026-07-09T04:03:53.129-0500] {processor.py:161} INFO - Started process (PID=17692) to work on /opt/airflow/dags/dag_estado_real_vuelo.py
[2026-07-09T04:03:53.130-0500] {processor.py:830} INFO - Processing file /opt/airflow/dags/dag_estado_real_vuelo.py for tasks to queue
[2026-07-09T04:03:53.132-0500] {logging_mixin.py:188} INFO - [2026-07-09T04:03:53.132-0500] {dagbag.py:545} INFO - Filling up the DagBag from /opt/airflow/dags/dag_estado_real_vuelo.py
[2026-07-09T04:03:53.186-0500] {processor.py:840} INFO - DAG(s) 'aerotrack_travel_estado_real_vuelo' retrieved from /opt/airflow/dags/dag_estado_real_vuelo.py
[2026-07-09T04:03:53.225-0500] {logging_mixin.py:188} INFO - [2026-07-09T04:03:53.225-0500] {dag.py:3089} INFO - Sync 1 DAGs
[2026-07-09T04:03:53.245-0500] {logging_mixin.py:188} INFO - [2026-07-09T04:03:53.245-0500] {dag.py:3947} INFO - Setting next_dagrun for aerotrack_travel_estado_real_vuelo to 2026-07-09 00:00:00+00:00, run_after=2026-07-10 00:00:00+00:00
[2026-07-09T04:03:53.261-0500] {processor.py:183} INFO - Processing /opt/airflow/dags/dag_estado_real_vuelo.py took 0.137 seconds
[2026-07-09T04:04:24.236-0500] {processor.py:161} INFO - Started process (PID=17719) to work on /opt/airflow/dags/dag_estado_real_vuelo.py
[2026-07-09T04:04:24.237-0500] {processor.py:830} INFO - Processing file /opt/airflow/dags/dag_estado_real_vuelo.py for tasks to queue
[2026-07-09T04:04:24.239-0500] {logging_mixin.py:188} INFO - [2026-07-09T04:04:24.238-0500] {dagbag.py:545} INFO - Filling up the DagBag from /opt/airflow/dags/dag_estado_real_vuelo.py
[2026-07-09T04:04:24.288-0500] {processor.py:840} INFO - DAG(s) 'aerotrack_travel_estado_real_vuelo' retrieved from /opt/airflow/dags/dag_estado_real_vuelo.py
[2026-07-09T04:04:24.321-0500] {logging_mixin.py:188} INFO - [2026-07-09T04:04:24.321-0500] {dag.py:3089} INFO - Sync 1 DAGs
[2026-07-09T04:04:24.341-0500] {logging_mixin.py:188} INFO - [2026-07-09T04:04:24.340-0500] {dag.py:3947} INFO - Setting next_dagrun for aerotrack_travel_estado_real_vuelo to 2026-07-09 00:00:00+00:00, run_after=2026-07-10 00:00:00+00:00
[2026-07-09T04:04:24.356-0500] {processor.py:183} INFO - Processing /opt/airflow/dags/dag_estado_real_vuelo.py took 0.124 seconds
[2026-07-09T04:04:55.167-0500] {processor.py:161} INFO - Started process (PID=17746) to work on /opt/airflow/dags/dag_estado_real_vuelo.py
[2026-07-09T04:04:55.168-0500] {processor.py:830} INFO - Processing file /opt/airflow/dags/dag_estado_real_vuelo.py for tasks to queue
[2026-07-09T04:04:55.170-0500] {logging_mixin.py:188} INFO - [2026-07-09T04:04:55.170-0500] {dagbag.py:545} INFO - Filling up the DagBag from /opt/airflow/dags/dag_estado_real_vuelo.py
[2026-07-09T04:04:55.227-0500] {processor.py:840} INFO - DAG(s) 'aerotrack_travel_estado_real_vuelo' retrieved from /opt/airflow/dags/dag_estado_real_vuelo.py
[2026-07-09T04:04:55.271-0500] {logging_mixin.py:188} INFO - [2026-07-09T04:04:55.271-0500] {dag.py:3089} INFO - Sync 1 DAGs
[2026-07-09T04:04:55.301-0500] {logging_mixin.py:188} INFO - [2026-07-09T04:04:55.300-0500] {dag.py:3947} INFO - Setting next_dagrun for aerotrack_travel_estado_real_vuelo to 2026-07-09 00:00:00+00:00, run_after=2026-07-10 00:00:00+00:00
[2026-07-09T04:04:55.320-0500] {processor.py:183} INFO - Processing /opt/airflow/dags/dag_estado_real_vuelo.py took 0.158 seconds
[2026-07-09T04:05:26.060-0500] {processor.py:161} INFO - Started process (PID=17773) to work on /opt/airflow/dags/dag_estado_real_vuelo.py
[2026-07-09T04:05:26.062-0500] {processor.py:830} INFO - Processing file /opt/airflow/dags/dag_estado_real_vuelo.py for tasks to queue
[2026-07-09T04:05:26.064-0500] {logging_mixin.py:188} INFO - [2026-07-09T04:05:26.064-0500] {dagbag.py:545} INFO - Filling up the DagBag from /opt/airflow/dags/dag_estado_real_vuelo.py
[2026-07-09T04:05:26.098-0500] {processor.py:840} INFO - DAG(s) 'aerotrack_travel_estado_real_vuelo' retrieved from /opt/airflow/dags/dag_estado_real_vuelo.py
[2026-07-09T04:05:26.132-0500] {logging_mixin.py:188} INFO - [2026-07-09T04:05:26.132-0500] {dag.py:3089} INFO - Sync 1 DAGs
[2026-07-09T04:05:26.154-0500] {logging_mixin.py:188} INFO - [2026-07-09T04:05:26.154-0500] {dag.py:3947} INFO - Setting next_dagrun for aerotrack_travel_estado_real_vuelo to 2026-07-09 00:00:00+00:00, run_after=2026-07-10 00:00:00+00:00
[2026-07-09T04:05:26.170-0500] {processor.py:183} INFO - Processing /opt/airflow/dags/dag_estado_real_vuelo.py took 0.116 seconds
[2026-07-09T04:05:56.858-0500] {processor.py:161} INFO - Started process (PID=17800) to work on /opt/airflow/dags/dag_estado_real_vuelo.py
[2026-07-09T04:05:56.859-0500] {processor.py:830} INFO - Processing file /opt/airflow/dags/dag_estado_real_vuelo.py for tasks to queue
[2026-07-09T04:05:56.861-0500] {logging_mixin.py:188} INFO - [2026-07-09T04:05:56.861-0500] {dagbag.py:545} INFO - Filling up the DagBag from /opt/airflow/dags/dag_estado_real_vuelo.py
[2026-07-09T04:05:56.900-0500] {processor.py:840} INFO - DAG(s) 'aerotrack_travel_estado_real_vuelo' retrieved from /opt/airflow/dags/dag_estado_real_vuelo.py
[2026-07-09T04:05:56.937-0500] {logging_mixin.py:188} INFO - [2026-07-09T04:05:56.936-0500] {dag.py:3089} INFO - Sync 1 DAGs
[2026-07-09T04:05:56.958-0500] {logging_mixin.py:188} INFO - [2026-07-09T04:05:56.958-0500] {dag.py:3947} INFO - Setting next_dagrun for aerotrack_travel_estado_real_vuelo to 2026-07-09 00:00:00+00:00, run_after=2026-07-10 00:00:00+00:00
[2026-07-09T04:05:56.976-0500] {processor.py:183} INFO - Processing /opt/airflow/dags/dag_estado_real_vuelo.py took 0.123 seconds
[2026-07-09T04:06:27.793-0500] {processor.py:161} INFO - Started process (PID=17827) to work on /opt/airflow/dags/dag_estado_real_vuelo.py
[2026-07-09T04:06:27.794-0500] {processor.py:830} INFO - Processing file /opt/airflow/dags/dag_estado_real_vuelo.py for tasks to queue
[2026-07-09T04:06:27.796-0500] {logging_mixin.py:188} INFO - [2026-07-09T04:06:27.796-0500] {dagbag.py:545} INFO - Filling up the DagBag from /opt/airflow/dags/dag_estado_real_vuelo.py
[2026-07-09T04:06:27.830-0500] {processor.py:840} INFO - DAG(s) 'aerotrack_travel_estado_real_vuelo' retrieved from /opt/airflow/dags/dag_estado_real_vuelo.py
[2026-07-09T04:06:27.866-0500] {logging_mixin.py:188} INFO - [2026-07-09T04:06:27.866-0500] {dag.py:3089} INFO - Sync 1 DAGs
[2026-07-09T04:06:27.886-0500] {logging_mixin.py:188} INFO - [2026-07-09T04:06:27.885-0500] {dag.py:3947} INFO - Setting next_dagrun for aerotrack_travel_estado_real_vuelo to 2026-07-09 00:00:00+00:00, run_after=2026-07-10 00:00:00+00:00
[2026-07-09T04:06:27.900-0500] {processor.py:183} INFO - Processing /opt/airflow/dags/dag_estado_real_vuelo.py took 0.112 seconds
[2026-07-09T04:06:58.711-0500] {processor.py:161} INFO - Started process (PID=17854) to work on /opt/airflow/dags/dag_estado_real_vuelo.py
[2026-07-09T04:06:58.712-0500] {processor.py:830} INFO - Processing file /opt/airflow/dags/dag_estado_real_vuelo.py for tasks to queue
[2026-07-09T04:06:58.714-0500] {logging_mixin.py:188} INFO - [2026-07-09T04:06:58.713-0500] {dagbag.py:545} INFO - Filling up the DagBag from /opt/airflow/dags/dag_estado_real_vuelo.py
[2026-07-09T04:06:58.746-0500] {processor.py:840} INFO - DAG(s) 'aerotrack_travel_estado_real_vuelo' retrieved from /opt/airflow/dags/dag_estado_real_vuelo.py
[2026-07-09T04:06:58.779-0500] {logging_mixin.py:188} INFO - [2026-07-09T04:06:58.779-0500] {dag.py:3089} INFO - Sync 1 DAGs
[2026-07-09T04:06:58.800-0500] {logging_mixin.py:188} INFO - [2026-07-09T04:06:58.800-0500] {dag.py:3947} INFO - Setting next_dagrun for aerotrack_travel_estado_real_vuelo to 2026-07-09 00:00:00+00:00, run_after=2026-07-10 00:00:00+00:00
[2026-07-09T04:06:58.815-0500] {processor.py:183} INFO - Processing /opt/airflow/dags/dag_estado_real_vuelo.py took 0.108 seconds
[2026-07-09T04:07:29.615-0500] {processor.py:161} INFO - Started process (PID=17881) to work on /opt/airflow/dags/dag_estado_real_vuelo.py
[2026-07-09T04:07:29.616-0500] {processor.py:830} INFO - Processing file /opt/airflow/dags/dag_estado_real_vuelo.py for tasks to queue
[2026-07-09T04:07:29.618-0500] {logging_mixin.py:188} INFO - [2026-07-09T04:07:29.617-0500] {dagbag.py:545} INFO - Filling up the DagBag from /opt/airflow/dags/dag_estado_real_vuelo.py
[2026-07-09T04:07:29.649-0500] {processor.py:840} INFO - DAG(s) 'aerotrack_travel_estado_real_vuelo' retrieved from /opt/airflow/dags/dag_estado_real_vuelo.py
[2026-07-09T04:07:29.680-0500] {logging_mixin.py:188} INFO - [2026-07-09T04:07:29.680-0500] {dag.py:3089} INFO - Sync 1 DAGs
[2026-07-09T04:07:29.701-0500] {logging_mixin.py:188} INFO - [2026-07-09T04:07:29.700-0500] {dag.py:3947} INFO - Setting next_dagrun for aerotrack_travel_estado_real_vuelo to 2026-07-09 00:00:00+00:00, run_after=2026-07-10 00:00:00+00:00
[2026-07-09T04:07:29.716-0500] {processor.py:183} INFO - Processing /opt/airflow/dags/dag_estado_real_vuelo.py took 0.106 seconds
[2026-07-09T04:08:00.435-0500] {processor.py:161} INFO - Started process (PID=17908) to work on /opt/airflow/dags/dag_estado_real_vuelo.py
[2026-07-09T04:08:00.436-0500] {processor.py:830} INFO - Processing file /opt/airflow/dags/dag_estado_real_vuelo.py for tasks to queue
[2026-07-09T04:08:00.438-0500] {logging_mixin.py:188} INFO - [2026-07-09T04:08:00.437-0500] {dagbag.py:545} INFO - Filling up the DagBag from /opt/airflow/dags/dag_estado_real_vuelo.py
[2026-07-09T04:08:00.470-0500] {processor.py:840} INFO - DAG(s) 'aerotrack_travel_estado_real_vuelo' retrieved from /opt/airflow/dags/dag_estado_real_vuelo.py
[2026-07-09T04:08:00.505-0500] {logging_mixin.py:188} INFO - [2026-07-09T04:08:00.505-0500] {dag.py:3089} INFO - Sync 1 DAGs
[2026-07-09T04:08:00.524-0500] {logging_mixin.py:188} INFO - [2026-07-09T04:08:00.524-0500] {dag.py:3947} INFO - Setting next_dagrun for aerotrack_travel_estado_real_vuelo to 2026-07-09 00:00:00+00:00, run_after=2026-07-10 00:00:00+00:00
[2026-07-09T04:08:00.541-0500] {processor.py:183} INFO - Processing /opt/airflow/dags/dag_estado_real_vuelo.py took 0.110 seconds
[2026-07-09T04:08:30.590-0500] {processor.py:161} INFO - Started process (PID=17935) to work on /opt/airflow/dags/dag_estado_real_vuelo.py
[2026-07-09T04:08:30.591-0500] {processor.py:830} INFO - Processing file /opt/airflow/dags/dag_estado_real_vuelo.py for tasks to queue
[2026-07-09T04:08:30.593-0500] {logging_mixin.py:188} INFO - [2026-07-09T04:08:30.592-0500] {dagbag.py:545} INFO - Filling up the DagBag from /opt/airflow/dags/dag_estado_real_vuelo.py
[2026-07-09T04:08:30.641-0500] {processor.py:840} INFO - DAG(s) 'aerotrack_travel_estado_real_vuelo' retrieved from /opt/airflow/dags/dag_estado_real_vuelo.py
[2026-07-09T04:08:30.675-0500] {logging_mixin.py:188} INFO - [2026-07-09T04:08:30.675-0500] {dag.py:3089} INFO - Sync 1 DAGs
[2026-07-09T04:08:30.696-0500] {logging_mixin.py:188} INFO - [2026-07-09T04:08:30.696-0500] {dag.py:3947} INFO - Setting next_dagrun for aerotrack_travel_estado_real_vuelo to 2026-07-09 00:00:00+00:00, run_after=2026-07-10 00:00:00+00:00
[2026-07-09T04:08:30.713-0500] {processor.py:183} INFO - Processing /opt/airflow/dags/dag_estado_real_vuelo.py took 0.127 seconds
[2026-07-09T04:09:01.613-0500] {processor.py:161} INFO - Started process (PID=17962) to work on /opt/airflow/dags/dag_estado_real_vuelo.py
[2026-07-09T04:09:01.614-0500] {processor.py:830} INFO - Processing file /opt/airflow/dags/dag_estado_real_vuelo.py for tasks to queue
[2026-07-09T04:09:01.616-0500] {logging_mixin.py:188} INFO - [2026-07-09T04:09:01.616-0500] {dagbag.py:545} INFO - Filling up the DagBag from /opt/airflow/dags/dag_estado_real_vuelo.py
[2026-07-09T04:09:01.664-0500] {processor.py:840} INFO - DAG(s) 'aerotrack_travel_estado_real_vuelo' retrieved from /opt/airflow/dags/dag_estado_real_vuelo.py
[2026-07-09T04:09:01.704-0500] {logging_mixin.py:188} INFO - [2026-07-09T04:09:01.703-0500] {dag.py:3089} INFO - Sync 1 DAGs
[2026-07-09T04:09:01.724-0500] {logging_mixin.py:188} INFO - [2026-07-09T04:09:01.724-0500] {dag.py:3947} INFO - Setting next_dagrun for aerotrack_travel_estado_real_vuelo to 2026-07-09 00:00:00+00:00, run_after=2026-07-10 00:00:00+00:00
[2026-07-09T04:09:01.742-0500] {processor.py:183} INFO - Processing /opt/airflow/dags/dag_estado_real_vuelo.py took 0.133 seconds
[2026-07-09T04:09:32.551-0500] {processor.py:161} INFO - Started process (PID=17989) to work on /opt/airflow/dags/dag_estado_real_vuelo.py
[2026-07-09T04:09:32.552-0500] {processor.py:830} INFO - Processing file /opt/airflow/dags/dag_estado_real_vuelo.py for tasks to queue
[2026-07-09T04:09:32.553-0500] {logging_mixin.py:188} INFO - [2026-07-09T04:09:32.553-0500] {dagbag.py:545} INFO - Filling up the DagBag from /opt/airflow/dags/dag_estado_real_vuelo.py
[2026-07-09T04:09:32.593-0500] {processor.py:840} INFO - DAG(s) 'aerotrack_travel_estado_real_vuelo' retrieved from /opt/airflow/dags/dag_estado_real_vuelo.py
[2026-07-09T04:09:32.629-0500] {logging_mixin.py:188} INFO - [2026-07-09T04:09:32.628-0500] {dag.py:3089} INFO - Sync 1 DAGs
[2026-07-09T04:09:32.649-0500] {logging_mixin.py:188} INFO - [2026-07-09T04:09:32.649-0500] {dag.py:3947} INFO - Setting next_dagrun for aerotrack_travel_estado_real_vuelo to 2026-07-09 00:00:00+00:00, run_after=2026-07-10 00:00:00+00:00
[2026-07-09T04:09:32.665-0500] {processor.py:183} INFO - Processing /opt/airflow/dags/dag_estado_real_vuelo.py took 0.118 seconds
[2026-07-09T04:10:03.383-0500] {processor.py:161} INFO - Started process (PID=18016) to work on /opt/airflow/dags/dag_estado_real_vuelo.py
[2026-07-09T04:10:03.384-0500] {processor.py:830} INFO - Processing file /opt/airflow/dags/dag_estado_real_vuelo.py for tasks to queue
[2026-07-09T04:10:03.385-0500] {logging_mixin.py:188} INFO - [2026-07-09T04:10:03.385-0500] {dagbag.py:545} INFO - Filling up the DagBag from /opt/airflow/dags/dag_estado_real_vuelo.py
[2026-07-09T04:10:03.420-0500] {processor.py:840} INFO - DAG(s) 'aerotrack_travel_estado_real_vuelo' retrieved from /opt/airflow/dags/dag_estado_real_vuelo.py
[2026-07-09T04:10:03.459-0500] {logging_mixin.py:188} INFO - [2026-07-09T04:10:03.459-0500] {dag.py:3089} INFO - Sync 1 DAGs
[2026-07-09T04:10:03.483-0500] {logging_mixin.py:188} INFO - [2026-07-09T04:10:03.482-0500] {dag.py:3947} INFO - Setting next_dagrun for aerotrack_travel_estado_real_vuelo to 2026-07-09 00:00:00+00:00, run_after=2026-07-10 00:00:00+00:00
[2026-07-09T04:10:03.501-0500] {processor.py:183} INFO - Processing /opt/airflow/dags/dag_estado_real_vuelo.py took 0.122 seconds
[2026-07-09T04:10:34.350-0500] {processor.py:161} INFO - Started process (PID=18043) to work on /opt/airflow/dags/dag_estado_real_vuelo.py
[2026-07-09T04:10:34.351-0500] {processor.py:830} INFO - Processing file /opt/airflow/dags/dag_estado_real_vuelo.py for tasks to queue
[2026-07-09T04:10:34.352-0500] {logging_mixin.py:188} INFO - [2026-07-09T04:10:34.352-0500] {dagbag.py:545} INFO - Filling up the DagBag from /opt/airflow/dags/dag_estado_real_vuelo.py
[2026-07-09T04:10:34.394-0500] {processor.py:840} INFO - DAG(s) 'aerotrack_travel_estado_real_vuelo' retrieved from /opt/airflow/dags/dag_estado_real_vuelo.py
[2026-07-09T04:10:34.426-0500] {logging_mixin.py:188} INFO - [2026-07-09T04:10:34.425-0500] {dag.py:3089} INFO - Sync 1 DAGs
[2026-07-09T04:10:34.444-0500] {logging_mixin.py:188} INFO - [2026-07-09T04:10:34.444-0500] {dag.py:3947} INFO - Setting next_dagrun for aerotrack_travel_estado_real_vuelo to 2026-07-09 00:00:00+00:00, run_after=2026-07-10 00:00:00+00:00
[2026-07-09T04:10:34.459-0500] {processor.py:183} INFO - Processing /opt/airflow/dags/dag_estado_real_vuelo.py took 0.114 seconds
[2026-07-09T04:11:05.269-0500] {processor.py:161} INFO - Started process (PID=18070) to work on /opt/airflow/dags/dag_estado_real_vuelo.py
[2026-07-09T04:11:05.270-0500] {processor.py:830} INFO - Processing file /opt/airflow/dags/dag_estado_real_vuelo.py for tasks to queue
[2026-07-09T04:11:05.271-0500] {logging_mixin.py:188} INFO - [2026-07-09T04:11:05.271-0500] {dagbag.py:545} INFO - Filling up the DagBag from /opt/airflow/dags/dag_estado_real_vuelo.py
[2026-07-09T04:11:05.314-0500] {processor.py:840} INFO - DAG(s) 'aerotrack_travel_estado_real_vuelo' retrieved from /opt/airflow/dags/dag_estado_real_vuelo.py
[2026-07-09T04:11:05.343-0500] {logging_mixin.py:188} INFO - [2026-07-09T04:11:05.343-0500] {dag.py:3089} INFO - Sync 1 DAGs
[2026-07-09T04:11:05.361-0500] {logging_mixin.py:188} INFO - [2026-07-09T04:11:05.361-0500] {dag.py:3947} INFO - Setting next_dagrun for aerotrack_travel_estado_real_vuelo to 2026-07-09 00:00:00+00:00, run_after=2026-07-10 00:00:00+00:00
[2026-07-09T04:11:05.374-0500] {processor.py:183} INFO - Processing /opt/airflow/dags/dag_estado_real_vuelo.py took 0.111 seconds
[2026-07-09T04:11:36.254-0500] {processor.py:161} INFO - Started process (PID=18097) to work on /opt/airflow/dags/dag_estado_real_vuelo.py
[2026-07-09T04:11:36.255-0500] {processor.py:830} INFO - Processing file /opt/airflow/dags/dag_estado_real_vuelo.py for tasks to queue
[2026-07-09T04:11:36.256-0500] {logging_mixin.py:188} INFO - [2026-07-09T04:11:36.256-0500] {dagbag.py:545} INFO - Filling up the DagBag from /opt/airflow/dags/dag_estado_real_vuelo.py
[2026-07-09T04:11:36.294-0500] {processor.py:840} INFO - DAG(s) 'aerotrack_travel_estado_real_vuelo' retrieved from /opt/airflow/dags/dag_estado_real_vuelo.py
[2026-07-09T04:11:36.330-0500] {logging_mixin.py:188} INFO - [2026-07-09T04:11:36.330-0500] {dag.py:3089} INFO - Sync 1 DAGs
[2026-07-09T04:11:36.351-0500] {logging_mixin.py:188} INFO - [2026-07-09T04:11:36.350-0500] {dag.py:3947} INFO - Setting next_dagrun for aerotrack_travel_estado_real_vuelo to 2026-07-09 00:00:00+00:00, run_after=2026-07-10 00:00:00+00:00
[2026-07-09T04:11:36.368-0500] {processor.py:183} INFO - Processing /opt/airflow/dags/dag_estado_real_vuelo.py took 0.118 seconds
[2026-07-09T04:12:07.214-0500] {processor.py:161} INFO - Started process (PID=18124) to work on /opt/airflow/dags/dag_estado_real_vuelo.py
[2026-07-09T04:12:07.215-0500] {processor.py:830} INFO - Processing file /opt/airflow/dags/dag_estado_real_vuelo.py for tasks to queue
[2026-07-09T04:12:07.217-0500] {logging_mixin.py:188} INFO - [2026-07-09T04:12:07.216-0500] {dagbag.py:545} INFO - Filling up the DagBag from /opt/airflow/dags/dag_estado_real_vuelo.py
[2026-07-09T04:12:07.255-0500] {processor.py:840} INFO - DAG(s) 'aerotrack_travel_estado_real_vuelo' retrieved from /opt/airflow/dags/dag_estado_real_vuelo.py
[2026-07-09T04:12:07.289-0500] {logging_mixin.py:188} INFO - [2026-07-09T04:12:07.289-0500] {dag.py:3089} INFO - Sync 1 DAGs
[2026-07-09T04:12:07.312-0500] {logging_mixin.py:188} INFO - [2026-07-09T04:12:07.312-0500] {dag.py:3947} INFO - Setting next_dagrun for aerotrack_travel_estado_real_vuelo to 2026-07-09 00:00:00+00:00, run_after=2026-07-10 00:00:00+00:00
[2026-07-09T04:12:07.330-0500] {processor.py:183} INFO - Processing /opt/airflow/dags/dag_estado_real_vuelo.py took 0.121 seconds
[2026-07-09T04:12:38.206-0500] {processor.py:161} INFO - Started process (PID=18151) to work on /opt/airflow/dags/dag_estado_real_vuelo.py
[2026-07-09T04:12:38.207-0500] {processor.py:830} INFO - Processing file /opt/airflow/dags/dag_estado_real_vuelo.py for tasks to queue
[2026-07-09T04:12:38.209-0500] {logging_mixin.py:188} INFO - [2026-07-09T04:12:38.209-0500] {dagbag.py:545} INFO - Filling up the DagBag from /opt/airflow/dags/dag_estado_real_vuelo.py
[2026-07-09T04:12:38.261-0500] {processor.py:840} INFO - DAG(s) 'aerotrack_travel_estado_real_vuelo' retrieved from /opt/airflow/dags/dag_estado_real_vuelo.py
[2026-07-09T04:12:38.293-0500] {logging_mixin.py:188} INFO - [2026-07-09T04:12:38.293-0500] {dag.py:3089} INFO - Sync 1 DAGs
[2026-07-09T04:12:38.311-0500] {logging_mixin.py:188} INFO - [2026-07-09T04:12:38.311-0500] {dag.py:3947} INFO - Setting next_dagrun for aerotrack_travel_estado_real_vuelo to 2026-07-09 00:00:00+00:00, run_after=2026-07-10 00:00:00+00:00
[2026-07-09T04:12:38.327-0500] {processor.py:183} INFO - Processing /opt/airflow/dags/dag_estado_real_vuelo.py took 0.126 seconds
[2026-07-09T04:13:09.189-0500] {processor.py:161} INFO - Started process (PID=18178) to work on /opt/airflow/dags/dag_estado_real_vuelo.py
[2026-07-09T04:13:09.190-0500] {processor.py:830} INFO - Processing file /opt/airflow/dags/dag_estado_real_vuelo.py for tasks to queue
[2026-07-09T04:13:09.192-0500] {logging_mixin.py:188} INFO - [2026-07-09T04:13:09.191-0500] {dagbag.py:545} INFO - Filling up the DagBag from /opt/airflow/dags/dag_estado_real_vuelo.py
[2026-07-09T04:13:09.232-0500] {processor.py:840} INFO - DAG(s) 'aerotrack_travel_estado_real_vuelo' retrieved from /opt/airflow/dags/dag_estado_real_vuelo.py
[2026-07-09T04:13:09.264-0500] {logging_mixin.py:188} INFO - [2026-07-09T04:13:09.264-0500] {dag.py:3089} INFO - Sync 1 DAGs
[2026-07-09T04:13:09.286-0500] {logging_mixin.py:188} INFO - [2026-07-09T04:13:09.286-0500] {dag.py:3947} INFO - Setting next_dagrun for aerotrack_travel_estado_real_vuelo to 2026-07-09 00:00:00+00:00, run_after=2026-07-10 00:00:00+00:00
[2026-07-09T04:13:09.301-0500] {processor.py:183} INFO - Processing /opt/airflow/dags/dag_estado_real_vuelo.py took 0.117 seconds
[2026-07-09T04:13:40.188-0500] {processor.py:161} INFO - Started process (PID=18205) to work on /opt/airflow/dags/dag_estado_real_vuelo.py
[2026-07-09T04:13:40.189-0500] {processor.py:830} INFO - Processing file /opt/airflow/dags/dag_estado_real_vuelo.py for tasks to queue
[2026-07-09T04:13:40.191-0500] {logging_mixin.py:188} INFO - [2026-07-09T04:13:40.191-0500] {dagbag.py:545} INFO - Filling up the DagBag from /opt/airflow/dags/dag_estado_real_vuelo.py
[2026-07-09T04:13:40.238-0500] {processor.py:840} INFO - DAG(s) 'aerotrack_travel_estado_real_vuelo' retrieved from /opt/airflow/dags/dag_estado_real_vuelo.py
[2026-07-09T04:13:40.279-0500] {logging_mixin.py:188} INFO - [2026-07-09T04:13:40.279-0500] {dag.py:3089} INFO - Sync 1 DAGs
[2026-07-09T04:13:40.308-0500] {logging_mixin.py:188} INFO - [2026-07-09T04:13:40.307-0500] {dag.py:3947} INFO - Setting next_dagrun for aerotrack_travel_estado_real_vuelo to 2026-07-09 00:00:00+00:00, run_after=2026-07-10 00:00:00+00:00
[2026-07-09T04:13:40.325-0500] {processor.py:183} INFO - Processing /opt/airflow/dags/dag_estado_real_vuelo.py took 0.142 seconds
[2026-07-09T04:14:11.313-0500] {processor.py:161} INFO - Started process (PID=18232) to work on /opt/airflow/dags/dag_estado_real_vuelo.py
[2026-07-09T04:14:11.314-0500] {processor.py:830} INFO - Processing file /opt/airflow/dags/dag_estado_real_vuelo.py for tasks to queue
[2026-07-09T04:14:11.316-0500] {logging_mixin.py:188} INFO - [2026-07-09T04:14:11.315-0500] {dagbag.py:545} INFO - Filling up the DagBag from /opt/airflow/dags/dag_estado_real_vuelo.py
[2026-07-09T04:14:11.363-0500] {processor.py:840} INFO - DAG(s) 'aerotrack_travel_estado_real_vuelo' retrieved from /opt/airflow/dags/dag_estado_real_vuelo.py
[2026-07-09T04:14:11.406-0500] {logging_mixin.py:188} INFO - [2026-07-09T04:14:11.405-0500] {dag.py:3089} INFO - Sync 1 DAGs
[2026-07-09T04:14:11.432-0500] {logging_mixin.py:188} INFO - [2026-07-09T04:14:11.432-0500] {dag.py:3947} INFO - Setting next_dagrun for aerotrack_travel_estado_real_vuelo to 2026-07-09 00:00:00+00:00, run_after=2026-07-10 00:00:00+00:00
[2026-07-09T04:14:11.450-0500] {processor.py:183} INFO - Processing /opt/airflow/dags/dag_estado_real_vuelo.py took 0.142 seconds
[2026-07-09T04:14:42.325-0500] {processor.py:161} INFO - Started process (PID=18259) to work on /opt/airflow/dags/dag_estado_real_vuelo.py
[2026-07-09T04:14:42.326-0500] {processor.py:830} INFO - Processing file /opt/airflow/dags/dag_estado_real_vuelo.py for tasks to queue
[2026-07-09T04:14:42.328-0500] {logging_mixin.py:188} INFO - [2026-07-09T04:14:42.327-0500] {dagbag.py:545} INFO - Filling up the DagBag from /opt/airflow/dags/dag_estado_real_vuelo.py
[2026-07-09T04:14:42.366-0500] {processor.py:840} INFO - DAG(s) 'aerotrack_travel_estado_real_vuelo' retrieved from /opt/airflow/dags/dag_estado_real_vuelo.py
[2026-07-09T04:14:42.401-0500] {logging_mixin.py:188} INFO - [2026-07-09T04:14:42.400-0500] {dag.py:3089} INFO - Sync 1 DAGs
[2026-07-09T04:14:42.427-0500] {logging_mixin.py:188} INFO - [2026-07-09T04:14:42.427-0500] {dag.py:3947} INFO - Setting next_dagrun for aerotrack_travel_estado_real_vuelo to 2026-07-09 00:00:00+00:00, run_after=2026-07-10 00:00:00+00:00
[2026-07-09T04:14:42.444-0500] {processor.py:183} INFO - Processing /opt/airflow/dags/dag_estado_real_vuelo.py took 0.123 seconds
[2026-07-09T04:15:13.437-0500] {processor.py:161} INFO - Started process (PID=18286) to work on /opt/airflow/dags/dag_estado_real_vuelo.py
[2026-07-09T04:15:13.438-0500] {processor.py:830} INFO - Processing file /opt/airflow/dags/dag_estado_real_vuelo.py for tasks to queue
[2026-07-09T04:15:13.440-0500] {logging_mixin.py:188} INFO - [2026-07-09T04:15:13.440-0500] {dagbag.py:545} INFO - Filling up the DagBag from /opt/airflow/dags/dag_estado_real_vuelo.py
[2026-07-09T04:15:13.481-0500] {processor.py:840} INFO - DAG(s) 'aerotrack_travel_estado_real_vuelo' retrieved from /opt/airflow/dags/dag_estado_real_vuelo.py
[2026-07-09T04:15:13.515-0500] {logging_mixin.py:188} INFO - [2026-07-09T04:15:13.515-0500] {dag.py:3089} INFO - Sync 1 DAGs
[2026-07-09T04:15:13.535-0500] {logging_mixin.py:188} INFO - [2026-07-09T04:15:13.535-0500] {dag.py:3947} INFO - Setting next_dagrun for aerotrack_travel_estado_real_vuelo to 2026-07-09 00:00:00+00:00, run_after=2026-07-10 00:00:00+00:00
[2026-07-09T04:15:13.553-0500] {processor.py:183} INFO - Processing /opt/airflow/dags/dag_estado_real_vuelo.py took 0.120 seconds
[2026-07-09T04:15:43.622-0500] {processor.py:161} INFO - Started process (PID=18313) to work on /opt/airflow/dags/dag_estado_real_vuelo.py
[2026-07-09T04:15:43.624-0500] {processor.py:830} INFO - Processing file /opt/airflow/dags/dag_estado_real_vuelo.py for tasks to queue
[2026-07-09T04:15:43.626-0500] {logging_mixin.py:188} INFO - [2026-07-09T04:15:43.625-0500] {dagbag.py:545} INFO - Filling up the DagBag from /opt/airflow/dags/dag_estado_real_vuelo.py
[2026-07-09T04:15:43.689-0500] {processor.py:840} INFO - DAG(s) 'aerotrack_travel_estado_real_vuelo' retrieved from /opt/airflow/dags/dag_estado_real_vuelo.py
[2026-07-09T04:15:43.732-0500] {logging_mixin.py:188} INFO - [2026-07-09T04:15:43.731-0500] {dag.py:3089} INFO - Sync 1 DAGs
[2026-07-09T04:15:43.753-0500] {logging_mixin.py:188} INFO - [2026-07-09T04:15:43.753-0500] {dag.py:3947} INFO - Setting next_dagrun for aerotrack_travel_estado_real_vuelo to 2026-07-09 00:00:00+00:00, run_after=2026-07-10 00:00:00+00:00
[2026-07-09T04:15:43.775-0500] {processor.py:183} INFO - Processing /opt/airflow/dags/dag_estado_real_vuelo.py took 0.159 seconds
[2026-07-09T04:16:14.672-0500] {processor.py:161} INFO - Started process (PID=18340) to work on /opt/airflow/dags/dag_estado_real_vuelo.py
[2026-07-09T04:16:14.673-0500] {processor.py:830} INFO - Processing file /opt/airflow/dags/dag_estado_real_vuelo.py for tasks to queue
[2026-07-09T04:16:14.674-0500] {logging_mixin.py:188} INFO - [2026-07-09T04:16:14.674-0500] {dagbag.py:545} INFO - Filling up the DagBag from /opt/airflow/dags/dag_estado_real_vuelo.py
[2026-07-09T04:16:14.718-0500] {processor.py:840} INFO - DAG(s) 'aerotrack_travel_estado_real_vuelo' retrieved from /opt/airflow/dags/dag_estado_real_vuelo.py
[2026-07-09T04:16:14.753-0500] {logging_mixin.py:188} INFO - [2026-07-09T04:16:14.753-0500] {dag.py:3089} INFO - Sync 1 DAGs
[2026-07-09T04:16:14.774-0500] {logging_mixin.py:188} INFO - [2026-07-09T04:16:14.774-0500] {dag.py:3947} INFO - Setting next_dagrun for aerotrack_travel_estado_real_vuelo to 2026-07-09 00:00:00+00:00, run_after=2026-07-10 00:00:00+00:00
[2026-07-09T04:16:14.794-0500] {processor.py:183} INFO - Processing /opt/airflow/dags/dag_estado_real_vuelo.py took 0.127 seconds
[2026-07-09T04:16:45.043-0500] {processor.py:161} INFO - Started process (PID=18367) to work on /opt/airflow/dags/dag_estado_real_vuelo.py
[2026-07-09T04:16:45.044-0500] {processor.py:830} INFO - Processing file /opt/airflow/dags/dag_estado_real_vuelo.py for tasks to queue
[2026-07-09T04:16:45.046-0500] {logging_mixin.py:188} INFO - [2026-07-09T04:16:45.046-0500] {dagbag.py:545} INFO - Filling up the DagBag from /opt/airflow/dags/dag_estado_real_vuelo.py
[2026-07-09T04:16:45.098-0500] {processor.py:840} INFO - DAG(s) 'aerotrack_travel_estado_real_vuelo' retrieved from /opt/airflow/dags/dag_estado_real_vuelo.py
[2026-07-09T04:16:45.131-0500] {logging_mixin.py:188} INFO - [2026-07-09T04:16:45.130-0500] {dag.py:3089} INFO - Sync 1 DAGs
[2026-07-09T04:16:45.151-0500] {logging_mixin.py:188} INFO - [2026-07-09T04:16:45.151-0500] {dag.py:3947} INFO - Setting next_dagrun for aerotrack_travel_estado_real_vuelo to 2026-07-09 00:00:00+00:00, run_after=2026-07-10 00:00:00+00:00
[2026-07-09T04:16:45.167-0500] {processor.py:183} INFO - Processing /opt/airflow/dags/dag_estado_real_vuelo.py took 0.130 seconds
[2026-07-09T04:17:15.311-0500] {processor.py:161} INFO - Started process (PID=18394) to work on /opt/airflow/dags/dag_estado_real_vuelo.py
[2026-07-09T04:17:15.312-0500] {processor.py:830} INFO - Processing file /opt/airflow/dags/dag_estado_real_vuelo.py for tasks to queue
[2026-07-09T04:17:15.314-0500] {logging_mixin.py:188} INFO - [2026-07-09T04:17:15.314-0500] {dagbag.py:545} INFO - Filling up the DagBag from /opt/airflow/dags/dag_estado_real_vuelo.py
[2026-07-09T04:17:15.362-0500] {processor.py:840} INFO - DAG(s) 'aerotrack_travel_estado_real_vuelo' retrieved from /opt/airflow/dags/dag_estado_real_vuelo.py
[2026-07-09T04:17:15.408-0500] {logging_mixin.py:188} INFO - [2026-07-09T04:17:15.407-0500] {dag.py:3089} INFO - Sync 1 DAGs
[2026-07-09T04:17:15.436-0500] {logging_mixin.py:188} INFO - [2026-07-09T04:17:15.435-0500] {dag.py:3947} INFO - Setting next_dagrun for aerotrack_travel_estado_real_vuelo to 2026-07-09 00:00:00+00:00, run_after=2026-07-10 00:00:00+00:00
[2026-07-09T04:17:15.457-0500] {processor.py:183} INFO - Processing /opt/airflow/dags/dag_estado_real_vuelo.py took 0.151 seconds
[2026-07-09T04:17:46.375-0500] {processor.py:161} INFO - Started process (PID=18421) to work on /opt/airflow/dags/dag_estado_real_vuelo.py
[2026-07-09T04:17:46.377-0500] {processor.py:830} INFO - Processing file /opt/airflow/dags/dag_estado_real_vuelo.py for tasks to queue
[2026-07-09T04:17:46.379-0500] {logging_mixin.py:188} INFO - [2026-07-09T04:17:46.378-0500] {dagbag.py:545} INFO - Filling up the DagBag from /opt/airflow/dags/dag_estado_real_vuelo.py
[2026-07-09T04:17:46.433-0500] {processor.py:840} INFO - DAG(s) 'aerotrack_travel_estado_real_vuelo' retrieved from /opt/airflow/dags/dag_estado_real_vuelo.py
[2026-07-09T04:17:46.480-0500] {logging_mixin.py:188} INFO - [2026-07-09T04:17:46.480-0500] {dag.py:3089} INFO - Sync 1 DAGs
[2026-07-09T04:17:46.511-0500] {logging_mixin.py:188} INFO - [2026-07-09T04:17:46.511-0500] {dag.py:3947} INFO - Setting next_dagrun for aerotrack_travel_estado_real_vuelo to 2026-07-09 00:00:00+00:00, run_after=2026-07-10 00:00:00+00:00
[2026-07-09T04:17:46.537-0500] {processor.py:183} INFO - Processing /opt/airflow/dags/dag_estado_real_vuelo.py took 0.172 seconds
[2026-07-09T04:18:17.451-0500] {processor.py:161} INFO - Started process (PID=18448) to work on /opt/airflow/dags/dag_estado_real_vuelo.py
[2026-07-09T04:18:17.452-0500] {processor.py:830} INFO - Processing file /opt/airflow/dags/dag_estado_real_vuelo.py for tasks to queue
[2026-07-09T04:18:17.454-0500] {logging_mixin.py:188} INFO - [2026-07-09T04:18:17.454-0500] {dagbag.py:545} INFO - Filling up the DagBag from /opt/airflow/dags/dag_estado_real_vuelo.py
[2026-07-09T04:18:17.503-0500] {processor.py:840} INFO - DAG(s) 'aerotrack_travel_estado_real_vuelo' retrieved from /opt/airflow/dags/dag_estado_real_vuelo.py
[2026-07-09T04:18:17.554-0500] {logging_mixin.py:188} INFO - [2026-07-09T04:18:17.553-0500] {dag.py:3089} INFO - Sync 1 DAGs
[2026-07-09T04:18:17.583-0500] {logging_mixin.py:188} INFO - [2026-07-09T04:18:17.582-0500] {dag.py:3947} INFO - Setting next_dagrun for aerotrack_travel_estado_real_vuelo to 2026-07-09 00:00:00+00:00, run_after=2026-07-10 00:00:00+00:00
[2026-07-09T04:18:17.606-0500] {processor.py:183} INFO - Processing /opt/airflow/dags/dag_estado_real_vuelo.py took 0.161 seconds
[2026-07-09T04:18:47.702-0500] {processor.py:161} INFO - Started process (PID=18475) to work on /opt/airflow/dags/dag_estado_real_vuelo.py
[2026-07-09T04:18:47.703-0500] {processor.py:830} INFO - Processing file /opt/airflow/dags/dag_estado_real_vuelo.py for tasks to queue
[2026-07-09T04:18:47.705-0500] {logging_mixin.py:188} INFO - [2026-07-09T04:18:47.705-0500] {dagbag.py:545} INFO - Filling up the DagBag from /opt/airflow/dags/dag_estado_real_vuelo.py
[2026-07-09T04:18:47.749-0500] {processor.py:840} INFO - DAG(s) 'aerotrack_travel_estado_real_vuelo' retrieved from /opt/airflow/dags/dag_estado_real_vuelo.py
[2026-07-09T04:18:47.787-0500] {logging_mixin.py:188} INFO - [2026-07-09T04:18:47.786-0500] {dag.py:3089} INFO - Sync 1 DAGs
[2026-07-09T04:18:47.816-0500] {logging_mixin.py:188} INFO - [2026-07-09T04:18:47.815-0500] {dag.py:3947} INFO - Setting next_dagrun for aerotrack_travel_estado_real_vuelo to 2026-07-09 00:00:00+00:00, run_after=2026-07-10 00:00:00+00:00
[2026-07-09T04:18:47.837-0500] {processor.py:183} INFO - Processing /opt/airflow/dags/dag_estado_real_vuelo.py took 0.140 seconds
[2026-07-09T04:19:18.778-0500] {processor.py:161} INFO - Started process (PID=18502) to work on /opt/airflow/dags/dag_estado_real_vuelo.py
[2026-07-09T04:19:18.779-0500] {processor.py:830} INFO - Processing file /opt/airflow/dags/dag_estado_real_vuelo.py for tasks to queue
[2026-07-09T04:19:18.781-0500] {logging_mixin.py:188} INFO - [2026-07-09T04:19:18.781-0500] {dagbag.py:545} INFO - Filling up the DagBag from /opt/airflow/dags/dag_estado_real_vuelo.py
[2026-07-09T04:19:18.827-0500] {processor.py:840} INFO - DAG(s) 'aerotrack_travel_estado_real_vuelo' retrieved from /opt/airflow/dags/dag_estado_real_vuelo.py
[2026-07-09T04:19:18.863-0500] {logging_mixin.py:188} INFO - [2026-07-09T04:19:18.862-0500] {dag.py:3089} INFO - Sync 1 DAGs
[2026-07-09T04:19:18.886-0500] {logging_mixin.py:188} INFO - [2026-07-09T04:19:18.886-0500] {dag.py:3947} INFO - Setting next_dagrun for aerotrack_travel_estado_real_vuelo to 2026-07-09 00:00:00+00:00, run_after=2026-07-10 00:00:00+00:00
[2026-07-09T04:19:18.905-0500] {processor.py:183} INFO - Processing /opt/airflow/dags/dag_estado_real_vuelo.py took 0.132 seconds
[2026-07-09T04:19:49.710-0500] {processor.py:161} INFO - Started process (PID=18529) to work on /opt/airflow/dags/dag_estado_real_vuelo.py
[2026-07-09T04:19:49.711-0500] {processor.py:830} INFO - Processing file /opt/airflow/dags/dag_estado_real_vuelo.py for tasks to queue
[2026-07-09T04:19:49.714-0500] {logging_mixin.py:188} INFO - [2026-07-09T04:19:49.713-0500] {dagbag.py:545} INFO - Filling up the DagBag from /opt/airflow/dags/dag_estado_real_vuelo.py
[2026-07-09T04:19:49.766-0500] {processor.py:840} INFO - DAG(s) 'aerotrack_travel_estado_real_vuelo' retrieved from /opt/airflow/dags/dag_estado_real_vuelo.py
[2026-07-09T04:19:49.812-0500] {logging_mixin.py:188} INFO - [2026-07-09T04:19:49.812-0500] {dag.py:3089} INFO - Sync 1 DAGs
[2026-07-09T04:19:49.845-0500] {logging_mixin.py:188} INFO - [2026-07-09T04:19:49.845-0500] {dag.py:3947} INFO - Setting next_dagrun for aerotrack_travel_estado_real_vuelo to 2026-07-09 00:00:00+00:00, run_after=2026-07-10 00:00:00+00:00
[2026-07-09T04:19:49.871-0500] {processor.py:183} INFO - Processing /opt/airflow/dags/dag_estado_real_vuelo.py took 0.167 seconds
[2026-07-09T04:20:20.637-0500] {processor.py:161} INFO - Started process (PID=18556) to work on /opt/airflow/dags/dag_estado_real_vuelo.py
[2026-07-09T04:20:20.638-0500] {processor.py:830} INFO - Processing file /opt/airflow/dags/dag_estado_real_vuelo.py for tasks to queue
[2026-07-09T04:20:20.640-0500] {logging_mixin.py:188} INFO - [2026-07-09T04:20:20.640-0500] {dagbag.py:545} INFO - Filling up the DagBag from /opt/airflow/dags/dag_estado_real_vuelo.py
[2026-07-09T04:20:20.684-0500] {processor.py:840} INFO - DAG(s) 'aerotrack_travel_estado_real_vuelo' retrieved from /opt/airflow/dags/dag_estado_real_vuelo.py
[2026-07-09T04:20:20.719-0500] {logging_mixin.py:188} INFO - [2026-07-09T04:20:20.719-0500] {dag.py:3089} INFO - Sync 1 DAGs
[2026-07-09T04:20:20.740-0500] {logging_mixin.py:188} INFO - [2026-07-09T04:20:20.740-0500] {dag.py:3947} INFO - Setting next_dagrun for aerotrack_travel_estado_real_vuelo to 2026-07-09 00:00:00+00:00, run_after=2026-07-10 00:00:00+00:00
[2026-07-09T04:20:20.771-0500] {processor.py:183} INFO - Processing /opt/airflow/dags/dag_estado_real_vuelo.py took 0.140 seconds
[2026-07-09T04:20:50.886-0500] {processor.py:161} INFO - Started process (PID=18583) to work on /opt/airflow/dags/dag_estado_real_vuelo.py
[2026-07-09T04:20:50.887-0500] {processor.py:830} INFO - Processing file /opt/airflow/dags/dag_estado_real_vuelo.py for tasks to queue
[2026-07-09T04:20:50.889-0500] {logging_mixin.py:188} INFO - [2026-07-09T04:20:50.889-0500] {dagbag.py:545} INFO - Filling up the DagBag from /opt/airflow/dags/dag_estado_real_vuelo.py
[2026-07-09T04:20:50.934-0500] {processor.py:840} INFO - DAG(s) 'aerotrack_travel_estado_real_vuelo' retrieved from /opt/airflow/dags/dag_estado_real_vuelo.py
[2026-07-09T04:20:50.973-0500] {logging_mixin.py:188} INFO - [2026-07-09T04:20:50.973-0500] {dag.py:3089} INFO - Sync 1 DAGs
[2026-07-09T04:20:51.002-0500] {logging_mixin.py:188} INFO - [2026-07-09T04:20:51.001-0500] {dag.py:3947} INFO - Setting next_dagrun for aerotrack_travel_estado_real_vuelo to 2026-07-09 00:00:00+00:00, run_after=2026-07-10 00:00:00+00:00
[2026-07-09T04:20:51.044-0500] {processor.py:183} INFO - Processing /opt/airflow/dags/dag_estado_real_vuelo.py took 0.163 seconds
[2026-07-09T04:21:21.109-0500] {processor.py:161} INFO - Started process (PID=18610) to work on /opt/airflow/dags/dag_estado_real_vuelo.py
[2026-07-09T04:21:21.111-0500] {processor.py:830} INFO - Processing file /opt/airflow/dags/dag_estado_real_vuelo.py for tasks to queue
[2026-07-09T04:21:21.113-0500] {logging_mixin.py:188} INFO - [2026-07-09T04:21:21.112-0500] {dagbag.py:545} INFO - Filling up the DagBag from /opt/airflow/dags/dag_estado_real_vuelo.py
[2026-07-09T04:21:21.155-0500] {processor.py:840} INFO - DAG(s) 'aerotrack_travel_estado_real_vuelo' retrieved from /opt/airflow/dags/dag_estado_real_vuelo.py
[2026-07-09T04:21:21.189-0500] {logging_mixin.py:188} INFO - [2026-07-09T04:21:21.188-0500] {dag.py:3089} INFO - Sync 1 DAGs
[2026-07-09T04:21:21.208-0500] {logging_mixin.py:188} INFO - [2026-07-09T04:21:21.208-0500] {dag.py:3947} INFO - Setting next_dagrun for aerotrack_travel_estado_real_vuelo to 2026-07-09 00:00:00+00:00, run_after=2026-07-10 00:00:00+00:00
[2026-07-09T04:21:21.229-0500] {processor.py:183} INFO - Processing /opt/airflow/dags/dag_estado_real_vuelo.py took 0.124 seconds
[2026-07-09T04:21:52.182-0500] {processor.py:161} INFO - Started process (PID=18637) to work on /opt/airflow/dags/dag_estado_real_vuelo.py
[2026-07-09T04:21:52.189-0500] {processor.py:830} INFO - Processing file /opt/airflow/dags/dag_estado_real_vuelo.py for tasks to queue
[2026-07-09T04:21:52.191-0500] {logging_mixin.py:188} INFO - [2026-07-09T04:21:52.190-0500] {dagbag.py:545} INFO - Filling up the DagBag from /opt/airflow/dags/dag_estado_real_vuelo.py
[2026-07-09T04:21:52.234-0500] {processor.py:840} INFO - DAG(s) 'aerotrack_travel_estado_real_vuelo' retrieved from /opt/airflow/dags/dag_estado_real_vuelo.py
[2026-07-09T04:21:52.268-0500] {logging_mixin.py:188} INFO - [2026-07-09T04:21:52.268-0500] {dag.py:3089} INFO - Sync 1 DAGs
[2026-07-09T04:21:52.293-0500] {logging_mixin.py:188} INFO - [2026-07-09T04:21:52.293-0500] {dag.py:3947} INFO - Setting next_dagrun for aerotrack_travel_estado_real_vuelo to 2026-07-09 00:00:00+00:00, run_after=2026-07-10 00:00:00+00:00
[2026-07-09T04:21:52.365-0500] {processor.py:183} INFO - Processing /opt/airflow/dags/dag_estado_real_vuelo.py took 0.188 seconds
[2026-07-09T04:22:23.206-0500] {processor.py:161} INFO - Started process (PID=18664) to work on /opt/airflow/dags/dag_estado_real_vuelo.py
[2026-07-09T04:22:23.207-0500] {processor.py:830} INFO - Processing file /opt/airflow/dags/dag_estado_real_vuelo.py for tasks to queue
[2026-07-09T04:22:23.208-0500] {logging_mixin.py:188} INFO - [2026-07-09T04:22:23.208-0500] {dagbag.py:545} INFO - Filling up the DagBag from /opt/airflow/dags/dag_estado_real_vuelo.py
[2026-07-09T04:22:23.251-0500] {processor.py:840} INFO - DAG(s) 'aerotrack_travel_estado_real_vuelo' retrieved from /opt/airflow/dags/dag_estado_real_vuelo.py
[2026-07-09T04:22:23.289-0500] {logging_mixin.py:188} INFO - [2026-07-09T04:22:23.289-0500] {dag.py:3089} INFO - Sync 1 DAGs
[2026-07-09T04:22:23.353-0500] {logging_mixin.py:188} INFO - [2026-07-09T04:22:23.353-0500] {dag.py:3947} INFO - Setting next_dagrun for aerotrack_travel_estado_real_vuelo to 2026-07-09 00:00:00+00:00, run_after=2026-07-10 00:00:00+00:00
[2026-07-09T04:22:23.373-0500] {processor.py:183} INFO - Processing /opt/airflow/dags/dag_estado_real_vuelo.py took 0.173 seconds
[2026-07-09T04:22:53.622-0500] {processor.py:161} INFO - Started process (PID=18696) to work on /opt/airflow/dags/dag_estado_real_vuelo.py
[2026-07-09T04:22:53.623-0500] {processor.py:830} INFO - Processing file /opt/airflow/dags/dag_estado_real_vuelo.py for tasks to queue
[2026-07-09T04:22:53.625-0500] {logging_mixin.py:188} INFO - [2026-07-09T04:22:53.625-0500] {dagbag.py:545} INFO - Filling up the DagBag from /opt/airflow/dags/dag_estado_real_vuelo.py
[2026-07-09T04:22:53.670-0500] {processor.py:840} INFO - DAG(s) 'aerotrack_travel_estado_real_vuelo' retrieved from /opt/airflow/dags/dag_estado_real_vuelo.py
[2026-07-09T04:22:53.751-0500] {logging_mixin.py:188} INFO - [2026-07-09T04:22:53.750-0500] {dag.py:3089} INFO - Sync 1 DAGs
[2026-07-09T04:22:53.773-0500] {logging_mixin.py:188} INFO - [2026-07-09T04:22:53.772-0500] {dag.py:3947} INFO - Setting next_dagrun for aerotrack_travel_estado_real_vuelo to 2026-07-09 00:00:00+00:00, run_after=2026-07-10 00:00:00+00:00
[2026-07-09T04:22:53.791-0500] {processor.py:183} INFO - Processing /opt/airflow/dags/dag_estado_real_vuelo.py took 0.175 seconds
[2026-07-09T04:23:23.866-0500] {processor.py:161} INFO - Started process (PID=18721) to work on /opt/airflow/dags/dag_estado_real_vuelo.py
[2026-07-09T04:23:23.867-0500] {processor.py:830} INFO - Processing file /opt/airflow/dags/dag_estado_real_vuelo.py for tasks to queue
[2026-07-09T04:23:23.869-0500] {logging_mixin.py:188} INFO - [2026-07-09T04:23:23.868-0500] {dagbag.py:545} INFO - Filling up the DagBag from /opt/airflow/dags/dag_estado_real_vuelo.py
[2026-07-09T04:23:23.913-0500] {processor.py:840} INFO - DAG(s) 'aerotrack_travel_estado_real_vuelo' retrieved from /opt/airflow/dags/dag_estado_real_vuelo.py
[2026-07-09T04:23:23.951-0500] {logging_mixin.py:188} INFO - [2026-07-09T04:23:23.951-0500] {dag.py:3089} INFO - Sync 1 DAGs
[2026-07-09T04:23:23.973-0500] {logging_mixin.py:188} INFO - [2026-07-09T04:23:23.973-0500] {dag.py:3947} INFO - Setting next_dagrun for aerotrack_travel_estado_real_vuelo to 2026-07-09 00:00:00+00:00, run_after=2026-07-10 00:00:00+00:00
[2026-07-09T04:23:23.993-0500] {processor.py:183} INFO - Processing /opt/airflow/dags/dag_estado_real_vuelo.py took 0.133 seconds
[2026-07-09T04:23:54.776-0500] {processor.py:161} INFO - Started process (PID=18745) to work on /opt/airflow/dags/dag_estado_real_vuelo.py
[2026-07-09T04:23:54.777-0500] {processor.py:830} INFO - Processing file /opt/airflow/dags/dag_estado_real_vuelo.py for tasks to queue
[2026-07-09T04:23:54.780-0500] {logging_mixin.py:188} INFO - [2026-07-09T04:23:54.779-0500] {dagbag.py:545} INFO - Filling up the DagBag from /opt/airflow/dags/dag_estado_real_vuelo.py
[2026-07-09T04:23:54.823-0500] {processor.py:840} INFO - DAG(s) 'aerotrack_travel_estado_real_vuelo' retrieved from /opt/airflow/dags/dag_estado_real_vuelo.py
[2026-07-09T04:23:54.859-0500] {logging_mixin.py:188} INFO - [2026-07-09T04:23:54.859-0500] {dag.py:3089} INFO - Sync 1 DAGs
[2026-07-09T04:23:54.879-0500] {logging_mixin.py:188} INFO - [2026-07-09T04:23:54.878-0500] {dag.py:3947} INFO - Setting next_dagrun for aerotrack_travel_estado_real_vuelo to 2026-07-09 00:00:00+00:00, run_after=2026-07-10 00:00:00+00:00
[2026-07-09T04:23:54.896-0500] {processor.py:183} INFO - Processing /opt/airflow/dags/dag_estado_real_vuelo.py took 0.125 seconds
[2026-07-09T04:24:25.614-0500] {processor.py:161} INFO - Started process (PID=18772) to work on /opt/airflow/dags/dag_estado_real_vuelo.py
[2026-07-09T04:24:25.615-0500] {processor.py:830} INFO - Processing file /opt/airflow/dags/dag_estado_real_vuelo.py for tasks to queue
[2026-07-09T04:24:25.617-0500] {logging_mixin.py:188} INFO - [2026-07-09T04:24:25.617-0500] {dagbag.py:545} INFO - Filling up the DagBag from /opt/airflow/dags/dag_estado_real_vuelo.py
[2026-07-09T04:24:25.651-0500] {processor.py:840} INFO - DAG(s) 'aerotrack_travel_estado_real_vuelo' retrieved from /opt/airflow/dags/dag_estado_real_vuelo.py
[2026-07-09T04:24:25.678-0500] {logging_mixin.py:188} INFO - [2026-07-09T04:24:25.678-0500] {dag.py:3089} INFO - Sync 1 DAGs
[2026-07-09T04:24:25.694-0500] {logging_mixin.py:188} INFO - [2026-07-09T04:24:25.694-0500] {dag.py:3947} INFO - Setting next_dagrun for aerotrack_travel_estado_real_vuelo to 2026-07-09 00:00:00+00:00, run_after=2026-07-10 00:00:00+00:00
[2026-07-09T04:24:25.709-0500] {processor.py:183} INFO - Processing /opt/airflow/dags/dag_estado_real_vuelo.py took 0.099 seconds
[2026-07-09T04:24:55.763-0500] {processor.py:161} INFO - Started process (PID=18799) to work on /opt/airflow/dags/dag_estado_real_vuelo.py
[2026-07-09T04:24:55.764-0500] {processor.py:830} INFO - Processing file /opt/airflow/dags/dag_estado_real_vuelo.py for tasks to queue
[2026-07-09T04:24:55.765-0500] {logging_mixin.py:188} INFO - [2026-07-09T04:24:55.765-0500] {dagbag.py:545} INFO - Filling up the DagBag from /opt/airflow/dags/dag_estado_real_vuelo.py
[2026-07-09T04:24:55.807-0500] {processor.py:840} INFO - DAG(s) 'aerotrack_travel_estado_real_vuelo' retrieved from /opt/airflow/dags/dag_estado_real_vuelo.py
[2026-07-09T04:24:55.837-0500] {logging_mixin.py:188} INFO - [2026-07-09T04:24:55.837-0500] {dag.py:3089} INFO - Sync 1 DAGs
[2026-07-09T04:24:55.855-0500] {logging_mixin.py:188} INFO - [2026-07-09T04:24:55.855-0500] {dag.py:3947} INFO - Setting next_dagrun for aerotrack_travel_estado_real_vuelo to 2026-07-09 00:00:00+00:00, run_after=2026-07-10 00:00:00+00:00
[2026-07-09T04:24:55.918-0500] {processor.py:183} INFO - Processing /opt/airflow/dags/dag_estado_real_vuelo.py took 0.159 seconds
[2026-07-09T04:25:26.641-0500] {processor.py:161} INFO - Started process (PID=18826) to work on /opt/airflow/dags/dag_estado_real_vuelo.py
[2026-07-09T04:25:26.642-0500] {processor.py:830} INFO - Processing file /opt/airflow/dags/dag_estado_real_vuelo.py for tasks to queue
[2026-07-09T04:25:26.644-0500] {logging_mixin.py:188} INFO - [2026-07-09T04:25:26.644-0500] {dagbag.py:545} INFO - Filling up the DagBag from /opt/airflow/dags/dag_estado_real_vuelo.py
[2026-07-09T04:25:26.676-0500] {processor.py:840} INFO - DAG(s) 'aerotrack_travel_estado_real_vuelo' retrieved from /opt/airflow/dags/dag_estado_real_vuelo.py
[2026-07-09T04:25:26.711-0500] {logging_mixin.py:188} INFO - [2026-07-09T04:25:26.710-0500] {dag.py:3089} INFO - Sync 1 DAGs
[2026-07-09T04:25:26.737-0500] {logging_mixin.py:188} INFO - [2026-07-09T04:25:26.736-0500] {dag.py:3947} INFO - Setting next_dagrun for aerotrack_travel_estado_real_vuelo to 2026-07-09 00:00:00+00:00, run_after=2026-07-10 00:00:00+00:00
[2026-07-09T04:25:26.759-0500] {processor.py:183} INFO - Processing /opt/airflow/dags/dag_estado_real_vuelo.py took 0.122 seconds
[2026-07-09T04:25:57.512-0500] {processor.py:161} INFO - Started process (PID=18853) to work on /opt/airflow/dags/dag_estado_real_vuelo.py
[2026-07-09T04:25:57.513-0500] {processor.py:830} INFO - Processing file /opt/airflow/dags/dag_estado_real_vuelo.py for tasks to queue
[2026-07-09T04:25:57.515-0500] {logging_mixin.py:188} INFO - [2026-07-09T04:25:57.515-0500] {dagbag.py:545} INFO - Filling up the DagBag from /opt/airflow/dags/dag_estado_real_vuelo.py
[2026-07-09T04:25:57.557-0500] {processor.py:840} INFO - DAG(s) 'aerotrack_travel_estado_real_vuelo' retrieved from /opt/airflow/dags/dag_estado_real_vuelo.py
[2026-07-09T04:25:57.592-0500] {logging_mixin.py:188} INFO - [2026-07-09T04:25:57.592-0500] {dag.py:3089} INFO - Sync 1 DAGs
[2026-07-09T04:25:57.613-0500] {logging_mixin.py:188} INFO - [2026-07-09T04:25:57.613-0500] {dag.py:3947} INFO - Setting next_dagrun for aerotrack_travel_estado_real_vuelo to 2026-07-09 00:00:00+00:00, run_after=2026-07-10 00:00:00+00:00
[2026-07-09T04:25:57.632-0500] {processor.py:183} INFO - Processing /opt/airflow/dags/dag_estado_real_vuelo.py took 0.126 seconds
[2026-07-09T04:26:28.385-0500] {processor.py:161} INFO - Started process (PID=18880) to work on /opt/airflow/dags/dag_estado_real_vuelo.py
[2026-07-09T04:26:28.386-0500] {processor.py:830} INFO - Processing file /opt/airflow/dags/dag_estado_real_vuelo.py for tasks to queue
[2026-07-09T04:26:28.387-0500] {logging_mixin.py:188} INFO - [2026-07-09T04:26:28.387-0500] {dagbag.py:545} INFO - Filling up the DagBag from /opt/airflow/dags/dag_estado_real_vuelo.py
[2026-07-09T04:26:28.419-0500] {processor.py:840} INFO - DAG(s) 'aerotrack_travel_estado_real_vuelo' retrieved from /opt/airflow/dags/dag_estado_real_vuelo.py
[2026-07-09T04:26:28.453-0500] {logging_mixin.py:188} INFO - [2026-07-09T04:26:28.453-0500] {dag.py:3089} INFO - Sync 1 DAGs
[2026-07-09T04:26:28.472-0500] {logging_mixin.py:188} INFO - [2026-07-09T04:26:28.471-0500] {dag.py:3947} INFO - Setting next_dagrun for aerotrack_travel_estado_real_vuelo to 2026-07-09 00:00:00+00:00, run_after=2026-07-10 00:00:00+00:00
[2026-07-09T04:26:28.486-0500] {processor.py:183} INFO - Processing /opt/airflow/dags/dag_estado_real_vuelo.py took 0.106 seconds
[2026-07-09T04:26:58.579-0500] {processor.py:161} INFO - Started process (PID=18907) to work on /opt/airflow/dags/dag_estado_real_vuelo.py
[2026-07-09T04:26:58.581-0500] {processor.py:830} INFO - Processing file /opt/airflow/dags/dag_estado_real_vuelo.py for tasks to queue
[2026-07-09T04:26:58.584-0500] {logging_mixin.py:188} INFO - [2026-07-09T04:26:58.583-0500] {dagbag.py:545} INFO - Filling up the DagBag from /opt/airflow/dags/dag_estado_real_vuelo.py
[2026-07-09T04:26:58.633-0500] {processor.py:840} INFO - DAG(s) 'aerotrack_travel_estado_real_vuelo' retrieved from /opt/airflow/dags/dag_estado_real_vuelo.py
[2026-07-09T04:26:58.682-0500] {logging_mixin.py:188} INFO - [2026-07-09T04:26:58.681-0500] {dag.py:3089} INFO - Sync 1 DAGs
[2026-07-09T04:26:58.709-0500] {logging_mixin.py:188} INFO - [2026-07-09T04:26:58.709-0500] {dag.py:3947} INFO - Setting next_dagrun for aerotrack_travel_estado_real_vuelo to 2026-07-09 00:00:00+00:00, run_after=2026-07-10 00:00:00+00:00
[2026-07-09T04:26:58.729-0500] {processor.py:183} INFO - Processing /opt/airflow/dags/dag_estado_real_vuelo.py took 0.156 seconds
[2026-07-09T04:27:29.668-0500] {processor.py:161} INFO - Started process (PID=18934) to work on /opt/airflow/dags/dag_estado_real_vuelo.py
[2026-07-09T04:27:29.669-0500] {processor.py:830} INFO - Processing file /opt/airflow/dags/dag_estado_real_vuelo.py for tasks to queue
[2026-07-09T04:27:29.671-0500] {logging_mixin.py:188} INFO - [2026-07-09T04:27:29.671-0500] {dagbag.py:545} INFO - Filling up the DagBag from /opt/airflow/dags/dag_estado_real_vuelo.py
[2026-07-09T04:27:29.714-0500] {processor.py:840} INFO - DAG(s) 'aerotrack_travel_estado_real_vuelo' retrieved from /opt/airflow/dags/dag_estado_real_vuelo.py
[2026-07-09T04:27:29.750-0500] {logging_mixin.py:188} INFO - [2026-07-09T04:27:29.750-0500] {dag.py:3089} INFO - Sync 1 DAGs
[2026-07-09T04:27:29.771-0500] {logging_mixin.py:188} INFO - [2026-07-09T04:27:29.771-0500] {dag.py:3947} INFO - Setting next_dagrun for aerotrack_travel_estado_real_vuelo to 2026-07-09 00:00:00+00:00, run_after=2026-07-10 00:00:00+00:00
[2026-07-09T04:27:29.786-0500] {processor.py:183} INFO - Processing /opt/airflow/dags/dag_estado_real_vuelo.py took 0.124 seconds
[2026-07-09T04:28:00.528-0500] {processor.py:161} INFO - Started process (PID=18961) to work on /opt/airflow/dags/dag_estado_real_vuelo.py
[2026-07-09T04:28:00.529-0500] {processor.py:830} INFO - Processing file /opt/airflow/dags/dag_estado_real_vuelo.py for tasks to queue
[2026-07-09T04:28:00.531-0500] {logging_mixin.py:188} INFO - [2026-07-09T04:28:00.531-0500] {dagbag.py:545} INFO - Filling up the DagBag from /opt/airflow/dags/dag_estado_real_vuelo.py
[2026-07-09T04:28:00.575-0500] {processor.py:840} INFO - DAG(s) 'aerotrack_travel_estado_real_vuelo' retrieved from /opt/airflow/dags/dag_estado_real_vuelo.py
[2026-07-09T04:28:00.620-0500] {logging_mixin.py:188} INFO - [2026-07-09T04:28:00.620-0500] {dag.py:3089} INFO - Sync 1 DAGs
[2026-07-09T04:28:00.645-0500] {logging_mixin.py:188} INFO - [2026-07-09T04:28:00.645-0500] {dag.py:3947} INFO - Setting next_dagrun for aerotrack_travel_estado_real_vuelo to 2026-07-09 00:00:00+00:00, run_after=2026-07-10 00:00:00+00:00
[2026-07-09T04:28:00.667-0500] {processor.py:183} INFO - Processing /opt/airflow/dags/dag_estado_real_vuelo.py took 0.144 seconds
[2026-07-09T04:28:30.805-0500] {processor.py:161} INFO - Started process (PID=18988) to work on /opt/airflow/dags/dag_estado_real_vuelo.py
[2026-07-09T04:28:30.806-0500] {processor.py:830} INFO - Processing file /opt/airflow/dags/dag_estado_real_vuelo.py for tasks to queue
[2026-07-09T04:28:30.809-0500] {logging_mixin.py:188} INFO - [2026-07-09T04:28:30.808-0500] {dagbag.py:545} INFO - Filling up the DagBag from /opt/airflow/dags/dag_estado_real_vuelo.py
[2026-07-09T04:28:30.865-0500] {processor.py:840} INFO - DAG(s) 'aerotrack_travel_estado_real_vuelo' retrieved from /opt/airflow/dags/dag_estado_real_vuelo.py
[2026-07-09T04:28:30.910-0500] {logging_mixin.py:188} INFO - [2026-07-09T04:28:30.910-0500] {dag.py:3089} INFO - Sync 1 DAGs
[2026-07-09T04:28:30.939-0500] {logging_mixin.py:188} INFO - [2026-07-09T04:28:30.939-0500] {dag.py:3947} INFO - Setting next_dagrun for aerotrack_travel_estado_real_vuelo to 2026-07-09 00:00:00+00:00, run_after=2026-07-10 00:00:00+00:00
[2026-07-09T04:28:30.966-0500] {processor.py:183} INFO - Processing /opt/airflow/dags/dag_estado_real_vuelo.py took 0.168 seconds
[2026-07-09T04:29:01.774-0500] {processor.py:161} INFO - Started process (PID=19015) to work on /opt/airflow/dags/dag_estado_real_vuelo.py
[2026-07-09T04:29:01.775-0500] {processor.py:830} INFO - Processing file /opt/airflow/dags/dag_estado_real_vuelo.py for tasks to queue
[2026-07-09T04:29:01.777-0500] {logging_mixin.py:188} INFO - [2026-07-09T04:29:01.776-0500] {dagbag.py:545} INFO - Filling up the DagBag from /opt/airflow/dags/dag_estado_real_vuelo.py
[2026-07-09T04:29:01.820-0500] {processor.py:840} INFO - DAG(s) 'aerotrack_travel_estado_real_vuelo' retrieved from /opt/airflow/dags/dag_estado_real_vuelo.py
[2026-07-09T04:29:01.861-0500] {logging_mixin.py:188} INFO - [2026-07-09T04:29:01.860-0500] {dag.py:3089} INFO - Sync 1 DAGs
[2026-07-09T04:29:01.885-0500] {logging_mixin.py:188} INFO - [2026-07-09T04:29:01.885-0500] {dag.py:3947} INFO - Setting next_dagrun for aerotrack_travel_estado_real_vuelo to 2026-07-09 00:00:00+00:00, run_after=2026-07-10 00:00:00+00:00
[2026-07-09T04:29:01.908-0500] {processor.py:183} INFO - Processing /opt/airflow/dags/dag_estado_real_vuelo.py took 0.140 seconds
[2026-07-09T04:29:32.783-0500] {processor.py:161} INFO - Started process (PID=19042) to work on /opt/airflow/dags/dag_estado_real_vuelo.py
[2026-07-09T04:29:32.783-0500] {processor.py:830} INFO - Processing file /opt/airflow/dags/dag_estado_real_vuelo.py for tasks to queue
[2026-07-09T04:29:32.785-0500] {logging_mixin.py:188} INFO - [2026-07-09T04:29:32.785-0500] {dagbag.py:545} INFO - Filling up the DagBag from /opt/airflow/dags/dag_estado_real_vuelo.py
[2026-07-09T04:29:32.818-0500] {processor.py:840} INFO - DAG(s) 'aerotrack_travel_estado_real_vuelo' retrieved from /opt/airflow/dags/dag_estado_real_vuelo.py
[2026-07-09T04:29:32.851-0500] {logging_mixin.py:188} INFO - [2026-07-09T04:29:32.851-0500] {dag.py:3089} INFO - Sync 1 DAGs
[2026-07-09T04:29:32.871-0500] {logging_mixin.py:188} INFO - [2026-07-09T04:29:32.871-0500] {dag.py:3947} INFO - Setting next_dagrun for aerotrack_travel_estado_real_vuelo to 2026-07-09 00:00:00+00:00, run_after=2026-07-10 00:00:00+00:00
[2026-07-09T04:29:32.888-0500] {processor.py:183} INFO - Processing /opt/airflow/dags/dag_estado_real_vuelo.py took 0.110 seconds
[2026-07-09T04:30:03.671-0500] {processor.py:161} INFO - Started process (PID=19069) to work on /opt/airflow/dags/dag_estado_real_vuelo.py
[2026-07-09T04:30:03.672-0500] {processor.py:830} INFO - Processing file /opt/airflow/dags/dag_estado_real_vuelo.py for tasks to queue
[2026-07-09T04:30:03.674-0500] {logging_mixin.py:188} INFO - [2026-07-09T04:30:03.674-0500] {dagbag.py:545} INFO - Filling up the DagBag from /opt/airflow/dags/dag_estado_real_vuelo.py
[2026-07-09T04:30:03.704-0500] {processor.py:840} INFO - DAG(s) 'aerotrack_travel_estado_real_vuelo' retrieved from /opt/airflow/dags/dag_estado_real_vuelo.py
[2026-07-09T04:30:03.734-0500] {logging_mixin.py:188} INFO - [2026-07-09T04:30:03.733-0500] {dag.py:3089} INFO - Sync 1 DAGs
[2026-07-09T04:30:03.755-0500] {logging_mixin.py:188} INFO - [2026-07-09T04:30:03.754-0500] {dag.py:3947} INFO - Setting next_dagrun for aerotrack_travel_estado_real_vuelo to 2026-07-09 00:00:00+00:00, run_after=2026-07-10 00:00:00+00:00
[2026-07-09T04:30:03.769-0500] {processor.py:183} INFO - Processing /opt/airflow/dags/dag_estado_real_vuelo.py took 0.102 seconds
[2026-07-09T04:30:34.654-0500] {processor.py:161} INFO - Started process (PID=19096) to work on /opt/airflow/dags/dag_estado_real_vuelo.py
[2026-07-09T04:30:34.655-0500] {processor.py:830} INFO - Processing file /opt/airflow/dags/dag_estado_real_vuelo.py for tasks to queue
[2026-07-09T04:30:34.657-0500] {logging_mixin.py:188} INFO - [2026-07-09T04:30:34.656-0500] {dagbag.py:545} INFO - Filling up the DagBag from /opt/airflow/dags/dag_estado_real_vuelo.py
[2026-07-09T04:30:34.697-0500] {processor.py:840} INFO - DAG(s) 'aerotrack_travel_estado_real_vuelo' retrieved from /opt/airflow/dags/dag_estado_real_vuelo.py
[2026-07-09T04:30:34.735-0500] {logging_mixin.py:188} INFO - [2026-07-09T04:30:34.735-0500] {dag.py:3089} INFO - Sync 1 DAGs
[2026-07-09T04:30:34.753-0500] {logging_mixin.py:188} INFO - [2026-07-09T04:30:34.753-0500] {dag.py:3947} INFO - Setting next_dagrun for aerotrack_travel_estado_real_vuelo to 2026-07-09 00:00:00+00:00, run_after=2026-07-10 00:00:00+00:00
[2026-07-09T04:30:34.770-0500] {processor.py:183} INFO - Processing /opt/airflow/dags/dag_estado_real_vuelo.py took 0.121 seconds
[2026-07-09T04:31:05.691-0500] {processor.py:161} INFO - Started process (PID=19123) to work on /opt/airflow/dags/dag_estado_real_vuelo.py
[2026-07-09T04:31:05.692-0500] {processor.py:830} INFO - Processing file /opt/airflow/dags/dag_estado_real_vuelo.py for tasks to queue
[2026-07-09T04:31:05.693-0500] {logging_mixin.py:188} INFO - [2026-07-09T04:31:05.693-0500] {dagbag.py:545} INFO - Filling up the DagBag from /opt/airflow/dags/dag_estado_real_vuelo.py
[2026-07-09T04:31:05.734-0500] {processor.py:840} INFO - DAG(s) 'aerotrack_travel_estado_real_vuelo' retrieved from /opt/airflow/dags/dag_estado_real_vuelo.py
[2026-07-09T04:31:05.769-0500] {logging_mixin.py:188} INFO - [2026-07-09T04:31:05.769-0500] {dag.py:3089} INFO - Sync 1 DAGs
[2026-07-09T04:31:05.793-0500] {logging_mixin.py:188} INFO - [2026-07-09T04:31:05.793-0500] {dag.py:3947} INFO - Setting next_dagrun for aerotrack_travel_estado_real_vuelo to 2026-07-09 00:00:00+00:00, run_after=2026-07-10 00:00:00+00:00
[2026-07-09T04:31:05.812-0500] {processor.py:183} INFO - Processing /opt/airflow/dags/dag_estado_real_vuelo.py took 0.127 seconds
[2026-07-09T04:31:35.878-0500] {processor.py:161} INFO - Started process (PID=19150) to work on /opt/airflow/dags/dag_estado_real_vuelo.py
[2026-07-09T04:31:35.879-0500] {processor.py:830} INFO - Processing file /opt/airflow/dags/dag_estado_real_vuelo.py for tasks to queue
[2026-07-09T04:31:35.881-0500] {logging_mixin.py:188} INFO - [2026-07-09T04:31:35.881-0500] {dagbag.py:545} INFO - Filling up the DagBag from /opt/airflow/dags/dag_estado_real_vuelo.py
[2026-07-09T04:31:35.923-0500] {processor.py:840} INFO - DAG(s) 'aerotrack_travel_estado_real_vuelo' retrieved from /opt/airflow/dags/dag_estado_real_vuelo.py
[2026-07-09T04:31:35.965-0500] {logging_mixin.py:188} INFO - [2026-07-09T04:31:35.965-0500] {dag.py:3089} INFO - Sync 1 DAGs
[2026-07-09T04:31:35.989-0500] {logging_mixin.py:188} INFO - [2026-07-09T04:31:35.989-0500] {dag.py:3947} INFO - Setting next_dagrun for aerotrack_travel_estado_real_vuelo to 2026-07-09 00:00:00+00:00, run_after=2026-07-10 00:00:00+00:00
[2026-07-09T04:31:36.009-0500] {processor.py:183} INFO - Processing /opt/airflow/dags/dag_estado_real_vuelo.py took 0.137 seconds
[2026-07-09T04:32:06.815-0500] {processor.py:161} INFO - Started process (PID=19177) to work on /opt/airflow/dags/dag_estado_real_vuelo.py
[2026-07-09T04:32:06.817-0500] {processor.py:830} INFO - Processing file /opt/airflow/dags/dag_estado_real_vuelo.py for tasks to queue
[2026-07-09T04:32:06.818-0500] {logging_mixin.py:188} INFO - [2026-07-09T04:32:06.818-0500] {dagbag.py:545} INFO - Filling up the DagBag from /opt/airflow/dags/dag_estado_real_vuelo.py
[2026-07-09T04:32:06.865-0500] {processor.py:840} INFO - DAG(s) 'aerotrack_travel_estado_real_vuelo' retrieved from /opt/airflow/dags/dag_estado_real_vuelo.py
[2026-07-09T04:32:06.901-0500] {logging_mixin.py:188} INFO - [2026-07-09T04:32:06.901-0500] {dag.py:3089} INFO - Sync 1 DAGs
[2026-07-09T04:32:06.926-0500] {logging_mixin.py:188} INFO - [2026-07-09T04:32:06.925-0500] {dag.py:3947} INFO - Setting next_dagrun for aerotrack_travel_estado_real_vuelo to 2026-07-09 00:00:00+00:00, run_after=2026-07-10 00:00:00+00:00
[2026-07-09T04:32:06.948-0500] {processor.py:183} INFO - Processing /opt/airflow/dags/dag_estado_real_vuelo.py took 0.137 seconds
[2026-07-09T04:32:37.894-0500] {processor.py:161} INFO - Started process (PID=19204) to work on /opt/airflow/dags/dag_estado_real_vuelo.py
[2026-07-09T04:32:37.895-0500] {processor.py:830} INFO - Processing file /opt/airflow/dags/dag_estado_real_vuelo.py for tasks to queue
[2026-07-09T04:32:37.896-0500] {logging_mixin.py:188} INFO - [2026-07-09T04:32:37.896-0500] {dagbag.py:545} INFO - Filling up the DagBag from /opt/airflow/dags/dag_estado_real_vuelo.py
[2026-07-09T04:32:37.928-0500] {processor.py:840} INFO - DAG(s) 'aerotrack_travel_estado_real_vuelo' retrieved from /opt/airflow/dags/dag_estado_real_vuelo.py
[2026-07-09T04:32:37.962-0500] {logging_mixin.py:188} INFO - [2026-07-09T04:32:37.962-0500] {dag.py:3089} INFO - Sync 1 DAGs
[2026-07-09T04:32:37.981-0500] {logging_mixin.py:188} INFO - [2026-07-09T04:32:37.981-0500] {dag.py:3947} INFO - Setting next_dagrun for aerotrack_travel_estado_real_vuelo to 2026-07-09 00:00:00+00:00, run_after=2026-07-10 00:00:00+00:00
[2026-07-09T04:32:37.998-0500] {processor.py:183} INFO - Processing /opt/airflow/dags/dag_estado_real_vuelo.py took 0.109 seconds
[2026-07-09T04:33:08.976-0500] {processor.py:161} INFO - Started process (PID=19231) to work on /opt/airflow/dags/dag_estado_real_vuelo.py
[2026-07-09T04:33:08.977-0500] {processor.py:830} INFO - Processing file /opt/airflow/dags/dag_estado_real_vuelo.py for tasks to queue
[2026-07-09T04:33:08.978-0500] {logging_mixin.py:188} INFO - [2026-07-09T04:33:08.978-0500] {dagbag.py:545} INFO - Filling up the DagBag from /opt/airflow/dags/dag_estado_real_vuelo.py
[2026-07-09T04:33:09.018-0500] {processor.py:840} INFO - DAG(s) 'aerotrack_travel_estado_real_vuelo' retrieved from /opt/airflow/dags/dag_estado_real_vuelo.py
[2026-07-09T04:33:09.050-0500] {logging_mixin.py:188} INFO - [2026-07-09T04:33:09.050-0500] {dag.py:3089} INFO - Sync 1 DAGs
[2026-07-09T04:33:09.070-0500] {logging_mixin.py:188} INFO - [2026-07-09T04:33:09.070-0500] {dag.py:3947} INFO - Setting next_dagrun for aerotrack_travel_estado_real_vuelo to 2026-07-09 00:00:00+00:00, run_after=2026-07-10 00:00:00+00:00
[2026-07-09T04:33:09.092-0500] {processor.py:183} INFO - Processing /opt/airflow/dags/dag_estado_real_vuelo.py took 0.122 seconds
[2026-07-09T04:33:39.172-0500] {processor.py:161} INFO - Started process (PID=19258) to work on /opt/airflow/dags/dag_estado_real_vuelo.py
[2026-07-09T04:33:39.174-0500] {processor.py:830} INFO - Processing file /opt/airflow/dags/dag_estado_real_vuelo.py for tasks to queue
[2026-07-09T04:33:39.175-0500] {logging_mixin.py:188} INFO - [2026-07-09T04:33:39.175-0500] {dagbag.py:545} INFO - Filling up the DagBag from /opt/airflow/dags/dag_estado_real_vuelo.py
[2026-07-09T04:33:39.214-0500] {processor.py:840} INFO - DAG(s) 'aerotrack_travel_estado_real_vuelo' retrieved from /opt/airflow/dags/dag_estado_real_vuelo.py
[2026-07-09T04:33:39.246-0500] {logging_mixin.py:188} INFO - [2026-07-09T04:33:39.245-0500] {dag.py:3089} INFO - Sync 1 DAGs
[2026-07-09T04:33:39.264-0500] {logging_mixin.py:188} INFO - [2026-07-09T04:33:39.264-0500] {dag.py:3947} INFO - Setting next_dagrun for aerotrack_travel_estado_real_vuelo to 2026-07-09 00:00:00+00:00, run_after=2026-07-10 00:00:00+00:00
[2026-07-09T04:33:39.281-0500] {processor.py:183} INFO - Processing /opt/airflow/dags/dag_estado_real_vuelo.py took 0.114 seconds
[2026-07-09T04:34:10.146-0500] {processor.py:161} INFO - Started process (PID=19285) to work on /opt/airflow/dags/dag_estado_real_vuelo.py
[2026-07-09T04:34:10.147-0500] {processor.py:830} INFO - Processing file /opt/airflow/dags/dag_estado_real_vuelo.py for tasks to queue
[2026-07-09T04:34:10.149-0500] {logging_mixin.py:188} INFO - [2026-07-09T04:34:10.148-0500] {dagbag.py:545} INFO - Filling up the DagBag from /opt/airflow/dags/dag_estado_real_vuelo.py
[2026-07-09T04:34:10.194-0500] {processor.py:840} INFO - DAG(s) 'aerotrack_travel_estado_real_vuelo' retrieved from /opt/airflow/dags/dag_estado_real_vuelo.py
[2026-07-09T04:34:10.230-0500] {logging_mixin.py:188} INFO - [2026-07-09T04:34:10.230-0500] {dag.py:3089} INFO - Sync 1 DAGs
[2026-07-09T04:34:10.250-0500] {logging_mixin.py:188} INFO - [2026-07-09T04:34:10.250-0500] {dag.py:3947} INFO - Setting next_dagrun for aerotrack_travel_estado_real_vuelo to 2026-07-09 00:00:00+00:00, run_after=2026-07-10 00:00:00+00:00
[2026-07-09T04:34:10.265-0500] {processor.py:183} INFO - Processing /opt/airflow/dags/dag_estado_real_vuelo.py took 0.124 seconds
[2026-07-09T04:34:41.132-0500] {processor.py:161} INFO - Started process (PID=19312) to work on /opt/airflow/dags/dag_estado_real_vuelo.py
[2026-07-09T04:34:41.133-0500] {processor.py:830} INFO - Processing file /opt/airflow/dags/dag_estado_real_vuelo.py for tasks to queue
[2026-07-09T04:34:41.135-0500] {logging_mixin.py:188} INFO - [2026-07-09T04:34:41.134-0500] {dagbag.py:545} INFO - Filling up the DagBag from /opt/airflow/dags/dag_estado_real_vuelo.py
[2026-07-09T04:34:41.166-0500] {processor.py:840} INFO - DAG(s) 'aerotrack_travel_estado_real_vuelo' retrieved from /opt/airflow/dags/dag_estado_real_vuelo.py
[2026-07-09T04:34:41.194-0500] {logging_mixin.py:188} INFO - [2026-07-09T04:34:41.194-0500] {dag.py:3089} INFO - Sync 1 DAGs
[2026-07-09T04:34:41.212-0500] {logging_mixin.py:188} INFO - [2026-07-09T04:34:41.211-0500] {dag.py:3947} INFO - Setting next_dagrun for aerotrack_travel_estado_real_vuelo to 2026-07-09 00:00:00+00:00, run_after=2026-07-10 00:00:00+00:00
[2026-07-09T04:34:41.226-0500] {processor.py:183} INFO - Processing /opt/airflow/dags/dag_estado_real_vuelo.py took 0.098 seconds
[2026-07-09T04:35:12.085-0500] {processor.py:161} INFO - Started process (PID=19339) to work on /opt/airflow/dags/dag_estado_real_vuelo.py
[2026-07-09T04:35:12.086-0500] {processor.py:830} INFO - Processing file /opt/airflow/dags/dag_estado_real_vuelo.py for tasks to queue
[2026-07-09T04:35:12.088-0500] {logging_mixin.py:188} INFO - [2026-07-09T04:35:12.087-0500] {dagbag.py:545} INFO - Filling up the DagBag from /opt/airflow/dags/dag_estado_real_vuelo.py
[2026-07-09T04:35:12.135-0500] {processor.py:840} INFO - DAG(s) 'aerotrack_travel_estado_real_vuelo' retrieved from /opt/airflow/dags/dag_estado_real_vuelo.py
[2026-07-09T04:35:12.170-0500] {logging_mixin.py:188} INFO - [2026-07-09T04:35:12.170-0500] {dag.py:3089} INFO - Sync 1 DAGs
[2026-07-09T04:35:12.188-0500] {logging_mixin.py:188} INFO - [2026-07-09T04:35:12.188-0500] {dag.py:3947} INFO - Setting next_dagrun for aerotrack_travel_estado_real_vuelo to 2026-07-09 00:00:00+00:00, run_after=2026-07-10 00:00:00+00:00
[2026-07-09T04:35:12.204-0500] {processor.py:183} INFO - Processing /opt/airflow/dags/dag_estado_real_vuelo.py took 0.123 seconds
[2026-07-09T04:35:43.143-0500] {processor.py:161} INFO - Started process (PID=19366) to work on /opt/airflow/dags/dag_estado_real_vuelo.py
[2026-07-09T04:35:43.144-0500] {processor.py:830} INFO - Processing file /opt/airflow/dags/dag_estado_real_vuelo.py for tasks to queue
[2026-07-09T04:35:43.146-0500] {logging_mixin.py:188} INFO - [2026-07-09T04:35:43.145-0500] {dagbag.py:545} INFO - Filling up the DagBag from /opt/airflow/dags/dag_estado_real_vuelo.py
[2026-07-09T04:35:43.191-0500] {processor.py:840} INFO - DAG(s) 'aerotrack_travel_estado_real_vuelo' retrieved from /opt/airflow/dags/dag_estado_real_vuelo.py
[2026-07-09T04:35:43.229-0500] {logging_mixin.py:188} INFO - [2026-07-09T04:35:43.229-0500] {dag.py:3089} INFO - Sync 1 DAGs
[2026-07-09T04:35:43.251-0500] {logging_mixin.py:188} INFO - [2026-07-09T04:35:43.251-0500] {dag.py:3947} INFO - Setting next_dagrun for aerotrack_travel_estado_real_vuelo to 2026-07-09 00:00:00+00:00, run_after=2026-07-10 00:00:00+00:00
[2026-07-09T04:35:43.270-0500] {processor.py:183} INFO - Processing /opt/airflow/dags/dag_estado_real_vuelo.py took 0.133 seconds
[2026-07-09T04:36:14.232-0500] {processor.py:161} INFO - Started process (PID=19393) to work on /opt/airflow/dags/dag_estado_real_vuelo.py
[2026-07-09T04:36:14.234-0500] {processor.py:830} INFO - Processing file /opt/airflow/dags/dag_estado_real_vuelo.py for tasks to queue
[2026-07-09T04:36:14.236-0500] {logging_mixin.py:188} INFO - [2026-07-09T04:36:14.235-0500] {dagbag.py:545} INFO - Filling up the DagBag from /opt/airflow/dags/dag_estado_real_vuelo.py
[2026-07-09T04:36:14.284-0500] {processor.py:840} INFO - DAG(s) 'aerotrack_travel_estado_real_vuelo' retrieved from /opt/airflow/dags/dag_estado_real_vuelo.py
[2026-07-09T04:36:14.321-0500] {logging_mixin.py:188} INFO - [2026-07-09T04:36:14.321-0500] {dag.py:3089} INFO - Sync 1 DAGs
[2026-07-09T04:36:14.342-0500] {logging_mixin.py:188} INFO - [2026-07-09T04:36:14.342-0500] {dag.py:3947} INFO - Setting next_dagrun for aerotrack_travel_estado_real_vuelo to 2026-07-09 00:00:00+00:00, run_after=2026-07-10 00:00:00+00:00
[2026-07-09T04:36:14.362-0500] {processor.py:183} INFO - Processing /opt/airflow/dags/dag_estado_real_vuelo.py took 0.136 seconds
[2026-07-09T04:36:44.504-0500] {processor.py:161} INFO - Started process (PID=19420) to work on /opt/airflow/dags/dag_estado_real_vuelo.py
[2026-07-09T04:36:44.506-0500] {processor.py:830} INFO - Processing file /opt/airflow/dags/dag_estado_real_vuelo.py for tasks to queue
[2026-07-09T04:36:44.508-0500] {logging_mixin.py:188} INFO - [2026-07-09T04:36:44.508-0500] {dagbag.py:545} INFO - Filling up the DagBag from /opt/airflow/dags/dag_estado_real_vuelo.py
[2026-07-09T04:36:44.561-0500] {processor.py:840} INFO - DAG(s) 'aerotrack_travel_estado_real_vuelo' retrieved from /opt/airflow/dags/dag_estado_real_vuelo.py
[2026-07-09T04:36:44.607-0500] {logging_mixin.py:188} INFO - [2026-07-09T04:36:44.606-0500] {dag.py:3089} INFO - Sync 1 DAGs
[2026-07-09T04:36:44.637-0500] {logging_mixin.py:188} INFO - [2026-07-09T04:36:44.636-0500] {dag.py:3947} INFO - Setting next_dagrun for aerotrack_travel_estado_real_vuelo to 2026-07-09 00:00:00+00:00, run_after=2026-07-10 00:00:00+00:00
[2026-07-09T04:36:44.669-0500] {processor.py:183} INFO - Processing /opt/airflow/dags/dag_estado_real_vuelo.py took 0.171 seconds
[2026-07-09T04:37:14.733-0500] {processor.py:161} INFO - Started process (PID=19447) to work on /opt/airflow/dags/dag_estado_real_vuelo.py
[2026-07-09T04:37:14.734-0500] {processor.py:830} INFO - Processing file /opt/airflow/dags/dag_estado_real_vuelo.py for tasks to queue
[2026-07-09T04:37:14.736-0500] {logging_mixin.py:188} INFO - [2026-07-09T04:37:14.735-0500] {dagbag.py:545} INFO - Filling up the DagBag from /opt/airflow/dags/dag_estado_real_vuelo.py
[2026-07-09T04:37:14.773-0500] {processor.py:840} INFO - DAG(s) 'aerotrack_travel_estado_real_vuelo' retrieved from /opt/airflow/dags/dag_estado_real_vuelo.py
[2026-07-09T04:37:14.802-0500] {logging_mixin.py:188} INFO - [2026-07-09T04:37:14.802-0500] {dag.py:3089} INFO - Sync 1 DAGs
[2026-07-09T04:37:14.824-0500] {logging_mixin.py:188} INFO - [2026-07-09T04:37:14.823-0500] {dag.py:3947} INFO - Setting next_dagrun for aerotrack_travel_estado_real_vuelo to 2026-07-09 00:00:00+00:00, run_after=2026-07-10 00:00:00+00:00
[2026-07-09T04:37:14.838-0500] {processor.py:183} INFO - Processing /opt/airflow/dags/dag_estado_real_vuelo.py took 0.111 seconds
[2026-07-09T04:37:45.744-0500] {processor.py:161} INFO - Started process (PID=19474) to work on /opt/airflow/dags/dag_estado_real_vuelo.py
[2026-07-09T04:37:45.745-0500] {processor.py:830} INFO - Processing file /opt/airflow/dags/dag_estado_real_vuelo.py for tasks to queue
[2026-07-09T04:37:45.747-0500] {logging_mixin.py:188} INFO - [2026-07-09T04:37:45.746-0500] {dagbag.py:545} INFO - Filling up the DagBag from /opt/airflow/dags/dag_estado_real_vuelo.py
[2026-07-09T04:37:45.780-0500] {processor.py:840} INFO - DAG(s) 'aerotrack_travel_estado_real_vuelo' retrieved from /opt/airflow/dags/dag_estado_real_vuelo.py
[2026-07-09T04:37:45.813-0500] {logging_mixin.py:188} INFO - [2026-07-09T04:37:45.812-0500] {dag.py:3089} INFO - Sync 1 DAGs
[2026-07-09T04:37:45.829-0500] {logging_mixin.py:188} INFO - [2026-07-09T04:37:45.829-0500] {dag.py:3947} INFO - Setting next_dagrun for aerotrack_travel_estado_real_vuelo to 2026-07-09 00:00:00+00:00, run_after=2026-07-10 00:00:00+00:00
[2026-07-09T04:37:45.842-0500] {processor.py:183} INFO - Processing /opt/airflow/dags/dag_estado_real_vuelo.py took 0.103 seconds
[2026-07-09T04:38:16.735-0500] {processor.py:161} INFO - Started process (PID=19501) to work on /opt/airflow/dags/dag_estado_real_vuelo.py
[2026-07-09T04:38:16.736-0500] {processor.py:830} INFO - Processing file /opt/airflow/dags/dag_estado_real_vuelo.py for tasks to queue
[2026-07-09T04:38:16.738-0500] {logging_mixin.py:188} INFO - [2026-07-09T04:38:16.738-0500] {dagbag.py:545} INFO - Filling up the DagBag from /opt/airflow/dags/dag_estado_real_vuelo.py
[2026-07-09T04:38:16.780-0500] {processor.py:840} INFO - DAG(s) 'aerotrack_travel_estado_real_vuelo' retrieved from /opt/airflow/dags/dag_estado_real_vuelo.py
[2026-07-09T04:38:16.817-0500] {logging_mixin.py:188} INFO - [2026-07-09T04:38:16.817-0500] {dag.py:3089} INFO - Sync 1 DAGs
[2026-07-09T04:38:16.836-0500] {logging_mixin.py:188} INFO - [2026-07-09T04:38:16.836-0500] {dag.py:3947} INFO - Setting next_dagrun for aerotrack_travel_estado_real_vuelo to 2026-07-09 00:00:00+00:00, run_after=2026-07-10 00:00:00+00:00
[2026-07-09T04:38:16.853-0500] {processor.py:183} INFO - Processing /opt/airflow/dags/dag_estado_real_vuelo.py took 0.124 seconds
[2026-07-09T04:38:47.785-0500] {processor.py:161} INFO - Started process (PID=19528) to work on /opt/airflow/dags/dag_estado_real_vuelo.py
[2026-07-09T04:38:47.786-0500] {processor.py:830} INFO - Processing file /opt/airflow/dags/dag_estado_real_vuelo.py for tasks to queue
[2026-07-09T04:38:47.788-0500] {logging_mixin.py:188} INFO - [2026-07-09T04:38:47.788-0500] {dagbag.py:545} INFO - Filling up the DagBag from /opt/airflow/dags/dag_estado_real_vuelo.py
[2026-07-09T04:38:47.833-0500] {processor.py:840} INFO - DAG(s) 'aerotrack_travel_estado_real_vuelo' retrieved from /opt/airflow/dags/dag_estado_real_vuelo.py
[2026-07-09T04:38:47.867-0500] {logging_mixin.py:188} INFO - [2026-07-09T04:38:47.867-0500] {dag.py:3089} INFO - Sync 1 DAGs
[2026-07-09T04:38:47.889-0500] {logging_mixin.py:188} INFO - [2026-07-09T04:38:47.889-0500] {dag.py:3947} INFO - Setting next_dagrun for aerotrack_travel_estado_real_vuelo to 2026-07-09 00:00:00+00:00, run_after=2026-07-10 00:00:00+00:00
[2026-07-09T04:38:47.907-0500] {processor.py:183} INFO - Processing /opt/airflow/dags/dag_estado_real_vuelo.py took 0.128 seconds
[2026-07-09T04:39:17.984-0500] {processor.py:161} INFO - Started process (PID=19555) to work on /opt/airflow/dags/dag_estado_real_vuelo.py
[2026-07-09T04:39:17.985-0500] {processor.py:830} INFO - Processing file /opt/airflow/dags/dag_estado_real_vuelo.py for tasks to queue
[2026-07-09T04:39:17.987-0500] {logging_mixin.py:188} INFO - [2026-07-09T04:39:17.987-0500] {dagbag.py:545} INFO - Filling up the DagBag from /opt/airflow/dags/dag_estado_real_vuelo.py
[2026-07-09T04:39:18.033-0500] {processor.py:840} INFO - DAG(s) 'aerotrack_travel_estado_real_vuelo' retrieved from /opt/airflow/dags/dag_estado_real_vuelo.py
[2026-07-09T04:39:18.068-0500] {logging_mixin.py:188} INFO - [2026-07-09T04:39:18.068-0500] {dag.py:3089} INFO - Sync 1 DAGs
[2026-07-09T04:39:18.089-0500] {logging_mixin.py:188} INFO - [2026-07-09T04:39:18.089-0500] {dag.py:3947} INFO - Setting next_dagrun for aerotrack_travel_estado_real_vuelo to 2026-07-09 00:00:00+00:00, run_after=2026-07-10 00:00:00+00:00
[2026-07-09T04:39:18.110-0500] {processor.py:183} INFO - Processing /opt/airflow/dags/dag_estado_real_vuelo.py took 0.132 seconds
[2026-07-09T04:39:49.072-0500] {processor.py:161} INFO - Started process (PID=19582) to work on /opt/airflow/dags/dag_estado_real_vuelo.py
[2026-07-09T04:39:49.073-0500] {processor.py:830} INFO - Processing file /opt/airflow/dags/dag_estado_real_vuelo.py for tasks to queue
[2026-07-09T04:39:49.075-0500] {logging_mixin.py:188} INFO - [2026-07-09T04:39:49.074-0500] {dagbag.py:545} INFO - Filling up the DagBag from /opt/airflow/dags/dag_estado_real_vuelo.py
[2026-07-09T04:39:49.129-0500] {processor.py:840} INFO - DAG(s) 'aerotrack_travel_estado_real_vuelo' retrieved from /opt/airflow/dags/dag_estado_real_vuelo.py
[2026-07-09T04:39:49.171-0500] {logging_mixin.py:188} INFO - [2026-07-09T04:39:49.170-0500] {dag.py:3089} INFO - Sync 1 DAGs
[2026-07-09T04:39:49.193-0500] {logging_mixin.py:188} INFO - [2026-07-09T04:39:49.193-0500] {dag.py:3947} INFO - Setting next_dagrun for aerotrack_travel_estado_real_vuelo to 2026-07-09 00:00:00+00:00, run_after=2026-07-10 00:00:00+00:00
[2026-07-09T04:39:49.212-0500] {processor.py:183} INFO - Processing /opt/airflow/dags/dag_estado_real_vuelo.py took 0.147 seconds
[2026-07-09T04:40:19.316-0500] {processor.py:161} INFO - Started process (PID=19609) to work on /opt/airflow/dags/dag_estado_real_vuelo.py
[2026-07-09T04:40:19.317-0500] {processor.py:830} INFO - Processing file /opt/airflow/dags/dag_estado_real_vuelo.py for tasks to queue
[2026-07-09T04:40:19.319-0500] {logging_mixin.py:188} INFO - [2026-07-09T04:40:19.319-0500] {dagbag.py:545} INFO - Filling up the DagBag from /opt/airflow/dags/dag_estado_real_vuelo.py
[2026-07-09T04:40:19.392-0500] {processor.py:840} INFO - DAG(s) 'aerotrack_travel_estado_real_vuelo' retrieved from /opt/airflow/dags/dag_estado_real_vuelo.py
[2026-07-09T04:40:19.441-0500] {logging_mixin.py:188} INFO - [2026-07-09T04:40:19.441-0500] {dag.py:3089} INFO - Sync 1 DAGs
[2026-07-09T04:40:19.468-0500] {logging_mixin.py:188} INFO - [2026-07-09T04:40:19.467-0500] {dag.py:3947} INFO - Setting next_dagrun for aerotrack_travel_estado_real_vuelo to 2026-07-09 00:00:00+00:00, run_after=2026-07-10 00:00:00+00:00
[2026-07-09T04:40:19.493-0500] {processor.py:183} INFO - Processing /opt/airflow/dags/dag_estado_real_vuelo.py took 0.186 seconds
[2026-07-09T04:40:49.653-0500] {processor.py:161} INFO - Started process (PID=19636) to work on /opt/airflow/dags/dag_estado_real_vuelo.py
[2026-07-09T04:40:49.654-0500] {processor.py:830} INFO - Processing file /opt/airflow/dags/dag_estado_real_vuelo.py for tasks to queue
[2026-07-09T04:40:49.657-0500] {logging_mixin.py:188} INFO - [2026-07-09T04:40:49.657-0500] {dagbag.py:545} INFO - Filling up the DagBag from /opt/airflow/dags/dag_estado_real_vuelo.py
[2026-07-09T04:40:49.714-0500] {processor.py:840} INFO - DAG(s) 'aerotrack_travel_estado_real_vuelo' retrieved from /opt/airflow/dags/dag_estado_real_vuelo.py
[2026-07-09T04:40:49.768-0500] {logging_mixin.py:188} INFO - [2026-07-09T04:40:49.768-0500] {dag.py:3089} INFO - Sync 1 DAGs
[2026-07-09T04:40:49.793-0500] {logging_mixin.py:188} INFO - [2026-07-09T04:40:49.793-0500] {dag.py:3947} INFO - Setting next_dagrun for aerotrack_travel_estado_real_vuelo to 2026-07-09 00:00:00+00:00, run_after=2026-07-10 00:00:00+00:00
[2026-07-09T04:40:49.816-0500] {processor.py:183} INFO - Processing /opt/airflow/dags/dag_estado_real_vuelo.py took 0.170 seconds
[2026-07-09T04:41:20.722-0500] {processor.py:161} INFO - Started process (PID=19663) to work on /opt/airflow/dags/dag_estado_real_vuelo.py
[2026-07-09T04:41:20.723-0500] {processor.py:830} INFO - Processing file /opt/airflow/dags/dag_estado_real_vuelo.py for tasks to queue
[2026-07-09T04:41:20.724-0500] {logging_mixin.py:188} INFO - [2026-07-09T04:41:20.724-0500] {dagbag.py:545} INFO - Filling up the DagBag from /opt/airflow/dags/dag_estado_real_vuelo.py
[2026-07-09T04:41:20.775-0500] {processor.py:840} INFO - DAG(s) 'aerotrack_travel_estado_real_vuelo' retrieved from /opt/airflow/dags/dag_estado_real_vuelo.py
[2026-07-09T04:41:20.827-0500] {logging_mixin.py:188} INFO - [2026-07-09T04:41:20.826-0500] {dag.py:3089} INFO - Sync 1 DAGs
[2026-07-09T04:41:20.855-0500] {logging_mixin.py:188} INFO - [2026-07-09T04:41:20.855-0500] {dag.py:3947} INFO - Setting next_dagrun for aerotrack_travel_estado_real_vuelo to 2026-07-09 00:00:00+00:00, run_after=2026-07-10 00:00:00+00:00
[2026-07-09T04:41:20.878-0500] {processor.py:183} INFO - Processing /opt/airflow/dags/dag_estado_real_vuelo.py took 0.161 seconds
[2026-07-09T04:41:51.792-0500] {processor.py:161} INFO - Started process (PID=19690) to work on /opt/airflow/dags/dag_estado_real_vuelo.py
[2026-07-09T04:41:51.793-0500] {processor.py:830} INFO - Processing file /opt/airflow/dags/dag_estado_real_vuelo.py for tasks to queue
[2026-07-09T04:41:51.795-0500] {logging_mixin.py:188} INFO - [2026-07-09T04:41:51.794-0500] {dagbag.py:545} INFO - Filling up the DagBag from /opt/airflow/dags/dag_estado_real_vuelo.py
[2026-07-09T04:41:51.829-0500] {processor.py:840} INFO - DAG(s) 'aerotrack_travel_estado_real_vuelo' retrieved from /opt/airflow/dags/dag_estado_real_vuelo.py
[2026-07-09T04:41:51.857-0500] {logging_mixin.py:188} INFO - [2026-07-09T04:41:51.857-0500] {dag.py:3089} INFO - Sync 1 DAGs
[2026-07-09T04:41:51.875-0500] {logging_mixin.py:188} INFO - [2026-07-09T04:41:51.875-0500] {dag.py:3947} INFO - Setting next_dagrun for aerotrack_travel_estado_real_vuelo to 2026-07-09 00:00:00+00:00, run_after=2026-07-10 00:00:00+00:00
[2026-07-09T04:41:51.889-0500] {processor.py:183} INFO - Processing /opt/airflow/dags/dag_estado_real_vuelo.py took 0.102 seconds
[2026-07-09T04:42:22.874-0500] {processor.py:161} INFO - Started process (PID=19717) to work on /opt/airflow/dags/dag_estado_real_vuelo.py
[2026-07-09T04:42:22.875-0500] {processor.py:830} INFO - Processing file /opt/airflow/dags/dag_estado_real_vuelo.py for tasks to queue
[2026-07-09T04:42:22.877-0500] {logging_mixin.py:188} INFO - [2026-07-09T04:42:22.876-0500] {dagbag.py:545} INFO - Filling up the DagBag from /opt/airflow/dags/dag_estado_real_vuelo.py
[2026-07-09T04:42:22.920-0500] {processor.py:840} INFO - DAG(s) 'aerotrack_travel_estado_real_vuelo' retrieved from /opt/airflow/dags/dag_estado_real_vuelo.py
[2026-07-09T04:42:22.954-0500] {logging_mixin.py:188} INFO - [2026-07-09T04:42:22.954-0500] {dag.py:3089} INFO - Sync 1 DAGs
[2026-07-09T04:42:22.973-0500] {logging_mixin.py:188} INFO - [2026-07-09T04:42:22.973-0500] {dag.py:3947} INFO - Setting next_dagrun for aerotrack_travel_estado_real_vuelo to 2026-07-09 00:00:00+00:00, run_after=2026-07-10 00:00:00+00:00
[2026-07-09T04:42:22.990-0500] {processor.py:183} INFO - Processing /opt/airflow/dags/dag_estado_real_vuelo.py took 0.121 seconds
[2026-07-09T04:42:53.062-0500] {processor.py:161} INFO - Started process (PID=19744) to work on /opt/airflow/dags/dag_estado_real_vuelo.py
[2026-07-09T04:42:53.063-0500] {processor.py:830} INFO - Processing file /opt/airflow/dags/dag_estado_real_vuelo.py for tasks to queue
[2026-07-09T04:42:53.065-0500] {logging_mixin.py:188} INFO - [2026-07-09T04:42:53.064-0500] {dagbag.py:545} INFO - Filling up the DagBag from /opt/airflow/dags/dag_estado_real_vuelo.py
[2026-07-09T04:42:53.126-0500] {processor.py:840} INFO - DAG(s) 'aerotrack_travel_estado_real_vuelo' retrieved from /opt/airflow/dags/dag_estado_real_vuelo.py
[2026-07-09T04:42:53.170-0500] {logging_mixin.py:188} INFO - [2026-07-09T04:42:53.170-0500] {dag.py:3089} INFO - Sync 1 DAGs
[2026-07-09T04:42:53.193-0500] {logging_mixin.py:188} INFO - [2026-07-09T04:42:53.193-0500] {dag.py:3947} INFO - Setting next_dagrun for aerotrack_travel_estado_real_vuelo to 2026-07-09 00:00:00+00:00, run_after=2026-07-10 00:00:00+00:00
[2026-07-09T04:42:53.211-0500] {processor.py:183} INFO - Processing /opt/airflow/dags/dag_estado_real_vuelo.py took 0.155 seconds
[2026-07-09T04:43:24.114-0500] {processor.py:161} INFO - Started process (PID=19771) to work on /opt/airflow/dags/dag_estado_real_vuelo.py
[2026-07-09T04:43:24.115-0500] {processor.py:830} INFO - Processing file /opt/airflow/dags/dag_estado_real_vuelo.py for tasks to queue
[2026-07-09T04:43:24.117-0500] {logging_mixin.py:188} INFO - [2026-07-09T04:43:24.116-0500] {dagbag.py:545} INFO - Filling up the DagBag from /opt/airflow/dags/dag_estado_real_vuelo.py
[2026-07-09T04:43:24.152-0500] {processor.py:840} INFO - DAG(s) 'aerotrack_travel_estado_real_vuelo' retrieved from /opt/airflow/dags/dag_estado_real_vuelo.py
[2026-07-09T04:43:24.183-0500] {logging_mixin.py:188} INFO - [2026-07-09T04:43:24.183-0500] {dag.py:3089} INFO - Sync 1 DAGs
[2026-07-09T04:43:24.202-0500] {logging_mixin.py:188} INFO - [2026-07-09T04:43:24.202-0500] {dag.py:3947} INFO - Setting next_dagrun for aerotrack_travel_estado_real_vuelo to 2026-07-09 00:00:00+00:00, run_after=2026-07-10 00:00:00+00:00
[2026-07-09T04:43:24.216-0500] {processor.py:183} INFO - Processing /opt/airflow/dags/dag_estado_real_vuelo.py took 0.106 seconds
[2026-07-09T04:43:55.115-0500] {processor.py:161} INFO - Started process (PID=19798) to work on /opt/airflow/dags/dag_estado_real_vuelo.py
[2026-07-09T04:43:55.116-0500] {processor.py:830} INFO - Processing file /opt/airflow/dags/dag_estado_real_vuelo.py for tasks to queue
[2026-07-09T04:43:55.118-0500] {logging_mixin.py:188} INFO - [2026-07-09T04:43:55.117-0500] {dagbag.py:545} INFO - Filling up the DagBag from /opt/airflow/dags/dag_estado_real_vuelo.py
[2026-07-09T04:43:55.153-0500] {processor.py:840} INFO - DAG(s) 'aerotrack_travel_estado_real_vuelo' retrieved from /opt/airflow/dags/dag_estado_real_vuelo.py
[2026-07-09T04:43:55.183-0500] {logging_mixin.py:188} INFO - [2026-07-09T04:43:55.183-0500] {dag.py:3089} INFO - Sync 1 DAGs
[2026-07-09T04:43:55.201-0500] {logging_mixin.py:188} INFO - [2026-07-09T04:43:55.201-0500] {dag.py:3947} INFO - Setting next_dagrun for aerotrack_travel_estado_real_vuelo to 2026-07-09 00:00:00+00:00, run_after=2026-07-10 00:00:00+00:00
[2026-07-09T04:43:55.216-0500] {processor.py:183} INFO - Processing /opt/airflow/dags/dag_estado_real_vuelo.py took 0.106 seconds
[2026-07-09T04:44:26.111-0500] {processor.py:161} INFO - Started process (PID=19825) to work on /opt/airflow/dags/dag_estado_real_vuelo.py
[2026-07-09T04:44:26.112-0500] {processor.py:830} INFO - Processing file /opt/airflow/dags/dag_estado_real_vuelo.py for tasks to queue
[2026-07-09T04:44:26.113-0500] {logging_mixin.py:188} INFO - [2026-07-09T04:44:26.113-0500] {dagbag.py:545} INFO - Filling up the DagBag from /opt/airflow/dags/dag_estado_real_vuelo.py
[2026-07-09T04:44:26.155-0500] {processor.py:840} INFO - DAG(s) 'aerotrack_travel_estado_real_vuelo' retrieved from /opt/airflow/dags/dag_estado_real_vuelo.py
[2026-07-09T04:44:26.191-0500] {logging_mixin.py:188} INFO - [2026-07-09T04:44:26.191-0500] {dag.py:3089} INFO - Sync 1 DAGs
[2026-07-09T04:44:26.209-0500] {logging_mixin.py:188} INFO - [2026-07-09T04:44:26.209-0500] {dag.py:3947} INFO - Setting next_dagrun for aerotrack_travel_estado_real_vuelo to 2026-07-09 00:00:00+00:00, run_after=2026-07-10 00:00:00+00:00
[2026-07-09T04:44:26.227-0500] {processor.py:183} INFO - Processing /opt/airflow/dags/dag_estado_real_vuelo.py took 0.121 seconds
[2026-07-09T04:44:57.097-0500] {processor.py:161} INFO - Started process (PID=19852) to work on /opt/airflow/dags/dag_estado_real_vuelo.py
[2026-07-09T04:44:57.098-0500] {processor.py:830} INFO - Processing file /opt/airflow/dags/dag_estado_real_vuelo.py for tasks to queue
[2026-07-09T04:44:57.100-0500] {logging_mixin.py:188} INFO - [2026-07-09T04:44:57.100-0500] {dagbag.py:545} INFO - Filling up the DagBag from /opt/airflow/dags/dag_estado_real_vuelo.py
[2026-07-09T04:44:57.132-0500] {processor.py:840} INFO - DAG(s) 'aerotrack_travel_estado_real_vuelo' retrieved from /opt/airflow/dags/dag_estado_real_vuelo.py
[2026-07-09T04:44:57.167-0500] {logging_mixin.py:188} INFO - [2026-07-09T04:44:57.166-0500] {dag.py:3089} INFO - Sync 1 DAGs
[2026-07-09T04:44:57.184-0500] {logging_mixin.py:188} INFO - [2026-07-09T04:44:57.184-0500] {dag.py:3947} INFO - Setting next_dagrun for aerotrack_travel_estado_real_vuelo to 2026-07-09 00:00:00+00:00, run_after=2026-07-10 00:00:00+00:00
[2026-07-09T04:44:57.200-0500] {processor.py:183} INFO - Processing /opt/airflow/dags/dag_estado_real_vuelo.py took 0.107 seconds
[2026-07-09T04:45:28.078-0500] {processor.py:161} INFO - Started process (PID=19879) to work on /opt/airflow/dags/dag_estado_real_vuelo.py
[2026-07-09T04:45:28.079-0500] {processor.py:830} INFO - Processing file /opt/airflow/dags/dag_estado_real_vuelo.py for tasks to queue
[2026-07-09T04:45:28.080-0500] {logging_mixin.py:188} INFO - [2026-07-09T04:45:28.080-0500] {dagbag.py:545} INFO - Filling up the DagBag from /opt/airflow/dags/dag_estado_real_vuelo.py
[2026-07-09T04:45:28.115-0500] {processor.py:840} INFO - DAG(s) 'aerotrack_travel_estado_real_vuelo' retrieved from /opt/airflow/dags/dag_estado_real_vuelo.py
[2026-07-09T04:45:28.145-0500] {logging_mixin.py:188} INFO - [2026-07-09T04:45:28.145-0500] {dag.py:3089} INFO - Sync 1 DAGs
[2026-07-09T04:45:28.162-0500] {logging_mixin.py:188} INFO - [2026-07-09T04:45:28.162-0500] {dag.py:3947} INFO - Setting next_dagrun for aerotrack_travel_estado_real_vuelo to 2026-07-09 00:00:00+00:00, run_after=2026-07-10 00:00:00+00:00
[2026-07-09T04:45:28.200-0500] {processor.py:183} INFO - Processing /opt/airflow/dags/dag_estado_real_vuelo.py took 0.126 seconds
[2026-07-09T04:45:59.069-0500] {processor.py:161} INFO - Started process (PID=19906) to work on /opt/airflow/dags/dag_estado_real_vuelo.py
[2026-07-09T04:45:59.070-0500] {processor.py:830} INFO - Processing file /opt/airflow/dags/dag_estado_real_vuelo.py for tasks to queue
[2026-07-09T04:45:59.072-0500] {logging_mixin.py:188} INFO - [2026-07-09T04:45:59.072-0500] {dagbag.py:545} INFO - Filling up the DagBag from /opt/airflow/dags/dag_estado_real_vuelo.py
[2026-07-09T04:45:59.116-0500] {processor.py:840} INFO - DAG(s) 'aerotrack_travel_estado_real_vuelo' retrieved from /opt/airflow/dags/dag_estado_real_vuelo.py
[2026-07-09T04:45:59.146-0500] {logging_mixin.py:188} INFO - [2026-07-09T04:45:59.146-0500] {dag.py:3089} INFO - Sync 1 DAGs
[2026-07-09T04:45:59.166-0500] {logging_mixin.py:188} INFO - [2026-07-09T04:45:59.166-0500] {dag.py:3947} INFO - Setting next_dagrun for aerotrack_travel_estado_real_vuelo to 2026-07-09 00:00:00+00:00, run_after=2026-07-10 00:00:00+00:00
[2026-07-09T04:45:59.182-0500] {processor.py:183} INFO - Processing /opt/airflow/dags/dag_estado_real_vuelo.py took 0.118 seconds
[2026-07-09T04:46:30.097-0500] {processor.py:161} INFO - Started process (PID=19933) to work on /opt/airflow/dags/dag_estado_real_vuelo.py
[2026-07-09T04:46:30.098-0500] {processor.py:830} INFO - Processing file /opt/airflow/dags/dag_estado_real_vuelo.py for tasks to queue
[2026-07-09T04:46:30.099-0500] {logging_mixin.py:188} INFO - [2026-07-09T04:46:30.099-0500] {dagbag.py:545} INFO - Filling up the DagBag from /opt/airflow/dags/dag_estado_real_vuelo.py
[2026-07-09T04:46:30.131-0500] {processor.py:840} INFO - DAG(s) 'aerotrack_travel_estado_real_vuelo' retrieved from /opt/airflow/dags/dag_estado_real_vuelo.py
[2026-07-09T04:46:30.159-0500] {logging_mixin.py:188} INFO - [2026-07-09T04:46:30.159-0500] {dag.py:3089} INFO - Sync 1 DAGs
[2026-07-09T04:46:30.175-0500] {logging_mixin.py:188} INFO - [2026-07-09T04:46:30.175-0500] {dag.py:3947} INFO - Setting next_dagrun for aerotrack_travel_estado_real_vuelo to 2026-07-09 00:00:00+00:00, run_after=2026-07-10 00:00:00+00:00
[2026-07-09T04:46:30.189-0500] {processor.py:183} INFO - Processing /opt/airflow/dags/dag_estado_real_vuelo.py took 0.097 seconds
[2026-07-09T04:47:00.378-0500] {processor.py:161} INFO - Started process (PID=19960) to work on /opt/airflow/dags/dag_estado_real_vuelo.py
[2026-07-09T04:47:00.379-0500] {processor.py:830} INFO - Processing file /opt/airflow/dags/dag_estado_real_vuelo.py for tasks to queue
[2026-07-09T04:47:00.380-0500] {logging_mixin.py:188} INFO - [2026-07-09T04:47:00.380-0500] {dagbag.py:545} INFO - Filling up the DagBag from /opt/airflow/dags/dag_estado_real_vuelo.py
[2026-07-09T04:47:00.430-0500] {processor.py:840} INFO - DAG(s) 'aerotrack_travel_estado_real_vuelo' retrieved from /opt/airflow/dags/dag_estado_real_vuelo.py
[2026-07-09T04:47:00.464-0500] {logging_mixin.py:188} INFO - [2026-07-09T04:47:00.464-0500] {dag.py:3089} INFO - Sync 1 DAGs
[2026-07-09T04:47:00.484-0500] {logging_mixin.py:188} INFO - [2026-07-09T04:47:00.484-0500] {dag.py:3947} INFO - Setting next_dagrun for aerotrack_travel_estado_real_vuelo to 2026-07-09 00:00:00+00:00, run_after=2026-07-10 00:00:00+00:00
[2026-07-09T04:47:00.499-0500] {processor.py:183} INFO - Processing /opt/airflow/dags/dag_estado_real_vuelo.py took 0.128 seconds
[2026-07-09T04:47:31.305-0500] {processor.py:161} INFO - Started process (PID=19987) to work on /opt/airflow/dags/dag_estado_real_vuelo.py
[2026-07-09T04:47:31.306-0500] {processor.py:830} INFO - Processing file /opt/airflow/dags/dag_estado_real_vuelo.py for tasks to queue
[2026-07-09T04:47:31.308-0500] {logging_mixin.py:188} INFO - [2026-07-09T04:47:31.308-0500] {dagbag.py:545} INFO - Filling up the DagBag from /opt/airflow/dags/dag_estado_real_vuelo.py
[2026-07-09T04:47:31.358-0500] {processor.py:840} INFO - DAG(s) 'aerotrack_travel_estado_real_vuelo' retrieved from /opt/airflow/dags/dag_estado_real_vuelo.py
[2026-07-09T04:47:31.387-0500] {logging_mixin.py:188} INFO - [2026-07-09T04:47:31.387-0500] {dag.py:3089} INFO - Sync 1 DAGs
[2026-07-09T04:47:31.405-0500] {logging_mixin.py:188} INFO - [2026-07-09T04:47:31.405-0500] {dag.py:3947} INFO - Setting next_dagrun for aerotrack_travel_estado_real_vuelo to 2026-07-09 00:00:00+00:00, run_after=2026-07-10 00:00:00+00:00
[2026-07-09T04:47:31.420-0500] {processor.py:183} INFO - Processing /opt/airflow/dags/dag_estado_real_vuelo.py took 0.121 seconds
[2026-07-09T04:48:02.302-0500] {processor.py:161} INFO - Started process (PID=20014) to work on /opt/airflow/dags/dag_estado_real_vuelo.py
[2026-07-09T04:48:02.303-0500] {processor.py:830} INFO - Processing file /opt/airflow/dags/dag_estado_real_vuelo.py for tasks to queue
[2026-07-09T04:48:02.305-0500] {logging_mixin.py:188} INFO - [2026-07-09T04:48:02.305-0500] {dagbag.py:545} INFO - Filling up the DagBag from /opt/airflow/dags/dag_estado_real_vuelo.py
[2026-07-09T04:48:02.349-0500] {processor.py:840} INFO - DAG(s) 'aerotrack_travel_estado_real_vuelo' retrieved from /opt/airflow/dags/dag_estado_real_vuelo.py
[2026-07-09T04:48:02.383-0500] {logging_mixin.py:188} INFO - [2026-07-09T04:48:02.382-0500] {dag.py:3089} INFO - Sync 1 DAGs
[2026-07-09T04:48:02.402-0500] {logging_mixin.py:188} INFO - [2026-07-09T04:48:02.402-0500] {dag.py:3947} INFO - Setting next_dagrun for aerotrack_travel_estado_real_vuelo to 2026-07-09 00:00:00+00:00, run_after=2026-07-10 00:00:00+00:00
[2026-07-09T04:48:02.419-0500] {processor.py:183} INFO - Processing /opt/airflow/dags/dag_estado_real_vuelo.py took 0.122 seconds
[2026-07-09T04:48:33.269-0500] {processor.py:161} INFO - Started process (PID=20041) to work on /opt/airflow/dags/dag_estado_real_vuelo.py
[2026-07-09T04:48:33.270-0500] {processor.py:830} INFO - Processing file /opt/airflow/dags/dag_estado_real_vuelo.py for tasks to queue
[2026-07-09T04:48:33.272-0500] {logging_mixin.py:188} INFO - [2026-07-09T04:48:33.272-0500] {dagbag.py:545} INFO - Filling up the DagBag from /opt/airflow/dags/dag_estado_real_vuelo.py
[2026-07-09T04:48:33.317-0500] {processor.py:840} INFO - DAG(s) 'aerotrack_travel_estado_real_vuelo' retrieved from /opt/airflow/dags/dag_estado_real_vuelo.py
[2026-07-09T04:48:33.343-0500] {logging_mixin.py:188} INFO - [2026-07-09T04:48:33.342-0500] {dag.py:3089} INFO - Sync 1 DAGs
[2026-07-09T04:48:33.360-0500] {logging_mixin.py:188} INFO - [2026-07-09T04:48:33.359-0500] {dag.py:3947} INFO - Setting next_dagrun for aerotrack_travel_estado_real_vuelo to 2026-07-09 00:00:00+00:00, run_after=2026-07-10 00:00:00+00:00
[2026-07-09T04:48:33.374-0500] {processor.py:183} INFO - Processing /opt/airflow/dags/dag_estado_real_vuelo.py took 0.110 seconds
[2026-07-09T04:49:04.330-0500] {processor.py:161} INFO - Started process (PID=20068) to work on /opt/airflow/dags/dag_estado_real_vuelo.py
[2026-07-09T04:49:04.330-0500] {processor.py:830} INFO - Processing file /opt/airflow/dags/dag_estado_real_vuelo.py for tasks to queue
[2026-07-09T04:49:04.332-0500] {logging_mixin.py:188} INFO - [2026-07-09T04:49:04.332-0500] {dagbag.py:545} INFO - Filling up the DagBag from /opt/airflow/dags/dag_estado_real_vuelo.py
[2026-07-09T04:49:04.363-0500] {processor.py:840} INFO - DAG(s) 'aerotrack_travel_estado_real_vuelo' retrieved from /opt/airflow/dags/dag_estado_real_vuelo.py
[2026-07-09T04:49:04.400-0500] {logging_mixin.py:188} INFO - [2026-07-09T04:49:04.400-0500] {dag.py:3089} INFO - Sync 1 DAGs
[2026-07-09T04:49:04.429-0500] {logging_mixin.py:188} INFO - [2026-07-09T04:49:04.429-0500] {dag.py:3947} INFO - Setting next_dagrun for aerotrack_travel_estado_real_vuelo to 2026-07-09 00:00:00+00:00, run_after=2026-07-10 00:00:00+00:00
[2026-07-09T04:49:04.451-0500] {processor.py:183} INFO - Processing /opt/airflow/dags/dag_estado_real_vuelo.py took 0.126 seconds
[2026-07-09T04:49:34.646-0500] {processor.py:161} INFO - Started process (PID=20095) to work on /opt/airflow/dags/dag_estado_real_vuelo.py
[2026-07-09T04:49:34.647-0500] {processor.py:830} INFO - Processing file /opt/airflow/dags/dag_estado_real_vuelo.py for tasks to queue
[2026-07-09T04:49:34.653-0500] {logging_mixin.py:188} INFO - [2026-07-09T04:49:34.650-0500] {dagbag.py:545} INFO - Filling up the DagBag from /opt/airflow/dags/dag_estado_real_vuelo.py
[2026-07-09T04:49:34.722-0500] {processor.py:840} INFO - DAG(s) 'aerotrack_travel_estado_real_vuelo' retrieved from /opt/airflow/dags/dag_estado_real_vuelo.py
[2026-07-09T04:49:34.766-0500] {logging_mixin.py:188} INFO - [2026-07-09T04:49:34.766-0500] {dag.py:3089} INFO - Sync 1 DAGs
[2026-07-09T04:49:34.791-0500] {logging_mixin.py:188} INFO - [2026-07-09T04:49:34.791-0500] {dag.py:3947} INFO - Setting next_dagrun for aerotrack_travel_estado_real_vuelo to 2026-07-09 00:00:00+00:00, run_after=2026-07-10 00:00:00+00:00
[2026-07-09T04:49:34.813-0500] {processor.py:183} INFO - Processing /opt/airflow/dags/dag_estado_real_vuelo.py took 0.175 seconds
[2026-07-09T04:50:05.087-0500] {processor.py:161} INFO - Started process (PID=20105) to work on /opt/airflow/dags/dag_estado_real_vuelo.py
[2026-07-09T04:50:05.088-0500] {processor.py:830} INFO - Processing file /opt/airflow/dags/dag_estado_real_vuelo.py for tasks to queue
[2026-07-09T04:50:05.090-0500] {logging_mixin.py:188} INFO - [2026-07-09T04:50:05.090-0500] {dagbag.py:545} INFO - Filling up the DagBag from /opt/airflow/dags/dag_estado_real_vuelo.py
[2026-07-09T04:50:05.135-0500] {processor.py:840} INFO - DAG(s) 'aerotrack_travel_estado_real_vuelo' retrieved from /opt/airflow/dags/dag_estado_real_vuelo.py
[2026-07-09T04:50:05.170-0500] {logging_mixin.py:188} INFO - [2026-07-09T04:50:05.170-0500] {dag.py:3089} INFO - Sync 1 DAGs
[2026-07-09T04:50:05.191-0500] {logging_mixin.py:188} INFO - [2026-07-09T04:50:05.190-0500] {dag.py:3947} INFO - Setting next_dagrun for aerotrack_travel_estado_real_vuelo to 2026-07-09 00:00:00+00:00, run_after=2026-07-10 00:00:00+00:00
[2026-07-09T04:50:05.216-0500] {processor.py:183} INFO - Processing /opt/airflow/dags/dag_estado_real_vuelo.py took 0.134 seconds
[2026-07-09T04:50:35.756-0500] {processor.py:161} INFO - Started process (PID=20132) to work on /opt/airflow/dags/dag_estado_real_vuelo.py
[2026-07-09T04:50:35.757-0500] {processor.py:830} INFO - Processing file /opt/airflow/dags/dag_estado_real_vuelo.py for tasks to queue
[2026-07-09T04:50:35.758-0500] {logging_mixin.py:188} INFO - [2026-07-09T04:50:35.758-0500] {dagbag.py:545} INFO - Filling up the DagBag from /opt/airflow/dags/dag_estado_real_vuelo.py
[2026-07-09T04:50:35.791-0500] {processor.py:840} INFO - DAG(s) 'aerotrack_travel_estado_real_vuelo' retrieved from /opt/airflow/dags/dag_estado_real_vuelo.py
[2026-07-09T04:50:35.822-0500] {logging_mixin.py:188} INFO - [2026-07-09T04:50:35.822-0500] {dag.py:3089} INFO - Sync 1 DAGs
[2026-07-09T04:50:35.843-0500] {logging_mixin.py:188} INFO - [2026-07-09T04:50:35.843-0500] {dag.py:3947} INFO - Setting next_dagrun for aerotrack_travel_estado_real_vuelo to 2026-07-09 00:00:00+00:00, run_after=2026-07-10 00:00:00+00:00
[2026-07-09T04:50:35.867-0500] {processor.py:183} INFO - Processing /opt/airflow/dags/dag_estado_real_vuelo.py took 0.116 seconds
[2026-07-09T04:51:06.422-0500] {processor.py:161} INFO - Started process (PID=20159) to work on /opt/airflow/dags/dag_estado_real_vuelo.py
[2026-07-09T04:51:06.423-0500] {processor.py:830} INFO - Processing file /opt/airflow/dags/dag_estado_real_vuelo.py for tasks to queue
[2026-07-09T04:51:06.425-0500] {logging_mixin.py:188} INFO - [2026-07-09T04:51:06.424-0500] {dagbag.py:545} INFO - Filling up the DagBag from /opt/airflow/dags/dag_estado_real_vuelo.py
[2026-07-09T04:51:06.456-0500] {processor.py:840} INFO - DAG(s) 'aerotrack_travel_estado_real_vuelo' retrieved from /opt/airflow/dags/dag_estado_real_vuelo.py
[2026-07-09T04:51:06.490-0500] {logging_mixin.py:188} INFO - [2026-07-09T04:51:06.490-0500] {dag.py:3089} INFO - Sync 1 DAGs
[2026-07-09T04:51:06.511-0500] {logging_mixin.py:188} INFO - [2026-07-09T04:51:06.511-0500] {dag.py:3947} INFO - Setting next_dagrun for aerotrack_travel_estado_real_vuelo to 2026-07-09 00:00:00+00:00, run_after=2026-07-10 00:00:00+00:00
[2026-07-09T04:51:06.531-0500] {processor.py:183} INFO - Processing /opt/airflow/dags/dag_estado_real_vuelo.py took 0.114 seconds
