[2026-07-09T10:34:48.916-0500] {processor.py:161} INFO - Started process (PID=26832) to work on /opt/airflow/dags/dag_expirar_reservas_pendientes.py
[2026-07-09T10:34:48.917-0500] {processor.py:830} INFO - Processing file /opt/airflow/dags/dag_expirar_reservas_pendientes.py for tasks to queue
[2026-07-09T10:34:48.918-0500] {logging_mixin.py:188} INFO - [2026-07-09T10:34:48.918-0500] {dagbag.py:545} INFO - Filling up the DagBag from /opt/airflow/dags/dag_expirar_reservas_pendientes.py
[2026-07-09T10:34:48.958-0500] {processor.py:840} INFO - DAG(s) 'aerotrack_travel_expirar_reservas' retrieved from /opt/airflow/dags/dag_expirar_reservas_pendientes.py
[2026-07-09T10:34:49.084-0500] {logging_mixin.py:188} INFO - [2026-07-09T10:34:49.083-0500] {override.py:1858} INFO - Created Permission View: can delete on DAG:aerotrack_travel_expirar_reservas
[2026-07-09T10:34:49.093-0500] {logging_mixin.py:188} INFO - [2026-07-09T10:34:49.093-0500] {override.py:1858} INFO - Created Permission View: can edit on DAG:aerotrack_travel_expirar_reservas
[2026-07-09T10:34:49.098-0500] {logging_mixin.py:188} INFO - [2026-07-09T10:34:49.098-0500] {override.py:1858} INFO - Created Permission View: can read on DAG:aerotrack_travel_expirar_reservas
[2026-07-09T10:34:49.099-0500] {logging_mixin.py:188} INFO - [2026-07-09T10:34:49.099-0500] {dag.py:3089} INFO - Sync 1 DAGs
[2026-07-09T10:34:49.108-0500] {logging_mixin.py:188} INFO - [2026-07-09T10:34:49.108-0500] {dag.py:3111} INFO - Creating ORM DAG for aerotrack_travel_expirar_reservas
[2026-07-09T10:34:49.121-0500] {logging_mixin.py:188} INFO - [2026-07-09T10:34:49.121-0500] {dag.py:3947} INFO - Setting next_dagrun for aerotrack_travel_expirar_reservas to 2026-07-09 15:25:00+00:00, run_after=2026-07-09 15:30:00+00:00
[2026-07-09T10:34:49.142-0500] {processor.py:183} INFO - Processing /opt/airflow/dags/dag_expirar_reservas_pendientes.py took 0.231 seconds
[2026-07-09T10:35:20.113-0500] {processor.py:161} INFO - Started process (PID=26864) to work on /opt/airflow/dags/dag_expirar_reservas_pendientes.py
[2026-07-09T10:35:20.115-0500] {processor.py:830} INFO - Processing file /opt/airflow/dags/dag_expirar_reservas_pendientes.py for tasks to queue
[2026-07-09T10:35:20.115-0500] {logging_mixin.py:188} INFO - [2026-07-09T10:35:20.115-0500] {dagbag.py:545} INFO - Filling up the DagBag from /opt/airflow/dags/dag_expirar_reservas_pendientes.py
[2026-07-09T10:35:20.151-0500] {processor.py:840} INFO - DAG(s) 'aerotrack_travel_expirar_reservas' retrieved from /opt/airflow/dags/dag_expirar_reservas_pendientes.py
[2026-07-09T10:35:20.190-0500] {logging_mixin.py:188} INFO - [2026-07-09T10:35:20.190-0500] {dag.py:3089} INFO - Sync 1 DAGs
[2026-07-09T10:35:20.212-0500] {logging_mixin.py:188} INFO - [2026-07-09T10:35:20.212-0500] {dag.py:3947} INFO - Setting next_dagrun for aerotrack_travel_expirar_reservas to 2026-07-09 15:30:00+00:00, run_after=2026-07-09 15:35:00+00:00
[2026-07-09T10:35:20.231-0500] {processor.py:183} INFO - Processing /opt/airflow/dags/dag_expirar_reservas_pendientes.py took 0.125 seconds
[2026-07-09T10:35:50.356-0500] {processor.py:161} INFO - Started process (PID=26896) to work on /opt/airflow/dags/dag_expirar_reservas_pendientes.py
[2026-07-09T10:35:50.357-0500] {processor.py:830} INFO - Processing file /opt/airflow/dags/dag_expirar_reservas_pendientes.py for tasks to queue
[2026-07-09T10:35:50.358-0500] {logging_mixin.py:188} INFO - [2026-07-09T10:35:50.358-0500] {dagbag.py:545} INFO - Filling up the DagBag from /opt/airflow/dags/dag_expirar_reservas_pendientes.py
[2026-07-09T10:35:50.397-0500] {processor.py:840} INFO - DAG(s) 'aerotrack_travel_expirar_reservas' retrieved from /opt/airflow/dags/dag_expirar_reservas_pendientes.py
[2026-07-09T10:35:50.427-0500] {logging_mixin.py:188} INFO - [2026-07-09T10:35:50.427-0500] {dag.py:3089} INFO - Sync 1 DAGs
[2026-07-09T10:35:50.444-0500] {logging_mixin.py:188} INFO - [2026-07-09T10:35:50.443-0500] {dag.py:3947} INFO - Setting next_dagrun for aerotrack_travel_expirar_reservas to 2026-07-09 15:30:00+00:00, run_after=2026-07-09 15:35:00+00:00
[2026-07-09T10:35:50.457-0500] {processor.py:183} INFO - Processing /opt/airflow/dags/dag_expirar_reservas_pendientes.py took 0.108 seconds
[2026-07-09T10:36:20.576-0500] {processor.py:161} INFO - Started process (PID=26928) to work on /opt/airflow/dags/dag_expirar_reservas_pendientes.py
[2026-07-09T10:36:20.577-0500] {processor.py:830} INFO - Processing file /opt/airflow/dags/dag_expirar_reservas_pendientes.py for tasks to queue
[2026-07-09T10:36:20.578-0500] {logging_mixin.py:188} INFO - [2026-07-09T10:36:20.578-0500] {dagbag.py:545} INFO - Filling up the DagBag from /opt/airflow/dags/dag_expirar_reservas_pendientes.py
[2026-07-09T10:36:20.602-0500] {processor.py:840} INFO - DAG(s) 'aerotrack_travel_expirar_reservas' retrieved from /opt/airflow/dags/dag_expirar_reservas_pendientes.py
[2026-07-09T10:36:20.632-0500] {logging_mixin.py:188} INFO - [2026-07-09T10:36:20.632-0500] {dag.py:3089} INFO - Sync 1 DAGs
[2026-07-09T10:36:20.649-0500] {logging_mixin.py:188} INFO - [2026-07-09T10:36:20.649-0500] {dag.py:3947} INFO - Setting next_dagrun for aerotrack_travel_expirar_reservas to 2026-07-09 15:30:00+00:00, run_after=2026-07-09 15:35:00+00:00
[2026-07-09T10:36:20.665-0500] {processor.py:183} INFO - Processing /opt/airflow/dags/dag_expirar_reservas_pendientes.py took 0.094 seconds
[2026-07-09T10:36:50.781-0500] {processor.py:161} INFO - Started process (PID=26960) to work on /opt/airflow/dags/dag_expirar_reservas_pendientes.py
[2026-07-09T10:36:50.782-0500] {processor.py:830} INFO - Processing file /opt/airflow/dags/dag_expirar_reservas_pendientes.py for tasks to queue
[2026-07-09T10:36:50.783-0500] {logging_mixin.py:188} INFO - [2026-07-09T10:36:50.783-0500] {dagbag.py:545} INFO - Filling up the DagBag from /opt/airflow/dags/dag_expirar_reservas_pendientes.py
[2026-07-09T10:36:50.814-0500] {processor.py:840} INFO - DAG(s) 'aerotrack_travel_expirar_reservas' retrieved from /opt/airflow/dags/dag_expirar_reservas_pendientes.py
[2026-07-09T10:36:50.846-0500] {logging_mixin.py:188} INFO - [2026-07-09T10:36:50.846-0500] {dag.py:3089} INFO - Sync 1 DAGs
[2026-07-09T10:36:50.862-0500] {logging_mixin.py:188} INFO - [2026-07-09T10:36:50.862-0500] {dag.py:3947} INFO - Setting next_dagrun for aerotrack_travel_expirar_reservas to 2026-07-09 15:30:00+00:00, run_after=2026-07-09 15:35:00+00:00
[2026-07-09T10:36:50.877-0500] {processor.py:183} INFO - Processing /opt/airflow/dags/dag_expirar_reservas_pendientes.py took 0.101 seconds
[2026-07-09T10:37:20.975-0500] {processor.py:161} INFO - Started process (PID=26992) to work on /opt/airflow/dags/dag_expirar_reservas_pendientes.py
[2026-07-09T10:37:20.976-0500] {processor.py:830} INFO - Processing file /opt/airflow/dags/dag_expirar_reservas_pendientes.py for tasks to queue
[2026-07-09T10:37:20.976-0500] {logging_mixin.py:188} INFO - [2026-07-09T10:37:20.976-0500] {dagbag.py:545} INFO - Filling up the DagBag from /opt/airflow/dags/dag_expirar_reservas_pendientes.py
[2026-07-09T10:37:21.006-0500] {processor.py:840} INFO - DAG(s) 'aerotrack_travel_expirar_reservas' retrieved from /opt/airflow/dags/dag_expirar_reservas_pendientes.py
[2026-07-09T10:37:21.035-0500] {logging_mixin.py:188} INFO - [2026-07-09T10:37:21.035-0500] {dag.py:3089} INFO - Sync 1 DAGs
[2026-07-09T10:37:21.052-0500] {logging_mixin.py:188} INFO - [2026-07-09T10:37:21.052-0500] {dag.py:3947} INFO - Setting next_dagrun for aerotrack_travel_expirar_reservas to 2026-07-09 15:30:00+00:00, run_after=2026-07-09 15:35:00+00:00
[2026-07-09T10:37:21.068-0500] {processor.py:183} INFO - Processing /opt/airflow/dags/dag_expirar_reservas_pendientes.py took 0.098 seconds
[2026-07-09T10:37:51.367-0500] {processor.py:161} INFO - Started process (PID=27024) to work on /opt/airflow/dags/dag_expirar_reservas_pendientes.py
[2026-07-09T10:37:51.368-0500] {processor.py:830} INFO - Processing file /opt/airflow/dags/dag_expirar_reservas_pendientes.py for tasks to queue
[2026-07-09T10:37:51.369-0500] {logging_mixin.py:188} INFO - [2026-07-09T10:37:51.369-0500] {dagbag.py:545} INFO - Filling up the DagBag from /opt/airflow/dags/dag_expirar_reservas_pendientes.py
[2026-07-09T10:37:51.390-0500] {processor.py:840} INFO - DAG(s) 'aerotrack_travel_expirar_reservas' retrieved from /opt/airflow/dags/dag_expirar_reservas_pendientes.py
[2026-07-09T10:37:51.417-0500] {logging_mixin.py:188} INFO - [2026-07-09T10:37:51.417-0500] {dag.py:3089} INFO - Sync 1 DAGs
[2026-07-09T10:37:51.433-0500] {logging_mixin.py:188} INFO - [2026-07-09T10:37:51.432-0500] {dag.py:3947} INFO - Setting next_dagrun for aerotrack_travel_expirar_reservas to 2026-07-09 15:30:00+00:00, run_after=2026-07-09 15:35:00+00:00
[2026-07-09T10:37:51.450-0500] {processor.py:183} INFO - Processing /opt/airflow/dags/dag_expirar_reservas_pendientes.py took 0.089 seconds
[2026-07-09T10:38:21.518-0500] {processor.py:161} INFO - Started process (PID=27056) to work on /opt/airflow/dags/dag_expirar_reservas_pendientes.py
[2026-07-09T10:38:21.519-0500] {processor.py:830} INFO - Processing file /opt/airflow/dags/dag_expirar_reservas_pendientes.py for tasks to queue
[2026-07-09T10:38:21.520-0500] {logging_mixin.py:188} INFO - [2026-07-09T10:38:21.519-0500] {dagbag.py:545} INFO - Filling up the DagBag from /opt/airflow/dags/dag_expirar_reservas_pendientes.py
[2026-07-09T10:38:21.546-0500] {processor.py:840} INFO - DAG(s) 'aerotrack_travel_expirar_reservas' retrieved from /opt/airflow/dags/dag_expirar_reservas_pendientes.py
[2026-07-09T10:38:21.578-0500] {logging_mixin.py:188} INFO - [2026-07-09T10:38:21.578-0500] {dag.py:3089} INFO - Sync 1 DAGs
[2026-07-09T10:38:21.594-0500] {logging_mixin.py:188} INFO - [2026-07-09T10:38:21.594-0500] {dag.py:3947} INFO - Setting next_dagrun for aerotrack_travel_expirar_reservas to 2026-07-09 15:30:00+00:00, run_after=2026-07-09 15:35:00+00:00
[2026-07-09T10:38:21.623-0500] {processor.py:183} INFO - Processing /opt/airflow/dags/dag_expirar_reservas_pendientes.py took 0.110 seconds
[2026-07-09T10:38:52.009-0500] {processor.py:161} INFO - Started process (PID=27076) to work on /opt/airflow/dags/dag_expirar_reservas_pendientes.py
[2026-07-09T10:38:52.010-0500] {processor.py:830} INFO - Processing file /opt/airflow/dags/dag_expirar_reservas_pendientes.py for tasks to queue
[2026-07-09T10:38:52.011-0500] {logging_mixin.py:188} INFO - [2026-07-09T10:38:52.011-0500] {dagbag.py:545} INFO - Filling up the DagBag from /opt/airflow/dags/dag_expirar_reservas_pendientes.py
[2026-07-09T10:38:52.034-0500] {processor.py:840} INFO - DAG(s) 'aerotrack_travel_expirar_reservas' retrieved from /opt/airflow/dags/dag_expirar_reservas_pendientes.py
[2026-07-09T10:38:52.063-0500] {logging_mixin.py:188} INFO - [2026-07-09T10:38:52.063-0500] {dag.py:3089} INFO - Sync 1 DAGs
[2026-07-09T10:38:52.082-0500] {logging_mixin.py:188} INFO - [2026-07-09T10:38:52.081-0500] {dag.py:3947} INFO - Setting next_dagrun for aerotrack_travel_expirar_reservas to 2026-07-09 15:30:00+00:00, run_after=2026-07-09 15:35:00+00:00
[2026-07-09T10:38:52.100-0500] {processor.py:183} INFO - Processing /opt/airflow/dags/dag_expirar_reservas_pendientes.py took 0.096 seconds
[2026-07-09T10:39:22.157-0500] {processor.py:161} INFO - Started process (PID=27108) to work on /opt/airflow/dags/dag_expirar_reservas_pendientes.py
[2026-07-09T10:39:22.158-0500] {processor.py:830} INFO - Processing file /opt/airflow/dags/dag_expirar_reservas_pendientes.py for tasks to queue
[2026-07-09T10:39:22.159-0500] {logging_mixin.py:188} INFO - [2026-07-09T10:39:22.159-0500] {dagbag.py:545} INFO - Filling up the DagBag from /opt/airflow/dags/dag_expirar_reservas_pendientes.py
[2026-07-09T10:39:22.197-0500] {processor.py:840} INFO - DAG(s) 'aerotrack_travel_expirar_reservas' retrieved from /opt/airflow/dags/dag_expirar_reservas_pendientes.py
[2026-07-09T10:39:22.231-0500] {logging_mixin.py:188} INFO - [2026-07-09T10:39:22.231-0500] {dag.py:3089} INFO - Sync 1 DAGs
[2026-07-09T10:39:22.248-0500] {logging_mixin.py:188} INFO - [2026-07-09T10:39:22.248-0500] {dag.py:3947} INFO - Setting next_dagrun for aerotrack_travel_expirar_reservas to 2026-07-09 15:30:00+00:00, run_after=2026-07-09 15:35:00+00:00
[2026-07-09T10:39:22.265-0500] {processor.py:183} INFO - Processing /opt/airflow/dags/dag_expirar_reservas_pendientes.py took 0.114 seconds
[2026-07-09T10:39:52.697-0500] {processor.py:161} INFO - Started process (PID=27140) to work on /opt/airflow/dags/dag_expirar_reservas_pendientes.py
[2026-07-09T10:39:52.698-0500] {processor.py:830} INFO - Processing file /opt/airflow/dags/dag_expirar_reservas_pendientes.py for tasks to queue
[2026-07-09T10:39:52.698-0500] {logging_mixin.py:188} INFO - [2026-07-09T10:39:52.698-0500] {dagbag.py:545} INFO - Filling up the DagBag from /opt/airflow/dags/dag_expirar_reservas_pendientes.py
[2026-07-09T10:39:52.718-0500] {processor.py:840} INFO - DAG(s) 'aerotrack_travel_expirar_reservas' retrieved from /opt/airflow/dags/dag_expirar_reservas_pendientes.py
[2026-07-09T10:39:52.747-0500] {logging_mixin.py:188} INFO - [2026-07-09T10:39:52.746-0500] {dag.py:3089} INFO - Sync 1 DAGs
[2026-07-09T10:39:52.763-0500] {logging_mixin.py:188} INFO - [2026-07-09T10:39:52.763-0500] {dag.py:3947} INFO - Setting next_dagrun for aerotrack_travel_expirar_reservas to 2026-07-09 15:30:00+00:00, run_after=2026-07-09 15:35:00+00:00
[2026-07-09T10:39:52.780-0500] {processor.py:183} INFO - Processing /opt/airflow/dags/dag_expirar_reservas_pendientes.py took 0.088 seconds
[2026-07-09T10:40:22.877-0500] {processor.py:161} INFO - Started process (PID=27172) to work on /opt/airflow/dags/dag_expirar_reservas_pendientes.py
[2026-07-09T10:40:22.878-0500] {processor.py:830} INFO - Processing file /opt/airflow/dags/dag_expirar_reservas_pendientes.py for tasks to queue
[2026-07-09T10:40:22.879-0500] {logging_mixin.py:188} INFO - [2026-07-09T10:40:22.879-0500] {dagbag.py:545} INFO - Filling up the DagBag from /opt/airflow/dags/dag_expirar_reservas_pendientes.py
[2026-07-09T10:40:22.911-0500] {processor.py:840} INFO - DAG(s) 'aerotrack_travel_expirar_reservas' retrieved from /opt/airflow/dags/dag_expirar_reservas_pendientes.py
[2026-07-09T10:40:22.944-0500] {logging_mixin.py:188} INFO - [2026-07-09T10:40:22.944-0500] {dag.py:3089} INFO - Sync 1 DAGs
[2026-07-09T10:40:22.961-0500] {logging_mixin.py:188} INFO - [2026-07-09T10:40:22.961-0500] {dag.py:3947} INFO - Setting next_dagrun for aerotrack_travel_expirar_reservas to 2026-07-09 15:35:00+00:00, run_after=2026-07-09 15:40:00+00:00
[2026-07-09T10:40:22.976-0500] {processor.py:183} INFO - Processing /opt/airflow/dags/dag_expirar_reservas_pendientes.py took 0.104 seconds
[2026-07-09T10:40:53.060-0500] {processor.py:161} INFO - Started process (PID=27204) to work on /opt/airflow/dags/dag_expirar_reservas_pendientes.py
[2026-07-09T10:40:53.061-0500] {processor.py:830} INFO - Processing file /opt/airflow/dags/dag_expirar_reservas_pendientes.py for tasks to queue
[2026-07-09T10:40:53.062-0500] {logging_mixin.py:188} INFO - [2026-07-09T10:40:53.062-0500] {dagbag.py:545} INFO - Filling up the DagBag from /opt/airflow/dags/dag_expirar_reservas_pendientes.py
[2026-07-09T10:40:53.084-0500] {processor.py:840} INFO - DAG(s) 'aerotrack_travel_expirar_reservas' retrieved from /opt/airflow/dags/dag_expirar_reservas_pendientes.py
[2026-07-09T10:40:53.112-0500] {logging_mixin.py:188} INFO - [2026-07-09T10:40:53.112-0500] {dag.py:3089} INFO - Sync 1 DAGs
[2026-07-09T10:40:53.130-0500] {logging_mixin.py:188} INFO - [2026-07-09T10:40:53.130-0500] {dag.py:3947} INFO - Setting next_dagrun for aerotrack_travel_expirar_reservas to 2026-07-09 15:35:00+00:00, run_after=2026-07-09 15:40:00+00:00
[2026-07-09T10:40:53.145-0500] {processor.py:183} INFO - Processing /opt/airflow/dags/dag_expirar_reservas_pendientes.py took 0.090 seconds
[2026-07-09T10:41:24.066-0500] {processor.py:161} INFO - Started process (PID=27236) to work on /opt/airflow/dags/dag_expirar_reservas_pendientes.py
[2026-07-09T10:41:24.067-0500] {processor.py:830} INFO - Processing file /opt/airflow/dags/dag_expirar_reservas_pendientes.py for tasks to queue
[2026-07-09T10:41:24.068-0500] {logging_mixin.py:188} INFO - [2026-07-09T10:41:24.068-0500] {dagbag.py:545} INFO - Filling up the DagBag from /opt/airflow/dags/dag_expirar_reservas_pendientes.py
[2026-07-09T10:41:24.090-0500] {processor.py:840} INFO - DAG(s) 'aerotrack_travel_expirar_reservas' retrieved from /opt/airflow/dags/dag_expirar_reservas_pendientes.py
[2026-07-09T10:41:24.122-0500] {logging_mixin.py:188} INFO - [2026-07-09T10:41:24.122-0500] {dag.py:3089} INFO - Sync 1 DAGs
[2026-07-09T10:41:24.138-0500] {logging_mixin.py:188} INFO - [2026-07-09T10:41:24.138-0500] {dag.py:3947} INFO - Setting next_dagrun for aerotrack_travel_expirar_reservas to 2026-07-09 15:35:00+00:00, run_after=2026-07-09 15:40:00+00:00
[2026-07-09T10:41:24.153-0500] {processor.py:183} INFO - Processing /opt/airflow/dags/dag_expirar_reservas_pendientes.py took 0.092 seconds
[2026-07-09T10:41:54.251-0500] {processor.py:161} INFO - Started process (PID=27268) to work on /opt/airflow/dags/dag_expirar_reservas_pendientes.py
[2026-07-09T10:41:54.252-0500] {processor.py:830} INFO - Processing file /opt/airflow/dags/dag_expirar_reservas_pendientes.py for tasks to queue
[2026-07-09T10:41:54.253-0500] {logging_mixin.py:188} INFO - [2026-07-09T10:41:54.253-0500] {dagbag.py:545} INFO - Filling up the DagBag from /opt/airflow/dags/dag_expirar_reservas_pendientes.py
[2026-07-09T10:41:54.274-0500] {processor.py:840} INFO - DAG(s) 'aerotrack_travel_expirar_reservas' retrieved from /opt/airflow/dags/dag_expirar_reservas_pendientes.py
[2026-07-09T10:41:54.301-0500] {logging_mixin.py:188} INFO - [2026-07-09T10:41:54.301-0500] {dag.py:3089} INFO - Sync 1 DAGs
[2026-07-09T10:41:54.317-0500] {logging_mixin.py:188} INFO - [2026-07-09T10:41:54.317-0500] {dag.py:3947} INFO - Setting next_dagrun for aerotrack_travel_expirar_reservas to 2026-07-09 15:35:00+00:00, run_after=2026-07-09 15:40:00+00:00
[2026-07-09T10:41:54.333-0500] {processor.py:183} INFO - Processing /opt/airflow/dags/dag_expirar_reservas_pendientes.py took 0.088 seconds
[2026-07-09T10:42:24.459-0500] {processor.py:161} INFO - Started process (PID=27300) to work on /opt/airflow/dags/dag_expirar_reservas_pendientes.py
[2026-07-09T10:42:24.460-0500] {processor.py:830} INFO - Processing file /opt/airflow/dags/dag_expirar_reservas_pendientes.py for tasks to queue
[2026-07-09T10:42:24.461-0500] {logging_mixin.py:188} INFO - [2026-07-09T10:42:24.460-0500] {dagbag.py:545} INFO - Filling up the DagBag from /opt/airflow/dags/dag_expirar_reservas_pendientes.py
[2026-07-09T10:42:24.483-0500] {processor.py:840} INFO - DAG(s) 'aerotrack_travel_expirar_reservas' retrieved from /opt/airflow/dags/dag_expirar_reservas_pendientes.py
[2026-07-09T10:42:24.515-0500] {logging_mixin.py:188} INFO - [2026-07-09T10:42:24.514-0500] {dag.py:3089} INFO - Sync 1 DAGs
[2026-07-09T10:42:24.532-0500] {logging_mixin.py:188} INFO - [2026-07-09T10:42:24.531-0500] {dag.py:3947} INFO - Setting next_dagrun for aerotrack_travel_expirar_reservas to 2026-07-09 15:35:00+00:00, run_after=2026-07-09 15:40:00+00:00
[2026-07-09T10:42:24.549-0500] {processor.py:183} INFO - Processing /opt/airflow/dags/dag_expirar_reservas_pendientes.py took 0.095 seconds
[2026-07-09T10:42:54.638-0500] {processor.py:161} INFO - Started process (PID=27332) to work on /opt/airflow/dags/dag_expirar_reservas_pendientes.py
[2026-07-09T10:42:54.639-0500] {processor.py:830} INFO - Processing file /opt/airflow/dags/dag_expirar_reservas_pendientes.py for tasks to queue
[2026-07-09T10:42:54.640-0500] {logging_mixin.py:188} INFO - [2026-07-09T10:42:54.639-0500] {dagbag.py:545} INFO - Filling up the DagBag from /opt/airflow/dags/dag_expirar_reservas_pendientes.py
[2026-07-09T10:42:54.664-0500] {processor.py:840} INFO - DAG(s) 'aerotrack_travel_expirar_reservas' retrieved from /opt/airflow/dags/dag_expirar_reservas_pendientes.py
[2026-07-09T10:42:54.691-0500] {logging_mixin.py:188} INFO - [2026-07-09T10:42:54.691-0500] {dag.py:3089} INFO - Sync 1 DAGs
[2026-07-09T10:42:54.706-0500] {logging_mixin.py:188} INFO - [2026-07-09T10:42:54.706-0500] {dag.py:3947} INFO - Setting next_dagrun for aerotrack_travel_expirar_reservas to 2026-07-09 15:35:00+00:00, run_after=2026-07-09 15:40:00+00:00
[2026-07-09T10:42:54.720-0500] {processor.py:183} INFO - Processing /opt/airflow/dags/dag_expirar_reservas_pendientes.py took 0.087 seconds
[2026-07-09T10:43:24.756-0500] {processor.py:161} INFO - Started process (PID=27364) to work on /opt/airflow/dags/dag_expirar_reservas_pendientes.py
[2026-07-09T10:43:24.756-0500] {processor.py:830} INFO - Processing file /opt/airflow/dags/dag_expirar_reservas_pendientes.py for tasks to queue
[2026-07-09T10:43:24.757-0500] {logging_mixin.py:188} INFO - [2026-07-09T10:43:24.757-0500] {dagbag.py:545} INFO - Filling up the DagBag from /opt/airflow/dags/dag_expirar_reservas_pendientes.py
[2026-07-09T10:43:24.781-0500] {processor.py:840} INFO - DAG(s) 'aerotrack_travel_expirar_reservas' retrieved from /opt/airflow/dags/dag_expirar_reservas_pendientes.py
[2026-07-09T10:43:24.808-0500] {logging_mixin.py:188} INFO - [2026-07-09T10:43:24.808-0500] {dag.py:3089} INFO - Sync 1 DAGs
[2026-07-09T10:43:24.824-0500] {logging_mixin.py:188} INFO - [2026-07-09T10:43:24.824-0500] {dag.py:3947} INFO - Setting next_dagrun for aerotrack_travel_expirar_reservas to 2026-07-09 15:35:00+00:00, run_after=2026-07-09 15:40:00+00:00
[2026-07-09T10:43:24.840-0500] {processor.py:183} INFO - Processing /opt/airflow/dags/dag_expirar_reservas_pendientes.py took 0.089 seconds
[2026-07-09T10:43:54.900-0500] {processor.py:161} INFO - Started process (PID=27396) to work on /opt/airflow/dags/dag_expirar_reservas_pendientes.py
[2026-07-09T10:43:54.901-0500] {processor.py:830} INFO - Processing file /opt/airflow/dags/dag_expirar_reservas_pendientes.py for tasks to queue
[2026-07-09T10:43:54.902-0500] {logging_mixin.py:188} INFO - [2026-07-09T10:43:54.902-0500] {dagbag.py:545} INFO - Filling up the DagBag from /opt/airflow/dags/dag_expirar_reservas_pendientes.py
[2026-07-09T10:43:54.932-0500] {processor.py:840} INFO - DAG(s) 'aerotrack_travel_expirar_reservas' retrieved from /opt/airflow/dags/dag_expirar_reservas_pendientes.py
[2026-07-09T10:43:54.963-0500] {logging_mixin.py:188} INFO - [2026-07-09T10:43:54.963-0500] {dag.py:3089} INFO - Sync 1 DAGs
[2026-07-09T10:43:54.980-0500] {logging_mixin.py:188} INFO - [2026-07-09T10:43:54.979-0500] {dag.py:3947} INFO - Setting next_dagrun for aerotrack_travel_expirar_reservas to 2026-07-09 15:35:00+00:00, run_after=2026-07-09 15:40:00+00:00
[2026-07-09T10:43:54.997-0500] {processor.py:183} INFO - Processing /opt/airflow/dags/dag_expirar_reservas_pendientes.py took 0.102 seconds
[2026-07-09T10:44:25.118-0500] {processor.py:161} INFO - Started process (PID=27428) to work on /opt/airflow/dags/dag_expirar_reservas_pendientes.py
[2026-07-09T10:44:25.119-0500] {processor.py:830} INFO - Processing file /opt/airflow/dags/dag_expirar_reservas_pendientes.py for tasks to queue
[2026-07-09T10:44:25.120-0500] {logging_mixin.py:188} INFO - [2026-07-09T10:44:25.120-0500] {dagbag.py:545} INFO - Filling up the DagBag from /opt/airflow/dags/dag_expirar_reservas_pendientes.py
[2026-07-09T10:44:25.147-0500] {processor.py:840} INFO - DAG(s) 'aerotrack_travel_expirar_reservas' retrieved from /opt/airflow/dags/dag_expirar_reservas_pendientes.py
[2026-07-09T10:44:25.176-0500] {logging_mixin.py:188} INFO - [2026-07-09T10:44:25.176-0500] {dag.py:3089} INFO - Sync 1 DAGs
[2026-07-09T10:44:25.194-0500] {logging_mixin.py:188} INFO - [2026-07-09T10:44:25.194-0500] {dag.py:3947} INFO - Setting next_dagrun for aerotrack_travel_expirar_reservas to 2026-07-09 15:35:00+00:00, run_after=2026-07-09 15:40:00+00:00
[2026-07-09T10:44:25.210-0500] {processor.py:183} INFO - Processing /opt/airflow/dags/dag_expirar_reservas_pendientes.py took 0.097 seconds
[2026-07-09T10:44:55.308-0500] {processor.py:161} INFO - Started process (PID=27460) to work on /opt/airflow/dags/dag_expirar_reservas_pendientes.py
[2026-07-09T10:44:55.309-0500] {processor.py:830} INFO - Processing file /opt/airflow/dags/dag_expirar_reservas_pendientes.py for tasks to queue
[2026-07-09T10:44:55.310-0500] {logging_mixin.py:188} INFO - [2026-07-09T10:44:55.310-0500] {dagbag.py:545} INFO - Filling up the DagBag from /opt/airflow/dags/dag_expirar_reservas_pendientes.py
[2026-07-09T10:44:55.345-0500] {processor.py:840} INFO - DAG(s) 'aerotrack_travel_expirar_reservas' retrieved from /opt/airflow/dags/dag_expirar_reservas_pendientes.py
[2026-07-09T10:44:55.377-0500] {logging_mixin.py:188} INFO - [2026-07-09T10:44:55.377-0500] {dag.py:3089} INFO - Sync 1 DAGs
[2026-07-09T10:44:55.395-0500] {logging_mixin.py:188} INFO - [2026-07-09T10:44:55.395-0500] {dag.py:3947} INFO - Setting next_dagrun for aerotrack_travel_expirar_reservas to 2026-07-09 15:35:00+00:00, run_after=2026-07-09 15:40:00+00:00
[2026-07-09T10:44:55.409-0500] {processor.py:183} INFO - Processing /opt/airflow/dags/dag_expirar_reservas_pendientes.py took 0.106 seconds
[2026-07-09T10:45:25.542-0500] {processor.py:161} INFO - Started process (PID=27492) to work on /opt/airflow/dags/dag_expirar_reservas_pendientes.py
[2026-07-09T10:45:25.543-0500] {processor.py:830} INFO - Processing file /opt/airflow/dags/dag_expirar_reservas_pendientes.py for tasks to queue
[2026-07-09T10:45:25.544-0500] {logging_mixin.py:188} INFO - [2026-07-09T10:45:25.544-0500] {dagbag.py:545} INFO - Filling up the DagBag from /opt/airflow/dags/dag_expirar_reservas_pendientes.py
[2026-07-09T10:45:25.573-0500] {processor.py:840} INFO - DAG(s) 'aerotrack_travel_expirar_reservas' retrieved from /opt/airflow/dags/dag_expirar_reservas_pendientes.py
[2026-07-09T10:45:25.603-0500] {logging_mixin.py:188} INFO - [2026-07-09T10:45:25.603-0500] {dag.py:3089} INFO - Sync 1 DAGs
[2026-07-09T10:45:25.622-0500] {logging_mixin.py:188} INFO - [2026-07-09T10:45:25.622-0500] {dag.py:3947} INFO - Setting next_dagrun for aerotrack_travel_expirar_reservas to 2026-07-09 15:40:00+00:00, run_after=2026-07-09 15:45:00+00:00
[2026-07-09T10:45:25.638-0500] {processor.py:183} INFO - Processing /opt/airflow/dags/dag_expirar_reservas_pendientes.py took 0.103 seconds
[2026-07-09T10:45:55.723-0500] {processor.py:161} INFO - Started process (PID=27524) to work on /opt/airflow/dags/dag_expirar_reservas_pendientes.py
[2026-07-09T10:45:55.724-0500] {processor.py:830} INFO - Processing file /opt/airflow/dags/dag_expirar_reservas_pendientes.py for tasks to queue
[2026-07-09T10:45:55.725-0500] {logging_mixin.py:188} INFO - [2026-07-09T10:45:55.725-0500] {dagbag.py:545} INFO - Filling up the DagBag from /opt/airflow/dags/dag_expirar_reservas_pendientes.py
[2026-07-09T10:45:55.752-0500] {processor.py:840} INFO - DAG(s) 'aerotrack_travel_expirar_reservas' retrieved from /opt/airflow/dags/dag_expirar_reservas_pendientes.py
[2026-07-09T10:45:55.782-0500] {logging_mixin.py:188} INFO - [2026-07-09T10:45:55.782-0500] {dag.py:3089} INFO - Sync 1 DAGs
[2026-07-09T10:45:55.800-0500] {logging_mixin.py:188} INFO - [2026-07-09T10:45:55.800-0500] {dag.py:3947} INFO - Setting next_dagrun for aerotrack_travel_expirar_reservas to 2026-07-09 15:40:00+00:00, run_after=2026-07-09 15:45:00+00:00
[2026-07-09T10:45:55.815-0500] {processor.py:183} INFO - Processing /opt/airflow/dags/dag_expirar_reservas_pendientes.py took 0.096 seconds
[2026-07-09T10:46:25.896-0500] {processor.py:161} INFO - Started process (PID=27556) to work on /opt/airflow/dags/dag_expirar_reservas_pendientes.py
[2026-07-09T10:46:25.897-0500] {processor.py:830} INFO - Processing file /opt/airflow/dags/dag_expirar_reservas_pendientes.py for tasks to queue
[2026-07-09T10:46:25.898-0500] {logging_mixin.py:188} INFO - [2026-07-09T10:46:25.898-0500] {dagbag.py:545} INFO - Filling up the DagBag from /opt/airflow/dags/dag_expirar_reservas_pendientes.py
[2026-07-09T10:46:25.933-0500] {processor.py:840} INFO - DAG(s) 'aerotrack_travel_expirar_reservas' retrieved from /opt/airflow/dags/dag_expirar_reservas_pendientes.py
[2026-07-09T10:46:25.965-0500] {logging_mixin.py:188} INFO - [2026-07-09T10:46:25.965-0500] {dag.py:3089} INFO - Sync 1 DAGs
[2026-07-09T10:46:25.983-0500] {logging_mixin.py:188} INFO - [2026-07-09T10:46:25.983-0500] {dag.py:3947} INFO - Setting next_dagrun for aerotrack_travel_expirar_reservas to 2026-07-09 15:40:00+00:00, run_after=2026-07-09 15:45:00+00:00
[2026-07-09T10:46:25.999-0500] {processor.py:183} INFO - Processing /opt/airflow/dags/dag_expirar_reservas_pendientes.py took 0.108 seconds
[2026-07-09T10:46:56.149-0500] {processor.py:161} INFO - Started process (PID=27588) to work on /opt/airflow/dags/dag_expirar_reservas_pendientes.py
[2026-07-09T10:46:56.150-0500] {processor.py:830} INFO - Processing file /opt/airflow/dags/dag_expirar_reservas_pendientes.py for tasks to queue
[2026-07-09T10:46:56.151-0500] {logging_mixin.py:188} INFO - [2026-07-09T10:46:56.151-0500] {dagbag.py:545} INFO - Filling up the DagBag from /opt/airflow/dags/dag_expirar_reservas_pendientes.py
[2026-07-09T10:46:56.184-0500] {processor.py:840} INFO - DAG(s) 'aerotrack_travel_expirar_reservas' retrieved from /opt/airflow/dags/dag_expirar_reservas_pendientes.py
[2026-07-09T10:46:56.214-0500] {logging_mixin.py:188} INFO - [2026-07-09T10:46:56.214-0500] {dag.py:3089} INFO - Sync 1 DAGs
[2026-07-09T10:46:56.232-0500] {logging_mixin.py:188} INFO - [2026-07-09T10:46:56.232-0500] {dag.py:3947} INFO - Setting next_dagrun for aerotrack_travel_expirar_reservas to 2026-07-09 15:40:00+00:00, run_after=2026-07-09 15:45:00+00:00
[2026-07-09T10:46:56.248-0500] {processor.py:183} INFO - Processing /opt/airflow/dags/dag_expirar_reservas_pendientes.py took 0.104 seconds
[2026-07-09T10:47:26.317-0500] {processor.py:161} INFO - Started process (PID=27620) to work on /opt/airflow/dags/dag_expirar_reservas_pendientes.py
[2026-07-09T10:47:26.318-0500] {processor.py:830} INFO - Processing file /opt/airflow/dags/dag_expirar_reservas_pendientes.py for tasks to queue
[2026-07-09T10:47:26.319-0500] {logging_mixin.py:188} INFO - [2026-07-09T10:47:26.319-0500] {dagbag.py:545} INFO - Filling up the DagBag from /opt/airflow/dags/dag_expirar_reservas_pendientes.py
[2026-07-09T10:47:26.351-0500] {processor.py:840} INFO - DAG(s) 'aerotrack_travel_expirar_reservas' retrieved from /opt/airflow/dags/dag_expirar_reservas_pendientes.py
[2026-07-09T10:47:26.380-0500] {logging_mixin.py:188} INFO - [2026-07-09T10:47:26.380-0500] {dag.py:3089} INFO - Sync 1 DAGs
[2026-07-09T10:47:26.398-0500] {logging_mixin.py:188} INFO - [2026-07-09T10:47:26.397-0500] {dag.py:3947} INFO - Setting next_dagrun for aerotrack_travel_expirar_reservas to 2026-07-09 15:40:00+00:00, run_after=2026-07-09 15:45:00+00:00
[2026-07-09T10:47:26.413-0500] {processor.py:183} INFO - Processing /opt/airflow/dags/dag_expirar_reservas_pendientes.py took 0.102 seconds
[2026-07-09T10:47:56.554-0500] {processor.py:161} INFO - Started process (PID=27652) to work on /opt/airflow/dags/dag_expirar_reservas_pendientes.py
[2026-07-09T10:47:56.555-0500] {processor.py:830} INFO - Processing file /opt/airflow/dags/dag_expirar_reservas_pendientes.py for tasks to queue
[2026-07-09T10:47:56.555-0500] {logging_mixin.py:188} INFO - [2026-07-09T10:47:56.555-0500] {dagbag.py:545} INFO - Filling up the DagBag from /opt/airflow/dags/dag_expirar_reservas_pendientes.py
[2026-07-09T10:47:56.578-0500] {processor.py:840} INFO - DAG(s) 'aerotrack_travel_expirar_reservas' retrieved from /opt/airflow/dags/dag_expirar_reservas_pendientes.py
[2026-07-09T10:47:56.606-0500] {logging_mixin.py:188} INFO - [2026-07-09T10:47:56.605-0500] {dag.py:3089} INFO - Sync 1 DAGs
[2026-07-09T10:47:56.623-0500] {logging_mixin.py:188} INFO - [2026-07-09T10:47:56.622-0500] {dag.py:3947} INFO - Setting next_dagrun for aerotrack_travel_expirar_reservas to 2026-07-09 15:40:00+00:00, run_after=2026-07-09 15:45:00+00:00
[2026-07-09T10:47:56.639-0500] {processor.py:183} INFO - Processing /opt/airflow/dags/dag_expirar_reservas_pendientes.py took 0.090 seconds
[2026-07-09T10:48:26.714-0500] {processor.py:161} INFO - Started process (PID=27684) to work on /opt/airflow/dags/dag_expirar_reservas_pendientes.py
[2026-07-09T10:48:26.715-0500] {processor.py:830} INFO - Processing file /opt/airflow/dags/dag_expirar_reservas_pendientes.py for tasks to queue
[2026-07-09T10:48:26.716-0500] {logging_mixin.py:188} INFO - [2026-07-09T10:48:26.716-0500] {dagbag.py:545} INFO - Filling up the DagBag from /opt/airflow/dags/dag_expirar_reservas_pendientes.py
[2026-07-09T10:48:26.741-0500] {processor.py:840} INFO - DAG(s) 'aerotrack_travel_expirar_reservas' retrieved from /opt/airflow/dags/dag_expirar_reservas_pendientes.py
[2026-07-09T10:48:26.775-0500] {logging_mixin.py:188} INFO - [2026-07-09T10:48:26.775-0500] {dag.py:3089} INFO - Sync 1 DAGs
[2026-07-09T10:48:26.794-0500] {logging_mixin.py:188} INFO - [2026-07-09T10:48:26.794-0500] {dag.py:3947} INFO - Setting next_dagrun for aerotrack_travel_expirar_reservas to 2026-07-09 15:40:00+00:00, run_after=2026-07-09 15:45:00+00:00
[2026-07-09T10:48:26.811-0500] {processor.py:183} INFO - Processing /opt/airflow/dags/dag_expirar_reservas_pendientes.py took 0.101 seconds
[2026-07-09T10:48:56.858-0500] {processor.py:161} INFO - Started process (PID=27716) to work on /opt/airflow/dags/dag_expirar_reservas_pendientes.py
[2026-07-09T10:48:56.859-0500] {processor.py:830} INFO - Processing file /opt/airflow/dags/dag_expirar_reservas_pendientes.py for tasks to queue
[2026-07-09T10:48:56.860-0500] {logging_mixin.py:188} INFO - [2026-07-09T10:48:56.860-0500] {dagbag.py:545} INFO - Filling up the DagBag from /opt/airflow/dags/dag_expirar_reservas_pendientes.py
[2026-07-09T10:48:56.886-0500] {processor.py:840} INFO - DAG(s) 'aerotrack_travel_expirar_reservas' retrieved from /opt/airflow/dags/dag_expirar_reservas_pendientes.py
[2026-07-09T10:48:56.914-0500] {logging_mixin.py:188} INFO - [2026-07-09T10:48:56.914-0500] {dag.py:3089} INFO - Sync 1 DAGs
[2026-07-09T10:48:56.932-0500] {logging_mixin.py:188} INFO - [2026-07-09T10:48:56.932-0500] {dag.py:3947} INFO - Setting next_dagrun for aerotrack_travel_expirar_reservas to 2026-07-09 15:40:00+00:00, run_after=2026-07-09 15:45:00+00:00
[2026-07-09T10:48:56.946-0500] {processor.py:183} INFO - Processing /opt/airflow/dags/dag_expirar_reservas_pendientes.py took 0.093 seconds
[2026-07-09T10:49:27.018-0500] {processor.py:161} INFO - Started process (PID=27748) to work on /opt/airflow/dags/dag_expirar_reservas_pendientes.py
[2026-07-09T10:49:27.019-0500] {processor.py:830} INFO - Processing file /opt/airflow/dags/dag_expirar_reservas_pendientes.py for tasks to queue
[2026-07-09T10:49:27.020-0500] {logging_mixin.py:188} INFO - [2026-07-09T10:49:27.020-0500] {dagbag.py:545} INFO - Filling up the DagBag from /opt/airflow/dags/dag_expirar_reservas_pendientes.py
[2026-07-09T10:49:27.045-0500] {processor.py:840} INFO - DAG(s) 'aerotrack_travel_expirar_reservas' retrieved from /opt/airflow/dags/dag_expirar_reservas_pendientes.py
[2026-07-09T10:49:27.074-0500] {logging_mixin.py:188} INFO - [2026-07-09T10:49:27.074-0500] {dag.py:3089} INFO - Sync 1 DAGs
[2026-07-09T10:49:27.090-0500] {logging_mixin.py:188} INFO - [2026-07-09T10:49:27.090-0500] {dag.py:3947} INFO - Setting next_dagrun for aerotrack_travel_expirar_reservas to 2026-07-09 15:40:00+00:00, run_after=2026-07-09 15:45:00+00:00
[2026-07-09T10:49:27.104-0500] {processor.py:183} INFO - Processing /opt/airflow/dags/dag_expirar_reservas_pendientes.py took 0.090 seconds
[2026-07-09T10:49:57.407-0500] {processor.py:161} INFO - Started process (PID=27780) to work on /opt/airflow/dags/dag_expirar_reservas_pendientes.py
[2026-07-09T10:49:57.408-0500] {processor.py:830} INFO - Processing file /opt/airflow/dags/dag_expirar_reservas_pendientes.py for tasks to queue
[2026-07-09T10:49:57.409-0500] {logging_mixin.py:188} INFO - [2026-07-09T10:49:57.409-0500] {dagbag.py:545} INFO - Filling up the DagBag from /opt/airflow/dags/dag_expirar_reservas_pendientes.py
[2026-07-09T10:49:57.444-0500] {processor.py:840} INFO - DAG(s) 'aerotrack_travel_expirar_reservas' retrieved from /opt/airflow/dags/dag_expirar_reservas_pendientes.py
[2026-07-09T10:49:57.473-0500] {logging_mixin.py:188} INFO - [2026-07-09T10:49:57.472-0500] {dag.py:3089} INFO - Sync 1 DAGs
[2026-07-09T10:49:57.489-0500] {logging_mixin.py:188} INFO - [2026-07-09T10:49:57.489-0500] {dag.py:3947} INFO - Setting next_dagrun for aerotrack_travel_expirar_reservas to 2026-07-09 15:40:00+00:00, run_after=2026-07-09 15:45:00+00:00
[2026-07-09T10:49:57.505-0500] {processor.py:183} INFO - Processing /opt/airflow/dags/dag_expirar_reservas_pendientes.py took 0.104 seconds
[2026-07-09T10:50:27.653-0500] {processor.py:161} INFO - Started process (PID=27812) to work on /opt/airflow/dags/dag_expirar_reservas_pendientes.py
[2026-07-09T10:50:27.653-0500] {processor.py:830} INFO - Processing file /opt/airflow/dags/dag_expirar_reservas_pendientes.py for tasks to queue
[2026-07-09T10:50:27.654-0500] {logging_mixin.py:188} INFO - [2026-07-09T10:50:27.654-0500] {dagbag.py:545} INFO - Filling up the DagBag from /opt/airflow/dags/dag_expirar_reservas_pendientes.py
[2026-07-09T10:50:27.679-0500] {processor.py:840} INFO - DAG(s) 'aerotrack_travel_expirar_reservas' retrieved from /opt/airflow/dags/dag_expirar_reservas_pendientes.py
[2026-07-09T10:50:27.711-0500] {logging_mixin.py:188} INFO - [2026-07-09T10:50:27.710-0500] {dag.py:3089} INFO - Sync 1 DAGs
[2026-07-09T10:50:27.729-0500] {logging_mixin.py:188} INFO - [2026-07-09T10:50:27.729-0500] {dag.py:3947} INFO - Setting next_dagrun for aerotrack_travel_expirar_reservas to 2026-07-09 15:45:00+00:00, run_after=2026-07-09 15:50:00+00:00
[2026-07-09T10:50:27.744-0500] {processor.py:183} INFO - Processing /opt/airflow/dags/dag_expirar_reservas_pendientes.py took 0.096 seconds
[2026-07-09T10:50:57.921-0500] {processor.py:161} INFO - Started process (PID=27844) to work on /opt/airflow/dags/dag_expirar_reservas_pendientes.py
[2026-07-09T10:50:57.921-0500] {processor.py:830} INFO - Processing file /opt/airflow/dags/dag_expirar_reservas_pendientes.py for tasks to queue
[2026-07-09T10:50:57.922-0500] {logging_mixin.py:188} INFO - [2026-07-09T10:50:57.922-0500] {dagbag.py:545} INFO - Filling up the DagBag from /opt/airflow/dags/dag_expirar_reservas_pendientes.py
[2026-07-09T10:50:57.946-0500] {processor.py:840} INFO - DAG(s) 'aerotrack_travel_expirar_reservas' retrieved from /opt/airflow/dags/dag_expirar_reservas_pendientes.py
[2026-07-09T10:50:57.976-0500] {logging_mixin.py:188} INFO - [2026-07-09T10:50:57.976-0500] {dag.py:3089} INFO - Sync 1 DAGs
[2026-07-09T10:50:57.992-0500] {logging_mixin.py:188} INFO - [2026-07-09T10:50:57.992-0500] {dag.py:3947} INFO - Setting next_dagrun for aerotrack_travel_expirar_reservas to 2026-07-09 15:45:00+00:00, run_after=2026-07-09 15:50:00+00:00
[2026-07-09T10:50:58.006-0500] {processor.py:183} INFO - Processing /opt/airflow/dags/dag_expirar_reservas_pendientes.py took 0.091 seconds
[2026-07-09T10:51:28.141-0500] {processor.py:161} INFO - Started process (PID=27876) to work on /opt/airflow/dags/dag_expirar_reservas_pendientes.py
[2026-07-09T10:51:28.142-0500] {processor.py:830} INFO - Processing file /opt/airflow/dags/dag_expirar_reservas_pendientes.py for tasks to queue
[2026-07-09T10:51:28.143-0500] {logging_mixin.py:188} INFO - [2026-07-09T10:51:28.143-0500] {dagbag.py:545} INFO - Filling up the DagBag from /opt/airflow/dags/dag_expirar_reservas_pendientes.py
[2026-07-09T10:51:28.169-0500] {processor.py:840} INFO - DAG(s) 'aerotrack_travel_expirar_reservas' retrieved from /opt/airflow/dags/dag_expirar_reservas_pendientes.py
[2026-07-09T10:51:28.200-0500] {logging_mixin.py:188} INFO - [2026-07-09T10:51:28.200-0500] {dag.py:3089} INFO - Sync 1 DAGs
[2026-07-09T10:51:28.218-0500] {logging_mixin.py:188} INFO - [2026-07-09T10:51:28.218-0500] {dag.py:3947} INFO - Setting next_dagrun for aerotrack_travel_expirar_reservas to 2026-07-09 15:45:00+00:00, run_after=2026-07-09 15:50:00+00:00
[2026-07-09T10:51:28.234-0500] {processor.py:183} INFO - Processing /opt/airflow/dags/dag_expirar_reservas_pendientes.py took 0.099 seconds
[2026-07-09T10:51:58.341-0500] {processor.py:161} INFO - Started process (PID=27908) to work on /opt/airflow/dags/dag_expirar_reservas_pendientes.py
[2026-07-09T10:51:58.342-0500] {processor.py:830} INFO - Processing file /opt/airflow/dags/dag_expirar_reservas_pendientes.py for tasks to queue
[2026-07-09T10:51:58.343-0500] {logging_mixin.py:188} INFO - [2026-07-09T10:51:58.343-0500] {dagbag.py:545} INFO - Filling up the DagBag from /opt/airflow/dags/dag_expirar_reservas_pendientes.py
[2026-07-09T10:51:58.378-0500] {processor.py:840} INFO - DAG(s) 'aerotrack_travel_expirar_reservas' retrieved from /opt/airflow/dags/dag_expirar_reservas_pendientes.py
[2026-07-09T10:51:58.409-0500] {logging_mixin.py:188} INFO - [2026-07-09T10:51:58.409-0500] {dag.py:3089} INFO - Sync 1 DAGs
[2026-07-09T10:51:58.428-0500] {logging_mixin.py:188} INFO - [2026-07-09T10:51:58.427-0500] {dag.py:3947} INFO - Setting next_dagrun for aerotrack_travel_expirar_reservas to 2026-07-09 15:45:00+00:00, run_after=2026-07-09 15:50:00+00:00
[2026-07-09T10:51:58.443-0500] {processor.py:183} INFO - Processing /opt/airflow/dags/dag_expirar_reservas_pendientes.py took 0.107 seconds
[2026-07-09T10:52:28.585-0500] {processor.py:161} INFO - Started process (PID=27940) to work on /opt/airflow/dags/dag_expirar_reservas_pendientes.py
[2026-07-09T10:52:28.586-0500] {processor.py:830} INFO - Processing file /opt/airflow/dags/dag_expirar_reservas_pendientes.py for tasks to queue
[2026-07-09T10:52:28.587-0500] {logging_mixin.py:188} INFO - [2026-07-09T10:52:28.587-0500] {dagbag.py:545} INFO - Filling up the DagBag from /opt/airflow/dags/dag_expirar_reservas_pendientes.py
[2026-07-09T10:52:28.611-0500] {processor.py:840} INFO - DAG(s) 'aerotrack_travel_expirar_reservas' retrieved from /opt/airflow/dags/dag_expirar_reservas_pendientes.py
[2026-07-09T10:52:28.641-0500] {logging_mixin.py:188} INFO - [2026-07-09T10:52:28.640-0500] {dag.py:3089} INFO - Sync 1 DAGs
[2026-07-09T10:52:28.657-0500] {logging_mixin.py:188} INFO - [2026-07-09T10:52:28.657-0500] {dag.py:3947} INFO - Setting next_dagrun for aerotrack_travel_expirar_reservas to 2026-07-09 15:45:00+00:00, run_after=2026-07-09 15:50:00+00:00
[2026-07-09T10:52:28.675-0500] {processor.py:183} INFO - Processing /opt/airflow/dags/dag_expirar_reservas_pendientes.py took 0.095 seconds
[2026-07-09T10:52:58.841-0500] {processor.py:161} INFO - Started process (PID=27972) to work on /opt/airflow/dags/dag_expirar_reservas_pendientes.py
[2026-07-09T10:52:58.842-0500] {processor.py:830} INFO - Processing file /opt/airflow/dags/dag_expirar_reservas_pendientes.py for tasks to queue
[2026-07-09T10:52:58.843-0500] {logging_mixin.py:188} INFO - [2026-07-09T10:52:58.843-0500] {dagbag.py:545} INFO - Filling up the DagBag from /opt/airflow/dags/dag_expirar_reservas_pendientes.py
[2026-07-09T10:52:58.878-0500] {processor.py:840} INFO - DAG(s) 'aerotrack_travel_expirar_reservas' retrieved from /opt/airflow/dags/dag_expirar_reservas_pendientes.py
[2026-07-09T10:52:58.908-0500] {logging_mixin.py:188} INFO - [2026-07-09T10:52:58.908-0500] {dag.py:3089} INFO - Sync 1 DAGs
[2026-07-09T10:52:58.925-0500] {logging_mixin.py:188} INFO - [2026-07-09T10:52:58.925-0500] {dag.py:3947} INFO - Setting next_dagrun for aerotrack_travel_expirar_reservas to 2026-07-09 15:45:00+00:00, run_after=2026-07-09 15:50:00+00:00
[2026-07-09T10:52:58.939-0500] {processor.py:183} INFO - Processing /opt/airflow/dags/dag_expirar_reservas_pendientes.py took 0.103 seconds
[2026-07-09T10:53:29.033-0500] {processor.py:161} INFO - Started process (PID=28004) to work on /opt/airflow/dags/dag_expirar_reservas_pendientes.py
[2026-07-09T10:53:29.035-0500] {processor.py:830} INFO - Processing file /opt/airflow/dags/dag_expirar_reservas_pendientes.py for tasks to queue
[2026-07-09T10:53:29.036-0500] {logging_mixin.py:188} INFO - [2026-07-09T10:53:29.035-0500] {dagbag.py:545} INFO - Filling up the DagBag from /opt/airflow/dags/dag_expirar_reservas_pendientes.py
[2026-07-09T10:53:29.067-0500] {processor.py:840} INFO - DAG(s) 'aerotrack_travel_expirar_reservas' retrieved from /opt/airflow/dags/dag_expirar_reservas_pendientes.py
[2026-07-09T10:53:29.097-0500] {logging_mixin.py:188} INFO - [2026-07-09T10:53:29.097-0500] {dag.py:3089} INFO - Sync 1 DAGs
[2026-07-09T10:53:29.114-0500] {logging_mixin.py:188} INFO - [2026-07-09T10:53:29.113-0500] {dag.py:3947} INFO - Setting next_dagrun for aerotrack_travel_expirar_reservas to 2026-07-09 15:45:00+00:00, run_after=2026-07-09 15:50:00+00:00
[2026-07-09T10:53:29.128-0500] {processor.py:183} INFO - Processing /opt/airflow/dags/dag_expirar_reservas_pendientes.py took 0.099 seconds
[2026-07-09T10:53:59.195-0500] {processor.py:161} INFO - Started process (PID=28036) to work on /opt/airflow/dags/dag_expirar_reservas_pendientes.py
[2026-07-09T10:53:59.196-0500] {processor.py:830} INFO - Processing file /opt/airflow/dags/dag_expirar_reservas_pendientes.py for tasks to queue
[2026-07-09T10:53:59.197-0500] {logging_mixin.py:188} INFO - [2026-07-09T10:53:59.196-0500] {dagbag.py:545} INFO - Filling up the DagBag from /opt/airflow/dags/dag_expirar_reservas_pendientes.py
[2026-07-09T10:53:59.222-0500] {processor.py:840} INFO - DAG(s) 'aerotrack_travel_expirar_reservas' retrieved from /opt/airflow/dags/dag_expirar_reservas_pendientes.py
[2026-07-09T10:53:59.253-0500] {logging_mixin.py:188} INFO - [2026-07-09T10:53:59.253-0500] {dag.py:3089} INFO - Sync 1 DAGs
[2026-07-09T10:53:59.270-0500] {logging_mixin.py:188} INFO - [2026-07-09T10:53:59.270-0500] {dag.py:3947} INFO - Setting next_dagrun for aerotrack_travel_expirar_reservas to 2026-07-09 15:45:00+00:00, run_after=2026-07-09 15:50:00+00:00
[2026-07-09T10:53:59.292-0500] {processor.py:183} INFO - Processing /opt/airflow/dags/dag_expirar_reservas_pendientes.py took 0.102 seconds
[2026-07-09T10:54:29.366-0500] {processor.py:161} INFO - Started process (PID=28068) to work on /opt/airflow/dags/dag_expirar_reservas_pendientes.py
[2026-07-09T10:54:29.367-0500] {processor.py:830} INFO - Processing file /opt/airflow/dags/dag_expirar_reservas_pendientes.py for tasks to queue
[2026-07-09T10:54:29.368-0500] {logging_mixin.py:188} INFO - [2026-07-09T10:54:29.368-0500] {dagbag.py:545} INFO - Filling up the DagBag from /opt/airflow/dags/dag_expirar_reservas_pendientes.py
[2026-07-09T10:54:29.393-0500] {processor.py:840} INFO - DAG(s) 'aerotrack_travel_expirar_reservas' retrieved from /opt/airflow/dags/dag_expirar_reservas_pendientes.py
[2026-07-09T10:54:29.424-0500] {logging_mixin.py:188} INFO - [2026-07-09T10:54:29.424-0500] {dag.py:3089} INFO - Sync 1 DAGs
[2026-07-09T10:54:29.446-0500] {logging_mixin.py:188} INFO - [2026-07-09T10:54:29.446-0500] {dag.py:3947} INFO - Setting next_dagrun for aerotrack_travel_expirar_reservas to 2026-07-09 15:45:00+00:00, run_after=2026-07-09 15:50:00+00:00
[2026-07-09T10:54:29.462-0500] {processor.py:183} INFO - Processing /opt/airflow/dags/dag_expirar_reservas_pendientes.py took 0.100 seconds
[2026-07-09T10:54:59.983-0500] {processor.py:161} INFO - Started process (PID=28088) to work on /opt/airflow/dags/dag_expirar_reservas_pendientes.py
[2026-07-09T10:54:59.984-0500] {processor.py:830} INFO - Processing file /opt/airflow/dags/dag_expirar_reservas_pendientes.py for tasks to queue
[2026-07-09T10:54:59.986-0500] {logging_mixin.py:188} INFO - [2026-07-09T10:54:59.985-0500] {dagbag.py:545} INFO - Filling up the DagBag from /opt/airflow/dags/dag_expirar_reservas_pendientes.py
[2026-07-09T10:55:00.016-0500] {processor.py:840} INFO - DAG(s) 'aerotrack_travel_expirar_reservas' retrieved from /opt/airflow/dags/dag_expirar_reservas_pendientes.py
[2026-07-09T10:55:00.048-0500] {logging_mixin.py:188} INFO - [2026-07-09T10:55:00.048-0500] {dag.py:3089} INFO - Sync 1 DAGs
[2026-07-09T10:55:00.067-0500] {logging_mixin.py:188} INFO - [2026-07-09T10:55:00.067-0500] {dag.py:3947} INFO - Setting next_dagrun for aerotrack_travel_expirar_reservas to 2026-07-09 15:50:00+00:00, run_after=2026-07-09 15:55:00+00:00
[2026-07-09T10:55:00.084-0500] {processor.py:183} INFO - Processing /opt/airflow/dags/dag_expirar_reservas_pendientes.py took 0.106 seconds
[2026-07-09T10:55:30.956-0500] {processor.py:161} INFO - Started process (PID=28120) to work on /opt/airflow/dags/dag_expirar_reservas_pendientes.py
[2026-07-09T10:55:30.957-0500] {processor.py:830} INFO - Processing file /opt/airflow/dags/dag_expirar_reservas_pendientes.py for tasks to queue
[2026-07-09T10:55:30.958-0500] {logging_mixin.py:188} INFO - [2026-07-09T10:55:30.958-0500] {dagbag.py:545} INFO - Filling up the DagBag from /opt/airflow/dags/dag_expirar_reservas_pendientes.py
[2026-07-09T10:55:30.996-0500] {processor.py:840} INFO - DAG(s) 'aerotrack_travel_expirar_reservas' retrieved from /opt/airflow/dags/dag_expirar_reservas_pendientes.py
[2026-07-09T10:55:31.028-0500] {logging_mixin.py:188} INFO - [2026-07-09T10:55:31.028-0500] {dag.py:3089} INFO - Sync 1 DAGs
[2026-07-09T10:55:31.046-0500] {logging_mixin.py:188} INFO - [2026-07-09T10:55:31.046-0500] {dag.py:3947} INFO - Setting next_dagrun for aerotrack_travel_expirar_reservas to 2026-07-09 15:50:00+00:00, run_after=2026-07-09 15:55:00+00:00
[2026-07-09T10:55:31.064-0500] {processor.py:183} INFO - Processing /opt/airflow/dags/dag_expirar_reservas_pendientes.py took 0.114 seconds
[2026-07-09T10:56:01.142-0500] {processor.py:161} INFO - Started process (PID=28152) to work on /opt/airflow/dags/dag_expirar_reservas_pendientes.py
[2026-07-09T10:56:01.143-0500] {processor.py:830} INFO - Processing file /opt/airflow/dags/dag_expirar_reservas_pendientes.py for tasks to queue
[2026-07-09T10:56:01.144-0500] {logging_mixin.py:188} INFO - [2026-07-09T10:56:01.144-0500] {dagbag.py:545} INFO - Filling up the DagBag from /opt/airflow/dags/dag_expirar_reservas_pendientes.py
[2026-07-09T10:56:01.178-0500] {processor.py:840} INFO - DAG(s) 'aerotrack_travel_expirar_reservas' retrieved from /opt/airflow/dags/dag_expirar_reservas_pendientes.py
[2026-07-09T10:56:01.208-0500] {logging_mixin.py:188} INFO - [2026-07-09T10:56:01.208-0500] {dag.py:3089} INFO - Sync 1 DAGs
[2026-07-09T10:56:01.226-0500] {logging_mixin.py:188} INFO - [2026-07-09T10:56:01.226-0500] {dag.py:3947} INFO - Setting next_dagrun for aerotrack_travel_expirar_reservas to 2026-07-09 15:50:00+00:00, run_after=2026-07-09 15:55:00+00:00
[2026-07-09T10:56:01.246-0500] {processor.py:183} INFO - Processing /opt/airflow/dags/dag_expirar_reservas_pendientes.py took 0.109 seconds
[2026-07-09T10:56:31.629-0500] {processor.py:161} INFO - Started process (PID=28184) to work on /opt/airflow/dags/dag_expirar_reservas_pendientes.py
[2026-07-09T10:56:31.630-0500] {processor.py:830} INFO - Processing file /opt/airflow/dags/dag_expirar_reservas_pendientes.py for tasks to queue
[2026-07-09T10:56:31.630-0500] {logging_mixin.py:188} INFO - [2026-07-09T10:56:31.630-0500] {dagbag.py:545} INFO - Filling up the DagBag from /opt/airflow/dags/dag_expirar_reservas_pendientes.py
[2026-07-09T10:56:31.653-0500] {processor.py:840} INFO - DAG(s) 'aerotrack_travel_expirar_reservas' retrieved from /opt/airflow/dags/dag_expirar_reservas_pendientes.py
[2026-07-09T10:56:31.681-0500] {logging_mixin.py:188} INFO - [2026-07-09T10:56:31.681-0500] {dag.py:3089} INFO - Sync 1 DAGs
[2026-07-09T10:56:31.697-0500] {logging_mixin.py:188} INFO - [2026-07-09T10:56:31.697-0500] {dag.py:3947} INFO - Setting next_dagrun for aerotrack_travel_expirar_reservas to 2026-07-09 15:50:00+00:00, run_after=2026-07-09 15:55:00+00:00
[2026-07-09T10:56:31.714-0500] {processor.py:183} INFO - Processing /opt/airflow/dags/dag_expirar_reservas_pendientes.py took 0.090 seconds
[2026-07-09T10:57:02.079-0500] {processor.py:161} INFO - Started process (PID=28216) to work on /opt/airflow/dags/dag_expirar_reservas_pendientes.py
[2026-07-09T10:57:02.080-0500] {processor.py:830} INFO - Processing file /opt/airflow/dags/dag_expirar_reservas_pendientes.py for tasks to queue
[2026-07-09T10:57:02.081-0500] {logging_mixin.py:188} INFO - [2026-07-09T10:57:02.081-0500] {dagbag.py:545} INFO - Filling up the DagBag from /opt/airflow/dags/dag_expirar_reservas_pendientes.py
[2026-07-09T10:57:02.103-0500] {processor.py:840} INFO - DAG(s) 'aerotrack_travel_expirar_reservas' retrieved from /opt/airflow/dags/dag_expirar_reservas_pendientes.py
[2026-07-09T10:57:02.130-0500] {logging_mixin.py:188} INFO - [2026-07-09T10:57:02.130-0500] {dag.py:3089} INFO - Sync 1 DAGs
[2026-07-09T10:57:02.145-0500] {logging_mixin.py:188} INFO - [2026-07-09T10:57:02.145-0500] {dag.py:3947} INFO - Setting next_dagrun for aerotrack_travel_expirar_reservas to 2026-07-09 15:50:00+00:00, run_after=2026-07-09 15:55:00+00:00
[2026-07-09T10:57:02.160-0500] {processor.py:183} INFO - Processing /opt/airflow/dags/dag_expirar_reservas_pendientes.py took 0.086 seconds
[2026-07-09T10:57:32.248-0500] {processor.py:161} INFO - Started process (PID=28248) to work on /opt/airflow/dags/dag_expirar_reservas_pendientes.py
[2026-07-09T10:57:32.249-0500] {processor.py:830} INFO - Processing file /opt/airflow/dags/dag_expirar_reservas_pendientes.py for tasks to queue
[2026-07-09T10:57:32.250-0500] {logging_mixin.py:188} INFO - [2026-07-09T10:57:32.250-0500] {dagbag.py:545} INFO - Filling up the DagBag from /opt/airflow/dags/dag_expirar_reservas_pendientes.py
[2026-07-09T10:57:32.272-0500] {processor.py:840} INFO - DAG(s) 'aerotrack_travel_expirar_reservas' retrieved from /opt/airflow/dags/dag_expirar_reservas_pendientes.py
[2026-07-09T10:57:32.299-0500] {logging_mixin.py:188} INFO - [2026-07-09T10:57:32.299-0500] {dag.py:3089} INFO - Sync 1 DAGs
[2026-07-09T10:57:32.320-0500] {logging_mixin.py:188} INFO - [2026-07-09T10:57:32.320-0500] {dag.py:3947} INFO - Setting next_dagrun for aerotrack_travel_expirar_reservas to 2026-07-09 15:50:00+00:00, run_after=2026-07-09 15:55:00+00:00
[2026-07-09T10:57:32.340-0500] {processor.py:183} INFO - Processing /opt/airflow/dags/dag_expirar_reservas_pendientes.py took 0.097 seconds
[2026-07-09T10:58:02.450-0500] {processor.py:161} INFO - Started process (PID=28280) to work on /opt/airflow/dags/dag_expirar_reservas_pendientes.py
[2026-07-09T10:58:02.451-0500] {processor.py:830} INFO - Processing file /opt/airflow/dags/dag_expirar_reservas_pendientes.py for tasks to queue
[2026-07-09T10:58:02.452-0500] {logging_mixin.py:188} INFO - [2026-07-09T10:58:02.451-0500] {dagbag.py:545} INFO - Filling up the DagBag from /opt/airflow/dags/dag_expirar_reservas_pendientes.py
[2026-07-09T10:58:02.475-0500] {processor.py:840} INFO - DAG(s) 'aerotrack_travel_expirar_reservas' retrieved from /opt/airflow/dags/dag_expirar_reservas_pendientes.py
[2026-07-09T10:58:02.500-0500] {logging_mixin.py:188} INFO - [2026-07-09T10:58:02.500-0500] {dag.py:3089} INFO - Sync 1 DAGs
[2026-07-09T10:58:02.519-0500] {logging_mixin.py:188} INFO - [2026-07-09T10:58:02.518-0500] {dag.py:3947} INFO - Setting next_dagrun for aerotrack_travel_expirar_reservas to 2026-07-09 15:50:00+00:00, run_after=2026-07-09 15:55:00+00:00
[2026-07-09T10:58:02.533-0500] {processor.py:183} INFO - Processing /opt/airflow/dags/dag_expirar_reservas_pendientes.py took 0.088 seconds
[2026-07-09T10:58:33.375-0500] {processor.py:161} INFO - Started process (PID=28307) to work on /opt/airflow/dags/dag_expirar_reservas_pendientes.py
[2026-07-09T10:58:33.376-0500] {processor.py:830} INFO - Processing file /opt/airflow/dags/dag_expirar_reservas_pendientes.py for tasks to queue
[2026-07-09T10:58:33.377-0500] {logging_mixin.py:188} INFO - [2026-07-09T10:58:33.376-0500] {dagbag.py:545} INFO - Filling up the DagBag from /opt/airflow/dags/dag_expirar_reservas_pendientes.py
[2026-07-09T10:58:33.410-0500] {processor.py:840} INFO - DAG(s) 'aerotrack_travel_expirar_reservas' retrieved from /opt/airflow/dags/dag_expirar_reservas_pendientes.py
[2026-07-09T10:58:33.439-0500] {logging_mixin.py:188} INFO - [2026-07-09T10:58:33.439-0500] {dag.py:3089} INFO - Sync 1 DAGs
[2026-07-09T10:58:33.455-0500] {logging_mixin.py:188} INFO - [2026-07-09T10:58:33.454-0500] {dag.py:3947} INFO - Setting next_dagrun for aerotrack_travel_expirar_reservas to 2026-07-09 15:50:00+00:00, run_after=2026-07-09 15:55:00+00:00
[2026-07-09T10:58:33.475-0500] {processor.py:183} INFO - Processing /opt/airflow/dags/dag_expirar_reservas_pendientes.py took 0.105 seconds
[2026-07-09T10:59:03.785-0500] {processor.py:161} INFO - Started process (PID=28339) to work on /opt/airflow/dags/dag_expirar_reservas_pendientes.py
[2026-07-09T10:59:03.786-0500] {processor.py:830} INFO - Processing file /opt/airflow/dags/dag_expirar_reservas_pendientes.py for tasks to queue
[2026-07-09T10:59:03.787-0500] {logging_mixin.py:188} INFO - [2026-07-09T10:59:03.787-0500] {dagbag.py:545} INFO - Filling up the DagBag from /opt/airflow/dags/dag_expirar_reservas_pendientes.py
[2026-07-09T10:59:03.818-0500] {processor.py:840} INFO - DAG(s) 'aerotrack_travel_expirar_reservas' retrieved from /opt/airflow/dags/dag_expirar_reservas_pendientes.py
[2026-07-09T10:59:03.849-0500] {logging_mixin.py:188} INFO - [2026-07-09T10:59:03.849-0500] {dag.py:3089} INFO - Sync 1 DAGs
[2026-07-09T10:59:03.868-0500] {logging_mixin.py:188} INFO - [2026-07-09T10:59:03.868-0500] {dag.py:3947} INFO - Setting next_dagrun for aerotrack_travel_expirar_reservas to 2026-07-09 15:50:00+00:00, run_after=2026-07-09 15:55:00+00:00
[2026-07-09T10:59:03.889-0500] {processor.py:183} INFO - Processing /opt/airflow/dags/dag_expirar_reservas_pendientes.py took 0.109 seconds
[2026-07-09T10:59:33.995-0500] {processor.py:161} INFO - Started process (PID=28371) to work on /opt/airflow/dags/dag_expirar_reservas_pendientes.py
[2026-07-09T10:59:33.996-0500] {processor.py:830} INFO - Processing file /opt/airflow/dags/dag_expirar_reservas_pendientes.py for tasks to queue
[2026-07-09T10:59:33.997-0500] {logging_mixin.py:188} INFO - [2026-07-09T10:59:33.997-0500] {dagbag.py:545} INFO - Filling up the DagBag from /opt/airflow/dags/dag_expirar_reservas_pendientes.py
[2026-07-09T10:59:34.027-0500] {processor.py:840} INFO - DAG(s) 'aerotrack_travel_expirar_reservas' retrieved from /opt/airflow/dags/dag_expirar_reservas_pendientes.py
[2026-07-09T10:59:34.059-0500] {logging_mixin.py:188} INFO - [2026-07-09T10:59:34.059-0500] {dag.py:3089} INFO - Sync 1 DAGs
[2026-07-09T10:59:34.078-0500] {logging_mixin.py:188} INFO - [2026-07-09T10:59:34.078-0500] {dag.py:3947} INFO - Setting next_dagrun for aerotrack_travel_expirar_reservas to 2026-07-09 15:50:00+00:00, run_after=2026-07-09 15:55:00+00:00
[2026-07-09T10:59:34.096-0500] {processor.py:183} INFO - Processing /opt/airflow/dags/dag_expirar_reservas_pendientes.py took 0.106 seconds
[2026-07-09T11:00:04.394-0500] {processor.py:161} INFO - Started process (PID=28403) to work on /opt/airflow/dags/dag_expirar_reservas_pendientes.py
[2026-07-09T11:00:04.394-0500] {processor.py:830} INFO - Processing file /opt/airflow/dags/dag_expirar_reservas_pendientes.py for tasks to queue
[2026-07-09T11:00:04.395-0500] {logging_mixin.py:188} INFO - [2026-07-09T11:00:04.395-0500] {dagbag.py:545} INFO - Filling up the DagBag from /opt/airflow/dags/dag_expirar_reservas_pendientes.py
[2026-07-09T11:00:04.424-0500] {processor.py:840} INFO - DAG(s) 'aerotrack_travel_expirar_reservas' retrieved from /opt/airflow/dags/dag_expirar_reservas_pendientes.py
[2026-07-09T11:00:04.455-0500] {logging_mixin.py:188} INFO - [2026-07-09T11:00:04.455-0500] {dag.py:3089} INFO - Sync 1 DAGs
[2026-07-09T11:00:04.472-0500] {logging_mixin.py:188} INFO - [2026-07-09T11:00:04.472-0500] {dag.py:3947} INFO - Setting next_dagrun for aerotrack_travel_expirar_reservas to 2026-07-09 15:55:00+00:00, run_after=2026-07-09 16:00:00+00:00
[2026-07-09T11:00:04.490-0500] {processor.py:183} INFO - Processing /opt/airflow/dags/dag_expirar_reservas_pendientes.py took 0.101 seconds
[2026-07-09T11:00:34.569-0500] {processor.py:161} INFO - Started process (PID=28435) to work on /opt/airflow/dags/dag_expirar_reservas_pendientes.py
[2026-07-09T11:00:34.570-0500] {processor.py:830} INFO - Processing file /opt/airflow/dags/dag_expirar_reservas_pendientes.py for tasks to queue
[2026-07-09T11:00:34.571-0500] {logging_mixin.py:188} INFO - [2026-07-09T11:00:34.571-0500] {dagbag.py:545} INFO - Filling up the DagBag from /opt/airflow/dags/dag_expirar_reservas_pendientes.py
[2026-07-09T11:00:34.601-0500] {processor.py:840} INFO - DAG(s) 'aerotrack_travel_expirar_reservas' retrieved from /opt/airflow/dags/dag_expirar_reservas_pendientes.py
[2026-07-09T11:00:34.643-0500] {logging_mixin.py:188} INFO - [2026-07-09T11:00:34.643-0500] {dag.py:3089} INFO - Sync 1 DAGs
[2026-07-09T11:00:34.663-0500] {logging_mixin.py:188} INFO - [2026-07-09T11:00:34.662-0500] {dag.py:3947} INFO - Setting next_dagrun for aerotrack_travel_expirar_reservas to 2026-07-09 15:55:00+00:00, run_after=2026-07-09 16:00:00+00:00
[2026-07-09T11:00:34.684-0500] {processor.py:183} INFO - Processing /opt/airflow/dags/dag_expirar_reservas_pendientes.py took 0.121 seconds
[2026-07-09T11:01:04.823-0500] {processor.py:161} INFO - Started process (PID=28467) to work on /opt/airflow/dags/dag_expirar_reservas_pendientes.py
[2026-07-09T11:01:04.825-0500] {processor.py:830} INFO - Processing file /opt/airflow/dags/dag_expirar_reservas_pendientes.py for tasks to queue
[2026-07-09T11:01:04.826-0500] {logging_mixin.py:188} INFO - [2026-07-09T11:01:04.825-0500] {dagbag.py:545} INFO - Filling up the DagBag from /opt/airflow/dags/dag_expirar_reservas_pendientes.py
[2026-07-09T11:01:04.850-0500] {processor.py:840} INFO - DAG(s) 'aerotrack_travel_expirar_reservas' retrieved from /opt/airflow/dags/dag_expirar_reservas_pendientes.py
[2026-07-09T11:01:04.881-0500] {logging_mixin.py:188} INFO - [2026-07-09T11:01:04.881-0500] {dag.py:3089} INFO - Sync 1 DAGs
[2026-07-09T11:01:04.899-0500] {logging_mixin.py:188} INFO - [2026-07-09T11:01:04.899-0500] {dag.py:3947} INFO - Setting next_dagrun for aerotrack_travel_expirar_reservas to 2026-07-09 15:55:00+00:00, run_after=2026-07-09 16:00:00+00:00
[2026-07-09T11:01:04.916-0500] {processor.py:183} INFO - Processing /opt/airflow/dags/dag_expirar_reservas_pendientes.py took 0.098 seconds
[2026-07-09T11:01:35.292-0500] {processor.py:161} INFO - Started process (PID=28499) to work on /opt/airflow/dags/dag_expirar_reservas_pendientes.py
[2026-07-09T11:01:35.293-0500] {processor.py:830} INFO - Processing file /opt/airflow/dags/dag_expirar_reservas_pendientes.py for tasks to queue
[2026-07-09T11:01:35.294-0500] {logging_mixin.py:188} INFO - [2026-07-09T11:01:35.293-0500] {dagbag.py:545} INFO - Filling up the DagBag from /opt/airflow/dags/dag_expirar_reservas_pendientes.py
[2026-07-09T11:01:35.317-0500] {processor.py:840} INFO - DAG(s) 'aerotrack_travel_expirar_reservas' retrieved from /opt/airflow/dags/dag_expirar_reservas_pendientes.py
[2026-07-09T11:01:35.346-0500] {logging_mixin.py:188} INFO - [2026-07-09T11:01:35.346-0500] {dag.py:3089} INFO - Sync 1 DAGs
[2026-07-09T11:01:35.362-0500] {logging_mixin.py:188} INFO - [2026-07-09T11:01:35.361-0500] {dag.py:3947} INFO - Setting next_dagrun for aerotrack_travel_expirar_reservas to 2026-07-09 15:55:00+00:00, run_after=2026-07-09 16:00:00+00:00
[2026-07-09T11:01:35.377-0500] {processor.py:183} INFO - Processing /opt/airflow/dags/dag_expirar_reservas_pendientes.py took 0.090 seconds
[2026-07-09T11:02:06.345-0500] {processor.py:161} INFO - Started process (PID=28531) to work on /opt/airflow/dags/dag_expirar_reservas_pendientes.py
[2026-07-09T11:02:06.346-0500] {processor.py:830} INFO - Processing file /opt/airflow/dags/dag_expirar_reservas_pendientes.py for tasks to queue
[2026-07-09T11:02:06.347-0500] {logging_mixin.py:188} INFO - [2026-07-09T11:02:06.347-0500] {dagbag.py:545} INFO - Filling up the DagBag from /opt/airflow/dags/dag_expirar_reservas_pendientes.py
[2026-07-09T11:02:06.374-0500] {processor.py:840} INFO - DAG(s) 'aerotrack_travel_expirar_reservas' retrieved from /opt/airflow/dags/dag_expirar_reservas_pendientes.py
[2026-07-09T11:02:06.403-0500] {logging_mixin.py:188} INFO - [2026-07-09T11:02:06.402-0500] {dag.py:3089} INFO - Sync 1 DAGs
[2026-07-09T11:02:06.420-0500] {logging_mixin.py:188} INFO - [2026-07-09T11:02:06.420-0500] {dag.py:3947} INFO - Setting next_dagrun for aerotrack_travel_expirar_reservas to 2026-07-09 15:55:00+00:00, run_after=2026-07-09 16:00:00+00:00
[2026-07-09T11:02:06.436-0500] {processor.py:183} INFO - Processing /opt/airflow/dags/dag_expirar_reservas_pendientes.py took 0.095 seconds
[2026-07-09T11:02:37.395-0500] {processor.py:161} INFO - Started process (PID=28563) to work on /opt/airflow/dags/dag_expirar_reservas_pendientes.py
[2026-07-09T11:02:37.395-0500] {processor.py:830} INFO - Processing file /opt/airflow/dags/dag_expirar_reservas_pendientes.py for tasks to queue
[2026-07-09T11:02:37.396-0500] {logging_mixin.py:188} INFO - [2026-07-09T11:02:37.396-0500] {dagbag.py:545} INFO - Filling up the DagBag from /opt/airflow/dags/dag_expirar_reservas_pendientes.py
[2026-07-09T11:02:37.420-0500] {processor.py:840} INFO - DAG(s) 'aerotrack_travel_expirar_reservas' retrieved from /opt/airflow/dags/dag_expirar_reservas_pendientes.py
[2026-07-09T11:02:37.447-0500] {logging_mixin.py:188} INFO - [2026-07-09T11:02:37.447-0500] {dag.py:3089} INFO - Sync 1 DAGs
[2026-07-09T11:02:37.463-0500] {logging_mixin.py:188} INFO - [2026-07-09T11:02:37.463-0500] {dag.py:3947} INFO - Setting next_dagrun for aerotrack_travel_expirar_reservas to 2026-07-09 15:55:00+00:00, run_after=2026-07-09 16:00:00+00:00
[2026-07-09T11:02:37.480-0500] {processor.py:183} INFO - Processing /opt/airflow/dags/dag_expirar_reservas_pendientes.py took 0.090 seconds
[2026-07-09T11:03:08.400-0500] {processor.py:161} INFO - Started process (PID=28595) to work on /opt/airflow/dags/dag_expirar_reservas_pendientes.py
[2026-07-09T11:03:08.401-0500] {processor.py:830} INFO - Processing file /opt/airflow/dags/dag_expirar_reservas_pendientes.py for tasks to queue
[2026-07-09T11:03:08.401-0500] {logging_mixin.py:188} INFO - [2026-07-09T11:03:08.401-0500] {dagbag.py:545} INFO - Filling up the DagBag from /opt/airflow/dags/dag_expirar_reservas_pendientes.py
[2026-07-09T11:03:08.426-0500] {processor.py:840} INFO - DAG(s) 'aerotrack_travel_expirar_reservas' retrieved from /opt/airflow/dags/dag_expirar_reservas_pendientes.py
[2026-07-09T11:03:08.453-0500] {logging_mixin.py:188} INFO - [2026-07-09T11:03:08.453-0500] {dag.py:3089} INFO - Sync 1 DAGs
[2026-07-09T11:03:08.470-0500] {logging_mixin.py:188} INFO - [2026-07-09T11:03:08.470-0500] {dag.py:3947} INFO - Setting next_dagrun for aerotrack_travel_expirar_reservas to 2026-07-09 15:55:00+00:00, run_after=2026-07-09 16:00:00+00:00
[2026-07-09T11:03:08.485-0500] {processor.py:183} INFO - Processing /opt/airflow/dags/dag_expirar_reservas_pendientes.py took 0.090 seconds
[2026-07-09T11:03:39.465-0500] {processor.py:161} INFO - Started process (PID=28627) to work on /opt/airflow/dags/dag_expirar_reservas_pendientes.py
[2026-07-09T11:03:39.466-0500] {processor.py:830} INFO - Processing file /opt/airflow/dags/dag_expirar_reservas_pendientes.py for tasks to queue
[2026-07-09T11:03:39.467-0500] {logging_mixin.py:188} INFO - [2026-07-09T11:03:39.466-0500] {dagbag.py:545} INFO - Filling up the DagBag from /opt/airflow/dags/dag_expirar_reservas_pendientes.py
[2026-07-09T11:03:39.491-0500] {processor.py:840} INFO - DAG(s) 'aerotrack_travel_expirar_reservas' retrieved from /opt/airflow/dags/dag_expirar_reservas_pendientes.py
[2026-07-09T11:03:39.520-0500] {logging_mixin.py:188} INFO - [2026-07-09T11:03:39.519-0500] {dag.py:3089} INFO - Sync 1 DAGs
[2026-07-09T11:03:39.535-0500] {logging_mixin.py:188} INFO - [2026-07-09T11:03:39.535-0500] {dag.py:3947} INFO - Setting next_dagrun for aerotrack_travel_expirar_reservas to 2026-07-09 15:55:00+00:00, run_after=2026-07-09 16:00:00+00:00
[2026-07-09T11:03:39.548-0500] {processor.py:183} INFO - Processing /opt/airflow/dags/dag_expirar_reservas_pendientes.py took 0.088 seconds
[2026-07-09T11:04:09.603-0500] {processor.py:161} INFO - Started process (PID=28659) to work on /opt/airflow/dags/dag_expirar_reservas_pendientes.py
[2026-07-09T11:04:09.604-0500] {processor.py:830} INFO - Processing file /opt/airflow/dags/dag_expirar_reservas_pendientes.py for tasks to queue
[2026-07-09T11:04:09.605-0500] {logging_mixin.py:188} INFO - [2026-07-09T11:04:09.605-0500] {dagbag.py:545} INFO - Filling up the DagBag from /opt/airflow/dags/dag_expirar_reservas_pendientes.py
[2026-07-09T11:04:09.629-0500] {processor.py:840} INFO - DAG(s) 'aerotrack_travel_expirar_reservas' retrieved from /opt/airflow/dags/dag_expirar_reservas_pendientes.py
[2026-07-09T11:04:09.656-0500] {logging_mixin.py:188} INFO - [2026-07-09T11:04:09.656-0500] {dag.py:3089} INFO - Sync 1 DAGs
[2026-07-09T11:04:09.672-0500] {logging_mixin.py:188} INFO - [2026-07-09T11:04:09.672-0500] {dag.py:3947} INFO - Setting next_dagrun for aerotrack_travel_expirar_reservas to 2026-07-09 15:55:00+00:00, run_after=2026-07-09 16:00:00+00:00
[2026-07-09T11:04:09.689-0500] {processor.py:183} INFO - Processing /opt/airflow/dags/dag_expirar_reservas_pendientes.py took 0.091 seconds
[2026-07-09T11:04:40.084-0500] {processor.py:161} INFO - Started process (PID=28691) to work on /opt/airflow/dags/dag_expirar_reservas_pendientes.py
[2026-07-09T11:04:40.085-0500] {processor.py:830} INFO - Processing file /opt/airflow/dags/dag_expirar_reservas_pendientes.py for tasks to queue
[2026-07-09T11:04:40.086-0500] {logging_mixin.py:188} INFO - [2026-07-09T11:04:40.085-0500] {dagbag.py:545} INFO - Filling up the DagBag from /opt/airflow/dags/dag_expirar_reservas_pendientes.py
[2026-07-09T11:04:40.110-0500] {processor.py:840} INFO - DAG(s) 'aerotrack_travel_expirar_reservas' retrieved from /opt/airflow/dags/dag_expirar_reservas_pendientes.py
[2026-07-09T11:04:40.141-0500] {logging_mixin.py:188} INFO - [2026-07-09T11:04:40.141-0500] {dag.py:3089} INFO - Sync 1 DAGs
[2026-07-09T11:04:40.156-0500] {logging_mixin.py:188} INFO - [2026-07-09T11:04:40.156-0500] {dag.py:3947} INFO - Setting next_dagrun for aerotrack_travel_expirar_reservas to 2026-07-09 15:55:00+00:00, run_after=2026-07-09 16:00:00+00:00
[2026-07-09T11:04:40.173-0500] {processor.py:183} INFO - Processing /opt/airflow/dags/dag_expirar_reservas_pendientes.py took 0.094 seconds
[2026-07-09T11:05:10.225-0500] {processor.py:161} INFO - Started process (PID=28723) to work on /opt/airflow/dags/dag_expirar_reservas_pendientes.py
[2026-07-09T11:05:10.226-0500] {processor.py:830} INFO - Processing file /opt/airflow/dags/dag_expirar_reservas_pendientes.py for tasks to queue
[2026-07-09T11:05:10.227-0500] {logging_mixin.py:188} INFO - [2026-07-09T11:05:10.226-0500] {dagbag.py:545} INFO - Filling up the DagBag from /opt/airflow/dags/dag_expirar_reservas_pendientes.py
[2026-07-09T11:05:10.252-0500] {processor.py:840} INFO - DAG(s) 'aerotrack_travel_expirar_reservas' retrieved from /opt/airflow/dags/dag_expirar_reservas_pendientes.py
[2026-07-09T11:05:10.279-0500] {logging_mixin.py:188} INFO - [2026-07-09T11:05:10.279-0500] {dag.py:3089} INFO - Sync 1 DAGs
[2026-07-09T11:05:10.296-0500] {logging_mixin.py:188} INFO - [2026-07-09T11:05:10.296-0500] {dag.py:3947} INFO - Setting next_dagrun for aerotrack_travel_expirar_reservas to 2026-07-09 16:00:00+00:00, run_after=2026-07-09 16:05:00+00:00
[2026-07-09T11:05:10.313-0500] {processor.py:183} INFO - Processing /opt/airflow/dags/dag_expirar_reservas_pendientes.py took 0.092 seconds
[2026-07-09T11:05:40.723-0500] {processor.py:161} INFO - Started process (PID=28755) to work on /opt/airflow/dags/dag_expirar_reservas_pendientes.py
[2026-07-09T11:05:40.724-0500] {processor.py:830} INFO - Processing file /opt/airflow/dags/dag_expirar_reservas_pendientes.py for tasks to queue
[2026-07-09T11:05:40.724-0500] {logging_mixin.py:188} INFO - [2026-07-09T11:05:40.724-0500] {dagbag.py:545} INFO - Filling up the DagBag from /opt/airflow/dags/dag_expirar_reservas_pendientes.py
[2026-07-09T11:05:40.747-0500] {processor.py:840} INFO - DAG(s) 'aerotrack_travel_expirar_reservas' retrieved from /opt/airflow/dags/dag_expirar_reservas_pendientes.py
[2026-07-09T11:05:40.775-0500] {logging_mixin.py:188} INFO - [2026-07-09T11:05:40.775-0500] {dag.py:3089} INFO - Sync 1 DAGs
[2026-07-09T11:05:40.797-0500] {logging_mixin.py:188} INFO - [2026-07-09T11:05:40.797-0500] {dag.py:3947} INFO - Setting next_dagrun for aerotrack_travel_expirar_reservas to 2026-07-09 16:00:00+00:00, run_after=2026-07-09 16:05:00+00:00
[2026-07-09T11:05:40.813-0500] {processor.py:183} INFO - Processing /opt/airflow/dags/dag_expirar_reservas_pendientes.py took 0.095 seconds
[2026-07-09T11:06:11.759-0500] {processor.py:161} INFO - Started process (PID=28787) to work on /opt/airflow/dags/dag_expirar_reservas_pendientes.py
[2026-07-09T11:06:11.760-0500] {processor.py:830} INFO - Processing file /opt/airflow/dags/dag_expirar_reservas_pendientes.py for tasks to queue
[2026-07-09T11:06:11.761-0500] {logging_mixin.py:188} INFO - [2026-07-09T11:06:11.760-0500] {dagbag.py:545} INFO - Filling up the DagBag from /opt/airflow/dags/dag_expirar_reservas_pendientes.py
[2026-07-09T11:06:11.783-0500] {processor.py:840} INFO - DAG(s) 'aerotrack_travel_expirar_reservas' retrieved from /opt/airflow/dags/dag_expirar_reservas_pendientes.py
[2026-07-09T11:06:11.809-0500] {logging_mixin.py:188} INFO - [2026-07-09T11:06:11.809-0500] {dag.py:3089} INFO - Sync 1 DAGs
[2026-07-09T11:06:11.826-0500] {logging_mixin.py:188} INFO - [2026-07-09T11:06:11.825-0500] {dag.py:3947} INFO - Setting next_dagrun for aerotrack_travel_expirar_reservas to 2026-07-09 16:00:00+00:00, run_after=2026-07-09 16:05:00+00:00
[2026-07-09T11:06:11.841-0500] {processor.py:183} INFO - Processing /opt/airflow/dags/dag_expirar_reservas_pendientes.py took 0.087 seconds
[2026-07-09T11:06:42.225-0500] {processor.py:161} INFO - Started process (PID=28819) to work on /opt/airflow/dags/dag_expirar_reservas_pendientes.py
[2026-07-09T11:06:42.225-0500] {processor.py:830} INFO - Processing file /opt/airflow/dags/dag_expirar_reservas_pendientes.py for tasks to queue
[2026-07-09T11:06:42.226-0500] {logging_mixin.py:188} INFO - [2026-07-09T11:06:42.226-0500] {dagbag.py:545} INFO - Filling up the DagBag from /opt/airflow/dags/dag_expirar_reservas_pendientes.py
[2026-07-09T11:06:42.251-0500] {processor.py:840} INFO - DAG(s) 'aerotrack_travel_expirar_reservas' retrieved from /opt/airflow/dags/dag_expirar_reservas_pendientes.py
[2026-07-09T11:06:42.279-0500] {logging_mixin.py:188} INFO - [2026-07-09T11:06:42.278-0500] {dag.py:3089} INFO - Sync 1 DAGs
[2026-07-09T11:06:42.294-0500] {logging_mixin.py:188} INFO - [2026-07-09T11:06:42.294-0500] {dag.py:3947} INFO - Setting next_dagrun for aerotrack_travel_expirar_reservas to 2026-07-09 16:00:00+00:00, run_after=2026-07-09 16:05:00+00:00
[2026-07-09T11:06:42.313-0500] {processor.py:183} INFO - Processing /opt/airflow/dags/dag_expirar_reservas_pendientes.py took 0.093 seconds
[2026-07-09T11:07:12.392-0500] {processor.py:161} INFO - Started process (PID=28851) to work on /opt/airflow/dags/dag_expirar_reservas_pendientes.py
[2026-07-09T11:07:12.393-0500] {processor.py:830} INFO - Processing file /opt/airflow/dags/dag_expirar_reservas_pendientes.py for tasks to queue
[2026-07-09T11:07:12.394-0500] {logging_mixin.py:188} INFO - [2026-07-09T11:07:12.394-0500] {dagbag.py:545} INFO - Filling up the DagBag from /opt/airflow/dags/dag_expirar_reservas_pendientes.py
[2026-07-09T11:07:12.416-0500] {processor.py:840} INFO - DAG(s) 'aerotrack_travel_expirar_reservas' retrieved from /opt/airflow/dags/dag_expirar_reservas_pendientes.py
[2026-07-09T11:07:12.446-0500] {logging_mixin.py:188} INFO - [2026-07-09T11:07:12.445-0500] {dag.py:3089} INFO - Sync 1 DAGs
[2026-07-09T11:07:12.461-0500] {logging_mixin.py:188} INFO - [2026-07-09T11:07:12.461-0500] {dag.py:3947} INFO - Setting next_dagrun for aerotrack_travel_expirar_reservas to 2026-07-09 16:00:00+00:00, run_after=2026-07-09 16:05:00+00:00
[2026-07-09T11:07:12.477-0500] {processor.py:183} INFO - Processing /opt/airflow/dags/dag_expirar_reservas_pendientes.py took 0.089 seconds
[2026-07-09T11:07:42.791-0500] {processor.py:161} INFO - Started process (PID=28883) to work on /opt/airflow/dags/dag_expirar_reservas_pendientes.py
[2026-07-09T11:07:42.792-0500] {processor.py:830} INFO - Processing file /opt/airflow/dags/dag_expirar_reservas_pendientes.py for tasks to queue
[2026-07-09T11:07:42.793-0500] {logging_mixin.py:188} INFO - [2026-07-09T11:07:42.792-0500] {dagbag.py:545} INFO - Filling up the DagBag from /opt/airflow/dags/dag_expirar_reservas_pendientes.py
[2026-07-09T11:07:42.816-0500] {processor.py:840} INFO - DAG(s) 'aerotrack_travel_expirar_reservas' retrieved from /opt/airflow/dags/dag_expirar_reservas_pendientes.py
[2026-07-09T11:07:42.847-0500] {logging_mixin.py:188} INFO - [2026-07-09T11:07:42.847-0500] {dag.py:3089} INFO - Sync 1 DAGs
[2026-07-09T11:07:42.864-0500] {logging_mixin.py:188} INFO - [2026-07-09T11:07:42.864-0500] {dag.py:3947} INFO - Setting next_dagrun for aerotrack_travel_expirar_reservas to 2026-07-09 16:00:00+00:00, run_after=2026-07-09 16:05:00+00:00
[2026-07-09T11:07:42.883-0500] {processor.py:183} INFO - Processing /opt/airflow/dags/dag_expirar_reservas_pendientes.py took 0.097 seconds
[2026-07-09T11:08:13.182-0500] {processor.py:161} INFO - Started process (PID=28915) to work on /opt/airflow/dags/dag_expirar_reservas_pendientes.py
[2026-07-09T11:08:13.183-0500] {processor.py:830} INFO - Processing file /opt/airflow/dags/dag_expirar_reservas_pendientes.py for tasks to queue
[2026-07-09T11:08:13.184-0500] {logging_mixin.py:188} INFO - [2026-07-09T11:08:13.183-0500] {dagbag.py:545} INFO - Filling up the DagBag from /opt/airflow/dags/dag_expirar_reservas_pendientes.py
[2026-07-09T11:08:13.208-0500] {processor.py:840} INFO - DAG(s) 'aerotrack_travel_expirar_reservas' retrieved from /opt/airflow/dags/dag_expirar_reservas_pendientes.py
[2026-07-09T11:08:13.238-0500] {logging_mixin.py:188} INFO - [2026-07-09T11:08:13.237-0500] {dag.py:3089} INFO - Sync 1 DAGs
[2026-07-09T11:08:13.254-0500] {logging_mixin.py:188} INFO - [2026-07-09T11:08:13.253-0500] {dag.py:3947} INFO - Setting next_dagrun for aerotrack_travel_expirar_reservas to 2026-07-09 16:00:00+00:00, run_after=2026-07-09 16:05:00+00:00
[2026-07-09T11:08:13.270-0500] {processor.py:183} INFO - Processing /opt/airflow/dags/dag_expirar_reservas_pendientes.py took 0.093 seconds
[2026-07-09T11:08:44.169-0500] {processor.py:161} INFO - Started process (PID=28947) to work on /opt/airflow/dags/dag_expirar_reservas_pendientes.py
[2026-07-09T11:08:44.169-0500] {processor.py:830} INFO - Processing file /opt/airflow/dags/dag_expirar_reservas_pendientes.py for tasks to queue
[2026-07-09T11:08:44.170-0500] {logging_mixin.py:188} INFO - [2026-07-09T11:08:44.170-0500] {dagbag.py:545} INFO - Filling up the DagBag from /opt/airflow/dags/dag_expirar_reservas_pendientes.py
[2026-07-09T11:08:44.193-0500] {processor.py:840} INFO - DAG(s) 'aerotrack_travel_expirar_reservas' retrieved from /opt/airflow/dags/dag_expirar_reservas_pendientes.py
[2026-07-09T11:08:44.220-0500] {logging_mixin.py:188} INFO - [2026-07-09T11:08:44.220-0500] {dag.py:3089} INFO - Sync 1 DAGs
[2026-07-09T11:08:44.237-0500] {logging_mixin.py:188} INFO - [2026-07-09T11:08:44.237-0500] {dag.py:3947} INFO - Setting next_dagrun for aerotrack_travel_expirar_reservas to 2026-07-09 16:00:00+00:00, run_after=2026-07-09 16:05:00+00:00
[2026-07-09T11:08:44.255-0500] {processor.py:183} INFO - Processing /opt/airflow/dags/dag_expirar_reservas_pendientes.py took 0.090 seconds
[2026-07-09T11:09:15.208-0500] {processor.py:161} INFO - Started process (PID=28979) to work on /opt/airflow/dags/dag_expirar_reservas_pendientes.py
[2026-07-09T11:09:15.209-0500] {processor.py:830} INFO - Processing file /opt/airflow/dags/dag_expirar_reservas_pendientes.py for tasks to queue
[2026-07-09T11:09:15.209-0500] {logging_mixin.py:188} INFO - [2026-07-09T11:09:15.209-0500] {dagbag.py:545} INFO - Filling up the DagBag from /opt/airflow/dags/dag_expirar_reservas_pendientes.py
[2026-07-09T11:09:15.235-0500] {processor.py:840} INFO - DAG(s) 'aerotrack_travel_expirar_reservas' retrieved from /opt/airflow/dags/dag_expirar_reservas_pendientes.py
[2026-07-09T11:09:15.263-0500] {logging_mixin.py:188} INFO - [2026-07-09T11:09:15.263-0500] {dag.py:3089} INFO - Sync 1 DAGs
[2026-07-09T11:09:15.279-0500] {logging_mixin.py:188} INFO - [2026-07-09T11:09:15.279-0500] {dag.py:3947} INFO - Setting next_dagrun for aerotrack_travel_expirar_reservas to 2026-07-09 16:00:00+00:00, run_after=2026-07-09 16:05:00+00:00
[2026-07-09T11:09:15.294-0500] {processor.py:183} INFO - Processing /opt/airflow/dags/dag_expirar_reservas_pendientes.py took 0.090 seconds
[2026-07-09T11:09:45.688-0500] {processor.py:161} INFO - Started process (PID=29011) to work on /opt/airflow/dags/dag_expirar_reservas_pendientes.py
[2026-07-09T11:09:45.689-0500] {processor.py:830} INFO - Processing file /opt/airflow/dags/dag_expirar_reservas_pendientes.py for tasks to queue
[2026-07-09T11:09:45.690-0500] {logging_mixin.py:188} INFO - [2026-07-09T11:09:45.690-0500] {dagbag.py:545} INFO - Filling up the DagBag from /opt/airflow/dags/dag_expirar_reservas_pendientes.py
[2026-07-09T11:09:45.713-0500] {processor.py:840} INFO - DAG(s) 'aerotrack_travel_expirar_reservas' retrieved from /opt/airflow/dags/dag_expirar_reservas_pendientes.py
[2026-07-09T11:09:45.743-0500] {logging_mixin.py:188} INFO - [2026-07-09T11:09:45.743-0500] {dag.py:3089} INFO - Sync 1 DAGs
[2026-07-09T11:09:45.759-0500] {logging_mixin.py:188} INFO - [2026-07-09T11:09:45.759-0500] {dag.py:3947} INFO - Setting next_dagrun for aerotrack_travel_expirar_reservas to 2026-07-09 16:00:00+00:00, run_after=2026-07-09 16:05:00+00:00
[2026-07-09T11:09:45.772-0500] {processor.py:183} INFO - Processing /opt/airflow/dags/dag_expirar_reservas_pendientes.py took 0.089 seconds
[2026-07-09T11:10:15.912-0500] {processor.py:161} INFO - Started process (PID=29043) to work on /opt/airflow/dags/dag_expirar_reservas_pendientes.py
[2026-07-09T11:10:15.913-0500] {processor.py:830} INFO - Processing file /opt/airflow/dags/dag_expirar_reservas_pendientes.py for tasks to queue
[2026-07-09T11:10:15.914-0500] {logging_mixin.py:188} INFO - [2026-07-09T11:10:15.913-0500] {dagbag.py:545} INFO - Filling up the DagBag from /opt/airflow/dags/dag_expirar_reservas_pendientes.py
[2026-07-09T11:10:15.936-0500] {processor.py:840} INFO - DAG(s) 'aerotrack_travel_expirar_reservas' retrieved from /opt/airflow/dags/dag_expirar_reservas_pendientes.py
[2026-07-09T11:10:15.965-0500] {logging_mixin.py:188} INFO - [2026-07-09T11:10:15.965-0500] {dag.py:3089} INFO - Sync 1 DAGs
[2026-07-09T11:10:15.980-0500] {logging_mixin.py:188} INFO - [2026-07-09T11:10:15.980-0500] {dag.py:3947} INFO - Setting next_dagrun for aerotrack_travel_expirar_reservas to 2026-07-09 16:05:00+00:00, run_after=2026-07-09 16:10:00+00:00
[2026-07-09T11:10:15.998-0500] {processor.py:183} INFO - Processing /opt/airflow/dags/dag_expirar_reservas_pendientes.py took 0.090 seconds
[2026-07-09T11:10:46.392-0500] {processor.py:161} INFO - Started process (PID=29075) to work on /opt/airflow/dags/dag_expirar_reservas_pendientes.py
[2026-07-09T11:10:46.393-0500] {processor.py:830} INFO - Processing file /opt/airflow/dags/dag_expirar_reservas_pendientes.py for tasks to queue
[2026-07-09T11:10:46.394-0500] {logging_mixin.py:188} INFO - [2026-07-09T11:10:46.393-0500] {dagbag.py:545} INFO - Filling up the DagBag from /opt/airflow/dags/dag_expirar_reservas_pendientes.py
[2026-07-09T11:10:46.422-0500] {processor.py:840} INFO - DAG(s) 'aerotrack_travel_expirar_reservas' retrieved from /opt/airflow/dags/dag_expirar_reservas_pendientes.py
[2026-07-09T11:10:46.459-0500] {logging_mixin.py:188} INFO - [2026-07-09T11:10:46.459-0500] {dag.py:3089} INFO - Sync 1 DAGs
[2026-07-09T11:10:46.477-0500] {logging_mixin.py:188} INFO - [2026-07-09T11:10:46.476-0500] {dag.py:3947} INFO - Setting next_dagrun for aerotrack_travel_expirar_reservas to 2026-07-09 16:05:00+00:00, run_after=2026-07-09 16:10:00+00:00
[2026-07-09T11:10:46.492-0500] {processor.py:183} INFO - Processing /opt/airflow/dags/dag_expirar_reservas_pendientes.py took 0.105 seconds
[2026-07-09T11:11:16.786-0500] {processor.py:161} INFO - Started process (PID=29107) to work on /opt/airflow/dags/dag_expirar_reservas_pendientes.py
[2026-07-09T11:11:16.787-0500] {processor.py:830} INFO - Processing file /opt/airflow/dags/dag_expirar_reservas_pendientes.py for tasks to queue
[2026-07-09T11:11:16.788-0500] {logging_mixin.py:188} INFO - [2026-07-09T11:11:16.787-0500] {dagbag.py:545} INFO - Filling up the DagBag from /opt/airflow/dags/dag_expirar_reservas_pendientes.py
[2026-07-09T11:11:16.813-0500] {processor.py:840} INFO - DAG(s) 'aerotrack_travel_expirar_reservas' retrieved from /opt/airflow/dags/dag_expirar_reservas_pendientes.py
[2026-07-09T11:11:16.841-0500] {logging_mixin.py:188} INFO - [2026-07-09T11:11:16.841-0500] {dag.py:3089} INFO - Sync 1 DAGs
[2026-07-09T11:11:16.857-0500] {logging_mixin.py:188} INFO - [2026-07-09T11:11:16.857-0500] {dag.py:3947} INFO - Setting next_dagrun for aerotrack_travel_expirar_reservas to 2026-07-09 16:05:00+00:00, run_after=2026-07-09 16:10:00+00:00
[2026-07-09T11:11:16.872-0500] {processor.py:183} INFO - Processing /opt/airflow/dags/dag_expirar_reservas_pendientes.py took 0.091 seconds
[2026-07-09T11:11:47.181-0500] {processor.py:161} INFO - Started process (PID=29139) to work on /opt/airflow/dags/dag_expirar_reservas_pendientes.py
[2026-07-09T11:11:47.182-0500] {processor.py:830} INFO - Processing file /opt/airflow/dags/dag_expirar_reservas_pendientes.py for tasks to queue
[2026-07-09T11:11:47.182-0500] {logging_mixin.py:188} INFO - [2026-07-09T11:11:47.182-0500] {dagbag.py:545} INFO - Filling up the DagBag from /opt/airflow/dags/dag_expirar_reservas_pendientes.py
[2026-07-09T11:11:47.205-0500] {processor.py:840} INFO - DAG(s) 'aerotrack_travel_expirar_reservas' retrieved from /opt/airflow/dags/dag_expirar_reservas_pendientes.py
[2026-07-09T11:11:47.232-0500] {logging_mixin.py:188} INFO - [2026-07-09T11:11:47.232-0500] {dag.py:3089} INFO - Sync 1 DAGs
[2026-07-09T11:11:47.250-0500] {logging_mixin.py:188} INFO - [2026-07-09T11:11:47.249-0500] {dag.py:3947} INFO - Setting next_dagrun for aerotrack_travel_expirar_reservas to 2026-07-09 16:05:00+00:00, run_after=2026-07-09 16:10:00+00:00
[2026-07-09T11:11:47.267-0500] {processor.py:183} INFO - Processing /opt/airflow/dags/dag_expirar_reservas_pendientes.py took 0.090 seconds
[2026-07-09T11:12:17.659-0500] {processor.py:161} INFO - Started process (PID=29171) to work on /opt/airflow/dags/dag_expirar_reservas_pendientes.py
[2026-07-09T11:12:17.659-0500] {processor.py:830} INFO - Processing file /opt/airflow/dags/dag_expirar_reservas_pendientes.py for tasks to queue
[2026-07-09T11:12:17.660-0500] {logging_mixin.py:188} INFO - [2026-07-09T11:12:17.660-0500] {dagbag.py:545} INFO - Filling up the DagBag from /opt/airflow/dags/dag_expirar_reservas_pendientes.py
[2026-07-09T11:12:17.683-0500] {processor.py:840} INFO - DAG(s) 'aerotrack_travel_expirar_reservas' retrieved from /opt/airflow/dags/dag_expirar_reservas_pendientes.py
[2026-07-09T11:12:17.711-0500] {logging_mixin.py:188} INFO - [2026-07-09T11:12:17.711-0500] {dag.py:3089} INFO - Sync 1 DAGs
[2026-07-09T11:12:17.727-0500] {logging_mixin.py:188} INFO - [2026-07-09T11:12:17.726-0500] {dag.py:3947} INFO - Setting next_dagrun for aerotrack_travel_expirar_reservas to 2026-07-09 16:05:00+00:00, run_after=2026-07-09 16:10:00+00:00
[2026-07-09T11:12:17.743-0500] {processor.py:183} INFO - Processing /opt/airflow/dags/dag_expirar_reservas_pendientes.py took 0.089 seconds
[2026-07-09T11:12:48.672-0500] {processor.py:161} INFO - Started process (PID=29203) to work on /opt/airflow/dags/dag_expirar_reservas_pendientes.py
[2026-07-09T11:12:48.673-0500] {processor.py:830} INFO - Processing file /opt/airflow/dags/dag_expirar_reservas_pendientes.py for tasks to queue
[2026-07-09T11:12:48.674-0500] {logging_mixin.py:188} INFO - [2026-07-09T11:12:48.674-0500] {dagbag.py:545} INFO - Filling up the DagBag from /opt/airflow/dags/dag_expirar_reservas_pendientes.py
[2026-07-09T11:12:48.700-0500] {processor.py:840} INFO - DAG(s) 'aerotrack_travel_expirar_reservas' retrieved from /opt/airflow/dags/dag_expirar_reservas_pendientes.py
[2026-07-09T11:12:48.728-0500] {logging_mixin.py:188} INFO - [2026-07-09T11:12:48.728-0500] {dag.py:3089} INFO - Sync 1 DAGs
[2026-07-09T11:12:48.745-0500] {logging_mixin.py:188} INFO - [2026-07-09T11:12:48.745-0500] {dag.py:3947} INFO - Setting next_dagrun for aerotrack_travel_expirar_reservas to 2026-07-09 16:05:00+00:00, run_after=2026-07-09 16:10:00+00:00
[2026-07-09T11:12:48.764-0500] {processor.py:183} INFO - Processing /opt/airflow/dags/dag_expirar_reservas_pendientes.py took 0.096 seconds
[2026-07-09T11:13:19.686-0500] {processor.py:161} INFO - Started process (PID=29235) to work on /opt/airflow/dags/dag_expirar_reservas_pendientes.py
[2026-07-09T11:13:19.687-0500] {processor.py:830} INFO - Processing file /opt/airflow/dags/dag_expirar_reservas_pendientes.py for tasks to queue
[2026-07-09T11:13:19.688-0500] {logging_mixin.py:188} INFO - [2026-07-09T11:13:19.688-0500] {dagbag.py:545} INFO - Filling up the DagBag from /opt/airflow/dags/dag_expirar_reservas_pendientes.py
[2026-07-09T11:13:19.719-0500] {processor.py:840} INFO - DAG(s) 'aerotrack_travel_expirar_reservas' retrieved from /opt/airflow/dags/dag_expirar_reservas_pendientes.py
[2026-07-09T11:13:19.751-0500] {logging_mixin.py:188} INFO - [2026-07-09T11:13:19.751-0500] {dag.py:3089} INFO - Sync 1 DAGs
[2026-07-09T11:13:19.768-0500] {logging_mixin.py:188} INFO - [2026-07-09T11:13:19.768-0500] {dag.py:3947} INFO - Setting next_dagrun for aerotrack_travel_expirar_reservas to 2026-07-09 16:05:00+00:00, run_after=2026-07-09 16:10:00+00:00
[2026-07-09T11:13:19.785-0500] {processor.py:183} INFO - Processing /opt/airflow/dags/dag_expirar_reservas_pendientes.py took 0.103 seconds
[2026-07-09T11:13:50.697-0500] {processor.py:161} INFO - Started process (PID=29267) to work on /opt/airflow/dags/dag_expirar_reservas_pendientes.py
[2026-07-09T11:13:50.698-0500] {processor.py:830} INFO - Processing file /opt/airflow/dags/dag_expirar_reservas_pendientes.py for tasks to queue
[2026-07-09T11:13:50.699-0500] {logging_mixin.py:188} INFO - [2026-07-09T11:13:50.698-0500] {dagbag.py:545} INFO - Filling up the DagBag from /opt/airflow/dags/dag_expirar_reservas_pendientes.py
[2026-07-09T11:13:50.721-0500] {processor.py:840} INFO - DAG(s) 'aerotrack_travel_expirar_reservas' retrieved from /opt/airflow/dags/dag_expirar_reservas_pendientes.py
[2026-07-09T11:13:50.748-0500] {logging_mixin.py:188} INFO - [2026-07-09T11:13:50.748-0500] {dag.py:3089} INFO - Sync 1 DAGs
[2026-07-09T11:13:50.763-0500] {logging_mixin.py:188} INFO - [2026-07-09T11:13:50.763-0500] {dag.py:3947} INFO - Setting next_dagrun for aerotrack_travel_expirar_reservas to 2026-07-09 16:05:00+00:00, run_after=2026-07-09 16:10:00+00:00
[2026-07-09T11:13:50.777-0500] {processor.py:183} INFO - Processing /opt/airflow/dags/dag_expirar_reservas_pendientes.py took 0.085 seconds
[2026-07-09T11:14:21.155-0500] {processor.py:161} INFO - Started process (PID=29299) to work on /opt/airflow/dags/dag_expirar_reservas_pendientes.py
[2026-07-09T11:14:21.156-0500] {processor.py:830} INFO - Processing file /opt/airflow/dags/dag_expirar_reservas_pendientes.py for tasks to queue
[2026-07-09T11:14:21.157-0500] {logging_mixin.py:188} INFO - [2026-07-09T11:14:21.157-0500] {dagbag.py:545} INFO - Filling up the DagBag from /opt/airflow/dags/dag_expirar_reservas_pendientes.py
[2026-07-09T11:14:21.181-0500] {processor.py:840} INFO - DAG(s) 'aerotrack_travel_expirar_reservas' retrieved from /opt/airflow/dags/dag_expirar_reservas_pendientes.py
[2026-07-09T11:14:21.211-0500] {logging_mixin.py:188} INFO - [2026-07-09T11:14:21.211-0500] {dag.py:3089} INFO - Sync 1 DAGs
[2026-07-09T11:14:21.227-0500] {logging_mixin.py:188} INFO - [2026-07-09T11:14:21.227-0500] {dag.py:3947} INFO - Setting next_dagrun for aerotrack_travel_expirar_reservas to 2026-07-09 16:05:00+00:00, run_after=2026-07-09 16:10:00+00:00
[2026-07-09T11:14:21.241-0500] {processor.py:183} INFO - Processing /opt/airflow/dags/dag_expirar_reservas_pendientes.py took 0.090 seconds
[2026-07-09T11:14:51.594-0500] {processor.py:161} INFO - Started process (PID=29331) to work on /opt/airflow/dags/dag_expirar_reservas_pendientes.py
[2026-07-09T11:14:51.595-0500] {processor.py:830} INFO - Processing file /opt/airflow/dags/dag_expirar_reservas_pendientes.py for tasks to queue
[2026-07-09T11:14:51.596-0500] {logging_mixin.py:188} INFO - [2026-07-09T11:14:51.595-0500] {dagbag.py:545} INFO - Filling up the DagBag from /opt/airflow/dags/dag_expirar_reservas_pendientes.py
[2026-07-09T11:14:51.623-0500] {processor.py:840} INFO - DAG(s) 'aerotrack_travel_expirar_reservas' retrieved from /opt/airflow/dags/dag_expirar_reservas_pendientes.py
[2026-07-09T11:14:51.657-0500] {logging_mixin.py:188} INFO - [2026-07-09T11:14:51.657-0500] {dag.py:3089} INFO - Sync 1 DAGs
[2026-07-09T11:14:51.675-0500] {logging_mixin.py:188} INFO - [2026-07-09T11:14:51.675-0500] {dag.py:3947} INFO - Setting next_dagrun for aerotrack_travel_expirar_reservas to 2026-07-09 16:05:00+00:00, run_after=2026-07-09 16:10:00+00:00
[2026-07-09T11:14:51.696-0500] {processor.py:183} INFO - Processing /opt/airflow/dags/dag_expirar_reservas_pendientes.py took 0.107 seconds
[2026-07-09T11:15:22.050-0500] {processor.py:161} INFO - Started process (PID=29363) to work on /opt/airflow/dags/dag_expirar_reservas_pendientes.py
[2026-07-09T11:15:22.051-0500] {processor.py:830} INFO - Processing file /opt/airflow/dags/dag_expirar_reservas_pendientes.py for tasks to queue
[2026-07-09T11:15:22.052-0500] {logging_mixin.py:188} INFO - [2026-07-09T11:15:22.052-0500] {dagbag.py:545} INFO - Filling up the DagBag from /opt/airflow/dags/dag_expirar_reservas_pendientes.py
[2026-07-09T11:15:22.076-0500] {processor.py:840} INFO - DAG(s) 'aerotrack_travel_expirar_reservas' retrieved from /opt/airflow/dags/dag_expirar_reservas_pendientes.py
[2026-07-09T11:15:22.104-0500] {logging_mixin.py:188} INFO - [2026-07-09T11:15:22.104-0500] {dag.py:3089} INFO - Sync 1 DAGs
[2026-07-09T11:15:22.121-0500] {logging_mixin.py:188} INFO - [2026-07-09T11:15:22.121-0500] {dag.py:3947} INFO - Setting next_dagrun for aerotrack_travel_expirar_reservas to 2026-07-09 16:10:00+00:00, run_after=2026-07-09 16:15:00+00:00
[2026-07-09T11:15:22.138-0500] {processor.py:183} INFO - Processing /opt/airflow/dags/dag_expirar_reservas_pendientes.py took 0.092 seconds
[2026-07-09T11:15:52.492-0500] {processor.py:161} INFO - Started process (PID=29395) to work on /opt/airflow/dags/dag_expirar_reservas_pendientes.py
[2026-07-09T11:15:52.493-0500] {processor.py:830} INFO - Processing file /opt/airflow/dags/dag_expirar_reservas_pendientes.py for tasks to queue
[2026-07-09T11:15:52.494-0500] {logging_mixin.py:188} INFO - [2026-07-09T11:15:52.494-0500] {dagbag.py:545} INFO - Filling up the DagBag from /opt/airflow/dags/dag_expirar_reservas_pendientes.py
[2026-07-09T11:15:52.517-0500] {processor.py:840} INFO - DAG(s) 'aerotrack_travel_expirar_reservas' retrieved from /opt/airflow/dags/dag_expirar_reservas_pendientes.py
[2026-07-09T11:15:52.548-0500] {logging_mixin.py:188} INFO - [2026-07-09T11:15:52.548-0500] {dag.py:3089} INFO - Sync 1 DAGs
[2026-07-09T11:15:52.564-0500] {logging_mixin.py:188} INFO - [2026-07-09T11:15:52.564-0500] {dag.py:3947} INFO - Setting next_dagrun for aerotrack_travel_expirar_reservas to 2026-07-09 16:10:00+00:00, run_after=2026-07-09 16:15:00+00:00
[2026-07-09T11:15:52.580-0500] {processor.py:183} INFO - Processing /opt/airflow/dags/dag_expirar_reservas_pendientes.py took 0.092 seconds
[2026-07-09T11:16:22.917-0500] {processor.py:161} INFO - Started process (PID=29427) to work on /opt/airflow/dags/dag_expirar_reservas_pendientes.py
[2026-07-09T11:16:22.918-0500] {processor.py:830} INFO - Processing file /opt/airflow/dags/dag_expirar_reservas_pendientes.py for tasks to queue
[2026-07-09T11:16:22.919-0500] {logging_mixin.py:188} INFO - [2026-07-09T11:16:22.918-0500] {dagbag.py:545} INFO - Filling up the DagBag from /opt/airflow/dags/dag_expirar_reservas_pendientes.py
[2026-07-09T11:16:22.947-0500] {processor.py:840} INFO - DAG(s) 'aerotrack_travel_expirar_reservas' retrieved from /opt/airflow/dags/dag_expirar_reservas_pendientes.py
[2026-07-09T11:16:22.977-0500] {logging_mixin.py:188} INFO - [2026-07-09T11:16:22.976-0500] {dag.py:3089} INFO - Sync 1 DAGs
[2026-07-09T11:16:22.992-0500] {logging_mixin.py:188} INFO - [2026-07-09T11:16:22.992-0500] {dag.py:3947} INFO - Setting next_dagrun for aerotrack_travel_expirar_reservas to 2026-07-09 16:10:00+00:00, run_after=2026-07-09 16:15:00+00:00
[2026-07-09T11:16:23.008-0500] {processor.py:183} INFO - Processing /opt/airflow/dags/dag_expirar_reservas_pendientes.py took 0.096 seconds
[2026-07-09T11:16:53.911-0500] {processor.py:161} INFO - Started process (PID=29459) to work on /opt/airflow/dags/dag_expirar_reservas_pendientes.py
[2026-07-09T11:16:53.912-0500] {processor.py:830} INFO - Processing file /opt/airflow/dags/dag_expirar_reservas_pendientes.py for tasks to queue
[2026-07-09T11:16:53.913-0500] {logging_mixin.py:188} INFO - [2026-07-09T11:16:53.913-0500] {dagbag.py:545} INFO - Filling up the DagBag from /opt/airflow/dags/dag_expirar_reservas_pendientes.py
[2026-07-09T11:16:53.940-0500] {processor.py:840} INFO - DAG(s) 'aerotrack_travel_expirar_reservas' retrieved from /opt/airflow/dags/dag_expirar_reservas_pendientes.py
[2026-07-09T11:16:53.969-0500] {logging_mixin.py:188} INFO - [2026-07-09T11:16:53.969-0500] {dag.py:3089} INFO - Sync 1 DAGs
[2026-07-09T11:16:53.985-0500] {logging_mixin.py:188} INFO - [2026-07-09T11:16:53.985-0500] {dag.py:3947} INFO - Setting next_dagrun for aerotrack_travel_expirar_reservas to 2026-07-09 16:10:00+00:00, run_after=2026-07-09 16:15:00+00:00
[2026-07-09T11:16:54.003-0500] {processor.py:183} INFO - Processing /opt/airflow/dags/dag_expirar_reservas_pendientes.py took 0.097 seconds
[2026-07-09T11:17:24.307-0500] {processor.py:161} INFO - Started process (PID=29491) to work on /opt/airflow/dags/dag_expirar_reservas_pendientes.py
[2026-07-09T11:17:24.308-0500] {processor.py:830} INFO - Processing file /opt/airflow/dags/dag_expirar_reservas_pendientes.py for tasks to queue
[2026-07-09T11:17:24.309-0500] {logging_mixin.py:188} INFO - [2026-07-09T11:17:24.309-0500] {dagbag.py:545} INFO - Filling up the DagBag from /opt/airflow/dags/dag_expirar_reservas_pendientes.py
[2026-07-09T11:17:24.337-0500] {processor.py:840} INFO - DAG(s) 'aerotrack_travel_expirar_reservas' retrieved from /opt/airflow/dags/dag_expirar_reservas_pendientes.py
[2026-07-09T11:17:24.370-0500] {logging_mixin.py:188} INFO - [2026-07-09T11:17:24.370-0500] {dag.py:3089} INFO - Sync 1 DAGs
[2026-07-09T11:17:24.388-0500] {logging_mixin.py:188} INFO - [2026-07-09T11:17:24.388-0500] {dag.py:3947} INFO - Setting next_dagrun for aerotrack_travel_expirar_reservas to 2026-07-09 16:10:00+00:00, run_after=2026-07-09 16:15:00+00:00
[2026-07-09T11:17:24.407-0500] {processor.py:183} INFO - Processing /opt/airflow/dags/dag_expirar_reservas_pendientes.py took 0.105 seconds
[2026-07-09T11:17:54.705-0500] {processor.py:161} INFO - Started process (PID=29523) to work on /opt/airflow/dags/dag_expirar_reservas_pendientes.py
[2026-07-09T11:17:54.706-0500] {processor.py:830} INFO - Processing file /opt/airflow/dags/dag_expirar_reservas_pendientes.py for tasks to queue
[2026-07-09T11:17:54.707-0500] {logging_mixin.py:188} INFO - [2026-07-09T11:17:54.707-0500] {dagbag.py:545} INFO - Filling up the DagBag from /opt/airflow/dags/dag_expirar_reservas_pendientes.py
[2026-07-09T11:17:54.731-0500] {processor.py:840} INFO - DAG(s) 'aerotrack_travel_expirar_reservas' retrieved from /opt/airflow/dags/dag_expirar_reservas_pendientes.py
[2026-07-09T11:17:54.758-0500] {logging_mixin.py:188} INFO - [2026-07-09T11:17:54.758-0500] {dag.py:3089} INFO - Sync 1 DAGs
[2026-07-09T11:17:54.773-0500] {logging_mixin.py:188} INFO - [2026-07-09T11:17:54.773-0500] {dag.py:3947} INFO - Setting next_dagrun for aerotrack_travel_expirar_reservas to 2026-07-09 16:10:00+00:00, run_after=2026-07-09 16:15:00+00:00
[2026-07-09T11:17:54.787-0500] {processor.py:183} INFO - Processing /opt/airflow/dags/dag_expirar_reservas_pendientes.py took 0.086 seconds
[2026-07-09T11:18:25.692-0500] {processor.py:161} INFO - Started process (PID=29555) to work on /opt/airflow/dags/dag_expirar_reservas_pendientes.py
[2026-07-09T11:18:25.693-0500] {processor.py:830} INFO - Processing file /opt/airflow/dags/dag_expirar_reservas_pendientes.py for tasks to queue
[2026-07-09T11:18:25.694-0500] {logging_mixin.py:188} INFO - [2026-07-09T11:18:25.693-0500] {dagbag.py:545} INFO - Filling up the DagBag from /opt/airflow/dags/dag_expirar_reservas_pendientes.py
[2026-07-09T11:18:25.718-0500] {processor.py:840} INFO - DAG(s) 'aerotrack_travel_expirar_reservas' retrieved from /opt/airflow/dags/dag_expirar_reservas_pendientes.py
[2026-07-09T11:18:25.746-0500] {logging_mixin.py:188} INFO - [2026-07-09T11:18:25.746-0500] {dag.py:3089} INFO - Sync 1 DAGs
[2026-07-09T11:18:25.762-0500] {logging_mixin.py:188} INFO - [2026-07-09T11:18:25.762-0500] {dag.py:3947} INFO - Setting next_dagrun for aerotrack_travel_expirar_reservas to 2026-07-09 16:10:00+00:00, run_after=2026-07-09 16:15:00+00:00
[2026-07-09T11:18:25.778-0500] {processor.py:183} INFO - Processing /opt/airflow/dags/dag_expirar_reservas_pendientes.py took 0.090 seconds
[2026-07-09T11:18:56.116-0500] {processor.py:161} INFO - Started process (PID=29587) to work on /opt/airflow/dags/dag_expirar_reservas_pendientes.py
[2026-07-09T11:18:56.117-0500] {processor.py:830} INFO - Processing file /opt/airflow/dags/dag_expirar_reservas_pendientes.py for tasks to queue
[2026-07-09T11:18:56.118-0500] {logging_mixin.py:188} INFO - [2026-07-09T11:18:56.118-0500] {dagbag.py:545} INFO - Filling up the DagBag from /opt/airflow/dags/dag_expirar_reservas_pendientes.py
[2026-07-09T11:18:56.142-0500] {processor.py:840} INFO - DAG(s) 'aerotrack_travel_expirar_reservas' retrieved from /opt/airflow/dags/dag_expirar_reservas_pendientes.py
[2026-07-09T11:18:56.170-0500] {logging_mixin.py:188} INFO - [2026-07-09T11:18:56.169-0500] {dag.py:3089} INFO - Sync 1 DAGs
[2026-07-09T11:18:56.185-0500] {logging_mixin.py:188} INFO - [2026-07-09T11:18:56.185-0500] {dag.py:3947} INFO - Setting next_dagrun for aerotrack_travel_expirar_reservas to 2026-07-09 16:10:00+00:00, run_after=2026-07-09 16:15:00+00:00
[2026-07-09T11:18:56.202-0500] {processor.py:183} INFO - Processing /opt/airflow/dags/dag_expirar_reservas_pendientes.py took 0.090 seconds
[2026-07-09T11:19:26.476-0500] {processor.py:161} INFO - Started process (PID=29607) to work on /opt/airflow/dags/dag_expirar_reservas_pendientes.py
[2026-07-09T11:19:26.476-0500] {processor.py:830} INFO - Processing file /opt/airflow/dags/dag_expirar_reservas_pendientes.py for tasks to queue
[2026-07-09T11:19:26.477-0500] {logging_mixin.py:188} INFO - [2026-07-09T11:19:26.477-0500] {dagbag.py:545} INFO - Filling up the DagBag from /opt/airflow/dags/dag_expirar_reservas_pendientes.py
[2026-07-09T11:19:26.500-0500] {processor.py:840} INFO - DAG(s) 'aerotrack_travel_expirar_reservas' retrieved from /opt/airflow/dags/dag_expirar_reservas_pendientes.py
[2026-07-09T11:19:26.530-0500] {logging_mixin.py:188} INFO - [2026-07-09T11:19:26.530-0500] {dag.py:3089} INFO - Sync 1 DAGs
[2026-07-09T11:19:26.545-0500] {logging_mixin.py:188} INFO - [2026-07-09T11:19:26.545-0500] {dag.py:3947} INFO - Setting next_dagrun for aerotrack_travel_expirar_reservas to 2026-07-09 16:10:00+00:00, run_after=2026-07-09 16:15:00+00:00
[2026-07-09T11:19:26.563-0500] {processor.py:183} INFO - Processing /opt/airflow/dags/dag_expirar_reservas_pendientes.py took 0.092 seconds
[2026-07-09T11:19:57.057-0500] {processor.py:161} INFO - Started process (PID=29639) to work on /opt/airflow/dags/dag_expirar_reservas_pendientes.py
[2026-07-09T11:19:57.058-0500] {processor.py:830} INFO - Processing file /opt/airflow/dags/dag_expirar_reservas_pendientes.py for tasks to queue
[2026-07-09T11:19:57.059-0500] {logging_mixin.py:188} INFO - [2026-07-09T11:19:57.059-0500] {dagbag.py:545} INFO - Filling up the DagBag from /opt/airflow/dags/dag_expirar_reservas_pendientes.py
[2026-07-09T11:19:57.081-0500] {processor.py:840} INFO - DAG(s) 'aerotrack_travel_expirar_reservas' retrieved from /opt/airflow/dags/dag_expirar_reservas_pendientes.py
[2026-07-09T11:19:57.107-0500] {logging_mixin.py:188} INFO - [2026-07-09T11:19:57.107-0500] {dag.py:3089} INFO - Sync 1 DAGs
[2026-07-09T11:19:57.124-0500] {logging_mixin.py:188} INFO - [2026-07-09T11:19:57.123-0500] {dag.py:3947} INFO - Setting next_dagrun for aerotrack_travel_expirar_reservas to 2026-07-09 16:10:00+00:00, run_after=2026-07-09 16:15:00+00:00
[2026-07-09T11:19:57.139-0500] {processor.py:183} INFO - Processing /opt/airflow/dags/dag_expirar_reservas_pendientes.py took 0.087 seconds
[2026-07-09T11:20:27.534-0500] {processor.py:161} INFO - Started process (PID=29671) to work on /opt/airflow/dags/dag_expirar_reservas_pendientes.py
[2026-07-09T11:20:27.535-0500] {processor.py:830} INFO - Processing file /opt/airflow/dags/dag_expirar_reservas_pendientes.py for tasks to queue
[2026-07-09T11:20:27.535-0500] {logging_mixin.py:188} INFO - [2026-07-09T11:20:27.535-0500] {dagbag.py:545} INFO - Filling up the DagBag from /opt/airflow/dags/dag_expirar_reservas_pendientes.py
[2026-07-09T11:20:27.556-0500] {processor.py:840} INFO - DAG(s) 'aerotrack_travel_expirar_reservas' retrieved from /opt/airflow/dags/dag_expirar_reservas_pendientes.py
[2026-07-09T11:20:27.583-0500] {logging_mixin.py:188} INFO - [2026-07-09T11:20:27.583-0500] {dag.py:3089} INFO - Sync 1 DAGs
[2026-07-09T11:20:27.598-0500] {logging_mixin.py:188} INFO - [2026-07-09T11:20:27.598-0500] {dag.py:3947} INFO - Setting next_dagrun for aerotrack_travel_expirar_reservas to 2026-07-09 16:15:00+00:00, run_after=2026-07-09 16:20:00+00:00
[2026-07-09T11:20:27.614-0500] {processor.py:183} INFO - Processing /opt/airflow/dags/dag_expirar_reservas_pendientes.py took 0.084 seconds
[2026-07-09T11:20:57.698-0500] {processor.py:161} INFO - Started process (PID=29703) to work on /opt/airflow/dags/dag_expirar_reservas_pendientes.py
[2026-07-09T11:20:57.698-0500] {processor.py:830} INFO - Processing file /opt/airflow/dags/dag_expirar_reservas_pendientes.py for tasks to queue
[2026-07-09T11:20:57.699-0500] {logging_mixin.py:188} INFO - [2026-07-09T11:20:57.699-0500] {dagbag.py:545} INFO - Filling up the DagBag from /opt/airflow/dags/dag_expirar_reservas_pendientes.py
[2026-07-09T11:20:57.724-0500] {processor.py:840} INFO - DAG(s) 'aerotrack_travel_expirar_reservas' retrieved from /opt/airflow/dags/dag_expirar_reservas_pendientes.py
[2026-07-09T11:20:57.752-0500] {logging_mixin.py:188} INFO - [2026-07-09T11:20:57.752-0500] {dag.py:3089} INFO - Sync 1 DAGs
[2026-07-09T11:20:57.769-0500] {logging_mixin.py:188} INFO - [2026-07-09T11:20:57.769-0500] {dag.py:3947} INFO - Setting next_dagrun for aerotrack_travel_expirar_reservas to 2026-07-09 16:15:00+00:00, run_after=2026-07-09 16:20:00+00:00
[2026-07-09T11:20:57.787-0500] {processor.py:183} INFO - Processing /opt/airflow/dags/dag_expirar_reservas_pendientes.py took 0.094 seconds
[2026-07-09T11:21:28.053-0500] {processor.py:161} INFO - Started process (PID=29735) to work on /opt/airflow/dags/dag_expirar_reservas_pendientes.py
[2026-07-09T11:21:28.053-0500] {processor.py:830} INFO - Processing file /opt/airflow/dags/dag_expirar_reservas_pendientes.py for tasks to queue
[2026-07-09T11:21:28.054-0500] {logging_mixin.py:188} INFO - [2026-07-09T11:21:28.054-0500] {dagbag.py:545} INFO - Filling up the DagBag from /opt/airflow/dags/dag_expirar_reservas_pendientes.py
[2026-07-09T11:21:28.076-0500] {processor.py:840} INFO - DAG(s) 'aerotrack_travel_expirar_reservas' retrieved from /opt/airflow/dags/dag_expirar_reservas_pendientes.py
[2026-07-09T11:21:28.103-0500] {logging_mixin.py:188} INFO - [2026-07-09T11:21:28.102-0500] {dag.py:3089} INFO - Sync 1 DAGs
[2026-07-09T11:21:28.119-0500] {logging_mixin.py:188} INFO - [2026-07-09T11:21:28.119-0500] {dag.py:3947} INFO - Setting next_dagrun for aerotrack_travel_expirar_reservas to 2026-07-09 16:15:00+00:00, run_after=2026-07-09 16:20:00+00:00
[2026-07-09T11:21:28.136-0500] {processor.py:183} INFO - Processing /opt/airflow/dags/dag_expirar_reservas_pendientes.py took 0.087 seconds
[2026-07-09T11:21:58.396-0500] {processor.py:161} INFO - Started process (PID=29767) to work on /opt/airflow/dags/dag_expirar_reservas_pendientes.py
[2026-07-09T11:21:58.396-0500] {processor.py:830} INFO - Processing file /opt/airflow/dags/dag_expirar_reservas_pendientes.py for tasks to queue
[2026-07-09T11:21:58.397-0500] {logging_mixin.py:188} INFO - [2026-07-09T11:21:58.397-0500] {dagbag.py:545} INFO - Filling up the DagBag from /opt/airflow/dags/dag_expirar_reservas_pendientes.py
[2026-07-09T11:21:58.421-0500] {processor.py:840} INFO - DAG(s) 'aerotrack_travel_expirar_reservas' retrieved from /opt/airflow/dags/dag_expirar_reservas_pendientes.py
[2026-07-09T11:21:58.454-0500] {logging_mixin.py:188} INFO - [2026-07-09T11:21:58.453-0500] {dag.py:3089} INFO - Sync 1 DAGs
[2026-07-09T11:21:58.471-0500] {logging_mixin.py:188} INFO - [2026-07-09T11:21:58.470-0500] {dag.py:3947} INFO - Setting next_dagrun for aerotrack_travel_expirar_reservas to 2026-07-09 16:15:00+00:00, run_after=2026-07-09 16:20:00+00:00
[2026-07-09T11:21:58.487-0500] {processor.py:183} INFO - Processing /opt/airflow/dags/dag_expirar_reservas_pendientes.py took 0.096 seconds
[2026-07-09T11:22:28.749-0500] {processor.py:161} INFO - Started process (PID=29799) to work on /opt/airflow/dags/dag_expirar_reservas_pendientes.py
[2026-07-09T11:22:28.750-0500] {processor.py:830} INFO - Processing file /opt/airflow/dags/dag_expirar_reservas_pendientes.py for tasks to queue
[2026-07-09T11:22:28.750-0500] {logging_mixin.py:188} INFO - [2026-07-09T11:22:28.750-0500] {dagbag.py:545} INFO - Filling up the DagBag from /opt/airflow/dags/dag_expirar_reservas_pendientes.py
[2026-07-09T11:22:28.774-0500] {processor.py:840} INFO - DAG(s) 'aerotrack_travel_expirar_reservas' retrieved from /opt/airflow/dags/dag_expirar_reservas_pendientes.py
[2026-07-09T11:22:28.801-0500] {logging_mixin.py:188} INFO - [2026-07-09T11:22:28.801-0500] {dag.py:3089} INFO - Sync 1 DAGs
[2026-07-09T11:22:28.818-0500] {logging_mixin.py:188} INFO - [2026-07-09T11:22:28.818-0500] {dag.py:3947} INFO - Setting next_dagrun for aerotrack_travel_expirar_reservas to 2026-07-09 16:15:00+00:00, run_after=2026-07-09 16:20:00+00:00
[2026-07-09T11:22:28.835-0500] {processor.py:183} INFO - Processing /opt/airflow/dags/dag_expirar_reservas_pendientes.py took 0.091 seconds
[2026-07-09T11:22:59.708-0500] {processor.py:161} INFO - Started process (PID=29831) to work on /opt/airflow/dags/dag_expirar_reservas_pendientes.py
[2026-07-09T11:22:59.708-0500] {processor.py:830} INFO - Processing file /opt/airflow/dags/dag_expirar_reservas_pendientes.py for tasks to queue
[2026-07-09T11:22:59.709-0500] {logging_mixin.py:188} INFO - [2026-07-09T11:22:59.709-0500] {dagbag.py:545} INFO - Filling up the DagBag from /opt/airflow/dags/dag_expirar_reservas_pendientes.py
[2026-07-09T11:22:59.732-0500] {processor.py:840} INFO - DAG(s) 'aerotrack_travel_expirar_reservas' retrieved from /opt/airflow/dags/dag_expirar_reservas_pendientes.py
[2026-07-09T11:22:59.759-0500] {logging_mixin.py:188} INFO - [2026-07-09T11:22:59.759-0500] {dag.py:3089} INFO - Sync 1 DAGs
[2026-07-09T11:22:59.778-0500] {logging_mixin.py:188} INFO - [2026-07-09T11:22:59.778-0500] {dag.py:3947} INFO - Setting next_dagrun for aerotrack_travel_expirar_reservas to 2026-07-09 16:15:00+00:00, run_after=2026-07-09 16:20:00+00:00
[2026-07-09T11:22:59.795-0500] {processor.py:183} INFO - Processing /opt/airflow/dags/dag_expirar_reservas_pendientes.py took 0.092 seconds
[2026-07-09T11:23:30.088-0500] {processor.py:161} INFO - Started process (PID=29863) to work on /opt/airflow/dags/dag_expirar_reservas_pendientes.py
[2026-07-09T11:23:30.089-0500] {processor.py:830} INFO - Processing file /opt/airflow/dags/dag_expirar_reservas_pendientes.py for tasks to queue
[2026-07-09T11:23:30.090-0500] {logging_mixin.py:188} INFO - [2026-07-09T11:23:30.089-0500] {dagbag.py:545} INFO - Filling up the DagBag from /opt/airflow/dags/dag_expirar_reservas_pendientes.py
[2026-07-09T11:23:30.112-0500] {processor.py:840} INFO - DAG(s) 'aerotrack_travel_expirar_reservas' retrieved from /opt/airflow/dags/dag_expirar_reservas_pendientes.py
[2026-07-09T11:23:30.139-0500] {logging_mixin.py:188} INFO - [2026-07-09T11:23:30.139-0500] {dag.py:3089} INFO - Sync 1 DAGs
[2026-07-09T11:23:30.156-0500] {logging_mixin.py:188} INFO - [2026-07-09T11:23:30.156-0500] {dag.py:3947} INFO - Setting next_dagrun for aerotrack_travel_expirar_reservas to 2026-07-09 16:15:00+00:00, run_after=2026-07-09 16:20:00+00:00
[2026-07-09T11:23:30.172-0500] {processor.py:183} INFO - Processing /opt/airflow/dags/dag_expirar_reservas_pendientes.py took 0.088 seconds
[2026-07-09T11:24:00.448-0500] {processor.py:161} INFO - Started process (PID=29895) to work on /opt/airflow/dags/dag_expirar_reservas_pendientes.py
[2026-07-09T11:24:00.449-0500] {processor.py:830} INFO - Processing file /opt/airflow/dags/dag_expirar_reservas_pendientes.py for tasks to queue
[2026-07-09T11:24:00.449-0500] {logging_mixin.py:188} INFO - [2026-07-09T11:24:00.449-0500] {dagbag.py:545} INFO - Filling up the DagBag from /opt/airflow/dags/dag_expirar_reservas_pendientes.py
[2026-07-09T11:24:00.472-0500] {processor.py:840} INFO - DAG(s) 'aerotrack_travel_expirar_reservas' retrieved from /opt/airflow/dags/dag_expirar_reservas_pendientes.py
[2026-07-09T11:24:00.501-0500] {logging_mixin.py:188} INFO - [2026-07-09T11:24:00.501-0500] {dag.py:3089} INFO - Sync 1 DAGs
[2026-07-09T11:24:00.517-0500] {logging_mixin.py:188} INFO - [2026-07-09T11:24:00.517-0500] {dag.py:3947} INFO - Setting next_dagrun for aerotrack_travel_expirar_reservas to 2026-07-09 16:15:00+00:00, run_after=2026-07-09 16:20:00+00:00
[2026-07-09T11:24:00.531-0500] {processor.py:183} INFO - Processing /opt/airflow/dags/dag_expirar_reservas_pendientes.py took 0.089 seconds
[2026-07-09T11:24:31.378-0500] {processor.py:161} INFO - Started process (PID=29927) to work on /opt/airflow/dags/dag_expirar_reservas_pendientes.py
[2026-07-09T11:24:31.379-0500] {processor.py:830} INFO - Processing file /opt/airflow/dags/dag_expirar_reservas_pendientes.py for tasks to queue
[2026-07-09T11:24:31.380-0500] {logging_mixin.py:188} INFO - [2026-07-09T11:24:31.380-0500] {dagbag.py:545} INFO - Filling up the DagBag from /opt/airflow/dags/dag_expirar_reservas_pendientes.py
[2026-07-09T11:24:31.405-0500] {processor.py:840} INFO - DAG(s) 'aerotrack_travel_expirar_reservas' retrieved from /opt/airflow/dags/dag_expirar_reservas_pendientes.py
[2026-07-09T11:24:31.435-0500] {logging_mixin.py:188} INFO - [2026-07-09T11:24:31.435-0500] {dag.py:3089} INFO - Sync 1 DAGs
[2026-07-09T11:24:31.451-0500] {logging_mixin.py:188} INFO - [2026-07-09T11:24:31.450-0500] {dag.py:3947} INFO - Setting next_dagrun for aerotrack_travel_expirar_reservas to 2026-07-09 16:15:00+00:00, run_after=2026-07-09 16:20:00+00:00
[2026-07-09T11:24:31.465-0500] {processor.py:183} INFO - Processing /opt/airflow/dags/dag_expirar_reservas_pendientes.py took 0.092 seconds
[2026-07-09T11:25:01.890-0500] {processor.py:161} INFO - Started process (PID=29959) to work on /opt/airflow/dags/dag_expirar_reservas_pendientes.py
[2026-07-09T11:25:01.891-0500] {processor.py:830} INFO - Processing file /opt/airflow/dags/dag_expirar_reservas_pendientes.py for tasks to queue
[2026-07-09T11:25:01.892-0500] {logging_mixin.py:188} INFO - [2026-07-09T11:25:01.892-0500] {dagbag.py:545} INFO - Filling up the DagBag from /opt/airflow/dags/dag_expirar_reservas_pendientes.py
[2026-07-09T11:25:01.919-0500] {processor.py:840} INFO - DAG(s) 'aerotrack_travel_expirar_reservas' retrieved from /opt/airflow/dags/dag_expirar_reservas_pendientes.py
[2026-07-09T11:25:01.946-0500] {logging_mixin.py:188} INFO - [2026-07-09T11:25:01.945-0500] {dag.py:3089} INFO - Sync 1 DAGs
[2026-07-09T11:25:01.964-0500] {logging_mixin.py:188} INFO - [2026-07-09T11:25:01.964-0500] {dag.py:3947} INFO - Setting next_dagrun for aerotrack_travel_expirar_reservas to 2026-07-09 16:20:00+00:00, run_after=2026-07-09 16:25:00+00:00
[2026-07-09T11:25:01.981-0500] {processor.py:183} INFO - Processing /opt/airflow/dags/dag_expirar_reservas_pendientes.py took 0.096 seconds
[2026-07-09T11:25:32.959-0500] {processor.py:161} INFO - Started process (PID=29991) to work on /opt/airflow/dags/dag_expirar_reservas_pendientes.py
[2026-07-09T11:25:32.960-0500] {processor.py:830} INFO - Processing file /opt/airflow/dags/dag_expirar_reservas_pendientes.py for tasks to queue
[2026-07-09T11:25:32.961-0500] {logging_mixin.py:188} INFO - [2026-07-09T11:25:32.961-0500] {dagbag.py:545} INFO - Filling up the DagBag from /opt/airflow/dags/dag_expirar_reservas_pendientes.py
[2026-07-09T11:25:32.990-0500] {processor.py:840} INFO - DAG(s) 'aerotrack_travel_expirar_reservas' retrieved from /opt/airflow/dags/dag_expirar_reservas_pendientes.py
[2026-07-09T11:25:33.019-0500] {logging_mixin.py:188} INFO - [2026-07-09T11:25:33.018-0500] {dag.py:3089} INFO - Sync 1 DAGs
[2026-07-09T11:25:33.038-0500] {logging_mixin.py:188} INFO - [2026-07-09T11:25:33.038-0500] {dag.py:3947} INFO - Setting next_dagrun for aerotrack_travel_expirar_reservas to 2026-07-09 16:20:00+00:00, run_after=2026-07-09 16:25:00+00:00
[2026-07-09T11:25:33.053-0500] {processor.py:183} INFO - Processing /opt/airflow/dags/dag_expirar_reservas_pendientes.py took 0.099 seconds
[2026-07-09T11:26:03.329-0500] {processor.py:161} INFO - Started process (PID=30023) to work on /opt/airflow/dags/dag_expirar_reservas_pendientes.py
[2026-07-09T11:26:03.330-0500] {processor.py:830} INFO - Processing file /opt/airflow/dags/dag_expirar_reservas_pendientes.py for tasks to queue
[2026-07-09T11:26:03.331-0500] {logging_mixin.py:188} INFO - [2026-07-09T11:26:03.331-0500] {dagbag.py:545} INFO - Filling up the DagBag from /opt/airflow/dags/dag_expirar_reservas_pendientes.py
[2026-07-09T11:26:03.357-0500] {processor.py:840} INFO - DAG(s) 'aerotrack_travel_expirar_reservas' retrieved from /opt/airflow/dags/dag_expirar_reservas_pendientes.py
[2026-07-09T11:26:03.385-0500] {logging_mixin.py:188} INFO - [2026-07-09T11:26:03.385-0500] {dag.py:3089} INFO - Sync 1 DAGs
[2026-07-09T11:26:03.401-0500] {logging_mixin.py:188} INFO - [2026-07-09T11:26:03.401-0500] {dag.py:3947} INFO - Setting next_dagrun for aerotrack_travel_expirar_reservas to 2026-07-09 16:20:00+00:00, run_after=2026-07-09 16:25:00+00:00
[2026-07-09T11:26:03.416-0500] {processor.py:183} INFO - Processing /opt/airflow/dags/dag_expirar_reservas_pendientes.py took 0.091 seconds
[2026-07-09T11:26:34.200-0500] {processor.py:161} INFO - Started process (PID=30055) to work on /opt/airflow/dags/dag_expirar_reservas_pendientes.py
[2026-07-09T11:26:34.201-0500] {processor.py:830} INFO - Processing file /opt/airflow/dags/dag_expirar_reservas_pendientes.py for tasks to queue
[2026-07-09T11:26:34.202-0500] {logging_mixin.py:188} INFO - [2026-07-09T11:26:34.201-0500] {dagbag.py:545} INFO - Filling up the DagBag from /opt/airflow/dags/dag_expirar_reservas_pendientes.py
[2026-07-09T11:26:34.223-0500] {processor.py:840} INFO - DAG(s) 'aerotrack_travel_expirar_reservas' retrieved from /opt/airflow/dags/dag_expirar_reservas_pendientes.py
[2026-07-09T11:26:34.251-0500] {logging_mixin.py:188} INFO - [2026-07-09T11:26:34.251-0500] {dag.py:3089} INFO - Sync 1 DAGs
[2026-07-09T11:26:34.266-0500] {logging_mixin.py:188} INFO - [2026-07-09T11:26:34.266-0500] {dag.py:3947} INFO - Setting next_dagrun for aerotrack_travel_expirar_reservas to 2026-07-09 16:20:00+00:00, run_after=2026-07-09 16:25:00+00:00
[2026-07-09T11:26:34.281-0500] {processor.py:183} INFO - Processing /opt/airflow/dags/dag_expirar_reservas_pendientes.py took 0.085 seconds
[2026-07-09T11:27:05.105-0500] {processor.py:161} INFO - Started process (PID=30087) to work on /opt/airflow/dags/dag_expirar_reservas_pendientes.py
[2026-07-09T11:27:05.106-0500] {processor.py:830} INFO - Processing file /opt/airflow/dags/dag_expirar_reservas_pendientes.py for tasks to queue
[2026-07-09T11:27:05.107-0500] {logging_mixin.py:188} INFO - [2026-07-09T11:27:05.107-0500] {dagbag.py:545} INFO - Filling up the DagBag from /opt/airflow/dags/dag_expirar_reservas_pendientes.py
[2026-07-09T11:27:05.135-0500] {processor.py:840} INFO - DAG(s) 'aerotrack_travel_expirar_reservas' retrieved from /opt/airflow/dags/dag_expirar_reservas_pendientes.py
[2026-07-09T11:27:05.167-0500] {logging_mixin.py:188} INFO - [2026-07-09T11:27:05.167-0500] {dag.py:3089} INFO - Sync 1 DAGs
[2026-07-09T11:27:05.187-0500] {logging_mixin.py:188} INFO - [2026-07-09T11:27:05.187-0500] {dag.py:3947} INFO - Setting next_dagrun for aerotrack_travel_expirar_reservas to 2026-07-09 16:20:00+00:00, run_after=2026-07-09 16:25:00+00:00
[2026-07-09T11:27:05.209-0500] {processor.py:183} INFO - Processing /opt/airflow/dags/dag_expirar_reservas_pendientes.py took 0.109 seconds
[2026-07-09T11:27:36.015-0500] {processor.py:161} INFO - Started process (PID=30119) to work on /opt/airflow/dags/dag_expirar_reservas_pendientes.py
[2026-07-09T11:27:36.016-0500] {processor.py:830} INFO - Processing file /opt/airflow/dags/dag_expirar_reservas_pendientes.py for tasks to queue
[2026-07-09T11:27:36.017-0500] {logging_mixin.py:188} INFO - [2026-07-09T11:27:36.016-0500] {dagbag.py:545} INFO - Filling up the DagBag from /opt/airflow/dags/dag_expirar_reservas_pendientes.py
[2026-07-09T11:27:36.043-0500] {processor.py:840} INFO - DAG(s) 'aerotrack_travel_expirar_reservas' retrieved from /opt/airflow/dags/dag_expirar_reservas_pendientes.py
[2026-07-09T11:27:36.070-0500] {logging_mixin.py:188} INFO - [2026-07-09T11:27:36.070-0500] {dag.py:3089} INFO - Sync 1 DAGs
[2026-07-09T11:27:36.086-0500] {logging_mixin.py:188} INFO - [2026-07-09T11:27:36.086-0500] {dag.py:3947} INFO - Setting next_dagrun for aerotrack_travel_expirar_reservas to 2026-07-09 16:20:00+00:00, run_after=2026-07-09 16:25:00+00:00
[2026-07-09T11:27:36.099-0500] {processor.py:183} INFO - Processing /opt/airflow/dags/dag_expirar_reservas_pendientes.py took 0.089 seconds
[2026-07-09T11:28:06.923-0500] {processor.py:161} INFO - Started process (PID=30151) to work on /opt/airflow/dags/dag_expirar_reservas_pendientes.py
[2026-07-09T11:28:06.924-0500] {processor.py:830} INFO - Processing file /opt/airflow/dags/dag_expirar_reservas_pendientes.py for tasks to queue
[2026-07-09T11:28:06.925-0500] {logging_mixin.py:188} INFO - [2026-07-09T11:28:06.925-0500] {dagbag.py:545} INFO - Filling up the DagBag from /opt/airflow/dags/dag_expirar_reservas_pendientes.py
[2026-07-09T11:28:06.970-0500] {processor.py:840} INFO - DAG(s) 'aerotrack_travel_expirar_reservas' retrieved from /opt/airflow/dags/dag_expirar_reservas_pendientes.py
[2026-07-09T11:28:07.010-0500] {logging_mixin.py:188} INFO - [2026-07-09T11:28:07.010-0500] {dag.py:3089} INFO - Sync 1 DAGs
[2026-07-09T11:28:07.030-0500] {logging_mixin.py:188} INFO - [2026-07-09T11:28:07.030-0500] {dag.py:3947} INFO - Setting next_dagrun for aerotrack_travel_expirar_reservas to 2026-07-09 16:20:00+00:00, run_after=2026-07-09 16:25:00+00:00
[2026-07-09T11:28:07.050-0500] {processor.py:183} INFO - Processing /opt/airflow/dags/dag_expirar_reservas_pendientes.py took 0.134 seconds
[2026-07-09T11:28:37.099-0500] {processor.py:161} INFO - Started process (PID=30183) to work on /opt/airflow/dags/dag_expirar_reservas_pendientes.py
[2026-07-09T11:28:37.100-0500] {processor.py:830} INFO - Processing file /opt/airflow/dags/dag_expirar_reservas_pendientes.py for tasks to queue
[2026-07-09T11:28:37.101-0500] {logging_mixin.py:188} INFO - [2026-07-09T11:28:37.101-0500] {dagbag.py:545} INFO - Filling up the DagBag from /opt/airflow/dags/dag_expirar_reservas_pendientes.py
[2026-07-09T11:28:37.125-0500] {processor.py:840} INFO - DAG(s) 'aerotrack_travel_expirar_reservas' retrieved from /opt/airflow/dags/dag_expirar_reservas_pendientes.py
[2026-07-09T11:28:37.152-0500] {logging_mixin.py:188} INFO - [2026-07-09T11:28:37.152-0500] {dag.py:3089} INFO - Sync 1 DAGs
[2026-07-09T11:28:37.167-0500] {logging_mixin.py:188} INFO - [2026-07-09T11:28:37.167-0500] {dag.py:3947} INFO - Setting next_dagrun for aerotrack_travel_expirar_reservas to 2026-07-09 16:20:00+00:00, run_after=2026-07-09 16:25:00+00:00
[2026-07-09T11:28:37.183-0500] {processor.py:183} INFO - Processing /opt/airflow/dags/dag_expirar_reservas_pendientes.py took 0.089 seconds
[2026-07-09T11:29:08.158-0500] {processor.py:161} INFO - Started process (PID=30215) to work on /opt/airflow/dags/dag_expirar_reservas_pendientes.py
[2026-07-09T11:29:08.158-0500] {processor.py:830} INFO - Processing file /opt/airflow/dags/dag_expirar_reservas_pendientes.py for tasks to queue
[2026-07-09T11:29:08.159-0500] {logging_mixin.py:188} INFO - [2026-07-09T11:29:08.159-0500] {dagbag.py:545} INFO - Filling up the DagBag from /opt/airflow/dags/dag_expirar_reservas_pendientes.py
[2026-07-09T11:29:08.182-0500] {processor.py:840} INFO - DAG(s) 'aerotrack_travel_expirar_reservas' retrieved from /opt/airflow/dags/dag_expirar_reservas_pendientes.py
[2026-07-09T11:29:08.208-0500] {logging_mixin.py:188} INFO - [2026-07-09T11:29:08.208-0500] {dag.py:3089} INFO - Sync 1 DAGs
[2026-07-09T11:29:08.225-0500] {logging_mixin.py:188} INFO - [2026-07-09T11:29:08.225-0500] {dag.py:3947} INFO - Setting next_dagrun for aerotrack_travel_expirar_reservas to 2026-07-09 16:20:00+00:00, run_after=2026-07-09 16:25:00+00:00
[2026-07-09T11:29:08.241-0500] {processor.py:183} INFO - Processing /opt/airflow/dags/dag_expirar_reservas_pendientes.py took 0.088 seconds
[2026-07-09T11:29:38.285-0500] {processor.py:161} INFO - Started process (PID=30247) to work on /opt/airflow/dags/dag_expirar_reservas_pendientes.py
[2026-07-09T11:29:38.286-0500] {processor.py:830} INFO - Processing file /opt/airflow/dags/dag_expirar_reservas_pendientes.py for tasks to queue
[2026-07-09T11:29:38.287-0500] {logging_mixin.py:188} INFO - [2026-07-09T11:29:38.286-0500] {dagbag.py:545} INFO - Filling up the DagBag from /opt/airflow/dags/dag_expirar_reservas_pendientes.py
[2026-07-09T11:29:38.324-0500] {processor.py:840} INFO - DAG(s) 'aerotrack_travel_expirar_reservas' retrieved from /opt/airflow/dags/dag_expirar_reservas_pendientes.py
[2026-07-09T11:29:38.355-0500] {logging_mixin.py:188} INFO - [2026-07-09T11:29:38.354-0500] {dag.py:3089} INFO - Sync 1 DAGs
[2026-07-09T11:29:38.371-0500] {logging_mixin.py:188} INFO - [2026-07-09T11:29:38.371-0500] {dag.py:3947} INFO - Setting next_dagrun for aerotrack_travel_expirar_reservas to 2026-07-09 16:20:00+00:00, run_after=2026-07-09 16:25:00+00:00
[2026-07-09T11:29:38.386-0500] {processor.py:183} INFO - Processing /opt/airflow/dags/dag_expirar_reservas_pendientes.py took 0.107 seconds
[2026-07-09T11:30:08.664-0500] {processor.py:161} INFO - Started process (PID=30279) to work on /opt/airflow/dags/dag_expirar_reservas_pendientes.py
[2026-07-09T11:30:08.665-0500] {processor.py:830} INFO - Processing file /opt/airflow/dags/dag_expirar_reservas_pendientes.py for tasks to queue
[2026-07-09T11:30:08.666-0500] {logging_mixin.py:188} INFO - [2026-07-09T11:30:08.666-0500] {dagbag.py:545} INFO - Filling up the DagBag from /opt/airflow/dags/dag_expirar_reservas_pendientes.py
[2026-07-09T11:30:08.691-0500] {processor.py:840} INFO - DAG(s) 'aerotrack_travel_expirar_reservas' retrieved from /opt/airflow/dags/dag_expirar_reservas_pendientes.py
[2026-07-09T11:30:08.722-0500] {logging_mixin.py:188} INFO - [2026-07-09T11:30:08.721-0500] {dag.py:3089} INFO - Sync 1 DAGs
[2026-07-09T11:30:08.742-0500] {logging_mixin.py:188} INFO - [2026-07-09T11:30:08.742-0500] {dag.py:3947} INFO - Setting next_dagrun for aerotrack_travel_expirar_reservas to 2026-07-09 16:25:00+00:00, run_after=2026-07-09 16:30:00+00:00
[2026-07-09T11:30:08.760-0500] {processor.py:183} INFO - Processing /opt/airflow/dags/dag_expirar_reservas_pendientes.py took 0.100 seconds
[2026-07-09T11:30:38.820-0500] {processor.py:161} INFO - Started process (PID=30311) to work on /opt/airflow/dags/dag_expirar_reservas_pendientes.py
[2026-07-09T11:30:38.820-0500] {processor.py:830} INFO - Processing file /opt/airflow/dags/dag_expirar_reservas_pendientes.py for tasks to queue
[2026-07-09T11:30:38.821-0500] {logging_mixin.py:188} INFO - [2026-07-09T11:30:38.821-0500] {dagbag.py:545} INFO - Filling up the DagBag from /opt/airflow/dags/dag_expirar_reservas_pendientes.py
[2026-07-09T11:30:38.846-0500] {processor.py:840} INFO - DAG(s) 'aerotrack_travel_expirar_reservas' retrieved from /opt/airflow/dags/dag_expirar_reservas_pendientes.py
[2026-07-09T11:30:38.876-0500] {logging_mixin.py:188} INFO - [2026-07-09T11:30:38.875-0500] {dag.py:3089} INFO - Sync 1 DAGs
[2026-07-09T11:30:38.893-0500] {logging_mixin.py:188} INFO - [2026-07-09T11:30:38.893-0500] {dag.py:3947} INFO - Setting next_dagrun for aerotrack_travel_expirar_reservas to 2026-07-09 16:25:00+00:00, run_after=2026-07-09 16:30:00+00:00
[2026-07-09T11:30:38.910-0500] {processor.py:183} INFO - Processing /opt/airflow/dags/dag_expirar_reservas_pendientes.py took 0.095 seconds
[2026-07-09T11:31:09.007-0500] {processor.py:161} INFO - Started process (PID=30343) to work on /opt/airflow/dags/dag_expirar_reservas_pendientes.py
[2026-07-09T11:31:09.009-0500] {processor.py:830} INFO - Processing file /opt/airflow/dags/dag_expirar_reservas_pendientes.py for tasks to queue
[2026-07-09T11:31:09.010-0500] {logging_mixin.py:188} INFO - [2026-07-09T11:31:09.009-0500] {dagbag.py:545} INFO - Filling up the DagBag from /opt/airflow/dags/dag_expirar_reservas_pendientes.py
[2026-07-09T11:31:09.045-0500] {processor.py:840} INFO - DAG(s) 'aerotrack_travel_expirar_reservas' retrieved from /opt/airflow/dags/dag_expirar_reservas_pendientes.py
[2026-07-09T11:31:09.076-0500] {logging_mixin.py:188} INFO - [2026-07-09T11:31:09.076-0500] {dag.py:3089} INFO - Sync 1 DAGs
[2026-07-09T11:31:09.095-0500] {logging_mixin.py:188} INFO - [2026-07-09T11:31:09.094-0500] {dag.py:3947} INFO - Setting next_dagrun for aerotrack_travel_expirar_reservas to 2026-07-09 16:25:00+00:00, run_after=2026-07-09 16:30:00+00:00
[2026-07-09T11:31:09.116-0500] {processor.py:183} INFO - Processing /opt/airflow/dags/dag_expirar_reservas_pendientes.py took 0.114 seconds
[2026-07-09T11:31:40.122-0500] {processor.py:161} INFO - Started process (PID=30375) to work on /opt/airflow/dags/dag_expirar_reservas_pendientes.py
[2026-07-09T11:31:40.123-0500] {processor.py:830} INFO - Processing file /opt/airflow/dags/dag_expirar_reservas_pendientes.py for tasks to queue
[2026-07-09T11:31:40.124-0500] {logging_mixin.py:188} INFO - [2026-07-09T11:31:40.124-0500] {dagbag.py:545} INFO - Filling up the DagBag from /opt/airflow/dags/dag_expirar_reservas_pendientes.py
[2026-07-09T11:31:40.159-0500] {processor.py:840} INFO - DAG(s) 'aerotrack_travel_expirar_reservas' retrieved from /opt/airflow/dags/dag_expirar_reservas_pendientes.py
[2026-07-09T11:31:40.196-0500] {logging_mixin.py:188} INFO - [2026-07-09T11:31:40.196-0500] {dag.py:3089} INFO - Sync 1 DAGs
[2026-07-09T11:31:40.217-0500] {logging_mixin.py:188} INFO - [2026-07-09T11:31:40.217-0500] {dag.py:3947} INFO - Setting next_dagrun for aerotrack_travel_expirar_reservas to 2026-07-09 16:25:00+00:00, run_after=2026-07-09 16:30:00+00:00
[2026-07-09T11:31:40.236-0500] {processor.py:183} INFO - Processing /opt/airflow/dags/dag_expirar_reservas_pendientes.py took 0.118 seconds
[2026-07-09T11:32:10.363-0500] {processor.py:161} INFO - Started process (PID=30407) to work on /opt/airflow/dags/dag_expirar_reservas_pendientes.py
[2026-07-09T11:32:10.364-0500] {processor.py:830} INFO - Processing file /opt/airflow/dags/dag_expirar_reservas_pendientes.py for tasks to queue
[2026-07-09T11:32:10.365-0500] {logging_mixin.py:188} INFO - [2026-07-09T11:32:10.365-0500] {dagbag.py:545} INFO - Filling up the DagBag from /opt/airflow/dags/dag_expirar_reservas_pendientes.py
[2026-07-09T11:32:10.398-0500] {processor.py:840} INFO - DAG(s) 'aerotrack_travel_expirar_reservas' retrieved from /opt/airflow/dags/dag_expirar_reservas_pendientes.py
[2026-07-09T11:32:10.432-0500] {logging_mixin.py:188} INFO - [2026-07-09T11:32:10.432-0500] {dag.py:3089} INFO - Sync 1 DAGs
[2026-07-09T11:32:10.451-0500] {logging_mixin.py:188} INFO - [2026-07-09T11:32:10.451-0500] {dag.py:3947} INFO - Setting next_dagrun for aerotrack_travel_expirar_reservas to 2026-07-09 16:25:00+00:00, run_after=2026-07-09 16:30:00+00:00
[2026-07-09T11:32:10.469-0500] {processor.py:183} INFO - Processing /opt/airflow/dags/dag_expirar_reservas_pendientes.py took 0.112 seconds
[2026-07-09T11:32:40.516-0500] {processor.py:161} INFO - Started process (PID=30439) to work on /opt/airflow/dags/dag_expirar_reservas_pendientes.py
[2026-07-09T11:32:40.517-0500] {processor.py:830} INFO - Processing file /opt/airflow/dags/dag_expirar_reservas_pendientes.py for tasks to queue
[2026-07-09T11:32:40.518-0500] {logging_mixin.py:188} INFO - [2026-07-09T11:32:40.517-0500] {dagbag.py:545} INFO - Filling up the DagBag from /opt/airflow/dags/dag_expirar_reservas_pendientes.py
[2026-07-09T11:32:40.541-0500] {processor.py:840} INFO - DAG(s) 'aerotrack_travel_expirar_reservas' retrieved from /opt/airflow/dags/dag_expirar_reservas_pendientes.py
[2026-07-09T11:32:40.571-0500] {logging_mixin.py:188} INFO - [2026-07-09T11:32:40.571-0500] {dag.py:3089} INFO - Sync 1 DAGs
[2026-07-09T11:32:40.589-0500] {logging_mixin.py:188} INFO - [2026-07-09T11:32:40.589-0500] {dag.py:3947} INFO - Setting next_dagrun for aerotrack_travel_expirar_reservas to 2026-07-09 16:25:00+00:00, run_after=2026-07-09 16:30:00+00:00
[2026-07-09T11:32:40.605-0500] {processor.py:183} INFO - Processing /opt/airflow/dags/dag_expirar_reservas_pendientes.py took 0.094 seconds
[2026-07-09T11:33:10.683-0500] {processor.py:161} INFO - Started process (PID=30471) to work on /opt/airflow/dags/dag_expirar_reservas_pendientes.py
[2026-07-09T11:33:10.684-0500] {processor.py:830} INFO - Processing file /opt/airflow/dags/dag_expirar_reservas_pendientes.py for tasks to queue
[2026-07-09T11:33:10.685-0500] {logging_mixin.py:188} INFO - [2026-07-09T11:33:10.684-0500] {dagbag.py:545} INFO - Filling up the DagBag from /opt/airflow/dags/dag_expirar_reservas_pendientes.py
[2026-07-09T11:33:10.711-0500] {processor.py:840} INFO - DAG(s) 'aerotrack_travel_expirar_reservas' retrieved from /opt/airflow/dags/dag_expirar_reservas_pendientes.py
[2026-07-09T11:33:10.741-0500] {logging_mixin.py:188} INFO - [2026-07-09T11:33:10.741-0500] {dag.py:3089} INFO - Sync 1 DAGs
[2026-07-09T11:33:10.759-0500] {logging_mixin.py:188} INFO - [2026-07-09T11:33:10.759-0500] {dag.py:3947} INFO - Setting next_dagrun for aerotrack_travel_expirar_reservas to 2026-07-09 16:25:00+00:00, run_after=2026-07-09 16:30:00+00:00
[2026-07-09T11:33:10.777-0500] {processor.py:183} INFO - Processing /opt/airflow/dags/dag_expirar_reservas_pendientes.py took 0.099 seconds
[2026-07-09T11:33:40.865-0500] {processor.py:161} INFO - Started process (PID=30503) to work on /opt/airflow/dags/dag_expirar_reservas_pendientes.py
[2026-07-09T11:33:40.866-0500] {processor.py:830} INFO - Processing file /opt/airflow/dags/dag_expirar_reservas_pendientes.py for tasks to queue
[2026-07-09T11:33:40.867-0500] {logging_mixin.py:188} INFO - [2026-07-09T11:33:40.866-0500] {dagbag.py:545} INFO - Filling up the DagBag from /opt/airflow/dags/dag_expirar_reservas_pendientes.py
[2026-07-09T11:33:40.904-0500] {processor.py:840} INFO - DAG(s) 'aerotrack_travel_expirar_reservas' retrieved from /opt/airflow/dags/dag_expirar_reservas_pendientes.py
[2026-07-09T11:33:40.941-0500] {logging_mixin.py:188} INFO - [2026-07-09T11:33:40.941-0500] {dag.py:3089} INFO - Sync 1 DAGs
[2026-07-09T11:33:40.964-0500] {logging_mixin.py:188} INFO - [2026-07-09T11:33:40.964-0500] {dag.py:3947} INFO - Setting next_dagrun for aerotrack_travel_expirar_reservas to 2026-07-09 16:25:00+00:00, run_after=2026-07-09 16:30:00+00:00
[2026-07-09T11:33:40.983-0500] {processor.py:183} INFO - Processing /opt/airflow/dags/dag_expirar_reservas_pendientes.py took 0.123 seconds
[2026-07-09T11:34:11.041-0500] {processor.py:161} INFO - Started process (PID=30535) to work on /opt/airflow/dags/dag_expirar_reservas_pendientes.py
[2026-07-09T11:34:11.042-0500] {processor.py:830} INFO - Processing file /opt/airflow/dags/dag_expirar_reservas_pendientes.py for tasks to queue
[2026-07-09T11:34:11.043-0500] {logging_mixin.py:188} INFO - [2026-07-09T11:34:11.042-0500] {dagbag.py:545} INFO - Filling up the DagBag from /opt/airflow/dags/dag_expirar_reservas_pendientes.py
[2026-07-09T11:34:11.076-0500] {processor.py:840} INFO - DAG(s) 'aerotrack_travel_expirar_reservas' retrieved from /opt/airflow/dags/dag_expirar_reservas_pendientes.py
[2026-07-09T11:34:11.108-0500] {logging_mixin.py:188} INFO - [2026-07-09T11:34:11.108-0500] {dag.py:3089} INFO - Sync 1 DAGs
[2026-07-09T11:34:11.126-0500] {logging_mixin.py:188} INFO - [2026-07-09T11:34:11.126-0500] {dag.py:3947} INFO - Setting next_dagrun for aerotrack_travel_expirar_reservas to 2026-07-09 16:25:00+00:00, run_after=2026-07-09 16:30:00+00:00
[2026-07-09T11:34:11.149-0500] {processor.py:183} INFO - Processing /opt/airflow/dags/dag_expirar_reservas_pendientes.py took 0.113 seconds
[2026-07-09T11:34:41.247-0500] {processor.py:161} INFO - Started process (PID=30567) to work on /opt/airflow/dags/dag_expirar_reservas_pendientes.py
[2026-07-09T11:34:41.248-0500] {processor.py:830} INFO - Processing file /opt/airflow/dags/dag_expirar_reservas_pendientes.py for tasks to queue
[2026-07-09T11:34:41.249-0500] {logging_mixin.py:188} INFO - [2026-07-09T11:34:41.249-0500] {dagbag.py:545} INFO - Filling up the DagBag from /opt/airflow/dags/dag_expirar_reservas_pendientes.py
[2026-07-09T11:34:41.284-0500] {processor.py:840} INFO - DAG(s) 'aerotrack_travel_expirar_reservas' retrieved from /opt/airflow/dags/dag_expirar_reservas_pendientes.py
[2026-07-09T11:34:41.319-0500] {logging_mixin.py:188} INFO - [2026-07-09T11:34:41.319-0500] {dag.py:3089} INFO - Sync 1 DAGs
[2026-07-09T11:34:41.341-0500] {logging_mixin.py:188} INFO - [2026-07-09T11:34:41.340-0500] {dag.py:3947} INFO - Setting next_dagrun for aerotrack_travel_expirar_reservas to 2026-07-09 16:25:00+00:00, run_after=2026-07-09 16:30:00+00:00
[2026-07-09T11:34:41.358-0500] {processor.py:183} INFO - Processing /opt/airflow/dags/dag_expirar_reservas_pendientes.py took 0.116 seconds
[2026-07-09T11:35:11.628-0500] {processor.py:161} INFO - Started process (PID=30599) to work on /opt/airflow/dags/dag_expirar_reservas_pendientes.py
[2026-07-09T11:35:11.629-0500] {processor.py:830} INFO - Processing file /opt/airflow/dags/dag_expirar_reservas_pendientes.py for tasks to queue
[2026-07-09T11:35:11.630-0500] {logging_mixin.py:188} INFO - [2026-07-09T11:35:11.629-0500] {dagbag.py:545} INFO - Filling up the DagBag from /opt/airflow/dags/dag_expirar_reservas_pendientes.py
[2026-07-09T11:35:11.665-0500] {processor.py:840} INFO - DAG(s) 'aerotrack_travel_expirar_reservas' retrieved from /opt/airflow/dags/dag_expirar_reservas_pendientes.py
[2026-07-09T11:35:11.696-0500] {logging_mixin.py:188} INFO - [2026-07-09T11:35:11.695-0500] {dag.py:3089} INFO - Sync 1 DAGs
[2026-07-09T11:35:11.714-0500] {logging_mixin.py:188} INFO - [2026-07-09T11:35:11.714-0500] {dag.py:3947} INFO - Setting next_dagrun for aerotrack_travel_expirar_reservas to 2026-07-09 16:30:00+00:00, run_after=2026-07-09 16:35:00+00:00
[2026-07-09T11:35:11.733-0500] {processor.py:183} INFO - Processing /opt/airflow/dags/dag_expirar_reservas_pendientes.py took 0.111 seconds
[2026-07-09T11:35:41.854-0500] {processor.py:161} INFO - Started process (PID=30631) to work on /opt/airflow/dags/dag_expirar_reservas_pendientes.py
[2026-07-09T11:35:41.856-0500] {processor.py:830} INFO - Processing file /opt/airflow/dags/dag_expirar_reservas_pendientes.py for tasks to queue
[2026-07-09T11:35:41.857-0500] {logging_mixin.py:188} INFO - [2026-07-09T11:35:41.856-0500] {dagbag.py:545} INFO - Filling up the DagBag from /opt/airflow/dags/dag_expirar_reservas_pendientes.py
[2026-07-09T11:35:41.891-0500] {processor.py:840} INFO - DAG(s) 'aerotrack_travel_expirar_reservas' retrieved from /opt/airflow/dags/dag_expirar_reservas_pendientes.py
[2026-07-09T11:35:41.922-0500] {logging_mixin.py:188} INFO - [2026-07-09T11:35:41.921-0500] {dag.py:3089} INFO - Sync 1 DAGs
[2026-07-09T11:35:41.940-0500] {logging_mixin.py:188} INFO - [2026-07-09T11:35:41.939-0500] {dag.py:3947} INFO - Setting next_dagrun for aerotrack_travel_expirar_reservas to 2026-07-09 16:30:00+00:00, run_after=2026-07-09 16:35:00+00:00
[2026-07-09T11:35:41.956-0500] {processor.py:183} INFO - Processing /opt/airflow/dags/dag_expirar_reservas_pendientes.py took 0.107 seconds
[2026-07-09T11:36:12.060-0500] {processor.py:161} INFO - Started process (PID=30663) to work on /opt/airflow/dags/dag_expirar_reservas_pendientes.py
[2026-07-09T11:36:12.061-0500] {processor.py:830} INFO - Processing file /opt/airflow/dags/dag_expirar_reservas_pendientes.py for tasks to queue
[2026-07-09T11:36:12.062-0500] {logging_mixin.py:188} INFO - [2026-07-09T11:36:12.062-0500] {dagbag.py:545} INFO - Filling up the DagBag from /opt/airflow/dags/dag_expirar_reservas_pendientes.py
[2026-07-09T11:36:12.092-0500] {processor.py:840} INFO - DAG(s) 'aerotrack_travel_expirar_reservas' retrieved from /opt/airflow/dags/dag_expirar_reservas_pendientes.py
[2026-07-09T11:36:12.128-0500] {logging_mixin.py:188} INFO - [2026-07-09T11:36:12.127-0500] {dag.py:3089} INFO - Sync 1 DAGs
[2026-07-09T11:36:12.147-0500] {logging_mixin.py:188} INFO - [2026-07-09T11:36:12.147-0500] {dag.py:3947} INFO - Setting next_dagrun for aerotrack_travel_expirar_reservas to 2026-07-09 16:30:00+00:00, run_after=2026-07-09 16:35:00+00:00
[2026-07-09T11:36:12.166-0500] {processor.py:183} INFO - Processing /opt/airflow/dags/dag_expirar_reservas_pendientes.py took 0.111 seconds
[2026-07-09T11:36:42.257-0500] {processor.py:161} INFO - Started process (PID=30695) to work on /opt/airflow/dags/dag_expirar_reservas_pendientes.py
[2026-07-09T11:36:42.258-0500] {processor.py:830} INFO - Processing file /opt/airflow/dags/dag_expirar_reservas_pendientes.py for tasks to queue
[2026-07-09T11:36:42.259-0500] {logging_mixin.py:188} INFO - [2026-07-09T11:36:42.258-0500] {dagbag.py:545} INFO - Filling up the DagBag from /opt/airflow/dags/dag_expirar_reservas_pendientes.py
[2026-07-09T11:36:42.288-0500] {processor.py:840} INFO - DAG(s) 'aerotrack_travel_expirar_reservas' retrieved from /opt/airflow/dags/dag_expirar_reservas_pendientes.py
[2026-07-09T11:36:42.326-0500] {logging_mixin.py:188} INFO - [2026-07-09T11:36:42.325-0500] {dag.py:3089} INFO - Sync 1 DAGs
[2026-07-09T11:36:42.347-0500] {logging_mixin.py:188} INFO - [2026-07-09T11:36:42.347-0500] {dag.py:3947} INFO - Setting next_dagrun for aerotrack_travel_expirar_reservas to 2026-07-09 16:30:00+00:00, run_after=2026-07-09 16:35:00+00:00
[2026-07-09T11:36:42.369-0500] {processor.py:183} INFO - Processing /opt/airflow/dags/dag_expirar_reservas_pendientes.py took 0.117 seconds
[2026-07-09T11:37:13.387-0500] {processor.py:161} INFO - Started process (PID=30727) to work on /opt/airflow/dags/dag_expirar_reservas_pendientes.py
[2026-07-09T11:37:13.388-0500] {processor.py:830} INFO - Processing file /opt/airflow/dags/dag_expirar_reservas_pendientes.py for tasks to queue
[2026-07-09T11:37:13.389-0500] {logging_mixin.py:188} INFO - [2026-07-09T11:37:13.389-0500] {dagbag.py:545} INFO - Filling up the DagBag from /opt/airflow/dags/dag_expirar_reservas_pendientes.py
[2026-07-09T11:37:13.421-0500] {processor.py:840} INFO - DAG(s) 'aerotrack_travel_expirar_reservas' retrieved from /opt/airflow/dags/dag_expirar_reservas_pendientes.py
[2026-07-09T11:37:13.451-0500] {logging_mixin.py:188} INFO - [2026-07-09T11:37:13.451-0500] {dag.py:3089} INFO - Sync 1 DAGs
[2026-07-09T11:37:13.467-0500] {logging_mixin.py:188} INFO - [2026-07-09T11:37:13.467-0500] {dag.py:3947} INFO - Setting next_dagrun for aerotrack_travel_expirar_reservas to 2026-07-09 16:30:00+00:00, run_after=2026-07-09 16:35:00+00:00
[2026-07-09T11:37:13.487-0500] {processor.py:183} INFO - Processing /opt/airflow/dags/dag_expirar_reservas_pendientes.py took 0.104 seconds
[2026-07-09T11:37:44.517-0500] {processor.py:161} INFO - Started process (PID=30759) to work on /opt/airflow/dags/dag_expirar_reservas_pendientes.py
[2026-07-09T11:37:44.518-0500] {processor.py:830} INFO - Processing file /opt/airflow/dags/dag_expirar_reservas_pendientes.py for tasks to queue
[2026-07-09T11:37:44.519-0500] {logging_mixin.py:188} INFO - [2026-07-09T11:37:44.518-0500] {dagbag.py:545} INFO - Filling up the DagBag from /opt/airflow/dags/dag_expirar_reservas_pendientes.py
[2026-07-09T11:37:44.552-0500] {processor.py:840} INFO - DAG(s) 'aerotrack_travel_expirar_reservas' retrieved from /opt/airflow/dags/dag_expirar_reservas_pendientes.py
[2026-07-09T11:37:44.586-0500] {logging_mixin.py:188} INFO - [2026-07-09T11:37:44.585-0500] {dag.py:3089} INFO - Sync 1 DAGs
[2026-07-09T11:37:44.604-0500] {logging_mixin.py:188} INFO - [2026-07-09T11:37:44.604-0500] {dag.py:3947} INFO - Setting next_dagrun for aerotrack_travel_expirar_reservas to 2026-07-09 16:30:00+00:00, run_after=2026-07-09 16:35:00+00:00
[2026-07-09T11:37:44.628-0500] {processor.py:183} INFO - Processing /opt/airflow/dags/dag_expirar_reservas_pendientes.py took 0.117 seconds
[2026-07-09T11:38:14.687-0500] {processor.py:161} INFO - Started process (PID=30791) to work on /opt/airflow/dags/dag_expirar_reservas_pendientes.py
[2026-07-09T11:38:14.688-0500] {processor.py:830} INFO - Processing file /opt/airflow/dags/dag_expirar_reservas_pendientes.py for tasks to queue
[2026-07-09T11:38:14.689-0500] {logging_mixin.py:188} INFO - [2026-07-09T11:38:14.689-0500] {dagbag.py:545} INFO - Filling up the DagBag from /opt/airflow/dags/dag_expirar_reservas_pendientes.py
[2026-07-09T11:38:14.720-0500] {processor.py:840} INFO - DAG(s) 'aerotrack_travel_expirar_reservas' retrieved from /opt/airflow/dags/dag_expirar_reservas_pendientes.py
[2026-07-09T11:38:14.753-0500] {logging_mixin.py:188} INFO - [2026-07-09T11:38:14.753-0500] {dag.py:3089} INFO - Sync 1 DAGs
[2026-07-09T11:38:14.770-0500] {logging_mixin.py:188} INFO - [2026-07-09T11:38:14.769-0500] {dag.py:3947} INFO - Setting next_dagrun for aerotrack_travel_expirar_reservas to 2026-07-09 16:30:00+00:00, run_after=2026-07-09 16:35:00+00:00
[2026-07-09T11:38:14.785-0500] {processor.py:183} INFO - Processing /opt/airflow/dags/dag_expirar_reservas_pendientes.py took 0.106 seconds
[2026-07-09T11:38:45.079-0500] {processor.py:161} INFO - Started process (PID=30823) to work on /opt/airflow/dags/dag_expirar_reservas_pendientes.py
[2026-07-09T11:38:45.080-0500] {processor.py:830} INFO - Processing file /opt/airflow/dags/dag_expirar_reservas_pendientes.py for tasks to queue
[2026-07-09T11:38:45.081-0500] {logging_mixin.py:188} INFO - [2026-07-09T11:38:45.081-0500] {dagbag.py:545} INFO - Filling up the DagBag from /opt/airflow/dags/dag_expirar_reservas_pendientes.py
[2026-07-09T11:38:45.116-0500] {processor.py:840} INFO - DAG(s) 'aerotrack_travel_expirar_reservas' retrieved from /opt/airflow/dags/dag_expirar_reservas_pendientes.py
[2026-07-09T11:38:45.157-0500] {logging_mixin.py:188} INFO - [2026-07-09T11:38:45.157-0500] {dag.py:3089} INFO - Sync 1 DAGs
[2026-07-09T11:38:45.177-0500] {logging_mixin.py:188} INFO - [2026-07-09T11:38:45.176-0500] {dag.py:3947} INFO - Setting next_dagrun for aerotrack_travel_expirar_reservas to 2026-07-09 16:30:00+00:00, run_after=2026-07-09 16:35:00+00:00
[2026-07-09T11:38:45.200-0500] {processor.py:183} INFO - Processing /opt/airflow/dags/dag_expirar_reservas_pendientes.py took 0.126 seconds
[2026-07-09T11:39:15.548-0500] {processor.py:161} INFO - Started process (PID=30855) to work on /opt/airflow/dags/dag_expirar_reservas_pendientes.py
[2026-07-09T11:39:15.549-0500] {processor.py:830} INFO - Processing file /opt/airflow/dags/dag_expirar_reservas_pendientes.py for tasks to queue
[2026-07-09T11:39:15.550-0500] {logging_mixin.py:188} INFO - [2026-07-09T11:39:15.549-0500] {dagbag.py:545} INFO - Filling up the DagBag from /opt/airflow/dags/dag_expirar_reservas_pendientes.py
[2026-07-09T11:39:15.582-0500] {processor.py:840} INFO - DAG(s) 'aerotrack_travel_expirar_reservas' retrieved from /opt/airflow/dags/dag_expirar_reservas_pendientes.py
[2026-07-09T11:39:15.620-0500] {logging_mixin.py:188} INFO - [2026-07-09T11:39:15.620-0500] {dag.py:3089} INFO - Sync 1 DAGs
[2026-07-09T11:39:15.638-0500] {logging_mixin.py:188} INFO - [2026-07-09T11:39:15.638-0500] {dag.py:3947} INFO - Setting next_dagrun for aerotrack_travel_expirar_reservas to 2026-07-09 16:30:00+00:00, run_after=2026-07-09 16:35:00+00:00
[2026-07-09T11:39:15.657-0500] {processor.py:183} INFO - Processing /opt/airflow/dags/dag_expirar_reservas_pendientes.py took 0.114 seconds
[2026-07-09T11:39:45.870-0500] {processor.py:161} INFO - Started process (PID=30887) to work on /opt/airflow/dags/dag_expirar_reservas_pendientes.py
[2026-07-09T11:39:45.871-0500] {processor.py:830} INFO - Processing file /opt/airflow/dags/dag_expirar_reservas_pendientes.py for tasks to queue
[2026-07-09T11:39:45.872-0500] {logging_mixin.py:188} INFO - [2026-07-09T11:39:45.872-0500] {dagbag.py:545} INFO - Filling up the DagBag from /opt/airflow/dags/dag_expirar_reservas_pendientes.py
[2026-07-09T11:39:45.902-0500] {processor.py:840} INFO - DAG(s) 'aerotrack_travel_expirar_reservas' retrieved from /opt/airflow/dags/dag_expirar_reservas_pendientes.py
[2026-07-09T11:39:45.932-0500] {logging_mixin.py:188} INFO - [2026-07-09T11:39:45.932-0500] {dag.py:3089} INFO - Sync 1 DAGs
[2026-07-09T11:39:45.953-0500] {logging_mixin.py:188} INFO - [2026-07-09T11:39:45.953-0500] {dag.py:3947} INFO - Setting next_dagrun for aerotrack_travel_expirar_reservas to 2026-07-09 16:30:00+00:00, run_after=2026-07-09 16:35:00+00:00
[2026-07-09T11:39:45.971-0500] {processor.py:183} INFO - Processing /opt/airflow/dags/dag_expirar_reservas_pendientes.py took 0.106 seconds
[2026-07-09T11:40:16.033-0500] {processor.py:161} INFO - Started process (PID=30919) to work on /opt/airflow/dags/dag_expirar_reservas_pendientes.py
[2026-07-09T11:40:16.034-0500] {processor.py:830} INFO - Processing file /opt/airflow/dags/dag_expirar_reservas_pendientes.py for tasks to queue
[2026-07-09T11:40:16.035-0500] {logging_mixin.py:188} INFO - [2026-07-09T11:40:16.034-0500] {dagbag.py:545} INFO - Filling up the DagBag from /opt/airflow/dags/dag_expirar_reservas_pendientes.py
[2026-07-09T11:40:16.070-0500] {processor.py:840} INFO - DAG(s) 'aerotrack_travel_expirar_reservas' retrieved from /opt/airflow/dags/dag_expirar_reservas_pendientes.py
[2026-07-09T11:40:16.102-0500] {logging_mixin.py:188} INFO - [2026-07-09T11:40:16.101-0500] {dag.py:3089} INFO - Sync 1 DAGs
[2026-07-09T11:40:16.121-0500] {logging_mixin.py:188} INFO - [2026-07-09T11:40:16.120-0500] {dag.py:3947} INFO - Setting next_dagrun for aerotrack_travel_expirar_reservas to 2026-07-09 16:35:00+00:00, run_after=2026-07-09 16:40:00+00:00
[2026-07-09T11:40:16.139-0500] {processor.py:183} INFO - Processing /opt/airflow/dags/dag_expirar_reservas_pendientes.py took 0.112 seconds
[2026-07-09T11:40:46.501-0500] {processor.py:161} INFO - Started process (PID=30951) to work on /opt/airflow/dags/dag_expirar_reservas_pendientes.py
[2026-07-09T11:40:46.503-0500] {processor.py:830} INFO - Processing file /opt/airflow/dags/dag_expirar_reservas_pendientes.py for tasks to queue
[2026-07-09T11:40:46.504-0500] {logging_mixin.py:188} INFO - [2026-07-09T11:40:46.504-0500] {dagbag.py:545} INFO - Filling up the DagBag from /opt/airflow/dags/dag_expirar_reservas_pendientes.py
[2026-07-09T11:40:46.545-0500] {processor.py:840} INFO - DAG(s) 'aerotrack_travel_expirar_reservas' retrieved from /opt/airflow/dags/dag_expirar_reservas_pendientes.py
[2026-07-09T11:40:46.587-0500] {logging_mixin.py:188} INFO - [2026-07-09T11:40:46.587-0500] {dag.py:3089} INFO - Sync 1 DAGs
[2026-07-09T11:40:46.616-0500] {logging_mixin.py:188} INFO - [2026-07-09T11:40:46.616-0500] {dag.py:3947} INFO - Setting next_dagrun for aerotrack_travel_expirar_reservas to 2026-07-09 16:35:00+00:00, run_after=2026-07-09 16:40:00+00:00
[2026-07-09T11:40:46.640-0500] {processor.py:183} INFO - Processing /opt/airflow/dags/dag_expirar_reservas_pendientes.py took 0.150 seconds
[2026-07-09T11:41:17.029-0500] {processor.py:161} INFO - Started process (PID=30971) to work on /opt/airflow/dags/dag_expirar_reservas_pendientes.py
[2026-07-09T11:41:17.030-0500] {processor.py:830} INFO - Processing file /opt/airflow/dags/dag_expirar_reservas_pendientes.py for tasks to queue
[2026-07-09T11:41:17.031-0500] {logging_mixin.py:188} INFO - [2026-07-09T11:41:17.031-0500] {dagbag.py:545} INFO - Filling up the DagBag from /opt/airflow/dags/dag_expirar_reservas_pendientes.py
[2026-07-09T11:41:17.067-0500] {processor.py:840} INFO - DAG(s) 'aerotrack_travel_expirar_reservas' retrieved from /opt/airflow/dags/dag_expirar_reservas_pendientes.py
[2026-07-09T11:41:17.101-0500] {logging_mixin.py:188} INFO - [2026-07-09T11:41:17.100-0500] {dag.py:3089} INFO - Sync 1 DAGs
[2026-07-09T11:41:17.119-0500] {logging_mixin.py:188} INFO - [2026-07-09T11:41:17.119-0500] {dag.py:3947} INFO - Setting next_dagrun for aerotrack_travel_expirar_reservas to 2026-07-09 16:35:00+00:00, run_after=2026-07-09 16:40:00+00:00
[2026-07-09T11:41:17.137-0500] {processor.py:183} INFO - Processing /opt/airflow/dags/dag_expirar_reservas_pendientes.py took 0.113 seconds
[2026-07-09T11:41:47.465-0500] {processor.py:161} INFO - Started process (PID=31003) to work on /opt/airflow/dags/dag_expirar_reservas_pendientes.py
[2026-07-09T11:41:47.466-0500] {processor.py:830} INFO - Processing file /opt/airflow/dags/dag_expirar_reservas_pendientes.py for tasks to queue
[2026-07-09T11:41:47.467-0500] {logging_mixin.py:188} INFO - [2026-07-09T11:41:47.466-0500] {dagbag.py:545} INFO - Filling up the DagBag from /opt/airflow/dags/dag_expirar_reservas_pendientes.py
[2026-07-09T11:41:47.497-0500] {processor.py:840} INFO - DAG(s) 'aerotrack_travel_expirar_reservas' retrieved from /opt/airflow/dags/dag_expirar_reservas_pendientes.py
[2026-07-09T11:41:47.533-0500] {logging_mixin.py:188} INFO - [2026-07-09T11:41:47.533-0500] {dag.py:3089} INFO - Sync 1 DAGs
[2026-07-09T11:41:47.552-0500] {logging_mixin.py:188} INFO - [2026-07-09T11:41:47.551-0500] {dag.py:3947} INFO - Setting next_dagrun for aerotrack_travel_expirar_reservas to 2026-07-09 16:35:00+00:00, run_after=2026-07-09 16:40:00+00:00
[2026-07-09T11:41:47.569-0500] {processor.py:183} INFO - Processing /opt/airflow/dags/dag_expirar_reservas_pendientes.py took 0.108 seconds
[2026-07-09T11:42:17.892-0500] {processor.py:161} INFO - Started process (PID=31035) to work on /opt/airflow/dags/dag_expirar_reservas_pendientes.py
[2026-07-09T11:42:17.893-0500] {processor.py:830} INFO - Processing file /opt/airflow/dags/dag_expirar_reservas_pendientes.py for tasks to queue
[2026-07-09T11:42:17.894-0500] {logging_mixin.py:188} INFO - [2026-07-09T11:42:17.894-0500] {dagbag.py:545} INFO - Filling up the DagBag from /opt/airflow/dags/dag_expirar_reservas_pendientes.py
[2026-07-09T11:42:17.925-0500] {processor.py:840} INFO - DAG(s) 'aerotrack_travel_expirar_reservas' retrieved from /opt/airflow/dags/dag_expirar_reservas_pendientes.py
[2026-07-09T11:42:17.963-0500] {logging_mixin.py:188} INFO - [2026-07-09T11:42:17.963-0500] {dag.py:3089} INFO - Sync 1 DAGs
[2026-07-09T11:42:17.982-0500] {logging_mixin.py:188} INFO - [2026-07-09T11:42:17.982-0500] {dag.py:3947} INFO - Setting next_dagrun for aerotrack_travel_expirar_reservas to 2026-07-09 16:35:00+00:00, run_after=2026-07-09 16:40:00+00:00
[2026-07-09T11:42:17.999-0500] {processor.py:183} INFO - Processing /opt/airflow/dags/dag_expirar_reservas_pendientes.py took 0.111 seconds
[2026-07-09T11:42:48.366-0500] {processor.py:161} INFO - Started process (PID=31067) to work on /opt/airflow/dags/dag_expirar_reservas_pendientes.py
[2026-07-09T11:42:48.367-0500] {processor.py:830} INFO - Processing file /opt/airflow/dags/dag_expirar_reservas_pendientes.py for tasks to queue
[2026-07-09T11:42:48.368-0500] {logging_mixin.py:188} INFO - [2026-07-09T11:42:48.367-0500] {dagbag.py:545} INFO - Filling up the DagBag from /opt/airflow/dags/dag_expirar_reservas_pendientes.py
[2026-07-09T11:42:48.399-0500] {processor.py:840} INFO - DAG(s) 'aerotrack_travel_expirar_reservas' retrieved from /opt/airflow/dags/dag_expirar_reservas_pendientes.py
[2026-07-09T11:42:48.428-0500] {logging_mixin.py:188} INFO - [2026-07-09T11:42:48.428-0500] {dag.py:3089} INFO - Sync 1 DAGs
[2026-07-09T11:42:48.447-0500] {logging_mixin.py:188} INFO - [2026-07-09T11:42:48.447-0500] {dag.py:3947} INFO - Setting next_dagrun for aerotrack_travel_expirar_reservas to 2026-07-09 16:35:00+00:00, run_after=2026-07-09 16:40:00+00:00
[2026-07-09T11:42:48.468-0500] {processor.py:183} INFO - Processing /opt/airflow/dags/dag_expirar_reservas_pendientes.py took 0.107 seconds
[2026-07-09T11:43:18.796-0500] {processor.py:161} INFO - Started process (PID=31099) to work on /opt/airflow/dags/dag_expirar_reservas_pendientes.py
[2026-07-09T11:43:18.797-0500] {processor.py:830} INFO - Processing file /opt/airflow/dags/dag_expirar_reservas_pendientes.py for tasks to queue
[2026-07-09T11:43:18.798-0500] {logging_mixin.py:188} INFO - [2026-07-09T11:43:18.798-0500] {dagbag.py:545} INFO - Filling up the DagBag from /opt/airflow/dags/dag_expirar_reservas_pendientes.py
[2026-07-09T11:43:18.831-0500] {processor.py:840} INFO - DAG(s) 'aerotrack_travel_expirar_reservas' retrieved from /opt/airflow/dags/dag_expirar_reservas_pendientes.py
[2026-07-09T11:43:18.864-0500] {logging_mixin.py:188} INFO - [2026-07-09T11:43:18.864-0500] {dag.py:3089} INFO - Sync 1 DAGs
[2026-07-09T11:43:18.881-0500] {logging_mixin.py:188} INFO - [2026-07-09T11:43:18.881-0500] {dag.py:3947} INFO - Setting next_dagrun for aerotrack_travel_expirar_reservas to 2026-07-09 16:35:00+00:00, run_after=2026-07-09 16:40:00+00:00
[2026-07-09T11:43:18.903-0500] {processor.py:183} INFO - Processing /opt/airflow/dags/dag_expirar_reservas_pendientes.py took 0.111 seconds
[2026-07-09T11:43:48.966-0500] {processor.py:161} INFO - Started process (PID=31131) to work on /opt/airflow/dags/dag_expirar_reservas_pendientes.py
[2026-07-09T11:43:48.968-0500] {processor.py:830} INFO - Processing file /opt/airflow/dags/dag_expirar_reservas_pendientes.py for tasks to queue
[2026-07-09T11:43:48.969-0500] {logging_mixin.py:188} INFO - [2026-07-09T11:43:48.968-0500] {dagbag.py:545} INFO - Filling up the DagBag from /opt/airflow/dags/dag_expirar_reservas_pendientes.py
[2026-07-09T11:43:49.008-0500] {processor.py:840} INFO - DAG(s) 'aerotrack_travel_expirar_reservas' retrieved from /opt/airflow/dags/dag_expirar_reservas_pendientes.py
[2026-07-09T11:43:49.040-0500] {logging_mixin.py:188} INFO - [2026-07-09T11:43:49.040-0500] {dag.py:3089} INFO - Sync 1 DAGs
[2026-07-09T11:43:49.057-0500] {logging_mixin.py:188} INFO - [2026-07-09T11:43:49.057-0500] {dag.py:3947} INFO - Setting next_dagrun for aerotrack_travel_expirar_reservas to 2026-07-09 16:35:00+00:00, run_after=2026-07-09 16:40:00+00:00
[2026-07-09T11:43:49.076-0500] {processor.py:183} INFO - Processing /opt/airflow/dags/dag_expirar_reservas_pendientes.py took 0.116 seconds
[2026-07-09T11:44:19.461-0500] {processor.py:161} INFO - Started process (PID=31163) to work on /opt/airflow/dags/dag_expirar_reservas_pendientes.py
[2026-07-09T11:44:19.463-0500] {processor.py:830} INFO - Processing file /opt/airflow/dags/dag_expirar_reservas_pendientes.py for tasks to queue
[2026-07-09T11:44:19.464-0500] {logging_mixin.py:188} INFO - [2026-07-09T11:44:19.464-0500] {dagbag.py:545} INFO - Filling up the DagBag from /opt/airflow/dags/dag_expirar_reservas_pendientes.py
[2026-07-09T11:44:19.592-0500] {processor.py:840} INFO - DAG(s) 'aerotrack_travel_expirar_reservas' retrieved from /opt/airflow/dags/dag_expirar_reservas_pendientes.py
[2026-07-09T11:44:19.655-0500] {logging_mixin.py:188} INFO - [2026-07-09T11:44:19.654-0500] {dag.py:3089} INFO - Sync 1 DAGs
[2026-07-09T11:44:19.675-0500] {logging_mixin.py:188} INFO - [2026-07-09T11:44:19.675-0500] {dag.py:3947} INFO - Setting next_dagrun for aerotrack_travel_expirar_reservas to 2026-07-09 16:35:00+00:00, run_after=2026-07-09 16:40:00+00:00
[2026-07-09T11:44:19.690-0500] {processor.py:183} INFO - Processing /opt/airflow/dags/dag_expirar_reservas_pendientes.py took 0.236 seconds
[2026-07-09T11:44:50.583-0500] {processor.py:161} INFO - Started process (PID=31195) to work on /opt/airflow/dags/dag_expirar_reservas_pendientes.py
[2026-07-09T11:44:50.584-0500] {processor.py:830} INFO - Processing file /opt/airflow/dags/dag_expirar_reservas_pendientes.py for tasks to queue
[2026-07-09T11:44:50.585-0500] {logging_mixin.py:188} INFO - [2026-07-09T11:44:50.584-0500] {dagbag.py:545} INFO - Filling up the DagBag from /opt/airflow/dags/dag_expirar_reservas_pendientes.py
[2026-07-09T11:44:50.611-0500] {processor.py:840} INFO - DAG(s) 'aerotrack_travel_expirar_reservas' retrieved from /opt/airflow/dags/dag_expirar_reservas_pendientes.py
[2026-07-09T11:44:50.643-0500] {logging_mixin.py:188} INFO - [2026-07-09T11:44:50.643-0500] {dag.py:3089} INFO - Sync 1 DAGs
[2026-07-09T11:44:50.664-0500] {logging_mixin.py:188} INFO - [2026-07-09T11:44:50.664-0500] {dag.py:3947} INFO - Setting next_dagrun for aerotrack_travel_expirar_reservas to 2026-07-09 16:35:00+00:00, run_after=2026-07-09 16:40:00+00:00
[2026-07-09T11:44:50.680-0500] {processor.py:183} INFO - Processing /opt/airflow/dags/dag_expirar_reservas_pendientes.py took 0.103 seconds
[2026-07-09T11:45:20.776-0500] {processor.py:161} INFO - Started process (PID=31230) to work on /opt/airflow/dags/dag_expirar_reservas_pendientes.py
[2026-07-09T11:45:20.777-0500] {processor.py:830} INFO - Processing file /opt/airflow/dags/dag_expirar_reservas_pendientes.py for tasks to queue
[2026-07-09T11:45:20.778-0500] {logging_mixin.py:188} INFO - [2026-07-09T11:45:20.778-0500] {dagbag.py:545} INFO - Filling up the DagBag from /opt/airflow/dags/dag_expirar_reservas_pendientes.py
[2026-07-09T11:45:20.808-0500] {processor.py:840} INFO - DAG(s) 'aerotrack_travel_expirar_reservas' retrieved from /opt/airflow/dags/dag_expirar_reservas_pendientes.py
[2026-07-09T11:45:20.843-0500] {logging_mixin.py:188} INFO - [2026-07-09T11:45:20.842-0500] {dag.py:3089} INFO - Sync 1 DAGs
[2026-07-09T11:45:20.862-0500] {logging_mixin.py:188} INFO - [2026-07-09T11:45:20.862-0500] {dag.py:3947} INFO - Setting next_dagrun for aerotrack_travel_expirar_reservas to 2026-07-09 16:40:00+00:00, run_after=2026-07-09 16:45:00+00:00
[2026-07-09T11:45:20.881-0500] {processor.py:183} INFO - Processing /opt/airflow/dags/dag_expirar_reservas_pendientes.py took 0.109 seconds
[2026-07-09T11:45:51.045-0500] {processor.py:161} INFO - Started process (PID=31264) to work on /opt/airflow/dags/dag_expirar_reservas_pendientes.py
[2026-07-09T11:45:51.046-0500] {processor.py:830} INFO - Processing file /opt/airflow/dags/dag_expirar_reservas_pendientes.py for tasks to queue
[2026-07-09T11:45:51.047-0500] {logging_mixin.py:188} INFO - [2026-07-09T11:45:51.047-0500] {dagbag.py:545} INFO - Filling up the DagBag from /opt/airflow/dags/dag_expirar_reservas_pendientes.py
[2026-07-09T11:45:51.079-0500] {processor.py:840} INFO - DAG(s) 'aerotrack_travel_expirar_reservas' retrieved from /opt/airflow/dags/dag_expirar_reservas_pendientes.py
[2026-07-09T11:45:51.112-0500] {logging_mixin.py:188} INFO - [2026-07-09T11:45:51.112-0500] {dag.py:3089} INFO - Sync 1 DAGs
[2026-07-09T11:45:51.131-0500] {logging_mixin.py:188} INFO - [2026-07-09T11:45:51.131-0500] {dag.py:3947} INFO - Setting next_dagrun for aerotrack_travel_expirar_reservas to 2026-07-09 16:40:00+00:00, run_after=2026-07-09 16:45:00+00:00
[2026-07-09T11:45:51.148-0500] {processor.py:183} INFO - Processing /opt/airflow/dags/dag_expirar_reservas_pendientes.py took 0.108 seconds
[2026-07-09T11:46:21.257-0500] {processor.py:161} INFO - Started process (PID=31296) to work on /opt/airflow/dags/dag_expirar_reservas_pendientes.py
[2026-07-09T11:46:21.258-0500] {processor.py:830} INFO - Processing file /opt/airflow/dags/dag_expirar_reservas_pendientes.py for tasks to queue
[2026-07-09T11:46:21.259-0500] {logging_mixin.py:188} INFO - [2026-07-09T11:46:21.258-0500] {dagbag.py:545} INFO - Filling up the DagBag from /opt/airflow/dags/dag_expirar_reservas_pendientes.py
[2026-07-09T11:46:21.291-0500] {processor.py:840} INFO - DAG(s) 'aerotrack_travel_expirar_reservas' retrieved from /opt/airflow/dags/dag_expirar_reservas_pendientes.py
[2026-07-09T11:46:21.331-0500] {logging_mixin.py:188} INFO - [2026-07-09T11:46:21.330-0500] {dag.py:3089} INFO - Sync 1 DAGs
[2026-07-09T11:46:21.350-0500] {logging_mixin.py:188} INFO - [2026-07-09T11:46:21.350-0500] {dag.py:3947} INFO - Setting next_dagrun for aerotrack_travel_expirar_reservas to 2026-07-09 16:40:00+00:00, run_after=2026-07-09 16:45:00+00:00
[2026-07-09T11:46:21.368-0500] {processor.py:183} INFO - Processing /opt/airflow/dags/dag_expirar_reservas_pendientes.py took 0.116 seconds
[2026-07-09T11:46:51.469-0500] {processor.py:161} INFO - Started process (PID=31328) to work on /opt/airflow/dags/dag_expirar_reservas_pendientes.py
[2026-07-09T11:46:51.470-0500] {processor.py:830} INFO - Processing file /opt/airflow/dags/dag_expirar_reservas_pendientes.py for tasks to queue
[2026-07-09T11:46:51.470-0500] {logging_mixin.py:188} INFO - [2026-07-09T11:46:51.470-0500] {dagbag.py:545} INFO - Filling up the DagBag from /opt/airflow/dags/dag_expirar_reservas_pendientes.py
[2026-07-09T11:46:51.498-0500] {processor.py:840} INFO - DAG(s) 'aerotrack_travel_expirar_reservas' retrieved from /opt/airflow/dags/dag_expirar_reservas_pendientes.py
[2026-07-09T11:46:51.525-0500] {logging_mixin.py:188} INFO - [2026-07-09T11:46:51.525-0500] {dag.py:3089} INFO - Sync 1 DAGs
[2026-07-09T11:46:51.541-0500] {logging_mixin.py:188} INFO - [2026-07-09T11:46:51.541-0500] {dag.py:3947} INFO - Setting next_dagrun for aerotrack_travel_expirar_reservas to 2026-07-09 16:40:00+00:00, run_after=2026-07-09 16:45:00+00:00
[2026-07-09T11:46:51.556-0500] {processor.py:183} INFO - Processing /opt/airflow/dags/dag_expirar_reservas_pendientes.py took 0.092 seconds
[2026-07-09T11:47:21.652-0500] {processor.py:161} INFO - Started process (PID=31360) to work on /opt/airflow/dags/dag_expirar_reservas_pendientes.py
[2026-07-09T11:47:21.653-0500] {processor.py:830} INFO - Processing file /opt/airflow/dags/dag_expirar_reservas_pendientes.py for tasks to queue
[2026-07-09T11:47:21.654-0500] {logging_mixin.py:188} INFO - [2026-07-09T11:47:21.654-0500] {dagbag.py:545} INFO - Filling up the DagBag from /opt/airflow/dags/dag_expirar_reservas_pendientes.py
[2026-07-09T11:47:21.681-0500] {processor.py:840} INFO - DAG(s) 'aerotrack_travel_expirar_reservas' retrieved from /opt/airflow/dags/dag_expirar_reservas_pendientes.py
[2026-07-09T11:47:21.713-0500] {logging_mixin.py:188} INFO - [2026-07-09T11:47:21.712-0500] {dag.py:3089} INFO - Sync 1 DAGs
[2026-07-09T11:47:21.738-0500] {logging_mixin.py:188} INFO - [2026-07-09T11:47:21.737-0500] {dag.py:3947} INFO - Setting next_dagrun for aerotrack_travel_expirar_reservas to 2026-07-09 16:40:00+00:00, run_after=2026-07-09 16:45:00+00:00
[2026-07-09T11:47:21.778-0500] {processor.py:183} INFO - Processing /opt/airflow/dags/dag_expirar_reservas_pendientes.py took 0.131 seconds
[2026-07-09T11:47:51.909-0500] {processor.py:161} INFO - Started process (PID=31392) to work on /opt/airflow/dags/dag_expirar_reservas_pendientes.py
[2026-07-09T11:47:51.909-0500] {processor.py:830} INFO - Processing file /opt/airflow/dags/dag_expirar_reservas_pendientes.py for tasks to queue
[2026-07-09T11:47:51.910-0500] {logging_mixin.py:188} INFO - [2026-07-09T11:47:51.910-0500] {dagbag.py:545} INFO - Filling up the DagBag from /opt/airflow/dags/dag_expirar_reservas_pendientes.py
[2026-07-09T11:47:51.932-0500] {processor.py:840} INFO - DAG(s) 'aerotrack_travel_expirar_reservas' retrieved from /opt/airflow/dags/dag_expirar_reservas_pendientes.py
[2026-07-09T11:47:51.964-0500] {logging_mixin.py:188} INFO - [2026-07-09T11:47:51.964-0500] {dag.py:3089} INFO - Sync 1 DAGs
[2026-07-09T11:47:51.982-0500] {logging_mixin.py:188} INFO - [2026-07-09T11:47:51.981-0500] {dag.py:3947} INFO - Setting next_dagrun for aerotrack_travel_expirar_reservas to 2026-07-09 16:40:00+00:00, run_after=2026-07-09 16:45:00+00:00
[2026-07-09T11:47:51.996-0500] {processor.py:183} INFO - Processing /opt/airflow/dags/dag_expirar_reservas_pendientes.py took 0.093 seconds
[2026-07-09T11:48:22.118-0500] {processor.py:161} INFO - Started process (PID=31424) to work on /opt/airflow/dags/dag_expirar_reservas_pendientes.py
[2026-07-09T11:48:22.119-0500] {processor.py:830} INFO - Processing file /opt/airflow/dags/dag_expirar_reservas_pendientes.py for tasks to queue
[2026-07-09T11:48:22.120-0500] {logging_mixin.py:188} INFO - [2026-07-09T11:48:22.120-0500] {dagbag.py:545} INFO - Filling up the DagBag from /opt/airflow/dags/dag_expirar_reservas_pendientes.py
[2026-07-09T11:48:22.146-0500] {processor.py:840} INFO - DAG(s) 'aerotrack_travel_expirar_reservas' retrieved from /opt/airflow/dags/dag_expirar_reservas_pendientes.py
[2026-07-09T11:48:22.173-0500] {logging_mixin.py:188} INFO - [2026-07-09T11:48:22.173-0500] {dag.py:3089} INFO - Sync 1 DAGs
[2026-07-09T11:48:22.192-0500] {logging_mixin.py:188} INFO - [2026-07-09T11:48:22.191-0500] {dag.py:3947} INFO - Setting next_dagrun for aerotrack_travel_expirar_reservas to 2026-07-09 16:40:00+00:00, run_after=2026-07-09 16:45:00+00:00
[2026-07-09T11:48:22.206-0500] {processor.py:183} INFO - Processing /opt/airflow/dags/dag_expirar_reservas_pendientes.py took 0.093 seconds
[2026-07-09T11:48:52.256-0500] {processor.py:161} INFO - Started process (PID=31454) to work on /opt/airflow/dags/dag_expirar_reservas_pendientes.py
[2026-07-09T11:48:52.257-0500] {processor.py:830} INFO - Processing file /opt/airflow/dags/dag_expirar_reservas_pendientes.py for tasks to queue
[2026-07-09T11:48:52.258-0500] {logging_mixin.py:188} INFO - [2026-07-09T11:48:52.257-0500] {dagbag.py:545} INFO - Filling up the DagBag from /opt/airflow/dags/dag_expirar_reservas_pendientes.py
[2026-07-09T11:48:52.281-0500] {processor.py:840} INFO - DAG(s) 'aerotrack_travel_expirar_reservas' retrieved from /opt/airflow/dags/dag_expirar_reservas_pendientes.py
[2026-07-09T11:48:52.312-0500] {logging_mixin.py:188} INFO - [2026-07-09T11:48:52.311-0500] {dag.py:3089} INFO - Sync 1 DAGs
[2026-07-09T11:48:52.330-0500] {logging_mixin.py:188} INFO - [2026-07-09T11:48:52.330-0500] {dag.py:3947} INFO - Setting next_dagrun for aerotrack_travel_expirar_reservas to 2026-07-09 16:40:00+00:00, run_after=2026-07-09 16:45:00+00:00
[2026-07-09T11:48:52.345-0500] {processor.py:183} INFO - Processing /opt/airflow/dags/dag_expirar_reservas_pendientes.py took 0.094 seconds
[2026-07-09T11:49:22.511-0500] {processor.py:161} INFO - Started process (PID=31488) to work on /opt/airflow/dags/dag_expirar_reservas_pendientes.py
[2026-07-09T11:49:22.512-0500] {processor.py:830} INFO - Processing file /opt/airflow/dags/dag_expirar_reservas_pendientes.py for tasks to queue
[2026-07-09T11:49:22.513-0500] {logging_mixin.py:188} INFO - [2026-07-09T11:49:22.512-0500] {dagbag.py:545} INFO - Filling up the DagBag from /opt/airflow/dags/dag_expirar_reservas_pendientes.py
[2026-07-09T11:49:22.537-0500] {processor.py:840} INFO - DAG(s) 'aerotrack_travel_expirar_reservas' retrieved from /opt/airflow/dags/dag_expirar_reservas_pendientes.py
[2026-07-09T11:49:22.565-0500] {logging_mixin.py:188} INFO - [2026-07-09T11:49:22.565-0500] {dag.py:3089} INFO - Sync 1 DAGs
[2026-07-09T11:49:22.581-0500] {logging_mixin.py:188} INFO - [2026-07-09T11:49:22.581-0500] {dag.py:3947} INFO - Setting next_dagrun for aerotrack_travel_expirar_reservas to 2026-07-09 16:40:00+00:00, run_after=2026-07-09 16:45:00+00:00
[2026-07-09T11:49:22.597-0500] {processor.py:183} INFO - Processing /opt/airflow/dags/dag_expirar_reservas_pendientes.py took 0.091 seconds
[2026-07-09T11:49:52.666-0500] {processor.py:161} INFO - Started process (PID=31520) to work on /opt/airflow/dags/dag_expirar_reservas_pendientes.py
[2026-07-09T11:49:52.667-0500] {processor.py:830} INFO - Processing file /opt/airflow/dags/dag_expirar_reservas_pendientes.py for tasks to queue
[2026-07-09T11:49:52.668-0500] {logging_mixin.py:188} INFO - [2026-07-09T11:49:52.668-0500] {dagbag.py:545} INFO - Filling up the DagBag from /opt/airflow/dags/dag_expirar_reservas_pendientes.py
[2026-07-09T11:49:52.690-0500] {processor.py:840} INFO - DAG(s) 'aerotrack_travel_expirar_reservas' retrieved from /opt/airflow/dags/dag_expirar_reservas_pendientes.py
[2026-07-09T11:49:52.717-0500] {logging_mixin.py:188} INFO - [2026-07-09T11:49:52.717-0500] {dag.py:3089} INFO - Sync 1 DAGs
[2026-07-09T11:49:52.734-0500] {logging_mixin.py:188} INFO - [2026-07-09T11:49:52.734-0500] {dag.py:3947} INFO - Setting next_dagrun for aerotrack_travel_expirar_reservas to 2026-07-09 16:40:00+00:00, run_after=2026-07-09 16:45:00+00:00
[2026-07-09T11:49:52.749-0500] {processor.py:183} INFO - Processing /opt/airflow/dags/dag_expirar_reservas_pendientes.py took 0.088 seconds
[2026-07-09T11:50:22.836-0500] {processor.py:161} INFO - Started process (PID=31552) to work on /opt/airflow/dags/dag_expirar_reservas_pendientes.py
[2026-07-09T11:50:22.837-0500] {processor.py:830} INFO - Processing file /opt/airflow/dags/dag_expirar_reservas_pendientes.py for tasks to queue
[2026-07-09T11:50:22.838-0500] {logging_mixin.py:188} INFO - [2026-07-09T11:50:22.837-0500] {dagbag.py:545} INFO - Filling up the DagBag from /opt/airflow/dags/dag_expirar_reservas_pendientes.py
[2026-07-09T11:50:22.859-0500] {processor.py:840} INFO - DAG(s) 'aerotrack_travel_expirar_reservas' retrieved from /opt/airflow/dags/dag_expirar_reservas_pendientes.py
[2026-07-09T11:50:22.886-0500] {logging_mixin.py:188} INFO - [2026-07-09T11:50:22.886-0500] {dag.py:3089} INFO - Sync 1 DAGs
[2026-07-09T11:50:22.902-0500] {logging_mixin.py:188} INFO - [2026-07-09T11:50:22.902-0500] {dag.py:3947} INFO - Setting next_dagrun for aerotrack_travel_expirar_reservas to 2026-07-09 16:45:00+00:00, run_after=2026-07-09 16:50:00+00:00
[2026-07-09T11:50:22.915-0500] {processor.py:183} INFO - Processing /opt/airflow/dags/dag_expirar_reservas_pendientes.py took 0.084 seconds
[2026-07-09T11:50:52.989-0500] {processor.py:161} INFO - Started process (PID=31584) to work on /opt/airflow/dags/dag_expirar_reservas_pendientes.py
[2026-07-09T11:50:52.990-0500] {processor.py:830} INFO - Processing file /opt/airflow/dags/dag_expirar_reservas_pendientes.py for tasks to queue
[2026-07-09T11:50:52.991-0500] {logging_mixin.py:188} INFO - [2026-07-09T11:50:52.991-0500] {dagbag.py:545} INFO - Filling up the DagBag from /opt/airflow/dags/dag_expirar_reservas_pendientes.py
[2026-07-09T11:50:53.012-0500] {processor.py:840} INFO - DAG(s) 'aerotrack_travel_expirar_reservas' retrieved from /opt/airflow/dags/dag_expirar_reservas_pendientes.py
[2026-07-09T11:50:53.038-0500] {logging_mixin.py:188} INFO - [2026-07-09T11:50:53.038-0500] {dag.py:3089} INFO - Sync 1 DAGs
[2026-07-09T11:50:53.054-0500] {logging_mixin.py:188} INFO - [2026-07-09T11:50:53.054-0500] {dag.py:3947} INFO - Setting next_dagrun for aerotrack_travel_expirar_reservas to 2026-07-09 16:45:00+00:00, run_after=2026-07-09 16:50:00+00:00
[2026-07-09T11:50:53.068-0500] {processor.py:183} INFO - Processing /opt/airflow/dags/dag_expirar_reservas_pendientes.py took 0.084 seconds
[2026-07-09T11:51:23.125-0500] {processor.py:161} INFO - Started process (PID=31616) to work on /opt/airflow/dags/dag_expirar_reservas_pendientes.py
[2026-07-09T11:51:23.126-0500] {processor.py:830} INFO - Processing file /opt/airflow/dags/dag_expirar_reservas_pendientes.py for tasks to queue
[2026-07-09T11:51:23.127-0500] {logging_mixin.py:188} INFO - [2026-07-09T11:51:23.127-0500] {dagbag.py:545} INFO - Filling up the DagBag from /opt/airflow/dags/dag_expirar_reservas_pendientes.py
[2026-07-09T11:51:23.151-0500] {processor.py:840} INFO - DAG(s) 'aerotrack_travel_expirar_reservas' retrieved from /opt/airflow/dags/dag_expirar_reservas_pendientes.py
[2026-07-09T11:51:23.178-0500] {logging_mixin.py:188} INFO - [2026-07-09T11:51:23.178-0500] {dag.py:3089} INFO - Sync 1 DAGs
[2026-07-09T11:51:23.194-0500] {logging_mixin.py:188} INFO - [2026-07-09T11:51:23.194-0500] {dag.py:3947} INFO - Setting next_dagrun for aerotrack_travel_expirar_reservas to 2026-07-09 16:45:00+00:00, run_after=2026-07-09 16:50:00+00:00
[2026-07-09T11:51:23.210-0500] {processor.py:183} INFO - Processing /opt/airflow/dags/dag_expirar_reservas_pendientes.py took 0.089 seconds
[2026-07-09T11:51:53.330-0500] {processor.py:161} INFO - Started process (PID=31648) to work on /opt/airflow/dags/dag_expirar_reservas_pendientes.py
[2026-07-09T11:51:53.331-0500] {processor.py:830} INFO - Processing file /opt/airflow/dags/dag_expirar_reservas_pendientes.py for tasks to queue
[2026-07-09T11:51:53.332-0500] {logging_mixin.py:188} INFO - [2026-07-09T11:51:53.332-0500] {dagbag.py:545} INFO - Filling up the DagBag from /opt/airflow/dags/dag_expirar_reservas_pendientes.py
[2026-07-09T11:51:53.364-0500] {processor.py:840} INFO - DAG(s) 'aerotrack_travel_expirar_reservas' retrieved from /opt/airflow/dags/dag_expirar_reservas_pendientes.py
[2026-07-09T11:51:53.391-0500] {logging_mixin.py:188} INFO - [2026-07-09T11:51:53.391-0500] {dag.py:3089} INFO - Sync 1 DAGs
[2026-07-09T11:51:53.408-0500] {logging_mixin.py:188} INFO - [2026-07-09T11:51:53.408-0500] {dag.py:3947} INFO - Setting next_dagrun for aerotrack_travel_expirar_reservas to 2026-07-09 16:45:00+00:00, run_after=2026-07-09 16:50:00+00:00
[2026-07-09T11:51:53.423-0500] {processor.py:183} INFO - Processing /opt/airflow/dags/dag_expirar_reservas_pendientes.py took 0.100 seconds
[2026-07-09T11:52:23.487-0500] {processor.py:161} INFO - Started process (PID=31675) to work on /opt/airflow/dags/dag_expirar_reservas_pendientes.py
[2026-07-09T11:52:23.489-0500] {processor.py:830} INFO - Processing file /opt/airflow/dags/dag_expirar_reservas_pendientes.py for tasks to queue
[2026-07-09T11:52:23.490-0500] {logging_mixin.py:188} INFO - [2026-07-09T11:52:23.490-0500] {dagbag.py:545} INFO - Filling up the DagBag from /opt/airflow/dags/dag_expirar_reservas_pendientes.py
[2026-07-09T11:52:23.537-0500] {processor.py:840} INFO - DAG(s) 'aerotrack_travel_expirar_reservas' retrieved from /opt/airflow/dags/dag_expirar_reservas_pendientes.py
[2026-07-09T11:52:23.581-0500] {logging_mixin.py:188} INFO - [2026-07-09T11:52:23.581-0500] {dag.py:3089} INFO - Sync 1 DAGs
[2026-07-09T11:52:23.602-0500] {logging_mixin.py:188} INFO - [2026-07-09T11:52:23.601-0500] {dag.py:3947} INFO - Setting next_dagrun for aerotrack_travel_expirar_reservas to 2026-07-09 16:45:00+00:00, run_after=2026-07-09 16:50:00+00:00
[2026-07-09T11:52:23.624-0500] {processor.py:183} INFO - Processing /opt/airflow/dags/dag_expirar_reservas_pendientes.py took 0.144 seconds
[2026-07-09T11:52:53.693-0500] {processor.py:161} INFO - Started process (PID=31707) to work on /opt/airflow/dags/dag_expirar_reservas_pendientes.py
[2026-07-09T11:52:53.694-0500] {processor.py:830} INFO - Processing file /opt/airflow/dags/dag_expirar_reservas_pendientes.py for tasks to queue
[2026-07-09T11:52:53.696-0500] {logging_mixin.py:188} INFO - [2026-07-09T11:52:53.695-0500] {dagbag.py:545} INFO - Filling up the DagBag from /opt/airflow/dags/dag_expirar_reservas_pendientes.py
[2026-07-09T11:52:53.733-0500] {processor.py:840} INFO - DAG(s) 'aerotrack_travel_expirar_reservas' retrieved from /opt/airflow/dags/dag_expirar_reservas_pendientes.py
[2026-07-09T11:52:53.767-0500] {logging_mixin.py:188} INFO - [2026-07-09T11:52:53.766-0500] {dag.py:3089} INFO - Sync 1 DAGs
[2026-07-09T11:52:53.786-0500] {logging_mixin.py:188} INFO - [2026-07-09T11:52:53.785-0500] {dag.py:3947} INFO - Setting next_dagrun for aerotrack_travel_expirar_reservas to 2026-07-09 16:45:00+00:00, run_after=2026-07-09 16:50:00+00:00
[2026-07-09T11:52:53.805-0500] {processor.py:183} INFO - Processing /opt/airflow/dags/dag_expirar_reservas_pendientes.py took 0.118 seconds
[2026-07-09T11:53:23.964-0500] {processor.py:161} INFO - Started process (PID=31739) to work on /opt/airflow/dags/dag_expirar_reservas_pendientes.py
[2026-07-09T11:53:23.965-0500] {processor.py:830} INFO - Processing file /opt/airflow/dags/dag_expirar_reservas_pendientes.py for tasks to queue
[2026-07-09T11:53:23.966-0500] {logging_mixin.py:188} INFO - [2026-07-09T11:53:23.965-0500] {dagbag.py:545} INFO - Filling up the DagBag from /opt/airflow/dags/dag_expirar_reservas_pendientes.py
[2026-07-09T11:53:23.989-0500] {processor.py:840} INFO - DAG(s) 'aerotrack_travel_expirar_reservas' retrieved from /opt/airflow/dags/dag_expirar_reservas_pendientes.py
[2026-07-09T11:53:24.017-0500] {logging_mixin.py:188} INFO - [2026-07-09T11:53:24.017-0500] {dag.py:3089} INFO - Sync 1 DAGs
[2026-07-09T11:53:24.034-0500] {logging_mixin.py:188} INFO - [2026-07-09T11:53:24.034-0500] {dag.py:3947} INFO - Setting next_dagrun for aerotrack_travel_expirar_reservas to 2026-07-09 16:45:00+00:00, run_after=2026-07-09 16:50:00+00:00
[2026-07-09T11:53:24.052-0500] {processor.py:183} INFO - Processing /opt/airflow/dags/dag_expirar_reservas_pendientes.py took 0.093 seconds
[2026-07-09T11:53:54.170-0500] {processor.py:161} INFO - Started process (PID=31771) to work on /opt/airflow/dags/dag_expirar_reservas_pendientes.py
[2026-07-09T11:53:54.171-0500] {processor.py:830} INFO - Processing file /opt/airflow/dags/dag_expirar_reservas_pendientes.py for tasks to queue
[2026-07-09T11:53:54.172-0500] {logging_mixin.py:188} INFO - [2026-07-09T11:53:54.172-0500] {dagbag.py:545} INFO - Filling up the DagBag from /opt/airflow/dags/dag_expirar_reservas_pendientes.py
[2026-07-09T11:53:54.196-0500] {processor.py:840} INFO - DAG(s) 'aerotrack_travel_expirar_reservas' retrieved from /opt/airflow/dags/dag_expirar_reservas_pendientes.py
[2026-07-09T11:53:54.225-0500] {logging_mixin.py:188} INFO - [2026-07-09T11:53:54.225-0500] {dag.py:3089} INFO - Sync 1 DAGs
[2026-07-09T11:53:54.242-0500] {logging_mixin.py:188} INFO - [2026-07-09T11:53:54.242-0500] {dag.py:3947} INFO - Setting next_dagrun for aerotrack_travel_expirar_reservas to 2026-07-09 16:45:00+00:00, run_after=2026-07-09 16:50:00+00:00
[2026-07-09T11:53:54.256-0500] {processor.py:183} INFO - Processing /opt/airflow/dags/dag_expirar_reservas_pendientes.py took 0.090 seconds
[2026-07-09T11:54:24.441-0500] {processor.py:161} INFO - Started process (PID=31803) to work on /opt/airflow/dags/dag_expirar_reservas_pendientes.py
[2026-07-09T11:54:24.442-0500] {processor.py:830} INFO - Processing file /opt/airflow/dags/dag_expirar_reservas_pendientes.py for tasks to queue
[2026-07-09T11:54:24.443-0500] {logging_mixin.py:188} INFO - [2026-07-09T11:54:24.443-0500] {dagbag.py:545} INFO - Filling up the DagBag from /opt/airflow/dags/dag_expirar_reservas_pendientes.py
[2026-07-09T11:54:24.475-0500] {processor.py:840} INFO - DAG(s) 'aerotrack_travel_expirar_reservas' retrieved from /opt/airflow/dags/dag_expirar_reservas_pendientes.py
[2026-07-09T11:54:24.506-0500] {logging_mixin.py:188} INFO - [2026-07-09T11:54:24.506-0500] {dag.py:3089} INFO - Sync 1 DAGs
[2026-07-09T11:54:24.525-0500] {logging_mixin.py:188} INFO - [2026-07-09T11:54:24.525-0500] {dag.py:3947} INFO - Setting next_dagrun for aerotrack_travel_expirar_reservas to 2026-07-09 16:45:00+00:00, run_after=2026-07-09 16:50:00+00:00
[2026-07-09T11:54:24.540-0500] {processor.py:183} INFO - Processing /opt/airflow/dags/dag_expirar_reservas_pendientes.py took 0.105 seconds
[2026-07-09T11:54:54.634-0500] {processor.py:161} INFO - Started process (PID=31835) to work on /opt/airflow/dags/dag_expirar_reservas_pendientes.py
[2026-07-09T11:54:54.635-0500] {processor.py:830} INFO - Processing file /opt/airflow/dags/dag_expirar_reservas_pendientes.py for tasks to queue
[2026-07-09T11:54:54.636-0500] {logging_mixin.py:188} INFO - [2026-07-09T11:54:54.636-0500] {dagbag.py:545} INFO - Filling up the DagBag from /opt/airflow/dags/dag_expirar_reservas_pendientes.py
[2026-07-09T11:54:54.663-0500] {processor.py:840} INFO - DAG(s) 'aerotrack_travel_expirar_reservas' retrieved from /opt/airflow/dags/dag_expirar_reservas_pendientes.py
[2026-07-09T11:54:54.691-0500] {logging_mixin.py:188} INFO - [2026-07-09T11:54:54.691-0500] {dag.py:3089} INFO - Sync 1 DAGs
[2026-07-09T11:54:54.707-0500] {logging_mixin.py:188} INFO - [2026-07-09T11:54:54.707-0500] {dag.py:3947} INFO - Setting next_dagrun for aerotrack_travel_expirar_reservas to 2026-07-09 16:45:00+00:00, run_after=2026-07-09 16:50:00+00:00
[2026-07-09T11:54:54.741-0500] {processor.py:183} INFO - Processing /opt/airflow/dags/dag_expirar_reservas_pendientes.py took 0.113 seconds
[2026-07-09T11:55:24.930-0500] {processor.py:161} INFO - Started process (PID=31867) to work on /opt/airflow/dags/dag_expirar_reservas_pendientes.py
[2026-07-09T11:55:24.931-0500] {processor.py:830} INFO - Processing file /opt/airflow/dags/dag_expirar_reservas_pendientes.py for tasks to queue
[2026-07-09T11:55:24.932-0500] {logging_mixin.py:188} INFO - [2026-07-09T11:55:24.932-0500] {dagbag.py:545} INFO - Filling up the DagBag from /opt/airflow/dags/dag_expirar_reservas_pendientes.py
[2026-07-09T11:55:24.964-0500] {processor.py:840} INFO - DAG(s) 'aerotrack_travel_expirar_reservas' retrieved from /opt/airflow/dags/dag_expirar_reservas_pendientes.py
[2026-07-09T11:55:24.993-0500] {logging_mixin.py:188} INFO - [2026-07-09T11:55:24.993-0500] {dag.py:3089} INFO - Sync 1 DAGs
[2026-07-09T11:55:25.012-0500] {logging_mixin.py:188} INFO - [2026-07-09T11:55:25.012-0500] {dag.py:3947} INFO - Setting next_dagrun for aerotrack_travel_expirar_reservas to 2026-07-09 16:50:00+00:00, run_after=2026-07-09 16:55:00+00:00
[2026-07-09T11:55:25.031-0500] {processor.py:183} INFO - Processing /opt/airflow/dags/dag_expirar_reservas_pendientes.py took 0.106 seconds
[2026-07-09T11:55:55.139-0500] {processor.py:161} INFO - Started process (PID=31899) to work on /opt/airflow/dags/dag_expirar_reservas_pendientes.py
[2026-07-09T11:55:55.140-0500] {processor.py:830} INFO - Processing file /opt/airflow/dags/dag_expirar_reservas_pendientes.py for tasks to queue
[2026-07-09T11:55:55.142-0500] {logging_mixin.py:188} INFO - [2026-07-09T11:55:55.141-0500] {dagbag.py:545} INFO - Filling up the DagBag from /opt/airflow/dags/dag_expirar_reservas_pendientes.py
[2026-07-09T11:55:55.175-0500] {processor.py:840} INFO - DAG(s) 'aerotrack_travel_expirar_reservas' retrieved from /opt/airflow/dags/dag_expirar_reservas_pendientes.py
[2026-07-09T11:55:55.206-0500] {logging_mixin.py:188} INFO - [2026-07-09T11:55:55.206-0500] {dag.py:3089} INFO - Sync 1 DAGs
[2026-07-09T11:55:55.224-0500] {logging_mixin.py:188} INFO - [2026-07-09T11:55:55.224-0500] {dag.py:3947} INFO - Setting next_dagrun for aerotrack_travel_expirar_reservas to 2026-07-09 16:50:00+00:00, run_after=2026-07-09 16:55:00+00:00
[2026-07-09T11:55:55.239-0500] {processor.py:183} INFO - Processing /opt/airflow/dags/dag_expirar_reservas_pendientes.py took 0.105 seconds
[2026-07-09T11:56:25.433-0500] {processor.py:161} INFO - Started process (PID=31931) to work on /opt/airflow/dags/dag_expirar_reservas_pendientes.py
[2026-07-09T11:56:25.434-0500] {processor.py:830} INFO - Processing file /opt/airflow/dags/dag_expirar_reservas_pendientes.py for tasks to queue
[2026-07-09T11:56:25.435-0500] {logging_mixin.py:188} INFO - [2026-07-09T11:56:25.435-0500] {dagbag.py:545} INFO - Filling up the DagBag from /opt/airflow/dags/dag_expirar_reservas_pendientes.py
[2026-07-09T11:56:25.460-0500] {processor.py:840} INFO - DAG(s) 'aerotrack_travel_expirar_reservas' retrieved from /opt/airflow/dags/dag_expirar_reservas_pendientes.py
[2026-07-09T11:56:25.496-0500] {logging_mixin.py:188} INFO - [2026-07-09T11:56:25.495-0500] {dag.py:3089} INFO - Sync 1 DAGs
[2026-07-09T11:56:25.514-0500] {logging_mixin.py:188} INFO - [2026-07-09T11:56:25.514-0500] {dag.py:3947} INFO - Setting next_dagrun for aerotrack_travel_expirar_reservas to 2026-07-09 16:50:00+00:00, run_after=2026-07-09 16:55:00+00:00
[2026-07-09T11:56:25.533-0500] {processor.py:183} INFO - Processing /opt/airflow/dags/dag_expirar_reservas_pendientes.py took 0.105 seconds
[2026-07-09T11:56:55.708-0500] {processor.py:161} INFO - Started process (PID=31963) to work on /opt/airflow/dags/dag_expirar_reservas_pendientes.py
[2026-07-09T11:56:55.709-0500] {processor.py:830} INFO - Processing file /opt/airflow/dags/dag_expirar_reservas_pendientes.py for tasks to queue
[2026-07-09T11:56:55.711-0500] {logging_mixin.py:188} INFO - [2026-07-09T11:56:55.710-0500] {dagbag.py:545} INFO - Filling up the DagBag from /opt/airflow/dags/dag_expirar_reservas_pendientes.py
[2026-07-09T11:56:55.740-0500] {processor.py:840} INFO - DAG(s) 'aerotrack_travel_expirar_reservas' retrieved from /opt/airflow/dags/dag_expirar_reservas_pendientes.py
[2026-07-09T11:56:55.768-0500] {logging_mixin.py:188} INFO - [2026-07-09T11:56:55.768-0500] {dag.py:3089} INFO - Sync 1 DAGs
[2026-07-09T11:56:55.783-0500] {logging_mixin.py:188} INFO - [2026-07-09T11:56:55.783-0500] {dag.py:3947} INFO - Setting next_dagrun for aerotrack_travel_expirar_reservas to 2026-07-09 16:50:00+00:00, run_after=2026-07-09 16:55:00+00:00
[2026-07-09T11:56:55.799-0500] {processor.py:183} INFO - Processing /opt/airflow/dags/dag_expirar_reservas_pendientes.py took 0.095 seconds
[2026-07-09T11:57:26.297-0500] {processor.py:161} INFO - Started process (PID=31983) to work on /opt/airflow/dags/dag_expirar_reservas_pendientes.py
[2026-07-09T11:57:26.298-0500] {processor.py:830} INFO - Processing file /opt/airflow/dags/dag_expirar_reservas_pendientes.py for tasks to queue
[2026-07-09T11:57:26.299-0500] {logging_mixin.py:188} INFO - [2026-07-09T11:57:26.299-0500] {dagbag.py:545} INFO - Filling up the DagBag from /opt/airflow/dags/dag_expirar_reservas_pendientes.py
[2026-07-09T11:57:26.335-0500] {processor.py:840} INFO - DAG(s) 'aerotrack_travel_expirar_reservas' retrieved from /opt/airflow/dags/dag_expirar_reservas_pendientes.py
[2026-07-09T11:57:26.370-0500] {logging_mixin.py:188} INFO - [2026-07-09T11:57:26.370-0500] {dag.py:3089} INFO - Sync 1 DAGs
[2026-07-09T11:57:26.388-0500] {logging_mixin.py:188} INFO - [2026-07-09T11:57:26.388-0500] {dag.py:3947} INFO - Setting next_dagrun for aerotrack_travel_expirar_reservas to 2026-07-09 16:50:00+00:00, run_after=2026-07-09 16:55:00+00:00
[2026-07-09T11:57:26.406-0500] {processor.py:183} INFO - Processing /opt/airflow/dags/dag_expirar_reservas_pendientes.py took 0.114 seconds
[2026-07-09T11:57:56.698-0500] {processor.py:161} INFO - Started process (PID=32015) to work on /opt/airflow/dags/dag_expirar_reservas_pendientes.py
[2026-07-09T11:57:56.699-0500] {processor.py:830} INFO - Processing file /opt/airflow/dags/dag_expirar_reservas_pendientes.py for tasks to queue
[2026-07-09T11:57:56.700-0500] {logging_mixin.py:188} INFO - [2026-07-09T11:57:56.700-0500] {dagbag.py:545} INFO - Filling up the DagBag from /opt/airflow/dags/dag_expirar_reservas_pendientes.py
[2026-07-09T11:57:56.734-0500] {processor.py:840} INFO - DAG(s) 'aerotrack_travel_expirar_reservas' retrieved from /opt/airflow/dags/dag_expirar_reservas_pendientes.py
[2026-07-09T11:57:56.770-0500] {logging_mixin.py:188} INFO - [2026-07-09T11:57:56.769-0500] {dag.py:3089} INFO - Sync 1 DAGs
[2026-07-09T11:57:56.788-0500] {logging_mixin.py:188} INFO - [2026-07-09T11:57:56.788-0500] {dag.py:3947} INFO - Setting next_dagrun for aerotrack_travel_expirar_reservas to 2026-07-09 16:50:00+00:00, run_after=2026-07-09 16:55:00+00:00
[2026-07-09T11:57:56.806-0500] {processor.py:183} INFO - Processing /opt/airflow/dags/dag_expirar_reservas_pendientes.py took 0.112 seconds
[2026-07-09T11:58:27.149-0500] {processor.py:161} INFO - Started process (PID=32047) to work on /opt/airflow/dags/dag_expirar_reservas_pendientes.py
[2026-07-09T11:58:27.150-0500] {processor.py:830} INFO - Processing file /opt/airflow/dags/dag_expirar_reservas_pendientes.py for tasks to queue
[2026-07-09T11:58:27.151-0500] {logging_mixin.py:188} INFO - [2026-07-09T11:58:27.150-0500] {dagbag.py:545} INFO - Filling up the DagBag from /opt/airflow/dags/dag_expirar_reservas_pendientes.py
[2026-07-09T11:58:27.183-0500] {processor.py:840} INFO - DAG(s) 'aerotrack_travel_expirar_reservas' retrieved from /opt/airflow/dags/dag_expirar_reservas_pendientes.py
[2026-07-09T11:58:27.220-0500] {logging_mixin.py:188} INFO - [2026-07-09T11:58:27.219-0500] {dag.py:3089} INFO - Sync 1 DAGs
[2026-07-09T11:58:27.238-0500] {logging_mixin.py:188} INFO - [2026-07-09T11:58:27.238-0500] {dag.py:3947} INFO - Setting next_dagrun for aerotrack_travel_expirar_reservas to 2026-07-09 16:50:00+00:00, run_after=2026-07-09 16:55:00+00:00
[2026-07-09T11:58:27.257-0500] {processor.py:183} INFO - Processing /opt/airflow/dags/dag_expirar_reservas_pendientes.py took 0.114 seconds
[2026-07-09T11:58:57.349-0500] {processor.py:161} INFO - Started process (PID=32079) to work on /opt/airflow/dags/dag_expirar_reservas_pendientes.py
[2026-07-09T11:58:57.350-0500] {processor.py:830} INFO - Processing file /opt/airflow/dags/dag_expirar_reservas_pendientes.py for tasks to queue
[2026-07-09T11:58:57.351-0500] {logging_mixin.py:188} INFO - [2026-07-09T11:58:57.351-0500] {dagbag.py:545} INFO - Filling up the DagBag from /opt/airflow/dags/dag_expirar_reservas_pendientes.py
[2026-07-09T11:58:57.383-0500] {processor.py:840} INFO - DAG(s) 'aerotrack_travel_expirar_reservas' retrieved from /opt/airflow/dags/dag_expirar_reservas_pendientes.py
[2026-07-09T11:58:57.417-0500] {logging_mixin.py:188} INFO - [2026-07-09T11:58:57.417-0500] {dag.py:3089} INFO - Sync 1 DAGs
[2026-07-09T11:58:57.434-0500] {logging_mixin.py:188} INFO - [2026-07-09T11:58:57.434-0500] {dag.py:3947} INFO - Setting next_dagrun for aerotrack_travel_expirar_reservas to 2026-07-09 16:50:00+00:00, run_after=2026-07-09 16:55:00+00:00
[2026-07-09T11:58:57.450-0500] {processor.py:183} INFO - Processing /opt/airflow/dags/dag_expirar_reservas_pendientes.py took 0.107 seconds
[2026-07-09T11:59:28.449-0500] {processor.py:161} INFO - Started process (PID=32111) to work on /opt/airflow/dags/dag_expirar_reservas_pendientes.py
[2026-07-09T11:59:28.450-0500] {processor.py:830} INFO - Processing file /opt/airflow/dags/dag_expirar_reservas_pendientes.py for tasks to queue
[2026-07-09T11:59:28.451-0500] {logging_mixin.py:188} INFO - [2026-07-09T11:59:28.451-0500] {dagbag.py:545} INFO - Filling up the DagBag from /opt/airflow/dags/dag_expirar_reservas_pendientes.py
[2026-07-09T11:59:28.489-0500] {processor.py:840} INFO - DAG(s) 'aerotrack_travel_expirar_reservas' retrieved from /opt/airflow/dags/dag_expirar_reservas_pendientes.py
[2026-07-09T11:59:28.534-0500] {logging_mixin.py:188} INFO - [2026-07-09T11:59:28.533-0500] {dag.py:3089} INFO - Sync 1 DAGs
[2026-07-09T11:59:28.555-0500] {logging_mixin.py:188} INFO - [2026-07-09T11:59:28.555-0500] {dag.py:3947} INFO - Setting next_dagrun for aerotrack_travel_expirar_reservas to 2026-07-09 16:50:00+00:00, run_after=2026-07-09 16:55:00+00:00
[2026-07-09T11:59:28.574-0500] {processor.py:183} INFO - Processing /opt/airflow/dags/dag_expirar_reservas_pendientes.py took 0.131 seconds
[2026-07-09T11:59:58.981-0500] {processor.py:161} INFO - Started process (PID=32143) to work on /opt/airflow/dags/dag_expirar_reservas_pendientes.py
[2026-07-09T11:59:58.983-0500] {processor.py:830} INFO - Processing file /opt/airflow/dags/dag_expirar_reservas_pendientes.py for tasks to queue
[2026-07-09T11:59:58.983-0500] {logging_mixin.py:188} INFO - [2026-07-09T11:59:58.983-0500] {dagbag.py:545} INFO - Filling up the DagBag from /opt/airflow/dags/dag_expirar_reservas_pendientes.py
[2026-07-09T11:59:59.017-0500] {processor.py:840} INFO - DAG(s) 'aerotrack_travel_expirar_reservas' retrieved from /opt/airflow/dags/dag_expirar_reservas_pendientes.py
[2026-07-09T11:59:59.048-0500] {logging_mixin.py:188} INFO - [2026-07-09T11:59:59.048-0500] {dag.py:3089} INFO - Sync 1 DAGs
[2026-07-09T11:59:59.066-0500] {logging_mixin.py:188} INFO - [2026-07-09T11:59:59.066-0500] {dag.py:3947} INFO - Setting next_dagrun for aerotrack_travel_expirar_reservas to 2026-07-09 16:50:00+00:00, run_after=2026-07-09 16:55:00+00:00
[2026-07-09T11:59:59.084-0500] {processor.py:183} INFO - Processing /opt/airflow/dags/dag_expirar_reservas_pendientes.py took 0.108 seconds
[2026-07-09T12:00:29.958-0500] {processor.py:161} INFO - Started process (PID=32175) to work on /opt/airflow/dags/dag_expirar_reservas_pendientes.py
[2026-07-09T12:00:29.960-0500] {processor.py:830} INFO - Processing file /opt/airflow/dags/dag_expirar_reservas_pendientes.py for tasks to queue
[2026-07-09T12:00:29.961-0500] {logging_mixin.py:188} INFO - [2026-07-09T12:00:29.960-0500] {dagbag.py:545} INFO - Filling up the DagBag from /opt/airflow/dags/dag_expirar_reservas_pendientes.py
[2026-07-09T12:00:29.998-0500] {processor.py:840} INFO - DAG(s) 'aerotrack_travel_expirar_reservas' retrieved from /opt/airflow/dags/dag_expirar_reservas_pendientes.py
[2026-07-09T12:00:30.032-0500] {logging_mixin.py:188} INFO - [2026-07-09T12:00:30.032-0500] {dag.py:3089} INFO - Sync 1 DAGs
[2026-07-09T12:00:30.053-0500] {logging_mixin.py:188} INFO - [2026-07-09T12:00:30.053-0500] {dag.py:3947} INFO - Setting next_dagrun for aerotrack_travel_expirar_reservas to 2026-07-09 16:55:00+00:00, run_after=2026-07-09 17:00:00+00:00
[2026-07-09T12:00:30.074-0500] {processor.py:183} INFO - Processing /opt/airflow/dags/dag_expirar_reservas_pendientes.py took 0.122 seconds
[2026-07-09T12:01:00.388-0500] {processor.py:161} INFO - Started process (PID=32207) to work on /opt/airflow/dags/dag_expirar_reservas_pendientes.py
[2026-07-09T12:01:00.389-0500] {processor.py:830} INFO - Processing file /opt/airflow/dags/dag_expirar_reservas_pendientes.py for tasks to queue
[2026-07-09T12:01:00.390-0500] {logging_mixin.py:188} INFO - [2026-07-09T12:01:00.390-0500] {dagbag.py:545} INFO - Filling up the DagBag from /opt/airflow/dags/dag_expirar_reservas_pendientes.py
[2026-07-09T12:01:00.415-0500] {processor.py:840} INFO - DAG(s) 'aerotrack_travel_expirar_reservas' retrieved from /opt/airflow/dags/dag_expirar_reservas_pendientes.py
[2026-07-09T12:01:00.449-0500] {logging_mixin.py:188} INFO - [2026-07-09T12:01:00.449-0500] {dag.py:3089} INFO - Sync 1 DAGs
[2026-07-09T12:01:00.467-0500] {logging_mixin.py:188} INFO - [2026-07-09T12:01:00.467-0500] {dag.py:3947} INFO - Setting next_dagrun for aerotrack_travel_expirar_reservas to 2026-07-09 16:55:00+00:00, run_after=2026-07-09 17:00:00+00:00
[2026-07-09T12:01:00.484-0500] {processor.py:183} INFO - Processing /opt/airflow/dags/dag_expirar_reservas_pendientes.py took 0.101 seconds
[2026-07-09T12:01:30.776-0500] {processor.py:161} INFO - Started process (PID=32239) to work on /opt/airflow/dags/dag_expirar_reservas_pendientes.py
[2026-07-09T12:01:30.777-0500] {processor.py:830} INFO - Processing file /opt/airflow/dags/dag_expirar_reservas_pendientes.py for tasks to queue
[2026-07-09T12:01:30.778-0500] {logging_mixin.py:188} INFO - [2026-07-09T12:01:30.778-0500] {dagbag.py:545} INFO - Filling up the DagBag from /opt/airflow/dags/dag_expirar_reservas_pendientes.py
[2026-07-09T12:01:30.804-0500] {processor.py:840} INFO - DAG(s) 'aerotrack_travel_expirar_reservas' retrieved from /opt/airflow/dags/dag_expirar_reservas_pendientes.py
[2026-07-09T12:01:30.835-0500] {logging_mixin.py:188} INFO - [2026-07-09T12:01:30.834-0500] {dag.py:3089} INFO - Sync 1 DAGs
[2026-07-09T12:01:30.854-0500] {logging_mixin.py:188} INFO - [2026-07-09T12:01:30.853-0500] {dag.py:3947} INFO - Setting next_dagrun for aerotrack_travel_expirar_reservas to 2026-07-09 16:55:00+00:00, run_after=2026-07-09 17:00:00+00:00
[2026-07-09T12:01:30.872-0500] {processor.py:183} INFO - Processing /opt/airflow/dags/dag_expirar_reservas_pendientes.py took 0.100 seconds
[2026-07-09T12:02:01.207-0500] {processor.py:161} INFO - Started process (PID=32271) to work on /opt/airflow/dags/dag_expirar_reservas_pendientes.py
[2026-07-09T12:02:01.209-0500] {processor.py:830} INFO - Processing file /opt/airflow/dags/dag_expirar_reservas_pendientes.py for tasks to queue
[2026-07-09T12:02:01.210-0500] {logging_mixin.py:188} INFO - [2026-07-09T12:02:01.209-0500] {dagbag.py:545} INFO - Filling up the DagBag from /opt/airflow/dags/dag_expirar_reservas_pendientes.py
[2026-07-09T12:02:01.240-0500] {processor.py:840} INFO - DAG(s) 'aerotrack_travel_expirar_reservas' retrieved from /opt/airflow/dags/dag_expirar_reservas_pendientes.py
[2026-07-09T12:02:01.275-0500] {logging_mixin.py:188} INFO - [2026-07-09T12:02:01.275-0500] {dag.py:3089} INFO - Sync 1 DAGs
[2026-07-09T12:02:01.293-0500] {logging_mixin.py:188} INFO - [2026-07-09T12:02:01.293-0500] {dag.py:3947} INFO - Setting next_dagrun for aerotrack_travel_expirar_reservas to 2026-07-09 16:55:00+00:00, run_after=2026-07-09 17:00:00+00:00
[2026-07-09T12:02:01.313-0500] {processor.py:183} INFO - Processing /opt/airflow/dags/dag_expirar_reservas_pendientes.py took 0.111 seconds
[2026-07-09T12:02:32.317-0500] {processor.py:161} INFO - Started process (PID=32303) to work on /opt/airflow/dags/dag_expirar_reservas_pendientes.py
[2026-07-09T12:02:32.318-0500] {processor.py:830} INFO - Processing file /opt/airflow/dags/dag_expirar_reservas_pendientes.py for tasks to queue
[2026-07-09T12:02:32.319-0500] {logging_mixin.py:188} INFO - [2026-07-09T12:02:32.319-0500] {dagbag.py:545} INFO - Filling up the DagBag from /opt/airflow/dags/dag_expirar_reservas_pendientes.py
[2026-07-09T12:02:32.354-0500] {processor.py:840} INFO - DAG(s) 'aerotrack_travel_expirar_reservas' retrieved from /opt/airflow/dags/dag_expirar_reservas_pendientes.py
[2026-07-09T12:02:32.387-0500] {logging_mixin.py:188} INFO - [2026-07-09T12:02:32.386-0500] {dag.py:3089} INFO - Sync 1 DAGs
[2026-07-09T12:02:32.403-0500] {logging_mixin.py:188} INFO - [2026-07-09T12:02:32.403-0500] {dag.py:3947} INFO - Setting next_dagrun for aerotrack_travel_expirar_reservas to 2026-07-09 16:55:00+00:00, run_after=2026-07-09 17:00:00+00:00
[2026-07-09T12:02:32.419-0500] {processor.py:183} INFO - Processing /opt/airflow/dags/dag_expirar_reservas_pendientes.py took 0.109 seconds
[2026-07-09T12:03:02.809-0500] {processor.py:161} INFO - Started process (PID=32335) to work on /opt/airflow/dags/dag_expirar_reservas_pendientes.py
[2026-07-09T12:03:02.811-0500] {processor.py:830} INFO - Processing file /opt/airflow/dags/dag_expirar_reservas_pendientes.py for tasks to queue
[2026-07-09T12:03:02.813-0500] {logging_mixin.py:188} INFO - [2026-07-09T12:03:02.812-0500] {dagbag.py:545} INFO - Filling up the DagBag from /opt/airflow/dags/dag_expirar_reservas_pendientes.py
[2026-07-09T12:03:02.879-0500] {processor.py:840} INFO - DAG(s) 'aerotrack_travel_expirar_reservas' retrieved from /opt/airflow/dags/dag_expirar_reservas_pendientes.py
[2026-07-09T12:03:02.921-0500] {logging_mixin.py:188} INFO - [2026-07-09T12:03:02.921-0500] {dag.py:3089} INFO - Sync 1 DAGs
[2026-07-09T12:03:02.940-0500] {logging_mixin.py:188} INFO - [2026-07-09T12:03:02.940-0500] {dag.py:3947} INFO - Setting next_dagrun for aerotrack_travel_expirar_reservas to 2026-07-09 16:55:00+00:00, run_after=2026-07-09 17:00:00+00:00
[2026-07-09T12:03:02.958-0500] {processor.py:183} INFO - Processing /opt/airflow/dags/dag_expirar_reservas_pendientes.py took 0.162 seconds
[2026-07-09T12:03:33.868-0500] {processor.py:161} INFO - Started process (PID=32367) to work on /opt/airflow/dags/dag_expirar_reservas_pendientes.py
[2026-07-09T12:03:33.870-0500] {processor.py:830} INFO - Processing file /opt/airflow/dags/dag_expirar_reservas_pendientes.py for tasks to queue
[2026-07-09T12:03:33.870-0500] {logging_mixin.py:188} INFO - [2026-07-09T12:03:33.870-0500] {dagbag.py:545} INFO - Filling up the DagBag from /opt/airflow/dags/dag_expirar_reservas_pendientes.py
[2026-07-09T12:03:33.903-0500] {processor.py:840} INFO - DAG(s) 'aerotrack_travel_expirar_reservas' retrieved from /opt/airflow/dags/dag_expirar_reservas_pendientes.py
[2026-07-09T12:03:33.933-0500] {logging_mixin.py:188} INFO - [2026-07-09T12:03:33.933-0500] {dag.py:3089} INFO - Sync 1 DAGs
[2026-07-09T12:03:33.950-0500] {logging_mixin.py:188} INFO - [2026-07-09T12:03:33.950-0500] {dag.py:3947} INFO - Setting next_dagrun for aerotrack_travel_expirar_reservas to 2026-07-09 16:55:00+00:00, run_after=2026-07-09 17:00:00+00:00
[2026-07-09T12:03:33.968-0500] {processor.py:183} INFO - Processing /opt/airflow/dags/dag_expirar_reservas_pendientes.py took 0.104 seconds
[2026-07-09T12:04:04.973-0500] {processor.py:161} INFO - Started process (PID=32399) to work on /opt/airflow/dags/dag_expirar_reservas_pendientes.py
[2026-07-09T12:04:04.974-0500] {processor.py:830} INFO - Processing file /opt/airflow/dags/dag_expirar_reservas_pendientes.py for tasks to queue
[2026-07-09T12:04:04.975-0500] {logging_mixin.py:188} INFO - [2026-07-09T12:04:04.974-0500] {dagbag.py:545} INFO - Filling up the DagBag from /opt/airflow/dags/dag_expirar_reservas_pendientes.py
[2026-07-09T12:04:05.006-0500] {processor.py:840} INFO - DAG(s) 'aerotrack_travel_expirar_reservas' retrieved from /opt/airflow/dags/dag_expirar_reservas_pendientes.py
[2026-07-09T12:04:05.037-0500] {logging_mixin.py:188} INFO - [2026-07-09T12:04:05.037-0500] {dag.py:3089} INFO - Sync 1 DAGs
[2026-07-09T12:04:05.057-0500] {logging_mixin.py:188} INFO - [2026-07-09T12:04:05.057-0500] {dag.py:3947} INFO - Setting next_dagrun for aerotrack_travel_expirar_reservas to 2026-07-09 16:55:00+00:00, run_after=2026-07-09 17:00:00+00:00
[2026-07-09T12:04:05.074-0500] {processor.py:183} INFO - Processing /opt/airflow/dags/dag_expirar_reservas_pendientes.py took 0.107 seconds
[2026-07-09T12:04:36.063-0500] {processor.py:161} INFO - Started process (PID=32431) to work on /opt/airflow/dags/dag_expirar_reservas_pendientes.py
[2026-07-09T12:04:36.064-0500] {processor.py:830} INFO - Processing file /opt/airflow/dags/dag_expirar_reservas_pendientes.py for tasks to queue
[2026-07-09T12:04:36.065-0500] {logging_mixin.py:188} INFO - [2026-07-09T12:04:36.064-0500] {dagbag.py:545} INFO - Filling up the DagBag from /opt/airflow/dags/dag_expirar_reservas_pendientes.py
[2026-07-09T12:04:36.087-0500] {processor.py:840} INFO - DAG(s) 'aerotrack_travel_expirar_reservas' retrieved from /opt/airflow/dags/dag_expirar_reservas_pendientes.py
[2026-07-09T12:04:36.115-0500] {logging_mixin.py:188} INFO - [2026-07-09T12:04:36.114-0500] {dag.py:3089} INFO - Sync 1 DAGs
[2026-07-09T12:04:36.131-0500] {logging_mixin.py:188} INFO - [2026-07-09T12:04:36.130-0500] {dag.py:3947} INFO - Setting next_dagrun for aerotrack_travel_expirar_reservas to 2026-07-09 16:55:00+00:00, run_after=2026-07-09 17:00:00+00:00
[2026-07-09T12:04:36.147-0500] {processor.py:183} INFO - Processing /opt/airflow/dags/dag_expirar_reservas_pendientes.py took 0.089 seconds
[2026-07-09T12:05:06.630-0500] {processor.py:161} INFO - Started process (PID=32463) to work on /opt/airflow/dags/dag_expirar_reservas_pendientes.py
[2026-07-09T12:05:06.631-0500] {processor.py:830} INFO - Processing file /opt/airflow/dags/dag_expirar_reservas_pendientes.py for tasks to queue
[2026-07-09T12:05:06.632-0500] {logging_mixin.py:188} INFO - [2026-07-09T12:05:06.632-0500] {dagbag.py:545} INFO - Filling up the DagBag from /opt/airflow/dags/dag_expirar_reservas_pendientes.py
[2026-07-09T12:05:06.661-0500] {processor.py:840} INFO - DAG(s) 'aerotrack_travel_expirar_reservas' retrieved from /opt/airflow/dags/dag_expirar_reservas_pendientes.py
[2026-07-09T12:05:06.691-0500] {logging_mixin.py:188} INFO - [2026-07-09T12:05:06.691-0500] {dag.py:3089} INFO - Sync 1 DAGs
[2026-07-09T12:05:06.707-0500] {logging_mixin.py:188} INFO - [2026-07-09T12:05:06.706-0500] {dag.py:3947} INFO - Setting next_dagrun for aerotrack_travel_expirar_reservas to 2026-07-09 17:00:00+00:00, run_after=2026-07-09 17:05:00+00:00
[2026-07-09T12:05:06.724-0500] {processor.py:183} INFO - Processing /opt/airflow/dags/dag_expirar_reservas_pendientes.py took 0.098 seconds
[2026-07-09T12:05:37.023-0500] {processor.py:161} INFO - Started process (PID=32495) to work on /opt/airflow/dags/dag_expirar_reservas_pendientes.py
[2026-07-09T12:05:37.024-0500] {processor.py:830} INFO - Processing file /opt/airflow/dags/dag_expirar_reservas_pendientes.py for tasks to queue
[2026-07-09T12:05:37.025-0500] {logging_mixin.py:188} INFO - [2026-07-09T12:05:37.025-0500] {dagbag.py:545} INFO - Filling up the DagBag from /opt/airflow/dags/dag_expirar_reservas_pendientes.py
[2026-07-09T12:05:37.051-0500] {processor.py:840} INFO - DAG(s) 'aerotrack_travel_expirar_reservas' retrieved from /opt/airflow/dags/dag_expirar_reservas_pendientes.py
[2026-07-09T12:05:37.080-0500] {logging_mixin.py:188} INFO - [2026-07-09T12:05:37.080-0500] {dag.py:3089} INFO - Sync 1 DAGs
[2026-07-09T12:05:37.096-0500] {logging_mixin.py:188} INFO - [2026-07-09T12:05:37.096-0500] {dag.py:3947} INFO - Setting next_dagrun for aerotrack_travel_expirar_reservas to 2026-07-09 17:00:00+00:00, run_after=2026-07-09 17:05:00+00:00
[2026-07-09T12:05:37.114-0500] {processor.py:183} INFO - Processing /opt/airflow/dags/dag_expirar_reservas_pendientes.py took 0.097 seconds
[2026-07-09T12:06:07.427-0500] {processor.py:161} INFO - Started process (PID=32527) to work on /opt/airflow/dags/dag_expirar_reservas_pendientes.py
[2026-07-09T12:06:07.428-0500] {processor.py:830} INFO - Processing file /opt/airflow/dags/dag_expirar_reservas_pendientes.py for tasks to queue
[2026-07-09T12:06:07.429-0500] {logging_mixin.py:188} INFO - [2026-07-09T12:06:07.429-0500] {dagbag.py:545} INFO - Filling up the DagBag from /opt/airflow/dags/dag_expirar_reservas_pendientes.py
[2026-07-09T12:06:07.462-0500] {processor.py:840} INFO - DAG(s) 'aerotrack_travel_expirar_reservas' retrieved from /opt/airflow/dags/dag_expirar_reservas_pendientes.py
[2026-07-09T12:06:07.491-0500] {logging_mixin.py:188} INFO - [2026-07-09T12:06:07.491-0500] {dag.py:3089} INFO - Sync 1 DAGs
[2026-07-09T12:06:07.508-0500] {logging_mixin.py:188} INFO - [2026-07-09T12:06:07.508-0500] {dag.py:3947} INFO - Setting next_dagrun for aerotrack_travel_expirar_reservas to 2026-07-09 17:00:00+00:00, run_after=2026-07-09 17:05:00+00:00
[2026-07-09T12:06:07.524-0500] {processor.py:183} INFO - Processing /opt/airflow/dags/dag_expirar_reservas_pendientes.py took 0.102 seconds
[2026-07-09T12:06:38.486-0500] {processor.py:161} INFO - Started process (PID=32559) to work on /opt/airflow/dags/dag_expirar_reservas_pendientes.py
[2026-07-09T12:06:38.487-0500] {processor.py:830} INFO - Processing file /opt/airflow/dags/dag_expirar_reservas_pendientes.py for tasks to queue
[2026-07-09T12:06:38.488-0500] {logging_mixin.py:188} INFO - [2026-07-09T12:06:38.488-0500] {dagbag.py:545} INFO - Filling up the DagBag from /opt/airflow/dags/dag_expirar_reservas_pendientes.py
[2026-07-09T12:06:38.512-0500] {processor.py:840} INFO - DAG(s) 'aerotrack_travel_expirar_reservas' retrieved from /opt/airflow/dags/dag_expirar_reservas_pendientes.py
[2026-07-09T12:06:38.542-0500] {logging_mixin.py:188} INFO - [2026-07-09T12:06:38.541-0500] {dag.py:3089} INFO - Sync 1 DAGs
[2026-07-09T12:06:38.559-0500] {logging_mixin.py:188} INFO - [2026-07-09T12:06:38.558-0500] {dag.py:3947} INFO - Setting next_dagrun for aerotrack_travel_expirar_reservas to 2026-07-09 17:00:00+00:00, run_after=2026-07-09 17:05:00+00:00
[2026-07-09T12:06:38.576-0500] {processor.py:183} INFO - Processing /opt/airflow/dags/dag_expirar_reservas_pendientes.py took 0.095 seconds
[2026-07-09T12:07:09.523-0500] {processor.py:161} INFO - Started process (PID=32591) to work on /opt/airflow/dags/dag_expirar_reservas_pendientes.py
[2026-07-09T12:07:09.525-0500] {processor.py:830} INFO - Processing file /opt/airflow/dags/dag_expirar_reservas_pendientes.py for tasks to queue
[2026-07-09T12:07:09.527-0500] {logging_mixin.py:188} INFO - [2026-07-09T12:07:09.526-0500] {dagbag.py:545} INFO - Filling up the DagBag from /opt/airflow/dags/dag_expirar_reservas_pendientes.py
[2026-07-09T12:07:09.567-0500] {processor.py:840} INFO - DAG(s) 'aerotrack_travel_expirar_reservas' retrieved from /opt/airflow/dags/dag_expirar_reservas_pendientes.py
[2026-07-09T12:07:09.605-0500] {logging_mixin.py:188} INFO - [2026-07-09T12:07:09.604-0500] {dag.py:3089} INFO - Sync 1 DAGs
[2026-07-09T12:07:09.624-0500] {logging_mixin.py:188} INFO - [2026-07-09T12:07:09.624-0500] {dag.py:3947} INFO - Setting next_dagrun for aerotrack_travel_expirar_reservas to 2026-07-09 17:00:00+00:00, run_after=2026-07-09 17:05:00+00:00
[2026-07-09T12:07:09.645-0500] {processor.py:183} INFO - Processing /opt/airflow/dags/dag_expirar_reservas_pendientes.py took 0.127 seconds
[2026-07-09T12:07:40.463-0500] {processor.py:161} INFO - Started process (PID=32623) to work on /opt/airflow/dags/dag_expirar_reservas_pendientes.py
[2026-07-09T12:07:40.464-0500] {processor.py:830} INFO - Processing file /opt/airflow/dags/dag_expirar_reservas_pendientes.py for tasks to queue
[2026-07-09T12:07:40.465-0500] {logging_mixin.py:188} INFO - [2026-07-09T12:07:40.464-0500] {dagbag.py:545} INFO - Filling up the DagBag from /opt/airflow/dags/dag_expirar_reservas_pendientes.py
[2026-07-09T12:07:40.498-0500] {processor.py:840} INFO - DAG(s) 'aerotrack_travel_expirar_reservas' retrieved from /opt/airflow/dags/dag_expirar_reservas_pendientes.py
[2026-07-09T12:07:40.531-0500] {logging_mixin.py:188} INFO - [2026-07-09T12:07:40.531-0500] {dag.py:3089} INFO - Sync 1 DAGs
[2026-07-09T12:07:40.551-0500] {logging_mixin.py:188} INFO - [2026-07-09T12:07:40.551-0500] {dag.py:3947} INFO - Setting next_dagrun for aerotrack_travel_expirar_reservas to 2026-07-09 17:00:00+00:00, run_after=2026-07-09 17:05:00+00:00
[2026-07-09T12:07:40.569-0500] {processor.py:183} INFO - Processing /opt/airflow/dags/dag_expirar_reservas_pendientes.py took 0.111 seconds
[2026-07-09T12:08:10.802-0500] {processor.py:161} INFO - Started process (PID=32655) to work on /opt/airflow/dags/dag_expirar_reservas_pendientes.py
[2026-07-09T12:08:10.803-0500] {processor.py:830} INFO - Processing file /opt/airflow/dags/dag_expirar_reservas_pendientes.py for tasks to queue
[2026-07-09T12:08:10.804-0500] {logging_mixin.py:188} INFO - [2026-07-09T12:08:10.804-0500] {dagbag.py:545} INFO - Filling up the DagBag from /opt/airflow/dags/dag_expirar_reservas_pendientes.py
[2026-07-09T12:08:10.846-0500] {processor.py:840} INFO - DAG(s) 'aerotrack_travel_expirar_reservas' retrieved from /opt/airflow/dags/dag_expirar_reservas_pendientes.py
[2026-07-09T12:08:10.882-0500] {logging_mixin.py:188} INFO - [2026-07-09T12:08:10.881-0500] {dag.py:3089} INFO - Sync 1 DAGs
[2026-07-09T12:08:10.902-0500] {logging_mixin.py:188} INFO - [2026-07-09T12:08:10.902-0500] {dag.py:3947} INFO - Setting next_dagrun for aerotrack_travel_expirar_reservas to 2026-07-09 17:00:00+00:00, run_after=2026-07-09 17:05:00+00:00
[2026-07-09T12:08:10.928-0500] {processor.py:183} INFO - Processing /opt/airflow/dags/dag_expirar_reservas_pendientes.py took 0.132 seconds
[2026-07-09T12:08:41.016-0500] {processor.py:161} INFO - Started process (PID=32687) to work on /opt/airflow/dags/dag_expirar_reservas_pendientes.py
[2026-07-09T12:08:41.017-0500] {processor.py:830} INFO - Processing file /opt/airflow/dags/dag_expirar_reservas_pendientes.py for tasks to queue
[2026-07-09T12:08:41.018-0500] {logging_mixin.py:188} INFO - [2026-07-09T12:08:41.018-0500] {dagbag.py:545} INFO - Filling up the DagBag from /opt/airflow/dags/dag_expirar_reservas_pendientes.py
[2026-07-09T12:08:41.049-0500] {processor.py:840} INFO - DAG(s) 'aerotrack_travel_expirar_reservas' retrieved from /opt/airflow/dags/dag_expirar_reservas_pendientes.py
[2026-07-09T12:08:41.079-0500] {logging_mixin.py:188} INFO - [2026-07-09T12:08:41.079-0500] {dag.py:3089} INFO - Sync 1 DAGs
[2026-07-09T12:08:41.098-0500] {logging_mixin.py:188} INFO - [2026-07-09T12:08:41.097-0500] {dag.py:3947} INFO - Setting next_dagrun for aerotrack_travel_expirar_reservas to 2026-07-09 17:00:00+00:00, run_after=2026-07-09 17:05:00+00:00
[2026-07-09T12:08:41.114-0500] {processor.py:183} INFO - Processing /opt/airflow/dags/dag_expirar_reservas_pendientes.py took 0.102 seconds
[2026-07-09T12:09:11.217-0500] {processor.py:161} INFO - Started process (PID=32719) to work on /opt/airflow/dags/dag_expirar_reservas_pendientes.py
[2026-07-09T12:09:11.218-0500] {processor.py:830} INFO - Processing file /opt/airflow/dags/dag_expirar_reservas_pendientes.py for tasks to queue
[2026-07-09T12:09:11.218-0500] {logging_mixin.py:188} INFO - [2026-07-09T12:09:11.218-0500] {dagbag.py:545} INFO - Filling up the DagBag from /opt/airflow/dags/dag_expirar_reservas_pendientes.py
[2026-07-09T12:09:11.245-0500] {processor.py:840} INFO - DAG(s) 'aerotrack_travel_expirar_reservas' retrieved from /opt/airflow/dags/dag_expirar_reservas_pendientes.py
[2026-07-09T12:09:11.276-0500] {logging_mixin.py:188} INFO - [2026-07-09T12:09:11.276-0500] {dag.py:3089} INFO - Sync 1 DAGs
[2026-07-09T12:09:11.295-0500] {logging_mixin.py:188} INFO - [2026-07-09T12:09:11.295-0500] {dag.py:3947} INFO - Setting next_dagrun for aerotrack_travel_expirar_reservas to 2026-07-09 17:00:00+00:00, run_after=2026-07-09 17:05:00+00:00
[2026-07-09T12:09:11.314-0500] {processor.py:183} INFO - Processing /opt/airflow/dags/dag_expirar_reservas_pendientes.py took 0.102 seconds
[2026-07-09T12:09:41.718-0500] {processor.py:161} INFO - Started process (PID=32751) to work on /opt/airflow/dags/dag_expirar_reservas_pendientes.py
[2026-07-09T12:09:41.719-0500] {processor.py:830} INFO - Processing file /opt/airflow/dags/dag_expirar_reservas_pendientes.py for tasks to queue
[2026-07-09T12:09:41.720-0500] {logging_mixin.py:188} INFO - [2026-07-09T12:09:41.720-0500] {dagbag.py:545} INFO - Filling up the DagBag from /opt/airflow/dags/dag_expirar_reservas_pendientes.py
[2026-07-09T12:09:41.751-0500] {processor.py:840} INFO - DAG(s) 'aerotrack_travel_expirar_reservas' retrieved from /opt/airflow/dags/dag_expirar_reservas_pendientes.py
[2026-07-09T12:09:41.785-0500] {logging_mixin.py:188} INFO - [2026-07-09T12:09:41.785-0500] {dag.py:3089} INFO - Sync 1 DAGs
[2026-07-09T12:09:41.804-0500] {logging_mixin.py:188} INFO - [2026-07-09T12:09:41.803-0500] {dag.py:3947} INFO - Setting next_dagrun for aerotrack_travel_expirar_reservas to 2026-07-09 17:00:00+00:00, run_after=2026-07-09 17:05:00+00:00
[2026-07-09T12:09:41.823-0500] {processor.py:183} INFO - Processing /opt/airflow/dags/dag_expirar_reservas_pendientes.py took 0.110 seconds
[2026-07-09T12:10:11.992-0500] {processor.py:161} INFO - Started process (PID=32783) to work on /opt/airflow/dags/dag_expirar_reservas_pendientes.py
[2026-07-09T12:10:11.993-0500] {processor.py:830} INFO - Processing file /opt/airflow/dags/dag_expirar_reservas_pendientes.py for tasks to queue
[2026-07-09T12:10:11.994-0500] {logging_mixin.py:188} INFO - [2026-07-09T12:10:11.994-0500] {dagbag.py:545} INFO - Filling up the DagBag from /opt/airflow/dags/dag_expirar_reservas_pendientes.py
[2026-07-09T12:10:12.034-0500] {processor.py:840} INFO - DAG(s) 'aerotrack_travel_expirar_reservas' retrieved from /opt/airflow/dags/dag_expirar_reservas_pendientes.py
[2026-07-09T12:10:12.067-0500] {logging_mixin.py:188} INFO - [2026-07-09T12:10:12.066-0500] {dag.py:3089} INFO - Sync 1 DAGs
[2026-07-09T12:10:12.085-0500] {logging_mixin.py:188} INFO - [2026-07-09T12:10:12.085-0500] {dag.py:3947} INFO - Setting next_dagrun for aerotrack_travel_expirar_reservas to 2026-07-09 17:05:00+00:00, run_after=2026-07-09 17:10:00+00:00
[2026-07-09T12:10:12.103-0500] {processor.py:183} INFO - Processing /opt/airflow/dags/dag_expirar_reservas_pendientes.py took 0.117 seconds
[2026-07-09T12:10:42.595-0500] {processor.py:161} INFO - Started process (PID=32815) to work on /opt/airflow/dags/dag_expirar_reservas_pendientes.py
[2026-07-09T12:10:42.596-0500] {processor.py:830} INFO - Processing file /opt/airflow/dags/dag_expirar_reservas_pendientes.py for tasks to queue
[2026-07-09T12:10:42.597-0500] {logging_mixin.py:188} INFO - [2026-07-09T12:10:42.597-0500] {dagbag.py:545} INFO - Filling up the DagBag from /opt/airflow/dags/dag_expirar_reservas_pendientes.py
[2026-07-09T12:10:42.628-0500] {processor.py:840} INFO - DAG(s) 'aerotrack_travel_expirar_reservas' retrieved from /opt/airflow/dags/dag_expirar_reservas_pendientes.py
[2026-07-09T12:10:42.662-0500] {logging_mixin.py:188} INFO - [2026-07-09T12:10:42.662-0500] {dag.py:3089} INFO - Sync 1 DAGs
[2026-07-09T12:10:42.682-0500] {logging_mixin.py:188} INFO - [2026-07-09T12:10:42.682-0500] {dag.py:3947} INFO - Setting next_dagrun for aerotrack_travel_expirar_reservas to 2026-07-09 17:05:00+00:00, run_after=2026-07-09 17:10:00+00:00
[2026-07-09T12:10:42.713-0500] {processor.py:183} INFO - Processing /opt/airflow/dags/dag_expirar_reservas_pendientes.py took 0.123 seconds
[2026-07-09T12:11:13.033-0500] {processor.py:161} INFO - Started process (PID=32847) to work on /opt/airflow/dags/dag_expirar_reservas_pendientes.py
[2026-07-09T12:11:13.034-0500] {processor.py:830} INFO - Processing file /opt/airflow/dags/dag_expirar_reservas_pendientes.py for tasks to queue
[2026-07-09T12:11:13.035-0500] {logging_mixin.py:188} INFO - [2026-07-09T12:11:13.035-0500] {dagbag.py:545} INFO - Filling up the DagBag from /opt/airflow/dags/dag_expirar_reservas_pendientes.py
[2026-07-09T12:11:13.067-0500] {processor.py:840} INFO - DAG(s) 'aerotrack_travel_expirar_reservas' retrieved from /opt/airflow/dags/dag_expirar_reservas_pendientes.py
[2026-07-09T12:11:13.098-0500] {logging_mixin.py:188} INFO - [2026-07-09T12:11:13.098-0500] {dag.py:3089} INFO - Sync 1 DAGs
[2026-07-09T12:11:13.116-0500] {logging_mixin.py:188} INFO - [2026-07-09T12:11:13.116-0500] {dag.py:3947} INFO - Setting next_dagrun for aerotrack_travel_expirar_reservas to 2026-07-09 17:05:00+00:00, run_after=2026-07-09 17:10:00+00:00
[2026-07-09T12:11:13.135-0500] {processor.py:183} INFO - Processing /opt/airflow/dags/dag_expirar_reservas_pendientes.py took 0.108 seconds
[2026-07-09T12:11:43.393-0500] {processor.py:161} INFO - Started process (PID=32879) to work on /opt/airflow/dags/dag_expirar_reservas_pendientes.py
[2026-07-09T12:11:43.394-0500] {processor.py:830} INFO - Processing file /opt/airflow/dags/dag_expirar_reservas_pendientes.py for tasks to queue
[2026-07-09T12:11:43.395-0500] {logging_mixin.py:188} INFO - [2026-07-09T12:11:43.395-0500] {dagbag.py:545} INFO - Filling up the DagBag from /opt/airflow/dags/dag_expirar_reservas_pendientes.py
[2026-07-09T12:11:43.429-0500] {processor.py:840} INFO - DAG(s) 'aerotrack_travel_expirar_reservas' retrieved from /opt/airflow/dags/dag_expirar_reservas_pendientes.py
[2026-07-09T12:11:43.461-0500] {logging_mixin.py:188} INFO - [2026-07-09T12:11:43.461-0500] {dag.py:3089} INFO - Sync 1 DAGs
[2026-07-09T12:11:43.479-0500] {logging_mixin.py:188} INFO - [2026-07-09T12:11:43.478-0500] {dag.py:3947} INFO - Setting next_dagrun for aerotrack_travel_expirar_reservas to 2026-07-09 17:05:00+00:00, run_after=2026-07-09 17:10:00+00:00
[2026-07-09T12:11:43.497-0500] {processor.py:183} INFO - Processing /opt/airflow/dags/dag_expirar_reservas_pendientes.py took 0.109 seconds
[2026-07-09T12:12:13.551-0500] {processor.py:161} INFO - Started process (PID=32911) to work on /opt/airflow/dags/dag_expirar_reservas_pendientes.py
[2026-07-09T12:12:13.553-0500] {processor.py:830} INFO - Processing file /opt/airflow/dags/dag_expirar_reservas_pendientes.py for tasks to queue
[2026-07-09T12:12:13.553-0500] {logging_mixin.py:188} INFO - [2026-07-09T12:12:13.553-0500] {dagbag.py:545} INFO - Filling up the DagBag from /opt/airflow/dags/dag_expirar_reservas_pendientes.py
[2026-07-09T12:12:13.585-0500] {processor.py:840} INFO - DAG(s) 'aerotrack_travel_expirar_reservas' retrieved from /opt/airflow/dags/dag_expirar_reservas_pendientes.py
[2026-07-09T12:12:13.618-0500] {logging_mixin.py:188} INFO - [2026-07-09T12:12:13.617-0500] {dag.py:3089} INFO - Sync 1 DAGs
[2026-07-09T12:12:13.635-0500] {logging_mixin.py:188} INFO - [2026-07-09T12:12:13.635-0500] {dag.py:3947} INFO - Setting next_dagrun for aerotrack_travel_expirar_reservas to 2026-07-09 17:05:00+00:00, run_after=2026-07-09 17:10:00+00:00
[2026-07-09T12:12:13.651-0500] {processor.py:183} INFO - Processing /opt/airflow/dags/dag_expirar_reservas_pendientes.py took 0.105 seconds
[2026-07-09T12:12:44.163-0500] {processor.py:161} INFO - Started process (PID=32943) to work on /opt/airflow/dags/dag_expirar_reservas_pendientes.py
[2026-07-09T12:12:44.163-0500] {processor.py:830} INFO - Processing file /opt/airflow/dags/dag_expirar_reservas_pendientes.py for tasks to queue
[2026-07-09T12:12:44.165-0500] {logging_mixin.py:188} INFO - [2026-07-09T12:12:44.164-0500] {dagbag.py:545} INFO - Filling up the DagBag from /opt/airflow/dags/dag_expirar_reservas_pendientes.py
[2026-07-09T12:12:44.196-0500] {processor.py:840} INFO - DAG(s) 'aerotrack_travel_expirar_reservas' retrieved from /opt/airflow/dags/dag_expirar_reservas_pendientes.py
[2026-07-09T12:12:44.231-0500] {logging_mixin.py:188} INFO - [2026-07-09T12:12:44.230-0500] {dag.py:3089} INFO - Sync 1 DAGs
[2026-07-09T12:12:44.250-0500] {logging_mixin.py:188} INFO - [2026-07-09T12:12:44.250-0500] {dag.py:3947} INFO - Setting next_dagrun for aerotrack_travel_expirar_reservas to 2026-07-09 17:05:00+00:00, run_after=2026-07-09 17:10:00+00:00
[2026-07-09T12:12:44.273-0500] {processor.py:183} INFO - Processing /opt/airflow/dags/dag_expirar_reservas_pendientes.py took 0.115 seconds
[2026-07-09T12:13:15.225-0500] {processor.py:161} INFO - Started process (PID=32975) to work on /opt/airflow/dags/dag_expirar_reservas_pendientes.py
[2026-07-09T12:13:15.226-0500] {processor.py:830} INFO - Processing file /opt/airflow/dags/dag_expirar_reservas_pendientes.py for tasks to queue
[2026-07-09T12:13:15.226-0500] {logging_mixin.py:188} INFO - [2026-07-09T12:13:15.226-0500] {dagbag.py:545} INFO - Filling up the DagBag from /opt/airflow/dags/dag_expirar_reservas_pendientes.py
[2026-07-09T12:13:15.254-0500] {processor.py:840} INFO - DAG(s) 'aerotrack_travel_expirar_reservas' retrieved from /opt/airflow/dags/dag_expirar_reservas_pendientes.py
[2026-07-09T12:13:15.287-0500] {logging_mixin.py:188} INFO - [2026-07-09T12:13:15.287-0500] {dag.py:3089} INFO - Sync 1 DAGs
[2026-07-09T12:13:15.307-0500] {logging_mixin.py:188} INFO - [2026-07-09T12:13:15.307-0500] {dag.py:3947} INFO - Setting next_dagrun for aerotrack_travel_expirar_reservas to 2026-07-09 17:05:00+00:00, run_after=2026-07-09 17:10:00+00:00
[2026-07-09T12:13:15.325-0500] {processor.py:183} INFO - Processing /opt/airflow/dags/dag_expirar_reservas_pendientes.py took 0.105 seconds
[2026-07-09T12:13:45.388-0500] {processor.py:161} INFO - Started process (PID=33007) to work on /opt/airflow/dags/dag_expirar_reservas_pendientes.py
[2026-07-09T12:13:45.389-0500] {processor.py:830} INFO - Processing file /opt/airflow/dags/dag_expirar_reservas_pendientes.py for tasks to queue
[2026-07-09T12:13:45.390-0500] {logging_mixin.py:188} INFO - [2026-07-09T12:13:45.390-0500] {dagbag.py:545} INFO - Filling up the DagBag from /opt/airflow/dags/dag_expirar_reservas_pendientes.py
[2026-07-09T12:13:45.425-0500] {processor.py:840} INFO - DAG(s) 'aerotrack_travel_expirar_reservas' retrieved from /opt/airflow/dags/dag_expirar_reservas_pendientes.py
[2026-07-09T12:13:45.457-0500] {logging_mixin.py:188} INFO - [2026-07-09T12:13:45.457-0500] {dag.py:3089} INFO - Sync 1 DAGs
[2026-07-09T12:13:45.478-0500] {logging_mixin.py:188} INFO - [2026-07-09T12:13:45.478-0500] {dag.py:3947} INFO - Setting next_dagrun for aerotrack_travel_expirar_reservas to 2026-07-09 17:05:00+00:00, run_after=2026-07-09 17:10:00+00:00
[2026-07-09T12:13:45.500-0500] {processor.py:183} INFO - Processing /opt/airflow/dags/dag_expirar_reservas_pendientes.py took 0.118 seconds
[2026-07-09T12:14:15.556-0500] {processor.py:161} INFO - Started process (PID=33039) to work on /opt/airflow/dags/dag_expirar_reservas_pendientes.py
[2026-07-09T12:14:15.557-0500] {processor.py:830} INFO - Processing file /opt/airflow/dags/dag_expirar_reservas_pendientes.py for tasks to queue
[2026-07-09T12:14:15.558-0500] {logging_mixin.py:188} INFO - [2026-07-09T12:14:15.558-0500] {dagbag.py:545} INFO - Filling up the DagBag from /opt/airflow/dags/dag_expirar_reservas_pendientes.py
[2026-07-09T12:14:15.591-0500] {processor.py:840} INFO - DAG(s) 'aerotrack_travel_expirar_reservas' retrieved from /opt/airflow/dags/dag_expirar_reservas_pendientes.py
[2026-07-09T12:14:15.630-0500] {logging_mixin.py:188} INFO - [2026-07-09T12:14:15.629-0500] {dag.py:3089} INFO - Sync 1 DAGs
[2026-07-09T12:14:15.651-0500] {logging_mixin.py:188} INFO - [2026-07-09T12:14:15.651-0500] {dag.py:3947} INFO - Setting next_dagrun for aerotrack_travel_expirar_reservas to 2026-07-09 17:05:00+00:00, run_after=2026-07-09 17:10:00+00:00
[2026-07-09T12:14:15.671-0500] {processor.py:183} INFO - Processing /opt/airflow/dags/dag_expirar_reservas_pendientes.py took 0.120 seconds
[2026-07-09T12:14:45.740-0500] {processor.py:161} INFO - Started process (PID=33071) to work on /opt/airflow/dags/dag_expirar_reservas_pendientes.py
[2026-07-09T12:14:45.741-0500] {processor.py:830} INFO - Processing file /opt/airflow/dags/dag_expirar_reservas_pendientes.py for tasks to queue
[2026-07-09T12:14:45.742-0500] {logging_mixin.py:188} INFO - [2026-07-09T12:14:45.742-0500] {dagbag.py:545} INFO - Filling up the DagBag from /opt/airflow/dags/dag_expirar_reservas_pendientes.py
[2026-07-09T12:14:45.776-0500] {processor.py:840} INFO - DAG(s) 'aerotrack_travel_expirar_reservas' retrieved from /opt/airflow/dags/dag_expirar_reservas_pendientes.py
[2026-07-09T12:14:45.809-0500] {logging_mixin.py:188} INFO - [2026-07-09T12:14:45.808-0500] {dag.py:3089} INFO - Sync 1 DAGs
[2026-07-09T12:14:45.828-0500] {logging_mixin.py:188} INFO - [2026-07-09T12:14:45.828-0500] {dag.py:3947} INFO - Setting next_dagrun for aerotrack_travel_expirar_reservas to 2026-07-09 17:05:00+00:00, run_after=2026-07-09 17:10:00+00:00
[2026-07-09T12:14:45.843-0500] {processor.py:183} INFO - Processing /opt/airflow/dags/dag_expirar_reservas_pendientes.py took 0.108 seconds
[2026-07-09T12:15:15.923-0500] {processor.py:161} INFO - Started process (PID=33103) to work on /opt/airflow/dags/dag_expirar_reservas_pendientes.py
[2026-07-09T12:15:15.924-0500] {processor.py:830} INFO - Processing file /opt/airflow/dags/dag_expirar_reservas_pendientes.py for tasks to queue
[2026-07-09T12:15:15.925-0500] {logging_mixin.py:188} INFO - [2026-07-09T12:15:15.925-0500] {dagbag.py:545} INFO - Filling up the DagBag from /opt/airflow/dags/dag_expirar_reservas_pendientes.py
[2026-07-09T12:15:15.959-0500] {processor.py:840} INFO - DAG(s) 'aerotrack_travel_expirar_reservas' retrieved from /opt/airflow/dags/dag_expirar_reservas_pendientes.py
[2026-07-09T12:15:15.990-0500] {logging_mixin.py:188} INFO - [2026-07-09T12:15:15.990-0500] {dag.py:3089} INFO - Sync 1 DAGs
[2026-07-09T12:15:16.008-0500] {logging_mixin.py:188} INFO - [2026-07-09T12:15:16.007-0500] {dag.py:3947} INFO - Setting next_dagrun for aerotrack_travel_expirar_reservas to 2026-07-09 17:10:00+00:00, run_after=2026-07-09 17:15:00+00:00
[2026-07-09T12:15:16.025-0500] {processor.py:183} INFO - Processing /opt/airflow/dags/dag_expirar_reservas_pendientes.py took 0.108 seconds
[2026-07-09T12:15:46.088-0500] {processor.py:161} INFO - Started process (PID=33135) to work on /opt/airflow/dags/dag_expirar_reservas_pendientes.py
[2026-07-09T12:15:46.089-0500] {processor.py:830} INFO - Processing file /opt/airflow/dags/dag_expirar_reservas_pendientes.py for tasks to queue
[2026-07-09T12:15:46.090-0500] {logging_mixin.py:188} INFO - [2026-07-09T12:15:46.090-0500] {dagbag.py:545} INFO - Filling up the DagBag from /opt/airflow/dags/dag_expirar_reservas_pendientes.py
[2026-07-09T12:15:46.121-0500] {processor.py:840} INFO - DAG(s) 'aerotrack_travel_expirar_reservas' retrieved from /opt/airflow/dags/dag_expirar_reservas_pendientes.py
[2026-07-09T12:15:46.152-0500] {logging_mixin.py:188} INFO - [2026-07-09T12:15:46.152-0500] {dag.py:3089} INFO - Sync 1 DAGs
[2026-07-09T12:15:46.171-0500] {logging_mixin.py:188} INFO - [2026-07-09T12:15:46.171-0500] {dag.py:3947} INFO - Setting next_dagrun for aerotrack_travel_expirar_reservas to 2026-07-09 17:10:00+00:00, run_after=2026-07-09 17:15:00+00:00
[2026-07-09T12:15:46.188-0500] {processor.py:183} INFO - Processing /opt/airflow/dags/dag_expirar_reservas_pendientes.py took 0.107 seconds
[2026-07-09T12:16:16.311-0500] {processor.py:161} INFO - Started process (PID=33167) to work on /opt/airflow/dags/dag_expirar_reservas_pendientes.py
[2026-07-09T12:16:16.313-0500] {processor.py:830} INFO - Processing file /opt/airflow/dags/dag_expirar_reservas_pendientes.py for tasks to queue
[2026-07-09T12:16:16.314-0500] {logging_mixin.py:188} INFO - [2026-07-09T12:16:16.314-0500] {dagbag.py:545} INFO - Filling up the DagBag from /opt/airflow/dags/dag_expirar_reservas_pendientes.py
[2026-07-09T12:16:16.348-0500] {processor.py:840} INFO - DAG(s) 'aerotrack_travel_expirar_reservas' retrieved from /opt/airflow/dags/dag_expirar_reservas_pendientes.py
[2026-07-09T12:16:16.385-0500] {logging_mixin.py:188} INFO - [2026-07-09T12:16:16.384-0500] {dag.py:3089} INFO - Sync 1 DAGs
[2026-07-09T12:16:16.407-0500] {logging_mixin.py:188} INFO - [2026-07-09T12:16:16.407-0500] {dag.py:3947} INFO - Setting next_dagrun for aerotrack_travel_expirar_reservas to 2026-07-09 17:10:00+00:00, run_after=2026-07-09 17:15:00+00:00
[2026-07-09T12:16:16.424-0500] {processor.py:183} INFO - Processing /opt/airflow/dags/dag_expirar_reservas_pendientes.py took 0.118 seconds
[2026-07-09T12:16:46.488-0500] {processor.py:161} INFO - Started process (PID=33199) to work on /opt/airflow/dags/dag_expirar_reservas_pendientes.py
[2026-07-09T12:16:46.489-0500] {processor.py:830} INFO - Processing file /opt/airflow/dags/dag_expirar_reservas_pendientes.py for tasks to queue
[2026-07-09T12:16:46.490-0500] {logging_mixin.py:188} INFO - [2026-07-09T12:16:46.490-0500] {dagbag.py:545} INFO - Filling up the DagBag from /opt/airflow/dags/dag_expirar_reservas_pendientes.py
[2026-07-09T12:16:46.528-0500] {processor.py:840} INFO - DAG(s) 'aerotrack_travel_expirar_reservas' retrieved from /opt/airflow/dags/dag_expirar_reservas_pendientes.py
[2026-07-09T12:16:46.564-0500] {logging_mixin.py:188} INFO - [2026-07-09T12:16:46.563-0500] {dag.py:3089} INFO - Sync 1 DAGs
[2026-07-09T12:16:46.587-0500] {logging_mixin.py:188} INFO - [2026-07-09T12:16:46.586-0500] {dag.py:3947} INFO - Setting next_dagrun for aerotrack_travel_expirar_reservas to 2026-07-09 17:10:00+00:00, run_after=2026-07-09 17:15:00+00:00
[2026-07-09T12:16:46.608-0500] {processor.py:183} INFO - Processing /opt/airflow/dags/dag_expirar_reservas_pendientes.py took 0.125 seconds
[2026-07-09T12:17:16.725-0500] {processor.py:161} INFO - Started process (PID=33231) to work on /opt/airflow/dags/dag_expirar_reservas_pendientes.py
[2026-07-09T12:17:16.726-0500] {processor.py:830} INFO - Processing file /opt/airflow/dags/dag_expirar_reservas_pendientes.py for tasks to queue
[2026-07-09T12:17:16.727-0500] {logging_mixin.py:188} INFO - [2026-07-09T12:17:16.727-0500] {dagbag.py:545} INFO - Filling up the DagBag from /opt/airflow/dags/dag_expirar_reservas_pendientes.py
[2026-07-09T12:17:16.768-0500] {processor.py:840} INFO - DAG(s) 'aerotrack_travel_expirar_reservas' retrieved from /opt/airflow/dags/dag_expirar_reservas_pendientes.py
[2026-07-09T12:17:16.805-0500] {logging_mixin.py:188} INFO - [2026-07-09T12:17:16.804-0500] {dag.py:3089} INFO - Sync 1 DAGs
[2026-07-09T12:17:16.827-0500] {logging_mixin.py:188} INFO - [2026-07-09T12:17:16.827-0500] {dag.py:3947} INFO - Setting next_dagrun for aerotrack_travel_expirar_reservas to 2026-07-09 17:10:00+00:00, run_after=2026-07-09 17:15:00+00:00
[2026-07-09T12:17:16.847-0500] {processor.py:183} INFO - Processing /opt/airflow/dags/dag_expirar_reservas_pendientes.py took 0.129 seconds
[2026-07-09T12:17:46.994-0500] {processor.py:161} INFO - Started process (PID=33263) to work on /opt/airflow/dags/dag_expirar_reservas_pendientes.py
[2026-07-09T12:17:46.996-0500] {processor.py:830} INFO - Processing file /opt/airflow/dags/dag_expirar_reservas_pendientes.py for tasks to queue
[2026-07-09T12:17:46.997-0500] {logging_mixin.py:188} INFO - [2026-07-09T12:17:46.996-0500] {dagbag.py:545} INFO - Filling up the DagBag from /opt/airflow/dags/dag_expirar_reservas_pendientes.py
[2026-07-09T12:17:47.037-0500] {processor.py:840} INFO - DAG(s) 'aerotrack_travel_expirar_reservas' retrieved from /opt/airflow/dags/dag_expirar_reservas_pendientes.py
[2026-07-09T12:17:47.071-0500] {logging_mixin.py:188} INFO - [2026-07-09T12:17:47.071-0500] {dag.py:3089} INFO - Sync 1 DAGs
[2026-07-09T12:17:47.088-0500] {logging_mixin.py:188} INFO - [2026-07-09T12:17:47.088-0500] {dag.py:3947} INFO - Setting next_dagrun for aerotrack_travel_expirar_reservas to 2026-07-09 17:10:00+00:00, run_after=2026-07-09 17:15:00+00:00
[2026-07-09T12:17:47.105-0500] {processor.py:183} INFO - Processing /opt/airflow/dags/dag_expirar_reservas_pendientes.py took 0.116 seconds
[2026-07-09T12:18:17.313-0500] {processor.py:161} INFO - Started process (PID=33295) to work on /opt/airflow/dags/dag_expirar_reservas_pendientes.py
[2026-07-09T12:18:17.315-0500] {processor.py:830} INFO - Processing file /opt/airflow/dags/dag_expirar_reservas_pendientes.py for tasks to queue
[2026-07-09T12:18:17.316-0500] {logging_mixin.py:188} INFO - [2026-07-09T12:18:17.316-0500] {dagbag.py:545} INFO - Filling up the DagBag from /opt/airflow/dags/dag_expirar_reservas_pendientes.py
[2026-07-09T12:18:17.357-0500] {processor.py:840} INFO - DAG(s) 'aerotrack_travel_expirar_reservas' retrieved from /opt/airflow/dags/dag_expirar_reservas_pendientes.py
[2026-07-09T12:18:17.393-0500] {logging_mixin.py:188} INFO - [2026-07-09T12:18:17.392-0500] {dag.py:3089} INFO - Sync 1 DAGs
[2026-07-09T12:18:17.412-0500] {logging_mixin.py:188} INFO - [2026-07-09T12:18:17.412-0500] {dag.py:3947} INFO - Setting next_dagrun for aerotrack_travel_expirar_reservas to 2026-07-09 17:10:00+00:00, run_after=2026-07-09 17:15:00+00:00
[2026-07-09T12:18:17.429-0500] {processor.py:183} INFO - Processing /opt/airflow/dags/dag_expirar_reservas_pendientes.py took 0.122 seconds
[2026-07-09T12:18:47.807-0500] {processor.py:161} INFO - Started process (PID=33315) to work on /opt/airflow/dags/dag_expirar_reservas_pendientes.py
[2026-07-09T12:18:47.808-0500] {processor.py:830} INFO - Processing file /opt/airflow/dags/dag_expirar_reservas_pendientes.py for tasks to queue
[2026-07-09T12:18:47.808-0500] {logging_mixin.py:188} INFO - [2026-07-09T12:18:47.808-0500] {dagbag.py:545} INFO - Filling up the DagBag from /opt/airflow/dags/dag_expirar_reservas_pendientes.py
[2026-07-09T12:18:47.841-0500] {processor.py:840} INFO - DAG(s) 'aerotrack_travel_expirar_reservas' retrieved from /opt/airflow/dags/dag_expirar_reservas_pendientes.py
[2026-07-09T12:18:47.873-0500] {logging_mixin.py:188} INFO - [2026-07-09T12:18:47.873-0500] {dag.py:3089} INFO - Sync 1 DAGs
[2026-07-09T12:18:47.893-0500] {logging_mixin.py:188} INFO - [2026-07-09T12:18:47.893-0500] {dag.py:3947} INFO - Setting next_dagrun for aerotrack_travel_expirar_reservas to 2026-07-09 17:10:00+00:00, run_after=2026-07-09 17:15:00+00:00
[2026-07-09T12:18:47.910-0500] {processor.py:183} INFO - Processing /opt/airflow/dags/dag_expirar_reservas_pendientes.py took 0.108 seconds
[2026-07-09T12:19:18.281-0500] {processor.py:161} INFO - Started process (PID=33347) to work on /opt/airflow/dags/dag_expirar_reservas_pendientes.py
[2026-07-09T12:19:18.282-0500] {processor.py:830} INFO - Processing file /opt/airflow/dags/dag_expirar_reservas_pendientes.py for tasks to queue
[2026-07-09T12:19:18.283-0500] {logging_mixin.py:188} INFO - [2026-07-09T12:19:18.283-0500] {dagbag.py:545} INFO - Filling up the DagBag from /opt/airflow/dags/dag_expirar_reservas_pendientes.py
[2026-07-09T12:19:18.318-0500] {processor.py:840} INFO - DAG(s) 'aerotrack_travel_expirar_reservas' retrieved from /opt/airflow/dags/dag_expirar_reservas_pendientes.py
[2026-07-09T12:19:18.352-0500] {logging_mixin.py:188} INFO - [2026-07-09T12:19:18.352-0500] {dag.py:3089} INFO - Sync 1 DAGs
[2026-07-09T12:19:18.371-0500] {logging_mixin.py:188} INFO - [2026-07-09T12:19:18.371-0500] {dag.py:3947} INFO - Setting next_dagrun for aerotrack_travel_expirar_reservas to 2026-07-09 17:10:00+00:00, run_after=2026-07-09 17:15:00+00:00
[2026-07-09T12:19:18.390-0500] {processor.py:183} INFO - Processing /opt/airflow/dags/dag_expirar_reservas_pendientes.py took 0.114 seconds
[2026-07-09T12:19:48.504-0500] {processor.py:161} INFO - Started process (PID=33379) to work on /opt/airflow/dags/dag_expirar_reservas_pendientes.py
[2026-07-09T12:19:48.504-0500] {processor.py:830} INFO - Processing file /opt/airflow/dags/dag_expirar_reservas_pendientes.py for tasks to queue
[2026-07-09T12:19:48.505-0500] {logging_mixin.py:188} INFO - [2026-07-09T12:19:48.505-0500] {dagbag.py:545} INFO - Filling up the DagBag from /opt/airflow/dags/dag_expirar_reservas_pendientes.py
[2026-07-09T12:19:48.529-0500] {processor.py:840} INFO - DAG(s) 'aerotrack_travel_expirar_reservas' retrieved from /opt/airflow/dags/dag_expirar_reservas_pendientes.py
[2026-07-09T12:19:48.560-0500] {logging_mixin.py:188} INFO - [2026-07-09T12:19:48.560-0500] {dag.py:3089} INFO - Sync 1 DAGs
[2026-07-09T12:19:48.578-0500] {logging_mixin.py:188} INFO - [2026-07-09T12:19:48.577-0500] {dag.py:3947} INFO - Setting next_dagrun for aerotrack_travel_expirar_reservas to 2026-07-09 17:10:00+00:00, run_after=2026-07-09 17:15:00+00:00
[2026-07-09T12:19:48.595-0500] {processor.py:183} INFO - Processing /opt/airflow/dags/dag_expirar_reservas_pendientes.py took 0.096 seconds
[2026-07-09T12:20:18.679-0500] {processor.py:161} INFO - Started process (PID=33411) to work on /opt/airflow/dags/dag_expirar_reservas_pendientes.py
[2026-07-09T12:20:18.680-0500] {processor.py:830} INFO - Processing file /opt/airflow/dags/dag_expirar_reservas_pendientes.py for tasks to queue
[2026-07-09T12:20:18.681-0500] {logging_mixin.py:188} INFO - [2026-07-09T12:20:18.681-0500] {dagbag.py:545} INFO - Filling up the DagBag from /opt/airflow/dags/dag_expirar_reservas_pendientes.py
[2026-07-09T12:20:18.718-0500] {processor.py:840} INFO - DAG(s) 'aerotrack_travel_expirar_reservas' retrieved from /opt/airflow/dags/dag_expirar_reservas_pendientes.py
[2026-07-09T12:20:18.756-0500] {logging_mixin.py:188} INFO - [2026-07-09T12:20:18.756-0500] {dag.py:3089} INFO - Sync 1 DAGs
[2026-07-09T12:20:18.776-0500] {logging_mixin.py:188} INFO - [2026-07-09T12:20:18.776-0500] {dag.py:3947} INFO - Setting next_dagrun for aerotrack_travel_expirar_reservas to 2026-07-09 17:15:00+00:00, run_after=2026-07-09 17:20:00+00:00
[2026-07-09T12:20:18.794-0500] {processor.py:183} INFO - Processing /opt/airflow/dags/dag_expirar_reservas_pendientes.py took 0.119 seconds
[2026-07-09T12:20:49.186-0500] {processor.py:161} INFO - Started process (PID=33443) to work on /opt/airflow/dags/dag_expirar_reservas_pendientes.py
[2026-07-09T12:20:49.187-0500] {processor.py:830} INFO - Processing file /opt/airflow/dags/dag_expirar_reservas_pendientes.py for tasks to queue
[2026-07-09T12:20:49.189-0500] {logging_mixin.py:188} INFO - [2026-07-09T12:20:49.189-0500] {dagbag.py:545} INFO - Filling up the DagBag from /opt/airflow/dags/dag_expirar_reservas_pendientes.py
[2026-07-09T12:20:49.230-0500] {processor.py:840} INFO - DAG(s) 'aerotrack_travel_expirar_reservas' retrieved from /opt/airflow/dags/dag_expirar_reservas_pendientes.py
[2026-07-09T12:20:49.271-0500] {logging_mixin.py:188} INFO - [2026-07-09T12:20:49.270-0500] {dag.py:3089} INFO - Sync 1 DAGs
[2026-07-09T12:20:49.290-0500] {logging_mixin.py:188} INFO - [2026-07-09T12:20:49.289-0500] {dag.py:3947} INFO - Setting next_dagrun for aerotrack_travel_expirar_reservas to 2026-07-09 17:15:00+00:00, run_after=2026-07-09 17:20:00+00:00
[2026-07-09T12:20:49.308-0500] {processor.py:183} INFO - Processing /opt/airflow/dags/dag_expirar_reservas_pendientes.py took 0.128 seconds
[2026-07-09T12:21:19.385-0500] {processor.py:161} INFO - Started process (PID=33475) to work on /opt/airflow/dags/dag_expirar_reservas_pendientes.py
[2026-07-09T12:21:19.386-0500] {processor.py:830} INFO - Processing file /opt/airflow/dags/dag_expirar_reservas_pendientes.py for tasks to queue
[2026-07-09T12:21:19.387-0500] {logging_mixin.py:188} INFO - [2026-07-09T12:21:19.386-0500] {dagbag.py:545} INFO - Filling up the DagBag from /opt/airflow/dags/dag_expirar_reservas_pendientes.py
[2026-07-09T12:21:19.425-0500] {processor.py:840} INFO - DAG(s) 'aerotrack_travel_expirar_reservas' retrieved from /opt/airflow/dags/dag_expirar_reservas_pendientes.py
[2026-07-09T12:21:19.461-0500] {logging_mixin.py:188} INFO - [2026-07-09T12:21:19.461-0500] {dag.py:3089} INFO - Sync 1 DAGs
[2026-07-09T12:21:19.480-0500] {logging_mixin.py:188} INFO - [2026-07-09T12:21:19.480-0500] {dag.py:3947} INFO - Setting next_dagrun for aerotrack_travel_expirar_reservas to 2026-07-09 17:15:00+00:00, run_after=2026-07-09 17:20:00+00:00
[2026-07-09T12:21:19.497-0500] {processor.py:183} INFO - Processing /opt/airflow/dags/dag_expirar_reservas_pendientes.py took 0.117 seconds
[2026-07-09T12:21:49.569-0500] {processor.py:161} INFO - Started process (PID=33507) to work on /opt/airflow/dags/dag_expirar_reservas_pendientes.py
[2026-07-09T12:21:49.570-0500] {processor.py:830} INFO - Processing file /opt/airflow/dags/dag_expirar_reservas_pendientes.py for tasks to queue
[2026-07-09T12:21:49.570-0500] {logging_mixin.py:188} INFO - [2026-07-09T12:21:49.570-0500] {dagbag.py:545} INFO - Filling up the DagBag from /opt/airflow/dags/dag_expirar_reservas_pendientes.py
[2026-07-09T12:21:49.594-0500] {processor.py:840} INFO - DAG(s) 'aerotrack_travel_expirar_reservas' retrieved from /opt/airflow/dags/dag_expirar_reservas_pendientes.py
[2026-07-09T12:21:49.629-0500] {logging_mixin.py:188} INFO - [2026-07-09T12:21:49.629-0500] {dag.py:3089} INFO - Sync 1 DAGs
[2026-07-09T12:21:49.648-0500] {logging_mixin.py:188} INFO - [2026-07-09T12:21:49.648-0500] {dag.py:3947} INFO - Setting next_dagrun for aerotrack_travel_expirar_reservas to 2026-07-09 17:15:00+00:00, run_after=2026-07-09 17:20:00+00:00
[2026-07-09T12:21:49.669-0500] {processor.py:183} INFO - Processing /opt/airflow/dags/dag_expirar_reservas_pendientes.py took 0.105 seconds
[2026-07-09T12:22:20.601-0500] {processor.py:161} INFO - Started process (PID=33539) to work on /opt/airflow/dags/dag_expirar_reservas_pendientes.py
[2026-07-09T12:22:20.603-0500] {processor.py:830} INFO - Processing file /opt/airflow/dags/dag_expirar_reservas_pendientes.py for tasks to queue
[2026-07-09T12:22:20.604-0500] {logging_mixin.py:188} INFO - [2026-07-09T12:22:20.603-0500] {dagbag.py:545} INFO - Filling up the DagBag from /opt/airflow/dags/dag_expirar_reservas_pendientes.py
[2026-07-09T12:22:20.635-0500] {processor.py:840} INFO - DAG(s) 'aerotrack_travel_expirar_reservas' retrieved from /opt/airflow/dags/dag_expirar_reservas_pendientes.py
[2026-07-09T12:22:20.664-0500] {logging_mixin.py:188} INFO - [2026-07-09T12:22:20.664-0500] {dag.py:3089} INFO - Sync 1 DAGs
[2026-07-09T12:22:20.685-0500] {logging_mixin.py:188} INFO - [2026-07-09T12:22:20.684-0500] {dag.py:3947} INFO - Setting next_dagrun for aerotrack_travel_expirar_reservas to 2026-07-09 17:15:00+00:00, run_after=2026-07-09 17:20:00+00:00
[2026-07-09T12:22:20.707-0500] {processor.py:183} INFO - Processing /opt/airflow/dags/dag_expirar_reservas_pendientes.py took 0.111 seconds
[2026-07-09T12:22:50.788-0500] {processor.py:161} INFO - Started process (PID=33571) to work on /opt/airflow/dags/dag_expirar_reservas_pendientes.py
[2026-07-09T12:22:50.789-0500] {processor.py:830} INFO - Processing file /opt/airflow/dags/dag_expirar_reservas_pendientes.py for tasks to queue
[2026-07-09T12:22:50.790-0500] {logging_mixin.py:188} INFO - [2026-07-09T12:22:50.790-0500] {dagbag.py:545} INFO - Filling up the DagBag from /opt/airflow/dags/dag_expirar_reservas_pendientes.py
[2026-07-09T12:22:50.821-0500] {processor.py:840} INFO - DAG(s) 'aerotrack_travel_expirar_reservas' retrieved from /opt/airflow/dags/dag_expirar_reservas_pendientes.py
[2026-07-09T12:22:50.851-0500] {logging_mixin.py:188} INFO - [2026-07-09T12:22:50.851-0500] {dag.py:3089} INFO - Sync 1 DAGs
[2026-07-09T12:22:50.872-0500] {logging_mixin.py:188} INFO - [2026-07-09T12:22:50.871-0500] {dag.py:3947} INFO - Setting next_dagrun for aerotrack_travel_expirar_reservas to 2026-07-09 17:15:00+00:00, run_after=2026-07-09 17:20:00+00:00
[2026-07-09T12:22:50.890-0500] {processor.py:183} INFO - Processing /opt/airflow/dags/dag_expirar_reservas_pendientes.py took 0.107 seconds
[2026-07-09T12:23:20.931-0500] {processor.py:161} INFO - Started process (PID=33603) to work on /opt/airflow/dags/dag_expirar_reservas_pendientes.py
[2026-07-09T12:23:20.932-0500] {processor.py:830} INFO - Processing file /opt/airflow/dags/dag_expirar_reservas_pendientes.py for tasks to queue
[2026-07-09T12:23:20.933-0500] {logging_mixin.py:188} INFO - [2026-07-09T12:23:20.933-0500] {dagbag.py:545} INFO - Filling up the DagBag from /opt/airflow/dags/dag_expirar_reservas_pendientes.py
[2026-07-09T12:23:20.957-0500] {processor.py:840} INFO - DAG(s) 'aerotrack_travel_expirar_reservas' retrieved from /opt/airflow/dags/dag_expirar_reservas_pendientes.py
[2026-07-09T12:23:20.985-0500] {logging_mixin.py:188} INFO - [2026-07-09T12:23:20.985-0500] {dag.py:3089} INFO - Sync 1 DAGs
[2026-07-09T12:23:21.004-0500] {logging_mixin.py:188} INFO - [2026-07-09T12:23:21.004-0500] {dag.py:3947} INFO - Setting next_dagrun for aerotrack_travel_expirar_reservas to 2026-07-09 17:15:00+00:00, run_after=2026-07-09 17:20:00+00:00
[2026-07-09T12:23:21.019-0500] {processor.py:183} INFO - Processing /opt/airflow/dags/dag_expirar_reservas_pendientes.py took 0.092 seconds
[2026-07-09T12:23:51.995-0500] {processor.py:161} INFO - Started process (PID=33635) to work on /opt/airflow/dags/dag_expirar_reservas_pendientes.py
[2026-07-09T12:23:51.996-0500] {processor.py:830} INFO - Processing file /opt/airflow/dags/dag_expirar_reservas_pendientes.py for tasks to queue
[2026-07-09T12:23:51.997-0500] {logging_mixin.py:188} INFO - [2026-07-09T12:23:51.997-0500] {dagbag.py:545} INFO - Filling up the DagBag from /opt/airflow/dags/dag_expirar_reservas_pendientes.py
[2026-07-09T12:23:52.033-0500] {processor.py:840} INFO - DAG(s) 'aerotrack_travel_expirar_reservas' retrieved from /opt/airflow/dags/dag_expirar_reservas_pendientes.py
[2026-07-09T12:23:52.067-0500] {logging_mixin.py:188} INFO - [2026-07-09T12:23:52.066-0500] {dag.py:3089} INFO - Sync 1 DAGs
[2026-07-09T12:23:52.088-0500] {logging_mixin.py:188} INFO - [2026-07-09T12:23:52.087-0500] {dag.py:3947} INFO - Setting next_dagrun for aerotrack_travel_expirar_reservas to 2026-07-09 17:15:00+00:00, run_after=2026-07-09 17:20:00+00:00
[2026-07-09T12:23:52.111-0500] {processor.py:183} INFO - Processing /opt/airflow/dags/dag_expirar_reservas_pendientes.py took 0.121 seconds
[2026-07-09T12:24:22.157-0500] {processor.py:161} INFO - Started process (PID=33667) to work on /opt/airflow/dags/dag_expirar_reservas_pendientes.py
[2026-07-09T12:24:22.158-0500] {processor.py:830} INFO - Processing file /opt/airflow/dags/dag_expirar_reservas_pendientes.py for tasks to queue
[2026-07-09T12:24:22.159-0500] {logging_mixin.py:188} INFO - [2026-07-09T12:24:22.159-0500] {dagbag.py:545} INFO - Filling up the DagBag from /opt/airflow/dags/dag_expirar_reservas_pendientes.py
[2026-07-09T12:24:22.185-0500] {processor.py:840} INFO - DAG(s) 'aerotrack_travel_expirar_reservas' retrieved from /opt/airflow/dags/dag_expirar_reservas_pendientes.py
[2026-07-09T12:24:22.215-0500] {logging_mixin.py:188} INFO - [2026-07-09T12:24:22.215-0500] {dag.py:3089} INFO - Sync 1 DAGs
[2026-07-09T12:24:22.233-0500] {logging_mixin.py:188} INFO - [2026-07-09T12:24:22.233-0500] {dag.py:3947} INFO - Setting next_dagrun for aerotrack_travel_expirar_reservas to 2026-07-09 17:15:00+00:00, run_after=2026-07-09 17:20:00+00:00
[2026-07-09T12:24:22.253-0500] {processor.py:183} INFO - Processing /opt/airflow/dags/dag_expirar_reservas_pendientes.py took 0.100 seconds
[2026-07-09T12:24:52.320-0500] {processor.py:161} INFO - Started process (PID=33699) to work on /opt/airflow/dags/dag_expirar_reservas_pendientes.py
[2026-07-09T12:24:52.321-0500] {processor.py:830} INFO - Processing file /opt/airflow/dags/dag_expirar_reservas_pendientes.py for tasks to queue
[2026-07-09T12:24:52.322-0500] {logging_mixin.py:188} INFO - [2026-07-09T12:24:52.322-0500] {dagbag.py:545} INFO - Filling up the DagBag from /opt/airflow/dags/dag_expirar_reservas_pendientes.py
[2026-07-09T12:24:52.357-0500] {processor.py:840} INFO - DAG(s) 'aerotrack_travel_expirar_reservas' retrieved from /opt/airflow/dags/dag_expirar_reservas_pendientes.py
[2026-07-09T12:24:52.391-0500] {logging_mixin.py:188} INFO - [2026-07-09T12:24:52.391-0500] {dag.py:3089} INFO - Sync 1 DAGs
[2026-07-09T12:24:52.410-0500] {logging_mixin.py:188} INFO - [2026-07-09T12:24:52.410-0500] {dag.py:3947} INFO - Setting next_dagrun for aerotrack_travel_expirar_reservas to 2026-07-09 17:15:00+00:00, run_after=2026-07-09 17:20:00+00:00
[2026-07-09T12:24:52.430-0500] {processor.py:183} INFO - Processing /opt/airflow/dags/dag_expirar_reservas_pendientes.py took 0.116 seconds
[2026-07-09T12:25:22.796-0500] {processor.py:161} INFO - Started process (PID=33731) to work on /opt/airflow/dags/dag_expirar_reservas_pendientes.py
[2026-07-09T12:25:22.797-0500] {processor.py:830} INFO - Processing file /opt/airflow/dags/dag_expirar_reservas_pendientes.py for tasks to queue
[2026-07-09T12:25:22.798-0500] {logging_mixin.py:188} INFO - [2026-07-09T12:25:22.797-0500] {dagbag.py:545} INFO - Filling up the DagBag from /opt/airflow/dags/dag_expirar_reservas_pendientes.py
[2026-07-09T12:25:22.827-0500] {processor.py:840} INFO - DAG(s) 'aerotrack_travel_expirar_reservas' retrieved from /opt/airflow/dags/dag_expirar_reservas_pendientes.py
[2026-07-09T12:25:22.859-0500] {logging_mixin.py:188} INFO - [2026-07-09T12:25:22.858-0500] {dag.py:3089} INFO - Sync 1 DAGs
[2026-07-09T12:25:22.878-0500] {logging_mixin.py:188} INFO - [2026-07-09T12:25:22.877-0500] {dag.py:3947} INFO - Setting next_dagrun for aerotrack_travel_expirar_reservas to 2026-07-09 17:20:00+00:00, run_after=2026-07-09 17:25:00+00:00
[2026-07-09T12:25:22.896-0500] {processor.py:183} INFO - Processing /opt/airflow/dags/dag_expirar_reservas_pendientes.py took 0.105 seconds
[2026-07-09T12:25:53.697-0500] {processor.py:161} INFO - Started process (PID=33763) to work on /opt/airflow/dags/dag_expirar_reservas_pendientes.py
[2026-07-09T12:25:53.698-0500] {processor.py:830} INFO - Processing file /opt/airflow/dags/dag_expirar_reservas_pendientes.py for tasks to queue
[2026-07-09T12:25:53.699-0500] {logging_mixin.py:188} INFO - [2026-07-09T12:25:53.698-0500] {dagbag.py:545} INFO - Filling up the DagBag from /opt/airflow/dags/dag_expirar_reservas_pendientes.py
[2026-07-09T12:25:53.731-0500] {processor.py:840} INFO - DAG(s) 'aerotrack_travel_expirar_reservas' retrieved from /opt/airflow/dags/dag_expirar_reservas_pendientes.py
[2026-07-09T12:25:53.766-0500] {logging_mixin.py:188} INFO - [2026-07-09T12:25:53.765-0500] {dag.py:3089} INFO - Sync 1 DAGs
[2026-07-09T12:25:53.785-0500] {logging_mixin.py:188} INFO - [2026-07-09T12:25:53.785-0500] {dag.py:3947} INFO - Setting next_dagrun for aerotrack_travel_expirar_reservas to 2026-07-09 17:20:00+00:00, run_after=2026-07-09 17:25:00+00:00
[2026-07-09T12:25:53.804-0500] {processor.py:183} INFO - Processing /opt/airflow/dags/dag_expirar_reservas_pendientes.py took 0.112 seconds
[2026-07-09T12:26:23.936-0500] {processor.py:161} INFO - Started process (PID=33795) to work on /opt/airflow/dags/dag_expirar_reservas_pendientes.py
[2026-07-09T12:26:23.937-0500] {processor.py:830} INFO - Processing file /opt/airflow/dags/dag_expirar_reservas_pendientes.py for tasks to queue
[2026-07-09T12:26:23.938-0500] {logging_mixin.py:188} INFO - [2026-07-09T12:26:23.938-0500] {dagbag.py:545} INFO - Filling up the DagBag from /opt/airflow/dags/dag_expirar_reservas_pendientes.py
[2026-07-09T12:26:23.965-0500] {processor.py:840} INFO - DAG(s) 'aerotrack_travel_expirar_reservas' retrieved from /opt/airflow/dags/dag_expirar_reservas_pendientes.py
[2026-07-09T12:26:23.996-0500] {logging_mixin.py:188} INFO - [2026-07-09T12:26:23.996-0500] {dag.py:3089} INFO - Sync 1 DAGs
[2026-07-09T12:26:24.014-0500] {logging_mixin.py:188} INFO - [2026-07-09T12:26:24.014-0500] {dag.py:3947} INFO - Setting next_dagrun for aerotrack_travel_expirar_reservas to 2026-07-09 17:20:00+00:00, run_after=2026-07-09 17:25:00+00:00
[2026-07-09T12:26:24.029-0500] {processor.py:183} INFO - Processing /opt/airflow/dags/dag_expirar_reservas_pendientes.py took 0.098 seconds
[2026-07-09T12:26:54.496-0500] {processor.py:161} INFO - Started process (PID=33827) to work on /opt/airflow/dags/dag_expirar_reservas_pendientes.py
[2026-07-09T12:26:54.497-0500] {processor.py:830} INFO - Processing file /opt/airflow/dags/dag_expirar_reservas_pendientes.py for tasks to queue
[2026-07-09T12:26:54.497-0500] {logging_mixin.py:188} INFO - [2026-07-09T12:26:54.497-0500] {dagbag.py:545} INFO - Filling up the DagBag from /opt/airflow/dags/dag_expirar_reservas_pendientes.py
[2026-07-09T12:26:54.521-0500] {processor.py:840} INFO - DAG(s) 'aerotrack_travel_expirar_reservas' retrieved from /opt/airflow/dags/dag_expirar_reservas_pendientes.py
[2026-07-09T12:26:54.552-0500] {logging_mixin.py:188} INFO - [2026-07-09T12:26:54.552-0500] {dag.py:3089} INFO - Sync 1 DAGs
[2026-07-09T12:26:54.570-0500] {logging_mixin.py:188} INFO - [2026-07-09T12:26:54.570-0500] {dag.py:3947} INFO - Setting next_dagrun for aerotrack_travel_expirar_reservas to 2026-07-09 17:20:00+00:00, run_after=2026-07-09 17:25:00+00:00
[2026-07-09T12:26:54.588-0500] {processor.py:183} INFO - Processing /opt/airflow/dags/dag_expirar_reservas_pendientes.py took 0.096 seconds
[2026-07-09T12:27:24.886-0500] {processor.py:161} INFO - Started process (PID=33859) to work on /opt/airflow/dags/dag_expirar_reservas_pendientes.py
[2026-07-09T12:27:24.887-0500] {processor.py:830} INFO - Processing file /opt/airflow/dags/dag_expirar_reservas_pendientes.py for tasks to queue
[2026-07-09T12:27:24.888-0500] {logging_mixin.py:188} INFO - [2026-07-09T12:27:24.888-0500] {dagbag.py:545} INFO - Filling up the DagBag from /opt/airflow/dags/dag_expirar_reservas_pendientes.py
[2026-07-09T12:27:24.923-0500] {processor.py:840} INFO - DAG(s) 'aerotrack_travel_expirar_reservas' retrieved from /opt/airflow/dags/dag_expirar_reservas_pendientes.py
[2026-07-09T12:27:24.951-0500] {logging_mixin.py:188} INFO - [2026-07-09T12:27:24.951-0500] {dag.py:3089} INFO - Sync 1 DAGs
[2026-07-09T12:27:24.967-0500] {logging_mixin.py:188} INFO - [2026-07-09T12:27:24.967-0500] {dag.py:3947} INFO - Setting next_dagrun for aerotrack_travel_expirar_reservas to 2026-07-09 17:20:00+00:00, run_after=2026-07-09 17:25:00+00:00
[2026-07-09T12:27:24.985-0500] {processor.py:183} INFO - Processing /opt/airflow/dags/dag_expirar_reservas_pendientes.py took 0.104 seconds
[2026-07-09T12:27:55.064-0500] {processor.py:161} INFO - Started process (PID=33891) to work on /opt/airflow/dags/dag_expirar_reservas_pendientes.py
[2026-07-09T12:27:55.065-0500] {processor.py:830} INFO - Processing file /opt/airflow/dags/dag_expirar_reservas_pendientes.py for tasks to queue
[2026-07-09T12:27:55.066-0500] {logging_mixin.py:188} INFO - [2026-07-09T12:27:55.066-0500] {dagbag.py:545} INFO - Filling up the DagBag from /opt/airflow/dags/dag_expirar_reservas_pendientes.py
[2026-07-09T12:27:55.092-0500] {processor.py:840} INFO - DAG(s) 'aerotrack_travel_expirar_reservas' retrieved from /opt/airflow/dags/dag_expirar_reservas_pendientes.py
[2026-07-09T12:27:55.135-0500] {logging_mixin.py:188} INFO - [2026-07-09T12:27:55.135-0500] {dag.py:3089} INFO - Sync 1 DAGs
[2026-07-09T12:27:55.164-0500] {logging_mixin.py:188} INFO - [2026-07-09T12:27:55.164-0500] {dag.py:3947} INFO - Setting next_dagrun for aerotrack_travel_expirar_reservas to 2026-07-09 17:20:00+00:00, run_after=2026-07-09 17:25:00+00:00
[2026-07-09T12:27:55.189-0500] {processor.py:183} INFO - Processing /opt/airflow/dags/dag_expirar_reservas_pendientes.py took 0.129 seconds
[2026-07-09T12:28:25.349-0500] {processor.py:161} INFO - Started process (PID=33923) to work on /opt/airflow/dags/dag_expirar_reservas_pendientes.py
[2026-07-09T12:28:25.350-0500] {processor.py:830} INFO - Processing file /opt/airflow/dags/dag_expirar_reservas_pendientes.py for tasks to queue
[2026-07-09T12:28:25.352-0500] {logging_mixin.py:188} INFO - [2026-07-09T12:28:25.351-0500] {dagbag.py:545} INFO - Filling up the DagBag from /opt/airflow/dags/dag_expirar_reservas_pendientes.py
[2026-07-09T12:28:25.389-0500] {processor.py:840} INFO - DAG(s) 'aerotrack_travel_expirar_reservas' retrieved from /opt/airflow/dags/dag_expirar_reservas_pendientes.py
[2026-07-09T12:28:25.421-0500] {logging_mixin.py:188} INFO - [2026-07-09T12:28:25.421-0500] {dag.py:3089} INFO - Sync 1 DAGs
[2026-07-09T12:28:25.440-0500] {logging_mixin.py:188} INFO - [2026-07-09T12:28:25.440-0500] {dag.py:3947} INFO - Setting next_dagrun for aerotrack_travel_expirar_reservas to 2026-07-09 17:20:00+00:00, run_after=2026-07-09 17:25:00+00:00
[2026-07-09T12:28:25.455-0500] {processor.py:183} INFO - Processing /opt/airflow/dags/dag_expirar_reservas_pendientes.py took 0.113 seconds
[2026-07-09T12:28:55.872-0500] {processor.py:161} INFO - Started process (PID=33955) to work on /opt/airflow/dags/dag_expirar_reservas_pendientes.py
[2026-07-09T12:28:55.873-0500] {processor.py:830} INFO - Processing file /opt/airflow/dags/dag_expirar_reservas_pendientes.py for tasks to queue
[2026-07-09T12:28:55.874-0500] {logging_mixin.py:188} INFO - [2026-07-09T12:28:55.874-0500] {dagbag.py:545} INFO - Filling up the DagBag from /opt/airflow/dags/dag_expirar_reservas_pendientes.py
[2026-07-09T12:28:55.901-0500] {processor.py:840} INFO - DAG(s) 'aerotrack_travel_expirar_reservas' retrieved from /opt/airflow/dags/dag_expirar_reservas_pendientes.py
[2026-07-09T12:28:55.928-0500] {logging_mixin.py:188} INFO - [2026-07-09T12:28:55.928-0500] {dag.py:3089} INFO - Sync 1 DAGs
[2026-07-09T12:28:55.946-0500] {logging_mixin.py:188} INFO - [2026-07-09T12:28:55.946-0500] {dag.py:3947} INFO - Setting next_dagrun for aerotrack_travel_expirar_reservas to 2026-07-09 17:20:00+00:00, run_after=2026-07-09 17:25:00+00:00
[2026-07-09T12:28:55.962-0500] {processor.py:183} INFO - Processing /opt/airflow/dags/dag_expirar_reservas_pendientes.py took 0.095 seconds
[2026-07-09T12:29:26.989-0500] {processor.py:161} INFO - Started process (PID=33987) to work on /opt/airflow/dags/dag_expirar_reservas_pendientes.py
[2026-07-09T12:29:26.990-0500] {processor.py:830} INFO - Processing file /opt/airflow/dags/dag_expirar_reservas_pendientes.py for tasks to queue
[2026-07-09T12:29:26.991-0500] {logging_mixin.py:188} INFO - [2026-07-09T12:29:26.991-0500] {dagbag.py:545} INFO - Filling up the DagBag from /opt/airflow/dags/dag_expirar_reservas_pendientes.py
[2026-07-09T12:29:27.020-0500] {processor.py:840} INFO - DAG(s) 'aerotrack_travel_expirar_reservas' retrieved from /opt/airflow/dags/dag_expirar_reservas_pendientes.py
[2026-07-09T12:29:27.049-0500] {logging_mixin.py:188} INFO - [2026-07-09T12:29:27.049-0500] {dag.py:3089} INFO - Sync 1 DAGs
[2026-07-09T12:29:27.066-0500] {logging_mixin.py:188} INFO - [2026-07-09T12:29:27.066-0500] {dag.py:3947} INFO - Setting next_dagrun for aerotrack_travel_expirar_reservas to 2026-07-09 17:20:00+00:00, run_after=2026-07-09 17:25:00+00:00
[2026-07-09T12:29:27.085-0500] {processor.py:183} INFO - Processing /opt/airflow/dags/dag_expirar_reservas_pendientes.py took 0.101 seconds
[2026-07-09T12:29:57.835-0500] {processor.py:161} INFO - Started process (PID=34019) to work on /opt/airflow/dags/dag_expirar_reservas_pendientes.py
[2026-07-09T12:29:57.835-0500] {processor.py:830} INFO - Processing file /opt/airflow/dags/dag_expirar_reservas_pendientes.py for tasks to queue
[2026-07-09T12:29:57.836-0500] {logging_mixin.py:188} INFO - [2026-07-09T12:29:57.836-0500] {dagbag.py:545} INFO - Filling up the DagBag from /opt/airflow/dags/dag_expirar_reservas_pendientes.py
[2026-07-09T12:29:57.869-0500] {processor.py:840} INFO - DAG(s) 'aerotrack_travel_expirar_reservas' retrieved from /opt/airflow/dags/dag_expirar_reservas_pendientes.py
[2026-07-09T12:29:57.905-0500] {logging_mixin.py:188} INFO - [2026-07-09T12:29:57.905-0500] {dag.py:3089} INFO - Sync 1 DAGs
[2026-07-09T12:29:57.924-0500] {logging_mixin.py:188} INFO - [2026-07-09T12:29:57.924-0500] {dag.py:3947} INFO - Setting next_dagrun for aerotrack_travel_expirar_reservas to 2026-07-09 17:20:00+00:00, run_after=2026-07-09 17:25:00+00:00
[2026-07-09T12:29:57.944-0500] {processor.py:183} INFO - Processing /opt/airflow/dags/dag_expirar_reservas_pendientes.py took 0.114 seconds
[2026-07-09T12:30:28.214-0500] {processor.py:161} INFO - Started process (PID=34051) to work on /opt/airflow/dags/dag_expirar_reservas_pendientes.py
[2026-07-09T12:30:28.215-0500] {processor.py:830} INFO - Processing file /opt/airflow/dags/dag_expirar_reservas_pendientes.py for tasks to queue
[2026-07-09T12:30:28.216-0500] {logging_mixin.py:188} INFO - [2026-07-09T12:30:28.216-0500] {dagbag.py:545} INFO - Filling up the DagBag from /opt/airflow/dags/dag_expirar_reservas_pendientes.py
[2026-07-09T12:30:28.240-0500] {processor.py:840} INFO - DAG(s) 'aerotrack_travel_expirar_reservas' retrieved from /opt/airflow/dags/dag_expirar_reservas_pendientes.py
[2026-07-09T12:30:28.268-0500] {logging_mixin.py:188} INFO - [2026-07-09T12:30:28.268-0500] {dag.py:3089} INFO - Sync 1 DAGs
[2026-07-09T12:30:28.286-0500] {logging_mixin.py:188} INFO - [2026-07-09T12:30:28.286-0500] {dag.py:3947} INFO - Setting next_dagrun for aerotrack_travel_expirar_reservas to 2026-07-09 17:25:00+00:00, run_after=2026-07-09 17:30:00+00:00
[2026-07-09T12:30:28.305-0500] {processor.py:183} INFO - Processing /opt/airflow/dags/dag_expirar_reservas_pendientes.py took 0.096 seconds
[2026-07-09T12:30:58.628-0500] {processor.py:161} INFO - Started process (PID=34083) to work on /opt/airflow/dags/dag_expirar_reservas_pendientes.py
[2026-07-09T12:30:58.630-0500] {processor.py:830} INFO - Processing file /opt/airflow/dags/dag_expirar_reservas_pendientes.py for tasks to queue
[2026-07-09T12:30:58.630-0500] {logging_mixin.py:188} INFO - [2026-07-09T12:30:58.630-0500] {dagbag.py:545} INFO - Filling up the DagBag from /opt/airflow/dags/dag_expirar_reservas_pendientes.py
[2026-07-09T12:30:58.659-0500] {processor.py:840} INFO - DAG(s) 'aerotrack_travel_expirar_reservas' retrieved from /opt/airflow/dags/dag_expirar_reservas_pendientes.py
[2026-07-09T12:30:58.689-0500] {logging_mixin.py:188} INFO - [2026-07-09T12:30:58.689-0500] {dag.py:3089} INFO - Sync 1 DAGs
[2026-07-09T12:30:58.710-0500] {logging_mixin.py:188} INFO - [2026-07-09T12:30:58.709-0500] {dag.py:3947} INFO - Setting next_dagrun for aerotrack_travel_expirar_reservas to 2026-07-09 17:25:00+00:00, run_after=2026-07-09 17:30:00+00:00
[2026-07-09T12:30:58.732-0500] {processor.py:183} INFO - Processing /opt/airflow/dags/dag_expirar_reservas_pendientes.py took 0.109 seconds
[2026-07-09T12:31:29.039-0500] {processor.py:161} INFO - Started process (PID=34115) to work on /opt/airflow/dags/dag_expirar_reservas_pendientes.py
[2026-07-09T12:31:29.040-0500] {processor.py:830} INFO - Processing file /opt/airflow/dags/dag_expirar_reservas_pendientes.py for tasks to queue
[2026-07-09T12:31:29.041-0500] {logging_mixin.py:188} INFO - [2026-07-09T12:31:29.040-0500] {dagbag.py:545} INFO - Filling up the DagBag from /opt/airflow/dags/dag_expirar_reservas_pendientes.py
[2026-07-09T12:31:29.063-0500] {processor.py:840} INFO - DAG(s) 'aerotrack_travel_expirar_reservas' retrieved from /opt/airflow/dags/dag_expirar_reservas_pendientes.py
[2026-07-09T12:31:29.090-0500] {logging_mixin.py:188} INFO - [2026-07-09T12:31:29.090-0500] {dag.py:3089} INFO - Sync 1 DAGs
[2026-07-09T12:31:29.106-0500] {logging_mixin.py:188} INFO - [2026-07-09T12:31:29.106-0500] {dag.py:3947} INFO - Setting next_dagrun for aerotrack_travel_expirar_reservas to 2026-07-09 17:25:00+00:00, run_after=2026-07-09 17:30:00+00:00
[2026-07-09T12:31:29.120-0500] {processor.py:183} INFO - Processing /opt/airflow/dags/dag_expirar_reservas_pendientes.py took 0.086 seconds
[2026-07-09T12:31:59.549-0500] {processor.py:161} INFO - Started process (PID=34147) to work on /opt/airflow/dags/dag_expirar_reservas_pendientes.py
[2026-07-09T12:31:59.550-0500] {processor.py:830} INFO - Processing file /opt/airflow/dags/dag_expirar_reservas_pendientes.py for tasks to queue
[2026-07-09T12:31:59.551-0500] {logging_mixin.py:188} INFO - [2026-07-09T12:31:59.551-0500] {dagbag.py:545} INFO - Filling up the DagBag from /opt/airflow/dags/dag_expirar_reservas_pendientes.py
[2026-07-09T12:31:59.575-0500] {processor.py:840} INFO - DAG(s) 'aerotrack_travel_expirar_reservas' retrieved from /opt/airflow/dags/dag_expirar_reservas_pendientes.py
[2026-07-09T12:31:59.609-0500] {logging_mixin.py:188} INFO - [2026-07-09T12:31:59.608-0500] {dag.py:3089} INFO - Sync 1 DAGs
[2026-07-09T12:31:59.627-0500] {logging_mixin.py:188} INFO - [2026-07-09T12:31:59.627-0500] {dag.py:3947} INFO - Setting next_dagrun for aerotrack_travel_expirar_reservas to 2026-07-09 17:25:00+00:00, run_after=2026-07-09 17:30:00+00:00
[2026-07-09T12:31:59.645-0500] {processor.py:183} INFO - Processing /opt/airflow/dags/dag_expirar_reservas_pendientes.py took 0.101 seconds
[2026-07-09T12:32:29.935-0500] {processor.py:161} INFO - Started process (PID=34179) to work on /opt/airflow/dags/dag_expirar_reservas_pendientes.py
[2026-07-09T12:32:29.936-0500] {processor.py:830} INFO - Processing file /opt/airflow/dags/dag_expirar_reservas_pendientes.py for tasks to queue
[2026-07-09T12:32:29.937-0500] {logging_mixin.py:188} INFO - [2026-07-09T12:32:29.937-0500] {dagbag.py:545} INFO - Filling up the DagBag from /opt/airflow/dags/dag_expirar_reservas_pendientes.py
[2026-07-09T12:32:29.971-0500] {processor.py:840} INFO - DAG(s) 'aerotrack_travel_expirar_reservas' retrieved from /opt/airflow/dags/dag_expirar_reservas_pendientes.py
[2026-07-09T12:32:30.004-0500] {logging_mixin.py:188} INFO - [2026-07-09T12:32:30.004-0500] {dag.py:3089} INFO - Sync 1 DAGs
[2026-07-09T12:32:30.023-0500] {logging_mixin.py:188} INFO - [2026-07-09T12:32:30.023-0500] {dag.py:3947} INFO - Setting next_dagrun for aerotrack_travel_expirar_reservas to 2026-07-09 17:25:00+00:00, run_after=2026-07-09 17:30:00+00:00
[2026-07-09T12:32:30.040-0500] {processor.py:183} INFO - Processing /opt/airflow/dags/dag_expirar_reservas_pendientes.py took 0.109 seconds
[2026-07-09T12:33:00.106-0500] {processor.py:161} INFO - Started process (PID=34211) to work on /opt/airflow/dags/dag_expirar_reservas_pendientes.py
[2026-07-09T12:33:00.107-0500] {processor.py:830} INFO - Processing file /opt/airflow/dags/dag_expirar_reservas_pendientes.py for tasks to queue
[2026-07-09T12:33:00.108-0500] {logging_mixin.py:188} INFO - [2026-07-09T12:33:00.108-0500] {dagbag.py:545} INFO - Filling up the DagBag from /opt/airflow/dags/dag_expirar_reservas_pendientes.py
[2026-07-09T12:33:00.138-0500] {processor.py:840} INFO - DAG(s) 'aerotrack_travel_expirar_reservas' retrieved from /opt/airflow/dags/dag_expirar_reservas_pendientes.py
[2026-07-09T12:33:00.172-0500] {logging_mixin.py:188} INFO - [2026-07-09T12:33:00.172-0500] {dag.py:3089} INFO - Sync 1 DAGs
[2026-07-09T12:33:00.190-0500] {logging_mixin.py:188} INFO - [2026-07-09T12:33:00.190-0500] {dag.py:3947} INFO - Setting next_dagrun for aerotrack_travel_expirar_reservas to 2026-07-09 17:25:00+00:00, run_after=2026-07-09 17:30:00+00:00
[2026-07-09T12:33:00.207-0500] {processor.py:183} INFO - Processing /opt/airflow/dags/dag_expirar_reservas_pendientes.py took 0.106 seconds
[2026-07-09T12:33:30.323-0500] {processor.py:161} INFO - Started process (PID=34243) to work on /opt/airflow/dags/dag_expirar_reservas_pendientes.py
[2026-07-09T12:33:30.324-0500] {processor.py:830} INFO - Processing file /opt/airflow/dags/dag_expirar_reservas_pendientes.py for tasks to queue
[2026-07-09T12:33:30.325-0500] {logging_mixin.py:188} INFO - [2026-07-09T12:33:30.325-0500] {dagbag.py:545} INFO - Filling up the DagBag from /opt/airflow/dags/dag_expirar_reservas_pendientes.py
[2026-07-09T12:33:30.361-0500] {processor.py:840} INFO - DAG(s) 'aerotrack_travel_expirar_reservas' retrieved from /opt/airflow/dags/dag_expirar_reservas_pendientes.py
[2026-07-09T12:33:30.389-0500] {logging_mixin.py:188} INFO - [2026-07-09T12:33:30.389-0500] {dag.py:3089} INFO - Sync 1 DAGs
[2026-07-09T12:33:30.406-0500] {logging_mixin.py:188} INFO - [2026-07-09T12:33:30.406-0500] {dag.py:3947} INFO - Setting next_dagrun for aerotrack_travel_expirar_reservas to 2026-07-09 17:25:00+00:00, run_after=2026-07-09 17:30:00+00:00
[2026-07-09T12:33:30.423-0500] {processor.py:183} INFO - Processing /opt/airflow/dags/dag_expirar_reservas_pendientes.py took 0.106 seconds
[2026-07-09T12:34:01.459-0500] {processor.py:161} INFO - Started process (PID=34275) to work on /opt/airflow/dags/dag_expirar_reservas_pendientes.py
[2026-07-09T12:34:01.460-0500] {processor.py:830} INFO - Processing file /opt/airflow/dags/dag_expirar_reservas_pendientes.py for tasks to queue
[2026-07-09T12:34:01.460-0500] {logging_mixin.py:188} INFO - [2026-07-09T12:34:01.460-0500] {dagbag.py:545} INFO - Filling up the DagBag from /opt/airflow/dags/dag_expirar_reservas_pendientes.py
[2026-07-09T12:34:01.487-0500] {processor.py:840} INFO - DAG(s) 'aerotrack_travel_expirar_reservas' retrieved from /opt/airflow/dags/dag_expirar_reservas_pendientes.py
[2026-07-09T12:34:01.518-0500] {logging_mixin.py:188} INFO - [2026-07-09T12:34:01.518-0500] {dag.py:3089} INFO - Sync 1 DAGs
[2026-07-09T12:34:01.537-0500] {logging_mixin.py:188} INFO - [2026-07-09T12:34:01.537-0500] {dag.py:3947} INFO - Setting next_dagrun for aerotrack_travel_expirar_reservas to 2026-07-09 17:25:00+00:00, run_after=2026-07-09 17:30:00+00:00
[2026-07-09T12:34:01.557-0500] {processor.py:183} INFO - Processing /opt/airflow/dags/dag_expirar_reservas_pendientes.py took 0.103 seconds
[2026-07-09T12:34:31.618-0500] {processor.py:161} INFO - Started process (PID=34307) to work on /opt/airflow/dags/dag_expirar_reservas_pendientes.py
[2026-07-09T12:34:31.619-0500] {processor.py:830} INFO - Processing file /opt/airflow/dags/dag_expirar_reservas_pendientes.py for tasks to queue
[2026-07-09T12:34:31.620-0500] {logging_mixin.py:188} INFO - [2026-07-09T12:34:31.619-0500] {dagbag.py:545} INFO - Filling up the DagBag from /opt/airflow/dags/dag_expirar_reservas_pendientes.py
[2026-07-09T12:34:31.643-0500] {processor.py:840} INFO - DAG(s) 'aerotrack_travel_expirar_reservas' retrieved from /opt/airflow/dags/dag_expirar_reservas_pendientes.py
[2026-07-09T12:34:31.670-0500] {logging_mixin.py:188} INFO - [2026-07-09T12:34:31.670-0500] {dag.py:3089} INFO - Sync 1 DAGs
[2026-07-09T12:34:31.687-0500] {logging_mixin.py:188} INFO - [2026-07-09T12:34:31.687-0500] {dag.py:3947} INFO - Setting next_dagrun for aerotrack_travel_expirar_reservas to 2026-07-09 17:25:00+00:00, run_after=2026-07-09 17:30:00+00:00
[2026-07-09T12:34:31.704-0500] {processor.py:183} INFO - Processing /opt/airflow/dags/dag_expirar_reservas_pendientes.py took 0.091 seconds
[2026-07-09T12:35:02.217-0500] {processor.py:161} INFO - Started process (PID=34339) to work on /opt/airflow/dags/dag_expirar_reservas_pendientes.py
[2026-07-09T12:35:02.218-0500] {processor.py:830} INFO - Processing file /opt/airflow/dags/dag_expirar_reservas_pendientes.py for tasks to queue
[2026-07-09T12:35:02.219-0500] {logging_mixin.py:188} INFO - [2026-07-09T12:35:02.218-0500] {dagbag.py:545} INFO - Filling up the DagBag from /opt/airflow/dags/dag_expirar_reservas_pendientes.py
[2026-07-09T12:35:02.251-0500] {processor.py:840} INFO - DAG(s) 'aerotrack_travel_expirar_reservas' retrieved from /opt/airflow/dags/dag_expirar_reservas_pendientes.py
[2026-07-09T12:35:02.284-0500] {logging_mixin.py:188} INFO - [2026-07-09T12:35:02.284-0500] {dag.py:3089} INFO - Sync 1 DAGs
[2026-07-09T12:35:02.306-0500] {logging_mixin.py:188} INFO - [2026-07-09T12:35:02.305-0500] {dag.py:3947} INFO - Setting next_dagrun for aerotrack_travel_expirar_reservas to 2026-07-09 17:30:00+00:00, run_after=2026-07-09 17:35:00+00:00
[2026-07-09T12:35:02.326-0500] {processor.py:183} INFO - Processing /opt/airflow/dags/dag_expirar_reservas_pendientes.py took 0.114 seconds
[2026-07-09T12:35:32.403-0500] {processor.py:161} INFO - Started process (PID=34371) to work on /opt/airflow/dags/dag_expirar_reservas_pendientes.py
[2026-07-09T12:35:32.404-0500] {processor.py:830} INFO - Processing file /opt/airflow/dags/dag_expirar_reservas_pendientes.py for tasks to queue
[2026-07-09T12:35:32.405-0500] {logging_mixin.py:188} INFO - [2026-07-09T12:35:32.405-0500] {dagbag.py:545} INFO - Filling up the DagBag from /opt/airflow/dags/dag_expirar_reservas_pendientes.py
[2026-07-09T12:35:32.438-0500] {processor.py:840} INFO - DAG(s) 'aerotrack_travel_expirar_reservas' retrieved from /opt/airflow/dags/dag_expirar_reservas_pendientes.py
[2026-07-09T12:35:32.470-0500] {logging_mixin.py:188} INFO - [2026-07-09T12:35:32.470-0500] {dag.py:3089} INFO - Sync 1 DAGs
[2026-07-09T12:35:32.487-0500] {logging_mixin.py:188} INFO - [2026-07-09T12:35:32.487-0500] {dag.py:3947} INFO - Setting next_dagrun for aerotrack_travel_expirar_reservas to 2026-07-09 17:30:00+00:00, run_after=2026-07-09 17:35:00+00:00
[2026-07-09T12:35:32.504-0500] {processor.py:183} INFO - Processing /opt/airflow/dags/dag_expirar_reservas_pendientes.py took 0.105 seconds
[2026-07-09T12:36:02.777-0500] {processor.py:161} INFO - Started process (PID=34403) to work on /opt/airflow/dags/dag_expirar_reservas_pendientes.py
[2026-07-09T12:36:02.778-0500] {processor.py:830} INFO - Processing file /opt/airflow/dags/dag_expirar_reservas_pendientes.py for tasks to queue
[2026-07-09T12:36:02.780-0500] {logging_mixin.py:188} INFO - [2026-07-09T12:36:02.779-0500] {dagbag.py:545} INFO - Filling up the DagBag from /opt/airflow/dags/dag_expirar_reservas_pendientes.py
[2026-07-09T12:36:02.820-0500] {processor.py:840} INFO - DAG(s) 'aerotrack_travel_expirar_reservas' retrieved from /opt/airflow/dags/dag_expirar_reservas_pendientes.py
[2026-07-09T12:36:02.860-0500] {logging_mixin.py:188} INFO - [2026-07-09T12:36:02.859-0500] {dag.py:3089} INFO - Sync 1 DAGs
[2026-07-09T12:36:02.884-0500] {logging_mixin.py:188} INFO - [2026-07-09T12:36:02.884-0500] {dag.py:3947} INFO - Setting next_dagrun for aerotrack_travel_expirar_reservas to 2026-07-09 17:30:00+00:00, run_after=2026-07-09 17:35:00+00:00
[2026-07-09T12:36:02.907-0500] {processor.py:183} INFO - Processing /opt/airflow/dags/dag_expirar_reservas_pendientes.py took 0.136 seconds
[2026-07-09T12:36:33.092-0500] {processor.py:161} INFO - Started process (PID=34435) to work on /opt/airflow/dags/dag_expirar_reservas_pendientes.py
[2026-07-09T12:36:33.093-0500] {processor.py:830} INFO - Processing file /opt/airflow/dags/dag_expirar_reservas_pendientes.py for tasks to queue
[2026-07-09T12:36:33.094-0500] {logging_mixin.py:188} INFO - [2026-07-09T12:36:33.094-0500] {dagbag.py:545} INFO - Filling up the DagBag from /opt/airflow/dags/dag_expirar_reservas_pendientes.py
[2026-07-09T12:36:33.133-0500] {processor.py:840} INFO - DAG(s) 'aerotrack_travel_expirar_reservas' retrieved from /opt/airflow/dags/dag_expirar_reservas_pendientes.py
[2026-07-09T12:36:33.184-0500] {logging_mixin.py:188} INFO - [2026-07-09T12:36:33.184-0500] {dag.py:3089} INFO - Sync 1 DAGs
[2026-07-09T12:36:33.212-0500] {logging_mixin.py:188} INFO - [2026-07-09T12:36:33.212-0500] {dag.py:3947} INFO - Setting next_dagrun for aerotrack_travel_expirar_reservas to 2026-07-09 17:30:00+00:00, run_after=2026-07-09 17:35:00+00:00
[2026-07-09T12:36:33.239-0500] {processor.py:183} INFO - Processing /opt/airflow/dags/dag_expirar_reservas_pendientes.py took 0.155 seconds
[2026-07-09T12:37:03.526-0500] {processor.py:161} INFO - Started process (PID=34467) to work on /opt/airflow/dags/dag_expirar_reservas_pendientes.py
[2026-07-09T12:37:03.527-0500] {processor.py:830} INFO - Processing file /opt/airflow/dags/dag_expirar_reservas_pendientes.py for tasks to queue
[2026-07-09T12:37:03.528-0500] {logging_mixin.py:188} INFO - [2026-07-09T12:37:03.528-0500] {dagbag.py:545} INFO - Filling up the DagBag from /opt/airflow/dags/dag_expirar_reservas_pendientes.py
[2026-07-09T12:37:03.561-0500] {processor.py:840} INFO - DAG(s) 'aerotrack_travel_expirar_reservas' retrieved from /opt/airflow/dags/dag_expirar_reservas_pendientes.py
[2026-07-09T12:37:03.594-0500] {logging_mixin.py:188} INFO - [2026-07-09T12:37:03.594-0500] {dag.py:3089} INFO - Sync 1 DAGs
[2026-07-09T12:37:03.611-0500] {logging_mixin.py:188} INFO - [2026-07-09T12:37:03.611-0500] {dag.py:3947} INFO - Setting next_dagrun for aerotrack_travel_expirar_reservas to 2026-07-09 17:30:00+00:00, run_after=2026-07-09 17:35:00+00:00
[2026-07-09T12:37:03.634-0500] {processor.py:183} INFO - Processing /opt/airflow/dags/dag_expirar_reservas_pendientes.py took 0.114 seconds
[2026-07-09T12:37:34.063-0500] {processor.py:161} INFO - Started process (PID=34487) to work on /opt/airflow/dags/dag_expirar_reservas_pendientes.py
[2026-07-09T12:37:34.064-0500] {processor.py:830} INFO - Processing file /opt/airflow/dags/dag_expirar_reservas_pendientes.py for tasks to queue
[2026-07-09T12:37:34.065-0500] {logging_mixin.py:188} INFO - [2026-07-09T12:37:34.064-0500] {dagbag.py:545} INFO - Filling up the DagBag from /opt/airflow/dags/dag_expirar_reservas_pendientes.py
[2026-07-09T12:37:34.099-0500] {processor.py:840} INFO - DAG(s) 'aerotrack_travel_expirar_reservas' retrieved from /opt/airflow/dags/dag_expirar_reservas_pendientes.py
[2026-07-09T12:37:34.138-0500] {logging_mixin.py:188} INFO - [2026-07-09T12:37:34.138-0500] {dag.py:3089} INFO - Sync 1 DAGs
[2026-07-09T12:37:34.158-0500] {logging_mixin.py:188} INFO - [2026-07-09T12:37:34.157-0500] {dag.py:3947} INFO - Setting next_dagrun for aerotrack_travel_expirar_reservas to 2026-07-09 17:30:00+00:00, run_after=2026-07-09 17:35:00+00:00
[2026-07-09T12:37:34.176-0500] {processor.py:183} INFO - Processing /opt/airflow/dags/dag_expirar_reservas_pendientes.py took 0.118 seconds
[2026-07-09T12:38:04.565-0500] {processor.py:161} INFO - Started process (PID=34519) to work on /opt/airflow/dags/dag_expirar_reservas_pendientes.py
[2026-07-09T12:38:04.566-0500] {processor.py:830} INFO - Processing file /opt/airflow/dags/dag_expirar_reservas_pendientes.py for tasks to queue
[2026-07-09T12:38:04.568-0500] {logging_mixin.py:188} INFO - [2026-07-09T12:38:04.567-0500] {dagbag.py:545} INFO - Filling up the DagBag from /opt/airflow/dags/dag_expirar_reservas_pendientes.py
[2026-07-09T12:38:04.601-0500] {processor.py:840} INFO - DAG(s) 'aerotrack_travel_expirar_reservas' retrieved from /opt/airflow/dags/dag_expirar_reservas_pendientes.py
[2026-07-09T12:38:04.634-0500] {logging_mixin.py:188} INFO - [2026-07-09T12:38:04.633-0500] {dag.py:3089} INFO - Sync 1 DAGs
[2026-07-09T12:38:04.653-0500] {logging_mixin.py:188} INFO - [2026-07-09T12:38:04.653-0500] {dag.py:3947} INFO - Setting next_dagrun for aerotrack_travel_expirar_reservas to 2026-07-09 17:30:00+00:00, run_after=2026-07-09 17:35:00+00:00
[2026-07-09T12:38:04.670-0500] {processor.py:183} INFO - Processing /opt/airflow/dags/dag_expirar_reservas_pendientes.py took 0.110 seconds
[2026-07-09T12:38:34.857-0500] {processor.py:161} INFO - Started process (PID=34551) to work on /opt/airflow/dags/dag_expirar_reservas_pendientes.py
[2026-07-09T12:38:34.858-0500] {processor.py:830} INFO - Processing file /opt/airflow/dags/dag_expirar_reservas_pendientes.py for tasks to queue
[2026-07-09T12:38:34.859-0500] {logging_mixin.py:188} INFO - [2026-07-09T12:38:34.859-0500] {dagbag.py:545} INFO - Filling up the DagBag from /opt/airflow/dags/dag_expirar_reservas_pendientes.py
[2026-07-09T12:38:34.899-0500] {processor.py:840} INFO - DAG(s) 'aerotrack_travel_expirar_reservas' retrieved from /opt/airflow/dags/dag_expirar_reservas_pendientes.py
[2026-07-09T12:38:34.941-0500] {logging_mixin.py:188} INFO - [2026-07-09T12:38:34.941-0500] {dag.py:3089} INFO - Sync 1 DAGs
[2026-07-09T12:38:34.964-0500] {logging_mixin.py:188} INFO - [2026-07-09T12:38:34.963-0500] {dag.py:3947} INFO - Setting next_dagrun for aerotrack_travel_expirar_reservas to 2026-07-09 17:30:00+00:00, run_after=2026-07-09 17:35:00+00:00
[2026-07-09T12:38:35.001-0500] {processor.py:183} INFO - Processing /opt/airflow/dags/dag_expirar_reservas_pendientes.py took 0.149 seconds
[2026-07-09T12:39:05.084-0500] {processor.py:161} INFO - Started process (PID=34583) to work on /opt/airflow/dags/dag_expirar_reservas_pendientes.py
[2026-07-09T12:39:05.086-0500] {processor.py:830} INFO - Processing file /opt/airflow/dags/dag_expirar_reservas_pendientes.py for tasks to queue
[2026-07-09T12:39:05.087-0500] {logging_mixin.py:188} INFO - [2026-07-09T12:39:05.086-0500] {dagbag.py:545} INFO - Filling up the DagBag from /opt/airflow/dags/dag_expirar_reservas_pendientes.py
[2026-07-09T12:39:05.129-0500] {processor.py:840} INFO - DAG(s) 'aerotrack_travel_expirar_reservas' retrieved from /opt/airflow/dags/dag_expirar_reservas_pendientes.py
[2026-07-09T12:39:05.166-0500] {logging_mixin.py:188} INFO - [2026-07-09T12:39:05.166-0500] {dag.py:3089} INFO - Sync 1 DAGs
[2026-07-09T12:39:05.186-0500] {logging_mixin.py:188} INFO - [2026-07-09T12:39:05.186-0500] {dag.py:3947} INFO - Setting next_dagrun for aerotrack_travel_expirar_reservas to 2026-07-09 17:30:00+00:00, run_after=2026-07-09 17:35:00+00:00
[2026-07-09T12:39:05.205-0500] {processor.py:183} INFO - Processing /opt/airflow/dags/dag_expirar_reservas_pendientes.py took 0.127 seconds
[2026-07-09T12:39:35.272-0500] {processor.py:161} INFO - Started process (PID=34615) to work on /opt/airflow/dags/dag_expirar_reservas_pendientes.py
[2026-07-09T12:39:35.273-0500] {processor.py:830} INFO - Processing file /opt/airflow/dags/dag_expirar_reservas_pendientes.py for tasks to queue
[2026-07-09T12:39:35.274-0500] {logging_mixin.py:188} INFO - [2026-07-09T12:39:35.274-0500] {dagbag.py:545} INFO - Filling up the DagBag from /opt/airflow/dags/dag_expirar_reservas_pendientes.py
[2026-07-09T12:39:35.312-0500] {processor.py:840} INFO - DAG(s) 'aerotrack_travel_expirar_reservas' retrieved from /opt/airflow/dags/dag_expirar_reservas_pendientes.py
[2026-07-09T12:39:35.354-0500] {logging_mixin.py:188} INFO - [2026-07-09T12:39:35.353-0500] {dag.py:3089} INFO - Sync 1 DAGs
[2026-07-09T12:39:35.375-0500] {logging_mixin.py:188} INFO - [2026-07-09T12:39:35.375-0500] {dag.py:3947} INFO - Setting next_dagrun for aerotrack_travel_expirar_reservas to 2026-07-09 17:30:00+00:00, run_after=2026-07-09 17:35:00+00:00
[2026-07-09T12:39:35.425-0500] {processor.py:183} INFO - Processing /opt/airflow/dags/dag_expirar_reservas_pendientes.py took 0.159 seconds
[2026-07-09T12:40:05.835-0500] {processor.py:161} INFO - Started process (PID=34647) to work on /opt/airflow/dags/dag_expirar_reservas_pendientes.py
[2026-07-09T12:40:05.836-0500] {processor.py:830} INFO - Processing file /opt/airflow/dags/dag_expirar_reservas_pendientes.py for tasks to queue
[2026-07-09T12:40:05.838-0500] {logging_mixin.py:188} INFO - [2026-07-09T12:40:05.837-0500] {dagbag.py:545} INFO - Filling up the DagBag from /opt/airflow/dags/dag_expirar_reservas_pendientes.py
[2026-07-09T12:40:05.879-0500] {processor.py:840} INFO - DAG(s) 'aerotrack_travel_expirar_reservas' retrieved from /opt/airflow/dags/dag_expirar_reservas_pendientes.py
[2026-07-09T12:40:05.921-0500] {logging_mixin.py:188} INFO - [2026-07-09T12:40:05.921-0500] {dag.py:3089} INFO - Sync 1 DAGs
[2026-07-09T12:40:05.960-0500] {logging_mixin.py:188} INFO - [2026-07-09T12:40:05.959-0500] {dag.py:3947} INFO - Setting next_dagrun for aerotrack_travel_expirar_reservas to 2026-07-09 17:35:00+00:00, run_after=2026-07-09 17:40:00+00:00
[2026-07-09T12:40:05.982-0500] {processor.py:183} INFO - Processing /opt/airflow/dags/dag_expirar_reservas_pendientes.py took 0.157 seconds
[2026-07-09T12:40:36.116-0500] {processor.py:161} INFO - Started process (PID=34679) to work on /opt/airflow/dags/dag_expirar_reservas_pendientes.py
[2026-07-09T12:40:36.117-0500] {processor.py:830} INFO - Processing file /opt/airflow/dags/dag_expirar_reservas_pendientes.py for tasks to queue
[2026-07-09T12:40:36.118-0500] {logging_mixin.py:188} INFO - [2026-07-09T12:40:36.118-0500] {dagbag.py:545} INFO - Filling up the DagBag from /opt/airflow/dags/dag_expirar_reservas_pendientes.py
[2026-07-09T12:40:36.144-0500] {processor.py:840} INFO - DAG(s) 'aerotrack_travel_expirar_reservas' retrieved from /opt/airflow/dags/dag_expirar_reservas_pendientes.py
[2026-07-09T12:40:36.180-0500] {logging_mixin.py:188} INFO - [2026-07-09T12:40:36.180-0500] {dag.py:3089} INFO - Sync 1 DAGs
[2026-07-09T12:40:36.201-0500] {logging_mixin.py:188} INFO - [2026-07-09T12:40:36.201-0500] {dag.py:3947} INFO - Setting next_dagrun for aerotrack_travel_expirar_reservas to 2026-07-09 17:35:00+00:00, run_after=2026-07-09 17:40:00+00:00
[2026-07-09T12:40:36.219-0500] {processor.py:183} INFO - Processing /opt/airflow/dags/dag_expirar_reservas_pendientes.py took 0.108 seconds
